<?xml version="1.0" encoding="UTF-8"?>
<gpx xmlns:xsi="http://www.w3.org/2001/XMLSchema-instance" xsi:schemaLocation="http://www.topografix.com/GPX/1/1 http://www.topografix.com/GPX/1/1/gpx.xsd" creator="StravaGPX" version="1.1" xmlns="http://www.topografix.com/GPX/1/1">
 <trk>
  <name>Pedalada ao entardecer</name>
  <type>cycling</type>
  <trkseg>
   <trkpt lat="-26.2373010" lon="-51.0815210">
    <ele>762.0</ele>
   </trkpt>
   <trkpt lat="-26.2373010" lon="-51.0815210">
    <ele>762.0</ele>
   </trkpt>
   <trkpt lat="-26.2373010" lon="-51.0815210">
    <ele>762.0</ele>
   </trkpt>
   <trkpt lat="-26.2372990" lon="-51.0815030">
    <ele>762.0</ele>
   </trkpt>
   <trkpt lat="-26.2373090" lon="-51.0814970">
    <ele>762.0</ele>
   </trkpt>
   <trkpt lat="-26.2373160" lon="-51.0814930">
    <ele>762.0</ele>
   </trkpt>
   <trkpt lat="-26.2373190" lon="-51.0814970">
    <ele>762.0</ele>
   </trkpt>
   <trkpt lat="-26.2373190" lon="-51.0815030">
    <ele>762.1</ele>
   </trkpt>
   <trkpt lat="-26.2373260" lon="-51.0815050">
    <ele>762.1</ele>
   </trkpt>
   <trkpt lat="-26.2373200" lon="-51.0815100">
    <ele>762.1</ele>
   </trkpt>
   <trkpt lat="-26.2373530" lon="-51.0815680">
    <ele>762.2</ele>
   </trkpt>
   <trkpt lat="-26.2373660" lon="-51.0815970">
    <ele>762.2</ele>
   </trkpt>
   <trkpt lat="-26.2373880" lon="-51.0816520">
    <ele>762.4</ele>
   </trkpt>
   <trkpt lat="-26.2374110" lon="-51.0817070">
    <ele>762.5</ele>
   </trkpt>
   <trkpt lat="-26.2374310" lon="-51.0817580">
    <ele>762.7</ele>
   </trkpt>
   <trkpt lat="-26.2374400" lon="-51.0817940">
    <ele>762.8</ele>
   </trkpt>
   <trkpt lat="-26.2374340" lon="-51.0818230">
    <ele>762.9</ele>
   </trkpt>
   <trkpt lat="-26.2374360" lon="-51.0818380">
    <ele>762.9</ele>
   </trkpt>
   <trkpt lat="-26.2374320" lon="-51.0818690">
    <ele>763.0</ele>
   </trkpt>
   <trkpt lat="-26.2374290" lon="-51.0819120">
    <ele>763.2</ele>
   </trkpt>
   <trkpt lat="-26.2374360" lon="-51.0819680">
    <ele>763.5</ele>
   </trkpt>
   <trkpt lat="-26.2374470" lon="-51.0820240">
    <ele>763.7</ele>
   </trkpt>
   <trkpt lat="-26.2374610" lon="-51.0820850">
    <ele>764.1</ele>
   </trkpt>
   <trkpt lat="-26.2374740" lon="-51.0821460">
    <ele>764.5</ele>
   </trkpt>
   <trkpt lat="-26.2374900" lon="-51.0822000">
    <ele>764.9</ele>
   </trkpt>
   <trkpt lat="-26.2375110" lon="-51.0822480">
    <ele>765.3</ele>
   </trkpt>
   <trkpt lat="-26.2375400" lon="-51.0822870">
    <ele>765.6</ele>
   </trkpt>
   <trkpt lat="-26.2375650" lon="-51.0823220">
    <ele>765.9</ele>
   </trkpt>
   <trkpt lat="-26.2375900" lon="-51.0823680">
    <ele>766.3</ele>
   </trkpt>
   <trkpt lat="-26.2376150" lon="-51.0824050">
    <ele>766.7</ele>
   </trkpt>
   <trkpt lat="-26.2376350" lon="-51.0824350">
    <ele>766.9</ele>
   </trkpt>
   <trkpt lat="-26.2376560" lon="-51.0824570">
    <ele>767.1</ele>
   </trkpt>
   <trkpt lat="-26.2376710" lon="-51.0824730">
    <ele>767.3</ele>
   </trkpt>
   <trkpt lat="-26.2376740" lon="-51.0824840">
    <ele>767.4</ele>
   </trkpt>
   <trkpt lat="-26.2376740" lon="-51.0824820">
    <ele>767.4</ele>
   </trkpt>
   <trkpt lat="-26.2376790" lon="-51.0824850">
    <ele>767.4</ele>
   </trkpt>
   <trkpt lat="-26.2376790" lon="-51.0824880">
    <ele>767.4</ele>
   </trkpt>
   <trkpt lat="-26.2376820" lon="-51.0824950">
    <ele>767.5</ele>
   </trkpt>
   <trkpt lat="-26.2376900" lon="-51.0825140">
    <ele>767.6</ele>
   </trkpt>
   <trkpt lat="-26.2376970" lon="-51.0825270">
    <ele>767.7</ele>
   </trkpt>
   <trkpt lat="-26.2377000" lon="-51.0825410">
    <ele>767.8</ele>
   </trkpt>
   <trkpt lat="-26.2377050" lon="-51.0825490">
    <ele>767.8</ele>
   </trkpt>
   <trkpt lat="-26.2377190" lon="-51.0825680">
    <ele>768.0</ele>
   </trkpt>
   <trkpt lat="-26.2377250" lon="-51.0825780">
    <ele>768.0</ele>
   </trkpt>
   <trkpt lat="-26.2377310" lon="-51.0825880">
    <ele>768.1</ele>
   </trkpt>
   <trkpt lat="-26.2377350" lon="-51.0826020">
    <ele>768.2</ele>
   </trkpt>
   <trkpt lat="-26.2377400" lon="-51.0826110">
    <ele>768.2</ele>
   </trkpt>
   <trkpt lat="-26.2377490" lon="-51.0826230">
    <ele>768.3</ele>
   </trkpt>
   <trkpt lat="-26.2377530" lon="-51.0826380">
    <ele>768.4</ele>
   </trkpt>
   <trkpt lat="-26.2377610" lon="-51.0826530">
    <ele>768.5</ele>
   </trkpt>
   <trkpt lat="-26.2377730" lon="-51.0826640">
    <ele>768.5</ele>
   </trkpt>
   <trkpt lat="-26.2377790" lon="-51.0826760">
    <ele>768.6</ele>
   </trkpt>
   <trkpt lat="-26.2377820" lon="-51.0826860">
    <ele>768.6</ele>
   </trkpt>
   <trkpt lat="-26.2377860" lon="-51.0826950">
    <ele>768.7</ele>
   </trkpt>
   <trkpt lat="-26.2377940" lon="-51.0827050">
    <ele>768.7</ele>
   </trkpt>
   <trkpt lat="-26.2377990" lon="-51.0827130">
    <ele>768.8</ele>
   </trkpt>
   <trkpt lat="-26.2378100" lon="-51.0827220">
    <ele>768.8</ele>
   </trkpt>
   <trkpt lat="-26.2378090" lon="-51.0827260">
    <ele>768.9</ele>
   </trkpt>
   <trkpt lat="-26.2378080" lon="-51.0827320">
    <ele>768.9</ele>
   </trkpt>
   <trkpt lat="-26.2378070" lon="-51.0827370">
    <ele>768.9</ele>
   </trkpt>
   <trkpt lat="-26.2378050" lon="-51.0827630">
    <ele>769.0</ele>
   </trkpt>
   <trkpt lat="-26.2378070" lon="-51.0827750">
    <ele>769.1</ele>
   </trkpt>
   <trkpt lat="-26.2378100" lon="-51.0827880">
    <ele>769.1</ele>
   </trkpt>
   <trkpt lat="-26.2378320" lon="-51.0828110">
    <ele>769.1</ele>
   </trkpt>
   <trkpt lat="-26.2378410" lon="-51.0828200">
    <ele>769.0</ele>
   </trkpt>
   <trkpt lat="-26.2378680" lon="-51.0828430">
    <ele>768.9</ele>
   </trkpt>
   <trkpt lat="-26.2378800" lon="-51.0828540">
    <ele>768.8</ele>
   </trkpt>
   <trkpt lat="-26.2379000" lon="-51.0828800">
    <ele>768.7</ele>
   </trkpt>
   <trkpt lat="-26.2379160" lon="-51.0829060">
    <ele>768.6</ele>
   </trkpt>
   <trkpt lat="-26.2379350" lon="-51.0829390">
    <ele>768.4</ele>
   </trkpt>
   <trkpt lat="-26.2379590" lon="-51.0829770">
    <ele>768.2</ele>
   </trkpt>
   <trkpt lat="-26.2379760" lon="-51.0830150">
    <ele>768.0</ele>
   </trkpt>
   <trkpt lat="-26.2380040" lon="-51.0830500">
    <ele>767.7</ele>
   </trkpt>
   <trkpt lat="-26.2380370" lon="-51.0830930">
    <ele>767.4</ele>
   </trkpt>
   <trkpt lat="-26.2380660" lon="-51.0831370">
    <ele>767.0</ele>
   </trkpt>
   <trkpt lat="-26.2381010" lon="-51.0832010">
    <ele>766.5</ele>
   </trkpt>
   <trkpt lat="-26.2381320" lon="-51.0832650">
    <ele>766.1</ele>
   </trkpt>
   <trkpt lat="-26.2381720" lon="-51.0833330">
    <ele>765.5</ele>
   </trkpt>
   <trkpt lat="-26.2382240" lon="-51.0834000">
    <ele>765.0</ele>
   </trkpt>
   <trkpt lat="-26.2382720" lon="-51.0834740">
    <ele>764.5</ele>
   </trkpt>
   <trkpt lat="-26.2383180" lon="-51.0835470">
    <ele>764.2</ele>
   </trkpt>
   <trkpt lat="-26.2383640" lon="-51.0836130">
    <ele>763.9</ele>
   </trkpt>
   <trkpt lat="-26.2384110" lon="-51.0836860">
    <ele>763.8</ele>
   </trkpt>
   <trkpt lat="-26.2384580" lon="-51.0837590">
    <ele>763.7</ele>
   </trkpt>
   <trkpt lat="-26.2385000" lon="-51.0838320">
    <ele>763.4</ele>
   </trkpt>
   <trkpt lat="-26.2385460" lon="-51.0839040">
    <ele>763.1</ele>
   </trkpt>
   <trkpt lat="-26.2385890" lon="-51.0839720">
    <ele>762.9</ele>
   </trkpt>
   <trkpt lat="-26.2386320" lon="-51.0840390">
    <ele>762.6</ele>
   </trkpt>
   <trkpt lat="-26.2386740" lon="-51.0841030">
    <ele>762.4</ele>
   </trkpt>
   <trkpt lat="-26.2387140" lon="-51.0841670">
    <ele>762.2</ele>
   </trkpt>
   <trkpt lat="-26.2387590" lon="-51.0842360">
    <ele>762.1</ele>
   </trkpt>
   <trkpt lat="-26.2387980" lon="-51.0843030">
    <ele>761.9</ele>
   </trkpt>
   <trkpt lat="-26.2388320" lon="-51.0843670">
    <ele>761.8</ele>
   </trkpt>
   <trkpt lat="-26.2388660" lon="-51.0844340">
    <ele>761.6</ele>
   </trkpt>
   <trkpt lat="-26.2389050" lon="-51.0844950">
    <ele>761.4</ele>
   </trkpt>
   <trkpt lat="-26.2389450" lon="-51.0845550">
    <ele>761.1</ele>
   </trkpt>
   <trkpt lat="-26.2389770" lon="-51.0846130">
    <ele>760.8</ele>
   </trkpt>
   <trkpt lat="-26.2390160" lon="-51.0846850">
    <ele>760.6</ele>
   </trkpt>
   <trkpt lat="-26.2390510" lon="-51.0847460">
    <ele>760.4</ele>
   </trkpt>
   <trkpt lat="-26.2390940" lon="-51.0848010">
    <ele>760.3</ele>
   </trkpt>
   <trkpt lat="-26.2391300" lon="-51.0848620">
    <ele>760.2</ele>
   </trkpt>
   <trkpt lat="-26.2391600" lon="-51.0849160">
    <ele>760.1</ele>
   </trkpt>
   <trkpt lat="-26.2391940" lon="-51.0849730">
    <ele>760.1</ele>
   </trkpt>
   <trkpt lat="-26.2392250" lon="-51.0850270">
    <ele>760.1</ele>
   </trkpt>
   <trkpt lat="-26.2392500" lon="-51.0850750">
    <ele>760.2</ele>
   </trkpt>
   <trkpt lat="-26.2392770" lon="-51.0851210">
    <ele>760.3</ele>
   </trkpt>
   <trkpt lat="-26.2393050" lon="-51.0851590">
    <ele>760.4</ele>
   </trkpt>
   <trkpt lat="-26.2393230" lon="-51.0852030">
    <ele>760.6</ele>
   </trkpt>
   <trkpt lat="-26.2393470" lon="-51.0852410">
    <ele>760.7</ele>
   </trkpt>
   <trkpt lat="-26.2393760" lon="-51.0852840">
    <ele>760.9</ele>
   </trkpt>
   <trkpt lat="-26.2394030" lon="-51.0853220">
    <ele>761.1</ele>
   </trkpt>
   <trkpt lat="-26.2394290" lon="-51.0853590">
    <ele>761.3</ele>
   </trkpt>
   <trkpt lat="-26.2394570" lon="-51.0853930">
    <ele>761.5</ele>
   </trkpt>
   <trkpt lat="-26.2394770" lon="-51.0854300">
    <ele>761.7</ele>
   </trkpt>
   <trkpt lat="-26.2394980" lon="-51.0854640">
    <ele>761.9</ele>
   </trkpt>
   <trkpt lat="-26.2395200" lon="-51.0854980">
    <ele>762.1</ele>
   </trkpt>
   <trkpt lat="-26.2395380" lon="-51.0855290">
    <ele>762.3</ele>
   </trkpt>
   <trkpt lat="-26.2395540" lon="-51.0855590">
    <ele>762.5</ele>
   </trkpt>
   <trkpt lat="-26.2395690" lon="-51.0855930">
    <ele>762.6</ele>
   </trkpt>
   <trkpt lat="-26.2395890" lon="-51.0856290">
    <ele>762.8</ele>
   </trkpt>
   <trkpt lat="-26.2396070" lon="-51.0856600">
    <ele>763.0</ele>
   </trkpt>
   <trkpt lat="-26.2396280" lon="-51.0856920">
    <ele>763.2</ele>
   </trkpt>
   <trkpt lat="-26.2396460" lon="-51.0857210">
    <ele>763.4</ele>
   </trkpt>
   <trkpt lat="-26.2396650" lon="-51.0857590">
    <ele>763.6</ele>
   </trkpt>
   <trkpt lat="-26.2396840" lon="-51.0857890">
    <ele>763.8</ele>
   </trkpt>
   <trkpt lat="-26.2397000" lon="-51.0858190">
    <ele>763.9</ele>
   </trkpt>
   <trkpt lat="-26.2397140" lon="-51.0858470">
    <ele>763.8</ele>
   </trkpt>
   <trkpt lat="-26.2397320" lon="-51.0858760">
    <ele>763.7</ele>
   </trkpt>
   <trkpt lat="-26.2397570" lon="-51.0859080">
    <ele>763.5</ele>
   </trkpt>
   <trkpt lat="-26.2397640" lon="-51.0859170">
    <ele>763.5</ele>
   </trkpt>
   <trkpt lat="-26.2397870" lon="-51.0859430">
    <ele>763.4</ele>
   </trkpt>
   <trkpt lat="-26.2397940" lon="-51.0859500">
    <ele>763.4</ele>
   </trkpt>
   <trkpt lat="-26.2398040" lon="-51.0859870">
    <ele>763.3</ele>
   </trkpt>
   <trkpt lat="-26.2398090" lon="-51.0859990">
    <ele>763.2</ele>
   </trkpt>
   <trkpt lat="-26.2398300" lon="-51.0860210">
    <ele>763.1</ele>
   </trkpt>
   <trkpt lat="-26.2398380" lon="-51.0860540">
    <ele>763.1</ele>
   </trkpt>
   <trkpt lat="-26.2398620" lon="-51.0860880">
    <ele>763.0</ele>
   </trkpt>
   <trkpt lat="-26.2398690" lon="-51.0861010">
    <ele>763.0</ele>
   </trkpt>
   <trkpt lat="-26.2398860" lon="-51.0861310">
    <ele>763.0</ele>
   </trkpt>
   <trkpt lat="-26.2398920" lon="-51.0861420">
    <ele>763.0</ele>
   </trkpt>
   <trkpt lat="-26.2399130" lon="-51.0861680">
    <ele>763.0</ele>
   </trkpt>
   <trkpt lat="-26.2399200" lon="-51.0861780">
    <ele>763.0</ele>
   </trkpt>
   <trkpt lat="-26.2399390" lon="-51.0862040">
    <ele>763.0</ele>
   </trkpt>
   <trkpt lat="-26.2399470" lon="-51.0862140">
    <ele>763.0</ele>
   </trkpt>
   <trkpt lat="-26.2399630" lon="-51.0862420">
    <ele>762.9</ele>
   </trkpt>
   <trkpt lat="-26.2399670" lon="-51.0862530">
    <ele>762.9</ele>
   </trkpt>
   <trkpt lat="-26.2399880" lon="-51.0862880">
    <ele>762.9</ele>
   </trkpt>
   <trkpt lat="-26.2399950" lon="-51.0862980">
    <ele>762.9</ele>
   </trkpt>
   <trkpt lat="-26.2400180" lon="-51.0863310">
    <ele>762.8</ele>
   </trkpt>
   <trkpt lat="-26.2400250" lon="-51.0863430">
    <ele>762.8</ele>
   </trkpt>
   <trkpt lat="-26.2400410" lon="-51.0863830">
    <ele>762.7</ele>
   </trkpt>
   <trkpt lat="-26.2400440" lon="-51.0863950">
    <ele>762.7</ele>
   </trkpt>
   <trkpt lat="-26.2400740" lon="-51.0864140">
    <ele>762.3</ele>
   </trkpt>
   <trkpt lat="-26.2400840" lon="-51.0864210">
    <ele>762.3</ele>
   </trkpt>
   <trkpt lat="-26.2401080" lon="-51.0864440">
    <ele>762.3</ele>
   </trkpt>
   <trkpt lat="-26.2401140" lon="-51.0864520">
    <ele>762.3</ele>
   </trkpt>
   <trkpt lat="-26.2401330" lon="-51.0864770">
    <ele>762.3</ele>
   </trkpt>
   <trkpt lat="-26.2401380" lon="-51.0864870">
    <ele>762.5</ele>
   </trkpt>
   <trkpt lat="-26.2401540" lon="-51.0865170">
    <ele>762.5</ele>
   </trkpt>
   <trkpt lat="-26.2401610" lon="-51.0865280">
    <ele>762.5</ele>
   </trkpt>
   <trkpt lat="-26.2401890" lon="-51.0865500">
    <ele>762.5</ele>
   </trkpt>
   <trkpt lat="-26.2402190" lon="-51.0865680">
    <ele>762.4</ele>
   </trkpt>
   <trkpt lat="-26.2402590" lon="-51.0865740">
    <ele>762.4</ele>
   </trkpt>
   <trkpt lat="-26.2402950" lon="-51.0865730">
    <ele>762.3</ele>
   </trkpt>
   <trkpt lat="-26.2403420" lon="-51.0865830">
    <ele>762.3</ele>
   </trkpt>
   <trkpt lat="-26.2403870" lon="-51.0865990">
    <ele>762.2</ele>
   </trkpt>
   <trkpt lat="-26.2404370" lon="-51.0866130">
    <ele>762.1</ele>
   </trkpt>
   <trkpt lat="-26.2404900" lon="-51.0866240">
    <ele>761.9</ele>
   </trkpt>
   <trkpt lat="-26.2405390" lon="-51.0866380">
    <ele>761.8</ele>
   </trkpt>
   <trkpt lat="-26.2405910" lon="-51.0866540">
    <ele>761.7</ele>
   </trkpt>
   <trkpt lat="-26.2406480" lon="-51.0866620">
    <ele>761.5</ele>
   </trkpt>
   <trkpt lat="-26.2406980" lon="-51.0866770">
    <ele>761.4</ele>
   </trkpt>
   <trkpt lat="-26.2407490" lon="-51.0866870">
    <ele>761.3</ele>
   </trkpt>
   <trkpt lat="-26.2408020" lon="-51.0866930">
    <ele>761.1</ele>
   </trkpt>
   <trkpt lat="-26.2408600" lon="-51.0866980">
    <ele>761.0</ele>
   </trkpt>
   <trkpt lat="-26.2409190" lon="-51.0867120">
    <ele>760.8</ele>
   </trkpt>
   <trkpt lat="-26.2409810" lon="-51.0867190">
    <ele>760.7</ele>
   </trkpt>
   <trkpt lat="-26.2410340" lon="-51.0867250">
    <ele>760.5</ele>
   </trkpt>
   <trkpt lat="-26.2410850" lon="-51.0867320">
    <ele>760.4</ele>
   </trkpt>
   <trkpt lat="-26.2411320" lon="-51.0867350">
    <ele>760.4</ele>
   </trkpt>
   <trkpt lat="-26.2411760" lon="-51.0867370">
    <ele>760.3</ele>
   </trkpt>
   <trkpt lat="-26.2412200" lon="-51.0867350">
    <ele>760.2</ele>
   </trkpt>
   <trkpt lat="-26.2412660" lon="-51.0867310">
    <ele>760.2</ele>
   </trkpt>
   <trkpt lat="-26.2413100" lon="-51.0867240">
    <ele>760.1</ele>
   </trkpt>
   <trkpt lat="-26.2413580" lon="-51.0867350">
    <ele>760.1</ele>
   </trkpt>
   <trkpt lat="-26.2414030" lon="-51.0867490">
    <ele>760.0</ele>
   </trkpt>
   <trkpt lat="-26.2414510" lon="-51.0867540">
    <ele>760.0</ele>
   </trkpt>
   <trkpt lat="-26.2414960" lon="-51.0867520">
    <ele>760.0</ele>
   </trkpt>
   <trkpt lat="-26.2415440" lon="-51.0867530">
    <ele>759.9</ele>
   </trkpt>
   <trkpt lat="-26.2415860" lon="-51.0867620">
    <ele>759.9</ele>
   </trkpt>
   <trkpt lat="-26.2416290" lon="-51.0867570">
    <ele>759.9</ele>
   </trkpt>
   <trkpt lat="-26.2416700" lon="-51.0867670">
    <ele>759.9</ele>
   </trkpt>
   <trkpt lat="-26.2417070" lon="-51.0867760">
    <ele>759.9</ele>
   </trkpt>
   <trkpt lat="-26.2417410" lon="-51.0867820">
    <ele>759.9</ele>
   </trkpt>
   <trkpt lat="-26.2417820" lon="-51.0867790">
    <ele>759.9</ele>
   </trkpt>
   <trkpt lat="-26.2418290" lon="-51.0867700">
    <ele>759.9</ele>
   </trkpt>
   <trkpt lat="-26.2418780" lon="-51.0867750">
    <ele>759.9</ele>
   </trkpt>
   <trkpt lat="-26.2419190" lon="-51.0867740">
    <ele>759.9</ele>
   </trkpt>
   <trkpt lat="-26.2419580" lon="-51.0867720">
    <ele>760.0</ele>
   </trkpt>
   <trkpt lat="-26.2420000" lon="-51.0867760">
    <ele>760.0</ele>
   </trkpt>
   <trkpt lat="-26.2420400" lon="-51.0867870">
    <ele>760.0</ele>
   </trkpt>
   <trkpt lat="-26.2420870" lon="-51.0868010">
    <ele>760.0</ele>
   </trkpt>
   <trkpt lat="-26.2421300" lon="-51.0868020">
    <ele>760.0</ele>
   </trkpt>
   <trkpt lat="-26.2421690" lon="-51.0868150">
    <ele>759.9</ele>
   </trkpt>
   <trkpt lat="-26.2422170" lon="-51.0868080">
    <ele>759.9</ele>
   </trkpt>
   <trkpt lat="-26.2422530" lon="-51.0868130">
    <ele>759.9</ele>
   </trkpt>
   <trkpt lat="-26.2422870" lon="-51.0868190">
    <ele>759.9</ele>
   </trkpt>
   <trkpt lat="-26.2423390" lon="-51.0868280">
    <ele>759.9</ele>
   </trkpt>
   <trkpt lat="-26.2423690" lon="-51.0868690">
    <ele>759.9</ele>
   </trkpt>
   <trkpt lat="-26.2424020" lon="-51.0868970">
    <ele>759.9</ele>
   </trkpt>
   <trkpt lat="-26.2424410" lon="-51.0869180">
    <ele>759.9</ele>
   </trkpt>
   <trkpt lat="-26.2424910" lon="-51.0869200">
    <ele>759.9</ele>
   </trkpt>
   <trkpt lat="-26.2425310" lon="-51.0869360">
    <ele>759.9</ele>
   </trkpt>
   <trkpt lat="-26.2425720" lon="-51.0869400">
    <ele>759.9</ele>
   </trkpt>
   <trkpt lat="-26.2426130" lon="-51.0869380">
    <ele>759.9</ele>
   </trkpt>
   <trkpt lat="-26.2426530" lon="-51.0869490">
    <ele>760.0</ele>
   </trkpt>
   <trkpt lat="-26.2426910" lon="-51.0869570">
    <ele>760.0</ele>
   </trkpt>
   <trkpt lat="-26.2427320" lon="-51.0869660">
    <ele>760.0</ele>
   </trkpt>
   <trkpt lat="-26.2427750" lon="-51.0869720">
    <ele>760.0</ele>
   </trkpt>
   <trkpt lat="-26.2428100" lon="-51.0869790">
    <ele>760.0</ele>
   </trkpt>
   <trkpt lat="-26.2428420" lon="-51.0869810">
    <ele>760.0</ele>
   </trkpt>
   <trkpt lat="-26.2428850" lon="-51.0869850">
    <ele>760.0</ele>
   </trkpt>
   <trkpt lat="-26.2429260" lon="-51.0869910">
    <ele>760.1</ele>
   </trkpt>
   <trkpt lat="-26.2429630" lon="-51.0870050">
    <ele>760.1</ele>
   </trkpt>
   <trkpt lat="-26.2429930" lon="-51.0870130">
    <ele>760.1</ele>
   </trkpt>
   <trkpt lat="-26.2430280" lon="-51.0870220">
    <ele>760.1</ele>
   </trkpt>
   <trkpt lat="-26.2430670" lon="-51.0870310">
    <ele>760.1</ele>
   </trkpt>
   <trkpt lat="-26.2431140" lon="-51.0870390">
    <ele>760.0</ele>
   </trkpt>
   <trkpt lat="-26.2431570" lon="-51.0870470">
    <ele>760.0</ele>
   </trkpt>
   <trkpt lat="-26.2431990" lon="-51.0870520">
    <ele>760.0</ele>
   </trkpt>
   <trkpt lat="-26.2432420" lon="-51.0870560">
    <ele>760.0</ele>
   </trkpt>
   <trkpt lat="-26.2432810" lon="-51.0870610">
    <ele>759.9</ele>
   </trkpt>
   <trkpt lat="-26.2433220" lon="-51.0870690">
    <ele>759.9</ele>
   </trkpt>
   <trkpt lat="-26.2433670" lon="-51.0870720">
    <ele>759.9</ele>
   </trkpt>
   <trkpt lat="-26.2434170" lon="-51.0870760">
    <ele>759.8</ele>
   </trkpt>
   <trkpt lat="-26.2434590" lon="-51.0870900">
    <ele>759.8</ele>
   </trkpt>
   <trkpt lat="-26.2434990" lon="-51.0871030">
    <ele>759.7</ele>
   </trkpt>
   <trkpt lat="-26.2435460" lon="-51.0871160">
    <ele>759.7</ele>
   </trkpt>
   <trkpt lat="-26.2435900" lon="-51.0871330">
    <ele>759.6</ele>
   </trkpt>
   <trkpt lat="-26.2436270" lon="-51.0871560">
    <ele>759.5</ele>
   </trkpt>
   <trkpt lat="-26.2436770" lon="-51.0871840">
    <ele>759.4</ele>
   </trkpt>
   <trkpt lat="-26.2437300" lon="-51.0871990">
    <ele>759.3</ele>
   </trkpt>
   <trkpt lat="-26.2437850" lon="-51.0871970">
    <ele>759.2</ele>
   </trkpt>
   <trkpt lat="-26.2438340" lon="-51.0871970">
    <ele>759.1</ele>
   </trkpt>
   <trkpt lat="-26.2438670" lon="-51.0872020">
    <ele>759.1</ele>
   </trkpt>
   <trkpt lat="-26.2439050" lon="-51.0872120">
    <ele>759.1</ele>
   </trkpt>
   <trkpt lat="-26.2439190" lon="-51.0872140">
    <ele>759.0</ele>
   </trkpt>
   <trkpt lat="-26.2439540" lon="-51.0872240">
    <ele>759.0</ele>
   </trkpt>
   <trkpt lat="-26.2439660" lon="-51.0872280">
    <ele>759.0</ele>
   </trkpt>
   <trkpt lat="-26.2439950" lon="-51.0872350">
    <ele>759.0</ele>
   </trkpt>
   <trkpt lat="-26.2440040" lon="-51.0872380">
    <ele>759.0</ele>
   </trkpt>
   <trkpt lat="-26.2440210" lon="-51.0872430">
    <ele>758.9</ele>
   </trkpt>
   <trkpt lat="-26.2440340" lon="-51.0872500">
    <ele>758.9</ele>
   </trkpt>
   <trkpt lat="-26.2440480" lon="-51.0872580">
    <ele>758.9</ele>
   </trkpt>
   <trkpt lat="-26.2440520" lon="-51.0872610">
    <ele>758.9</ele>
   </trkpt>
   <trkpt lat="-26.2440480" lon="-51.0872600">
    <ele>758.9</ele>
   </trkpt>
   <trkpt lat="-26.2440470" lon="-51.0872590">
    <ele>758.9</ele>
   </trkpt>
   <trkpt lat="-26.2440510" lon="-51.0872600">
    <ele>758.9</ele>
   </trkpt>
   <trkpt lat="-26.2440530" lon="-51.0872610">
    <ele>758.9</ele>
   </trkpt>
   <trkpt lat="-26.2440570" lon="-51.0872620">
    <ele>758.9</ele>
   </trkpt>
   <trkpt lat="-26.2440580" lon="-51.0872650">
    <ele>758.9</ele>
   </trkpt>
   <trkpt lat="-26.2440560" lon="-51.0872650">
    <ele>758.9</ele>
   </trkpt>
   <trkpt lat="-26.2440580" lon="-51.0872640">
    <ele>758.9</ele>
   </trkpt>
   <trkpt lat="-26.2440510" lon="-51.0872630">
    <ele>758.9</ele>
   </trkpt>
   <trkpt lat="-26.2440660" lon="-51.0872640">
    <ele>758.9</ele>
   </trkpt>
   <trkpt lat="-26.2440510" lon="-51.0872610">
    <ele>758.8</ele>
   </trkpt>
   <trkpt lat="-26.2440640" lon="-51.0872650">
    <ele>758.8</ele>
   </trkpt>
   <trkpt lat="-26.2440570" lon="-51.0872640">
    <ele>758.8</ele>
   </trkpt>
   <trkpt lat="-26.2440520" lon="-51.0872640">
    <ele>758.8</ele>
   </trkpt>
   <trkpt lat="-26.2440730" lon="-51.0872640">
    <ele>758.8</ele>
   </trkpt>
   <trkpt lat="-26.2440450" lon="-51.0872630">
    <ele>758.8</ele>
   </trkpt>
   <trkpt lat="-26.2440610" lon="-51.0872620">
    <ele>758.7</ele>
   </trkpt>
   <trkpt lat="-26.2440620" lon="-51.0872580">
    <ele>758.7</ele>
   </trkpt>
   <trkpt lat="-26.2440450" lon="-51.0872630">
    <ele>758.7</ele>
   </trkpt>
   <trkpt lat="-26.2440700" lon="-51.0872640">
    <ele>758.7</ele>
   </trkpt>
   <trkpt lat="-26.2440530" lon="-51.0872640">
    <ele>758.7</ele>
   </trkpt>
   <trkpt lat="-26.2440520" lon="-51.0872650">
    <ele>758.7</ele>
   </trkpt>
   <trkpt lat="-26.2440630" lon="-51.0872640">
    <ele>758.7</ele>
   </trkpt>
   <trkpt lat="-26.2440510" lon="-51.0872690">
    <ele>758.7</ele>
   </trkpt>
   <trkpt lat="-26.2440720" lon="-51.0872680">
    <ele>758.6</ele>
   </trkpt>
   <trkpt lat="-26.2440640" lon="-51.0872530">
    <ele>758.6</ele>
   </trkpt>
   <trkpt lat="-26.2440490" lon="-51.0872600">
    <ele>758.6</ele>
   </trkpt>
   <trkpt lat="-26.2440840" lon="-51.0872640">
    <ele>758.6</ele>
   </trkpt>
   <trkpt lat="-26.2440570" lon="-51.0872590">
    <ele>758.6</ele>
   </trkpt>
   <trkpt lat="-26.2440630" lon="-51.0872600">
    <ele>758.6</ele>
   </trkpt>
   <trkpt lat="-26.2440700" lon="-51.0872560">
    <ele>758.6</ele>
   </trkpt>
   <trkpt lat="-26.2440480" lon="-51.0872530">
    <ele>758.5</ele>
   </trkpt>
   <trkpt lat="-26.2440750" lon="-51.0872570">
    <ele>758.5</ele>
   </trkpt>
   <trkpt lat="-26.2440750" lon="-51.0872540">
    <ele>758.5</ele>
   </trkpt>
   <trkpt lat="-26.2440660" lon="-51.0872570">
    <ele>758.5</ele>
   </trkpt>
   <trkpt lat="-26.2440740" lon="-51.0872570">
    <ele>758.5</ele>
   </trkpt>
   <trkpt lat="-26.2440690" lon="-51.0872590">
    <ele>758.5</ele>
   </trkpt>
   <trkpt lat="-26.2440700" lon="-51.0872580">
    <ele>758.5</ele>
   </trkpt>
   <trkpt lat="-26.2440750" lon="-51.0872480">
    <ele>758.5</ele>
   </trkpt>
   <trkpt lat="-26.2440510" lon="-51.0872570">
    <ele>758.5</ele>
   </trkpt>
   <trkpt lat="-26.2440650" lon="-51.0872670">
    <ele>758.5</ele>
   </trkpt>
   <trkpt lat="-26.2440660" lon="-51.0872570">
    <ele>758.5</ele>
   </trkpt>
   <trkpt lat="-26.2440660" lon="-51.0872600">
    <ele>758.5</ele>
   </trkpt>
   <trkpt lat="-26.2440800" lon="-51.0872570">
    <ele>758.4</ele>
   </trkpt>
   <trkpt lat="-26.2440630" lon="-51.0872550">
    <ele>758.4</ele>
   </trkpt>
   <trkpt lat="-26.2440590" lon="-51.0872570">
    <ele>758.4</ele>
   </trkpt>
   <trkpt lat="-26.2440710" lon="-51.0872560">
    <ele>758.4</ele>
   </trkpt>
   <trkpt lat="-26.2440560" lon="-51.0872520">
    <ele>758.4</ele>
   </trkpt>
   <trkpt lat="-26.2440590" lon="-51.0872630">
    <ele>758.4</ele>
   </trkpt>
   <trkpt lat="-26.2440620" lon="-51.0872550">
    <ele>758.4</ele>
   </trkpt>
   <trkpt lat="-26.2440580" lon="-51.0872610">
    <ele>758.4</ele>
   </trkpt>
   <trkpt lat="-26.2440570" lon="-51.0872560">
    <ele>758.4</ele>
   </trkpt>
   <trkpt lat="-26.2440480" lon="-51.0872540">
    <ele>758.4</ele>
   </trkpt>
   <trkpt lat="-26.2440620" lon="-51.0872640">
    <ele>758.4</ele>
   </trkpt>
   <trkpt lat="-26.2440550" lon="-51.0872570">
    <ele>758.4</ele>
   </trkpt>
   <trkpt lat="-26.2440620" lon="-51.0872650">
    <ele>758.4</ele>
   </trkpt>
   <trkpt lat="-26.2440760" lon="-51.0872630">
    <ele>758.3</ele>
   </trkpt>
   <trkpt lat="-26.2440590" lon="-51.0872570">
    <ele>758.3</ele>
   </trkpt>
   <trkpt lat="-26.2440730" lon="-51.0872650">
    <ele>758.3</ele>
   </trkpt>
   <trkpt lat="-26.2440840" lon="-51.0872730">
    <ele>758.3</ele>
   </trkpt>
   <trkpt lat="-26.2440730" lon="-51.0872590">
    <ele>758.3</ele>
   </trkpt>
   <trkpt lat="-26.2440700" lon="-51.0872590">
    <ele>758.3</ele>
   </trkpt>
   <trkpt lat="-26.2440840" lon="-51.0872700">
    <ele>758.3</ele>
   </trkpt>
   <trkpt lat="-26.2440690" lon="-51.0872640">
    <ele>758.2</ele>
   </trkpt>
   <trkpt lat="-26.2440680" lon="-51.0872620">
    <ele>758.2</ele>
   </trkpt>
   <trkpt lat="-26.2440790" lon="-51.0872660">
    <ele>758.2</ele>
   </trkpt>
   <trkpt lat="-26.2440760" lon="-51.0872700">
    <ele>758.2</ele>
   </trkpt>
   <trkpt lat="-26.2440670" lon="-51.0872660">
    <ele>758.2</ele>
   </trkpt>
   <trkpt lat="-26.2440730" lon="-51.0872720">
    <ele>758.2</ele>
   </trkpt>
   <trkpt lat="-26.2440820" lon="-51.0872780">
    <ele>758.2</ele>
   </trkpt>
   <trkpt lat="-26.2440730" lon="-51.0872720">
    <ele>758.2</ele>
   </trkpt>
   <trkpt lat="-26.2440720" lon="-51.0872720">
    <ele>758.2</ele>
   </trkpt>
   <trkpt lat="-26.2440750" lon="-51.0872810">
    <ele>758.2</ele>
   </trkpt>
   <trkpt lat="-26.2440680" lon="-51.0872750">
    <ele>758.2</ele>
   </trkpt>
   <trkpt lat="-26.2440640" lon="-51.0872740">
    <ele>758.2</ele>
   </trkpt>
   <trkpt lat="-26.2440780" lon="-51.0872810">
    <ele>758.2</ele>
   </trkpt>
   <trkpt lat="-26.2440710" lon="-51.0872790">
    <ele>758.2</ele>
   </trkpt>
   <trkpt lat="-26.2440670" lon="-51.0872820">
    <ele>758.2</ele>
   </trkpt>
   <trkpt lat="-26.2440740" lon="-51.0872810">
    <ele>758.2</ele>
   </trkpt>
   <trkpt lat="-26.2440760" lon="-51.0872780">
    <ele>758.2</ele>
   </trkpt>
   <trkpt lat="-26.2440670" lon="-51.0872770">
    <ele>758.2</ele>
   </trkpt>
   <trkpt lat="-26.2440710" lon="-51.0872760">
    <ele>758.2</ele>
   </trkpt>
   <trkpt lat="-26.2440740" lon="-51.0872760">
    <ele>758.2</ele>
   </trkpt>
   <trkpt lat="-26.2440670" lon="-51.0872750">
    <ele>758.1</ele>
   </trkpt>
   <trkpt lat="-26.2440630" lon="-51.0872740">
    <ele>758.1</ele>
   </trkpt>
   <trkpt lat="-26.2440600" lon="-51.0872710">
    <ele>758.1</ele>
   </trkpt>
   <trkpt lat="-26.2440740" lon="-51.0872780">
    <ele>758.1</ele>
   </trkpt>
   <trkpt lat="-26.2440710" lon="-51.0872720">
    <ele>758.1</ele>
   </trkpt>
   <trkpt lat="-26.2440630" lon="-51.0872680">
    <ele>758.1</ele>
   </trkpt>
   <trkpt lat="-26.2440690" lon="-51.0872710">
    <ele>758.1</ele>
   </trkpt>
   <trkpt lat="-26.2440760" lon="-51.0872690">
    <ele>758.1</ele>
   </trkpt>
   <trkpt lat="-26.2440710" lon="-51.0872690">
    <ele>758.1</ele>
   </trkpt>
   <trkpt lat="-26.2440700" lon="-51.0872720">
    <ele>758.1</ele>
   </trkpt>
   <trkpt lat="-26.2440770" lon="-51.0872780">
    <ele>758.1</ele>
   </trkpt>
   <trkpt lat="-26.2440780" lon="-51.0872760">
    <ele>758.1</ele>
   </trkpt>
   <trkpt lat="-26.2440780" lon="-51.0872760">
    <ele>758.1</ele>
   </trkpt>
   <trkpt lat="-26.2441580" lon="-51.0872670">
    <ele>758.1</ele>
   </trkpt>
   <trkpt lat="-26.2441920" lon="-51.0872600">
    <ele>758.1</ele>
   </trkpt>
   <trkpt lat="-26.2442220" lon="-51.0872500">
    <ele>758.1</ele>
   </trkpt>
   <trkpt lat="-26.2442500" lon="-51.0872480">
    <ele>758.1</ele>
   </trkpt>
   <trkpt lat="-26.2442910" lon="-51.0872530">
    <ele>758.1</ele>
   </trkpt>
   <trkpt lat="-26.2443050" lon="-51.0872560">
    <ele>758.1</ele>
   </trkpt>
   <trkpt lat="-26.2443360" lon="-51.0872530">
    <ele>758.1</ele>
   </trkpt>
   <trkpt lat="-26.2443670" lon="-51.0872460">
    <ele>758.1</ele>
   </trkpt>
   <trkpt lat="-26.2443960" lon="-51.0872430">
    <ele>758.1</ele>
   </trkpt>
   <trkpt lat="-26.2444260" lon="-51.0872400">
    <ele>758.1</ele>
   </trkpt>
   <trkpt lat="-26.2444570" lon="-51.0872360">
    <ele>758.1</ele>
   </trkpt>
   <trkpt lat="-26.2444870" lon="-51.0872320">
    <ele>758.1</ele>
   </trkpt>
   <trkpt lat="-26.2445150" lon="-51.0872290">
    <ele>758.1</ele>
   </trkpt>
   <trkpt lat="-26.2445470" lon="-51.0872250">
    <ele>758.1</ele>
   </trkpt>
   <trkpt lat="-26.2445820" lon="-51.0872240">
    <ele>758.1</ele>
   </trkpt>
   <trkpt lat="-26.2446120" lon="-51.0872150">
    <ele>758.1</ele>
   </trkpt>
   <trkpt lat="-26.2446470" lon="-51.0872060">
    <ele>758.2</ele>
   </trkpt>
   <trkpt lat="-26.2446830" lon="-51.0871980">
    <ele>758.2</ele>
   </trkpt>
   <trkpt lat="-26.2447200" lon="-51.0871920">
    <ele>758.2</ele>
   </trkpt>
   <trkpt lat="-26.2447550" lon="-51.0871820">
    <ele>758.2</ele>
   </trkpt>
   <trkpt lat="-26.2447880" lon="-51.0871700">
    <ele>758.2</ele>
   </trkpt>
   <trkpt lat="-26.2448220" lon="-51.0871570">
    <ele>758.2</ele>
   </trkpt>
   <trkpt lat="-26.2448590" lon="-51.0871420">
    <ele>758.2</ele>
   </trkpt>
   <trkpt lat="-26.2448980" lon="-51.0871280">
    <ele>758.2</ele>
   </trkpt>
   <trkpt lat="-26.2449350" lon="-51.0871130">
    <ele>758.2</ele>
   </trkpt>
   <trkpt lat="-26.2449690" lon="-51.0870980">
    <ele>758.2</ele>
   </trkpt>
   <trkpt lat="-26.2450070" lon="-51.0870890">
    <ele>758.3</ele>
   </trkpt>
   <trkpt lat="-26.2450420" lon="-51.0870780">
    <ele>758.3</ele>
   </trkpt>
   <trkpt lat="-26.2450780" lon="-51.0870610">
    <ele>758.3</ele>
   </trkpt>
   <trkpt lat="-26.2451180" lon="-51.0870490">
    <ele>758.3</ele>
   </trkpt>
   <trkpt lat="-26.2451520" lon="-51.0870380">
    <ele>758.4</ele>
   </trkpt>
   <trkpt lat="-26.2451930" lon="-51.0870260">
    <ele>758.4</ele>
   </trkpt>
   <trkpt lat="-26.2452190" lon="-51.0870150">
    <ele>758.4</ele>
   </trkpt>
   <trkpt lat="-26.2452600" lon="-51.0870000">
    <ele>758.4</ele>
   </trkpt>
   <trkpt lat="-26.2452940" lon="-51.0869860">
    <ele>758.5</ele>
   </trkpt>
   <trkpt lat="-26.2453300" lon="-51.0869680">
    <ele>758.5</ele>
   </trkpt>
   <trkpt lat="-26.2453610" lon="-51.0869540">
    <ele>758.5</ele>
   </trkpt>
   <trkpt lat="-26.2453980" lon="-51.0869410">
    <ele>758.6</ele>
   </trkpt>
   <trkpt lat="-26.2454320" lon="-51.0869260">
    <ele>758.6</ele>
   </trkpt>
   <trkpt lat="-26.2454700" lon="-51.0869120">
    <ele>758.6</ele>
   </trkpt>
   <trkpt lat="-26.2455040" lon="-51.0869000">
    <ele>758.6</ele>
   </trkpt>
   <trkpt lat="-26.2455410" lon="-51.0868840">
    <ele>758.7</ele>
   </trkpt>
   <trkpt lat="-26.2455790" lon="-51.0868710">
    <ele>758.7</ele>
   </trkpt>
   <trkpt lat="-26.2456150" lon="-51.0868540">
    <ele>758.8</ele>
   </trkpt>
   <trkpt lat="-26.2456460" lon="-51.0868390">
    <ele>758.8</ele>
   </trkpt>
   <trkpt lat="-26.2456810" lon="-51.0868240">
    <ele>758.8</ele>
   </trkpt>
   <trkpt lat="-26.2457210" lon="-51.0868100">
    <ele>758.9</ele>
   </trkpt>
   <trkpt lat="-26.2457620" lon="-51.0867960">
    <ele>758.9</ele>
   </trkpt>
   <trkpt lat="-26.2458030" lon="-51.0867830">
    <ele>759.0</ele>
   </trkpt>
   <trkpt lat="-26.2458390" lon="-51.0867690">
    <ele>759.0</ele>
   </trkpt>
   <trkpt lat="-26.2458720" lon="-51.0867530">
    <ele>759.0</ele>
   </trkpt>
   <trkpt lat="-26.2459060" lon="-51.0867380">
    <ele>759.0</ele>
   </trkpt>
   <trkpt lat="-26.2459420" lon="-51.0867250">
    <ele>759.1</ele>
   </trkpt>
   <trkpt lat="-26.2459810" lon="-51.0867120">
    <ele>759.1</ele>
   </trkpt>
   <trkpt lat="-26.2460180" lon="-51.0866980">
    <ele>759.1</ele>
   </trkpt>
   <trkpt lat="-26.2460530" lon="-51.0866870">
    <ele>759.1</ele>
   </trkpt>
   <trkpt lat="-26.2460960" lon="-51.0866740">
    <ele>759.2</ele>
   </trkpt>
   <trkpt lat="-26.2461320" lon="-51.0866650">
    <ele>759.3</ele>
   </trkpt>
   <trkpt lat="-26.2461680" lon="-51.0866490">
    <ele>759.3</ele>
   </trkpt>
   <trkpt lat="-26.2462050" lon="-51.0866410">
    <ele>759.4</ele>
   </trkpt>
   <trkpt lat="-26.2462390" lon="-51.0866290">
    <ele>759.5</ele>
   </trkpt>
   <trkpt lat="-26.2462740" lon="-51.0866130">
    <ele>759.5</ele>
   </trkpt>
   <trkpt lat="-26.2463020" lon="-51.0866000">
    <ele>759.6</ele>
   </trkpt>
   <trkpt lat="-26.2463190" lon="-51.0865950">
    <ele>759.6</ele>
   </trkpt>
   <trkpt lat="-26.2463350" lon="-51.0865940">
    <ele>759.6</ele>
   </trkpt>
   <trkpt lat="-26.2463490" lon="-51.0865900">
    <ele>759.7</ele>
   </trkpt>
   <trkpt lat="-26.2463620" lon="-51.0865910">
    <ele>759.7</ele>
   </trkpt>
   <trkpt lat="-26.2463760" lon="-51.0865870">
    <ele>759.7</ele>
   </trkpt>
   <trkpt lat="-26.2463880" lon="-51.0865810">
    <ele>759.7</ele>
   </trkpt>
   <trkpt lat="-26.2464060" lon="-51.0865680">
    <ele>759.8</ele>
   </trkpt>
   <trkpt lat="-26.2464130" lon="-51.0865650">
    <ele>759.8</ele>
   </trkpt>
   <trkpt lat="-26.2464210" lon="-51.0865610">
    <ele>759.8</ele>
   </trkpt>
   <trkpt lat="-26.2464300" lon="-51.0865610">
    <ele>759.8</ele>
   </trkpt>
   <trkpt lat="-26.2464400" lon="-51.0865590">
    <ele>759.9</ele>
   </trkpt>
   <trkpt lat="-26.2464470" lon="-51.0865530">
    <ele>759.9</ele>
   </trkpt>
   <trkpt lat="-26.2464480" lon="-51.0865500">
    <ele>759.9</ele>
   </trkpt>
   <trkpt lat="-26.2464590" lon="-51.0865480">
    <ele>759.9</ele>
   </trkpt>
   <trkpt lat="-26.2464680" lon="-51.0865460">
    <ele>759.9</ele>
   </trkpt>
   <trkpt lat="-26.2464740" lon="-51.0865430">
    <ele>759.9</ele>
   </trkpt>
   <trkpt lat="-26.2464820" lon="-51.0865410">
    <ele>759.9</ele>
   </trkpt>
   <trkpt lat="-26.2464940" lon="-51.0865340">
    <ele>760.0</ele>
   </trkpt>
   <trkpt lat="-26.2465040" lon="-51.0865260">
    <ele>760.0</ele>
   </trkpt>
   <trkpt lat="-26.2465140" lon="-51.0865220">
    <ele>760.0</ele>
   </trkpt>
   <trkpt lat="-26.2465280" lon="-51.0865160">
    <ele>760.1</ele>
   </trkpt>
   <trkpt lat="-26.2465360" lon="-51.0865140">
    <ele>760.1</ele>
   </trkpt>
   <trkpt lat="-26.2465430" lon="-51.0865130">
    <ele>760.1</ele>
   </trkpt>
   <trkpt lat="-26.2465500" lon="-51.0865120">
    <ele>760.1</ele>
   </trkpt>
   <trkpt lat="-26.2465580" lon="-51.0865100">
    <ele>760.1</ele>
   </trkpt>
   <trkpt lat="-26.2465660" lon="-51.0865070">
    <ele>760.1</ele>
   </trkpt>
   <trkpt lat="-26.2465690" lon="-51.0865070">
    <ele>760.1</ele>
   </trkpt>
   <trkpt lat="-26.2465690" lon="-51.0865080">
    <ele>760.1</ele>
   </trkpt>
   <trkpt lat="-26.2465680" lon="-51.0865100">
    <ele>760.1</ele>
   </trkpt>
   <trkpt lat="-26.2465680" lon="-51.0865100">
    <ele>760.1</ele>
   </trkpt>
   <trkpt lat="-26.2465680" lon="-51.0865100">
    <ele>760.1</ele>
   </trkpt>
   <trkpt lat="-26.2465680" lon="-51.0865100">
    <ele>760.1</ele>
   </trkpt>
   <trkpt lat="-26.2465680" lon="-51.0865100">
    <ele>760.1</ele>
   </trkpt>
   <trkpt lat="-26.2465670" lon="-51.0865070">
    <ele>760.1</ele>
   </trkpt>
   <trkpt lat="-26.2465670" lon="-51.0865070">
    <ele>760.1</ele>
   </trkpt>
   <trkpt lat="-26.2466290" lon="-51.0864740">
    <ele>760.3</ele>
   </trkpt>
   <trkpt lat="-26.2466550" lon="-51.0864590">
    <ele>760.4</ele>
   </trkpt>
   <trkpt lat="-26.2466940" lon="-51.0864490">
    <ele>760.5</ele>
   </trkpt>
   <trkpt lat="-26.2467060" lon="-51.0864440">
    <ele>760.5</ele>
   </trkpt>
   <trkpt lat="-26.2467330" lon="-51.0864360">
    <ele>760.5</ele>
   </trkpt>
   <trkpt lat="-26.2467620" lon="-51.0864270">
    <ele>760.6</ele>
   </trkpt>
   <trkpt lat="-26.2467970" lon="-51.0864140">
    <ele>760.7</ele>
   </trkpt>
   <trkpt lat="-26.2468110" lon="-51.0864080">
    <ele>760.7</ele>
   </trkpt>
   <trkpt lat="-26.2468430" lon="-51.0863990">
    <ele>760.8</ele>
   </trkpt>
   <trkpt lat="-26.2468730" lon="-51.0863860">
    <ele>760.8</ele>
   </trkpt>
   <trkpt lat="-26.2469020" lon="-51.0863710">
    <ele>760.9</ele>
   </trkpt>
   <trkpt lat="-26.2469270" lon="-51.0863570">
    <ele>761.0</ele>
   </trkpt>
   <trkpt lat="-26.2469600" lon="-51.0863500">
    <ele>761.1</ele>
   </trkpt>
   <trkpt lat="-26.2469810" lon="-51.0863440">
    <ele>761.1</ele>
   </trkpt>
   <trkpt lat="-26.2469960" lon="-51.0863400">
    <ele>761.2</ele>
   </trkpt>
   <trkpt lat="-26.2470090" lon="-51.0863390">
    <ele>761.2</ele>
   </trkpt>
   <trkpt lat="-26.2470260" lon="-51.0863310">
    <ele>761.2</ele>
   </trkpt>
   <trkpt lat="-26.2470570" lon="-51.0863290">
    <ele>761.3</ele>
   </trkpt>
   <trkpt lat="-26.2470660" lon="-51.0863300">
    <ele>761.4</ele>
   </trkpt>
   <trkpt lat="-26.2470970" lon="-51.0863300">
    <ele>761.6</ele>
   </trkpt>
   <trkpt lat="-26.2471300" lon="-51.0863340">
    <ele>761.7</ele>
   </trkpt>
   <trkpt lat="-26.2471510" lon="-51.0863360">
    <ele>761.7</ele>
   </trkpt>
   <trkpt lat="-26.2471930" lon="-51.0863330">
    <ele>761.9</ele>
   </trkpt>
   <trkpt lat="-26.2472300" lon="-51.0863250">
    <ele>762.1</ele>
   </trkpt>
   <trkpt lat="-26.2472590" lon="-51.0863120">
    <ele>762.1</ele>
   </trkpt>
   <trkpt lat="-26.2472930" lon="-51.0862990">
    <ele>762.1</ele>
   </trkpt>
   <trkpt lat="-26.2473240" lon="-51.0862860">
    <ele>762.2</ele>
   </trkpt>
   <trkpt lat="-26.2473520" lon="-51.0862650">
    <ele>762.2</ele>
   </trkpt>
   <trkpt lat="-26.2473820" lon="-51.0862540">
    <ele>762.3</ele>
   </trkpt>
   <trkpt lat="-26.2474130" lon="-51.0862340">
    <ele>762.4</ele>
   </trkpt>
   <trkpt lat="-26.2474410" lon="-51.0862160">
    <ele>762.5</ele>
   </trkpt>
   <trkpt lat="-26.2474670" lon="-51.0862010">
    <ele>762.6</ele>
   </trkpt>
   <trkpt lat="-26.2474960" lon="-51.0861880">
    <ele>762.7</ele>
   </trkpt>
   <trkpt lat="-26.2475230" lon="-51.0861850">
    <ele>762.8</ele>
   </trkpt>
   <trkpt lat="-26.2475520" lon="-51.0861760">
    <ele>762.9</ele>
   </trkpt>
   <trkpt lat="-26.2475840" lon="-51.0861720">
    <ele>763.1</ele>
   </trkpt>
   <trkpt lat="-26.2476140" lon="-51.0861640">
    <ele>763.2</ele>
   </trkpt>
   <trkpt lat="-26.2476410" lon="-51.0861510">
    <ele>763.3</ele>
   </trkpt>
   <trkpt lat="-26.2476700" lon="-51.0861340">
    <ele>763.4</ele>
   </trkpt>
   <trkpt lat="-26.2476970" lon="-51.0861080">
    <ele>763.5</ele>
   </trkpt>
   <trkpt lat="-26.2477220" lon="-51.0860920">
    <ele>763.6</ele>
   </trkpt>
   <trkpt lat="-26.2477490" lon="-51.0860730">
    <ele>763.7</ele>
   </trkpt>
   <trkpt lat="-26.2477760" lon="-51.0860590">
    <ele>763.8</ele>
   </trkpt>
   <trkpt lat="-26.2478030" lon="-51.0860460">
    <ele>763.9</ele>
   </trkpt>
   <trkpt lat="-26.2478310" lon="-51.0860320">
    <ele>764.0</ele>
   </trkpt>
   <trkpt lat="-26.2478590" lon="-51.0860230">
    <ele>764.1</ele>
   </trkpt>
   <trkpt lat="-26.2478860" lon="-51.0860120">
    <ele>764.2</ele>
   </trkpt>
   <trkpt lat="-26.2478950" lon="-51.0860070">
    <ele>764.2</ele>
   </trkpt>
   <trkpt lat="-26.2479260" lon="-51.0859920">
    <ele>764.4</ele>
   </trkpt>
   <trkpt lat="-26.2479360" lon="-51.0859870">
    <ele>764.4</ele>
   </trkpt>
   <trkpt lat="-26.2479630" lon="-51.0859740">
    <ele>764.5</ele>
   </trkpt>
   <trkpt lat="-26.2479740" lon="-51.0859700">
    <ele>764.5</ele>
   </trkpt>
   <trkpt lat="-26.2480050" lon="-51.0859560">
    <ele>764.6</ele>
   </trkpt>
   <trkpt lat="-26.2480140" lon="-51.0859520">
    <ele>764.7</ele>
   </trkpt>
   <trkpt lat="-26.2480440" lon="-51.0859370">
    <ele>764.8</ele>
   </trkpt>
   <trkpt lat="-26.2480810" lon="-51.0859170">
    <ele>764.9</ele>
   </trkpt>
   <trkpt lat="-26.2481110" lon="-51.0859040">
    <ele>765.0</ele>
   </trkpt>
   <trkpt lat="-26.2481410" lon="-51.0858910">
    <ele>765.1</ele>
   </trkpt>
   <trkpt lat="-26.2481720" lon="-51.0858780">
    <ele>765.2</ele>
   </trkpt>
   <trkpt lat="-26.2482010" lon="-51.0858640">
    <ele>765.3</ele>
   </trkpt>
   <trkpt lat="-26.2482320" lon="-51.0858510">
    <ele>765.4</ele>
   </trkpt>
   <trkpt lat="-26.2482580" lon="-51.0858400">
    <ele>765.5</ele>
   </trkpt>
   <trkpt lat="-26.2482890" lon="-51.0858290">
    <ele>765.6</ele>
   </trkpt>
   <trkpt lat="-26.2483220" lon="-51.0858120">
    <ele>765.7</ele>
   </trkpt>
   <trkpt lat="-26.2483520" lon="-51.0857940">
    <ele>765.8</ele>
   </trkpt>
   <trkpt lat="-26.2483810" lon="-51.0857780">
    <ele>765.9</ele>
   </trkpt>
   <trkpt lat="-26.2484110" lon="-51.0857620">
    <ele>766.0</ele>
   </trkpt>
   <trkpt lat="-26.2484390" lon="-51.0857470">
    <ele>766.1</ele>
   </trkpt>
   <trkpt lat="-26.2484680" lon="-51.0857280">
    <ele>766.2</ele>
   </trkpt>
   <trkpt lat="-26.2484930" lon="-51.0857080">
    <ele>766.3</ele>
   </trkpt>
   <trkpt lat="-26.2485290" lon="-51.0856890">
    <ele>766.4</ele>
   </trkpt>
   <trkpt lat="-26.2485410" lon="-51.0856840">
    <ele>766.5</ele>
   </trkpt>
   <trkpt lat="-26.2485740" lon="-51.0856640">
    <ele>766.6</ele>
   </trkpt>
   <trkpt lat="-26.2485870" lon="-51.0856580">
    <ele>766.6</ele>
   </trkpt>
   <trkpt lat="-26.2486110" lon="-51.0856390">
    <ele>766.7</ele>
   </trkpt>
   <trkpt lat="-26.2486340" lon="-51.0856180">
    <ele>766.8</ele>
   </trkpt>
   <trkpt lat="-26.2486580" lon="-51.0856000">
    <ele>766.9</ele>
   </trkpt>
   <trkpt lat="-26.2486940" lon="-51.0855780">
    <ele>766.9</ele>
   </trkpt>
   <trkpt lat="-26.2487060" lon="-51.0855700">
    <ele>767.0</ele>
   </trkpt>
   <trkpt lat="-26.2487320" lon="-51.0855490">
    <ele>767.0</ele>
   </trkpt>
   <trkpt lat="-26.2487560" lon="-51.0855290">
    <ele>767.0</ele>
   </trkpt>
   <trkpt lat="-26.2487800" lon="-51.0855120">
    <ele>767.1</ele>
   </trkpt>
   <trkpt lat="-26.2488060" lon="-51.0854980">
    <ele>767.1</ele>
   </trkpt>
   <trkpt lat="-26.2488330" lon="-51.0854790">
    <ele>767.1</ele>
   </trkpt>
   <trkpt lat="-26.2488560" lon="-51.0854520">
    <ele>767.2</ele>
   </trkpt>
   <trkpt lat="-26.2488780" lon="-51.0854310">
    <ele>767.2</ele>
   </trkpt>
   <trkpt lat="-26.2489030" lon="-51.0854100">
    <ele>767.2</ele>
   </trkpt>
   <trkpt lat="-26.2489370" lon="-51.0853850">
    <ele>767.3</ele>
   </trkpt>
   <trkpt lat="-26.2489490" lon="-51.0853730">
    <ele>767.3</ele>
   </trkpt>
   <trkpt lat="-26.2489730" lon="-51.0853470">
    <ele>767.3</ele>
   </trkpt>
   <trkpt lat="-26.2489950" lon="-51.0853210">
    <ele>767.3</ele>
   </trkpt>
   <trkpt lat="-26.2490190" lon="-51.0852990">
    <ele>767.3</ele>
   </trkpt>
   <trkpt lat="-26.2490450" lon="-51.0852810">
    <ele>767.4</ele>
   </trkpt>
   <trkpt lat="-26.2490670" lon="-51.0852550">
    <ele>767.4</ele>
   </trkpt>
   <trkpt lat="-26.2490880" lon="-51.0852320">
    <ele>767.4</ele>
   </trkpt>
   <trkpt lat="-26.2491120" lon="-51.0852080">
    <ele>767.4</ele>
   </trkpt>
   <trkpt lat="-26.2491400" lon="-51.0851860">
    <ele>767.4</ele>
   </trkpt>
   <trkpt lat="-26.2491640" lon="-51.0851620">
    <ele>767.5</ele>
   </trkpt>
   <trkpt lat="-26.2491840" lon="-51.0851380">
    <ele>767.5</ele>
   </trkpt>
   <trkpt lat="-26.2492050" lon="-51.0851140">
    <ele>767.5</ele>
   </trkpt>
   <trkpt lat="-26.2492310" lon="-51.0850920">
    <ele>767.5</ele>
   </trkpt>
   <trkpt lat="-26.2492540" lon="-51.0850680">
    <ele>767.5</ele>
   </trkpt>
   <trkpt lat="-26.2492780" lon="-51.0850420">
    <ele>767.6</ele>
   </trkpt>
   <trkpt lat="-26.2492980" lon="-51.0850210">
    <ele>767.6</ele>
   </trkpt>
   <trkpt lat="-26.2493210" lon="-51.0849970">
    <ele>767.6</ele>
   </trkpt>
   <trkpt lat="-26.2493430" lon="-51.0849770">
    <ele>767.6</ele>
   </trkpt>
   <trkpt lat="-26.2493680" lon="-51.0849510">
    <ele>767.7</ele>
   </trkpt>
   <trkpt lat="-26.2493900" lon="-51.0849260">
    <ele>767.7</ele>
   </trkpt>
   <trkpt lat="-26.2494080" lon="-51.0849000">
    <ele>767.7</ele>
   </trkpt>
   <trkpt lat="-26.2494270" lon="-51.0848770">
    <ele>767.7</ele>
   </trkpt>
   <trkpt lat="-26.2494530" lon="-51.0848560">
    <ele>767.8</ele>
   </trkpt>
   <trkpt lat="-26.2494740" lon="-51.0848330">
    <ele>767.8</ele>
   </trkpt>
   <trkpt lat="-26.2494950" lon="-51.0848100">
    <ele>767.8</ele>
   </trkpt>
   <trkpt lat="-26.2495140" lon="-51.0847880">
    <ele>767.8</ele>
   </trkpt>
   <trkpt lat="-26.2495430" lon="-51.0847580">
    <ele>767.8</ele>
   </trkpt>
   <trkpt lat="-26.2495550" lon="-51.0847460">
    <ele>767.8</ele>
   </trkpt>
   <trkpt lat="-26.2495780" lon="-51.0847250">
    <ele>767.8</ele>
   </trkpt>
   <trkpt lat="-26.2496010" lon="-51.0847070">
    <ele>767.8</ele>
   </trkpt>
   <trkpt lat="-26.2496270" lon="-51.0846840">
    <ele>767.8</ele>
   </trkpt>
   <trkpt lat="-26.2496500" lon="-51.0846600">
    <ele>767.8</ele>
   </trkpt>
   <trkpt lat="-26.2496710" lon="-51.0846370">
    <ele>767.8</ele>
   </trkpt>
   <trkpt lat="-26.2496890" lon="-51.0846120">
    <ele>767.8</ele>
   </trkpt>
   <trkpt lat="-26.2497110" lon="-51.0845850">
    <ele>767.8</ele>
   </trkpt>
   <trkpt lat="-26.2497340" lon="-51.0845590">
    <ele>767.8</ele>
   </trkpt>
   <trkpt lat="-26.2497560" lon="-51.0845320">
    <ele>767.8</ele>
   </trkpt>
   <trkpt lat="-26.2497750" lon="-51.0845060">
    <ele>767.9</ele>
   </trkpt>
   <trkpt lat="-26.2497980" lon="-51.0844810">
    <ele>767.9</ele>
   </trkpt>
   <trkpt lat="-26.2498220" lon="-51.0844580">
    <ele>767.9</ele>
   </trkpt>
   <trkpt lat="-26.2498440" lon="-51.0844330">
    <ele>767.9</ele>
   </trkpt>
   <trkpt lat="-26.2498660" lon="-51.0844050">
    <ele>767.9</ele>
   </trkpt>
   <trkpt lat="-26.2498880" lon="-51.0843820">
    <ele>767.9</ele>
   </trkpt>
   <trkpt lat="-26.2499070" lon="-51.0843570">
    <ele>767.9</ele>
   </trkpt>
   <trkpt lat="-26.2499260" lon="-51.0843310">
    <ele>768.0</ele>
   </trkpt>
   <trkpt lat="-26.2499540" lon="-51.0843000">
    <ele>768.0</ele>
   </trkpt>
   <trkpt lat="-26.2499660" lon="-51.0842910">
    <ele>768.0</ele>
   </trkpt>
   <trkpt lat="-26.2499940" lon="-51.0842670">
    <ele>767.9</ele>
   </trkpt>
   <trkpt lat="-26.2500280" lon="-51.0842480">
    <ele>767.9</ele>
   </trkpt>
   <trkpt lat="-26.2500580" lon="-51.0842240">
    <ele>767.9</ele>
   </trkpt>
   <trkpt lat="-26.2500880" lon="-51.0842020">
    <ele>767.8</ele>
   </trkpt>
   <trkpt lat="-26.2501110" lon="-51.0841810">
    <ele>767.8</ele>
   </trkpt>
   <trkpt lat="-26.2501350" lon="-51.0841580">
    <ele>767.7</ele>
   </trkpt>
   <trkpt lat="-26.2501510" lon="-51.0841290">
    <ele>767.7</ele>
   </trkpt>
   <trkpt lat="-26.2501690" lon="-51.0841040">
    <ele>767.7</ele>
   </trkpt>
   <trkpt lat="-26.2501870" lon="-51.0840740">
    <ele>767.7</ele>
   </trkpt>
   <trkpt lat="-26.2502060" lon="-51.0840340">
    <ele>767.7</ele>
   </trkpt>
   <trkpt lat="-26.2502140" lon="-51.0840210">
    <ele>767.7</ele>
   </trkpt>
   <trkpt lat="-26.2502340" lon="-51.0839890">
    <ele>767.7</ele>
   </trkpt>
   <trkpt lat="-26.2502510" lon="-51.0839600">
    <ele>767.8</ele>
   </trkpt>
   <trkpt lat="-26.2502700" lon="-51.0839330">
    <ele>767.8</ele>
   </trkpt>
   <trkpt lat="-26.2502900" lon="-51.0838980">
    <ele>767.8</ele>
   </trkpt>
   <trkpt lat="-26.2502980" lon="-51.0838860">
    <ele>767.8</ele>
   </trkpt>
   <trkpt lat="-26.2503200" lon="-51.0838590">
    <ele>767.9</ele>
   </trkpt>
   <trkpt lat="-26.2503220" lon="-51.0838530">
    <ele>767.9</ele>
   </trkpt>
   <trkpt lat="-26.2503250" lon="-51.0838450">
    <ele>767.9</ele>
   </trkpt>
   <trkpt lat="-26.2503290" lon="-51.0838380">
    <ele>767.9</ele>
   </trkpt>
   <trkpt lat="-26.2503360" lon="-51.0838380">
    <ele>767.9</ele>
   </trkpt>
   <trkpt lat="-26.2503440" lon="-51.0838330">
    <ele>767.9</ele>
   </trkpt>
   <trkpt lat="-26.2503520" lon="-51.0838270">
    <ele>767.9</ele>
   </trkpt>
   <trkpt lat="-26.2503580" lon="-51.0838200">
    <ele>767.9</ele>
   </trkpt>
   <trkpt lat="-26.2503630" lon="-51.0838130">
    <ele>767.9</ele>
   </trkpt>
   <trkpt lat="-26.2503680" lon="-51.0838050">
    <ele>768.0</ele>
   </trkpt>
   <trkpt lat="-26.2503730" lon="-51.0837980">
    <ele>768.0</ele>
   </trkpt>
   <trkpt lat="-26.2503780" lon="-51.0837910">
    <ele>768.0</ele>
   </trkpt>
   <trkpt lat="-26.2503840" lon="-51.0837830">
    <ele>768.0</ele>
   </trkpt>
   <trkpt lat="-26.2503890" lon="-51.0837760">
    <ele>768.0</ele>
   </trkpt>
   <trkpt lat="-26.2503940" lon="-51.0837690">
    <ele>768.0</ele>
   </trkpt>
   <trkpt lat="-26.2503990" lon="-51.0837610">
    <ele>768.0</ele>
   </trkpt>
   <trkpt lat="-26.2504040" lon="-51.0837460">
    <ele>768.0</ele>
   </trkpt>
   <trkpt lat="-26.2504160" lon="-51.0837260">
    <ele>768.0</ele>
   </trkpt>
   <trkpt lat="-26.2504450" lon="-51.0836980">
    <ele>768.1</ele>
   </trkpt>
   <trkpt lat="-26.2504550" lon="-51.0836870">
    <ele>768.1</ele>
   </trkpt>
   <trkpt lat="-26.2504630" lon="-51.0836580">
    <ele>768.1</ele>
   </trkpt>
   <trkpt lat="-26.2504730" lon="-51.0836300">
    <ele>768.2</ele>
   </trkpt>
   <trkpt lat="-26.2504800" lon="-51.0835960">
    <ele>768.2</ele>
   </trkpt>
   <trkpt lat="-26.2504870" lon="-51.0835620">
    <ele>768.3</ele>
   </trkpt>
   <trkpt lat="-26.2504980" lon="-51.0835300">
    <ele>768.3</ele>
   </trkpt>
   <trkpt lat="-26.2505170" lon="-51.0835050">
    <ele>768.4</ele>
   </trkpt>
   <trkpt lat="-26.2505340" lon="-51.0834810">
    <ele>768.4</ele>
   </trkpt>
   <trkpt lat="-26.2505550" lon="-51.0834590">
    <ele>768.4</ele>
   </trkpt>
   <trkpt lat="-26.2505740" lon="-51.0834340">
    <ele>768.5</ele>
   </trkpt>
   <trkpt lat="-26.2505940" lon="-51.0834090">
    <ele>768.5</ele>
   </trkpt>
   <trkpt lat="-26.2506160" lon="-51.0833860">
    <ele>768.6</ele>
   </trkpt>
   <trkpt lat="-26.2506350" lon="-51.0833640">
    <ele>768.6</ele>
   </trkpt>
   <trkpt lat="-26.2506540" lon="-51.0833350">
    <ele>768.7</ele>
   </trkpt>
   <trkpt lat="-26.2506700" lon="-51.0833080">
    <ele>768.8</ele>
   </trkpt>
   <trkpt lat="-26.2506920" lon="-51.0832710">
    <ele>768.9</ele>
   </trkpt>
   <trkpt lat="-26.2506980" lon="-51.0832590">
    <ele>768.9</ele>
   </trkpt>
   <trkpt lat="-26.2507180" lon="-51.0832360">
    <ele>769.0</ele>
   </trkpt>
   <trkpt lat="-26.2507370" lon="-51.0832150">
    <ele>769.0</ele>
   </trkpt>
   <trkpt lat="-26.2507540" lon="-51.0831900">
    <ele>769.1</ele>
   </trkpt>
   <trkpt lat="-26.2507730" lon="-51.0831620">
    <ele>769.2</ele>
   </trkpt>
   <trkpt lat="-26.2507920" lon="-51.0831220">
    <ele>769.3</ele>
   </trkpt>
   <trkpt lat="-26.2508000" lon="-51.0831080">
    <ele>769.4</ele>
   </trkpt>
   <trkpt lat="-26.2508170" lon="-51.0830830">
    <ele>769.5</ele>
   </trkpt>
   <trkpt lat="-26.2508330" lon="-51.0830460">
    <ele>769.6</ele>
   </trkpt>
   <trkpt lat="-26.2508370" lon="-51.0830340">
    <ele>769.6</ele>
   </trkpt>
   <trkpt lat="-26.2508460" lon="-51.0830030">
    <ele>769.7</ele>
   </trkpt>
   <trkpt lat="-26.2508600" lon="-51.0829690">
    <ele>769.8</ele>
   </trkpt>
   <trkpt lat="-26.2508730" lon="-51.0829430">
    <ele>769.8</ele>
   </trkpt>
   <trkpt lat="-26.2508800" lon="-51.0829290">
    <ele>769.9</ele>
   </trkpt>
   <trkpt lat="-26.2508970" lon="-51.0829010">
    <ele>769.9</ele>
   </trkpt>
   <trkpt lat="-26.2509040" lon="-51.0828870">
    <ele>770.0</ele>
   </trkpt>
   <trkpt lat="-26.2509270" lon="-51.0828570">
    <ele>770.0</ele>
   </trkpt>
   <trkpt lat="-26.2509330" lon="-51.0828490">
    <ele>770.1</ele>
   </trkpt>
   <trkpt lat="-26.2509560" lon="-51.0828190">
    <ele>770.1</ele>
   </trkpt>
   <trkpt lat="-26.2509720" lon="-51.0827930">
    <ele>770.2</ele>
   </trkpt>
   <trkpt lat="-26.2509810" lon="-51.0827800">
    <ele>770.3</ele>
   </trkpt>
   <trkpt lat="-26.2510040" lon="-51.0827500">
    <ele>770.3</ele>
   </trkpt>
   <trkpt lat="-26.2510120" lon="-51.0827390">
    <ele>770.4</ele>
   </trkpt>
   <trkpt lat="-26.2510320" lon="-51.0827130">
    <ele>770.4</ele>
   </trkpt>
   <trkpt lat="-26.2510540" lon="-51.0826850">
    <ele>770.5</ele>
   </trkpt>
   <trkpt lat="-26.2510630" lon="-51.0826740">
    <ele>770.6</ele>
   </trkpt>
   <trkpt lat="-26.2510840" lon="-51.0826420">
    <ele>770.7</ele>
   </trkpt>
   <trkpt lat="-26.2510910" lon="-51.0826320">
    <ele>770.7</ele>
   </trkpt>
   <trkpt lat="-26.2511070" lon="-51.0826010">
    <ele>770.8</ele>
   </trkpt>
   <trkpt lat="-26.2511290" lon="-51.0825660">
    <ele>770.9</ele>
   </trkpt>
   <trkpt lat="-26.2511380" lon="-51.0825540">
    <ele>770.9</ele>
   </trkpt>
   <trkpt lat="-26.2511590" lon="-51.0825170">
    <ele>771.0</ele>
   </trkpt>
   <trkpt lat="-26.2511680" lon="-51.0825040">
    <ele>771.0</ele>
   </trkpt>
   <trkpt lat="-26.2511840" lon="-51.0824730">
    <ele>771.1</ele>
   </trkpt>
   <trkpt lat="-26.2512070" lon="-51.0824430">
    <ele>771.2</ele>
   </trkpt>
   <trkpt lat="-26.2512160" lon="-51.0824310">
    <ele>771.2</ele>
   </trkpt>
   <trkpt lat="-26.2512350" lon="-51.0824010">
    <ele>771.3</ele>
   </trkpt>
   <trkpt lat="-26.2512600" lon="-51.0823710">
    <ele>771.4</ele>
   </trkpt>
   <trkpt lat="-26.2512720" lon="-51.0823550">
    <ele>771.4</ele>
   </trkpt>
   <trkpt lat="-26.2512890" lon="-51.0823300">
    <ele>771.4</ele>
   </trkpt>
   <trkpt lat="-26.2512990" lon="-51.0823180">
    <ele>771.5</ele>
   </trkpt>
   <trkpt lat="-26.2513220" lon="-51.0822850">
    <ele>771.5</ele>
   </trkpt>
   <trkpt lat="-26.2513280" lon="-51.0822750">
    <ele>771.5</ele>
   </trkpt>
   <trkpt lat="-26.2513460" lon="-51.0822500">
    <ele>771.6</ele>
   </trkpt>
   <trkpt lat="-26.2513690" lon="-51.0822140">
    <ele>771.6</ele>
   </trkpt>
   <trkpt lat="-26.2513770" lon="-51.0822020">
    <ele>771.6</ele>
   </trkpt>
   <trkpt lat="-26.2513970" lon="-51.0821690">
    <ele>771.7</ele>
   </trkpt>
   <trkpt lat="-26.2514180" lon="-51.0821410">
    <ele>771.7</ele>
   </trkpt>
   <trkpt lat="-26.2514260" lon="-51.0821310">
    <ele>771.7</ele>
   </trkpt>
   <trkpt lat="-26.2514530" lon="-51.0820940">
    <ele>771.8</ele>
   </trkpt>
   <trkpt lat="-26.2514610" lon="-51.0820790">
    <ele>771.8</ele>
   </trkpt>
   <trkpt lat="-26.2514810" lon="-51.0820480">
    <ele>771.8</ele>
   </trkpt>
   <trkpt lat="-26.2514890" lon="-51.0820360">
    <ele>771.8</ele>
   </trkpt>
   <trkpt lat="-26.2515100" lon="-51.0820110">
    <ele>771.8</ele>
   </trkpt>
   <trkpt lat="-26.2515310" lon="-51.0819840">
    <ele>771.9</ele>
   </trkpt>
   <trkpt lat="-26.2515400" lon="-51.0819730">
    <ele>771.9</ele>
   </trkpt>
   <trkpt lat="-26.2515600" lon="-51.0819370">
    <ele>771.9</ele>
   </trkpt>
   <trkpt lat="-26.2515850" lon="-51.0819010">
    <ele>771.9</ele>
   </trkpt>
   <trkpt lat="-26.2516010" lon="-51.0818770">
    <ele>771.9</ele>
   </trkpt>
   <trkpt lat="-26.2516310" lon="-51.0818400">
    <ele>771.9</ele>
   </trkpt>
   <trkpt lat="-26.2516420" lon="-51.0818220">
    <ele>771.9</ele>
   </trkpt>
   <trkpt lat="-26.2516620" lon="-51.0817880">
    <ele>771.9</ele>
   </trkpt>
   <trkpt lat="-26.2516890" lon="-51.0817600">
    <ele>771.9</ele>
   </trkpt>
   <trkpt lat="-26.2517120" lon="-51.0817370">
    <ele>771.9</ele>
   </trkpt>
   <trkpt lat="-26.2517380" lon="-51.0817080">
    <ele>771.9</ele>
   </trkpt>
   <trkpt lat="-26.2517560" lon="-51.0816770">
    <ele>771.9</ele>
   </trkpt>
   <trkpt lat="-26.2517760" lon="-51.0816540">
    <ele>771.9</ele>
   </trkpt>
   <trkpt lat="-26.2518040" lon="-51.0816180">
    <ele>771.8</ele>
   </trkpt>
   <trkpt lat="-26.2518330" lon="-51.0815870">
    <ele>771.8</ele>
   </trkpt>
   <trkpt lat="-26.2518590" lon="-51.0815610">
    <ele>771.8</ele>
   </trkpt>
   <trkpt lat="-26.2518810" lon="-51.0815290">
    <ele>771.8</ele>
   </trkpt>
   <trkpt lat="-26.2519050" lon="-51.0814950">
    <ele>771.8</ele>
   </trkpt>
   <trkpt lat="-26.2519250" lon="-51.0814680">
    <ele>771.8</ele>
   </trkpt>
   <trkpt lat="-26.2519480" lon="-51.0814440">
    <ele>771.8</ele>
   </trkpt>
   <trkpt lat="-26.2519790" lon="-51.0814140">
    <ele>771.7</ele>
   </trkpt>
   <trkpt lat="-26.2520080" lon="-51.0813830">
    <ele>771.7</ele>
   </trkpt>
   <trkpt lat="-26.2520330" lon="-51.0813560">
    <ele>771.6</ele>
   </trkpt>
   <trkpt lat="-26.2520600" lon="-51.0813320">
    <ele>771.6</ele>
   </trkpt>
   <trkpt lat="-26.2520880" lon="-51.0812980">
    <ele>771.5</ele>
   </trkpt>
   <trkpt lat="-26.2521140" lon="-51.0812670">
    <ele>771.5</ele>
   </trkpt>
   <trkpt lat="-26.2521420" lon="-51.0812390">
    <ele>771.4</ele>
   </trkpt>
   <trkpt lat="-26.2521730" lon="-51.0812100">
    <ele>771.3</ele>
   </trkpt>
   <trkpt lat="-26.2522050" lon="-51.0811800">
    <ele>771.3</ele>
   </trkpt>
   <trkpt lat="-26.2522330" lon="-51.0811540">
    <ele>771.2</ele>
   </trkpt>
   <trkpt lat="-26.2522610" lon="-51.0811300">
    <ele>771.2</ele>
   </trkpt>
   <trkpt lat="-26.2522900" lon="-51.0811070">
    <ele>771.1</ele>
   </trkpt>
   <trkpt lat="-26.2523180" lon="-51.0810850">
    <ele>771.1</ele>
   </trkpt>
   <trkpt lat="-26.2523430" lon="-51.0810590">
    <ele>771.0</ele>
   </trkpt>
   <trkpt lat="-26.2523680" lon="-51.0810340">
    <ele>771.0</ele>
   </trkpt>
   <trkpt lat="-26.2523940" lon="-51.0810130">
    <ele>770.9</ele>
   </trkpt>
   <trkpt lat="-26.2524250" lon="-51.0809870">
    <ele>770.9</ele>
   </trkpt>
   <trkpt lat="-26.2524570" lon="-51.0809630">
    <ele>770.9</ele>
   </trkpt>
   <trkpt lat="-26.2524860" lon="-51.0809310">
    <ele>770.8</ele>
   </trkpt>
   <trkpt lat="-26.2525180" lon="-51.0809040">
    <ele>770.8</ele>
   </trkpt>
   <trkpt lat="-26.2525470" lon="-51.0808750">
    <ele>770.8</ele>
   </trkpt>
   <trkpt lat="-26.2525750" lon="-51.0808490">
    <ele>770.7</ele>
   </trkpt>
   <trkpt lat="-26.2526060" lon="-51.0808230">
    <ele>770.7</ele>
   </trkpt>
   <trkpt lat="-26.2526350" lon="-51.0807960">
    <ele>770.6</ele>
   </trkpt>
   <trkpt lat="-26.2526650" lon="-51.0807680">
    <ele>770.6</ele>
   </trkpt>
   <trkpt lat="-26.2526930" lon="-51.0807450">
    <ele>770.5</ele>
   </trkpt>
   <trkpt lat="-26.2527170" lon="-51.0807210">
    <ele>770.5</ele>
   </trkpt>
   <trkpt lat="-26.2527420" lon="-51.0806990">
    <ele>770.4</ele>
   </trkpt>
   <trkpt lat="-26.2527690" lon="-51.0806760">
    <ele>770.4</ele>
   </trkpt>
   <trkpt lat="-26.2527960" lon="-51.0806510">
    <ele>770.4</ele>
   </trkpt>
   <trkpt lat="-26.2528170" lon="-51.0806230">
    <ele>770.3</ele>
   </trkpt>
   <trkpt lat="-26.2528450" lon="-51.0805950">
    <ele>770.3</ele>
   </trkpt>
   <trkpt lat="-26.2528740" lon="-51.0805690">
    <ele>770.2</ele>
   </trkpt>
   <trkpt lat="-26.2529030" lon="-51.0805430">
    <ele>770.2</ele>
   </trkpt>
   <trkpt lat="-26.2529270" lon="-51.0805160">
    <ele>770.1</ele>
   </trkpt>
   <trkpt lat="-26.2529520" lon="-51.0804880">
    <ele>770.0</ele>
   </trkpt>
   <trkpt lat="-26.2529830" lon="-51.0804630">
    <ele>770.0</ele>
   </trkpt>
   <trkpt lat="-26.2530150" lon="-51.0804370">
    <ele>769.9</ele>
   </trkpt>
   <trkpt lat="-26.2530380" lon="-51.0804140">
    <ele>769.9</ele>
   </trkpt>
   <trkpt lat="-26.2530680" lon="-51.0803840">
    <ele>769.9</ele>
   </trkpt>
   <trkpt lat="-26.2530940" lon="-51.0803510">
    <ele>769.8</ele>
   </trkpt>
   <trkpt lat="-26.2531230" lon="-51.0803230">
    <ele>769.8</ele>
   </trkpt>
   <trkpt lat="-26.2531480" lon="-51.0802980">
    <ele>769.8</ele>
   </trkpt>
   <trkpt lat="-26.2531760" lon="-51.0802690">
    <ele>769.7</ele>
   </trkpt>
   <trkpt lat="-26.2532030" lon="-51.0802410">
    <ele>769.7</ele>
   </trkpt>
   <trkpt lat="-26.2532300" lon="-51.0802100">
    <ele>769.7</ele>
   </trkpt>
   <trkpt lat="-26.2532550" lon="-51.0801840">
    <ele>769.7</ele>
   </trkpt>
   <trkpt lat="-26.2532780" lon="-51.0801620">
    <ele>769.7</ele>
   </trkpt>
   <trkpt lat="-26.2533000" lon="-51.0801370">
    <ele>769.7</ele>
   </trkpt>
   <trkpt lat="-26.2533210" lon="-51.0801050">
    <ele>769.6</ele>
   </trkpt>
   <trkpt lat="-26.2533440" lon="-51.0800730">
    <ele>769.6</ele>
   </trkpt>
   <trkpt lat="-26.2533710" lon="-51.0800420">
    <ele>769.5</ele>
   </trkpt>
   <trkpt lat="-26.2533950" lon="-51.0800110">
    <ele>769.5</ele>
   </trkpt>
   <trkpt lat="-26.2534170" lon="-51.0799820">
    <ele>769.4</ele>
   </trkpt>
   <trkpt lat="-26.2534420" lon="-51.0799500">
    <ele>769.4</ele>
   </trkpt>
   <trkpt lat="-26.2534620" lon="-51.0799170">
    <ele>769.4</ele>
   </trkpt>
   <trkpt lat="-26.2534860" lon="-51.0798830">
    <ele>769.3</ele>
   </trkpt>
   <trkpt lat="-26.2535100" lon="-51.0798480">
    <ele>769.3</ele>
   </trkpt>
   <trkpt lat="-26.2535380" lon="-51.0798180">
    <ele>769.2</ele>
   </trkpt>
   <trkpt lat="-26.2535530" lon="-51.0797890">
    <ele>769.2</ele>
   </trkpt>
   <trkpt lat="-26.2535780" lon="-51.0797600">
    <ele>769.1</ele>
   </trkpt>
   <trkpt lat="-26.2535970" lon="-51.0797280">
    <ele>769.1</ele>
   </trkpt>
   <trkpt lat="-26.2536130" lon="-51.0796980">
    <ele>769.1</ele>
   </trkpt>
   <trkpt lat="-26.2536390" lon="-51.0796700">
    <ele>769.0</ele>
   </trkpt>
   <trkpt lat="-26.2536620" lon="-51.0796350">
    <ele>769.0</ele>
   </trkpt>
   <trkpt lat="-26.2536890" lon="-51.0796040">
    <ele>768.9</ele>
   </trkpt>
   <trkpt lat="-26.2537150" lon="-51.0795720">
    <ele>768.8</ele>
   </trkpt>
   <trkpt lat="-26.2537400" lon="-51.0795420">
    <ele>768.7</ele>
   </trkpt>
   <trkpt lat="-26.2537670" lon="-51.0795050">
    <ele>768.6</ele>
   </trkpt>
   <trkpt lat="-26.2537880" lon="-51.0794740">
    <ele>768.5</ele>
   </trkpt>
   <trkpt lat="-26.2538070" lon="-51.0794410">
    <ele>768.5</ele>
   </trkpt>
   <trkpt lat="-26.2538260" lon="-51.0794100">
    <ele>768.4</ele>
   </trkpt>
   <trkpt lat="-26.2538470" lon="-51.0793750">
    <ele>768.3</ele>
   </trkpt>
   <trkpt lat="-26.2538690" lon="-51.0793370">
    <ele>768.2</ele>
   </trkpt>
   <trkpt lat="-26.2538910" lon="-51.0793010">
    <ele>768.1</ele>
   </trkpt>
   <trkpt lat="-26.2539080" lon="-51.0792710">
    <ele>768.0</ele>
   </trkpt>
   <trkpt lat="-26.2539240" lon="-51.0792380">
    <ele>767.9</ele>
   </trkpt>
   <trkpt lat="-26.2539420" lon="-51.0792010">
    <ele>767.8</ele>
   </trkpt>
   <trkpt lat="-26.2539640" lon="-51.0791620">
    <ele>767.6</ele>
   </trkpt>
   <trkpt lat="-26.2539830" lon="-51.0791220">
    <ele>767.5</ele>
   </trkpt>
   <trkpt lat="-26.2540030" lon="-51.0790800">
    <ele>767.3</ele>
   </trkpt>
   <trkpt lat="-26.2540240" lon="-51.0790390">
    <ele>767.1</ele>
   </trkpt>
   <trkpt lat="-26.2540450" lon="-51.0790040">
    <ele>767.0</ele>
   </trkpt>
   <trkpt lat="-26.2540670" lon="-51.0789560">
    <ele>766.8</ele>
   </trkpt>
   <trkpt lat="-26.2540910" lon="-51.0789090">
    <ele>766.6</ele>
   </trkpt>
   <trkpt lat="-26.2541130" lon="-51.0788590">
    <ele>766.4</ele>
   </trkpt>
   <trkpt lat="-26.2541350" lon="-51.0788120">
    <ele>766.2</ele>
   </trkpt>
   <trkpt lat="-26.2541560" lon="-51.0787650">
    <ele>766.0</ele>
   </trkpt>
   <trkpt lat="-26.2541760" lon="-51.0787200">
    <ele>765.8</ele>
   </trkpt>
   <trkpt lat="-26.2541990" lon="-51.0786740">
    <ele>765.6</ele>
   </trkpt>
   <trkpt lat="-26.2542210" lon="-51.0786250">
    <ele>765.4</ele>
   </trkpt>
   <trkpt lat="-26.2542440" lon="-51.0785780">
    <ele>765.2</ele>
   </trkpt>
   <trkpt lat="-26.2542660" lon="-51.0785350">
    <ele>765.0</ele>
   </trkpt>
   <trkpt lat="-26.2542900" lon="-51.0784890">
    <ele>764.8</ele>
   </trkpt>
   <trkpt lat="-26.2543140" lon="-51.0784450">
    <ele>764.7</ele>
   </trkpt>
   <trkpt lat="-26.2543360" lon="-51.0783980">
    <ele>764.5</ele>
   </trkpt>
   <trkpt lat="-26.2543560" lon="-51.0783480">
    <ele>764.3</ele>
   </trkpt>
   <trkpt lat="-26.2543800" lon="-51.0783060">
    <ele>764.2</ele>
   </trkpt>
   <trkpt lat="-26.2544000" lon="-51.0782570">
    <ele>764.0</ele>
   </trkpt>
   <trkpt lat="-26.2544170" lon="-51.0782120">
    <ele>763.9</ele>
   </trkpt>
   <trkpt lat="-26.2544390" lon="-51.0781630">
    <ele>763.7</ele>
   </trkpt>
   <trkpt lat="-26.2544630" lon="-51.0781190">
    <ele>763.6</ele>
   </trkpt>
   <trkpt lat="-26.2544900" lon="-51.0780690">
    <ele>763.4</ele>
   </trkpt>
   <trkpt lat="-26.2545100" lon="-51.0780230">
    <ele>763.3</ele>
   </trkpt>
   <trkpt lat="-26.2545280" lon="-51.0779740">
    <ele>763.2</ele>
   </trkpt>
   <trkpt lat="-26.2545450" lon="-51.0779280">
    <ele>763.1</ele>
   </trkpt>
   <trkpt lat="-26.2545650" lon="-51.0778830">
    <ele>763.0</ele>
   </trkpt>
   <trkpt lat="-26.2545880" lon="-51.0778330">
    <ele>762.9</ele>
   </trkpt>
   <trkpt lat="-26.2546140" lon="-51.0777810">
    <ele>762.8</ele>
   </trkpt>
   <trkpt lat="-26.2546390" lon="-51.0777340">
    <ele>762.6</ele>
   </trkpt>
   <trkpt lat="-26.2546570" lon="-51.0776850">
    <ele>762.5</ele>
   </trkpt>
   <trkpt lat="-26.2546770" lon="-51.0776380">
    <ele>762.4</ele>
   </trkpt>
   <trkpt lat="-26.2546960" lon="-51.0775960">
    <ele>762.3</ele>
   </trkpt>
   <trkpt lat="-26.2547250" lon="-51.0775440">
    <ele>762.1</ele>
   </trkpt>
   <trkpt lat="-26.2547470" lon="-51.0774990">
    <ele>762.1</ele>
   </trkpt>
   <trkpt lat="-26.2547680" lon="-51.0774580">
    <ele>762.0</ele>
   </trkpt>
   <trkpt lat="-26.2547930" lon="-51.0774130">
    <ele>761.9</ele>
   </trkpt>
   <trkpt lat="-26.2548150" lon="-51.0773690">
    <ele>761.9</ele>
   </trkpt>
   <trkpt lat="-26.2548350" lon="-51.0773240">
    <ele>761.9</ele>
   </trkpt>
   <trkpt lat="-26.2548540" lon="-51.0772810">
    <ele>761.8</ele>
   </trkpt>
   <trkpt lat="-26.2548780" lon="-51.0772330">
    <ele>761.8</ele>
   </trkpt>
   <trkpt lat="-26.2549000" lon="-51.0771890">
    <ele>761.8</ele>
   </trkpt>
   <trkpt lat="-26.2549220" lon="-51.0771440">
    <ele>761.7</ele>
   </trkpt>
   <trkpt lat="-26.2549460" lon="-51.0770990">
    <ele>761.7</ele>
   </trkpt>
   <trkpt lat="-26.2549660" lon="-51.0770520">
    <ele>761.7</ele>
   </trkpt>
   <trkpt lat="-26.2549870" lon="-51.0770080">
    <ele>761.6</ele>
   </trkpt>
   <trkpt lat="-26.2550040" lon="-51.0769580">
    <ele>761.6</ele>
   </trkpt>
   <trkpt lat="-26.2550270" lon="-51.0769170">
    <ele>761.6</ele>
   </trkpt>
   <trkpt lat="-26.2550480" lon="-51.0768770">
    <ele>761.6</ele>
   </trkpt>
   <trkpt lat="-26.2550740" lon="-51.0768420">
    <ele>761.6</ele>
   </trkpt>
   <trkpt lat="-26.2550940" lon="-51.0767980">
    <ele>761.6</ele>
   </trkpt>
   <trkpt lat="-26.2551160" lon="-51.0767550">
    <ele>761.6</ele>
   </trkpt>
   <trkpt lat="-26.2551390" lon="-51.0767170">
    <ele>761.6</ele>
   </trkpt>
   <trkpt lat="-26.2551540" lon="-51.0766760">
    <ele>761.6</ele>
   </trkpt>
   <trkpt lat="-26.2551750" lon="-51.0766330">
    <ele>761.6</ele>
   </trkpt>
   <trkpt lat="-26.2551900" lon="-51.0765900">
    <ele>761.6</ele>
   </trkpt>
   <trkpt lat="-26.2552120" lon="-51.0765530">
    <ele>761.6</ele>
   </trkpt>
   <trkpt lat="-26.2552250" lon="-51.0765150">
    <ele>761.6</ele>
   </trkpt>
   <trkpt lat="-26.2552430" lon="-51.0764780">
    <ele>761.6</ele>
   </trkpt>
   <trkpt lat="-26.2552600" lon="-51.0764350">
    <ele>761.6</ele>
   </trkpt>
   <trkpt lat="-26.2552780" lon="-51.0764020">
    <ele>761.6</ele>
   </trkpt>
   <trkpt lat="-26.2552980" lon="-51.0763640">
    <ele>761.6</ele>
   </trkpt>
   <trkpt lat="-26.2553160" lon="-51.0763240">
    <ele>761.6</ele>
   </trkpt>
   <trkpt lat="-26.2553330" lon="-51.0762820">
    <ele>761.6</ele>
   </trkpt>
   <trkpt lat="-26.2553530" lon="-51.0762460">
    <ele>761.6</ele>
   </trkpt>
   <trkpt lat="-26.2553700" lon="-51.0762080">
    <ele>761.6</ele>
   </trkpt>
   <trkpt lat="-26.2553940" lon="-51.0761760">
    <ele>761.6</ele>
   </trkpt>
   <trkpt lat="-26.2554100" lon="-51.0761440">
    <ele>761.7</ele>
   </trkpt>
   <trkpt lat="-26.2554290" lon="-51.0761070">
    <ele>761.7</ele>
   </trkpt>
   <trkpt lat="-26.2554440" lon="-51.0760680">
    <ele>761.7</ele>
   </trkpt>
   <trkpt lat="-26.2554630" lon="-51.0760230">
    <ele>761.7</ele>
   </trkpt>
   <trkpt lat="-26.2554770" lon="-51.0759820">
    <ele>761.7</ele>
   </trkpt>
   <trkpt lat="-26.2554900" lon="-51.0759490">
    <ele>761.7</ele>
   </trkpt>
   <trkpt lat="-26.2555030" lon="-51.0759120">
    <ele>761.7</ele>
   </trkpt>
   <trkpt lat="-26.2555230" lon="-51.0758740">
    <ele>761.7</ele>
   </trkpt>
   <trkpt lat="-26.2555410" lon="-51.0758350">
    <ele>761.7</ele>
   </trkpt>
   <trkpt lat="-26.2555590" lon="-51.0758000">
    <ele>761.7</ele>
   </trkpt>
   <trkpt lat="-26.2555770" lon="-51.0757640">
    <ele>761.7</ele>
   </trkpt>
   <trkpt lat="-26.2555910" lon="-51.0757280">
    <ele>761.6</ele>
   </trkpt>
   <trkpt lat="-26.2556090" lon="-51.0756930">
    <ele>761.6</ele>
   </trkpt>
   <trkpt lat="-26.2556260" lon="-51.0756560">
    <ele>761.6</ele>
   </trkpt>
   <trkpt lat="-26.2556400" lon="-51.0756190">
    <ele>761.6</ele>
   </trkpt>
   <trkpt lat="-26.2556600" lon="-51.0755860">
    <ele>761.6</ele>
   </trkpt>
   <trkpt lat="-26.2556770" lon="-51.0755510">
    <ele>761.6</ele>
   </trkpt>
   <trkpt lat="-26.2556940" lon="-51.0755110">
    <ele>761.6</ele>
   </trkpt>
   <trkpt lat="-26.2557090" lon="-51.0754780">
    <ele>761.6</ele>
   </trkpt>
   <trkpt lat="-26.2557220" lon="-51.0754430">
    <ele>761.6</ele>
   </trkpt>
   <trkpt lat="-26.2557370" lon="-51.0754050">
    <ele>761.6</ele>
   </trkpt>
   <trkpt lat="-26.2557530" lon="-51.0753660">
    <ele>761.6</ele>
   </trkpt>
   <trkpt lat="-26.2557700" lon="-51.0753320">
    <ele>761.7</ele>
   </trkpt>
   <trkpt lat="-26.2557910" lon="-51.0752960">
    <ele>761.7</ele>
   </trkpt>
   <trkpt lat="-26.2558100" lon="-51.0752670">
    <ele>761.7</ele>
   </trkpt>
   <trkpt lat="-26.2558250" lon="-51.0752320">
    <ele>761.7</ele>
   </trkpt>
   <trkpt lat="-26.2558420" lon="-51.0751910">
    <ele>761.8</ele>
   </trkpt>
   <trkpt lat="-26.2558650" lon="-51.0751530">
    <ele>761.8</ele>
   </trkpt>
   <trkpt lat="-26.2558870" lon="-51.0751180">
    <ele>761.9</ele>
   </trkpt>
   <trkpt lat="-26.2559180" lon="-51.0750800">
    <ele>761.9</ele>
   </trkpt>
   <trkpt lat="-26.2559590" lon="-51.0750310">
    <ele>762.0</ele>
   </trkpt>
   <trkpt lat="-26.2560050" lon="-51.0750090">
    <ele>762.0</ele>
   </trkpt>
   <trkpt lat="-26.2560360" lon="-51.0750020">
    <ele>762.1</ele>
   </trkpt>
   <trkpt lat="-26.2560620" lon="-51.0749910">
    <ele>762.1</ele>
   </trkpt>
   <trkpt lat="-26.2560820" lon="-51.0749840">
    <ele>762.1</ele>
   </trkpt>
   <trkpt lat="-26.2560930" lon="-51.0749740">
    <ele>762.1</ele>
   </trkpt>
   <trkpt lat="-26.2561000" lon="-51.0749560">
    <ele>762.1</ele>
   </trkpt>
   <trkpt lat="-26.2561130" lon="-51.0749420">
    <ele>762.1</ele>
   </trkpt>
   <trkpt lat="-26.2561340" lon="-51.0749140">
    <ele>762.1</ele>
   </trkpt>
   <trkpt lat="-26.2561400" lon="-51.0749030">
    <ele>762.0</ele>
   </trkpt>
   <trkpt lat="-26.2561490" lon="-51.0748640">
    <ele>761.9</ele>
   </trkpt>
   <trkpt lat="-26.2561510" lon="-51.0748510">
    <ele>761.9</ele>
   </trkpt>
   <trkpt lat="-26.2561610" lon="-51.0748020">
    <ele>761.7</ele>
   </trkpt>
   <trkpt lat="-26.2561650" lon="-51.0747820">
    <ele>761.6</ele>
   </trkpt>
   <trkpt lat="-26.2561770" lon="-51.0747420">
    <ele>761.5</ele>
   </trkpt>
   <trkpt lat="-26.2561890" lon="-51.0746900">
    <ele>761.3</ele>
   </trkpt>
   <trkpt lat="-26.2562050" lon="-51.0746410">
    <ele>761.1</ele>
   </trkpt>
   <trkpt lat="-26.2562220" lon="-51.0746090">
    <ele>761.0</ele>
   </trkpt>
   <trkpt lat="-26.2562620" lon="-51.0745770">
    <ele>760.8</ele>
   </trkpt>
   <trkpt lat="-26.2562970" lon="-51.0745490">
    <ele>760.7</ele>
   </trkpt>
   <trkpt lat="-26.2563280" lon="-51.0745240">
    <ele>760.7</ele>
   </trkpt>
   <trkpt lat="-26.2563590" lon="-51.0745000">
    <ele>760.6</ele>
   </trkpt>
   <trkpt lat="-26.2563830" lon="-51.0744730">
    <ele>760.5</ele>
   </trkpt>
   <trkpt lat="-26.2564050" lon="-51.0744470">
    <ele>760.5</ele>
   </trkpt>
   <trkpt lat="-26.2564290" lon="-51.0744250">
    <ele>760.5</ele>
   </trkpt>
   <trkpt lat="-26.2564540" lon="-51.0744060">
    <ele>760.4</ele>
   </trkpt>
   <trkpt lat="-26.2564750" lon="-51.0743860">
    <ele>760.4</ele>
   </trkpt>
   <trkpt lat="-26.2565010" lon="-51.0743660">
    <ele>760.4</ele>
   </trkpt>
   <trkpt lat="-26.2565090" lon="-51.0743640">
    <ele>760.4</ele>
   </trkpt>
   <trkpt lat="-26.2565340" lon="-51.0743390">
    <ele>760.4</ele>
   </trkpt>
   <trkpt lat="-26.2565410" lon="-51.0743320">
    <ele>760.4</ele>
   </trkpt>
   <trkpt lat="-26.2565670" lon="-51.0743040">
    <ele>760.3</ele>
   </trkpt>
   <trkpt lat="-26.2565760" lon="-51.0742940">
    <ele>760.3</ele>
   </trkpt>
   <trkpt lat="-26.2565990" lon="-51.0742700">
    <ele>760.3</ele>
   </trkpt>
   <trkpt lat="-26.2566060" lon="-51.0742620">
    <ele>760.3</ele>
   </trkpt>
   <trkpt lat="-26.2566330" lon="-51.0742390">
    <ele>760.3</ele>
   </trkpt>
   <trkpt lat="-26.2566420" lon="-51.0742320">
    <ele>760.3</ele>
   </trkpt>
   <trkpt lat="-26.2566670" lon="-51.0742100">
    <ele>760.3</ele>
   </trkpt>
   <trkpt lat="-26.2566750" lon="-51.0742040">
    <ele>760.2</ele>
   </trkpt>
   <trkpt lat="-26.2566990" lon="-51.0741800">
    <ele>760.2</ele>
   </trkpt>
   <trkpt lat="-26.2567080" lon="-51.0741730">
    <ele>760.2</ele>
   </trkpt>
   <trkpt lat="-26.2567240" lon="-51.0741580">
    <ele>760.2</ele>
   </trkpt>
   <trkpt lat="-26.2567330" lon="-51.0741450">
    <ele>760.2</ele>
   </trkpt>
   <trkpt lat="-26.2567480" lon="-51.0741340">
    <ele>760.2</ele>
   </trkpt>
   <trkpt lat="-26.2567600" lon="-51.0741210">
    <ele>760.1</ele>
   </trkpt>
   <trkpt lat="-26.2567840" lon="-51.0741070">
    <ele>760.1</ele>
   </trkpt>
   <trkpt lat="-26.2567930" lon="-51.0740990">
    <ele>760.1</ele>
   </trkpt>
   <trkpt lat="-26.2568180" lon="-51.0740780">
    <ele>760.1</ele>
   </trkpt>
   <trkpt lat="-26.2568270" lon="-51.0740710">
    <ele>760.1</ele>
   </trkpt>
   <trkpt lat="-26.2568490" lon="-51.0740420">
    <ele>760.0</ele>
   </trkpt>
   <trkpt lat="-26.2568570" lon="-51.0740320">
    <ele>760.0</ele>
   </trkpt>
   <trkpt lat="-26.2568830" lon="-51.0740100">
    <ele>760.0</ele>
   </trkpt>
   <trkpt lat="-26.2568920" lon="-51.0740030">
    <ele>760.0</ele>
   </trkpt>
   <trkpt lat="-26.2569230" lon="-51.0739790">
    <ele>760.0</ele>
   </trkpt>
   <trkpt lat="-26.2569330" lon="-51.0739700">
    <ele>760.0</ele>
   </trkpt>
   <trkpt lat="-26.2569540" lon="-51.0739490">
    <ele>760.0</ele>
   </trkpt>
   <trkpt lat="-26.2569750" lon="-51.0739290">
    <ele>760.0</ele>
   </trkpt>
   <trkpt lat="-26.2569960" lon="-51.0739110">
    <ele>760.0</ele>
   </trkpt>
   <trkpt lat="-26.2570220" lon="-51.0738900">
    <ele>760.0</ele>
   </trkpt>
   <trkpt lat="-26.2570430" lon="-51.0738710">
    <ele>760.0</ele>
   </trkpt>
   <trkpt lat="-26.2570760" lon="-51.0738450">
    <ele>760.0</ele>
   </trkpt>
   <trkpt lat="-26.2570870" lon="-51.0738360">
    <ele>760.0</ele>
   </trkpt>
   <trkpt lat="-26.2571120" lon="-51.0738160">
    <ele>760.0</ele>
   </trkpt>
   <trkpt lat="-26.2571360" lon="-51.0737960">
    <ele>760.0</ele>
   </trkpt>
   <trkpt lat="-26.2571590" lon="-51.0737760">
    <ele>760.0</ele>
   </trkpt>
   <trkpt lat="-26.2571830" lon="-51.0737530">
    <ele>760.0</ele>
   </trkpt>
   <trkpt lat="-26.2572110" lon="-51.0737290">
    <ele>760.0</ele>
   </trkpt>
   <trkpt lat="-26.2572370" lon="-51.0737080">
    <ele>759.9</ele>
   </trkpt>
   <trkpt lat="-26.2572730" lon="-51.0736820">
    <ele>759.9</ele>
   </trkpt>
   <trkpt lat="-26.2572880" lon="-51.0736740">
    <ele>759.9</ele>
   </trkpt>
   <trkpt lat="-26.2573090" lon="-51.0736510">
    <ele>759.9</ele>
   </trkpt>
   <trkpt lat="-26.2573360" lon="-51.0736380">
    <ele>759.8</ele>
   </trkpt>
   <trkpt lat="-26.2573620" lon="-51.0736180">
    <ele>759.8</ele>
   </trkpt>
   <trkpt lat="-26.2573910" lon="-51.0735860">
    <ele>759.8</ele>
   </trkpt>
   <trkpt lat="-26.2574170" lon="-51.0735620">
    <ele>759.8</ele>
   </trkpt>
   <trkpt lat="-26.2574420" lon="-51.0735390">
    <ele>759.7</ele>
   </trkpt>
   <trkpt lat="-26.2574670" lon="-51.0735210">
    <ele>759.7</ele>
   </trkpt>
   <trkpt lat="-26.2574940" lon="-51.0735000">
    <ele>759.7</ele>
   </trkpt>
   <trkpt lat="-26.2575210" lon="-51.0734740">
    <ele>759.7</ele>
   </trkpt>
   <trkpt lat="-26.2575490" lon="-51.0734570">
    <ele>759.7</ele>
   </trkpt>
   <trkpt lat="-26.2575770" lon="-51.0734380">
    <ele>759.6</ele>
   </trkpt>
   <trkpt lat="-26.2576040" lon="-51.0734230">
    <ele>759.6</ele>
   </trkpt>
   <trkpt lat="-26.2576310" lon="-51.0733950">
    <ele>759.6</ele>
   </trkpt>
   <trkpt lat="-26.2576620" lon="-51.0733680">
    <ele>759.6</ele>
   </trkpt>
   <trkpt lat="-26.2576860" lon="-51.0733480">
    <ele>759.6</ele>
   </trkpt>
   <trkpt lat="-26.2577100" lon="-51.0733310">
    <ele>759.5</ele>
   </trkpt>
   <trkpt lat="-26.2577430" lon="-51.0733030">
    <ele>759.5</ele>
   </trkpt>
   <trkpt lat="-26.2577680" lon="-51.0732900">
    <ele>759.5</ele>
   </trkpt>
   <trkpt lat="-26.2577780" lon="-51.0732810">
    <ele>759.5</ele>
   </trkpt>
   <trkpt lat="-26.2577990" lon="-51.0732600">
    <ele>759.5</ele>
   </trkpt>
   <trkpt lat="-26.2578300" lon="-51.0732430">
    <ele>759.5</ele>
   </trkpt>
   <trkpt lat="-26.2578620" lon="-51.0732200">
    <ele>759.5</ele>
   </trkpt>
   <trkpt lat="-26.2578880" lon="-51.0731990">
    <ele>759.5</ele>
   </trkpt>
   <trkpt lat="-26.2579130" lon="-51.0731850">
    <ele>759.5</ele>
   </trkpt>
   <trkpt lat="-26.2579430" lon="-51.0731570">
    <ele>759.4</ele>
   </trkpt>
   <trkpt lat="-26.2579740" lon="-51.0731350">
    <ele>759.4</ele>
   </trkpt>
   <trkpt lat="-26.2580000" lon="-51.0731220">
    <ele>759.4</ele>
   </trkpt>
   <trkpt lat="-26.2580280" lon="-51.0731100">
    <ele>759.4</ele>
   </trkpt>
   <trkpt lat="-26.2580550" lon="-51.0730780">
    <ele>759.4</ele>
   </trkpt>
   <trkpt lat="-26.2580750" lon="-51.0730400">
    <ele>759.4</ele>
   </trkpt>
   <trkpt lat="-26.2581020" lon="-51.0730140">
    <ele>759.4</ele>
   </trkpt>
   <trkpt lat="-26.2581370" lon="-51.0729840">
    <ele>759.4</ele>
   </trkpt>
   <trkpt lat="-26.2581660" lon="-51.0729540">
    <ele>759.4</ele>
   </trkpt>
   <trkpt lat="-26.2581960" lon="-51.0729220">
    <ele>759.4</ele>
   </trkpt>
   <trkpt lat="-26.2582260" lon="-51.0728900">
    <ele>759.4</ele>
   </trkpt>
   <trkpt lat="-26.2582580" lon="-51.0728580">
    <ele>759.4</ele>
   </trkpt>
   <trkpt lat="-26.2582840" lon="-51.0728280">
    <ele>759.3</ele>
   </trkpt>
   <trkpt lat="-26.2583160" lon="-51.0727980">
    <ele>759.3</ele>
   </trkpt>
   <trkpt lat="-26.2583450" lon="-51.0727670">
    <ele>759.3</ele>
   </trkpt>
   <trkpt lat="-26.2583730" lon="-51.0727390">
    <ele>759.3</ele>
   </trkpt>
   <trkpt lat="-26.2583990" lon="-51.0727130">
    <ele>759.3</ele>
   </trkpt>
   <trkpt lat="-26.2584320" lon="-51.0726840">
    <ele>759.3</ele>
   </trkpt>
   <trkpt lat="-26.2584670" lon="-51.0726570">
    <ele>759.3</ele>
   </trkpt>
   <trkpt lat="-26.2585000" lon="-51.0726290">
    <ele>759.3</ele>
   </trkpt>
   <trkpt lat="-26.2585320" lon="-51.0726050">
    <ele>759.3</ele>
   </trkpt>
   <trkpt lat="-26.2585640" lon="-51.0725780">
    <ele>759.3</ele>
   </trkpt>
   <trkpt lat="-26.2585930" lon="-51.0725480">
    <ele>759.3</ele>
   </trkpt>
   <trkpt lat="-26.2586210" lon="-51.0725180">
    <ele>759.3</ele>
   </trkpt>
   <trkpt lat="-26.2586490" lon="-51.0724910">
    <ele>759.3</ele>
   </trkpt>
   <trkpt lat="-26.2586680" lon="-51.0724650">
    <ele>759.2</ele>
   </trkpt>
   <trkpt lat="-26.2586870" lon="-51.0724410">
    <ele>759.2</ele>
   </trkpt>
   <trkpt lat="-26.2587060" lon="-51.0724110">
    <ele>759.1</ele>
   </trkpt>
   <trkpt lat="-26.2587120" lon="-51.0723810">
    <ele>759.1</ele>
   </trkpt>
   <trkpt lat="-26.2587030" lon="-51.0723350">
    <ele>759.0</ele>
   </trkpt>
   <trkpt lat="-26.2586900" lon="-51.0722910">
    <ele>758.8</ele>
   </trkpt>
   <trkpt lat="-26.2586670" lon="-51.0722530">
    <ele>758.7</ele>
   </trkpt>
   <trkpt lat="-26.2586370" lon="-51.0722200">
    <ele>758.5</ele>
   </trkpt>
   <trkpt lat="-26.2586150" lon="-51.0721730">
    <ele>758.4</ele>
   </trkpt>
   <trkpt lat="-26.2586010" lon="-51.0721300">
    <ele>758.2</ele>
   </trkpt>
   <trkpt lat="-26.2585720" lon="-51.0720860">
    <ele>758.1</ele>
   </trkpt>
   <trkpt lat="-26.2585460" lon="-51.0720510">
    <ele>757.9</ele>
   </trkpt>
   <trkpt lat="-26.2585160" lon="-51.0720080">
    <ele>757.7</ele>
   </trkpt>
   <trkpt lat="-26.2584880" lon="-51.0719670">
    <ele>757.5</ele>
   </trkpt>
   <trkpt lat="-26.2584570" lon="-51.0719130">
    <ele>757.3</ele>
   </trkpt>
   <trkpt lat="-26.2584310" lon="-51.0718730">
    <ele>757.1</ele>
   </trkpt>
   <trkpt lat="-26.2584050" lon="-51.0718270">
    <ele>756.9</ele>
   </trkpt>
   <trkpt lat="-26.2583750" lon="-51.0717730">
    <ele>756.7</ele>
   </trkpt>
   <trkpt lat="-26.2583440" lon="-51.0717190">
    <ele>756.5</ele>
   </trkpt>
   <trkpt lat="-26.2583150" lon="-51.0716750">
    <ele>756.3</ele>
   </trkpt>
   <trkpt lat="-26.2582890" lon="-51.0716280">
    <ele>756.1</ele>
   </trkpt>
   <trkpt lat="-26.2582630" lon="-51.0715610">
    <ele>755.8</ele>
   </trkpt>
   <trkpt lat="-26.2582370" lon="-51.0715010">
    <ele>755.6</ele>
   </trkpt>
   <trkpt lat="-26.2582210" lon="-51.0714560">
    <ele>755.5</ele>
   </trkpt>
   <trkpt lat="-26.2581980" lon="-51.0714080">
    <ele>755.3</ele>
   </trkpt>
   <trkpt lat="-26.2581710" lon="-51.0713640">
    <ele>755.2</ele>
   </trkpt>
   <trkpt lat="-26.2581440" lon="-51.0713110">
    <ele>755.0</ele>
   </trkpt>
   <trkpt lat="-26.2581170" lon="-51.0712630">
    <ele>754.8</ele>
   </trkpt>
   <trkpt lat="-26.2580870" lon="-51.0712020">
    <ele>754.6</ele>
   </trkpt>
   <trkpt lat="-26.2580540" lon="-51.0711540">
    <ele>754.4</ele>
   </trkpt>
   <trkpt lat="-26.2580300" lon="-51.0711070">
    <ele>754.3</ele>
   </trkpt>
   <trkpt lat="-26.2579980" lon="-51.0710540">
    <ele>754.1</ele>
   </trkpt>
   <trkpt lat="-26.2579690" lon="-51.0710050">
    <ele>754.0</ele>
   </trkpt>
   <trkpt lat="-26.2579400" lon="-51.0709620">
    <ele>753.9</ele>
   </trkpt>
   <trkpt lat="-26.2579180" lon="-51.0709160">
    <ele>753.8</ele>
   </trkpt>
   <trkpt lat="-26.2578950" lon="-51.0708700">
    <ele>753.7</ele>
   </trkpt>
   <trkpt lat="-26.2578650" lon="-51.0708200">
    <ele>753.6</ele>
   </trkpt>
   <trkpt lat="-26.2578480" lon="-51.0707760">
    <ele>753.5</ele>
   </trkpt>
   <trkpt lat="-26.2578190" lon="-51.0707270">
    <ele>753.4</ele>
   </trkpt>
   <trkpt lat="-26.2577900" lon="-51.0706770">
    <ele>753.3</ele>
   </trkpt>
   <trkpt lat="-26.2577660" lon="-51.0706300">
    <ele>753.2</ele>
   </trkpt>
   <trkpt lat="-26.2577400" lon="-51.0705800">
    <ele>753.1</ele>
   </trkpt>
   <trkpt lat="-26.2577160" lon="-51.0705320">
    <ele>753.0</ele>
   </trkpt>
   <trkpt lat="-26.2576900" lon="-51.0704830">
    <ele>752.9</ele>
   </trkpt>
   <trkpt lat="-26.2576690" lon="-51.0704410">
    <ele>752.8</ele>
   </trkpt>
   <trkpt lat="-26.2576400" lon="-51.0703970">
    <ele>752.8</ele>
   </trkpt>
   <trkpt lat="-26.2576110" lon="-51.0703530">
    <ele>752.7</ele>
   </trkpt>
   <trkpt lat="-26.2575910" lon="-51.0703070">
    <ele>752.6</ele>
   </trkpt>
   <trkpt lat="-26.2575700" lon="-51.0702650">
    <ele>752.6</ele>
   </trkpt>
   <trkpt lat="-26.2575460" lon="-51.0702170">
    <ele>752.6</ele>
   </trkpt>
   <trkpt lat="-26.2575220" lon="-51.0701780">
    <ele>752.5</ele>
   </trkpt>
   <trkpt lat="-26.2575020" lon="-51.0701340">
    <ele>752.5</ele>
   </trkpt>
   <trkpt lat="-26.2574780" lon="-51.0700940">
    <ele>752.5</ele>
   </trkpt>
   <trkpt lat="-26.2574530" lon="-51.0700460">
    <ele>752.5</ele>
   </trkpt>
   <trkpt lat="-26.2574230" lon="-51.0700030">
    <ele>752.5</ele>
   </trkpt>
   <trkpt lat="-26.2573980" lon="-51.0699620">
    <ele>752.4</ele>
   </trkpt>
   <trkpt lat="-26.2573710" lon="-51.0699170">
    <ele>752.4</ele>
   </trkpt>
   <trkpt lat="-26.2573470" lon="-51.0698760">
    <ele>752.3</ele>
   </trkpt>
   <trkpt lat="-26.2573240" lon="-51.0698350">
    <ele>752.3</ele>
   </trkpt>
   <trkpt lat="-26.2573040" lon="-51.0697960">
    <ele>752.3</ele>
   </trkpt>
   <trkpt lat="-26.2572840" lon="-51.0697540">
    <ele>752.2</ele>
   </trkpt>
   <trkpt lat="-26.2572620" lon="-51.0697110">
    <ele>752.2</ele>
   </trkpt>
   <trkpt lat="-26.2572400" lon="-51.0696760">
    <ele>752.2</ele>
   </trkpt>
   <trkpt lat="-26.2572200" lon="-51.0696420">
    <ele>752.2</ele>
   </trkpt>
   <trkpt lat="-26.2572020" lon="-51.0696030">
    <ele>752.2</ele>
   </trkpt>
   <trkpt lat="-26.2571870" lon="-51.0695730">
    <ele>752.2</ele>
   </trkpt>
   <trkpt lat="-26.2571710" lon="-51.0695380">
    <ele>752.2</ele>
   </trkpt>
   <trkpt lat="-26.2571480" lon="-51.0695010">
    <ele>752.2</ele>
   </trkpt>
   <trkpt lat="-26.2571230" lon="-51.0694620">
    <ele>752.1</ele>
   </trkpt>
   <trkpt lat="-26.2570980" lon="-51.0694210">
    <ele>752.1</ele>
   </trkpt>
   <trkpt lat="-26.2570820" lon="-51.0693840">
    <ele>752.1</ele>
   </trkpt>
   <trkpt lat="-26.2570590" lon="-51.0693450">
    <ele>752.1</ele>
   </trkpt>
   <trkpt lat="-26.2570380" lon="-51.0693070">
    <ele>752.0</ele>
   </trkpt>
   <trkpt lat="-26.2570230" lon="-51.0692700">
    <ele>752.0</ele>
   </trkpt>
   <trkpt lat="-26.2569970" lon="-51.0692260">
    <ele>752.0</ele>
   </trkpt>
   <trkpt lat="-26.2569730" lon="-51.0691850">
    <ele>751.9</ele>
   </trkpt>
   <trkpt lat="-26.2569530" lon="-51.0691470">
    <ele>751.9</ele>
   </trkpt>
   <trkpt lat="-26.2569260" lon="-51.0691110">
    <ele>751.9</ele>
   </trkpt>
   <trkpt lat="-26.2569060" lon="-51.0690720">
    <ele>751.9</ele>
   </trkpt>
   <trkpt lat="-26.2568840" lon="-51.0690320">
    <ele>751.9</ele>
   </trkpt>
   <trkpt lat="-26.2568600" lon="-51.0689960">
    <ele>751.9</ele>
   </trkpt>
   <trkpt lat="-26.2568430" lon="-51.0689550">
    <ele>751.9</ele>
   </trkpt>
   <trkpt lat="-26.2568190" lon="-51.0689130">
    <ele>751.9</ele>
   </trkpt>
   <trkpt lat="-26.2567990" lon="-51.0688800">
    <ele>751.9</ele>
   </trkpt>
   <trkpt lat="-26.2567770" lon="-51.0688430">
    <ele>751.9</ele>
   </trkpt>
   <trkpt lat="-26.2567540" lon="-51.0688090">
    <ele>751.9</ele>
   </trkpt>
   <trkpt lat="-26.2567350" lon="-51.0687710">
    <ele>751.8</ele>
   </trkpt>
   <trkpt lat="-26.2567170" lon="-51.0687360">
    <ele>751.8</ele>
   </trkpt>
   <trkpt lat="-26.2566970" lon="-51.0686940">
    <ele>751.8</ele>
   </trkpt>
   <trkpt lat="-26.2566810" lon="-51.0686600">
    <ele>751.8</ele>
   </trkpt>
   <trkpt lat="-26.2566640" lon="-51.0686220">
    <ele>751.8</ele>
   </trkpt>
   <trkpt lat="-26.2566430" lon="-51.0685780">
    <ele>751.8</ele>
   </trkpt>
   <trkpt lat="-26.2566190" lon="-51.0685380">
    <ele>751.8</ele>
   </trkpt>
   <trkpt lat="-26.2565990" lon="-51.0685030">
    <ele>751.8</ele>
   </trkpt>
   <trkpt lat="-26.2565800" lon="-51.0684630">
    <ele>751.8</ele>
   </trkpt>
   <trkpt lat="-26.2565590" lon="-51.0684240">
    <ele>751.8</ele>
   </trkpt>
   <trkpt lat="-26.2565370" lon="-51.0683900">
    <ele>751.8</ele>
   </trkpt>
   <trkpt lat="-26.2565210" lon="-51.0683520">
    <ele>751.9</ele>
   </trkpt>
   <trkpt lat="-26.2565020" lon="-51.0683140">
    <ele>751.9</ele>
   </trkpt>
   <trkpt lat="-26.2564800" lon="-51.0682740">
    <ele>751.9</ele>
   </trkpt>
   <trkpt lat="-26.2564580" lon="-51.0682370">
    <ele>752.0</ele>
   </trkpt>
   <trkpt lat="-26.2564400" lon="-51.0682050">
    <ele>752.0</ele>
   </trkpt>
   <trkpt lat="-26.2564250" lon="-51.0681620">
    <ele>752.0</ele>
   </trkpt>
   <trkpt lat="-26.2564150" lon="-51.0681490">
    <ele>752.0</ele>
   </trkpt>
   <trkpt lat="-26.2564120" lon="-51.0681170">
    <ele>752.0</ele>
   </trkpt>
   <trkpt lat="-26.2564120" lon="-51.0681060">
    <ele>752.0</ele>
   </trkpt>
   <trkpt lat="-26.2564090" lon="-51.0680890">
    <ele>752.0</ele>
   </trkpt>
   <trkpt lat="-26.2564080" lon="-51.0680680">
    <ele>752.0</ele>
   </trkpt>
   <trkpt lat="-26.2564190" lon="-51.0680300">
    <ele>752.0</ele>
   </trkpt>
   <trkpt lat="-26.2564180" lon="-51.0680170">
    <ele>752.0</ele>
   </trkpt>
   <trkpt lat="-26.2564400" lon="-51.0679790">
    <ele>751.9</ele>
   </trkpt>
   <trkpt lat="-26.2564480" lon="-51.0679660">
    <ele>751.9</ele>
   </trkpt>
   <trkpt lat="-26.2564680" lon="-51.0679440">
    <ele>751.9</ele>
   </trkpt>
   <trkpt lat="-26.2564940" lon="-51.0679180">
    <ele>751.9</ele>
   </trkpt>
   <trkpt lat="-26.2565140" lon="-51.0678980">
    <ele>751.9</ele>
   </trkpt>
   <trkpt lat="-26.2565360" lon="-51.0678730">
    <ele>751.9</ele>
   </trkpt>
   <trkpt lat="-26.2565430" lon="-51.0678390">
    <ele>751.8</ele>
   </trkpt>
   <trkpt lat="-26.2565470" lon="-51.0678280">
    <ele>751.8</ele>
   </trkpt>
   <trkpt lat="-26.2565830" lon="-51.0678070">
    <ele>751.8</ele>
   </trkpt>
   <trkpt lat="-26.2565930" lon="-51.0677930">
    <ele>751.8</ele>
   </trkpt>
   <trkpt lat="-26.2566280" lon="-51.0677700">
    <ele>751.8</ele>
   </trkpt>
   <trkpt lat="-26.2566390" lon="-51.0677620">
    <ele>751.8</ele>
   </trkpt>
   <trkpt lat="-26.2566680" lon="-51.0677450">
    <ele>751.8</ele>
   </trkpt>
   <trkpt lat="-26.2566940" lon="-51.0677300">
    <ele>751.8</ele>
   </trkpt>
   <trkpt lat="-26.2567200" lon="-51.0677090">
    <ele>751.8</ele>
   </trkpt>
   <trkpt lat="-26.2567410" lon="-51.0676890">
    <ele>751.7</ele>
   </trkpt>
   <trkpt lat="-26.2567670" lon="-51.0676730">
    <ele>751.7</ele>
   </trkpt>
   <trkpt lat="-26.2567950" lon="-51.0676540">
    <ele>751.7</ele>
   </trkpt>
   <trkpt lat="-26.2568220" lon="-51.0676350">
    <ele>751.7</ele>
   </trkpt>
   <trkpt lat="-26.2568580" lon="-51.0676150">
    <ele>751.7</ele>
   </trkpt>
   <trkpt lat="-26.2568700" lon="-51.0676070">
    <ele>751.7</ele>
   </trkpt>
   <trkpt lat="-26.2568930" lon="-51.0675870">
    <ele>751.7</ele>
   </trkpt>
   <trkpt lat="-26.2569210" lon="-51.0675660">
    <ele>751.7</ele>
   </trkpt>
   <trkpt lat="-26.2569440" lon="-51.0675470">
    <ele>751.7</ele>
   </trkpt>
   <trkpt lat="-26.2569710" lon="-51.0675270">
    <ele>751.7</ele>
   </trkpt>
   <trkpt lat="-26.2569980" lon="-51.0675070">
    <ele>751.7</ele>
   </trkpt>
   <trkpt lat="-26.2570280" lon="-51.0674780">
    <ele>751.8</ele>
   </trkpt>
   <trkpt lat="-26.2570410" lon="-51.0674690">
    <ele>751.8</ele>
   </trkpt>
   <trkpt lat="-26.2570700" lon="-51.0674490">
    <ele>751.8</ele>
   </trkpt>
   <trkpt lat="-26.2570950" lon="-51.0674300">
    <ele>751.8</ele>
   </trkpt>
   <trkpt lat="-26.2571170" lon="-51.0674090">
    <ele>751.8</ele>
   </trkpt>
   <trkpt lat="-26.2571460" lon="-51.0673890">
    <ele>751.8</ele>
   </trkpt>
   <trkpt lat="-26.2571770" lon="-51.0673770">
    <ele>751.8</ele>
   </trkpt>
   <trkpt lat="-26.2572070" lon="-51.0673670">
    <ele>751.8</ele>
   </trkpt>
   <trkpt lat="-26.2572310" lon="-51.0673510">
    <ele>751.8</ele>
   </trkpt>
   <trkpt lat="-26.2572590" lon="-51.0673340">
    <ele>751.8</ele>
   </trkpt>
   <trkpt lat="-26.2572680" lon="-51.0673290">
    <ele>751.8</ele>
   </trkpt>
   <trkpt lat="-26.2572990" lon="-51.0673020">
    <ele>751.8</ele>
   </trkpt>
   <trkpt lat="-26.2573100" lon="-51.0672920">
    <ele>751.8</ele>
   </trkpt>
   <trkpt lat="-26.2573330" lon="-51.0672740">
    <ele>751.8</ele>
   </trkpt>
   <trkpt lat="-26.2573660" lon="-51.0672610">
    <ele>751.9</ele>
   </trkpt>
   <trkpt lat="-26.2573760" lon="-51.0672570">
    <ele>751.9</ele>
   </trkpt>
   <trkpt lat="-26.2574100" lon="-51.0672340">
    <ele>751.8</ele>
   </trkpt>
   <trkpt lat="-26.2574230" lon="-51.0672260">
    <ele>751.8</ele>
   </trkpt>
   <trkpt lat="-26.2574500" lon="-51.0672090">
    <ele>751.8</ele>
   </trkpt>
   <trkpt lat="-26.2574770" lon="-51.0672000">
    <ele>751.8</ele>
   </trkpt>
   <trkpt lat="-26.2575060" lon="-51.0671870">
    <ele>751.8</ele>
   </trkpt>
   <trkpt lat="-26.2575420" lon="-51.0671540">
    <ele>751.8</ele>
   </trkpt>
   <trkpt lat="-26.2575580" lon="-51.0671390">
    <ele>751.8</ele>
   </trkpt>
   <trkpt lat="-26.2575920" lon="-51.0671160">
    <ele>751.8</ele>
   </trkpt>
   <trkpt lat="-26.2576050" lon="-51.0671100">
    <ele>751.8</ele>
   </trkpt>
   <trkpt lat="-26.2576350" lon="-51.0670870">
    <ele>751.8</ele>
   </trkpt>
   <trkpt lat="-26.2576590" lon="-51.0670710">
    <ele>751.8</ele>
   </trkpt>
   <trkpt lat="-26.2576840" lon="-51.0670450">
    <ele>751.8</ele>
   </trkpt>
   <trkpt lat="-26.2577200" lon="-51.0670250">
    <ele>751.8</ele>
   </trkpt>
   <trkpt lat="-26.2577320" lon="-51.0670150">
    <ele>751.8</ele>
   </trkpt>
   <trkpt lat="-26.2577650" lon="-51.0669940">
    <ele>751.8</ele>
   </trkpt>
   <trkpt lat="-26.2577940" lon="-51.0669750">
    <ele>751.8</ele>
   </trkpt>
   <trkpt lat="-26.2578230" lon="-51.0669520">
    <ele>751.8</ele>
   </trkpt>
   <trkpt lat="-26.2578510" lon="-51.0669240">
    <ele>751.8</ele>
   </trkpt>
   <trkpt lat="-26.2578820" lon="-51.0669000">
    <ele>751.8</ele>
   </trkpt>
   <trkpt lat="-26.2579140" lon="-51.0668760">
    <ele>751.8</ele>
   </trkpt>
   <trkpt lat="-26.2579460" lon="-51.0668540">
    <ele>751.8</ele>
   </trkpt>
   <trkpt lat="-26.2579780" lon="-51.0668310">
    <ele>751.8</ele>
   </trkpt>
   <trkpt lat="-26.2580080" lon="-51.0668080">
    <ele>751.8</ele>
   </trkpt>
   <trkpt lat="-26.2580400" lon="-51.0667930">
    <ele>751.8</ele>
   </trkpt>
   <trkpt lat="-26.2580650" lon="-51.0667740">
    <ele>751.8</ele>
   </trkpt>
   <trkpt lat="-26.2580940" lon="-51.0667560">
    <ele>751.8</ele>
   </trkpt>
   <trkpt lat="-26.2581220" lon="-51.0667330">
    <ele>751.8</ele>
   </trkpt>
   <trkpt lat="-26.2581480" lon="-51.0667140">
    <ele>751.8</ele>
   </trkpt>
   <trkpt lat="-26.2581760" lon="-51.0666980">
    <ele>751.8</ele>
   </trkpt>
   <trkpt lat="-26.2582020" lon="-51.0666800">
    <ele>751.8</ele>
   </trkpt>
   <trkpt lat="-26.2582330" lon="-51.0666630">
    <ele>751.8</ele>
   </trkpt>
   <trkpt lat="-26.2582450" lon="-51.0666580">
    <ele>751.8</ele>
   </trkpt>
   <trkpt lat="-26.2582750" lon="-51.0666390">
    <ele>751.8</ele>
   </trkpt>
   <trkpt lat="-26.2582850" lon="-51.0666330">
    <ele>751.8</ele>
   </trkpt>
   <trkpt lat="-26.2583140" lon="-51.0666140">
    <ele>751.8</ele>
   </trkpt>
   <trkpt lat="-26.2583240" lon="-51.0666070">
    <ele>751.8</ele>
   </trkpt>
   <trkpt lat="-26.2583490" lon="-51.0665880">
    <ele>751.8</ele>
   </trkpt>
   <trkpt lat="-26.2583780" lon="-51.0665740">
    <ele>751.8</ele>
   </trkpt>
   <trkpt lat="-26.2584030" lon="-51.0665610">
    <ele>751.8</ele>
   </trkpt>
   <trkpt lat="-26.2584320" lon="-51.0665400">
    <ele>751.8</ele>
   </trkpt>
   <trkpt lat="-26.2584610" lon="-51.0665230">
    <ele>751.8</ele>
   </trkpt>
   <trkpt lat="-26.2584820" lon="-51.0665010">
    <ele>751.7</ele>
   </trkpt>
   <trkpt lat="-26.2585040" lon="-51.0664840">
    <ele>751.7</ele>
   </trkpt>
   <trkpt lat="-26.2585350" lon="-51.0664710">
    <ele>751.7</ele>
   </trkpt>
   <trkpt lat="-26.2585590" lon="-51.0664580">
    <ele>751.7</ele>
   </trkpt>
   <trkpt lat="-26.2585870" lon="-51.0664450">
    <ele>751.7</ele>
   </trkpt>
   <trkpt lat="-26.2586090" lon="-51.0664260">
    <ele>751.7</ele>
   </trkpt>
   <trkpt lat="-26.2586470" lon="-51.0664020">
    <ele>751.7</ele>
   </trkpt>
   <trkpt lat="-26.2586630" lon="-51.0663940">
    <ele>751.7</ele>
   </trkpt>
   <trkpt lat="-26.2586940" lon="-51.0663760">
    <ele>751.7</ele>
   </trkpt>
   <trkpt lat="-26.2587260" lon="-51.0663530">
    <ele>751.6</ele>
   </trkpt>
   <trkpt lat="-26.2587560" lon="-51.0663300">
    <ele>751.6</ele>
   </trkpt>
   <trkpt lat="-26.2587880" lon="-51.0663100">
    <ele>751.6</ele>
   </trkpt>
   <trkpt lat="-26.2588220" lon="-51.0662870">
    <ele>751.6</ele>
   </trkpt>
   <trkpt lat="-26.2588520" lon="-51.0662670">
    <ele>751.6</ele>
   </trkpt>
   <trkpt lat="-26.2588770" lon="-51.0662510">
    <ele>751.6</ele>
   </trkpt>
   <trkpt lat="-26.2589040" lon="-51.0662350">
    <ele>751.6</ele>
   </trkpt>
   <trkpt lat="-26.2589350" lon="-51.0662170">
    <ele>751.6</ele>
   </trkpt>
   <trkpt lat="-26.2589610" lon="-51.0662020">
    <ele>751.6</ele>
   </trkpt>
   <trkpt lat="-26.2589930" lon="-51.0661820">
    <ele>751.6</ele>
   </trkpt>
   <trkpt lat="-26.2590200" lon="-51.0661720">
    <ele>751.6</ele>
   </trkpt>
   <trkpt lat="-26.2590450" lon="-51.0661580">
    <ele>751.6</ele>
   </trkpt>
   <trkpt lat="-26.2590720" lon="-51.0661350">
    <ele>751.6</ele>
   </trkpt>
   <trkpt lat="-26.2591100" lon="-51.0661100">
    <ele>751.6</ele>
   </trkpt>
   <trkpt lat="-26.2591250" lon="-51.0660970">
    <ele>751.6</ele>
   </trkpt>
   <trkpt lat="-26.2591520" lon="-51.0660790">
    <ele>751.6</ele>
   </trkpt>
   <trkpt lat="-26.2591810" lon="-51.0660630">
    <ele>751.6</ele>
   </trkpt>
   <trkpt lat="-26.2592110" lon="-51.0660420">
    <ele>751.6</ele>
   </trkpt>
   <trkpt lat="-26.2592430" lon="-51.0660240">
    <ele>751.6</ele>
   </trkpt>
   <trkpt lat="-26.2592720" lon="-51.0660000">
    <ele>751.6</ele>
   </trkpt>
   <trkpt lat="-26.2593060" lon="-51.0659740">
    <ele>751.6</ele>
   </trkpt>
   <trkpt lat="-26.2593380" lon="-51.0659500">
    <ele>751.6</ele>
   </trkpt>
   <trkpt lat="-26.2593650" lon="-51.0659290">
    <ele>751.6</ele>
   </trkpt>
   <trkpt lat="-26.2593930" lon="-51.0659100">
    <ele>751.6</ele>
   </trkpt>
   <trkpt lat="-26.2594220" lon="-51.0658950">
    <ele>751.6</ele>
   </trkpt>
   <trkpt lat="-26.2594450" lon="-51.0658790">
    <ele>751.6</ele>
   </trkpt>
   <trkpt lat="-26.2594770" lon="-51.0658620">
    <ele>751.6</ele>
   </trkpt>
   <trkpt lat="-26.2594990" lon="-51.0658450">
    <ele>751.6</ele>
   </trkpt>
   <trkpt lat="-26.2595300" lon="-51.0658200">
    <ele>751.6</ele>
   </trkpt>
   <trkpt lat="-26.2595390" lon="-51.0658110">
    <ele>751.6</ele>
   </trkpt>
   <trkpt lat="-26.2595670" lon="-51.0657900">
    <ele>751.6</ele>
   </trkpt>
   <trkpt lat="-26.2595930" lon="-51.0657710">
    <ele>751.6</ele>
   </trkpt>
   <trkpt lat="-26.2596150" lon="-51.0657500">
    <ele>751.6</ele>
   </trkpt>
   <trkpt lat="-26.2596480" lon="-51.0657300">
    <ele>751.6</ele>
   </trkpt>
   <trkpt lat="-26.2596740" lon="-51.0657110">
    <ele>751.6</ele>
   </trkpt>
   <trkpt lat="-26.2597040" lon="-51.0656970">
    <ele>751.6</ele>
   </trkpt>
   <trkpt lat="-26.2597330" lon="-51.0656820">
    <ele>751.6</ele>
   </trkpt>
   <trkpt lat="-26.2597590" lon="-51.0656630">
    <ele>751.6</ele>
   </trkpt>
   <trkpt lat="-26.2597780" lon="-51.0656420">
    <ele>751.6</ele>
   </trkpt>
   <trkpt lat="-26.2598110" lon="-51.0656210">
    <ele>751.6</ele>
   </trkpt>
   <trkpt lat="-26.2598410" lon="-51.0655990">
    <ele>751.6</ele>
   </trkpt>
   <trkpt lat="-26.2598730" lon="-51.0655750">
    <ele>751.6</ele>
   </trkpt>
   <trkpt lat="-26.2599060" lon="-51.0655520">
    <ele>751.6</ele>
   </trkpt>
   <trkpt lat="-26.2599440" lon="-51.0655320">
    <ele>751.6</ele>
   </trkpt>
   <trkpt lat="-26.2599600" lon="-51.0655230">
    <ele>751.6</ele>
   </trkpt>
   <trkpt lat="-26.2599870" lon="-51.0654990">
    <ele>751.6</ele>
   </trkpt>
   <trkpt lat="-26.2600090" lon="-51.0654800">
    <ele>751.6</ele>
   </trkpt>
   <trkpt lat="-26.2600300" lon="-51.0654600">
    <ele>751.6</ele>
   </trkpt>
   <trkpt lat="-26.2600520" lon="-51.0654430">
    <ele>751.6</ele>
   </trkpt>
   <trkpt lat="-26.2600870" lon="-51.0654330">
    <ele>751.6</ele>
   </trkpt>
   <trkpt lat="-26.2601190" lon="-51.0654220">
    <ele>751.6</ele>
   </trkpt>
   <trkpt lat="-26.2601400" lon="-51.0654020">
    <ele>751.6</ele>
   </trkpt>
   <trkpt lat="-26.2601650" lon="-51.0653830">
    <ele>751.6</ele>
   </trkpt>
   <trkpt lat="-26.2601950" lon="-51.0653690">
    <ele>751.6</ele>
   </trkpt>
   <trkpt lat="-26.2602240" lon="-51.0653540">
    <ele>751.6</ele>
   </trkpt>
   <trkpt lat="-26.2602520" lon="-51.0653400">
    <ele>751.6</ele>
   </trkpt>
   <trkpt lat="-26.2602810" lon="-51.0653250">
    <ele>751.6</ele>
   </trkpt>
   <trkpt lat="-26.2603090" lon="-51.0653040">
    <ele>751.7</ele>
   </trkpt>
   <trkpt lat="-26.2603340" lon="-51.0652900">
    <ele>751.7</ele>
   </trkpt>
   <trkpt lat="-26.2603610" lon="-51.0652810">
    <ele>751.7</ele>
   </trkpt>
   <trkpt lat="-26.2603880" lon="-51.0652670">
    <ele>751.7</ele>
   </trkpt>
   <trkpt lat="-26.2604150" lon="-51.0652410">
    <ele>751.7</ele>
   </trkpt>
   <trkpt lat="-26.2604200" lon="-51.0652340">
    <ele>751.7</ele>
   </trkpt>
   <trkpt lat="-26.2604450" lon="-51.0652120">
    <ele>751.7</ele>
   </trkpt>
   <trkpt lat="-26.2604750" lon="-51.0651970">
    <ele>751.7</ele>
   </trkpt>
   <trkpt lat="-26.2605060" lon="-51.0651790">
    <ele>751.7</ele>
   </trkpt>
   <trkpt lat="-26.2605260" lon="-51.0651540">
    <ele>751.7</ele>
   </trkpt>
   <trkpt lat="-26.2605520" lon="-51.0651320">
    <ele>751.7</ele>
   </trkpt>
   <trkpt lat="-26.2605810" lon="-51.0651100">
    <ele>751.8</ele>
   </trkpt>
   <trkpt lat="-26.2606100" lon="-51.0650800">
    <ele>751.8</ele>
   </trkpt>
   <trkpt lat="-26.2606410" lon="-51.0650590">
    <ele>751.8</ele>
   </trkpt>
   <trkpt lat="-26.2606640" lon="-51.0650370">
    <ele>751.8</ele>
   </trkpt>
   <trkpt lat="-26.2606900" lon="-51.0650150">
    <ele>751.8</ele>
   </trkpt>
   <trkpt lat="-26.2607140" lon="-51.0650020">
    <ele>751.8</ele>
   </trkpt>
   <trkpt lat="-26.2607400" lon="-51.0649850">
    <ele>751.8</ele>
   </trkpt>
   <trkpt lat="-26.2607650" lon="-51.0649720">
    <ele>751.8</ele>
   </trkpt>
   <trkpt lat="-26.2607920" lon="-51.0649590">
    <ele>751.8</ele>
   </trkpt>
   <trkpt lat="-26.2608190" lon="-51.0649440">
    <ele>751.8</ele>
   </trkpt>
   <trkpt lat="-26.2608430" lon="-51.0649210">
    <ele>751.8</ele>
   </trkpt>
   <trkpt lat="-26.2608720" lon="-51.0649070">
    <ele>751.8</ele>
   </trkpt>
   <trkpt lat="-26.2609060" lon="-51.0648870">
    <ele>751.8</ele>
   </trkpt>
   <trkpt lat="-26.2609240" lon="-51.0648680">
    <ele>751.8</ele>
   </trkpt>
   <trkpt lat="-26.2609360" lon="-51.0648590">
    <ele>751.9</ele>
   </trkpt>
   <trkpt lat="-26.2609620" lon="-51.0648390">
    <ele>751.9</ele>
   </trkpt>
   <trkpt lat="-26.2610040" lon="-51.0648080">
    <ele>751.9</ele>
   </trkpt>
   <trkpt lat="-26.2610290" lon="-51.0647940">
    <ele>751.9</ele>
   </trkpt>
   <trkpt lat="-26.2610390" lon="-51.0647900">
    <ele>751.9</ele>
   </trkpt>
   <trkpt lat="-26.2610600" lon="-51.0647860">
    <ele>751.9</ele>
   </trkpt>
   <trkpt lat="-26.2610840" lon="-51.0647720">
    <ele>751.9</ele>
   </trkpt>
   <trkpt lat="-26.2611140" lon="-51.0647500">
    <ele>751.9</ele>
   </trkpt>
   <trkpt lat="-26.2611250" lon="-51.0647430">
    <ele>751.9</ele>
   </trkpt>
   <trkpt lat="-26.2611510" lon="-51.0647290">
    <ele>751.9</ele>
   </trkpt>
   <trkpt lat="-26.2611850" lon="-51.0647080">
    <ele>751.9</ele>
   </trkpt>
   <trkpt lat="-26.2612010" lon="-51.0646980">
    <ele>751.9</ele>
   </trkpt>
   <trkpt lat="-26.2612430" lon="-51.0646640">
    <ele>751.9</ele>
   </trkpt>
   <trkpt lat="-26.2612640" lon="-51.0646420">
    <ele>751.9</ele>
   </trkpt>
   <trkpt lat="-26.2612870" lon="-51.0646210">
    <ele>751.9</ele>
   </trkpt>
   <trkpt lat="-26.2613170" lon="-51.0645970">
    <ele>751.9</ele>
   </trkpt>
   <trkpt lat="-26.2613300" lon="-51.0645880">
    <ele>751.9</ele>
   </trkpt>
   <trkpt lat="-26.2613620" lon="-51.0645720">
    <ele>751.9</ele>
   </trkpt>
   <trkpt lat="-26.2613890" lon="-51.0645470">
    <ele>751.9</ele>
   </trkpt>
   <trkpt lat="-26.2614170" lon="-51.0645260">
    <ele>751.9</ele>
   </trkpt>
   <trkpt lat="-26.2614440" lon="-51.0645030">
    <ele>751.9</ele>
   </trkpt>
   <trkpt lat="-26.2614740" lon="-51.0644840">
    <ele>751.9</ele>
   </trkpt>
   <trkpt lat="-26.2615070" lon="-51.0644630">
    <ele>751.9</ele>
   </trkpt>
   <trkpt lat="-26.2615360" lon="-51.0644430">
    <ele>751.9</ele>
   </trkpt>
   <trkpt lat="-26.2615670" lon="-51.0644250">
    <ele>751.9</ele>
   </trkpt>
   <trkpt lat="-26.2615970" lon="-51.0644060">
    <ele>751.9</ele>
   </trkpt>
   <trkpt lat="-26.2616250" lon="-51.0643910">
    <ele>751.9</ele>
   </trkpt>
   <trkpt lat="-26.2616510" lon="-51.0643800">
    <ele>751.9</ele>
   </trkpt>
   <trkpt lat="-26.2616750" lon="-51.0643660">
    <ele>751.8</ele>
   </trkpt>
   <trkpt lat="-26.2617060" lon="-51.0643400">
    <ele>751.8</ele>
   </trkpt>
   <trkpt lat="-26.2617180" lon="-51.0643320">
    <ele>751.8</ele>
   </trkpt>
   <trkpt lat="-26.2617410" lon="-51.0643110">
    <ele>751.8</ele>
   </trkpt>
   <trkpt lat="-26.2617690" lon="-51.0642900">
    <ele>751.8</ele>
   </trkpt>
   <trkpt lat="-26.2617930" lon="-51.0642740">
    <ele>751.8</ele>
   </trkpt>
   <trkpt lat="-26.2618240" lon="-51.0642380">
    <ele>751.8</ele>
   </trkpt>
   <trkpt lat="-26.2618370" lon="-51.0642240">
    <ele>751.8</ele>
   </trkpt>
   <trkpt lat="-26.2618570" lon="-51.0642020">
    <ele>751.8</ele>
   </trkpt>
   <trkpt lat="-26.2618790" lon="-51.0641790">
    <ele>751.8</ele>
   </trkpt>
   <trkpt lat="-26.2619090" lon="-51.0641570">
    <ele>751.8</ele>
   </trkpt>
   <trkpt lat="-26.2619490" lon="-51.0641410">
    <ele>751.8</ele>
   </trkpt>
   <trkpt lat="-26.2619640" lon="-51.0641310">
    <ele>751.8</ele>
   </trkpt>
   <trkpt lat="-26.2619890" lon="-51.0641090">
    <ele>751.8</ele>
   </trkpt>
   <trkpt lat="-26.2620120" lon="-51.0640870">
    <ele>751.8</ele>
   </trkpt>
   <trkpt lat="-26.2620330" lon="-51.0640610">
    <ele>751.8</ele>
   </trkpt>
   <trkpt lat="-26.2620570" lon="-51.0640390">
    <ele>751.8</ele>
   </trkpt>
   <trkpt lat="-26.2620790" lon="-51.0640190">
    <ele>751.8</ele>
   </trkpt>
   <trkpt lat="-26.2621150" lon="-51.0639980">
    <ele>751.8</ele>
   </trkpt>
   <trkpt lat="-26.2621500" lon="-51.0639810">
    <ele>751.8</ele>
   </trkpt>
   <trkpt lat="-26.2621760" lon="-51.0639580">
    <ele>751.8</ele>
   </trkpt>
   <trkpt lat="-26.2622050" lon="-51.0639300">
    <ele>751.7</ele>
   </trkpt>
   <trkpt lat="-26.2622390" lon="-51.0639020">
    <ele>751.7</ele>
   </trkpt>
   <trkpt lat="-26.2622780" lon="-51.0638790">
    <ele>751.7</ele>
   </trkpt>
   <trkpt lat="-26.2623150" lon="-51.0638500">
    <ele>751.7</ele>
   </trkpt>
   <trkpt lat="-26.2623520" lon="-51.0638260">
    <ele>751.7</ele>
   </trkpt>
   <trkpt lat="-26.2623860" lon="-51.0638090">
    <ele>751.7</ele>
   </trkpt>
   <trkpt lat="-26.2624110" lon="-51.0637910">
    <ele>751.7</ele>
   </trkpt>
   <trkpt lat="-26.2624370" lon="-51.0637800">
    <ele>751.7</ele>
   </trkpt>
   <trkpt lat="-26.2624660" lon="-51.0637640">
    <ele>751.7</ele>
   </trkpt>
   <trkpt lat="-26.2624930" lon="-51.0637390">
    <ele>751.7</ele>
   </trkpt>
   <trkpt lat="-26.2625260" lon="-51.0637230">
    <ele>751.7</ele>
   </trkpt>
   <trkpt lat="-26.2625510" lon="-51.0637040">
    <ele>751.7</ele>
   </trkpt>
   <trkpt lat="-26.2625790" lon="-51.0636960">
    <ele>751.7</ele>
   </trkpt>
   <trkpt lat="-26.2626030" lon="-51.0636710">
    <ele>751.7</ele>
   </trkpt>
   <trkpt lat="-26.2626290" lon="-51.0636460">
    <ele>751.6</ele>
   </trkpt>
   <trkpt lat="-26.2626670" lon="-51.0636190">
    <ele>751.6</ele>
   </trkpt>
   <trkpt lat="-26.2627000" lon="-51.0635930">
    <ele>751.6</ele>
   </trkpt>
   <trkpt lat="-26.2627250" lon="-51.0635770">
    <ele>751.6</ele>
   </trkpt>
   <trkpt lat="-26.2627530" lon="-51.0635570">
    <ele>751.6</ele>
   </trkpt>
   <trkpt lat="-26.2627850" lon="-51.0635350">
    <ele>751.6</ele>
   </trkpt>
   <trkpt lat="-26.2628150" lon="-51.0635120">
    <ele>751.6</ele>
   </trkpt>
   <trkpt lat="-26.2628440" lon="-51.0634890">
    <ele>751.6</ele>
   </trkpt>
   <trkpt lat="-26.2628680" lon="-51.0634680">
    <ele>751.6</ele>
   </trkpt>
   <trkpt lat="-26.2628930" lon="-51.0634460">
    <ele>751.6</ele>
   </trkpt>
   <trkpt lat="-26.2629160" lon="-51.0634230">
    <ele>751.6</ele>
   </trkpt>
   <trkpt lat="-26.2629410" lon="-51.0634010">
    <ele>751.6</ele>
   </trkpt>
   <trkpt lat="-26.2629700" lon="-51.0633730">
    <ele>751.6</ele>
   </trkpt>
   <trkpt lat="-26.2629960" lon="-51.0633510">
    <ele>751.6</ele>
   </trkpt>
   <trkpt lat="-26.2630230" lon="-51.0633280">
    <ele>751.6</ele>
   </trkpt>
   <trkpt lat="-26.2630450" lon="-51.0633070">
    <ele>751.6</ele>
   </trkpt>
   <trkpt lat="-26.2630760" lon="-51.0632780">
    <ele>751.6</ele>
   </trkpt>
   <trkpt lat="-26.2630870" lon="-51.0632670">
    <ele>751.6</ele>
   </trkpt>
   <trkpt lat="-26.2631130" lon="-51.0632400">
    <ele>751.6</ele>
   </trkpt>
   <trkpt lat="-26.2631190" lon="-51.0632320">
    <ele>751.6</ele>
   </trkpt>
   <trkpt lat="-26.2631420" lon="-51.0632100">
    <ele>751.6</ele>
   </trkpt>
   <trkpt lat="-26.2631710" lon="-51.0631850">
    <ele>751.6</ele>
   </trkpt>
   <trkpt lat="-26.2631810" lon="-51.0631760">
    <ele>751.5</ele>
   </trkpt>
   <trkpt lat="-26.2632020" lon="-51.0631510">
    <ele>751.5</ele>
   </trkpt>
   <trkpt lat="-26.2632120" lon="-51.0631400">
    <ele>751.5</ele>
   </trkpt>
   <trkpt lat="-26.2632370" lon="-51.0631210">
    <ele>751.5</ele>
   </trkpt>
   <trkpt lat="-26.2632560" lon="-51.0630970">
    <ele>751.5</ele>
   </trkpt>
   <trkpt lat="-26.2632840" lon="-51.0630670">
    <ele>751.5</ele>
   </trkpt>
   <trkpt lat="-26.2632940" lon="-51.0630560">
    <ele>751.5</ele>
   </trkpt>
   <trkpt lat="-26.2633220" lon="-51.0630310">
    <ele>751.5</ele>
   </trkpt>
   <trkpt lat="-26.2633460" lon="-51.0630060">
    <ele>751.5</ele>
   </trkpt>
   <trkpt lat="-26.2633770" lon="-51.0629780">
    <ele>751.5</ele>
   </trkpt>
   <trkpt lat="-26.2633880" lon="-51.0629680">
    <ele>751.5</ele>
   </trkpt>
   <trkpt lat="-26.2634090" lon="-51.0629490">
    <ele>751.5</ele>
   </trkpt>
   <trkpt lat="-26.2634310" lon="-51.0629230">
    <ele>751.5</ele>
   </trkpt>
   <trkpt lat="-26.2634550" lon="-51.0628990">
    <ele>751.5</ele>
   </trkpt>
   <trkpt lat="-26.2634870" lon="-51.0628730">
    <ele>751.4</ele>
   </trkpt>
   <trkpt lat="-26.2634990" lon="-51.0628630">
    <ele>751.4</ele>
   </trkpt>
   <trkpt lat="-26.2635300" lon="-51.0628340">
    <ele>751.4</ele>
   </trkpt>
   <trkpt lat="-26.2635410" lon="-51.0628240">
    <ele>751.4</ele>
   </trkpt>
   <trkpt lat="-26.2635620" lon="-51.0628030">
    <ele>751.4</ele>
   </trkpt>
   <trkpt lat="-26.2635810" lon="-51.0627800">
    <ele>751.4</ele>
   </trkpt>
   <trkpt lat="-26.2636040" lon="-51.0627470">
    <ele>751.3</ele>
   </trkpt>
   <trkpt lat="-26.2636110" lon="-51.0627360">
    <ele>751.3</ele>
   </trkpt>
   <trkpt lat="-26.2636370" lon="-51.0627040">
    <ele>751.3</ele>
   </trkpt>
   <trkpt lat="-26.2636490" lon="-51.0626950">
    <ele>751.3</ele>
   </trkpt>
   <trkpt lat="-26.2636720" lon="-51.0626750">
    <ele>751.3</ele>
   </trkpt>
   <trkpt lat="-26.2636980" lon="-51.0626450">
    <ele>751.3</ele>
   </trkpt>
   <trkpt lat="-26.2637050" lon="-51.0626370">
    <ele>751.3</ele>
   </trkpt>
   <trkpt lat="-26.2637320" lon="-51.0626080">
    <ele>751.3</ele>
   </trkpt>
   <trkpt lat="-26.2637600" lon="-51.0625750">
    <ele>751.2</ele>
   </trkpt>
   <trkpt lat="-26.2637690" lon="-51.0625640">
    <ele>751.2</ele>
   </trkpt>
   <trkpt lat="-26.2637900" lon="-51.0625430">
    <ele>751.2</ele>
   </trkpt>
   <trkpt lat="-26.2638120" lon="-51.0625210">
    <ele>751.2</ele>
   </trkpt>
   <trkpt lat="-26.2638390" lon="-51.0625010">
    <ele>751.2</ele>
   </trkpt>
   <trkpt lat="-26.2638620" lon="-51.0624710">
    <ele>751.2</ele>
   </trkpt>
   <trkpt lat="-26.2638700" lon="-51.0624600">
    <ele>751.2</ele>
   </trkpt>
   <trkpt lat="-26.2638950" lon="-51.0624320">
    <ele>751.2</ele>
   </trkpt>
   <trkpt lat="-26.2639170" lon="-51.0624070">
    <ele>751.2</ele>
   </trkpt>
   <trkpt lat="-26.2639330" lon="-51.0623800">
    <ele>751.1</ele>
   </trkpt>
   <trkpt lat="-26.2639590" lon="-51.0623520">
    <ele>751.1</ele>
   </trkpt>
   <trkpt lat="-26.2639710" lon="-51.0623420">
    <ele>751.1</ele>
   </trkpt>
   <trkpt lat="-26.2639940" lon="-51.0623220">
    <ele>751.1</ele>
   </trkpt>
   <trkpt lat="-26.2640140" lon="-51.0623010">
    <ele>751.1</ele>
   </trkpt>
   <trkpt lat="-26.2640380" lon="-51.0622720">
    <ele>751.1</ele>
   </trkpt>
   <trkpt lat="-26.2640480" lon="-51.0622610">
    <ele>751.1</ele>
   </trkpt>
   <trkpt lat="-26.2640680" lon="-51.0622410">
    <ele>751.1</ele>
   </trkpt>
   <trkpt lat="-26.2640870" lon="-51.0622150">
    <ele>751.1</ele>
   </trkpt>
   <trkpt lat="-26.2641070" lon="-51.0621920">
    <ele>751.0</ele>
   </trkpt>
   <trkpt lat="-26.2641270" lon="-51.0621700">
    <ele>751.0</ele>
   </trkpt>
   <trkpt lat="-26.2641480" lon="-51.0621450">
    <ele>751.0</ele>
   </trkpt>
   <trkpt lat="-26.2641780" lon="-51.0621200">
    <ele>751.0</ele>
   </trkpt>
   <trkpt lat="-26.2641900" lon="-51.0621110">
    <ele>751.0</ele>
   </trkpt>
   <trkpt lat="-26.2642100" lon="-51.0620870">
    <ele>751.0</ele>
   </trkpt>
   <trkpt lat="-26.2642150" lon="-51.0620810">
    <ele>751.0</ele>
   </trkpt>
   <trkpt lat="-26.2642220" lon="-51.0620740">
    <ele>751.0</ele>
   </trkpt>
   <trkpt lat="-26.2642400" lon="-51.0620570">
    <ele>751.0</ele>
   </trkpt>
   <trkpt lat="-26.2642480" lon="-51.0620470">
    <ele>751.0</ele>
   </trkpt>
   <trkpt lat="-26.2642610" lon="-51.0620330">
    <ele>750.9</ele>
   </trkpt>
   <trkpt lat="-26.2642850" lon="-51.0620140">
    <ele>750.9</ele>
   </trkpt>
   <trkpt lat="-26.2642940" lon="-51.0620070">
    <ele>750.9</ele>
   </trkpt>
   <trkpt lat="-26.2643140" lon="-51.0619830">
    <ele>750.9</ele>
   </trkpt>
   <trkpt lat="-26.2643210" lon="-51.0619750">
    <ele>750.9</ele>
   </trkpt>
   <trkpt lat="-26.2643350" lon="-51.0619630">
    <ele>750.9</ele>
   </trkpt>
   <trkpt lat="-26.2643450" lon="-51.0619480">
    <ele>750.9</ele>
   </trkpt>
   <trkpt lat="-26.2643630" lon="-51.0619230">
    <ele>750.9</ele>
   </trkpt>
   <trkpt lat="-26.2643690" lon="-51.0619150">
    <ele>750.9</ele>
   </trkpt>
   <trkpt lat="-26.2643930" lon="-51.0618960">
    <ele>750.9</ele>
   </trkpt>
   <trkpt lat="-26.2644000" lon="-51.0618910">
    <ele>750.9</ele>
   </trkpt>
   <trkpt lat="-26.2644220" lon="-51.0618680">
    <ele>750.9</ele>
   </trkpt>
   <trkpt lat="-26.2644460" lon="-51.0618490">
    <ele>750.9</ele>
   </trkpt>
   <trkpt lat="-26.2644770" lon="-51.0618200">
    <ele>750.9</ele>
   </trkpt>
   <trkpt lat="-26.2644880" lon="-51.0618090">
    <ele>750.9</ele>
   </trkpt>
   <trkpt lat="-26.2645080" lon="-51.0617820">
    <ele>750.9</ele>
   </trkpt>
   <trkpt lat="-26.2645280" lon="-51.0617520">
    <ele>750.9</ele>
   </trkpt>
   <trkpt lat="-26.2645320" lon="-51.0617460">
    <ele>750.9</ele>
   </trkpt>
   <trkpt lat="-26.2645600" lon="-51.0617230">
    <ele>750.9</ele>
   </trkpt>
   <trkpt lat="-26.2645660" lon="-51.0617150">
    <ele>750.9</ele>
   </trkpt>
   <trkpt lat="-26.2645930" lon="-51.0616840">
    <ele>750.9</ele>
   </trkpt>
   <trkpt lat="-26.2646030" lon="-51.0616740">
    <ele>750.9</ele>
   </trkpt>
   <trkpt lat="-26.2646310" lon="-51.0616430">
    <ele>750.9</ele>
   </trkpt>
   <trkpt lat="-26.2646440" lon="-51.0616300">
    <ele>750.9</ele>
   </trkpt>
   <trkpt lat="-26.2646630" lon="-51.0616060">
    <ele>750.9</ele>
   </trkpt>
   <trkpt lat="-26.2646740" lon="-51.0615950">
    <ele>750.9</ele>
   </trkpt>
   <trkpt lat="-26.2646960" lon="-51.0615740">
    <ele>750.9</ele>
   </trkpt>
   <trkpt lat="-26.2647250" lon="-51.0615430">
    <ele>750.9</ele>
   </trkpt>
   <trkpt lat="-26.2647390" lon="-51.0615280">
    <ele>750.9</ele>
   </trkpt>
   <trkpt lat="-26.2647600" lon="-51.0615030">
    <ele>750.9</ele>
   </trkpt>
   <trkpt lat="-26.2647710" lon="-51.0614930">
    <ele>750.9</ele>
   </trkpt>
   <trkpt lat="-26.2647940" lon="-51.0614710">
    <ele>750.9</ele>
   </trkpt>
   <trkpt lat="-26.2648310" lon="-51.0614350">
    <ele>750.8</ele>
   </trkpt>
   <trkpt lat="-26.2648480" lon="-51.0614170">
    <ele>750.8</ele>
   </trkpt>
   <trkpt lat="-26.2648720" lon="-51.0613900">
    <ele>750.8</ele>
   </trkpt>
   <trkpt lat="-26.2648980" lon="-51.0613690">
    <ele>750.8</ele>
   </trkpt>
   <trkpt lat="-26.2649090" lon="-51.0613600">
    <ele>750.8</ele>
   </trkpt>
   <trkpt lat="-26.2649340" lon="-51.0613300">
    <ele>750.8</ele>
   </trkpt>
   <trkpt lat="-26.2649440" lon="-51.0613170">
    <ele>750.8</ele>
   </trkpt>
   <trkpt lat="-26.2649720" lon="-51.0612870">
    <ele>750.8</ele>
   </trkpt>
   <trkpt lat="-26.2649810" lon="-51.0612760">
    <ele>750.8</ele>
   </trkpt>
   <trkpt lat="-26.2649980" lon="-51.0612500">
    <ele>750.8</ele>
   </trkpt>
   <trkpt lat="-26.2650190" lon="-51.0612300">
    <ele>750.8</ele>
   </trkpt>
   <trkpt lat="-26.2650410" lon="-51.0612000">
    <ele>750.8</ele>
   </trkpt>
   <trkpt lat="-26.2650660" lon="-51.0611670">
    <ele>750.8</ele>
   </trkpt>
   <trkpt lat="-26.2650840" lon="-51.0611460">
    <ele>750.8</ele>
   </trkpt>
   <trkpt lat="-26.2651120" lon="-51.0611120">
    <ele>750.8</ele>
   </trkpt>
   <trkpt lat="-26.2651360" lon="-51.0610830">
    <ele>750.8</ele>
   </trkpt>
   <trkpt lat="-26.2651520" lon="-51.0610620">
    <ele>750.8</ele>
   </trkpt>
   <trkpt lat="-26.2651640" lon="-51.0610480">
    <ele>750.8</ele>
   </trkpt>
   <trkpt lat="-26.2651910" lon="-51.0610110">
    <ele>750.8</ele>
   </trkpt>
   <trkpt lat="-26.2652050" lon="-51.0609920">
    <ele>750.8</ele>
   </trkpt>
   <trkpt lat="-26.2652350" lon="-51.0609590">
    <ele>750.8</ele>
   </trkpt>
   <trkpt lat="-26.2652540" lon="-51.0609390">
    <ele>750.8</ele>
   </trkpt>
   <trkpt lat="-26.2652910" lon="-51.0609030">
    <ele>750.8</ele>
   </trkpt>
   <trkpt lat="-26.2653180" lon="-51.0608690">
    <ele>750.7</ele>
   </trkpt>
   <trkpt lat="-26.2653310" lon="-51.0608570">
    <ele>750.7</ele>
   </trkpt>
   <trkpt lat="-26.2653520" lon="-51.0608330">
    <ele>750.7</ele>
   </trkpt>
   <trkpt lat="-26.2653850" lon="-51.0608040">
    <ele>750.7</ele>
   </trkpt>
   <trkpt lat="-26.2654130" lon="-51.0607790">
    <ele>750.7</ele>
   </trkpt>
   <trkpt lat="-26.2654410" lon="-51.0607520">
    <ele>750.7</ele>
   </trkpt>
   <trkpt lat="-26.2654690" lon="-51.0607240">
    <ele>750.7</ele>
   </trkpt>
   <trkpt lat="-26.2654980" lon="-51.0606950">
    <ele>750.7</ele>
   </trkpt>
   <trkpt lat="-26.2655240" lon="-51.0606690">
    <ele>750.7</ele>
   </trkpt>
   <trkpt lat="-26.2655450" lon="-51.0606420">
    <ele>750.7</ele>
   </trkpt>
   <trkpt lat="-26.2655670" lon="-51.0606130">
    <ele>750.7</ele>
   </trkpt>
   <trkpt lat="-26.2655910" lon="-51.0605840">
    <ele>750.7</ele>
   </trkpt>
   <trkpt lat="-26.2656180" lon="-51.0605570">
    <ele>750.7</ele>
   </trkpt>
   <trkpt lat="-26.2656440" lon="-51.0605310">
    <ele>750.6</ele>
   </trkpt>
   <trkpt lat="-26.2656690" lon="-51.0605010">
    <ele>750.6</ele>
   </trkpt>
   <trkpt lat="-26.2656790" lon="-51.0604890">
    <ele>750.6</ele>
   </trkpt>
   <trkpt lat="-26.2656990" lon="-51.0604650">
    <ele>750.6</ele>
   </trkpt>
   <trkpt lat="-26.2657320" lon="-51.0604360">
    <ele>750.6</ele>
   </trkpt>
   <trkpt lat="-26.2657440" lon="-51.0604250">
    <ele>750.6</ele>
   </trkpt>
   <trkpt lat="-26.2657730" lon="-51.0604020">
    <ele>750.6</ele>
   </trkpt>
   <trkpt lat="-26.2658000" lon="-51.0603740">
    <ele>750.6</ele>
   </trkpt>
   <trkpt lat="-26.2658270" lon="-51.0603460">
    <ele>750.6</ele>
   </trkpt>
   <trkpt lat="-26.2658520" lon="-51.0603200">
    <ele>750.6</ele>
   </trkpt>
   <trkpt lat="-26.2658750" lon="-51.0602950">
    <ele>750.6</ele>
   </trkpt>
   <trkpt lat="-26.2659020" lon="-51.0602720">
    <ele>750.6</ele>
   </trkpt>
   <trkpt lat="-26.2659230" lon="-51.0602470">
    <ele>750.6</ele>
   </trkpt>
   <trkpt lat="-26.2659480" lon="-51.0602210">
    <ele>750.6</ele>
   </trkpt>
   <trkpt lat="-26.2659730" lon="-51.0601970">
    <ele>750.6</ele>
   </trkpt>
   <trkpt lat="-26.2660030" lon="-51.0601760">
    <ele>750.6</ele>
   </trkpt>
   <trkpt lat="-26.2660230" lon="-51.0601520">
    <ele>750.6</ele>
   </trkpt>
   <trkpt lat="-26.2660460" lon="-51.0601300">
    <ele>750.6</ele>
   </trkpt>
   <trkpt lat="-26.2660690" lon="-51.0601070">
    <ele>750.6</ele>
   </trkpt>
   <trkpt lat="-26.2660910" lon="-51.0600850">
    <ele>750.6</ele>
   </trkpt>
   <trkpt lat="-26.2661140" lon="-51.0600640">
    <ele>750.6</ele>
   </trkpt>
   <trkpt lat="-26.2661350" lon="-51.0600390">
    <ele>750.6</ele>
   </trkpt>
   <trkpt lat="-26.2661560" lon="-51.0600190">
    <ele>750.6</ele>
   </trkpt>
   <trkpt lat="-26.2661920" lon="-51.0599920">
    <ele>750.6</ele>
   </trkpt>
   <trkpt lat="-26.2662060" lon="-51.0599830">
    <ele>750.6</ele>
   </trkpt>
   <trkpt lat="-26.2662310" lon="-51.0599590">
    <ele>750.5</ele>
   </trkpt>
   <trkpt lat="-26.2662510" lon="-51.0599360">
    <ele>750.5</ele>
   </trkpt>
   <trkpt lat="-26.2662720" lon="-51.0599160">
    <ele>750.5</ele>
   </trkpt>
   <trkpt lat="-26.2662910" lon="-51.0598940">
    <ele>750.5</ele>
   </trkpt>
   <trkpt lat="-26.2663140" lon="-51.0598700">
    <ele>750.5</ele>
   </trkpt>
   <trkpt lat="-26.2663420" lon="-51.0598460">
    <ele>750.5</ele>
   </trkpt>
   <trkpt lat="-26.2663700" lon="-51.0598250">
    <ele>750.5</ele>
   </trkpt>
   <trkpt lat="-26.2663930" lon="-51.0598000">
    <ele>750.5</ele>
   </trkpt>
   <trkpt lat="-26.2664170" lon="-51.0597730">
    <ele>750.5</ele>
   </trkpt>
   <trkpt lat="-26.2664370" lon="-51.0597520">
    <ele>750.5</ele>
   </trkpt>
   <trkpt lat="-26.2664590" lon="-51.0597260">
    <ele>750.5</ele>
   </trkpt>
   <trkpt lat="-26.2664840" lon="-51.0596980">
    <ele>750.5</ele>
   </trkpt>
   <trkpt lat="-26.2665110" lon="-51.0596760">
    <ele>750.5</ele>
   </trkpt>
   <trkpt lat="-26.2665380" lon="-51.0596530">
    <ele>750.5</ele>
   </trkpt>
   <trkpt lat="-26.2665610" lon="-51.0596290">
    <ele>750.5</ele>
   </trkpt>
   <trkpt lat="-26.2665840" lon="-51.0596070">
    <ele>750.5</ele>
   </trkpt>
   <trkpt lat="-26.2666050" lon="-51.0595820">
    <ele>750.5</ele>
   </trkpt>
   <trkpt lat="-26.2666250" lon="-51.0595560">
    <ele>750.5</ele>
   </trkpt>
   <trkpt lat="-26.2666540" lon="-51.0595250">
    <ele>750.5</ele>
   </trkpt>
   <trkpt lat="-26.2666650" lon="-51.0595150">
    <ele>750.5</ele>
   </trkpt>
   <trkpt lat="-26.2666860" lon="-51.0594920">
    <ele>750.5</ele>
   </trkpt>
   <trkpt lat="-26.2667120" lon="-51.0594700">
    <ele>750.5</ele>
   </trkpt>
   <trkpt lat="-26.2667330" lon="-51.0594500">
    <ele>750.5</ele>
   </trkpt>
   <trkpt lat="-26.2667590" lon="-51.0594160">
    <ele>750.5</ele>
   </trkpt>
   <trkpt lat="-26.2667690" lon="-51.0594030">
    <ele>750.5</ele>
   </trkpt>
   <trkpt lat="-26.2668010" lon="-51.0593750">
    <ele>750.5</ele>
   </trkpt>
   <trkpt lat="-26.2668130" lon="-51.0593650">
    <ele>750.5</ele>
   </trkpt>
   <trkpt lat="-26.2668390" lon="-51.0593400">
    <ele>750.5</ele>
   </trkpt>
   <trkpt lat="-26.2668610" lon="-51.0593150">
    <ele>750.5</ele>
   </trkpt>
   <trkpt lat="-26.2668840" lon="-51.0592930">
    <ele>750.5</ele>
   </trkpt>
   <trkpt lat="-26.2669150" lon="-51.0592620">
    <ele>750.5</ele>
   </trkpt>
   <trkpt lat="-26.2669260" lon="-51.0592490">
    <ele>750.5</ele>
   </trkpt>
   <trkpt lat="-26.2669500" lon="-51.0592270">
    <ele>750.5</ele>
   </trkpt>
   <trkpt lat="-26.2669810" lon="-51.0592010">
    <ele>750.5</ele>
   </trkpt>
   <trkpt lat="-26.2669910" lon="-51.0591920">
    <ele>750.5</ele>
   </trkpt>
   <trkpt lat="-26.2670110" lon="-51.0591720">
    <ele>750.5</ele>
   </trkpt>
   <trkpt lat="-26.2670300" lon="-51.0591480">
    <ele>750.5</ele>
   </trkpt>
   <trkpt lat="-26.2670440" lon="-51.0591210">
    <ele>750.5</ele>
   </trkpt>
   <trkpt lat="-26.2670690" lon="-51.0590960">
    <ele>750.6</ele>
   </trkpt>
   <trkpt lat="-26.2670950" lon="-51.0590690">
    <ele>750.6</ele>
   </trkpt>
   <trkpt lat="-26.2671190" lon="-51.0590480">
    <ele>750.6</ele>
   </trkpt>
   <trkpt lat="-26.2671460" lon="-51.0590280">
    <ele>750.6</ele>
   </trkpt>
   <trkpt lat="-26.2671680" lon="-51.0590070">
    <ele>750.6</ele>
   </trkpt>
   <trkpt lat="-26.2671880" lon="-51.0589830">
    <ele>750.6</ele>
   </trkpt>
   <trkpt lat="-26.2672110" lon="-51.0589570">
    <ele>750.6</ele>
   </trkpt>
   <trkpt lat="-26.2672350" lon="-51.0589330">
    <ele>750.6</ele>
   </trkpt>
   <trkpt lat="-26.2672600" lon="-51.0589070">
    <ele>750.6</ele>
   </trkpt>
   <trkpt lat="-26.2672850" lon="-51.0588870">
    <ele>750.6</ele>
   </trkpt>
   <trkpt lat="-26.2673110" lon="-51.0588640">
    <ele>750.7</ele>
   </trkpt>
   <trkpt lat="-26.2673390" lon="-51.0588410">
    <ele>750.7</ele>
   </trkpt>
   <trkpt lat="-26.2673640" lon="-51.0588190">
    <ele>750.7</ele>
   </trkpt>
   <trkpt lat="-26.2673930" lon="-51.0587890">
    <ele>750.7</ele>
   </trkpt>
   <trkpt lat="-26.2674200" lon="-51.0587630">
    <ele>750.7</ele>
   </trkpt>
   <trkpt lat="-26.2674420" lon="-51.0587370">
    <ele>750.7</ele>
   </trkpt>
   <trkpt lat="-26.2674640" lon="-51.0587150">
    <ele>750.7</ele>
   </trkpt>
   <trkpt lat="-26.2674840" lon="-51.0586920">
    <ele>750.8</ele>
   </trkpt>
   <trkpt lat="-26.2675090" lon="-51.0586590">
    <ele>750.8</ele>
   </trkpt>
   <trkpt lat="-26.2675180" lon="-51.0586480">
    <ele>750.8</ele>
   </trkpt>
   <trkpt lat="-26.2675380" lon="-51.0586280">
    <ele>750.8</ele>
   </trkpt>
   <trkpt lat="-26.2675620" lon="-51.0586030">
    <ele>750.8</ele>
   </trkpt>
   <trkpt lat="-26.2675830" lon="-51.0585760">
    <ele>750.8</ele>
   </trkpt>
   <trkpt lat="-26.2676020" lon="-51.0585520">
    <ele>750.8</ele>
   </trkpt>
   <trkpt lat="-26.2676280" lon="-51.0585230">
    <ele>750.8</ele>
   </trkpt>
   <trkpt lat="-26.2676600" lon="-51.0584910">
    <ele>750.8</ele>
   </trkpt>
   <trkpt lat="-26.2676720" lon="-51.0584790">
    <ele>750.8</ele>
   </trkpt>
   <trkpt lat="-26.2676960" lon="-51.0584540">
    <ele>750.9</ele>
   </trkpt>
   <trkpt lat="-26.2677180" lon="-51.0584310">
    <ele>750.9</ele>
   </trkpt>
   <trkpt lat="-26.2677440" lon="-51.0584060">
    <ele>750.9</ele>
   </trkpt>
   <trkpt lat="-26.2677660" lon="-51.0583820">
    <ele>750.9</ele>
   </trkpt>
   <trkpt lat="-26.2677860" lon="-51.0583600">
    <ele>750.9</ele>
   </trkpt>
   <trkpt lat="-26.2678090" lon="-51.0583380">
    <ele>751.0</ele>
   </trkpt>
   <trkpt lat="-26.2678330" lon="-51.0583130">
    <ele>751.0</ele>
   </trkpt>
   <trkpt lat="-26.2678550" lon="-51.0582920">
    <ele>751.0</ele>
   </trkpt>
   <trkpt lat="-26.2678790" lon="-51.0582700">
    <ele>751.0</ele>
   </trkpt>
   <trkpt lat="-26.2679040" lon="-51.0582450">
    <ele>751.1</ele>
   </trkpt>
   <trkpt lat="-26.2679270" lon="-51.0582240">
    <ele>751.1</ele>
   </trkpt>
   <trkpt lat="-26.2679480" lon="-51.0581990">
    <ele>751.1</ele>
   </trkpt>
   <trkpt lat="-26.2679690" lon="-51.0581740">
    <ele>751.1</ele>
   </trkpt>
   <trkpt lat="-26.2679900" lon="-51.0581520">
    <ele>751.1</ele>
   </trkpt>
   <trkpt lat="-26.2680090" lon="-51.0581300">
    <ele>751.2</ele>
   </trkpt>
   <trkpt lat="-26.2680320" lon="-51.0581070">
    <ele>751.2</ele>
   </trkpt>
   <trkpt lat="-26.2680540" lon="-51.0580850">
    <ele>751.2</ele>
   </trkpt>
   <trkpt lat="-26.2680750" lon="-51.0580610">
    <ele>751.2</ele>
   </trkpt>
   <trkpt lat="-26.2680980" lon="-51.0580390">
    <ele>751.2</ele>
   </trkpt>
   <trkpt lat="-26.2681210" lon="-51.0580230">
    <ele>751.3</ele>
   </trkpt>
   <trkpt lat="-26.2681490" lon="-51.0579920">
    <ele>751.3</ele>
   </trkpt>
   <trkpt lat="-26.2681580" lon="-51.0579800">
    <ele>751.3</ele>
   </trkpt>
   <trkpt lat="-26.2681850" lon="-51.0579500">
    <ele>751.4</ele>
   </trkpt>
   <trkpt lat="-26.2681930" lon="-51.0579390">
    <ele>751.4</ele>
   </trkpt>
   <trkpt lat="-26.2682150" lon="-51.0579170">
    <ele>751.5</ele>
   </trkpt>
   <trkpt lat="-26.2682410" lon="-51.0578860">
    <ele>751.5</ele>
   </trkpt>
   <trkpt lat="-26.2682500" lon="-51.0578750">
    <ele>751.5</ele>
   </trkpt>
   <trkpt lat="-26.2682720" lon="-51.0578410">
    <ele>751.6</ele>
   </trkpt>
   <trkpt lat="-26.2682810" lon="-51.0578300">
    <ele>751.6</ele>
   </trkpt>
   <trkpt lat="-26.2683080" lon="-51.0578030">
    <ele>751.7</ele>
   </trkpt>
   <trkpt lat="-26.2683180" lon="-51.0577950">
    <ele>751.7</ele>
   </trkpt>
   <trkpt lat="-26.2683380" lon="-51.0577730">
    <ele>751.7</ele>
   </trkpt>
   <trkpt lat="-26.2683620" lon="-51.0577430">
    <ele>751.8</ele>
   </trkpt>
   <trkpt lat="-26.2683700" lon="-51.0577350">
    <ele>751.8</ele>
   </trkpt>
   <trkpt lat="-26.2683990" lon="-51.0577080">
    <ele>751.9</ele>
   </trkpt>
   <trkpt lat="-26.2684090" lon="-51.0576990">
    <ele>751.9</ele>
   </trkpt>
   <trkpt lat="-26.2684310" lon="-51.0576790">
    <ele>751.9</ele>
   </trkpt>
   <trkpt lat="-26.2684600" lon="-51.0576520">
    <ele>752.0</ele>
   </trkpt>
   <trkpt lat="-26.2684700" lon="-51.0576430">
    <ele>752.0</ele>
   </trkpt>
   <trkpt lat="-26.2684940" lon="-51.0576090">
    <ele>752.1</ele>
   </trkpt>
   <trkpt lat="-26.2685020" lon="-51.0575970">
    <ele>752.1</ele>
   </trkpt>
   <trkpt lat="-26.2685270" lon="-51.0575650">
    <ele>752.2</ele>
   </trkpt>
   <trkpt lat="-26.2685370" lon="-51.0575550">
    <ele>752.2</ele>
   </trkpt>
   <trkpt lat="-26.2685620" lon="-51.0575250">
    <ele>752.3</ele>
   </trkpt>
   <trkpt lat="-26.2685700" lon="-51.0575150">
    <ele>752.3</ele>
   </trkpt>
   <trkpt lat="-26.2685980" lon="-51.0574850">
    <ele>752.4</ele>
   </trkpt>
   <trkpt lat="-26.2686080" lon="-51.0574740">
    <ele>752.4</ele>
   </trkpt>
   <trkpt lat="-26.2686350" lon="-51.0574460">
    <ele>752.5</ele>
   </trkpt>
   <trkpt lat="-26.2686450" lon="-51.0574350">
    <ele>752.5</ele>
   </trkpt>
   <trkpt lat="-26.2686700" lon="-51.0574070">
    <ele>752.6</ele>
   </trkpt>
   <trkpt lat="-26.2686800" lon="-51.0573980">
    <ele>752.6</ele>
   </trkpt>
   <trkpt lat="-26.2687020" lon="-51.0573780">
    <ele>752.6</ele>
   </trkpt>
   <trkpt lat="-26.2687220" lon="-51.0573490">
    <ele>752.7</ele>
   </trkpt>
   <trkpt lat="-26.2687300" lon="-51.0573400">
    <ele>752.7</ele>
   </trkpt>
   <trkpt lat="-26.2687520" lon="-51.0573100">
    <ele>752.8</ele>
   </trkpt>
   <trkpt lat="-26.2687590" lon="-51.0572990">
    <ele>752.8</ele>
   </trkpt>
   <trkpt lat="-26.2687830" lon="-51.0572640">
    <ele>752.9</ele>
   </trkpt>
   <trkpt lat="-26.2687900" lon="-51.0572530">
    <ele>753.0</ele>
   </trkpt>
   <trkpt lat="-26.2688180" lon="-51.0572260">
    <ele>753.0</ele>
   </trkpt>
   <trkpt lat="-26.2688270" lon="-51.0572170">
    <ele>753.1</ele>
   </trkpt>
   <trkpt lat="-26.2688550" lon="-51.0571900">
    <ele>753.2</ele>
   </trkpt>
   <trkpt lat="-26.2688640" lon="-51.0571810">
    <ele>753.2</ele>
   </trkpt>
   <trkpt lat="-26.2688920" lon="-51.0571570">
    <ele>753.3</ele>
   </trkpt>
   <trkpt lat="-26.2689020" lon="-51.0571490">
    <ele>753.3</ele>
   </trkpt>
   <trkpt lat="-26.2689160" lon="-51.0571350">
    <ele>753.3</ele>
   </trkpt>
   <trkpt lat="-26.2689280" lon="-51.0571240">
    <ele>753.4</ele>
   </trkpt>
   <trkpt lat="-26.2689530" lon="-51.0570950">
    <ele>753.4</ele>
   </trkpt>
   <trkpt lat="-26.2689600" lon="-51.0570860">
    <ele>753.5</ele>
   </trkpt>
   <trkpt lat="-26.2689870" lon="-51.0570580">
    <ele>753.5</ele>
   </trkpt>
   <trkpt lat="-26.2689960" lon="-51.0570480">
    <ele>753.6</ele>
   </trkpt>
   <trkpt lat="-26.2690180" lon="-51.0570250">
    <ele>753.6</ele>
   </trkpt>
   <trkpt lat="-26.2690420" lon="-51.0570020">
    <ele>753.7</ele>
   </trkpt>
   <trkpt lat="-26.2690710" lon="-51.0569730">
    <ele>753.7</ele>
   </trkpt>
   <trkpt lat="-26.2690800" lon="-51.0569630">
    <ele>753.7</ele>
   </trkpt>
   <trkpt lat="-26.2691040" lon="-51.0569330">
    <ele>753.8</ele>
   </trkpt>
   <trkpt lat="-26.2691100" lon="-51.0569260">
    <ele>753.8</ele>
   </trkpt>
   <trkpt lat="-26.2691230" lon="-51.0569080">
    <ele>753.8</ele>
   </trkpt>
   <trkpt lat="-26.2691310" lon="-51.0568980">
    <ele>753.9</ele>
   </trkpt>
   <trkpt lat="-26.2691390" lon="-51.0568880">
    <ele>753.9</ele>
   </trkpt>
   <trkpt lat="-26.2691600" lon="-51.0568630">
    <ele>754.0</ele>
   </trkpt>
   <trkpt lat="-26.2691660" lon="-51.0568530">
    <ele>754.0</ele>
   </trkpt>
   <trkpt lat="-26.2691880" lon="-51.0568250">
    <ele>754.0</ele>
   </trkpt>
   <trkpt lat="-26.2691980" lon="-51.0568140">
    <ele>754.0</ele>
   </trkpt>
   <trkpt lat="-26.2692210" lon="-51.0567950">
    <ele>754.1</ele>
   </trkpt>
   <trkpt lat="-26.2692430" lon="-51.0567730">
    <ele>754.1</ele>
   </trkpt>
   <trkpt lat="-26.2692640" lon="-51.0567530">
    <ele>754.1</ele>
   </trkpt>
   <trkpt lat="-26.2692940" lon="-51.0567250">
    <ele>754.2</ele>
   </trkpt>
   <trkpt lat="-26.2693040" lon="-51.0567150">
    <ele>754.2</ele>
   </trkpt>
   <trkpt lat="-26.2693260" lon="-51.0566940">
    <ele>754.3</ele>
   </trkpt>
   <trkpt lat="-26.2693570" lon="-51.0566720">
    <ele>754.3</ele>
   </trkpt>
   <trkpt lat="-26.2693710" lon="-51.0566630">
    <ele>754.3</ele>
   </trkpt>
   <trkpt lat="-26.2693980" lon="-51.0566410">
    <ele>754.4</ele>
   </trkpt>
   <trkpt lat="-26.2694100" lon="-51.0566300">
    <ele>754.4</ele>
   </trkpt>
   <trkpt lat="-26.2694320" lon="-51.0566090">
    <ele>754.5</ele>
   </trkpt>
   <trkpt lat="-26.2694610" lon="-51.0565850">
    <ele>754.5</ele>
   </trkpt>
   <trkpt lat="-26.2694720" lon="-51.0565740">
    <ele>754.5</ele>
   </trkpt>
   <trkpt lat="-26.2695050" lon="-51.0565460">
    <ele>754.6</ele>
   </trkpt>
   <trkpt lat="-26.2695150" lon="-51.0565360">
    <ele>754.6</ele>
   </trkpt>
   <trkpt lat="-26.2695350" lon="-51.0565170">
    <ele>754.6</ele>
   </trkpt>
   <trkpt lat="-26.2695430" lon="-51.0565080">
    <ele>754.6</ele>
   </trkpt>
   <trkpt lat="-26.2695720" lon="-51.0564790">
    <ele>754.7</ele>
   </trkpt>
   <trkpt lat="-26.2695810" lon="-51.0564690">
    <ele>754.7</ele>
   </trkpt>
   <trkpt lat="-26.2696100" lon="-51.0564390">
    <ele>754.7</ele>
   </trkpt>
   <trkpt lat="-26.2696350" lon="-51.0564070">
    <ele>754.8</ele>
   </trkpt>
   <trkpt lat="-26.2696430" lon="-51.0563970">
    <ele>754.8</ele>
   </trkpt>
   <trkpt lat="-26.2696760" lon="-51.0563700">
    <ele>754.8</ele>
   </trkpt>
   <trkpt lat="-26.2696880" lon="-51.0563590">
    <ele>754.8</ele>
   </trkpt>
   <trkpt lat="-26.2697190" lon="-51.0563330">
    <ele>754.9</ele>
   </trkpt>
   <trkpt lat="-26.2697290" lon="-51.0563260">
    <ele>754.9</ele>
   </trkpt>
   <trkpt lat="-26.2697550" lon="-51.0563070">
    <ele>755.0</ele>
   </trkpt>
   <trkpt lat="-26.2697780" lon="-51.0562900">
    <ele>755.0</ele>
   </trkpt>
   <trkpt lat="-26.2698000" lon="-51.0562720">
    <ele>755.1</ele>
   </trkpt>
   <trkpt lat="-26.2698250" lon="-51.0562560">
    <ele>755.1</ele>
   </trkpt>
   <trkpt lat="-26.2698520" lon="-51.0562360">
    <ele>755.2</ele>
   </trkpt>
   <trkpt lat="-26.2698740" lon="-51.0562150">
    <ele>755.2</ele>
   </trkpt>
   <trkpt lat="-26.2698980" lon="-51.0561970">
    <ele>755.3</ele>
   </trkpt>
   <trkpt lat="-26.2699240" lon="-51.0561760">
    <ele>755.3</ele>
   </trkpt>
   <trkpt lat="-26.2699480" lon="-51.0561550">
    <ele>755.4</ele>
   </trkpt>
   <trkpt lat="-26.2699680" lon="-51.0561340">
    <ele>755.4</ele>
   </trkpt>
   <trkpt lat="-26.2699900" lon="-51.0561150">
    <ele>755.4</ele>
   </trkpt>
   <trkpt lat="-26.2700140" lon="-51.0560980">
    <ele>755.4</ele>
   </trkpt>
   <trkpt lat="-26.2700470" lon="-51.0560740">
    <ele>755.5</ele>
   </trkpt>
   <trkpt lat="-26.2700580" lon="-51.0560640">
    <ele>755.5</ele>
   </trkpt>
   <trkpt lat="-26.2700790" lon="-51.0560450">
    <ele>755.5</ele>
   </trkpt>
   <trkpt lat="-26.2701080" lon="-51.0560200">
    <ele>755.5</ele>
   </trkpt>
   <trkpt lat="-26.2701180" lon="-51.0560120">
    <ele>755.5</ele>
   </trkpt>
   <trkpt lat="-26.2701440" lon="-51.0559940">
    <ele>755.5</ele>
   </trkpt>
   <trkpt lat="-26.2701530" lon="-51.0559870">
    <ele>755.5</ele>
   </trkpt>
   <trkpt lat="-26.2701790" lon="-51.0559660">
    <ele>755.5</ele>
   </trkpt>
   <trkpt lat="-26.2701880" lon="-51.0559610">
    <ele>755.5</ele>
   </trkpt>
   <trkpt lat="-26.2702150" lon="-51.0559460">
    <ele>755.5</ele>
   </trkpt>
   <trkpt lat="-26.2702250" lon="-51.0559380">
    <ele>755.5</ele>
   </trkpt>
   <trkpt lat="-26.2702570" lon="-51.0559140">
    <ele>755.4</ele>
   </trkpt>
   <trkpt lat="-26.2702680" lon="-51.0559070">
    <ele>755.4</ele>
   </trkpt>
   <trkpt lat="-26.2703030" lon="-51.0558840">
    <ele>755.4</ele>
   </trkpt>
   <trkpt lat="-26.2703180" lon="-51.0558750">
    <ele>755.4</ele>
   </trkpt>
   <trkpt lat="-26.2703430" lon="-51.0558610">
    <ele>755.4</ele>
   </trkpt>
   <trkpt lat="-26.2703740" lon="-51.0558390">
    <ele>755.3</ele>
   </trkpt>
   <trkpt lat="-26.2703840" lon="-51.0558320">
    <ele>755.3</ele>
   </trkpt>
   <trkpt lat="-26.2704210" lon="-51.0558080">
    <ele>755.3</ele>
   </trkpt>
   <trkpt lat="-26.2704350" lon="-51.0558000">
    <ele>755.2</ele>
   </trkpt>
   <trkpt lat="-26.2704590" lon="-51.0557830">
    <ele>755.2</ele>
   </trkpt>
   <trkpt lat="-26.2704910" lon="-51.0557640">
    <ele>755.1</ele>
   </trkpt>
   <trkpt lat="-26.2705030" lon="-51.0557580">
    <ele>755.1</ele>
   </trkpt>
   <trkpt lat="-26.2705400" lon="-51.0557410">
    <ele>755.0</ele>
   </trkpt>
   <trkpt lat="-26.2705530" lon="-51.0557320">
    <ele>755.0</ele>
   </trkpt>
   <trkpt lat="-26.2705760" lon="-51.0557100">
    <ele>754.9</ele>
   </trkpt>
   <trkpt lat="-26.2706040" lon="-51.0556950">
    <ele>754.9</ele>
   </trkpt>
   <trkpt lat="-26.2706290" lon="-51.0556810">
    <ele>754.8</ele>
   </trkpt>
   <trkpt lat="-26.2706550" lon="-51.0556650">
    <ele>754.8</ele>
   </trkpt>
   <trkpt lat="-26.2706830" lon="-51.0556460">
    <ele>754.7</ele>
   </trkpt>
   <trkpt lat="-26.2707130" lon="-51.0556260">
    <ele>754.6</ele>
   </trkpt>
   <trkpt lat="-26.2707450" lon="-51.0556110">
    <ele>754.6</ele>
   </trkpt>
   <trkpt lat="-26.2707710" lon="-51.0555990">
    <ele>754.5</ele>
   </trkpt>
   <trkpt lat="-26.2708030" lon="-51.0555850">
    <ele>754.4</ele>
   </trkpt>
   <trkpt lat="-26.2708360" lon="-51.0555670">
    <ele>754.3</ele>
   </trkpt>
   <trkpt lat="-26.2708640" lon="-51.0555500">
    <ele>754.1</ele>
   </trkpt>
   <trkpt lat="-26.2708930" lon="-51.0555380">
    <ele>754.0</ele>
   </trkpt>
   <trkpt lat="-26.2709270" lon="-51.0555200">
    <ele>753.9</ele>
   </trkpt>
   <trkpt lat="-26.2709580" lon="-51.0554950">
    <ele>753.7</ele>
   </trkpt>
   <trkpt lat="-26.2709890" lon="-51.0554820">
    <ele>753.6</ele>
   </trkpt>
   <trkpt lat="-26.2710240" lon="-51.0554640">
    <ele>753.5</ele>
   </trkpt>
   <trkpt lat="-26.2710590" lon="-51.0554430">
    <ele>753.3</ele>
   </trkpt>
   <trkpt lat="-26.2710930" lon="-51.0554210">
    <ele>753.1</ele>
   </trkpt>
   <trkpt lat="-26.2711250" lon="-51.0553930">
    <ele>753.0</ele>
   </trkpt>
   <trkpt lat="-26.2711590" lon="-51.0553710">
    <ele>752.8</ele>
   </trkpt>
   <trkpt lat="-26.2712010" lon="-51.0553550">
    <ele>752.6</ele>
   </trkpt>
   <trkpt lat="-26.2712450" lon="-51.0553430">
    <ele>752.5</ele>
   </trkpt>
   <trkpt lat="-26.2712950" lon="-51.0553220">
    <ele>752.3</ele>
   </trkpt>
   <trkpt lat="-26.2713410" lon="-51.0553010">
    <ele>752.1</ele>
   </trkpt>
   <trkpt lat="-26.2713890" lon="-51.0552790">
    <ele>751.9</ele>
   </trkpt>
   <trkpt lat="-26.2714330" lon="-51.0552640">
    <ele>751.7</ele>
   </trkpt>
   <trkpt lat="-26.2714820" lon="-51.0552470">
    <ele>751.5</ele>
   </trkpt>
   <trkpt lat="-26.2715340" lon="-51.0552320">
    <ele>751.4</ele>
   </trkpt>
   <trkpt lat="-26.2715830" lon="-51.0552170">
    <ele>751.3</ele>
   </trkpt>
   <trkpt lat="-26.2716280" lon="-51.0551980">
    <ele>751.2</ele>
   </trkpt>
   <trkpt lat="-26.2716770" lon="-51.0551790">
    <ele>751.1</ele>
   </trkpt>
   <trkpt lat="-26.2717270" lon="-51.0551660">
    <ele>751.0</ele>
   </trkpt>
   <trkpt lat="-26.2717700" lon="-51.0551530">
    <ele>751.0</ele>
   </trkpt>
   <trkpt lat="-26.2718120" lon="-51.0551350">
    <ele>751.0</ele>
   </trkpt>
   <trkpt lat="-26.2718520" lon="-51.0551170">
    <ele>751.0</ele>
   </trkpt>
   <trkpt lat="-26.2718900" lon="-51.0551060">
    <ele>751.0</ele>
   </trkpt>
   <trkpt lat="-26.2719230" lon="-51.0550960">
    <ele>751.0</ele>
   </trkpt>
   <trkpt lat="-26.2719580" lon="-51.0550850">
    <ele>751.1</ele>
   </trkpt>
   <trkpt lat="-26.2719900" lon="-51.0550710">
    <ele>751.1</ele>
   </trkpt>
   <trkpt lat="-26.2720260" lon="-51.0550620">
    <ele>751.2</ele>
   </trkpt>
   <trkpt lat="-26.2720380" lon="-51.0550600">
    <ele>751.2</ele>
   </trkpt>
   <trkpt lat="-26.2720710" lon="-51.0550470">
    <ele>751.3</ele>
   </trkpt>
   <trkpt lat="-26.2720810" lon="-51.0550420">
    <ele>751.3</ele>
   </trkpt>
   <trkpt lat="-26.2721120" lon="-51.0550260">
    <ele>751.4</ele>
   </trkpt>
   <trkpt lat="-26.2721200" lon="-51.0550220">
    <ele>751.4</ele>
   </trkpt>
   <trkpt lat="-26.2721520" lon="-51.0550060">
    <ele>751.5</ele>
   </trkpt>
   <trkpt lat="-26.2721640" lon="-51.0550020">
    <ele>751.6</ele>
   </trkpt>
   <trkpt lat="-26.2722060" lon="-51.0549910">
    <ele>751.7</ele>
   </trkpt>
   <trkpt lat="-26.2722220" lon="-51.0549880">
    <ele>751.7</ele>
   </trkpt>
   <trkpt lat="-26.2722520" lon="-51.0549810">
    <ele>751.8</ele>
   </trkpt>
   <trkpt lat="-26.2722880" lon="-51.0549670">
    <ele>752.0</ele>
   </trkpt>
   <trkpt lat="-26.2723000" lon="-51.0549620">
    <ele>752.0</ele>
   </trkpt>
   <trkpt lat="-26.2723370" lon="-51.0549540">
    <ele>752.1</ele>
   </trkpt>
   <trkpt lat="-26.2723500" lon="-51.0549510">
    <ele>752.2</ele>
   </trkpt>
   <trkpt lat="-26.2723910" lon="-51.0549410">
    <ele>752.3</ele>
   </trkpt>
   <trkpt lat="-26.2724050" lon="-51.0549380">
    <ele>752.4</ele>
   </trkpt>
   <trkpt lat="-26.2724320" lon="-51.0549350">
    <ele>752.4</ele>
   </trkpt>
   <trkpt lat="-26.2724600" lon="-51.0549300">
    <ele>752.5</ele>
   </trkpt>
   <trkpt lat="-26.2724940" lon="-51.0549140">
    <ele>752.6</ele>
   </trkpt>
   <trkpt lat="-26.2725060" lon="-51.0549090">
    <ele>752.7</ele>
   </trkpt>
   <trkpt lat="-26.2725320" lon="-51.0548970">
    <ele>752.8</ele>
   </trkpt>
   <trkpt lat="-26.2725590" lon="-51.0548850">
    <ele>752.8</ele>
   </trkpt>
   <trkpt lat="-26.2726000" lon="-51.0548770">
    <ele>752.9</ele>
   </trkpt>
   <trkpt lat="-26.2726150" lon="-51.0548740">
    <ele>753.0</ele>
   </trkpt>
   <trkpt lat="-26.2726410" lon="-51.0548620">
    <ele>753.1</ele>
   </trkpt>
   <trkpt lat="-26.2726790" lon="-51.0548560">
    <ele>753.1</ele>
   </trkpt>
   <trkpt lat="-26.2726950" lon="-51.0548520">
    <ele>753.2</ele>
   </trkpt>
   <trkpt lat="-26.2727270" lon="-51.0548400">
    <ele>753.3</ele>
   </trkpt>
   <trkpt lat="-26.2727380" lon="-51.0548350">
    <ele>753.3</ele>
   </trkpt>
   <trkpt lat="-26.2727660" lon="-51.0548280">
    <ele>753.3</ele>
   </trkpt>
   <trkpt lat="-26.2728030" lon="-51.0548170">
    <ele>753.4</ele>
   </trkpt>
   <trkpt lat="-26.2728310" lon="-51.0548050">
    <ele>753.4</ele>
   </trkpt>
   <trkpt lat="-26.2728690" lon="-51.0548020">
    <ele>753.5</ele>
   </trkpt>
   <trkpt lat="-26.2728840" lon="-51.0548000">
    <ele>753.5</ele>
   </trkpt>
   <trkpt lat="-26.2729130" lon="-51.0547920">
    <ele>753.5</ele>
   </trkpt>
   <trkpt lat="-26.2729410" lon="-51.0547790">
    <ele>753.6</ele>
   </trkpt>
   <trkpt lat="-26.2729710" lon="-51.0547700">
    <ele>753.6</ele>
   </trkpt>
   <trkpt lat="-26.2730000" lon="-51.0547620">
    <ele>753.6</ele>
   </trkpt>
   <trkpt lat="-26.2730420" lon="-51.0547500">
    <ele>753.7</ele>
   </trkpt>
   <trkpt lat="-26.2730590" lon="-51.0547440">
    <ele>753.7</ele>
   </trkpt>
   <trkpt lat="-26.2730910" lon="-51.0547350">
    <ele>753.7</ele>
   </trkpt>
   <trkpt lat="-26.2731200" lon="-51.0547230">
    <ele>753.7</ele>
   </trkpt>
   <trkpt lat="-26.2731460" lon="-51.0547150">
    <ele>753.7</ele>
   </trkpt>
   <trkpt lat="-26.2731810" lon="-51.0547040">
    <ele>753.7</ele>
   </trkpt>
   <trkpt lat="-26.2732130" lon="-51.0546950">
    <ele>753.7</ele>
   </trkpt>
   <trkpt lat="-26.2732430" lon="-51.0546860">
    <ele>753.7</ele>
   </trkpt>
   <trkpt lat="-26.2732740" lon="-51.0546770">
    <ele>753.7</ele>
   </trkpt>
   <trkpt lat="-26.2733070" lon="-51.0546680">
    <ele>753.7</ele>
   </trkpt>
   <trkpt lat="-26.2733390" lon="-51.0546590">
    <ele>753.7</ele>
   </trkpt>
   <trkpt lat="-26.2733710" lon="-51.0546490">
    <ele>753.7</ele>
   </trkpt>
   <trkpt lat="-26.2734030" lon="-51.0546400">
    <ele>753.7</ele>
   </trkpt>
   <trkpt lat="-26.2734340" lon="-51.0546290">
    <ele>753.7</ele>
   </trkpt>
   <trkpt lat="-26.2734650" lon="-51.0546150">
    <ele>753.7</ele>
   </trkpt>
   <trkpt lat="-26.2734980" lon="-51.0546050">
    <ele>753.7</ele>
   </trkpt>
   <trkpt lat="-26.2735260" lon="-51.0545910">
    <ele>753.7</ele>
   </trkpt>
   <trkpt lat="-26.2735510" lon="-51.0545790">
    <ele>753.7</ele>
   </trkpt>
   <trkpt lat="-26.2735780" lon="-51.0545710">
    <ele>753.7</ele>
   </trkpt>
   <trkpt lat="-26.2736080" lon="-51.0545610">
    <ele>753.7</ele>
   </trkpt>
   <trkpt lat="-26.2736360" lon="-51.0545510">
    <ele>753.7</ele>
   </trkpt>
   <trkpt lat="-26.2736650" lon="-51.0545390">
    <ele>753.7</ele>
   </trkpt>
   <trkpt lat="-26.2736940" lon="-51.0545310">
    <ele>753.7</ele>
   </trkpt>
   <trkpt lat="-26.2737240" lon="-51.0545270">
    <ele>753.7</ele>
   </trkpt>
   <trkpt lat="-26.2737560" lon="-51.0545190">
    <ele>753.7</ele>
   </trkpt>
   <trkpt lat="-26.2737830" lon="-51.0545070">
    <ele>753.7</ele>
   </trkpt>
   <trkpt lat="-26.2738110" lon="-51.0544970">
    <ele>753.7</ele>
   </trkpt>
   <trkpt lat="-26.2738420" lon="-51.0544890">
    <ele>753.7</ele>
   </trkpt>
   <trkpt lat="-26.2738700" lon="-51.0544800">
    <ele>753.7</ele>
   </trkpt>
   <trkpt lat="-26.2739010" lon="-51.0544840">
    <ele>753.7</ele>
   </trkpt>
   <trkpt lat="-26.2739350" lon="-51.0544750">
    <ele>753.7</ele>
   </trkpt>
   <trkpt lat="-26.2739650" lon="-51.0544680">
    <ele>753.7</ele>
   </trkpt>
   <trkpt lat="-26.2739980" lon="-51.0544550">
    <ele>753.7</ele>
   </trkpt>
   <trkpt lat="-26.2740310" lon="-51.0544450">
    <ele>753.7</ele>
   </trkpt>
   <trkpt lat="-26.2740670" lon="-51.0544310">
    <ele>753.7</ele>
   </trkpt>
   <trkpt lat="-26.2741000" lon="-51.0544220">
    <ele>753.7</ele>
   </trkpt>
   <trkpt lat="-26.2741290" lon="-51.0544130">
    <ele>753.7</ele>
   </trkpt>
   <trkpt lat="-26.2741600" lon="-51.0544050">
    <ele>753.7</ele>
   </trkpt>
   <trkpt lat="-26.2741930" lon="-51.0544000">
    <ele>753.7</ele>
   </trkpt>
   <trkpt lat="-26.2742220" lon="-51.0543900">
    <ele>753.7</ele>
   </trkpt>
   <trkpt lat="-26.2742550" lon="-51.0543810">
    <ele>753.7</ele>
   </trkpt>
   <trkpt lat="-26.2742840" lon="-51.0543730">
    <ele>753.7</ele>
   </trkpt>
   <trkpt lat="-26.2743180" lon="-51.0543660">
    <ele>753.6</ele>
   </trkpt>
   <trkpt lat="-26.2743470" lon="-51.0543520">
    <ele>753.6</ele>
   </trkpt>
   <trkpt lat="-26.2743760" lon="-51.0543400">
    <ele>753.6</ele>
   </trkpt>
   <trkpt lat="-26.2744050" lon="-51.0543290">
    <ele>753.6</ele>
   </trkpt>
   <trkpt lat="-26.2744360" lon="-51.0543180">
    <ele>753.6</ele>
   </trkpt>
   <trkpt lat="-26.2744620" lon="-51.0543070">
    <ele>753.6</ele>
   </trkpt>
   <trkpt lat="-26.2744950" lon="-51.0542970">
    <ele>753.6</ele>
   </trkpt>
   <trkpt lat="-26.2745230" lon="-51.0542820">
    <ele>753.6</ele>
   </trkpt>
   <trkpt lat="-26.2745560" lon="-51.0542660">
    <ele>753.6</ele>
   </trkpt>
   <trkpt lat="-26.2745680" lon="-51.0542590">
    <ele>753.6</ele>
   </trkpt>
   <trkpt lat="-26.2746000" lon="-51.0542380">
    <ele>753.6</ele>
   </trkpt>
   <trkpt lat="-26.2746120" lon="-51.0542320">
    <ele>753.5</ele>
   </trkpt>
   <trkpt lat="-26.2746380" lon="-51.0542220">
    <ele>753.5</ele>
   </trkpt>
   <trkpt lat="-26.2746710" lon="-51.0542060">
    <ele>753.5</ele>
   </trkpt>
   <trkpt lat="-26.2746830" lon="-51.0542010">
    <ele>753.5</ele>
   </trkpt>
   <trkpt lat="-26.2747190" lon="-51.0541900">
    <ele>753.5</ele>
   </trkpt>
   <trkpt lat="-26.2747310" lon="-51.0541880">
    <ele>753.5</ele>
   </trkpt>
   <trkpt lat="-26.2747590" lon="-51.0541870">
    <ele>753.5</ele>
   </trkpt>
   <trkpt lat="-26.2747880" lon="-51.0541770">
    <ele>753.5</ele>
   </trkpt>
   <trkpt lat="-26.2748250" lon="-51.0541700">
    <ele>753.5</ele>
   </trkpt>
   <trkpt lat="-26.2748390" lon="-51.0541690">
    <ele>753.4</ele>
   </trkpt>
   <trkpt lat="-26.2748680" lon="-51.0541600">
    <ele>753.4</ele>
   </trkpt>
   <trkpt lat="-26.2748990" lon="-51.0541580">
    <ele>753.4</ele>
   </trkpt>
   <trkpt lat="-26.2749390" lon="-51.0541490">
    <ele>753.4</ele>
   </trkpt>
   <trkpt lat="-26.2749520" lon="-51.0541440">
    <ele>753.3</ele>
   </trkpt>
   <trkpt lat="-26.2749700" lon="-51.0541370">
    <ele>753.3</ele>
   </trkpt>
   <trkpt lat="-26.2749800" lon="-51.0541300">
    <ele>753.3</ele>
   </trkpt>
   <trkpt lat="-26.2750130" lon="-51.0541200">
    <ele>753.2</ele>
   </trkpt>
   <trkpt lat="-26.2750460" lon="-51.0541150">
    <ele>753.2</ele>
   </trkpt>
   <trkpt lat="-26.2750760" lon="-51.0541060">
    <ele>753.1</ele>
   </trkpt>
   <trkpt lat="-26.2751110" lon="-51.0540980">
    <ele>753.1</ele>
   </trkpt>
   <trkpt lat="-26.2751450" lon="-51.0540900">
    <ele>753.0</ele>
   </trkpt>
   <trkpt lat="-26.2751810" lon="-51.0540790">
    <ele>753.0</ele>
   </trkpt>
   <trkpt lat="-26.2751970" lon="-51.0540740">
    <ele>752.9</ele>
   </trkpt>
   <trkpt lat="-26.2752300" lon="-51.0540650">
    <ele>752.9</ele>
   </trkpt>
   <trkpt lat="-26.2752720" lon="-51.0540510">
    <ele>752.8</ele>
   </trkpt>
   <trkpt lat="-26.2753110" lon="-51.0540360">
    <ele>752.7</ele>
   </trkpt>
   <trkpt lat="-26.2753460" lon="-51.0540240">
    <ele>752.6</ele>
   </trkpt>
   <trkpt lat="-26.2753870" lon="-51.0540110">
    <ele>752.5</ele>
   </trkpt>
   <trkpt lat="-26.2754190" lon="-51.0540020">
    <ele>752.4</ele>
   </trkpt>
   <trkpt lat="-26.2754630" lon="-51.0539840">
    <ele>752.2</ele>
   </trkpt>
   <trkpt lat="-26.2755100" lon="-51.0539670">
    <ele>752.1</ele>
   </trkpt>
   <trkpt lat="-26.2755590" lon="-51.0539520">
    <ele>751.9</ele>
   </trkpt>
   <trkpt lat="-26.2756050" lon="-51.0539370">
    <ele>751.7</ele>
   </trkpt>
   <trkpt lat="-26.2756550" lon="-51.0539240">
    <ele>751.5</ele>
   </trkpt>
   <trkpt lat="-26.2756980" lon="-51.0539140">
    <ele>751.4</ele>
   </trkpt>
   <trkpt lat="-26.2757470" lon="-51.0538980">
    <ele>751.4</ele>
   </trkpt>
   <trkpt lat="-26.2757930" lon="-51.0538810">
    <ele>751.3</ele>
   </trkpt>
   <trkpt lat="-26.2758380" lon="-51.0538720">
    <ele>751.2</ele>
   </trkpt>
   <trkpt lat="-26.2758830" lon="-51.0538600">
    <ele>751.2</ele>
   </trkpt>
   <trkpt lat="-26.2759280" lon="-51.0538500">
    <ele>751.1</ele>
   </trkpt>
   <trkpt lat="-26.2759740" lon="-51.0538370">
    <ele>751.0</ele>
   </trkpt>
   <trkpt lat="-26.2760150" lon="-51.0538230">
    <ele>750.9</ele>
   </trkpt>
   <trkpt lat="-26.2760570" lon="-51.0538140">
    <ele>750.9</ele>
   </trkpt>
   <trkpt lat="-26.2760930" lon="-51.0537990">
    <ele>750.8</ele>
   </trkpt>
   <trkpt lat="-26.2761290" lon="-51.0537880">
    <ele>750.8</ele>
   </trkpt>
   <trkpt lat="-26.2761680" lon="-51.0537770">
    <ele>750.8</ele>
   </trkpt>
   <trkpt lat="-26.2762050" lon="-51.0537690">
    <ele>750.7</ele>
   </trkpt>
   <trkpt lat="-26.2762420" lon="-51.0537600">
    <ele>750.7</ele>
   </trkpt>
   <trkpt lat="-26.2762750" lon="-51.0537470">
    <ele>750.7</ele>
   </trkpt>
   <trkpt lat="-26.2763110" lon="-51.0537360">
    <ele>750.7</ele>
   </trkpt>
   <trkpt lat="-26.2763510" lon="-51.0537230">
    <ele>750.7</ele>
   </trkpt>
   <trkpt lat="-26.2763890" lon="-51.0537100">
    <ele>750.6</ele>
   </trkpt>
   <trkpt lat="-26.2764300" lon="-51.0536990">
    <ele>750.6</ele>
   </trkpt>
   <trkpt lat="-26.2764690" lon="-51.0536860">
    <ele>750.6</ele>
   </trkpt>
   <trkpt lat="-26.2765070" lon="-51.0536740">
    <ele>750.6</ele>
   </trkpt>
   <trkpt lat="-26.2765470" lon="-51.0536630">
    <ele>750.6</ele>
   </trkpt>
   <trkpt lat="-26.2765840" lon="-51.0536500">
    <ele>750.6</ele>
   </trkpt>
   <trkpt lat="-26.2766210" lon="-51.0536380">
    <ele>750.6</ele>
   </trkpt>
   <trkpt lat="-26.2766560" lon="-51.0536290">
    <ele>750.6</ele>
   </trkpt>
   <trkpt lat="-26.2766970" lon="-51.0536250">
    <ele>750.6</ele>
   </trkpt>
   <trkpt lat="-26.2767330" lon="-51.0536140">
    <ele>750.6</ele>
   </trkpt>
   <trkpt lat="-26.2767720" lon="-51.0536050">
    <ele>750.6</ele>
   </trkpt>
   <trkpt lat="-26.2768070" lon="-51.0535930">
    <ele>750.6</ele>
   </trkpt>
   <trkpt lat="-26.2768420" lon="-51.0535830">
    <ele>750.6</ele>
   </trkpt>
   <trkpt lat="-26.2768710" lon="-51.0535700">
    <ele>750.6</ele>
   </trkpt>
   <trkpt lat="-26.2769110" lon="-51.0535540">
    <ele>750.6</ele>
   </trkpt>
   <trkpt lat="-26.2769500" lon="-51.0535430">
    <ele>750.6</ele>
   </trkpt>
   <trkpt lat="-26.2769830" lon="-51.0535460">
    <ele>750.6</ele>
   </trkpt>
   <trkpt lat="-26.2770190" lon="-51.0535460">
    <ele>750.6</ele>
   </trkpt>
   <trkpt lat="-26.2770320" lon="-51.0535420">
    <ele>750.6</ele>
   </trkpt>
   <trkpt lat="-26.2770680" lon="-51.0535210">
    <ele>750.6</ele>
   </trkpt>
   <trkpt lat="-26.2771010" lon="-51.0535020">
    <ele>750.5</ele>
   </trkpt>
   <trkpt lat="-26.2771310" lon="-51.0534880">
    <ele>750.5</ele>
   </trkpt>
   <trkpt lat="-26.2771650" lon="-51.0534700">
    <ele>750.5</ele>
   </trkpt>
   <trkpt lat="-26.2772000" lon="-51.0534600">
    <ele>750.5</ele>
   </trkpt>
   <trkpt lat="-26.2772340" lon="-51.0534450">
    <ele>750.4</ele>
   </trkpt>
   <trkpt lat="-26.2772650" lon="-51.0534330">
    <ele>750.4</ele>
   </trkpt>
   <trkpt lat="-26.2772910" lon="-51.0534200">
    <ele>750.4</ele>
   </trkpt>
   <trkpt lat="-26.2773270" lon="-51.0534070">
    <ele>750.4</ele>
   </trkpt>
   <trkpt lat="-26.2773570" lon="-51.0533950">
    <ele>750.4</ele>
   </trkpt>
   <trkpt lat="-26.2773930" lon="-51.0533770">
    <ele>750.4</ele>
   </trkpt>
   <trkpt lat="-26.2774060" lon="-51.0533720">
    <ele>750.4</ele>
   </trkpt>
   <trkpt lat="-26.2774410" lon="-51.0533580">
    <ele>750.4</ele>
   </trkpt>
   <trkpt lat="-26.2774530" lon="-51.0533520">
    <ele>750.4</ele>
   </trkpt>
   <trkpt lat="-26.2774800" lon="-51.0533450">
    <ele>750.4</ele>
   </trkpt>
   <trkpt lat="-26.2775100" lon="-51.0533310">
    <ele>750.4</ele>
   </trkpt>
   <trkpt lat="-26.2775170" lon="-51.0533260">
    <ele>750.4</ele>
   </trkpt>
   <trkpt lat="-26.2775480" lon="-51.0533110">
    <ele>750.4</ele>
   </trkpt>
   <trkpt lat="-26.2775590" lon="-51.0533060">
    <ele>750.4</ele>
   </trkpt>
   <trkpt lat="-26.2775910" lon="-51.0532880">
    <ele>750.4</ele>
   </trkpt>
   <trkpt lat="-26.2776030" lon="-51.0532830">
    <ele>750.4</ele>
   </trkpt>
   <trkpt lat="-26.2776310" lon="-51.0532710">
    <ele>750.4</ele>
   </trkpt>
   <trkpt lat="-26.2776590" lon="-51.0532550">
    <ele>750.4</ele>
   </trkpt>
   <trkpt lat="-26.2776920" lon="-51.0532370">
    <ele>750.4</ele>
   </trkpt>
   <trkpt lat="-26.2777030" lon="-51.0532300">
    <ele>750.4</ele>
   </trkpt>
   <trkpt lat="-26.2777290" lon="-51.0532140">
    <ele>750.4</ele>
   </trkpt>
   <trkpt lat="-26.2777560" lon="-51.0532010">
    <ele>750.4</ele>
   </trkpt>
   <trkpt lat="-26.2777890" lon="-51.0531870">
    <ele>750.4</ele>
   </trkpt>
   <trkpt lat="-26.2778220" lon="-51.0531700">
    <ele>750.5</ele>
   </trkpt>
   <trkpt lat="-26.2778510" lon="-51.0531480">
    <ele>750.5</ele>
   </trkpt>
   <trkpt lat="-26.2778810" lon="-51.0531310">
    <ele>750.5</ele>
   </trkpt>
   <trkpt lat="-26.2779130" lon="-51.0531110">
    <ele>750.5</ele>
   </trkpt>
   <trkpt lat="-26.2779470" lon="-51.0530910">
    <ele>750.5</ele>
   </trkpt>
   <trkpt lat="-26.2779770" lon="-51.0530710">
    <ele>750.5</ele>
   </trkpt>
   <trkpt lat="-26.2780100" lon="-51.0530570">
    <ele>750.6</ele>
   </trkpt>
   <trkpt lat="-26.2780400" lon="-51.0530400">
    <ele>750.6</ele>
   </trkpt>
   <trkpt lat="-26.2780710" lon="-51.0530160">
    <ele>750.6</ele>
   </trkpt>
   <trkpt lat="-26.2781020" lon="-51.0529910">
    <ele>750.6</ele>
   </trkpt>
   <trkpt lat="-26.2781290" lon="-51.0529710">
    <ele>750.6</ele>
   </trkpt>
   <trkpt lat="-26.2781560" lon="-51.0529520">
    <ele>750.6</ele>
   </trkpt>
   <trkpt lat="-26.2781830" lon="-51.0529360">
    <ele>750.7</ele>
   </trkpt>
   <trkpt lat="-26.2782130" lon="-51.0529180">
    <ele>750.7</ele>
   </trkpt>
   <trkpt lat="-26.2782420" lon="-51.0528990">
    <ele>750.7</ele>
   </trkpt>
   <trkpt lat="-26.2782710" lon="-51.0528760">
    <ele>750.7</ele>
   </trkpt>
   <trkpt lat="-26.2782820" lon="-51.0528660">
    <ele>750.7</ele>
   </trkpt>
   <trkpt lat="-26.2783150" lon="-51.0528410">
    <ele>750.7</ele>
   </trkpt>
   <trkpt lat="-26.2783280" lon="-51.0528340">
    <ele>750.7</ele>
   </trkpt>
   <trkpt lat="-26.2783570" lon="-51.0528140">
    <ele>750.7</ele>
   </trkpt>
   <trkpt lat="-26.2783820" lon="-51.0527920">
    <ele>750.7</ele>
   </trkpt>
   <trkpt lat="-26.2784060" lon="-51.0527690">
    <ele>750.7</ele>
   </trkpt>
   <trkpt lat="-26.2784350" lon="-51.0527410">
    <ele>750.8</ele>
   </trkpt>
   <trkpt lat="-26.2784580" lon="-51.0527160">
    <ele>750.8</ele>
   </trkpt>
   <trkpt lat="-26.2784860" lon="-51.0526920">
    <ele>750.8</ele>
   </trkpt>
   <trkpt lat="-26.2785140" lon="-51.0526690">
    <ele>750.8</ele>
   </trkpt>
   <trkpt lat="-26.2785400" lon="-51.0526520">
    <ele>750.8</ele>
   </trkpt>
   <trkpt lat="-26.2785690" lon="-51.0526250">
    <ele>750.8</ele>
   </trkpt>
   <trkpt lat="-26.2785810" lon="-51.0526130">
    <ele>750.8</ele>
   </trkpt>
   <trkpt lat="-26.2786110" lon="-51.0525830">
    <ele>750.9</ele>
   </trkpt>
   <trkpt lat="-26.2786220" lon="-51.0525700">
    <ele>750.9</ele>
   </trkpt>
   <trkpt lat="-26.2786520" lon="-51.0525430">
    <ele>750.9</ele>
   </trkpt>
   <trkpt lat="-26.2786640" lon="-51.0525340">
    <ele>750.9</ele>
   </trkpt>
   <trkpt lat="-26.2786950" lon="-51.0525020">
    <ele>750.9</ele>
   </trkpt>
   <trkpt lat="-26.2787060" lon="-51.0524910">
    <ele>751.0</ele>
   </trkpt>
   <trkpt lat="-26.2787320" lon="-51.0524720">
    <ele>751.0</ele>
   </trkpt>
   <trkpt lat="-26.2787590" lon="-51.0524410">
    <ele>751.0</ele>
   </trkpt>
   <trkpt lat="-26.2787690" lon="-51.0524300">
    <ele>751.0</ele>
   </trkpt>
   <trkpt lat="-26.2787900" lon="-51.0524090">
    <ele>751.0</ele>
   </trkpt>
   <trkpt lat="-26.2788150" lon="-51.0523870">
    <ele>751.0</ele>
   </trkpt>
   <trkpt lat="-26.2788340" lon="-51.0523630">
    <ele>751.0</ele>
   </trkpt>
   <trkpt lat="-26.2788470" lon="-51.0523470">
    <ele>751.0</ele>
   </trkpt>
   <trkpt lat="-26.2788670" lon="-51.0523290">
    <ele>751.1</ele>
   </trkpt>
   <trkpt lat="-26.2788770" lon="-51.0523180">
    <ele>751.1</ele>
   </trkpt>
   <trkpt lat="-26.2789030" lon="-51.0522880">
    <ele>751.1</ele>
   </trkpt>
   <trkpt lat="-26.2789310" lon="-51.0522580">
    <ele>751.1</ele>
   </trkpt>
   <trkpt lat="-26.2789490" lon="-51.0522400">
    <ele>751.1</ele>
   </trkpt>
   <trkpt lat="-26.2789770" lon="-51.0522110">
    <ele>751.1</ele>
   </trkpt>
   <trkpt lat="-26.2789960" lon="-51.0521870">
    <ele>751.1</ele>
   </trkpt>
   <trkpt lat="-26.2790240" lon="-51.0521550">
    <ele>751.2</ele>
   </trkpt>
   <trkpt lat="-26.2790450" lon="-51.0521340">
    <ele>751.2</ele>
   </trkpt>
   <trkpt lat="-26.2790540" lon="-51.0521250">
    <ele>751.2</ele>
   </trkpt>
   <trkpt lat="-26.2790790" lon="-51.0520890">
    <ele>751.2</ele>
   </trkpt>
   <trkpt lat="-26.2790890" lon="-51.0520760">
    <ele>751.2</ele>
   </trkpt>
   <trkpt lat="-26.2791080" lon="-51.0520540">
    <ele>751.3</ele>
   </trkpt>
   <trkpt lat="-26.2791310" lon="-51.0520240">
    <ele>751.3</ele>
   </trkpt>
   <trkpt lat="-26.2791680" lon="-51.0519810">
    <ele>751.3</ele>
   </trkpt>
   <trkpt lat="-26.2791950" lon="-51.0519510">
    <ele>751.3</ele>
   </trkpt>
   <trkpt lat="-26.2792190" lon="-51.0519280">
    <ele>751.3</ele>
   </trkpt>
   <trkpt lat="-26.2792380" lon="-51.0519040">
    <ele>751.4</ele>
   </trkpt>
   <trkpt lat="-26.2792590" lon="-51.0518730">
    <ele>751.4</ele>
   </trkpt>
   <trkpt lat="-26.2792660" lon="-51.0518620">
    <ele>751.4</ele>
   </trkpt>
   <trkpt lat="-26.2792860" lon="-51.0518370">
    <ele>751.4</ele>
   </trkpt>
   <trkpt lat="-26.2793100" lon="-51.0518050">
    <ele>751.4</ele>
   </trkpt>
   <trkpt lat="-26.2793320" lon="-51.0517740">
    <ele>751.4</ele>
   </trkpt>
   <trkpt lat="-26.2793560" lon="-51.0517460">
    <ele>751.5</ele>
   </trkpt>
   <trkpt lat="-26.2793750" lon="-51.0517180">
    <ele>751.5</ele>
   </trkpt>
   <trkpt lat="-26.2793940" lon="-51.0516930">
    <ele>751.5</ele>
   </trkpt>
   <trkpt lat="-26.2794100" lon="-51.0516660">
    <ele>751.5</ele>
   </trkpt>
   <trkpt lat="-26.2794340" lon="-51.0516380">
    <ele>751.5</ele>
   </trkpt>
   <trkpt lat="-26.2794540" lon="-51.0516120">
    <ele>751.5</ele>
   </trkpt>
   <trkpt lat="-26.2794810" lon="-51.0515770">
    <ele>751.6</ele>
   </trkpt>
   <trkpt lat="-26.2794910" lon="-51.0515630">
    <ele>751.6</ele>
   </trkpt>
   <trkpt lat="-26.2795120" lon="-51.0515350">
    <ele>751.6</ele>
   </trkpt>
   <trkpt lat="-26.2795290" lon="-51.0515070">
    <ele>751.6</ele>
   </trkpt>
   <trkpt lat="-26.2795440" lon="-51.0514800">
    <ele>751.6</ele>
   </trkpt>
   <trkpt lat="-26.2795590" lon="-51.0514500">
    <ele>751.6</ele>
   </trkpt>
   <trkpt lat="-26.2795790" lon="-51.0514150">
    <ele>751.6</ele>
   </trkpt>
   <trkpt lat="-26.2795970" lon="-51.0513860">
    <ele>751.6</ele>
   </trkpt>
   <trkpt lat="-26.2796170" lon="-51.0513570">
    <ele>751.6</ele>
   </trkpt>
   <trkpt lat="-26.2796380" lon="-51.0513280">
    <ele>751.6</ele>
   </trkpt>
   <trkpt lat="-26.2796540" lon="-51.0513000">
    <ele>751.6</ele>
   </trkpt>
   <trkpt lat="-26.2796790" lon="-51.0512650">
    <ele>751.7</ele>
   </trkpt>
   <trkpt lat="-26.2796860" lon="-51.0512510">
    <ele>751.7</ele>
   </trkpt>
   <trkpt lat="-26.2797100" lon="-51.0512140">
    <ele>751.7</ele>
   </trkpt>
   <trkpt lat="-26.2797200" lon="-51.0512010">
    <ele>751.7</ele>
   </trkpt>
   <trkpt lat="-26.2797390" lon="-51.0511740">
    <ele>751.7</ele>
   </trkpt>
   <trkpt lat="-26.2797570" lon="-51.0511440">
    <ele>751.7</ele>
   </trkpt>
   <trkpt lat="-26.2797740" lon="-51.0511180">
    <ele>751.7</ele>
   </trkpt>
   <trkpt lat="-26.2797910" lon="-51.0510920">
    <ele>751.8</ele>
   </trkpt>
   <trkpt lat="-26.2798120" lon="-51.0510620">
    <ele>751.8</ele>
   </trkpt>
   <trkpt lat="-26.2798290" lon="-51.0510350">
    <ele>751.8</ele>
   </trkpt>
   <trkpt lat="-26.2798500" lon="-51.0510060">
    <ele>751.8</ele>
   </trkpt>
   <trkpt lat="-26.2798680" lon="-51.0509760">
    <ele>751.8</ele>
   </trkpt>
   <trkpt lat="-26.2798850" lon="-51.0509540">
    <ele>751.8</ele>
   </trkpt>
   <trkpt lat="-26.2798930" lon="-51.0509420">
    <ele>751.8</ele>
   </trkpt>
   <trkpt lat="-26.2799170" lon="-51.0509110">
    <ele>751.8</ele>
   </trkpt>
   <trkpt lat="-26.2799270" lon="-51.0508970">
    <ele>751.9</ele>
   </trkpt>
   <trkpt lat="-26.2799440" lon="-51.0508660">
    <ele>751.9</ele>
   </trkpt>
   <trkpt lat="-26.2799740" lon="-51.0508250">
    <ele>751.9</ele>
   </trkpt>
   <trkpt lat="-26.2799880" lon="-51.0508040">
    <ele>751.9</ele>
   </trkpt>
   <trkpt lat="-26.2800050" lon="-51.0507760">
    <ele>751.9</ele>
   </trkpt>
   <trkpt lat="-26.2800120" lon="-51.0507660">
    <ele>751.9</ele>
   </trkpt>
   <trkpt lat="-26.2800420" lon="-51.0507280">
    <ele>751.9</ele>
   </trkpt>
   <trkpt lat="-26.2800550" lon="-51.0507110">
    <ele>751.9</ele>
   </trkpt>
   <trkpt lat="-26.2800750" lon="-51.0506770">
    <ele>751.9</ele>
   </trkpt>
   <trkpt lat="-26.2800840" lon="-51.0506630">
    <ele>751.9</ele>
   </trkpt>
   <trkpt lat="-26.2801030" lon="-51.0506350">
    <ele>751.9</ele>
   </trkpt>
   <trkpt lat="-26.2801290" lon="-51.0505960">
    <ele>751.9</ele>
   </trkpt>
   <trkpt lat="-26.2801440" lon="-51.0505780">
    <ele>751.8</ele>
   </trkpt>
   <trkpt lat="-26.2801790" lon="-51.0505330">
    <ele>751.8</ele>
   </trkpt>
   <trkpt lat="-26.2802010" lon="-51.0505040">
    <ele>751.8</ele>
   </trkpt>
   <trkpt lat="-26.2802230" lon="-51.0504740">
    <ele>751.8</ele>
   </trkpt>
   <trkpt lat="-26.2802480" lon="-51.0504440">
    <ele>751.8</ele>
   </trkpt>
   <trkpt lat="-26.2802710" lon="-51.0504220">
    <ele>751.7</ele>
   </trkpt>
   <trkpt lat="-26.2802940" lon="-51.0503980">
    <ele>751.7</ele>
   </trkpt>
   <trkpt lat="-26.2803170" lon="-51.0503750">
    <ele>751.7</ele>
   </trkpt>
   <trkpt lat="-26.2803420" lon="-51.0503500">
    <ele>751.6</ele>
   </trkpt>
   <trkpt lat="-26.2803670" lon="-51.0503260">
    <ele>751.6</ele>
   </trkpt>
   <trkpt lat="-26.2803910" lon="-51.0503020">
    <ele>751.5</ele>
   </trkpt>
   <trkpt lat="-26.2804150" lon="-51.0502770">
    <ele>751.5</ele>
   </trkpt>
   <trkpt lat="-26.2804390" lon="-51.0502520">
    <ele>751.5</ele>
   </trkpt>
   <trkpt lat="-26.2804610" lon="-51.0502280">
    <ele>751.4</ele>
   </trkpt>
   <trkpt lat="-26.2804870" lon="-51.0502030">
    <ele>751.4</ele>
   </trkpt>
   <trkpt lat="-26.2805170" lon="-51.0501760">
    <ele>751.3</ele>
   </trkpt>
   <trkpt lat="-26.2805460" lon="-51.0501520">
    <ele>751.3</ele>
   </trkpt>
   <trkpt lat="-26.2805750" lon="-51.0501240">
    <ele>751.2</ele>
   </trkpt>
   <trkpt lat="-26.2806070" lon="-51.0501040">
    <ele>751.2</ele>
   </trkpt>
   <trkpt lat="-26.2806360" lon="-51.0500860">
    <ele>751.1</ele>
   </trkpt>
   <trkpt lat="-26.2806690" lon="-51.0500630">
    <ele>751.1</ele>
   </trkpt>
   <trkpt lat="-26.2806990" lon="-51.0500400">
    <ele>751.1</ele>
   </trkpt>
   <trkpt lat="-26.2807270" lon="-51.0500130">
    <ele>751.1</ele>
   </trkpt>
   <trkpt lat="-26.2807580" lon="-51.0499830">
    <ele>751.1</ele>
   </trkpt>
   <trkpt lat="-26.2807840" lon="-51.0499580">
    <ele>751.0</ele>
   </trkpt>
   <trkpt lat="-26.2808100" lon="-51.0499330">
    <ele>751.0</ele>
   </trkpt>
   <trkpt lat="-26.2808340" lon="-51.0499070">
    <ele>751.0</ele>
   </trkpt>
   <trkpt lat="-26.2808600" lon="-51.0498750">
    <ele>751.0</ele>
   </trkpt>
   <trkpt lat="-26.2808710" lon="-51.0498620">
    <ele>751.0</ele>
   </trkpt>
   <trkpt lat="-26.2808940" lon="-51.0498410">
    <ele>750.9</ele>
   </trkpt>
   <trkpt lat="-26.2809150" lon="-51.0498190">
    <ele>750.9</ele>
   </trkpt>
   <trkpt lat="-26.2809320" lon="-51.0497950">
    <ele>750.9</ele>
   </trkpt>
   <trkpt lat="-26.2809510" lon="-51.0497710">
    <ele>750.9</ele>
   </trkpt>
   <trkpt lat="-26.2809770" lon="-51.0497460">
    <ele>750.9</ele>
   </trkpt>
   <trkpt lat="-26.2810020" lon="-51.0497210">
    <ele>750.9</ele>
   </trkpt>
   <trkpt lat="-26.2810270" lon="-51.0497030">
    <ele>750.9</ele>
   </trkpt>
   <trkpt lat="-26.2810560" lon="-51.0496840">
    <ele>750.9</ele>
   </trkpt>
   <trkpt lat="-26.2810800" lon="-51.0496620">
    <ele>750.9</ele>
   </trkpt>
   <trkpt lat="-26.2811050" lon="-51.0496450">
    <ele>750.9</ele>
   </trkpt>
   <trkpt lat="-26.2811290" lon="-51.0496260">
    <ele>750.9</ele>
   </trkpt>
   <trkpt lat="-26.2811540" lon="-51.0496010">
    <ele>750.9</ele>
   </trkpt>
   <trkpt lat="-26.2811800" lon="-51.0495790">
    <ele>750.9</ele>
   </trkpt>
   <trkpt lat="-26.2812090" lon="-51.0495700">
    <ele>750.9</ele>
   </trkpt>
   <trkpt lat="-26.2812310" lon="-51.0495460">
    <ele>750.9</ele>
   </trkpt>
   <trkpt lat="-26.2812420" lon="-51.0495150">
    <ele>751.0</ele>
   </trkpt>
   <trkpt lat="-26.2812450" lon="-51.0495030">
    <ele>751.0</ele>
   </trkpt>
   <trkpt lat="-26.2812420" lon="-51.0494840">
    <ele>751.0</ele>
   </trkpt>
   <trkpt lat="-26.2812430" lon="-51.0494640">
    <ele>751.0</ele>
   </trkpt>
   <trkpt lat="-26.2812590" lon="-51.0494490">
    <ele>751.0</ele>
   </trkpt>
   <trkpt lat="-26.2812720" lon="-51.0494370">
    <ele>751.0</ele>
   </trkpt>
   <trkpt lat="-26.2812840" lon="-51.0494250">
    <ele>751.1</ele>
   </trkpt>
   <trkpt lat="-26.2813000" lon="-51.0494000">
    <ele>751.1</ele>
   </trkpt>
   <trkpt lat="-26.2813080" lon="-51.0493900">
    <ele>751.1</ele>
   </trkpt>
   <trkpt lat="-26.2813300" lon="-51.0493650">
    <ele>751.2</ele>
   </trkpt>
   <trkpt lat="-26.2813510" lon="-51.0493450">
    <ele>751.2</ele>
   </trkpt>
   <trkpt lat="-26.2813760" lon="-51.0493190">
    <ele>751.2</ele>
   </trkpt>
   <trkpt lat="-26.2813830" lon="-51.0493100">
    <ele>751.2</ele>
   </trkpt>
   <trkpt lat="-26.2814070" lon="-51.0492660">
    <ele>751.2</ele>
   </trkpt>
   <trkpt lat="-26.2814240" lon="-51.0492340">
    <ele>751.1</ele>
   </trkpt>
   <trkpt lat="-26.2814470" lon="-51.0492030">
    <ele>751.1</ele>
   </trkpt>
   <trkpt lat="-26.2814660" lon="-51.0491700">
    <ele>751.1</ele>
   </trkpt>
   <trkpt lat="-26.2814870" lon="-51.0491340">
    <ele>751.1</ele>
   </trkpt>
   <trkpt lat="-26.2815070" lon="-51.0490990">
    <ele>751.1</ele>
   </trkpt>
   <trkpt lat="-26.2815220" lon="-51.0490650">
    <ele>751.1</ele>
   </trkpt>
   <trkpt lat="-26.2815370" lon="-51.0490290">
    <ele>751.1</ele>
   </trkpt>
   <trkpt lat="-26.2815560" lon="-51.0489950">
    <ele>751.1</ele>
   </trkpt>
   <trkpt lat="-26.2815760" lon="-51.0489580">
    <ele>751.1</ele>
   </trkpt>
   <trkpt lat="-26.2815910" lon="-51.0489260">
    <ele>751.1</ele>
   </trkpt>
   <trkpt lat="-26.2816060" lon="-51.0488950">
    <ele>751.1</ele>
   </trkpt>
   <trkpt lat="-26.2816270" lon="-51.0488600">
    <ele>751.1</ele>
   </trkpt>
   <trkpt lat="-26.2816320" lon="-51.0488490">
    <ele>751.1</ele>
   </trkpt>
   <trkpt lat="-26.2816390" lon="-51.0488110">
    <ele>751.1</ele>
   </trkpt>
   <trkpt lat="-26.2816480" lon="-51.0487710">
    <ele>751.2</ele>
   </trkpt>
   <trkpt lat="-26.2816660" lon="-51.0487390">
    <ele>751.2</ele>
   </trkpt>
   <trkpt lat="-26.2816820" lon="-51.0487100">
    <ele>751.2</ele>
   </trkpt>
   <trkpt lat="-26.2816950" lon="-51.0486780">
    <ele>751.2</ele>
   </trkpt>
   <trkpt lat="-26.2816980" lon="-51.0486400">
    <ele>751.3</ele>
   </trkpt>
   <trkpt lat="-26.2817060" lon="-51.0486080">
    <ele>751.3</ele>
   </trkpt>
   <trkpt lat="-26.2817180" lon="-51.0485680">
    <ele>751.3</ele>
   </trkpt>
   <trkpt lat="-26.2817290" lon="-51.0485300">
    <ele>751.4</ele>
   </trkpt>
   <trkpt lat="-26.2817390" lon="-51.0484900">
    <ele>751.4</ele>
   </trkpt>
   <trkpt lat="-26.2817460" lon="-51.0484540">
    <ele>751.4</ele>
   </trkpt>
   <trkpt lat="-26.2817560" lon="-51.0484160">
    <ele>751.5</ele>
   </trkpt>
   <trkpt lat="-26.2817670" lon="-51.0483810">
    <ele>751.5</ele>
   </trkpt>
   <trkpt lat="-26.2817760" lon="-51.0483480">
    <ele>751.6</ele>
   </trkpt>
   <trkpt lat="-26.2817770" lon="-51.0483380">
    <ele>751.6</ele>
   </trkpt>
   <trkpt lat="-26.2817800" lon="-51.0483030">
    <ele>751.6</ele>
   </trkpt>
   <trkpt lat="-26.2817830" lon="-51.0482560">
    <ele>751.7</ele>
   </trkpt>
   <trkpt lat="-26.2817840" lon="-51.0482380">
    <ele>751.7</ele>
   </trkpt>
   <trkpt lat="-26.2817910" lon="-51.0482050">
    <ele>751.7</ele>
   </trkpt>
   <trkpt lat="-26.2817990" lon="-51.0481710">
    <ele>751.7</ele>
   </trkpt>
   <trkpt lat="-26.2818110" lon="-51.0481370">
    <ele>751.7</ele>
   </trkpt>
   <trkpt lat="-26.2818160" lon="-51.0480970">
    <ele>751.7</ele>
   </trkpt>
   <trkpt lat="-26.2818200" lon="-51.0480830">
    <ele>751.7</ele>
   </trkpt>
   <trkpt lat="-26.2818310" lon="-51.0480500">
    <ele>751.7</ele>
   </trkpt>
   <trkpt lat="-26.2818340" lon="-51.0480160">
    <ele>751.7</ele>
   </trkpt>
   <trkpt lat="-26.2818400" lon="-51.0479780">
    <ele>751.7</ele>
   </trkpt>
   <trkpt lat="-26.2818460" lon="-51.0479480">
    <ele>751.7</ele>
   </trkpt>
   <trkpt lat="-26.2818500" lon="-51.0479160">
    <ele>751.7</ele>
   </trkpt>
   <trkpt lat="-26.2818560" lon="-51.0478810">
    <ele>751.7</ele>
   </trkpt>
   <trkpt lat="-26.2818680" lon="-51.0478460">
    <ele>751.7</ele>
   </trkpt>
   <trkpt lat="-26.2818810" lon="-51.0478120">
    <ele>751.7</ele>
   </trkpt>
   <trkpt lat="-26.2818910" lon="-51.0477780">
    <ele>751.7</ele>
   </trkpt>
   <trkpt lat="-26.2818990" lon="-51.0477440">
    <ele>751.7</ele>
   </trkpt>
   <trkpt lat="-26.2819110" lon="-51.0477130">
    <ele>751.7</ele>
   </trkpt>
   <trkpt lat="-26.2819210" lon="-51.0476810">
    <ele>751.7</ele>
   </trkpt>
   <trkpt lat="-26.2819250" lon="-51.0476500">
    <ele>751.7</ele>
   </trkpt>
   <trkpt lat="-26.2819370" lon="-51.0476120">
    <ele>751.7</ele>
   </trkpt>
   <trkpt lat="-26.2819490" lon="-51.0475660">
    <ele>751.6</ele>
   </trkpt>
   <trkpt lat="-26.2819540" lon="-51.0475470">
    <ele>751.6</ele>
   </trkpt>
   <trkpt lat="-26.2819710" lon="-51.0475100">
    <ele>751.6</ele>
   </trkpt>
   <trkpt lat="-26.2819840" lon="-51.0474750">
    <ele>751.6</ele>
   </trkpt>
   <trkpt lat="-26.2819960" lon="-51.0474400">
    <ele>751.6</ele>
   </trkpt>
   <trkpt lat="-26.2820090" lon="-51.0474030">
    <ele>751.5</ele>
   </trkpt>
   <trkpt lat="-26.2820180" lon="-51.0473720">
    <ele>751.5</ele>
   </trkpt>
   <trkpt lat="-26.2820350" lon="-51.0473350">
    <ele>751.5</ele>
   </trkpt>
   <trkpt lat="-26.2820470" lon="-51.0472970">
    <ele>751.5</ele>
   </trkpt>
   <trkpt lat="-26.2820550" lon="-51.0472610">
    <ele>751.5</ele>
   </trkpt>
   <trkpt lat="-26.2820670" lon="-51.0472310">
    <ele>751.5</ele>
   </trkpt>
   <trkpt lat="-26.2820870" lon="-51.0471950">
    <ele>751.5</ele>
   </trkpt>
   <trkpt lat="-26.2821000" lon="-51.0471610">
    <ele>751.5</ele>
   </trkpt>
   <trkpt lat="-26.2821090" lon="-51.0471250">
    <ele>751.5</ele>
   </trkpt>
   <trkpt lat="-26.2821200" lon="-51.0470880">
    <ele>751.5</ele>
   </trkpt>
   <trkpt lat="-26.2821270" lon="-51.0470530">
    <ele>751.5</ele>
   </trkpt>
   <trkpt lat="-26.2821340" lon="-51.0470170">
    <ele>751.5</ele>
   </trkpt>
   <trkpt lat="-26.2821430" lon="-51.0469750">
    <ele>751.5</ele>
   </trkpt>
   <trkpt lat="-26.2821470" lon="-51.0469270">
    <ele>751.5</ele>
   </trkpt>
   <trkpt lat="-26.2821500" lon="-51.0468790">
    <ele>751.5</ele>
   </trkpt>
   <trkpt lat="-26.2821510" lon="-51.0468350">
    <ele>751.5</ele>
   </trkpt>
   <trkpt lat="-26.2821480" lon="-51.0467990">
    <ele>751.5</ele>
   </trkpt>
   <trkpt lat="-26.2821490" lon="-51.0467600">
    <ele>751.5</ele>
   </trkpt>
   <trkpt lat="-26.2821370" lon="-51.0467230">
    <ele>751.5</ele>
   </trkpt>
   <trkpt lat="-26.2821290" lon="-51.0466800">
    <ele>751.5</ele>
   </trkpt>
   <trkpt lat="-26.2821210" lon="-51.0466340">
    <ele>751.5</ele>
   </trkpt>
   <trkpt lat="-26.2821140" lon="-51.0465910">
    <ele>751.4</ele>
   </trkpt>
   <trkpt lat="-26.2821070" lon="-51.0465490">
    <ele>751.4</ele>
   </trkpt>
   <trkpt lat="-26.2820990" lon="-51.0465100">
    <ele>751.3</ele>
   </trkpt>
   <trkpt lat="-26.2820990" lon="-51.0464710">
    <ele>751.3</ele>
   </trkpt>
   <trkpt lat="-26.2820940" lon="-51.0464270">
    <ele>751.2</ele>
   </trkpt>
   <trkpt lat="-26.2820860" lon="-51.0463870">
    <ele>751.2</ele>
   </trkpt>
   <trkpt lat="-26.2820820" lon="-51.0463410">
    <ele>751.1</ele>
   </trkpt>
   <trkpt lat="-26.2820770" lon="-51.0463000">
    <ele>751.1</ele>
   </trkpt>
   <trkpt lat="-26.2820680" lon="-51.0462580">
    <ele>751.1</ele>
   </trkpt>
   <trkpt lat="-26.2820650" lon="-51.0462190">
    <ele>751.1</ele>
   </trkpt>
   <trkpt lat="-26.2820590" lon="-51.0461720">
    <ele>751.1</ele>
   </trkpt>
   <trkpt lat="-26.2820530" lon="-51.0461240">
    <ele>751.1</ele>
   </trkpt>
   <trkpt lat="-26.2820480" lon="-51.0460820">
    <ele>751.1</ele>
   </trkpt>
   <trkpt lat="-26.2820430" lon="-51.0460430">
    <ele>751.1</ele>
   </trkpt>
   <trkpt lat="-26.2820390" lon="-51.0460030">
    <ele>751.1</ele>
   </trkpt>
   <trkpt lat="-26.2820370" lon="-51.0459700">
    <ele>751.1</ele>
   </trkpt>
   <trkpt lat="-26.2820320" lon="-51.0459310">
    <ele>751.1</ele>
   </trkpt>
   <trkpt lat="-26.2820290" lon="-51.0458900">
    <ele>751.1</ele>
   </trkpt>
   <trkpt lat="-26.2820210" lon="-51.0458550">
    <ele>751.0</ele>
   </trkpt>
   <trkpt lat="-26.2820160" lon="-51.0458190">
    <ele>751.0</ele>
   </trkpt>
   <trkpt lat="-26.2820130" lon="-51.0457790">
    <ele>751.0</ele>
   </trkpt>
   <trkpt lat="-26.2820050" lon="-51.0457360">
    <ele>751.0</ele>
   </trkpt>
   <trkpt lat="-26.2820000" lon="-51.0456980">
    <ele>751.0</ele>
   </trkpt>
   <trkpt lat="-26.2819970" lon="-51.0456590">
    <ele>751.0</ele>
   </trkpt>
   <trkpt lat="-26.2819920" lon="-51.0456200">
    <ele>751.0</ele>
   </trkpt>
   <trkpt lat="-26.2819850" lon="-51.0455780">
    <ele>751.0</ele>
   </trkpt>
   <trkpt lat="-26.2819760" lon="-51.0455460">
    <ele>750.9</ele>
   </trkpt>
   <trkpt lat="-26.2819770" lon="-51.0455310">
    <ele>750.9</ele>
   </trkpt>
   <trkpt lat="-26.2819800" lon="-51.0455260">
    <ele>750.9</ele>
   </trkpt>
   <trkpt lat="-26.2819800" lon="-51.0455230">
    <ele>750.9</ele>
   </trkpt>
   <trkpt lat="-26.2819760" lon="-51.0455180">
    <ele>750.9</ele>
   </trkpt>
   <trkpt lat="-26.2819750" lon="-51.0455190">
    <ele>750.9</ele>
   </trkpt>
   <trkpt lat="-26.2819730" lon="-51.0455180">
    <ele>750.9</ele>
   </trkpt>
   <trkpt lat="-26.2819690" lon="-51.0455130">
    <ele>750.9</ele>
   </trkpt>
   <trkpt lat="-26.2819680" lon="-51.0455000">
    <ele>750.9</ele>
   </trkpt>
   <trkpt lat="-26.2819660" lon="-51.0454880">
    <ele>750.9</ele>
   </trkpt>
   <trkpt lat="-26.2819640" lon="-51.0454750">
    <ele>750.9</ele>
   </trkpt>
   <trkpt lat="-26.2819620" lon="-51.0454630">
    <ele>750.9</ele>
   </trkpt>
   <trkpt lat="-26.2819600" lon="-51.0454500">
    <ele>750.9</ele>
   </trkpt>
   <trkpt lat="-26.2819590" lon="-51.0454380">
    <ele>750.9</ele>
   </trkpt>
   <trkpt lat="-26.2819570" lon="-51.0454250">
    <ele>750.9</ele>
   </trkpt>
   <trkpt lat="-26.2819490" lon="-51.0453860">
    <ele>750.9</ele>
   </trkpt>
   <trkpt lat="-26.2819460" lon="-51.0453710">
    <ele>750.9</ele>
   </trkpt>
   <trkpt lat="-26.2819430" lon="-51.0453360">
    <ele>750.8</ele>
   </trkpt>
   <trkpt lat="-26.2819360" lon="-51.0452950">
    <ele>750.8</ele>
   </trkpt>
   <trkpt lat="-26.2819350" lon="-51.0452830">
    <ele>750.8</ele>
   </trkpt>
   <trkpt lat="-26.2819320" lon="-51.0452520">
    <ele>750.8</ele>
   </trkpt>
   <trkpt lat="-26.2819310" lon="-51.0452430">
    <ele>750.8</ele>
   </trkpt>
   <trkpt lat="-26.2819280" lon="-51.0452060">
    <ele>750.7</ele>
   </trkpt>
   <trkpt lat="-26.2819260" lon="-51.0451930">
    <ele>750.7</ele>
   </trkpt>
   <trkpt lat="-26.2819240" lon="-51.0451540">
    <ele>750.7</ele>
   </trkpt>
   <trkpt lat="-26.2819220" lon="-51.0451370">
    <ele>750.7</ele>
   </trkpt>
   <trkpt lat="-26.2819100" lon="-51.0451020">
    <ele>750.6</ele>
   </trkpt>
   <trkpt lat="-26.2819090" lon="-51.0450670">
    <ele>750.6</ele>
   </trkpt>
   <trkpt lat="-26.2819080" lon="-51.0450540">
    <ele>750.6</ele>
   </trkpt>
   <trkpt lat="-26.2819020" lon="-51.0450100">
    <ele>750.6</ele>
   </trkpt>
   <trkpt lat="-26.2819010" lon="-51.0449940">
    <ele>750.5</ele>
   </trkpt>
   <trkpt lat="-26.2818990" lon="-51.0449630">
    <ele>750.5</ele>
   </trkpt>
   <trkpt lat="-26.2818970" lon="-51.0449240">
    <ele>750.5</ele>
   </trkpt>
   <trkpt lat="-26.2818950" lon="-51.0449100">
    <ele>750.5</ele>
   </trkpt>
   <trkpt lat="-26.2818900" lon="-51.0448810">
    <ele>750.5</ele>
   </trkpt>
   <trkpt lat="-26.2818850" lon="-51.0448370">
    <ele>750.5</ele>
   </trkpt>
   <trkpt lat="-26.2818840" lon="-51.0448220">
    <ele>750.5</ele>
   </trkpt>
   <trkpt lat="-26.2818760" lon="-51.0447780">
    <ele>750.5</ele>
   </trkpt>
   <trkpt lat="-26.2818730" lon="-51.0447630">
    <ele>750.5</ele>
   </trkpt>
   <trkpt lat="-26.2818680" lon="-51.0447310">
    <ele>750.5</ele>
   </trkpt>
   <trkpt lat="-26.2818610" lon="-51.0446830">
    <ele>750.5</ele>
   </trkpt>
   <trkpt lat="-26.2818530" lon="-51.0446190">
    <ele>750.5</ele>
   </trkpt>
   <trkpt lat="-26.2818440" lon="-51.0445700">
    <ele>750.5</ele>
   </trkpt>
   <trkpt lat="-26.2818340" lon="-51.0445300">
    <ele>750.5</ele>
   </trkpt>
   <trkpt lat="-26.2818280" lon="-51.0444870">
    <ele>750.5</ele>
   </trkpt>
   <trkpt lat="-26.2818220" lon="-51.0444490">
    <ele>750.5</ele>
   </trkpt>
   <trkpt lat="-26.2818190" lon="-51.0444340">
    <ele>750.5</ele>
   </trkpt>
   <trkpt lat="-26.2818140" lon="-51.0444040">
    <ele>750.5</ele>
   </trkpt>
   <trkpt lat="-26.2818040" lon="-51.0443460">
    <ele>750.5</ele>
   </trkpt>
   <trkpt lat="-26.2817910" lon="-51.0442820">
    <ele>750.5</ele>
   </trkpt>
   <trkpt lat="-26.2817810" lon="-51.0442430">
    <ele>750.5</ele>
   </trkpt>
   <trkpt lat="-26.2817730" lon="-51.0441990">
    <ele>750.5</ele>
   </trkpt>
   <trkpt lat="-26.2817620" lon="-51.0441460">
    <ele>750.5</ele>
   </trkpt>
   <trkpt lat="-26.2817570" lon="-51.0441050">
    <ele>750.5</ele>
   </trkpt>
   <trkpt lat="-26.2817580" lon="-51.0440660">
    <ele>750.5</ele>
   </trkpt>
   <trkpt lat="-26.2817520" lon="-51.0440220">
    <ele>750.5</ele>
   </trkpt>
   <trkpt lat="-26.2817500" lon="-51.0439870">
    <ele>750.5</ele>
   </trkpt>
   <trkpt lat="-26.2817440" lon="-51.0439420">
    <ele>750.4</ele>
   </trkpt>
   <trkpt lat="-26.2817340" lon="-51.0438960">
    <ele>750.4</ele>
   </trkpt>
   <trkpt lat="-26.2817300" lon="-51.0438780">
    <ele>750.4</ele>
   </trkpt>
   <trkpt lat="-26.2817270" lon="-51.0438450">
    <ele>750.4</ele>
   </trkpt>
   <trkpt lat="-26.2817220" lon="-51.0438100">
    <ele>750.3</ele>
   </trkpt>
   <trkpt lat="-26.2817180" lon="-51.0437760">
    <ele>750.3</ele>
   </trkpt>
   <trkpt lat="-26.2817070" lon="-51.0437320">
    <ele>750.3</ele>
   </trkpt>
   <trkpt lat="-26.2816940" lon="-51.0436600">
    <ele>750.3</ele>
   </trkpt>
   <trkpt lat="-26.2816800" lon="-51.0436110">
    <ele>750.3</ele>
   </trkpt>
   <trkpt lat="-26.2816720" lon="-51.0435740">
    <ele>750.2</ele>
   </trkpt>
   <trkpt lat="-26.2816660" lon="-51.0435550">
    <ele>750.2</ele>
   </trkpt>
   <trkpt lat="-26.2816620" lon="-51.0435220">
    <ele>750.2</ele>
   </trkpt>
   <trkpt lat="-26.2816580" lon="-51.0434860">
    <ele>750.2</ele>
   </trkpt>
   <trkpt lat="-26.2816510" lon="-51.0434500">
    <ele>750.2</ele>
   </trkpt>
   <trkpt lat="-26.2816420" lon="-51.0433990">
    <ele>750.2</ele>
   </trkpt>
   <trkpt lat="-26.2816360" lon="-51.0433530">
    <ele>750.1</ele>
   </trkpt>
   <trkpt lat="-26.2816330" lon="-51.0433310">
    <ele>750.1</ele>
   </trkpt>
   <trkpt lat="-26.2816180" lon="-51.0432440">
    <ele>750.1</ele>
   </trkpt>
   <trkpt lat="-26.2816060" lon="-51.0431870">
    <ele>750.1</ele>
   </trkpt>
   <trkpt lat="-26.2816020" lon="-51.0431430">
    <ele>750.1</ele>
   </trkpt>
   <trkpt lat="-26.2815900" lon="-51.0430910">
    <ele>750.0</ele>
   </trkpt>
   <trkpt lat="-26.2815790" lon="-51.0430380">
    <ele>750.0</ele>
   </trkpt>
   <trkpt lat="-26.2815630" lon="-51.0429820">
    <ele>750.0</ele>
   </trkpt>
   <trkpt lat="-26.2815560" lon="-51.0429290">
    <ele>750.0</ele>
   </trkpt>
   <trkpt lat="-26.2815480" lon="-51.0428830">
    <ele>750.0</ele>
   </trkpt>
   <trkpt lat="-26.2815400" lon="-51.0428340">
    <ele>750.0</ele>
   </trkpt>
   <trkpt lat="-26.2815330" lon="-51.0427820">
    <ele>750.0</ele>
   </trkpt>
   <trkpt lat="-26.2815240" lon="-51.0427290">
    <ele>750.0</ele>
   </trkpt>
   <trkpt lat="-26.2815170" lon="-51.0426790">
    <ele>749.9</ele>
   </trkpt>
   <trkpt lat="-26.2815100" lon="-51.0426280">
    <ele>749.9</ele>
   </trkpt>
   <trkpt lat="-26.2815030" lon="-51.0425780">
    <ele>749.9</ele>
   </trkpt>
   <trkpt lat="-26.2814940" lon="-51.0425310">
    <ele>749.9</ele>
   </trkpt>
   <trkpt lat="-26.2814860" lon="-51.0424820">
    <ele>749.9</ele>
   </trkpt>
   <trkpt lat="-26.2814770" lon="-51.0424340">
    <ele>749.9</ele>
   </trkpt>
   <trkpt lat="-26.2814650" lon="-51.0423800">
    <ele>749.9</ele>
   </trkpt>
   <trkpt lat="-26.2814540" lon="-51.0423300">
    <ele>749.9</ele>
   </trkpt>
   <trkpt lat="-26.2814430" lon="-51.0422810">
    <ele>749.8</ele>
   </trkpt>
   <trkpt lat="-26.2814360" lon="-51.0422340">
    <ele>749.8</ele>
   </trkpt>
   <trkpt lat="-26.2814290" lon="-51.0421860">
    <ele>749.8</ele>
   </trkpt>
   <trkpt lat="-26.2814250" lon="-51.0421490">
    <ele>749.8</ele>
   </trkpt>
   <trkpt lat="-26.2814180" lon="-51.0421070">
    <ele>749.8</ele>
   </trkpt>
   <trkpt lat="-26.2814100" lon="-51.0420660">
    <ele>749.8</ele>
   </trkpt>
   <trkpt lat="-26.2814030" lon="-51.0420140">
    <ele>749.8</ele>
   </trkpt>
   <trkpt lat="-26.2813990" lon="-51.0419690">
    <ele>749.7</ele>
   </trkpt>
   <trkpt lat="-26.2813930" lon="-51.0419270">
    <ele>749.7</ele>
   </trkpt>
   <trkpt lat="-26.2813840" lon="-51.0418860">
    <ele>749.7</ele>
   </trkpt>
   <trkpt lat="-26.2813790" lon="-51.0418420">
    <ele>749.7</ele>
   </trkpt>
   <trkpt lat="-26.2813730" lon="-51.0418060">
    <ele>749.7</ele>
   </trkpt>
   <trkpt lat="-26.2813660" lon="-51.0417620">
    <ele>749.7</ele>
   </trkpt>
   <trkpt lat="-26.2813580" lon="-51.0417160">
    <ele>749.6</ele>
   </trkpt>
   <trkpt lat="-26.2813480" lon="-51.0416700">
    <ele>749.6</ele>
   </trkpt>
   <trkpt lat="-26.2813350" lon="-51.0416260">
    <ele>749.6</ele>
   </trkpt>
   <trkpt lat="-26.2813230" lon="-51.0415810">
    <ele>749.6</ele>
   </trkpt>
   <trkpt lat="-26.2813150" lon="-51.0415380">
    <ele>749.6</ele>
   </trkpt>
   <trkpt lat="-26.2813050" lon="-51.0414900">
    <ele>749.6</ele>
   </trkpt>
   <trkpt lat="-26.2812950" lon="-51.0414440">
    <ele>749.6</ele>
   </trkpt>
   <trkpt lat="-26.2812880" lon="-51.0413990">
    <ele>749.6</ele>
   </trkpt>
   <trkpt lat="-26.2812800" lon="-51.0413530">
    <ele>749.6</ele>
   </trkpt>
   <trkpt lat="-26.2812720" lon="-51.0413070">
    <ele>749.6</ele>
   </trkpt>
   <trkpt lat="-26.2812630" lon="-51.0412630">
    <ele>749.6</ele>
   </trkpt>
   <trkpt lat="-26.2812590" lon="-51.0412200">
    <ele>749.6</ele>
   </trkpt>
   <trkpt lat="-26.2812530" lon="-51.0411810">
    <ele>749.6</ele>
   </trkpt>
   <trkpt lat="-26.2812430" lon="-51.0411390">
    <ele>749.6</ele>
   </trkpt>
   <trkpt lat="-26.2812440" lon="-51.0411020">
    <ele>749.6</ele>
   </trkpt>
   <trkpt lat="-26.2812440" lon="-51.0410630">
    <ele>749.6</ele>
   </trkpt>
   <trkpt lat="-26.2812350" lon="-51.0410170">
    <ele>749.6</ele>
   </trkpt>
   <trkpt lat="-26.2812290" lon="-51.0409760">
    <ele>749.6</ele>
   </trkpt>
   <trkpt lat="-26.2812290" lon="-51.0409400">
    <ele>749.6</ele>
   </trkpt>
   <trkpt lat="-26.2812240" lon="-51.0409020">
    <ele>749.5</ele>
   </trkpt>
   <trkpt lat="-26.2812140" lon="-51.0408590">
    <ele>749.5</ele>
   </trkpt>
   <trkpt lat="-26.2812080" lon="-51.0408170">
    <ele>749.5</ele>
   </trkpt>
   <trkpt lat="-26.2811990" lon="-51.0407700">
    <ele>749.5</ele>
   </trkpt>
   <trkpt lat="-26.2811950" lon="-51.0407300">
    <ele>749.5</ele>
   </trkpt>
   <trkpt lat="-26.2811900" lon="-51.0406880">
    <ele>749.5</ele>
   </trkpt>
   <trkpt lat="-26.2811830" lon="-51.0406500">
    <ele>749.5</ele>
   </trkpt>
   <trkpt lat="-26.2811750" lon="-51.0406100">
    <ele>749.5</ele>
   </trkpt>
   <trkpt lat="-26.2811670" lon="-51.0405650">
    <ele>749.4</ele>
   </trkpt>
   <trkpt lat="-26.2811580" lon="-51.0405200">
    <ele>749.4</ele>
   </trkpt>
   <trkpt lat="-26.2811510" lon="-51.0404830">
    <ele>749.4</ele>
   </trkpt>
   <trkpt lat="-26.2811490" lon="-51.0404480">
    <ele>749.4</ele>
   </trkpt>
   <trkpt lat="-26.2811470" lon="-51.0404140">
    <ele>749.4</ele>
   </trkpt>
   <trkpt lat="-26.2811400" lon="-51.0403740">
    <ele>749.4</ele>
   </trkpt>
   <trkpt lat="-26.2811310" lon="-51.0403350">
    <ele>749.4</ele>
   </trkpt>
   <trkpt lat="-26.2811230" lon="-51.0403020">
    <ele>749.4</ele>
   </trkpt>
   <trkpt lat="-26.2811170" lon="-51.0402640">
    <ele>749.4</ele>
   </trkpt>
   <trkpt lat="-26.2811110" lon="-51.0402320">
    <ele>749.4</ele>
   </trkpt>
   <trkpt lat="-26.2811060" lon="-51.0401940">
    <ele>749.4</ele>
   </trkpt>
   <trkpt lat="-26.2811000" lon="-51.0401560">
    <ele>749.4</ele>
   </trkpt>
   <trkpt lat="-26.2810980" lon="-51.0401220">
    <ele>749.5</ele>
   </trkpt>
   <trkpt lat="-26.2810940" lon="-51.0400880">
    <ele>749.5</ele>
   </trkpt>
   <trkpt lat="-26.2810830" lon="-51.0400450">
    <ele>749.5</ele>
   </trkpt>
   <trkpt lat="-26.2810770" lon="-51.0400040">
    <ele>749.5</ele>
   </trkpt>
   <trkpt lat="-26.2810720" lon="-51.0399670">
    <ele>749.5</ele>
   </trkpt>
   <trkpt lat="-26.2810670" lon="-51.0399290">
    <ele>749.5</ele>
   </trkpt>
   <trkpt lat="-26.2810610" lon="-51.0398860">
    <ele>749.5</ele>
   </trkpt>
   <trkpt lat="-26.2810590" lon="-51.0398460">
    <ele>749.5</ele>
   </trkpt>
   <trkpt lat="-26.2810480" lon="-51.0398040">
    <ele>749.5</ele>
   </trkpt>
   <trkpt lat="-26.2810460" lon="-51.0397660">
    <ele>749.5</ele>
   </trkpt>
   <trkpt lat="-26.2810380" lon="-51.0397240">
    <ele>749.5</ele>
   </trkpt>
   <trkpt lat="-26.2810220" lon="-51.0396870">
    <ele>749.5</ele>
   </trkpt>
   <trkpt lat="-26.2810200" lon="-51.0396470">
    <ele>749.5</ele>
   </trkpt>
   <trkpt lat="-26.2810100" lon="-51.0396050">
    <ele>749.5</ele>
   </trkpt>
   <trkpt lat="-26.2809960" lon="-51.0395670">
    <ele>749.5</ele>
   </trkpt>
   <trkpt lat="-26.2809920" lon="-51.0395290">
    <ele>749.5</ele>
   </trkpt>
   <trkpt lat="-26.2809830" lon="-51.0394930">
    <ele>749.4</ele>
   </trkpt>
   <trkpt lat="-26.2809750" lon="-51.0394490">
    <ele>749.4</ele>
   </trkpt>
   <trkpt lat="-26.2809680" lon="-51.0394070">
    <ele>749.4</ele>
   </trkpt>
   <trkpt lat="-26.2809570" lon="-51.0393690">
    <ele>749.4</ele>
   </trkpt>
   <trkpt lat="-26.2809500" lon="-51.0393330">
    <ele>749.5</ele>
   </trkpt>
   <trkpt lat="-26.2809450" lon="-51.0392990">
    <ele>749.5</ele>
   </trkpt>
   <trkpt lat="-26.2809400" lon="-51.0392550">
    <ele>749.5</ele>
   </trkpt>
   <trkpt lat="-26.2809340" lon="-51.0392100">
    <ele>749.5</ele>
   </trkpt>
   <trkpt lat="-26.2809280" lon="-51.0391700">
    <ele>749.5</ele>
   </trkpt>
   <trkpt lat="-26.2809250" lon="-51.0391290">
    <ele>749.6</ele>
   </trkpt>
   <trkpt lat="-26.2809170" lon="-51.0390910">
    <ele>749.6</ele>
   </trkpt>
   <trkpt lat="-26.2809130" lon="-51.0390450">
    <ele>749.6</ele>
   </trkpt>
   <trkpt lat="-26.2809100" lon="-51.0390280">
    <ele>749.6</ele>
   </trkpt>
   <trkpt lat="-26.2809050" lon="-51.0389970">
    <ele>749.6</ele>
   </trkpt>
   <trkpt lat="-26.2809020" lon="-51.0389620">
    <ele>749.6</ele>
   </trkpt>
   <trkpt lat="-26.2808880" lon="-51.0389220">
    <ele>749.6</ele>
   </trkpt>
   <trkpt lat="-26.2808850" lon="-51.0388870">
    <ele>749.6</ele>
   </trkpt>
   <trkpt lat="-26.2808810" lon="-51.0388490">
    <ele>749.6</ele>
   </trkpt>
   <trkpt lat="-26.2808760" lon="-51.0388140">
    <ele>749.6</ele>
   </trkpt>
   <trkpt lat="-26.2808710" lon="-51.0387810">
    <ele>749.6</ele>
   </trkpt>
   <trkpt lat="-26.2808710" lon="-51.0387450">
    <ele>749.6</ele>
   </trkpt>
   <trkpt lat="-26.2808670" lon="-51.0387120">
    <ele>749.7</ele>
   </trkpt>
   <trkpt lat="-26.2808580" lon="-51.0386720">
    <ele>749.7</ele>
   </trkpt>
   <trkpt lat="-26.2808460" lon="-51.0386270">
    <ele>749.7</ele>
   </trkpt>
   <trkpt lat="-26.2808430" lon="-51.0385870">
    <ele>749.7</ele>
   </trkpt>
   <trkpt lat="-26.2808300" lon="-51.0385370">
    <ele>749.7</ele>
   </trkpt>
   <trkpt lat="-26.2808220" lon="-51.0384960">
    <ele>749.7</ele>
   </trkpt>
   <trkpt lat="-26.2808160" lon="-51.0384570">
    <ele>749.7</ele>
   </trkpt>
   <trkpt lat="-26.2808110" lon="-51.0384100">
    <ele>749.7</ele>
   </trkpt>
   <trkpt lat="-26.2808020" lon="-51.0383710">
    <ele>749.7</ele>
   </trkpt>
   <trkpt lat="-26.2807920" lon="-51.0383310">
    <ele>749.7</ele>
   </trkpt>
   <trkpt lat="-26.2807890" lon="-51.0382880">
    <ele>749.7</ele>
   </trkpt>
   <trkpt lat="-26.2807840" lon="-51.0382460">
    <ele>749.7</ele>
   </trkpt>
   <trkpt lat="-26.2807770" lon="-51.0382080">
    <ele>749.7</ele>
   </trkpt>
   <trkpt lat="-26.2807710" lon="-51.0381690">
    <ele>749.7</ele>
   </trkpt>
   <trkpt lat="-26.2807650" lon="-51.0381260">
    <ele>749.7</ele>
   </trkpt>
   <trkpt lat="-26.2807640" lon="-51.0380870">
    <ele>749.7</ele>
   </trkpt>
   <trkpt lat="-26.2807590" lon="-51.0380480">
    <ele>749.7</ele>
   </trkpt>
   <trkpt lat="-26.2807560" lon="-51.0380090">
    <ele>749.7</ele>
   </trkpt>
   <trkpt lat="-26.2807530" lon="-51.0379730">
    <ele>749.7</ele>
   </trkpt>
   <trkpt lat="-26.2807530" lon="-51.0379400">
    <ele>749.7</ele>
   </trkpt>
   <trkpt lat="-26.2807480" lon="-51.0379030">
    <ele>749.7</ele>
   </trkpt>
   <trkpt lat="-26.2807450" lon="-51.0378660">
    <ele>749.7</ele>
   </trkpt>
   <trkpt lat="-26.2807390" lon="-51.0378320">
    <ele>749.7</ele>
   </trkpt>
   <trkpt lat="-26.2807370" lon="-51.0377970">
    <ele>749.7</ele>
   </trkpt>
   <trkpt lat="-26.2807350" lon="-51.0377650">
    <ele>749.7</ele>
   </trkpt>
   <trkpt lat="-26.2807320" lon="-51.0377310">
    <ele>749.7</ele>
   </trkpt>
   <trkpt lat="-26.2807290" lon="-51.0376950">
    <ele>749.7</ele>
   </trkpt>
   <trkpt lat="-26.2807270" lon="-51.0376560">
    <ele>749.7</ele>
   </trkpt>
   <trkpt lat="-26.2807260" lon="-51.0376230">
    <ele>749.7</ele>
   </trkpt>
   <trkpt lat="-26.2807240" lon="-51.0375920">
    <ele>749.7</ele>
   </trkpt>
   <trkpt lat="-26.2807240" lon="-51.0375550">
    <ele>749.6</ele>
   </trkpt>
   <trkpt lat="-26.2807220" lon="-51.0375180">
    <ele>749.6</ele>
   </trkpt>
   <trkpt lat="-26.2807140" lon="-51.0374860">
    <ele>749.6</ele>
   </trkpt>
   <trkpt lat="-26.2807140" lon="-51.0374480">
    <ele>749.6</ele>
   </trkpt>
   <trkpt lat="-26.2807130" lon="-51.0374100">
    <ele>749.6</ele>
   </trkpt>
   <trkpt lat="-26.2807110" lon="-51.0373710">
    <ele>749.6</ele>
   </trkpt>
   <trkpt lat="-26.2807100" lon="-51.0373350">
    <ele>749.6</ele>
   </trkpt>
   <trkpt lat="-26.2807070" lon="-51.0372980">
    <ele>749.6</ele>
   </trkpt>
   <trkpt lat="-26.2807060" lon="-51.0372650">
    <ele>749.6</ele>
   </trkpt>
   <trkpt lat="-26.2807060" lon="-51.0372300">
    <ele>749.6</ele>
   </trkpt>
   <trkpt lat="-26.2807020" lon="-51.0371970">
    <ele>749.6</ele>
   </trkpt>
   <trkpt lat="-26.2807050" lon="-51.0371610">
    <ele>749.6</ele>
   </trkpt>
   <trkpt lat="-26.2807040" lon="-51.0371260">
    <ele>749.6</ele>
   </trkpt>
   <trkpt lat="-26.2807060" lon="-51.0370920">
    <ele>749.6</ele>
   </trkpt>
   <trkpt lat="-26.2807050" lon="-51.0370580">
    <ele>749.6</ele>
   </trkpt>
   <trkpt lat="-26.2807050" lon="-51.0370200">
    <ele>749.6</ele>
   </trkpt>
   <trkpt lat="-26.2807050" lon="-51.0369850">
    <ele>749.6</ele>
   </trkpt>
   <trkpt lat="-26.2807040" lon="-51.0369500">
    <ele>749.6</ele>
   </trkpt>
   <trkpt lat="-26.2807020" lon="-51.0369150">
    <ele>749.6</ele>
   </trkpt>
   <trkpt lat="-26.2806990" lon="-51.0368790">
    <ele>749.6</ele>
   </trkpt>
   <trkpt lat="-26.2806990" lon="-51.0368370">
    <ele>749.6</ele>
   </trkpt>
   <trkpt lat="-26.2807000" lon="-51.0368210">
    <ele>749.6</ele>
   </trkpt>
   <trkpt lat="-26.2806980" lon="-51.0367770">
    <ele>749.6</ele>
   </trkpt>
   <trkpt lat="-26.2806970" lon="-51.0367620">
    <ele>749.6</ele>
   </trkpt>
   <trkpt lat="-26.2806980" lon="-51.0367280">
    <ele>749.6</ele>
   </trkpt>
   <trkpt lat="-26.2806940" lon="-51.0366950">
    <ele>749.6</ele>
   </trkpt>
   <trkpt lat="-26.2806940" lon="-51.0366620">
    <ele>749.6</ele>
   </trkpt>
   <trkpt lat="-26.2806930" lon="-51.0366280">
    <ele>749.7</ele>
   </trkpt>
   <trkpt lat="-26.2806900" lon="-51.0365890">
    <ele>749.7</ele>
   </trkpt>
   <trkpt lat="-26.2806910" lon="-51.0365500">
    <ele>749.7</ele>
   </trkpt>
   <trkpt lat="-26.2806900" lon="-51.0365170">
    <ele>749.7</ele>
   </trkpt>
   <trkpt lat="-26.2806890" lon="-51.0364740">
    <ele>749.7</ele>
   </trkpt>
   <trkpt lat="-26.2806920" lon="-51.0364350">
    <ele>749.7</ele>
   </trkpt>
   <trkpt lat="-26.2806930" lon="-51.0364020">
    <ele>749.8</ele>
   </trkpt>
   <trkpt lat="-26.2806940" lon="-51.0363650">
    <ele>749.8</ele>
   </trkpt>
   <trkpt lat="-26.2806950" lon="-51.0363290">
    <ele>749.8</ele>
   </trkpt>
   <trkpt lat="-26.2806940" lon="-51.0362950">
    <ele>749.8</ele>
   </trkpt>
   <trkpt lat="-26.2806970" lon="-51.0362840">
    <ele>749.8</ele>
   </trkpt>
   <trkpt lat="-26.2807010" lon="-51.0362350">
    <ele>749.8</ele>
   </trkpt>
   <trkpt lat="-26.2807020" lon="-51.0362160">
    <ele>749.8</ele>
   </trkpt>
   <trkpt lat="-26.2807050" lon="-51.0361770">
    <ele>749.9</ele>
   </trkpt>
   <trkpt lat="-26.2807050" lon="-51.0361630">
    <ele>749.9</ele>
   </trkpt>
   <trkpt lat="-26.2807060" lon="-51.0361310">
    <ele>749.9</ele>
   </trkpt>
   <trkpt lat="-26.2807070" lon="-51.0360830">
    <ele>749.9</ele>
   </trkpt>
   <trkpt lat="-26.2807080" lon="-51.0360640">
    <ele>749.9</ele>
   </trkpt>
   <trkpt lat="-26.2807120" lon="-51.0360200">
    <ele>749.9</ele>
   </trkpt>
   <trkpt lat="-26.2807140" lon="-51.0360050">
    <ele>749.9</ele>
   </trkpt>
   <trkpt lat="-26.2807150" lon="-51.0359620">
    <ele>749.9</ele>
   </trkpt>
   <trkpt lat="-26.2807170" lon="-51.0359150">
    <ele>750.0</ele>
   </trkpt>
   <trkpt lat="-26.2807200" lon="-51.0358940">
    <ele>750.0</ele>
   </trkpt>
   <trkpt lat="-26.2807260" lon="-51.0358290">
    <ele>750.0</ele>
   </trkpt>
   <trkpt lat="-26.2807310" lon="-51.0357930">
    <ele>750.0</ele>
   </trkpt>
   <trkpt lat="-26.2807340" lon="-51.0357940">
    <ele>750.0</ele>
   </trkpt>
   <trkpt lat="-26.2807410" lon="-51.0357640">
    <ele>750.0</ele>
   </trkpt>
   <trkpt lat="-26.2807500" lon="-51.0357290">
    <ele>750.0</ele>
   </trkpt>
   <trkpt lat="-26.2807650" lon="-51.0356870">
    <ele>750.0</ele>
   </trkpt>
   <trkpt lat="-26.2807720" lon="-51.0356710">
    <ele>750.0</ele>
   </trkpt>
   <trkpt lat="-26.2807860" lon="-51.0356360">
    <ele>750.0</ele>
   </trkpt>
   <trkpt lat="-26.2808110" lon="-51.0355780">
    <ele>750.0</ele>
   </trkpt>
   <trkpt lat="-26.2808290" lon="-51.0355430">
    <ele>750.0</ele>
   </trkpt>
   <trkpt lat="-26.2808440" lon="-51.0355170">
    <ele>750.0</ele>
   </trkpt>
   <trkpt lat="-26.2808640" lon="-51.0354880">
    <ele>750.0</ele>
   </trkpt>
   <trkpt lat="-26.2808820" lon="-51.0354640">
    <ele>750.0</ele>
   </trkpt>
   <trkpt lat="-26.2808920" lon="-51.0354500">
    <ele>750.0</ele>
   </trkpt>
   <trkpt lat="-26.2809170" lon="-51.0354230">
    <ele>750.0</ele>
   </trkpt>
   <trkpt lat="-26.2809310" lon="-51.0354070">
    <ele>750.0</ele>
   </trkpt>
   <trkpt lat="-26.2809540" lon="-51.0353770">
    <ele>750.0</ele>
   </trkpt>
   <trkpt lat="-26.2809660" lon="-51.0353640">
    <ele>750.0</ele>
   </trkpt>
   <trkpt lat="-26.2809910" lon="-51.0353360">
    <ele>750.0</ele>
   </trkpt>
   <trkpt lat="-26.2810000" lon="-51.0353240">
    <ele>750.0</ele>
   </trkpt>
   <trkpt lat="-26.2810270" lon="-51.0352940">
    <ele>750.0</ele>
   </trkpt>
   <trkpt lat="-26.2810590" lon="-51.0352590">
    <ele>750.0</ele>
   </trkpt>
   <trkpt lat="-26.2810830" lon="-51.0352380">
    <ele>750.0</ele>
   </trkpt>
   <trkpt lat="-26.2811040" lon="-51.0352170">
    <ele>750.0</ele>
   </trkpt>
   <trkpt lat="-26.2811240" lon="-51.0351920">
    <ele>750.0</ele>
   </trkpt>
   <trkpt lat="-26.2811480" lon="-51.0351680">
    <ele>750.0</ele>
   </trkpt>
   <trkpt lat="-26.2811720" lon="-51.0351410">
    <ele>750.0</ele>
   </trkpt>
   <trkpt lat="-26.2811950" lon="-51.0351170">
    <ele>750.0</ele>
   </trkpt>
   <trkpt lat="-26.2812230" lon="-51.0350920">
    <ele>749.9</ele>
   </trkpt>
   <trkpt lat="-26.2812460" lon="-51.0350670">
    <ele>749.9</ele>
   </trkpt>
   <trkpt lat="-26.2812690" lon="-51.0350440">
    <ele>749.9</ele>
   </trkpt>
   <trkpt lat="-26.2812900" lon="-51.0350190">
    <ele>749.9</ele>
   </trkpt>
   <trkpt lat="-26.2813130" lon="-51.0349910">
    <ele>749.9</ele>
   </trkpt>
   <trkpt lat="-26.2813360" lon="-51.0349690">
    <ele>749.9</ele>
   </trkpt>
   <trkpt lat="-26.2813460" lon="-51.0349580">
    <ele>749.9</ele>
   </trkpt>
   <trkpt lat="-26.2813680" lon="-51.0349340">
    <ele>749.9</ele>
   </trkpt>
   <trkpt lat="-26.2813870" lon="-51.0349080">
    <ele>749.9</ele>
   </trkpt>
   <trkpt lat="-26.2814070" lon="-51.0348700">
    <ele>749.9</ele>
   </trkpt>
   <trkpt lat="-26.2814150" lon="-51.0348580">
    <ele>749.9</ele>
   </trkpt>
   <trkpt lat="-26.2814400" lon="-51.0348270">
    <ele>749.9</ele>
   </trkpt>
   <trkpt lat="-26.2814620" lon="-51.0348020">
    <ele>749.9</ele>
   </trkpt>
   <trkpt lat="-26.2814830" lon="-51.0347710">
    <ele>749.9</ele>
   </trkpt>
   <trkpt lat="-26.2814910" lon="-51.0347600">
    <ele>749.9</ele>
   </trkpt>
   <trkpt lat="-26.2815140" lon="-51.0347370">
    <ele>749.9</ele>
   </trkpt>
   <trkpt lat="-26.2815460" lon="-51.0347110">
    <ele>749.9</ele>
   </trkpt>
   <trkpt lat="-26.2815570" lon="-51.0347020">
    <ele>749.9</ele>
   </trkpt>
   <trkpt lat="-26.2815800" lon="-51.0346810">
    <ele>749.9</ele>
   </trkpt>
   <trkpt lat="-26.2816060" lon="-51.0346560">
    <ele>749.9</ele>
   </trkpt>
   <trkpt lat="-26.2816270" lon="-51.0346340">
    <ele>749.9</ele>
   </trkpt>
   <trkpt lat="-26.2816520" lon="-51.0346110">
    <ele>749.9</ele>
   </trkpt>
   <trkpt lat="-26.2816790" lon="-51.0345920">
    <ele>749.9</ele>
   </trkpt>
   <trkpt lat="-26.2817100" lon="-51.0345640">
    <ele>749.9</ele>
   </trkpt>
   <trkpt lat="-26.2817220" lon="-51.0345540">
    <ele>749.9</ele>
   </trkpt>
   <trkpt lat="-26.2817470" lon="-51.0345290">
    <ele>749.9</ele>
   </trkpt>
   <trkpt lat="-26.2817670" lon="-51.0345060">
    <ele>749.9</ele>
   </trkpt>
   <trkpt lat="-26.2817930" lon="-51.0344850">
    <ele>749.9</ele>
   </trkpt>
   <trkpt lat="-26.2818200" lon="-51.0344640">
    <ele>749.9</ele>
   </trkpt>
   <trkpt lat="-26.2818480" lon="-51.0344420">
    <ele>749.9</ele>
   </trkpt>
   <trkpt lat="-26.2818800" lon="-51.0344100">
    <ele>749.8</ele>
   </trkpt>
   <trkpt lat="-26.2818920" lon="-51.0343980">
    <ele>749.8</ele>
   </trkpt>
   <trkpt lat="-26.2819230" lon="-51.0343690">
    <ele>749.8</ele>
   </trkpt>
   <trkpt lat="-26.2819450" lon="-51.0343510">
    <ele>749.8</ele>
   </trkpt>
   <trkpt lat="-26.2819710" lon="-51.0343300">
    <ele>749.8</ele>
   </trkpt>
   <trkpt lat="-26.2819940" lon="-51.0343060">
    <ele>749.8</ele>
   </trkpt>
   <trkpt lat="-26.2820260" lon="-51.0342810">
    <ele>749.8</ele>
   </trkpt>
   <trkpt lat="-26.2820360" lon="-51.0342720">
    <ele>749.8</ele>
   </trkpt>
   <trkpt lat="-26.2820620" lon="-51.0342490">
    <ele>749.8</ele>
   </trkpt>
   <trkpt lat="-26.2820890" lon="-51.0342190">
    <ele>749.8</ele>
   </trkpt>
   <trkpt lat="-26.2820990" lon="-51.0342090">
    <ele>749.8</ele>
   </trkpt>
   <trkpt lat="-26.2821200" lon="-51.0341870">
    <ele>749.8</ele>
   </trkpt>
   <trkpt lat="-26.2821430" lon="-51.0341660">
    <ele>749.8</ele>
   </trkpt>
   <trkpt lat="-26.2821680" lon="-51.0341420">
    <ele>749.8</ele>
   </trkpt>
   <trkpt lat="-26.2821910" lon="-51.0341180">
    <ele>749.8</ele>
   </trkpt>
   <trkpt lat="-26.2822160" lon="-51.0340950">
    <ele>749.8</ele>
   </trkpt>
   <trkpt lat="-26.2822440" lon="-51.0340700">
    <ele>749.8</ele>
   </trkpt>
   <trkpt lat="-26.2822690" lon="-51.0340450">
    <ele>749.8</ele>
   </trkpt>
   <trkpt lat="-26.2822930" lon="-51.0340240">
    <ele>749.8</ele>
   </trkpt>
   <trkpt lat="-26.2823160" lon="-51.0340060">
    <ele>749.8</ele>
   </trkpt>
   <trkpt lat="-26.2823330" lon="-51.0339820">
    <ele>749.8</ele>
   </trkpt>
   <trkpt lat="-26.2823580" lon="-51.0339600">
    <ele>749.8</ele>
   </trkpt>
   <trkpt lat="-26.2823820" lon="-51.0339420">
    <ele>749.8</ele>
   </trkpt>
   <trkpt lat="-26.2824090" lon="-51.0339160">
    <ele>749.8</ele>
   </trkpt>
   <trkpt lat="-26.2824260" lon="-51.0339010">
    <ele>749.8</ele>
   </trkpt>
   <trkpt lat="-26.2824380" lon="-51.0338900">
    <ele>749.8</ele>
   </trkpt>
   <trkpt lat="-26.2824580" lon="-51.0338670">
    <ele>749.8</ele>
   </trkpt>
   <trkpt lat="-26.2824910" lon="-51.0338370">
    <ele>749.8</ele>
   </trkpt>
   <trkpt lat="-26.2825040" lon="-51.0338240">
    <ele>749.8</ele>
   </trkpt>
   <trkpt lat="-26.2825280" lon="-51.0338040">
    <ele>749.8</ele>
   </trkpt>
   <trkpt lat="-26.2825400" lon="-51.0337930">
    <ele>749.8</ele>
   </trkpt>
   <trkpt lat="-26.2825670" lon="-51.0337680">
    <ele>749.7</ele>
   </trkpt>
   <trkpt lat="-26.2825780" lon="-51.0337580">
    <ele>749.7</ele>
   </trkpt>
   <trkpt lat="-26.2826120" lon="-51.0337320">
    <ele>749.7</ele>
   </trkpt>
   <trkpt lat="-26.2826290" lon="-51.0337180">
    <ele>749.7</ele>
   </trkpt>
   <trkpt lat="-26.2826500" lon="-51.0336950">
    <ele>749.7</ele>
   </trkpt>
   <trkpt lat="-26.2826740" lon="-51.0336720">
    <ele>749.7</ele>
   </trkpt>
   <trkpt lat="-26.2826790" lon="-51.0336680">
    <ele>749.7</ele>
   </trkpt>
   <trkpt lat="-26.2827140" lon="-51.0336380">
    <ele>749.7</ele>
   </trkpt>
   <trkpt lat="-26.2827320" lon="-51.0336180">
    <ele>749.7</ele>
   </trkpt>
   <trkpt lat="-26.2827420" lon="-51.0336080">
    <ele>749.7</ele>
   </trkpt>
   <trkpt lat="-26.2827680" lon="-51.0335790">
    <ele>749.7</ele>
   </trkpt>
   <trkpt lat="-26.2827770" lon="-51.0335700">
    <ele>749.7</ele>
   </trkpt>
   <trkpt lat="-26.2827970" lon="-51.0335470">
    <ele>749.7</ele>
   </trkpt>
   <trkpt lat="-26.2828290" lon="-51.0335150">
    <ele>749.7</ele>
   </trkpt>
   <trkpt lat="-26.2828470" lon="-51.0334990">
    <ele>749.7</ele>
   </trkpt>
   <trkpt lat="-26.2828710" lon="-51.0334700">
    <ele>749.7</ele>
   </trkpt>
   <trkpt lat="-26.2828950" lon="-51.0334460">
    <ele>749.7</ele>
   </trkpt>
   <trkpt lat="-26.2829040" lon="-51.0334380">
    <ele>749.7</ele>
   </trkpt>
   <trkpt lat="-26.2829340" lon="-51.0334180">
    <ele>749.7</ele>
   </trkpt>
   <trkpt lat="-26.2829560" lon="-51.0333960">
    <ele>749.7</ele>
   </trkpt>
   <trkpt lat="-26.2829700" lon="-51.0333820">
    <ele>749.7</ele>
   </trkpt>
   <trkpt lat="-26.2829800" lon="-51.0333730">
    <ele>749.7</ele>
   </trkpt>
   <trkpt lat="-26.2829900" lon="-51.0333630">
    <ele>749.7</ele>
   </trkpt>
   <trkpt lat="-26.2829980" lon="-51.0333570">
    <ele>749.7</ele>
   </trkpt>
   <trkpt lat="-26.2830030" lon="-51.0333520">
    <ele>749.7</ele>
   </trkpt>
   <trkpt lat="-26.2830170" lon="-51.0333400">
    <ele>749.7</ele>
   </trkpt>
   <trkpt lat="-26.2830230" lon="-51.0333340">
    <ele>749.7</ele>
   </trkpt>
   <trkpt lat="-26.2830280" lon="-51.0333290">
    <ele>749.7</ele>
   </trkpt>
   <trkpt lat="-26.2830340" lon="-51.0333240">
    <ele>749.7</ele>
   </trkpt>
   <trkpt lat="-26.2830490" lon="-51.0333110">
    <ele>749.7</ele>
   </trkpt>
   <trkpt lat="-26.2830580" lon="-51.0333050">
    <ele>749.7</ele>
   </trkpt>
   <trkpt lat="-26.2830660" lon="-51.0333000">
    <ele>749.7</ele>
   </trkpt>
   <trkpt lat="-26.2830730" lon="-51.0332950">
    <ele>749.7</ele>
   </trkpt>
   <trkpt lat="-26.2830760" lon="-51.0332900">
    <ele>749.7</ele>
   </trkpt>
   <trkpt lat="-26.2830780" lon="-51.0332860">
    <ele>749.7</ele>
   </trkpt>
   <trkpt lat="-26.2830780" lon="-51.0332840">
    <ele>749.7</ele>
   </trkpt>
   <trkpt lat="-26.2830760" lon="-51.0332810">
    <ele>749.7</ele>
   </trkpt>
   <trkpt lat="-26.2830800" lon="-51.0332810">
    <ele>749.7</ele>
   </trkpt>
   <trkpt lat="-26.2830790" lon="-51.0332820">
    <ele>749.7</ele>
   </trkpt>
   <trkpt lat="-26.2830830" lon="-51.0332770">
    <ele>749.7</ele>
   </trkpt>
   <trkpt lat="-26.2830820" lon="-51.0332760">
    <ele>749.7</ele>
   </trkpt>
   <trkpt lat="-26.2830850" lon="-51.0332740">
    <ele>749.7</ele>
   </trkpt>
   <trkpt lat="-26.2831140" lon="-51.0332550">
    <ele>749.7</ele>
   </trkpt>
   <trkpt lat="-26.2831230" lon="-51.0332470">
    <ele>749.7</ele>
   </trkpt>
   <trkpt lat="-26.2831410" lon="-51.0332320">
    <ele>749.7</ele>
   </trkpt>
   <trkpt lat="-26.2831490" lon="-51.0332210">
    <ele>749.7</ele>
   </trkpt>
   <trkpt lat="-26.2831650" lon="-51.0332060">
    <ele>749.7</ele>
   </trkpt>
   <trkpt lat="-26.2831900" lon="-51.0331760">
    <ele>749.7</ele>
   </trkpt>
   <trkpt lat="-26.2832010" lon="-51.0331690">
    <ele>749.7</ele>
   </trkpt>
   <trkpt lat="-26.2832250" lon="-51.0331400">
    <ele>749.7</ele>
   </trkpt>
   <trkpt lat="-26.2832350" lon="-51.0331300">
    <ele>749.6</ele>
   </trkpt>
   <trkpt lat="-26.2832610" lon="-51.0330980">
    <ele>749.6</ele>
   </trkpt>
   <trkpt lat="-26.2832710" lon="-51.0330890">
    <ele>749.6</ele>
   </trkpt>
   <trkpt lat="-26.2832970" lon="-51.0330630">
    <ele>749.6</ele>
   </trkpt>
   <trkpt lat="-26.2833040" lon="-51.0330530">
    <ele>749.6</ele>
   </trkpt>
   <trkpt lat="-26.2833070" lon="-51.0330400">
    <ele>749.6</ele>
   </trkpt>
   <trkpt lat="-26.2833090" lon="-51.0330300">
    <ele>749.6</ele>
   </trkpt>
   <trkpt lat="-26.2833110" lon="-51.0330210">
    <ele>749.6</ele>
   </trkpt>
   <trkpt lat="-26.2833130" lon="-51.0330110">
    <ele>749.6</ele>
   </trkpt>
   <trkpt lat="-26.2833150" lon="-51.0330020">
    <ele>749.6</ele>
   </trkpt>
   <trkpt lat="-26.2833170" lon="-51.0329920">
    <ele>749.6</ele>
   </trkpt>
   <trkpt lat="-26.2833190" lon="-51.0329820">
    <ele>749.6</ele>
   </trkpt>
   <trkpt lat="-26.2833210" lon="-51.0329730">
    <ele>749.6</ele>
   </trkpt>
   <trkpt lat="-26.2833230" lon="-51.0329630">
    <ele>749.6</ele>
   </trkpt>
   <trkpt lat="-26.2833250" lon="-51.0329540">
    <ele>749.6</ele>
   </trkpt>
   <trkpt lat="-26.2833270" lon="-51.0329440">
    <ele>749.6</ele>
   </trkpt>
   <trkpt lat="-26.2833290" lon="-51.0329350">
    <ele>749.6</ele>
   </trkpt>
   <trkpt lat="-26.2833310" lon="-51.0329250">
    <ele>749.6</ele>
   </trkpt>
   <trkpt lat="-26.2833600" lon="-51.0329040">
    <ele>749.6</ele>
   </trkpt>
   <trkpt lat="-26.2833710" lon="-51.0328960">
    <ele>749.6</ele>
   </trkpt>
   <trkpt lat="-26.2834010" lon="-51.0328670">
    <ele>749.6</ele>
   </trkpt>
   <trkpt lat="-26.2834140" lon="-51.0328570">
    <ele>749.6</ele>
   </trkpt>
   <trkpt lat="-26.2834400" lon="-51.0328240">
    <ele>749.6</ele>
   </trkpt>
   <trkpt lat="-26.2834490" lon="-51.0328120">
    <ele>749.6</ele>
   </trkpt>
   <trkpt lat="-26.2834740" lon="-51.0327920">
    <ele>749.6</ele>
   </trkpt>
   <trkpt lat="-26.2834990" lon="-51.0327700">
    <ele>749.6</ele>
   </trkpt>
   <trkpt lat="-26.2835210" lon="-51.0327510">
    <ele>749.6</ele>
   </trkpt>
   <trkpt lat="-26.2835450" lon="-51.0327310">
    <ele>749.6</ele>
   </trkpt>
   <trkpt lat="-26.2835690" lon="-51.0327080">
    <ele>749.6</ele>
   </trkpt>
   <trkpt lat="-26.2835980" lon="-51.0326860">
    <ele>749.6</ele>
   </trkpt>
   <trkpt lat="-26.2836220" lon="-51.0326680">
    <ele>749.6</ele>
   </trkpt>
   <trkpt lat="-26.2836500" lon="-51.0326440">
    <ele>749.6</ele>
   </trkpt>
   <trkpt lat="-26.2836770" lon="-51.0326250">
    <ele>749.6</ele>
   </trkpt>
   <trkpt lat="-26.2837020" lon="-51.0326060">
    <ele>749.6</ele>
   </trkpt>
   <trkpt lat="-26.2837250" lon="-51.0325850">
    <ele>749.6</ele>
   </trkpt>
   <trkpt lat="-26.2837480" lon="-51.0325610">
    <ele>749.6</ele>
   </trkpt>
   <trkpt lat="-26.2837730" lon="-51.0325490">
    <ele>749.6</ele>
   </trkpt>
   <trkpt lat="-26.2837970" lon="-51.0325300">
    <ele>749.6</ele>
   </trkpt>
   <trkpt lat="-26.2838190" lon="-51.0325100">
    <ele>749.6</ele>
   </trkpt>
   <trkpt lat="-26.2838480" lon="-51.0324790">
    <ele>749.6</ele>
   </trkpt>
   <trkpt lat="-26.2838580" lon="-51.0324670">
    <ele>749.6</ele>
   </trkpt>
   <trkpt lat="-26.2838660" lon="-51.0324600">
    <ele>749.5</ele>
   </trkpt>
   <trkpt lat="-26.2838830" lon="-51.0324450">
    <ele>749.5</ele>
   </trkpt>
   <trkpt lat="-26.2839040" lon="-51.0324180">
    <ele>749.5</ele>
   </trkpt>
   <trkpt lat="-26.2839120" lon="-51.0324110">
    <ele>749.5</ele>
   </trkpt>
   <trkpt lat="-26.2839400" lon="-51.0323900">
    <ele>749.5</ele>
   </trkpt>
   <trkpt lat="-26.2839620" lon="-51.0323700">
    <ele>749.5</ele>
   </trkpt>
   <trkpt lat="-26.2839720" lon="-51.0323610">
    <ele>749.5</ele>
   </trkpt>
   <trkpt lat="-26.2839880" lon="-51.0323300">
    <ele>749.5</ele>
   </trkpt>
   <trkpt lat="-26.2840160" lon="-51.0322990">
    <ele>749.5</ele>
   </trkpt>
   <trkpt lat="-26.2840330" lon="-51.0322840">
    <ele>749.5</ele>
   </trkpt>
   <trkpt lat="-26.2840540" lon="-51.0322690">
    <ele>749.5</ele>
   </trkpt>
   <trkpt lat="-26.2840660" lon="-51.0322590">
    <ele>749.5</ele>
   </trkpt>
   <trkpt lat="-26.2840930" lon="-51.0322400">
    <ele>749.5</ele>
   </trkpt>
   <trkpt lat="-26.2841150" lon="-51.0322140">
    <ele>749.5</ele>
   </trkpt>
   <trkpt lat="-26.2841400" lon="-51.0321930">
    <ele>749.5</ele>
   </trkpt>
   <trkpt lat="-26.2841620" lon="-51.0321730">
    <ele>749.5</ele>
   </trkpt>
   <trkpt lat="-26.2841820" lon="-51.0321490">
    <ele>749.5</ele>
   </trkpt>
   <trkpt lat="-26.2842040" lon="-51.0321250">
    <ele>749.5</ele>
   </trkpt>
   <trkpt lat="-26.2842380" lon="-51.0320960">
    <ele>749.5</ele>
   </trkpt>
   <trkpt lat="-26.2842640" lon="-51.0320720">
    <ele>749.5</ele>
   </trkpt>
   <trkpt lat="-26.2842910" lon="-51.0320490">
    <ele>749.5</ele>
   </trkpt>
   <trkpt lat="-26.2843010" lon="-51.0320420">
    <ele>749.5</ele>
   </trkpt>
   <trkpt lat="-26.2843240" lon="-51.0320210">
    <ele>749.5</ele>
   </trkpt>
   <trkpt lat="-26.2843530" lon="-51.0319890">
    <ele>749.5</ele>
   </trkpt>
   <trkpt lat="-26.2843820" lon="-51.0319630">
    <ele>749.5</ele>
   </trkpt>
   <trkpt lat="-26.2844010" lon="-51.0319400">
    <ele>749.5</ele>
   </trkpt>
   <trkpt lat="-26.2844240" lon="-51.0319240">
    <ele>749.5</ele>
   </trkpt>
   <trkpt lat="-26.2844480" lon="-51.0319040">
    <ele>749.5</ele>
   </trkpt>
   <trkpt lat="-26.2844730" lon="-51.0318790">
    <ele>749.5</ele>
   </trkpt>
   <trkpt lat="-26.2844790" lon="-51.0318720">
    <ele>749.5</ele>
   </trkpt>
   <trkpt lat="-26.2845050" lon="-51.0318520">
    <ele>749.5</ele>
   </trkpt>
   <trkpt lat="-26.2845140" lon="-51.0318460">
    <ele>749.5</ele>
   </trkpt>
   <trkpt lat="-26.2845370" lon="-51.0318200">
    <ele>749.5</ele>
   </trkpt>
   <trkpt lat="-26.2845430" lon="-51.0318120">
    <ele>749.4</ele>
   </trkpt>
   <trkpt lat="-26.2845650" lon="-51.0317880">
    <ele>749.4</ele>
   </trkpt>
   <trkpt lat="-26.2845740" lon="-51.0317830">
    <ele>749.4</ele>
   </trkpt>
   <trkpt lat="-26.2846020" lon="-51.0317560">
    <ele>749.4</ele>
   </trkpt>
   <trkpt lat="-26.2846110" lon="-51.0317470">
    <ele>749.4</ele>
   </trkpt>
   <trkpt lat="-26.2846380" lon="-51.0317240">
    <ele>749.4</ele>
   </trkpt>
   <trkpt lat="-26.2846490" lon="-51.0317150">
    <ele>749.4</ele>
   </trkpt>
   <trkpt lat="-26.2846760" lon="-51.0316900">
    <ele>749.4</ele>
   </trkpt>
   <trkpt lat="-26.2846810" lon="-51.0316810">
    <ele>749.4</ele>
   </trkpt>
   <trkpt lat="-26.2847050" lon="-51.0316550">
    <ele>749.4</ele>
   </trkpt>
   <trkpt lat="-26.2847130" lon="-51.0316490">
    <ele>749.4</ele>
   </trkpt>
   <trkpt lat="-26.2847390" lon="-51.0316260">
    <ele>749.4</ele>
   </trkpt>
   <trkpt lat="-26.2847490" lon="-51.0316200">
    <ele>749.4</ele>
   </trkpt>
   <trkpt lat="-26.2847680" lon="-51.0315980">
    <ele>749.4</ele>
   </trkpt>
   <trkpt lat="-26.2847920" lon="-51.0315810">
    <ele>749.4</ele>
   </trkpt>
   <trkpt lat="-26.2848130" lon="-51.0315580">
    <ele>749.4</ele>
   </trkpt>
   <trkpt lat="-26.2848360" lon="-51.0315370">
    <ele>749.4</ele>
   </trkpt>
   <trkpt lat="-26.2848580" lon="-51.0315130">
    <ele>749.4</ele>
   </trkpt>
   <trkpt lat="-26.2848800" lon="-51.0314910">
    <ele>749.4</ele>
   </trkpt>
   <trkpt lat="-26.2849110" lon="-51.0314630">
    <ele>749.4</ele>
   </trkpt>
   <trkpt lat="-26.2849200" lon="-51.0314530">
    <ele>749.4</ele>
   </trkpt>
   <trkpt lat="-26.2849480" lon="-51.0314260">
    <ele>749.4</ele>
   </trkpt>
   <trkpt lat="-26.2849570" lon="-51.0314190">
    <ele>749.4</ele>
   </trkpt>
   <trkpt lat="-26.2849770" lon="-51.0313970">
    <ele>749.4</ele>
   </trkpt>
   <trkpt lat="-26.2849970" lon="-51.0313760">
    <ele>749.4</ele>
   </trkpt>
   <trkpt lat="-26.2850260" lon="-51.0313480">
    <ele>749.4</ele>
   </trkpt>
   <trkpt lat="-26.2850350" lon="-51.0313390">
    <ele>749.4</ele>
   </trkpt>
   <trkpt lat="-26.2850610" lon="-51.0313120">
    <ele>749.4</ele>
   </trkpt>
   <trkpt lat="-26.2850710" lon="-51.0313050">
    <ele>749.4</ele>
   </trkpt>
   <trkpt lat="-26.2850950" lon="-51.0312810">
    <ele>749.4</ele>
   </trkpt>
   <trkpt lat="-26.2851050" lon="-51.0312720">
    <ele>749.4</ele>
   </trkpt>
   <trkpt lat="-26.2851220" lon="-51.0312690">
    <ele>749.4</ele>
   </trkpt>
   <trkpt lat="-26.2851270" lon="-51.0312720">
    <ele>749.4</ele>
   </trkpt>
   <trkpt lat="-26.2851270" lon="-51.0312720">
    <ele>749.4</ele>
   </trkpt>
   <trkpt lat="-26.2851190" lon="-51.0312760">
    <ele>749.4</ele>
   </trkpt>
   <trkpt lat="-26.2851230" lon="-51.0312730">
    <ele>749.4</ele>
   </trkpt>
   <trkpt lat="-26.2851260" lon="-51.0312710">
    <ele>749.4</ele>
   </trkpt>
   <trkpt lat="-26.2851190" lon="-51.0312730">
    <ele>749.4</ele>
   </trkpt>
   <trkpt lat="-26.2851140" lon="-51.0312760">
    <ele>749.4</ele>
   </trkpt>
   <trkpt lat="-26.2851150" lon="-51.0312740">
    <ele>749.4</ele>
   </trkpt>
   <trkpt lat="-26.2851180" lon="-51.0312700">
    <ele>749.4</ele>
   </trkpt>
   <trkpt lat="-26.2851180" lon="-51.0312680">
    <ele>749.4</ele>
   </trkpt>
   <trkpt lat="-26.2851690" lon="-51.0311940">
    <ele>749.4</ele>
   </trkpt>
   <trkpt lat="-26.2851800" lon="-51.0311830">
    <ele>749.3</ele>
   </trkpt>
   <trkpt lat="-26.2851900" lon="-51.0311640">
    <ele>749.3</ele>
   </trkpt>
   <trkpt lat="-26.2852120" lon="-51.0311430">
    <ele>749.3</ele>
   </trkpt>
   <trkpt lat="-26.2852220" lon="-51.0311350">
    <ele>749.3</ele>
   </trkpt>
   <trkpt lat="-26.2852460" lon="-51.0311100">
    <ele>749.3</ele>
   </trkpt>
   <trkpt lat="-26.2852540" lon="-51.0311000">
    <ele>749.3</ele>
   </trkpt>
   <trkpt lat="-26.2852770" lon="-51.0310800">
    <ele>749.3</ele>
   </trkpt>
   <trkpt lat="-26.2852840" lon="-51.0310730">
    <ele>749.3</ele>
   </trkpt>
   <trkpt lat="-26.2853080" lon="-51.0310520">
    <ele>749.3</ele>
   </trkpt>
   <trkpt lat="-26.2853160" lon="-51.0310430">
    <ele>749.3</ele>
   </trkpt>
   <trkpt lat="-26.2853380" lon="-51.0310170">
    <ele>749.3</ele>
   </trkpt>
   <trkpt lat="-26.2853460" lon="-51.0310080">
    <ele>749.3</ele>
   </trkpt>
   <trkpt lat="-26.2853690" lon="-51.0309860">
    <ele>749.3</ele>
   </trkpt>
   <trkpt lat="-26.2853760" lon="-51.0309810">
    <ele>749.3</ele>
   </trkpt>
   <trkpt lat="-26.2854040" lon="-51.0309620">
    <ele>749.3</ele>
   </trkpt>
   <trkpt lat="-26.2854140" lon="-51.0309570">
    <ele>749.3</ele>
   </trkpt>
   <trkpt lat="-26.2854430" lon="-51.0309350">
    <ele>749.3</ele>
   </trkpt>
   <trkpt lat="-26.2854530" lon="-51.0309270">
    <ele>749.3</ele>
   </trkpt>
   <trkpt lat="-26.2854780" lon="-51.0308930">
    <ele>749.3</ele>
   </trkpt>
   <trkpt lat="-26.2854850" lon="-51.0308820">
    <ele>749.3</ele>
   </trkpt>
   <trkpt lat="-26.2855020" lon="-51.0308560">
    <ele>749.3</ele>
   </trkpt>
   <trkpt lat="-26.2855210" lon="-51.0308300">
    <ele>749.3</ele>
   </trkpt>
   <trkpt lat="-26.2855440" lon="-51.0308080">
    <ele>749.3</ele>
   </trkpt>
   <trkpt lat="-26.2855690" lon="-51.0307920">
    <ele>749.3</ele>
   </trkpt>
   <trkpt lat="-26.2855890" lon="-51.0307720">
    <ele>749.3</ele>
   </trkpt>
   <trkpt lat="-26.2856010" lon="-51.0307610">
    <ele>749.3</ele>
   </trkpt>
   <trkpt lat="-26.2856270" lon="-51.0307320">
    <ele>749.3</ele>
   </trkpt>
   <trkpt lat="-26.2856450" lon="-51.0307150">
    <ele>749.3</ele>
   </trkpt>
   <trkpt lat="-26.2856470" lon="-51.0307130">
    <ele>749.3</ele>
   </trkpt>
   <trkpt lat="-26.2856670" lon="-51.0306950">
    <ele>749.3</ele>
   </trkpt>
   <trkpt lat="-26.2856930" lon="-51.0306720">
    <ele>749.3</ele>
   </trkpt>
   <trkpt lat="-26.2857230" lon="-51.0306460">
    <ele>749.3</ele>
   </trkpt>
   <trkpt lat="-26.2857420" lon="-51.0306280">
    <ele>749.3</ele>
   </trkpt>
   <trkpt lat="-26.2857670" lon="-51.0306030">
    <ele>749.3</ele>
   </trkpt>
   <trkpt lat="-26.2857870" lon="-51.0305830">
    <ele>749.3</ele>
   </trkpt>
   <trkpt lat="-26.2858070" lon="-51.0305610">
    <ele>749.3</ele>
   </trkpt>
   <trkpt lat="-26.2858300" lon="-51.0305370">
    <ele>749.3</ele>
   </trkpt>
   <trkpt lat="-26.2858520" lon="-51.0305150">
    <ele>749.2</ele>
   </trkpt>
   <trkpt lat="-26.2858750" lon="-51.0304940">
    <ele>749.2</ele>
   </trkpt>
   <trkpt lat="-26.2858980" lon="-51.0304780">
    <ele>749.2</ele>
   </trkpt>
   <trkpt lat="-26.2859220" lon="-51.0304580">
    <ele>749.2</ele>
   </trkpt>
   <trkpt lat="-26.2859420" lon="-51.0304380">
    <ele>749.2</ele>
   </trkpt>
   <trkpt lat="-26.2859490" lon="-51.0304320">
    <ele>749.2</ele>
   </trkpt>
   <trkpt lat="-26.2859720" lon="-51.0304080">
    <ele>749.2</ele>
   </trkpt>
   <trkpt lat="-26.2859800" lon="-51.0304010">
    <ele>749.2</ele>
   </trkpt>
   <trkpt lat="-26.2860030" lon="-51.0303790">
    <ele>749.2</ele>
   </trkpt>
   <trkpt lat="-26.2860110" lon="-51.0303710">
    <ele>749.2</ele>
   </trkpt>
   <trkpt lat="-26.2860360" lon="-51.0303470">
    <ele>749.2</ele>
   </trkpt>
   <trkpt lat="-26.2860420" lon="-51.0303410">
    <ele>749.2</ele>
   </trkpt>
   <trkpt lat="-26.2860650" lon="-51.0303160">
    <ele>749.2</ele>
   </trkpt>
   <trkpt lat="-26.2860890" lon="-51.0302950">
    <ele>749.2</ele>
   </trkpt>
   <trkpt lat="-26.2861010" lon="-51.0302830">
    <ele>749.2</ele>
   </trkpt>
   <trkpt lat="-26.2861260" lon="-51.0302600">
    <ele>749.2</ele>
   </trkpt>
   <trkpt lat="-26.2861350" lon="-51.0302540">
    <ele>749.2</ele>
   </trkpt>
   <trkpt lat="-26.2861590" lon="-51.0302280">
    <ele>749.2</ele>
   </trkpt>
   <trkpt lat="-26.2861660" lon="-51.0302180">
    <ele>749.2</ele>
   </trkpt>
   <trkpt lat="-26.2861880" lon="-51.0301950">
    <ele>749.2</ele>
   </trkpt>
   <trkpt lat="-26.2861970" lon="-51.0301850">
    <ele>749.2</ele>
   </trkpt>
   <trkpt lat="-26.2862260" lon="-51.0301610">
    <ele>749.2</ele>
   </trkpt>
   <trkpt lat="-26.2862370" lon="-51.0301520">
    <ele>749.2</ele>
   </trkpt>
   <trkpt lat="-26.2862660" lon="-51.0301240">
    <ele>749.2</ele>
   </trkpt>
   <trkpt lat="-26.2862730" lon="-51.0301140">
    <ele>749.2</ele>
   </trkpt>
   <trkpt lat="-26.2863010" lon="-51.0300830">
    <ele>749.2</ele>
   </trkpt>
   <trkpt lat="-26.2863100" lon="-51.0300730">
    <ele>749.2</ele>
   </trkpt>
   <trkpt lat="-26.2863310" lon="-51.0300530">
    <ele>749.2</ele>
   </trkpt>
   <trkpt lat="-26.2863520" lon="-51.0300320">
    <ele>749.2</ele>
   </trkpt>
   <trkpt lat="-26.2863730" lon="-51.0300120">
    <ele>749.2</ele>
   </trkpt>
   <trkpt lat="-26.2863930" lon="-51.0299900">
    <ele>749.2</ele>
   </trkpt>
   <trkpt lat="-26.2864180" lon="-51.0299590">
    <ele>749.2</ele>
   </trkpt>
   <trkpt lat="-26.2864270" lon="-51.0299500">
    <ele>749.2</ele>
   </trkpt>
   <trkpt lat="-26.2864540" lon="-51.0299310">
    <ele>749.2</ele>
   </trkpt>
   <trkpt lat="-26.2864650" lon="-51.0299240">
    <ele>749.2</ele>
   </trkpt>
   <trkpt lat="-26.2864900" lon="-51.0299030">
    <ele>749.2</ele>
   </trkpt>
   <trkpt lat="-26.2865030" lon="-51.0298880">
    <ele>749.2</ele>
   </trkpt>
   <trkpt lat="-26.2865120" lon="-51.0298730">
    <ele>749.2</ele>
   </trkpt>
   <trkpt lat="-26.2865220" lon="-51.0298580">
    <ele>749.1</ele>
   </trkpt>
   <trkpt lat="-26.2865350" lon="-51.0298440">
    <ele>749.1</ele>
   </trkpt>
   <trkpt lat="-26.2865600" lon="-51.0298320">
    <ele>749.1</ele>
   </trkpt>
   <trkpt lat="-26.2865690" lon="-51.0298270">
    <ele>749.1</ele>
   </trkpt>
   <trkpt lat="-26.2865840" lon="-51.0298170">
    <ele>749.1</ele>
   </trkpt>
   <trkpt lat="-26.2865950" lon="-51.0298030">
    <ele>749.1</ele>
   </trkpt>
   <trkpt lat="-26.2866040" lon="-51.0297880">
    <ele>749.1</ele>
   </trkpt>
   <trkpt lat="-26.2866140" lon="-51.0297750">
    <ele>749.1</ele>
   </trkpt>
   <trkpt lat="-26.2866270" lon="-51.0297700">
    <ele>749.1</ele>
   </trkpt>
   <trkpt lat="-26.2866360" lon="-51.0297660">
    <ele>749.1</ele>
   </trkpt>
   <trkpt lat="-26.2866410" lon="-51.0297620">
    <ele>749.1</ele>
   </trkpt>
   <trkpt lat="-26.2866450" lon="-51.0297590">
    <ele>749.1</ele>
   </trkpt>
   <trkpt lat="-26.2866490" lon="-51.0297550">
    <ele>749.1</ele>
   </trkpt>
   <trkpt lat="-26.2866480" lon="-51.0297560">
    <ele>749.1</ele>
   </trkpt>
   <trkpt lat="-26.2866480" lon="-51.0297560">
    <ele>749.1</ele>
   </trkpt>
   <trkpt lat="-26.2866480" lon="-51.0297560">
    <ele>749.1</ele>
   </trkpt>
   <trkpt lat="-26.2866490" lon="-51.0297550">
    <ele>749.1</ele>
   </trkpt>
   <trkpt lat="-26.2866500" lon="-51.0297530">
    <ele>749.1</ele>
   </trkpt>
   <trkpt lat="-26.2866500" lon="-51.0297530">
    <ele>749.1</ele>
   </trkpt>
   <trkpt lat="-26.2866500" lon="-51.0297530">
    <ele>749.1</ele>
   </trkpt>
   <trkpt lat="-26.2866650" lon="-51.0297370">
    <ele>749.1</ele>
   </trkpt>
   <trkpt lat="-26.2866710" lon="-51.0297260">
    <ele>749.1</ele>
   </trkpt>
   <trkpt lat="-26.2866770" lon="-51.0297160">
    <ele>749.1</ele>
   </trkpt>
   <trkpt lat="-26.2866860" lon="-51.0297090">
    <ele>749.1</ele>
   </trkpt>
   <trkpt lat="-26.2866950" lon="-51.0296990">
    <ele>749.1</ele>
   </trkpt>
   <trkpt lat="-26.2867080" lon="-51.0296870">
    <ele>749.1</ele>
   </trkpt>
   <trkpt lat="-26.2867340" lon="-51.0296660">
    <ele>749.1</ele>
   </trkpt>
   <trkpt lat="-26.2867430" lon="-51.0296570">
    <ele>749.1</ele>
   </trkpt>
   <trkpt lat="-26.2867660" lon="-51.0296310">
    <ele>749.1</ele>
   </trkpt>
   <trkpt lat="-26.2867760" lon="-51.0296210">
    <ele>749.1</ele>
   </trkpt>
   <trkpt lat="-26.2868060" lon="-51.0295920">
    <ele>749.1</ele>
   </trkpt>
   <trkpt lat="-26.2868160" lon="-51.0295830">
    <ele>749.1</ele>
   </trkpt>
   <trkpt lat="-26.2868370" lon="-51.0295620">
    <ele>749.1</ele>
   </trkpt>
   <trkpt lat="-26.2868590" lon="-51.0295410">
    <ele>749.1</ele>
   </trkpt>
   <trkpt lat="-26.2868800" lon="-51.0295210">
    <ele>749.1</ele>
   </trkpt>
   <trkpt lat="-26.2869010" lon="-51.0295000">
    <ele>749.1</ele>
   </trkpt>
   <trkpt lat="-26.2869220" lon="-51.0294800">
    <ele>749.1</ele>
   </trkpt>
   <trkpt lat="-26.2869440" lon="-51.0294590">
    <ele>749.1</ele>
   </trkpt>
   <trkpt lat="-26.2869670" lon="-51.0294360">
    <ele>749.1</ele>
   </trkpt>
   <trkpt lat="-26.2869870" lon="-51.0294130">
    <ele>749.1</ele>
   </trkpt>
   <trkpt lat="-26.2870080" lon="-51.0293900">
    <ele>749.1</ele>
   </trkpt>
   <trkpt lat="-26.2870270" lon="-51.0293680">
    <ele>749.1</ele>
   </trkpt>
   <trkpt lat="-26.2870340" lon="-51.0293640">
    <ele>749.1</ele>
   </trkpt>
   <trkpt lat="-26.2870610" lon="-51.0293380">
    <ele>749.1</ele>
   </trkpt>
   <trkpt lat="-26.2870690" lon="-51.0293300">
    <ele>749.1</ele>
   </trkpt>
   <trkpt lat="-26.2870960" lon="-51.0293030">
    <ele>749.1</ele>
   </trkpt>
   <trkpt lat="-26.2871230" lon="-51.0292750">
    <ele>749.1</ele>
   </trkpt>
   <trkpt lat="-26.2871420" lon="-51.0292570">
    <ele>749.1</ele>
   </trkpt>
   <trkpt lat="-26.2871680" lon="-51.0292310">
    <ele>749.1</ele>
   </trkpt>
   <trkpt lat="-26.2871880" lon="-51.0292110">
    <ele>749.0</ele>
   </trkpt>
   <trkpt lat="-26.2871920" lon="-51.0292070">
    <ele>749.0</ele>
   </trkpt>
   <trkpt lat="-26.2872140" lon="-51.0291850">
    <ele>749.0</ele>
   </trkpt>
   <trkpt lat="-26.2872410" lon="-51.0291570">
    <ele>749.0</ele>
   </trkpt>
   <trkpt lat="-26.2872500" lon="-51.0291470">
    <ele>749.0</ele>
   </trkpt>
   <trkpt lat="-26.2872810" lon="-51.0291200">
    <ele>749.0</ele>
   </trkpt>
   <trkpt lat="-26.2873030" lon="-51.0290990">
    <ele>749.0</ele>
   </trkpt>
   <trkpt lat="-26.2873140" lon="-51.0290880">
    <ele>749.0</ele>
   </trkpt>
   <trkpt lat="-26.2873360" lon="-51.0290650">
    <ele>749.0</ele>
   </trkpt>
   <trkpt lat="-26.2873600" lon="-51.0290410">
    <ele>749.0</ele>
   </trkpt>
   <trkpt lat="-26.2873720" lon="-51.0290290">
    <ele>749.0</ele>
   </trkpt>
   <trkpt lat="-26.2873940" lon="-51.0290080">
    <ele>749.0</ele>
   </trkpt>
   <trkpt lat="-26.2874050" lon="-51.0289950">
    <ele>749.0</ele>
   </trkpt>
   <trkpt lat="-26.2874270" lon="-51.0289720">
    <ele>749.0</ele>
   </trkpt>
   <trkpt lat="-26.2874580" lon="-51.0289460">
    <ele>749.0</ele>
   </trkpt>
   <trkpt lat="-26.2874740" lon="-51.0289320">
    <ele>749.0</ele>
   </trkpt>
   <trkpt lat="-26.2874980" lon="-51.0289110">
    <ele>749.1</ele>
   </trkpt>
   <trkpt lat="-26.2875090" lon="-51.0289000">
    <ele>749.1</ele>
   </trkpt>
   <trkpt lat="-26.2875370" lon="-51.0288710">
    <ele>749.2</ele>
   </trkpt>
   <trkpt lat="-26.2875650" lon="-51.0288420">
    <ele>749.2</ele>
   </trkpt>
   <trkpt lat="-26.2875810" lon="-51.0288260">
    <ele>749.3</ele>
   </trkpt>
   <trkpt lat="-26.2875880" lon="-51.0288210">
    <ele>749.3</ele>
   </trkpt>
   <trkpt lat="-26.2876090" lon="-51.0288030">
    <ele>749.3</ele>
   </trkpt>
   <trkpt lat="-26.2876290" lon="-51.0287780">
    <ele>749.4</ele>
   </trkpt>
   <trkpt lat="-26.2876600" lon="-51.0287480">
    <ele>749.4</ele>
   </trkpt>
   <trkpt lat="-26.2876770" lon="-51.0287320">
    <ele>749.5</ele>
   </trkpt>
   <trkpt lat="-26.2877000" lon="-51.0287080">
    <ele>749.5</ele>
   </trkpt>
   <trkpt lat="-26.2877180" lon="-51.0286920">
    <ele>749.6</ele>
   </trkpt>
   <trkpt lat="-26.2877440" lon="-51.0286660">
    <ele>749.6</ele>
   </trkpt>
   <trkpt lat="-26.2877720" lon="-51.0286410">
    <ele>749.7</ele>
   </trkpt>
   <trkpt lat="-26.2877820" lon="-51.0286320">
    <ele>749.7</ele>
   </trkpt>
   <trkpt lat="-26.2878130" lon="-51.0286060">
    <ele>749.8</ele>
   </trkpt>
   <trkpt lat="-26.2878250" lon="-51.0285990">
    <ele>749.8</ele>
   </trkpt>
   <trkpt lat="-26.2878610" lon="-51.0285780">
    <ele>749.9</ele>
   </trkpt>
   <trkpt lat="-26.2878720" lon="-51.0285680">
    <ele>749.9</ele>
   </trkpt>
   <trkpt lat="-26.2878930" lon="-51.0285470">
    <ele>749.9</ele>
   </trkpt>
   <trkpt lat="-26.2879210" lon="-51.0285180">
    <ele>750.0</ele>
   </trkpt>
   <trkpt lat="-26.2879290" lon="-51.0285080">
    <ele>750.0</ele>
   </trkpt>
   <trkpt lat="-26.2879530" lon="-51.0284850">
    <ele>750.1</ele>
   </trkpt>
   <trkpt lat="-26.2879860" lon="-51.0284570">
    <ele>750.1</ele>
   </trkpt>
   <trkpt lat="-26.2879980" lon="-51.0284470">
    <ele>750.2</ele>
   </trkpt>
   <trkpt lat="-26.2880190" lon="-51.0284230">
    <ele>750.2</ele>
   </trkpt>
   <trkpt lat="-26.2880400" lon="-51.0284010">
    <ele>750.3</ele>
   </trkpt>
   <trkpt lat="-26.2880620" lon="-51.0283790">
    <ele>750.3</ele>
   </trkpt>
   <trkpt lat="-26.2880860" lon="-51.0283560">
    <ele>750.4</ele>
   </trkpt>
   <trkpt lat="-26.2881090" lon="-51.0283330">
    <ele>750.4</ele>
   </trkpt>
   <trkpt lat="-26.2881310" lon="-51.0283140">
    <ele>750.5</ele>
   </trkpt>
   <trkpt lat="-26.2881530" lon="-51.0282940">
    <ele>750.5</ele>
   </trkpt>
   <trkpt lat="-26.2881740" lon="-51.0282670">
    <ele>750.6</ele>
   </trkpt>
   <trkpt lat="-26.2881960" lon="-51.0282450">
    <ele>750.6</ele>
   </trkpt>
   <trkpt lat="-26.2882270" lon="-51.0282180">
    <ele>750.7</ele>
   </trkpt>
   <trkpt lat="-26.2882380" lon="-51.0282110">
    <ele>750.7</ele>
   </trkpt>
   <trkpt lat="-26.2882680" lon="-51.0281820">
    <ele>750.8</ele>
   </trkpt>
   <trkpt lat="-26.2882780" lon="-51.0281710">
    <ele>750.8</ele>
   </trkpt>
   <trkpt lat="-26.2883000" lon="-51.0281510">
    <ele>750.8</ele>
   </trkpt>
   <trkpt lat="-26.2883280" lon="-51.0281210">
    <ele>750.9</ele>
   </trkpt>
   <trkpt lat="-26.2883390" lon="-51.0281120">
    <ele>750.9</ele>
   </trkpt>
   <trkpt lat="-26.2883720" lon="-51.0280870">
    <ele>751.0</ele>
   </trkpt>
   <trkpt lat="-26.2883820" lon="-51.0280780">
    <ele>751.0</ele>
   </trkpt>
   <trkpt lat="-26.2884040" lon="-51.0280620">
    <ele>751.0</ele>
   </trkpt>
   <trkpt lat="-26.2884290" lon="-51.0280460">
    <ele>751.1</ele>
   </trkpt>
   <trkpt lat="-26.2884580" lon="-51.0280210">
    <ele>751.1</ele>
   </trkpt>
   <trkpt lat="-26.2884680" lon="-51.0280140">
    <ele>751.2</ele>
   </trkpt>
   <trkpt lat="-26.2884980" lon="-51.0279980">
    <ele>751.2</ele>
   </trkpt>
   <trkpt lat="-26.2885080" lon="-51.0279940">
    <ele>751.2</ele>
   </trkpt>
   <trkpt lat="-26.2885370" lon="-51.0279760">
    <ele>751.3</ele>
   </trkpt>
   <trkpt lat="-26.2885490" lon="-51.0279700">
    <ele>751.3</ele>
   </trkpt>
   <trkpt lat="-26.2885770" lon="-51.0279610">
    <ele>751.4</ele>
   </trkpt>
   <trkpt lat="-26.2886100" lon="-51.0279590">
    <ele>751.4</ele>
   </trkpt>
   <trkpt lat="-26.2886430" lon="-51.0279680">
    <ele>751.4</ele>
   </trkpt>
   <trkpt lat="-26.2886510" lon="-51.0279720">
    <ele>751.4</ele>
   </trkpt>
   <trkpt lat="-26.2886670" lon="-51.0279760">
    <ele>751.4</ele>
   </trkpt>
   <trkpt lat="-26.2886820" lon="-51.0279780">
    <ele>751.4</ele>
   </trkpt>
   <trkpt lat="-26.2886990" lon="-51.0279780">
    <ele>751.4</ele>
   </trkpt>
   <trkpt lat="-26.2887150" lon="-51.0279780">
    <ele>751.4</ele>
   </trkpt>
   <trkpt lat="-26.2887440" lon="-51.0279860">
    <ele>751.4</ele>
   </trkpt>
   <trkpt lat="-26.2887550" lon="-51.0279890">
    <ele>751.4</ele>
   </trkpt>
   <trkpt lat="-26.2887830" lon="-51.0280020">
    <ele>751.4</ele>
   </trkpt>
   <trkpt lat="-26.2887930" lon="-51.0280080">
    <ele>751.4</ele>
   </trkpt>
   <trkpt lat="-26.2888250" lon="-51.0280270">
    <ele>751.4</ele>
   </trkpt>
   <trkpt lat="-26.2888350" lon="-51.0280340">
    <ele>751.4</ele>
   </trkpt>
   <trkpt lat="-26.2888670" lon="-51.0280530">
    <ele>751.4</ele>
   </trkpt>
   <trkpt lat="-26.2888780" lon="-51.0280590">
    <ele>751.5</ele>
   </trkpt>
   <trkpt lat="-26.2889010" lon="-51.0280910">
    <ele>751.5</ele>
   </trkpt>
   <trkpt lat="-26.2889100" lon="-51.0281010">
    <ele>751.5</ele>
   </trkpt>
   <trkpt lat="-26.2889290" lon="-51.0281240">
    <ele>751.7</ele>
   </trkpt>
   <trkpt lat="-26.2889460" lon="-51.0281470">
    <ele>751.9</ele>
   </trkpt>
   <trkpt lat="-26.2889710" lon="-51.0281800">
    <ele>752.1</ele>
   </trkpt>
   <trkpt lat="-26.2889800" lon="-51.0281900">
    <ele>752.2</ele>
   </trkpt>
   <trkpt lat="-26.2890040" lon="-51.0282200">
    <ele>752.3</ele>
   </trkpt>
   <trkpt lat="-26.2890120" lon="-51.0282300">
    <ele>752.3</ele>
   </trkpt>
   <trkpt lat="-26.2890350" lon="-51.0282620">
    <ele>752.4</ele>
   </trkpt>
   <trkpt lat="-26.2890430" lon="-51.0282740">
    <ele>752.4</ele>
   </trkpt>
   <trkpt lat="-26.2890520" lon="-51.0282820">
    <ele>752.4</ele>
   </trkpt>
   <trkpt lat="-26.2890630" lon="-51.0282980">
    <ele>752.4</ele>
   </trkpt>
   <trkpt lat="-26.2890840" lon="-51.0283260">
    <ele>752.5</ele>
   </trkpt>
   <trkpt lat="-26.2890910" lon="-51.0283360">
    <ele>752.5</ele>
   </trkpt>
   <trkpt lat="-26.2891170" lon="-51.0283700">
    <ele>752.8</ele>
   </trkpt>
   <trkpt lat="-26.2891310" lon="-51.0283960">
    <ele>752.8</ele>
   </trkpt>
   <trkpt lat="-26.2891570" lon="-51.0284200">
    <ele>753.0</ele>
   </trkpt>
   <trkpt lat="-26.2891640" lon="-51.0284280">
    <ele>753.0</ele>
   </trkpt>
   <trkpt lat="-26.2891860" lon="-51.0284540">
    <ele>753.3</ele>
   </trkpt>
   <trkpt lat="-26.2891940" lon="-51.0284630">
    <ele>753.3</ele>
   </trkpt>
   <trkpt lat="-26.2892170" lon="-51.0284880">
    <ele>753.3</ele>
   </trkpt>
   <trkpt lat="-26.2892260" lon="-51.0284980">
    <ele>753.5</ele>
   </trkpt>
   <trkpt lat="-26.2892390" lon="-51.0285260">
    <ele>753.5</ele>
   </trkpt>
   <trkpt lat="-26.2892640" lon="-51.0285580">
    <ele>753.8</ele>
   </trkpt>
   <trkpt lat="-26.2892740" lon="-51.0285690">
    <ele>753.8</ele>
   </trkpt>
   <trkpt lat="-26.2892900" lon="-51.0285960">
    <ele>754.0</ele>
   </trkpt>
   <trkpt lat="-26.2893080" lon="-51.0286210">
    <ele>754.3</ele>
   </trkpt>
   <trkpt lat="-26.2893260" lon="-51.0286450">
    <ele>754.3</ele>
   </trkpt>
   <trkpt lat="-26.2893530" lon="-51.0286770">
    <ele>754.5</ele>
   </trkpt>
   <trkpt lat="-26.2893610" lon="-51.0286870">
    <ele>754.5</ele>
   </trkpt>
   <trkpt lat="-26.2893800" lon="-51.0287110">
    <ele>754.8</ele>
   </trkpt>
   <trkpt lat="-26.2893860" lon="-51.0287170">
    <ele>754.8</ele>
   </trkpt>
   <trkpt lat="-26.2893930" lon="-51.0287260">
    <ele>754.8</ele>
   </trkpt>
   <trkpt lat="-26.2893990" lon="-51.0287370">
    <ele>754.8</ele>
   </trkpt>
   <trkpt lat="-26.2894070" lon="-51.0287490">
    <ele>755.0</ele>
   </trkpt>
   <trkpt lat="-26.2894200" lon="-51.0287700">
    <ele>755.0</ele>
   </trkpt>
   <trkpt lat="-26.2894260" lon="-51.0287790">
    <ele>755.0</ele>
   </trkpt>
   <trkpt lat="-26.2894320" lon="-51.0287880">
    <ele>755.0</ele>
   </trkpt>
   <trkpt lat="-26.2894440" lon="-51.0288030">
    <ele>755.3</ele>
   </trkpt>
   <trkpt lat="-26.2894560" lon="-51.0288150">
    <ele>755.3</ele>
   </trkpt>
   <trkpt lat="-26.2894730" lon="-51.0288390">
    <ele>755.4</ele>
   </trkpt>
   <trkpt lat="-26.2894780" lon="-51.0288460">
    <ele>755.4</ele>
   </trkpt>
   <trkpt lat="-26.2894830" lon="-51.0288530">
    <ele>755.4</ele>
   </trkpt>
   <trkpt lat="-26.2894920" lon="-51.0288670">
    <ele>755.3</ele>
   </trkpt>
   <trkpt lat="-26.2895010" lon="-51.0288790">
    <ele>755.3</ele>
   </trkpt>
   <trkpt lat="-26.2895120" lon="-51.0288970">
    <ele>755.3</ele>
   </trkpt>
   <trkpt lat="-26.2895210" lon="-51.0289060">
    <ele>755.3</ele>
   </trkpt>
   <trkpt lat="-26.2895280" lon="-51.0289190">
    <ele>755.3</ele>
   </trkpt>
   <trkpt lat="-26.2895390" lon="-51.0289330">
    <ele>755.1</ele>
   </trkpt>
   <trkpt lat="-26.2895480" lon="-51.0289470">
    <ele>755.1</ele>
   </trkpt>
   <trkpt lat="-26.2895570" lon="-51.0289610">
    <ele>755.1</ele>
   </trkpt>
   <trkpt lat="-26.2895740" lon="-51.0289800">
    <ele>754.8</ele>
   </trkpt>
   <trkpt lat="-26.2895780" lon="-51.0289880">
    <ele>754.8</ele>
   </trkpt>
   <trkpt lat="-26.2895850" lon="-51.0290020">
    <ele>754.8</ele>
   </trkpt>
   <trkpt lat="-26.2895920" lon="-51.0290090">
    <ele>754.8</ele>
   </trkpt>
   <trkpt lat="-26.2895870" lon="-51.0290000">
    <ele>754.8</ele>
   </trkpt>
   <trkpt lat="-26.2895830" lon="-51.0289990">
    <ele>754.8</ele>
   </trkpt>
   <trkpt lat="-26.2895820" lon="-51.0290000">
    <ele>754.8</ele>
   </trkpt>
   <trkpt lat="-26.2895790" lon="-51.0290010">
    <ele>754.8</ele>
   </trkpt>
   <trkpt lat="-26.2895780" lon="-51.0290030">
    <ele>754.8</ele>
   </trkpt>
   <trkpt lat="-26.2895790" lon="-51.0290040">
    <ele>754.8</ele>
   </trkpt>
   <trkpt lat="-26.2895780" lon="-51.0290040">
    <ele>754.8</ele>
   </trkpt>
   <trkpt lat="-26.2895760" lon="-51.0290040">
    <ele>754.8</ele>
   </trkpt>
   <trkpt lat="-26.2895760" lon="-51.0289960">
    <ele>754.8</ele>
   </trkpt>
   <trkpt lat="-26.2895590" lon="-51.0289590">
    <ele>755.1</ele>
   </trkpt>
   <trkpt lat="-26.2895530" lon="-51.0289470">
    <ele>755.1</ele>
   </trkpt>
   <trkpt lat="-26.2895490" lon="-51.0289380">
    <ele>755.1</ele>
   </trkpt>
   <trkpt lat="-26.2895410" lon="-51.0289290">
    <ele>755.1</ele>
   </trkpt>
   <trkpt lat="-26.2895360" lon="-51.0289210">
    <ele>755.1</ele>
   </trkpt>
   <trkpt lat="-26.2895320" lon="-51.0289100">
    <ele>755.1</ele>
   </trkpt>
   <trkpt lat="-26.2895240" lon="-51.0289000">
    <ele>755.3</ele>
   </trkpt>
   <trkpt lat="-26.2895200" lon="-51.0288910">
    <ele>755.3</ele>
   </trkpt>
   <trkpt lat="-26.2895160" lon="-51.0288790">
    <ele>755.3</ele>
   </trkpt>
   <trkpt lat="-26.2895060" lon="-51.0288670">
    <ele>755.3</ele>
   </trkpt>
   <trkpt lat="-26.2895000" lon="-51.0288580">
    <ele>755.3</ele>
   </trkpt>
   <trkpt lat="-26.2894940" lon="-51.0288500">
    <ele>755.3</ele>
   </trkpt>
   <trkpt lat="-26.2894900" lon="-51.0288360">
    <ele>755.4</ele>
   </trkpt>
   <trkpt lat="-26.2894780" lon="-51.0288160">
    <ele>755.3</ele>
   </trkpt>
   <trkpt lat="-26.2894730" lon="-51.0288090">
    <ele>755.3</ele>
   </trkpt>
   <trkpt lat="-26.2894670" lon="-51.0288030">
    <ele>755.3</ele>
   </trkpt>
   <trkpt lat="-26.2894510" lon="-51.0287850">
    <ele>755.0</ele>
   </trkpt>
   <trkpt lat="-26.2894460" lon="-51.0287800">
    <ele>755.0</ele>
   </trkpt>
   <trkpt lat="-26.2894410" lon="-51.0287740">
    <ele>755.0</ele>
   </trkpt>
   <trkpt lat="-26.2894350" lon="-51.0287660">
    <ele>755.0</ele>
   </trkpt>
   <trkpt lat="-26.2894280" lon="-51.0287570">
    <ele>755.0</ele>
   </trkpt>
   <trkpt lat="-26.2894210" lon="-51.0287490">
    <ele>755.0</ele>
   </trkpt>
   <trkpt lat="-26.2894150" lon="-51.0287420">
    <ele>754.8</ele>
   </trkpt>
   <trkpt lat="-26.2894070" lon="-51.0287350">
    <ele>754.8</ele>
   </trkpt>
   <trkpt lat="-26.2894010" lon="-51.0287290">
    <ele>754.8</ele>
   </trkpt>
   <trkpt lat="-26.2893950" lon="-51.0287220">
    <ele>754.8</ele>
   </trkpt>
   <trkpt lat="-26.2893890" lon="-51.0287160">
    <ele>754.8</ele>
   </trkpt>
   <trkpt lat="-26.2893850" lon="-51.0287100">
    <ele>754.8</ele>
   </trkpt>
   <trkpt lat="-26.2893790" lon="-51.0287040">
    <ele>754.5</ele>
   </trkpt>
   <trkpt lat="-26.2893740" lon="-51.0287030">
    <ele>754.5</ele>
   </trkpt>
   <trkpt lat="-26.2893730" lon="-51.0287060">
    <ele>754.8</ele>
   </trkpt>
   <trkpt lat="-26.2893750" lon="-51.0287080">
    <ele>754.8</ele>
   </trkpt>
   <trkpt lat="-26.2893760" lon="-51.0287120">
    <ele>754.8</ele>
   </trkpt>
   <trkpt lat="-26.2893790" lon="-51.0287200">
    <ele>754.8</ele>
   </trkpt>
   <trkpt lat="-26.2893850" lon="-51.0287280">
    <ele>754.8</ele>
   </trkpt>
   <trkpt lat="-26.2893910" lon="-51.0287360">
    <ele>754.8</ele>
   </trkpt>
   <trkpt lat="-26.2893940" lon="-51.0287430">
    <ele>754.8</ele>
   </trkpt>
   <trkpt lat="-26.2893960" lon="-51.0287510">
    <ele>755.0</ele>
   </trkpt>
   <trkpt lat="-26.2893970" lon="-51.0287680">
    <ele>755.0</ele>
   </trkpt>
   <trkpt lat="-26.2893940" lon="-51.0287660">
    <ele>755.0</ele>
   </trkpt>
   <trkpt lat="-26.2893890" lon="-51.0287650">
    <ele>755.0</ele>
   </trkpt>
   <trkpt lat="-26.2893890" lon="-51.0287670">
    <ele>755.0</ele>
   </trkpt>
   <trkpt lat="-26.2893890" lon="-51.0287670">
    <ele>755.0</ele>
   </trkpt>
   <trkpt lat="-26.2893890" lon="-51.0287670">
    <ele>755.0</ele>
   </trkpt>
   <trkpt lat="-26.2893870" lon="-51.0287710">
    <ele>755.0</ele>
   </trkpt>
   <trkpt lat="-26.2893870" lon="-51.0287710">
    <ele>755.0</ele>
   </trkpt>
   <trkpt lat="-26.2893870" lon="-51.0287710">
    <ele>755.0</ele>
   </trkpt>
   <trkpt lat="-26.2893870" lon="-51.0287710">
    <ele>755.0</ele>
   </trkpt>
   <trkpt lat="-26.2894060" lon="-51.0287500">
    <ele>755.0</ele>
   </trkpt>
   <trkpt lat="-26.2894040" lon="-51.0287410">
    <ele>754.8</ele>
   </trkpt>
   <trkpt lat="-26.2893980" lon="-51.0287300">
    <ele>754.8</ele>
   </trkpt>
   <trkpt lat="-26.2893900" lon="-51.0287260">
    <ele>754.8</ele>
   </trkpt>
   <trkpt lat="-26.2893880" lon="-51.0287280">
    <ele>754.8</ele>
   </trkpt>
   <trkpt lat="-26.2893910" lon="-51.0287340">
    <ele>754.8</ele>
   </trkpt>
   <trkpt lat="-26.2893890" lon="-51.0287340">
    <ele>754.8</ele>
   </trkpt>
   <trkpt lat="-26.2893850" lon="-51.0287240">
    <ele>754.8</ele>
   </trkpt>
   <trkpt lat="-26.2893800" lon="-51.0287110">
    <ele>754.8</ele>
   </trkpt>
   <trkpt lat="-26.2893810" lon="-51.0287090">
    <ele>754.8</ele>
   </trkpt>
   <trkpt lat="-26.2893830" lon="-51.0287170">
    <ele>754.8</ele>
   </trkpt>
   <trkpt lat="-26.2893790" lon="-51.0287200">
    <ele>754.8</ele>
   </trkpt>
   <trkpt lat="-26.2893750" lon="-51.0287100">
    <ele>754.8</ele>
   </trkpt>
   <trkpt lat="-26.2893770" lon="-51.0287040">
    <ele>754.5</ele>
   </trkpt>
   <trkpt lat="-26.2893860" lon="-51.0287160">
    <ele>754.8</ele>
   </trkpt>
   <trkpt lat="-26.2894000" lon="-51.0287330">
    <ele>754.8</ele>
   </trkpt>
   <trkpt lat="-26.2894110" lon="-51.0287460">
    <ele>754.8</ele>
   </trkpt>
   <trkpt lat="-26.2894220" lon="-51.0287590">
    <ele>755.0</ele>
   </trkpt>
   <trkpt lat="-26.2894330" lon="-51.0287680">
    <ele>755.0</ele>
   </trkpt>
   <trkpt lat="-26.2894480" lon="-51.0287810">
    <ele>755.0</ele>
   </trkpt>
   <trkpt lat="-26.2894550" lon="-51.0287880">
    <ele>755.0</ele>
   </trkpt>
   <trkpt lat="-26.2894620" lon="-51.0287950">
    <ele>755.3</ele>
   </trkpt>
   <trkpt lat="-26.2894730" lon="-51.0288070">
    <ele>755.3</ele>
   </trkpt>
   <trkpt lat="-26.2894830" lon="-51.0288220">
    <ele>755.3</ele>
   </trkpt>
   <trkpt lat="-26.2894830" lon="-51.0288240">
    <ele>755.3</ele>
   </trkpt>
   <trkpt lat="-26.2894810" lon="-51.0288190">
    <ele>755.3</ele>
   </trkpt>
   <trkpt lat="-26.2894810" lon="-51.0288190">
    <ele>755.3</ele>
   </trkpt>
   <trkpt lat="-26.2894750" lon="-51.0288160">
    <ele>755.3</ele>
   </trkpt>
   <trkpt lat="-26.2894670" lon="-51.0288030">
    <ele>755.3</ele>
   </trkpt>
   <trkpt lat="-26.2894610" lon="-51.0287930">
    <ele>755.3</ele>
   </trkpt>
   <trkpt lat="-26.2894530" lon="-51.0287860">
    <ele>755.0</ele>
   </trkpt>
   <trkpt lat="-26.2894470" lon="-51.0287770">
    <ele>755.0</ele>
   </trkpt>
   <trkpt lat="-26.2894410" lon="-51.0287700">
    <ele>755.0</ele>
   </trkpt>
   <trkpt lat="-26.2893830" lon="-51.0286930">
    <ele>754.5</ele>
   </trkpt>
   <trkpt lat="-26.2893750" lon="-51.0286830">
    <ele>754.5</ele>
   </trkpt>
   <trkpt lat="-26.2893660" lon="-51.0286730">
    <ele>754.5</ele>
   </trkpt>
   <trkpt lat="-26.2893540" lon="-51.0286600">
    <ele>754.3</ele>
   </trkpt>
   <trkpt lat="-26.2893460" lon="-51.0286450">
    <ele>754.3</ele>
   </trkpt>
   <trkpt lat="-26.2893370" lon="-51.0286330">
    <ele>754.3</ele>
   </trkpt>
   <trkpt lat="-26.2893210" lon="-51.0286210">
    <ele>754.3</ele>
   </trkpt>
   <trkpt lat="-26.2893060" lon="-51.0286070">
    <ele>754.0</ele>
   </trkpt>
   <trkpt lat="-26.2892980" lon="-51.0286020">
    <ele>754.0</ele>
   </trkpt>
   <trkpt lat="-26.2892900" lon="-51.0285970">
    <ele>754.0</ele>
   </trkpt>
   <trkpt lat="-26.2892880" lon="-51.0285910">
    <ele>754.0</ele>
   </trkpt>
   <trkpt lat="-26.2892830" lon="-51.0285850">
    <ele>754.0</ele>
   </trkpt>
   <trkpt lat="-26.2892770" lon="-51.0285780">
    <ele>754.0</ele>
   </trkpt>
   <trkpt lat="-26.2892720" lon="-51.0285710">
    <ele>753.8</ele>
   </trkpt>
   <trkpt lat="-26.2892670" lon="-51.0285640">
    <ele>753.8</ele>
   </trkpt>
   <trkpt lat="-26.2892560" lon="-51.0285410">
    <ele>753.8</ele>
   </trkpt>
   <trkpt lat="-26.2892510" lon="-51.0285320">
    <ele>753.5</ele>
   </trkpt>
   <trkpt lat="-26.2892460" lon="-51.0285230">
    <ele>753.5</ele>
   </trkpt>
   <trkpt lat="-26.2892360" lon="-51.0285120">
    <ele>753.5</ele>
   </trkpt>
   <trkpt lat="-26.2892320" lon="-51.0285080">
    <ele>753.5</ele>
   </trkpt>
   <trkpt lat="-26.2892280" lon="-51.0285030">
    <ele>753.5</ele>
   </trkpt>
   <trkpt lat="-26.2892230" lon="-51.0284990">
    <ele>753.5</ele>
   </trkpt>
   <trkpt lat="-26.2892190" lon="-51.0284940">
    <ele>753.5</ele>
   </trkpt>
   <trkpt lat="-26.2892150" lon="-51.0284900">
    <ele>753.3</ele>
   </trkpt>
   <trkpt lat="-26.2892110" lon="-51.0284850">
    <ele>753.3</ele>
   </trkpt>
   <trkpt lat="-26.2891990" lon="-51.0284710">
    <ele>753.3</ele>
   </trkpt>
   <trkpt lat="-26.2891890" lon="-51.0284580">
    <ele>753.3</ele>
   </trkpt>
   <trkpt lat="-26.2891850" lon="-51.0284520">
    <ele>753.3</ele>
   </trkpt>
   <trkpt lat="-26.2891830" lon="-51.0284490">
    <ele>753.3</ele>
   </trkpt>
   <trkpt lat="-26.2891810" lon="-51.0284460">
    <ele>753.0</ele>
   </trkpt>
   <trkpt lat="-26.2891800" lon="-51.0284430">
    <ele>753.0</ele>
   </trkpt>
   <trkpt lat="-26.2891780" lon="-51.0284400">
    <ele>753.0</ele>
   </trkpt>
   <trkpt lat="-26.2891760" lon="-51.0284370">
    <ele>753.0</ele>
   </trkpt>
   <trkpt lat="-26.2891740" lon="-51.0284340">
    <ele>753.0</ele>
   </trkpt>
   <trkpt lat="-26.2891720" lon="-51.0284310">
    <ele>753.0</ele>
   </trkpt>
   <trkpt lat="-26.2891700" lon="-51.0284280">
    <ele>753.0</ele>
   </trkpt>
   <trkpt lat="-26.2891680" lon="-51.0284250">
    <ele>753.0</ele>
   </trkpt>
   <trkpt lat="-26.2891660" lon="-51.0284230">
    <ele>753.0</ele>
   </trkpt>
   <trkpt lat="-26.2891570" lon="-51.0284070">
    <ele>753.0</ele>
   </trkpt>
   <trkpt lat="-26.2891460" lon="-51.0283960">
    <ele>752.8</ele>
   </trkpt>
   <trkpt lat="-26.2891350" lon="-51.0283850">
    <ele>752.8</ele>
   </trkpt>
   <trkpt lat="-26.2891200" lon="-51.0283820">
    <ele>752.8</ele>
   </trkpt>
   <trkpt lat="-26.2891060" lon="-51.0283800">
    <ele>752.8</ele>
   </trkpt>
   <trkpt lat="-26.2891000" lon="-51.0283780">
    <ele>752.8</ele>
   </trkpt>
   <trkpt lat="-26.2891040" lon="-51.0283800">
    <ele>752.8</ele>
   </trkpt>
   <trkpt lat="-26.2891050" lon="-51.0283810">
    <ele>752.8</ele>
   </trkpt>
   <trkpt lat="-26.2891050" lon="-51.0283810">
    <ele>752.8</ele>
   </trkpt>
   <trkpt lat="-26.2891030" lon="-51.0283820">
    <ele>752.8</ele>
   </trkpt>
   <trkpt lat="-26.2891030" lon="-51.0283830">
    <ele>752.8</ele>
   </trkpt>
   <trkpt lat="-26.2891040" lon="-51.0283820">
    <ele>752.8</ele>
   </trkpt>
   <trkpt lat="-26.2891040" lon="-51.0283800">
    <ele>752.8</ele>
   </trkpt>
   <trkpt lat="-26.2891030" lon="-51.0283790">
    <ele>752.8</ele>
   </trkpt>
   <trkpt lat="-26.2891020" lon="-51.0283770">
    <ele>752.8</ele>
   </trkpt>
   <trkpt lat="-26.2891520" lon="-51.0284040">
    <ele>752.8</ele>
   </trkpt>
   <trkpt lat="-26.2891600" lon="-51.0284210">
    <ele>753.0</ele>
   </trkpt>
   <trkpt lat="-26.2891690" lon="-51.0284330">
    <ele>753.0</ele>
   </trkpt>
   <trkpt lat="-26.2891810" lon="-51.0284440">
    <ele>753.0</ele>
   </trkpt>
   <trkpt lat="-26.2891920" lon="-51.0284550">
    <ele>753.3</ele>
   </trkpt>
   <trkpt lat="-26.2892030" lon="-51.0284680">
    <ele>753.3</ele>
   </trkpt>
   <trkpt lat="-26.2892110" lon="-51.0284820">
    <ele>753.3</ele>
   </trkpt>
   <trkpt lat="-26.2892250" lon="-51.0285060">
    <ele>753.5</ele>
   </trkpt>
   <trkpt lat="-26.2892310" lon="-51.0285160">
    <ele>753.5</ele>
   </trkpt>
   <trkpt lat="-26.2892420" lon="-51.0285280">
    <ele>753.5</ele>
   </trkpt>
   <trkpt lat="-26.2892530" lon="-51.0285390">
    <ele>753.8</ele>
   </trkpt>
   <trkpt lat="-26.2892700" lon="-51.0285580">
    <ele>753.8</ele>
   </trkpt>
   <trkpt lat="-26.2892750" lon="-51.0285660">
    <ele>753.8</ele>
   </trkpt>
   <trkpt lat="-26.2892790" lon="-51.0285730">
    <ele>753.8</ele>
   </trkpt>
   <trkpt lat="-26.2892900" lon="-51.0285870">
    <ele>754.0</ele>
   </trkpt>
   <trkpt lat="-26.2893010" lon="-51.0285980">
    <ele>754.0</ele>
   </trkpt>
   <trkpt lat="-26.2893040" lon="-51.0286130">
    <ele>754.0</ele>
   </trkpt>
   <trkpt lat="-26.2893140" lon="-51.0286270">
    <ele>754.3</ele>
   </trkpt>
   <trkpt lat="-26.2893230" lon="-51.0286410">
    <ele>754.3</ele>
   </trkpt>
   <trkpt lat="-26.2893310" lon="-51.0286520">
    <ele>754.3</ele>
   </trkpt>
   <trkpt lat="-26.2893410" lon="-51.0286650">
    <ele>754.5</ele>
   </trkpt>
   <trkpt lat="-26.2893510" lon="-51.0286780">
    <ele>754.5</ele>
   </trkpt>
   <trkpt lat="-26.2893600" lon="-51.0286880">
    <ele>754.5</ele>
   </trkpt>
   <trkpt lat="-26.2893670" lon="-51.0286990">
    <ele>754.5</ele>
   </trkpt>
   <trkpt lat="-26.2893700" lon="-51.0287010">
    <ele>754.5</ele>
   </trkpt>
   <trkpt lat="-26.2893680" lon="-51.0286960">
    <ele>754.5</ele>
   </trkpt>
   <trkpt lat="-26.2893670" lon="-51.0286930">
    <ele>754.5</ele>
   </trkpt>
   <trkpt lat="-26.2893660" lon="-51.0286930">
    <ele>754.5</ele>
   </trkpt>
   <trkpt lat="-26.2893660" lon="-51.0286930">
    <ele>754.5</ele>
   </trkpt>
   <trkpt lat="-26.2893660" lon="-51.0286930">
    <ele>754.5</ele>
   </trkpt>
   <trkpt lat="-26.2893660" lon="-51.0286930">
    <ele>754.5</ele>
   </trkpt>
   <trkpt lat="-26.2893690" lon="-51.0286930">
    <ele>754.5</ele>
   </trkpt>
   <trkpt lat="-26.2893690" lon="-51.0286930">
    <ele>754.5</ele>
   </trkpt>
   <trkpt lat="-26.2893690" lon="-51.0286940">
    <ele>754.5</ele>
   </trkpt>
   <trkpt lat="-26.2894430" lon="-51.0287390">
    <ele>754.8</ele>
   </trkpt>
   <trkpt lat="-26.2894430" lon="-51.0287690">
    <ele>755.0</ele>
   </trkpt>
   <trkpt lat="-26.2894300" lon="-51.0287830">
    <ele>755.0</ele>
   </trkpt>
   <trkpt lat="-26.2894200" lon="-51.0287830">
    <ele>755.0</ele>
   </trkpt>
   <trkpt lat="-26.2894050" lon="-51.0287920">
    <ele>755.3</ele>
   </trkpt>
   <trkpt lat="-26.2893950" lon="-51.0287910">
    <ele>755.3</ele>
   </trkpt>
   <trkpt lat="-26.2893910" lon="-51.0287910">
    <ele>755.3</ele>
   </trkpt>
   <trkpt lat="-26.2893890" lon="-51.0287970">
    <ele>755.3</ele>
   </trkpt>
   <trkpt lat="-26.2893870" lon="-51.0287970">
    <ele>755.3</ele>
   </trkpt>
   <trkpt lat="-26.2893830" lon="-51.0287990">
    <ele>755.3</ele>
   </trkpt>
   <trkpt lat="-26.2894280" lon="-51.0288110">
    <ele>755.3</ele>
   </trkpt>
   <trkpt lat="-26.2894280" lon="-51.0288110">
    <ele>755.3</ele>
   </trkpt>
   <trkpt lat="-26.2894280" lon="-51.0288110">
    <ele>755.3</ele>
   </trkpt>
   <trkpt lat="-26.2894280" lon="-51.0288110">
    <ele>755.3</ele>
   </trkpt>
   <trkpt lat="-26.2894280" lon="-51.0288110">
    <ele>755.3</ele>
   </trkpt>
   <trkpt lat="-26.2894280" lon="-51.0288110">
    <ele>755.3</ele>
   </trkpt>
   <trkpt lat="-26.2894340" lon="-51.0288200">
    <ele>755.3</ele>
   </trkpt>
   <trkpt lat="-26.2894310" lon="-51.0288250">
    <ele>755.3</ele>
   </trkpt>
   <trkpt lat="-26.2894340" lon="-51.0288320">
    <ele>755.3</ele>
   </trkpt>
   <trkpt lat="-26.2894340" lon="-51.0288320">
    <ele>755.3</ele>
   </trkpt>
   <trkpt lat="-26.2894360" lon="-51.0287960">
    <ele>755.3</ele>
   </trkpt>
   <trkpt lat="-26.2894370" lon="-51.0287970">
    <ele>755.3</ele>
   </trkpt>
   <trkpt lat="-26.2894380" lon="-51.0288010">
    <ele>755.3</ele>
   </trkpt>
   <trkpt lat="-26.2894380" lon="-51.0288010">
    <ele>755.3</ele>
   </trkpt>
   <trkpt lat="-26.2894290" lon="-51.0287870">
    <ele>755.0</ele>
   </trkpt>
   <trkpt lat="-26.2894270" lon="-51.0287890">
    <ele>755.0</ele>
   </trkpt>
   <trkpt lat="-26.2894230" lon="-51.0288010">
    <ele>755.3</ele>
   </trkpt>
   <trkpt lat="-26.2894230" lon="-51.0288020">
    <ele>755.3</ele>
   </trkpt>
   <trkpt lat="-26.2894230" lon="-51.0288020">
    <ele>755.3</ele>
   </trkpt>
   <trkpt lat="-26.2894200" lon="-51.0287980">
    <ele>755.3</ele>
   </trkpt>
   <trkpt lat="-26.2894060" lon="-51.0287630">
    <ele>755.0</ele>
   </trkpt>
   <trkpt lat="-26.2894100" lon="-51.0287570">
    <ele>755.0</ele>
   </trkpt>
   <trkpt lat="-26.2894070" lon="-51.0287630">
    <ele>755.0</ele>
   </trkpt>
   <trkpt lat="-26.2894050" lon="-51.0287650">
    <ele>755.0</ele>
   </trkpt>
   <trkpt lat="-26.2894130" lon="-51.0287640">
    <ele>755.0</ele>
   </trkpt>
   <trkpt lat="-26.2894230" lon="-51.0287650">
    <ele>755.0</ele>
   </trkpt>
   <trkpt lat="-26.2894260" lon="-51.0287670">
    <ele>755.0</ele>
   </trkpt>
   <trkpt lat="-26.2894290" lon="-51.0287680">
    <ele>755.0</ele>
   </trkpt>
   <trkpt lat="-26.2894280" lon="-51.0287700">
    <ele>755.0</ele>
   </trkpt>
   <trkpt lat="-26.2894270" lon="-51.0287700">
    <ele>755.0</ele>
   </trkpt>
   <trkpt lat="-26.2894280" lon="-51.0287710">
    <ele>755.0</ele>
   </trkpt>
   <trkpt lat="-26.2894290" lon="-51.0287720">
    <ele>755.0</ele>
   </trkpt>
   <trkpt lat="-26.2894290" lon="-51.0287720">
    <ele>755.0</ele>
   </trkpt>
   <trkpt lat="-26.2894270" lon="-51.0287700">
    <ele>755.0</ele>
   </trkpt>
   <trkpt lat="-26.2894250" lon="-51.0287640">
    <ele>755.0</ele>
   </trkpt>
   <trkpt lat="-26.2894380" lon="-51.0287600">
    <ele>755.0</ele>
   </trkpt>
   <trkpt lat="-26.2894160" lon="-51.0287480">
    <ele>755.0</ele>
   </trkpt>
   <trkpt lat="-26.2894060" lon="-51.0287460">
    <ele>754.8</ele>
   </trkpt>
   <trkpt lat="-26.2894170" lon="-51.0287620">
    <ele>755.0</ele>
   </trkpt>
   <trkpt lat="-26.2894170" lon="-51.0287610">
    <ele>755.0</ele>
   </trkpt>
   <trkpt lat="-26.2894180" lon="-51.0287600">
    <ele>755.0</ele>
   </trkpt>
   <trkpt lat="-26.2894190" lon="-51.0287570">
    <ele>755.0</ele>
   </trkpt>
   <trkpt lat="-26.2894180" lon="-51.0287590">
    <ele>755.0</ele>
   </trkpt>
   <trkpt lat="-26.2894190" lon="-51.0287580">
    <ele>755.0</ele>
   </trkpt>
   <trkpt lat="-26.2894190" lon="-51.0287570">
    <ele>755.0</ele>
   </trkpt>
   <trkpt lat="-26.2894180" lon="-51.0287580">
    <ele>755.0</ele>
   </trkpt>
   <trkpt lat="-26.2894190" lon="-51.0287600">
    <ele>755.0</ele>
   </trkpt>
   <trkpt lat="-26.2893720" lon="-51.0287110">
    <ele>754.8</ele>
   </trkpt>
   <trkpt lat="-26.2893650" lon="-51.0287010">
    <ele>754.6</ele>
   </trkpt>
   <trkpt lat="-26.2893570" lon="-51.0286930">
    <ele>754.6</ele>
   </trkpt>
   <trkpt lat="-26.2893490" lon="-51.0286850">
    <ele>754.6</ele>
   </trkpt>
   <trkpt lat="-26.2893420" lon="-51.0286790">
    <ele>754.6</ele>
   </trkpt>
   <trkpt lat="-26.2893320" lon="-51.0286720">
    <ele>754.6</ele>
   </trkpt>
   <trkpt lat="-26.2893220" lon="-51.0286620">
    <ele>754.6</ele>
   </trkpt>
   <trkpt lat="-26.2893130" lon="-51.0286490">
    <ele>754.3</ele>
   </trkpt>
   <trkpt lat="-26.2893080" lon="-51.0286350">
    <ele>754.3</ele>
   </trkpt>
   <trkpt lat="-26.2893010" lon="-51.0286160">
    <ele>754.1</ele>
   </trkpt>
   <trkpt lat="-26.2892930" lon="-51.0285990">
    <ele>754.1</ele>
   </trkpt>
   <trkpt lat="-26.2892810" lon="-51.0285820">
    <ele>754.1</ele>
   </trkpt>
   <trkpt lat="-26.2892710" lon="-51.0285680">
    <ele>753.8</ele>
   </trkpt>
   <trkpt lat="-26.2892560" lon="-51.0285520">
    <ele>753.8</ele>
   </trkpt>
   <trkpt lat="-26.2892500" lon="-51.0285460">
    <ele>753.8</ele>
   </trkpt>
   <trkpt lat="-26.2892440" lon="-51.0285400">
    <ele>753.8</ele>
   </trkpt>
   <trkpt lat="-26.2892250" lon="-51.0285160">
    <ele>753.6</ele>
   </trkpt>
   <trkpt lat="-26.2892190" lon="-51.0285080">
    <ele>753.6</ele>
   </trkpt>
   <trkpt lat="-26.2892010" lon="-51.0284860">
    <ele>753.3</ele>
   </trkpt>
   <trkpt lat="-26.2891940" lon="-51.0284770">
    <ele>753.3</ele>
   </trkpt>
   <trkpt lat="-26.2891670" lon="-51.0284480">
    <ele>753.3</ele>
   </trkpt>
   <trkpt lat="-26.2891590" lon="-51.0284390">
    <ele>753.1</ele>
   </trkpt>
   <trkpt lat="-26.2891380" lon="-51.0284140">
    <ele>753.1</ele>
   </trkpt>
   <trkpt lat="-26.2891310" lon="-51.0284060">
    <ele>753.1</ele>
   </trkpt>
   <trkpt lat="-26.2891130" lon="-51.0283840">
    <ele>752.8</ele>
   </trkpt>
   <trkpt lat="-26.2891080" lon="-51.0283790">
    <ele>752.8</ele>
   </trkpt>
   <trkpt lat="-26.2890800" lon="-51.0283510">
    <ele>752.6</ele>
   </trkpt>
   <trkpt lat="-26.2890620" lon="-51.0283280">
    <ele>752.6</ele>
   </trkpt>
   <trkpt lat="-26.2890470" lon="-51.0283100">
    <ele>752.5</ele>
   </trkpt>
   <trkpt lat="-26.2890290" lon="-51.0282850">
    <ele>752.5</ele>
   </trkpt>
   <trkpt lat="-26.2890060" lon="-51.0282540">
    <ele>752.4</ele>
   </trkpt>
   <trkpt lat="-26.2889980" lon="-51.0282450">
    <ele>752.4</ele>
   </trkpt>
   <trkpt lat="-26.2889740" lon="-51.0282160">
    <ele>752.2</ele>
   </trkpt>
   <trkpt lat="-26.2889660" lon="-51.0282050">
    <ele>752.2</ele>
   </trkpt>
   <trkpt lat="-26.2889490" lon="-51.0281800">
    <ele>751.9</ele>
   </trkpt>
   <trkpt lat="-26.2889310" lon="-51.0281570">
    <ele>751.9</ele>
   </trkpt>
   <trkpt lat="-26.2889110" lon="-51.0281340">
    <ele>751.6</ele>
   </trkpt>
   <trkpt lat="-26.2888830" lon="-51.0281030">
    <ele>751.5</ele>
   </trkpt>
   <trkpt lat="-26.2888730" lon="-51.0280930">
    <ele>751.5</ele>
   </trkpt>
   <trkpt lat="-26.2888510" lon="-51.0280740">
    <ele>751.5</ele>
   </trkpt>
   <trkpt lat="-26.2888290" lon="-51.0280490">
    <ele>751.5</ele>
   </trkpt>
   <trkpt lat="-26.2888040" lon="-51.0280140">
    <ele>751.5</ele>
   </trkpt>
   <trkpt lat="-26.2887930" lon="-51.0280000">
    <ele>751.5</ele>
   </trkpt>
   <trkpt lat="-26.2887750" lon="-51.0279760">
    <ele>751.5</ele>
   </trkpt>
   <trkpt lat="-26.2887550" lon="-51.0279530">
    <ele>751.5</ele>
   </trkpt>
   <trkpt lat="-26.2887380" lon="-51.0279290">
    <ele>751.5</ele>
   </trkpt>
   <trkpt lat="-26.2887170" lon="-51.0279040">
    <ele>751.5</ele>
   </trkpt>
   <trkpt lat="-26.2887110" lon="-51.0278980">
    <ele>751.5</ele>
   </trkpt>
   <trkpt lat="-26.2886890" lon="-51.0278920">
    <ele>751.5</ele>
   </trkpt>
   <trkpt lat="-26.2886810" lon="-51.0278910">
    <ele>751.5</ele>
   </trkpt>
   <trkpt lat="-26.2886730" lon="-51.0278890">
    <ele>751.5</ele>
   </trkpt>
   <trkpt lat="-26.2886600" lon="-51.0278850">
    <ele>751.5</ele>
   </trkpt>
   <trkpt lat="-26.2886400" lon="-51.0278820">
    <ele>751.5</ele>
   </trkpt>
   <trkpt lat="-26.2886030" lon="-51.0278910">
    <ele>751.5</ele>
   </trkpt>
   <trkpt lat="-26.2885910" lon="-51.0278950">
    <ele>751.4</ele>
   </trkpt>
   <trkpt lat="-26.2885580" lon="-51.0279110">
    <ele>751.4</ele>
   </trkpt>
   <trkpt lat="-26.2885480" lon="-51.0279170">
    <ele>751.4</ele>
   </trkpt>
   <trkpt lat="-26.2885150" lon="-51.0279300">
    <ele>751.3</ele>
   </trkpt>
   <trkpt lat="-26.2885040" lon="-51.0279330">
    <ele>751.3</ele>
   </trkpt>
   <trkpt lat="-26.2884770" lon="-51.0279590">
    <ele>751.2</ele>
   </trkpt>
   <trkpt lat="-26.2884670" lon="-51.0279690">
    <ele>751.2</ele>
   </trkpt>
   <trkpt lat="-26.2884430" lon="-51.0279850">
    <ele>751.2</ele>
   </trkpt>
   <trkpt lat="-26.2884220" lon="-51.0280060">
    <ele>751.1</ele>
   </trkpt>
   <trkpt lat="-26.2884020" lon="-51.0280290">
    <ele>751.1</ele>
   </trkpt>
   <trkpt lat="-26.2883720" lon="-51.0280610">
    <ele>751.0</ele>
   </trkpt>
   <trkpt lat="-26.2883610" lon="-51.0280710">
    <ele>751.0</ele>
   </trkpt>
   <trkpt lat="-26.2883390" lon="-51.0280930">
    <ele>750.9</ele>
   </trkpt>
   <trkpt lat="-26.2883190" lon="-51.0281180">
    <ele>750.9</ele>
   </trkpt>
   <trkpt lat="-26.2882970" lon="-51.0281380">
    <ele>750.8</ele>
   </trkpt>
   <trkpt lat="-26.2882720" lon="-51.0281620">
    <ele>750.8</ele>
   </trkpt>
   <trkpt lat="-26.2882480" lon="-51.0281830">
    <ele>750.7</ele>
   </trkpt>
   <trkpt lat="-26.2882250" lon="-51.0282060">
    <ele>750.7</ele>
   </trkpt>
   <trkpt lat="-26.2882050" lon="-51.0282280">
    <ele>750.6</ele>
   </trkpt>
   <trkpt lat="-26.2881830" lon="-51.0282460">
    <ele>750.6</ele>
   </trkpt>
   <trkpt lat="-26.2881610" lon="-51.0282680">
    <ele>750.5</ele>
   </trkpt>
   <trkpt lat="-26.2881380" lon="-51.0282870">
    <ele>750.5</ele>
   </trkpt>
   <trkpt lat="-26.2881260" lon="-51.0283010">
    <ele>750.5</ele>
   </trkpt>
   <trkpt lat="-26.2881130" lon="-51.0283160">
    <ele>750.4</ele>
   </trkpt>
   <trkpt lat="-26.2880910" lon="-51.0283370">
    <ele>750.4</ele>
   </trkpt>
   <trkpt lat="-26.2880660" lon="-51.0283600">
    <ele>750.3</ele>
   </trkpt>
   <trkpt lat="-26.2880330" lon="-51.0283940">
    <ele>750.3</ele>
   </trkpt>
   <trkpt lat="-26.2880150" lon="-51.0284110">
    <ele>750.2</ele>
   </trkpt>
   <trkpt lat="-26.2879930" lon="-51.0284330">
    <ele>750.2</ele>
   </trkpt>
   <trkpt lat="-26.2879780" lon="-51.0284460">
    <ele>750.1</ele>
   </trkpt>
   <trkpt lat="-26.2879320" lon="-51.0284860">
    <ele>750.0</ele>
   </trkpt>
   <trkpt lat="-26.2879080" lon="-51.0285080">
    <ele>750.0</ele>
   </trkpt>
   <trkpt lat="-26.2878420" lon="-51.0285670">
    <ele>749.8</ele>
   </trkpt>
   <trkpt lat="-26.2878240" lon="-51.0285930">
    <ele>749.8</ele>
   </trkpt>
   <trkpt lat="-26.2878020" lon="-51.0286120">
    <ele>749.8</ele>
   </trkpt>
   <trkpt lat="-26.2877780" lon="-51.0286320">
    <ele>749.7</ele>
   </trkpt>
   <trkpt lat="-26.2877570" lon="-51.0286520">
    <ele>749.7</ele>
   </trkpt>
   <trkpt lat="-26.2877350" lon="-51.0286760">
    <ele>749.6</ele>
   </trkpt>
   <trkpt lat="-26.2877140" lon="-51.0287020">
    <ele>749.6</ele>
   </trkpt>
   <trkpt lat="-26.2876880" lon="-51.0287230">
    <ele>749.5</ele>
   </trkpt>
   <trkpt lat="-26.2876630" lon="-51.0287480">
    <ele>749.4</ele>
   </trkpt>
   <trkpt lat="-26.2876360" lon="-51.0287710">
    <ele>749.4</ele>
   </trkpt>
   <trkpt lat="-26.2876130" lon="-51.0287990">
    <ele>749.3</ele>
   </trkpt>
   <trkpt lat="-26.2875870" lon="-51.0288220">
    <ele>749.3</ele>
   </trkpt>
   <trkpt lat="-26.2875620" lon="-51.0288460">
    <ele>749.2</ele>
   </trkpt>
   <trkpt lat="-26.2875420" lon="-51.0288690">
    <ele>749.2</ele>
   </trkpt>
   <trkpt lat="-26.2875110" lon="-51.0288980">
    <ele>749.1</ele>
   </trkpt>
   <trkpt lat="-26.2875020" lon="-51.0289070">
    <ele>749.1</ele>
   </trkpt>
   <trkpt lat="-26.2874790" lon="-51.0289260">
    <ele>749.0</ele>
   </trkpt>
   <trkpt lat="-26.2874580" lon="-51.0289470">
    <ele>749.0</ele>
   </trkpt>
   <trkpt lat="-26.2874370" lon="-51.0289690">
    <ele>749.0</ele>
   </trkpt>
   <trkpt lat="-26.2874070" lon="-51.0289980">
    <ele>749.0</ele>
   </trkpt>
   <trkpt lat="-26.2873950" lon="-51.0290090">
    <ele>749.0</ele>
   </trkpt>
   <trkpt lat="-26.2873690" lon="-51.0290280">
    <ele>749.0</ele>
   </trkpt>
   <trkpt lat="-26.2873500" lon="-51.0290520">
    <ele>749.0</ele>
   </trkpt>
   <trkpt lat="-26.2873300" lon="-51.0290730">
    <ele>749.0</ele>
   </trkpt>
   <trkpt lat="-26.2872960" lon="-51.0290970">
    <ele>749.0</ele>
   </trkpt>
   <trkpt lat="-26.2872870" lon="-51.0291050">
    <ele>749.0</ele>
   </trkpt>
   <trkpt lat="-26.2872610" lon="-51.0291290">
    <ele>749.0</ele>
   </trkpt>
   <trkpt lat="-26.2872530" lon="-51.0291350">
    <ele>749.0</ele>
   </trkpt>
   <trkpt lat="-26.2872280" lon="-51.0291620">
    <ele>749.0</ele>
   </trkpt>
   <trkpt lat="-26.2872190" lon="-51.0291740">
    <ele>749.0</ele>
   </trkpt>
   <trkpt lat="-26.2871980" lon="-51.0291960">
    <ele>749.0</ele>
   </trkpt>
   <trkpt lat="-26.2871770" lon="-51.0292190">
    <ele>749.1</ele>
   </trkpt>
   <trkpt lat="-26.2871550" lon="-51.0292430">
    <ele>749.1</ele>
   </trkpt>
   <trkpt lat="-26.2871320" lon="-51.0292660">
    <ele>749.1</ele>
   </trkpt>
   <trkpt lat="-26.2871060" lon="-51.0292900">
    <ele>749.1</ele>
   </trkpt>
   <trkpt lat="-26.2870820" lon="-51.0293130">
    <ele>749.1</ele>
   </trkpt>
   <trkpt lat="-26.2870580" lon="-51.0293400">
    <ele>749.1</ele>
   </trkpt>
   <trkpt lat="-26.2870350" lon="-51.0293630">
    <ele>749.1</ele>
   </trkpt>
   <trkpt lat="-26.2870140" lon="-51.0293860">
    <ele>749.1</ele>
   </trkpt>
   <trkpt lat="-26.2869900" lon="-51.0294100">
    <ele>749.1</ele>
   </trkpt>
   <trkpt lat="-26.2869660" lon="-51.0294310">
    <ele>749.1</ele>
   </trkpt>
   <trkpt lat="-26.2869410" lon="-51.0294540">
    <ele>749.1</ele>
   </trkpt>
   <trkpt lat="-26.2869160" lon="-51.0294750">
    <ele>749.1</ele>
   </trkpt>
   <trkpt lat="-26.2868900" lon="-51.0294980">
    <ele>749.1</ele>
   </trkpt>
   <trkpt lat="-26.2868670" lon="-51.0295220">
    <ele>749.1</ele>
   </trkpt>
   <trkpt lat="-26.2868450" lon="-51.0295440">
    <ele>749.1</ele>
   </trkpt>
   <trkpt lat="-26.2868250" lon="-51.0295680">
    <ele>749.1</ele>
   </trkpt>
   <trkpt lat="-26.2868020" lon="-51.0295880">
    <ele>749.1</ele>
   </trkpt>
   <trkpt lat="-26.2867770" lon="-51.0296090">
    <ele>749.1</ele>
   </trkpt>
   <trkpt lat="-26.2867530" lon="-51.0296300">
    <ele>749.1</ele>
   </trkpt>
   <trkpt lat="-26.2867300" lon="-51.0296530">
    <ele>749.1</ele>
   </trkpt>
   <trkpt lat="-26.2867090" lon="-51.0296710">
    <ele>749.1</ele>
   </trkpt>
   <trkpt lat="-26.2866850" lon="-51.0296930">
    <ele>749.1</ele>
   </trkpt>
   <trkpt lat="-26.2866640" lon="-51.0297180">
    <ele>749.1</ele>
   </trkpt>
   <trkpt lat="-26.2866440" lon="-51.0297420">
    <ele>749.1</ele>
   </trkpt>
   <trkpt lat="-26.2866190" lon="-51.0297630">
    <ele>749.1</ele>
   </trkpt>
   <trkpt lat="-26.2865880" lon="-51.0297910">
    <ele>749.1</ele>
   </trkpt>
   <trkpt lat="-26.2865770" lon="-51.0298010">
    <ele>749.1</ele>
   </trkpt>
   <trkpt lat="-26.2865550" lon="-51.0298230">
    <ele>749.1</ele>
   </trkpt>
   <trkpt lat="-26.2865270" lon="-51.0298550">
    <ele>749.1</ele>
   </trkpt>
   <trkpt lat="-26.2865170" lon="-51.0298650">
    <ele>749.2</ele>
   </trkpt>
   <trkpt lat="-26.2864890" lon="-51.0298930">
    <ele>749.2</ele>
   </trkpt>
   <trkpt lat="-26.2864790" lon="-51.0299030">
    <ele>749.2</ele>
   </trkpt>
   <trkpt lat="-26.2864490" lon="-51.0299350">
    <ele>749.2</ele>
   </trkpt>
   <trkpt lat="-26.2864390" lon="-51.0299470">
    <ele>749.2</ele>
   </trkpt>
   <trkpt lat="-26.2864170" lon="-51.0299680">
    <ele>749.2</ele>
   </trkpt>
   <trkpt lat="-26.2863860" lon="-51.0299930">
    <ele>749.2</ele>
   </trkpt>
   <trkpt lat="-26.2863760" lon="-51.0300030">
    <ele>749.2</ele>
   </trkpt>
   <trkpt lat="-26.2863530" lon="-51.0300270">
    <ele>749.2</ele>
   </trkpt>
   <trkpt lat="-26.2863290" lon="-51.0300460">
    <ele>749.2</ele>
   </trkpt>
   <trkpt lat="-26.2863060" lon="-51.0300700">
    <ele>749.2</ele>
   </trkpt>
   <trkpt lat="-26.2862850" lon="-51.0300930">
    <ele>749.2</ele>
   </trkpt>
   <trkpt lat="-26.2862640" lon="-51.0301150">
    <ele>749.2</ele>
   </trkpt>
   <trkpt lat="-26.2862370" lon="-51.0301450">
    <ele>749.2</ele>
   </trkpt>
   <trkpt lat="-26.2862280" lon="-51.0301540">
    <ele>749.2</ele>
   </trkpt>
   <trkpt lat="-26.2862030" lon="-51.0301770">
    <ele>749.2</ele>
   </trkpt>
   <trkpt lat="-26.2861940" lon="-51.0301850">
    <ele>749.2</ele>
   </trkpt>
   <trkpt lat="-26.2861670" lon="-51.0302110">
    <ele>749.2</ele>
   </trkpt>
   <trkpt lat="-26.2861590" lon="-51.0302210">
    <ele>749.2</ele>
   </trkpt>
   <trkpt lat="-26.2861390" lon="-51.0302410">
    <ele>749.2</ele>
   </trkpt>
   <trkpt lat="-26.2861120" lon="-51.0302730">
    <ele>749.2</ele>
   </trkpt>
   <trkpt lat="-26.2861020" lon="-51.0302830">
    <ele>749.2</ele>
   </trkpt>
   <trkpt lat="-26.2860730" lon="-51.0303140">
    <ele>749.2</ele>
   </trkpt>
   <trkpt lat="-26.2860630" lon="-51.0303240">
    <ele>749.2</ele>
   </trkpt>
   <trkpt lat="-26.2860300" lon="-51.0303490">
    <ele>749.2</ele>
   </trkpt>
   <trkpt lat="-26.2860200" lon="-51.0303580">
    <ele>749.2</ele>
   </trkpt>
   <trkpt lat="-26.2859970" lon="-51.0303830">
    <ele>749.2</ele>
   </trkpt>
   <trkpt lat="-26.2859770" lon="-51.0304060">
    <ele>749.2</ele>
   </trkpt>
   <trkpt lat="-26.2859530" lon="-51.0304280">
    <ele>749.2</ele>
   </trkpt>
   <trkpt lat="-26.2859280" lon="-51.0304510">
    <ele>749.2</ele>
   </trkpt>
   <trkpt lat="-26.2859050" lon="-51.0304720">
    <ele>749.2</ele>
   </trkpt>
   <trkpt lat="-26.2858800" lon="-51.0304940">
    <ele>749.2</ele>
   </trkpt>
   <trkpt lat="-26.2858560" lon="-51.0305150">
    <ele>749.2</ele>
   </trkpt>
   <trkpt lat="-26.2858300" lon="-51.0305410">
    <ele>749.3</ele>
   </trkpt>
   <trkpt lat="-26.2858200" lon="-51.0305500">
    <ele>749.3</ele>
   </trkpt>
   <trkpt lat="-26.2857890" lon="-51.0305810">
    <ele>749.3</ele>
   </trkpt>
   <trkpt lat="-26.2857780" lon="-51.0305920">
    <ele>749.3</ele>
   </trkpt>
   <trkpt lat="-26.2857540" lon="-51.0306160">
    <ele>749.3</ele>
   </trkpt>
   <trkpt lat="-26.2857290" lon="-51.0306400">
    <ele>749.3</ele>
   </trkpt>
   <trkpt lat="-26.2857050" lon="-51.0306630">
    <ele>749.3</ele>
   </trkpt>
   <trkpt lat="-26.2856760" lon="-51.0306910">
    <ele>749.3</ele>
   </trkpt>
   <trkpt lat="-26.2856500" lon="-51.0307150">
    <ele>749.3</ele>
   </trkpt>
   <trkpt lat="-26.2856240" lon="-51.0307370">
    <ele>749.3</ele>
   </trkpt>
   <trkpt lat="-26.2856020" lon="-51.0307620">
    <ele>749.3</ele>
   </trkpt>
   <trkpt lat="-26.2855780" lon="-51.0307840">
    <ele>749.3</ele>
   </trkpt>
   <trkpt lat="-26.2855540" lon="-51.0308050">
    <ele>749.3</ele>
   </trkpt>
   <trkpt lat="-26.2855320" lon="-51.0308270">
    <ele>749.3</ele>
   </trkpt>
   <trkpt lat="-26.2855090" lon="-51.0308500">
    <ele>749.3</ele>
   </trkpt>
   <trkpt lat="-26.2854840" lon="-51.0308700">
    <ele>749.3</ele>
   </trkpt>
   <trkpt lat="-26.2854630" lon="-51.0308920">
    <ele>749.3</ele>
   </trkpt>
   <trkpt lat="-26.2854420" lon="-51.0309170">
    <ele>749.3</ele>
   </trkpt>
   <trkpt lat="-26.2854170" lon="-51.0309370">
    <ele>749.3</ele>
   </trkpt>
   <trkpt lat="-26.2853960" lon="-51.0309590">
    <ele>749.3</ele>
   </trkpt>
   <trkpt lat="-26.2853750" lon="-51.0309850">
    <ele>749.3</ele>
   </trkpt>
   <trkpt lat="-26.2853520" lon="-51.0310070">
    <ele>749.3</ele>
   </trkpt>
   <trkpt lat="-26.2853310" lon="-51.0310300">
    <ele>749.3</ele>
   </trkpt>
   <trkpt lat="-26.2853030" lon="-51.0310580">
    <ele>749.3</ele>
   </trkpt>
   <trkpt lat="-26.2852930" lon="-51.0310670">
    <ele>749.3</ele>
   </trkpt>
   <trkpt lat="-26.2852690" lon="-51.0310910">
    <ele>749.3</ele>
   </trkpt>
   <trkpt lat="-26.2852600" lon="-51.0311000">
    <ele>749.3</ele>
   </trkpt>
   <trkpt lat="-26.2852360" lon="-51.0311300">
    <ele>749.3</ele>
   </trkpt>
   <trkpt lat="-26.2852280" lon="-51.0311410">
    <ele>749.3</ele>
   </trkpt>
   <trkpt lat="-26.2852060" lon="-51.0311680">
    <ele>749.3</ele>
   </trkpt>
   <trkpt lat="-26.2851980" lon="-51.0311770">
    <ele>749.3</ele>
   </trkpt>
   <trkpt lat="-26.2851780" lon="-51.0312000">
    <ele>749.4</ele>
   </trkpt>
   <trkpt lat="-26.2851720" lon="-51.0312080">
    <ele>749.4</ele>
   </trkpt>
   <trkpt lat="-26.2851620" lon="-51.0312170">
    <ele>749.4</ele>
   </trkpt>
   <trkpt lat="-26.2851550" lon="-51.0312250">
    <ele>749.4</ele>
   </trkpt>
   <trkpt lat="-26.2851520" lon="-51.0312330">
    <ele>749.4</ele>
   </trkpt>
   <trkpt lat="-26.2851480" lon="-51.0312400">
    <ele>749.4</ele>
   </trkpt>
   <trkpt lat="-26.2851400" lon="-51.0312570">
    <ele>749.4</ele>
   </trkpt>
   <trkpt lat="-26.2851380" lon="-51.0312590">
    <ele>749.4</ele>
   </trkpt>
   <trkpt lat="-26.2851390" lon="-51.0312560">
    <ele>749.4</ele>
   </trkpt>
   <trkpt lat="-26.2851410" lon="-51.0312550">
    <ele>749.4</ele>
   </trkpt>
   <trkpt lat="-26.2851360" lon="-51.0312590">
    <ele>749.4</ele>
   </trkpt>
   <trkpt lat="-26.2851350" lon="-51.0312580">
    <ele>749.4</ele>
   </trkpt>
   <trkpt lat="-26.2851350" lon="-51.0312580">
    <ele>749.4</ele>
   </trkpt>
   <trkpt lat="-26.2851330" lon="-51.0312600">
    <ele>749.4</ele>
   </trkpt>
   <trkpt lat="-26.2851350" lon="-51.0312590">
    <ele>749.4</ele>
   </trkpt>
   <trkpt lat="-26.2851290" lon="-51.0312640">
    <ele>749.4</ele>
   </trkpt>
   <trkpt lat="-26.2851000" lon="-51.0312820">
    <ele>749.4</ele>
   </trkpt>
   <trkpt lat="-26.2850730" lon="-51.0313040">
    <ele>749.4</ele>
   </trkpt>
   <trkpt lat="-26.2850620" lon="-51.0313110">
    <ele>749.4</ele>
   </trkpt>
   <trkpt lat="-26.2850310" lon="-51.0313330">
    <ele>749.4</ele>
   </trkpt>
   <trkpt lat="-26.2850200" lon="-51.0313390">
    <ele>749.4</ele>
   </trkpt>
   <trkpt lat="-26.2849990" lon="-51.0313590">
    <ele>749.4</ele>
   </trkpt>
   <trkpt lat="-26.2849780" lon="-51.0313800">
    <ele>749.4</ele>
   </trkpt>
   <trkpt lat="-26.2849550" lon="-51.0314060">
    <ele>749.4</ele>
   </trkpt>
   <trkpt lat="-26.2849310" lon="-51.0314270">
    <ele>749.4</ele>
   </trkpt>
   <trkpt lat="-26.2849140" lon="-51.0314480">
    <ele>749.4</ele>
   </trkpt>
   <trkpt lat="-26.2849100" lon="-51.0314570">
    <ele>749.4</ele>
   </trkpt>
   <trkpt lat="-26.2849090" lon="-51.0314600">
    <ele>749.4</ele>
   </trkpt>
   <trkpt lat="-26.2849040" lon="-51.0314650">
    <ele>749.4</ele>
   </trkpt>
   <trkpt lat="-26.2849000" lon="-51.0314690">
    <ele>749.4</ele>
   </trkpt>
   <trkpt lat="-26.2848950" lon="-51.0314730">
    <ele>749.4</ele>
   </trkpt>
   <trkpt lat="-26.2848910" lon="-51.0314770">
    <ele>749.4</ele>
   </trkpt>
   <trkpt lat="-26.2848870" lon="-51.0314810">
    <ele>749.4</ele>
   </trkpt>
   <trkpt lat="-26.2848820" lon="-51.0314860">
    <ele>749.4</ele>
   </trkpt>
   <trkpt lat="-26.2848780" lon="-51.0314900">
    <ele>749.4</ele>
   </trkpt>
   <trkpt lat="-26.2848730" lon="-51.0314940">
    <ele>749.4</ele>
   </trkpt>
   <trkpt lat="-26.2848520" lon="-51.0315140">
    <ele>749.4</ele>
   </trkpt>
   <trkpt lat="-26.2848310" lon="-51.0315370">
    <ele>749.4</ele>
   </trkpt>
   <trkpt lat="-26.2848080" lon="-51.0315580">
    <ele>749.4</ele>
   </trkpt>
   <trkpt lat="-26.2847850" lon="-51.0315790">
    <ele>749.4</ele>
   </trkpt>
   <trkpt lat="-26.2847640" lon="-51.0315990">
    <ele>749.4</ele>
   </trkpt>
   <trkpt lat="-26.2847450" lon="-51.0316210">
    <ele>749.4</ele>
   </trkpt>
   <trkpt lat="-26.2847240" lon="-51.0316410">
    <ele>749.4</ele>
   </trkpt>
   <trkpt lat="-26.2846950" lon="-51.0316660">
    <ele>749.4</ele>
   </trkpt>
   <trkpt lat="-26.2846860" lon="-51.0316750">
    <ele>749.4</ele>
   </trkpt>
   <trkpt lat="-26.2846570" lon="-51.0317030">
    <ele>749.4</ele>
   </trkpt>
   <trkpt lat="-26.2846480" lon="-51.0317150">
    <ele>749.4</ele>
   </trkpt>
   <trkpt lat="-26.2846190" lon="-51.0317440">
    <ele>749.4</ele>
   </trkpt>
   <trkpt lat="-26.2846100" lon="-51.0317550">
    <ele>749.4</ele>
   </trkpt>
   <trkpt lat="-26.2845800" lon="-51.0317870">
    <ele>749.4</ele>
   </trkpt>
   <trkpt lat="-26.2845680" lon="-51.0317970">
    <ele>749.4</ele>
   </trkpt>
   <trkpt lat="-26.2845460" lon="-51.0318160">
    <ele>749.4</ele>
   </trkpt>
   <trkpt lat="-26.2845230" lon="-51.0318370">
    <ele>749.5</ele>
   </trkpt>
   <trkpt lat="-26.2844980" lon="-51.0318610">
    <ele>749.5</ele>
   </trkpt>
   <trkpt lat="-26.2844720" lon="-51.0318850">
    <ele>749.5</ele>
   </trkpt>
   <trkpt lat="-26.2844460" lon="-51.0319100">
    <ele>749.5</ele>
   </trkpt>
   <trkpt lat="-26.2844220" lon="-51.0319320">
    <ele>749.5</ele>
   </trkpt>
   <trkpt lat="-26.2843940" lon="-51.0319570">
    <ele>749.5</ele>
   </trkpt>
   <trkpt lat="-26.2843730" lon="-51.0319800">
    <ele>749.5</ele>
   </trkpt>
   <trkpt lat="-26.2843490" lon="-51.0320020">
    <ele>749.5</ele>
   </trkpt>
   <trkpt lat="-26.2843260" lon="-51.0320230">
    <ele>749.5</ele>
   </trkpt>
   <trkpt lat="-26.2843050" lon="-51.0320460">
    <ele>749.5</ele>
   </trkpt>
   <trkpt lat="-26.2842820" lon="-51.0320700">
    <ele>749.5</ele>
   </trkpt>
   <trkpt lat="-26.2842590" lon="-51.0320900">
    <ele>749.5</ele>
   </trkpt>
   <trkpt lat="-26.2842360" lon="-51.0321130">
    <ele>749.5</ele>
   </trkpt>
   <trkpt lat="-26.2842150" lon="-51.0321380">
    <ele>749.5</ele>
   </trkpt>
   <trkpt lat="-26.2841900" lon="-51.0321650">
    <ele>749.5</ele>
   </trkpt>
   <trkpt lat="-26.2841790" lon="-51.0321720">
    <ele>749.5</ele>
   </trkpt>
   <trkpt lat="-26.2841570" lon="-51.0321920">
    <ele>749.5</ele>
   </trkpt>
   <trkpt lat="-26.2841370" lon="-51.0322130">
    <ele>749.5</ele>
   </trkpt>
   <trkpt lat="-26.2841080" lon="-51.0322440">
    <ele>749.5</ele>
   </trkpt>
   <trkpt lat="-26.2840960" lon="-51.0322540">
    <ele>749.5</ele>
   </trkpt>
   <trkpt lat="-26.2840730" lon="-51.0322740">
    <ele>749.5</ele>
   </trkpt>
   <trkpt lat="-26.2840520" lon="-51.0322950">
    <ele>749.5</ele>
   </trkpt>
   <trkpt lat="-26.2840310" lon="-51.0323160">
    <ele>749.5</ele>
   </trkpt>
   <trkpt lat="-26.2840000" lon="-51.0323430">
    <ele>749.5</ele>
   </trkpt>
   <trkpt lat="-26.2839910" lon="-51.0323520">
    <ele>749.5</ele>
   </trkpt>
   <trkpt lat="-26.2839720" lon="-51.0323810">
    <ele>749.5</ele>
   </trkpt>
   <trkpt lat="-26.2839670" lon="-51.0323890">
    <ele>749.5</ele>
   </trkpt>
   <trkpt lat="-26.2839470" lon="-51.0324110">
    <ele>749.5</ele>
   </trkpt>
   <trkpt lat="-26.2839420" lon="-51.0324210">
    <ele>749.5</ele>
   </trkpt>
   <trkpt lat="-26.2839180" lon="-51.0324470">
    <ele>749.5</ele>
   </trkpt>
   <trkpt lat="-26.2839070" lon="-51.0324570">
    <ele>749.5</ele>
   </trkpt>
   <trkpt lat="-26.2838760" lon="-51.0324860">
    <ele>749.6</ele>
   </trkpt>
   <trkpt lat="-26.2838660" lon="-51.0324950">
    <ele>749.6</ele>
   </trkpt>
   <trkpt lat="-26.2838380" lon="-51.0325230">
    <ele>749.6</ele>
   </trkpt>
   <trkpt lat="-26.2838290" lon="-51.0325320">
    <ele>749.6</ele>
   </trkpt>
   <trkpt lat="-26.2838080" lon="-51.0325570">
    <ele>749.6</ele>
   </trkpt>
   <trkpt lat="-26.2837870" lon="-51.0325810">
    <ele>749.6</ele>
   </trkpt>
   <trkpt lat="-26.2837590" lon="-51.0325980">
    <ele>749.6</ele>
   </trkpt>
   <trkpt lat="-26.2837320" lon="-51.0326240">
    <ele>749.6</ele>
   </trkpt>
   <trkpt lat="-26.2837220" lon="-51.0326330">
    <ele>749.6</ele>
   </trkpt>
   <trkpt lat="-26.2836900" lon="-51.0326580">
    <ele>749.6</ele>
   </trkpt>
   <trkpt lat="-26.2836800" lon="-51.0326680">
    <ele>749.6</ele>
   </trkpt>
   <trkpt lat="-26.2836490" lon="-51.0326930">
    <ele>749.6</ele>
   </trkpt>
   <trkpt lat="-26.2836360" lon="-51.0327030">
    <ele>749.6</ele>
   </trkpt>
   <trkpt lat="-26.2836130" lon="-51.0327290">
    <ele>749.6</ele>
   </trkpt>
   <trkpt lat="-26.2835860" lon="-51.0327510">
    <ele>749.6</ele>
   </trkpt>
   <trkpt lat="-26.2835590" lon="-51.0327690">
    <ele>749.6</ele>
   </trkpt>
   <trkpt lat="-26.2835310" lon="-51.0327950">
    <ele>749.6</ele>
   </trkpt>
   <trkpt lat="-26.2835080" lon="-51.0328220">
    <ele>749.6</ele>
   </trkpt>
   <trkpt lat="-26.2834870" lon="-51.0328460">
    <ele>749.6</ele>
   </trkpt>
   <trkpt lat="-26.2834660" lon="-51.0328740">
    <ele>749.6</ele>
   </trkpt>
   <trkpt lat="-26.2834440" lon="-51.0328960">
    <ele>749.6</ele>
   </trkpt>
   <trkpt lat="-26.2834110" lon="-51.0329260">
    <ele>749.6</ele>
   </trkpt>
   <trkpt lat="-26.2834000" lon="-51.0329380">
    <ele>749.6</ele>
   </trkpt>
   <trkpt lat="-26.2833710" lon="-51.0329640">
    <ele>749.6</ele>
   </trkpt>
   <trkpt lat="-26.2833550" lon="-51.0329930">
    <ele>749.6</ele>
   </trkpt>
   <trkpt lat="-26.2833300" lon="-51.0330160">
    <ele>749.6</ele>
   </trkpt>
   <trkpt lat="-26.2832980" lon="-51.0330410">
    <ele>749.6</ele>
   </trkpt>
   <trkpt lat="-26.2832750" lon="-51.0330640">
    <ele>749.6</ele>
   </trkpt>
   <trkpt lat="-26.2832480" lon="-51.0330860">
    <ele>749.6</ele>
   </trkpt>
   <trkpt lat="-26.2832300" lon="-51.0331130">
    <ele>749.6</ele>
   </trkpt>
   <trkpt lat="-26.2832000" lon="-51.0331340">
    <ele>749.7</ele>
   </trkpt>
   <trkpt lat="-26.2831770" lon="-51.0331560">
    <ele>749.7</ele>
   </trkpt>
   <trkpt lat="-26.2831530" lon="-51.0331800">
    <ele>749.7</ele>
   </trkpt>
   <trkpt lat="-26.2831270" lon="-51.0332070">
    <ele>749.7</ele>
   </trkpt>
   <trkpt lat="-26.2831020" lon="-51.0332290">
    <ele>749.7</ele>
   </trkpt>
   <trkpt lat="-26.2830700" lon="-51.0332610">
    <ele>749.7</ele>
   </trkpt>
   <trkpt lat="-26.2830570" lon="-51.0332740">
    <ele>749.7</ele>
   </trkpt>
   <trkpt lat="-26.2830350" lon="-51.0332970">
    <ele>749.7</ele>
   </trkpt>
   <trkpt lat="-26.2830100" lon="-51.0333250">
    <ele>749.7</ele>
   </trkpt>
   <trkpt lat="-26.2830020" lon="-51.0333350">
    <ele>749.7</ele>
   </trkpt>
   <trkpt lat="-26.2829770" lon="-51.0333720">
    <ele>749.7</ele>
   </trkpt>
   <trkpt lat="-26.2829650" lon="-51.0333850">
    <ele>749.7</ele>
   </trkpt>
   <trkpt lat="-26.2829400" lon="-51.0334080">
    <ele>749.7</ele>
   </trkpt>
   <trkpt lat="-26.2829170" lon="-51.0334320">
    <ele>749.7</ele>
   </trkpt>
   <trkpt lat="-26.2828920" lon="-51.0334530">
    <ele>749.7</ele>
   </trkpt>
   <trkpt lat="-26.2828720" lon="-51.0334790">
    <ele>749.7</ele>
   </trkpt>
   <trkpt lat="-26.2828490" lon="-51.0335050">
    <ele>749.7</ele>
   </trkpt>
   <trkpt lat="-26.2828240" lon="-51.0335250">
    <ele>749.7</ele>
   </trkpt>
   <trkpt lat="-26.2827960" lon="-51.0335570">
    <ele>749.7</ele>
   </trkpt>
   <trkpt lat="-26.2827830" lon="-51.0335710">
    <ele>749.7</ele>
   </trkpt>
   <trkpt lat="-26.2827570" lon="-51.0335980">
    <ele>749.7</ele>
   </trkpt>
   <trkpt lat="-26.2827330" lon="-51.0336220">
    <ele>749.7</ele>
   </trkpt>
   <trkpt lat="-26.2827020" lon="-51.0336490">
    <ele>749.7</ele>
   </trkpt>
   <trkpt lat="-26.2826770" lon="-51.0336740">
    <ele>749.7</ele>
   </trkpt>
   <trkpt lat="-26.2826540" lon="-51.0336980">
    <ele>749.7</ele>
   </trkpt>
   <trkpt lat="-26.2826300" lon="-51.0337140">
    <ele>749.7</ele>
   </trkpt>
   <trkpt lat="-26.2826100" lon="-51.0337390">
    <ele>749.7</ele>
   </trkpt>
   <trkpt lat="-26.2825780" lon="-51.0337680">
    <ele>749.7</ele>
   </trkpt>
   <trkpt lat="-26.2825650" lon="-51.0337790">
    <ele>749.7</ele>
   </trkpt>
   <trkpt lat="-26.2825380" lon="-51.0338060">
    <ele>749.8</ele>
   </trkpt>
   <trkpt lat="-26.2825160" lon="-51.0338280">
    <ele>749.8</ele>
   </trkpt>
   <trkpt lat="-26.2824930" lon="-51.0338490">
    <ele>749.8</ele>
   </trkpt>
   <trkpt lat="-26.2824700" lon="-51.0338730">
    <ele>749.8</ele>
   </trkpt>
   <trkpt lat="-26.2824450" lon="-51.0338970">
    <ele>749.8</ele>
   </trkpt>
   <trkpt lat="-26.2824240" lon="-51.0339190">
    <ele>749.8</ele>
   </trkpt>
   <trkpt lat="-26.2823970" lon="-51.0339420">
    <ele>749.8</ele>
   </trkpt>
   <trkpt lat="-26.2823770" lon="-51.0339640">
    <ele>749.8</ele>
   </trkpt>
   <trkpt lat="-26.2823550" lon="-51.0339870">
    <ele>749.8</ele>
   </trkpt>
   <trkpt lat="-26.2823310" lon="-51.0340120">
    <ele>749.8</ele>
   </trkpt>
   <trkpt lat="-26.2823090" lon="-51.0340360">
    <ele>749.8</ele>
   </trkpt>
   <trkpt lat="-26.2822840" lon="-51.0340580">
    <ele>749.8</ele>
   </trkpt>
   <trkpt lat="-26.2822590" lon="-51.0340790">
    <ele>749.8</ele>
   </trkpt>
   <trkpt lat="-26.2822370" lon="-51.0341010">
    <ele>749.8</ele>
   </trkpt>
   <trkpt lat="-26.2822150" lon="-51.0341270">
    <ele>749.8</ele>
   </trkpt>
   <trkpt lat="-26.2821940" lon="-51.0341500">
    <ele>749.8</ele>
   </trkpt>
   <trkpt lat="-26.2821710" lon="-51.0341680">
    <ele>749.8</ele>
   </trkpt>
   <trkpt lat="-26.2821480" lon="-51.0341920">
    <ele>749.8</ele>
   </trkpt>
   <trkpt lat="-26.2821230" lon="-51.0342170">
    <ele>749.8</ele>
   </trkpt>
   <trkpt lat="-26.2821000" lon="-51.0342380">
    <ele>749.8</ele>
   </trkpt>
   <trkpt lat="-26.2820750" lon="-51.0342570">
    <ele>749.8</ele>
   </trkpt>
   <trkpt lat="-26.2820530" lon="-51.0342800">
    <ele>749.8</ele>
   </trkpt>
   <trkpt lat="-26.2820320" lon="-51.0343060">
    <ele>749.8</ele>
   </trkpt>
   <trkpt lat="-26.2820070" lon="-51.0343300">
    <ele>749.8</ele>
   </trkpt>
   <trkpt lat="-26.2819830" lon="-51.0343510">
    <ele>749.8</ele>
   </trkpt>
   <trkpt lat="-26.2819570" lon="-51.0343750">
    <ele>749.8</ele>
   </trkpt>
   <trkpt lat="-26.2819340" lon="-51.0343950">
    <ele>749.8</ele>
   </trkpt>
   <trkpt lat="-26.2819110" lon="-51.0344150">
    <ele>749.8</ele>
   </trkpt>
   <trkpt lat="-26.2818890" lon="-51.0344360">
    <ele>749.8</ele>
   </trkpt>
   <trkpt lat="-26.2818660" lon="-51.0344550">
    <ele>749.9</ele>
   </trkpt>
   <trkpt lat="-26.2818430" lon="-51.0344750">
    <ele>749.9</ele>
   </trkpt>
   <trkpt lat="-26.2818220" lon="-51.0344980">
    <ele>749.9</ele>
   </trkpt>
   <trkpt lat="-26.2818000" lon="-51.0345180">
    <ele>749.9</ele>
   </trkpt>
   <trkpt lat="-26.2817750" lon="-51.0345390">
    <ele>749.9</ele>
   </trkpt>
   <trkpt lat="-26.2817500" lon="-51.0345620">
    <ele>749.9</ele>
   </trkpt>
   <trkpt lat="-26.2817230" lon="-51.0345870">
    <ele>749.9</ele>
   </trkpt>
   <trkpt lat="-26.2816970" lon="-51.0346130">
    <ele>749.9</ele>
   </trkpt>
   <trkpt lat="-26.2816730" lon="-51.0346360">
    <ele>749.9</ele>
   </trkpt>
   <trkpt lat="-26.2816480" lon="-51.0346610">
    <ele>749.9</ele>
   </trkpt>
   <trkpt lat="-26.2816240" lon="-51.0346800">
    <ele>749.9</ele>
   </trkpt>
   <trkpt lat="-26.2816000" lon="-51.0347010">
    <ele>749.9</ele>
   </trkpt>
   <trkpt lat="-26.2815750" lon="-51.0347240">
    <ele>749.9</ele>
   </trkpt>
   <trkpt lat="-26.2815440" lon="-51.0347530">
    <ele>749.9</ele>
   </trkpt>
   <trkpt lat="-26.2815320" lon="-51.0347650">
    <ele>749.9</ele>
   </trkpt>
   <trkpt lat="-26.2815110" lon="-51.0347870">
    <ele>749.9</ele>
   </trkpt>
   <trkpt lat="-26.2814890" lon="-51.0348130">
    <ele>749.9</ele>
   </trkpt>
   <trkpt lat="-26.2814650" lon="-51.0348380">
    <ele>749.9</ele>
   </trkpt>
   <trkpt lat="-26.2814450" lon="-51.0348640">
    <ele>749.9</ele>
   </trkpt>
   <trkpt lat="-26.2814230" lon="-51.0348850">
    <ele>749.9</ele>
   </trkpt>
   <trkpt lat="-26.2813910" lon="-51.0349180">
    <ele>749.9</ele>
   </trkpt>
   <trkpt lat="-26.2813790" lon="-51.0349310">
    <ele>749.9</ele>
   </trkpt>
   <trkpt lat="-26.2813600" lon="-51.0349600">
    <ele>749.9</ele>
   </trkpt>
   <trkpt lat="-26.2813350" lon="-51.0349840">
    <ele>749.9</ele>
   </trkpt>
   <trkpt lat="-26.2813150" lon="-51.0350050">
    <ele>749.9</ele>
   </trkpt>
   <trkpt lat="-26.2812890" lon="-51.0350370">
    <ele>749.9</ele>
   </trkpt>
   <trkpt lat="-26.2812800" lon="-51.0350490">
    <ele>749.9</ele>
   </trkpt>
   <trkpt lat="-26.2812500" lon="-51.0350730">
    <ele>749.9</ele>
   </trkpt>
   <trkpt lat="-26.2812270" lon="-51.0350960">
    <ele>749.9</ele>
   </trkpt>
   <trkpt lat="-26.2812050" lon="-51.0351170">
    <ele>750.0</ele>
   </trkpt>
   <trkpt lat="-26.2811760" lon="-51.0351490">
    <ele>750.0</ele>
   </trkpt>
   <trkpt lat="-26.2811660" lon="-51.0351590">
    <ele>750.0</ele>
   </trkpt>
   <trkpt lat="-26.2811370" lon="-51.0351960">
    <ele>750.0</ele>
   </trkpt>
   <trkpt lat="-26.2811240" lon="-51.0352080">
    <ele>750.0</ele>
   </trkpt>
   <trkpt lat="-26.2810970" lon="-51.0352300">
    <ele>750.0</ele>
   </trkpt>
   <trkpt lat="-26.2810750" lon="-51.0352510">
    <ele>750.0</ele>
   </trkpt>
   <trkpt lat="-26.2810450" lon="-51.0352790">
    <ele>750.0</ele>
   </trkpt>
   <trkpt lat="-26.2810340" lon="-51.0352880">
    <ele>750.0</ele>
   </trkpt>
   <trkpt lat="-26.2810120" lon="-51.0353060">
    <ele>750.0</ele>
   </trkpt>
   <trkpt lat="-26.2809860" lon="-51.0353280">
    <ele>750.0</ele>
   </trkpt>
   <trkpt lat="-26.2809640" lon="-51.0353470">
    <ele>750.0</ele>
   </trkpt>
   <trkpt lat="-26.2809460" lon="-51.0353700">
    <ele>750.0</ele>
   </trkpt>
   <trkpt lat="-26.2809190" lon="-51.0354020">
    <ele>750.0</ele>
   </trkpt>
   <trkpt lat="-26.2809090" lon="-51.0354140">
    <ele>750.0</ele>
   </trkpt>
   <trkpt lat="-26.2808900" lon="-51.0354370">
    <ele>750.0</ele>
   </trkpt>
   <trkpt lat="-26.2808630" lon="-51.0354690">
    <ele>750.0</ele>
   </trkpt>
   <trkpt lat="-26.2808540" lon="-51.0354800">
    <ele>750.0</ele>
   </trkpt>
   <trkpt lat="-26.2808330" lon="-51.0355180">
    <ele>750.0</ele>
   </trkpt>
   <trkpt lat="-26.2808260" lon="-51.0355320">
    <ele>750.0</ele>
   </trkpt>
   <trkpt lat="-26.2808090" lon="-51.0355590">
    <ele>750.0</ele>
   </trkpt>
   <trkpt lat="-26.2807920" lon="-51.0355910">
    <ele>750.0</ele>
   </trkpt>
   <trkpt lat="-26.2807870" lon="-51.0356040">
    <ele>750.0</ele>
   </trkpt>
   <trkpt lat="-26.2807690" lon="-51.0356420">
    <ele>750.0</ele>
   </trkpt>
   <trkpt lat="-26.2807620" lon="-51.0356560">
    <ele>750.0</ele>
   </trkpt>
   <trkpt lat="-26.2807530" lon="-51.0356860">
    <ele>750.0</ele>
   </trkpt>
   <trkpt lat="-26.2807460" lon="-51.0357290">
    <ele>750.0</ele>
   </trkpt>
   <trkpt lat="-26.2807430" lon="-51.0357450">
    <ele>750.0</ele>
   </trkpt>
   <trkpt lat="-26.2807410" lon="-51.0357780">
    <ele>750.0</ele>
   </trkpt>
   <trkpt lat="-26.2807360" lon="-51.0358220">
    <ele>750.0</ele>
   </trkpt>
   <trkpt lat="-26.2807350" lon="-51.0358360">
    <ele>750.0</ele>
   </trkpt>
   <trkpt lat="-26.2807300" lon="-51.0358760">
    <ele>750.0</ele>
   </trkpt>
   <trkpt lat="-26.2807280" lon="-51.0358890">
    <ele>750.0</ele>
   </trkpt>
   <trkpt lat="-26.2807210" lon="-51.0359220">
    <ele>749.9</ele>
   </trkpt>
   <trkpt lat="-26.2807160" lon="-51.0359520">
    <ele>749.9</ele>
   </trkpt>
   <trkpt lat="-26.2807170" lon="-51.0359820">
    <ele>749.9</ele>
   </trkpt>
   <trkpt lat="-26.2807150" lon="-51.0360080">
    <ele>749.9</ele>
   </trkpt>
   <trkpt lat="-26.2807150" lon="-51.0360210">
    <ele>749.9</ele>
   </trkpt>
   <trkpt lat="-26.2807120" lon="-51.0360430">
    <ele>749.9</ele>
   </trkpt>
   <trkpt lat="-26.2807100" lon="-51.0360610">
    <ele>749.9</ele>
   </trkpt>
   <trkpt lat="-26.2807110" lon="-51.0360970">
    <ele>749.9</ele>
   </trkpt>
   <trkpt lat="-26.2807090" lon="-51.0361120">
    <ele>749.9</ele>
   </trkpt>
   <trkpt lat="-26.2807050" lon="-51.0361560">
    <ele>749.9</ele>
   </trkpt>
   <trkpt lat="-26.2807030" lon="-51.0361720">
    <ele>749.9</ele>
   </trkpt>
   <trkpt lat="-26.2807000" lon="-51.0362020">
    <ele>749.9</ele>
   </trkpt>
   <trkpt lat="-26.2806990" lon="-51.0362420">
    <ele>749.8</ele>
   </trkpt>
   <trkpt lat="-26.2807000" lon="-51.0362560">
    <ele>749.8</ele>
   </trkpt>
   <trkpt lat="-26.2806960" lon="-51.0362870">
    <ele>749.8</ele>
   </trkpt>
   <trkpt lat="-26.2806940" lon="-51.0363270">
    <ele>749.8</ele>
   </trkpt>
   <trkpt lat="-26.2806920" lon="-51.0363420">
    <ele>749.8</ele>
   </trkpt>
   <trkpt lat="-26.2806920" lon="-51.0363720">
    <ele>749.8</ele>
   </trkpt>
   <trkpt lat="-26.2806870" lon="-51.0364030">
    <ele>749.8</ele>
   </trkpt>
   <trkpt lat="-26.2806870" lon="-51.0364380">
    <ele>749.7</ele>
   </trkpt>
   <trkpt lat="-26.2806830" lon="-51.0364680">
    <ele>749.7</ele>
   </trkpt>
   <trkpt lat="-26.2806840" lon="-51.0365020">
    <ele>749.7</ele>
   </trkpt>
   <trkpt lat="-26.2806830" lon="-51.0365380">
    <ele>749.7</ele>
   </trkpt>
   <trkpt lat="-26.2806820" lon="-51.0365740">
    <ele>749.7</ele>
   </trkpt>
   <trkpt lat="-26.2806790" lon="-51.0366100">
    <ele>749.7</ele>
   </trkpt>
   <trkpt lat="-26.2806800" lon="-51.0366410">
    <ele>749.7</ele>
   </trkpt>
   <trkpt lat="-26.2806790" lon="-51.0366750">
    <ele>749.6</ele>
   </trkpt>
   <trkpt lat="-26.2806790" lon="-51.0367100">
    <ele>749.6</ele>
   </trkpt>
   <trkpt lat="-26.2806790" lon="-51.0367460">
    <ele>749.6</ele>
   </trkpt>
   <trkpt lat="-26.2806780" lon="-51.0367830">
    <ele>749.6</ele>
   </trkpt>
   <trkpt lat="-26.2806800" lon="-51.0368160">
    <ele>749.6</ele>
   </trkpt>
   <trkpt lat="-26.2806780" lon="-51.0368520">
    <ele>749.6</ele>
   </trkpt>
   <trkpt lat="-26.2806770" lon="-51.0368870">
    <ele>749.6</ele>
   </trkpt>
   <trkpt lat="-26.2806800" lon="-51.0369210">
    <ele>749.6</ele>
   </trkpt>
   <trkpt lat="-26.2806810" lon="-51.0369540">
    <ele>749.6</ele>
   </trkpt>
   <trkpt lat="-26.2806770" lon="-51.0369880">
    <ele>749.6</ele>
   </trkpt>
   <trkpt lat="-26.2806790" lon="-51.0370260">
    <ele>749.6</ele>
   </trkpt>
   <trkpt lat="-26.2806810" lon="-51.0370650">
    <ele>749.6</ele>
   </trkpt>
   <trkpt lat="-26.2806820" lon="-51.0370980">
    <ele>749.6</ele>
   </trkpt>
   <trkpt lat="-26.2806860" lon="-51.0371340">
    <ele>749.6</ele>
   </trkpt>
   <trkpt lat="-26.2806870" lon="-51.0371710">
    <ele>749.6</ele>
   </trkpt>
   <trkpt lat="-26.2806890" lon="-51.0372090">
    <ele>749.6</ele>
   </trkpt>
   <trkpt lat="-26.2806910" lon="-51.0372420">
    <ele>749.6</ele>
   </trkpt>
   <trkpt lat="-26.2806950" lon="-51.0372750">
    <ele>749.6</ele>
   </trkpt>
   <trkpt lat="-26.2806970" lon="-51.0373100">
    <ele>749.6</ele>
   </trkpt>
   <trkpt lat="-26.2806970" lon="-51.0373440">
    <ele>749.6</ele>
   </trkpt>
   <trkpt lat="-26.2807020" lon="-51.0373800">
    <ele>749.6</ele>
   </trkpt>
   <trkpt lat="-26.2807010" lon="-51.0374160">
    <ele>749.6</ele>
   </trkpt>
   <trkpt lat="-26.2807050" lon="-51.0374510">
    <ele>749.6</ele>
   </trkpt>
   <trkpt lat="-26.2807060" lon="-51.0374840">
    <ele>749.6</ele>
   </trkpt>
   <trkpt lat="-26.2807060" lon="-51.0375170">
    <ele>749.6</ele>
   </trkpt>
   <trkpt lat="-26.2807050" lon="-51.0375500">
    <ele>749.6</ele>
   </trkpt>
   <trkpt lat="-26.2807050" lon="-51.0375800">
    <ele>749.7</ele>
   </trkpt>
   <trkpt lat="-26.2807120" lon="-51.0376130">
    <ele>749.7</ele>
   </trkpt>
   <trkpt lat="-26.2807120" lon="-51.0376460">
    <ele>749.7</ele>
   </trkpt>
   <trkpt lat="-26.2807140" lon="-51.0376790">
    <ele>749.7</ele>
   </trkpt>
   <trkpt lat="-26.2807140" lon="-51.0377120">
    <ele>749.7</ele>
   </trkpt>
   <trkpt lat="-26.2807200" lon="-51.0377580">
    <ele>749.7</ele>
   </trkpt>
   <trkpt lat="-26.2807220" lon="-51.0377750">
    <ele>749.7</ele>
   </trkpt>
   <trkpt lat="-26.2807240" lon="-51.0378090">
    <ele>749.7</ele>
   </trkpt>
   <trkpt lat="-26.2807290" lon="-51.0378540">
    <ele>749.7</ele>
   </trkpt>
   <trkpt lat="-26.2807300" lon="-51.0378710">
    <ele>749.7</ele>
   </trkpt>
   <trkpt lat="-26.2807340" lon="-51.0379040">
    <ele>749.7</ele>
   </trkpt>
   <trkpt lat="-26.2807360" lon="-51.0379390">
    <ele>749.7</ele>
   </trkpt>
   <trkpt lat="-26.2807420" lon="-51.0379730">
    <ele>749.7</ele>
   </trkpt>
   <trkpt lat="-26.2807480" lon="-51.0380200">
    <ele>749.7</ele>
   </trkpt>
   <trkpt lat="-26.2807490" lon="-51.0380370">
    <ele>749.7</ele>
   </trkpt>
   <trkpt lat="-26.2807530" lon="-51.0380710">
    <ele>749.7</ele>
   </trkpt>
   <trkpt lat="-26.2807580" lon="-51.0381150">
    <ele>749.7</ele>
   </trkpt>
   <trkpt lat="-26.2807590" lon="-51.0381310">
    <ele>749.7</ele>
   </trkpt>
   <trkpt lat="-26.2807640" lon="-51.0381770">
    <ele>749.7</ele>
   </trkpt>
   <trkpt lat="-26.2807650" lon="-51.0381940">
    <ele>749.7</ele>
   </trkpt>
   <trkpt lat="-26.2807700" lon="-51.0382240">
    <ele>749.7</ele>
   </trkpt>
   <trkpt lat="-26.2807730" lon="-51.0382690">
    <ele>749.7</ele>
   </trkpt>
   <trkpt lat="-26.2807750" lon="-51.0382840">
    <ele>749.7</ele>
   </trkpt>
   <trkpt lat="-26.2807800" lon="-51.0383180">
    <ele>749.7</ele>
   </trkpt>
   <trkpt lat="-26.2807840" lon="-51.0383500">
    <ele>749.7</ele>
   </trkpt>
   <trkpt lat="-26.2807880" lon="-51.0383840">
    <ele>749.7</ele>
   </trkpt>
   <trkpt lat="-26.2807930" lon="-51.0384200">
    <ele>749.7</ele>
   </trkpt>
   <trkpt lat="-26.2808000" lon="-51.0384570">
    <ele>749.7</ele>
   </trkpt>
   <trkpt lat="-26.2808040" lon="-51.0384920">
    <ele>749.7</ele>
   </trkpt>
   <trkpt lat="-26.2808070" lon="-51.0385280">
    <ele>749.7</ele>
   </trkpt>
   <trkpt lat="-26.2808130" lon="-51.0385650">
    <ele>749.7</ele>
   </trkpt>
   <trkpt lat="-26.2808190" lon="-51.0386020">
    <ele>749.7</ele>
   </trkpt>
   <trkpt lat="-26.2808240" lon="-51.0386360">
    <ele>749.7</ele>
   </trkpt>
   <trkpt lat="-26.2808300" lon="-51.0386740">
    <ele>749.7</ele>
   </trkpt>
   <trkpt lat="-26.2808350" lon="-51.0387140">
    <ele>749.7</ele>
   </trkpt>
   <trkpt lat="-26.2808380" lon="-51.0387540">
    <ele>749.6</ele>
   </trkpt>
   <trkpt lat="-26.2808450" lon="-51.0387920">
    <ele>749.6</ele>
   </trkpt>
   <trkpt lat="-26.2808500" lon="-51.0388320">
    <ele>749.6</ele>
   </trkpt>
   <trkpt lat="-26.2808560" lon="-51.0388690">
    <ele>749.6</ele>
   </trkpt>
   <trkpt lat="-26.2808640" lon="-51.0389080">
    <ele>749.6</ele>
   </trkpt>
   <trkpt lat="-26.2808690" lon="-51.0389420">
    <ele>749.6</ele>
   </trkpt>
   <trkpt lat="-26.2808740" lon="-51.0389830">
    <ele>749.6</ele>
   </trkpt>
   <trkpt lat="-26.2808790" lon="-51.0390200">
    <ele>749.6</ele>
   </trkpt>
   <trkpt lat="-26.2808830" lon="-51.0390570">
    <ele>749.6</ele>
   </trkpt>
   <trkpt lat="-26.2808890" lon="-51.0390920">
    <ele>749.6</ele>
   </trkpt>
   <trkpt lat="-26.2808950" lon="-51.0391260">
    <ele>749.6</ele>
   </trkpt>
   <trkpt lat="-26.2809000" lon="-51.0391610">
    <ele>749.5</ele>
   </trkpt>
   <trkpt lat="-26.2809070" lon="-51.0391960">
    <ele>749.5</ele>
   </trkpt>
   <trkpt lat="-26.2809110" lon="-51.0392280">
    <ele>749.5</ele>
   </trkpt>
   <trkpt lat="-26.2809150" lon="-51.0392620">
    <ele>749.5</ele>
   </trkpt>
   <trkpt lat="-26.2809220" lon="-51.0392970">
    <ele>749.5</ele>
   </trkpt>
   <trkpt lat="-26.2809270" lon="-51.0393330">
    <ele>749.5</ele>
   </trkpt>
   <trkpt lat="-26.2809330" lon="-51.0393660">
    <ele>749.4</ele>
   </trkpt>
   <trkpt lat="-26.2809390" lon="-51.0394010">
    <ele>749.4</ele>
   </trkpt>
   <trkpt lat="-26.2809440" lon="-51.0394340">
    <ele>749.4</ele>
   </trkpt>
   <trkpt lat="-26.2809490" lon="-51.0394700">
    <ele>749.4</ele>
   </trkpt>
   <trkpt lat="-26.2809540" lon="-51.0395060">
    <ele>749.5</ele>
   </trkpt>
   <trkpt lat="-26.2809600" lon="-51.0395410">
    <ele>749.5</ele>
   </trkpt>
   <trkpt lat="-26.2809690" lon="-51.0395760">
    <ele>749.5</ele>
   </trkpt>
   <trkpt lat="-26.2809720" lon="-51.0396150">
    <ele>749.5</ele>
   </trkpt>
   <trkpt lat="-26.2809760" lon="-51.0396460">
    <ele>749.5</ele>
   </trkpt>
   <trkpt lat="-26.2809820" lon="-51.0396830">
    <ele>749.5</ele>
   </trkpt>
   <trkpt lat="-26.2809860" lon="-51.0397180">
    <ele>749.5</ele>
   </trkpt>
   <trkpt lat="-26.2809940" lon="-51.0397530">
    <ele>749.5</ele>
   </trkpt>
   <trkpt lat="-26.2809980" lon="-51.0397870">
    <ele>749.5</ele>
   </trkpt>
   <trkpt lat="-26.2810050" lon="-51.0398180">
    <ele>749.5</ele>
   </trkpt>
   <trkpt lat="-26.2810100" lon="-51.0398490">
    <ele>749.5</ele>
   </trkpt>
   <trkpt lat="-26.2810160" lon="-51.0398810">
    <ele>749.5</ele>
   </trkpt>
   <trkpt lat="-26.2810200" lon="-51.0399130">
    <ele>749.5</ele>
   </trkpt>
   <trkpt lat="-26.2810260" lon="-51.0399440">
    <ele>749.5</ele>
   </trkpt>
   <trkpt lat="-26.2810330" lon="-51.0399770">
    <ele>749.5</ele>
   </trkpt>
   <trkpt lat="-26.2810370" lon="-51.0400080">
    <ele>749.5</ele>
   </trkpt>
   <trkpt lat="-26.2810430" lon="-51.0400380">
    <ele>749.5</ele>
   </trkpt>
   <trkpt lat="-26.2810480" lon="-51.0400730">
    <ele>749.5</ele>
   </trkpt>
   <trkpt lat="-26.2810530" lon="-51.0401040">
    <ele>749.5</ele>
   </trkpt>
   <trkpt lat="-26.2810590" lon="-51.0401370">
    <ele>749.5</ele>
   </trkpt>
   <trkpt lat="-26.2810650" lon="-51.0401830">
    <ele>749.4</ele>
   </trkpt>
   <trkpt lat="-26.2810700" lon="-51.0401990">
    <ele>749.4</ele>
   </trkpt>
   <trkpt lat="-26.2810750" lon="-51.0402370">
    <ele>749.4</ele>
   </trkpt>
   <trkpt lat="-26.2810770" lon="-51.0402680">
    <ele>749.4</ele>
   </trkpt>
   <trkpt lat="-26.2810850" lon="-51.0403000">
    <ele>749.4</ele>
   </trkpt>
   <trkpt lat="-26.2810910" lon="-51.0403330">
    <ele>749.4</ele>
   </trkpt>
   <trkpt lat="-26.2810970" lon="-51.0403770">
    <ele>749.4</ele>
   </trkpt>
   <trkpt lat="-26.2811000" lon="-51.0403920">
    <ele>749.4</ele>
   </trkpt>
   <trkpt lat="-26.2811050" lon="-51.0404270">
    <ele>749.4</ele>
   </trkpt>
   <trkpt lat="-26.2811100" lon="-51.0404630">
    <ele>749.4</ele>
   </trkpt>
   <trkpt lat="-26.2811190" lon="-51.0405020">
    <ele>749.4</ele>
   </trkpt>
   <trkpt lat="-26.2811240" lon="-51.0405420">
    <ele>749.4</ele>
   </trkpt>
   <trkpt lat="-26.2811330" lon="-51.0405750">
    <ele>749.4</ele>
   </trkpt>
   <trkpt lat="-26.2811370" lon="-51.0406120">
    <ele>749.4</ele>
   </trkpt>
   <trkpt lat="-26.2811430" lon="-51.0406470">
    <ele>749.5</ele>
   </trkpt>
   <trkpt lat="-26.2811480" lon="-51.0406830">
    <ele>749.5</ele>
   </trkpt>
   <trkpt lat="-26.2811510" lon="-51.0407160">
    <ele>749.5</ele>
   </trkpt>
   <trkpt lat="-26.2811590" lon="-51.0407520">
    <ele>749.5</ele>
   </trkpt>
   <trkpt lat="-26.2811620" lon="-51.0407870">
    <ele>749.5</ele>
   </trkpt>
   <trkpt lat="-26.2811680" lon="-51.0408180">
    <ele>749.5</ele>
   </trkpt>
   <trkpt lat="-26.2811750" lon="-51.0408510">
    <ele>749.5</ele>
   </trkpt>
   <trkpt lat="-26.2811800" lon="-51.0408840">
    <ele>749.5</ele>
   </trkpt>
   <trkpt lat="-26.2811850" lon="-51.0409180">
    <ele>749.5</ele>
   </trkpt>
   <trkpt lat="-26.2811900" lon="-51.0409610">
    <ele>749.6</ele>
   </trkpt>
   <trkpt lat="-26.2811930" lon="-51.0409750">
    <ele>749.6</ele>
   </trkpt>
   <trkpt lat="-26.2811990" lon="-51.0410200">
    <ele>749.6</ele>
   </trkpt>
   <trkpt lat="-26.2812010" lon="-51.0410360">
    <ele>749.6</ele>
   </trkpt>
   <trkpt lat="-26.2812070" lon="-51.0410700">
    <ele>749.6</ele>
   </trkpt>
   <trkpt lat="-26.2812120" lon="-51.0411010">
    <ele>749.6</ele>
   </trkpt>
   <trkpt lat="-26.2812160" lon="-51.0411330">
    <ele>749.6</ele>
   </trkpt>
   <trkpt lat="-26.2812250" lon="-51.0411650">
    <ele>749.6</ele>
   </trkpt>
   <trkpt lat="-26.2812290" lon="-51.0412100">
    <ele>749.6</ele>
   </trkpt>
   <trkpt lat="-26.2812330" lon="-51.0412260">
    <ele>749.6</ele>
   </trkpt>
   <trkpt lat="-26.2812400" lon="-51.0412590">
    <ele>749.6</ele>
   </trkpt>
   <trkpt lat="-26.2812440" lon="-51.0412950">
    <ele>749.6</ele>
   </trkpt>
   <trkpt lat="-26.2812500" lon="-51.0413280">
    <ele>749.6</ele>
   </trkpt>
   <trkpt lat="-26.2812580" lon="-51.0413630">
    <ele>749.6</ele>
   </trkpt>
   <trkpt lat="-26.2812650" lon="-51.0413960">
    <ele>749.6</ele>
   </trkpt>
   <trkpt lat="-26.2812690" lon="-51.0414290">
    <ele>749.6</ele>
   </trkpt>
   <trkpt lat="-26.2812760" lon="-51.0414650">
    <ele>749.6</ele>
   </trkpt>
   <trkpt lat="-26.2812850" lon="-51.0414980">
    <ele>749.6</ele>
   </trkpt>
   <trkpt lat="-26.2812880" lon="-51.0415340">
    <ele>749.6</ele>
   </trkpt>
   <trkpt lat="-26.2812950" lon="-51.0415690">
    <ele>749.6</ele>
   </trkpt>
   <trkpt lat="-26.2813020" lon="-51.0416040">
    <ele>749.6</ele>
   </trkpt>
   <trkpt lat="-26.2813060" lon="-51.0416350">
    <ele>749.6</ele>
   </trkpt>
   <trkpt lat="-26.2813150" lon="-51.0416690">
    <ele>749.6</ele>
   </trkpt>
   <trkpt lat="-26.2813180" lon="-51.0417060">
    <ele>749.6</ele>
   </trkpt>
   <trkpt lat="-26.2813240" lon="-51.0417400">
    <ele>749.6</ele>
   </trkpt>
   <trkpt lat="-26.2813310" lon="-51.0417730">
    <ele>749.7</ele>
   </trkpt>
   <trkpt lat="-26.2813390" lon="-51.0418040">
    <ele>749.7</ele>
   </trkpt>
   <trkpt lat="-26.2813420" lon="-51.0418360">
    <ele>749.7</ele>
   </trkpt>
   <trkpt lat="-26.2813480" lon="-51.0418670">
    <ele>749.7</ele>
   </trkpt>
   <trkpt lat="-26.2813530" lon="-51.0419030">
    <ele>749.7</ele>
   </trkpt>
   <trkpt lat="-26.2813610" lon="-51.0419410">
    <ele>749.7</ele>
   </trkpt>
   <trkpt lat="-26.2813670" lon="-51.0419820">
    <ele>749.7</ele>
   </trkpt>
   <trkpt lat="-26.2813710" lon="-51.0420230">
    <ele>749.8</ele>
   </trkpt>
   <trkpt lat="-26.2813810" lon="-51.0420640">
    <ele>749.8</ele>
   </trkpt>
   <trkpt lat="-26.2813870" lon="-51.0421050">
    <ele>749.8</ele>
   </trkpt>
   <trkpt lat="-26.2813900" lon="-51.0421400">
    <ele>749.8</ele>
   </trkpt>
   <trkpt lat="-26.2813950" lon="-51.0421760">
    <ele>749.8</ele>
   </trkpt>
   <trkpt lat="-26.2814010" lon="-51.0422180">
    <ele>749.8</ele>
   </trkpt>
   <trkpt lat="-26.2814050" lon="-51.0422360">
    <ele>749.8</ele>
   </trkpt>
   <trkpt lat="-26.2814120" lon="-51.0422710">
    <ele>749.8</ele>
   </trkpt>
   <trkpt lat="-26.2814180" lon="-51.0423040">
    <ele>749.9</ele>
   </trkpt>
   <trkpt lat="-26.2814220" lon="-51.0423340">
    <ele>749.9</ele>
   </trkpt>
   <trkpt lat="-26.2814280" lon="-51.0423690">
    <ele>749.9</ele>
   </trkpt>
   <trkpt lat="-26.2814340" lon="-51.0424030">
    <ele>749.9</ele>
   </trkpt>
   <trkpt lat="-26.2814390" lon="-51.0424360">
    <ele>749.9</ele>
   </trkpt>
   <trkpt lat="-26.2814460" lon="-51.0424700">
    <ele>749.9</ele>
   </trkpt>
   <trkpt lat="-26.2814520" lon="-51.0425050">
    <ele>749.9</ele>
   </trkpt>
   <trkpt lat="-26.2814570" lon="-51.0425390">
    <ele>749.9</ele>
   </trkpt>
   <trkpt lat="-26.2814640" lon="-51.0425730">
    <ele>749.9</ele>
   </trkpt>
   <trkpt lat="-26.2814680" lon="-51.0426070">
    <ele>749.9</ele>
   </trkpt>
   <trkpt lat="-26.2814740" lon="-51.0426410">
    <ele>749.9</ele>
   </trkpt>
   <trkpt lat="-26.2814780" lon="-51.0426760">
    <ele>749.9</ele>
   </trkpt>
   <trkpt lat="-26.2814830" lon="-51.0427120">
    <ele>750.0</ele>
   </trkpt>
   <trkpt lat="-26.2814910" lon="-51.0427470">
    <ele>750.0</ele>
   </trkpt>
   <trkpt lat="-26.2814970" lon="-51.0427790">
    <ele>750.0</ele>
   </trkpt>
   <trkpt lat="-26.2815010" lon="-51.0428100">
    <ele>750.0</ele>
   </trkpt>
   <trkpt lat="-26.2815060" lon="-51.0428420">
    <ele>750.0</ele>
   </trkpt>
   <trkpt lat="-26.2815110" lon="-51.0428740">
    <ele>750.0</ele>
   </trkpt>
   <trkpt lat="-26.2815170" lon="-51.0429070">
    <ele>750.0</ele>
   </trkpt>
   <trkpt lat="-26.2815210" lon="-51.0429400">
    <ele>750.0</ele>
   </trkpt>
   <trkpt lat="-26.2815270" lon="-51.0429710">
    <ele>750.0</ele>
   </trkpt>
   <trkpt lat="-26.2815350" lon="-51.0430020">
    <ele>750.0</ele>
   </trkpt>
   <trkpt lat="-26.2815390" lon="-51.0430370">
    <ele>750.0</ele>
   </trkpt>
   <trkpt lat="-26.2815420" lon="-51.0430690">
    <ele>750.0</ele>
   </trkpt>
   <trkpt lat="-26.2815470" lon="-51.0430990">
    <ele>750.0</ele>
   </trkpt>
   <trkpt lat="-26.2815510" lon="-51.0431320">
    <ele>750.1</ele>
   </trkpt>
   <trkpt lat="-26.2815590" lon="-51.0431660">
    <ele>750.1</ele>
   </trkpt>
   <trkpt lat="-26.2815640" lon="-51.0431960">
    <ele>750.1</ele>
   </trkpt>
   <trkpt lat="-26.2815700" lon="-51.0432290">
    <ele>750.1</ele>
   </trkpt>
   <trkpt lat="-26.2815730" lon="-51.0432620">
    <ele>750.1</ele>
   </trkpt>
   <trkpt lat="-26.2815790" lon="-51.0432920">
    <ele>750.1</ele>
   </trkpt>
   <trkpt lat="-26.2815850" lon="-51.0433260">
    <ele>750.1</ele>
   </trkpt>
   <trkpt lat="-26.2815910" lon="-51.0433580">
    <ele>750.1</ele>
   </trkpt>
   <trkpt lat="-26.2815960" lon="-51.0433880">
    <ele>750.2</ele>
   </trkpt>
   <trkpt lat="-26.2816010" lon="-51.0434190">
    <ele>750.2</ele>
   </trkpt>
   <trkpt lat="-26.2816050" lon="-51.0434500">
    <ele>750.2</ele>
   </trkpt>
   <trkpt lat="-26.2816120" lon="-51.0434900">
    <ele>750.2</ele>
   </trkpt>
   <trkpt lat="-26.2816150" lon="-51.0435040">
    <ele>750.2</ele>
   </trkpt>
   <trkpt lat="-26.2816190" lon="-51.0435360">
    <ele>750.2</ele>
   </trkpt>
   <trkpt lat="-26.2816240" lon="-51.0435660">
    <ele>750.2</ele>
   </trkpt>
   <trkpt lat="-26.2816320" lon="-51.0436110">
    <ele>750.3</ele>
   </trkpt>
   <trkpt lat="-26.2816350" lon="-51.0436280">
    <ele>750.3</ele>
   </trkpt>
   <trkpt lat="-26.2816390" lon="-51.0436610">
    <ele>750.3</ele>
   </trkpt>
   <trkpt lat="-26.2816460" lon="-51.0436920">
    <ele>750.3</ele>
   </trkpt>
   <trkpt lat="-26.2816530" lon="-51.0437260">
    <ele>750.3</ele>
   </trkpt>
   <trkpt lat="-26.2816570" lon="-51.0437610">
    <ele>750.3</ele>
   </trkpt>
   <trkpt lat="-26.2816630" lon="-51.0437970">
    <ele>750.3</ele>
   </trkpt>
   <trkpt lat="-26.2816680" lon="-51.0438290">
    <ele>750.4</ele>
   </trkpt>
   <trkpt lat="-26.2816720" lon="-51.0438620">
    <ele>750.4</ele>
   </trkpt>
   <trkpt lat="-26.2816810" lon="-51.0439080">
    <ele>750.4</ele>
   </trkpt>
   <trkpt lat="-26.2816850" lon="-51.0439250">
    <ele>750.4</ele>
   </trkpt>
   <trkpt lat="-26.2816920" lon="-51.0439690">
    <ele>750.4</ele>
   </trkpt>
   <trkpt lat="-26.2816940" lon="-51.0439840">
    <ele>750.5</ele>
   </trkpt>
   <trkpt lat="-26.2816990" lon="-51.0440150">
    <ele>750.5</ele>
   </trkpt>
   <trkpt lat="-26.2817080" lon="-51.0440600">
    <ele>750.5</ele>
   </trkpt>
   <trkpt lat="-26.2817110" lon="-51.0440760">
    <ele>750.5</ele>
   </trkpt>
   <trkpt lat="-26.2817150" lon="-51.0441080">
    <ele>750.5</ele>
   </trkpt>
   <trkpt lat="-26.2817190" lon="-51.0441400">
    <ele>750.5</ele>
   </trkpt>
   <trkpt lat="-26.2817260" lon="-51.0441840">
    <ele>750.5</ele>
   </trkpt>
   <trkpt lat="-26.2817280" lon="-51.0441990">
    <ele>750.5</ele>
   </trkpt>
   <trkpt lat="-26.2817320" lon="-51.0442320">
    <ele>750.5</ele>
   </trkpt>
   <trkpt lat="-26.2817400" lon="-51.0442770">
    <ele>750.5</ele>
   </trkpt>
   <trkpt lat="-26.2817420" lon="-51.0442930">
    <ele>750.5</ele>
   </trkpt>
   <trkpt lat="-26.2817480" lon="-51.0443260">
    <ele>750.5</ele>
   </trkpt>
   <trkpt lat="-26.2817510" lon="-51.0443570">
    <ele>750.5</ele>
   </trkpt>
   <trkpt lat="-26.2817570" lon="-51.0443900">
    <ele>750.5</ele>
   </trkpt>
   <trkpt lat="-26.2817630" lon="-51.0444260">
    <ele>750.5</ele>
   </trkpt>
   <trkpt lat="-26.2817700" lon="-51.0444560">
    <ele>750.5</ele>
   </trkpt>
   <trkpt lat="-26.2817730" lon="-51.0444880">
    <ele>750.5</ele>
   </trkpt>
   <trkpt lat="-26.2817770" lon="-51.0445200">
    <ele>750.5</ele>
   </trkpt>
   <trkpt lat="-26.2817830" lon="-51.0445520">
    <ele>750.5</ele>
   </trkpt>
   <trkpt lat="-26.2817880" lon="-51.0445830">
    <ele>750.5</ele>
   </trkpt>
   <trkpt lat="-26.2817920" lon="-51.0446280">
    <ele>750.5</ele>
   </trkpt>
   <trkpt lat="-26.2817940" lon="-51.0446440">
    <ele>750.5</ele>
   </trkpt>
   <trkpt lat="-26.2817990" lon="-51.0446780">
    <ele>750.5</ele>
   </trkpt>
   <trkpt lat="-26.2818040" lon="-51.0447130">
    <ele>750.5</ele>
   </trkpt>
   <trkpt lat="-26.2818070" lon="-51.0447480">
    <ele>750.5</ele>
   </trkpt>
   <trkpt lat="-26.2818140" lon="-51.0447830">
    <ele>750.5</ele>
   </trkpt>
   <trkpt lat="-26.2818180" lon="-51.0448150">
    <ele>750.5</ele>
   </trkpt>
   <trkpt lat="-26.2818230" lon="-51.0448520">
    <ele>750.5</ele>
   </trkpt>
   <trkpt lat="-26.2818280" lon="-51.0448850">
    <ele>750.5</ele>
   </trkpt>
   <trkpt lat="-26.2818350" lon="-51.0449180">
    <ele>750.5</ele>
   </trkpt>
   <trkpt lat="-26.2818390" lon="-51.0449510">
    <ele>750.5</ele>
   </trkpt>
   <trkpt lat="-26.2818440" lon="-51.0449870">
    <ele>750.5</ele>
   </trkpt>
   <trkpt lat="-26.2818500" lon="-51.0450270">
    <ele>750.6</ele>
   </trkpt>
   <trkpt lat="-26.2818560" lon="-51.0450600">
    <ele>750.6</ele>
   </trkpt>
   <trkpt lat="-26.2818610" lon="-51.0450960">
    <ele>750.6</ele>
   </trkpt>
   <trkpt lat="-26.2818670" lon="-51.0451310">
    <ele>750.7</ele>
   </trkpt>
   <trkpt lat="-26.2818730" lon="-51.0451680">
    <ele>750.7</ele>
   </trkpt>
   <trkpt lat="-26.2818760" lon="-51.0452030">
    <ele>750.7</ele>
   </trkpt>
   <trkpt lat="-26.2818830" lon="-51.0452380">
    <ele>750.8</ele>
   </trkpt>
   <trkpt lat="-26.2818870" lon="-51.0452730">
    <ele>750.8</ele>
   </trkpt>
   <trkpt lat="-26.2818950" lon="-51.0453110">
    <ele>750.8</ele>
   </trkpt>
   <trkpt lat="-26.2819020" lon="-51.0453460">
    <ele>750.8</ele>
   </trkpt>
   <trkpt lat="-26.2819080" lon="-51.0453820">
    <ele>750.9</ele>
   </trkpt>
   <trkpt lat="-26.2819160" lon="-51.0454190">
    <ele>750.9</ele>
   </trkpt>
   <trkpt lat="-26.2819210" lon="-51.0454600">
    <ele>750.9</ele>
   </trkpt>
   <trkpt lat="-26.2819270" lon="-51.0454990">
    <ele>750.9</ele>
   </trkpt>
   <trkpt lat="-26.2819310" lon="-51.0455340">
    <ele>750.9</ele>
   </trkpt>
   <trkpt lat="-26.2819380" lon="-51.0455730">
    <ele>751.0</ele>
   </trkpt>
   <trkpt lat="-26.2819490" lon="-51.0456120">
    <ele>751.0</ele>
   </trkpt>
   <trkpt lat="-26.2819530" lon="-51.0456500">
    <ele>751.0</ele>
   </trkpt>
   <trkpt lat="-26.2819610" lon="-51.0456850">
    <ele>751.0</ele>
   </trkpt>
   <trkpt lat="-26.2819680" lon="-51.0457220">
    <ele>751.0</ele>
   </trkpt>
   <trkpt lat="-26.2819710" lon="-51.0457580">
    <ele>751.0</ele>
   </trkpt>
   <trkpt lat="-26.2819790" lon="-51.0457940">
    <ele>751.0</ele>
   </trkpt>
   <trkpt lat="-26.2819840" lon="-51.0458280">
    <ele>751.0</ele>
   </trkpt>
   <trkpt lat="-26.2819890" lon="-51.0458640">
    <ele>751.0</ele>
   </trkpt>
   <trkpt lat="-26.2819930" lon="-51.0459000">
    <ele>751.1</ele>
   </trkpt>
   <trkpt lat="-26.2820000" lon="-51.0459390">
    <ele>751.1</ele>
   </trkpt>
   <trkpt lat="-26.2820060" lon="-51.0459770">
    <ele>751.1</ele>
   </trkpt>
   <trkpt lat="-26.2820120" lon="-51.0460140">
    <ele>751.1</ele>
   </trkpt>
   <trkpt lat="-26.2820180" lon="-51.0460530">
    <ele>751.1</ele>
   </trkpt>
   <trkpt lat="-26.2820230" lon="-51.0460900">
    <ele>751.1</ele>
   </trkpt>
   <trkpt lat="-26.2820280" lon="-51.0461270">
    <ele>751.1</ele>
   </trkpt>
   <trkpt lat="-26.2820340" lon="-51.0461620">
    <ele>751.1</ele>
   </trkpt>
   <trkpt lat="-26.2820380" lon="-51.0461940">
    <ele>751.1</ele>
   </trkpt>
   <trkpt lat="-26.2820450" lon="-51.0462280">
    <ele>751.1</ele>
   </trkpt>
   <trkpt lat="-26.2820480" lon="-51.0462630">
    <ele>751.1</ele>
   </trkpt>
   <trkpt lat="-26.2820520" lon="-51.0463010">
    <ele>751.1</ele>
   </trkpt>
   <trkpt lat="-26.2820590" lon="-51.0463330">
    <ele>751.1</ele>
   </trkpt>
   <trkpt lat="-26.2820650" lon="-51.0463730">
    <ele>751.2</ele>
   </trkpt>
   <trkpt lat="-26.2820700" lon="-51.0464070">
    <ele>751.2</ele>
   </trkpt>
   <trkpt lat="-26.2820760" lon="-51.0464390">
    <ele>751.2</ele>
   </trkpt>
   <trkpt lat="-26.2820730" lon="-51.0464730">
    <ele>751.3</ele>
   </trkpt>
   <trkpt lat="-26.2820820" lon="-51.0465060">
    <ele>751.3</ele>
   </trkpt>
   <trkpt lat="-26.2820860" lon="-51.0465540">
    <ele>751.4</ele>
   </trkpt>
   <trkpt lat="-26.2820840" lon="-51.0465880">
    <ele>751.4</ele>
   </trkpt>
   <trkpt lat="-26.2820750" lon="-51.0466310">
    <ele>751.4</ele>
   </trkpt>
   <trkpt lat="-26.2820700" lon="-51.0466720">
    <ele>751.5</ele>
   </trkpt>
   <trkpt lat="-26.2820700" lon="-51.0467160">
    <ele>751.5</ele>
   </trkpt>
   <trkpt lat="-26.2820720" lon="-51.0467520">
    <ele>751.5</ele>
   </trkpt>
   <trkpt lat="-26.2820760" lon="-51.0467890">
    <ele>751.5</ele>
   </trkpt>
   <trkpt lat="-26.2820720" lon="-51.0468280">
    <ele>751.5</ele>
   </trkpt>
   <trkpt lat="-26.2820690" lon="-51.0468400">
    <ele>751.5</ele>
   </trkpt>
   <trkpt lat="-26.2820590" lon="-51.0468750">
    <ele>751.5</ele>
   </trkpt>
   <trkpt lat="-26.2820550" lon="-51.0469050">
    <ele>751.5</ele>
   </trkpt>
   <trkpt lat="-26.2820510" lon="-51.0469380">
    <ele>751.5</ele>
   </trkpt>
   <trkpt lat="-26.2820430" lon="-51.0469680">
    <ele>751.5</ele>
   </trkpt>
   <trkpt lat="-26.2820320" lon="-51.0469970">
    <ele>751.5</ele>
   </trkpt>
   <trkpt lat="-26.2820220" lon="-51.0470380">
    <ele>751.5</ele>
   </trkpt>
   <trkpt lat="-26.2820170" lon="-51.0470530">
    <ele>751.5</ele>
   </trkpt>
   <trkpt lat="-26.2820090" lon="-51.0470820">
    <ele>751.5</ele>
   </trkpt>
   <trkpt lat="-26.2820020" lon="-51.0471210">
    <ele>751.5</ele>
   </trkpt>
   <trkpt lat="-26.2820000" lon="-51.0471360">
    <ele>751.5</ele>
   </trkpt>
   <trkpt lat="-26.2819900" lon="-51.0471660">
    <ele>751.5</ele>
   </trkpt>
   <trkpt lat="-26.2819810" lon="-51.0472040">
    <ele>751.5</ele>
   </trkpt>
   <trkpt lat="-26.2819790" lon="-51.0472160">
    <ele>751.5</ele>
   </trkpt>
   <trkpt lat="-26.2819700" lon="-51.0472530">
    <ele>751.5</ele>
   </trkpt>
   <trkpt lat="-26.2819670" lon="-51.0472640">
    <ele>751.5</ele>
   </trkpt>
   <trkpt lat="-26.2819610" lon="-51.0473060">
    <ele>751.5</ele>
   </trkpt>
   <trkpt lat="-26.2819590" lon="-51.0473200">
    <ele>751.5</ele>
   </trkpt>
   <trkpt lat="-26.2819480" lon="-51.0473610">
    <ele>751.5</ele>
   </trkpt>
   <trkpt lat="-26.2819430" lon="-51.0473750">
    <ele>751.5</ele>
   </trkpt>
   <trkpt lat="-26.2819330" lon="-51.0474150">
    <ele>751.6</ele>
   </trkpt>
   <trkpt lat="-26.2819290" lon="-51.0474270">
    <ele>751.6</ele>
   </trkpt>
   <trkpt lat="-26.2819240" lon="-51.0474660">
    <ele>751.6</ele>
   </trkpt>
   <trkpt lat="-26.2819240" lon="-51.0474760">
    <ele>751.6</ele>
   </trkpt>
   <trkpt lat="-26.2819130" lon="-51.0475050">
    <ele>751.6</ele>
   </trkpt>
   <trkpt lat="-26.2819010" lon="-51.0475420">
    <ele>751.6</ele>
   </trkpt>
   <trkpt lat="-26.2818990" lon="-51.0475540">
    <ele>751.6</ele>
   </trkpt>
   <trkpt lat="-26.2818920" lon="-51.0475830">
    <ele>751.6</ele>
   </trkpt>
   <trkpt lat="-26.2818890" lon="-51.0475950">
    <ele>751.7</ele>
   </trkpt>
   <trkpt lat="-26.2818760" lon="-51.0476310">
    <ele>751.7</ele>
   </trkpt>
   <trkpt lat="-26.2818720" lon="-51.0476410">
    <ele>751.7</ele>
   </trkpt>
   <trkpt lat="-26.2818660" lon="-51.0476770">
    <ele>751.7</ele>
   </trkpt>
   <trkpt lat="-26.2818640" lon="-51.0476870">
    <ele>751.7</ele>
   </trkpt>
   <trkpt lat="-26.2818540" lon="-51.0477200">
    <ele>751.7</ele>
   </trkpt>
   <trkpt lat="-26.2818500" lon="-51.0477280">
    <ele>751.7</ele>
   </trkpt>
   <trkpt lat="-26.2818360" lon="-51.0477610">
    <ele>751.7</ele>
   </trkpt>
   <trkpt lat="-26.2818310" lon="-51.0477740">
    <ele>751.7</ele>
   </trkpt>
   <trkpt lat="-26.2818200" lon="-51.0478100">
    <ele>751.7</ele>
   </trkpt>
   <trkpt lat="-26.2818180" lon="-51.0478220">
    <ele>751.7</ele>
   </trkpt>
   <trkpt lat="-26.2818110" lon="-51.0478590">
    <ele>751.7</ele>
   </trkpt>
   <trkpt lat="-26.2818100" lon="-51.0478720">
    <ele>751.7</ele>
   </trkpt>
   <trkpt lat="-26.2818000" lon="-51.0479030">
    <ele>751.7</ele>
   </trkpt>
   <trkpt lat="-26.2817870" lon="-51.0479370">
    <ele>751.7</ele>
   </trkpt>
   <trkpt lat="-26.2817830" lon="-51.0479500">
    <ele>751.7</ele>
   </trkpt>
   <trkpt lat="-26.2817720" lon="-51.0479840">
    <ele>751.7</ele>
   </trkpt>
   <trkpt lat="-26.2817680" lon="-51.0479960">
    <ele>751.7</ele>
   </trkpt>
   <trkpt lat="-26.2817540" lon="-51.0480280">
    <ele>751.7</ele>
   </trkpt>
   <trkpt lat="-26.2817510" lon="-51.0480360">
    <ele>751.7</ele>
   </trkpt>
   <trkpt lat="-26.2817390" lon="-51.0480760">
    <ele>751.7</ele>
   </trkpt>
   <trkpt lat="-26.2817340" lon="-51.0480890">
    <ele>751.7</ele>
   </trkpt>
   <trkpt lat="-26.2817200" lon="-51.0481210">
    <ele>751.7</ele>
   </trkpt>
   <trkpt lat="-26.2817170" lon="-51.0481320">
    <ele>751.7</ele>
   </trkpt>
   <trkpt lat="-26.2816990" lon="-51.0481710">
    <ele>751.7</ele>
   </trkpt>
   <trkpt lat="-26.2816930" lon="-51.0481850">
    <ele>751.7</ele>
   </trkpt>
   <trkpt lat="-26.2816820" lon="-51.0482240">
    <ele>751.7</ele>
   </trkpt>
   <trkpt lat="-26.2816790" lon="-51.0482380">
    <ele>751.7</ele>
   </trkpt>
   <trkpt lat="-26.2816680" lon="-51.0482680">
    <ele>751.7</ele>
   </trkpt>
   <trkpt lat="-26.2816550" lon="-51.0483070">
    <ele>751.7</ele>
   </trkpt>
   <trkpt lat="-26.2816500" lon="-51.0483210">
    <ele>751.8</ele>
   </trkpt>
   <trkpt lat="-26.2816370" lon="-51.0483530">
    <ele>751.8</ele>
   </trkpt>
   <trkpt lat="-26.2816300" lon="-51.0483820">
    <ele>751.8</ele>
   </trkpt>
   <trkpt lat="-26.2816180" lon="-51.0484240">
    <ele>751.7</ele>
   </trkpt>
   <trkpt lat="-26.2816150" lon="-51.0484400">
    <ele>751.7</ele>
   </trkpt>
   <trkpt lat="-26.2816060" lon="-51.0484710">
    <ele>751.7</ele>
   </trkpt>
   <trkpt lat="-26.2815950" lon="-51.0485010">
    <ele>751.7</ele>
   </trkpt>
   <trkpt lat="-26.2815810" lon="-51.0485380">
    <ele>751.7</ele>
   </trkpt>
   <trkpt lat="-26.2815760" lon="-51.0485480">
    <ele>751.7</ele>
   </trkpt>
   <trkpt lat="-26.2815730" lon="-51.0485780">
    <ele>751.7</ele>
   </trkpt>
   <trkpt lat="-26.2815680" lon="-51.0485910">
    <ele>751.6</ele>
   </trkpt>
   <trkpt lat="-26.2815580" lon="-51.0486370">
    <ele>751.6</ele>
   </trkpt>
   <trkpt lat="-26.2815540" lon="-51.0486550">
    <ele>751.6</ele>
   </trkpt>
   <trkpt lat="-26.2815420" lon="-51.0487000">
    <ele>751.5</ele>
   </trkpt>
   <trkpt lat="-26.2815360" lon="-51.0487180">
    <ele>751.5</ele>
   </trkpt>
   <trkpt lat="-26.2815270" lon="-51.0487570">
    <ele>751.5</ele>
   </trkpt>
   <trkpt lat="-26.2815120" lon="-51.0487890">
    <ele>751.5</ele>
   </trkpt>
   <trkpt lat="-26.2815020" lon="-51.0488180">
    <ele>751.4</ele>
   </trkpt>
   <trkpt lat="-26.2814910" lon="-51.0488450">
    <ele>751.4</ele>
   </trkpt>
   <trkpt lat="-26.2814800" lon="-51.0488760">
    <ele>751.4</ele>
   </trkpt>
   <trkpt lat="-26.2814770" lon="-51.0488870">
    <ele>751.4</ele>
   </trkpt>
   <trkpt lat="-26.2814630" lon="-51.0489180">
    <ele>751.4</ele>
   </trkpt>
   <trkpt lat="-26.2814470" lon="-51.0489500">
    <ele>751.4</ele>
   </trkpt>
   <trkpt lat="-26.2814320" lon="-51.0489780">
    <ele>751.3</ele>
   </trkpt>
   <trkpt lat="-26.2814260" lon="-51.0490170">
    <ele>751.3</ele>
   </trkpt>
   <trkpt lat="-26.2814060" lon="-51.0490530">
    <ele>751.3</ele>
   </trkpt>
   <trkpt lat="-26.2813890" lon="-51.0490840">
    <ele>751.2</ele>
   </trkpt>
   <trkpt lat="-26.2813800" lon="-51.0491160">
    <ele>751.2</ele>
   </trkpt>
   <trkpt lat="-26.2813610" lon="-51.0491400">
    <ele>751.2</ele>
   </trkpt>
   <trkpt lat="-26.2813450" lon="-51.0491680">
    <ele>751.1</ele>
   </trkpt>
   <trkpt lat="-26.2813370" lon="-51.0491750">
    <ele>751.1</ele>
   </trkpt>
   <trkpt lat="-26.2813100" lon="-51.0492010">
    <ele>751.1</ele>
   </trkpt>
   <trkpt lat="-26.2812850" lon="-51.0492280">
    <ele>751.1</ele>
   </trkpt>
   <trkpt lat="-26.2812590" lon="-51.0492580">
    <ele>751.1</ele>
   </trkpt>
   <trkpt lat="-26.2812490" lon="-51.0492690">
    <ele>751.1</ele>
   </trkpt>
   <trkpt lat="-26.2812260" lon="-51.0492920">
    <ele>751.1</ele>
   </trkpt>
   <trkpt lat="-26.2812040" lon="-51.0493220">
    <ele>751.1</ele>
   </trkpt>
   <trkpt lat="-26.2811750" lon="-51.0493480">
    <ele>751.0</ele>
   </trkpt>
   <trkpt lat="-26.2811480" lon="-51.0493710">
    <ele>751.0</ele>
   </trkpt>
   <trkpt lat="-26.2811280" lon="-51.0493920">
    <ele>750.9</ele>
   </trkpt>
   <trkpt lat="-26.2811070" lon="-51.0494230">
    <ele>750.9</ele>
   </trkpt>
   <trkpt lat="-26.2810760" lon="-51.0494510">
    <ele>750.9</ele>
   </trkpt>
   <trkpt lat="-26.2810460" lon="-51.0494740">
    <ele>750.8</ele>
   </trkpt>
   <trkpt lat="-26.2810210" lon="-51.0495010">
    <ele>750.8</ele>
   </trkpt>
   <trkpt lat="-26.2809910" lon="-51.0495310">
    <ele>750.8</ele>
   </trkpt>
   <trkpt lat="-26.2809640" lon="-51.0495570">
    <ele>750.8</ele>
   </trkpt>
   <trkpt lat="-26.2809350" lon="-51.0495860">
    <ele>750.8</ele>
   </trkpt>
   <trkpt lat="-26.2808990" lon="-51.0496150">
    <ele>750.8</ele>
   </trkpt>
   <trkpt lat="-26.2808870" lon="-51.0496300">
    <ele>750.8</ele>
   </trkpt>
   <trkpt lat="-26.2808600" lon="-51.0496570">
    <ele>750.8</ele>
   </trkpt>
   <trkpt lat="-26.2808390" lon="-51.0496790">
    <ele>750.8</ele>
   </trkpt>
   <trkpt lat="-26.2808110" lon="-51.0497040">
    <ele>750.8</ele>
   </trkpt>
   <trkpt lat="-26.2807790" lon="-51.0497270">
    <ele>750.8</ele>
   </trkpt>
   <trkpt lat="-26.2807580" lon="-51.0497490">
    <ele>750.9</ele>
   </trkpt>
   <trkpt lat="-26.2807270" lon="-51.0497770">
    <ele>750.9</ele>
   </trkpt>
   <trkpt lat="-26.2807170" lon="-51.0497870">
    <ele>750.9</ele>
   </trkpt>
   <trkpt lat="-26.2806940" lon="-51.0498050">
    <ele>751.0</ele>
   </trkpt>
   <trkpt lat="-26.2806650" lon="-51.0498290">
    <ele>751.0</ele>
   </trkpt>
   <trkpt lat="-26.2806550" lon="-51.0498390">
    <ele>751.0</ele>
   </trkpt>
   <trkpt lat="-26.2806340" lon="-51.0498610">
    <ele>751.0</ele>
   </trkpt>
   <trkpt lat="-26.2806110" lon="-51.0498840">
    <ele>751.1</ele>
   </trkpt>
   <trkpt lat="-26.2805900" lon="-51.0499150">
    <ele>751.1</ele>
   </trkpt>
   <trkpt lat="-26.2805640" lon="-51.0499390">
    <ele>751.1</ele>
   </trkpt>
   <trkpt lat="-26.2805400" lon="-51.0499650">
    <ele>751.2</ele>
   </trkpt>
   <trkpt lat="-26.2805200" lon="-51.0499880">
    <ele>751.2</ele>
   </trkpt>
   <trkpt lat="-26.2804970" lon="-51.0500110">
    <ele>751.2</ele>
   </trkpt>
   <trkpt lat="-26.2804710" lon="-51.0500390">
    <ele>751.3</ele>
   </trkpt>
   <trkpt lat="-26.2804660" lon="-51.0500490">
    <ele>751.3</ele>
   </trkpt>
   <trkpt lat="-26.2804380" lon="-51.0500730">
    <ele>751.3</ele>
   </trkpt>
   <trkpt lat="-26.2804180" lon="-51.0500920">
    <ele>751.3</ele>
   </trkpt>
   <trkpt lat="-26.2803980" lon="-51.0501160">
    <ele>751.4</ele>
   </trkpt>
   <trkpt lat="-26.2803780" lon="-51.0501370">
    <ele>751.4</ele>
   </trkpt>
   <trkpt lat="-26.2803560" lon="-51.0501590">
    <ele>751.4</ele>
   </trkpt>
   <trkpt lat="-26.2803320" lon="-51.0501810">
    <ele>751.5</ele>
   </trkpt>
   <trkpt lat="-26.2803140" lon="-51.0502040">
    <ele>751.5</ele>
   </trkpt>
   <trkpt lat="-26.2802910" lon="-51.0502240">
    <ele>751.6</ele>
   </trkpt>
   <trkpt lat="-26.2802700" lon="-51.0502480">
    <ele>751.6</ele>
   </trkpt>
   <trkpt lat="-26.2802510" lon="-51.0502710">
    <ele>751.7</ele>
   </trkpt>
   <trkpt lat="-26.2802290" lon="-51.0502950">
    <ele>751.7</ele>
   </trkpt>
   <trkpt lat="-26.2802110" lon="-51.0503190">
    <ele>751.7</ele>
   </trkpt>
   <trkpt lat="-26.2801900" lon="-51.0503460">
    <ele>751.8</ele>
   </trkpt>
   <trkpt lat="-26.2801700" lon="-51.0503720">
    <ele>751.8</ele>
   </trkpt>
   <trkpt lat="-26.2801440" lon="-51.0504110">
    <ele>751.8</ele>
   </trkpt>
   <trkpt lat="-26.2801350" lon="-51.0504270">
    <ele>751.8</ele>
   </trkpt>
   <trkpt lat="-26.2801120" lon="-51.0504650">
    <ele>751.8</ele>
   </trkpt>
   <trkpt lat="-26.2801030" lon="-51.0504780">
    <ele>751.8</ele>
   </trkpt>
   <trkpt lat="-26.2800880" lon="-51.0505050">
    <ele>751.8</ele>
   </trkpt>
   <trkpt lat="-26.2800700" lon="-51.0505330">
    <ele>751.9</ele>
   </trkpt>
   <trkpt lat="-26.2800450" lon="-51.0505580">
    <ele>751.9</ele>
   </trkpt>
   <trkpt lat="-26.2800260" lon="-51.0505890">
    <ele>751.9</ele>
   </trkpt>
   <trkpt lat="-26.2800040" lon="-51.0506170">
    <ele>751.9</ele>
   </trkpt>
   <trkpt lat="-26.2799850" lon="-51.0506450">
    <ele>751.9</ele>
   </trkpt>
   <trkpt lat="-26.2799640" lon="-51.0506780">
    <ele>751.9</ele>
   </trkpt>
   <trkpt lat="-26.2799460" lon="-51.0507090">
    <ele>751.9</ele>
   </trkpt>
   <trkpt lat="-26.2799230" lon="-51.0507340">
    <ele>751.9</ele>
   </trkpt>
   <trkpt lat="-26.2799090" lon="-51.0507610">
    <ele>751.9</ele>
   </trkpt>
   <trkpt lat="-26.2798900" lon="-51.0507960">
    <ele>751.9</ele>
   </trkpt>
   <trkpt lat="-26.2798680" lon="-51.0508270">
    <ele>751.9</ele>
   </trkpt>
   <trkpt lat="-26.2798460" lon="-51.0508580">
    <ele>751.8</ele>
   </trkpt>
   <trkpt lat="-26.2798250" lon="-51.0508890">
    <ele>751.8</ele>
   </trkpt>
   <trkpt lat="-26.2798050" lon="-51.0509250">
    <ele>751.8</ele>
   </trkpt>
   <trkpt lat="-26.2797820" lon="-51.0509560">
    <ele>751.8</ele>
   </trkpt>
   <trkpt lat="-26.2797640" lon="-51.0509870">
    <ele>751.8</ele>
   </trkpt>
   <trkpt lat="-26.2797410" lon="-51.0510190">
    <ele>751.8</ele>
   </trkpt>
   <trkpt lat="-26.2797160" lon="-51.0510500">
    <ele>751.7</ele>
   </trkpt>
   <trkpt lat="-26.2796940" lon="-51.0510830">
    <ele>751.7</ele>
   </trkpt>
   <trkpt lat="-26.2796690" lon="-51.0511140">
    <ele>751.7</ele>
   </trkpt>
   <trkpt lat="-26.2796460" lon="-51.0511460">
    <ele>751.7</ele>
   </trkpt>
   <trkpt lat="-26.2796210" lon="-51.0511780">
    <ele>751.7</ele>
   </trkpt>
   <trkpt lat="-26.2796000" lon="-51.0512090">
    <ele>751.6</ele>
   </trkpt>
   <trkpt lat="-26.2795760" lon="-51.0512410">
    <ele>751.6</ele>
   </trkpt>
   <trkpt lat="-26.2795530" lon="-51.0512690">
    <ele>751.6</ele>
   </trkpt>
   <trkpt lat="-26.2795320" lon="-51.0512970">
    <ele>751.6</ele>
   </trkpt>
   <trkpt lat="-26.2795080" lon="-51.0513290">
    <ele>751.6</ele>
   </trkpt>
   <trkpt lat="-26.2794890" lon="-51.0513630">
    <ele>751.6</ele>
   </trkpt>
   <trkpt lat="-26.2794680" lon="-51.0513960">
    <ele>751.6</ele>
   </trkpt>
   <trkpt lat="-26.2794390" lon="-51.0514280">
    <ele>751.6</ele>
   </trkpt>
   <trkpt lat="-26.2794140" lon="-51.0514560">
    <ele>751.6</ele>
   </trkpt>
   <trkpt lat="-26.2794170" lon="-51.0514920">
    <ele>751.6</ele>
   </trkpt>
   <trkpt lat="-26.2793860" lon="-51.0515210">
    <ele>751.6</ele>
   </trkpt>
   <trkpt lat="-26.2793550" lon="-51.0515510">
    <ele>751.5</ele>
   </trkpt>
   <trkpt lat="-26.2793340" lon="-51.0515830">
    <ele>751.5</ele>
   </trkpt>
   <trkpt lat="-26.2793190" lon="-51.0516200">
    <ele>751.5</ele>
   </trkpt>
   <trkpt lat="-26.2793020" lon="-51.0516580">
    <ele>751.5</ele>
   </trkpt>
   <trkpt lat="-26.2792820" lon="-51.0516910">
    <ele>751.4</ele>
   </trkpt>
   <trkpt lat="-26.2792600" lon="-51.0517190">
    <ele>751.4</ele>
   </trkpt>
   <trkpt lat="-26.2792330" lon="-51.0517530">
    <ele>751.4</ele>
   </trkpt>
   <trkpt lat="-26.2792110" lon="-51.0517890">
    <ele>751.4</ele>
   </trkpt>
   <trkpt lat="-26.2791770" lon="-51.0518230">
    <ele>751.4</ele>
   </trkpt>
   <trkpt lat="-26.2791460" lon="-51.0518600">
    <ele>751.3</ele>
   </trkpt>
   <trkpt lat="-26.2791240" lon="-51.0518910">
    <ele>751.3</ele>
   </trkpt>
   <trkpt lat="-26.2791060" lon="-51.0519230">
    <ele>751.3</ele>
   </trkpt>
   <trkpt lat="-26.2790760" lon="-51.0519510">
    <ele>751.3</ele>
   </trkpt>
   <trkpt lat="-26.2790460" lon="-51.0519820">
    <ele>751.3</ele>
   </trkpt>
   <trkpt lat="-26.2790190" lon="-51.0520140">
    <ele>751.2</ele>
   </trkpt>
   <trkpt lat="-26.2790000" lon="-51.0520470">
    <ele>751.2</ele>
   </trkpt>
   <trkpt lat="-26.2789660" lon="-51.0520750">
    <ele>751.2</ele>
   </trkpt>
   <trkpt lat="-26.2789400" lon="-51.0521050">
    <ele>751.2</ele>
   </trkpt>
   <trkpt lat="-26.2789150" lon="-51.0521340">
    <ele>751.1</ele>
   </trkpt>
   <trkpt lat="-26.2788880" lon="-51.0521650">
    <ele>751.1</ele>
   </trkpt>
   <trkpt lat="-26.2788610" lon="-51.0521940">
    <ele>751.1</ele>
   </trkpt>
   <trkpt lat="-26.2788380" lon="-51.0522210">
    <ele>751.1</ele>
   </trkpt>
   <trkpt lat="-26.2788150" lon="-51.0522470">
    <ele>751.1</ele>
   </trkpt>
   <trkpt lat="-26.2787900" lon="-51.0522730">
    <ele>751.0</ele>
   </trkpt>
   <trkpt lat="-26.2787660" lon="-51.0522940">
    <ele>751.0</ele>
   </trkpt>
   <trkpt lat="-26.2787410" lon="-51.0523150">
    <ele>751.0</ele>
   </trkpt>
   <trkpt lat="-26.2787150" lon="-51.0523510">
    <ele>751.0</ele>
   </trkpt>
   <trkpt lat="-26.2787030" lon="-51.0523640">
    <ele>751.0</ele>
   </trkpt>
   <trkpt lat="-26.2786840" lon="-51.0523860">
    <ele>751.0</ele>
   </trkpt>
   <trkpt lat="-26.2786650" lon="-51.0524100">
    <ele>751.0</ele>
   </trkpt>
   <trkpt lat="-26.2786400" lon="-51.0524340">
    <ele>750.9</ele>
   </trkpt>
   <trkpt lat="-26.2786140" lon="-51.0524570">
    <ele>750.9</ele>
   </trkpt>
   <trkpt lat="-26.2785920" lon="-51.0524820">
    <ele>750.9</ele>
   </trkpt>
   <trkpt lat="-26.2785640" lon="-51.0525080">
    <ele>750.9</ele>
   </trkpt>
   <trkpt lat="-26.2785380" lon="-51.0525270">
    <ele>750.8</ele>
   </trkpt>
   <trkpt lat="-26.2785050" lon="-51.0525490">
    <ele>750.8</ele>
   </trkpt>
   <trkpt lat="-26.2784770" lon="-51.0525670">
    <ele>750.8</ele>
   </trkpt>
   <trkpt lat="-26.2784500" lon="-51.0525940">
    <ele>750.8</ele>
   </trkpt>
   <trkpt lat="-26.2784220" lon="-51.0526130">
    <ele>750.8</ele>
   </trkpt>
   <trkpt lat="-26.2783930" lon="-51.0526290">
    <ele>750.8</ele>
   </trkpt>
   <trkpt lat="-26.2783600" lon="-51.0526570">
    <ele>750.8</ele>
   </trkpt>
   <trkpt lat="-26.2783340" lon="-51.0526740">
    <ele>750.7</ele>
   </trkpt>
   <trkpt lat="-26.2783100" lon="-51.0526950">
    <ele>750.7</ele>
   </trkpt>
   <trkpt lat="-26.2782810" lon="-51.0527150">
    <ele>750.7</ele>
   </trkpt>
   <trkpt lat="-26.2782580" lon="-51.0527350">
    <ele>750.7</ele>
   </trkpt>
   <trkpt lat="-26.2782370" lon="-51.0527540">
    <ele>750.7</ele>
   </trkpt>
   <trkpt lat="-26.2782110" lon="-51.0527740">
    <ele>750.7</ele>
   </trkpt>
   <trkpt lat="-26.2782010" lon="-51.0527830">
    <ele>750.7</ele>
   </trkpt>
   <trkpt lat="-26.2781770" lon="-51.0527980">
    <ele>750.7</ele>
   </trkpt>
   <trkpt lat="-26.2781470" lon="-51.0528300">
    <ele>750.7</ele>
   </trkpt>
   <trkpt lat="-26.2781330" lon="-51.0528390">
    <ele>750.7</ele>
   </trkpt>
   <trkpt lat="-26.2781050" lon="-51.0528480">
    <ele>750.6</ele>
   </trkpt>
   <trkpt lat="-26.2780780" lon="-51.0528680">
    <ele>750.6</ele>
   </trkpt>
   <trkpt lat="-26.2780430" lon="-51.0528880">
    <ele>750.6</ele>
   </trkpt>
   <trkpt lat="-26.2780090" lon="-51.0529180">
    <ele>750.6</ele>
   </trkpt>
   <trkpt lat="-26.2779930" lon="-51.0529280">
    <ele>750.6</ele>
   </trkpt>
   <trkpt lat="-26.2779690" lon="-51.0529480">
    <ele>750.6</ele>
   </trkpt>
   <trkpt lat="-26.2779380" lon="-51.0529680">
    <ele>750.5</ele>
   </trkpt>
   <trkpt lat="-26.2779080" lon="-51.0529880">
    <ele>750.5</ele>
   </trkpt>
   <trkpt lat="-26.2778810" lon="-51.0530090">
    <ele>750.5</ele>
   </trkpt>
   <trkpt lat="-26.2778520" lon="-51.0530260">
    <ele>750.5</ele>
   </trkpt>
   <trkpt lat="-26.2778220" lon="-51.0530450">
    <ele>750.5</ele>
   </trkpt>
   <trkpt lat="-26.2777890" lon="-51.0530610">
    <ele>750.5</ele>
   </trkpt>
   <trkpt lat="-26.2777760" lon="-51.0530680">
    <ele>750.5</ele>
   </trkpt>
   <trkpt lat="-26.2777520" lon="-51.0530870">
    <ele>750.4</ele>
   </trkpt>
   <trkpt lat="-26.2777270" lon="-51.0531040">
    <ele>750.4</ele>
   </trkpt>
   <trkpt lat="-26.2776990" lon="-51.0531200">
    <ele>750.4</ele>
   </trkpt>
   <trkpt lat="-26.2776740" lon="-51.0531370">
    <ele>750.4</ele>
   </trkpt>
   <trkpt lat="-26.2776440" lon="-51.0531520">
    <ele>750.4</ele>
   </trkpt>
   <trkpt lat="-26.2776180" lon="-51.0531660">
    <ele>750.4</ele>
   </trkpt>
   <trkpt lat="-26.2775920" lon="-51.0531820">
    <ele>750.4</ele>
   </trkpt>
   <trkpt lat="-26.2775650" lon="-51.0531960">
    <ele>750.4</ele>
   </trkpt>
   <trkpt lat="-26.2775370" lon="-51.0532090">
    <ele>750.4</ele>
   </trkpt>
   <trkpt lat="-26.2775060" lon="-51.0532220">
    <ele>750.4</ele>
   </trkpt>
   <trkpt lat="-26.2774760" lon="-51.0532320">
    <ele>750.4</ele>
   </trkpt>
   <trkpt lat="-26.2774470" lon="-51.0532440">
    <ele>750.4</ele>
   </trkpt>
   <trkpt lat="-26.2774140" lon="-51.0532580">
    <ele>750.4</ele>
   </trkpt>
   <trkpt lat="-26.2773810" lon="-51.0532720">
    <ele>750.4</ele>
   </trkpt>
   <trkpt lat="-26.2773500" lon="-51.0532870">
    <ele>750.4</ele>
   </trkpt>
   <trkpt lat="-26.2773170" lon="-51.0533010">
    <ele>750.4</ele>
   </trkpt>
   <trkpt lat="-26.2772850" lon="-51.0533150">
    <ele>750.4</ele>
   </trkpt>
   <trkpt lat="-26.2772530" lon="-51.0533310">
    <ele>750.4</ele>
   </trkpt>
   <trkpt lat="-26.2772230" lon="-51.0533350">
    <ele>750.4</ele>
   </trkpt>
   <trkpt lat="-26.2771900" lon="-51.0533550">
    <ele>750.5</ele>
   </trkpt>
   <trkpt lat="-26.2771550" lon="-51.0533670">
    <ele>750.5</ele>
   </trkpt>
   <trkpt lat="-26.2771220" lon="-51.0533790">
    <ele>750.5</ele>
   </trkpt>
   <trkpt lat="-26.2770920" lon="-51.0533900">
    <ele>750.5</ele>
   </trkpt>
   <trkpt lat="-26.2770590" lon="-51.0534030">
    <ele>750.5</ele>
   </trkpt>
   <trkpt lat="-26.2770280" lon="-51.0534100">
    <ele>750.6</ele>
   </trkpt>
   <trkpt lat="-26.2769910" lon="-51.0534240">
    <ele>750.6</ele>
   </trkpt>
   <trkpt lat="-26.2769580" lon="-51.0534360">
    <ele>750.6</ele>
   </trkpt>
   <trkpt lat="-26.2769240" lon="-51.0534520">
    <ele>750.6</ele>
   </trkpt>
   <trkpt lat="-26.2768920" lon="-51.0534600">
    <ele>750.6</ele>
   </trkpt>
   <trkpt lat="-26.2768590" lon="-51.0534720">
    <ele>750.6</ele>
   </trkpt>
   <trkpt lat="-26.2768320" lon="-51.0534850">
    <ele>750.6</ele>
   </trkpt>
   <trkpt lat="-26.2767990" lon="-51.0535000">
    <ele>750.6</ele>
   </trkpt>
   <trkpt lat="-26.2767650" lon="-51.0535130">
    <ele>750.6</ele>
   </trkpt>
   <trkpt lat="-26.2767360" lon="-51.0535210">
    <ele>750.6</ele>
   </trkpt>
   <trkpt lat="-26.2767000" lon="-51.0535370">
    <ele>750.6</ele>
   </trkpt>
   <trkpt lat="-26.2766710" lon="-51.0535520">
    <ele>750.6</ele>
   </trkpt>
   <trkpt lat="-26.2766330" lon="-51.0535630">
    <ele>750.6</ele>
   </trkpt>
   <trkpt lat="-26.2765990" lon="-51.0535710">
    <ele>750.6</ele>
   </trkpt>
   <trkpt lat="-26.2765640" lon="-51.0535840">
    <ele>750.6</ele>
   </trkpt>
   <trkpt lat="-26.2765320" lon="-51.0535920">
    <ele>750.6</ele>
   </trkpt>
   <trkpt lat="-26.2764980" lon="-51.0536040">
    <ele>750.6</ele>
   </trkpt>
   <trkpt lat="-26.2764660" lon="-51.0536090">
    <ele>750.6</ele>
   </trkpt>
   <trkpt lat="-26.2764310" lon="-51.0536190">
    <ele>750.6</ele>
   </trkpt>
   <trkpt lat="-26.2763910" lon="-51.0536300">
    <ele>750.6</ele>
   </trkpt>
   <trkpt lat="-26.2763560" lon="-51.0536390">
    <ele>750.7</ele>
   </trkpt>
   <trkpt lat="-26.2763230" lon="-51.0536520">
    <ele>750.7</ele>
   </trkpt>
   <trkpt lat="-26.2762870" lon="-51.0536600">
    <ele>750.7</ele>
   </trkpt>
   <trkpt lat="-26.2762560" lon="-51.0536680">
    <ele>750.7</ele>
   </trkpt>
   <trkpt lat="-26.2762210" lon="-51.0536800">
    <ele>750.7</ele>
   </trkpt>
   <trkpt lat="-26.2761900" lon="-51.0536920">
    <ele>750.7</ele>
   </trkpt>
   <trkpt lat="-26.2761600" lon="-51.0537020">
    <ele>750.8</ele>
   </trkpt>
   <trkpt lat="-26.2761300" lon="-51.0537090">
    <ele>750.8</ele>
   </trkpt>
   <trkpt lat="-26.2760990" lon="-51.0537190">
    <ele>750.8</ele>
   </trkpt>
   <trkpt lat="-26.2760640" lon="-51.0537230">
    <ele>750.8</ele>
   </trkpt>
   <trkpt lat="-26.2760520" lon="-51.0537220">
    <ele>750.8</ele>
   </trkpt>
   <trkpt lat="-26.2760210" lon="-51.0537330">
    <ele>750.9</ele>
   </trkpt>
   <trkpt lat="-26.2760100" lon="-51.0537370">
    <ele>750.9</ele>
   </trkpt>
   <trkpt lat="-26.2759780" lon="-51.0537400">
    <ele>751.0</ele>
   </trkpt>
   <trkpt lat="-26.2759390" lon="-51.0537430">
    <ele>751.0</ele>
   </trkpt>
   <trkpt lat="-26.2759260" lon="-51.0537440">
    <ele>751.1</ele>
   </trkpt>
   <trkpt lat="-26.2758980" lon="-51.0537450">
    <ele>751.2</ele>
   </trkpt>
   <trkpt lat="-26.2758630" lon="-51.0537490">
    <ele>751.2</ele>
   </trkpt>
   <trkpt lat="-26.2758490" lon="-51.0537500">
    <ele>751.2</ele>
   </trkpt>
   <trkpt lat="-26.2758090" lon="-51.0537490">
    <ele>751.3</ele>
   </trkpt>
   <trkpt lat="-26.2757960" lon="-51.0537490">
    <ele>751.3</ele>
   </trkpt>
   <trkpt lat="-26.2757690" lon="-51.0537520">
    <ele>751.4</ele>
   </trkpt>
   <trkpt lat="-26.2757390" lon="-51.0537530">
    <ele>751.4</ele>
   </trkpt>
   <trkpt lat="-26.2757020" lon="-51.0537550">
    <ele>751.5</ele>
   </trkpt>
   <trkpt lat="-26.2756900" lon="-51.0537570">
    <ele>751.5</ele>
   </trkpt>
   <trkpt lat="-26.2756500" lon="-51.0537650">
    <ele>751.6</ele>
   </trkpt>
   <trkpt lat="-26.2756350" lon="-51.0537680">
    <ele>751.6</ele>
   </trkpt>
   <trkpt lat="-26.2756080" lon="-51.0537620">
    <ele>751.6</ele>
   </trkpt>
   <trkpt lat="-26.2755720" lon="-51.0537780">
    <ele>751.7</ele>
   </trkpt>
   <trkpt lat="-26.2755610" lon="-51.0537870">
    <ele>751.7</ele>
   </trkpt>
   <trkpt lat="-26.2755310" lon="-51.0538050">
    <ele>751.8</ele>
   </trkpt>
   <trkpt lat="-26.2755180" lon="-51.0538080">
    <ele>751.8</ele>
   </trkpt>
   <trkpt lat="-26.2754830" lon="-51.0538160">
    <ele>751.9</ele>
   </trkpt>
   <trkpt lat="-26.2754720" lon="-51.0538180">
    <ele>751.9</ele>
   </trkpt>
   <trkpt lat="-26.2754530" lon="-51.0538220">
    <ele>751.9</ele>
   </trkpt>
   <trkpt lat="-26.2754410" lon="-51.0538260">
    <ele>751.9</ele>
   </trkpt>
   <trkpt lat="-26.2754270" lon="-51.0538270">
    <ele>752.0</ele>
   </trkpt>
   <trkpt lat="-26.2754120" lon="-51.0538340">
    <ele>752.0</ele>
   </trkpt>
   <trkpt lat="-26.2753830" lon="-51.0538360">
    <ele>752.0</ele>
   </trkpt>
   <trkpt lat="-26.2753740" lon="-51.0538370">
    <ele>752.0</ele>
   </trkpt>
   <trkpt lat="-26.2753460" lon="-51.0538450">
    <ele>752.1</ele>
   </trkpt>
   <trkpt lat="-26.2753350" lon="-51.0538510">
    <ele>752.1</ele>
   </trkpt>
   <trkpt lat="-26.2753160" lon="-51.0538560">
    <ele>752.1</ele>
   </trkpt>
   <trkpt lat="-26.2753000" lon="-51.0538570">
    <ele>752.2</ele>
   </trkpt>
   <trkpt lat="-26.2752920" lon="-51.0538550">
    <ele>752.2</ele>
   </trkpt>
   <trkpt lat="-26.2752920" lon="-51.0538560">
    <ele>752.2</ele>
   </trkpt>
   <trkpt lat="-26.2752900" lon="-51.0538560">
    <ele>752.2</ele>
   </trkpt>
   <trkpt lat="-26.2752900" lon="-51.0538570">
    <ele>752.2</ele>
   </trkpt>
   <trkpt lat="-26.2752900" lon="-51.0538570">
    <ele>752.2</ele>
   </trkpt>
   <trkpt lat="-26.2752900" lon="-51.0538550">
    <ele>752.2</ele>
   </trkpt>
   <trkpt lat="-26.2752900" lon="-51.0538570">
    <ele>752.2</ele>
   </trkpt>
   <trkpt lat="-26.2752870" lon="-51.0538580">
    <ele>752.2</ele>
   </trkpt>
   <trkpt lat="-26.2752730" lon="-51.0538580">
    <ele>752.2</ele>
   </trkpt>
   <trkpt lat="-26.2752510" lon="-51.0538630">
    <ele>752.3</ele>
   </trkpt>
   <trkpt lat="-26.2752410" lon="-51.0538670">
    <ele>752.3</ele>
   </trkpt>
   <trkpt lat="-26.2752310" lon="-51.0538710">
    <ele>752.3</ele>
   </trkpt>
   <trkpt lat="-26.2752150" lon="-51.0538800">
    <ele>752.3</ele>
   </trkpt>
   <trkpt lat="-26.2751990" lon="-51.0538850">
    <ele>752.4</ele>
   </trkpt>
   <trkpt lat="-26.2751720" lon="-51.0538880">
    <ele>752.4</ele>
   </trkpt>
   <trkpt lat="-26.2751630" lon="-51.0538880">
    <ele>752.4</ele>
   </trkpt>
   <trkpt lat="-26.2751310" lon="-51.0538960">
    <ele>752.5</ele>
   </trkpt>
   <trkpt lat="-26.2751200" lon="-51.0538980">
    <ele>752.5</ele>
   </trkpt>
   <trkpt lat="-26.2750900" lon="-51.0539050">
    <ele>752.6</ele>
   </trkpt>
   <trkpt lat="-26.2750770" lon="-51.0539070">
    <ele>752.6</ele>
   </trkpt>
   <trkpt lat="-26.2750430" lon="-51.0539110">
    <ele>752.7</ele>
   </trkpt>
   <trkpt lat="-26.2750310" lon="-51.0539130">
    <ele>752.7</ele>
   </trkpt>
   <trkpt lat="-26.2749970" lon="-51.0539280">
    <ele>752.8</ele>
   </trkpt>
   <trkpt lat="-26.2749840" lon="-51.0539330">
    <ele>752.8</ele>
   </trkpt>
   <trkpt lat="-26.2749490" lon="-51.0539350">
    <ele>752.9</ele>
   </trkpt>
   <trkpt lat="-26.2749370" lon="-51.0539360">
    <ele>752.9</ele>
   </trkpt>
   <trkpt lat="-26.2749080" lon="-51.0539490">
    <ele>753.0</ele>
   </trkpt>
   <trkpt lat="-26.2748960" lon="-51.0539530">
    <ele>753.0</ele>
   </trkpt>
   <trkpt lat="-26.2748710" lon="-51.0539650">
    <ele>753.0</ele>
   </trkpt>
   <trkpt lat="-26.2748450" lon="-51.0539820">
    <ele>753.1</ele>
   </trkpt>
   <trkpt lat="-26.2748360" lon="-51.0539870">
    <ele>753.1</ele>
   </trkpt>
   <trkpt lat="-26.2748090" lon="-51.0540080">
    <ele>753.2</ele>
   </trkpt>
   <trkpt lat="-26.2748000" lon="-51.0540140">
    <ele>753.2</ele>
   </trkpt>
   <trkpt lat="-26.2747740" lon="-51.0540400">
    <ele>753.2</ele>
   </trkpt>
   <trkpt lat="-26.2747650" lon="-51.0540460">
    <ele>753.2</ele>
   </trkpt>
   <trkpt lat="-26.2747360" lon="-51.0540710">
    <ele>753.3</ele>
   </trkpt>
   <trkpt lat="-26.2747250" lon="-51.0540800">
    <ele>753.3</ele>
   </trkpt>
   <trkpt lat="-26.2746910" lon="-51.0540960">
    <ele>753.3</ele>
   </trkpt>
   <trkpt lat="-26.2746780" lon="-51.0541020">
    <ele>753.4</ele>
   </trkpt>
   <trkpt lat="-26.2746440" lon="-51.0541210">
    <ele>753.4</ele>
   </trkpt>
   <trkpt lat="-26.2746330" lon="-51.0541280">
    <ele>753.4</ele>
   </trkpt>
   <trkpt lat="-26.2745990" lon="-51.0541490">
    <ele>753.5</ele>
   </trkpt>
   <trkpt lat="-26.2745860" lon="-51.0541590">
    <ele>753.5</ele>
   </trkpt>
   <trkpt lat="-26.2745600" lon="-51.0541720">
    <ele>753.5</ele>
   </trkpt>
   <trkpt lat="-26.2745210" lon="-51.0541820">
    <ele>753.5</ele>
   </trkpt>
   <trkpt lat="-26.2745030" lon="-51.0541920">
    <ele>753.6</ele>
   </trkpt>
   <trkpt lat="-26.2744740" lon="-51.0542010">
    <ele>753.6</ele>
   </trkpt>
   <trkpt lat="-26.2744480" lon="-51.0542090">
    <ele>753.6</ele>
   </trkpt>
   <trkpt lat="-26.2744220" lon="-51.0542220">
    <ele>753.6</ele>
   </trkpt>
   <trkpt lat="-26.2743930" lon="-51.0542330">
    <ele>753.6</ele>
   </trkpt>
   <trkpt lat="-26.2743630" lon="-51.0542450">
    <ele>753.6</ele>
   </trkpt>
   <trkpt lat="-26.2743290" lon="-51.0542620">
    <ele>753.6</ele>
   </trkpt>
   <trkpt lat="-26.2743130" lon="-51.0542660">
    <ele>753.6</ele>
   </trkpt>
   <trkpt lat="-26.2742790" lon="-51.0542880">
    <ele>753.7</ele>
   </trkpt>
   <trkpt lat="-26.2742660" lon="-51.0542940">
    <ele>753.7</ele>
   </trkpt>
   <trkpt lat="-26.2742370" lon="-51.0543040">
    <ele>753.7</ele>
   </trkpt>
   <trkpt lat="-26.2742110" lon="-51.0543130">
    <ele>753.7</ele>
   </trkpt>
   <trkpt lat="-26.2741810" lon="-51.0543210">
    <ele>753.7</ele>
   </trkpt>
   <trkpt lat="-26.2741510" lon="-51.0543350">
    <ele>753.7</ele>
   </trkpt>
   <trkpt lat="-26.2741240" lon="-51.0543450">
    <ele>753.7</ele>
   </trkpt>
   <trkpt lat="-26.2740900" lon="-51.0543490">
    <ele>753.7</ele>
   </trkpt>
   <trkpt lat="-26.2740550" lon="-51.0543610">
    <ele>753.7</ele>
   </trkpt>
   <trkpt lat="-26.2740270" lon="-51.0543700">
    <ele>753.7</ele>
   </trkpt>
   <trkpt lat="-26.2739960" lon="-51.0543790">
    <ele>753.7</ele>
   </trkpt>
   <trkpt lat="-26.2739660" lon="-51.0543900">
    <ele>753.7</ele>
   </trkpt>
   <trkpt lat="-26.2739320" lon="-51.0543980">
    <ele>753.7</ele>
   </trkpt>
   <trkpt lat="-26.2739060" lon="-51.0544060">
    <ele>753.7</ele>
   </trkpt>
   <trkpt lat="-26.2738650" lon="-51.0544200">
    <ele>753.7</ele>
   </trkpt>
   <trkpt lat="-26.2738220" lon="-51.0544290">
    <ele>753.7</ele>
   </trkpt>
   <trkpt lat="-26.2738050" lon="-51.0544330">
    <ele>753.7</ele>
   </trkpt>
   <trkpt lat="-26.2737760" lon="-51.0544400">
    <ele>753.7</ele>
   </trkpt>
   <trkpt lat="-26.2737430" lon="-51.0544490">
    <ele>753.7</ele>
   </trkpt>
   <trkpt lat="-26.2737130" lon="-51.0544630">
    <ele>753.7</ele>
   </trkpt>
   <trkpt lat="-26.2736800" lon="-51.0544710">
    <ele>753.7</ele>
   </trkpt>
   <trkpt lat="-26.2736510" lon="-51.0544790">
    <ele>753.7</ele>
   </trkpt>
   <trkpt lat="-26.2736190" lon="-51.0544910">
    <ele>753.7</ele>
   </trkpt>
   <trkpt lat="-26.2735910" lon="-51.0544950">
    <ele>753.7</ele>
   </trkpt>
   <trkpt lat="-26.2735620" lon="-51.0545050">
    <ele>753.7</ele>
   </trkpt>
   <trkpt lat="-26.2735290" lon="-51.0545110">
    <ele>753.7</ele>
   </trkpt>
   <trkpt lat="-26.2734970" lon="-51.0545240">
    <ele>753.7</ele>
   </trkpt>
   <trkpt lat="-26.2734700" lon="-51.0545350">
    <ele>753.7</ele>
   </trkpt>
   <trkpt lat="-26.2734350" lon="-51.0545410">
    <ele>753.7</ele>
   </trkpt>
   <trkpt lat="-26.2734060" lon="-51.0545530">
    <ele>753.7</ele>
   </trkpt>
   <trkpt lat="-26.2733750" lon="-51.0545610">
    <ele>753.7</ele>
   </trkpt>
   <trkpt lat="-26.2733410" lon="-51.0545740">
    <ele>753.7</ele>
   </trkpt>
   <trkpt lat="-26.2733080" lon="-51.0545860">
    <ele>753.7</ele>
   </trkpt>
   <trkpt lat="-26.2732710" lon="-51.0545940">
    <ele>753.7</ele>
   </trkpt>
   <trkpt lat="-26.2732350" lon="-51.0545990">
    <ele>753.7</ele>
   </trkpt>
   <trkpt lat="-26.2731990" lon="-51.0546120">
    <ele>753.7</ele>
   </trkpt>
   <trkpt lat="-26.2731630" lon="-51.0546270">
    <ele>753.7</ele>
   </trkpt>
   <trkpt lat="-26.2731290" lon="-51.0546370">
    <ele>753.7</ele>
   </trkpt>
   <trkpt lat="-26.2730950" lon="-51.0546500">
    <ele>753.7</ele>
   </trkpt>
   <trkpt lat="-26.2730590" lon="-51.0546590">
    <ele>753.7</ele>
   </trkpt>
   <trkpt lat="-26.2730200" lon="-51.0546690">
    <ele>753.7</ele>
   </trkpt>
   <trkpt lat="-26.2729840" lon="-51.0546790">
    <ele>753.6</ele>
   </trkpt>
   <trkpt lat="-26.2729490" lon="-51.0546910">
    <ele>753.6</ele>
   </trkpt>
   <trkpt lat="-26.2729110" lon="-51.0547020">
    <ele>753.6</ele>
   </trkpt>
   <trkpt lat="-26.2728690" lon="-51.0547180">
    <ele>753.5</ele>
   </trkpt>
   <trkpt lat="-26.2728310" lon="-51.0547320">
    <ele>753.5</ele>
   </trkpt>
   <trkpt lat="-26.2727950" lon="-51.0547430">
    <ele>753.4</ele>
   </trkpt>
   <trkpt lat="-26.2727600" lon="-51.0547540">
    <ele>753.3</ele>
   </trkpt>
   <trkpt lat="-26.2727190" lon="-51.0547630">
    <ele>753.3</ele>
   </trkpt>
   <trkpt lat="-26.2726820" lon="-51.0547750">
    <ele>753.2</ele>
   </trkpt>
   <trkpt lat="-26.2726420" lon="-51.0547870">
    <ele>753.1</ele>
   </trkpt>
   <trkpt lat="-26.2726010" lon="-51.0548000">
    <ele>753.0</ele>
   </trkpt>
   <trkpt lat="-26.2725570" lon="-51.0548130">
    <ele>752.9</ele>
   </trkpt>
   <trkpt lat="-26.2725040" lon="-51.0548310">
    <ele>752.7</ele>
   </trkpt>
   <trkpt lat="-26.2724660" lon="-51.0548400">
    <ele>752.6</ele>
   </trkpt>
   <trkpt lat="-26.2724130" lon="-51.0548630">
    <ele>752.4</ele>
   </trkpt>
   <trkpt lat="-26.2723620" lon="-51.0548820">
    <ele>752.3</ele>
   </trkpt>
   <trkpt lat="-26.2723120" lon="-51.0548950">
    <ele>752.1</ele>
   </trkpt>
   <trkpt lat="-26.2722640" lon="-51.0549110">
    <ele>751.9</ele>
   </trkpt>
   <trkpt lat="-26.2722140" lon="-51.0549300">
    <ele>751.8</ele>
   </trkpt>
   <trkpt lat="-26.2721640" lon="-51.0549480">
    <ele>751.6</ele>
   </trkpt>
   <trkpt lat="-26.2721130" lon="-51.0549640">
    <ele>751.5</ele>
   </trkpt>
   <trkpt lat="-26.2720620" lon="-51.0549780">
    <ele>751.3</ele>
   </trkpt>
   <trkpt lat="-26.2720140" lon="-51.0549950">
    <ele>751.2</ele>
   </trkpt>
   <trkpt lat="-26.2719620" lon="-51.0550110">
    <ele>751.1</ele>
   </trkpt>
   <trkpt lat="-26.2719130" lon="-51.0550280">
    <ele>751.0</ele>
   </trkpt>
   <trkpt lat="-26.2718650" lon="-51.0550410">
    <ele>751.0</ele>
   </trkpt>
   <trkpt lat="-26.2718190" lon="-51.0550560">
    <ele>751.0</ele>
   </trkpt>
   <trkpt lat="-26.2717730" lon="-51.0550700">
    <ele>751.0</ele>
   </trkpt>
   <trkpt lat="-26.2717320" lon="-51.0550840">
    <ele>751.0</ele>
   </trkpt>
   <trkpt lat="-26.2716910" lon="-51.0550970">
    <ele>751.0</ele>
   </trkpt>
   <trkpt lat="-26.2716520" lon="-51.0551070">
    <ele>751.1</ele>
   </trkpt>
   <trkpt lat="-26.2716150" lon="-51.0551200">
    <ele>751.1</ele>
   </trkpt>
   <trkpt lat="-26.2715830" lon="-51.0551340">
    <ele>751.2</ele>
   </trkpt>
   <trkpt lat="-26.2715550" lon="-51.0551490">
    <ele>751.3</ele>
   </trkpt>
   <trkpt lat="-26.2715260" lon="-51.0551600">
    <ele>751.3</ele>
   </trkpt>
   <trkpt lat="-26.2714960" lon="-51.0551650">
    <ele>751.4</ele>
   </trkpt>
   <trkpt lat="-26.2714640" lon="-51.0551780">
    <ele>751.5</ele>
   </trkpt>
   <trkpt lat="-26.2714370" lon="-51.0551900">
    <ele>751.6</ele>
   </trkpt>
   <trkpt lat="-26.2714110" lon="-51.0552000">
    <ele>751.7</ele>
   </trkpt>
   <trkpt lat="-26.2713760" lon="-51.0552120">
    <ele>751.8</ele>
   </trkpt>
   <trkpt lat="-26.2713430" lon="-51.0552240">
    <ele>752.0</ele>
   </trkpt>
   <trkpt lat="-26.2713080" lon="-51.0552370">
    <ele>752.1</ele>
   </trkpt>
   <trkpt lat="-26.2712760" lon="-51.0552520">
    <ele>752.2</ele>
   </trkpt>
   <trkpt lat="-26.2712450" lon="-51.0552670">
    <ele>752.4</ele>
   </trkpt>
   <trkpt lat="-26.2712130" lon="-51.0552820">
    <ele>752.5</ele>
   </trkpt>
   <trkpt lat="-26.2711800" lon="-51.0552980">
    <ele>752.6</ele>
   </trkpt>
   <trkpt lat="-26.2711440" lon="-51.0553170">
    <ele>752.8</ele>
   </trkpt>
   <trkpt lat="-26.2711140" lon="-51.0553300">
    <ele>752.9</ele>
   </trkpt>
   <trkpt lat="-26.2710830" lon="-51.0553380">
    <ele>753.0</ele>
   </trkpt>
   <trkpt lat="-26.2710530" lon="-51.0553650">
    <ele>753.2</ele>
   </trkpt>
   <trkpt lat="-26.2710340" lon="-51.0553730">
    <ele>753.3</ele>
   </trkpt>
   <trkpt lat="-26.2710000" lon="-51.0553900">
    <ele>753.4</ele>
   </trkpt>
   <trkpt lat="-26.2709730" lon="-51.0554030">
    <ele>753.5</ele>
   </trkpt>
   <trkpt lat="-26.2709460" lon="-51.0554160">
    <ele>753.6</ele>
   </trkpt>
   <trkpt lat="-26.2709170" lon="-51.0554250">
    <ele>753.8</ele>
   </trkpt>
   <trkpt lat="-26.2708890" lon="-51.0554380">
    <ele>753.9</ele>
   </trkpt>
   <trkpt lat="-26.2708650" lon="-51.0554550">
    <ele>754.0</ele>
   </trkpt>
   <trkpt lat="-26.2708360" lon="-51.0554720">
    <ele>754.1</ele>
   </trkpt>
   <trkpt lat="-26.2708110" lon="-51.0554860">
    <ele>754.2</ele>
   </trkpt>
   <trkpt lat="-26.2707850" lon="-51.0555130">
    <ele>754.3</ele>
   </trkpt>
   <trkpt lat="-26.2707720" lon="-51.0555230">
    <ele>754.4</ele>
   </trkpt>
   <trkpt lat="-26.2707390" lon="-51.0555330">
    <ele>754.5</ele>
   </trkpt>
   <trkpt lat="-26.2707090" lon="-51.0555470">
    <ele>754.6</ele>
   </trkpt>
   <trkpt lat="-26.2706850" lon="-51.0555660">
    <ele>754.6</ele>
   </trkpt>
   <trkpt lat="-26.2706530" lon="-51.0555840">
    <ele>754.7</ele>
   </trkpt>
   <trkpt lat="-26.2706220" lon="-51.0556010">
    <ele>754.8</ele>
   </trkpt>
   <trkpt lat="-26.2705920" lon="-51.0556160">
    <ele>754.8</ele>
   </trkpt>
   <trkpt lat="-26.2705640" lon="-51.0556330">
    <ele>754.9</ele>
   </trkpt>
   <trkpt lat="-26.2705370" lon="-51.0556480">
    <ele>755.0</ele>
   </trkpt>
   <trkpt lat="-26.2705040" lon="-51.0556720">
    <ele>755.0</ele>
   </trkpt>
   <trkpt lat="-26.2704930" lon="-51.0556800">
    <ele>755.0</ele>
   </trkpt>
   <trkpt lat="-26.2704600" lon="-51.0557030">
    <ele>755.1</ele>
   </trkpt>
   <trkpt lat="-26.2704220" lon="-51.0557150">
    <ele>755.2</ele>
   </trkpt>
   <trkpt lat="-26.2703890" lon="-51.0557360">
    <ele>755.2</ele>
   </trkpt>
   <trkpt lat="-26.2703600" lon="-51.0557530">
    <ele>755.3</ele>
   </trkpt>
   <trkpt lat="-26.2703350" lon="-51.0557690">
    <ele>755.3</ele>
   </trkpt>
   <trkpt lat="-26.2703110" lon="-51.0557870">
    <ele>755.3</ele>
   </trkpt>
   <trkpt lat="-26.2702870" lon="-51.0558020">
    <ele>755.4</ele>
   </trkpt>
   <trkpt lat="-26.2702620" lon="-51.0558180">
    <ele>755.4</ele>
   </trkpt>
   <trkpt lat="-26.2702370" lon="-51.0558320">
    <ele>755.4</ele>
   </trkpt>
   <trkpt lat="-26.2702110" lon="-51.0558480">
    <ele>755.4</ele>
   </trkpt>
   <trkpt lat="-26.2701830" lon="-51.0558660">
    <ele>755.5</ele>
   </trkpt>
   <trkpt lat="-26.2701490" lon="-51.0558910">
    <ele>755.5</ele>
   </trkpt>
   <trkpt lat="-26.2701360" lon="-51.0558990">
    <ele>755.5</ele>
   </trkpt>
   <trkpt lat="-26.2701110" lon="-51.0559170">
    <ele>755.5</ele>
   </trkpt>
   <trkpt lat="-26.2700870" lon="-51.0559330">
    <ele>755.5</ele>
   </trkpt>
   <trkpt lat="-26.2700540" lon="-51.0559570">
    <ele>755.5</ele>
   </trkpt>
   <trkpt lat="-26.2700440" lon="-51.0559650">
    <ele>755.5</ele>
   </trkpt>
   <trkpt lat="-26.2700120" lon="-51.0559900">
    <ele>755.5</ele>
   </trkpt>
   <trkpt lat="-26.2700020" lon="-51.0559980">
    <ele>755.5</ele>
   </trkpt>
   <trkpt lat="-26.2699730" lon="-51.0560140">
    <ele>755.4</ele>
   </trkpt>
   <trkpt lat="-26.2699470" lon="-51.0560340">
    <ele>755.4</ele>
   </trkpt>
   <trkpt lat="-26.2699210" lon="-51.0560550">
    <ele>755.4</ele>
   </trkpt>
   <trkpt lat="-26.2698930" lon="-51.0560740">
    <ele>755.4</ele>
   </trkpt>
   <trkpt lat="-26.2698680" lon="-51.0560950">
    <ele>755.3</ele>
   </trkpt>
   <trkpt lat="-26.2698410" lon="-51.0561190">
    <ele>755.3</ele>
   </trkpt>
   <trkpt lat="-26.2698080" lon="-51.0561410">
    <ele>755.2</ele>
   </trkpt>
   <trkpt lat="-26.2697800" lon="-51.0561670">
    <ele>755.1</ele>
   </trkpt>
   <trkpt lat="-26.2697540" lon="-51.0561920">
    <ele>755.1</ele>
   </trkpt>
   <trkpt lat="-26.2697260" lon="-51.0562170">
    <ele>755.0</ele>
   </trkpt>
   <trkpt lat="-26.2696940" lon="-51.0562410">
    <ele>754.9</ele>
   </trkpt>
   <trkpt lat="-26.2696660" lon="-51.0562650">
    <ele>754.9</ele>
   </trkpt>
   <trkpt lat="-26.2696370" lon="-51.0562930">
    <ele>754.8</ele>
   </trkpt>
   <trkpt lat="-26.2696080" lon="-51.0563160">
    <ele>754.8</ele>
   </trkpt>
   <trkpt lat="-26.2695790" lon="-51.0563390">
    <ele>754.8</ele>
   </trkpt>
   <trkpt lat="-26.2695510" lon="-51.0563650">
    <ele>754.7</ele>
   </trkpt>
   <trkpt lat="-26.2695260" lon="-51.0563880">
    <ele>754.7</ele>
   </trkpt>
   <trkpt lat="-26.2694970" lon="-51.0564120">
    <ele>754.6</ele>
   </trkpt>
   <trkpt lat="-26.2694700" lon="-51.0564360">
    <ele>754.6</ele>
   </trkpt>
   <trkpt lat="-26.2694490" lon="-51.0564600">
    <ele>754.6</ele>
   </trkpt>
   <trkpt lat="-26.2694220" lon="-51.0564870">
    <ele>754.5</ele>
   </trkpt>
   <trkpt lat="-26.2693970" lon="-51.0565150">
    <ele>754.5</ele>
   </trkpt>
   <trkpt lat="-26.2693700" lon="-51.0565390">
    <ele>754.5</ele>
   </trkpt>
   <trkpt lat="-26.2693420" lon="-51.0565630">
    <ele>754.4</ele>
   </trkpt>
   <trkpt lat="-26.2693100" lon="-51.0565900">
    <ele>754.3</ele>
   </trkpt>
   <trkpt lat="-26.2692800" lon="-51.0566200">
    <ele>754.3</ele>
   </trkpt>
   <trkpt lat="-26.2692530" lon="-51.0566500">
    <ele>754.2</ele>
   </trkpt>
   <trkpt lat="-26.2692240" lon="-51.0566770">
    <ele>754.2</ele>
   </trkpt>
   <trkpt lat="-26.2691960" lon="-51.0567050">
    <ele>754.1</ele>
   </trkpt>
   <trkpt lat="-26.2691660" lon="-51.0567340">
    <ele>754.1</ele>
   </trkpt>
   <trkpt lat="-26.2691380" lon="-51.0567630">
    <ele>754.0</ele>
   </trkpt>
   <trkpt lat="-26.2691130" lon="-51.0567850">
    <ele>754.0</ele>
   </trkpt>
   <trkpt lat="-26.2690850" lon="-51.0568090">
    <ele>753.9</ele>
   </trkpt>
   <trkpt lat="-26.2690620" lon="-51.0568410">
    <ele>753.8</ele>
   </trkpt>
   <trkpt lat="-26.2690370" lon="-51.0568670">
    <ele>753.8</ele>
   </trkpt>
   <trkpt lat="-26.2690130" lon="-51.0568970">
    <ele>753.7</ele>
   </trkpt>
   <trkpt lat="-26.2689940" lon="-51.0569280">
    <ele>753.7</ele>
   </trkpt>
   <trkpt lat="-26.2689770" lon="-51.0569530">
    <ele>753.6</ele>
   </trkpt>
   <trkpt lat="-26.2689500" lon="-51.0569790">
    <ele>753.6</ele>
   </trkpt>
   <trkpt lat="-26.2689220" lon="-51.0570100">
    <ele>753.5</ele>
   </trkpt>
   <trkpt lat="-26.2688940" lon="-51.0570420">
    <ele>753.4</ele>
   </trkpt>
   <trkpt lat="-26.2688670" lon="-51.0570780">
    <ele>753.3</ele>
   </trkpt>
   <trkpt lat="-26.2688360" lon="-51.0571090">
    <ele>753.2</ele>
   </trkpt>
   <trkpt lat="-26.2688030" lon="-51.0571430">
    <ele>753.1</ele>
   </trkpt>
   <trkpt lat="-26.2687680" lon="-51.0571770">
    <ele>753.0</ele>
   </trkpt>
   <trkpt lat="-26.2687390" lon="-51.0572080">
    <ele>752.9</ele>
   </trkpt>
   <trkpt lat="-26.2687060" lon="-51.0572420">
    <ele>752.8</ele>
   </trkpt>
   <trkpt lat="-26.2686720" lon="-51.0572740">
    <ele>752.7</ele>
   </trkpt>
   <trkpt lat="-26.2686380" lon="-51.0573110">
    <ele>752.6</ele>
   </trkpt>
   <trkpt lat="-26.2686050" lon="-51.0573460">
    <ele>752.5</ele>
   </trkpt>
   <trkpt lat="-26.2685690" lon="-51.0573780">
    <ele>752.5</ele>
   </trkpt>
   <trkpt lat="-26.2685300" lon="-51.0574190">
    <ele>752.4</ele>
   </trkpt>
   <trkpt lat="-26.2684950" lon="-51.0574560">
    <ele>752.3</ele>
   </trkpt>
   <trkpt lat="-26.2684590" lon="-51.0574950">
    <ele>752.2</ele>
   </trkpt>
   <trkpt lat="-26.2684200" lon="-51.0575350">
    <ele>752.1</ele>
   </trkpt>
   <trkpt lat="-26.2683840" lon="-51.0575710">
    <ele>752.0</ele>
   </trkpt>
   <trkpt lat="-26.2683490" lon="-51.0576050">
    <ele>751.9</ele>
   </trkpt>
   <trkpt lat="-26.2683160" lon="-51.0576440">
    <ele>751.8</ele>
   </trkpt>
   <trkpt lat="-26.2682870" lon="-51.0576800">
    <ele>751.7</ele>
   </trkpt>
   <trkpt lat="-26.2682570" lon="-51.0577110">
    <ele>751.7</ele>
   </trkpt>
   <trkpt lat="-26.2682170" lon="-51.0577460">
    <ele>751.6</ele>
   </trkpt>
   <trkpt lat="-26.2681870" lon="-51.0577810">
    <ele>751.6</ele>
   </trkpt>
   <trkpt lat="-26.2681520" lon="-51.0578150">
    <ele>751.5</ele>
   </trkpt>
   <trkpt lat="-26.2681240" lon="-51.0578480">
    <ele>751.4</ele>
   </trkpt>
   <trkpt lat="-26.2680900" lon="-51.0578810">
    <ele>751.4</ele>
   </trkpt>
   <trkpt lat="-26.2680600" lon="-51.0579120">
    <ele>751.3</ele>
   </trkpt>
   <trkpt lat="-26.2680270" lon="-51.0579410">
    <ele>751.3</ele>
   </trkpt>
   <trkpt lat="-26.2679960" lon="-51.0579720">
    <ele>751.2</ele>
   </trkpt>
   <trkpt lat="-26.2679660" lon="-51.0580020">
    <ele>751.2</ele>
   </trkpt>
   <trkpt lat="-26.2679410" lon="-51.0580320">
    <ele>751.2</ele>
   </trkpt>
   <trkpt lat="-26.2679120" lon="-51.0580620">
    <ele>751.1</ele>
   </trkpt>
   <trkpt lat="-26.2678800" lon="-51.0580910">
    <ele>751.1</ele>
   </trkpt>
   <trkpt lat="-26.2678530" lon="-51.0581150">
    <ele>751.1</ele>
   </trkpt>
   <trkpt lat="-26.2678190" lon="-51.0581420">
    <ele>751.1</ele>
   </trkpt>
   <trkpt lat="-26.2677880" lon="-51.0581690">
    <ele>751.0</ele>
   </trkpt>
   <trkpt lat="-26.2677590" lon="-51.0582030">
    <ele>751.0</ele>
   </trkpt>
   <trkpt lat="-26.2677270" lon="-51.0582310">
    <ele>750.9</ele>
   </trkpt>
   <trkpt lat="-26.2676930" lon="-51.0582600">
    <ele>750.9</ele>
   </trkpt>
   <trkpt lat="-26.2676630" lon="-51.0582890">
    <ele>750.9</ele>
   </trkpt>
   <trkpt lat="-26.2676400" lon="-51.0583160">
    <ele>750.8</ele>
   </trkpt>
   <trkpt lat="-26.2676080" lon="-51.0583440">
    <ele>750.8</ele>
   </trkpt>
   <trkpt lat="-26.2675790" lon="-51.0583630">
    <ele>750.8</ele>
   </trkpt>
   <trkpt lat="-26.2675480" lon="-51.0583840">
    <ele>750.7</ele>
   </trkpt>
   <trkpt lat="-26.2675120" lon="-51.0583990">
    <ele>750.7</ele>
   </trkpt>
   <trkpt lat="-26.2674820" lon="-51.0584060">
    <ele>750.6</ele>
   </trkpt>
   <trkpt lat="-26.2674510" lon="-51.0584110">
    <ele>750.6</ele>
   </trkpt>
   <trkpt lat="-26.2674150" lon="-51.0584160">
    <ele>750.6</ele>
   </trkpt>
   <trkpt lat="-26.2674030" lon="-51.0584190">
    <ele>750.6</ele>
   </trkpt>
   <trkpt lat="-26.2673750" lon="-51.0584250">
    <ele>750.5</ele>
   </trkpt>
   <trkpt lat="-26.2673480" lon="-51.0584420">
    <ele>750.5</ele>
   </trkpt>
   <trkpt lat="-26.2673170" lon="-51.0584590">
    <ele>750.5</ele>
   </trkpt>
   <trkpt lat="-26.2672850" lon="-51.0584770">
    <ele>750.5</ele>
   </trkpt>
   <trkpt lat="-26.2672560" lon="-51.0584990">
    <ele>750.5</ele>
   </trkpt>
   <trkpt lat="-26.2672290" lon="-51.0585260">
    <ele>750.5</ele>
   </trkpt>
   <trkpt lat="-26.2672030" lon="-51.0585560">
    <ele>750.4</ele>
   </trkpt>
   <trkpt lat="-26.2671870" lon="-51.0585950">
    <ele>750.4</ele>
   </trkpt>
   <trkpt lat="-26.2671720" lon="-51.0586360">
    <ele>750.4</ele>
   </trkpt>
   <trkpt lat="-26.2671570" lon="-51.0586760">
    <ele>750.4</ele>
   </trkpt>
   <trkpt lat="-26.2671420" lon="-51.0587170">
    <ele>750.4</ele>
   </trkpt>
   <trkpt lat="-26.2671290" lon="-51.0587590">
    <ele>750.4</ele>
   </trkpt>
   <trkpt lat="-26.2671110" lon="-51.0587980">
    <ele>750.4</ele>
   </trkpt>
   <trkpt lat="-26.2670940" lon="-51.0588360">
    <ele>750.4</ele>
   </trkpt>
   <trkpt lat="-26.2670770" lon="-51.0588710">
    <ele>750.5</ele>
   </trkpt>
   <trkpt lat="-26.2670560" lon="-51.0588990">
    <ele>750.5</ele>
   </trkpt>
   <trkpt lat="-26.2670370" lon="-51.0589320">
    <ele>750.5</ele>
   </trkpt>
   <trkpt lat="-26.2670140" lon="-51.0589590">
    <ele>750.5</ele>
   </trkpt>
   <trkpt lat="-26.2669920" lon="-51.0589850">
    <ele>750.5</ele>
   </trkpt>
   <trkpt lat="-26.2669730" lon="-51.0590120">
    <ele>750.5</ele>
   </trkpt>
   <trkpt lat="-26.2669480" lon="-51.0590370">
    <ele>750.5</ele>
   </trkpt>
   <trkpt lat="-26.2669210" lon="-51.0590680">
    <ele>750.5</ele>
   </trkpt>
   <trkpt lat="-26.2668950" lon="-51.0590980">
    <ele>750.5</ele>
   </trkpt>
   <trkpt lat="-26.2668720" lon="-51.0591280">
    <ele>750.5</ele>
   </trkpt>
   <trkpt lat="-26.2668470" lon="-51.0591550">
    <ele>750.5</ele>
   </trkpt>
   <trkpt lat="-26.2668220" lon="-51.0591810">
    <ele>750.5</ele>
   </trkpt>
   <trkpt lat="-26.2667970" lon="-51.0592060">
    <ele>750.5</ele>
   </trkpt>
   <trkpt lat="-26.2667710" lon="-51.0592330">
    <ele>750.5</ele>
   </trkpt>
   <trkpt lat="-26.2667440" lon="-51.0592600">
    <ele>750.5</ele>
   </trkpt>
   <trkpt lat="-26.2667180" lon="-51.0592890">
    <ele>750.5</ele>
   </trkpt>
   <trkpt lat="-26.2666940" lon="-51.0593180">
    <ele>750.5</ele>
   </trkpt>
   <trkpt lat="-26.2666630" lon="-51.0593440">
    <ele>750.5</ele>
   </trkpt>
   <trkpt lat="-26.2666370" lon="-51.0593710">
    <ele>750.5</ele>
   </trkpt>
   <trkpt lat="-26.2666120" lon="-51.0593990">
    <ele>750.5</ele>
   </trkpt>
   <trkpt lat="-26.2665870" lon="-51.0594230">
    <ele>750.5</ele>
   </trkpt>
   <trkpt lat="-26.2665540" lon="-51.0594580">
    <ele>750.5</ele>
   </trkpt>
   <trkpt lat="-26.2665240" lon="-51.0594890">
    <ele>750.5</ele>
   </trkpt>
   <trkpt lat="-26.2664910" lon="-51.0595180">
    <ele>750.5</ele>
   </trkpt>
   <trkpt lat="-26.2664600" lon="-51.0595480">
    <ele>750.5</ele>
   </trkpt>
   <trkpt lat="-26.2664310" lon="-51.0595780">
    <ele>750.5</ele>
   </trkpt>
   <trkpt lat="-26.2664060" lon="-51.0596050">
    <ele>750.5</ele>
   </trkpt>
   <trkpt lat="-26.2663770" lon="-51.0596370">
    <ele>750.5</ele>
   </trkpt>
   <trkpt lat="-26.2663490" lon="-51.0596620">
    <ele>750.5</ele>
   </trkpt>
   <trkpt lat="-26.2663180" lon="-51.0596900">
    <ele>750.5</ele>
   </trkpt>
   <trkpt lat="-26.2662900" lon="-51.0597180">
    <ele>750.5</ele>
   </trkpt>
   <trkpt lat="-26.2662600" lon="-51.0597470">
    <ele>750.5</ele>
   </trkpt>
   <trkpt lat="-26.2662290" lon="-51.0597730">
    <ele>750.5</ele>
   </trkpt>
   <trkpt lat="-26.2662010" lon="-51.0597990">
    <ele>750.5</ele>
   </trkpt>
   <trkpt lat="-26.2661810" lon="-51.0598290">
    <ele>750.5</ele>
   </trkpt>
   <trkpt lat="-26.2661550" lon="-51.0598580">
    <ele>750.5</ele>
   </trkpt>
   <trkpt lat="-26.2661250" lon="-51.0598840">
    <ele>750.6</ele>
   </trkpt>
   <trkpt lat="-26.2660990" lon="-51.0599140">
    <ele>750.6</ele>
   </trkpt>
   <trkpt lat="-26.2660750" lon="-51.0599450">
    <ele>750.6</ele>
   </trkpt>
   <trkpt lat="-26.2660460" lon="-51.0599720">
    <ele>750.6</ele>
   </trkpt>
   <trkpt lat="-26.2660140" lon="-51.0600010">
    <ele>750.6</ele>
   </trkpt>
   <trkpt lat="-26.2659850" lon="-51.0600280">
    <ele>750.6</ele>
   </trkpt>
   <trkpt lat="-26.2659610" lon="-51.0600530">
    <ele>750.6</ele>
   </trkpt>
   <trkpt lat="-26.2659360" lon="-51.0600810">
    <ele>750.6</ele>
   </trkpt>
   <trkpt lat="-26.2659070" lon="-51.0601100">
    <ele>750.6</ele>
   </trkpt>
   <trkpt lat="-26.2658780" lon="-51.0601370">
    <ele>750.6</ele>
   </trkpt>
   <trkpt lat="-26.2658520" lon="-51.0601650">
    <ele>750.6</ele>
   </trkpt>
   <trkpt lat="-26.2658250" lon="-51.0601930">
    <ele>750.6</ele>
   </trkpt>
   <trkpt lat="-26.2657970" lon="-51.0602170">
    <ele>750.6</ele>
   </trkpt>
   <trkpt lat="-26.2657690" lon="-51.0602450">
    <ele>750.6</ele>
   </trkpt>
   <trkpt lat="-26.2657480" lon="-51.0602690">
    <ele>750.6</ele>
   </trkpt>
   <trkpt lat="-26.2657210" lon="-51.0602940">
    <ele>750.6</ele>
   </trkpt>
   <trkpt lat="-26.2656970" lon="-51.0603210">
    <ele>750.6</ele>
   </trkpt>
   <trkpt lat="-26.2656710" lon="-51.0603490">
    <ele>750.6</ele>
   </trkpt>
   <trkpt lat="-26.2656420" lon="-51.0603780">
    <ele>750.6</ele>
   </trkpt>
   <trkpt lat="-26.2656170" lon="-51.0604060">
    <ele>750.6</ele>
   </trkpt>
   <trkpt lat="-26.2655940" lon="-51.0604310">
    <ele>750.6</ele>
   </trkpt>
   <trkpt lat="-26.2655660" lon="-51.0604590">
    <ele>750.7</ele>
   </trkpt>
   <trkpt lat="-26.2655450" lon="-51.0604810">
    <ele>750.7</ele>
   </trkpt>
   <trkpt lat="-26.2655160" lon="-51.0605050">
    <ele>750.7</ele>
   </trkpt>
   <trkpt lat="-26.2654890" lon="-51.0605350">
    <ele>750.7</ele>
   </trkpt>
   <trkpt lat="-26.2654610" lon="-51.0605610">
    <ele>750.7</ele>
   </trkpt>
   <trkpt lat="-26.2654350" lon="-51.0605840">
    <ele>750.7</ele>
   </trkpt>
   <trkpt lat="-26.2654080" lon="-51.0606130">
    <ele>750.7</ele>
   </trkpt>
   <trkpt lat="-26.2653860" lon="-51.0606390">
    <ele>750.7</ele>
   </trkpt>
   <trkpt lat="-26.2653580" lon="-51.0606700">
    <ele>750.7</ele>
   </trkpt>
   <trkpt lat="-26.2653330" lon="-51.0606970">
    <ele>750.7</ele>
   </trkpt>
   <trkpt lat="-26.2653090" lon="-51.0607260">
    <ele>750.7</ele>
   </trkpt>
   <trkpt lat="-26.2652840" lon="-51.0607550">
    <ele>750.7</ele>
   </trkpt>
   <trkpt lat="-26.2652590" lon="-51.0607840">
    <ele>750.7</ele>
   </trkpt>
   <trkpt lat="-26.2652300" lon="-51.0608150">
    <ele>750.8</ele>
   </trkpt>
   <trkpt lat="-26.2652050" lon="-51.0608420">
    <ele>750.8</ele>
   </trkpt>
   <trkpt lat="-26.2651780" lon="-51.0608700">
    <ele>750.8</ele>
   </trkpt>
   <trkpt lat="-26.2651510" lon="-51.0608980">
    <ele>750.8</ele>
   </trkpt>
   <trkpt lat="-26.2651200" lon="-51.0609250">
    <ele>750.8</ele>
   </trkpt>
   <trkpt lat="-26.2650940" lon="-51.0609550">
    <ele>750.8</ele>
   </trkpt>
   <trkpt lat="-26.2650680" lon="-51.0609850">
    <ele>750.8</ele>
   </trkpt>
   <trkpt lat="-26.2650420" lon="-51.0610120">
    <ele>750.8</ele>
   </trkpt>
   <trkpt lat="-26.2650120" lon="-51.0610450">
    <ele>750.8</ele>
   </trkpt>
   <trkpt lat="-26.2649890" lon="-51.0610730">
    <ele>750.8</ele>
   </trkpt>
   <trkpt lat="-26.2649600" lon="-51.0611020">
    <ele>750.8</ele>
   </trkpt>
   <trkpt lat="-26.2649310" lon="-51.0611250">
    <ele>750.8</ele>
   </trkpt>
   <trkpt lat="-26.2649080" lon="-51.0611540">
    <ele>750.8</ele>
   </trkpt>
   <trkpt lat="-26.2648840" lon="-51.0611810">
    <ele>750.8</ele>
   </trkpt>
   <trkpt lat="-26.2648600" lon="-51.0612090">
    <ele>750.8</ele>
   </trkpt>
   <trkpt lat="-26.2648340" lon="-51.0612400">
    <ele>750.8</ele>
   </trkpt>
   <trkpt lat="-26.2648100" lon="-51.0612690">
    <ele>750.8</ele>
   </trkpt>
   <trkpt lat="-26.2647870" lon="-51.0612980">
    <ele>750.8</ele>
   </trkpt>
   <trkpt lat="-26.2647610" lon="-51.0613240">
    <ele>750.8</ele>
   </trkpt>
   <trkpt lat="-26.2647310" lon="-51.0613520">
    <ele>750.8</ele>
   </trkpt>
   <trkpt lat="-26.2647070" lon="-51.0613830">
    <ele>750.9</ele>
   </trkpt>
   <trkpt lat="-26.2646830" lon="-51.0614090">
    <ele>750.9</ele>
   </trkpt>
   <trkpt lat="-26.2646560" lon="-51.0614390">
    <ele>750.9</ele>
   </trkpt>
   <trkpt lat="-26.2646260" lon="-51.0614670">
    <ele>750.9</ele>
   </trkpt>
   <trkpt lat="-26.2645970" lon="-51.0614990">
    <ele>750.9</ele>
   </trkpt>
   <trkpt lat="-26.2645710" lon="-51.0615270">
    <ele>750.9</ele>
   </trkpt>
   <trkpt lat="-26.2645430" lon="-51.0615580">
    <ele>750.9</ele>
   </trkpt>
   <trkpt lat="-26.2645170" lon="-51.0615880">
    <ele>750.9</ele>
   </trkpt>
   <trkpt lat="-26.2644870" lon="-51.0616190">
    <ele>750.9</ele>
   </trkpt>
   <trkpt lat="-26.2644610" lon="-51.0616450">
    <ele>750.9</ele>
   </trkpt>
   <trkpt lat="-26.2644340" lon="-51.0616780">
    <ele>750.9</ele>
   </trkpt>
   <trkpt lat="-26.2644070" lon="-51.0617080">
    <ele>750.9</ele>
   </trkpt>
   <trkpt lat="-26.2643790" lon="-51.0617330">
    <ele>750.9</ele>
   </trkpt>
   <trkpt lat="-26.2643560" lon="-51.0617590">
    <ele>750.9</ele>
   </trkpt>
   <trkpt lat="-26.2643320" lon="-51.0617870">
    <ele>750.9</ele>
   </trkpt>
   <trkpt lat="-26.2643030" lon="-51.0618070">
    <ele>750.9</ele>
   </trkpt>
   <trkpt lat="-26.2642690" lon="-51.0618330">
    <ele>750.9</ele>
   </trkpt>
   <trkpt lat="-26.2642540" lon="-51.0618450">
    <ele>750.9</ele>
   </trkpt>
   <trkpt lat="-26.2642300" lon="-51.0618680">
    <ele>750.9</ele>
   </trkpt>
   <trkpt lat="-26.2642100" lon="-51.0618940">
    <ele>750.9</ele>
   </trkpt>
   <trkpt lat="-26.2641880" lon="-51.0619200">
    <ele>750.9</ele>
   </trkpt>
   <trkpt lat="-26.2641680" lon="-51.0619460">
    <ele>751.0</ele>
   </trkpt>
   <trkpt lat="-26.2641450" lon="-51.0619720">
    <ele>751.0</ele>
   </trkpt>
   <trkpt lat="-26.2641240" lon="-51.0619940">
    <ele>751.0</ele>
   </trkpt>
   <trkpt lat="-26.2641040" lon="-51.0620140">
    <ele>751.0</ele>
   </trkpt>
   <trkpt lat="-26.2640800" lon="-51.0620500">
    <ele>751.0</ele>
   </trkpt>
   <trkpt lat="-26.2640570" lon="-51.0620790">
    <ele>751.0</ele>
   </trkpt>
   <trkpt lat="-26.2640290" lon="-51.0621050">
    <ele>751.0</ele>
   </trkpt>
   <trkpt lat="-26.2640070" lon="-51.0621350">
    <ele>751.1</ele>
   </trkpt>
   <trkpt lat="-26.2639830" lon="-51.0621590">
    <ele>751.1</ele>
   </trkpt>
   <trkpt lat="-26.2639600" lon="-51.0621860">
    <ele>751.1</ele>
   </trkpt>
   <trkpt lat="-26.2639350" lon="-51.0622140">
    <ele>751.1</ele>
   </trkpt>
   <trkpt lat="-26.2639170" lon="-51.0622390">
    <ele>751.1</ele>
   </trkpt>
   <trkpt lat="-26.2638950" lon="-51.0622640">
    <ele>751.1</ele>
   </trkpt>
   <trkpt lat="-26.2638790" lon="-51.0622930">
    <ele>751.1</ele>
   </trkpt>
   <trkpt lat="-26.2638570" lon="-51.0623190">
    <ele>751.2</ele>
   </trkpt>
   <trkpt lat="-26.2638230" lon="-51.0623420">
    <ele>751.2</ele>
   </trkpt>
   <trkpt lat="-26.2637920" lon="-51.0623640">
    <ele>751.2</ele>
   </trkpt>
   <trkpt lat="-26.2637640" lon="-51.0623890">
    <ele>751.2</ele>
   </trkpt>
   <trkpt lat="-26.2637300" lon="-51.0624170">
    <ele>751.2</ele>
   </trkpt>
   <trkpt lat="-26.2637010" lon="-51.0624430">
    <ele>751.2</ele>
   </trkpt>
   <trkpt lat="-26.2636690" lon="-51.0624690">
    <ele>751.2</ele>
   </trkpt>
   <trkpt lat="-26.2636360" lon="-51.0624970">
    <ele>751.3</ele>
   </trkpt>
   <trkpt lat="-26.2636150" lon="-51.0625250">
    <ele>751.3</ele>
   </trkpt>
   <trkpt lat="-26.2635870" lon="-51.0625520">
    <ele>751.3</ele>
   </trkpt>
   <trkpt lat="-26.2635670" lon="-51.0625900">
    <ele>751.3</ele>
   </trkpt>
   <trkpt lat="-26.2635460" lon="-51.0626270">
    <ele>751.3</ele>
   </trkpt>
   <trkpt lat="-26.2635250" lon="-51.0626590">
    <ele>751.3</ele>
   </trkpt>
   <trkpt lat="-26.2634980" lon="-51.0626910">
    <ele>751.4</ele>
   </trkpt>
   <trkpt lat="-26.2634740" lon="-51.0627190">
    <ele>751.4</ele>
   </trkpt>
   <trkpt lat="-26.2634500" lon="-51.0627470">
    <ele>751.4</ele>
   </trkpt>
   <trkpt lat="-26.2634270" lon="-51.0627750">
    <ele>751.4</ele>
   </trkpt>
   <trkpt lat="-26.2634020" lon="-51.0628040">
    <ele>751.4</ele>
   </trkpt>
   <trkpt lat="-26.2633750" lon="-51.0628300">
    <ele>751.5</ele>
   </trkpt>
   <trkpt lat="-26.2633500" lon="-51.0628570">
    <ele>751.5</ele>
   </trkpt>
   <trkpt lat="-26.2633240" lon="-51.0628860">
    <ele>751.5</ele>
   </trkpt>
   <trkpt lat="-26.2633010" lon="-51.0629130">
    <ele>751.5</ele>
   </trkpt>
   <trkpt lat="-26.2632760" lon="-51.0629410">
    <ele>751.5</ele>
   </trkpt>
   <trkpt lat="-26.2632510" lon="-51.0629670">
    <ele>751.5</ele>
   </trkpt>
   <trkpt lat="-26.2632260" lon="-51.0629940">
    <ele>751.5</ele>
   </trkpt>
   <trkpt lat="-26.2632020" lon="-51.0630150">
    <ele>751.5</ele>
   </trkpt>
   <trkpt lat="-26.2631770" lon="-51.0630380">
    <ele>751.5</ele>
   </trkpt>
   <trkpt lat="-26.2631510" lon="-51.0630620">
    <ele>751.5</ele>
   </trkpt>
   <trkpt lat="-26.2631270" lon="-51.0630880">
    <ele>751.5</ele>
   </trkpt>
   <trkpt lat="-26.2631030" lon="-51.0631170">
    <ele>751.6</ele>
   </trkpt>
   <trkpt lat="-26.2630780" lon="-51.0631420">
    <ele>751.6</ele>
   </trkpt>
   <trkpt lat="-26.2630510" lon="-51.0631700">
    <ele>751.6</ele>
   </trkpt>
   <trkpt lat="-26.2630260" lon="-51.0631960">
    <ele>751.6</ele>
   </trkpt>
   <trkpt lat="-26.2629950" lon="-51.0632220">
    <ele>751.6</ele>
   </trkpt>
   <trkpt lat="-26.2629720" lon="-51.0632480">
    <ele>751.6</ele>
   </trkpt>
   <trkpt lat="-26.2629430" lon="-51.0632750">
    <ele>751.6</ele>
   </trkpt>
   <trkpt lat="-26.2629130" lon="-51.0633030">
    <ele>751.6</ele>
   </trkpt>
   <trkpt lat="-26.2628880" lon="-51.0633300">
    <ele>751.6</ele>
   </trkpt>
   <trkpt lat="-26.2628590" lon="-51.0633530">
    <ele>751.6</ele>
   </trkpt>
   <trkpt lat="-26.2628280" lon="-51.0633770">
    <ele>751.6</ele>
   </trkpt>
   <trkpt lat="-26.2628010" lon="-51.0634010">
    <ele>751.6</ele>
   </trkpt>
   <trkpt lat="-26.2627740" lon="-51.0634280">
    <ele>751.6</ele>
   </trkpt>
   <trkpt lat="-26.2627460" lon="-51.0634520">
    <ele>751.6</ele>
   </trkpt>
   <trkpt lat="-26.2627240" lon="-51.0634770">
    <ele>751.6</ele>
   </trkpt>
   <trkpt lat="-26.2626930" lon="-51.0635030">
    <ele>751.6</ele>
   </trkpt>
   <trkpt lat="-26.2626630" lon="-51.0635270">
    <ele>751.6</ele>
   </trkpt>
   <trkpt lat="-26.2626350" lon="-51.0635460">
    <ele>751.6</ele>
   </trkpt>
   <trkpt lat="-26.2626070" lon="-51.0635690">
    <ele>751.6</ele>
   </trkpt>
   <trkpt lat="-26.2625790" lon="-51.0635890">
    <ele>751.7</ele>
   </trkpt>
   <trkpt lat="-26.2625530" lon="-51.0636120">
    <ele>751.7</ele>
   </trkpt>
   <trkpt lat="-26.2625230" lon="-51.0636300">
    <ele>751.7</ele>
   </trkpt>
   <trkpt lat="-26.2625020" lon="-51.0636520">
    <ele>751.7</ele>
   </trkpt>
   <trkpt lat="-26.2624770" lon="-51.0636740">
    <ele>751.7</ele>
   </trkpt>
   <trkpt lat="-26.2624500" lon="-51.0636950">
    <ele>751.7</ele>
   </trkpt>
   <trkpt lat="-26.2624190" lon="-51.0637210">
    <ele>751.7</ele>
   </trkpt>
   <trkpt lat="-26.2623900" lon="-51.0637410">
    <ele>751.7</ele>
   </trkpt>
   <trkpt lat="-26.2623600" lon="-51.0637620">
    <ele>751.7</ele>
   </trkpt>
   <trkpt lat="-26.2623300" lon="-51.0637800">
    <ele>751.7</ele>
   </trkpt>
   <trkpt lat="-26.2623040" lon="-51.0638010">
    <ele>751.7</ele>
   </trkpt>
   <trkpt lat="-26.2622780" lon="-51.0638270">
    <ele>751.7</ele>
   </trkpt>
   <trkpt lat="-26.2622670" lon="-51.0638380">
    <ele>751.7</ele>
   </trkpt>
   <trkpt lat="-26.2622330" lon="-51.0638690">
    <ele>751.7</ele>
   </trkpt>
   <trkpt lat="-26.2622170" lon="-51.0638810">
    <ele>751.7</ele>
   </trkpt>
   <trkpt lat="-26.2621790" lon="-51.0639030">
    <ele>751.7</ele>
   </trkpt>
   <trkpt lat="-26.2621510" lon="-51.0639220">
    <ele>751.8</ele>
   </trkpt>
   <trkpt lat="-26.2621200" lon="-51.0639390">
    <ele>751.8</ele>
   </trkpt>
   <trkpt lat="-26.2620930" lon="-51.0639580">
    <ele>751.8</ele>
   </trkpt>
   <trkpt lat="-26.2620640" lon="-51.0639780">
    <ele>751.8</ele>
   </trkpt>
   <trkpt lat="-26.2620320" lon="-51.0639960">
    <ele>751.8</ele>
   </trkpt>
   <trkpt lat="-26.2620060" lon="-51.0640190">
    <ele>751.8</ele>
   </trkpt>
   <trkpt lat="-26.2619690" lon="-51.0640330">
    <ele>751.8</ele>
   </trkpt>
   <trkpt lat="-26.2619460" lon="-51.0640510">
    <ele>751.8</ele>
   </trkpt>
   <trkpt lat="-26.2619180" lon="-51.0640700">
    <ele>751.8</ele>
   </trkpt>
   <trkpt lat="-26.2618840" lon="-51.0640860">
    <ele>751.8</ele>
   </trkpt>
   <trkpt lat="-26.2618580" lon="-51.0641060">
    <ele>751.8</ele>
   </trkpt>
   <trkpt lat="-26.2618250" lon="-51.0641260">
    <ele>751.8</ele>
   </trkpt>
   <trkpt lat="-26.2617940" lon="-51.0641450">
    <ele>751.8</ele>
   </trkpt>
   <trkpt lat="-26.2617660" lon="-51.0641630">
    <ele>751.8</ele>
   </trkpt>
   <trkpt lat="-26.2617390" lon="-51.0641840">
    <ele>751.8</ele>
   </trkpt>
   <trkpt lat="-26.2617030" lon="-51.0642060">
    <ele>751.8</ele>
   </trkpt>
   <trkpt lat="-26.2616740" lon="-51.0642260">
    <ele>751.8</ele>
   </trkpt>
   <trkpt lat="-26.2616420" lon="-51.0642460">
    <ele>751.8</ele>
   </trkpt>
   <trkpt lat="-26.2616110" lon="-51.0642630">
    <ele>751.8</ele>
   </trkpt>
   <trkpt lat="-26.2615780" lon="-51.0642850">
    <ele>751.9</ele>
   </trkpt>
   <trkpt lat="-26.2615530" lon="-51.0643040">
    <ele>751.9</ele>
   </trkpt>
   <trkpt lat="-26.2615230" lon="-51.0643280">
    <ele>751.9</ele>
   </trkpt>
   <trkpt lat="-26.2614920" lon="-51.0643460">
    <ele>751.9</ele>
   </trkpt>
   <trkpt lat="-26.2614600" lon="-51.0643670">
    <ele>751.9</ele>
   </trkpt>
   <trkpt lat="-26.2614290" lon="-51.0643830">
    <ele>751.9</ele>
   </trkpt>
   <trkpt lat="-26.2614020" lon="-51.0644060">
    <ele>751.9</ele>
   </trkpt>
   <trkpt lat="-26.2613760" lon="-51.0644250">
    <ele>751.9</ele>
   </trkpt>
   <trkpt lat="-26.2613490" lon="-51.0644490">
    <ele>751.9</ele>
   </trkpt>
   <trkpt lat="-26.2613210" lon="-51.0644730">
    <ele>751.9</ele>
   </trkpt>
   <trkpt lat="-26.2612890" lon="-51.0644880">
    <ele>751.9</ele>
   </trkpt>
   <trkpt lat="-26.2612600" lon="-51.0645020">
    <ele>751.9</ele>
   </trkpt>
   <trkpt lat="-26.2612290" lon="-51.0645240">
    <ele>751.9</ele>
   </trkpt>
   <trkpt lat="-26.2611990" lon="-51.0645450">
    <ele>751.9</ele>
   </trkpt>
   <trkpt lat="-26.2611650" lon="-51.0645610">
    <ele>751.9</ele>
   </trkpt>
   <trkpt lat="-26.2611330" lon="-51.0645800">
    <ele>751.9</ele>
   </trkpt>
   <trkpt lat="-26.2611000" lon="-51.0646040">
    <ele>751.9</ele>
   </trkpt>
   <trkpt lat="-26.2610660" lon="-51.0646220">
    <ele>751.9</ele>
   </trkpt>
   <trkpt lat="-26.2610390" lon="-51.0646440">
    <ele>751.9</ele>
   </trkpt>
   <trkpt lat="-26.2610020" lon="-51.0646750">
    <ele>751.9</ele>
   </trkpt>
   <trkpt lat="-26.2609720" lon="-51.0646890">
    <ele>751.9</ele>
   </trkpt>
   <trkpt lat="-26.2609410" lon="-51.0647080">
    <ele>751.9</ele>
   </trkpt>
   <trkpt lat="-26.2609090" lon="-51.0647320">
    <ele>751.9</ele>
   </trkpt>
   <trkpt lat="-26.2608830" lon="-51.0647550">
    <ele>751.9</ele>
   </trkpt>
   <trkpt lat="-26.2608470" lon="-51.0647760">
    <ele>751.8</ele>
   </trkpt>
   <trkpt lat="-26.2608110" lon="-51.0647980">
    <ele>751.8</ele>
   </trkpt>
   <trkpt lat="-26.2607880" lon="-51.0648300">
    <ele>751.8</ele>
   </trkpt>
   <trkpt lat="-26.2607530" lon="-51.0648490">
    <ele>751.8</ele>
   </trkpt>
   <trkpt lat="-26.2607220" lon="-51.0648720">
    <ele>751.8</ele>
   </trkpt>
   <trkpt lat="-26.2606920" lon="-51.0648960">
    <ele>751.8</ele>
   </trkpt>
   <trkpt lat="-26.2606530" lon="-51.0649220">
    <ele>751.8</ele>
   </trkpt>
   <trkpt lat="-26.2606140" lon="-51.0649410">
    <ele>751.8</ele>
   </trkpt>
   <trkpt lat="-26.2605850" lon="-51.0649600">
    <ele>751.8</ele>
   </trkpt>
   <trkpt lat="-26.2605550" lon="-51.0649850">
    <ele>751.8</ele>
   </trkpt>
   <trkpt lat="-26.2605230" lon="-51.0650130">
    <ele>751.8</ele>
   </trkpt>
   <trkpt lat="-26.2604900" lon="-51.0650290">
    <ele>751.7</ele>
   </trkpt>
   <trkpt lat="-26.2604600" lon="-51.0650460">
    <ele>751.7</ele>
   </trkpt>
   <trkpt lat="-26.2604310" lon="-51.0650720">
    <ele>751.7</ele>
   </trkpt>
   <trkpt lat="-26.2604090" lon="-51.0650970">
    <ele>751.7</ele>
   </trkpt>
   <trkpt lat="-26.2603740" lon="-51.0651280">
    <ele>751.7</ele>
   </trkpt>
   <trkpt lat="-26.2603590" lon="-51.0651390">
    <ele>751.7</ele>
   </trkpt>
   <trkpt lat="-26.2603310" lon="-51.0651650">
    <ele>751.7</ele>
   </trkpt>
   <trkpt lat="-26.2602990" lon="-51.0651820">
    <ele>751.7</ele>
   </trkpt>
   <trkpt lat="-26.2602730" lon="-51.0652060">
    <ele>751.7</ele>
   </trkpt>
   <trkpt lat="-26.2602510" lon="-51.0652240">
    <ele>751.7</ele>
   </trkpt>
   <trkpt lat="-26.2602100" lon="-51.0652470">
    <ele>751.6</ele>
   </trkpt>
   <trkpt lat="-26.2601760" lon="-51.0652700">
    <ele>751.6</ele>
   </trkpt>
   <trkpt lat="-26.2601460" lon="-51.0652940">
    <ele>751.6</ele>
   </trkpt>
   <trkpt lat="-26.2601100" lon="-51.0653170">
    <ele>751.6</ele>
   </trkpt>
   <trkpt lat="-26.2600700" lon="-51.0653380">
    <ele>751.6</ele>
   </trkpt>
   <trkpt lat="-26.2600340" lon="-51.0653600">
    <ele>751.6</ele>
   </trkpt>
   <trkpt lat="-26.2599990" lon="-51.0653860">
    <ele>751.6</ele>
   </trkpt>
   <trkpt lat="-26.2599630" lon="-51.0654100">
    <ele>751.6</ele>
   </trkpt>
   <trkpt lat="-26.2599240" lon="-51.0654270">
    <ele>751.6</ele>
   </trkpt>
   <trkpt lat="-26.2598880" lon="-51.0654520">
    <ele>751.6</ele>
   </trkpt>
   <trkpt lat="-26.2598510" lon="-51.0654730">
    <ele>751.6</ele>
   </trkpt>
   <trkpt lat="-26.2598160" lon="-51.0654900">
    <ele>751.6</ele>
   </trkpt>
   <trkpt lat="-26.2597850" lon="-51.0655090">
    <ele>751.6</ele>
   </trkpt>
   <trkpt lat="-26.2597490" lon="-51.0655320">
    <ele>751.6</ele>
   </trkpt>
   <trkpt lat="-26.2597170" lon="-51.0655530">
    <ele>751.6</ele>
   </trkpt>
   <trkpt lat="-26.2596840" lon="-51.0655770">
    <ele>751.6</ele>
   </trkpt>
   <trkpt lat="-26.2596570" lon="-51.0655950">
    <ele>751.6</ele>
   </trkpt>
   <trkpt lat="-26.2596170" lon="-51.0656070">
    <ele>751.6</ele>
   </trkpt>
   <trkpt lat="-26.2595840" lon="-51.0656290">
    <ele>751.6</ele>
   </trkpt>
   <trkpt lat="-26.2595540" lon="-51.0656440">
    <ele>751.6</ele>
   </trkpt>
   <trkpt lat="-26.2595190" lon="-51.0656680">
    <ele>751.6</ele>
   </trkpt>
   <trkpt lat="-26.2594830" lon="-51.0656940">
    <ele>751.6</ele>
   </trkpt>
   <trkpt lat="-26.2594540" lon="-51.0657160">
    <ele>751.6</ele>
   </trkpt>
   <trkpt lat="-26.2594220" lon="-51.0657420">
    <ele>751.6</ele>
   </trkpt>
   <trkpt lat="-26.2593930" lon="-51.0657640">
    <ele>751.6</ele>
   </trkpt>
   <trkpt lat="-26.2593630" lon="-51.0657830">
    <ele>751.6</ele>
   </trkpt>
   <trkpt lat="-26.2593300" lon="-51.0658100">
    <ele>751.6</ele>
   </trkpt>
   <trkpt lat="-26.2592950" lon="-51.0658270">
    <ele>751.6</ele>
   </trkpt>
   <trkpt lat="-26.2592620" lon="-51.0658470">
    <ele>751.6</ele>
   </trkpt>
   <trkpt lat="-26.2592270" lon="-51.0658670">
    <ele>751.6</ele>
   </trkpt>
   <trkpt lat="-26.2591940" lon="-51.0658850">
    <ele>751.6</ele>
   </trkpt>
   <trkpt lat="-26.2591570" lon="-51.0659090">
    <ele>751.6</ele>
   </trkpt>
   <trkpt lat="-26.2591240" lon="-51.0659290">
    <ele>751.6</ele>
   </trkpt>
   <trkpt lat="-26.2590900" lon="-51.0659520">
    <ele>751.6</ele>
   </trkpt>
   <trkpt lat="-26.2590550" lon="-51.0659740">
    <ele>751.6</ele>
   </trkpt>
   <trkpt lat="-26.2590210" lon="-51.0659970">
    <ele>751.6</ele>
   </trkpt>
   <trkpt lat="-26.2589870" lon="-51.0660200">
    <ele>751.6</ele>
   </trkpt>
   <trkpt lat="-26.2589580" lon="-51.0660460">
    <ele>751.6</ele>
   </trkpt>
   <trkpt lat="-26.2589250" lon="-51.0660670">
    <ele>751.6</ele>
   </trkpt>
   <trkpt lat="-26.2588930" lon="-51.0660900">
    <ele>751.6</ele>
   </trkpt>
   <trkpt lat="-26.2588620" lon="-51.0661100">
    <ele>751.6</ele>
   </trkpt>
   <trkpt lat="-26.2588280" lon="-51.0661340">
    <ele>751.6</ele>
   </trkpt>
   <trkpt lat="-26.2587970" lon="-51.0661570">
    <ele>751.6</ele>
   </trkpt>
   <trkpt lat="-26.2587640" lon="-51.0661770">
    <ele>751.6</ele>
   </trkpt>
   <trkpt lat="-26.2587350" lon="-51.0661980">
    <ele>751.6</ele>
   </trkpt>
   <trkpt lat="-26.2587030" lon="-51.0662200">
    <ele>751.6</ele>
   </trkpt>
   <trkpt lat="-26.2586750" lon="-51.0662360">
    <ele>751.6</ele>
   </trkpt>
   <trkpt lat="-26.2586420" lon="-51.0662560">
    <ele>751.7</ele>
   </trkpt>
   <trkpt lat="-26.2586090" lon="-51.0662800">
    <ele>751.7</ele>
   </trkpt>
   <trkpt lat="-26.2585810" lon="-51.0663050">
    <ele>751.7</ele>
   </trkpt>
   <trkpt lat="-26.2585510" lon="-51.0663250">
    <ele>751.7</ele>
   </trkpt>
   <trkpt lat="-26.2585230" lon="-51.0663440">
    <ele>751.7</ele>
   </trkpt>
   <trkpt lat="-26.2585000" lon="-51.0663640">
    <ele>751.7</ele>
   </trkpt>
   <trkpt lat="-26.2584690" lon="-51.0663840">
    <ele>751.7</ele>
   </trkpt>
   <trkpt lat="-26.2584490" lon="-51.0664080">
    <ele>751.7</ele>
   </trkpt>
   <trkpt lat="-26.2584150" lon="-51.0664260">
    <ele>751.7</ele>
   </trkpt>
   <trkpt lat="-26.2583870" lon="-51.0664470">
    <ele>751.8</ele>
   </trkpt>
   <trkpt lat="-26.2583540" lon="-51.0664710">
    <ele>751.8</ele>
   </trkpt>
   <trkpt lat="-26.2583260" lon="-51.0664930">
    <ele>751.8</ele>
   </trkpt>
   <trkpt lat="-26.2582940" lon="-51.0665140">
    <ele>751.8</ele>
   </trkpt>
   <trkpt lat="-26.2582570" lon="-51.0665340">
    <ele>751.8</ele>
   </trkpt>
   <trkpt lat="-26.2582180" lon="-51.0665650">
    <ele>751.8</ele>
   </trkpt>
   <trkpt lat="-26.2581980" lon="-51.0665770">
    <ele>751.8</ele>
   </trkpt>
   <trkpt lat="-26.2581640" lon="-51.0666020">
    <ele>751.8</ele>
   </trkpt>
   <trkpt lat="-26.2581380" lon="-51.0666240">
    <ele>751.8</ele>
   </trkpt>
   <trkpt lat="-26.2581060" lon="-51.0666350">
    <ele>751.8</ele>
   </trkpt>
   <trkpt lat="-26.2580720" lon="-51.0666550">
    <ele>751.8</ele>
   </trkpt>
   <trkpt lat="-26.2580460" lon="-51.0666780">
    <ele>751.8</ele>
   </trkpt>
   <trkpt lat="-26.2580120" lon="-51.0666900">
    <ele>751.8</ele>
   </trkpt>
   <trkpt lat="-26.2579720" lon="-51.0667130">
    <ele>751.8</ele>
   </trkpt>
   <trkpt lat="-26.2579360" lon="-51.0667380">
    <ele>751.8</ele>
   </trkpt>
   <trkpt lat="-26.2579020" lon="-51.0667580">
    <ele>751.8</ele>
   </trkpt>
   <trkpt lat="-26.2578710" lon="-51.0667790">
    <ele>751.8</ele>
   </trkpt>
   <trkpt lat="-26.2578380" lon="-51.0668010">
    <ele>751.8</ele>
   </trkpt>
   <trkpt lat="-26.2578080" lon="-51.0668240">
    <ele>751.8</ele>
   </trkpt>
   <trkpt lat="-26.2577770" lon="-51.0668460">
    <ele>751.8</ele>
   </trkpt>
   <trkpt lat="-26.2577500" lon="-51.0668670">
    <ele>751.8</ele>
   </trkpt>
   <trkpt lat="-26.2577090" lon="-51.0668880">
    <ele>751.8</ele>
   </trkpt>
   <trkpt lat="-26.2576810" lon="-51.0669070">
    <ele>751.8</ele>
   </trkpt>
   <trkpt lat="-26.2576490" lon="-51.0669300">
    <ele>751.8</ele>
   </trkpt>
   <trkpt lat="-26.2576250" lon="-51.0669540">
    <ele>751.8</ele>
   </trkpt>
   <trkpt lat="-26.2575970" lon="-51.0669780">
    <ele>751.8</ele>
   </trkpt>
   <trkpt lat="-26.2575550" lon="-51.0669960">
    <ele>751.8</ele>
   </trkpt>
   <trkpt lat="-26.2575240" lon="-51.0670180">
    <ele>751.8</ele>
   </trkpt>
   <trkpt lat="-26.2574910" lon="-51.0670430">
    <ele>751.8</ele>
   </trkpt>
   <trkpt lat="-26.2574560" lon="-51.0670620">
    <ele>751.8</ele>
   </trkpt>
   <trkpt lat="-26.2574240" lon="-51.0670790">
    <ele>751.8</ele>
   </trkpt>
   <trkpt lat="-26.2573910" lon="-51.0670980">
    <ele>751.8</ele>
   </trkpt>
   <trkpt lat="-26.2573610" lon="-51.0671200">
    <ele>751.8</ele>
   </trkpt>
   <trkpt lat="-26.2573320" lon="-51.0671370">
    <ele>751.8</ele>
   </trkpt>
   <trkpt lat="-26.2573010" lon="-51.0671550">
    <ele>751.8</ele>
   </trkpt>
   <trkpt lat="-26.2572770" lon="-51.0671720">
    <ele>751.8</ele>
   </trkpt>
   <trkpt lat="-26.2572530" lon="-51.0671890">
    <ele>751.8</ele>
   </trkpt>
   <trkpt lat="-26.2572280" lon="-51.0672100">
    <ele>751.8</ele>
   </trkpt>
   <trkpt lat="-26.2572010" lon="-51.0672240">
    <ele>751.8</ele>
   </trkpt>
   <trkpt lat="-26.2571720" lon="-51.0672500">
    <ele>751.8</ele>
   </trkpt>
   <trkpt lat="-26.2571370" lon="-51.0672740">
    <ele>751.8</ele>
   </trkpt>
   <trkpt lat="-26.2571070" lon="-51.0672960">
    <ele>751.8</ele>
   </trkpt>
   <trkpt lat="-26.2570810" lon="-51.0673170">
    <ele>751.8</ele>
   </trkpt>
   <trkpt lat="-26.2570480" lon="-51.0673390">
    <ele>751.8</ele>
   </trkpt>
   <trkpt lat="-26.2570110" lon="-51.0673590">
    <ele>751.8</ele>
   </trkpt>
   <trkpt lat="-26.2569760" lon="-51.0673790">
    <ele>751.8</ele>
   </trkpt>
   <trkpt lat="-26.2569420" lon="-51.0673990">
    <ele>751.7</ele>
   </trkpt>
   <trkpt lat="-26.2569090" lon="-51.0674200">
    <ele>751.7</ele>
   </trkpt>
   <trkpt lat="-26.2568780" lon="-51.0674400">
    <ele>751.7</ele>
   </trkpt>
   <trkpt lat="-26.2568470" lon="-51.0674670">
    <ele>751.7</ele>
   </trkpt>
   <trkpt lat="-26.2568210" lon="-51.0674920">
    <ele>751.7</ele>
   </trkpt>
   <trkpt lat="-26.2567860" lon="-51.0675150">
    <ele>751.7</ele>
   </trkpt>
   <trkpt lat="-26.2567560" lon="-51.0675290">
    <ele>751.7</ele>
   </trkpt>
   <trkpt lat="-26.2567260" lon="-51.0675510">
    <ele>751.7</ele>
   </trkpt>
   <trkpt lat="-26.2566940" lon="-51.0675680">
    <ele>751.7</ele>
   </trkpt>
   <trkpt lat="-26.2566570" lon="-51.0675860">
    <ele>751.7</ele>
   </trkpt>
   <trkpt lat="-26.2566200" lon="-51.0675970">
    <ele>751.7</ele>
   </trkpt>
   <trkpt lat="-26.2565840" lon="-51.0676030">
    <ele>751.7</ele>
   </trkpt>
   <trkpt lat="-26.2565470" lon="-51.0676020">
    <ele>751.7</ele>
   </trkpt>
   <trkpt lat="-26.2565150" lon="-51.0676060">
    <ele>751.7</ele>
   </trkpt>
   <trkpt lat="-26.2564870" lon="-51.0676140">
    <ele>751.7</ele>
   </trkpt>
   <trkpt lat="-26.2564510" lon="-51.0676200">
    <ele>751.7</ele>
   </trkpt>
   <trkpt lat="-26.2564180" lon="-51.0676330">
    <ele>751.7</ele>
   </trkpt>
   <trkpt lat="-26.2563870" lon="-51.0676410">
    <ele>751.7</ele>
   </trkpt>
   <trkpt lat="-26.2563550" lon="-51.0676530">
    <ele>751.7</ele>
   </trkpt>
   <trkpt lat="-26.2563220" lon="-51.0676670">
    <ele>751.7</ele>
   </trkpt>
   <trkpt lat="-26.2562890" lon="-51.0676900">
    <ele>751.7</ele>
   </trkpt>
   <trkpt lat="-26.2562580" lon="-51.0677140">
    <ele>751.7</ele>
   </trkpt>
   <trkpt lat="-26.2562280" lon="-51.0677410">
    <ele>751.7</ele>
   </trkpt>
   <trkpt lat="-26.2562080" lon="-51.0677710">
    <ele>751.7</ele>
   </trkpt>
   <trkpt lat="-26.2561910" lon="-51.0678050">
    <ele>751.7</ele>
   </trkpt>
   <trkpt lat="-26.2561870" lon="-51.0678430">
    <ele>751.8</ele>
   </trkpt>
   <trkpt lat="-26.2561980" lon="-51.0678790">
    <ele>751.8</ele>
   </trkpt>
   <trkpt lat="-26.2562170" lon="-51.0679120">
    <ele>751.7</ele>
   </trkpt>
   <trkpt lat="-26.2562420" lon="-51.0679370">
    <ele>751.7</ele>
   </trkpt>
   <trkpt lat="-26.2562690" lon="-51.0679630">
    <ele>751.7</ele>
   </trkpt>
   <trkpt lat="-26.2562950" lon="-51.0679940">
    <ele>751.7</ele>
   </trkpt>
   <trkpt lat="-26.2563120" lon="-51.0680300">
    <ele>751.8</ele>
   </trkpt>
   <trkpt lat="-26.2563310" lon="-51.0680690">
    <ele>751.8</ele>
   </trkpt>
   <trkpt lat="-26.2563500" lon="-51.0681030">
    <ele>751.8</ele>
   </trkpt>
   <trkpt lat="-26.2563730" lon="-51.0681370">
    <ele>751.8</ele>
   </trkpt>
   <trkpt lat="-26.2563960" lon="-51.0681700">
    <ele>751.9</ele>
   </trkpt>
   <trkpt lat="-26.2564120" lon="-51.0682060">
    <ele>751.9</ele>
   </trkpt>
   <trkpt lat="-26.2564330" lon="-51.0682360">
    <ele>751.9</ele>
   </trkpt>
   <trkpt lat="-26.2564490" lon="-51.0682680">
    <ele>751.9</ele>
   </trkpt>
   <trkpt lat="-26.2564680" lon="-51.0683050">
    <ele>751.9</ele>
   </trkpt>
   <trkpt lat="-26.2564860" lon="-51.0683400">
    <ele>751.9</ele>
   </trkpt>
   <trkpt lat="-26.2565040" lon="-51.0683710">
    <ele>751.9</ele>
   </trkpt>
   <trkpt lat="-26.2565240" lon="-51.0684010">
    <ele>752.0</ele>
   </trkpt>
   <trkpt lat="-26.2565430" lon="-51.0684370">
    <ele>752.0</ele>
   </trkpt>
   <trkpt lat="-26.2565620" lon="-51.0684710">
    <ele>752.0</ele>
   </trkpt>
   <trkpt lat="-26.2565780" lon="-51.0685050">
    <ele>752.1</ele>
   </trkpt>
   <trkpt lat="-26.2565940" lon="-51.0685370">
    <ele>752.1</ele>
   </trkpt>
   <trkpt lat="-26.2566120" lon="-51.0685700">
    <ele>752.1</ele>
   </trkpt>
   <trkpt lat="-26.2566300" lon="-51.0686040">
    <ele>752.1</ele>
   </trkpt>
   <trkpt lat="-26.2566470" lon="-51.0686360">
    <ele>752.2</ele>
   </trkpt>
   <trkpt lat="-26.2566640" lon="-51.0686700">
    <ele>752.2</ele>
   </trkpt>
   <trkpt lat="-26.2566830" lon="-51.0687030">
    <ele>752.2</ele>
   </trkpt>
   <trkpt lat="-26.2567040" lon="-51.0687370">
    <ele>752.3</ele>
   </trkpt>
   <trkpt lat="-26.2567210" lon="-51.0687720">
    <ele>752.3</ele>
   </trkpt>
   <trkpt lat="-26.2567390" lon="-51.0688050">
    <ele>752.3</ele>
   </trkpt>
   <trkpt lat="-26.2567580" lon="-51.0688360">
    <ele>752.4</ele>
   </trkpt>
   <trkpt lat="-26.2567730" lon="-51.0688690">
    <ele>752.4</ele>
   </trkpt>
   <trkpt lat="-26.2567930" lon="-51.0689010">
    <ele>752.4</ele>
   </trkpt>
   <trkpt lat="-26.2568100" lon="-51.0689350">
    <ele>752.4</ele>
   </trkpt>
   <trkpt lat="-26.2568280" lon="-51.0689690">
    <ele>752.4</ele>
   </trkpt>
   <trkpt lat="-26.2568460" lon="-51.0690010">
    <ele>752.4</ele>
   </trkpt>
   <trkpt lat="-26.2568620" lon="-51.0690330">
    <ele>752.4</ele>
   </trkpt>
   <trkpt lat="-26.2568800" lon="-51.0690650">
    <ele>752.5</ele>
   </trkpt>
   <trkpt lat="-26.2568960" lon="-51.0690970">
    <ele>752.5</ele>
   </trkpt>
   <trkpt lat="-26.2569130" lon="-51.0691260">
    <ele>752.5</ele>
   </trkpt>
   <trkpt lat="-26.2569320" lon="-51.0691550">
    <ele>752.5</ele>
   </trkpt>
   <trkpt lat="-26.2569480" lon="-51.0691830">
    <ele>752.6</ele>
   </trkpt>
   <trkpt lat="-26.2569630" lon="-51.0692130">
    <ele>752.6</ele>
   </trkpt>
   <trkpt lat="-26.2569810" lon="-51.0692450">
    <ele>752.6</ele>
   </trkpt>
   <trkpt lat="-26.2569980" lon="-51.0692760">
    <ele>752.6</ele>
   </trkpt>
   <trkpt lat="-26.2570170" lon="-51.0693100">
    <ele>752.7</ele>
   </trkpt>
   <trkpt lat="-26.2570320" lon="-51.0693380">
    <ele>752.7</ele>
   </trkpt>
   <trkpt lat="-26.2570490" lon="-51.0693700">
    <ele>752.7</ele>
   </trkpt>
   <trkpt lat="-26.2570670" lon="-51.0694030">
    <ele>752.7</ele>
   </trkpt>
   <trkpt lat="-26.2570870" lon="-51.0694340">
    <ele>752.7</ele>
   </trkpt>
   <trkpt lat="-26.2571040" lon="-51.0694650">
    <ele>752.8</ele>
   </trkpt>
   <trkpt lat="-26.2571210" lon="-51.0694980">
    <ele>752.8</ele>
   </trkpt>
   <trkpt lat="-26.2571380" lon="-51.0695290">
    <ele>752.8</ele>
   </trkpt>
   <trkpt lat="-26.2571530" lon="-51.0695610">
    <ele>752.8</ele>
   </trkpt>
   <trkpt lat="-26.2571700" lon="-51.0695900">
    <ele>752.8</ele>
   </trkpt>
   <trkpt lat="-26.2571890" lon="-51.0696210">
    <ele>752.8</ele>
   </trkpt>
   <trkpt lat="-26.2572060" lon="-51.0696490">
    <ele>752.9</ele>
   </trkpt>
   <trkpt lat="-26.2572210" lon="-51.0696810">
    <ele>752.9</ele>
   </trkpt>
   <trkpt lat="-26.2572380" lon="-51.0697110">
    <ele>752.9</ele>
   </trkpt>
   <trkpt lat="-26.2572520" lon="-51.0697390">
    <ele>752.9</ele>
   </trkpt>
   <trkpt lat="-26.2572690" lon="-51.0697710">
    <ele>752.9</ele>
   </trkpt>
   <trkpt lat="-26.2572830" lon="-51.0698020">
    <ele>753.0</ele>
   </trkpt>
   <trkpt lat="-26.2573000" lon="-51.0698300">
    <ele>753.0</ele>
   </trkpt>
   <trkpt lat="-26.2573160" lon="-51.0698600">
    <ele>753.0</ele>
   </trkpt>
   <trkpt lat="-26.2573320" lon="-51.0698880">
    <ele>753.0</ele>
   </trkpt>
   <trkpt lat="-26.2573460" lon="-51.0699190">
    <ele>753.0</ele>
   </trkpt>
   <trkpt lat="-26.2573640" lon="-51.0699460">
    <ele>753.0</ele>
   </trkpt>
   <trkpt lat="-26.2573820" lon="-51.0699720">
    <ele>753.1</ele>
   </trkpt>
   <trkpt lat="-26.2574010" lon="-51.0700040">
    <ele>753.1</ele>
   </trkpt>
   <trkpt lat="-26.2574140" lon="-51.0700310">
    <ele>753.1</ele>
   </trkpt>
   <trkpt lat="-26.2574320" lon="-51.0700600">
    <ele>753.2</ele>
   </trkpt>
   <trkpt lat="-26.2574480" lon="-51.0700940">
    <ele>753.2</ele>
   </trkpt>
   <trkpt lat="-26.2574630" lon="-51.0701260">
    <ele>753.2</ele>
   </trkpt>
   <trkpt lat="-26.2574800" lon="-51.0701540">
    <ele>753.2</ele>
   </trkpt>
   <trkpt lat="-26.2574930" lon="-51.0701810">
    <ele>753.3</ele>
   </trkpt>
   <trkpt lat="-26.2575100" lon="-51.0702100">
    <ele>753.3</ele>
   </trkpt>
   <trkpt lat="-26.2575240" lon="-51.0702380">
    <ele>753.4</ele>
   </trkpt>
   <trkpt lat="-26.2575420" lon="-51.0702670">
    <ele>753.4</ele>
   </trkpt>
   <trkpt lat="-26.2575590" lon="-51.0702990">
    <ele>753.5</ele>
   </trkpt>
   <trkpt lat="-26.2575760" lon="-51.0703280">
    <ele>753.5</ele>
   </trkpt>
   <trkpt lat="-26.2575950" lon="-51.0703590">
    <ele>753.5</ele>
   </trkpt>
   <trkpt lat="-26.2576120" lon="-51.0703890">
    <ele>753.6</ele>
   </trkpt>
   <trkpt lat="-26.2576270" lon="-51.0704200">
    <ele>753.6</ele>
   </trkpt>
   <trkpt lat="-26.2576440" lon="-51.0704510">
    <ele>753.7</ele>
   </trkpt>
   <trkpt lat="-26.2576600" lon="-51.0704800">
    <ele>753.7</ele>
   </trkpt>
   <trkpt lat="-26.2576750" lon="-51.0705100">
    <ele>753.8</ele>
   </trkpt>
   <trkpt lat="-26.2576900" lon="-51.0705370">
    <ele>753.8</ele>
   </trkpt>
   <trkpt lat="-26.2577080" lon="-51.0705670">
    <ele>753.9</ele>
   </trkpt>
   <trkpt lat="-26.2577250" lon="-51.0705980">
    <ele>754.0</ele>
   </trkpt>
   <trkpt lat="-26.2577460" lon="-51.0706280">
    <ele>754.0</ele>
   </trkpt>
   <trkpt lat="-26.2577620" lon="-51.0706590">
    <ele>754.1</ele>
   </trkpt>
   <trkpt lat="-26.2577760" lon="-51.0706870">
    <ele>754.1</ele>
   </trkpt>
   <trkpt lat="-26.2577930" lon="-51.0707150">
    <ele>754.2</ele>
   </trkpt>
   <trkpt lat="-26.2578100" lon="-51.0707420">
    <ele>754.3</ele>
   </trkpt>
   <trkpt lat="-26.2578280" lon="-51.0707710">
    <ele>754.3</ele>
   </trkpt>
   <trkpt lat="-26.2578420" lon="-51.0708000">
    <ele>754.4</ele>
   </trkpt>
   <trkpt lat="-26.2578630" lon="-51.0708380">
    <ele>754.5</ele>
   </trkpt>
   <trkpt lat="-26.2578710" lon="-51.0708520">
    <ele>754.5</ele>
   </trkpt>
   <trkpt lat="-26.2578920" lon="-51.0708900">
    <ele>754.6</ele>
   </trkpt>
   <trkpt lat="-26.2578990" lon="-51.0709030">
    <ele>754.7</ele>
   </trkpt>
   <trkpt lat="-26.2579140" lon="-51.0709290">
    <ele>754.7</ele>
   </trkpt>
   <trkpt lat="-26.2579290" lon="-51.0709540">
    <ele>754.8</ele>
   </trkpt>
   <trkpt lat="-26.2579440" lon="-51.0709830">
    <ele>754.9</ele>
   </trkpt>
   <trkpt lat="-26.2579590" lon="-51.0710120">
    <ele>755.0</ele>
   </trkpt>
   <trkpt lat="-26.2579730" lon="-51.0710380">
    <ele>755.0</ele>
   </trkpt>
   <trkpt lat="-26.2579890" lon="-51.0710660">
    <ele>755.1</ele>
   </trkpt>
   <trkpt lat="-26.2580020" lon="-51.0710930">
    <ele>755.2</ele>
   </trkpt>
   <trkpt lat="-26.2580200" lon="-51.0711230">
    <ele>755.3</ele>
   </trkpt>
   <trkpt lat="-26.2580330" lon="-51.0711520">
    <ele>755.4</ele>
   </trkpt>
   <trkpt lat="-26.2580570" lon="-51.0711940">
    <ele>755.5</ele>
   </trkpt>
   <trkpt lat="-26.2580660" lon="-51.0712100">
    <ele>755.6</ele>
   </trkpt>
   <trkpt lat="-26.2580840" lon="-51.0712340">
    <ele>755.6</ele>
   </trkpt>
   <trkpt lat="-26.2581010" lon="-51.0712650">
    <ele>755.7</ele>
   </trkpt>
   <trkpt lat="-26.2581160" lon="-51.0712930">
    <ele>755.8</ele>
   </trkpt>
   <trkpt lat="-26.2581320" lon="-51.0713220">
    <ele>755.9</ele>
   </trkpt>
   <trkpt lat="-26.2581460" lon="-51.0713520">
    <ele>756.0</ele>
   </trkpt>
   <trkpt lat="-26.2581640" lon="-51.0713780">
    <ele>756.1</ele>
   </trkpt>
   <trkpt lat="-26.2581760" lon="-51.0714060">
    <ele>756.2</ele>
   </trkpt>
   <trkpt lat="-26.2581900" lon="-51.0714340">
    <ele>756.3</ele>
   </trkpt>
   <trkpt lat="-26.2582050" lon="-51.0714610">
    <ele>756.4</ele>
   </trkpt>
   <trkpt lat="-26.2582200" lon="-51.0714930">
    <ele>756.5</ele>
   </trkpt>
   <trkpt lat="-26.2582400" lon="-51.0715320">
    <ele>756.6</ele>
   </trkpt>
   <trkpt lat="-26.2582480" lon="-51.0715470">
    <ele>756.7</ele>
   </trkpt>
   <trkpt lat="-26.2582640" lon="-51.0715750">
    <ele>756.8</ele>
   </trkpt>
   <trkpt lat="-26.2582770" lon="-51.0716030">
    <ele>756.8</ele>
   </trkpt>
   <trkpt lat="-26.2582940" lon="-51.0716290">
    <ele>756.9</ele>
   </trkpt>
   <trkpt lat="-26.2583050" lon="-51.0716570">
    <ele>757.0</ele>
   </trkpt>
   <trkpt lat="-26.2583240" lon="-51.0716950">
    <ele>757.1</ele>
   </trkpt>
   <trkpt lat="-26.2583330" lon="-51.0717070">
    <ele>757.1</ele>
   </trkpt>
   <trkpt lat="-26.2583520" lon="-51.0717430">
    <ele>757.2</ele>
   </trkpt>
   <trkpt lat="-26.2583580" lon="-51.0717550">
    <ele>757.3</ele>
   </trkpt>
   <trkpt lat="-26.2583800" lon="-51.0717890">
    <ele>757.4</ele>
   </trkpt>
   <trkpt lat="-26.2583860" lon="-51.0718010">
    <ele>757.4</ele>
   </trkpt>
   <trkpt lat="-26.2584040" lon="-51.0718360">
    <ele>757.5</ele>
   </trkpt>
   <trkpt lat="-26.2584100" lon="-51.0718490">
    <ele>757.6</ele>
   </trkpt>
   <trkpt lat="-26.2584260" lon="-51.0718760">
    <ele>757.6</ele>
   </trkpt>
   <trkpt lat="-26.2584450" lon="-51.0719080">
    <ele>757.8</ele>
   </trkpt>
   <trkpt lat="-26.2584510" lon="-51.0719190">
    <ele>757.8</ele>
   </trkpt>
   <trkpt lat="-26.2584710" lon="-51.0719530">
    <ele>757.9</ele>
   </trkpt>
   <trkpt lat="-26.2584760" lon="-51.0719640">
    <ele>757.9</ele>
   </trkpt>
   <trkpt lat="-26.2584940" lon="-51.0719890">
    <ele>758.1</ele>
   </trkpt>
   <trkpt lat="-26.2585100" lon="-51.0720170">
    <ele>758.1</ele>
   </trkpt>
   <trkpt lat="-26.2585130" lon="-51.0720280">
    <ele>758.2</ele>
   </trkpt>
   <trkpt lat="-26.2585320" lon="-51.0720590">
    <ele>758.2</ele>
   </trkpt>
   <trkpt lat="-26.2585360" lon="-51.0720710">
    <ele>758.3</ele>
   </trkpt>
   <trkpt lat="-26.2585550" lon="-51.0721010">
    <ele>758.4</ele>
   </trkpt>
   <trkpt lat="-26.2585720" lon="-51.0721360">
    <ele>758.4</ele>
   </trkpt>
   <trkpt lat="-26.2585770" lon="-51.0721480">
    <ele>758.5</ele>
   </trkpt>
   <trkpt lat="-26.2585950" lon="-51.0721730">
    <ele>758.5</ele>
   </trkpt>
   <trkpt lat="-26.2586140" lon="-51.0722130">
    <ele>758.6</ele>
   </trkpt>
   <trkpt lat="-26.2586200" lon="-51.0722280">
    <ele>758.7</ele>
   </trkpt>
   <trkpt lat="-26.2586360" lon="-51.0722680">
    <ele>758.8</ele>
   </trkpt>
   <trkpt lat="-26.2586390" lon="-51.0722810">
    <ele>758.8</ele>
   </trkpt>
   <trkpt lat="-26.2586450" lon="-51.0723160">
    <ele>758.9</ele>
   </trkpt>
   <trkpt lat="-26.2586460" lon="-51.0723250">
    <ele>758.9</ele>
   </trkpt>
   <trkpt lat="-26.2586470" lon="-51.0723400">
    <ele>758.9</ele>
   </trkpt>
   <trkpt lat="-26.2586410" lon="-51.0723580">
    <ele>758.9</ele>
   </trkpt>
   <trkpt lat="-26.2586350" lon="-51.0723690">
    <ele>759.0</ele>
   </trkpt>
   <trkpt lat="-26.2586340" lon="-51.0723730">
    <ele>759.0</ele>
   </trkpt>
   <trkpt lat="-26.2586360" lon="-51.0723750">
    <ele>759.0</ele>
   </trkpt>
   <trkpt lat="-26.2586390" lon="-51.0723790">
    <ele>759.0</ele>
   </trkpt>
   <trkpt lat="-26.2586380" lon="-51.0723830">
    <ele>759.0</ele>
   </trkpt>
   <trkpt lat="-26.2586390" lon="-51.0723840">
    <ele>759.0</ele>
   </trkpt>
   <trkpt lat="-26.2586390" lon="-51.0723860">
    <ele>759.0</ele>
   </trkpt>
   <trkpt lat="-26.2586390" lon="-51.0723890">
    <ele>759.0</ele>
   </trkpt>
   <trkpt lat="-26.2586350" lon="-51.0723990">
    <ele>759.0</ele>
   </trkpt>
   <trkpt lat="-26.2586340" lon="-51.0724080">
    <ele>759.0</ele>
   </trkpt>
   <trkpt lat="-26.2586290" lon="-51.0724190">
    <ele>759.1</ele>
   </trkpt>
   <trkpt lat="-26.2586240" lon="-51.0724420">
    <ele>759.1</ele>
   </trkpt>
   <trkpt lat="-26.2586220" lon="-51.0724530">
    <ele>759.1</ele>
   </trkpt>
   <trkpt lat="-26.2586200" lon="-51.0724630">
    <ele>759.2</ele>
   </trkpt>
   <trkpt lat="-26.2586210" lon="-51.0724940">
    <ele>759.2</ele>
   </trkpt>
   <trkpt lat="-26.2586230" lon="-51.0725040">
    <ele>759.3</ele>
   </trkpt>
   <trkpt lat="-26.2586240" lon="-51.0725200">
    <ele>759.3</ele>
   </trkpt>
   <trkpt lat="-26.2586300" lon="-51.0725340">
    <ele>759.3</ele>
   </trkpt>
   <trkpt lat="-26.2586370" lon="-51.0725550">
    <ele>759.3</ele>
   </trkpt>
   <trkpt lat="-26.2586400" lon="-51.0725660">
    <ele>759.3</ele>
   </trkpt>
   <trkpt lat="-26.2586440" lon="-51.0725760">
    <ele>759.3</ele>
   </trkpt>
   <trkpt lat="-26.2586430" lon="-51.0725920">
    <ele>759.3</ele>
   </trkpt>
   <trkpt lat="-26.2586350" lon="-51.0726080">
    <ele>759.3</ele>
   </trkpt>
   <trkpt lat="-26.2586140" lon="-51.0726220">
    <ele>759.3</ele>
   </trkpt>
   <trkpt lat="-26.2586050" lon="-51.0726270">
    <ele>759.3</ele>
   </trkpt>
   <trkpt lat="-26.2585960" lon="-51.0726320">
    <ele>759.3</ele>
   </trkpt>
   <trkpt lat="-26.2585850" lon="-51.0726370">
    <ele>759.3</ele>
   </trkpt>
   <trkpt lat="-26.2585780" lon="-51.0726380">
    <ele>759.3</ele>
   </trkpt>
   <trkpt lat="-26.2585680" lon="-51.0726400">
    <ele>759.3</ele>
   </trkpt>
   <trkpt lat="-26.2585580" lon="-51.0726290">
    <ele>759.3</ele>
   </trkpt>
   <trkpt lat="-26.2585510" lon="-51.0726260">
    <ele>759.3</ele>
   </trkpt>
   <trkpt lat="-26.2585440" lon="-51.0726240">
    <ele>759.3</ele>
   </trkpt>
   <trkpt lat="-26.2585370" lon="-51.0726210">
    <ele>759.3</ele>
   </trkpt>
   <trkpt lat="-26.2585300" lon="-51.0726190">
    <ele>759.3</ele>
   </trkpt>
   <trkpt lat="-26.2585230" lon="-51.0726170">
    <ele>759.3</ele>
   </trkpt>
   <trkpt lat="-26.2585160" lon="-51.0726140">
    <ele>759.3</ele>
   </trkpt>
   <trkpt lat="-26.2585100" lon="-51.0726120">
    <ele>759.3</ele>
   </trkpt>
   <trkpt lat="-26.2585030" lon="-51.0726090">
    <ele>759.3</ele>
   </trkpt>
   <trkpt lat="-26.2584960" lon="-51.0726070">
    <ele>759.3</ele>
   </trkpt>
   <trkpt lat="-26.2584890" lon="-51.0726050">
    <ele>759.3</ele>
   </trkpt>
   <trkpt lat="-26.2584820" lon="-51.0726020">
    <ele>759.3</ele>
   </trkpt>
   <trkpt lat="-26.2584750" lon="-51.0726000">
    <ele>759.3</ele>
   </trkpt>
   <trkpt lat="-26.2584680" lon="-51.0725970">
    <ele>759.3</ele>
   </trkpt>
   <trkpt lat="-26.2584610" lon="-51.0725950">
    <ele>759.3</ele>
   </trkpt>
   <trkpt lat="-26.2584540" lon="-51.0725920">
    <ele>759.3</ele>
   </trkpt>
   <trkpt lat="-26.2584300" lon="-51.0726120">
    <ele>759.3</ele>
   </trkpt>
   <trkpt lat="-26.2584030" lon="-51.0726430">
    <ele>759.3</ele>
   </trkpt>
   <trkpt lat="-26.2583720" lon="-51.0726780">
    <ele>759.3</ele>
   </trkpt>
   <trkpt lat="-26.2583320" lon="-51.0727090">
    <ele>759.3</ele>
   </trkpt>
   <trkpt lat="-26.2582960" lon="-51.0727480">
    <ele>759.3</ele>
   </trkpt>
   <trkpt lat="-26.2582510" lon="-51.0727840">
    <ele>759.4</ele>
   </trkpt>
   <trkpt lat="-26.2582030" lon="-51.0728220">
    <ele>759.4</ele>
   </trkpt>
   <trkpt lat="-26.2581730" lon="-51.0728760">
    <ele>759.4</ele>
   </trkpt>
   <trkpt lat="-26.2581310" lon="-51.0729160">
    <ele>759.4</ele>
   </trkpt>
   <trkpt lat="-26.2580890" lon="-51.0729510">
    <ele>759.4</ele>
   </trkpt>
   <trkpt lat="-26.2580500" lon="-51.0729820">
    <ele>759.4</ele>
   </trkpt>
   <trkpt lat="-26.2580150" lon="-51.0730100">
    <ele>759.4</ele>
   </trkpt>
   <trkpt lat="-26.2579810" lon="-51.0730430">
    <ele>759.4</ele>
   </trkpt>
   <trkpt lat="-26.2579450" lon="-51.0730700">
    <ele>759.4</ele>
   </trkpt>
   <trkpt lat="-26.2579130" lon="-51.0730960">
    <ele>759.4</ele>
   </trkpt>
   <trkpt lat="-26.2578850" lon="-51.0731220">
    <ele>759.5</ele>
   </trkpt>
   <trkpt lat="-26.2578540" lon="-51.0731500">
    <ele>759.5</ele>
   </trkpt>
   <trkpt lat="-26.2578250" lon="-51.0731770">
    <ele>759.5</ele>
   </trkpt>
   <trkpt lat="-26.2577930" lon="-51.0731990">
    <ele>759.5</ele>
   </trkpt>
   <trkpt lat="-26.2577620" lon="-51.0732210">
    <ele>759.5</ele>
   </trkpt>
   <trkpt lat="-26.2577340" lon="-51.0732460">
    <ele>759.5</ele>
   </trkpt>
   <trkpt lat="-26.2577040" lon="-51.0732690">
    <ele>759.5</ele>
   </trkpt>
   <trkpt lat="-26.2576750" lon="-51.0732960">
    <ele>759.6</ele>
   </trkpt>
   <trkpt lat="-26.2576450" lon="-51.0733230">
    <ele>759.6</ele>
   </trkpt>
   <trkpt lat="-26.2576150" lon="-51.0733510">
    <ele>759.6</ele>
   </trkpt>
   <trkpt lat="-26.2575870" lon="-51.0733800">
    <ele>759.6</ele>
   </trkpt>
   <trkpt lat="-26.2575590" lon="-51.0734070">
    <ele>759.6</ele>
   </trkpt>
   <trkpt lat="-26.2575280" lon="-51.0734250">
    <ele>759.7</ele>
   </trkpt>
   <trkpt lat="-26.2575000" lon="-51.0734540">
    <ele>759.7</ele>
   </trkpt>
   <trkpt lat="-26.2574660" lon="-51.0734850">
    <ele>759.7</ele>
   </trkpt>
   <trkpt lat="-26.2574350" lon="-51.0735060">
    <ele>759.7</ele>
   </trkpt>
   <trkpt lat="-26.2574000" lon="-51.0735290">
    <ele>759.8</ele>
   </trkpt>
   <trkpt lat="-26.2573640" lon="-51.0735540">
    <ele>759.8</ele>
   </trkpt>
   <trkpt lat="-26.2573310" lon="-51.0735830">
    <ele>759.8</ele>
   </trkpt>
   <trkpt lat="-26.2573010" lon="-51.0736170">
    <ele>759.8</ele>
   </trkpt>
   <trkpt lat="-26.2572700" lon="-51.0736390">
    <ele>759.9</ele>
   </trkpt>
   <trkpt lat="-26.2572440" lon="-51.0736730">
    <ele>759.9</ele>
   </trkpt>
   <trkpt lat="-26.2572130" lon="-51.0736960">
    <ele>759.9</ele>
   </trkpt>
   <trkpt lat="-26.2571790" lon="-51.0737230">
    <ele>760.0</ele>
   </trkpt>
   <trkpt lat="-26.2571440" lon="-51.0737420">
    <ele>760.0</ele>
   </trkpt>
   <trkpt lat="-26.2571100" lon="-51.0737720">
    <ele>760.0</ele>
   </trkpt>
   <trkpt lat="-26.2570760" lon="-51.0737960">
    <ele>760.0</ele>
   </trkpt>
   <trkpt lat="-26.2570450" lon="-51.0738230">
    <ele>760.0</ele>
   </trkpt>
   <trkpt lat="-26.2570130" lon="-51.0738500">
    <ele>760.0</ele>
   </trkpt>
   <trkpt lat="-26.2569810" lon="-51.0738830">
    <ele>760.0</ele>
   </trkpt>
   <trkpt lat="-26.2569520" lon="-51.0739140">
    <ele>760.0</ele>
   </trkpt>
   <trkpt lat="-26.2569180" lon="-51.0739430">
    <ele>760.0</ele>
   </trkpt>
   <trkpt lat="-26.2568800" lon="-51.0739620">
    <ele>760.0</ele>
   </trkpt>
   <trkpt lat="-26.2568460" lon="-51.0739860">
    <ele>760.0</ele>
   </trkpt>
   <trkpt lat="-26.2568200" lon="-51.0740290">
    <ele>760.0</ele>
   </trkpt>
   <trkpt lat="-26.2567860" lon="-51.0740520">
    <ele>760.1</ele>
   </trkpt>
   <trkpt lat="-26.2567550" lon="-51.0740740">
    <ele>760.1</ele>
   </trkpt>
   <trkpt lat="-26.2567250" lon="-51.0741010">
    <ele>760.1</ele>
   </trkpt>
   <trkpt lat="-26.2566940" lon="-51.0741240">
    <ele>760.2</ele>
   </trkpt>
   <trkpt lat="-26.2566640" lon="-51.0741530">
    <ele>760.2</ele>
   </trkpt>
   <trkpt lat="-26.2566340" lon="-51.0741790">
    <ele>760.2</ele>
   </trkpt>
   <trkpt lat="-26.2566040" lon="-51.0742020">
    <ele>760.3</ele>
   </trkpt>
   <trkpt lat="-26.2565780" lon="-51.0742270">
    <ele>760.3</ele>
   </trkpt>
   <trkpt lat="-26.2565460" lon="-51.0742500">
    <ele>760.3</ele>
   </trkpt>
   <trkpt lat="-26.2565170" lon="-51.0742790">
    <ele>760.3</ele>
   </trkpt>
   <trkpt lat="-26.2564890" lon="-51.0743010">
    <ele>760.3</ele>
   </trkpt>
   <trkpt lat="-26.2564630" lon="-51.0743270">
    <ele>760.4</ele>
   </trkpt>
   <trkpt lat="-26.2564360" lon="-51.0743570">
    <ele>760.4</ele>
   </trkpt>
   <trkpt lat="-26.2564070" lon="-51.0743790">
    <ele>760.4</ele>
   </trkpt>
   <trkpt lat="-26.2563790" lon="-51.0744030">
    <ele>760.5</ele>
   </trkpt>
   <trkpt lat="-26.2563510" lon="-51.0744250">
    <ele>760.5</ele>
   </trkpt>
   <trkpt lat="-26.2563210" lon="-51.0744480">
    <ele>760.5</ele>
   </trkpt>
   <trkpt lat="-26.2562920" lon="-51.0744660">
    <ele>760.6</ele>
   </trkpt>
   <trkpt lat="-26.2562640" lon="-51.0744910">
    <ele>760.6</ele>
   </trkpt>
   <trkpt lat="-26.2562360" lon="-51.0745150">
    <ele>760.7</ele>
   </trkpt>
   <trkpt lat="-26.2562090" lon="-51.0745430">
    <ele>760.8</ele>
   </trkpt>
   <trkpt lat="-26.2561840" lon="-51.0745640">
    <ele>760.8</ele>
   </trkpt>
   <trkpt lat="-26.2561640" lon="-51.0745860">
    <ele>760.9</ele>
   </trkpt>
   <trkpt lat="-26.2561550" lon="-51.0746150">
    <ele>761.0</ele>
   </trkpt>
   <trkpt lat="-26.2561590" lon="-51.0746530">
    <ele>761.1</ele>
   </trkpt>
   <trkpt lat="-26.2561530" lon="-51.0746850">
    <ele>761.2</ele>
   </trkpt>
   <trkpt lat="-26.2561530" lon="-51.0746960">
    <ele>761.3</ele>
   </trkpt>
   <trkpt lat="-26.2561460" lon="-51.0747280">
    <ele>761.4</ele>
   </trkpt>
   <trkpt lat="-26.2561440" lon="-51.0747380">
    <ele>761.4</ele>
   </trkpt>
   <trkpt lat="-26.2561340" lon="-51.0747680">
    <ele>761.5</ele>
   </trkpt>
   <trkpt lat="-26.2561300" lon="-51.0747810">
    <ele>761.6</ele>
   </trkpt>
   <trkpt lat="-26.2561180" lon="-51.0748080">
    <ele>761.7</ele>
   </trkpt>
   <trkpt lat="-26.2561160" lon="-51.0748180">
    <ele>761.7</ele>
   </trkpt>
   <trkpt lat="-26.2561160" lon="-51.0748570">
    <ele>761.8</ele>
   </trkpt>
   <trkpt lat="-26.2561160" lon="-51.0748680">
    <ele>761.9</ele>
   </trkpt>
   <trkpt lat="-26.2561070" lon="-51.0748830">
    <ele>761.9</ele>
   </trkpt>
   <trkpt lat="-26.2560900" lon="-51.0748960">
    <ele>762.0</ele>
   </trkpt>
   <trkpt lat="-26.2560670" lon="-51.0749240">
    <ele>762.0</ele>
   </trkpt>
   <trkpt lat="-26.2560590" lon="-51.0749320">
    <ele>762.1</ele>
   </trkpt>
   <trkpt lat="-26.2560340" lon="-51.0749560">
    <ele>762.1</ele>
   </trkpt>
   <trkpt lat="-26.2560230" lon="-51.0749610">
    <ele>762.1</ele>
   </trkpt>
   <trkpt lat="-26.2559930" lon="-51.0749600">
    <ele>762.1</ele>
   </trkpt>
   <trkpt lat="-26.2559780" lon="-51.0749640">
    <ele>762.1</ele>
   </trkpt>
   <trkpt lat="-26.2559440" lon="-51.0749950">
    <ele>762.0</ele>
   </trkpt>
   <trkpt lat="-26.2558980" lon="-51.0750490">
    <ele>761.9</ele>
   </trkpt>
   <trkpt lat="-26.2558700" lon="-51.0750830">
    <ele>761.9</ele>
   </trkpt>
   <trkpt lat="-26.2558260" lon="-51.0751470">
    <ele>761.8</ele>
   </trkpt>
   <trkpt lat="-26.2558000" lon="-51.0751860">
    <ele>761.8</ele>
   </trkpt>
   <trkpt lat="-26.2557830" lon="-51.0752230">
    <ele>761.7</ele>
   </trkpt>
   <trkpt lat="-26.2557650" lon="-51.0752650">
    <ele>761.7</ele>
   </trkpt>
   <trkpt lat="-26.2557470" lon="-51.0753010">
    <ele>761.7</ele>
   </trkpt>
   <trkpt lat="-26.2557320" lon="-51.0753370">
    <ele>761.7</ele>
   </trkpt>
   <trkpt lat="-26.2557150" lon="-51.0753710">
    <ele>761.6</ele>
   </trkpt>
   <trkpt lat="-26.2556950" lon="-51.0754080">
    <ele>761.6</ele>
   </trkpt>
   <trkpt lat="-26.2556790" lon="-51.0754450">
    <ele>761.6</ele>
   </trkpt>
   <trkpt lat="-26.2556680" lon="-51.0754770">
    <ele>761.6</ele>
   </trkpt>
   <trkpt lat="-26.2556550" lon="-51.0755050">
    <ele>761.6</ele>
   </trkpt>
   <trkpt lat="-26.2556330" lon="-51.0755440">
    <ele>761.6</ele>
   </trkpt>
   <trkpt lat="-26.2556260" lon="-51.0755590">
    <ele>761.6</ele>
   </trkpt>
   <trkpt lat="-26.2556150" lon="-51.0755920">
    <ele>761.6</ele>
   </trkpt>
   <trkpt lat="-26.2556010" lon="-51.0756270">
    <ele>761.6</ele>
   </trkpt>
   <trkpt lat="-26.2555820" lon="-51.0756570">
    <ele>761.6</ele>
   </trkpt>
   <trkpt lat="-26.2555650" lon="-51.0756890">
    <ele>761.6</ele>
   </trkpt>
   <trkpt lat="-26.2555460" lon="-51.0757200">
    <ele>761.6</ele>
   </trkpt>
   <trkpt lat="-26.2555290" lon="-51.0757550">
    <ele>761.7</ele>
   </trkpt>
   <trkpt lat="-26.2555130" lon="-51.0757880">
    <ele>761.7</ele>
   </trkpt>
   <trkpt lat="-26.2554890" lon="-51.0758290">
    <ele>761.7</ele>
   </trkpt>
   <trkpt lat="-26.2554820" lon="-51.0758470">
    <ele>761.7</ele>
   </trkpt>
   <trkpt lat="-26.2554690" lon="-51.0758840">
    <ele>761.7</ele>
   </trkpt>
   <trkpt lat="-26.2554530" lon="-51.0759220">
    <ele>761.7</ele>
   </trkpt>
   <trkpt lat="-26.2554360" lon="-51.0759600">
    <ele>761.7</ele>
   </trkpt>
   <trkpt lat="-26.2554170" lon="-51.0759950">
    <ele>761.7</ele>
   </trkpt>
   <trkpt lat="-26.2554000" lon="-51.0760310">
    <ele>761.7</ele>
   </trkpt>
   <trkpt lat="-26.2553800" lon="-51.0760690">
    <ele>761.7</ele>
   </trkpt>
   <trkpt lat="-26.2553650" lon="-51.0761070">
    <ele>761.7</ele>
   </trkpt>
   <trkpt lat="-26.2553470" lon="-51.0761490">
    <ele>761.6</ele>
   </trkpt>
   <trkpt lat="-26.2553270" lon="-51.0761880">
    <ele>761.6</ele>
   </trkpt>
   <trkpt lat="-26.2553070" lon="-51.0762260">
    <ele>761.6</ele>
   </trkpt>
   <trkpt lat="-26.2552910" lon="-51.0762700">
    <ele>761.6</ele>
   </trkpt>
   <trkpt lat="-26.2552680" lon="-51.0763050">
    <ele>761.6</ele>
   </trkpt>
   <trkpt lat="-26.2552500" lon="-51.0763460">
    <ele>761.6</ele>
   </trkpt>
   <trkpt lat="-26.2552280" lon="-51.0763870">
    <ele>761.6</ele>
   </trkpt>
   <trkpt lat="-26.2552080" lon="-51.0764320">
    <ele>761.6</ele>
   </trkpt>
   <trkpt lat="-26.2551830" lon="-51.0764800">
    <ele>761.6</ele>
   </trkpt>
   <trkpt lat="-26.2551610" lon="-51.0765260">
    <ele>761.6</ele>
   </trkpt>
   <trkpt lat="-26.2551410" lon="-51.0765770">
    <ele>761.6</ele>
   </trkpt>
   <trkpt lat="-26.2551260" lon="-51.0766200">
    <ele>761.6</ele>
   </trkpt>
   <trkpt lat="-26.2551040" lon="-51.0766640">
    <ele>761.6</ele>
   </trkpt>
   <trkpt lat="-26.2550840" lon="-51.0767050">
    <ele>761.6</ele>
   </trkpt>
   <trkpt lat="-26.2550630" lon="-51.0767470">
    <ele>761.6</ele>
   </trkpt>
   <trkpt lat="-26.2550410" lon="-51.0767890">
    <ele>761.6</ele>
   </trkpt>
   <trkpt lat="-26.2550220" lon="-51.0768360">
    <ele>761.6</ele>
   </trkpt>
   <trkpt lat="-26.2550030" lon="-51.0768780">
    <ele>761.6</ele>
   </trkpt>
   <trkpt lat="-26.2549820" lon="-51.0769210">
    <ele>761.6</ele>
   </trkpt>
   <trkpt lat="-26.2549580" lon="-51.0769600">
    <ele>761.6</ele>
   </trkpt>
   <trkpt lat="-26.2549400" lon="-51.0770030">
    <ele>761.6</ele>
   </trkpt>
   <trkpt lat="-26.2549210" lon="-51.0770470">
    <ele>761.7</ele>
   </trkpt>
   <trkpt lat="-26.2549030" lon="-51.0770880">
    <ele>761.7</ele>
   </trkpt>
   <trkpt lat="-26.2548840" lon="-51.0771300">
    <ele>761.7</ele>
   </trkpt>
   <trkpt lat="-26.2548660" lon="-51.0771680">
    <ele>761.8</ele>
   </trkpt>
   <trkpt lat="-26.2548460" lon="-51.0772090">
    <ele>761.8</ele>
   </trkpt>
   <trkpt lat="-26.2548310" lon="-51.0772480">
    <ele>761.8</ele>
   </trkpt>
   <trkpt lat="-26.2548150" lon="-51.0772890">
    <ele>761.9</ele>
   </trkpt>
   <trkpt lat="-26.2547980" lon="-51.0773280">
    <ele>761.9</ele>
   </trkpt>
   <trkpt lat="-26.2547800" lon="-51.0773630">
    <ele>761.9</ele>
   </trkpt>
   <trkpt lat="-26.2547620" lon="-51.0774020">
    <ele>761.9</ele>
   </trkpt>
   <trkpt lat="-26.2547440" lon="-51.0774420">
    <ele>762.0</ele>
   </trkpt>
   <trkpt lat="-26.2547230" lon="-51.0774850">
    <ele>762.1</ele>
   </trkpt>
   <trkpt lat="-26.2547020" lon="-51.0775250">
    <ele>762.1</ele>
   </trkpt>
   <trkpt lat="-26.2546810" lon="-51.0775690">
    <ele>762.2</ele>
   </trkpt>
   <trkpt lat="-26.2546580" lon="-51.0776090">
    <ele>762.3</ele>
   </trkpt>
   <trkpt lat="-26.2546420" lon="-51.0776530">
    <ele>762.4</ele>
   </trkpt>
   <trkpt lat="-26.2546240" lon="-51.0776920">
    <ele>762.5</ele>
   </trkpt>
   <trkpt lat="-26.2546060" lon="-51.0777320">
    <ele>762.6</ele>
   </trkpt>
   <trkpt lat="-26.2545850" lon="-51.0777690">
    <ele>762.7</ele>
   </trkpt>
   <trkpt lat="-26.2545650" lon="-51.0778110">
    <ele>762.9</ele>
   </trkpt>
   <trkpt lat="-26.2545470" lon="-51.0778550">
    <ele>763.0</ele>
   </trkpt>
   <trkpt lat="-26.2545270" lon="-51.0778940">
    <ele>763.1</ele>
   </trkpt>
   <trkpt lat="-26.2545080" lon="-51.0779350">
    <ele>763.2</ele>
   </trkpt>
   <trkpt lat="-26.2544880" lon="-51.0779740">
    <ele>763.3</ele>
   </trkpt>
   <trkpt lat="-26.2544700" lon="-51.0780100">
    <ele>763.4</ele>
   </trkpt>
   <trkpt lat="-26.2544510" lon="-51.0780440">
    <ele>763.4</ele>
   </trkpt>
   <trkpt lat="-26.2544320" lon="-51.0780790">
    <ele>763.5</ele>
   </trkpt>
   <trkpt lat="-26.2544150" lon="-51.0781210">
    <ele>763.6</ele>
   </trkpt>
   <trkpt lat="-26.2544010" lon="-51.0781610">
    <ele>763.7</ele>
   </trkpt>
   <trkpt lat="-26.2543840" lon="-51.0782000">
    <ele>763.9</ele>
   </trkpt>
   <trkpt lat="-26.2543670" lon="-51.0782370">
    <ele>764.0</ele>
   </trkpt>
   <trkpt lat="-26.2543500" lon="-51.0782720">
    <ele>764.1</ele>
   </trkpt>
   <trkpt lat="-26.2543340" lon="-51.0783110">
    <ele>764.2</ele>
   </trkpt>
   <trkpt lat="-26.2543190" lon="-51.0783430">
    <ele>764.4</ele>
   </trkpt>
   <trkpt lat="-26.2543040" lon="-51.0783760">
    <ele>764.5</ele>
   </trkpt>
   <trkpt lat="-26.2542920" lon="-51.0784090">
    <ele>764.6</ele>
   </trkpt>
   <trkpt lat="-26.2542770" lon="-51.0784410">
    <ele>764.7</ele>
   </trkpt>
   <trkpt lat="-26.2542620" lon="-51.0784720">
    <ele>764.8</ele>
   </trkpt>
   <trkpt lat="-26.2542480" lon="-51.0785030">
    <ele>764.9</ele>
   </trkpt>
   <trkpt lat="-26.2542360" lon="-51.0785370">
    <ele>765.1</ele>
   </trkpt>
   <trkpt lat="-26.2542190" lon="-51.0785680">
    <ele>765.2</ele>
   </trkpt>
   <trkpt lat="-26.2542060" lon="-51.0785960">
    <ele>765.3</ele>
   </trkpt>
   <trkpt lat="-26.2541910" lon="-51.0786270">
    <ele>765.4</ele>
   </trkpt>
   <trkpt lat="-26.2541750" lon="-51.0786590">
    <ele>765.6</ele>
   </trkpt>
   <trkpt lat="-26.2541600" lon="-51.0786870">
    <ele>765.7</ele>
   </trkpt>
   <trkpt lat="-26.2541480" lon="-51.0787170">
    <ele>765.8</ele>
   </trkpt>
   <trkpt lat="-26.2541340" lon="-51.0787450">
    <ele>765.9</ele>
   </trkpt>
   <trkpt lat="-26.2541210" lon="-51.0787730">
    <ele>766.1</ele>
   </trkpt>
   <trkpt lat="-26.2541080" lon="-51.0788000">
    <ele>766.2</ele>
   </trkpt>
   <trkpt lat="-26.2540940" lon="-51.0788280">
    <ele>766.3</ele>
   </trkpt>
   <trkpt lat="-26.2540820" lon="-51.0788590">
    <ele>766.4</ele>
   </trkpt>
   <trkpt lat="-26.2540660" lon="-51.0788900">
    <ele>766.6</ele>
   </trkpt>
   <trkpt lat="-26.2540520" lon="-51.0789190">
    <ele>766.7</ele>
   </trkpt>
   <trkpt lat="-26.2540370" lon="-51.0789490">
    <ele>766.8</ele>
   </trkpt>
   <trkpt lat="-26.2540250" lon="-51.0789790">
    <ele>766.9</ele>
   </trkpt>
   <trkpt lat="-26.2540140" lon="-51.0790070">
    <ele>767.0</ele>
   </trkpt>
   <trkpt lat="-26.2540010" lon="-51.0790340">
    <ele>767.2</ele>
   </trkpt>
   <trkpt lat="-26.2539830" lon="-51.0790730">
    <ele>767.3</ele>
   </trkpt>
   <trkpt lat="-26.2539750" lon="-51.0790850">
    <ele>767.4</ele>
   </trkpt>
   <trkpt lat="-26.2539590" lon="-51.0791100">
    <ele>767.5</ele>
   </trkpt>
   <trkpt lat="-26.2539380" lon="-51.0791450">
    <ele>767.6</ele>
   </trkpt>
   <trkpt lat="-26.2539300" lon="-51.0791570">
    <ele>767.6</ele>
   </trkpt>
   <trkpt lat="-26.2539220" lon="-51.0791850">
    <ele>767.7</ele>
   </trkpt>
   <trkpt lat="-26.2539070" lon="-51.0792120">
    <ele>767.8</ele>
   </trkpt>
   <trkpt lat="-26.2538930" lon="-51.0792410">
    <ele>767.9</ele>
   </trkpt>
   <trkpt lat="-26.2538720" lon="-51.0792790">
    <ele>768.0</ele>
   </trkpt>
   <trkpt lat="-26.2538650" lon="-51.0792920">
    <ele>768.1</ele>
   </trkpt>
   <trkpt lat="-26.2538470" lon="-51.0793320">
    <ele>768.2</ele>
   </trkpt>
   <trkpt lat="-26.2538400" lon="-51.0793450">
    <ele>768.2</ele>
   </trkpt>
   <trkpt lat="-26.2538150" lon="-51.0793770">
    <ele>768.3</ele>
   </trkpt>
   <trkpt lat="-26.2538070" lon="-51.0793860">
    <ele>768.3</ele>
   </trkpt>
   <trkpt lat="-26.2537820" lon="-51.0794190">
    <ele>768.4</ele>
   </trkpt>
   <trkpt lat="-26.2537740" lon="-51.0794300">
    <ele>768.5</ele>
   </trkpt>
   <trkpt lat="-26.2537540" lon="-51.0794540">
    <ele>768.5</ele>
   </trkpt>
   <trkpt lat="-26.2537350" lon="-51.0794890">
    <ele>768.6</ele>
   </trkpt>
   <trkpt lat="-26.2537290" lon="-51.0795000">
    <ele>768.7</ele>
   </trkpt>
   <trkpt lat="-26.2537090" lon="-51.0795310">
    <ele>768.7</ele>
   </trkpt>
   <trkpt lat="-26.2537010" lon="-51.0795430">
    <ele>768.8</ele>
   </trkpt>
   <trkpt lat="-26.2536760" lon="-51.0795760">
    <ele>768.9</ele>
   </trkpt>
   <trkpt lat="-26.2536680" lon="-51.0795870">
    <ele>768.9</ele>
   </trkpt>
   <trkpt lat="-26.2536450" lon="-51.0796230">
    <ele>768.9</ele>
   </trkpt>
   <trkpt lat="-26.2536370" lon="-51.0796370">
    <ele>769.0</ele>
   </trkpt>
   <trkpt lat="-26.2536180" lon="-51.0796590">
    <ele>769.0</ele>
   </trkpt>
   <trkpt lat="-26.2535970" lon="-51.0796790">
    <ele>769.0</ele>
   </trkpt>
   <trkpt lat="-26.2535700" lon="-51.0797130">
    <ele>769.1</ele>
   </trkpt>
   <trkpt lat="-26.2535620" lon="-51.0797260">
    <ele>769.1</ele>
   </trkpt>
   <trkpt lat="-26.2535360" lon="-51.0797600">
    <ele>769.2</ele>
   </trkpt>
   <trkpt lat="-26.2535270" lon="-51.0797720">
    <ele>769.2</ele>
   </trkpt>
   <trkpt lat="-26.2534980" lon="-51.0798030">
    <ele>769.2</ele>
   </trkpt>
   <trkpt lat="-26.2534890" lon="-51.0798140">
    <ele>769.2</ele>
   </trkpt>
   <trkpt lat="-26.2534700" lon="-51.0798370">
    <ele>769.3</ele>
   </trkpt>
   <trkpt lat="-26.2534530" lon="-51.0798630">
    <ele>769.3</ele>
   </trkpt>
   <trkpt lat="-26.2534350" lon="-51.0798880">
    <ele>769.3</ele>
   </trkpt>
   <trkpt lat="-26.2534190" lon="-51.0799130">
    <ele>769.4</ele>
   </trkpt>
   <trkpt lat="-26.2534010" lon="-51.0799400">
    <ele>769.4</ele>
   </trkpt>
   <trkpt lat="-26.2533830" lon="-51.0799650">
    <ele>769.4</ele>
   </trkpt>
   <trkpt lat="-26.2533630" lon="-51.0799860">
    <ele>769.5</ele>
   </trkpt>
   <trkpt lat="-26.2533450" lon="-51.0800130">
    <ele>769.5</ele>
   </trkpt>
   <trkpt lat="-26.2533240" lon="-51.0800380">
    <ele>769.6</ele>
   </trkpt>
   <trkpt lat="-26.2533040" lon="-51.0800630">
    <ele>769.6</ele>
   </trkpt>
   <trkpt lat="-26.2532860" lon="-51.0800870">
    <ele>769.6</ele>
   </trkpt>
   <trkpt lat="-26.2532670" lon="-51.0801100">
    <ele>769.6</ele>
   </trkpt>
   <trkpt lat="-26.2532450" lon="-51.0801330">
    <ele>769.7</ele>
   </trkpt>
   <trkpt lat="-26.2532230" lon="-51.0801550">
    <ele>769.7</ele>
   </trkpt>
   <trkpt lat="-26.2532050" lon="-51.0801840">
    <ele>769.7</ele>
   </trkpt>
   <trkpt lat="-26.2531810" lon="-51.0802100">
    <ele>769.7</ele>
   </trkpt>
   <trkpt lat="-26.2531590" lon="-51.0802310">
    <ele>769.7</ele>
   </trkpt>
   <trkpt lat="-26.2531350" lon="-51.0802530">
    <ele>769.7</ele>
   </trkpt>
   <trkpt lat="-26.2531110" lon="-51.0802730">
    <ele>769.8</ele>
   </trkpt>
   <trkpt lat="-26.2530870" lon="-51.0802970">
    <ele>769.8</ele>
   </trkpt>
   <trkpt lat="-26.2530620" lon="-51.0803180">
    <ele>769.8</ele>
   </trkpt>
   <trkpt lat="-26.2530390" lon="-51.0803420">
    <ele>769.8</ele>
   </trkpt>
   <trkpt lat="-26.2530160" lon="-51.0803680">
    <ele>769.9</ele>
   </trkpt>
   <trkpt lat="-26.2529910" lon="-51.0803920">
    <ele>769.9</ele>
   </trkpt>
   <trkpt lat="-26.2529680" lon="-51.0804180">
    <ele>769.9</ele>
   </trkpt>
   <trkpt lat="-26.2529440" lon="-51.0804430">
    <ele>770.0</ele>
   </trkpt>
   <trkpt lat="-26.2529190" lon="-51.0804690">
    <ele>770.0</ele>
   </trkpt>
   <trkpt lat="-26.2528930" lon="-51.0804920">
    <ele>770.1</ele>
   </trkpt>
   <trkpt lat="-26.2528670" lon="-51.0805090">
    <ele>770.1</ele>
   </trkpt>
   <trkpt lat="-26.2528430" lon="-51.0805320">
    <ele>770.2</ele>
   </trkpt>
   <trkpt lat="-26.2528200" lon="-51.0805530">
    <ele>770.2</ele>
   </trkpt>
   <trkpt lat="-26.2527970" lon="-51.0805780">
    <ele>770.3</ele>
   </trkpt>
   <trkpt lat="-26.2527750" lon="-51.0806000">
    <ele>770.3</ele>
   </trkpt>
   <trkpt lat="-26.2527520" lon="-51.0806190">
    <ele>770.4</ele>
   </trkpt>
   <trkpt lat="-26.2527260" lon="-51.0806380">
    <ele>770.4</ele>
   </trkpt>
   <trkpt lat="-26.2527040" lon="-51.0806560">
    <ele>770.4</ele>
   </trkpt>
   <trkpt lat="-26.2526810" lon="-51.0806800">
    <ele>770.5</ele>
   </trkpt>
   <trkpt lat="-26.2526560" lon="-51.0807020">
    <ele>770.5</ele>
   </trkpt>
   <trkpt lat="-26.2526310" lon="-51.0807210">
    <ele>770.6</ele>
   </trkpt>
   <trkpt lat="-26.2526080" lon="-51.0807450">
    <ele>770.6</ele>
   </trkpt>
   <trkpt lat="-26.2525830" lon="-51.0807680">
    <ele>770.6</ele>
   </trkpt>
   <trkpt lat="-26.2525580" lon="-51.0807860">
    <ele>770.7</ele>
   </trkpt>
   <trkpt lat="-26.2525320" lon="-51.0808050">
    <ele>770.7</ele>
   </trkpt>
   <trkpt lat="-26.2525070" lon="-51.0808290">
    <ele>770.7</ele>
   </trkpt>
   <trkpt lat="-26.2524860" lon="-51.0808510">
    <ele>770.8</ele>
   </trkpt>
   <trkpt lat="-26.2524610" lon="-51.0808730">
    <ele>770.8</ele>
   </trkpt>
   <trkpt lat="-26.2524370" lon="-51.0808940">
    <ele>770.8</ele>
   </trkpt>
   <trkpt lat="-26.2524120" lon="-51.0809190">
    <ele>770.9</ele>
   </trkpt>
   <trkpt lat="-26.2523870" lon="-51.0809410">
    <ele>770.9</ele>
   </trkpt>
   <trkpt lat="-26.2523610" lon="-51.0809650">
    <ele>770.9</ele>
   </trkpt>
   <trkpt lat="-26.2523380" lon="-51.0809880">
    <ele>771.0</ele>
   </trkpt>
   <trkpt lat="-26.2523170" lon="-51.0810100">
    <ele>771.0</ele>
   </trkpt>
   <trkpt lat="-26.2522910" lon="-51.0810340">
    <ele>771.0</ele>
   </trkpt>
   <trkpt lat="-26.2522670" lon="-51.0810550">
    <ele>771.1</ele>
   </trkpt>
   <trkpt lat="-26.2522450" lon="-51.0810790">
    <ele>771.1</ele>
   </trkpt>
   <trkpt lat="-26.2522200" lon="-51.0811010">
    <ele>771.2</ele>
   </trkpt>
   <trkpt lat="-26.2521970" lon="-51.0811210">
    <ele>771.2</ele>
   </trkpt>
   <trkpt lat="-26.2521740" lon="-51.0811430">
    <ele>771.3</ele>
   </trkpt>
   <trkpt lat="-26.2521530" lon="-51.0811630">
    <ele>771.3</ele>
   </trkpt>
   <trkpt lat="-26.2521280" lon="-51.0811830">
    <ele>771.4</ele>
   </trkpt>
   <trkpt lat="-26.2521070" lon="-51.0812060">
    <ele>771.4</ele>
   </trkpt>
   <trkpt lat="-26.2520830" lon="-51.0812290">
    <ele>771.4</ele>
   </trkpt>
   <trkpt lat="-26.2520600" lon="-51.0812510">
    <ele>771.5</ele>
   </trkpt>
   <trkpt lat="-26.2520360" lon="-51.0812730">
    <ele>771.5</ele>
   </trkpt>
   <trkpt lat="-26.2520130" lon="-51.0812940">
    <ele>771.6</ele>
   </trkpt>
   <trkpt lat="-26.2519900" lon="-51.0813210">
    <ele>771.6</ele>
   </trkpt>
   <trkpt lat="-26.2519680" lon="-51.0813450">
    <ele>771.7</ele>
   </trkpt>
   <trkpt lat="-26.2519470" lon="-51.0813690">
    <ele>771.7</ele>
   </trkpt>
   <trkpt lat="-26.2519230" lon="-51.0813940">
    <ele>771.7</ele>
   </trkpt>
   <trkpt lat="-26.2519000" lon="-51.0814190">
    <ele>771.8</ele>
   </trkpt>
   <trkpt lat="-26.2518760" lon="-51.0814390">
    <ele>771.8</ele>
   </trkpt>
   <trkpt lat="-26.2518520" lon="-51.0814620">
    <ele>771.8</ele>
   </trkpt>
   <trkpt lat="-26.2518310" lon="-51.0814880">
    <ele>771.8</ele>
   </trkpt>
   <trkpt lat="-26.2518090" lon="-51.0815170">
    <ele>771.8</ele>
   </trkpt>
   <trkpt lat="-26.2517870" lon="-51.0815440">
    <ele>771.8</ele>
   </trkpt>
   <trkpt lat="-26.2517620" lon="-51.0815700">
    <ele>771.8</ele>
   </trkpt>
   <trkpt lat="-26.2517390" lon="-51.0815950">
    <ele>771.9</ele>
   </trkpt>
   <trkpt lat="-26.2517180" lon="-51.0816260">
    <ele>771.9</ele>
   </trkpt>
   <trkpt lat="-26.2516960" lon="-51.0816540">
    <ele>771.9</ele>
   </trkpt>
   <trkpt lat="-26.2516750" lon="-51.0816870">
    <ele>771.9</ele>
   </trkpt>
   <trkpt lat="-26.2516510" lon="-51.0817160">
    <ele>771.9</ele>
   </trkpt>
   <trkpt lat="-26.2516290" lon="-51.0817440">
    <ele>771.9</ele>
   </trkpt>
   <trkpt lat="-26.2516090" lon="-51.0817780">
    <ele>771.9</ele>
   </trkpt>
   <trkpt lat="-26.2515830" lon="-51.0818050">
    <ele>771.9</ele>
   </trkpt>
   <trkpt lat="-26.2515580" lon="-51.0818300">
    <ele>771.9</ele>
   </trkpt>
   <trkpt lat="-26.2515350" lon="-51.0818660">
    <ele>771.9</ele>
   </trkpt>
   <trkpt lat="-26.2515110" lon="-51.0818970">
    <ele>771.9</ele>
   </trkpt>
   <trkpt lat="-26.2514810" lon="-51.0819250">
    <ele>771.9</ele>
   </trkpt>
   <trkpt lat="-26.2514560" lon="-51.0819570">
    <ele>771.9</ele>
   </trkpt>
   <trkpt lat="-26.2514300" lon="-51.0819890">
    <ele>771.8</ele>
   </trkpt>
   <trkpt lat="-26.2514090" lon="-51.0820280">
    <ele>771.8</ele>
   </trkpt>
   <trkpt lat="-26.2513840" lon="-51.0820650">
    <ele>771.8</ele>
   </trkpt>
   <trkpt lat="-26.2513580" lon="-51.0821070">
    <ele>771.7</ele>
   </trkpt>
   <trkpt lat="-26.2513330" lon="-51.0821430">
    <ele>771.7</ele>
   </trkpt>
   <trkpt lat="-26.2513110" lon="-51.0821800">
    <ele>771.6</ele>
   </trkpt>
   <trkpt lat="-26.2512860" lon="-51.0822170">
    <ele>771.5</ele>
   </trkpt>
   <trkpt lat="-26.2512580" lon="-51.0822520">
    <ele>771.5</ele>
   </trkpt>
   <trkpt lat="-26.2512360" lon="-51.0822910">
    <ele>771.4</ele>
   </trkpt>
   <trkpt lat="-26.2512140" lon="-51.0823320">
    <ele>771.4</ele>
   </trkpt>
   <trkpt lat="-26.2511890" lon="-51.0823680">
    <ele>771.3</ele>
   </trkpt>
   <trkpt lat="-26.2511640" lon="-51.0824030">
    <ele>771.2</ele>
   </trkpt>
   <trkpt lat="-26.2511400" lon="-51.0824400">
    <ele>771.1</ele>
   </trkpt>
   <trkpt lat="-26.2511150" lon="-51.0824770">
    <ele>771.0</ele>
   </trkpt>
   <trkpt lat="-26.2510900" lon="-51.0825140">
    <ele>770.9</ele>
   </trkpt>
   <trkpt lat="-26.2510640" lon="-51.0825510">
    <ele>770.8</ele>
   </trkpt>
   <trkpt lat="-26.2510380" lon="-51.0825880">
    <ele>770.7</ele>
   </trkpt>
   <trkpt lat="-26.2510150" lon="-51.0826290">
    <ele>770.6</ele>
   </trkpt>
   <trkpt lat="-26.2509930" lon="-51.0826700">
    <ele>770.5</ele>
   </trkpt>
   <trkpt lat="-26.2509680" lon="-51.0827120">
    <ele>770.4</ele>
   </trkpt>
   <trkpt lat="-26.2509430" lon="-51.0827510">
    <ele>770.2</ele>
   </trkpt>
   <trkpt lat="-26.2509190" lon="-51.0827920">
    <ele>770.1</ele>
   </trkpt>
   <trkpt lat="-26.2508910" lon="-51.0828330">
    <ele>770.0</ele>
   </trkpt>
   <trkpt lat="-26.2508630" lon="-51.0828700">
    <ele>769.9</ele>
   </trkpt>
   <trkpt lat="-26.2508410" lon="-51.0829090">
    <ele>769.8</ele>
   </trkpt>
   <trkpt lat="-26.2508210" lon="-51.0829550">
    <ele>769.7</ele>
   </trkpt>
   <trkpt lat="-26.2507940" lon="-51.0830010">
    <ele>769.6</ele>
   </trkpt>
   <trkpt lat="-26.2507660" lon="-51.0830460">
    <ele>769.5</ele>
   </trkpt>
   <trkpt lat="-26.2507370" lon="-51.0830910">
    <ele>769.3</ele>
   </trkpt>
   <trkpt lat="-26.2507110" lon="-51.0831350">
    <ele>769.2</ele>
   </trkpt>
   <trkpt lat="-26.2506870" lon="-51.0831850">
    <ele>769.0</ele>
   </trkpt>
   <trkpt lat="-26.2506560" lon="-51.0832240">
    <ele>768.9</ele>
   </trkpt>
   <trkpt lat="-26.2506230" lon="-51.0832700">
    <ele>768.8</ele>
   </trkpt>
   <trkpt lat="-26.2505990" lon="-51.0833090">
    <ele>768.7</ele>
   </trkpt>
   <trkpt lat="-26.2505530" lon="-51.0833420">
    <ele>768.6</ele>
   </trkpt>
   <trkpt lat="-26.2505170" lon="-51.0833810">
    <ele>768.5</ele>
   </trkpt>
   <trkpt lat="-26.2504870" lon="-51.0834260">
    <ele>768.4</ele>
   </trkpt>
   <trkpt lat="-26.2504650" lon="-51.0834760">
    <ele>768.3</ele>
   </trkpt>
   <trkpt lat="-26.2504520" lon="-51.0835250">
    <ele>768.3</ele>
   </trkpt>
   <trkpt lat="-26.2504400" lon="-51.0835770">
    <ele>768.2</ele>
   </trkpt>
   <trkpt lat="-26.2504230" lon="-51.0836220">
    <ele>768.1</ele>
   </trkpt>
   <trkpt lat="-26.2503950" lon="-51.0836610">
    <ele>768.1</ele>
   </trkpt>
   <trkpt lat="-26.2503700" lon="-51.0836990">
    <ele>768.0</ele>
   </trkpt>
   <trkpt lat="-26.2503550" lon="-51.0837390">
    <ele>768.0</ele>
   </trkpt>
   <trkpt lat="-26.2503290" lon="-51.0837760">
    <ele>767.9</ele>
   </trkpt>
   <trkpt lat="-26.2502960" lon="-51.0838130">
    <ele>767.9</ele>
   </trkpt>
   <trkpt lat="-26.2502800" lon="-51.0838420">
    <ele>767.9</ele>
   </trkpt>
   <trkpt lat="-26.2502620" lon="-51.0838730">
    <ele>767.8</ele>
   </trkpt>
   <trkpt lat="-26.2502540" lon="-51.0838810">
    <ele>767.8</ele>
   </trkpt>
   <trkpt lat="-26.2502390" lon="-51.0839060">
    <ele>767.8</ele>
   </trkpt>
   <trkpt lat="-26.2502330" lon="-51.0839150">
    <ele>767.8</ele>
   </trkpt>
   <trkpt lat="-26.2502090" lon="-51.0839480">
    <ele>767.8</ele>
   </trkpt>
   <trkpt lat="-26.2502010" lon="-51.0839590">
    <ele>767.7</ele>
   </trkpt>
   <trkpt lat="-26.2501850" lon="-51.0839860">
    <ele>767.7</ele>
   </trkpt>
   <trkpt lat="-26.2501680" lon="-51.0840210">
    <ele>767.7</ele>
   </trkpt>
   <trkpt lat="-26.2501560" lon="-51.0840500">
    <ele>767.7</ele>
   </trkpt>
   <trkpt lat="-26.2501310" lon="-51.0840800">
    <ele>767.7</ele>
   </trkpt>
   <trkpt lat="-26.2501110" lon="-51.0841050">
    <ele>767.7</ele>
   </trkpt>
   <trkpt lat="-26.2500920" lon="-51.0841320">
    <ele>767.7</ele>
   </trkpt>
   <trkpt lat="-26.2500680" lon="-51.0841630">
    <ele>767.8</ele>
   </trkpt>
   <trkpt lat="-26.2500390" lon="-51.0841880">
    <ele>767.8</ele>
   </trkpt>
   <trkpt lat="-26.2500090" lon="-51.0842100">
    <ele>767.9</ele>
   </trkpt>
   <trkpt lat="-26.2499820" lon="-51.0842280">
    <ele>767.9</ele>
   </trkpt>
   <trkpt lat="-26.2499560" lon="-51.0842490">
    <ele>767.9</ele>
   </trkpt>
   <trkpt lat="-26.2499330" lon="-51.0842790">
    <ele>768.0</ele>
   </trkpt>
   <trkpt lat="-26.2499120" lon="-51.0843000">
    <ele>768.0</ele>
   </trkpt>
   <trkpt lat="-26.2498900" lon="-51.0843250">
    <ele>768.0</ele>
   </trkpt>
   <trkpt lat="-26.2498680" lon="-51.0843530">
    <ele>767.9</ele>
   </trkpt>
   <trkpt lat="-26.2498440" lon="-51.0843830">
    <ele>767.9</ele>
   </trkpt>
   <trkpt lat="-26.2498180" lon="-51.0844130">
    <ele>767.9</ele>
   </trkpt>
   <trkpt lat="-26.2497920" lon="-51.0844410">
    <ele>767.9</ele>
   </trkpt>
   <trkpt lat="-26.2497660" lon="-51.0844700">
    <ele>767.9</ele>
   </trkpt>
   <trkpt lat="-26.2497410" lon="-51.0845000">
    <ele>767.9</ele>
   </trkpt>
   <trkpt lat="-26.2497130" lon="-51.0845290">
    <ele>767.8</ele>
   </trkpt>
   <trkpt lat="-26.2496810" lon="-51.0845560">
    <ele>767.8</ele>
   </trkpt>
   <trkpt lat="-26.2496510" lon="-51.0845850">
    <ele>767.8</ele>
   </trkpt>
   <trkpt lat="-26.2496240" lon="-51.0846180">
    <ele>767.8</ele>
   </trkpt>
   <trkpt lat="-26.2495980" lon="-51.0846500">
    <ele>767.8</ele>
   </trkpt>
   <trkpt lat="-26.2495670" lon="-51.0846810">
    <ele>767.8</ele>
   </trkpt>
   <trkpt lat="-26.2495360" lon="-51.0847100">
    <ele>767.8</ele>
   </trkpt>
   <trkpt lat="-26.2495020" lon="-51.0847390">
    <ele>767.8</ele>
   </trkpt>
   <trkpt lat="-26.2494730" lon="-51.0847720">
    <ele>767.8</ele>
   </trkpt>
   <trkpt lat="-26.2494390" lon="-51.0848000">
    <ele>767.8</ele>
   </trkpt>
   <trkpt lat="-26.2494080" lon="-51.0848330">
    <ele>767.7</ele>
   </trkpt>
   <trkpt lat="-26.2493740" lon="-51.0848610">
    <ele>767.7</ele>
   </trkpt>
   <trkpt lat="-26.2493440" lon="-51.0848920">
    <ele>767.7</ele>
   </trkpt>
   <trkpt lat="-26.2493110" lon="-51.0849230">
    <ele>767.7</ele>
   </trkpt>
   <trkpt lat="-26.2492760" lon="-51.0849550">
    <ele>767.6</ele>
   </trkpt>
   <trkpt lat="-26.2492430" lon="-51.0849880">
    <ele>767.6</ele>
   </trkpt>
   <trkpt lat="-26.2492090" lon="-51.0850190">
    <ele>767.5</ele>
   </trkpt>
   <trkpt lat="-26.2491760" lon="-51.0850550">
    <ele>767.5</ele>
   </trkpt>
   <trkpt lat="-26.2491410" lon="-51.0850900">
    <ele>767.5</ele>
   </trkpt>
   <trkpt lat="-26.2491080" lon="-51.0851250">
    <ele>767.4</ele>
   </trkpt>
   <trkpt lat="-26.2490760" lon="-51.0851610">
    <ele>767.4</ele>
   </trkpt>
   <trkpt lat="-26.2490440" lon="-51.0851950">
    <ele>767.4</ele>
   </trkpt>
   <trkpt lat="-26.2490140" lon="-51.0852290">
    <ele>767.4</ele>
   </trkpt>
   <trkpt lat="-26.2489800" lon="-51.0852560">
    <ele>767.3</ele>
   </trkpt>
   <trkpt lat="-26.2489490" lon="-51.0852850">
    <ele>767.3</ele>
   </trkpt>
   <trkpt lat="-26.2489200" lon="-51.0853180">
    <ele>767.3</ele>
   </trkpt>
   <trkpt lat="-26.2488880" lon="-51.0853490">
    <ele>767.2</ele>
   </trkpt>
   <trkpt lat="-26.2488580" lon="-51.0853770">
    <ele>767.2</ele>
   </trkpt>
   <trkpt lat="-26.2488260" lon="-51.0854050">
    <ele>767.2</ele>
   </trkpt>
   <trkpt lat="-26.2487950" lon="-51.0854310">
    <ele>767.1</ele>
   </trkpt>
   <trkpt lat="-26.2487650" lon="-51.0854590">
    <ele>767.1</ele>
   </trkpt>
   <trkpt lat="-26.2487310" lon="-51.0854850">
    <ele>767.1</ele>
   </trkpt>
   <trkpt lat="-26.2486950" lon="-51.0855130">
    <ele>767.0</ele>
   </trkpt>
   <trkpt lat="-26.2486630" lon="-51.0855430">
    <ele>767.0</ele>
   </trkpt>
   <trkpt lat="-26.2486250" lon="-51.0855680">
    <ele>766.9</ele>
   </trkpt>
   <trkpt lat="-26.2485870" lon="-51.0855950">
    <ele>766.8</ele>
   </trkpt>
   <trkpt lat="-26.2485430" lon="-51.0856220">
    <ele>766.6</ele>
   </trkpt>
   <trkpt lat="-26.2485020" lon="-51.0856490">
    <ele>766.5</ele>
   </trkpt>
   <trkpt lat="-26.2484610" lon="-51.0856790">
    <ele>766.3</ele>
   </trkpt>
   <trkpt lat="-26.2484170" lon="-51.0857010">
    <ele>766.2</ele>
   </trkpt>
   <trkpt lat="-26.2483730" lon="-51.0857300">
    <ele>766.0</ele>
   </trkpt>
   <trkpt lat="-26.2483260" lon="-51.0857580">
    <ele>765.8</ele>
   </trkpt>
   <trkpt lat="-26.2482820" lon="-51.0857830">
    <ele>765.7</ele>
   </trkpt>
   <trkpt lat="-26.2482370" lon="-51.0858080">
    <ele>765.5</ele>
   </trkpt>
   <trkpt lat="-26.2481890" lon="-51.0858280">
    <ele>765.4</ele>
   </trkpt>
   <trkpt lat="-26.2481400" lon="-51.0858500">
    <ele>765.2</ele>
   </trkpt>
   <trkpt lat="-26.2480940" lon="-51.0858740">
    <ele>765.0</ele>
   </trkpt>
   <trkpt lat="-26.2480440" lon="-51.0859010">
    <ele>764.8</ele>
   </trkpt>
   <trkpt lat="-26.2479950" lon="-51.0859240">
    <ele>764.7</ele>
   </trkpt>
   <trkpt lat="-26.2479420" lon="-51.0859420">
    <ele>764.5</ele>
   </trkpt>
   <trkpt lat="-26.2478920" lon="-51.0859610">
    <ele>764.3</ele>
   </trkpt>
   <trkpt lat="-26.2478410" lon="-51.0859830">
    <ele>764.1</ele>
   </trkpt>
   <trkpt lat="-26.2477900" lon="-51.0860090">
    <ele>763.9</ele>
   </trkpt>
   <trkpt lat="-26.2477400" lon="-51.0860400">
    <ele>763.7</ele>
   </trkpt>
   <trkpt lat="-26.2476950" lon="-51.0860790">
    <ele>763.5</ele>
   </trkpt>
   <trkpt lat="-26.2476480" lon="-51.0861130">
    <ele>763.4</ele>
   </trkpt>
   <trkpt lat="-26.2475990" lon="-51.0861410">
    <ele>763.2</ele>
   </trkpt>
   <trkpt lat="-26.2475510" lon="-51.0861580">
    <ele>763.0</ele>
   </trkpt>
   <trkpt lat="-26.2475010" lon="-51.0861810">
    <ele>762.8</ele>
   </trkpt>
   <trkpt lat="-26.2474480" lon="-51.0862080">
    <ele>762.6</ele>
   </trkpt>
   <trkpt lat="-26.2473980" lon="-51.0862370">
    <ele>762.4</ele>
   </trkpt>
   <trkpt lat="-26.2473410" lon="-51.0862590">
    <ele>762.2</ele>
   </trkpt>
   <trkpt lat="-26.2472930" lon="-51.0862760">
    <ele>762.2</ele>
   </trkpt>
   <trkpt lat="-26.2472350" lon="-51.0862840">
    <ele>761.9</ele>
   </trkpt>
   <trkpt lat="-26.2471850" lon="-51.0862940">
    <ele>761.8</ele>
   </trkpt>
   <trkpt lat="-26.2471320" lon="-51.0862970">
    <ele>761.6</ele>
   </trkpt>
   <trkpt lat="-26.2470830" lon="-51.0863000">
    <ele>761.4</ele>
   </trkpt>
   <trkpt lat="-26.2470330" lon="-51.0863110">
    <ele>761.3</ele>
   </trkpt>
   <trkpt lat="-26.2469780" lon="-51.0863270">
    <ele>761.1</ele>
   </trkpt>
   <trkpt lat="-26.2469330" lon="-51.0863450">
    <ele>761.0</ele>
   </trkpt>
   <trkpt lat="-26.2468780" lon="-51.0863640">
    <ele>760.9</ele>
   </trkpt>
   <trkpt lat="-26.2468270" lon="-51.0863830">
    <ele>760.8</ele>
   </trkpt>
   <trkpt lat="-26.2467760" lon="-51.0864050">
    <ele>760.6</ele>
   </trkpt>
   <trkpt lat="-26.2467260" lon="-51.0864240">
    <ele>760.5</ele>
   </trkpt>
   <trkpt lat="-26.2466810" lon="-51.0864400">
    <ele>760.4</ele>
   </trkpt>
   <trkpt lat="-26.2466330" lon="-51.0864560">
    <ele>760.2</ele>
   </trkpt>
   <trkpt lat="-26.2465870" lon="-51.0864730">
    <ele>760.1</ele>
   </trkpt>
   <trkpt lat="-26.2465420" lon="-51.0864920">
    <ele>760.0</ele>
   </trkpt>
   <trkpt lat="-26.2464940" lon="-51.0865090">
    <ele>759.8</ele>
   </trkpt>
   <trkpt lat="-26.2464500" lon="-51.0865260">
    <ele>759.7</ele>
   </trkpt>
   <trkpt lat="-26.2464060" lon="-51.0865440">
    <ele>759.6</ele>
   </trkpt>
   <trkpt lat="-26.2463640" lon="-51.0865640">
    <ele>759.5</ele>
   </trkpt>
   <trkpt lat="-26.2463210" lon="-51.0865820">
    <ele>759.4</ele>
   </trkpt>
   <trkpt lat="-26.2462780" lon="-51.0865940">
    <ele>759.3</ele>
   </trkpt>
   <trkpt lat="-26.2462370" lon="-51.0866110">
    <ele>759.2</ele>
   </trkpt>
   <trkpt lat="-26.2461940" lon="-51.0866270">
    <ele>759.1</ele>
   </trkpt>
   <trkpt lat="-26.2461520" lon="-51.0866400">
    <ele>759.1</ele>
   </trkpt>
   <trkpt lat="-26.2461090" lon="-51.0866530">
    <ele>759.0</ele>
   </trkpt>
   <trkpt lat="-26.2460680" lon="-51.0866670">
    <ele>759.0</ele>
   </trkpt>
   <trkpt lat="-26.2460310" lon="-51.0866840">
    <ele>759.0</ele>
   </trkpt>
   <trkpt lat="-26.2459910" lon="-51.0866990">
    <ele>758.9</ele>
   </trkpt>
   <trkpt lat="-26.2459560" lon="-51.0867110">
    <ele>758.9</ele>
   </trkpt>
   <trkpt lat="-26.2459180" lon="-51.0867240">
    <ele>758.8</ele>
   </trkpt>
   <trkpt lat="-26.2458780" lon="-51.0867380">
    <ele>758.8</ele>
   </trkpt>
   <trkpt lat="-26.2458400" lon="-51.0867540">
    <ele>758.7</ele>
   </trkpt>
   <trkpt lat="-26.2458000" lon="-51.0867710">
    <ele>758.6</ele>
   </trkpt>
   <trkpt lat="-26.2457590" lon="-51.0867830">
    <ele>758.6</ele>
   </trkpt>
   <trkpt lat="-26.2457190" lon="-51.0867990">
    <ele>758.6</ele>
   </trkpt>
   <trkpt lat="-26.2456770" lon="-51.0868130">
    <ele>758.5</ele>
   </trkpt>
   <trkpt lat="-26.2456360" lon="-51.0868260">
    <ele>758.5</ele>
   </trkpt>
   <trkpt lat="-26.2455950" lon="-51.0868400">
    <ele>758.4</ele>
   </trkpt>
   <trkpt lat="-26.2455540" lon="-51.0868540">
    <ele>758.4</ele>
   </trkpt>
   <trkpt lat="-26.2455120" lon="-51.0868710">
    <ele>758.3</ele>
   </trkpt>
   <trkpt lat="-26.2454690" lon="-51.0868840">
    <ele>758.3</ele>
   </trkpt>
   <trkpt lat="-26.2454280" lon="-51.0868990">
    <ele>758.3</ele>
   </trkpt>
   <trkpt lat="-26.2453860" lon="-51.0869170">
    <ele>758.2</ele>
   </trkpt>
   <trkpt lat="-26.2453440" lon="-51.0869340">
    <ele>758.2</ele>
   </trkpt>
   <trkpt lat="-26.2452980" lon="-51.0869510">
    <ele>758.2</ele>
   </trkpt>
   <trkpt lat="-26.2452540" lon="-51.0869650">
    <ele>758.2</ele>
   </trkpt>
   <trkpt lat="-26.2452170" lon="-51.0869830">
    <ele>758.2</ele>
   </trkpt>
   <trkpt lat="-26.2451740" lon="-51.0869990">
    <ele>758.2</ele>
   </trkpt>
   <trkpt lat="-26.2451340" lon="-51.0870150">
    <ele>758.1</ele>
   </trkpt>
   <trkpt lat="-26.2450950" lon="-51.0870310">
    <ele>758.1</ele>
   </trkpt>
   <trkpt lat="-26.2450550" lon="-51.0870460">
    <ele>758.1</ele>
   </trkpt>
   <trkpt lat="-26.2450170" lon="-51.0870540">
    <ele>758.1</ele>
   </trkpt>
   <trkpt lat="-26.2449790" lon="-51.0870670">
    <ele>758.1</ele>
   </trkpt>
   <trkpt lat="-26.2449430" lon="-51.0870810">
    <ele>758.1</ele>
   </trkpt>
   <trkpt lat="-26.2449050" lon="-51.0870960">
    <ele>758.1</ele>
   </trkpt>
   <trkpt lat="-26.2448690" lon="-51.0871090">
    <ele>758.1</ele>
   </trkpt>
   <trkpt lat="-26.2448330" lon="-51.0871260">
    <ele>758.1</ele>
   </trkpt>
   <trkpt lat="-26.2447960" lon="-51.0871410">
    <ele>758.1</ele>
   </trkpt>
   <trkpt lat="-26.2447570" lon="-51.0871570">
    <ele>758.1</ele>
   </trkpt>
   <trkpt lat="-26.2447190" lon="-51.0871730">
    <ele>758.1</ele>
   </trkpt>
   <trkpt lat="-26.2446830" lon="-51.0871840">
    <ele>758.2</ele>
   </trkpt>
   <trkpt lat="-26.2446430" lon="-51.0871870">
    <ele>758.2</ele>
   </trkpt>
   <trkpt lat="-26.2446090" lon="-51.0871940">
    <ele>758.2</ele>
   </trkpt>
   <trkpt lat="-26.2445700" lon="-51.0872020">
    <ele>758.3</ele>
   </trkpt>
   <trkpt lat="-26.2445350" lon="-51.0872070">
    <ele>758.3</ele>
   </trkpt>
   <trkpt lat="-26.2445010" lon="-51.0872090">
    <ele>758.4</ele>
   </trkpt>
   <trkpt lat="-26.2444680" lon="-51.0872130">
    <ele>758.4</ele>
   </trkpt>
   <trkpt lat="-26.2444350" lon="-51.0872200">
    <ele>758.4</ele>
   </trkpt>
   <trkpt lat="-26.2444010" lon="-51.0872240">
    <ele>758.5</ele>
   </trkpt>
   <trkpt lat="-26.2443700" lon="-51.0872270">
    <ele>758.5</ele>
   </trkpt>
   <trkpt lat="-26.2443420" lon="-51.0872260">
    <ele>758.5</ele>
   </trkpt>
   <trkpt lat="-26.2443120" lon="-51.0872160">
    <ele>758.5</ele>
   </trkpt>
   <trkpt lat="-26.2443020" lon="-51.0872100">
    <ele>758.6</ele>
   </trkpt>
   <trkpt lat="-26.2442700" lon="-51.0871940">
    <ele>758.6</ele>
   </trkpt>
   <trkpt lat="-26.2442580" lon="-51.0871880">
    <ele>758.6</ele>
   </trkpt>
   <trkpt lat="-26.2442270" lon="-51.0871660">
    <ele>758.6</ele>
   </trkpt>
   <trkpt lat="-26.2441970" lon="-51.0871480">
    <ele>758.7</ele>
   </trkpt>
   <trkpt lat="-26.2441640" lon="-51.0871360">
    <ele>758.7</ele>
   </trkpt>
   <trkpt lat="-26.2441290" lon="-51.0871200">
    <ele>758.8</ele>
   </trkpt>
   <trkpt lat="-26.2440950" lon="-51.0871100">
    <ele>758.8</ele>
   </trkpt>
   <trkpt lat="-26.2440560" lon="-51.0870900">
    <ele>758.9</ele>
   </trkpt>
   <trkpt lat="-26.2440270" lon="-51.0870670">
    <ele>758.9</ele>
   </trkpt>
   <trkpt lat="-26.2439960" lon="-51.0870370">
    <ele>758.9</ele>
   </trkpt>
   <trkpt lat="-26.2439600" lon="-51.0870180">
    <ele>759.0</ele>
   </trkpt>
   <trkpt lat="-26.2439260" lon="-51.0869970">
    <ele>759.1</ele>
   </trkpt>
   <trkpt lat="-26.2438840" lon="-51.0869860">
    <ele>759.2</ele>
   </trkpt>
   <trkpt lat="-26.2438440" lon="-51.0869790">
    <ele>759.2</ele>
   </trkpt>
   <trkpt lat="-26.2438000" lon="-51.0869720">
    <ele>759.5</ele>
   </trkpt>
   <trkpt lat="-26.2437610" lon="-51.0869690">
    <ele>759.6</ele>
   </trkpt>
   <trkpt lat="-26.2437200" lon="-51.0869590">
    <ele>759.6</ele>
   </trkpt>
   <trkpt lat="-26.2436790" lon="-51.0869540">
    <ele>759.6</ele>
   </trkpt>
   <trkpt lat="-26.2436410" lon="-51.0869490">
    <ele>759.6</ele>
   </trkpt>
   <trkpt lat="-26.2436030" lon="-51.0869440">
    <ele>759.7</ele>
   </trkpt>
   <trkpt lat="-26.2435660" lon="-51.0869340">
    <ele>759.7</ele>
   </trkpt>
   <trkpt lat="-26.2435290" lon="-51.0869320">
    <ele>759.7</ele>
   </trkpt>
   <trkpt lat="-26.2434930" lon="-51.0869290">
    <ele>759.8</ele>
   </trkpt>
   <trkpt lat="-26.2434560" lon="-51.0869250">
    <ele>759.8</ele>
   </trkpt>
   <trkpt lat="-26.2434190" lon="-51.0869220">
    <ele>759.8</ele>
   </trkpt>
   <trkpt lat="-26.2433790" lon="-51.0869140">
    <ele>759.9</ele>
   </trkpt>
   <trkpt lat="-26.2433420" lon="-51.0869040">
    <ele>759.9</ele>
   </trkpt>
   <trkpt lat="-26.2433070" lon="-51.0869010">
    <ele>759.9</ele>
   </trkpt>
   <trkpt lat="-26.2432700" lon="-51.0868960">
    <ele>760.0</ele>
   </trkpt>
   <trkpt lat="-26.2432330" lon="-51.0868920">
    <ele>760.0</ele>
   </trkpt>
   <trkpt lat="-26.2431990" lon="-51.0868890">
    <ele>760.0</ele>
   </trkpt>
   <trkpt lat="-26.2431660" lon="-51.0868870">
    <ele>760.0</ele>
   </trkpt>
   <trkpt lat="-26.2431320" lon="-51.0868830">
    <ele>760.1</ele>
   </trkpt>
   <trkpt lat="-26.2430980" lon="-51.0868790">
    <ele>760.1</ele>
   </trkpt>
   <trkpt lat="-26.2430610" lon="-51.0868780">
    <ele>760.1</ele>
   </trkpt>
   <trkpt lat="-26.2430240" lon="-51.0868700">
    <ele>760.1</ele>
   </trkpt>
   <trkpt lat="-26.2429870" lon="-51.0868600">
    <ele>760.1</ele>
   </trkpt>
   <trkpt lat="-26.2429490" lon="-51.0868590">
    <ele>760.1</ele>
   </trkpt>
   <trkpt lat="-26.2429100" lon="-51.0868510">
    <ele>760.2</ele>
   </trkpt>
   <trkpt lat="-26.2428700" lon="-51.0868450">
    <ele>760.2</ele>
   </trkpt>
   <trkpt lat="-26.2428300" lon="-51.0868420">
    <ele>760.2</ele>
   </trkpt>
   <trkpt lat="-26.2427870" lon="-51.0868310">
    <ele>760.2</ele>
   </trkpt>
   <trkpt lat="-26.2427450" lon="-51.0868280">
    <ele>760.2</ele>
   </trkpt>
   <trkpt lat="-26.2427030" lon="-51.0868290">
    <ele>760.2</ele>
   </trkpt>
   <trkpt lat="-26.2426700" lon="-51.0868220">
    <ele>760.2</ele>
   </trkpt>
   <trkpt lat="-26.2426270" lon="-51.0868210">
    <ele>760.2</ele>
   </trkpt>
   <trkpt lat="-26.2425850" lon="-51.0868250">
    <ele>760.2</ele>
   </trkpt>
   <trkpt lat="-26.2425540" lon="-51.0868180">
    <ele>760.2</ele>
   </trkpt>
   <trkpt lat="-26.2425100" lon="-51.0868090">
    <ele>760.2</ele>
   </trkpt>
   <trkpt lat="-26.2424600" lon="-51.0868030">
    <ele>760.2</ele>
   </trkpt>
   <trkpt lat="-26.2424210" lon="-51.0867970">
    <ele>760.2</ele>
   </trkpt>
   <trkpt lat="-26.2423830" lon="-51.0867880">
    <ele>760.2</ele>
   </trkpt>
   <trkpt lat="-26.2423380" lon="-51.0867810">
    <ele>760.2</ele>
   </trkpt>
   <trkpt lat="-26.2422990" lon="-51.0867710">
    <ele>760.2</ele>
   </trkpt>
   <trkpt lat="-26.2422540" lon="-51.0867690">
    <ele>760.2</ele>
   </trkpt>
   <trkpt lat="-26.2422110" lon="-51.0867620">
    <ele>760.2</ele>
   </trkpt>
   <trkpt lat="-26.2421730" lon="-51.0867610">
    <ele>760.2</ele>
   </trkpt>
   <trkpt lat="-26.2421290" lon="-51.0867490">
    <ele>760.2</ele>
   </trkpt>
   <trkpt lat="-26.2420860" lon="-51.0867400">
    <ele>760.2</ele>
   </trkpt>
   <trkpt lat="-26.2420430" lon="-51.0867330">
    <ele>760.2</ele>
   </trkpt>
   <trkpt lat="-26.2419990" lon="-51.0867320">
    <ele>760.2</ele>
   </trkpt>
   <trkpt lat="-26.2419540" lon="-51.0867220">
    <ele>760.2</ele>
   </trkpt>
   <trkpt lat="-26.2419180" lon="-51.0867170">
    <ele>760.1</ele>
   </trkpt>
   <trkpt lat="-26.2418860" lon="-51.0867180">
    <ele>760.1</ele>
   </trkpt>
   <trkpt lat="-26.2418500" lon="-51.0867250">
    <ele>760.1</ele>
   </trkpt>
   <trkpt lat="-26.2418110" lon="-51.0867250">
    <ele>760.1</ele>
   </trkpt>
   <trkpt lat="-26.2417770" lon="-51.0867250">
    <ele>760.1</ele>
   </trkpt>
   <trkpt lat="-26.2417440" lon="-51.0867240">
    <ele>760.1</ele>
   </trkpt>
   <trkpt lat="-26.2417040" lon="-51.0867180">
    <ele>760.1</ele>
   </trkpt>
   <trkpt lat="-26.2416670" lon="-51.0867130">
    <ele>760.1</ele>
   </trkpt>
   <trkpt lat="-26.2416250" lon="-51.0867110">
    <ele>760.1</ele>
   </trkpt>
   <trkpt lat="-26.2415790" lon="-51.0867160">
    <ele>760.1</ele>
   </trkpt>
   <trkpt lat="-26.2415400" lon="-51.0867250">
    <ele>760.1</ele>
   </trkpt>
   <trkpt lat="-26.2415110" lon="-51.0867090">
    <ele>760.1</ele>
   </trkpt>
   <trkpt lat="-26.2414700" lon="-51.0867080">
    <ele>760.1</ele>
   </trkpt>
   <trkpt lat="-26.2414300" lon="-51.0867100">
    <ele>760.2</ele>
   </trkpt>
   <trkpt lat="-26.2413950" lon="-51.0867110">
    <ele>760.2</ele>
   </trkpt>
   <trkpt lat="-26.2413580" lon="-51.0867010">
    <ele>760.2</ele>
   </trkpt>
   <trkpt lat="-26.2413160" lon="-51.0866890">
    <ele>760.2</ele>
   </trkpt>
   <trkpt lat="-26.2412750" lon="-51.0866830">
    <ele>760.2</ele>
   </trkpt>
   <trkpt lat="-26.2412460" lon="-51.0866720">
    <ele>760.3</ele>
   </trkpt>
   <trkpt lat="-26.2412110" lon="-51.0866720">
    <ele>760.3</ele>
   </trkpt>
   <trkpt lat="-26.2411740" lon="-51.0866730">
    <ele>760.3</ele>
   </trkpt>
   <trkpt lat="-26.2411380" lon="-51.0866720">
    <ele>760.4</ele>
   </trkpt>
   <trkpt lat="-26.2411030" lon="-51.0866660">
    <ele>760.4</ele>
   </trkpt>
   <trkpt lat="-26.2410720" lon="-51.0866540">
    <ele>760.5</ele>
   </trkpt>
   <trkpt lat="-26.2410380" lon="-51.0866390">
    <ele>760.5</ele>
   </trkpt>
   <trkpt lat="-26.2410080" lon="-51.0866320">
    <ele>760.5</ele>
   </trkpt>
   <trkpt lat="-26.2409700" lon="-51.0866230">
    <ele>760.6</ele>
   </trkpt>
   <trkpt lat="-26.2409360" lon="-51.0866210">
    <ele>760.6</ele>
   </trkpt>
   <trkpt lat="-26.2409030" lon="-51.0866190">
    <ele>760.7</ele>
   </trkpt>
   <trkpt lat="-26.2408680" lon="-51.0866150">
    <ele>760.7</ele>
   </trkpt>
   <trkpt lat="-26.2408340" lon="-51.0866120">
    <ele>760.8</ele>
   </trkpt>
   <trkpt lat="-26.2407890" lon="-51.0866160">
    <ele>760.9</ele>
   </trkpt>
   <trkpt lat="-26.2407700" lon="-51.0866200">
    <ele>760.9</ele>
   </trkpt>
   <trkpt lat="-26.2407370" lon="-51.0866400">
    <ele>761.0</ele>
   </trkpt>
   <trkpt lat="-26.2407270" lon="-51.0866470">
    <ele>761.0</ele>
   </trkpt>
   <trkpt lat="-26.2406910" lon="-51.0866470">
    <ele>761.1</ele>
   </trkpt>
   <trkpt lat="-26.2406540" lon="-51.0866400">
    <ele>761.2</ele>
   </trkpt>
   <trkpt lat="-26.2406200" lon="-51.0866340">
    <ele>761.3</ele>
   </trkpt>
   <trkpt lat="-26.2405900" lon="-51.0866290">
    <ele>761.3</ele>
   </trkpt>
   <trkpt lat="-26.2405560" lon="-51.0866280">
    <ele>761.4</ele>
   </trkpt>
   <trkpt lat="-26.2405260" lon="-51.0866200">
    <ele>761.5</ele>
   </trkpt>
   <trkpt lat="-26.2404870" lon="-51.0865970">
    <ele>761.6</ele>
   </trkpt>
   <trkpt lat="-26.2404700" lon="-51.0865860">
    <ele>761.6</ele>
   </trkpt>
   <trkpt lat="-26.2404340" lon="-51.0865660">
    <ele>761.7</ele>
   </trkpt>
   <trkpt lat="-26.2404190" lon="-51.0865550">
    <ele>761.8</ele>
   </trkpt>
   <trkpt lat="-26.2403890" lon="-51.0865500">
    <ele>761.9</ele>
   </trkpt>
   <trkpt lat="-26.2403550" lon="-51.0865410">
    <ele>761.9</ele>
   </trkpt>
   <trkpt lat="-26.2403260" lon="-51.0865330">
    <ele>762.0</ele>
   </trkpt>
   <trkpt lat="-26.2402960" lon="-51.0865250">
    <ele>762.0</ele>
   </trkpt>
   <trkpt lat="-26.2402540" lon="-51.0865170">
    <ele>762.1</ele>
   </trkpt>
   <trkpt lat="-26.2402350" lon="-51.0865150">
    <ele>762.1</ele>
   </trkpt>
   <trkpt lat="-26.2402040" lon="-51.0865090">
    <ele>762.1</ele>
   </trkpt>
   <trkpt lat="-26.2401760" lon="-51.0865100">
    <ele>762.2</ele>
   </trkpt>
   <trkpt lat="-26.2401380" lon="-51.0864980">
    <ele>762.2</ele>
   </trkpt>
   <trkpt lat="-26.2401180" lon="-51.0864970">
    <ele>762.2</ele>
   </trkpt>
   <trkpt lat="-26.2400730" lon="-51.0864900">
    <ele>762.3</ele>
   </trkpt>
   <trkpt lat="-26.2400350" lon="-51.0864840">
    <ele>762.3</ele>
   </trkpt>
   <trkpt lat="-26.2399980" lon="-51.0864770">
    <ele>762.4</ele>
   </trkpt>
   <trkpt lat="-26.2399580" lon="-51.0864720">
    <ele>762.4</ele>
   </trkpt>
   <trkpt lat="-26.2399240" lon="-51.0864740">
    <ele>762.5</ele>
   </trkpt>
   <trkpt lat="-26.2398860" lon="-51.0864770">
    <ele>762.5</ele>
   </trkpt>
   <trkpt lat="-26.2398450" lon="-51.0864680">
    <ele>762.6</ele>
   </trkpt>
   <trkpt lat="-26.2398050" lon="-51.0864670">
    <ele>762.6</ele>
   </trkpt>
   <trkpt lat="-26.2397650" lon="-51.0864610">
    <ele>762.6</ele>
   </trkpt>
   <trkpt lat="-26.2397220" lon="-51.0864590">
    <ele>762.7</ele>
   </trkpt>
   <trkpt lat="-26.2396770" lon="-51.0864560">
    <ele>762.7</ele>
   </trkpt>
   <trkpt lat="-26.2396360" lon="-51.0864480">
    <ele>762.7</ele>
   </trkpt>
   <trkpt lat="-26.2395940" lon="-51.0864370">
    <ele>762.8</ele>
   </trkpt>
   <trkpt lat="-26.2395470" lon="-51.0864290">
    <ele>762.8</ele>
   </trkpt>
   <trkpt lat="-26.2395020" lon="-51.0864210">
    <ele>762.8</ele>
   </trkpt>
   <trkpt lat="-26.2394590" lon="-51.0864080">
    <ele>762.8</ele>
   </trkpt>
   <trkpt lat="-26.2394220" lon="-51.0864030">
    <ele>762.7</ele>
   </trkpt>
   <trkpt lat="-26.2393780" lon="-51.0864010">
    <ele>762.7</ele>
   </trkpt>
   <trkpt lat="-26.2393380" lon="-51.0863970">
    <ele>762.7</ele>
   </trkpt>
   <trkpt lat="-26.2392940" lon="-51.0863860">
    <ele>762.6</ele>
   </trkpt>
   <trkpt lat="-26.2392450" lon="-51.0863830">
    <ele>762.5</ele>
   </trkpt>
   <trkpt lat="-26.2392040" lon="-51.0863760">
    <ele>762.4</ele>
   </trkpt>
   <trkpt lat="-26.2391590" lon="-51.0863660">
    <ele>762.3</ele>
   </trkpt>
   <trkpt lat="-26.2391160" lon="-51.0863570">
    <ele>762.1</ele>
   </trkpt>
   <trkpt lat="-26.2390630" lon="-51.0863480">
    <ele>761.9</ele>
   </trkpt>
   <trkpt lat="-26.2390020" lon="-51.0863350">
    <ele>761.8</ele>
   </trkpt>
   <trkpt lat="-26.2389370" lon="-51.0863280">
    <ele>761.5</ele>
   </trkpt>
   <trkpt lat="-26.2388760" lon="-51.0863160">
    <ele>761.2</ele>
   </trkpt>
   <trkpt lat="-26.2388110" lon="-51.0862980">
    <ele>760.9</ele>
   </trkpt>
   <trkpt lat="-26.2387540" lon="-51.0862810">
    <ele>760.7</ele>
   </trkpt>
   <trkpt lat="-26.2386880" lon="-51.0862680">
    <ele>760.4</ele>
   </trkpt>
   <trkpt lat="-26.2386230" lon="-51.0862510">
    <ele>760.1</ele>
   </trkpt>
   <trkpt lat="-26.2385530" lon="-51.0862360">
    <ele>759.8</ele>
   </trkpt>
   <trkpt lat="-26.2384860" lon="-51.0862220">
    <ele>759.5</ele>
   </trkpt>
   <trkpt lat="-26.2384280" lon="-51.0862010">
    <ele>759.3</ele>
   </trkpt>
   <trkpt lat="-26.2383630" lon="-51.0861860">
    <ele>759.1</ele>
   </trkpt>
   <trkpt lat="-26.2382960" lon="-51.0861720">
    <ele>758.9</ele>
   </trkpt>
   <trkpt lat="-26.2382280" lon="-51.0861630">
    <ele>758.7</ele>
   </trkpt>
   <trkpt lat="-26.2381680" lon="-51.0861450">
    <ele>758.6</ele>
   </trkpt>
   <trkpt lat="-26.2381070" lon="-51.0861210">
    <ele>758.5</ele>
   </trkpt>
   <trkpt lat="-26.2380470" lon="-51.0861050">
    <ele>758.4</ele>
   </trkpt>
   <trkpt lat="-26.2379900" lon="-51.0860850">
    <ele>758.3</ele>
   </trkpt>
   <trkpt lat="-26.2379360" lon="-51.0860680">
    <ele>758.3</ele>
   </trkpt>
   <trkpt lat="-26.2378830" lon="-51.0860530">
    <ele>758.2</ele>
   </trkpt>
   <trkpt lat="-26.2378320" lon="-51.0860400">
    <ele>758.2</ele>
   </trkpt>
   <trkpt lat="-26.2377830" lon="-51.0860270">
    <ele>758.2</ele>
   </trkpt>
   <trkpt lat="-26.2377340" lon="-51.0860130">
    <ele>758.2</ele>
   </trkpt>
   <trkpt lat="-26.2376880" lon="-51.0859980">
    <ele>758.2</ele>
   </trkpt>
   <trkpt lat="-26.2376400" lon="-51.0859880">
    <ele>758.2</ele>
   </trkpt>
   <trkpt lat="-26.2375930" lon="-51.0859850">
    <ele>758.1</ele>
   </trkpt>
   <trkpt lat="-26.2375490" lon="-51.0859750">
    <ele>758.1</ele>
   </trkpt>
   <trkpt lat="-26.2375040" lon="-51.0859560">
    <ele>758.1</ele>
   </trkpt>
   <trkpt lat="-26.2374610" lon="-51.0859330">
    <ele>758.1</ele>
   </trkpt>
   <trkpt lat="-26.2374090" lon="-51.0859320">
    <ele>758.1</ele>
   </trkpt>
   <trkpt lat="-26.2373550" lon="-51.0859250">
    <ele>758.1</ele>
   </trkpt>
   <trkpt lat="-26.2373100" lon="-51.0859170">
    <ele>758.1</ele>
   </trkpt>
   <trkpt lat="-26.2372670" lon="-51.0859170">
    <ele>758.1</ele>
   </trkpt>
   <trkpt lat="-26.2372370" lon="-51.0859080">
    <ele>758.2</ele>
   </trkpt>
   <trkpt lat="-26.2371960" lon="-51.0858880">
    <ele>758.2</ele>
   </trkpt>
   <trkpt lat="-26.2371850" lon="-51.0857940">
    <ele>758.2</ele>
   </trkpt>
   <trkpt lat="-26.2371580" lon="-51.0857350">
    <ele>758.3</ele>
   </trkpt>
   <trkpt lat="-26.2371290" lon="-51.0856760">
    <ele>758.4</ele>
   </trkpt>
   <trkpt lat="-26.2370990" lon="-51.0856220">
    <ele>758.6</ele>
   </trkpt>
   <trkpt lat="-26.2370680" lon="-51.0855580">
    <ele>758.6</ele>
   </trkpt>
   <trkpt lat="-26.2370370" lon="-51.0854970">
    <ele>758.6</ele>
   </trkpt>
   <trkpt lat="-26.2370090" lon="-51.0854420">
    <ele>758.7</ele>
   </trkpt>
   <trkpt lat="-26.2369750" lon="-51.0853910">
    <ele>758.7</ele>
   </trkpt>
   <trkpt lat="-26.2369490" lon="-51.0853450">
    <ele>758.7</ele>
   </trkpt>
   <trkpt lat="-26.2369250" lon="-51.0853060">
    <ele>758.8</ele>
   </trkpt>
   <trkpt lat="-26.2368920" lon="-51.0852720">
    <ele>758.8</ele>
   </trkpt>
   <trkpt lat="-26.2368620" lon="-51.0852320">
    <ele>758.9</ele>
   </trkpt>
   <trkpt lat="-26.2368360" lon="-51.0851900">
    <ele>759.0</ele>
   </trkpt>
   <trkpt lat="-26.2368050" lon="-51.0851480">
    <ele>759.0</ele>
   </trkpt>
   <trkpt lat="-26.2367790" lon="-51.0850980">
    <ele>759.1</ele>
   </trkpt>
   <trkpt lat="-26.2367560" lon="-51.0850530">
    <ele>759.2</ele>
   </trkpt>
   <trkpt lat="-26.2367340" lon="-51.0850090">
    <ele>759.2</ele>
   </trkpt>
   <trkpt lat="-26.2367110" lon="-51.0849720">
    <ele>759.3</ele>
   </trkpt>
   <trkpt lat="-26.2366830" lon="-51.0849310">
    <ele>759.4</ele>
   </trkpt>
   <trkpt lat="-26.2366590" lon="-51.0848940">
    <ele>759.5</ele>
   </trkpt>
   <trkpt lat="-26.2366450" lon="-51.0848550">
    <ele>759.4</ele>
   </trkpt>
   <trkpt lat="-26.2366150" lon="-51.0848180">
    <ele>759.4</ele>
   </trkpt>
   <trkpt lat="-26.2365860" lon="-51.0847790">
    <ele>759.4</ele>
   </trkpt>
   <trkpt lat="-26.2365640" lon="-51.0847350">
    <ele>759.4</ele>
   </trkpt>
   <trkpt lat="-26.2365460" lon="-51.0846930">
    <ele>759.4</ele>
   </trkpt>
   <trkpt lat="-26.2365200" lon="-51.0846530">
    <ele>759.4</ele>
   </trkpt>
   <trkpt lat="-26.2364990" lon="-51.0846110">
    <ele>759.4</ele>
   </trkpt>
   <trkpt lat="-26.2364780" lon="-51.0845730">
    <ele>759.4</ele>
   </trkpt>
   <trkpt lat="-26.2364520" lon="-51.0845400">
    <ele>759.4</ele>
   </trkpt>
   <trkpt lat="-26.2364240" lon="-51.0845080">
    <ele>759.4</ele>
   </trkpt>
   <trkpt lat="-26.2364060" lon="-51.0844660">
    <ele>759.4</ele>
   </trkpt>
   <trkpt lat="-26.2363890" lon="-51.0844230">
    <ele>759.4</ele>
   </trkpt>
   <trkpt lat="-26.2363720" lon="-51.0843820">
    <ele>759.4</ele>
   </trkpt>
   <trkpt lat="-26.2363470" lon="-51.0843480">
    <ele>759.5</ele>
   </trkpt>
   <trkpt lat="-26.2363150" lon="-51.0843120">
    <ele>759.5</ele>
   </trkpt>
   <trkpt lat="-26.2362940" lon="-51.0842750">
    <ele>759.6</ele>
   </trkpt>
   <trkpt lat="-26.2362750" lon="-51.0842420">
    <ele>759.6</ele>
   </trkpt>
   <trkpt lat="-26.2362510" lon="-51.0842080">
    <ele>759.7</ele>
   </trkpt>
   <trkpt lat="-26.2362220" lon="-51.0841730">
    <ele>759.7</ele>
   </trkpt>
   <trkpt lat="-26.2362050" lon="-51.0841360">
    <ele>759.8</ele>
   </trkpt>
   <trkpt lat="-26.2361790" lon="-51.0841010">
    <ele>759.8</ele>
   </trkpt>
   <trkpt lat="-26.2361380" lon="-51.0840820">
    <ele>759.9</ele>
   </trkpt>
   <trkpt lat="-26.2361000" lon="-51.0840660">
    <ele>759.9</ele>
   </trkpt>
   <trkpt lat="-26.2360690" lon="-51.0840390">
    <ele>759.9</ele>
   </trkpt>
   <trkpt lat="-26.2360430" lon="-51.0840100">
    <ele>759.8</ele>
   </trkpt>
   <trkpt lat="-26.2360270" lon="-51.0839680">
    <ele>759.8</ele>
   </trkpt>
   <trkpt lat="-26.2360200" lon="-51.0839190">
    <ele>759.8</ele>
   </trkpt>
   <trkpt lat="-26.2360200" lon="-51.0838860">
    <ele>759.8</ele>
   </trkpt>
   <trkpt lat="-26.2360320" lon="-51.0838520">
    <ele>759.8</ele>
   </trkpt>
   <trkpt lat="-26.2359960" lon="-51.0838290">
    <ele>759.7</ele>
   </trkpt>
   <trkpt lat="-26.2359560" lon="-51.0838010">
    <ele>759.7</ele>
   </trkpt>
   <trkpt lat="-26.2359300" lon="-51.0837680">
    <ele>759.7</ele>
   </trkpt>
   <trkpt lat="-26.2359150" lon="-51.0837420">
    <ele>759.7</ele>
   </trkpt>
   <trkpt lat="-26.2358890" lon="-51.0837080">
    <ele>759.7</ele>
   </trkpt>
   <trkpt lat="-26.2358860" lon="-51.0836900">
    <ele>759.7</ele>
   </trkpt>
   <trkpt lat="-26.2358730" lon="-51.0836530">
    <ele>759.7</ele>
   </trkpt>
   <trkpt lat="-26.2358590" lon="-51.0836170">
    <ele>759.7</ele>
   </trkpt>
   <trkpt lat="-26.2358380" lon="-51.0835820">
    <ele>759.7</ele>
   </trkpt>
   <trkpt lat="-26.2358100" lon="-51.0835510">
    <ele>759.7</ele>
   </trkpt>
   <trkpt lat="-26.2357910" lon="-51.0835110">
    <ele>759.8</ele>
   </trkpt>
   <trkpt lat="-26.2357730" lon="-51.0834790">
    <ele>759.8</ele>
   </trkpt>
   <trkpt lat="-26.2357510" lon="-51.0834470">
    <ele>759.8</ele>
   </trkpt>
   <trkpt lat="-26.2357280" lon="-51.0834130">
    <ele>759.9</ele>
   </trkpt>
   <trkpt lat="-26.2357160" lon="-51.0833850">
    <ele>759.9</ele>
   </trkpt>
   <trkpt lat="-26.2356990" lon="-51.0833470">
    <ele>759.9</ele>
   </trkpt>
   <trkpt lat="-26.2356820" lon="-51.0833120">
    <ele>760.0</ele>
   </trkpt>
   <trkpt lat="-26.2357070" lon="-51.0832550">
    <ele>760.0</ele>
   </trkpt>
   <trkpt lat="-26.2357380" lon="-51.0832470">
    <ele>760.0</ele>
   </trkpt>
   <trkpt lat="-26.2357680" lon="-51.0832400">
    <ele>760.1</ele>
   </trkpt>
   <trkpt lat="-26.2358030" lon="-51.0832010">
    <ele>760.1</ele>
   </trkpt>
   <trkpt lat="-26.2358310" lon="-51.0831680">
    <ele>760.1</ele>
   </trkpt>
   <trkpt lat="-26.2358620" lon="-51.0831350">
    <ele>760.1</ele>
   </trkpt>
   <trkpt lat="-26.2358900" lon="-51.0831070">
    <ele>760.1</ele>
   </trkpt>
   <trkpt lat="-26.2359210" lon="-51.0830870">
    <ele>760.1</ele>
   </trkpt>
   <trkpt lat="-26.2359550" lon="-51.0830650">
    <ele>760.2</ele>
   </trkpt>
   <trkpt lat="-26.2359820" lon="-51.0830450">
    <ele>760.2</ele>
   </trkpt>
   <trkpt lat="-26.2360110" lon="-51.0830220">
    <ele>760.2</ele>
   </trkpt>
   <trkpt lat="-26.2360410" lon="-51.0829880">
    <ele>760.3</ele>
   </trkpt>
   <trkpt lat="-26.2360730" lon="-51.0829590">
    <ele>760.3</ele>
   </trkpt>
   <trkpt lat="-26.2361010" lon="-51.0829450">
    <ele>760.3</ele>
   </trkpt>
   <trkpt lat="-26.2361310" lon="-51.0829110">
    <ele>760.3</ele>
   </trkpt>
   <trkpt lat="-26.2361580" lon="-51.0828810">
    <ele>760.4</ele>
   </trkpt>
   <trkpt lat="-26.2361900" lon="-51.0828570">
    <ele>760.4</ele>
   </trkpt>
   <trkpt lat="-26.2362230" lon="-51.0828280">
    <ele>760.5</ele>
   </trkpt>
   <trkpt lat="-26.2362510" lon="-51.0828020">
    <ele>760.5</ele>
   </trkpt>
   <trkpt lat="-26.2362780" lon="-51.0827680">
    <ele>760.6</ele>
   </trkpt>
   <trkpt lat="-26.2363090" lon="-51.0827360">
    <ele>760.6</ele>
   </trkpt>
   <trkpt lat="-26.2363410" lon="-51.0827140">
    <ele>760.6</ele>
   </trkpt>
   <trkpt lat="-26.2363670" lon="-51.0826930">
    <ele>760.7</ele>
   </trkpt>
   <trkpt lat="-26.2363980" lon="-51.0826670">
    <ele>760.7</ele>
   </trkpt>
   <trkpt lat="-26.2364280" lon="-51.0826360">
    <ele>760.8</ele>
   </trkpt>
   <trkpt lat="-26.2364610" lon="-51.0826100">
    <ele>760.8</ele>
   </trkpt>
   <trkpt lat="-26.2364930" lon="-51.0825710">
    <ele>760.9</ele>
   </trkpt>
   <trkpt lat="-26.2365300" lon="-51.0825490">
    <ele>760.9</ele>
   </trkpt>
   <trkpt lat="-26.2365580" lon="-51.0825360">
    <ele>761.0</ele>
   </trkpt>
   <trkpt lat="-26.2365840" lon="-51.0825240">
    <ele>761.0</ele>
   </trkpt>
   <trkpt lat="-26.2366100" lon="-51.0825030">
    <ele>761.1</ele>
   </trkpt>
   <trkpt lat="-26.2366410" lon="-51.0824890">
    <ele>761.1</ele>
   </trkpt>
   <trkpt lat="-26.2366710" lon="-51.0824640">
    <ele>761.2</ele>
   </trkpt>
   <trkpt lat="-26.2366990" lon="-51.0824410">
    <ele>761.2</ele>
   </trkpt>
   <trkpt lat="-26.2367230" lon="-51.0824190">
    <ele>761.2</ele>
   </trkpt>
   <trkpt lat="-26.2367470" lon="-51.0823910">
    <ele>761.2</ele>
   </trkpt>
   <trkpt lat="-26.2367920" lon="-51.0823630">
    <ele>761.3</ele>
   </trkpt>
   <trkpt lat="-26.2368210" lon="-51.0823450">
    <ele>761.3</ele>
   </trkpt>
   <trkpt lat="-26.2368490" lon="-51.0823250">
    <ele>761.3</ele>
   </trkpt>
   <trkpt lat="-26.2368730" lon="-51.0823020">
    <ele>761.3</ele>
   </trkpt>
   <trkpt lat="-26.2369000" lon="-51.0822800">
    <ele>761.4</ele>
   </trkpt>
   <trkpt lat="-26.2369290" lon="-51.0822600">
    <ele>761.4</ele>
   </trkpt>
   <trkpt lat="-26.2369580" lon="-51.0822360">
    <ele>761.4</ele>
   </trkpt>
   <trkpt lat="-26.2369850" lon="-51.0822160">
    <ele>761.5</ele>
   </trkpt>
   <trkpt lat="-26.2370150" lon="-51.0821890">
    <ele>761.5</ele>
   </trkpt>
   <trkpt lat="-26.2370440" lon="-51.0821660">
    <ele>761.6</ele>
   </trkpt>
   <trkpt lat="-26.2370750" lon="-51.0821470">
    <ele>761.6</ele>
   </trkpt>
   <trkpt lat="-26.2371050" lon="-51.0821390">
    <ele>761.6</ele>
   </trkpt>
   <trkpt lat="-26.2371300" lon="-51.0821170">
    <ele>761.7</ele>
   </trkpt>
   <trkpt lat="-26.2371570" lon="-51.0820990">
    <ele>761.7</ele>
   </trkpt>
   <trkpt lat="-26.2371830" lon="-51.0820630">
    <ele>761.7</ele>
   </trkpt>
   <trkpt lat="-26.2372130" lon="-51.0820340">
    <ele>761.8</ele>
   </trkpt>
   <trkpt lat="-26.2372420" lon="-51.0820070">
    <ele>761.8</ele>
   </trkpt>
   <trkpt lat="-26.2372670" lon="-51.0819890">
    <ele>761.9</ele>
   </trkpt>
   <trkpt lat="-26.2372950" lon="-51.0819730">
    <ele>761.9</ele>
   </trkpt>
   <trkpt lat="-26.2373290" lon="-51.0819550">
    <ele>762.0</ele>
   </trkpt>
   <trkpt lat="-26.2373390" lon="-51.0819480">
    <ele>762.0</ele>
   </trkpt>
   <trkpt lat="-26.2373700" lon="-51.0819260">
    <ele>762.0</ele>
   </trkpt>
   <trkpt lat="-26.2373810" lon="-51.0819190">
    <ele>762.0</ele>
   </trkpt>
   <trkpt lat="-26.2374070" lon="-51.0819000">
    <ele>762.0</ele>
   </trkpt>
   <trkpt lat="-26.2374140" lon="-51.0818930">
    <ele>762.0</ele>
   </trkpt>
   <trkpt lat="-26.2374220" lon="-51.0818890">
    <ele>762.0</ele>
   </trkpt>
   <trkpt lat="-26.2374280" lon="-51.0818730">
    <ele>762.1</ele>
   </trkpt>
   <trkpt lat="-26.2374320" lon="-51.0818610">
    <ele>762.1</ele>
   </trkpt>
   <trkpt lat="-26.2374380" lon="-51.0818180">
    <ele>762.1</ele>
   </trkpt>
   <trkpt lat="-26.2374260" lon="-51.0817840">
    <ele>762.1</ele>
   </trkpt>
   <trkpt lat="-26.2374190" lon="-51.0817760">
    <ele>762.1</ele>
   </trkpt>
   <trkpt lat="-26.2374030" lon="-51.0817380">
    <ele>762.1</ele>
   </trkpt>
   <trkpt lat="-26.2373980" lon="-51.0817250">
    <ele>762.1</ele>
   </trkpt>
   <trkpt lat="-26.2373880" lon="-51.0816900">
    <ele>762.1</ele>
   </trkpt>
   <trkpt lat="-26.2373840" lon="-51.0816760">
    <ele>762.1</ele>
   </trkpt>
   <trkpt lat="-26.2373670" lon="-51.0816410">
    <ele>762.1</ele>
   </trkpt>
   <trkpt lat="-26.2373660" lon="-51.0816300">
    <ele>762.1</ele>
   </trkpt>
   <trkpt lat="-26.2373500" lon="-51.0815920">
    <ele>762.2</ele>
   </trkpt>
   <trkpt lat="-26.2373460" lon="-51.0815790">
    <ele>762.2</ele>
   </trkpt>
   <trkpt lat="-26.2373300" lon="-51.0815440">
    <ele>762.2</ele>
   </trkpt>
   <trkpt lat="-26.2373250" lon="-51.0815330">
    <ele>762.2</ele>
   </trkpt>
   <trkpt lat="-26.2373190" lon="-51.0815180">
    <ele>762.2</ele>
   </trkpt>
   <trkpt lat="-26.2373200" lon="-51.0815150">
    <ele>762.2</ele>
   </trkpt>
   <trkpt lat="-26.2373210" lon="-51.0815160">
    <ele>762.2</ele>
   </trkpt>
   <trkpt lat="-26.2373230" lon="-51.0815200">
    <ele>762.2</ele>
   </trkpt>
   <trkpt lat="-26.2373210" lon="-51.0815160">
    <ele>762.2</ele>
   </trkpt>
   <trkpt lat="-26.2373160" lon="-51.0815110">
    <ele>762.2</ele>
   </trkpt>
   <trkpt lat="-26.2373170" lon="-51.0815100">
    <ele>762.2</ele>
   </trkpt>
   <trkpt lat="-26.2373190" lon="-51.0815010">
    <ele>762.2</ele>
   </trkpt>
   <trkpt lat="-26.2373100" lon="-51.0815040">
    <ele>762.2</ele>
   </trkpt>
   <trkpt lat="-26.2373130" lon="-51.0815050">
    <ele>762.2</ele>
   </trkpt>
   <trkpt lat="-26.2373160" lon="-51.0815010">
    <ele>762.2</ele>
   </trkpt>
   <trkpt lat="-26.2373190" lon="-51.0814940">
    <ele>762.2</ele>
   </trkpt>
   <trkpt lat="-26.2373180" lon="-51.0814870">
    <ele>762.2</ele>
   </trkpt>
   <trkpt lat="-26.2373220" lon="-51.0814840">
    <ele>762.2</ele>
   </trkpt>
   <trkpt lat="-26.2373240" lon="-51.0814850">
    <ele>762.2</ele>
   </trkpt>
   <trkpt lat="-26.2373090" lon="-51.0814360">
    <ele>762.2</ele>
   </trkpt>
   <trkpt lat="-26.2373070" lon="-51.0814320">
    <ele>762.2</ele>
   </trkpt>
   <trkpt lat="-26.2373020" lon="-51.0814340">
    <ele>762.2</ele>
   </trkpt>
   <trkpt lat="-26.2372940" lon="-51.0814290">
    <ele>762.2</ele>
   </trkpt>
   <trkpt lat="-26.2372890" lon="-51.0814240">
    <ele>762.2</ele>
   </trkpt>
   <trkpt lat="-26.2372820" lon="-51.0814150">
    <ele>762.2</ele>
   </trkpt>
   <trkpt lat="-26.2372790" lon="-51.0814110">
    <ele>762.3</ele>
   </trkpt>
   <trkpt lat="-26.2372770" lon="-51.0814080">
    <ele>762.3</ele>
   </trkpt>
   <trkpt lat="-26.2372730" lon="-51.0814060">
    <ele>762.3</ele>
   </trkpt>
   <trkpt lat="-26.2372580" lon="-51.0813970">
    <ele>762.3</ele>
   </trkpt>
   <trkpt lat="-26.2372530" lon="-51.0813910">
    <ele>762.3</ele>
   </trkpt>
   <trkpt lat="-26.2372390" lon="-51.0813860">
    <ele>762.3</ele>
   </trkpt>
   <trkpt lat="-26.2372420" lon="-51.0813820">
    <ele>762.3</ele>
   </trkpt>
   <trkpt lat="-26.2372350" lon="-51.0813810">
    <ele>762.3</ele>
   </trkpt>
   <trkpt lat="-26.2372310" lon="-51.0813760">
    <ele>762.3</ele>
   </trkpt>
   <trkpt lat="-26.2372210" lon="-51.0813710">
    <ele>762.3</ele>
   </trkpt>
   <trkpt lat="-26.2372220" lon="-51.0813710">
    <ele>762.3</ele>
   </trkpt>
   <trkpt lat="-26.2372440" lon="-51.0813670">
    <ele>762.3</ele>
   </trkpt>
   <trkpt lat="-26.2372550" lon="-51.0813550">
    <ele>762.3</ele>
   </trkpt>
   <trkpt lat="-26.2372620" lon="-51.0813510">
    <ele>762.3</ele>
   </trkpt>
   <trkpt lat="-26.2372580" lon="-51.0813430">
    <ele>762.3</ele>
   </trkpt>
   <trkpt lat="-26.2372600" lon="-51.0813400">
    <ele>762.3</ele>
   </trkpt>
   <trkpt lat="-26.2372590" lon="-51.0813360">
    <ele>762.3</ele>
   </trkpt>
   <trkpt lat="-26.2372510" lon="-51.0813360">
    <ele>762.3</ele>
   </trkpt>
   <trkpt lat="-26.2372590" lon="-51.0813300">
    <ele>762.3</ele>
   </trkpt>
  </trkseg>
 </trk>
</gpx>
