<?xml version="1.0" encoding="UTF-8"?>
<gpx xmlns:xsi="http://www.w3.org/2001/XMLSchema-instance" xsi:schemaLocation="http://www.topografix.com/GPX/1/1 http://www.topografix.com/GPX/1/1/gpx.xsd" creator="StravaGPX" version="1.1" xmlns="http://www.topografix.com/GPX/1/1">
 <trk>
  <name>Serra de São Domingos - Descida Serra do Professor</name>
  <type>cycling</type>
  <trkseg>
   <trkpt lat="-26.2223220" lon="-51.0863440">
    <ele>751.0</ele>
   </trkpt>
   <trkpt lat="-26.2223220" lon="-51.0863440">
    <ele>751.0</ele>
   </trkpt>
   <trkpt lat="-26.2223220" lon="-51.0863440">
    <ele>750.8</ele>
   </trkpt>
   <trkpt lat="-26.2221450" lon="-51.0865700">
    <ele>750.8</ele>
   </trkpt>
   <trkpt lat="-26.2221480" lon="-51.0865630">
    <ele>750.8</ele>
   </trkpt>
   <trkpt lat="-26.2221550" lon="-51.0865710">
    <ele>750.8</ele>
   </trkpt>
   <trkpt lat="-26.2221760" lon="-51.0865930">
    <ele>750.8</ele>
   </trkpt>
   <trkpt lat="-26.2221910" lon="-51.0866060">
    <ele>750.8</ele>
   </trkpt>
   <trkpt lat="-26.2222100" lon="-51.0866180">
    <ele>750.8</ele>
   </trkpt>
   <trkpt lat="-26.2222290" lon="-51.0866280">
    <ele>750.8</ele>
   </trkpt>
   <trkpt lat="-26.2222460" lon="-51.0866450">
    <ele>750.8</ele>
   </trkpt>
   <trkpt lat="-26.2222760" lon="-51.0866930">
    <ele>750.8</ele>
   </trkpt>
   <trkpt lat="-26.2222960" lon="-51.0867200">
    <ele>750.8</ele>
   </trkpt>
   <trkpt lat="-26.2223150" lon="-51.0867470">
    <ele>750.8</ele>
   </trkpt>
   <trkpt lat="-26.2223970" lon="-51.0868620">
    <ele>751.4</ele>
   </trkpt>
   <trkpt lat="-26.2225060" lon="-51.0870340">
    <ele>752.0</ele>
   </trkpt>
   <trkpt lat="-26.2225200" lon="-51.0870580">
    <ele>752.0</ele>
   </trkpt>
   <trkpt lat="-26.2225580" lon="-51.0871180">
    <ele>752.2</ele>
   </trkpt>
   <trkpt lat="-26.2226090" lon="-51.0872220">
    <ele>752.4</ele>
   </trkpt>
   <trkpt lat="-26.2225970" lon="-51.0872990">
    <ele>752.4</ele>
   </trkpt>
   <trkpt lat="-26.2225030" lon="-51.0873850">
    <ele>752.4</ele>
   </trkpt>
   <trkpt lat="-26.2224650" lon="-51.0874130">
    <ele>752.4</ele>
   </trkpt>
   <trkpt lat="-26.2224280" lon="-51.0874400">
    <ele>752.2</ele>
   </trkpt>
   <trkpt lat="-26.2221580" lon="-51.0876580">
    <ele>751.0</ele>
   </trkpt>
   <trkpt lat="-26.2221130" lon="-51.0876900">
    <ele>751.0</ele>
   </trkpt>
   <trkpt lat="-26.2220270" lon="-51.0877580">
    <ele>750.8</ele>
   </trkpt>
   <trkpt lat="-26.2219940" lon="-51.0877990">
    <ele>750.6</ele>
   </trkpt>
   <trkpt lat="-26.2219720" lon="-51.0878510">
    <ele>750.2</ele>
   </trkpt>
   <trkpt lat="-26.2219650" lon="-51.0879060">
    <ele>750.0</ele>
   </trkpt>
   <trkpt lat="-26.2219690" lon="-51.0879610">
    <ele>750.0</ele>
   </trkpt>
   <trkpt lat="-26.2219780" lon="-51.0880130">
    <ele>750.0</ele>
   </trkpt>
   <trkpt lat="-26.2219980" lon="-51.0880640">
    <ele>750.0</ele>
   </trkpt>
   <trkpt lat="-26.2220200" lon="-51.0881140">
    <ele>750.0</ele>
   </trkpt>
   <trkpt lat="-26.2220670" lon="-51.0882120">
    <ele>750.2</ele>
   </trkpt>
   <trkpt lat="-26.2220910" lon="-51.0882600">
    <ele>750.4</ele>
   </trkpt>
   <trkpt lat="-26.2222300" lon="-51.0884920">
    <ele>751.0</ele>
   </trkpt>
   <trkpt lat="-26.2222520" lon="-51.0885370">
    <ele>751.0</ele>
   </trkpt>
   <trkpt lat="-26.2222810" lon="-51.0885900">
    <ele>750.8</ele>
   </trkpt>
   <trkpt lat="-26.2223050" lon="-51.0886350">
    <ele>750.8</ele>
   </trkpt>
   <trkpt lat="-26.2224080" lon="-51.0888080">
    <ele>751.0</ele>
   </trkpt>
   <trkpt lat="-26.2225970" lon="-51.0891260">
    <ele>751.6</ele>
   </trkpt>
   <trkpt lat="-26.2226490" lon="-51.0892140">
    <ele>751.8</ele>
   </trkpt>
   <trkpt lat="-26.2227030" lon="-51.0892990">
    <ele>752.0</ele>
   </trkpt>
   <trkpt lat="-26.2227270" lon="-51.0893420">
    <ele>752.2</ele>
   </trkpt>
   <trkpt lat="-26.2227510" lon="-51.0893840">
    <ele>753.0</ele>
   </trkpt>
   <trkpt lat="-26.2227780" lon="-51.0894270">
    <ele>753.2</ele>
   </trkpt>
   <trkpt lat="-26.2228350" lon="-51.0895160">
    <ele>753.4</ele>
   </trkpt>
   <trkpt lat="-26.2229270" lon="-51.0896510">
    <ele>754.0</ele>
   </trkpt>
   <trkpt lat="-26.2229580" lon="-51.0896950">
    <ele>754.0</ele>
   </trkpt>
   <trkpt lat="-26.2229860" lon="-51.0897430">
    <ele>754.0</ele>
   </trkpt>
   <trkpt lat="-26.2230160" lon="-51.0897910">
    <ele>754.0</ele>
   </trkpt>
   <trkpt lat="-26.2230470" lon="-51.0898360">
    <ele>754.0</ele>
   </trkpt>
   <trkpt lat="-26.2230750" lon="-51.0898820">
    <ele>754.0</ele>
   </trkpt>
   <trkpt lat="-26.2231030" lon="-51.0899270">
    <ele>754.0</ele>
   </trkpt>
   <trkpt lat="-26.2231300" lon="-51.0899730">
    <ele>754.0</ele>
   </trkpt>
   <trkpt lat="-26.2231550" lon="-51.0900190">
    <ele>754.0</ele>
   </trkpt>
   <trkpt lat="-26.2231870" lon="-51.0900740">
    <ele>754.0</ele>
   </trkpt>
   <trkpt lat="-26.2232090" lon="-51.0901090">
    <ele>753.6</ele>
   </trkpt>
   <trkpt lat="-26.2232360" lon="-51.0901530">
    <ele>753.4</ele>
   </trkpt>
   <trkpt lat="-26.2232640" lon="-51.0901960">
    <ele>753.4</ele>
   </trkpt>
   <trkpt lat="-26.2232900" lon="-51.0902400">
    <ele>753.4</ele>
   </trkpt>
   <trkpt lat="-26.2233130" lon="-51.0902830">
    <ele>753.2</ele>
   </trkpt>
   <trkpt lat="-26.2233250" lon="-51.0903330">
    <ele>753.2</ele>
   </trkpt>
   <trkpt lat="-26.2232970" lon="-51.0904320">
    <ele>753.2</ele>
   </trkpt>
   <trkpt lat="-26.2232570" lon="-51.0904710">
    <ele>753.0</ele>
   </trkpt>
   <trkpt lat="-26.2232140" lon="-51.0905100">
    <ele>752.8</ele>
   </trkpt>
   <trkpt lat="-26.2231700" lon="-51.0905520">
    <ele>752.8</ele>
   </trkpt>
   <trkpt lat="-26.2230030" lon="-51.0907250">
    <ele>752.4</ele>
   </trkpt>
   <trkpt lat="-26.2229160" lon="-51.0908110">
    <ele>752.2</ele>
   </trkpt>
   <trkpt lat="-26.2227790" lon="-51.0909410">
    <ele>752.2</ele>
   </trkpt>
   <trkpt lat="-26.2226920" lon="-51.0910320">
    <ele>752.0</ele>
   </trkpt>
   <trkpt lat="-26.2223230" lon="-51.0913950">
    <ele>751.8</ele>
   </trkpt>
   <trkpt lat="-26.2222790" lon="-51.0914390">
    <ele>751.8</ele>
   </trkpt>
   <trkpt lat="-26.2221160" lon="-51.0916140">
    <ele>751.6</ele>
   </trkpt>
   <trkpt lat="-26.2220740" lon="-51.0916540">
    <ele>751.6</ele>
   </trkpt>
   <trkpt lat="-26.2220320" lon="-51.0916930">
    <ele>751.6</ele>
   </trkpt>
   <trkpt lat="-26.2219930" lon="-51.0917310">
    <ele>751.6</ele>
   </trkpt>
   <trkpt lat="-26.2219640" lon="-51.0917620">
    <ele>751.4</ele>
   </trkpt>
   <trkpt lat="-26.2219190" lon="-51.0918090">
    <ele>751.2</ele>
   </trkpt>
   <trkpt lat="-26.2218780" lon="-51.0918440">
    <ele>750.4</ele>
   </trkpt>
   <trkpt lat="-26.2218380" lon="-51.0918760">
    <ele>750.2</ele>
   </trkpt>
   <trkpt lat="-26.2218020" lon="-51.0919080">
    <ele>750.0</ele>
   </trkpt>
   <trkpt lat="-26.2217700" lon="-51.0919430">
    <ele>750.0</ele>
   </trkpt>
   <trkpt lat="-26.2217400" lon="-51.0919810">
    <ele>750.0</ele>
   </trkpt>
   <trkpt lat="-26.2217090" lon="-51.0920200">
    <ele>750.2</ele>
   </trkpt>
   <trkpt lat="-26.2216780" lon="-51.0920580">
    <ele>750.8</ele>
   </trkpt>
   <trkpt lat="-26.2216040" lon="-51.0921320">
    <ele>751.4</ele>
   </trkpt>
   <trkpt lat="-26.2215270" lon="-51.0922120">
    <ele>751.6</ele>
   </trkpt>
   <trkpt lat="-26.2212400" lon="-51.0924990">
    <ele>751.6</ele>
   </trkpt>
   <trkpt lat="-26.2209920" lon="-51.0927630">
    <ele>751.4</ele>
   </trkpt>
   <trkpt lat="-26.2209510" lon="-51.0928080">
    <ele>751.6</ele>
   </trkpt>
   <trkpt lat="-26.2207250" lon="-51.0930230">
    <ele>751.6</ele>
   </trkpt>
   <trkpt lat="-26.2205100" lon="-51.0932430">
    <ele>751.2</ele>
   </trkpt>
   <trkpt lat="-26.2204270" lon="-51.0933270">
    <ele>751.0</ele>
   </trkpt>
   <trkpt lat="-26.2203860" lon="-51.0933700">
    <ele>750.8</ele>
   </trkpt>
   <trkpt lat="-26.2203410" lon="-51.0934100">
    <ele>750.8</ele>
   </trkpt>
   <trkpt lat="-26.2200680" lon="-51.0936680">
    <ele>750.6</ele>
   </trkpt>
   <trkpt lat="-26.2199880" lon="-51.0937480">
    <ele>750.2</ele>
   </trkpt>
   <trkpt lat="-26.2198620" lon="-51.0938690">
    <ele>750.2</ele>
   </trkpt>
   <trkpt lat="-26.2198190" lon="-51.0939090">
    <ele>750.2</ele>
   </trkpt>
   <trkpt lat="-26.2197750" lon="-51.0939450">
    <ele>750.0</ele>
   </trkpt>
   <trkpt lat="-26.2197310" lon="-51.0939790">
    <ele>749.8</ele>
   </trkpt>
   <trkpt lat="-26.2196930" lon="-51.0940120">
    <ele>749.4</ele>
   </trkpt>
   <trkpt lat="-26.2196560" lon="-51.0940420">
    <ele>749.2</ele>
   </trkpt>
   <trkpt lat="-26.2196150" lon="-51.0940710">
    <ele>749.2</ele>
   </trkpt>
   <trkpt lat="-26.2195710" lon="-51.0941030">
    <ele>749.2</ele>
   </trkpt>
   <trkpt lat="-26.2195300" lon="-51.0941350">
    <ele>749.2</ele>
   </trkpt>
   <trkpt lat="-26.2194880" lon="-51.0941660">
    <ele>749.2</ele>
   </trkpt>
   <trkpt lat="-26.2194490" lon="-51.0941990">
    <ele>749.4</ele>
   </trkpt>
   <trkpt lat="-26.2194150" lon="-51.0942350">
    <ele>749.4</ele>
   </trkpt>
   <trkpt lat="-26.2193790" lon="-51.0942700">
    <ele>749.2</ele>
   </trkpt>
   <trkpt lat="-26.2192330" lon="-51.0944270">
    <ele>748.8</ele>
   </trkpt>
   <trkpt lat="-26.2188830" lon="-51.0946810">
    <ele>750.2</ele>
   </trkpt>
   <trkpt lat="-26.2188410" lon="-51.0947160">
    <ele>750.2</ele>
   </trkpt>
   <trkpt lat="-26.2186630" lon="-51.0949130">
    <ele>750.0</ele>
   </trkpt>
   <trkpt lat="-26.2186370" lon="-51.0949640">
    <ele>749.2</ele>
   </trkpt>
   <trkpt lat="-26.2186140" lon="-51.0950210">
    <ele>748.8</ele>
   </trkpt>
   <trkpt lat="-26.2185440" lon="-51.0952030">
    <ele>748.0</ele>
   </trkpt>
   <trkpt lat="-26.2185130" lon="-51.0952610">
    <ele>747.8</ele>
   </trkpt>
   <trkpt lat="-26.2184800" lon="-51.0953150">
    <ele>747.6</ele>
   </trkpt>
   <trkpt lat="-26.2184470" lon="-51.0953660">
    <ele>747.6</ele>
   </trkpt>
   <trkpt lat="-26.2184170" lon="-51.0954190">
    <ele>747.6</ele>
   </trkpt>
   <trkpt lat="-26.2183640" lon="-51.0955290">
    <ele>747.6</ele>
   </trkpt>
   <trkpt lat="-26.2183450" lon="-51.0955850">
    <ele>747.6</ele>
   </trkpt>
   <trkpt lat="-26.2183110" lon="-51.0957600">
    <ele>747.8</ele>
   </trkpt>
   <trkpt lat="-26.2183110" lon="-51.0958160">
    <ele>747.8</ele>
   </trkpt>
   <trkpt lat="-26.2183220" lon="-51.0958680">
    <ele>748.0</ele>
   </trkpt>
   <trkpt lat="-26.2183480" lon="-51.0959110">
    <ele>748.0</ele>
   </trkpt>
   <trkpt lat="-26.2183810" lon="-51.0959420">
    <ele>748.6</ele>
   </trkpt>
   <trkpt lat="-26.2184100" lon="-51.0959570">
    <ele>748.8</ele>
   </trkpt>
   <trkpt lat="-26.2184360" lon="-51.0959530">
    <ele>750.6</ele>
   </trkpt>
   <trkpt lat="-26.2184600" lon="-51.0959440">
    <ele>751.0</ele>
   </trkpt>
   <trkpt lat="-26.2184830" lon="-51.0959360">
    <ele>751.4</ele>
   </trkpt>
   <trkpt lat="-26.2185060" lon="-51.0959300">
    <ele>751.8</ele>
   </trkpt>
   <trkpt lat="-26.2185240" lon="-51.0959260">
    <ele>752.2</ele>
   </trkpt>
   <trkpt lat="-26.2185450" lon="-51.0959200">
    <ele>752.6</ele>
   </trkpt>
   <trkpt lat="-26.2185650" lon="-51.0959160">
    <ele>753.2</ele>
   </trkpt>
   <trkpt lat="-26.2185800" lon="-51.0959230">
    <ele>753.4</ele>
   </trkpt>
   <trkpt lat="-26.2185910" lon="-51.0959360">
    <ele>753.8</ele>
   </trkpt>
   <trkpt lat="-26.2185910" lon="-51.0959530">
    <ele>754.0</ele>
   </trkpt>
   <trkpt lat="-26.2185800" lon="-51.0959670">
    <ele>754.2</ele>
   </trkpt>
   <trkpt lat="-26.2185640" lon="-51.0959790">
    <ele>754.6</ele>
   </trkpt>
   <trkpt lat="-26.2185440" lon="-51.0959920">
    <ele>754.6</ele>
   </trkpt>
   <trkpt lat="-26.2185210" lon="-51.0960070">
    <ele>754.6</ele>
   </trkpt>
   <trkpt lat="-26.2184970" lon="-51.0960230">
    <ele>754.6</ele>
   </trkpt>
   <trkpt lat="-26.2184730" lon="-51.0960380">
    <ele>754.8</ele>
   </trkpt>
   <trkpt lat="-26.2184450" lon="-51.0960550">
    <ele>754.8</ele>
   </trkpt>
   <trkpt lat="-26.2184140" lon="-51.0960720">
    <ele>754.8</ele>
   </trkpt>
   <trkpt lat="-26.2183870" lon="-51.0960950">
    <ele>754.8</ele>
   </trkpt>
   <trkpt lat="-26.2183600" lon="-51.0961190">
    <ele>755.0</ele>
   </trkpt>
   <trkpt lat="-26.2183300" lon="-51.0961430">
    <ele>755.2</ele>
   </trkpt>
   <trkpt lat="-26.2182930" lon="-51.0961720">
    <ele>755.2</ele>
   </trkpt>
   <trkpt lat="-26.2182670" lon="-51.0961920">
    <ele>755.4</ele>
   </trkpt>
   <trkpt lat="-26.2182370" lon="-51.0962160">
    <ele>755.4</ele>
   </trkpt>
   <trkpt lat="-26.2182040" lon="-51.0962400">
    <ele>755.4</ele>
   </trkpt>
   <trkpt lat="-26.2181700" lon="-51.0962650">
    <ele>755.6</ele>
   </trkpt>
   <trkpt lat="-26.2181370" lon="-51.0962910">
    <ele>755.6</ele>
   </trkpt>
   <trkpt lat="-26.2181030" lon="-51.0963170">
    <ele>755.8</ele>
   </trkpt>
   <trkpt lat="-26.2180720" lon="-51.0963490">
    <ele>755.8</ele>
   </trkpt>
   <trkpt lat="-26.2180420" lon="-51.0963780">
    <ele>755.8</ele>
   </trkpt>
   <trkpt lat="-26.2180070" lon="-51.0964060">
    <ele>756.0</ele>
   </trkpt>
   <trkpt lat="-26.2179660" lon="-51.0964330">
    <ele>756.0</ele>
   </trkpt>
   <trkpt lat="-26.2179270" lon="-51.0964600">
    <ele>756.0</ele>
   </trkpt>
   <trkpt lat="-26.2178900" lon="-51.0964870">
    <ele>756.0</ele>
   </trkpt>
   <trkpt lat="-26.2178530" lon="-51.0965160">
    <ele>756.0</ele>
   </trkpt>
   <trkpt lat="-26.2178160" lon="-51.0965460">
    <ele>756.0</ele>
   </trkpt>
   <trkpt lat="-26.2177770" lon="-51.0965750">
    <ele>755.8</ele>
   </trkpt>
   <trkpt lat="-26.2177370" lon="-51.0966030">
    <ele>755.8</ele>
   </trkpt>
   <trkpt lat="-26.2176970" lon="-51.0966330">
    <ele>756.0</ele>
   </trkpt>
   <trkpt lat="-26.2176550" lon="-51.0966640">
    <ele>756.0</ele>
   </trkpt>
   <trkpt lat="-26.2176100" lon="-51.0966940">
    <ele>755.8</ele>
   </trkpt>
   <trkpt lat="-26.2173530" lon="-51.0968830">
    <ele>756.2</ele>
   </trkpt>
   <trkpt lat="-26.2173080" lon="-51.0969140">
    <ele>756.0</ele>
   </trkpt>
   <trkpt lat="-26.2171810" lon="-51.0970110">
    <ele>756.2</ele>
   </trkpt>
   <trkpt lat="-26.2170880" lon="-51.0970760">
    <ele>756.2</ele>
   </trkpt>
   <trkpt lat="-26.2170000" lon="-51.0971370">
    <ele>756.4</ele>
   </trkpt>
   <trkpt lat="-26.2169120" lon="-51.0972030">
    <ele>756.4</ele>
   </trkpt>
   <trkpt lat="-26.2166890" lon="-51.0973670">
    <ele>756.6</ele>
   </trkpt>
   <trkpt lat="-26.2166450" lon="-51.0973980">
    <ele>756.6</ele>
   </trkpt>
   <trkpt lat="-26.2166060" lon="-51.0974280">
    <ele>756.6</ele>
   </trkpt>
   <trkpt lat="-26.2164970" lon="-51.0975420">
    <ele>756.6</ele>
   </trkpt>
   <trkpt lat="-26.2164470" lon="-51.0976440">
    <ele>756.6</ele>
   </trkpt>
   <trkpt lat="-26.2164410" lon="-51.0977010">
    <ele>756.6</ele>
   </trkpt>
   <trkpt lat="-26.2164520" lon="-51.0977560">
    <ele>756.6</ele>
   </trkpt>
   <trkpt lat="-26.2164720" lon="-51.0978080">
    <ele>756.6</ele>
   </trkpt>
   <trkpt lat="-26.2165020" lon="-51.0978540">
    <ele>756.6</ele>
   </trkpt>
   <trkpt lat="-26.2165340" lon="-51.0978890">
    <ele>756.6</ele>
   </trkpt>
   <trkpt lat="-26.2165740" lon="-51.0979120">
    <ele>756.6</ele>
   </trkpt>
   <trkpt lat="-26.2166180" lon="-51.0979290">
    <ele>756.4</ele>
   </trkpt>
   <trkpt lat="-26.2166560" lon="-51.0979520">
    <ele>756.2</ele>
   </trkpt>
   <trkpt lat="-26.2166920" lon="-51.0979840">
    <ele>756.2</ele>
   </trkpt>
   <trkpt lat="-26.2167280" lon="-51.0980210">
    <ele>756.2</ele>
   </trkpt>
   <trkpt lat="-26.2167620" lon="-51.0980620">
    <ele>756.2</ele>
   </trkpt>
   <trkpt lat="-26.2167950" lon="-51.0980990">
    <ele>757.0</ele>
   </trkpt>
   <trkpt lat="-26.2168260" lon="-51.0981320">
    <ele>757.4</ele>
   </trkpt>
   <trkpt lat="-26.2168610" lon="-51.0981640">
    <ele>757.8</ele>
   </trkpt>
   <trkpt lat="-26.2168940" lon="-51.0981960">
    <ele>757.8</ele>
   </trkpt>
   <trkpt lat="-26.2169220" lon="-51.0982280">
    <ele>757.8</ele>
   </trkpt>
   <trkpt lat="-26.2169540" lon="-51.0982630">
    <ele>757.8</ele>
   </trkpt>
   <trkpt lat="-26.2169800" lon="-51.0982900">
    <ele>758.0</ele>
   </trkpt>
   <trkpt lat="-26.2171400" lon="-51.0984520">
    <ele>758.2</ele>
   </trkpt>
   <trkpt lat="-26.2172990" lon="-51.0986180">
    <ele>758.4</ele>
   </trkpt>
   <trkpt lat="-26.2175980" lon="-51.0989230">
    <ele>757.8</ele>
   </trkpt>
   <trkpt lat="-26.2178310" lon="-51.0991630">
    <ele>758.6</ele>
   </trkpt>
   <trkpt lat="-26.2179380" lon="-51.0992710">
    <ele>758.8</ele>
   </trkpt>
   <trkpt lat="-26.2179710" lon="-51.0993060">
    <ele>759.0</ele>
   </trkpt>
   <trkpt lat="-26.2180620" lon="-51.0994030">
    <ele>760.0</ele>
   </trkpt>
   <trkpt lat="-26.2180970" lon="-51.0994390">
    <ele>761.4</ele>
   </trkpt>
   <trkpt lat="-26.2182000" lon="-51.0995550">
    <ele>761.8</ele>
   </trkpt>
   <trkpt lat="-26.2182380" lon="-51.0995950">
    <ele>761.8</ele>
   </trkpt>
   <trkpt lat="-26.2182760" lon="-51.0996330">
    <ele>761.8</ele>
   </trkpt>
   <trkpt lat="-26.2183160" lon="-51.0996720">
    <ele>761.8</ele>
   </trkpt>
   <trkpt lat="-26.2183580" lon="-51.0997130">
    <ele>761.8</ele>
   </trkpt>
   <trkpt lat="-26.2184090" lon="-51.0997650">
    <ele>761.6</ele>
   </trkpt>
   <trkpt lat="-26.2184530" lon="-51.0998120">
    <ele>761.6</ele>
   </trkpt>
   <trkpt lat="-26.2184910" lon="-51.0998520">
    <ele>761.4</ele>
   </trkpt>
   <trkpt lat="-26.2185410" lon="-51.0999020">
    <ele>761.4</ele>
   </trkpt>
   <trkpt lat="-26.2185910" lon="-51.0999560">
    <ele>761.4</ele>
   </trkpt>
   <trkpt lat="-26.2186530" lon="-51.1000200">
    <ele>761.2</ele>
   </trkpt>
   <trkpt lat="-26.2186960" lon="-51.1000660">
    <ele>760.8</ele>
   </trkpt>
   <trkpt lat="-26.2187470" lon="-51.1001300">
    <ele>760.6</ele>
   </trkpt>
   <trkpt lat="-26.2187970" lon="-51.1002000">
    <ele>760.2</ele>
   </trkpt>
   <trkpt lat="-26.2188460" lon="-51.1002740">
    <ele>759.0</ele>
   </trkpt>
   <trkpt lat="-26.2189450" lon="-51.1004290">
    <ele>757.8</ele>
   </trkpt>
   <trkpt lat="-26.2190590" lon="-51.1005710">
    <ele>757.6</ele>
   </trkpt>
   <trkpt lat="-26.2191320" lon="-51.1006490">
    <ele>757.0</ele>
   </trkpt>
   <trkpt lat="-26.2191890" lon="-51.1007100">
    <ele>756.8</ele>
   </trkpt>
   <trkpt lat="-26.2192920" lon="-51.1008170">
    <ele>753.4</ele>
   </trkpt>
   <trkpt lat="-26.2193440" lon="-51.1008730">
    <ele>752.0</ele>
   </trkpt>
   <trkpt lat="-26.2194060" lon="-51.1009410">
    <ele>751.6</ele>
   </trkpt>
   <trkpt lat="-26.2194460" lon="-51.1009820">
    <ele>751.0</ele>
   </trkpt>
   <trkpt lat="-26.2194960" lon="-51.1010320">
    <ele>751.0</ele>
   </trkpt>
   <trkpt lat="-26.2195430" lon="-51.1010820">
    <ele>751.0</ele>
   </trkpt>
   <trkpt lat="-26.2196330" lon="-51.1011840">
    <ele>751.2</ele>
   </trkpt>
   <trkpt lat="-26.2197020" lon="-51.1012460">
    <ele>751.2</ele>
   </trkpt>
   <trkpt lat="-26.2197570" lon="-51.1012950">
    <ele>751.2</ele>
   </trkpt>
   <trkpt lat="-26.2198530" lon="-51.1013940">
    <ele>751.4</ele>
   </trkpt>
   <trkpt lat="-26.2198990" lon="-51.1014440">
    <ele>751.6</ele>
   </trkpt>
   <trkpt lat="-26.2199860" lon="-51.1015430">
    <ele>751.8</ele>
   </trkpt>
   <trkpt lat="-26.2200210" lon="-51.1015820">
    <ele>752.2</ele>
   </trkpt>
   <trkpt lat="-26.2200710" lon="-51.1016390">
    <ele>752.2</ele>
   </trkpt>
   <trkpt lat="-26.2201100" lon="-51.1016900">
    <ele>752.4</ele>
   </trkpt>
   <trkpt lat="-26.2201490" lon="-51.1017410">
    <ele>752.4</ele>
   </trkpt>
   <trkpt lat="-26.2201880" lon="-51.1017900">
    <ele>752.8</ele>
   </trkpt>
   <trkpt lat="-26.2202270" lon="-51.1018400">
    <ele>753.0</ele>
   </trkpt>
   <trkpt lat="-26.2202660" lon="-51.1018910">
    <ele>753.2</ele>
   </trkpt>
   <trkpt lat="-26.2203020" lon="-51.1019490">
    <ele>753.4</ele>
   </trkpt>
   <trkpt lat="-26.2203510" lon="-51.1020660">
    <ele>754.2</ele>
   </trkpt>
   <trkpt lat="-26.2203770" lon="-51.1021260">
    <ele>754.6</ele>
   </trkpt>
   <trkpt lat="-26.2203990" lon="-51.1021810">
    <ele>755.0</ele>
   </trkpt>
   <trkpt lat="-26.2204170" lon="-51.1022350">
    <ele>755.4</ele>
   </trkpt>
   <trkpt lat="-26.2204370" lon="-51.1022900">
    <ele>755.8</ele>
   </trkpt>
   <trkpt lat="-26.2204570" lon="-51.1023440">
    <ele>756.0</ele>
   </trkpt>
   <trkpt lat="-26.2204670" lon="-51.1023930">
    <ele>756.6</ele>
   </trkpt>
   <trkpt lat="-26.2204740" lon="-51.1024400">
    <ele>756.8</ele>
   </trkpt>
   <trkpt lat="-26.2204750" lon="-51.1024850">
    <ele>757.6</ele>
   </trkpt>
   <trkpt lat="-26.2204790" lon="-51.1025280">
    <ele>758.0</ele>
   </trkpt>
   <trkpt lat="-26.2204860" lon="-51.1025710">
    <ele>758.2</ele>
   </trkpt>
   <trkpt lat="-26.2204900" lon="-51.1026120">
    <ele>758.4</ele>
   </trkpt>
   <trkpt lat="-26.2204930" lon="-51.1026510">
    <ele>758.8</ele>
   </trkpt>
   <trkpt lat="-26.2204980" lon="-51.1026910">
    <ele>759.0</ele>
   </trkpt>
   <trkpt lat="-26.2205050" lon="-51.1027300">
    <ele>759.4</ele>
   </trkpt>
   <trkpt lat="-26.2205100" lon="-51.1027670">
    <ele>759.8</ele>
   </trkpt>
   <trkpt lat="-26.2205130" lon="-51.1028010">
    <ele>760.0</ele>
   </trkpt>
   <trkpt lat="-26.2205170" lon="-51.1028370">
    <ele>760.2</ele>
   </trkpt>
   <trkpt lat="-26.2205220" lon="-51.1028690">
    <ele>760.6</ele>
   </trkpt>
   <trkpt lat="-26.2205230" lon="-51.1028990">
    <ele>760.8</ele>
   </trkpt>
   <trkpt lat="-26.2205220" lon="-51.1029240">
    <ele>761.4</ele>
   </trkpt>
   <trkpt lat="-26.2205230" lon="-51.1029490">
    <ele>761.6</ele>
   </trkpt>
   <trkpt lat="-26.2205260" lon="-51.1029770">
    <ele>761.8</ele>
   </trkpt>
   <trkpt lat="-26.2205310" lon="-51.1030070">
    <ele>762.0</ele>
   </trkpt>
   <trkpt lat="-26.2205370" lon="-51.1030380">
    <ele>762.4</ele>
   </trkpt>
   <trkpt lat="-26.2205430" lon="-51.1030710">
    <ele>762.6</ele>
   </trkpt>
   <trkpt lat="-26.2205450" lon="-51.1031030">
    <ele>762.8</ele>
   </trkpt>
   <trkpt lat="-26.2205480" lon="-51.1031350">
    <ele>763.2</ele>
   </trkpt>
   <trkpt lat="-26.2205540" lon="-51.1031670">
    <ele>763.6</ele>
   </trkpt>
   <trkpt lat="-26.2205620" lon="-51.1032010">
    <ele>763.8</ele>
   </trkpt>
   <trkpt lat="-26.2205670" lon="-51.1032320">
    <ele>764.0</ele>
   </trkpt>
   <trkpt lat="-26.2205680" lon="-51.1032640">
    <ele>764.2</ele>
   </trkpt>
   <trkpt lat="-26.2205680" lon="-51.1032970">
    <ele>764.4</ele>
   </trkpt>
   <trkpt lat="-26.2205610" lon="-51.1033290">
    <ele>764.6</ele>
   </trkpt>
   <trkpt lat="-26.2205590" lon="-51.1033640">
    <ele>764.8</ele>
   </trkpt>
   <trkpt lat="-26.2205610" lon="-51.1034020">
    <ele>764.8</ele>
   </trkpt>
   <trkpt lat="-26.2205620" lon="-51.1034400">
    <ele>765.0</ele>
   </trkpt>
   <trkpt lat="-26.2205630" lon="-51.1034810">
    <ele>765.2</ele>
   </trkpt>
   <trkpt lat="-26.2205680" lon="-51.1035220">
    <ele>765.4</ele>
   </trkpt>
   <trkpt lat="-26.2205710" lon="-51.1035640">
    <ele>766.4</ele>
   </trkpt>
   <trkpt lat="-26.2205730" lon="-51.1036060">
    <ele>766.4</ele>
   </trkpt>
   <trkpt lat="-26.2205760" lon="-51.1036500">
    <ele>766.4</ele>
   </trkpt>
   <trkpt lat="-26.2205760" lon="-51.1036930">
    <ele>766.4</ele>
   </trkpt>
   <trkpt lat="-26.2205770" lon="-51.1037380">
    <ele>766.2</ele>
   </trkpt>
   <trkpt lat="-26.2205800" lon="-51.1037830">
    <ele>766.2</ele>
   </trkpt>
   <trkpt lat="-26.2205810" lon="-51.1038280">
    <ele>766.0</ele>
   </trkpt>
   <trkpt lat="-26.2205850" lon="-51.1038750">
    <ele>766.0</ele>
   </trkpt>
   <trkpt lat="-26.2205880" lon="-51.1039250">
    <ele>766.0</ele>
   </trkpt>
   <trkpt lat="-26.2205890" lon="-51.1039740">
    <ele>766.0</ele>
   </trkpt>
   <trkpt lat="-26.2205890" lon="-51.1040230">
    <ele>766.0</ele>
   </trkpt>
   <trkpt lat="-26.2205890" lon="-51.1040750">
    <ele>766.0</ele>
   </trkpt>
   <trkpt lat="-26.2205910" lon="-51.1041260">
    <ele>766.4</ele>
   </trkpt>
   <trkpt lat="-26.2205910" lon="-51.1041770">
    <ele>766.4</ele>
   </trkpt>
   <trkpt lat="-26.2205940" lon="-51.1042310">
    <ele>766.6</ele>
   </trkpt>
   <trkpt lat="-26.2205880" lon="-51.1042850">
    <ele>766.4</ele>
   </trkpt>
   <trkpt lat="-26.2205900" lon="-51.1043450">
    <ele>766.4</ele>
   </trkpt>
   <trkpt lat="-26.2205980" lon="-51.1044080">
    <ele>766.4</ele>
   </trkpt>
   <trkpt lat="-26.2206010" lon="-51.1044710">
    <ele>766.4</ele>
   </trkpt>
   <trkpt lat="-26.2206030" lon="-51.1045250">
    <ele>766.2</ele>
   </trkpt>
   <trkpt lat="-26.2206100" lon="-51.1045950">
    <ele>766.2</ele>
   </trkpt>
   <trkpt lat="-26.2206170" lon="-51.1046620">
    <ele>766.0</ele>
   </trkpt>
   <trkpt lat="-26.2206540" lon="-51.1048840">
    <ele>765.2</ele>
   </trkpt>
   <trkpt lat="-26.2207240" lon="-51.1050930">
    <ele>763.8</ele>
   </trkpt>
   <trkpt lat="-26.2207530" lon="-51.1051570">
    <ele>763.4</ele>
   </trkpt>
   <trkpt lat="-26.2207810" lon="-51.1052060">
    <ele>763.4</ele>
   </trkpt>
   <trkpt lat="-26.2208600" lon="-51.1053220">
    <ele>764.4</ele>
   </trkpt>
   <trkpt lat="-26.2210500" lon="-51.1055300">
    <ele>764.6</ele>
   </trkpt>
   <trkpt lat="-26.2213120" lon="-51.1058960">
    <ele>764.0</ele>
   </trkpt>
   <trkpt lat="-26.2213690" lon="-51.1061100">
    <ele>762.0</ele>
   </trkpt>
   <trkpt lat="-26.2213790" lon="-51.1061840">
    <ele>761.6</ele>
   </trkpt>
   <trkpt lat="-26.2213840" lon="-51.1062580">
    <ele>761.6</ele>
   </trkpt>
   <trkpt lat="-26.2213810" lon="-51.1063300">
    <ele>761.6</ele>
   </trkpt>
   <trkpt lat="-26.2213520" lon="-51.1064650">
    <ele>761.6</ele>
   </trkpt>
   <trkpt lat="-26.2213330" lon="-51.1065160">
    <ele>761.8</ele>
   </trkpt>
   <trkpt lat="-26.2213070" lon="-51.1065900">
    <ele>762.4</ele>
   </trkpt>
   <trkpt lat="-26.2212810" lon="-51.1066480">
    <ele>762.6</ele>
   </trkpt>
   <trkpt lat="-26.2212500" lon="-51.1067050">
    <ele>763.0</ele>
   </trkpt>
   <trkpt lat="-26.2212190" lon="-51.1067610">
    <ele>763.8</ele>
   </trkpt>
   <trkpt lat="-26.2211870" lon="-51.1068140">
    <ele>765.0</ele>
   </trkpt>
   <trkpt lat="-26.2211590" lon="-51.1068670">
    <ele>765.2</ele>
   </trkpt>
   <trkpt lat="-26.2211300" lon="-51.1069200">
    <ele>765.4</ele>
   </trkpt>
   <trkpt lat="-26.2211090" lon="-51.1069630">
    <ele>765.8</ele>
   </trkpt>
   <trkpt lat="-26.2210780" lon="-51.1070260">
    <ele>766.0</ele>
   </trkpt>
   <trkpt lat="-26.2210580" lon="-51.1070680">
    <ele>766.0</ele>
   </trkpt>
   <trkpt lat="-26.2210350" lon="-51.1071220">
    <ele>766.2</ele>
   </trkpt>
   <trkpt lat="-26.2210130" lon="-51.1071780">
    <ele>766.2</ele>
   </trkpt>
   <trkpt lat="-26.2209750" lon="-51.1072960">
    <ele>766.2</ele>
   </trkpt>
   <trkpt lat="-26.2209590" lon="-51.1073550">
    <ele>766.4</ele>
   </trkpt>
   <trkpt lat="-26.2209450" lon="-51.1074140">
    <ele>766.4</ele>
   </trkpt>
   <trkpt lat="-26.2209310" lon="-51.1074730">
    <ele>766.4</ele>
   </trkpt>
   <trkpt lat="-26.2209190" lon="-51.1075330">
    <ele>766.4</ele>
   </trkpt>
   <trkpt lat="-26.2209100" lon="-51.1075960">
    <ele>766.4</ele>
   </trkpt>
   <trkpt lat="-26.2208980" lon="-51.1076710">
    <ele>766.4</ele>
   </trkpt>
   <trkpt lat="-26.2208850" lon="-51.1077310">
    <ele>766.6</ele>
   </trkpt>
   <trkpt lat="-26.2208740" lon="-51.1077910">
    <ele>766.6</ele>
   </trkpt>
   <trkpt lat="-26.2208640" lon="-51.1078500">
    <ele>766.8</ele>
   </trkpt>
   <trkpt lat="-26.2208560" lon="-51.1078950">
    <ele>767.2</ele>
   </trkpt>
   <trkpt lat="-26.2208460" lon="-51.1079530">
    <ele>767.4</ele>
   </trkpt>
   <trkpt lat="-26.2208320" lon="-51.1080230">
    <ele>767.4</ele>
   </trkpt>
   <trkpt lat="-26.2208210" lon="-51.1080690">
    <ele>767.6</ele>
   </trkpt>
   <trkpt lat="-26.2208060" lon="-51.1081390">
    <ele>767.6</ele>
   </trkpt>
   <trkpt lat="-26.2207940" lon="-51.1081940">
    <ele>767.6</ele>
   </trkpt>
   <trkpt lat="-26.2207880" lon="-51.1082370">
    <ele>767.6</ele>
   </trkpt>
   <trkpt lat="-26.2207800" lon="-51.1083030">
    <ele>767.6</ele>
   </trkpt>
   <trkpt lat="-26.2207750" lon="-51.1083470">
    <ele>767.6</ele>
   </trkpt>
   <trkpt lat="-26.2207720" lon="-51.1084030">
    <ele>767.6</ele>
   </trkpt>
   <trkpt lat="-26.2207680" lon="-51.1084630">
    <ele>767.4</ele>
   </trkpt>
   <trkpt lat="-26.2207690" lon="-51.1085220">
    <ele>767.4</ele>
   </trkpt>
   <trkpt lat="-26.2207730" lon="-51.1085830">
    <ele>767.4</ele>
   </trkpt>
   <trkpt lat="-26.2207920" lon="-51.1087160">
    <ele>767.0</ele>
   </trkpt>
   <trkpt lat="-26.2208300" lon="-51.1088690">
    <ele>766.0</ele>
   </trkpt>
   <trkpt lat="-26.2208500" lon="-51.1089600">
    <ele>765.8</ele>
   </trkpt>
   <trkpt lat="-26.2208780" lon="-51.1091550">
    <ele>765.4</ele>
   </trkpt>
   <trkpt lat="-26.2208640" lon="-51.1093630">
    <ele>765.0</ele>
   </trkpt>
   <trkpt lat="-26.2208300" lon="-51.1094580">
    <ele>764.6</ele>
   </trkpt>
   <trkpt lat="-26.2207620" lon="-51.1095530">
    <ele>764.4</ele>
   </trkpt>
   <trkpt lat="-26.2207000" lon="-51.1096200">
    <ele>763.2</ele>
   </trkpt>
   <trkpt lat="-26.2206320" lon="-51.1096770">
    <ele>762.6</ele>
   </trkpt>
   <trkpt lat="-26.2205660" lon="-51.1097230">
    <ele>762.4</ele>
   </trkpt>
   <trkpt lat="-26.2204910" lon="-51.1097600">
    <ele>762.4</ele>
   </trkpt>
   <trkpt lat="-26.2204200" lon="-51.1097910">
    <ele>762.4</ele>
   </trkpt>
   <trkpt lat="-26.2201200" lon="-51.1099010">
    <ele>763.0</ele>
   </trkpt>
   <trkpt lat="-26.2200420" lon="-51.1099200">
    <ele>763.0</ele>
   </trkpt>
   <trkpt lat="-26.2199690" lon="-51.1099360">
    <ele>763.0</ele>
   </trkpt>
   <trkpt lat="-26.2198960" lon="-51.1099530">
    <ele>763.0</ele>
   </trkpt>
   <trkpt lat="-26.2198230" lon="-51.1099700">
    <ele>763.0</ele>
   </trkpt>
   <trkpt lat="-26.2197550" lon="-51.1099840">
    <ele>763.0</ele>
   </trkpt>
   <trkpt lat="-26.2196880" lon="-51.1100030">
    <ele>763.0</ele>
   </trkpt>
   <trkpt lat="-26.2193470" lon="-51.1101610">
    <ele>762.4</ele>
   </trkpt>
   <trkpt lat="-26.2192140" lon="-51.1102760">
    <ele>762.2</ele>
   </trkpt>
   <trkpt lat="-26.2191530" lon="-51.1103540">
    <ele>762.0</ele>
   </trkpt>
   <trkpt lat="-26.2190870" lon="-51.1104320">
    <ele>761.6</ele>
   </trkpt>
   <trkpt lat="-26.2189530" lon="-51.1105860">
    <ele>761.4</ele>
   </trkpt>
   <trkpt lat="-26.2188780" lon="-51.1106550">
    <ele>760.8</ele>
   </trkpt>
   <trkpt lat="-26.2187130" lon="-51.1107850">
    <ele>760.4</ele>
   </trkpt>
   <trkpt lat="-26.2186460" lon="-51.1108210">
    <ele>760.2</ele>
   </trkpt>
   <trkpt lat="-26.2185590" lon="-51.1108550">
    <ele>760.2</ele>
   </trkpt>
   <trkpt lat="-26.2184730" lon="-51.1108780">
    <ele>760.0</ele>
   </trkpt>
   <trkpt lat="-26.2181890" lon="-51.1109000">
    <ele>759.6</ele>
   </trkpt>
   <trkpt lat="-26.2181040" lon="-51.1109050">
    <ele>759.4</ele>
   </trkpt>
   <trkpt lat="-26.2180190" lon="-51.1109080">
    <ele>759.4</ele>
   </trkpt>
   <trkpt lat="-26.2179320" lon="-51.1109100">
    <ele>759.2</ele>
   </trkpt>
   <trkpt lat="-26.2178520" lon="-51.1109150">
    <ele>759.2</ele>
   </trkpt>
   <trkpt lat="-26.2177720" lon="-51.1109210">
    <ele>759.2</ele>
   </trkpt>
   <trkpt lat="-26.2176970" lon="-51.1109240">
    <ele>759.0</ele>
   </trkpt>
   <trkpt lat="-26.2176190" lon="-51.1109270">
    <ele>758.8</ele>
   </trkpt>
   <trkpt lat="-26.2175430" lon="-51.1109270">
    <ele>758.4</ele>
   </trkpt>
   <trkpt lat="-26.2174660" lon="-51.1109270">
    <ele>757.8</ele>
   </trkpt>
   <trkpt lat="-26.2173950" lon="-51.1109240">
    <ele>757.8</ele>
   </trkpt>
   <trkpt lat="-26.2173410" lon="-51.1109200">
    <ele>757.8</ele>
   </trkpt>
   <trkpt lat="-26.2172740" lon="-51.1109210">
    <ele>757.6</ele>
   </trkpt>
   <trkpt lat="-26.2172050" lon="-51.1109250">
    <ele>757.8</ele>
   </trkpt>
   <trkpt lat="-26.2170610" lon="-51.1109290">
    <ele>758.2</ele>
   </trkpt>
   <trkpt lat="-26.2170010" lon="-51.1109390">
    <ele>758.2</ele>
   </trkpt>
   <trkpt lat="-26.2169400" lon="-51.1109540">
    <ele>758.2</ele>
   </trkpt>
   <trkpt lat="-26.2168810" lon="-51.1109730">
    <ele>758.4</ele>
   </trkpt>
   <trkpt lat="-26.2168220" lon="-51.1109960">
    <ele>758.4</ele>
   </trkpt>
   <trkpt lat="-26.2167650" lon="-51.1110220">
    <ele>758.4</ele>
   </trkpt>
   <trkpt lat="-26.2167060" lon="-51.1110490">
    <ele>758.4</ele>
   </trkpt>
   <trkpt lat="-26.2166490" lon="-51.1110760">
    <ele>758.4</ele>
   </trkpt>
   <trkpt lat="-26.2163620" lon="-51.1112320">
    <ele>758.8</ele>
   </trkpt>
   <trkpt lat="-26.2161440" lon="-51.1113390">
    <ele>759.0</ele>
   </trkpt>
   <trkpt lat="-26.2160890" lon="-51.1113670">
    <ele>759.0</ele>
   </trkpt>
   <trkpt lat="-26.2160340" lon="-51.1113960">
    <ele>759.0</ele>
   </trkpt>
   <trkpt lat="-26.2159790" lon="-51.1114240">
    <ele>759.0</ele>
   </trkpt>
   <trkpt lat="-26.2159250" lon="-51.1114510">
    <ele>759.0</ele>
   </trkpt>
   <trkpt lat="-26.2158730" lon="-51.1114790">
    <ele>759.2</ele>
   </trkpt>
   <trkpt lat="-26.2158190" lon="-51.1115070">
    <ele>759.2</ele>
   </trkpt>
   <trkpt lat="-26.2157660" lon="-51.1115330">
    <ele>759.2</ele>
   </trkpt>
   <trkpt lat="-26.2157160" lon="-51.1115610">
    <ele>759.2</ele>
   </trkpt>
   <trkpt lat="-26.2156660" lon="-51.1115920">
    <ele>759.4</ele>
   </trkpt>
   <trkpt lat="-26.2156150" lon="-51.1116190">
    <ele>759.4</ele>
   </trkpt>
   <trkpt lat="-26.2155640" lon="-51.1116440">
    <ele>759.4</ele>
   </trkpt>
   <trkpt lat="-26.2155140" lon="-51.1116710">
    <ele>759.4</ele>
   </trkpt>
   <trkpt lat="-26.2154650" lon="-51.1116970">
    <ele>759.6</ele>
   </trkpt>
   <trkpt lat="-26.2154160" lon="-51.1117220">
    <ele>759.6</ele>
   </trkpt>
   <trkpt lat="-26.2153700" lon="-51.1117490">
    <ele>759.6</ele>
   </trkpt>
   <trkpt lat="-26.2153210" lon="-51.1117730">
    <ele>759.8</ele>
   </trkpt>
   <trkpt lat="-26.2152810" lon="-51.1117910">
    <ele>760.0</ele>
   </trkpt>
   <trkpt lat="-26.2152270" lon="-51.1118210">
    <ele>760.2</ele>
   </trkpt>
   <trkpt lat="-26.2151880" lon="-51.1118410">
    <ele>760.4</ele>
   </trkpt>
   <trkpt lat="-26.2151340" lon="-51.1118650">
    <ele>760.4</ele>
   </trkpt>
   <trkpt lat="-26.2150900" lon="-51.1118850">
    <ele>760.8</ele>
   </trkpt>
   <trkpt lat="-26.2150450" lon="-51.1119110">
    <ele>761.0</ele>
   </trkpt>
   <trkpt lat="-26.2150020" lon="-51.1119330">
    <ele>761.2</ele>
   </trkpt>
   <trkpt lat="-26.2149590" lon="-51.1119540">
    <ele>761.2</ele>
   </trkpt>
   <trkpt lat="-26.2149150" lon="-51.1119770">
    <ele>761.2</ele>
   </trkpt>
   <trkpt lat="-26.2147710" lon="-51.1120490">
    <ele>759.2</ele>
   </trkpt>
   <trkpt lat="-26.2146620" lon="-51.1121000">
    <ele>759.0</ele>
   </trkpt>
   <trkpt lat="-26.2145570" lon="-51.1121480">
    <ele>758.2</ele>
   </trkpt>
   <trkpt lat="-26.2143600" lon="-51.1122500">
    <ele>757.0</ele>
   </trkpt>
   <trkpt lat="-26.2142390" lon="-51.1123170">
    <ele>756.8</ele>
   </trkpt>
   <trkpt lat="-26.2140920" lon="-51.1124010">
    <ele>756.2</ele>
   </trkpt>
   <trkpt lat="-26.2140200" lon="-51.1124340">
    <ele>755.8</ele>
   </trkpt>
   <trkpt lat="-26.2138830" lon="-51.1125080">
    <ele>755.6</ele>
   </trkpt>
   <trkpt lat="-26.2138120" lon="-51.1125450">
    <ele>755.4</ele>
   </trkpt>
   <trkpt lat="-26.2137440" lon="-51.1125810">
    <ele>755.0</ele>
   </trkpt>
   <trkpt lat="-26.2134870" lon="-51.1127240">
    <ele>754.6</ele>
   </trkpt>
   <trkpt lat="-26.2133000" lon="-51.1128230">
    <ele>754.6</ele>
   </trkpt>
   <trkpt lat="-26.2132360" lon="-51.1128580">
    <ele>754.6</ele>
   </trkpt>
   <trkpt lat="-26.2131740" lon="-51.1128910">
    <ele>754.4</ele>
   </trkpt>
   <trkpt lat="-26.2131100" lon="-51.1129260">
    <ele>754.4</ele>
   </trkpt>
   <trkpt lat="-26.2130500" lon="-51.1129610">
    <ele>754.4</ele>
   </trkpt>
   <trkpt lat="-26.2129920" lon="-51.1129960">
    <ele>754.6</ele>
   </trkpt>
   <trkpt lat="-26.2129310" lon="-51.1130270">
    <ele>754.6</ele>
   </trkpt>
   <trkpt lat="-26.2128730" lon="-51.1130580">
    <ele>754.6</ele>
   </trkpt>
   <trkpt lat="-26.2127550" lon="-51.1131250">
    <ele>756.0</ele>
   </trkpt>
   <trkpt lat="-26.2126960" lon="-51.1131600">
    <ele>758.2</ele>
   </trkpt>
   <trkpt lat="-26.2125850" lon="-51.1132270">
    <ele>758.6</ele>
   </trkpt>
   <trkpt lat="-26.2125280" lon="-51.1132610">
    <ele>758.8</ele>
   </trkpt>
   <trkpt lat="-26.2124730" lon="-51.1132950">
    <ele>758.8</ele>
   </trkpt>
   <trkpt lat="-26.2124270" lon="-51.1133210">
    <ele>758.8</ele>
   </trkpt>
   <trkpt lat="-26.2123610" lon="-51.1133580">
    <ele>758.8</ele>
   </trkpt>
   <trkpt lat="-26.2122560" lon="-51.1134180">
    <ele>758.8</ele>
   </trkpt>
   <trkpt lat="-26.2122040" lon="-51.1134490">
    <ele>758.8</ele>
   </trkpt>
   <trkpt lat="-26.2121510" lon="-51.1134800">
    <ele>758.8</ele>
   </trkpt>
   <trkpt lat="-26.2120960" lon="-51.1135100">
    <ele>758.8</ele>
   </trkpt>
   <trkpt lat="-26.2120420" lon="-51.1135390">
    <ele>759.0</ele>
   </trkpt>
   <trkpt lat="-26.2119900" lon="-51.1135690">
    <ele>759.0</ele>
   </trkpt>
   <trkpt lat="-26.2119400" lon="-51.1136010">
    <ele>759.0</ele>
   </trkpt>
   <trkpt lat="-26.2118910" lon="-51.1136330">
    <ele>759.0</ele>
   </trkpt>
   <trkpt lat="-26.2118420" lon="-51.1136670">
    <ele>758.8</ele>
   </trkpt>
   <trkpt lat="-26.2117920" lon="-51.1137050">
    <ele>758.8</ele>
   </trkpt>
   <trkpt lat="-26.2117440" lon="-51.1137440">
    <ele>758.8</ele>
   </trkpt>
   <trkpt lat="-26.2116960" lon="-51.1137860">
    <ele>758.8</ele>
   </trkpt>
   <trkpt lat="-26.2116490" lon="-51.1138270">
    <ele>758.8</ele>
   </trkpt>
   <trkpt lat="-26.2116050" lon="-51.1138720">
    <ele>759.0</ele>
   </trkpt>
   <trkpt lat="-26.2115630" lon="-51.1139210">
    <ele>759.2</ele>
   </trkpt>
   <trkpt lat="-26.2115210" lon="-51.1139730">
    <ele>759.2</ele>
   </trkpt>
   <trkpt lat="-26.2113130" lon="-51.1142380">
    <ele>759.4</ele>
   </trkpt>
   <trkpt lat="-26.2110810" lon="-51.1145470">
    <ele>759.6</ele>
   </trkpt>
   <trkpt lat="-26.2110090" lon="-51.1146480">
    <ele>759.6</ele>
   </trkpt>
   <trkpt lat="-26.2109740" lon="-51.1146960">
    <ele>759.6</ele>
   </trkpt>
   <trkpt lat="-26.2109410" lon="-51.1147410">
    <ele>759.8</ele>
   </trkpt>
   <trkpt lat="-26.2109090" lon="-51.1147860">
    <ele>759.8</ele>
   </trkpt>
   <trkpt lat="-26.2108790" lon="-51.1148300">
    <ele>760.2</ele>
   </trkpt>
   <trkpt lat="-26.2108480" lon="-51.1148740">
    <ele>760.4</ele>
   </trkpt>
   <trkpt lat="-26.2108200" lon="-51.1149180">
    <ele>760.6</ele>
   </trkpt>
   <trkpt lat="-26.2107920" lon="-51.1149590">
    <ele>760.8</ele>
   </trkpt>
   <trkpt lat="-26.2107010" lon="-51.1150740">
    <ele>761.2</ele>
   </trkpt>
   <trkpt lat="-26.2106720" lon="-51.1151100">
    <ele>761.2</ele>
   </trkpt>
   <trkpt lat="-26.2106450" lon="-51.1151450">
    <ele>761.2</ele>
   </trkpt>
   <trkpt lat="-26.2106200" lon="-51.1151800">
    <ele>761.4</ele>
   </trkpt>
   <trkpt lat="-26.2105910" lon="-51.1152140">
    <ele>761.6</ele>
   </trkpt>
   <trkpt lat="-26.2105600" lon="-51.1152480">
    <ele>761.8</ele>
   </trkpt>
   <trkpt lat="-26.2105330" lon="-51.1152840">
    <ele>761.8</ele>
   </trkpt>
   <trkpt lat="-26.2105080" lon="-51.1153190">
    <ele>761.8</ele>
   </trkpt>
   <trkpt lat="-26.2104780" lon="-51.1153530">
    <ele>761.8</ele>
   </trkpt>
   <trkpt lat="-26.2104500" lon="-51.1153810">
    <ele>761.8</ele>
   </trkpt>
   <trkpt lat="-26.2104230" lon="-51.1154140">
    <ele>761.8</ele>
   </trkpt>
   <trkpt lat="-26.2103250" lon="-51.1155220">
    <ele>761.6</ele>
   </trkpt>
   <trkpt lat="-26.2102510" lon="-51.1155860">
    <ele>759.2</ele>
   </trkpt>
   <trkpt lat="-26.2102130" lon="-51.1156200">
    <ele>759.2</ele>
   </trkpt>
   <trkpt lat="-26.2100710" lon="-51.1157180">
    <ele>758.0</ele>
   </trkpt>
   <trkpt lat="-26.2099610" lon="-51.1157730">
    <ele>758.0</ele>
   </trkpt>
   <trkpt lat="-26.2098490" lon="-51.1158230">
    <ele>758.0</ele>
   </trkpt>
   <trkpt lat="-26.2097920" lon="-51.1158430">
    <ele>758.0</ele>
   </trkpt>
   <trkpt lat="-26.2096230" lon="-51.1158940">
    <ele>758.2</ele>
   </trkpt>
   <trkpt lat="-26.2095680" lon="-51.1159060">
    <ele>758.4</ele>
   </trkpt>
   <trkpt lat="-26.2095150" lon="-51.1159150">
    <ele>758.6</ele>
   </trkpt>
   <trkpt lat="-26.2094620" lon="-51.1159180">
    <ele>758.8</ele>
   </trkpt>
   <trkpt lat="-26.2094100" lon="-51.1159120">
    <ele>759.2</ele>
   </trkpt>
   <trkpt lat="-26.2093640" lon="-51.1159000">
    <ele>759.8</ele>
   </trkpt>
   <trkpt lat="-26.2093200" lon="-51.1158760">
    <ele>761.0</ele>
   </trkpt>
   <trkpt lat="-26.2092780" lon="-51.1158410">
    <ele>761.0</ele>
   </trkpt>
   <trkpt lat="-26.2092390" lon="-51.1157990">
    <ele>761.2</ele>
   </trkpt>
   <trkpt lat="-26.2092040" lon="-51.1157520">
    <ele>761.4</ele>
   </trkpt>
   <trkpt lat="-26.2091710" lon="-51.1156990">
    <ele>761.8</ele>
   </trkpt>
   <trkpt lat="-26.2091430" lon="-51.1156460">
    <ele>762.0</ele>
   </trkpt>
   <trkpt lat="-26.2090770" lon="-51.1154770">
    <ele>762.2</ele>
   </trkpt>
   <trkpt lat="-26.2090570" lon="-51.1154160">
    <ele>762.2</ele>
   </trkpt>
   <trkpt lat="-26.2090330" lon="-51.1153580">
    <ele>762.2</ele>
   </trkpt>
   <trkpt lat="-26.2090090" lon="-51.1153000">
    <ele>762.0</ele>
   </trkpt>
   <trkpt lat="-26.2089920" lon="-51.1152520">
    <ele>762.0</ele>
   </trkpt>
   <trkpt lat="-26.2089630" lon="-51.1151810">
    <ele>762.0</ele>
   </trkpt>
   <trkpt lat="-26.2089380" lon="-51.1151250">
    <ele>762.2</ele>
   </trkpt>
   <trkpt lat="-26.2089140" lon="-51.1150700">
    <ele>762.2</ele>
   </trkpt>
   <trkpt lat="-26.2088910" lon="-51.1150130">
    <ele>762.2</ele>
   </trkpt>
   <trkpt lat="-26.2088670" lon="-51.1149570">
    <ele>762.4</ele>
   </trkpt>
   <trkpt lat="-26.2088450" lon="-51.1149030">
    <ele>762.4</ele>
   </trkpt>
   <trkpt lat="-26.2088170" lon="-51.1148480">
    <ele>762.8</ele>
   </trkpt>
   <trkpt lat="-26.2087890" lon="-51.1148000">
    <ele>762.8</ele>
   </trkpt>
   <trkpt lat="-26.2087580" lon="-51.1147600">
    <ele>763.2</ele>
   </trkpt>
   <trkpt lat="-26.2087190" lon="-51.1147200">
    <ele>763.2</ele>
   </trkpt>
   <trkpt lat="-26.2086780" lon="-51.1146840">
    <ele>763.4</ele>
   </trkpt>
   <trkpt lat="-26.2086350" lon="-51.1146540">
    <ele>763.4</ele>
   </trkpt>
   <trkpt lat="-26.2085890" lon="-51.1146350">
    <ele>763.6</ele>
   </trkpt>
   <trkpt lat="-26.2085400" lon="-51.1146260">
    <ele>763.6</ele>
   </trkpt>
   <trkpt lat="-26.2084920" lon="-51.1146250">
    <ele>763.6</ele>
   </trkpt>
   <trkpt lat="-26.2084450" lon="-51.1146350">
    <ele>763.4</ele>
   </trkpt>
   <trkpt lat="-26.2083960" lon="-51.1146470">
    <ele>763.2</ele>
   </trkpt>
   <trkpt lat="-26.2083420" lon="-51.1146570">
    <ele>763.2</ele>
   </trkpt>
   <trkpt lat="-26.2082900" lon="-51.1146710">
    <ele>763.2</ele>
   </trkpt>
   <trkpt lat="-26.2082340" lon="-51.1146860">
    <ele>763.2</ele>
   </trkpt>
   <trkpt lat="-26.2081190" lon="-51.1146890">
    <ele>763.2</ele>
   </trkpt>
   <trkpt lat="-26.2080630" lon="-51.1146720">
    <ele>763.4</ele>
   </trkpt>
   <trkpt lat="-26.2080180" lon="-51.1146410">
    <ele>763.4</ele>
   </trkpt>
   <trkpt lat="-26.2079850" lon="-51.1145990">
    <ele>763.4</ele>
   </trkpt>
   <trkpt lat="-26.2079580" lon="-51.1145510">
    <ele>763.4</ele>
   </trkpt>
   <trkpt lat="-26.2079350" lon="-51.1145000">
    <ele>763.4</ele>
   </trkpt>
   <trkpt lat="-26.2079170" lon="-51.1144480">
    <ele>763.4</ele>
   </trkpt>
   <trkpt lat="-26.2079000" lon="-51.1143940">
    <ele>763.4</ele>
   </trkpt>
   <trkpt lat="-26.2078820" lon="-51.1143450">
    <ele>763.4</ele>
   </trkpt>
   <trkpt lat="-26.2078600" lon="-51.1142990">
    <ele>763.6</ele>
   </trkpt>
   <trkpt lat="-26.2078330" lon="-51.1142550">
    <ele>763.8</ele>
   </trkpt>
   <trkpt lat="-26.2078030" lon="-51.1142120">
    <ele>763.8</ele>
   </trkpt>
   <trkpt lat="-26.2077720" lon="-51.1141700">
    <ele>764.0</ele>
   </trkpt>
   <trkpt lat="-26.2077410" lon="-51.1141300">
    <ele>764.0</ele>
   </trkpt>
   <trkpt lat="-26.2077110" lon="-51.1140890">
    <ele>764.2</ele>
   </trkpt>
   <trkpt lat="-26.2076850" lon="-51.1140520">
    <ele>764.4</ele>
   </trkpt>
   <trkpt lat="-26.2076550" lon="-51.1140120">
    <ele>764.8</ele>
   </trkpt>
   <trkpt lat="-26.2076280" lon="-51.1139710">
    <ele>765.0</ele>
   </trkpt>
   <trkpt lat="-26.2076010" lon="-51.1139330">
    <ele>765.0</ele>
   </trkpt>
   <trkpt lat="-26.2075680" lon="-51.1138960">
    <ele>765.0</ele>
   </trkpt>
   <trkpt lat="-26.2075410" lon="-51.1138580">
    <ele>765.2</ele>
   </trkpt>
   <trkpt lat="-26.2074780" lon="-51.1137800">
    <ele>765.4</ele>
   </trkpt>
   <trkpt lat="-26.2074440" lon="-51.1137500">
    <ele>765.4</ele>
   </trkpt>
   <trkpt lat="-26.2074130" lon="-51.1137320">
    <ele>765.6</ele>
   </trkpt>
   <trkpt lat="-26.2072150" lon="-51.1135770">
    <ele>766.0</ele>
   </trkpt>
   <trkpt lat="-26.2071440" lon="-51.1135120">
    <ele>766.4</ele>
   </trkpt>
   <trkpt lat="-26.2071090" lon="-51.1134810">
    <ele>766.6</ele>
   </trkpt>
   <trkpt lat="-26.2070710" lon="-51.1134470">
    <ele>766.8</ele>
   </trkpt>
   <trkpt lat="-26.2070330" lon="-51.1134190">
    <ele>766.8</ele>
   </trkpt>
   <trkpt lat="-26.2069930" lon="-51.1133890">
    <ele>767.0</ele>
   </trkpt>
   <trkpt lat="-26.2069640" lon="-51.1133680">
    <ele>767.0</ele>
   </trkpt>
   <trkpt lat="-26.2069270" lon="-51.1133420">
    <ele>767.0</ele>
   </trkpt>
   <trkpt lat="-26.2068760" lon="-51.1133120">
    <ele>767.2</ele>
   </trkpt>
   <trkpt lat="-26.2068350" lon="-51.1132920">
    <ele>767.4</ele>
   </trkpt>
   <trkpt lat="-26.2067930" lon="-51.1132710">
    <ele>767.6</ele>
   </trkpt>
   <trkpt lat="-26.2067520" lon="-51.1132510">
    <ele>767.8</ele>
   </trkpt>
   <trkpt lat="-26.2067110" lon="-51.1132310">
    <ele>767.8</ele>
   </trkpt>
   <trkpt lat="-26.2066710" lon="-51.1132150">
    <ele>768.0</ele>
   </trkpt>
   <trkpt lat="-26.2066300" lon="-51.1131960">
    <ele>768.2</ele>
   </trkpt>
   <trkpt lat="-26.2065900" lon="-51.1131780">
    <ele>768.2</ele>
   </trkpt>
   <trkpt lat="-26.2065510" lon="-51.1131600">
    <ele>768.2</ele>
   </trkpt>
   <trkpt lat="-26.2065100" lon="-51.1131440">
    <ele>768.2</ele>
   </trkpt>
   <trkpt lat="-26.2064680" lon="-51.1131290">
    <ele>768.2</ele>
   </trkpt>
   <trkpt lat="-26.2064260" lon="-51.1131160">
    <ele>768.0</ele>
   </trkpt>
   <trkpt lat="-26.2063820" lon="-51.1131030">
    <ele>768.0</ele>
   </trkpt>
   <trkpt lat="-26.2063350" lon="-51.1130910">
    <ele>768.0</ele>
   </trkpt>
   <trkpt lat="-26.2062870" lon="-51.1130800">
    <ele>768.0</ele>
   </trkpt>
   <trkpt lat="-26.2062380" lon="-51.1130720">
    <ele>768.2</ele>
   </trkpt>
   <trkpt lat="-26.2060010" lon="-51.1130420">
    <ele>768.8</ele>
   </trkpt>
   <trkpt lat="-26.2059060" lon="-51.1130390">
    <ele>769.4</ele>
   </trkpt>
   <trkpt lat="-26.2057700" lon="-51.1130420">
    <ele>769.8</ele>
   </trkpt>
   <trkpt lat="-26.2056890" lon="-51.1130460">
    <ele>770.0</ele>
   </trkpt>
   <trkpt lat="-26.2056500" lon="-51.1130480">
    <ele>770.2</ele>
   </trkpt>
   <trkpt lat="-26.2056100" lon="-51.1130510">
    <ele>770.6</ele>
   </trkpt>
   <trkpt lat="-26.2055670" lon="-51.1130550">
    <ele>771.2</ele>
   </trkpt>
   <trkpt lat="-26.2055250" lon="-51.1130600">
    <ele>771.4</ele>
   </trkpt>
   <trkpt lat="-26.2054810" lon="-51.1130640">
    <ele>771.6</ele>
   </trkpt>
   <trkpt lat="-26.2054370" lon="-51.1130670">
    <ele>771.8</ele>
   </trkpt>
   <trkpt lat="-26.2053940" lon="-51.1130680">
    <ele>772.0</ele>
   </trkpt>
   <trkpt lat="-26.2053510" lon="-51.1130680">
    <ele>772.0</ele>
   </trkpt>
   <trkpt lat="-26.2053090" lon="-51.1130690">
    <ele>772.2</ele>
   </trkpt>
   <trkpt lat="-26.2052640" lon="-51.1130730">
    <ele>772.4</ele>
   </trkpt>
   <trkpt lat="-26.2052180" lon="-51.1130740">
    <ele>772.6</ele>
   </trkpt>
   <trkpt lat="-26.2051630" lon="-51.1130760">
    <ele>772.6</ele>
   </trkpt>
   <trkpt lat="-26.2051270" lon="-51.1130780">
    <ele>772.8</ele>
   </trkpt>
   <trkpt lat="-26.2050870" lon="-51.1130790">
    <ele>772.8</ele>
   </trkpt>
   <trkpt lat="-26.2050430" lon="-51.1130820">
    <ele>773.2</ele>
   </trkpt>
   <trkpt lat="-26.2049980" lon="-51.1130880">
    <ele>773.4</ele>
   </trkpt>
   <trkpt lat="-26.2049560" lon="-51.1130910">
    <ele>773.4</ele>
   </trkpt>
   <trkpt lat="-26.2049100" lon="-51.1130950">
    <ele>773.6</ele>
   </trkpt>
   <trkpt lat="-26.2048620" lon="-51.1130990">
    <ele>773.6</ele>
   </trkpt>
   <trkpt lat="-26.2048210" lon="-51.1131030">
    <ele>773.8</ele>
   </trkpt>
   <trkpt lat="-26.2047840" lon="-51.1131060">
    <ele>774.0</ele>
   </trkpt>
   <trkpt lat="-26.2047280" lon="-51.1131090">
    <ele>774.2</ele>
   </trkpt>
   <trkpt lat="-26.2046800" lon="-51.1131140">
    <ele>774.2</ele>
   </trkpt>
   <trkpt lat="-26.2046320" lon="-51.1131190">
    <ele>774.4</ele>
   </trkpt>
   <trkpt lat="-26.2045850" lon="-51.1131210">
    <ele>774.4</ele>
   </trkpt>
   <trkpt lat="-26.2045380" lon="-51.1131230">
    <ele>774.6</ele>
   </trkpt>
   <trkpt lat="-26.2044880" lon="-51.1131250">
    <ele>774.6</ele>
   </trkpt>
   <trkpt lat="-26.2044380" lon="-51.1131270">
    <ele>774.8</ele>
   </trkpt>
   <trkpt lat="-26.2043890" lon="-51.1131280">
    <ele>774.8</ele>
   </trkpt>
   <trkpt lat="-26.2043400" lon="-51.1131320">
    <ele>774.8</ele>
   </trkpt>
   <trkpt lat="-26.2042910" lon="-51.1131330">
    <ele>774.8</ele>
   </trkpt>
   <trkpt lat="-26.2042430" lon="-51.1131360">
    <ele>775.0</ele>
   </trkpt>
   <trkpt lat="-26.2041980" lon="-51.1131380">
    <ele>775.2</ele>
   </trkpt>
   <trkpt lat="-26.2041520" lon="-51.1131400">
    <ele>775.4</ele>
   </trkpt>
   <trkpt lat="-26.2041030" lon="-51.1131430">
    <ele>775.8</ele>
   </trkpt>
   <trkpt lat="-26.2040640" lon="-51.1131460">
    <ele>776.2</ele>
   </trkpt>
   <trkpt lat="-26.2040200" lon="-51.1131490">
    <ele>776.2</ele>
   </trkpt>
   <trkpt lat="-26.2039630" lon="-51.1131550">
    <ele>776.2</ele>
   </trkpt>
   <trkpt lat="-26.2039150" lon="-51.1131570">
    <ele>776.0</ele>
   </trkpt>
   <trkpt lat="-26.2038660" lon="-51.1131590">
    <ele>775.4</ele>
   </trkpt>
   <trkpt lat="-26.2038170" lon="-51.1131620">
    <ele>775.2</ele>
   </trkpt>
   <trkpt lat="-26.2037670" lon="-51.1131660">
    <ele>775.2</ele>
   </trkpt>
   <trkpt lat="-26.2037180" lon="-51.1131710">
    <ele>775.2</ele>
   </trkpt>
   <trkpt lat="-26.2036700" lon="-51.1131730">
    <ele>775.2</ele>
   </trkpt>
   <trkpt lat="-26.2036230" lon="-51.1131770">
    <ele>775.4</ele>
   </trkpt>
   <trkpt lat="-26.2035920" lon="-51.1131800">
    <ele>775.8</ele>
   </trkpt>
   <trkpt lat="-26.2035470" lon="-51.1131830">
    <ele>777.4</ele>
   </trkpt>
   <trkpt lat="-26.2035070" lon="-51.1131840">
    <ele>777.4</ele>
   </trkpt>
   <trkpt lat="-26.2034650" lon="-51.1131880">
    <ele>777.6</ele>
   </trkpt>
   <trkpt lat="-26.2034220" lon="-51.1131950">
    <ele>777.6</ele>
   </trkpt>
   <trkpt lat="-26.2033750" lon="-51.1131990">
    <ele>777.6</ele>
   </trkpt>
   <trkpt lat="-26.2033290" lon="-51.1132000">
    <ele>777.6</ele>
   </trkpt>
   <trkpt lat="-26.2032820" lon="-51.1132010">
    <ele>777.4</ele>
   </trkpt>
   <trkpt lat="-26.2032330" lon="-51.1132020">
    <ele>777.4</ele>
   </trkpt>
   <trkpt lat="-26.2031870" lon="-51.1132020">
    <ele>777.2</ele>
   </trkpt>
   <trkpt lat="-26.2031420" lon="-51.1132070">
    <ele>777.2</ele>
   </trkpt>
   <trkpt lat="-26.2031010" lon="-51.1132100">
    <ele>777.2</ele>
   </trkpt>
   <trkpt lat="-26.2030430" lon="-51.1132130">
    <ele>777.0</ele>
   </trkpt>
   <trkpt lat="-26.2030000" lon="-51.1132160">
    <ele>777.0</ele>
   </trkpt>
   <trkpt lat="-26.2029540" lon="-51.1132210">
    <ele>777.0</ele>
   </trkpt>
   <trkpt lat="-26.2028610" lon="-51.1132360">
    <ele>776.8</ele>
   </trkpt>
   <trkpt lat="-26.2027610" lon="-51.1132800">
    <ele>776.6</ele>
   </trkpt>
   <trkpt lat="-26.2026670" lon="-51.1133330">
    <ele>776.6</ele>
   </trkpt>
   <trkpt lat="-26.2026240" lon="-51.1133690">
    <ele>776.4</ele>
   </trkpt>
   <trkpt lat="-26.2025830" lon="-51.1134110">
    <ele>776.4</ele>
   </trkpt>
   <trkpt lat="-26.2024740" lon="-51.1135690">
    <ele>775.6</ele>
   </trkpt>
   <trkpt lat="-26.2024390" lon="-51.1136300">
    <ele>775.2</ele>
   </trkpt>
   <trkpt lat="-26.2023970" lon="-51.1136890">
    <ele>775.0</ele>
   </trkpt>
   <trkpt lat="-26.2022920" lon="-51.1137980">
    <ele>775.0</ele>
   </trkpt>
   <trkpt lat="-26.2022230" lon="-51.1138430">
    <ele>775.0</ele>
   </trkpt>
   <trkpt lat="-26.2021510" lon="-51.1138790">
    <ele>775.0</ele>
   </trkpt>
   <trkpt lat="-26.2019990" lon="-51.1139240">
    <ele>774.8</ele>
   </trkpt>
   <trkpt lat="-26.2019170" lon="-51.1139320">
    <ele>774.8</ele>
   </trkpt>
   <trkpt lat="-26.2016660" lon="-51.1139300">
    <ele>774.4</ele>
   </trkpt>
   <trkpt lat="-26.2015870" lon="-51.1139250">
    <ele>774.0</ele>
   </trkpt>
   <trkpt lat="-26.2015010" lon="-51.1139190">
    <ele>773.8</ele>
   </trkpt>
   <trkpt lat="-26.2012480" lon="-51.1139080">
    <ele>772.8</ele>
   </trkpt>
   <trkpt lat="-26.2009030" lon="-51.1139050">
    <ele>772.2</ele>
   </trkpt>
   <trkpt lat="-26.2005560" lon="-51.1139220">
    <ele>771.8</ele>
   </trkpt>
   <trkpt lat="-26.2002160" lon="-51.1139830">
    <ele>771.0</ele>
   </trkpt>
   <trkpt lat="-26.2001350" lon="-51.1140020">
    <ele>770.4</ele>
   </trkpt>
   <trkpt lat="-26.2000570" lon="-51.1140210">
    <ele>770.2</ele>
   </trkpt>
   <trkpt lat="-26.1998130" lon="-51.1140770">
    <ele>769.6</ele>
   </trkpt>
   <trkpt lat="-26.1996520" lon="-51.1141200">
    <ele>769.2</ele>
   </trkpt>
   <trkpt lat="-26.1995690" lon="-51.1141360">
    <ele>769.4</ele>
   </trkpt>
   <trkpt lat="-26.1993280" lon="-51.1141850">
    <ele>769.4</ele>
   </trkpt>
   <trkpt lat="-26.1992470" lon="-51.1142030">
    <ele>769.4</ele>
   </trkpt>
   <trkpt lat="-26.1991720" lon="-51.1142190">
    <ele>769.2</ele>
   </trkpt>
   <trkpt lat="-26.1990980" lon="-51.1142330">
    <ele>769.2</ele>
   </trkpt>
   <trkpt lat="-26.1990250" lon="-51.1142480">
    <ele>769.2</ele>
   </trkpt>
   <trkpt lat="-26.1989490" lon="-51.1142630">
    <ele>769.0</ele>
   </trkpt>
   <trkpt lat="-26.1988730" lon="-51.1142760">
    <ele>768.8</ele>
   </trkpt>
   <trkpt lat="-26.1988000" lon="-51.1142900">
    <ele>768.2</ele>
   </trkpt>
   <trkpt lat="-26.1987290" lon="-51.1143020">
    <ele>768.2</ele>
   </trkpt>
   <trkpt lat="-26.1986570" lon="-51.1143100">
    <ele>768.0</ele>
   </trkpt>
   <trkpt lat="-26.1985230" lon="-51.1143290">
    <ele>768.0</ele>
   </trkpt>
   <trkpt lat="-26.1984540" lon="-51.1143370">
    <ele>768.4</ele>
   </trkpt>
   <trkpt lat="-26.1983880" lon="-51.1143480">
    <ele>768.6</ele>
   </trkpt>
   <trkpt lat="-26.1983240" lon="-51.1143590">
    <ele>768.6</ele>
   </trkpt>
   <trkpt lat="-26.1982600" lon="-51.1143690">
    <ele>768.8</ele>
   </trkpt>
   <trkpt lat="-26.1981970" lon="-51.1143780">
    <ele>769.2</ele>
   </trkpt>
   <trkpt lat="-26.1981370" lon="-51.1143870">
    <ele>769.2</ele>
   </trkpt>
   <trkpt lat="-26.1979540" lon="-51.1144040">
    <ele>768.8</ele>
   </trkpt>
   <trkpt lat="-26.1978290" lon="-51.1144230">
    <ele>768.6</ele>
   </trkpt>
   <trkpt lat="-26.1977700" lon="-51.1144310">
    <ele>768.4</ele>
   </trkpt>
   <trkpt lat="-26.1977080" lon="-51.1144380">
    <ele>768.4</ele>
   </trkpt>
   <trkpt lat="-26.1976490" lon="-51.1144470">
    <ele>768.4</ele>
   </trkpt>
   <trkpt lat="-26.1975890" lon="-51.1144570">
    <ele>768.4</ele>
   </trkpt>
   <trkpt lat="-26.1972120" lon="-51.1145020">
    <ele>767.2</ele>
   </trkpt>
   <trkpt lat="-26.1971440" lon="-51.1145080">
    <ele>767.2</ele>
   </trkpt>
   <trkpt lat="-26.1970060" lon="-51.1145130">
    <ele>765.6</ele>
   </trkpt>
   <trkpt lat="-26.1967160" lon="-51.1145400">
    <ele>765.4</ele>
   </trkpt>
   <trkpt lat="-26.1964910" lon="-51.1145670">
    <ele>767.2</ele>
   </trkpt>
   <trkpt lat="-26.1961000" lon="-51.1146110">
    <ele>766.8</ele>
   </trkpt>
   <trkpt lat="-26.1959300" lon="-51.1146260">
    <ele>766.0</ele>
   </trkpt>
   <trkpt lat="-26.1954130" lon="-51.1147080">
    <ele>765.4</ele>
   </trkpt>
   <trkpt lat="-26.1952540" lon="-51.1147640">
    <ele>765.6</ele>
   </trkpt>
   <trkpt lat="-26.1950220" lon="-51.1148950">
    <ele>766.0</ele>
   </trkpt>
   <trkpt lat="-26.1948760" lon="-51.1149940">
    <ele>764.4</ele>
   </trkpt>
   <trkpt lat="-26.1947320" lon="-51.1151040">
    <ele>763.0</ele>
   </trkpt>
   <trkpt lat="-26.1945860" lon="-51.1152210">
    <ele>763.0</ele>
   </trkpt>
   <trkpt lat="-26.1942490" lon="-51.1155430">
    <ele>761.8</ele>
   </trkpt>
   <trkpt lat="-26.1941320" lon="-51.1156920">
    <ele>760.4</ele>
   </trkpt>
   <trkpt lat="-26.1939320" lon="-51.1160150">
    <ele>759.0</ele>
   </trkpt>
   <trkpt lat="-26.1938890" lon="-51.1161040">
    <ele>759.0</ele>
   </trkpt>
   <trkpt lat="-26.1937370" lon="-51.1165660">
    <ele>758.0</ele>
   </trkpt>
   <trkpt lat="-26.1936060" lon="-51.1171230">
    <ele>756.8</ele>
   </trkpt>
   <trkpt lat="-26.1935880" lon="-51.1172130">
    <ele>756.6</ele>
   </trkpt>
   <trkpt lat="-26.1935700" lon="-51.1173020">
    <ele>756.4</ele>
   </trkpt>
   <trkpt lat="-26.1935490" lon="-51.1173900">
    <ele>756.4</ele>
   </trkpt>
   <trkpt lat="-26.1935300" lon="-51.1174780">
    <ele>756.0</ele>
   </trkpt>
   <trkpt lat="-26.1935120" lon="-51.1175670">
    <ele>756.2</ele>
   </trkpt>
   <trkpt lat="-26.1934940" lon="-51.1176550">
    <ele>756.0</ele>
   </trkpt>
   <trkpt lat="-26.1934740" lon="-51.1177420">
    <ele>756.0</ele>
   </trkpt>
   <trkpt lat="-26.1934500" lon="-51.1178270">
    <ele>756.0</ele>
   </trkpt>
   <trkpt lat="-26.1933690" lon="-51.1180890">
    <ele>756.0</ele>
   </trkpt>
   <trkpt lat="-26.1931010" lon="-51.1186620">
    <ele>756.2</ele>
   </trkpt>
   <trkpt lat="-26.1929580" lon="-51.1188840">
    <ele>756.4</ele>
   </trkpt>
   <trkpt lat="-26.1928080" lon="-51.1190930">
    <ele>756.4</ele>
   </trkpt>
   <trkpt lat="-26.1927570" lon="-51.1191600">
    <ele>756.4</ele>
   </trkpt>
   <trkpt lat="-26.1927090" lon="-51.1192290">
    <ele>756.6</ele>
   </trkpt>
   <trkpt lat="-26.1926600" lon="-51.1192940">
    <ele>756.6</ele>
   </trkpt>
   <trkpt lat="-26.1926100" lon="-51.1193610">
    <ele>756.6</ele>
   </trkpt>
   <trkpt lat="-26.1925620" lon="-51.1194260">
    <ele>756.8</ele>
   </trkpt>
   <trkpt lat="-26.1925160" lon="-51.1194900">
    <ele>756.8</ele>
   </trkpt>
   <trkpt lat="-26.1924700" lon="-51.1195540">
    <ele>757.0</ele>
   </trkpt>
   <trkpt lat="-26.1924230" lon="-51.1196170">
    <ele>757.0</ele>
   </trkpt>
   <trkpt lat="-26.1923780" lon="-51.1196800">
    <ele>757.2</ele>
   </trkpt>
   <trkpt lat="-26.1923310" lon="-51.1197420">
    <ele>757.2</ele>
   </trkpt>
   <trkpt lat="-26.1922860" lon="-51.1198050">
    <ele>757.2</ele>
   </trkpt>
   <trkpt lat="-26.1922410" lon="-51.1198670">
    <ele>757.2</ele>
   </trkpt>
   <trkpt lat="-26.1921960" lon="-51.1199260">
    <ele>757.2</ele>
   </trkpt>
   <trkpt lat="-26.1921500" lon="-51.1199870">
    <ele>757.2</ele>
   </trkpt>
   <trkpt lat="-26.1921070" lon="-51.1200470">
    <ele>757.2</ele>
   </trkpt>
   <trkpt lat="-26.1920650" lon="-51.1201080">
    <ele>757.4</ele>
   </trkpt>
   <trkpt lat="-26.1920210" lon="-51.1201690">
    <ele>757.6</ele>
   </trkpt>
   <trkpt lat="-26.1919800" lon="-51.1202270">
    <ele>757.6</ele>
   </trkpt>
   <trkpt lat="-26.1919380" lon="-51.1202850">
    <ele>757.6</ele>
   </trkpt>
   <trkpt lat="-26.1918960" lon="-51.1203430">
    <ele>757.6</ele>
   </trkpt>
   <trkpt lat="-26.1918550" lon="-51.1203990">
    <ele>757.6</ele>
   </trkpt>
   <trkpt lat="-26.1918140" lon="-51.1204570">
    <ele>757.4</ele>
   </trkpt>
   <trkpt lat="-26.1917710" lon="-51.1205150">
    <ele>757.2</ele>
   </trkpt>
   <trkpt lat="-26.1917290" lon="-51.1205700">
    <ele>756.6</ele>
   </trkpt>
   <trkpt lat="-26.1916870" lon="-51.1206270">
    <ele>756.6</ele>
   </trkpt>
   <trkpt lat="-26.1916450" lon="-51.1206850">
    <ele>756.6</ele>
   </trkpt>
   <trkpt lat="-26.1916030" lon="-51.1207390">
    <ele>756.6</ele>
   </trkpt>
   <trkpt lat="-26.1915640" lon="-51.1207930">
    <ele>756.8</ele>
   </trkpt>
   <trkpt lat="-26.1915220" lon="-51.1208450">
    <ele>757.0</ele>
   </trkpt>
   <trkpt lat="-26.1914800" lon="-51.1208960">
    <ele>757.2</ele>
   </trkpt>
   <trkpt lat="-26.1914360" lon="-51.1209480">
    <ele>757.2</ele>
   </trkpt>
   <trkpt lat="-26.1913930" lon="-51.1209990">
    <ele>757.4</ele>
   </trkpt>
   <trkpt lat="-26.1913510" lon="-51.1210490">
    <ele>757.4</ele>
   </trkpt>
   <trkpt lat="-26.1913070" lon="-51.1210980">
    <ele>757.6</ele>
   </trkpt>
   <trkpt lat="-26.1912620" lon="-51.1211460">
    <ele>757.8</ele>
   </trkpt>
   <trkpt lat="-26.1912150" lon="-51.1211930">
    <ele>757.8</ele>
   </trkpt>
   <trkpt lat="-26.1911730" lon="-51.1212410">
    <ele>758.0</ele>
   </trkpt>
   <trkpt lat="-26.1910810" lon="-51.1213370">
    <ele>758.2</ele>
   </trkpt>
   <trkpt lat="-26.1910340" lon="-51.1213820">
    <ele>758.2</ele>
   </trkpt>
   <trkpt lat="-26.1906830" lon="-51.1217040">
    <ele>758.2</ele>
   </trkpt>
   <trkpt lat="-26.1905840" lon="-51.1217940">
    <ele>759.8</ele>
   </trkpt>
   <trkpt lat="-26.1903340" lon="-51.1220070">
    <ele>759.8</ele>
   </trkpt>
   <trkpt lat="-26.1902860" lon="-51.1220500">
    <ele>759.8</ele>
   </trkpt>
   <trkpt lat="-26.1902380" lon="-51.1220930">
    <ele>759.8</ele>
   </trkpt>
   <trkpt lat="-26.1901910" lon="-51.1221340">
    <ele>760.0</ele>
   </trkpt>
   <trkpt lat="-26.1901440" lon="-51.1221750">
    <ele>760.2</ele>
   </trkpt>
   <trkpt lat="-26.1900980" lon="-51.1222150">
    <ele>760.2</ele>
   </trkpt>
   <trkpt lat="-26.1900530" lon="-51.1222560">
    <ele>760.2</ele>
   </trkpt>
   <trkpt lat="-26.1900040" lon="-51.1222960">
    <ele>760.2</ele>
   </trkpt>
   <trkpt lat="-26.1899570" lon="-51.1223370">
    <ele>760.4</ele>
   </trkpt>
   <trkpt lat="-26.1899100" lon="-51.1223800">
    <ele>760.4</ele>
   </trkpt>
   <trkpt lat="-26.1898640" lon="-51.1224230">
    <ele>760.2</ele>
   </trkpt>
   <trkpt lat="-26.1898150" lon="-51.1224640">
    <ele>760.0</ele>
   </trkpt>
   <trkpt lat="-26.1893690" lon="-51.1228590">
    <ele>760.4</ele>
   </trkpt>
   <trkpt lat="-26.1891490" lon="-51.1230460">
    <ele>759.8</ele>
   </trkpt>
   <trkpt lat="-26.1886950" lon="-51.1234450">
    <ele>760.2</ele>
   </trkpt>
   <trkpt lat="-26.1886390" lon="-51.1234940">
    <ele>760.2</ele>
   </trkpt>
   <trkpt lat="-26.1881880" lon="-51.1239000">
    <ele>760.0</ele>
   </trkpt>
   <trkpt lat="-26.1881310" lon="-51.1239470">
    <ele>760.0</ele>
   </trkpt>
   <trkpt lat="-26.1880770" lon="-51.1239940">
    <ele>760.0</ele>
   </trkpt>
   <trkpt lat="-26.1880250" lon="-51.1240420">
    <ele>760.2</ele>
   </trkpt>
   <trkpt lat="-26.1879720" lon="-51.1240880">
    <ele>760.2</ele>
   </trkpt>
   <trkpt lat="-26.1879180" lon="-51.1241340">
    <ele>760.2</ele>
   </trkpt>
   <trkpt lat="-26.1878630" lon="-51.1241800">
    <ele>760.2</ele>
   </trkpt>
   <trkpt lat="-26.1878100" lon="-51.1242250">
    <ele>760.2</ele>
   </trkpt>
   <trkpt lat="-26.1877570" lon="-51.1242710">
    <ele>760.2</ele>
   </trkpt>
   <trkpt lat="-26.1877040" lon="-51.1243170">
    <ele>760.2</ele>
   </trkpt>
   <trkpt lat="-26.1876520" lon="-51.1243630">
    <ele>760.2</ele>
   </trkpt>
   <trkpt lat="-26.1873880" lon="-51.1246070">
    <ele>761.0</ele>
   </trkpt>
   <trkpt lat="-26.1872780" lon="-51.1247040">
    <ele>761.2</ele>
   </trkpt>
   <trkpt lat="-26.1868530" lon="-51.1250830">
    <ele>760.8</ele>
   </trkpt>
   <trkpt lat="-26.1868030" lon="-51.1251290">
    <ele>760.8</ele>
   </trkpt>
   <trkpt lat="-26.1867530" lon="-51.1251730">
    <ele>760.8</ele>
   </trkpt>
   <trkpt lat="-26.1867020" lon="-51.1252170">
    <ele>760.8</ele>
   </trkpt>
   <trkpt lat="-26.1866530" lon="-51.1252600">
    <ele>760.8</ele>
   </trkpt>
   <trkpt lat="-26.1866070" lon="-51.1253030">
    <ele>761.0</ele>
   </trkpt>
   <trkpt lat="-26.1865590" lon="-51.1253460">
    <ele>761.2</ele>
   </trkpt>
   <trkpt lat="-26.1865130" lon="-51.1253880">
    <ele>761.2</ele>
   </trkpt>
   <trkpt lat="-26.1864660" lon="-51.1254290">
    <ele>761.4</ele>
   </trkpt>
   <trkpt lat="-26.1864190" lon="-51.1254710">
    <ele>761.4</ele>
   </trkpt>
   <trkpt lat="-26.1863730" lon="-51.1255140">
    <ele>761.4</ele>
   </trkpt>
   <trkpt lat="-26.1863270" lon="-51.1255570">
    <ele>761.4</ele>
   </trkpt>
   <trkpt lat="-26.1862780" lon="-51.1255990">
    <ele>761.4</ele>
   </trkpt>
   <trkpt lat="-26.1862320" lon="-51.1256400">
    <ele>761.4</ele>
   </trkpt>
   <trkpt lat="-26.1861850" lon="-51.1256820">
    <ele>761.4</ele>
   </trkpt>
   <trkpt lat="-26.1857310" lon="-51.1260630">
    <ele>762.0</ele>
   </trkpt>
   <trkpt lat="-26.1852410" lon="-51.1264520">
    <ele>761.2</ele>
   </trkpt>
   <trkpt lat="-26.1847650" lon="-51.1268130">
    <ele>761.0</ele>
   </trkpt>
   <trkpt lat="-26.1845930" lon="-51.1269390">
    <ele>760.6</ele>
   </trkpt>
   <trkpt lat="-26.1845400" lon="-51.1269810">
    <ele>760.6</ele>
   </trkpt>
   <trkpt lat="-26.1844890" lon="-51.1270230">
    <ele>760.6</ele>
   </trkpt>
   <trkpt lat="-26.1844400" lon="-51.1270670">
    <ele>760.6</ele>
   </trkpt>
   <trkpt lat="-26.1843890" lon="-51.1271100">
    <ele>760.6</ele>
   </trkpt>
   <trkpt lat="-26.1843420" lon="-51.1271560">
    <ele>760.4</ele>
   </trkpt>
   <trkpt lat="-26.1842990" lon="-51.1272000">
    <ele>760.4</ele>
   </trkpt>
   <trkpt lat="-26.1842570" lon="-51.1272460">
    <ele>760.4</ele>
   </trkpt>
   <trkpt lat="-26.1842190" lon="-51.1272940">
    <ele>760.8</ele>
   </trkpt>
   <trkpt lat="-26.1841830" lon="-51.1273430">
    <ele>760.8</ele>
   </trkpt>
   <trkpt lat="-26.1841470" lon="-51.1273920">
    <ele>761.4</ele>
   </trkpt>
   <trkpt lat="-26.1841160" lon="-51.1274430">
    <ele>761.8</ele>
   </trkpt>
   <trkpt lat="-26.1840860" lon="-51.1274940">
    <ele>762.0</ele>
   </trkpt>
   <trkpt lat="-26.1840580" lon="-51.1275450">
    <ele>762.0</ele>
   </trkpt>
   <trkpt lat="-26.1840290" lon="-51.1275940">
    <ele>762.0</ele>
   </trkpt>
   <trkpt lat="-26.1840030" lon="-51.1276440">
    <ele>762.2</ele>
   </trkpt>
   <trkpt lat="-26.1839800" lon="-51.1276950">
    <ele>762.2</ele>
   </trkpt>
   <trkpt lat="-26.1839600" lon="-51.1277490">
    <ele>762.2</ele>
   </trkpt>
   <trkpt lat="-26.1839430" lon="-51.1278020">
    <ele>762.4</ele>
   </trkpt>
   <trkpt lat="-26.1839260" lon="-51.1278530">
    <ele>762.6</ele>
   </trkpt>
   <trkpt lat="-26.1839130" lon="-51.1279050">
    <ele>763.0</ele>
   </trkpt>
   <trkpt lat="-26.1839030" lon="-51.1279570">
    <ele>763.2</ele>
   </trkpt>
   <trkpt lat="-26.1838960" lon="-51.1280060">
    <ele>763.4</ele>
   </trkpt>
   <trkpt lat="-26.1838890" lon="-51.1280540">
    <ele>763.6</ele>
   </trkpt>
   <trkpt lat="-26.1838830" lon="-51.1281060">
    <ele>763.8</ele>
   </trkpt>
   <trkpt lat="-26.1838750" lon="-51.1281600">
    <ele>763.8</ele>
   </trkpt>
   <trkpt lat="-26.1838680" lon="-51.1282140">
    <ele>763.8</ele>
   </trkpt>
   <trkpt lat="-26.1838630" lon="-51.1282720">
    <ele>763.6</ele>
   </trkpt>
   <trkpt lat="-26.1838560" lon="-51.1283310">
    <ele>762.6</ele>
   </trkpt>
   <trkpt lat="-26.1838500" lon="-51.1283910">
    <ele>761.6</ele>
   </trkpt>
   <trkpt lat="-26.1838250" lon="-51.1286500">
    <ele>761.6</ele>
   </trkpt>
   <trkpt lat="-26.1837860" lon="-51.1290240">
    <ele>762.0</ele>
   </trkpt>
   <trkpt lat="-26.1837510" lon="-51.1293760">
    <ele>761.0</ele>
   </trkpt>
   <trkpt lat="-26.1837400" lon="-51.1294660">
    <ele>760.2</ele>
   </trkpt>
   <trkpt lat="-26.1837300" lon="-51.1295580">
    <ele>758.8</ele>
   </trkpt>
   <trkpt lat="-26.1837200" lon="-51.1296480">
    <ele>758.8</ele>
   </trkpt>
   <trkpt lat="-26.1836790" lon="-51.1301070">
    <ele>758.6</ele>
   </trkpt>
   <trkpt lat="-26.1836620" lon="-51.1302860">
    <ele>758.4</ele>
   </trkpt>
   <trkpt lat="-26.1836250" lon="-51.1306380">
    <ele>757.8</ele>
   </trkpt>
   <trkpt lat="-26.1835710" lon="-51.1311680">
    <ele>756.8</ele>
   </trkpt>
   <trkpt lat="-26.1835050" lon="-51.1317700">
    <ele>757.0</ele>
   </trkpt>
   <trkpt lat="-26.1834940" lon="-51.1318520">
    <ele>757.0</ele>
   </trkpt>
   <trkpt lat="-26.1834850" lon="-51.1319350">
    <ele>757.2</ele>
   </trkpt>
   <trkpt lat="-26.1834760" lon="-51.1320160">
    <ele>757.2</ele>
   </trkpt>
   <trkpt lat="-26.1834680" lon="-51.1320980">
    <ele>757.2</ele>
   </trkpt>
   <trkpt lat="-26.1834520" lon="-51.1322610">
    <ele>757.2</ele>
   </trkpt>
   <trkpt lat="-26.1834430" lon="-51.1323400">
    <ele>757.2</ele>
   </trkpt>
   <trkpt lat="-26.1834350" lon="-51.1324180">
    <ele>757.0</ele>
   </trkpt>
   <trkpt lat="-26.1834300" lon="-51.1324960">
    <ele>757.0</ele>
   </trkpt>
   <trkpt lat="-26.1834230" lon="-51.1325740">
    <ele>756.8</ele>
   </trkpt>
   <trkpt lat="-26.1834140" lon="-51.1326490">
    <ele>756.8</ele>
   </trkpt>
   <trkpt lat="-26.1834070" lon="-51.1327250">
    <ele>756.6</ele>
   </trkpt>
   <trkpt lat="-26.1834000" lon="-51.1327990">
    <ele>756.6</ele>
   </trkpt>
   <trkpt lat="-26.1833960" lon="-51.1328750">
    <ele>756.6</ele>
   </trkpt>
   <trkpt lat="-26.1833890" lon="-51.1329500">
    <ele>756.6</ele>
   </trkpt>
   <trkpt lat="-26.1833820" lon="-51.1330230">
    <ele>756.8</ele>
   </trkpt>
   <trkpt lat="-26.1833690" lon="-51.1330960">
    <ele>756.8</ele>
   </trkpt>
   <trkpt lat="-26.1833600" lon="-51.1331690">
    <ele>756.8</ele>
   </trkpt>
   <trkpt lat="-26.1833530" lon="-51.1332420">
    <ele>756.8</ele>
   </trkpt>
   <trkpt lat="-26.1833480" lon="-51.1333140">
    <ele>756.8</ele>
   </trkpt>
   <trkpt lat="-26.1833440" lon="-51.1333870">
    <ele>756.8</ele>
   </trkpt>
   <trkpt lat="-26.1833380" lon="-51.1334590">
    <ele>756.8</ele>
   </trkpt>
   <trkpt lat="-26.1833300" lon="-51.1335310">
    <ele>756.8</ele>
   </trkpt>
   <trkpt lat="-26.1833220" lon="-51.1336020">
    <ele>756.8</ele>
   </trkpt>
   <trkpt lat="-26.1833130" lon="-51.1336710">
    <ele>756.8</ele>
   </trkpt>
   <trkpt lat="-26.1833070" lon="-51.1337410">
    <ele>757.0</ele>
   </trkpt>
   <trkpt lat="-26.1833010" lon="-51.1338110">
    <ele>757.0</ele>
   </trkpt>
   <trkpt lat="-26.1832940" lon="-51.1338810">
    <ele>757.0</ele>
   </trkpt>
   <trkpt lat="-26.1832870" lon="-51.1339480">
    <ele>757.0</ele>
   </trkpt>
   <trkpt lat="-26.1832820" lon="-51.1340150">
    <ele>757.0</ele>
   </trkpt>
   <trkpt lat="-26.1832760" lon="-51.1340820">
    <ele>757.2</ele>
   </trkpt>
   <trkpt lat="-26.1832720" lon="-51.1341490">
    <ele>757.2</ele>
   </trkpt>
   <trkpt lat="-26.1832640" lon="-51.1342830">
    <ele>757.2</ele>
   </trkpt>
   <trkpt lat="-26.1832610" lon="-51.1343510">
    <ele>757.4</ele>
   </trkpt>
   <trkpt lat="-26.1832600" lon="-51.1344190">
    <ele>757.6</ele>
   </trkpt>
   <trkpt lat="-26.1832600" lon="-51.1344860">
    <ele>757.8</ele>
   </trkpt>
   <trkpt lat="-26.1832610" lon="-51.1346110">
    <ele>757.8</ele>
   </trkpt>
   <trkpt lat="-26.1832840" lon="-51.1348020">
    <ele>757.8</ele>
   </trkpt>
   <trkpt lat="-26.1832960" lon="-51.1348680">
    <ele>757.8</ele>
   </trkpt>
   <trkpt lat="-26.1833050" lon="-51.1349360">
    <ele>757.6</ele>
   </trkpt>
   <trkpt lat="-26.1833240" lon="-51.1350750">
    <ele>757.6</ele>
   </trkpt>
   <trkpt lat="-26.1833790" lon="-51.1354870">
    <ele>758.2</ele>
   </trkpt>
   <trkpt lat="-26.1834160" lon="-51.1357570">
    <ele>758.2</ele>
   </trkpt>
   <trkpt lat="-26.1834620" lon="-51.1360900">
    <ele>758.2</ele>
   </trkpt>
   <trkpt lat="-26.1834980" lon="-51.1363570">
    <ele>757.8</ele>
   </trkpt>
   <trkpt lat="-26.1835060" lon="-51.1364220">
    <ele>757.8</ele>
   </trkpt>
   <trkpt lat="-26.1835340" lon="-51.1366220">
    <ele>758.0</ele>
   </trkpt>
   <trkpt lat="-26.1835830" lon="-51.1372400">
    <ele>758.4</ele>
   </trkpt>
   <trkpt lat="-26.1835860" lon="-51.1373100">
    <ele>758.2</ele>
   </trkpt>
   <trkpt lat="-26.1836080" lon="-51.1378000">
    <ele>758.6</ele>
   </trkpt>
   <trkpt lat="-26.1836130" lon="-51.1378690">
    <ele>759.0</ele>
   </trkpt>
   <trkpt lat="-26.1836130" lon="-51.1379360">
    <ele>759.0</ele>
   </trkpt>
   <trkpt lat="-26.1836110" lon="-51.1380030">
    <ele>759.2</ele>
   </trkpt>
   <trkpt lat="-26.1836120" lon="-51.1382060">
    <ele>759.0</ele>
   </trkpt>
   <trkpt lat="-26.1836080" lon="-51.1382730">
    <ele>759.0</ele>
   </trkpt>
   <trkpt lat="-26.1835890" lon="-51.1385500">
    <ele>759.0</ele>
   </trkpt>
   <trkpt lat="-26.1835260" lon="-51.1389750">
    <ele>757.6</ele>
   </trkpt>
   <trkpt lat="-26.1835060" lon="-51.1390490">
    <ele>757.6</ele>
   </trkpt>
   <trkpt lat="-26.1834430" lon="-51.1393370">
    <ele>758.6</ele>
   </trkpt>
   <trkpt lat="-26.1833390" lon="-51.1397620">
    <ele>759.2</ele>
   </trkpt>
   <trkpt lat="-26.1833190" lon="-51.1398300">
    <ele>759.2</ele>
   </trkpt>
   <trkpt lat="-26.1833030" lon="-51.1398990">
    <ele>759.2</ele>
   </trkpt>
   <trkpt lat="-26.1832820" lon="-51.1399680">
    <ele>759.2</ele>
   </trkpt>
   <trkpt lat="-26.1832620" lon="-51.1400360">
    <ele>759.4</ele>
   </trkpt>
   <trkpt lat="-26.1832420" lon="-51.1401030">
    <ele>759.4</ele>
   </trkpt>
   <trkpt lat="-26.1832260" lon="-51.1401690">
    <ele>759.4</ele>
   </trkpt>
   <trkpt lat="-26.1831940" lon="-51.1402990">
    <ele>759.6</ele>
   </trkpt>
   <trkpt lat="-26.1831790" lon="-51.1403610">
    <ele>759.8</ele>
   </trkpt>
   <trkpt lat="-26.1831610" lon="-51.1404220">
    <ele>759.8</ele>
   </trkpt>
   <trkpt lat="-26.1831420" lon="-51.1404850">
    <ele>759.8</ele>
   </trkpt>
   <trkpt lat="-26.1831250" lon="-51.1405460">
    <ele>759.8</ele>
   </trkpt>
   <trkpt lat="-26.1831060" lon="-51.1406070">
    <ele>759.8</ele>
   </trkpt>
   <trkpt lat="-26.1830860" lon="-51.1406670">
    <ele>759.8</ele>
   </trkpt>
   <trkpt lat="-26.1830690" lon="-51.1407280">
    <ele>759.8</ele>
   </trkpt>
   <trkpt lat="-26.1830510" lon="-51.1407880">
    <ele>759.8</ele>
   </trkpt>
   <trkpt lat="-26.1830310" lon="-51.1408460">
    <ele>759.8</ele>
   </trkpt>
   <trkpt lat="-26.1830140" lon="-51.1409070">
    <ele>759.8</ele>
   </trkpt>
   <trkpt lat="-26.1829980" lon="-51.1409650">
    <ele>759.8</ele>
   </trkpt>
   <trkpt lat="-26.1829750" lon="-51.1410230">
    <ele>760.0</ele>
   </trkpt>
   <trkpt lat="-26.1829540" lon="-51.1410820">
    <ele>760.0</ele>
   </trkpt>
   <trkpt lat="-26.1828740" lon="-51.1413230">
    <ele>760.0</ele>
   </trkpt>
   <trkpt lat="-26.1826860" lon="-51.1418830">
    <ele>760.6</ele>
   </trkpt>
   <trkpt lat="-26.1824870" lon="-51.1424620">
    <ele>760.2</ele>
   </trkpt>
   <trkpt lat="-26.1824450" lon="-51.1425840">
    <ele>760.0</ele>
   </trkpt>
   <trkpt lat="-26.1822740" lon="-51.1431090">
    <ele>759.8</ele>
   </trkpt>
   <trkpt lat="-26.1822150" lon="-51.1432950">
    <ele>759.6</ele>
   </trkpt>
   <trkpt lat="-26.1821940" lon="-51.1433570">
    <ele>759.6</ele>
   </trkpt>
   <trkpt lat="-26.1821740" lon="-51.1434180">
    <ele>759.6</ele>
   </trkpt>
   <trkpt lat="-26.1821530" lon="-51.1434780">
    <ele>759.6</ele>
   </trkpt>
   <trkpt lat="-26.1821350" lon="-51.1435370">
    <ele>759.4</ele>
   </trkpt>
   <trkpt lat="-26.1821170" lon="-51.1435990">
    <ele>759.0</ele>
   </trkpt>
   <trkpt lat="-26.1820980" lon="-51.1436550">
    <ele>758.8</ele>
   </trkpt>
   <trkpt lat="-26.1820720" lon="-51.1437090">
    <ele>758.6</ele>
   </trkpt>
   <trkpt lat="-26.1820470" lon="-51.1437640">
    <ele>758.4</ele>
   </trkpt>
   <trkpt lat="-26.1819960" lon="-51.1438780">
    <ele>758.2</ele>
   </trkpt>
   <trkpt lat="-26.1819700" lon="-51.1439320">
    <ele>758.0</ele>
   </trkpt>
   <trkpt lat="-26.1819430" lon="-51.1439890">
    <ele>757.2</ele>
   </trkpt>
   <trkpt lat="-26.1818220" lon="-51.1442370">
    <ele>758.6</ele>
   </trkpt>
   <trkpt lat="-26.1816890" lon="-51.1445440">
    <ele>759.2</ele>
   </trkpt>
   <trkpt lat="-26.1816140" lon="-51.1447130">
    <ele>759.6</ele>
   </trkpt>
   <trkpt lat="-26.1815920" lon="-51.1447680">
    <ele>759.6</ele>
   </trkpt>
   <trkpt lat="-26.1815680" lon="-51.1448200">
    <ele>759.8</ele>
   </trkpt>
   <trkpt lat="-26.1815430" lon="-51.1448690">
    <ele>760.0</ele>
   </trkpt>
   <trkpt lat="-26.1815190" lon="-51.1449160">
    <ele>760.0</ele>
   </trkpt>
   <trkpt lat="-26.1814970" lon="-51.1449630">
    <ele>760.2</ele>
   </trkpt>
   <trkpt lat="-26.1814770" lon="-51.1450080">
    <ele>760.2</ele>
   </trkpt>
   <trkpt lat="-26.1814570" lon="-51.1450520">
    <ele>760.4</ele>
   </trkpt>
   <trkpt lat="-26.1814370" lon="-51.1450950">
    <ele>760.4</ele>
   </trkpt>
   <trkpt lat="-26.1813820" lon="-51.1452200">
    <ele>760.8</ele>
   </trkpt>
   <trkpt lat="-26.1813650" lon="-51.1452590">
    <ele>761.0</ele>
   </trkpt>
   <trkpt lat="-26.1813450" lon="-51.1452960">
    <ele>761.0</ele>
   </trkpt>
   <trkpt lat="-26.1813260" lon="-51.1453330">
    <ele>761.4</ele>
   </trkpt>
   <trkpt lat="-26.1813080" lon="-51.1453710">
    <ele>761.4</ele>
   </trkpt>
   <trkpt lat="-26.1812910" lon="-51.1454100">
    <ele>761.6</ele>
   </trkpt>
   <trkpt lat="-26.1812750" lon="-51.1454500">
    <ele>761.8</ele>
   </trkpt>
   <trkpt lat="-26.1812600" lon="-51.1454890">
    <ele>761.8</ele>
   </trkpt>
   <trkpt lat="-26.1812430" lon="-51.1455260">
    <ele>761.8</ele>
   </trkpt>
   <trkpt lat="-26.1812250" lon="-51.1455640">
    <ele>762.0</ele>
   </trkpt>
   <trkpt lat="-26.1812100" lon="-51.1456050">
    <ele>762.0</ele>
   </trkpt>
   <trkpt lat="-26.1811920" lon="-51.1456420">
    <ele>762.2</ele>
   </trkpt>
   <trkpt lat="-26.1811740" lon="-51.1456780">
    <ele>762.6</ele>
   </trkpt>
   <trkpt lat="-26.1811580" lon="-51.1457130">
    <ele>762.8</ele>
   </trkpt>
   <trkpt lat="-26.1811430" lon="-51.1457480">
    <ele>763.4</ele>
   </trkpt>
   <trkpt lat="-26.1811300" lon="-51.1457820">
    <ele>763.6</ele>
   </trkpt>
   <trkpt lat="-26.1811170" lon="-51.1458170">
    <ele>764.0</ele>
   </trkpt>
   <trkpt lat="-26.1811040" lon="-51.1458520">
    <ele>764.2</ele>
   </trkpt>
   <trkpt lat="-26.1810900" lon="-51.1458850">
    <ele>764.4</ele>
   </trkpt>
   <trkpt lat="-26.1810820" lon="-51.1459210">
    <ele>764.6</ele>
   </trkpt>
   <trkpt lat="-26.1810700" lon="-51.1459550">
    <ele>764.8</ele>
   </trkpt>
   <trkpt lat="-26.1810560" lon="-51.1459930">
    <ele>765.2</ele>
   </trkpt>
   <trkpt lat="-26.1810440" lon="-51.1460280">
    <ele>765.4</ele>
   </trkpt>
   <trkpt lat="-26.1810280" lon="-51.1460600">
    <ele>765.6</ele>
   </trkpt>
   <trkpt lat="-26.1810090" lon="-51.1460890">
    <ele>766.0</ele>
   </trkpt>
   <trkpt lat="-26.1809910" lon="-51.1461180">
    <ele>766.2</ele>
   </trkpt>
   <trkpt lat="-26.1809730" lon="-51.1461470">
    <ele>766.6</ele>
   </trkpt>
   <trkpt lat="-26.1809540" lon="-51.1461740">
    <ele>766.8</ele>
   </trkpt>
   <trkpt lat="-26.1809390" lon="-51.1462010">
    <ele>767.0</ele>
   </trkpt>
   <trkpt lat="-26.1809260" lon="-51.1462240">
    <ele>767.2</ele>
   </trkpt>
   <trkpt lat="-26.1809160" lon="-51.1462480">
    <ele>767.4</ele>
   </trkpt>
   <trkpt lat="-26.1809080" lon="-51.1462720">
    <ele>767.6</ele>
   </trkpt>
   <trkpt lat="-26.1809010" lon="-51.1462960">
    <ele>767.8</ele>
   </trkpt>
   <trkpt lat="-26.1808910" lon="-51.1463230">
    <ele>767.8</ele>
   </trkpt>
   <trkpt lat="-26.1808790" lon="-51.1463480">
    <ele>768.0</ele>
   </trkpt>
   <trkpt lat="-26.1808690" lon="-51.1463690">
    <ele>768.2</ele>
   </trkpt>
   <trkpt lat="-26.1808550" lon="-51.1463930">
    <ele>768.8</ele>
   </trkpt>
   <trkpt lat="-26.1808410" lon="-51.1464180">
    <ele>769.0</ele>
   </trkpt>
   <trkpt lat="-26.1808320" lon="-51.1464440">
    <ele>769.2</ele>
   </trkpt>
   <trkpt lat="-26.1808210" lon="-51.1464710">
    <ele>769.4</ele>
   </trkpt>
   <trkpt lat="-26.1808080" lon="-51.1464960">
    <ele>770.0</ele>
   </trkpt>
   <trkpt lat="-26.1807970" lon="-51.1465230">
    <ele>770.0</ele>
   </trkpt>
   <trkpt lat="-26.1807830" lon="-51.1465490">
    <ele>770.2</ele>
   </trkpt>
   <trkpt lat="-26.1807720" lon="-51.1465770">
    <ele>770.4</ele>
   </trkpt>
   <trkpt lat="-26.1807590" lon="-51.1466060">
    <ele>770.8</ele>
   </trkpt>
   <trkpt lat="-26.1807430" lon="-51.1466330">
    <ele>771.0</ele>
   </trkpt>
   <trkpt lat="-26.1807300" lon="-51.1466580">
    <ele>771.0</ele>
   </trkpt>
   <trkpt lat="-26.1807180" lon="-51.1466820">
    <ele>771.0</ele>
   </trkpt>
   <trkpt lat="-26.1807090" lon="-51.1467090">
    <ele>771.2</ele>
   </trkpt>
   <trkpt lat="-26.1807020" lon="-51.1467340">
    <ele>771.4</ele>
   </trkpt>
   <trkpt lat="-26.1806910" lon="-51.1467580">
    <ele>771.4</ele>
   </trkpt>
   <trkpt lat="-26.1806790" lon="-51.1467820">
    <ele>771.8</ele>
   </trkpt>
   <trkpt lat="-26.1806680" lon="-51.1468060">
    <ele>772.0</ele>
   </trkpt>
   <trkpt lat="-26.1806540" lon="-51.1468300">
    <ele>772.4</ele>
   </trkpt>
   <trkpt lat="-26.1806400" lon="-51.1468520">
    <ele>772.6</ele>
   </trkpt>
   <trkpt lat="-26.1806260" lon="-51.1468750">
    <ele>772.6</ele>
   </trkpt>
   <trkpt lat="-26.1806140" lon="-51.1468980">
    <ele>773.0</ele>
   </trkpt>
   <trkpt lat="-26.1806010" lon="-51.1469220">
    <ele>773.2</ele>
   </trkpt>
   <trkpt lat="-26.1805910" lon="-51.1469460">
    <ele>773.2</ele>
   </trkpt>
   <trkpt lat="-26.1805800" lon="-51.1469690">
    <ele>773.4</ele>
   </trkpt>
   <trkpt lat="-26.1805640" lon="-51.1469890">
    <ele>773.6</ele>
   </trkpt>
   <trkpt lat="-26.1805470" lon="-51.1470080">
    <ele>773.8</ele>
   </trkpt>
   <trkpt lat="-26.1805350" lon="-51.1470300">
    <ele>774.0</ele>
   </trkpt>
   <trkpt lat="-26.1805230" lon="-51.1470500">
    <ele>774.2</ele>
   </trkpt>
   <trkpt lat="-26.1805090" lon="-51.1470710">
    <ele>774.4</ele>
   </trkpt>
   <trkpt lat="-26.1804950" lon="-51.1470920">
    <ele>774.6</ele>
   </trkpt>
   <trkpt lat="-26.1804800" lon="-51.1471130">
    <ele>774.8</ele>
   </trkpt>
   <trkpt lat="-26.1804640" lon="-51.1471340">
    <ele>775.0</ele>
   </trkpt>
   <trkpt lat="-26.1804500" lon="-51.1471560">
    <ele>775.2</ele>
   </trkpt>
   <trkpt lat="-26.1804320" lon="-51.1471750">
    <ele>775.4</ele>
   </trkpt>
   <trkpt lat="-26.1804190" lon="-51.1471930">
    <ele>775.6</ele>
   </trkpt>
   <trkpt lat="-26.1804030" lon="-51.1472110">
    <ele>775.8</ele>
   </trkpt>
   <trkpt lat="-26.1803870" lon="-51.1472270">
    <ele>775.8</ele>
   </trkpt>
   <trkpt lat="-26.1803710" lon="-51.1472420">
    <ele>776.0</ele>
   </trkpt>
   <trkpt lat="-26.1803550" lon="-51.1472590">
    <ele>776.0</ele>
   </trkpt>
   <trkpt lat="-26.1803390" lon="-51.1472750">
    <ele>776.2</ele>
   </trkpt>
   <trkpt lat="-26.1803240" lon="-51.1472910">
    <ele>776.4</ele>
   </trkpt>
   <trkpt lat="-26.1803120" lon="-51.1473080">
    <ele>777.0</ele>
   </trkpt>
   <trkpt lat="-26.1803000" lon="-51.1473250">
    <ele>777.2</ele>
   </trkpt>
   <trkpt lat="-26.1802840" lon="-51.1473390">
    <ele>777.2</ele>
   </trkpt>
   <trkpt lat="-26.1802660" lon="-51.1473530">
    <ele>777.4</ele>
   </trkpt>
   <trkpt lat="-26.1802480" lon="-51.1473680">
    <ele>777.6</ele>
   </trkpt>
   <trkpt lat="-26.1802290" lon="-51.1473800">
    <ele>777.8</ele>
   </trkpt>
   <trkpt lat="-26.1802110" lon="-51.1473910">
    <ele>778.2</ele>
   </trkpt>
   <trkpt lat="-26.1801910" lon="-51.1474010">
    <ele>778.2</ele>
   </trkpt>
   <trkpt lat="-26.1801730" lon="-51.1474130">
    <ele>778.4</ele>
   </trkpt>
   <trkpt lat="-26.1801550" lon="-51.1474270">
    <ele>778.4</ele>
   </trkpt>
   <trkpt lat="-26.1801370" lon="-51.1474390">
    <ele>778.6</ele>
   </trkpt>
   <trkpt lat="-26.1801190" lon="-51.1474490">
    <ele>778.8</ele>
   </trkpt>
   <trkpt lat="-26.1801020" lon="-51.1474590">
    <ele>779.0</ele>
   </trkpt>
   <trkpt lat="-26.1800820" lon="-51.1474700">
    <ele>779.2</ele>
   </trkpt>
   <trkpt lat="-26.1800620" lon="-51.1474810">
    <ele>779.4</ele>
   </trkpt>
   <trkpt lat="-26.1800410" lon="-51.1474910">
    <ele>779.6</ele>
   </trkpt>
   <trkpt lat="-26.1800240" lon="-51.1475000">
    <ele>779.8</ele>
   </trkpt>
   <trkpt lat="-26.1800050" lon="-51.1475060">
    <ele>780.2</ele>
   </trkpt>
   <trkpt lat="-26.1799870" lon="-51.1475110">
    <ele>780.4</ele>
   </trkpt>
   <trkpt lat="-26.1799680" lon="-51.1475160">
    <ele>780.6</ele>
   </trkpt>
   <trkpt lat="-26.1799530" lon="-51.1475240">
    <ele>780.8</ele>
   </trkpt>
   <trkpt lat="-26.1799370" lon="-51.1475310">
    <ele>781.0</ele>
   </trkpt>
   <trkpt lat="-26.1799200" lon="-51.1475350">
    <ele>781.2</ele>
   </trkpt>
   <trkpt lat="-26.1799020" lon="-51.1475390">
    <ele>781.4</ele>
   </trkpt>
   <trkpt lat="-26.1798850" lon="-51.1475420">
    <ele>781.6</ele>
   </trkpt>
   <trkpt lat="-26.1798670" lon="-51.1475460">
    <ele>781.8</ele>
   </trkpt>
   <trkpt lat="-26.1798490" lon="-51.1475490">
    <ele>782.0</ele>
   </trkpt>
   <trkpt lat="-26.1798330" lon="-51.1475550">
    <ele>782.2</ele>
   </trkpt>
   <trkpt lat="-26.1798120" lon="-51.1475590">
    <ele>782.4</ele>
   </trkpt>
   <trkpt lat="-26.1797910" lon="-51.1475630">
    <ele>782.4</ele>
   </trkpt>
   <trkpt lat="-26.1797700" lon="-51.1475670">
    <ele>782.6</ele>
   </trkpt>
   <trkpt lat="-26.1797520" lon="-51.1475710">
    <ele>783.0</ele>
   </trkpt>
   <trkpt lat="-26.1797320" lon="-51.1475710">
    <ele>783.2</ele>
   </trkpt>
   <trkpt lat="-26.1797140" lon="-51.1475710">
    <ele>783.4</ele>
   </trkpt>
   <trkpt lat="-26.1796920" lon="-51.1475700">
    <ele>783.6</ele>
   </trkpt>
   <trkpt lat="-26.1796730" lon="-51.1475680">
    <ele>783.6</ele>
   </trkpt>
   <trkpt lat="-26.1796510" lon="-51.1475640">
    <ele>783.8</ele>
   </trkpt>
   <trkpt lat="-26.1796310" lon="-51.1475620">
    <ele>784.0</ele>
   </trkpt>
   <trkpt lat="-26.1796100" lon="-51.1475600">
    <ele>784.2</ele>
   </trkpt>
   <trkpt lat="-26.1795880" lon="-51.1475540">
    <ele>784.4</ele>
   </trkpt>
   <trkpt lat="-26.1795640" lon="-51.1475500">
    <ele>784.6</ele>
   </trkpt>
   <trkpt lat="-26.1795410" lon="-51.1475490">
    <ele>784.8</ele>
   </trkpt>
   <trkpt lat="-26.1795210" lon="-51.1475480">
    <ele>785.2</ele>
   </trkpt>
   <trkpt lat="-26.1795000" lon="-51.1475440">
    <ele>785.2</ele>
   </trkpt>
   <trkpt lat="-26.1794780" lon="-51.1475430">
    <ele>785.4</ele>
   </trkpt>
   <trkpt lat="-26.1794570" lon="-51.1475390">
    <ele>785.6</ele>
   </trkpt>
   <trkpt lat="-26.1794360" lon="-51.1475330">
    <ele>786.0</ele>
   </trkpt>
   <trkpt lat="-26.1794110" lon="-51.1475280">
    <ele>786.2</ele>
   </trkpt>
   <trkpt lat="-26.1793890" lon="-51.1475230">
    <ele>786.4</ele>
   </trkpt>
   <trkpt lat="-26.1793680" lon="-51.1475200">
    <ele>786.6</ele>
   </trkpt>
   <trkpt lat="-26.1793520" lon="-51.1475180">
    <ele>787.0</ele>
   </trkpt>
   <trkpt lat="-26.1793380" lon="-51.1475150">
    <ele>787.2</ele>
   </trkpt>
   <trkpt lat="-26.1793230" lon="-51.1475100">
    <ele>787.2</ele>
   </trkpt>
   <trkpt lat="-26.1793060" lon="-51.1475060">
    <ele>787.2</ele>
   </trkpt>
   <trkpt lat="-26.1792880" lon="-51.1475010">
    <ele>787.4</ele>
   </trkpt>
   <trkpt lat="-26.1792670" lon="-51.1474970">
    <ele>787.6</ele>
   </trkpt>
   <trkpt lat="-26.1792480" lon="-51.1474930">
    <ele>787.8</ele>
   </trkpt>
   <trkpt lat="-26.1792260" lon="-51.1474870">
    <ele>788.0</ele>
   </trkpt>
   <trkpt lat="-26.1792050" lon="-51.1474800">
    <ele>788.4</ele>
   </trkpt>
   <trkpt lat="-26.1791860" lon="-51.1474750">
    <ele>788.6</ele>
   </trkpt>
   <trkpt lat="-26.1791650" lon="-51.1474690">
    <ele>788.6</ele>
   </trkpt>
   <trkpt lat="-26.1791460" lon="-51.1474600">
    <ele>788.8</ele>
   </trkpt>
   <trkpt lat="-26.1791260" lon="-51.1474530">
    <ele>789.2</ele>
   </trkpt>
   <trkpt lat="-26.1791040" lon="-51.1474490">
    <ele>789.4</ele>
   </trkpt>
   <trkpt lat="-26.1790840" lon="-51.1474450">
    <ele>789.4</ele>
   </trkpt>
   <trkpt lat="-26.1790580" lon="-51.1474390">
    <ele>789.6</ele>
   </trkpt>
   <trkpt lat="-26.1790290" lon="-51.1474320">
    <ele>789.8</ele>
   </trkpt>
   <trkpt lat="-26.1790050" lon="-51.1474220">
    <ele>790.0</ele>
   </trkpt>
   <trkpt lat="-26.1789830" lon="-51.1474160">
    <ele>790.2</ele>
   </trkpt>
   <trkpt lat="-26.1789690" lon="-51.1474070">
    <ele>790.4</ele>
   </trkpt>
   <trkpt lat="-26.1789510" lon="-51.1474000">
    <ele>790.6</ele>
   </trkpt>
   <trkpt lat="-26.1789290" lon="-51.1473940">
    <ele>790.8</ele>
   </trkpt>
   <trkpt lat="-26.1789070" lon="-51.1473840">
    <ele>790.8</ele>
   </trkpt>
   <trkpt lat="-26.1788860" lon="-51.1473730">
    <ele>791.0</ele>
   </trkpt>
   <trkpt lat="-26.1788640" lon="-51.1473630">
    <ele>791.2</ele>
   </trkpt>
   <trkpt lat="-26.1788410" lon="-51.1473540">
    <ele>791.4</ele>
   </trkpt>
   <trkpt lat="-26.1788170" lon="-51.1473440">
    <ele>791.6</ele>
   </trkpt>
   <trkpt lat="-26.1787930" lon="-51.1473350">
    <ele>791.6</ele>
   </trkpt>
   <trkpt lat="-26.1787720" lon="-51.1473260">
    <ele>791.8</ele>
   </trkpt>
   <trkpt lat="-26.1787480" lon="-51.1473170">
    <ele>792.2</ele>
   </trkpt>
   <trkpt lat="-26.1787230" lon="-51.1473050">
    <ele>792.4</ele>
   </trkpt>
   <trkpt lat="-26.1786980" lon="-51.1472950">
    <ele>792.4</ele>
   </trkpt>
   <trkpt lat="-26.1786740" lon="-51.1472870">
    <ele>792.6</ele>
   </trkpt>
   <trkpt lat="-26.1786510" lon="-51.1472760">
    <ele>792.8</ele>
   </trkpt>
   <trkpt lat="-26.1786320" lon="-51.1472660">
    <ele>793.0</ele>
   </trkpt>
   <trkpt lat="-26.1786110" lon="-51.1472560">
    <ele>793.2</ele>
   </trkpt>
   <trkpt lat="-26.1785920" lon="-51.1472480">
    <ele>793.2</ele>
   </trkpt>
   <trkpt lat="-26.1785700" lon="-51.1472400">
    <ele>793.4</ele>
   </trkpt>
   <trkpt lat="-26.1785490" lon="-51.1472330">
    <ele>793.6</ele>
   </trkpt>
   <trkpt lat="-26.1785270" lon="-51.1472220">
    <ele>793.6</ele>
   </trkpt>
   <trkpt lat="-26.1785050" lon="-51.1472110">
    <ele>793.8</ele>
   </trkpt>
   <trkpt lat="-26.1784830" lon="-51.1472030">
    <ele>793.8</ele>
   </trkpt>
   <trkpt lat="-26.1784610" lon="-51.1471980">
    <ele>794.0</ele>
   </trkpt>
   <trkpt lat="-26.1784380" lon="-51.1471890">
    <ele>794.2</ele>
   </trkpt>
   <trkpt lat="-26.1784140" lon="-51.1471790">
    <ele>794.4</ele>
   </trkpt>
   <trkpt lat="-26.1783910" lon="-51.1471730">
    <ele>794.6</ele>
   </trkpt>
   <trkpt lat="-26.1783670" lon="-51.1471620">
    <ele>794.6</ele>
   </trkpt>
   <trkpt lat="-26.1783420" lon="-51.1471500">
    <ele>794.8</ele>
   </trkpt>
   <trkpt lat="-26.1783160" lon="-51.1471370">
    <ele>795.0</ele>
   </trkpt>
   <trkpt lat="-26.1782910" lon="-51.1471240">
    <ele>795.2</ele>
   </trkpt>
   <trkpt lat="-26.1782660" lon="-51.1471060">
    <ele>795.4</ele>
   </trkpt>
   <trkpt lat="-26.1782420" lon="-51.1470900">
    <ele>795.4</ele>
   </trkpt>
   <trkpt lat="-26.1782160" lon="-51.1470760">
    <ele>795.6</ele>
   </trkpt>
   <trkpt lat="-26.1781900" lon="-51.1470660">
    <ele>795.8</ele>
   </trkpt>
   <trkpt lat="-26.1781670" lon="-51.1470600">
    <ele>796.0</ele>
   </trkpt>
   <trkpt lat="-26.1781400" lon="-51.1470520">
    <ele>796.2</ele>
   </trkpt>
   <trkpt lat="-26.1781100" lon="-51.1470440">
    <ele>796.4</ele>
   </trkpt>
   <trkpt lat="-26.1780820" lon="-51.1470370">
    <ele>796.4</ele>
   </trkpt>
   <trkpt lat="-26.1780610" lon="-51.1470290">
    <ele>796.6</ele>
   </trkpt>
   <trkpt lat="-26.1780350" lon="-51.1470170">
    <ele>796.6</ele>
   </trkpt>
   <trkpt lat="-26.1780080" lon="-51.1470040">
    <ele>796.8</ele>
   </trkpt>
   <trkpt lat="-26.1779800" lon="-51.1469920">
    <ele>797.0</ele>
   </trkpt>
   <trkpt lat="-26.1779520" lon="-51.1469800">
    <ele>797.0</ele>
   </trkpt>
   <trkpt lat="-26.1779230" lon="-51.1469690">
    <ele>797.2</ele>
   </trkpt>
   <trkpt lat="-26.1778930" lon="-51.1469580">
    <ele>797.2</ele>
   </trkpt>
   <trkpt lat="-26.1778630" lon="-51.1469430">
    <ele>797.2</ele>
   </trkpt>
   <trkpt lat="-26.1778340" lon="-51.1469280">
    <ele>797.2</ele>
   </trkpt>
   <trkpt lat="-26.1778040" lon="-51.1469120">
    <ele>797.4</ele>
   </trkpt>
   <trkpt lat="-26.1777740" lon="-51.1468970">
    <ele>797.4</ele>
   </trkpt>
   <trkpt lat="-26.1777420" lon="-51.1468840">
    <ele>797.4</ele>
   </trkpt>
   <trkpt lat="-26.1777140" lon="-51.1468710">
    <ele>797.4</ele>
   </trkpt>
   <trkpt lat="-26.1776850" lon="-51.1468550">
    <ele>797.4</ele>
   </trkpt>
   <trkpt lat="-26.1776540" lon="-51.1468390">
    <ele>797.6</ele>
   </trkpt>
   <trkpt lat="-26.1776220" lon="-51.1468250">
    <ele>797.6</ele>
   </trkpt>
   <trkpt lat="-26.1775860" lon="-51.1468090">
    <ele>797.6</ele>
   </trkpt>
   <trkpt lat="-26.1775510" lon="-51.1467950">
    <ele>797.6</ele>
   </trkpt>
   <trkpt lat="-26.1775190" lon="-51.1467800">
    <ele>797.6</ele>
   </trkpt>
   <trkpt lat="-26.1774890" lon="-51.1467620">
    <ele>797.6</ele>
   </trkpt>
   <trkpt lat="-26.1774590" lon="-51.1467510">
    <ele>797.6</ele>
   </trkpt>
   <trkpt lat="-26.1773330" lon="-51.1467000">
    <ele>797.4</ele>
   </trkpt>
   <trkpt lat="-26.1772990" lon="-51.1466880">
    <ele>797.4</ele>
   </trkpt>
   <trkpt lat="-26.1771490" lon="-51.1466260">
    <ele>796.8</ele>
   </trkpt>
   <trkpt lat="-26.1769760" lon="-51.1465360">
    <ele>796.2</ele>
   </trkpt>
   <trkpt lat="-26.1768790" lon="-51.1464910">
    <ele>796.2</ele>
   </trkpt>
   <trkpt lat="-26.1767180" lon="-51.1464080">
    <ele>796.0</ele>
   </trkpt>
   <trkpt lat="-26.1766140" lon="-51.1463450">
    <ele>794.6</ele>
   </trkpt>
   <trkpt lat="-26.1764800" lon="-51.1462690">
    <ele>793.4</ele>
   </trkpt>
   <trkpt lat="-26.1763380" lon="-51.1462050">
    <ele>792.2</ele>
   </trkpt>
   <trkpt lat="-26.1762620" lon="-51.1461660">
    <ele>791.6</ele>
   </trkpt>
   <trkpt lat="-26.1761840" lon="-51.1461280">
    <ele>791.2</ele>
   </trkpt>
   <trkpt lat="-26.1758600" lon="-51.1459380">
    <ele>793.0</ele>
   </trkpt>
   <trkpt lat="-26.1757920" lon="-51.1459020">
    <ele>793.2</ele>
   </trkpt>
   <trkpt lat="-26.1756050" lon="-51.1458080">
    <ele>793.2</ele>
   </trkpt>
   <trkpt lat="-26.1752980" lon="-51.1456570">
    <ele>792.8</ele>
   </trkpt>
   <trkpt lat="-26.1752110" lon="-51.1456130">
    <ele>792.2</ele>
   </trkpt>
   <trkpt lat="-26.1751410" lon="-51.1455780">
    <ele>791.8</ele>
   </trkpt>
   <trkpt lat="-26.1750700" lon="-51.1455470">
    <ele>791.6</ele>
   </trkpt>
   <trkpt lat="-26.1749960" lon="-51.1455150">
    <ele>791.4</ele>
   </trkpt>
   <trkpt lat="-26.1749290" lon="-51.1454830">
    <ele>791.4</ele>
   </trkpt>
   <trkpt lat="-26.1747410" lon="-51.1453850">
    <ele>791.4</ele>
   </trkpt>
   <trkpt lat="-26.1746810" lon="-51.1453590">
    <ele>791.6</ele>
   </trkpt>
   <trkpt lat="-26.1746210" lon="-51.1453330">
    <ele>792.0</ele>
   </trkpt>
   <trkpt lat="-26.1745640" lon="-51.1453060">
    <ele>792.0</ele>
   </trkpt>
   <trkpt lat="-26.1745080" lon="-51.1452810">
    <ele>792.2</ele>
   </trkpt>
   <trkpt lat="-26.1744590" lon="-51.1452550">
    <ele>792.2</ele>
   </trkpt>
   <trkpt lat="-26.1744080" lon="-51.1452300">
    <ele>792.2</ele>
   </trkpt>
   <trkpt lat="-26.1742490" lon="-51.1451390">
    <ele>792.8</ele>
   </trkpt>
   <trkpt lat="-26.1741980" lon="-51.1451120">
    <ele>793.0</ele>
   </trkpt>
   <trkpt lat="-26.1741440" lon="-51.1450870">
    <ele>793.0</ele>
   </trkpt>
   <trkpt lat="-26.1740940" lon="-51.1450640">
    <ele>793.4</ele>
   </trkpt>
   <trkpt lat="-26.1740510" lon="-51.1450410">
    <ele>793.4</ele>
   </trkpt>
   <trkpt lat="-26.1740040" lon="-51.1450170">
    <ele>793.4</ele>
   </trkpt>
   <trkpt lat="-26.1739530" lon="-51.1449940">
    <ele>793.4</ele>
   </trkpt>
   <trkpt lat="-26.1739040" lon="-51.1449730">
    <ele>793.6</ele>
   </trkpt>
   <trkpt lat="-26.1738570" lon="-51.1449480">
    <ele>793.6</ele>
   </trkpt>
   <trkpt lat="-26.1738100" lon="-51.1449220">
    <ele>793.8</ele>
   </trkpt>
   <trkpt lat="-26.1737630" lon="-51.1448980">
    <ele>793.8</ele>
   </trkpt>
   <trkpt lat="-26.1737150" lon="-51.1448750">
    <ele>793.8</ele>
   </trkpt>
   <trkpt lat="-26.1736670" lon="-51.1448500">
    <ele>793.8</ele>
   </trkpt>
   <trkpt lat="-26.1734790" lon="-51.1447650">
    <ele>793.6</ele>
   </trkpt>
   <trkpt lat="-26.1734430" lon="-51.1447460">
    <ele>793.6</ele>
   </trkpt>
   <trkpt lat="-26.1733990" lon="-51.1447280">
    <ele>793.6</ele>
   </trkpt>
   <trkpt lat="-26.1733560" lon="-51.1447130">
    <ele>793.4</ele>
   </trkpt>
   <trkpt lat="-26.1733100" lon="-51.1446930">
    <ele>793.4</ele>
   </trkpt>
   <trkpt lat="-26.1732660" lon="-51.1446730">
    <ele>793.2</ele>
   </trkpt>
   <trkpt lat="-26.1732230" lon="-51.1446510">
    <ele>793.0</ele>
   </trkpt>
   <trkpt lat="-26.1731780" lon="-51.1446310">
    <ele>792.8</ele>
   </trkpt>
   <trkpt lat="-26.1730880" lon="-51.1445940">
    <ele>792.6</ele>
   </trkpt>
   <trkpt lat="-26.1728510" lon="-51.1444700">
    <ele>792.2</ele>
   </trkpt>
   <trkpt lat="-26.1728030" lon="-51.1444390">
    <ele>791.2</ele>
   </trkpt>
   <trkpt lat="-26.1727520" lon="-51.1444100">
    <ele>790.4</ele>
   </trkpt>
   <trkpt lat="-26.1724290" lon="-51.1442190">
    <ele>790.6</ele>
   </trkpt>
   <trkpt lat="-26.1723120" lon="-51.1441450">
    <ele>790.4</ele>
   </trkpt>
   <trkpt lat="-26.1722010" lon="-51.1440590">
    <ele>790.4</ele>
   </trkpt>
   <trkpt lat="-26.1720950" lon="-51.1439680">
    <ele>790.4</ele>
   </trkpt>
   <trkpt lat="-26.1719510" lon="-51.1437940">
    <ele>790.0</ele>
   </trkpt>
   <trkpt lat="-26.1718760" lon="-51.1436570">
    <ele>790.0</ele>
   </trkpt>
   <trkpt lat="-26.1718760" lon="-51.1436570">
    <ele>789.8</ele>
   </trkpt>
   <trkpt lat="-26.1717660" lon="-51.1433570">
    <ele>788.8</ele>
   </trkpt>
   <trkpt lat="-26.1717510" lon="-51.1432800">
    <ele>788.6</ele>
   </trkpt>
   <trkpt lat="-26.1717180" lon="-51.1430420">
    <ele>788.0</ele>
   </trkpt>
   <trkpt lat="-26.1717060" lon="-51.1429600">
    <ele>787.8</ele>
   </trkpt>
   <trkpt lat="-26.1716660" lon="-51.1427050">
    <ele>787.2</ele>
   </trkpt>
   <trkpt lat="-26.1716500" lon="-51.1425320">
    <ele>786.6</ele>
   </trkpt>
   <trkpt lat="-26.1716140" lon="-51.1422660">
    <ele>785.6</ele>
   </trkpt>
   <trkpt lat="-26.1715900" lon="-51.1420920">
    <ele>784.8</ele>
   </trkpt>
   <trkpt lat="-26.1715610" lon="-51.1419090">
    <ele>784.4</ele>
   </trkpt>
   <trkpt lat="-26.1715080" lon="-51.1415270">
    <ele>783.2</ele>
   </trkpt>
   <trkpt lat="-26.1714590" lon="-51.1412350">
    <ele>782.8</ele>
   </trkpt>
   <trkpt lat="-26.1714440" lon="-51.1409360">
    <ele>781.8</ele>
   </trkpt>
   <trkpt lat="-26.1714010" lon="-51.1406500">
    <ele>780.8</ele>
   </trkpt>
   <trkpt lat="-26.1713620" lon="-51.1404610">
    <ele>779.6</ele>
   </trkpt>
   <trkpt lat="-26.1713460" lon="-51.1403650">
    <ele>779.6</ele>
   </trkpt>
   <trkpt lat="-26.1712210" lon="-51.1400010">
    <ele>778.6</ele>
   </trkpt>
   <trkpt lat="-26.1711770" lon="-51.1399150">
    <ele>778.2</ele>
   </trkpt>
   <trkpt lat="-26.1710790" lon="-51.1397460">
    <ele>776.2</ele>
   </trkpt>
   <trkpt lat="-26.1709790" lon="-51.1395760">
    <ele>775.0</ele>
   </trkpt>
   <trkpt lat="-26.1709390" lon="-51.1395090">
    <ele>773.8</ele>
   </trkpt>
   <trkpt lat="-26.1708290" lon="-51.1393440">
    <ele>773.2</ele>
   </trkpt>
   <trkpt lat="-26.1707190" lon="-51.1391690">
    <ele>772.4</ele>
   </trkpt>
   <trkpt lat="-26.1705490" lon="-51.1389020">
    <ele>771.4</ele>
   </trkpt>
   <trkpt lat="-26.1703580" lon="-51.1386180">
    <ele>770.0</ele>
   </trkpt>
   <trkpt lat="-26.1701370" lon="-51.1382490">
    <ele>768.2</ele>
   </trkpt>
   <trkpt lat="-26.1697950" lon="-51.1377220">
    <ele>767.4</ele>
   </trkpt>
   <trkpt lat="-26.1697420" lon="-51.1376390">
    <ele>767.4</ele>
   </trkpt>
   <trkpt lat="-26.1697010" lon="-51.1375720">
    <ele>767.2</ele>
   </trkpt>
   <trkpt lat="-26.1696400" lon="-51.1374760">
    <ele>767.2</ele>
   </trkpt>
   <trkpt lat="-26.1695910" lon="-51.1373980">
    <ele>766.8</ele>
   </trkpt>
   <trkpt lat="-26.1695410" lon="-51.1373220">
    <ele>766.6</ele>
   </trkpt>
   <trkpt lat="-26.1694920" lon="-51.1372480">
    <ele>766.4</ele>
   </trkpt>
   <trkpt lat="-26.1694520" lon="-51.1371890">
    <ele>766.4</ele>
   </trkpt>
   <trkpt lat="-26.1693070" lon="-51.1369610">
    <ele>766.2</ele>
   </trkpt>
   <trkpt lat="-26.1692640" lon="-51.1368910">
    <ele>766.2</ele>
   </trkpt>
   <trkpt lat="-26.1692200" lon="-51.1368240">
    <ele>766.2</ele>
   </trkpt>
   <trkpt lat="-26.1691860" lon="-51.1367710">
    <ele>766.2</ele>
   </trkpt>
   <trkpt lat="-26.1691450" lon="-51.1367010">
    <ele>766.0</ele>
   </trkpt>
   <trkpt lat="-26.1690940" lon="-51.1366230">
    <ele>765.6</ele>
   </trkpt>
   <trkpt lat="-26.1690530" lon="-51.1365580">
    <ele>765.6</ele>
   </trkpt>
   <trkpt lat="-26.1690120" lon="-51.1364950">
    <ele>765.2</ele>
   </trkpt>
   <trkpt lat="-26.1689730" lon="-51.1364320">
    <ele>765.0</ele>
   </trkpt>
   <trkpt lat="-26.1689340" lon="-51.1363690">
    <ele>765.0</ele>
   </trkpt>
   <trkpt lat="-26.1688910" lon="-51.1363100">
    <ele>765.0</ele>
   </trkpt>
   <trkpt lat="-26.1688490" lon="-51.1362500">
    <ele>765.0</ele>
   </trkpt>
   <trkpt lat="-26.1688080" lon="-51.1361900">
    <ele>765.0</ele>
   </trkpt>
   <trkpt lat="-26.1687690" lon="-51.1361290">
    <ele>765.0</ele>
   </trkpt>
   <trkpt lat="-26.1687300" lon="-51.1360670">
    <ele>765.0</ele>
   </trkpt>
   <trkpt lat="-26.1684190" lon="-51.1355520">
    <ele>765.0</ele>
   </trkpt>
   <trkpt lat="-26.1681410" lon="-51.1351230">
    <ele>765.0</ele>
   </trkpt>
   <trkpt lat="-26.1680340" lon="-51.1349450">
    <ele>764.8</ele>
   </trkpt>
   <trkpt lat="-26.1677950" lon="-51.1345670">
    <ele>764.8</ele>
   </trkpt>
   <trkpt lat="-26.1675860" lon="-51.1342310">
    <ele>765.0</ele>
   </trkpt>
   <trkpt lat="-26.1672580" lon="-51.1337370">
    <ele>764.8</ele>
   </trkpt>
   <trkpt lat="-26.1672160" lon="-51.1336710">
    <ele>764.8</ele>
   </trkpt>
   <trkpt lat="-26.1668790" lon="-51.1331400">
    <ele>764.2</ele>
   </trkpt>
   <trkpt lat="-26.1667980" lon="-51.1330040">
    <ele>764.0</ele>
   </trkpt>
   <trkpt lat="-26.1667560" lon="-51.1329370">
    <ele>763.8</ele>
   </trkpt>
   <trkpt lat="-26.1665910" lon="-51.1326760">
    <ele>762.4</ele>
   </trkpt>
   <trkpt lat="-26.1664680" lon="-51.1324680">
    <ele>762.4</ele>
   </trkpt>
   <trkpt lat="-26.1661450" lon="-51.1319290">
    <ele>762.6</ele>
   </trkpt>
   <trkpt lat="-26.1660570" lon="-51.1318070">
    <ele>762.6</ele>
   </trkpt>
   <trkpt lat="-26.1660140" lon="-51.1317490">
    <ele>762.8</ele>
   </trkpt>
   <trkpt lat="-26.1659710" lon="-51.1316930">
    <ele>762.8</ele>
   </trkpt>
   <trkpt lat="-26.1659260" lon="-51.1316360">
    <ele>762.8</ele>
   </trkpt>
   <trkpt lat="-26.1658780" lon="-51.1315810">
    <ele>762.8</ele>
   </trkpt>
   <trkpt lat="-26.1658280" lon="-51.1315300">
    <ele>762.6</ele>
   </trkpt>
   <trkpt lat="-26.1657750" lon="-51.1314790">
    <ele>762.6</ele>
   </trkpt>
   <trkpt lat="-26.1657190" lon="-51.1314320">
    <ele>762.6</ele>
   </trkpt>
   <trkpt lat="-26.1656530" lon="-51.1313750">
    <ele>762.6</ele>
   </trkpt>
   <trkpt lat="-26.1652090" lon="-51.1310200">
    <ele>762.2</ele>
   </trkpt>
   <trkpt lat="-26.1649740" lon="-51.1308410">
    <ele>762.2</ele>
   </trkpt>
   <trkpt lat="-26.1648680" lon="-51.1307560">
    <ele>762.2</ele>
   </trkpt>
   <trkpt lat="-26.1648150" lon="-51.1307150">
    <ele>762.0</ele>
   </trkpt>
   <trkpt lat="-26.1647650" lon="-51.1306730">
    <ele>762.0</ele>
   </trkpt>
   <trkpt lat="-26.1647160" lon="-51.1306280">
    <ele>762.0</ele>
   </trkpt>
   <trkpt lat="-26.1646690" lon="-51.1305840">
    <ele>762.0</ele>
   </trkpt>
   <trkpt lat="-26.1646230" lon="-51.1305400">
    <ele>762.0</ele>
   </trkpt>
   <trkpt lat="-26.1645750" lon="-51.1304990">
    <ele>762.0</ele>
   </trkpt>
   <trkpt lat="-26.1645280" lon="-51.1304570">
    <ele>762.2</ele>
   </trkpt>
   <trkpt lat="-26.1644820" lon="-51.1304170">
    <ele>762.2</ele>
   </trkpt>
   <trkpt lat="-26.1644380" lon="-51.1303750">
    <ele>762.2</ele>
   </trkpt>
   <trkpt lat="-26.1643950" lon="-51.1303340">
    <ele>762.2</ele>
   </trkpt>
   <trkpt lat="-26.1643530" lon="-51.1302920">
    <ele>762.2</ele>
   </trkpt>
   <trkpt lat="-26.1643130" lon="-51.1302570">
    <ele>762.0</ele>
   </trkpt>
   <trkpt lat="-26.1642740" lon="-51.1302180">
    <ele>762.0</ele>
   </trkpt>
   <trkpt lat="-26.1642380" lon="-51.1301750">
    <ele>761.8</ele>
   </trkpt>
   <trkpt lat="-26.1642040" lon="-51.1301300">
    <ele>761.8</ele>
   </trkpt>
   <trkpt lat="-26.1641720" lon="-51.1300870">
    <ele>761.8</ele>
   </trkpt>
   <trkpt lat="-26.1641450" lon="-51.1300550">
    <ele>761.8</ele>
   </trkpt>
   <trkpt lat="-26.1641110" lon="-51.1300140">
    <ele>762.0</ele>
   </trkpt>
   <trkpt lat="-26.1640740" lon="-51.1299650">
    <ele>762.2</ele>
   </trkpt>
   <trkpt lat="-26.1640500" lon="-51.1299310">
    <ele>762.6</ele>
   </trkpt>
   <trkpt lat="-26.1640210" lon="-51.1298900">
    <ele>762.8</ele>
   </trkpt>
   <trkpt lat="-26.1639840" lon="-51.1298440">
    <ele>763.0</ele>
   </trkpt>
   <trkpt lat="-26.1639540" lon="-51.1298050">
    <ele>763.2</ele>
   </trkpt>
   <trkpt lat="-26.1639330" lon="-51.1297750">
    <ele>763.4</ele>
   </trkpt>
   <trkpt lat="-26.1639000" lon="-51.1297300">
    <ele>763.4</ele>
   </trkpt>
   <trkpt lat="-26.1638760" lon="-51.1296930">
    <ele>763.8</ele>
   </trkpt>
   <trkpt lat="-26.1638550" lon="-51.1296590">
    <ele>764.0</ele>
   </trkpt>
   <trkpt lat="-26.1638360" lon="-51.1296260">
    <ele>764.4</ele>
   </trkpt>
   <trkpt lat="-26.1638170" lon="-51.1295930">
    <ele>764.6</ele>
   </trkpt>
   <trkpt lat="-26.1638000" lon="-51.1295620">
    <ele>764.8</ele>
   </trkpt>
   <trkpt lat="-26.1637820" lon="-51.1295330">
    <ele>765.0</ele>
   </trkpt>
   <trkpt lat="-26.1637650" lon="-51.1295090">
    <ele>765.4</ele>
   </trkpt>
   <trkpt lat="-26.1637430" lon="-51.1294860">
    <ele>765.4</ele>
   </trkpt>
   <trkpt lat="-26.1637250" lon="-51.1294640">
    <ele>765.6</ele>
   </trkpt>
   <trkpt lat="-26.1637090" lon="-51.1294360">
    <ele>765.8</ele>
   </trkpt>
   <trkpt lat="-26.1636940" lon="-51.1294150">
    <ele>765.8</ele>
   </trkpt>
   <trkpt lat="-26.1636750" lon="-51.1293810">
    <ele>766.4</ele>
   </trkpt>
   <trkpt lat="-26.1636610" lon="-51.1293520">
    <ele>766.6</ele>
   </trkpt>
   <trkpt lat="-26.1636450" lon="-51.1293270">
    <ele>766.8</ele>
   </trkpt>
   <trkpt lat="-26.1636290" lon="-51.1293020">
    <ele>767.0</ele>
   </trkpt>
   <trkpt lat="-26.1636150" lon="-51.1292760">
    <ele>767.0</ele>
   </trkpt>
   <trkpt lat="-26.1636020" lon="-51.1292510">
    <ele>767.2</ele>
   </trkpt>
   <trkpt lat="-26.1635890" lon="-51.1292260">
    <ele>767.6</ele>
   </trkpt>
   <trkpt lat="-26.1635780" lon="-51.1292070">
    <ele>767.6</ele>
   </trkpt>
   <trkpt lat="-26.1635620" lon="-51.1291820">
    <ele>768.0</ele>
   </trkpt>
   <trkpt lat="-26.1635550" lon="-51.1291680">
    <ele>768.4</ele>
   </trkpt>
   <trkpt lat="-26.1635480" lon="-51.1291540">
    <ele>768.6</ele>
   </trkpt>
   <trkpt lat="-26.1635410" lon="-51.1291410">
    <ele>768.6</ele>
   </trkpt>
   <trkpt lat="-26.1635320" lon="-51.1291240">
    <ele>768.8</ele>
   </trkpt>
   <trkpt lat="-26.1635200" lon="-51.1291020">
    <ele>769.0</ele>
   </trkpt>
   <trkpt lat="-26.1635080" lon="-51.1290840">
    <ele>769.0</ele>
   </trkpt>
   <trkpt lat="-26.1634980" lon="-51.1290640">
    <ele>769.0</ele>
   </trkpt>
   <trkpt lat="-26.1634840" lon="-51.1290470">
    <ele>769.4</ele>
   </trkpt>
   <trkpt lat="-26.1634720" lon="-51.1290280">
    <ele>769.4</ele>
   </trkpt>
   <trkpt lat="-26.1634630" lon="-51.1290070">
    <ele>769.6</ele>
   </trkpt>
   <trkpt lat="-26.1634520" lon="-51.1289870">
    <ele>770.0</ele>
   </trkpt>
   <trkpt lat="-26.1634400" lon="-51.1289660">
    <ele>770.2</ele>
   </trkpt>
   <trkpt lat="-26.1634290" lon="-51.1289440">
    <ele>770.2</ele>
   </trkpt>
   <trkpt lat="-26.1634170" lon="-51.1289240">
    <ele>770.4</ele>
   </trkpt>
   <trkpt lat="-26.1634080" lon="-51.1289070">
    <ele>770.6</ele>
   </trkpt>
   <trkpt lat="-26.1633920" lon="-51.1288830">
    <ele>771.2</ele>
   </trkpt>
   <trkpt lat="-26.1633750" lon="-51.1288640">
    <ele>771.6</ele>
   </trkpt>
   <trkpt lat="-26.1633590" lon="-51.1288430">
    <ele>771.8</ele>
   </trkpt>
   <trkpt lat="-26.1633450" lon="-51.1288220">
    <ele>771.8</ele>
   </trkpt>
   <trkpt lat="-26.1633300" lon="-51.1288020">
    <ele>772.0</ele>
   </trkpt>
   <trkpt lat="-26.1633190" lon="-51.1287760">
    <ele>772.4</ele>
   </trkpt>
   <trkpt lat="-26.1633140" lon="-51.1287590">
    <ele>772.6</ele>
   </trkpt>
   <trkpt lat="-26.1633030" lon="-51.1287400">
    <ele>772.6</ele>
   </trkpt>
   <trkpt lat="-26.1632900" lon="-51.1287210">
    <ele>772.6</ele>
   </trkpt>
   <trkpt lat="-26.1632800" lon="-51.1287050">
    <ele>772.8</ele>
   </trkpt>
   <trkpt lat="-26.1632670" lon="-51.1286840">
    <ele>773.2</ele>
   </trkpt>
   <trkpt lat="-26.1632540" lon="-51.1286630">
    <ele>773.2</ele>
   </trkpt>
   <trkpt lat="-26.1632410" lon="-51.1286400">
    <ele>773.6</ele>
   </trkpt>
   <trkpt lat="-26.1632280" lon="-51.1286220">
    <ele>773.8</ele>
   </trkpt>
   <trkpt lat="-26.1632160" lon="-51.1286020">
    <ele>774.0</ele>
   </trkpt>
   <trkpt lat="-26.1632060" lon="-51.1285800">
    <ele>774.2</ele>
   </trkpt>
   <trkpt lat="-26.1631960" lon="-51.1285590">
    <ele>774.4</ele>
   </trkpt>
   <trkpt lat="-26.1631860" lon="-51.1285400">
    <ele>774.6</ele>
   </trkpt>
   <trkpt lat="-26.1631760" lon="-51.1285180">
    <ele>774.8</ele>
   </trkpt>
   <trkpt lat="-26.1631660" lon="-51.1285000">
    <ele>774.8</ele>
   </trkpt>
   <trkpt lat="-26.1631510" lon="-51.1284760">
    <ele>775.0</ele>
   </trkpt>
   <trkpt lat="-26.1631340" lon="-51.1284580">
    <ele>775.2</ele>
   </trkpt>
   <trkpt lat="-26.1631170" lon="-51.1284380">
    <ele>775.4</ele>
   </trkpt>
   <trkpt lat="-26.1631060" lon="-51.1284150">
    <ele>775.6</ele>
   </trkpt>
   <trkpt lat="-26.1630920" lon="-51.1283940">
    <ele>775.8</ele>
   </trkpt>
   <trkpt lat="-26.1630770" lon="-51.1283710">
    <ele>776.2</ele>
   </trkpt>
   <trkpt lat="-26.1630640" lon="-51.1283500">
    <ele>776.2</ele>
   </trkpt>
   <trkpt lat="-26.1630530" lon="-51.1283290">
    <ele>776.4</ele>
   </trkpt>
   <trkpt lat="-26.1630400" lon="-51.1283070">
    <ele>776.6</ele>
   </trkpt>
   <trkpt lat="-26.1630340" lon="-51.1282900">
    <ele>776.8</ele>
   </trkpt>
   <trkpt lat="-26.1630220" lon="-51.1282640">
    <ele>776.8</ele>
   </trkpt>
   <trkpt lat="-26.1630120" lon="-51.1282430">
    <ele>777.0</ele>
   </trkpt>
   <trkpt lat="-26.1629990" lon="-51.1282230">
    <ele>777.0</ele>
   </trkpt>
   <trkpt lat="-26.1629880" lon="-51.1282010">
    <ele>777.4</ele>
   </trkpt>
   <trkpt lat="-26.1629770" lon="-51.1281820">
    <ele>777.6</ele>
   </trkpt>
   <trkpt lat="-26.1629650" lon="-51.1281640">
    <ele>777.8</ele>
   </trkpt>
   <trkpt lat="-26.1629540" lon="-51.1281500">
    <ele>778.0</ele>
   </trkpt>
   <trkpt lat="-26.1629370" lon="-51.1281250">
    <ele>778.2</ele>
   </trkpt>
   <trkpt lat="-26.1629230" lon="-51.1281020">
    <ele>778.4</ele>
   </trkpt>
   <trkpt lat="-26.1629130" lon="-51.1280770">
    <ele>778.6</ele>
   </trkpt>
   <trkpt lat="-26.1629040" lon="-51.1280500">
    <ele>778.8</ele>
   </trkpt>
   <trkpt lat="-26.1628880" lon="-51.1280250">
    <ele>779.0</ele>
   </trkpt>
   <trkpt lat="-26.1628720" lon="-51.1279990">
    <ele>779.6</ele>
   </trkpt>
   <trkpt lat="-26.1628560" lon="-51.1279720">
    <ele>779.6</ele>
   </trkpt>
   <trkpt lat="-26.1628410" lon="-51.1279450">
    <ele>779.8</ele>
   </trkpt>
   <trkpt lat="-26.1628280" lon="-51.1279210">
    <ele>780.0</ele>
   </trkpt>
   <trkpt lat="-26.1628140" lon="-51.1278940">
    <ele>780.4</ele>
   </trkpt>
   <trkpt lat="-26.1628000" lon="-51.1278710">
    <ele>780.4</ele>
   </trkpt>
   <trkpt lat="-26.1627880" lon="-51.1278450">
    <ele>780.8</ele>
   </trkpt>
   <trkpt lat="-26.1627700" lon="-51.1278190">
    <ele>781.0</ele>
   </trkpt>
   <trkpt lat="-26.1627500" lon="-51.1277960">
    <ele>781.2</ele>
   </trkpt>
   <trkpt lat="-26.1627280" lon="-51.1277600">
    <ele>781.6</ele>
   </trkpt>
   <trkpt lat="-26.1627110" lon="-51.1277280">
    <ele>781.8</ele>
   </trkpt>
   <trkpt lat="-26.1626900" lon="-51.1277000">
    <ele>781.8</ele>
   </trkpt>
   <trkpt lat="-26.1626700" lon="-51.1276680">
    <ele>782.0</ele>
   </trkpt>
   <trkpt lat="-26.1626490" lon="-51.1276420">
    <ele>782.0</ele>
   </trkpt>
   <trkpt lat="-26.1626200" lon="-51.1276080">
    <ele>782.6</ele>
   </trkpt>
   <trkpt lat="-26.1625980" lon="-51.1275810">
    <ele>783.2</ele>
   </trkpt>
   <trkpt lat="-26.1625830" lon="-51.1275500">
    <ele>783.4</ele>
   </trkpt>
   <trkpt lat="-26.1625670" lon="-51.1275210">
    <ele>783.4</ele>
   </trkpt>
   <trkpt lat="-26.1625520" lon="-51.1274910">
    <ele>783.6</ele>
   </trkpt>
   <trkpt lat="-26.1625380" lon="-51.1274610">
    <ele>783.8</ele>
   </trkpt>
   <trkpt lat="-26.1625160" lon="-51.1274320">
    <ele>783.8</ele>
   </trkpt>
   <trkpt lat="-26.1624960" lon="-51.1274050">
    <ele>784.0</ele>
   </trkpt>
   <trkpt lat="-26.1624750" lon="-51.1273780">
    <ele>784.4</ele>
   </trkpt>
   <trkpt lat="-26.1624560" lon="-51.1273460">
    <ele>784.6</ele>
   </trkpt>
   <trkpt lat="-26.1624370" lon="-51.1273160">
    <ele>784.8</ele>
   </trkpt>
   <trkpt lat="-26.1624200" lon="-51.1272890">
    <ele>784.8</ele>
   </trkpt>
   <trkpt lat="-26.1624040" lon="-51.1272640">
    <ele>784.8</ele>
   </trkpt>
   <trkpt lat="-26.1623820" lon="-51.1272350">
    <ele>785.0</ele>
   </trkpt>
   <trkpt lat="-26.1623600" lon="-51.1272040">
    <ele>785.2</ele>
   </trkpt>
   <trkpt lat="-26.1623400" lon="-51.1271730">
    <ele>785.4</ele>
   </trkpt>
   <trkpt lat="-26.1623200" lon="-51.1271420">
    <ele>785.6</ele>
   </trkpt>
   <trkpt lat="-26.1623010" lon="-51.1271120">
    <ele>786.0</ele>
   </trkpt>
   <trkpt lat="-26.1622830" lon="-51.1270800">
    <ele>786.2</ele>
   </trkpt>
   <trkpt lat="-26.1622610" lon="-51.1270500">
    <ele>786.2</ele>
   </trkpt>
   <trkpt lat="-26.1622420" lon="-51.1270190">
    <ele>786.4</ele>
   </trkpt>
   <trkpt lat="-26.1622260" lon="-51.1269940">
    <ele>786.4</ele>
   </trkpt>
   <trkpt lat="-26.1621990" lon="-51.1269570">
    <ele>786.4</ele>
   </trkpt>
   <trkpt lat="-26.1621760" lon="-51.1269300">
    <ele>786.6</ele>
   </trkpt>
   <trkpt lat="-26.1621490" lon="-51.1269030">
    <ele>786.6</ele>
   </trkpt>
   <trkpt lat="-26.1621240" lon="-51.1268720">
    <ele>786.8</ele>
   </trkpt>
   <trkpt lat="-26.1620980" lon="-51.1268430">
    <ele>786.8</ele>
   </trkpt>
   <trkpt lat="-26.1620710" lon="-51.1268150">
    <ele>787.0</ele>
   </trkpt>
   <trkpt lat="-26.1620430" lon="-51.1267860">
    <ele>787.0</ele>
   </trkpt>
   <trkpt lat="-26.1620140" lon="-51.1267580">
    <ele>787.0</ele>
   </trkpt>
   <trkpt lat="-26.1619810" lon="-51.1267300">
    <ele>787.2</ele>
   </trkpt>
   <trkpt lat="-26.1619480" lon="-51.1267030">
    <ele>787.2</ele>
   </trkpt>
   <trkpt lat="-26.1619160" lon="-51.1266800">
    <ele>787.2</ele>
   </trkpt>
   <trkpt lat="-26.1618810" lon="-51.1266580">
    <ele>787.4</ele>
   </trkpt>
   <trkpt lat="-26.1618450" lon="-51.1266340">
    <ele>787.4</ele>
   </trkpt>
   <trkpt lat="-26.1618080" lon="-51.1266110">
    <ele>787.6</ele>
   </trkpt>
   <trkpt lat="-26.1617690" lon="-51.1265880">
    <ele>787.6</ele>
   </trkpt>
   <trkpt lat="-26.1617320" lon="-51.1265660">
    <ele>787.6</ele>
   </trkpt>
   <trkpt lat="-26.1616920" lon="-51.1265450">
    <ele>787.6</ele>
   </trkpt>
   <trkpt lat="-26.1616510" lon="-51.1265250">
    <ele>787.4</ele>
   </trkpt>
   <trkpt lat="-26.1616080" lon="-51.1265080">
    <ele>787.4</ele>
   </trkpt>
   <trkpt lat="-26.1615650" lon="-51.1264910">
    <ele>787.4</ele>
   </trkpt>
   <trkpt lat="-26.1615170" lon="-51.1264730">
    <ele>787.2</ele>
   </trkpt>
   <trkpt lat="-26.1614730" lon="-51.1264550">
    <ele>787.2</ele>
   </trkpt>
   <trkpt lat="-26.1613510" lon="-51.1264080">
    <ele>787.4</ele>
   </trkpt>
   <trkpt lat="-26.1612670" lon="-51.1263760">
    <ele>787.8</ele>
   </trkpt>
   <trkpt lat="-26.1611860" lon="-51.1263440">
    <ele>788.0</ele>
   </trkpt>
   <trkpt lat="-26.1609310" lon="-51.1262480">
    <ele>787.8</ele>
   </trkpt>
   <trkpt lat="-26.1608470" lon="-51.1262080">
    <ele>786.4</ele>
   </trkpt>
   <trkpt lat="-26.1605250" lon="-51.1260780">
    <ele>785.4</ele>
   </trkpt>
   <trkpt lat="-26.1602520" lon="-51.1259730">
    <ele>785.0</ele>
   </trkpt>
   <trkpt lat="-26.1600890" lon="-51.1259170">
    <ele>784.6</ele>
   </trkpt>
   <trkpt lat="-26.1599510" lon="-51.1258620">
    <ele>784.0</ele>
   </trkpt>
   <trkpt lat="-26.1598130" lon="-51.1258110">
    <ele>784.0</ele>
   </trkpt>
   <trkpt lat="-26.1597410" lon="-51.1257850">
    <ele>783.8</ele>
   </trkpt>
   <trkpt lat="-26.1595870" lon="-51.1257290">
    <ele>783.6</ele>
   </trkpt>
   <trkpt lat="-26.1593680" lon="-51.1256420">
    <ele>782.0</ele>
   </trkpt>
   <trkpt lat="-26.1592650" lon="-51.1256030">
    <ele>780.4</ele>
   </trkpt>
   <trkpt lat="-26.1590140" lon="-51.1255020">
    <ele>778.2</ele>
   </trkpt>
   <trkpt lat="-26.1587160" lon="-51.1253860">
    <ele>778.0</ele>
   </trkpt>
   <trkpt lat="-26.1582040" lon="-51.1252000">
    <ele>778.0</ele>
   </trkpt>
   <trkpt lat="-26.1579960" lon="-51.1251220">
    <ele>777.4</ele>
   </trkpt>
   <trkpt lat="-26.1578950" lon="-51.1250810">
    <ele>777.2</ele>
   </trkpt>
   <trkpt lat="-26.1576980" lon="-51.1250020">
    <ele>777.0</ele>
   </trkpt>
   <trkpt lat="-26.1576040" lon="-51.1249650">
    <ele>776.6</ele>
   </trkpt>
   <trkpt lat="-26.1575110" lon="-51.1249280">
    <ele>776.4</ele>
   </trkpt>
   <trkpt lat="-26.1574190" lon="-51.1248930">
    <ele>776.2</ele>
   </trkpt>
   <trkpt lat="-26.1573280" lon="-51.1248600">
    <ele>776.2</ele>
   </trkpt>
   <trkpt lat="-26.1572400" lon="-51.1248270">
    <ele>776.2</ele>
   </trkpt>
   <trkpt lat="-26.1571580" lon="-51.1247930">
    <ele>776.2</ele>
   </trkpt>
   <trkpt lat="-26.1570780" lon="-51.1247610">
    <ele>776.2</ele>
   </trkpt>
   <trkpt lat="-26.1570000" lon="-51.1247310">
    <ele>776.2</ele>
   </trkpt>
   <trkpt lat="-26.1569210" lon="-51.1247040">
    <ele>776.4</ele>
   </trkpt>
   <trkpt lat="-26.1568490" lon="-51.1246790">
    <ele>776.6</ele>
   </trkpt>
   <trkpt lat="-26.1567790" lon="-51.1246540">
    <ele>776.6</ele>
   </trkpt>
   <trkpt lat="-26.1567140" lon="-51.1246290">
    <ele>776.8</ele>
   </trkpt>
   <trkpt lat="-26.1566640" lon="-51.1246060">
    <ele>776.8</ele>
   </trkpt>
   <trkpt lat="-26.1565920" lon="-51.1245800">
    <ele>777.2</ele>
   </trkpt>
   <trkpt lat="-26.1565350" lon="-51.1245600">
    <ele>777.4</ele>
   </trkpt>
   <trkpt lat="-26.1564810" lon="-51.1245420">
    <ele>777.4</ele>
   </trkpt>
   <trkpt lat="-26.1564340" lon="-51.1245230">
    <ele>777.4</ele>
   </trkpt>
   <trkpt lat="-26.1563910" lon="-51.1245050">
    <ele>777.2</ele>
   </trkpt>
   <trkpt lat="-26.1563500" lon="-51.1244900">
    <ele>777.4</ele>
   </trkpt>
   <trkpt lat="-26.1563100" lon="-51.1244780">
    <ele>777.4</ele>
   </trkpt>
   <trkpt lat="-26.1562800" lon="-51.1244670">
    <ele>777.4</ele>
   </trkpt>
   <trkpt lat="-26.1562350" lon="-51.1244520">
    <ele>777.8</ele>
   </trkpt>
   <trkpt lat="-26.1562030" lon="-51.1244400">
    <ele>778.0</ele>
   </trkpt>
   <trkpt lat="-26.1561730" lon="-51.1244230">
    <ele>778.4</ele>
   </trkpt>
   <trkpt lat="-26.1561430" lon="-51.1244070">
    <ele>778.6</ele>
   </trkpt>
   <trkpt lat="-26.1561110" lon="-51.1243970">
    <ele>778.8</ele>
   </trkpt>
   <trkpt lat="-26.1560190" lon="-51.1243650">
    <ele>779.4</ele>
   </trkpt>
   <trkpt lat="-26.1559900" lon="-51.1243550">
    <ele>779.6</ele>
   </trkpt>
   <trkpt lat="-26.1559570" lon="-51.1243460">
    <ele>779.6</ele>
   </trkpt>
   <trkpt lat="-26.1558910" lon="-51.1243290">
    <ele>780.2</ele>
   </trkpt>
   <trkpt lat="-26.1558580" lon="-51.1243230">
    <ele>780.4</ele>
   </trkpt>
   <trkpt lat="-26.1558240" lon="-51.1243170">
    <ele>780.4</ele>
   </trkpt>
   <trkpt lat="-26.1557900" lon="-51.1243120">
    <ele>780.4</ele>
   </trkpt>
   <trkpt lat="-26.1557560" lon="-51.1243060">
    <ele>780.6</ele>
   </trkpt>
   <trkpt lat="-26.1557200" lon="-51.1242950">
    <ele>780.6</ele>
   </trkpt>
   <trkpt lat="-26.1556880" lon="-51.1242840">
    <ele>781.0</ele>
   </trkpt>
   <trkpt lat="-26.1556540" lon="-51.1242740">
    <ele>781.2</ele>
   </trkpt>
   <trkpt lat="-26.1556220" lon="-51.1242660">
    <ele>781.2</ele>
   </trkpt>
   <trkpt lat="-26.1555880" lon="-51.1242590">
    <ele>781.4</ele>
   </trkpt>
   <trkpt lat="-26.1555550" lon="-51.1242520">
    <ele>781.4</ele>
   </trkpt>
   <trkpt lat="-26.1555200" lon="-51.1242450">
    <ele>781.6</ele>
   </trkpt>
   <trkpt lat="-26.1554860" lon="-51.1242380">
    <ele>781.8</ele>
   </trkpt>
   <trkpt lat="-26.1554530" lon="-51.1242270">
    <ele>782.0</ele>
   </trkpt>
   <trkpt lat="-26.1554180" lon="-51.1242180">
    <ele>782.2</ele>
   </trkpt>
   <trkpt lat="-26.1553840" lon="-51.1242110">
    <ele>782.6</ele>
   </trkpt>
   <trkpt lat="-26.1553480" lon="-51.1242060">
    <ele>782.8</ele>
   </trkpt>
   <trkpt lat="-26.1553130" lon="-51.1242020">
    <ele>783.0</ele>
   </trkpt>
   <trkpt lat="-26.1552760" lon="-51.1241970">
    <ele>783.2</ele>
   </trkpt>
   <trkpt lat="-26.1552410" lon="-51.1241950">
    <ele>783.4</ele>
   </trkpt>
   <trkpt lat="-26.1552070" lon="-51.1241920">
    <ele>783.6</ele>
   </trkpt>
   <trkpt lat="-26.1551740" lon="-51.1241890">
    <ele>784.0</ele>
   </trkpt>
   <trkpt lat="-26.1551400" lon="-51.1241850">
    <ele>784.0</ele>
   </trkpt>
   <trkpt lat="-26.1551070" lon="-51.1241800">
    <ele>784.4</ele>
   </trkpt>
   <trkpt lat="-26.1550710" lon="-51.1241770">
    <ele>784.4</ele>
   </trkpt>
   <trkpt lat="-26.1550360" lon="-51.1241750">
    <ele>784.8</ele>
   </trkpt>
   <trkpt lat="-26.1550020" lon="-51.1241750">
    <ele>785.2</ele>
   </trkpt>
   <trkpt lat="-26.1549700" lon="-51.1241730">
    <ele>785.2</ele>
   </trkpt>
   <trkpt lat="-26.1549380" lon="-51.1241690">
    <ele>785.4</ele>
   </trkpt>
   <trkpt lat="-26.1548970" lon="-51.1241660">
    <ele>785.4</ele>
   </trkpt>
   <trkpt lat="-26.1548690" lon="-51.1241640">
    <ele>785.6</ele>
   </trkpt>
   <trkpt lat="-26.1548290" lon="-51.1241630">
    <ele>785.8</ele>
   </trkpt>
   <trkpt lat="-26.1547970" lon="-51.1241650">
    <ele>786.2</ele>
   </trkpt>
   <trkpt lat="-26.1547640" lon="-51.1241670">
    <ele>786.2</ele>
   </trkpt>
   <trkpt lat="-26.1547380" lon="-51.1241680">
    <ele>786.6</ele>
   </trkpt>
   <trkpt lat="-26.1546950" lon="-51.1241650">
    <ele>787.0</ele>
   </trkpt>
   <trkpt lat="-26.1546590" lon="-51.1241630">
    <ele>787.2</ele>
   </trkpt>
   <trkpt lat="-26.1546250" lon="-51.1241620">
    <ele>787.2</ele>
   </trkpt>
   <trkpt lat="-26.1545910" lon="-51.1241570">
    <ele>787.2</ele>
   </trkpt>
   <trkpt lat="-26.1545530" lon="-51.1241480">
    <ele>787.2</ele>
   </trkpt>
   <trkpt lat="-26.1545140" lon="-51.1241450">
    <ele>787.4</ele>
   </trkpt>
   <trkpt lat="-26.1544860" lon="-51.1241460">
    <ele>787.6</ele>
   </trkpt>
   <trkpt lat="-26.1544470" lon="-51.1241480">
    <ele>787.8</ele>
   </trkpt>
   <trkpt lat="-26.1544140" lon="-51.1241530">
    <ele>787.8</ele>
   </trkpt>
   <trkpt lat="-26.1543820" lon="-51.1241550">
    <ele>787.8</ele>
   </trkpt>
   <trkpt lat="-26.1543530" lon="-51.1241550">
    <ele>788.2</ele>
   </trkpt>
   <trkpt lat="-26.1543180" lon="-51.1241580">
    <ele>788.2</ele>
   </trkpt>
   <trkpt lat="-26.1542820" lon="-51.1241610">
    <ele>788.2</ele>
   </trkpt>
   <trkpt lat="-26.1542470" lon="-51.1241650">
    <ele>788.2</ele>
   </trkpt>
   <trkpt lat="-26.1542130" lon="-51.1241710">
    <ele>788.2</ele>
   </trkpt>
   <trkpt lat="-26.1541770" lon="-51.1241770">
    <ele>788.4</ele>
   </trkpt>
   <trkpt lat="-26.1541390" lon="-51.1241800">
    <ele>788.4</ele>
   </trkpt>
   <trkpt lat="-26.1541010" lon="-51.1241810">
    <ele>788.4</ele>
   </trkpt>
   <trkpt lat="-26.1540630" lon="-51.1241850">
    <ele>788.8</ele>
   </trkpt>
   <trkpt lat="-26.1540250" lon="-51.1241910">
    <ele>789.0</ele>
   </trkpt>
   <trkpt lat="-26.1539880" lon="-51.1241940">
    <ele>789.2</ele>
   </trkpt>
   <trkpt lat="-26.1539500" lon="-51.1241980">
    <ele>789.2</ele>
   </trkpt>
   <trkpt lat="-26.1539110" lon="-51.1242020">
    <ele>789.2</ele>
   </trkpt>
   <trkpt lat="-26.1538720" lon="-51.1242100">
    <ele>789.4</ele>
   </trkpt>
   <trkpt lat="-26.1538340" lon="-51.1242170">
    <ele>790.0</ele>
   </trkpt>
   <trkpt lat="-26.1537970" lon="-51.1242240">
    <ele>790.2</ele>
   </trkpt>
   <trkpt lat="-26.1537610" lon="-51.1242260">
    <ele>790.2</ele>
   </trkpt>
   <trkpt lat="-26.1537220" lon="-51.1242320">
    <ele>790.4</ele>
   </trkpt>
   <trkpt lat="-26.1536830" lon="-51.1242390">
    <ele>790.4</ele>
   </trkpt>
   <trkpt lat="-26.1536430" lon="-51.1242460">
    <ele>790.6</ele>
   </trkpt>
   <trkpt lat="-26.1536040" lon="-51.1242520">
    <ele>790.8</ele>
   </trkpt>
   <trkpt lat="-26.1535720" lon="-51.1242560">
    <ele>790.8</ele>
   </trkpt>
   <trkpt lat="-26.1535250" lon="-51.1242640">
    <ele>790.8</ele>
   </trkpt>
   <trkpt lat="-26.1534820" lon="-51.1242720">
    <ele>790.8</ele>
   </trkpt>
   <trkpt lat="-26.1534390" lon="-51.1242800">
    <ele>790.8</ele>
   </trkpt>
   <trkpt lat="-26.1533980" lon="-51.1242890">
    <ele>790.8</ele>
   </trkpt>
   <trkpt lat="-26.1533590" lon="-51.1242980">
    <ele>790.8</ele>
   </trkpt>
   <trkpt lat="-26.1533210" lon="-51.1243040">
    <ele>790.8</ele>
   </trkpt>
   <trkpt lat="-26.1532810" lon="-51.1243120">
    <ele>791.0</ele>
   </trkpt>
   <trkpt lat="-26.1532390" lon="-51.1243180">
    <ele>791.2</ele>
   </trkpt>
   <trkpt lat="-26.1531990" lon="-51.1243220">
    <ele>791.2</ele>
   </trkpt>
   <trkpt lat="-26.1531600" lon="-51.1243270">
    <ele>791.4</ele>
   </trkpt>
   <trkpt lat="-26.1531190" lon="-51.1243320">
    <ele>791.4</ele>
   </trkpt>
   <trkpt lat="-26.1530760" lon="-51.1243390">
    <ele>791.4</ele>
   </trkpt>
   <trkpt lat="-26.1530340" lon="-51.1243480">
    <ele>791.6</ele>
   </trkpt>
   <trkpt lat="-26.1529900" lon="-51.1243600">
    <ele>791.6</ele>
   </trkpt>
   <trkpt lat="-26.1529470" lon="-51.1243670">
    <ele>791.6</ele>
   </trkpt>
   <trkpt lat="-26.1528160" lon="-51.1243860">
    <ele>791.4</ele>
   </trkpt>
   <trkpt lat="-26.1527760" lon="-51.1243890">
    <ele>791.4</ele>
   </trkpt>
   <trkpt lat="-26.1525300" lon="-51.1244260">
    <ele>791.4</ele>
   </trkpt>
   <trkpt lat="-26.1524880" lon="-51.1244290">
    <ele>791.6</ele>
   </trkpt>
   <trkpt lat="-26.1524430" lon="-51.1244340">
    <ele>791.6</ele>
   </trkpt>
   <trkpt lat="-26.1523540" lon="-51.1244530">
    <ele>791.6</ele>
   </trkpt>
   <trkpt lat="-26.1521720" lon="-51.1244760">
    <ele>792.0</ele>
   </trkpt>
   <trkpt lat="-26.1519730" lon="-51.1245170">
    <ele>791.2</ele>
   </trkpt>
   <trkpt lat="-26.1518650" lon="-51.1245440">
    <ele>790.8</ele>
   </trkpt>
   <trkpt lat="-26.1518070" lon="-51.1245610">
    <ele>790.2</ele>
   </trkpt>
   <trkpt lat="-26.1516840" lon="-51.1246040">
    <ele>788.2</ele>
   </trkpt>
   <trkpt lat="-26.1514770" lon="-51.1246770">
    <ele>787.4</ele>
   </trkpt>
   <trkpt lat="-26.1513990" lon="-51.1247030">
    <ele>786.8</ele>
   </trkpt>
   <trkpt lat="-26.1511720" lon="-51.1247910">
    <ele>785.8</ele>
   </trkpt>
   <trkpt lat="-26.1510900" lon="-51.1248230">
    <ele>785.2</ele>
   </trkpt>
   <trkpt lat="-26.1510030" lon="-51.1248580">
    <ele>784.4</ele>
   </trkpt>
   <trkpt lat="-26.1509140" lon="-51.1248950">
    <ele>783.0</ele>
   </trkpt>
   <trkpt lat="-26.1508220" lon="-51.1249300">
    <ele>783.0</ele>
   </trkpt>
   <trkpt lat="-26.1507310" lon="-51.1249700">
    <ele>783.0</ele>
   </trkpt>
   <trkpt lat="-26.1505460" lon="-51.1250450">
    <ele>783.4</ele>
   </trkpt>
   <trkpt lat="-26.1504530" lon="-51.1250850">
    <ele>783.8</ele>
   </trkpt>
   <trkpt lat="-26.1499790" lon="-51.1252860">
    <ele>782.2</ele>
   </trkpt>
   <trkpt lat="-26.1498810" lon="-51.1253310">
    <ele>781.6</ele>
   </trkpt>
   <trkpt lat="-26.1496010" lon="-51.1254530">
    <ele>781.2</ele>
   </trkpt>
   <trkpt lat="-26.1495080" lon="-51.1254870">
    <ele>781.0</ele>
   </trkpt>
   <trkpt lat="-26.1493250" lon="-51.1255620">
    <ele>779.6</ele>
   </trkpt>
   <trkpt lat="-26.1492310" lon="-51.1256000">
    <ele>778.8</ele>
   </trkpt>
   <trkpt lat="-26.1491350" lon="-51.1256400">
    <ele>778.4</ele>
   </trkpt>
   <trkpt lat="-26.1487790" lon="-51.1257790">
    <ele>777.4</ele>
   </trkpt>
   <trkpt lat="-26.1485900" lon="-51.1258440">
    <ele>776.8</ele>
   </trkpt>
   <trkpt lat="-26.1484770" lon="-51.1258790">
    <ele>776.0</ele>
   </trkpt>
   <trkpt lat="-26.1481980" lon="-51.1259470">
    <ele>775.0</ele>
   </trkpt>
   <trkpt lat="-26.1481200" lon="-51.1259500">
    <ele>775.0</ele>
   </trkpt>
   <trkpt lat="-26.1479210" lon="-51.1259370">
    <ele>774.4</ele>
   </trkpt>
   <trkpt lat="-26.1477140" lon="-51.1258830">
    <ele>773.8</ele>
   </trkpt>
   <trkpt lat="-26.1474630" lon="-51.1257680">
    <ele>773.6</ele>
   </trkpt>
   <trkpt lat="-26.1474030" lon="-51.1257290">
    <ele>773.2</ele>
   </trkpt>
   <trkpt lat="-26.1473340" lon="-51.1256830">
    <ele>772.0</ele>
   </trkpt>
   <trkpt lat="-26.1472540" lon="-51.1256270">
    <ele>771.4</ele>
   </trkpt>
   <trkpt lat="-26.1471920" lon="-51.1255820">
    <ele>771.4</ele>
   </trkpt>
   <trkpt lat="-26.1471310" lon="-51.1255340">
    <ele>771.4</ele>
   </trkpt>
   <trkpt lat="-26.1470740" lon="-51.1254900">
    <ele>771.8</ele>
   </trkpt>
   <trkpt lat="-26.1470210" lon="-51.1254520">
    <ele>772.2</ele>
   </trkpt>
   <trkpt lat="-26.1469760" lon="-51.1254220">
    <ele>773.0</ele>
   </trkpt>
   <trkpt lat="-26.1469130" lon="-51.1253760">
    <ele>773.0</ele>
   </trkpt>
   <trkpt lat="-26.1468630" lon="-51.1253410">
    <ele>773.6</ele>
   </trkpt>
   <trkpt lat="-26.1468140" lon="-51.1253070">
    <ele>774.2</ele>
   </trkpt>
   <trkpt lat="-26.1467690" lon="-51.1252720">
    <ele>774.8</ele>
   </trkpt>
   <trkpt lat="-26.1467270" lon="-51.1252390">
    <ele>774.8</ele>
   </trkpt>
   <trkpt lat="-26.1466840" lon="-51.1252080">
    <ele>775.2</ele>
   </trkpt>
   <trkpt lat="-26.1466420" lon="-51.1251780">
    <ele>775.4</ele>
   </trkpt>
   <trkpt lat="-26.1466000" lon="-51.1251500">
    <ele>775.8</ele>
   </trkpt>
   <trkpt lat="-26.1465220" lon="-51.1250950">
    <ele>778.0</ele>
   </trkpt>
   <trkpt lat="-26.1464890" lon="-51.1250690">
    <ele>778.2</ele>
   </trkpt>
   <trkpt lat="-26.1464570" lon="-51.1250440">
    <ele>778.4</ele>
   </trkpt>
   <trkpt lat="-26.1464260" lon="-51.1250210">
    <ele>778.6</ele>
   </trkpt>
   <trkpt lat="-26.1463940" lon="-51.1249970">
    <ele>778.8</ele>
   </trkpt>
   <trkpt lat="-26.1463610" lon="-51.1249710">
    <ele>778.8</ele>
   </trkpt>
   <trkpt lat="-26.1463320" lon="-51.1249480">
    <ele>779.0</ele>
   </trkpt>
   <trkpt lat="-26.1463040" lon="-51.1249260">
    <ele>779.4</ele>
   </trkpt>
   <trkpt lat="-26.1462760" lon="-51.1249050">
    <ele>779.6</ele>
   </trkpt>
   <trkpt lat="-26.1462480" lon="-51.1248840">
    <ele>779.8</ele>
   </trkpt>
   <trkpt lat="-26.1462190" lon="-51.1248630">
    <ele>780.0</ele>
   </trkpt>
   <trkpt lat="-26.1461920" lon="-51.1248430">
    <ele>780.2</ele>
   </trkpt>
   <trkpt lat="-26.1461670" lon="-51.1248250">
    <ele>780.4</ele>
   </trkpt>
   <trkpt lat="-26.1461400" lon="-51.1248050">
    <ele>780.4</ele>
   </trkpt>
   <trkpt lat="-26.1461140" lon="-51.1247840">
    <ele>780.8</ele>
   </trkpt>
   <trkpt lat="-26.1460890" lon="-51.1247610">
    <ele>780.8</ele>
   </trkpt>
   <trkpt lat="-26.1460630" lon="-51.1247400">
    <ele>781.0</ele>
   </trkpt>
   <trkpt lat="-26.1460340" lon="-51.1247210">
    <ele>781.2</ele>
   </trkpt>
   <trkpt lat="-26.1460070" lon="-51.1247040">
    <ele>781.4</ele>
   </trkpt>
   <trkpt lat="-26.1459800" lon="-51.1246860">
    <ele>781.4</ele>
   </trkpt>
   <trkpt lat="-26.1459530" lon="-51.1246650">
    <ele>781.6</ele>
   </trkpt>
   <trkpt lat="-26.1459260" lon="-51.1246440">
    <ele>781.6</ele>
   </trkpt>
   <trkpt lat="-26.1459000" lon="-51.1246220">
    <ele>781.8</ele>
   </trkpt>
   <trkpt lat="-26.1458750" lon="-51.1245990">
    <ele>782.0</ele>
   </trkpt>
   <trkpt lat="-26.1458480" lon="-51.1245780">
    <ele>782.2</ele>
   </trkpt>
   <trkpt lat="-26.1458210" lon="-51.1245580">
    <ele>782.2</ele>
   </trkpt>
   <trkpt lat="-26.1457940" lon="-51.1245370">
    <ele>782.6</ele>
   </trkpt>
   <trkpt lat="-26.1457680" lon="-51.1245160">
    <ele>782.8</ele>
   </trkpt>
   <trkpt lat="-26.1457400" lon="-51.1244920">
    <ele>783.0</ele>
   </trkpt>
   <trkpt lat="-26.1457130" lon="-51.1244680">
    <ele>783.0</ele>
   </trkpt>
   <trkpt lat="-26.1456840" lon="-51.1244450">
    <ele>783.0</ele>
   </trkpt>
   <trkpt lat="-26.1456560" lon="-51.1244200">
    <ele>783.0</ele>
   </trkpt>
   <trkpt lat="-26.1456270" lon="-51.1243920">
    <ele>783.4</ele>
   </trkpt>
   <trkpt lat="-26.1455990" lon="-51.1243660">
    <ele>783.6</ele>
   </trkpt>
   <trkpt lat="-26.1455740" lon="-51.1243360">
    <ele>783.8</ele>
   </trkpt>
   <trkpt lat="-26.1455510" lon="-51.1243080">
    <ele>784.0</ele>
   </trkpt>
   <trkpt lat="-26.1455270" lon="-51.1242790">
    <ele>784.2</ele>
   </trkpt>
   <trkpt lat="-26.1455040" lon="-51.1242480">
    <ele>784.4</ele>
   </trkpt>
   <trkpt lat="-26.1454810" lon="-51.1242180">
    <ele>784.4</ele>
   </trkpt>
   <trkpt lat="-26.1454590" lon="-51.1241860">
    <ele>784.6</ele>
   </trkpt>
   <trkpt lat="-26.1454370" lon="-51.1241560">
    <ele>784.6</ele>
   </trkpt>
   <trkpt lat="-26.1454190" lon="-51.1241260">
    <ele>784.8</ele>
   </trkpt>
   <trkpt lat="-26.1454020" lon="-51.1240940">
    <ele>785.2</ele>
   </trkpt>
   <trkpt lat="-26.1453860" lon="-51.1240640">
    <ele>785.4</ele>
   </trkpt>
   <trkpt lat="-26.1453700" lon="-51.1240380">
    <ele>785.6</ele>
   </trkpt>
   <trkpt lat="-26.1453550" lon="-51.1240100">
    <ele>785.8</ele>
   </trkpt>
   <trkpt lat="-26.1453410" lon="-51.1239780">
    <ele>785.8</ele>
   </trkpt>
   <trkpt lat="-26.1453250" lon="-51.1239470">
    <ele>786.0</ele>
   </trkpt>
   <trkpt lat="-26.1453080" lon="-51.1239150">
    <ele>786.4</ele>
   </trkpt>
   <trkpt lat="-26.1452920" lon="-51.1238830">
    <ele>786.4</ele>
   </trkpt>
   <trkpt lat="-26.1452740" lon="-51.1238500">
    <ele>786.8</ele>
   </trkpt>
   <trkpt lat="-26.1452560" lon="-51.1238170">
    <ele>786.8</ele>
   </trkpt>
   <trkpt lat="-26.1452390" lon="-51.1237850">
    <ele>787.2</ele>
   </trkpt>
   <trkpt lat="-26.1452210" lon="-51.1237530">
    <ele>787.4</ele>
   </trkpt>
   <trkpt lat="-26.1452020" lon="-51.1237210">
    <ele>787.8</ele>
   </trkpt>
   <trkpt lat="-26.1451810" lon="-51.1236890">
    <ele>788.0</ele>
   </trkpt>
   <trkpt lat="-26.1451600" lon="-51.1236660">
    <ele>788.0</ele>
   </trkpt>
   <trkpt lat="-26.1451390" lon="-51.1236430">
    <ele>788.2</ele>
   </trkpt>
   <trkpt lat="-26.1451180" lon="-51.1236140">
    <ele>788.4</ele>
   </trkpt>
   <trkpt lat="-26.1450940" lon="-51.1235840">
    <ele>788.6</ele>
   </trkpt>
   <trkpt lat="-26.1450700" lon="-51.1235580">
    <ele>788.8</ele>
   </trkpt>
   <trkpt lat="-26.1450490" lon="-51.1235220">
    <ele>789.2</ele>
   </trkpt>
   <trkpt lat="-26.1450310" lon="-51.1234910">
    <ele>789.2</ele>
   </trkpt>
   <trkpt lat="-26.1450120" lon="-51.1234620">
    <ele>789.4</ele>
   </trkpt>
   <trkpt lat="-26.1449950" lon="-51.1234290">
    <ele>789.6</ele>
   </trkpt>
   <trkpt lat="-26.1449780" lon="-51.1233940">
    <ele>789.6</ele>
   </trkpt>
   <trkpt lat="-26.1449620" lon="-51.1233630">
    <ele>789.8</ele>
   </trkpt>
   <trkpt lat="-26.1449430" lon="-51.1233350">
    <ele>790.0</ele>
   </trkpt>
   <trkpt lat="-26.1449280" lon="-51.1233030">
    <ele>790.0</ele>
   </trkpt>
   <trkpt lat="-26.1449150" lon="-51.1232710">
    <ele>790.4</ele>
   </trkpt>
   <trkpt lat="-26.1448970" lon="-51.1232440">
    <ele>790.4</ele>
   </trkpt>
   <trkpt lat="-26.1448820" lon="-51.1232160">
    <ele>790.4</ele>
   </trkpt>
   <trkpt lat="-26.1448660" lon="-51.1231880">
    <ele>790.6</ele>
   </trkpt>
   <trkpt lat="-26.1448490" lon="-51.1231600">
    <ele>790.8</ele>
   </trkpt>
   <trkpt lat="-26.1448300" lon="-51.1231320">
    <ele>791.2</ele>
   </trkpt>
   <trkpt lat="-26.1448140" lon="-51.1231020">
    <ele>791.4</ele>
   </trkpt>
   <trkpt lat="-26.1447990" lon="-51.1230700">
    <ele>791.6</ele>
   </trkpt>
   <trkpt lat="-26.1447820" lon="-51.1230390">
    <ele>791.6</ele>
   </trkpt>
   <trkpt lat="-26.1447630" lon="-51.1230110">
    <ele>791.8</ele>
   </trkpt>
   <trkpt lat="-26.1447440" lon="-51.1229790">
    <ele>792.0</ele>
   </trkpt>
   <trkpt lat="-26.1447300" lon="-51.1229420">
    <ele>792.4</ele>
   </trkpt>
   <trkpt lat="-26.1447180" lon="-51.1229100">
    <ele>792.6</ele>
   </trkpt>
   <trkpt lat="-26.1447050" lon="-51.1228800">
    <ele>792.8</ele>
   </trkpt>
   <trkpt lat="-26.1446860" lon="-51.1228500">
    <ele>793.0</ele>
   </trkpt>
   <trkpt lat="-26.1446690" lon="-51.1228180">
    <ele>793.2</ele>
   </trkpt>
   <trkpt lat="-26.1446540" lon="-51.1227880">
    <ele>793.2</ele>
   </trkpt>
   <trkpt lat="-26.1446400" lon="-51.1227600">
    <ele>793.4</ele>
   </trkpt>
   <trkpt lat="-26.1446300" lon="-51.1227370">
    <ele>793.4</ele>
   </trkpt>
   <trkpt lat="-26.1446180" lon="-51.1227130">
    <ele>793.6</ele>
   </trkpt>
   <trkpt lat="-26.1446030" lon="-51.1226890">
    <ele>793.8</ele>
   </trkpt>
   <trkpt lat="-26.1445860" lon="-51.1226610">
    <ele>793.8</ele>
   </trkpt>
   <trkpt lat="-26.1445680" lon="-51.1226300">
    <ele>794.0</ele>
   </trkpt>
   <trkpt lat="-26.1445590" lon="-51.1226010">
    <ele>794.0</ele>
   </trkpt>
   <trkpt lat="-26.1445440" lon="-51.1225710">
    <ele>794.2</ele>
   </trkpt>
   <trkpt lat="-26.1445290" lon="-51.1225420">
    <ele>794.4</ele>
   </trkpt>
   <trkpt lat="-26.1445140" lon="-51.1225110">
    <ele>794.4</ele>
   </trkpt>
   <trkpt lat="-26.1445010" lon="-51.1224790">
    <ele>794.6</ele>
   </trkpt>
   <trkpt lat="-26.1444890" lon="-51.1224440">
    <ele>794.8</ele>
   </trkpt>
   <trkpt lat="-26.1444720" lon="-51.1224090">
    <ele>795.0</ele>
   </trkpt>
   <trkpt lat="-26.1444550" lon="-51.1223760">
    <ele>795.2</ele>
   </trkpt>
   <trkpt lat="-26.1444370" lon="-51.1223450">
    <ele>795.4</ele>
   </trkpt>
   <trkpt lat="-26.1444210" lon="-51.1223110">
    <ele>795.6</ele>
   </trkpt>
   <trkpt lat="-26.1444050" lon="-51.1222750">
    <ele>795.6</ele>
   </trkpt>
   <trkpt lat="-26.1443920" lon="-51.1222390">
    <ele>795.8</ele>
   </trkpt>
   <trkpt lat="-26.1443760" lon="-51.1222040">
    <ele>795.8</ele>
   </trkpt>
   <trkpt lat="-26.1443580" lon="-51.1221730">
    <ele>796.2</ele>
   </trkpt>
   <trkpt lat="-26.1443430" lon="-51.1221400">
    <ele>796.2</ele>
   </trkpt>
   <trkpt lat="-26.1443290" lon="-51.1221040">
    <ele>796.4</ele>
   </trkpt>
   <trkpt lat="-26.1443130" lon="-51.1220700">
    <ele>796.6</ele>
   </trkpt>
   <trkpt lat="-26.1442970" lon="-51.1220360">
    <ele>796.6</ele>
   </trkpt>
   <trkpt lat="-26.1442800" lon="-51.1220010">
    <ele>796.6</ele>
   </trkpt>
   <trkpt lat="-26.1442660" lon="-51.1219640">
    <ele>796.8</ele>
   </trkpt>
   <trkpt lat="-26.1442540" lon="-51.1219260">
    <ele>797.0</ele>
   </trkpt>
   <trkpt lat="-26.1442420" lon="-51.1218910">
    <ele>797.2</ele>
   </trkpt>
   <trkpt lat="-26.1442280" lon="-51.1218560">
    <ele>797.2</ele>
   </trkpt>
   <trkpt lat="-26.1442130" lon="-51.1218200">
    <ele>797.4</ele>
   </trkpt>
   <trkpt lat="-26.1441930" lon="-51.1217860">
    <ele>797.4</ele>
   </trkpt>
   <trkpt lat="-26.1441730" lon="-51.1217540">
    <ele>797.6</ele>
   </trkpt>
   <trkpt lat="-26.1441550" lon="-51.1217210">
    <ele>797.6</ele>
   </trkpt>
   <trkpt lat="-26.1441350" lon="-51.1216880">
    <ele>797.6</ele>
   </trkpt>
   <trkpt lat="-26.1441150" lon="-51.1216550">
    <ele>797.6</ele>
   </trkpt>
   <trkpt lat="-26.1440930" lon="-51.1216220">
    <ele>797.8</ele>
   </trkpt>
   <trkpt lat="-26.1440720" lon="-51.1215860">
    <ele>797.6</ele>
   </trkpt>
   <trkpt lat="-26.1440530" lon="-51.1215450">
    <ele>797.8</ele>
   </trkpt>
   <trkpt lat="-26.1440340" lon="-51.1215070">
    <ele>797.8</ele>
   </trkpt>
   <trkpt lat="-26.1440140" lon="-51.1214690">
    <ele>797.8</ele>
   </trkpt>
   <trkpt lat="-26.1439950" lon="-51.1214280">
    <ele>797.8</ele>
   </trkpt>
   <trkpt lat="-26.1439690" lon="-51.1213930">
    <ele>798.0</ele>
   </trkpt>
   <trkpt lat="-26.1439450" lon="-51.1213620">
    <ele>798.2</ele>
   </trkpt>
   <trkpt lat="-26.1439250" lon="-51.1213240">
    <ele>798.2</ele>
   </trkpt>
   <trkpt lat="-26.1438820" lon="-51.1212450">
    <ele>798.2</ele>
   </trkpt>
   <trkpt lat="-26.1438420" lon="-51.1211500">
    <ele>797.8</ele>
   </trkpt>
   <trkpt lat="-26.1437820" lon="-51.1210190">
    <ele>797.6</ele>
   </trkpt>
   <trkpt lat="-26.1437150" lon="-51.1208060">
    <ele>795.4</ele>
   </trkpt>
   <trkpt lat="-26.1436200" lon="-51.1205070">
    <ele>796.8</ele>
   </trkpt>
   <trkpt lat="-26.1435970" lon="-51.1204420">
    <ele>797.0</ele>
   </trkpt>
   <trkpt lat="-26.1435360" lon="-51.1203060">
    <ele>797.2</ele>
   </trkpt>
   <trkpt lat="-26.1434680" lon="-51.1201620">
    <ele>796.6</ele>
   </trkpt>
   <trkpt lat="-26.1434140" lon="-51.1200130">
    <ele>795.6</ele>
   </trkpt>
   <trkpt lat="-26.1433780" lon="-51.1199380">
    <ele>795.4</ele>
   </trkpt>
   <trkpt lat="-26.1433140" lon="-51.1197860">
    <ele>794.4</ele>
   </trkpt>
   <trkpt lat="-26.1431880" lon="-51.1195560">
    <ele>794.2</ele>
   </trkpt>
   <trkpt lat="-26.1430920" lon="-51.1194060">
    <ele>794.0</ele>
   </trkpt>
   <trkpt lat="-26.1429920" lon="-51.1192580">
    <ele>793.4</ele>
   </trkpt>
   <trkpt lat="-26.1428780" lon="-51.1191170">
    <ele>792.4</ele>
   </trkpt>
   <trkpt lat="-26.1428160" lon="-51.1190500">
    <ele>790.2</ele>
   </trkpt>
   <trkpt lat="-26.1426170" lon="-51.1188650">
    <ele>789.2</ele>
   </trkpt>
   <trkpt lat="-26.1424770" lon="-51.1187520">
    <ele>788.0</ele>
   </trkpt>
   <trkpt lat="-26.1424180" lon="-51.1187130">
    <ele>787.6</ele>
   </trkpt>
   <trkpt lat="-26.1419070" lon="-51.1184650">
    <ele>788.6</ele>
   </trkpt>
   <trkpt lat="-26.1414910" lon="-51.1183980">
    <ele>786.8</ele>
   </trkpt>
   <trkpt lat="-26.1414110" lon="-51.1183860">
    <ele>786.6</ele>
   </trkpt>
   <trkpt lat="-26.1413530" lon="-51.1183680">
    <ele>782.4</ele>
   </trkpt>
   <trkpt lat="-26.1412900" lon="-51.1183310">
    <ele>782.2</ele>
   </trkpt>
   <trkpt lat="-26.1412590" lon="-51.1182660">
    <ele>781.8</ele>
   </trkpt>
   <trkpt lat="-26.1412640" lon="-51.1181910">
    <ele>781.6</ele>
   </trkpt>
   <trkpt lat="-26.1412920" lon="-51.1181360">
    <ele>781.8</ele>
   </trkpt>
   <trkpt lat="-26.1413260" lon="-51.1180910">
    <ele>782.0</ele>
   </trkpt>
   <trkpt lat="-26.1413650" lon="-51.1180550">
    <ele>782.6</ele>
   </trkpt>
   <trkpt lat="-26.1414060" lon="-51.1180190">
    <ele>783.0</ele>
   </trkpt>
   <trkpt lat="-26.1414970" lon="-51.1179310">
    <ele>784.0</ele>
   </trkpt>
   <trkpt lat="-26.1415470" lon="-51.1178880">
    <ele>784.0</ele>
   </trkpt>
   <trkpt lat="-26.1416000" lon="-51.1178440">
    <ele>784.0</ele>
   </trkpt>
   <trkpt lat="-26.1416540" lon="-51.1178020">
    <ele>783.4</ele>
   </trkpt>
   <trkpt lat="-26.1417650" lon="-51.1177220">
    <ele>782.8</ele>
   </trkpt>
   <trkpt lat="-26.1418680" lon="-51.1176470">
    <ele>782.4</ele>
   </trkpt>
   <trkpt lat="-26.1419150" lon="-51.1176150">
    <ele>782.4</ele>
   </trkpt>
   <trkpt lat="-26.1419530" lon="-51.1175890">
    <ele>782.0</ele>
   </trkpt>
   <trkpt lat="-26.1419870" lon="-51.1175660">
    <ele>781.8</ele>
   </trkpt>
   <trkpt lat="-26.1420190" lon="-51.1175460">
    <ele>781.8</ele>
   </trkpt>
   <trkpt lat="-26.1420470" lon="-51.1175240">
    <ele>781.8</ele>
   </trkpt>
   <trkpt lat="-26.1420720" lon="-51.1175030">
    <ele>782.0</ele>
   </trkpt>
   <trkpt lat="-26.1420940" lon="-51.1174840">
    <ele>782.4</ele>
   </trkpt>
   <trkpt lat="-26.1421170" lon="-51.1174670">
    <ele>783.0</ele>
   </trkpt>
   <trkpt lat="-26.1421380" lon="-51.1174490">
    <ele>783.4</ele>
   </trkpt>
   <trkpt lat="-26.1421590" lon="-51.1174290">
    <ele>783.6</ele>
   </trkpt>
   <trkpt lat="-26.1421950" lon="-51.1173950">
    <ele>784.2</ele>
   </trkpt>
   <trkpt lat="-26.1422150" lon="-51.1173800">
    <ele>785.2</ele>
   </trkpt>
   <trkpt lat="-26.1422380" lon="-51.1173640">
    <ele>785.4</ele>
   </trkpt>
   <trkpt lat="-26.1422580" lon="-51.1173470">
    <ele>785.8</ele>
   </trkpt>
   <trkpt lat="-26.1422780" lon="-51.1173300">
    <ele>786.0</ele>
   </trkpt>
   <trkpt lat="-26.1422950" lon="-51.1173120">
    <ele>786.2</ele>
   </trkpt>
   <trkpt lat="-26.1423140" lon="-51.1172960">
    <ele>786.6</ele>
   </trkpt>
   <trkpt lat="-26.1423330" lon="-51.1172810">
    <ele>787.0</ele>
   </trkpt>
   <trkpt lat="-26.1423510" lon="-51.1172700">
    <ele>787.4</ele>
   </trkpt>
   <trkpt lat="-26.1423700" lon="-51.1172560">
    <ele>787.4</ele>
   </trkpt>
   <trkpt lat="-26.1423880" lon="-51.1172400">
    <ele>787.8</ele>
   </trkpt>
   <trkpt lat="-26.1424080" lon="-51.1172240">
    <ele>788.2</ele>
   </trkpt>
   <trkpt lat="-26.1424280" lon="-51.1172060">
    <ele>788.6</ele>
   </trkpt>
   <trkpt lat="-26.1424490" lon="-51.1171880">
    <ele>788.8</ele>
   </trkpt>
   <trkpt lat="-26.1424690" lon="-51.1171730">
    <ele>789.0</ele>
   </trkpt>
   <trkpt lat="-26.1424880" lon="-51.1171570">
    <ele>789.2</ele>
   </trkpt>
   <trkpt lat="-26.1425070" lon="-51.1171420">
    <ele>789.4</ele>
   </trkpt>
   <trkpt lat="-26.1425240" lon="-51.1171280">
    <ele>789.6</ele>
   </trkpt>
   <trkpt lat="-26.1425430" lon="-51.1171130">
    <ele>790.0</ele>
   </trkpt>
   <trkpt lat="-26.1425630" lon="-51.1170950">
    <ele>790.2</ele>
   </trkpt>
   <trkpt lat="-26.1425860" lon="-51.1170780">
    <ele>790.6</ele>
   </trkpt>
   <trkpt lat="-26.1426070" lon="-51.1170610">
    <ele>790.8</ele>
   </trkpt>
   <trkpt lat="-26.1426290" lon="-51.1170430">
    <ele>791.2</ele>
   </trkpt>
   <trkpt lat="-26.1426480" lon="-51.1170250">
    <ele>791.2</ele>
   </trkpt>
   <trkpt lat="-26.1426640" lon="-51.1170070">
    <ele>791.2</ele>
   </trkpt>
   <trkpt lat="-26.1426810" lon="-51.1169890">
    <ele>791.6</ele>
   </trkpt>
   <trkpt lat="-26.1426970" lon="-51.1169720">
    <ele>791.8</ele>
   </trkpt>
   <trkpt lat="-26.1427140" lon="-51.1169550">
    <ele>791.8</ele>
   </trkpt>
   <trkpt lat="-26.1427310" lon="-51.1169380">
    <ele>791.8</ele>
   </trkpt>
   <trkpt lat="-26.1427480" lon="-51.1169250">
    <ele>792.0</ele>
   </trkpt>
   <trkpt lat="-26.1427660" lon="-51.1169080">
    <ele>792.2</ele>
   </trkpt>
   <trkpt lat="-26.1427850" lon="-51.1168920">
    <ele>792.2</ele>
   </trkpt>
   <trkpt lat="-26.1428080" lon="-51.1168710">
    <ele>792.2</ele>
   </trkpt>
   <trkpt lat="-26.1428220" lon="-51.1168560">
    <ele>792.4</ele>
   </trkpt>
   <trkpt lat="-26.1428430" lon="-51.1168410">
    <ele>792.4</ele>
   </trkpt>
   <trkpt lat="-26.1428600" lon="-51.1168230">
    <ele>792.4</ele>
   </trkpt>
   <trkpt lat="-26.1428760" lon="-51.1168070">
    <ele>792.4</ele>
   </trkpt>
   <trkpt lat="-26.1428920" lon="-51.1167880">
    <ele>792.4</ele>
   </trkpt>
   <trkpt lat="-26.1429100" lon="-51.1167690">
    <ele>791.8</ele>
   </trkpt>
   <trkpt lat="-26.1429290" lon="-51.1167470">
    <ele>791.6</ele>
   </trkpt>
   <trkpt lat="-26.1429500" lon="-51.1167230">
    <ele>791.6</ele>
   </trkpt>
   <trkpt lat="-26.1429710" lon="-51.1166930">
    <ele>791.6</ele>
   </trkpt>
   <trkpt lat="-26.1429930" lon="-51.1166570">
    <ele>791.8</ele>
   </trkpt>
   <trkpt lat="-26.1430180" lon="-51.1166200">
    <ele>791.4</ele>
   </trkpt>
   <trkpt lat="-26.1430480" lon="-51.1165800">
    <ele>791.4</ele>
   </trkpt>
   <trkpt lat="-26.1430820" lon="-51.1165370">
    <ele>791.0</ele>
   </trkpt>
   <trkpt lat="-26.1431150" lon="-51.1164990">
    <ele>790.4</ele>
   </trkpt>
   <trkpt lat="-26.1431470" lon="-51.1164660">
    <ele>789.8</ele>
   </trkpt>
   <trkpt lat="-26.1431780" lon="-51.1164330">
    <ele>789.8</ele>
   </trkpt>
   <trkpt lat="-26.1432070" lon="-51.1164030">
    <ele>789.4</ele>
   </trkpt>
   <trkpt lat="-26.1432360" lon="-51.1163740">
    <ele>789.4</ele>
   </trkpt>
   <trkpt lat="-26.1432610" lon="-51.1163450">
    <ele>789.6</ele>
   </trkpt>
   <trkpt lat="-26.1432840" lon="-51.1163190">
    <ele>790.0</ele>
   </trkpt>
   <trkpt lat="-26.1433080" lon="-51.1162930">
    <ele>790.0</ele>
   </trkpt>
   <trkpt lat="-26.1433310" lon="-51.1162680">
    <ele>790.2</ele>
   </trkpt>
   <trkpt lat="-26.1433540" lon="-51.1162490">
    <ele>790.2</ele>
   </trkpt>
   <trkpt lat="-26.1433990" lon="-51.1162020">
    <ele>791.2</ele>
   </trkpt>
   <trkpt lat="-26.1434200" lon="-51.1161730">
    <ele>791.6</ele>
   </trkpt>
   <trkpt lat="-26.1434410" lon="-51.1161440">
    <ele>791.8</ele>
   </trkpt>
   <trkpt lat="-26.1434620" lon="-51.1161170">
    <ele>791.8</ele>
   </trkpt>
   <trkpt lat="-26.1434830" lon="-51.1160930">
    <ele>792.0</ele>
   </trkpt>
   <trkpt lat="-26.1435030" lon="-51.1160720">
    <ele>792.2</ele>
   </trkpt>
   <trkpt lat="-26.1435230" lon="-51.1160470">
    <ele>792.2</ele>
   </trkpt>
   <trkpt lat="-26.1435440" lon="-51.1160230">
    <ele>792.2</ele>
   </trkpt>
   <trkpt lat="-26.1435630" lon="-51.1159960">
    <ele>792.2</ele>
   </trkpt>
   <trkpt lat="-26.1437150" lon="-51.1158200">
    <ele>793.0</ele>
   </trkpt>
   <trkpt lat="-26.1437530" lon="-51.1157710">
    <ele>793.2</ele>
   </trkpt>
   <trkpt lat="-26.1438070" lon="-51.1156990">
    <ele>793.2</ele>
   </trkpt>
   <trkpt lat="-26.1438280" lon="-51.1156760">
    <ele>793.2</ele>
   </trkpt>
   <trkpt lat="-26.1438490" lon="-51.1156520">
    <ele>793.2</ele>
   </trkpt>
   <trkpt lat="-26.1438910" lon="-51.1156030">
    <ele>793.0</ele>
   </trkpt>
   <trkpt lat="-26.1439110" lon="-51.1155890">
    <ele>792.6</ele>
   </trkpt>
   <trkpt lat="-26.1439300" lon="-51.1155730">
    <ele>792.2</ele>
   </trkpt>
   <trkpt lat="-26.1439630" lon="-51.1155350">
    <ele>792.2</ele>
   </trkpt>
   <trkpt lat="-26.1440020" lon="-51.1154950">
    <ele>792.6</ele>
   </trkpt>
   <trkpt lat="-26.1440240" lon="-51.1154880">
    <ele>792.8</ele>
   </trkpt>
   <trkpt lat="-26.1440460" lon="-51.1154880">
    <ele>793.0</ele>
   </trkpt>
   <trkpt lat="-26.1440680" lon="-51.1154850">
    <ele>793.0</ele>
   </trkpt>
   <trkpt lat="-26.1440870" lon="-51.1154810">
    <ele>793.0</ele>
   </trkpt>
   <trkpt lat="-26.1441040" lon="-51.1154830">
    <ele>793.2</ele>
   </trkpt>
   <trkpt lat="-26.1441230" lon="-51.1154920">
    <ele>793.4</ele>
   </trkpt>
   <trkpt lat="-26.1441430" lon="-51.1155060">
    <ele>793.8</ele>
   </trkpt>
   <trkpt lat="-26.1441600" lon="-51.1155200">
    <ele>794.0</ele>
   </trkpt>
   <trkpt lat="-26.1441740" lon="-51.1155350">
    <ele>794.0</ele>
   </trkpt>
   <trkpt lat="-26.1441860" lon="-51.1155540">
    <ele>794.4</ele>
   </trkpt>
   <trkpt lat="-26.1441960" lon="-51.1155720">
    <ele>794.6</ele>
   </trkpt>
   <trkpt lat="-26.1442060" lon="-51.1155910">
    <ele>794.8</ele>
   </trkpt>
   <trkpt lat="-26.1442200" lon="-51.1156100">
    <ele>795.0</ele>
   </trkpt>
   <trkpt lat="-26.1442320" lon="-51.1156260">
    <ele>795.2</ele>
   </trkpt>
   <trkpt lat="-26.1442590" lon="-51.1156560">
    <ele>795.4</ele>
   </trkpt>
   <trkpt lat="-26.1442740" lon="-51.1156700">
    <ele>795.6</ele>
   </trkpt>
   <trkpt lat="-26.1442870" lon="-51.1156840">
    <ele>796.2</ele>
   </trkpt>
   <trkpt lat="-26.1442990" lon="-51.1156990">
    <ele>796.4</ele>
   </trkpt>
   <trkpt lat="-26.1443130" lon="-51.1157130">
    <ele>796.6</ele>
   </trkpt>
   <trkpt lat="-26.1443260" lon="-51.1157250">
    <ele>796.8</ele>
   </trkpt>
   <trkpt lat="-26.1443400" lon="-51.1157380">
    <ele>797.0</ele>
   </trkpt>
   <trkpt lat="-26.1443530" lon="-51.1157520">
    <ele>797.2</ele>
   </trkpt>
   <trkpt lat="-26.1443680" lon="-51.1157690">
    <ele>797.4</ele>
   </trkpt>
   <trkpt lat="-26.1443820" lon="-51.1157840">
    <ele>797.6</ele>
   </trkpt>
   <trkpt lat="-26.1443950" lon="-51.1158010">
    <ele>797.8</ele>
   </trkpt>
   <trkpt lat="-26.1444070" lon="-51.1158170">
    <ele>797.8</ele>
   </trkpt>
   <trkpt lat="-26.1444210" lon="-51.1158300">
    <ele>798.0</ele>
   </trkpt>
   <trkpt lat="-26.1444330" lon="-51.1158420">
    <ele>798.2</ele>
   </trkpt>
   <trkpt lat="-26.1444460" lon="-51.1158560">
    <ele>798.4</ele>
   </trkpt>
   <trkpt lat="-26.1444590" lon="-51.1158670">
    <ele>798.6</ele>
   </trkpt>
   <trkpt lat="-26.1444730" lon="-51.1158820">
    <ele>798.6</ele>
   </trkpt>
   <trkpt lat="-26.1444850" lon="-51.1158970">
    <ele>799.0</ele>
   </trkpt>
   <trkpt lat="-26.1444960" lon="-51.1159120">
    <ele>799.4</ele>
   </trkpt>
   <trkpt lat="-26.1445080" lon="-51.1159250">
    <ele>799.8</ele>
   </trkpt>
   <trkpt lat="-26.1445200" lon="-51.1159350">
    <ele>800.0</ele>
   </trkpt>
   <trkpt lat="-26.1445300" lon="-51.1159440">
    <ele>800.0</ele>
   </trkpt>
   <trkpt lat="-26.1445410" lon="-51.1159530">
    <ele>800.0</ele>
   </trkpt>
   <trkpt lat="-26.1445520" lon="-51.1159640">
    <ele>800.2</ele>
   </trkpt>
   <trkpt lat="-26.1445650" lon="-51.1159780">
    <ele>800.4</ele>
   </trkpt>
   <trkpt lat="-26.1445790" lon="-51.1159880">
    <ele>800.4</ele>
   </trkpt>
   <trkpt lat="-26.1445950" lon="-51.1159980">
    <ele>800.6</ele>
   </trkpt>
   <trkpt lat="-26.1446090" lon="-51.1160090">
    <ele>800.8</ele>
   </trkpt>
   <trkpt lat="-26.1446220" lon="-51.1160240">
    <ele>801.0</ele>
   </trkpt>
   <trkpt lat="-26.1446340" lon="-51.1160400">
    <ele>801.2</ele>
   </trkpt>
   <trkpt lat="-26.1446460" lon="-51.1160550">
    <ele>801.6</ele>
   </trkpt>
   <trkpt lat="-26.1446560" lon="-51.1160660">
    <ele>801.8</ele>
   </trkpt>
   <trkpt lat="-26.1446680" lon="-51.1160790">
    <ele>801.8</ele>
   </trkpt>
   <trkpt lat="-26.1446780" lon="-51.1160970">
    <ele>801.8</ele>
   </trkpt>
   <trkpt lat="-26.1446890" lon="-51.1161080">
    <ele>802.0</ele>
   </trkpt>
   <trkpt lat="-26.1447040" lon="-51.1161190">
    <ele>802.2</ele>
   </trkpt>
   <trkpt lat="-26.1447190" lon="-51.1161300">
    <ele>802.4</ele>
   </trkpt>
   <trkpt lat="-26.1447340" lon="-51.1161400">
    <ele>802.8</ele>
   </trkpt>
   <trkpt lat="-26.1447510" lon="-51.1161480">
    <ele>802.8</ele>
   </trkpt>
   <trkpt lat="-26.1447690" lon="-51.1161530">
    <ele>803.0</ele>
   </trkpt>
   <trkpt lat="-26.1447850" lon="-51.1161580">
    <ele>803.0</ele>
   </trkpt>
   <trkpt lat="-26.1448010" lon="-51.1161630">
    <ele>803.2</ele>
   </trkpt>
   <trkpt lat="-26.1448170" lon="-51.1161620">
    <ele>803.2</ele>
   </trkpt>
   <trkpt lat="-26.1448320" lon="-51.1161580">
    <ele>803.4</ele>
   </trkpt>
   <trkpt lat="-26.1448490" lon="-51.1161520">
    <ele>803.4</ele>
   </trkpt>
   <trkpt lat="-26.1448640" lon="-51.1161440">
    <ele>804.2</ele>
   </trkpt>
   <trkpt lat="-26.1448800" lon="-51.1161340">
    <ele>804.6</ele>
   </trkpt>
   <trkpt lat="-26.1448960" lon="-51.1161210">
    <ele>804.6</ele>
   </trkpt>
   <trkpt lat="-26.1449100" lon="-51.1161090">
    <ele>804.8</ele>
   </trkpt>
   <trkpt lat="-26.1449230" lon="-51.1160930">
    <ele>805.0</ele>
   </trkpt>
   <trkpt lat="-26.1449330" lon="-51.1160790">
    <ele>805.2</ele>
   </trkpt>
   <trkpt lat="-26.1449450" lon="-51.1160630">
    <ele>805.2</ele>
   </trkpt>
   <trkpt lat="-26.1449580" lon="-51.1160440">
    <ele>805.4</ele>
   </trkpt>
   <trkpt lat="-26.1449690" lon="-51.1160250">
    <ele>805.6</ele>
   </trkpt>
   <trkpt lat="-26.1449780" lon="-51.1160080">
    <ele>805.8</ele>
   </trkpt>
   <trkpt lat="-26.1449900" lon="-51.1159910">
    <ele>806.0</ele>
   </trkpt>
   <trkpt lat="-26.1450040" lon="-51.1159730">
    <ele>806.2</ele>
   </trkpt>
   <trkpt lat="-26.1450200" lon="-51.1159560">
    <ele>806.4</ele>
   </trkpt>
   <trkpt lat="-26.1450380" lon="-51.1159410">
    <ele>806.4</ele>
   </trkpt>
   <trkpt lat="-26.1450530" lon="-51.1159280">
    <ele>806.6</ele>
   </trkpt>
   <trkpt lat="-26.1450690" lon="-51.1159140">
    <ele>806.6</ele>
   </trkpt>
   <trkpt lat="-26.1450860" lon="-51.1158970">
    <ele>806.8</ele>
   </trkpt>
   <trkpt lat="-26.1451040" lon="-51.1158800">
    <ele>806.8</ele>
   </trkpt>
   <trkpt lat="-26.1451210" lon="-51.1158630">
    <ele>806.8</ele>
   </trkpt>
   <trkpt lat="-26.1451390" lon="-51.1158470">
    <ele>806.8</ele>
   </trkpt>
   <trkpt lat="-26.1451560" lon="-51.1158310">
    <ele>806.8</ele>
   </trkpt>
   <trkpt lat="-26.1451700" lon="-51.1158170">
    <ele>806.8</ele>
   </trkpt>
   <trkpt lat="-26.1451820" lon="-51.1158040">
    <ele>806.8</ele>
   </trkpt>
   <trkpt lat="-26.1451950" lon="-51.1157900">
    <ele>806.8</ele>
   </trkpt>
   <trkpt lat="-26.1452110" lon="-51.1157770">
    <ele>806.8</ele>
   </trkpt>
   <trkpt lat="-26.1452280" lon="-51.1157610">
    <ele>806.8</ele>
   </trkpt>
   <trkpt lat="-26.1452460" lon="-51.1157440">
    <ele>806.8</ele>
   </trkpt>
   <trkpt lat="-26.1452630" lon="-51.1157270">
    <ele>806.8</ele>
   </trkpt>
   <trkpt lat="-26.1452820" lon="-51.1157080">
    <ele>806.8</ele>
   </trkpt>
   <trkpt lat="-26.1453100" lon="-51.1156750">
    <ele>806.8</ele>
   </trkpt>
   <trkpt lat="-26.1453190" lon="-51.1156640">
    <ele>807.0</ele>
   </trkpt>
   <trkpt lat="-26.1453390" lon="-51.1156440">
    <ele>807.2</ele>
   </trkpt>
   <trkpt lat="-26.1453800" lon="-51.1156090">
    <ele>807.4</ele>
   </trkpt>
   <trkpt lat="-26.1455440" lon="-51.1155290">
    <ele>807.4</ele>
   </trkpt>
   <trkpt lat="-26.1455750" lon="-51.1155250">
    <ele>807.4</ele>
   </trkpt>
   <trkpt lat="-26.1456030" lon="-51.1155260">
    <ele>807.6</ele>
   </trkpt>
   <trkpt lat="-26.1456290" lon="-51.1155320">
    <ele>807.6</ele>
   </trkpt>
   <trkpt lat="-26.1456560" lon="-51.1155490">
    <ele>807.8</ele>
   </trkpt>
   <trkpt lat="-26.1456810" lon="-51.1155680">
    <ele>808.0</ele>
   </trkpt>
   <trkpt lat="-26.1457050" lon="-51.1155900">
    <ele>808.2</ele>
   </trkpt>
   <trkpt lat="-26.1457280" lon="-51.1156100">
    <ele>808.2</ele>
   </trkpt>
   <trkpt lat="-26.1457490" lon="-51.1156320">
    <ele>808.2</ele>
   </trkpt>
   <trkpt lat="-26.1457690" lon="-51.1156530">
    <ele>808.4</ele>
   </trkpt>
   <trkpt lat="-26.1457890" lon="-51.1156730">
    <ele>808.4</ele>
   </trkpt>
   <trkpt lat="-26.1458070" lon="-51.1156910">
    <ele>808.6</ele>
   </trkpt>
   <trkpt lat="-26.1458230" lon="-51.1157110">
    <ele>808.6</ele>
   </trkpt>
   <trkpt lat="-26.1458530" lon="-51.1157480">
    <ele>808.8</ele>
   </trkpt>
   <trkpt lat="-26.1458670" lon="-51.1157630">
    <ele>808.8</ele>
   </trkpt>
   <trkpt lat="-26.1458810" lon="-51.1157760">
    <ele>809.2</ele>
   </trkpt>
   <trkpt lat="-26.1458960" lon="-51.1157900">
    <ele>809.6</ele>
   </trkpt>
   <trkpt lat="-26.1459100" lon="-51.1158030">
    <ele>810.0</ele>
   </trkpt>
   <trkpt lat="-26.1459270" lon="-51.1158140">
    <ele>810.2</ele>
   </trkpt>
   <trkpt lat="-26.1459420" lon="-51.1158280">
    <ele>810.2</ele>
   </trkpt>
   <trkpt lat="-26.1459540" lon="-51.1158430">
    <ele>810.4</ele>
   </trkpt>
   <trkpt lat="-26.1459650" lon="-51.1158550">
    <ele>810.8</ele>
   </trkpt>
   <trkpt lat="-26.1459730" lon="-51.1158660">
    <ele>811.0</ele>
   </trkpt>
   <trkpt lat="-26.1459820" lon="-51.1158760">
    <ele>811.4</ele>
   </trkpt>
   <trkpt lat="-26.1459930" lon="-51.1158890">
    <ele>811.6</ele>
   </trkpt>
   <trkpt lat="-26.1460010" lon="-51.1159010">
    <ele>811.8</ele>
   </trkpt>
   <trkpt lat="-26.1460080" lon="-51.1159130">
    <ele>812.2</ele>
   </trkpt>
   <trkpt lat="-26.1460170" lon="-51.1159250">
    <ele>812.4</ele>
   </trkpt>
   <trkpt lat="-26.1460230" lon="-51.1159370">
    <ele>812.6</ele>
   </trkpt>
   <trkpt lat="-26.1460310" lon="-51.1159480">
    <ele>812.8</ele>
   </trkpt>
   <trkpt lat="-26.1460410" lon="-51.1159580">
    <ele>813.0</ele>
   </trkpt>
   <trkpt lat="-26.1460540" lon="-51.1159690">
    <ele>813.4</ele>
   </trkpt>
   <trkpt lat="-26.1460660" lon="-51.1159810">
    <ele>813.6</ele>
   </trkpt>
   <trkpt lat="-26.1460790" lon="-51.1159950">
    <ele>814.0</ele>
   </trkpt>
   <trkpt lat="-26.1460890" lon="-51.1160050">
    <ele>814.2</ele>
   </trkpt>
   <trkpt lat="-26.1460980" lon="-51.1160120">
    <ele>814.4</ele>
   </trkpt>
   <trkpt lat="-26.1461060" lon="-51.1160200">
    <ele>814.6</ele>
   </trkpt>
   <trkpt lat="-26.1461110" lon="-51.1160300">
    <ele>815.0</ele>
   </trkpt>
   <trkpt lat="-26.1461190" lon="-51.1160410">
    <ele>815.2</ele>
   </trkpt>
   <trkpt lat="-26.1461280" lon="-51.1160520">
    <ele>815.4</ele>
   </trkpt>
   <trkpt lat="-26.1461370" lon="-51.1160630">
    <ele>815.6</ele>
   </trkpt>
   <trkpt lat="-26.1461470" lon="-51.1160730">
    <ele>816.0</ele>
   </trkpt>
   <trkpt lat="-26.1461550" lon="-51.1160840">
    <ele>816.2</ele>
   </trkpt>
   <trkpt lat="-26.1461620" lon="-51.1160950">
    <ele>816.4</ele>
   </trkpt>
   <trkpt lat="-26.1461650" lon="-51.1161000">
    <ele>816.6</ele>
   </trkpt>
   <trkpt lat="-26.1461610" lon="-51.1160950">
    <ele>816.8</ele>
   </trkpt>
   <trkpt lat="-26.1461610" lon="-51.1160950">
    <ele>816.8</ele>
   </trkpt>
   <trkpt lat="-26.1461610" lon="-51.1160950">
    <ele>816.8</ele>
   </trkpt>
   <trkpt lat="-26.1461610" lon="-51.1160950">
    <ele>816.8</ele>
   </trkpt>
   <trkpt lat="-26.1461610" lon="-51.1160950">
    <ele>816.8</ele>
   </trkpt>
   <trkpt lat="-26.1461610" lon="-51.1160950">
    <ele>816.8</ele>
   </trkpt>
   <trkpt lat="-26.1461610" lon="-51.1160950">
    <ele>816.8</ele>
   </trkpt>
   <trkpt lat="-26.1461610" lon="-51.1160950">
    <ele>816.8</ele>
   </trkpt>
   <trkpt lat="-26.1461610" lon="-51.1160950">
    <ele>816.8</ele>
   </trkpt>
   <trkpt lat="-26.1461610" lon="-51.1160950">
    <ele>816.6</ele>
   </trkpt>
   <trkpt lat="-26.1461610" lon="-51.1160950">
    <ele>816.6</ele>
   </trkpt>
   <trkpt lat="-26.1461610" lon="-51.1160950">
    <ele>816.6</ele>
   </trkpt>
   <trkpt lat="-26.1461610" lon="-51.1160950">
    <ele>816.6</ele>
   </trkpt>
   <trkpt lat="-26.1461610" lon="-51.1160950">
    <ele>816.6</ele>
   </trkpt>
   <trkpt lat="-26.1461550" lon="-51.1160930">
    <ele>816.8</ele>
   </trkpt>
   <trkpt lat="-26.1461550" lon="-51.1160930">
    <ele>816.6</ele>
   </trkpt>
   <trkpt lat="-26.1461550" lon="-51.1160930">
    <ele>816.6</ele>
   </trkpt>
   <trkpt lat="-26.1461550" lon="-51.1160930">
    <ele>816.6</ele>
   </trkpt>
   <trkpt lat="-26.1461550" lon="-51.1160930">
    <ele>816.6</ele>
   </trkpt>
   <trkpt lat="-26.1461550" lon="-51.1160930">
    <ele>816.4</ele>
   </trkpt>
   <trkpt lat="-26.1461550" lon="-51.1160930">
    <ele>816.4</ele>
   </trkpt>
   <trkpt lat="-26.1461590" lon="-51.1160980">
    <ele>816.8</ele>
   </trkpt>
   <trkpt lat="-26.1461590" lon="-51.1160980">
    <ele>816.2</ele>
   </trkpt>
   <trkpt lat="-26.1461590" lon="-51.1160980">
    <ele>816.2</ele>
   </trkpt>
   <trkpt lat="-26.1461590" lon="-51.1160980">
    <ele>816.0</ele>
   </trkpt>
   <trkpt lat="-26.1461630" lon="-51.1161020">
    <ele>816.0</ele>
   </trkpt>
   <trkpt lat="-26.1461880" lon="-51.1161420">
    <ele>816.6</ele>
   </trkpt>
   <trkpt lat="-26.1461960" lon="-51.1161700">
    <ele>817.0</ele>
   </trkpt>
   <trkpt lat="-26.1461980" lon="-51.1161820">
    <ele>817.2</ele>
   </trkpt>
   <trkpt lat="-26.1462010" lon="-51.1161900">
    <ele>817.4</ele>
   </trkpt>
   <trkpt lat="-26.1462090" lon="-51.1161990">
    <ele>817.6</ele>
   </trkpt>
   <trkpt lat="-26.1462310" lon="-51.1162340">
    <ele>818.4</ele>
   </trkpt>
   <trkpt lat="-26.1462580" lon="-51.1162710">
    <ele>819.0</ele>
   </trkpt>
   <trkpt lat="-26.1462750" lon="-51.1162940">
    <ele>819.4</ele>
   </trkpt>
   <trkpt lat="-26.1462850" lon="-51.1163070">
    <ele>819.6</ele>
   </trkpt>
   <trkpt lat="-26.1462960" lon="-51.1163230">
    <ele>820.0</ele>
   </trkpt>
   <trkpt lat="-26.1463050" lon="-51.1163370">
    <ele>820.4</ele>
   </trkpt>
   <trkpt lat="-26.1463050" lon="-51.1163370">
    <ele>820.6</ele>
   </trkpt>
   <trkpt lat="-26.1463150" lon="-51.1163500">
    <ele>820.8</ele>
   </trkpt>
   <trkpt lat="-26.1463380" lon="-51.1163770">
    <ele>821.2</ele>
   </trkpt>
   <trkpt lat="-26.1463480" lon="-51.1163900">
    <ele>821.4</ele>
   </trkpt>
   <trkpt lat="-26.1463570" lon="-51.1164050">
    <ele>821.6</ele>
   </trkpt>
   <trkpt lat="-26.1463640" lon="-51.1164190">
    <ele>821.6</ele>
   </trkpt>
   <trkpt lat="-26.1463640" lon="-51.1164190">
    <ele>822.0</ele>
   </trkpt>
   <trkpt lat="-26.1463810" lon="-51.1164450">
    <ele>822.2</ele>
   </trkpt>
   <trkpt lat="-26.1463810" lon="-51.1164450">
    <ele>822.4</ele>
   </trkpt>
   <trkpt lat="-26.1463900" lon="-51.1164580">
    <ele>822.8</ele>
   </trkpt>
   <trkpt lat="-26.1464050" lon="-51.1164860">
    <ele>823.2</ele>
   </trkpt>
   <trkpt lat="-26.1464050" lon="-51.1164860">
    <ele>823.6</ele>
   </trkpt>
   <trkpt lat="-26.1464240" lon="-51.1165040">
    <ele>823.8</ele>
   </trkpt>
   <trkpt lat="-26.1464320" lon="-51.1165160">
    <ele>823.8</ele>
   </trkpt>
   <trkpt lat="-26.1464320" lon="-51.1165160">
    <ele>824.0</ele>
   </trkpt>
   <trkpt lat="-26.1464400" lon="-51.1165300">
    <ele>824.2</ele>
   </trkpt>
   <trkpt lat="-26.1464540" lon="-51.1165600">
    <ele>824.4</ele>
   </trkpt>
   <trkpt lat="-26.1464540" lon="-51.1165600">
    <ele>824.6</ele>
   </trkpt>
   <trkpt lat="-26.1464770" lon="-51.1165840">
    <ele>824.8</ele>
   </trkpt>
   <trkpt lat="-26.1464770" lon="-51.1165840">
    <ele>825.0</ele>
   </trkpt>
   <trkpt lat="-26.1464880" lon="-51.1165970">
    <ele>825.2</ele>
   </trkpt>
   <trkpt lat="-26.1465050" lon="-51.1166260">
    <ele>825.2</ele>
   </trkpt>
   <trkpt lat="-26.1465050" lon="-51.1166260">
    <ele>825.4</ele>
   </trkpt>
   <trkpt lat="-26.1465130" lon="-51.1166410">
    <ele>825.4</ele>
   </trkpt>
   <trkpt lat="-26.1465210" lon="-51.1166580">
    <ele>825.6</ele>
   </trkpt>
   <trkpt lat="-26.1465280" lon="-51.1166750">
    <ele>825.8</ele>
   </trkpt>
   <trkpt lat="-26.1465430" lon="-51.1167020">
    <ele>826.0</ele>
   </trkpt>
   <trkpt lat="-26.1465430" lon="-51.1167020">
    <ele>826.0</ele>
   </trkpt>
   <trkpt lat="-26.1465530" lon="-51.1167150">
    <ele>826.2</ele>
   </trkpt>
   <trkpt lat="-26.1465720" lon="-51.1167450">
    <ele>826.2</ele>
   </trkpt>
   <trkpt lat="-26.1465820" lon="-51.1167590">
    <ele>826.2</ele>
   </trkpt>
   <trkpt lat="-26.1465820" lon="-51.1167590">
    <ele>826.4</ele>
   </trkpt>
   <trkpt lat="-26.1465910" lon="-51.1167760">
    <ele>826.6</ele>
   </trkpt>
   <trkpt lat="-26.1466010" lon="-51.1167970">
    <ele>826.6</ele>
   </trkpt>
   <trkpt lat="-26.1466250" lon="-51.1168380">
    <ele>826.6</ele>
   </trkpt>
   <trkpt lat="-26.1466250" lon="-51.1168380">
    <ele>826.8</ele>
   </trkpt>
   <trkpt lat="-26.1466500" lon="-51.1168690">
    <ele>826.8</ele>
   </trkpt>
   <trkpt lat="-26.1466620" lon="-51.1168840">
    <ele>827.0</ele>
   </trkpt>
   <trkpt lat="-26.1466700" lon="-51.1169000">
    <ele>827.0</ele>
   </trkpt>
   <trkpt lat="-26.1466770" lon="-51.1169200">
    <ele>827.0</ele>
   </trkpt>
   <trkpt lat="-26.1466870" lon="-51.1169400">
    <ele>827.0</ele>
   </trkpt>
   <trkpt lat="-26.1466980" lon="-51.1169600">
    <ele>827.0</ele>
   </trkpt>
   <trkpt lat="-26.1466980" lon="-51.1169600">
    <ele>827.0</ele>
   </trkpt>
   <trkpt lat="-26.1467280" lon="-51.1169970">
    <ele>827.0</ele>
   </trkpt>
   <trkpt lat="-26.1467410" lon="-51.1170140">
    <ele>827.2</ele>
   </trkpt>
   <trkpt lat="-26.1467410" lon="-51.1170140">
    <ele>827.2</ele>
   </trkpt>
   <trkpt lat="-26.1467530" lon="-51.1170310">
    <ele>827.2</ele>
   </trkpt>
   <trkpt lat="-26.1467640" lon="-51.1170480">
    <ele>827.4</ele>
   </trkpt>
   <trkpt lat="-26.1467750" lon="-51.1170680">
    <ele>827.4</ele>
   </trkpt>
   <trkpt lat="-26.1468310" lon="-51.1171400">
    <ele>827.4</ele>
   </trkpt>
   <trkpt lat="-26.1468590" lon="-51.1171710">
    <ele>827.8</ele>
   </trkpt>
   <trkpt lat="-26.1469050" lon="-51.1172150">
    <ele>828.2</ele>
   </trkpt>
   <trkpt lat="-26.1469310" lon="-51.1172460">
    <ele>828.2</ele>
   </trkpt>
   <trkpt lat="-26.1469310" lon="-51.1172460">
    <ele>828.4</ele>
   </trkpt>
   <trkpt lat="-26.1469590" lon="-51.1172730">
    <ele>828.4</ele>
   </trkpt>
   <trkpt lat="-26.1469590" lon="-51.1172730">
    <ele>828.6</ele>
   </trkpt>
   <trkpt lat="-26.1469830" lon="-51.1172890">
    <ele>829.0</ele>
   </trkpt>
   <trkpt lat="-26.1469830" lon="-51.1172890">
    <ele>829.0</ele>
   </trkpt>
   <trkpt lat="-26.1469930" lon="-51.1172980">
    <ele>829.4</ele>
   </trkpt>
   <trkpt lat="-26.1470190" lon="-51.1173100">
    <ele>829.6</ele>
   </trkpt>
   <trkpt lat="-26.1470190" lon="-51.1173100">
    <ele>829.8</ele>
   </trkpt>
   <trkpt lat="-26.1470410" lon="-51.1173230">
    <ele>830.0</ele>
   </trkpt>
   <trkpt lat="-26.1470490" lon="-51.1173300">
    <ele>830.2</ele>
   </trkpt>
   <trkpt lat="-26.1470490" lon="-51.1173300">
    <ele>830.4</ele>
   </trkpt>
   <trkpt lat="-26.1470610" lon="-51.1173390">
    <ele>830.6</ele>
   </trkpt>
   <trkpt lat="-26.1470890" lon="-51.1173620">
    <ele>830.6</ele>
   </trkpt>
   <trkpt lat="-26.1471020" lon="-51.1173690">
    <ele>830.8</ele>
   </trkpt>
   <trkpt lat="-26.1471140" lon="-51.1173770">
    <ele>831.2</ele>
   </trkpt>
   <trkpt lat="-26.1471260" lon="-51.1173860">
    <ele>831.4</ele>
   </trkpt>
   <trkpt lat="-26.1471350" lon="-51.1173920">
    <ele>831.6</ele>
   </trkpt>
   <trkpt lat="-26.1471350" lon="-51.1173920">
    <ele>831.8</ele>
   </trkpt>
   <trkpt lat="-26.1471560" lon="-51.1174030">
    <ele>832.0</ele>
   </trkpt>
   <trkpt lat="-26.1471690" lon="-51.1174090">
    <ele>832.2</ele>
   </trkpt>
   <trkpt lat="-26.1471830" lon="-51.1174140">
    <ele>832.4</ele>
   </trkpt>
   <trkpt lat="-26.1471950" lon="-51.1174240">
    <ele>832.6</ele>
   </trkpt>
   <trkpt lat="-26.1472090" lon="-51.1174350">
    <ele>832.8</ele>
   </trkpt>
   <trkpt lat="-26.1472210" lon="-51.1174380">
    <ele>832.8</ele>
   </trkpt>
   <trkpt lat="-26.1472320" lon="-51.1174440">
    <ele>833.2</ele>
   </trkpt>
   <trkpt lat="-26.1472430" lon="-51.1174500">
    <ele>833.6</ele>
   </trkpt>
   <trkpt lat="-26.1472550" lon="-51.1174560">
    <ele>833.8</ele>
   </trkpt>
   <trkpt lat="-26.1472660" lon="-51.1174620">
    <ele>834.0</ele>
   </trkpt>
   <trkpt lat="-26.1472820" lon="-51.1174730">
    <ele>834.2</ele>
   </trkpt>
   <trkpt lat="-26.1472960" lon="-51.1174830">
    <ele>834.4</ele>
   </trkpt>
   <trkpt lat="-26.1473070" lon="-51.1174930">
    <ele>834.6</ele>
   </trkpt>
   <trkpt lat="-26.1473190" lon="-51.1175030">
    <ele>835.0</ele>
   </trkpt>
   <trkpt lat="-26.1473320" lon="-51.1175100">
    <ele>835.2</ele>
   </trkpt>
   <trkpt lat="-26.1473320" lon="-51.1175100">
    <ele>835.4</ele>
   </trkpt>
   <trkpt lat="-26.1473610" lon="-51.1175200">
    <ele>835.6</ele>
   </trkpt>
   <trkpt lat="-26.1473750" lon="-51.1175250">
    <ele>835.8</ele>
   </trkpt>
   <trkpt lat="-26.1473870" lon="-51.1175300">
    <ele>836.0</ele>
   </trkpt>
   <trkpt lat="-26.1474030" lon="-51.1175350">
    <ele>836.2</ele>
   </trkpt>
   <trkpt lat="-26.1474200" lon="-51.1175390">
    <ele>836.4</ele>
   </trkpt>
   <trkpt lat="-26.1474200" lon="-51.1175390">
    <ele>836.8</ele>
   </trkpt>
   <trkpt lat="-26.1474470" lon="-51.1175480">
    <ele>837.0</ele>
   </trkpt>
   <trkpt lat="-26.1474610" lon="-51.1175560">
    <ele>837.2</ele>
   </trkpt>
   <trkpt lat="-26.1474750" lon="-51.1175600">
    <ele>837.4</ele>
   </trkpt>
   <trkpt lat="-26.1474870" lon="-51.1175620">
    <ele>837.6</ele>
   </trkpt>
   <trkpt lat="-26.1475000" lon="-51.1175640">
    <ele>837.8</ele>
   </trkpt>
   <trkpt lat="-26.1475130" lon="-51.1175670">
    <ele>838.2</ele>
   </trkpt>
   <trkpt lat="-26.1475130" lon="-51.1175670">
    <ele>838.4</ele>
   </trkpt>
   <trkpt lat="-26.1475270" lon="-51.1175680">
    <ele>838.4</ele>
   </trkpt>
   <trkpt lat="-26.1475360" lon="-51.1175690">
    <ele>838.8</ele>
   </trkpt>
   <trkpt lat="-26.1475490" lon="-51.1175680">
    <ele>838.8</ele>
   </trkpt>
   <trkpt lat="-26.1475620" lon="-51.1175630">
    <ele>839.0</ele>
   </trkpt>
   <trkpt lat="-26.1475750" lon="-51.1175590">
    <ele>839.0</ele>
   </trkpt>
   <trkpt lat="-26.1475920" lon="-51.1175570">
    <ele>839.2</ele>
   </trkpt>
   <trkpt lat="-26.1476100" lon="-51.1175540">
    <ele>839.4</ele>
   </trkpt>
   <trkpt lat="-26.1476100" lon="-51.1175540">
    <ele>839.6</ele>
   </trkpt>
   <trkpt lat="-26.1476400" lon="-51.1175370">
    <ele>840.0</ele>
   </trkpt>
   <trkpt lat="-26.1476490" lon="-51.1175300">
    <ele>840.2</ele>
   </trkpt>
   <trkpt lat="-26.1476490" lon="-51.1175300">
    <ele>840.4</ele>
   </trkpt>
   <trkpt lat="-26.1476600" lon="-51.1175210">
    <ele>840.6</ele>
   </trkpt>
   <trkpt lat="-26.1476760" lon="-51.1175020">
    <ele>841.0</ele>
   </trkpt>
   <trkpt lat="-26.1476830" lon="-51.1174900">
    <ele>841.4</ele>
   </trkpt>
   <trkpt lat="-26.1476910" lon="-51.1174790">
    <ele>841.4</ele>
   </trkpt>
   <trkpt lat="-26.1476960" lon="-51.1174680">
    <ele>841.6</ele>
   </trkpt>
   <trkpt lat="-26.1476960" lon="-51.1174680">
    <ele>841.8</ele>
   </trkpt>
   <trkpt lat="-26.1477100" lon="-51.1174500">
    <ele>842.0</ele>
   </trkpt>
   <trkpt lat="-26.1477160" lon="-51.1174430">
    <ele>842.2</ele>
   </trkpt>
   <trkpt lat="-26.1477220" lon="-51.1174310">
    <ele>842.4</ele>
   </trkpt>
   <trkpt lat="-26.1477250" lon="-51.1174170">
    <ele>842.4</ele>
   </trkpt>
   <trkpt lat="-26.1477280" lon="-51.1173990">
    <ele>842.6</ele>
   </trkpt>
   <trkpt lat="-26.1477310" lon="-51.1173800">
    <ele>842.8</ele>
   </trkpt>
   <trkpt lat="-26.1477380" lon="-51.1173700">
    <ele>842.8</ele>
   </trkpt>
   <trkpt lat="-26.1477470" lon="-51.1173580">
    <ele>842.8</ele>
   </trkpt>
   <trkpt lat="-26.1477570" lon="-51.1173410">
    <ele>842.8</ele>
   </trkpt>
   <trkpt lat="-26.1477620" lon="-51.1173250">
    <ele>843.0</ele>
   </trkpt>
   <trkpt lat="-26.1477630" lon="-51.1173070">
    <ele>843.0</ele>
   </trkpt>
   <trkpt lat="-26.1477670" lon="-51.1172890">
    <ele>843.4</ele>
   </trkpt>
   <trkpt lat="-26.1477710" lon="-51.1172710">
    <ele>843.6</ele>
   </trkpt>
   <trkpt lat="-26.1477750" lon="-51.1172550">
    <ele>844.0</ele>
   </trkpt>
   <trkpt lat="-26.1477820" lon="-51.1172410">
    <ele>844.2</ele>
   </trkpt>
   <trkpt lat="-26.1477960" lon="-51.1172260">
    <ele>844.4</ele>
   </trkpt>
   <trkpt lat="-26.1478050" lon="-51.1172090">
    <ele>844.6</ele>
   </trkpt>
   <trkpt lat="-26.1478140" lon="-51.1171930">
    <ele>844.8</ele>
   </trkpt>
   <trkpt lat="-26.1478220" lon="-51.1171830">
    <ele>844.8</ele>
   </trkpt>
   <trkpt lat="-26.1478290" lon="-51.1171700">
    <ele>844.8</ele>
   </trkpt>
   <trkpt lat="-26.1478290" lon="-51.1171700">
    <ele>845.0</ele>
   </trkpt>
   <trkpt lat="-26.1478530" lon="-51.1171410">
    <ele>845.2</ele>
   </trkpt>
   <trkpt lat="-26.1478680" lon="-51.1171240">
    <ele>845.2</ele>
   </trkpt>
   <trkpt lat="-26.1478680" lon="-51.1171240">
    <ele>845.4</ele>
   </trkpt>
   <trkpt lat="-26.1479010" lon="-51.1170930">
    <ele>845.4</ele>
   </trkpt>
   <trkpt lat="-26.1479160" lon="-51.1170750">
    <ele>845.4</ele>
   </trkpt>
   <trkpt lat="-26.1479330" lon="-51.1170570">
    <ele>845.4</ele>
   </trkpt>
   <trkpt lat="-26.1479580" lon="-51.1170410">
    <ele>845.4</ele>
   </trkpt>
   <trkpt lat="-26.1479840" lon="-51.1170360">
    <ele>845.4</ele>
   </trkpt>
   <trkpt lat="-26.1479840" lon="-51.1170360">
    <ele>845.4</ele>
   </trkpt>
   <trkpt lat="-26.1480250" lon="-51.1170290">
    <ele>845.6</ele>
   </trkpt>
   <trkpt lat="-26.1480470" lon="-51.1170360">
    <ele>845.8</ele>
   </trkpt>
   <trkpt lat="-26.1480690" lon="-51.1170400">
    <ele>845.8</ele>
   </trkpt>
   <trkpt lat="-26.1480910" lon="-51.1170410">
    <ele>846.0</ele>
   </trkpt>
   <trkpt lat="-26.1481100" lon="-51.1170450">
    <ele>846.4</ele>
   </trkpt>
   <trkpt lat="-26.1481270" lon="-51.1170510">
    <ele>846.6</ele>
   </trkpt>
   <trkpt lat="-26.1481470" lon="-51.1170570">
    <ele>846.8</ele>
   </trkpt>
   <trkpt lat="-26.1481470" lon="-51.1170570">
    <ele>847.0</ele>
   </trkpt>
   <trkpt lat="-26.1481800" lon="-51.1170670">
    <ele>847.2</ele>
   </trkpt>
   <trkpt lat="-26.1482000" lon="-51.1170750">
    <ele>847.4</ele>
   </trkpt>
   <trkpt lat="-26.1482000" lon="-51.1170750">
    <ele>847.8</ele>
   </trkpt>
   <trkpt lat="-26.1482330" lon="-51.1170830">
    <ele>848.2</ele>
   </trkpt>
   <trkpt lat="-26.1482490" lon="-51.1170870">
    <ele>848.2</ele>
   </trkpt>
   <trkpt lat="-26.1482490" lon="-51.1170870">
    <ele>848.4</ele>
   </trkpt>
   <trkpt lat="-26.1482800" lon="-51.1170900">
    <ele>848.6</ele>
   </trkpt>
   <trkpt lat="-26.1482960" lon="-51.1170930">
    <ele>849.0</ele>
   </trkpt>
   <trkpt lat="-26.1483110" lon="-51.1170930">
    <ele>849.2</ele>
   </trkpt>
   <trkpt lat="-26.1483240" lon="-51.1170910">
    <ele>849.4</ele>
   </trkpt>
   <trkpt lat="-26.1483380" lon="-51.1170920">
    <ele>849.8</ele>
   </trkpt>
   <trkpt lat="-26.1483530" lon="-51.1170920">
    <ele>850.0</ele>
   </trkpt>
   <trkpt lat="-26.1483710" lon="-51.1170880">
    <ele>850.2</ele>
   </trkpt>
   <trkpt lat="-26.1483900" lon="-51.1170870">
    <ele>850.6</ele>
   </trkpt>
   <trkpt lat="-26.1484080" lon="-51.1170810">
    <ele>850.8</ele>
   </trkpt>
   <trkpt lat="-26.1484250" lon="-51.1170750">
    <ele>851.2</ele>
   </trkpt>
   <trkpt lat="-26.1484470" lon="-51.1170710">
    <ele>851.6</ele>
   </trkpt>
   <trkpt lat="-26.1484690" lon="-51.1170700">
    <ele>852.0</ele>
   </trkpt>
   <trkpt lat="-26.1484880" lon="-51.1170630">
    <ele>852.4</ele>
   </trkpt>
   <trkpt lat="-26.1485100" lon="-51.1170550">
    <ele>852.8</ele>
   </trkpt>
   <trkpt lat="-26.1485320" lon="-51.1170480">
    <ele>853.0</ele>
   </trkpt>
   <trkpt lat="-26.1485540" lon="-51.1170440">
    <ele>853.2</ele>
   </trkpt>
   <trkpt lat="-26.1485740" lon="-51.1170430">
    <ele>853.6</ele>
   </trkpt>
   <trkpt lat="-26.1485940" lon="-51.1170320">
    <ele>854.0</ele>
   </trkpt>
   <trkpt lat="-26.1486140" lon="-51.1170270">
    <ele>854.4</ele>
   </trkpt>
   <trkpt lat="-26.1486320" lon="-51.1170220">
    <ele>854.6</ele>
   </trkpt>
   <trkpt lat="-26.1486510" lon="-51.1170160">
    <ele>854.6</ele>
   </trkpt>
   <trkpt lat="-26.1486700" lon="-51.1170070">
    <ele>855.0</ele>
   </trkpt>
   <trkpt lat="-26.1486700" lon="-51.1170070">
    <ele>855.0</ele>
   </trkpt>
   <trkpt lat="-26.1487000" lon="-51.1169870">
    <ele>855.2</ele>
   </trkpt>
   <trkpt lat="-26.1487140" lon="-51.1169770">
    <ele>855.6</ele>
   </trkpt>
   <trkpt lat="-26.1487290" lon="-51.1169670">
    <ele>855.8</ele>
   </trkpt>
   <trkpt lat="-26.1487410" lon="-51.1169540">
    <ele>856.0</ele>
   </trkpt>
   <trkpt lat="-26.1487540" lon="-51.1169390">
    <ele>856.4</ele>
   </trkpt>
   <trkpt lat="-26.1487650" lon="-51.1169230">
    <ele>856.6</ele>
   </trkpt>
   <trkpt lat="-26.1487760" lon="-51.1169050">
    <ele>856.6</ele>
   </trkpt>
   <trkpt lat="-26.1487910" lon="-51.1168890">
    <ele>856.8</ele>
   </trkpt>
   <trkpt lat="-26.1488080" lon="-51.1168720">
    <ele>857.0</ele>
   </trkpt>
   <trkpt lat="-26.1488270" lon="-51.1168540">
    <ele>857.0</ele>
   </trkpt>
   <trkpt lat="-26.1488470" lon="-51.1168360">
    <ele>857.0</ele>
   </trkpt>
   <trkpt lat="-26.1488650" lon="-51.1168170">
    <ele>857.0</ele>
   </trkpt>
   <trkpt lat="-26.1488830" lon="-51.1167960">
    <ele>857.0</ele>
   </trkpt>
   <trkpt lat="-26.1489020" lon="-51.1167780">
    <ele>857.0</ele>
   </trkpt>
   <trkpt lat="-26.1489180" lon="-51.1167600">
    <ele>857.0</ele>
   </trkpt>
   <trkpt lat="-26.1489330" lon="-51.1167370">
    <ele>857.0</ele>
   </trkpt>
   <trkpt lat="-26.1489500" lon="-51.1167160">
    <ele>857.0</ele>
   </trkpt>
   <trkpt lat="-26.1489690" lon="-51.1166950">
    <ele>857.0</ele>
   </trkpt>
   <trkpt lat="-26.1489890" lon="-51.1166750">
    <ele>857.2</ele>
   </trkpt>
   <trkpt lat="-26.1490100" lon="-51.1166550">
    <ele>857.2</ele>
   </trkpt>
   <trkpt lat="-26.1490300" lon="-51.1166330">
    <ele>857.2</ele>
   </trkpt>
   <trkpt lat="-26.1490480" lon="-51.1166150">
    <ele>857.0</ele>
   </trkpt>
   <trkpt lat="-26.1490650" lon="-51.1165980">
    <ele>857.0</ele>
   </trkpt>
   <trkpt lat="-26.1490840" lon="-51.1165800">
    <ele>857.0</ele>
   </trkpt>
   <trkpt lat="-26.1491000" lon="-51.1165560">
    <ele>857.0</ele>
   </trkpt>
   <trkpt lat="-26.1491190" lon="-51.1165310">
    <ele>857.0</ele>
   </trkpt>
   <trkpt lat="-26.1491390" lon="-51.1165070">
    <ele>857.2</ele>
   </trkpt>
   <trkpt lat="-26.1491830" lon="-51.1164640">
    <ele>857.4</ele>
   </trkpt>
   <trkpt lat="-26.1492190" lon="-51.1164170">
    <ele>858.4</ele>
   </trkpt>
   <trkpt lat="-26.1493040" lon="-51.1163000">
    <ele>859.2</ele>
   </trkpt>
   <trkpt lat="-26.1493230" lon="-51.1162760">
    <ele>859.4</ele>
   </trkpt>
   <trkpt lat="-26.1493370" lon="-51.1162520">
    <ele>859.4</ele>
   </trkpt>
   <trkpt lat="-26.1493550" lon="-51.1162310">
    <ele>859.6</ele>
   </trkpt>
   <trkpt lat="-26.1493550" lon="-51.1162310">
    <ele>859.6</ele>
   </trkpt>
   <trkpt lat="-26.1493750" lon="-51.1162090">
    <ele>859.8</ele>
   </trkpt>
   <trkpt lat="-26.1494200" lon="-51.1161540">
    <ele>859.8</ele>
   </trkpt>
   <trkpt lat="-26.1494480" lon="-51.1161240">
    <ele>859.6</ele>
   </trkpt>
   <trkpt lat="-26.1494820" lon="-51.1160890">
    <ele>859.6</ele>
   </trkpt>
   <trkpt lat="-26.1495230" lon="-51.1160550">
    <ele>858.4</ele>
   </trkpt>
   <trkpt lat="-26.1495750" lon="-51.1160190">
    <ele>857.8</ele>
   </trkpt>
   <trkpt lat="-26.1496320" lon="-51.1159770">
    <ele>857.2</ele>
   </trkpt>
   <trkpt lat="-26.1496950" lon="-51.1159330">
    <ele>856.0</ele>
   </trkpt>
   <trkpt lat="-26.1497710" lon="-51.1158950">
    <ele>854.0</ele>
   </trkpt>
   <trkpt lat="-26.1498540" lon="-51.1158580">
    <ele>851.6</ele>
   </trkpt>
   <trkpt lat="-26.1499440" lon="-51.1158200">
    <ele>850.2</ele>
   </trkpt>
   <trkpt lat="-26.1500410" lon="-51.1157880">
    <ele>849.2</ele>
   </trkpt>
   <trkpt lat="-26.1501380" lon="-51.1157570">
    <ele>848.2</ele>
   </trkpt>
   <trkpt lat="-26.1502400" lon="-51.1157330">
    <ele>846.4</ele>
   </trkpt>
   <trkpt lat="-26.1503490" lon="-51.1157100">
    <ele>845.4</ele>
   </trkpt>
   <trkpt lat="-26.1504530" lon="-51.1156810">
    <ele>845.2</ele>
   </trkpt>
   <trkpt lat="-26.1505500" lon="-51.1156510">
    <ele>845.0</ele>
   </trkpt>
   <trkpt lat="-26.1506400" lon="-51.1156190">
    <ele>845.2</ele>
   </trkpt>
   <trkpt lat="-26.1507220" lon="-51.1155850">
    <ele>845.2</ele>
   </trkpt>
   <trkpt lat="-26.1507930" lon="-51.1155470">
    <ele>846.2</ele>
   </trkpt>
   <trkpt lat="-26.1508530" lon="-51.1155100">
    <ele>847.4</ele>
   </trkpt>
   <trkpt lat="-26.1509050" lon="-51.1154730">
    <ele>848.4</ele>
   </trkpt>
   <trkpt lat="-26.1509510" lon="-51.1154450">
    <ele>849.8</ele>
   </trkpt>
   <trkpt lat="-26.1509880" lon="-51.1154190">
    <ele>851.0</ele>
   </trkpt>
   <trkpt lat="-26.1510150" lon="-51.1153920">
    <ele>851.8</ele>
   </trkpt>
   <trkpt lat="-26.1510390" lon="-51.1153650">
    <ele>852.2</ele>
   </trkpt>
   <trkpt lat="-26.1510590" lon="-51.1153470">
    <ele>852.6</ele>
   </trkpt>
   <trkpt lat="-26.1510770" lon="-51.1153300">
    <ele>852.8</ele>
   </trkpt>
   <trkpt lat="-26.1510950" lon="-51.1153140">
    <ele>853.8</ele>
   </trkpt>
   <trkpt lat="-26.1511150" lon="-51.1153030">
    <ele>854.4</ele>
   </trkpt>
   <trkpt lat="-26.1511350" lon="-51.1152890">
    <ele>854.8</ele>
   </trkpt>
   <trkpt lat="-26.1511550" lon="-51.1152730">
    <ele>855.0</ele>
   </trkpt>
   <trkpt lat="-26.1511740" lon="-51.1152590">
    <ele>855.6</ele>
   </trkpt>
   <trkpt lat="-26.1512150" lon="-51.1152360">
    <ele>856.2</ele>
   </trkpt>
   <trkpt lat="-26.1512350" lon="-51.1152220">
    <ele>856.4</ele>
   </trkpt>
   <trkpt lat="-26.1512510" lon="-51.1152030">
    <ele>856.4</ele>
   </trkpt>
   <trkpt lat="-26.1512680" lon="-51.1151860">
    <ele>856.6</ele>
   </trkpt>
   <trkpt lat="-26.1512860" lon="-51.1151670">
    <ele>856.8</ele>
   </trkpt>
   <trkpt lat="-26.1513040" lon="-51.1151470">
    <ele>857.4</ele>
   </trkpt>
   <trkpt lat="-26.1513210" lon="-51.1151260">
    <ele>857.6</ele>
   </trkpt>
   <trkpt lat="-26.1513410" lon="-51.1151030">
    <ele>857.8</ele>
   </trkpt>
   <trkpt lat="-26.1513600" lon="-51.1150850">
    <ele>858.0</ele>
   </trkpt>
   <trkpt lat="-26.1513810" lon="-51.1150650">
    <ele>858.0</ele>
   </trkpt>
   <trkpt lat="-26.1514020" lon="-51.1150460">
    <ele>858.2</ele>
   </trkpt>
   <trkpt lat="-26.1514210" lon="-51.1150260">
    <ele>858.4</ele>
   </trkpt>
   <trkpt lat="-26.1514410" lon="-51.1150100">
    <ele>858.4</ele>
   </trkpt>
   <trkpt lat="-26.1514630" lon="-51.1149950">
    <ele>858.6</ele>
   </trkpt>
   <trkpt lat="-26.1514870" lon="-51.1149800">
    <ele>858.8</ele>
   </trkpt>
   <trkpt lat="-26.1515090" lon="-51.1149640">
    <ele>859.0</ele>
   </trkpt>
   <trkpt lat="-26.1515300" lon="-51.1149480">
    <ele>859.0</ele>
   </trkpt>
   <trkpt lat="-26.1515500" lon="-51.1149340">
    <ele>859.2</ele>
   </trkpt>
   <trkpt lat="-26.1515700" lon="-51.1149200">
    <ele>859.4</ele>
   </trkpt>
   <trkpt lat="-26.1515910" lon="-51.1149050">
    <ele>859.4</ele>
   </trkpt>
   <trkpt lat="-26.1516100" lon="-51.1148930">
    <ele>859.6</ele>
   </trkpt>
   <trkpt lat="-26.1516300" lon="-51.1148810">
    <ele>859.6</ele>
   </trkpt>
   <trkpt lat="-26.1516490" lon="-51.1148650">
    <ele>859.8</ele>
   </trkpt>
   <trkpt lat="-26.1516710" lon="-51.1148460">
    <ele>859.8</ele>
   </trkpt>
   <trkpt lat="-26.1516950" lon="-51.1148280">
    <ele>859.8</ele>
   </trkpt>
   <trkpt lat="-26.1517170" lon="-51.1148120">
    <ele>860.0</ele>
   </trkpt>
   <trkpt lat="-26.1517350" lon="-51.1147900">
    <ele>860.0</ele>
   </trkpt>
   <trkpt lat="-26.1517510" lon="-51.1147700">
    <ele>860.0</ele>
   </trkpt>
   <trkpt lat="-26.1517680" lon="-51.1147500">
    <ele>860.2</ele>
   </trkpt>
   <trkpt lat="-26.1517880" lon="-51.1147330">
    <ele>860.6</ele>
   </trkpt>
   <trkpt lat="-26.1518090" lon="-51.1147180">
    <ele>860.6</ele>
   </trkpt>
   <trkpt lat="-26.1518310" lon="-51.1147030">
    <ele>860.8</ele>
   </trkpt>
   <trkpt lat="-26.1518510" lon="-51.1146880">
    <ele>860.8</ele>
   </trkpt>
   <trkpt lat="-26.1518720" lon="-51.1146740">
    <ele>861.0</ele>
   </trkpt>
   <trkpt lat="-26.1518920" lon="-51.1146610">
    <ele>861.2</ele>
   </trkpt>
   <trkpt lat="-26.1519120" lon="-51.1146480">
    <ele>861.2</ele>
   </trkpt>
   <trkpt lat="-26.1519320" lon="-51.1146370">
    <ele>861.6</ele>
   </trkpt>
   <trkpt lat="-26.1519530" lon="-51.1146280">
    <ele>861.6</ele>
   </trkpt>
   <trkpt lat="-26.1519740" lon="-51.1146170">
    <ele>861.8</ele>
   </trkpt>
   <trkpt lat="-26.1519910" lon="-51.1146130">
    <ele>862.0</ele>
   </trkpt>
   <trkpt lat="-26.1520050" lon="-51.1146080">
    <ele>862.2</ele>
   </trkpt>
   <trkpt lat="-26.1520200" lon="-51.1146040">
    <ele>862.4</ele>
   </trkpt>
   <trkpt lat="-26.1520360" lon="-51.1145980">
    <ele>862.4</ele>
   </trkpt>
   <trkpt lat="-26.1520520" lon="-51.1145930">
    <ele>862.4</ele>
   </trkpt>
   <trkpt lat="-26.1520690" lon="-51.1145880">
    <ele>862.6</ele>
   </trkpt>
   <trkpt lat="-26.1520850" lon="-51.1145790">
    <ele>862.6</ele>
   </trkpt>
   <trkpt lat="-26.1521010" lon="-51.1145720">
    <ele>862.6</ele>
   </trkpt>
   <trkpt lat="-26.1521160" lon="-51.1145700">
    <ele>862.8</ele>
   </trkpt>
   <trkpt lat="-26.1521300" lon="-51.1145680">
    <ele>863.2</ele>
   </trkpt>
   <trkpt lat="-26.1521480" lon="-51.1145690">
    <ele>863.4</ele>
   </trkpt>
   <trkpt lat="-26.1521640" lon="-51.1145680">
    <ele>863.6</ele>
   </trkpt>
   <trkpt lat="-26.1521780" lon="-51.1145680">
    <ele>863.8</ele>
   </trkpt>
   <trkpt lat="-26.1521940" lon="-51.1145680">
    <ele>863.8</ele>
   </trkpt>
   <trkpt lat="-26.1522090" lon="-51.1145660">
    <ele>864.0</ele>
   </trkpt>
   <trkpt lat="-26.1522250" lon="-51.1145680">
    <ele>864.4</ele>
   </trkpt>
   <trkpt lat="-26.1522400" lon="-51.1145660">
    <ele>864.6</ele>
   </trkpt>
   <trkpt lat="-26.1522560" lon="-51.1145620">
    <ele>864.8</ele>
   </trkpt>
   <trkpt lat="-26.1522720" lon="-51.1145590">
    <ele>865.0</ele>
   </trkpt>
   <trkpt lat="-26.1522880" lon="-51.1145570">
    <ele>865.2</ele>
   </trkpt>
   <trkpt lat="-26.1523030" lon="-51.1145550">
    <ele>865.2</ele>
   </trkpt>
   <trkpt lat="-26.1523190" lon="-51.1145560">
    <ele>865.4</ele>
   </trkpt>
   <trkpt lat="-26.1523350" lon="-51.1145540">
    <ele>865.6</ele>
   </trkpt>
   <trkpt lat="-26.1523480" lon="-51.1145530">
    <ele>865.8</ele>
   </trkpt>
   <trkpt lat="-26.1523620" lon="-51.1145490">
    <ele>866.0</ele>
   </trkpt>
   <trkpt lat="-26.1523750" lon="-51.1145470">
    <ele>866.2</ele>
   </trkpt>
   <trkpt lat="-26.1523890" lon="-51.1145460">
    <ele>866.4</ele>
   </trkpt>
   <trkpt lat="-26.1524030" lon="-51.1145440">
    <ele>866.6</ele>
   </trkpt>
   <trkpt lat="-26.1524190" lon="-51.1145440">
    <ele>866.8</ele>
   </trkpt>
   <trkpt lat="-26.1524350" lon="-51.1145400">
    <ele>866.8</ele>
   </trkpt>
   <trkpt lat="-26.1524460" lon="-51.1145340">
    <ele>867.0</ele>
   </trkpt>
   <trkpt lat="-26.1524560" lon="-51.1145290">
    <ele>867.2</ele>
   </trkpt>
   <trkpt lat="-26.1524690" lon="-51.1145250">
    <ele>867.2</ele>
   </trkpt>
   <trkpt lat="-26.1524820" lon="-51.1145210">
    <ele>867.4</ele>
   </trkpt>
   <trkpt lat="-26.1524950" lon="-51.1145170">
    <ele>867.4</ele>
   </trkpt>
   <trkpt lat="-26.1525070" lon="-51.1145110">
    <ele>867.6</ele>
   </trkpt>
   <trkpt lat="-26.1525220" lon="-51.1145110">
    <ele>867.6</ele>
   </trkpt>
   <trkpt lat="-26.1525360" lon="-51.1145130">
    <ele>868.0</ele>
   </trkpt>
   <trkpt lat="-26.1525460" lon="-51.1145150">
    <ele>868.0</ele>
   </trkpt>
   <trkpt lat="-26.1525580" lon="-51.1145170">
    <ele>868.2</ele>
   </trkpt>
   <trkpt lat="-26.1525710" lon="-51.1145180">
    <ele>868.6</ele>
   </trkpt>
   <trkpt lat="-26.1525810" lon="-51.1145120">
    <ele>868.8</ele>
   </trkpt>
   <trkpt lat="-26.1525950" lon="-51.1145110">
    <ele>869.0</ele>
   </trkpt>
   <trkpt lat="-26.1526090" lon="-51.1145090">
    <ele>869.2</ele>
   </trkpt>
   <trkpt lat="-26.1526210" lon="-51.1145060">
    <ele>869.4</ele>
   </trkpt>
   <trkpt lat="-26.1526310" lon="-51.1145080">
    <ele>869.4</ele>
   </trkpt>
   <trkpt lat="-26.1526420" lon="-51.1145080">
    <ele>869.8</ele>
   </trkpt>
   <trkpt lat="-26.1526550" lon="-51.1145110">
    <ele>870.0</ele>
   </trkpt>
   <trkpt lat="-26.1526690" lon="-51.1145150">
    <ele>870.2</ele>
   </trkpt>
   <trkpt lat="-26.1526810" lon="-51.1145130">
    <ele>870.6</ele>
   </trkpt>
   <trkpt lat="-26.1526930" lon="-51.1145160">
    <ele>870.6</ele>
   </trkpt>
   <trkpt lat="-26.1527050" lon="-51.1145150">
    <ele>870.8</ele>
   </trkpt>
   <trkpt lat="-26.1527190" lon="-51.1145130">
    <ele>871.0</ele>
   </trkpt>
   <trkpt lat="-26.1527300" lon="-51.1145130">
    <ele>871.2</ele>
   </trkpt>
   <trkpt lat="-26.1527380" lon="-51.1145100">
    <ele>871.6</ele>
   </trkpt>
   <trkpt lat="-26.1527450" lon="-51.1145050">
    <ele>871.8</ele>
   </trkpt>
   <trkpt lat="-26.1527570" lon="-51.1145070">
    <ele>872.0</ele>
   </trkpt>
   <trkpt lat="-26.1527710" lon="-51.1145060">
    <ele>872.2</ele>
   </trkpt>
   <trkpt lat="-26.1527850" lon="-51.1145090">
    <ele>872.4</ele>
   </trkpt>
   <trkpt lat="-26.1527960" lon="-51.1145090">
    <ele>872.6</ele>
   </trkpt>
   <trkpt lat="-26.1528100" lon="-51.1145090">
    <ele>872.6</ele>
   </trkpt>
   <trkpt lat="-26.1528240" lon="-51.1145100">
    <ele>872.8</ele>
   </trkpt>
   <trkpt lat="-26.1528370" lon="-51.1145100">
    <ele>873.0</ele>
   </trkpt>
   <trkpt lat="-26.1528490" lon="-51.1145120">
    <ele>873.2</ele>
   </trkpt>
   <trkpt lat="-26.1528600" lon="-51.1145190">
    <ele>873.4</ele>
   </trkpt>
   <trkpt lat="-26.1528720" lon="-51.1145220">
    <ele>873.4</ele>
   </trkpt>
   <trkpt lat="-26.1528840" lon="-51.1145220">
    <ele>873.8</ele>
   </trkpt>
   <trkpt lat="-26.1528960" lon="-51.1145200">
    <ele>874.0</ele>
   </trkpt>
   <trkpt lat="-26.1529060" lon="-51.1145260">
    <ele>874.2</ele>
   </trkpt>
   <trkpt lat="-26.1529170" lon="-51.1145320">
    <ele>874.2</ele>
   </trkpt>
   <trkpt lat="-26.1529270" lon="-51.1145390">
    <ele>874.2</ele>
   </trkpt>
   <trkpt lat="-26.1529350" lon="-51.1145460">
    <ele>874.4</ele>
   </trkpt>
   <trkpt lat="-26.1529410" lon="-51.1145530">
    <ele>874.6</ele>
   </trkpt>
   <trkpt lat="-26.1529510" lon="-51.1145580">
    <ele>874.8</ele>
   </trkpt>
   <trkpt lat="-26.1529620" lon="-51.1145640">
    <ele>875.0</ele>
   </trkpt>
   <trkpt lat="-26.1529750" lon="-51.1145700">
    <ele>875.0</ele>
   </trkpt>
   <trkpt lat="-26.1529890" lon="-51.1145770">
    <ele>875.2</ele>
   </trkpt>
   <trkpt lat="-26.1530030" lon="-51.1145830">
    <ele>875.4</ele>
   </trkpt>
   <trkpt lat="-26.1530150" lon="-51.1145900">
    <ele>875.6</ele>
   </trkpt>
   <trkpt lat="-26.1530240" lon="-51.1145950">
    <ele>876.2</ele>
   </trkpt>
   <trkpt lat="-26.1530350" lon="-51.1146010">
    <ele>876.2</ele>
   </trkpt>
   <trkpt lat="-26.1530470" lon="-51.1146100">
    <ele>876.4</ele>
   </trkpt>
   <trkpt lat="-26.1530600" lon="-51.1146220">
    <ele>876.6</ele>
   </trkpt>
   <trkpt lat="-26.1530720" lon="-51.1146320">
    <ele>876.8</ele>
   </trkpt>
   <trkpt lat="-26.1530830" lon="-51.1146420">
    <ele>877.0</ele>
   </trkpt>
   <trkpt lat="-26.1530930" lon="-51.1146530">
    <ele>877.2</ele>
   </trkpt>
   <trkpt lat="-26.1531010" lon="-51.1146630">
    <ele>877.2</ele>
   </trkpt>
   <trkpt lat="-26.1531090" lon="-51.1146720">
    <ele>877.4</ele>
   </trkpt>
   <trkpt lat="-26.1531190" lon="-51.1146760">
    <ele>877.8</ele>
   </trkpt>
   <trkpt lat="-26.1531270" lon="-51.1146830">
    <ele>877.8</ele>
   </trkpt>
   <trkpt lat="-26.1531330" lon="-51.1146940">
    <ele>878.0</ele>
   </trkpt>
   <trkpt lat="-26.1531410" lon="-51.1146990">
    <ele>878.2</ele>
   </trkpt>
   <trkpt lat="-26.1531500" lon="-51.1147040">
    <ele>878.2</ele>
   </trkpt>
   <trkpt lat="-26.1531610" lon="-51.1147110">
    <ele>878.4</ele>
   </trkpt>
   <trkpt lat="-26.1531680" lon="-51.1147200">
    <ele>878.6</ele>
   </trkpt>
   <trkpt lat="-26.1531770" lon="-51.1147280">
    <ele>878.6</ele>
   </trkpt>
   <trkpt lat="-26.1531850" lon="-51.1147390">
    <ele>878.8</ele>
   </trkpt>
   <trkpt lat="-26.1531910" lon="-51.1147510">
    <ele>879.0</ele>
   </trkpt>
   <trkpt lat="-26.1531990" lon="-51.1147650">
    <ele>879.2</ele>
   </trkpt>
   <trkpt lat="-26.1532090" lon="-51.1147810">
    <ele>879.4</ele>
   </trkpt>
   <trkpt lat="-26.1532170" lon="-51.1147960">
    <ele>879.6</ele>
   </trkpt>
   <trkpt lat="-26.1532220" lon="-51.1148100">
    <ele>879.8</ele>
   </trkpt>
   <trkpt lat="-26.1532300" lon="-51.1148210">
    <ele>880.0</ele>
   </trkpt>
   <trkpt lat="-26.1532360" lon="-51.1148280">
    <ele>880.2</ele>
   </trkpt>
   <trkpt lat="-26.1532360" lon="-51.1148330">
    <ele>880.6</ele>
   </trkpt>
   <trkpt lat="-26.1532380" lon="-51.1148300">
    <ele>881.0</ele>
   </trkpt>
   <trkpt lat="-26.1532360" lon="-51.1148270">
    <ele>881.0</ele>
   </trkpt>
   <trkpt lat="-26.1532360" lon="-51.1148270">
    <ele>881.0</ele>
   </trkpt>
   <trkpt lat="-26.1532360" lon="-51.1148290">
    <ele>881.0</ele>
   </trkpt>
   <trkpt lat="-26.1532330" lon="-51.1148250">
    <ele>881.0</ele>
   </trkpt>
   <trkpt lat="-26.1532330" lon="-51.1148250">
    <ele>881.0</ele>
   </trkpt>
   <trkpt lat="-26.1532330" lon="-51.1148250">
    <ele>881.2</ele>
   </trkpt>
   <trkpt lat="-26.1532330" lon="-51.1148250">
    <ele>881.0</ele>
   </trkpt>
   <trkpt lat="-26.1532400" lon="-51.1148250">
    <ele>880.6</ele>
   </trkpt>
   <trkpt lat="-26.1532400" lon="-51.1148250">
    <ele>880.6</ele>
   </trkpt>
   <trkpt lat="-26.1532400" lon="-51.1148250">
    <ele>880.6</ele>
   </trkpt>
   <trkpt lat="-26.1532400" lon="-51.1148250">
    <ele>880.6</ele>
   </trkpt>
   <trkpt lat="-26.1532400" lon="-51.1148250">
    <ele>880.6</ele>
   </trkpt>
   <trkpt lat="-26.1532420" lon="-51.1148190">
    <ele>880.6</ele>
   </trkpt>
   <trkpt lat="-26.1532420" lon="-51.1148190">
    <ele>880.4</ele>
   </trkpt>
   <trkpt lat="-26.1532420" lon="-51.1148190">
    <ele>880.4</ele>
   </trkpt>
   <trkpt lat="-26.1532420" lon="-51.1148190">
    <ele>880.4</ele>
   </trkpt>
   <trkpt lat="-26.1532420" lon="-51.1148190">
    <ele>880.4</ele>
   </trkpt>
   <trkpt lat="-26.1532420" lon="-51.1148190">
    <ele>880.2</ele>
   </trkpt>
   <trkpt lat="-26.1532420" lon="-51.1148190">
    <ele>880.0</ele>
   </trkpt>
   <trkpt lat="-26.1532420" lon="-51.1148190">
    <ele>880.0</ele>
   </trkpt>
   <trkpt lat="-26.1532420" lon="-51.1148190">
    <ele>880.0</ele>
   </trkpt>
   <trkpt lat="-26.1532810" lon="-51.1148330">
    <ele>880.0</ele>
   </trkpt>
   <trkpt lat="-26.1532870" lon="-51.1148470">
    <ele>880.0</ele>
   </trkpt>
   <trkpt lat="-26.1533240" lon="-51.1149100">
    <ele>880.8</ele>
   </trkpt>
   <trkpt lat="-26.1533610" lon="-51.1149440">
    <ele>881.8</ele>
   </trkpt>
   <trkpt lat="-26.1533780" lon="-51.1149650">
    <ele>882.0</ele>
   </trkpt>
   <trkpt lat="-26.1534090" lon="-51.1149990">
    <ele>882.8</ele>
   </trkpt>
   <trkpt lat="-26.1534170" lon="-51.1150120">
    <ele>883.2</ele>
   </trkpt>
   <trkpt lat="-26.1534310" lon="-51.1150330">
    <ele>883.4</ele>
   </trkpt>
   <trkpt lat="-26.1534430" lon="-51.1150410">
    <ele>884.0</ele>
   </trkpt>
   <trkpt lat="-26.1534550" lon="-51.1150530">
    <ele>884.2</ele>
   </trkpt>
   <trkpt lat="-26.1534670" lon="-51.1150650">
    <ele>884.4</ele>
   </trkpt>
   <trkpt lat="-26.1534780" lon="-51.1150740">
    <ele>884.6</ele>
   </trkpt>
   <trkpt lat="-26.1534880" lon="-51.1150810">
    <ele>885.0</ele>
   </trkpt>
   <trkpt lat="-26.1534990" lon="-51.1150910">
    <ele>885.2</ele>
   </trkpt>
   <trkpt lat="-26.1535080" lon="-51.1151030">
    <ele>885.6</ele>
   </trkpt>
   <trkpt lat="-26.1535190" lon="-51.1151160">
    <ele>886.0</ele>
   </trkpt>
   <trkpt lat="-26.1535290" lon="-51.1151240">
    <ele>886.4</ele>
   </trkpt>
   <trkpt lat="-26.1535400" lon="-51.1151320">
    <ele>886.8</ele>
   </trkpt>
   <trkpt lat="-26.1535510" lon="-51.1151410">
    <ele>887.2</ele>
   </trkpt>
   <trkpt lat="-26.1535560" lon="-51.1151490">
    <ele>887.4</ele>
   </trkpt>
   <trkpt lat="-26.1535640" lon="-51.1151610">
    <ele>887.6</ele>
   </trkpt>
   <trkpt lat="-26.1535720" lon="-51.1151730">
    <ele>888.0</ele>
   </trkpt>
   <trkpt lat="-26.1535830" lon="-51.1151830">
    <ele>888.2</ele>
   </trkpt>
   <trkpt lat="-26.1535930" lon="-51.1151920">
    <ele>888.6</ele>
   </trkpt>
   <trkpt lat="-26.1536040" lon="-51.1151990">
    <ele>888.8</ele>
   </trkpt>
   <trkpt lat="-26.1536140" lon="-51.1152070">
    <ele>889.2</ele>
   </trkpt>
   <trkpt lat="-26.1536240" lon="-51.1152170">
    <ele>889.4</ele>
   </trkpt>
   <trkpt lat="-26.1536330" lon="-51.1152280">
    <ele>889.8</ele>
   </trkpt>
   <trkpt lat="-26.1536410" lon="-51.1152380">
    <ele>890.0</ele>
   </trkpt>
   <trkpt lat="-26.1536490" lon="-51.1152510">
    <ele>890.2</ele>
   </trkpt>
   <trkpt lat="-26.1536590" lon="-51.1152650">
    <ele>890.4</ele>
   </trkpt>
   <trkpt lat="-26.1536680" lon="-51.1152750">
    <ele>890.8</ele>
   </trkpt>
   <trkpt lat="-26.1536790" lon="-51.1152860">
    <ele>891.0</ele>
   </trkpt>
   <trkpt lat="-26.1536910" lon="-51.1153000">
    <ele>891.4</ele>
   </trkpt>
   <trkpt lat="-26.1537010" lon="-51.1153120">
    <ele>891.8</ele>
   </trkpt>
   <trkpt lat="-26.1537110" lon="-51.1153220">
    <ele>891.8</ele>
   </trkpt>
   <trkpt lat="-26.1537220" lon="-51.1153330">
    <ele>892.2</ele>
   </trkpt>
   <trkpt lat="-26.1537320" lon="-51.1153430">
    <ele>892.4</ele>
   </trkpt>
   <trkpt lat="-26.1537410" lon="-51.1153510">
    <ele>892.8</ele>
   </trkpt>
   <trkpt lat="-26.1537520" lon="-51.1153610">
    <ele>893.0</ele>
   </trkpt>
   <trkpt lat="-26.1537620" lon="-51.1153740">
    <ele>893.0</ele>
   </trkpt>
   <trkpt lat="-26.1537710" lon="-51.1153840">
    <ele>893.2</ele>
   </trkpt>
   <trkpt lat="-26.1537820" lon="-51.1153940">
    <ele>893.6</ele>
   </trkpt>
   <trkpt lat="-26.1537900" lon="-51.1154040">
    <ele>893.6</ele>
   </trkpt>
   <trkpt lat="-26.1538000" lon="-51.1154140">
    <ele>893.8</ele>
   </trkpt>
   <trkpt lat="-26.1538090" lon="-51.1154260">
    <ele>894.0</ele>
   </trkpt>
   <trkpt lat="-26.1538160" lon="-51.1154340">
    <ele>894.2</ele>
   </trkpt>
   <trkpt lat="-26.1538230" lon="-51.1154420">
    <ele>894.4</ele>
   </trkpt>
   <trkpt lat="-26.1538330" lon="-51.1154460">
    <ele>894.4</ele>
   </trkpt>
   <trkpt lat="-26.1538430" lon="-51.1154520">
    <ele>894.6</ele>
   </trkpt>
   <trkpt lat="-26.1538530" lon="-51.1154590">
    <ele>894.8</ele>
   </trkpt>
   <trkpt lat="-26.1538630" lon="-51.1154650">
    <ele>894.8</ele>
   </trkpt>
   <trkpt lat="-26.1538720" lon="-51.1154720">
    <ele>895.0</ele>
   </trkpt>
   <trkpt lat="-26.1538810" lon="-51.1154790">
    <ele>895.2</ele>
   </trkpt>
   <trkpt lat="-26.1538890" lon="-51.1154870">
    <ele>895.4</ele>
   </trkpt>
   <trkpt lat="-26.1538990" lon="-51.1154960">
    <ele>895.4</ele>
   </trkpt>
   <trkpt lat="-26.1539080" lon="-51.1155050">
    <ele>895.6</ele>
   </trkpt>
   <trkpt lat="-26.1539130" lon="-51.1155120">
    <ele>895.6</ele>
   </trkpt>
   <trkpt lat="-26.1539140" lon="-51.1155150">
    <ele>895.8</ele>
   </trkpt>
   <trkpt lat="-26.1539330" lon="-51.1155260">
    <ele>895.8</ele>
   </trkpt>
   <trkpt lat="-26.1539420" lon="-51.1155320">
    <ele>896.0</ele>
   </trkpt>
   <trkpt lat="-26.1539510" lon="-51.1155420">
    <ele>896.0</ele>
   </trkpt>
   <trkpt lat="-26.1539620" lon="-51.1155500">
    <ele>896.0</ele>
   </trkpt>
   <trkpt lat="-26.1539740" lon="-51.1155590">
    <ele>896.2</ele>
   </trkpt>
   <trkpt lat="-26.1539880" lon="-51.1155660">
    <ele>896.2</ele>
   </trkpt>
   <trkpt lat="-26.1540000" lon="-51.1155700">
    <ele>896.2</ele>
   </trkpt>
   <trkpt lat="-26.1540100" lon="-51.1155780">
    <ele>896.4</ele>
   </trkpt>
   <trkpt lat="-26.1540160" lon="-51.1155860">
    <ele>896.6</ele>
   </trkpt>
   <trkpt lat="-26.1540220" lon="-51.1155930">
    <ele>896.8</ele>
   </trkpt>
   <trkpt lat="-26.1540310" lon="-51.1156040">
    <ele>897.0</ele>
   </trkpt>
   <trkpt lat="-26.1540400" lon="-51.1156120">
    <ele>897.0</ele>
   </trkpt>
   <trkpt lat="-26.1540510" lon="-51.1156140">
    <ele>897.2</ele>
   </trkpt>
   <trkpt lat="-26.1540630" lon="-51.1156150">
    <ele>897.2</ele>
   </trkpt>
   <trkpt lat="-26.1540730" lon="-51.1156150">
    <ele>897.6</ele>
   </trkpt>
   <trkpt lat="-26.1540820" lon="-51.1156140">
    <ele>897.6</ele>
   </trkpt>
   <trkpt lat="-26.1540920" lon="-51.1156160">
    <ele>897.8</ele>
   </trkpt>
   <trkpt lat="-26.1541040" lon="-51.1156210">
    <ele>897.8</ele>
   </trkpt>
   <trkpt lat="-26.1541120" lon="-51.1156280">
    <ele>897.8</ele>
   </trkpt>
   <trkpt lat="-26.1541190" lon="-51.1156330">
    <ele>898.2</ele>
   </trkpt>
   <trkpt lat="-26.1541230" lon="-51.1156390">
    <ele>898.2</ele>
   </trkpt>
   <trkpt lat="-26.1541270" lon="-51.1156450">
    <ele>898.4</ele>
   </trkpt>
   <trkpt lat="-26.1541340" lon="-51.1156510">
    <ele>898.6</ele>
   </trkpt>
   <trkpt lat="-26.1541410" lon="-51.1156560">
    <ele>898.8</ele>
   </trkpt>
   <trkpt lat="-26.1541450" lon="-51.1156570">
    <ele>899.0</ele>
   </trkpt>
   <trkpt lat="-26.1541530" lon="-51.1156540">
    <ele>899.2</ele>
   </trkpt>
   <trkpt lat="-26.1541640" lon="-51.1156520">
    <ele>899.2</ele>
   </trkpt>
   <trkpt lat="-26.1541740" lon="-51.1156560">
    <ele>899.4</ele>
   </trkpt>
   <trkpt lat="-26.1541960" lon="-51.1156650">
    <ele>899.8</ele>
   </trkpt>
   <trkpt lat="-26.1542160" lon="-51.1156670">
    <ele>900.0</ele>
   </trkpt>
   <trkpt lat="-26.1542270" lon="-51.1156700">
    <ele>900.2</ele>
   </trkpt>
   <trkpt lat="-26.1542380" lon="-51.1156740">
    <ele>900.4</ele>
   </trkpt>
   <trkpt lat="-26.1542480" lon="-51.1156760">
    <ele>900.4</ele>
   </trkpt>
   <trkpt lat="-26.1542550" lon="-51.1156790">
    <ele>900.8</ele>
   </trkpt>
   <trkpt lat="-26.1542590" lon="-51.1156820">
    <ele>900.8</ele>
   </trkpt>
   <trkpt lat="-26.1542630" lon="-51.1156800">
    <ele>901.2</ele>
   </trkpt>
   <trkpt lat="-26.1542700" lon="-51.1156800">
    <ele>901.2</ele>
   </trkpt>
   <trkpt lat="-26.1542820" lon="-51.1156790">
    <ele>901.6</ele>
   </trkpt>
   <trkpt lat="-26.1542930" lon="-51.1156760">
    <ele>901.6</ele>
   </trkpt>
   <trkpt lat="-26.1543020" lon="-51.1156770">
    <ele>901.8</ele>
   </trkpt>
   <trkpt lat="-26.1543100" lon="-51.1156900">
    <ele>902.0</ele>
   </trkpt>
   <trkpt lat="-26.1543180" lon="-51.1157000">
    <ele>902.2</ele>
   </trkpt>
   <trkpt lat="-26.1543260" lon="-51.1157080">
    <ele>902.2</ele>
   </trkpt>
   <trkpt lat="-26.1543380" lon="-51.1157100">
    <ele>902.4</ele>
   </trkpt>
   <trkpt lat="-26.1543500" lon="-51.1157110">
    <ele>902.6</ele>
   </trkpt>
   <trkpt lat="-26.1543590" lon="-51.1157100">
    <ele>902.8</ele>
   </trkpt>
   <trkpt lat="-26.1543660" lon="-51.1157050">
    <ele>903.2</ele>
   </trkpt>
   <trkpt lat="-26.1543710" lon="-51.1157020">
    <ele>903.2</ele>
   </trkpt>
   <trkpt lat="-26.1543820" lon="-51.1157000">
    <ele>903.4</ele>
   </trkpt>
   <trkpt lat="-26.1543930" lon="-51.1157000">
    <ele>903.4</ele>
   </trkpt>
   <trkpt lat="-26.1544060" lon="-51.1156990">
    <ele>903.6</ele>
   </trkpt>
   <trkpt lat="-26.1544200" lon="-51.1156990">
    <ele>903.6</ele>
   </trkpt>
   <trkpt lat="-26.1544320" lon="-51.1156980">
    <ele>903.8</ele>
   </trkpt>
   <trkpt lat="-26.1544440" lon="-51.1156950">
    <ele>904.0</ele>
   </trkpt>
   <trkpt lat="-26.1544560" lon="-51.1156890">
    <ele>904.4</ele>
   </trkpt>
   <trkpt lat="-26.1544660" lon="-51.1156810">
    <ele>904.4</ele>
   </trkpt>
   <trkpt lat="-26.1544740" lon="-51.1156690">
    <ele>904.6</ele>
   </trkpt>
   <trkpt lat="-26.1544830" lon="-51.1156600">
    <ele>905.0</ele>
   </trkpt>
   <trkpt lat="-26.1544920" lon="-51.1156500">
    <ele>905.0</ele>
   </trkpt>
   <trkpt lat="-26.1545020" lon="-51.1156380">
    <ele>905.4</ele>
   </trkpt>
   <trkpt lat="-26.1545140" lon="-51.1156280">
    <ele>905.4</ele>
   </trkpt>
   <trkpt lat="-26.1545270" lon="-51.1156170">
    <ele>905.6</ele>
   </trkpt>
   <trkpt lat="-26.1545400" lon="-51.1156080">
    <ele>906.0</ele>
   </trkpt>
   <trkpt lat="-26.1545530" lon="-51.1156050">
    <ele>906.2</ele>
   </trkpt>
   <trkpt lat="-26.1545650" lon="-51.1156050">
    <ele>906.4</ele>
   </trkpt>
   <trkpt lat="-26.1545760" lon="-51.1156030">
    <ele>906.8</ele>
   </trkpt>
   <trkpt lat="-26.1545860" lon="-51.1155970">
    <ele>907.0</ele>
   </trkpt>
   <trkpt lat="-26.1545950" lon="-51.1155870">
    <ele>907.4</ele>
   </trkpt>
   <trkpt lat="-26.1546040" lon="-51.1155760">
    <ele>907.6</ele>
   </trkpt>
   <trkpt lat="-26.1546140" lon="-51.1155680">
    <ele>907.6</ele>
   </trkpt>
   <trkpt lat="-26.1546250" lon="-51.1155600">
    <ele>908.0</ele>
   </trkpt>
   <trkpt lat="-26.1546300" lon="-51.1155510">
    <ele>908.2</ele>
   </trkpt>
   <trkpt lat="-26.1546350" lon="-51.1155390">
    <ele>908.4</ele>
   </trkpt>
   <trkpt lat="-26.1546400" lon="-51.1155270">
    <ele>908.4</ele>
   </trkpt>
   <trkpt lat="-26.1546470" lon="-51.1155160">
    <ele>908.6</ele>
   </trkpt>
   <trkpt lat="-26.1546570" lon="-51.1155030">
    <ele>908.6</ele>
   </trkpt>
   <trkpt lat="-26.1546680" lon="-51.1154920">
    <ele>908.8</ele>
   </trkpt>
   <trkpt lat="-26.1546780" lon="-51.1154830">
    <ele>908.8</ele>
   </trkpt>
   <trkpt lat="-26.1546880" lon="-51.1154750">
    <ele>908.8</ele>
   </trkpt>
   <trkpt lat="-26.1546980" lon="-51.1154680">
    <ele>909.0</ele>
   </trkpt>
   <trkpt lat="-26.1547100" lon="-51.1154610">
    <ele>909.0</ele>
   </trkpt>
   <trkpt lat="-26.1547200" lon="-51.1154570">
    <ele>909.2</ele>
   </trkpt>
   <trkpt lat="-26.1547270" lon="-51.1154520">
    <ele>909.2</ele>
   </trkpt>
   <trkpt lat="-26.1547380" lon="-51.1154440">
    <ele>909.4</ele>
   </trkpt>
   <trkpt lat="-26.1547500" lon="-51.1154350">
    <ele>909.4</ele>
   </trkpt>
   <trkpt lat="-26.1547580" lon="-51.1154240">
    <ele>909.6</ele>
   </trkpt>
   <trkpt lat="-26.1547600" lon="-51.1154100">
    <ele>909.8</ele>
   </trkpt>
   <trkpt lat="-26.1547620" lon="-51.1153930">
    <ele>909.8</ele>
   </trkpt>
   <trkpt lat="-26.1547690" lon="-51.1153780">
    <ele>910.0</ele>
   </trkpt>
   <trkpt lat="-26.1547770" lon="-51.1153640">
    <ele>910.2</ele>
   </trkpt>
   <trkpt lat="-26.1547860" lon="-51.1153530">
    <ele>910.4</ele>
   </trkpt>
   <trkpt lat="-26.1547950" lon="-51.1153390">
    <ele>910.4</ele>
   </trkpt>
   <trkpt lat="-26.1548010" lon="-51.1153250">
    <ele>910.4</ele>
   </trkpt>
   <trkpt lat="-26.1548120" lon="-51.1153160">
    <ele>910.6</ele>
   </trkpt>
   <trkpt lat="-26.1548240" lon="-51.1153050">
    <ele>910.8</ele>
   </trkpt>
   <trkpt lat="-26.1548330" lon="-51.1152930">
    <ele>910.8</ele>
   </trkpt>
   <trkpt lat="-26.1548420" lon="-51.1152850">
    <ele>911.0</ele>
   </trkpt>
   <trkpt lat="-26.1548540" lon="-51.1152800">
    <ele>911.2</ele>
   </trkpt>
   <trkpt lat="-26.1548660" lon="-51.1152770">
    <ele>911.2</ele>
   </trkpt>
   <trkpt lat="-26.1548770" lon="-51.1152740">
    <ele>911.4</ele>
   </trkpt>
   <trkpt lat="-26.1548880" lon="-51.1152710">
    <ele>911.6</ele>
   </trkpt>
   <trkpt lat="-26.1548970" lon="-51.1152660">
    <ele>911.6</ele>
   </trkpt>
   <trkpt lat="-26.1549060" lon="-51.1152610">
    <ele>911.6</ele>
   </trkpt>
   <trkpt lat="-26.1549130" lon="-51.1152550">
    <ele>911.8</ele>
   </trkpt>
   <trkpt lat="-26.1549190" lon="-51.1152460">
    <ele>911.8</ele>
   </trkpt>
   <trkpt lat="-26.1549300" lon="-51.1152400">
    <ele>912.0</ele>
   </trkpt>
   <trkpt lat="-26.1549440" lon="-51.1152370">
    <ele>912.2</ele>
   </trkpt>
   <trkpt lat="-26.1549560" lon="-51.1152320">
    <ele>912.4</ele>
   </trkpt>
   <trkpt lat="-26.1549680" lon="-51.1152270">
    <ele>912.4</ele>
   </trkpt>
   <trkpt lat="-26.1549770" lon="-51.1152210">
    <ele>912.6</ele>
   </trkpt>
   <trkpt lat="-26.1549880" lon="-51.1152130">
    <ele>912.8</ele>
   </trkpt>
   <trkpt lat="-26.1549990" lon="-51.1152090">
    <ele>912.8</ele>
   </trkpt>
   <trkpt lat="-26.1550070" lon="-51.1152040">
    <ele>913.0</ele>
   </trkpt>
   <trkpt lat="-26.1550150" lon="-51.1151960">
    <ele>913.2</ele>
   </trkpt>
   <trkpt lat="-26.1550250" lon="-51.1151890">
    <ele>913.2</ele>
   </trkpt>
   <trkpt lat="-26.1550350" lon="-51.1151790">
    <ele>913.4</ele>
   </trkpt>
   <trkpt lat="-26.1550460" lon="-51.1151730">
    <ele>913.6</ele>
   </trkpt>
   <trkpt lat="-26.1550590" lon="-51.1151670">
    <ele>913.6</ele>
   </trkpt>
   <trkpt lat="-26.1550690" lon="-51.1151640">
    <ele>913.8</ele>
   </trkpt>
   <trkpt lat="-26.1550830" lon="-51.1151630">
    <ele>914.0</ele>
   </trkpt>
   <trkpt lat="-26.1550950" lon="-51.1151590">
    <ele>914.2</ele>
   </trkpt>
   <trkpt lat="-26.1551060" lon="-51.1151550">
    <ele>914.2</ele>
   </trkpt>
   <trkpt lat="-26.1551150" lon="-51.1151500">
    <ele>914.4</ele>
   </trkpt>
   <trkpt lat="-26.1551270" lon="-51.1151470">
    <ele>914.4</ele>
   </trkpt>
   <trkpt lat="-26.1551410" lon="-51.1151460">
    <ele>914.6</ele>
   </trkpt>
   <trkpt lat="-26.1551550" lon="-51.1151450">
    <ele>914.6</ele>
   </trkpt>
   <trkpt lat="-26.1551660" lon="-51.1151420">
    <ele>914.8</ele>
   </trkpt>
   <trkpt lat="-26.1551770" lon="-51.1151340">
    <ele>914.8</ele>
   </trkpt>
   <trkpt lat="-26.1551890" lon="-51.1151290">
    <ele>915.0</ele>
   </trkpt>
   <trkpt lat="-26.1552010" lon="-51.1151200">
    <ele>915.2</ele>
   </trkpt>
   <trkpt lat="-26.1552120" lon="-51.1151130">
    <ele>915.2</ele>
   </trkpt>
   <trkpt lat="-26.1552240" lon="-51.1151080">
    <ele>915.4</ele>
   </trkpt>
   <trkpt lat="-26.1552330" lon="-51.1150990">
    <ele>915.6</ele>
   </trkpt>
   <trkpt lat="-26.1552400" lon="-51.1150870">
    <ele>915.8</ele>
   </trkpt>
   <trkpt lat="-26.1552500" lon="-51.1150790">
    <ele>915.8</ele>
   </trkpt>
   <trkpt lat="-26.1552610" lon="-51.1150710">
    <ele>915.8</ele>
   </trkpt>
   <trkpt lat="-26.1552730" lon="-51.1150650">
    <ele>916.0</ele>
   </trkpt>
   <trkpt lat="-26.1552840" lon="-51.1150590">
    <ele>916.0</ele>
   </trkpt>
   <trkpt lat="-26.1552950" lon="-51.1150520">
    <ele>916.2</ele>
   </trkpt>
   <trkpt lat="-26.1553060" lon="-51.1150460">
    <ele>916.4</ele>
   </trkpt>
   <trkpt lat="-26.1553190" lon="-51.1150400">
    <ele>916.4</ele>
   </trkpt>
   <trkpt lat="-26.1553280" lon="-51.1150340">
    <ele>916.6</ele>
   </trkpt>
   <trkpt lat="-26.1553390" lon="-51.1150280">
    <ele>916.8</ele>
   </trkpt>
   <trkpt lat="-26.1553470" lon="-51.1150280">
    <ele>916.8</ele>
   </trkpt>
   <trkpt lat="-26.1553550" lon="-51.1150260">
    <ele>917.2</ele>
   </trkpt>
   <trkpt lat="-26.1553640" lon="-51.1150220">
    <ele>917.4</ele>
   </trkpt>
   <trkpt lat="-26.1553720" lon="-51.1150190">
    <ele>917.6</ele>
   </trkpt>
   <trkpt lat="-26.1553810" lon="-51.1150120">
    <ele>917.8</ele>
   </trkpt>
   <trkpt lat="-26.1553920" lon="-51.1150070">
    <ele>918.2</ele>
   </trkpt>
   <trkpt lat="-26.1554040" lon="-51.1150020">
    <ele>918.2</ele>
   </trkpt>
   <trkpt lat="-26.1554160" lon="-51.1149970">
    <ele>918.6</ele>
   </trkpt>
   <trkpt lat="-26.1554260" lon="-51.1149880">
    <ele>918.8</ele>
   </trkpt>
   <trkpt lat="-26.1554360" lon="-51.1149860">
    <ele>919.0</ele>
   </trkpt>
   <trkpt lat="-26.1554430" lon="-51.1149790">
    <ele>919.4</ele>
   </trkpt>
   <trkpt lat="-26.1554490" lon="-51.1149720">
    <ele>919.6</ele>
   </trkpt>
   <trkpt lat="-26.1554520" lon="-51.1149600">
    <ele>919.8</ele>
   </trkpt>
   <trkpt lat="-26.1554570" lon="-51.1149490">
    <ele>920.0</ele>
   </trkpt>
   <trkpt lat="-26.1554660" lon="-51.1149420">
    <ele>920.2</ele>
   </trkpt>
   <trkpt lat="-26.1554770" lon="-51.1149300">
    <ele>920.4</ele>
   </trkpt>
   <trkpt lat="-26.1554870" lon="-51.1149210">
    <ele>920.6</ele>
   </trkpt>
   <trkpt lat="-26.1554950" lon="-51.1149120">
    <ele>920.8</ele>
   </trkpt>
   <trkpt lat="-26.1555050" lon="-51.1149030">
    <ele>921.0</ele>
   </trkpt>
   <trkpt lat="-26.1555160" lon="-51.1148930">
    <ele>921.4</ele>
   </trkpt>
   <trkpt lat="-26.1555250" lon="-51.1148830">
    <ele>921.6</ele>
   </trkpt>
   <trkpt lat="-26.1555370" lon="-51.1148740">
    <ele>921.8</ele>
   </trkpt>
   <trkpt lat="-26.1555490" lon="-51.1148630">
    <ele>922.2</ele>
   </trkpt>
   <trkpt lat="-26.1555630" lon="-51.1148530">
    <ele>922.4</ele>
   </trkpt>
   <trkpt lat="-26.1555750" lon="-51.1148410">
    <ele>923.0</ele>
   </trkpt>
   <trkpt lat="-26.1555850" lon="-51.1148330">
    <ele>923.2</ele>
   </trkpt>
   <trkpt lat="-26.1555960" lon="-51.1148250">
    <ele>923.8</ele>
   </trkpt>
   <trkpt lat="-26.1556050" lon="-51.1148140">
    <ele>924.0</ele>
   </trkpt>
   <trkpt lat="-26.1556130" lon="-51.1148030">
    <ele>924.4</ele>
   </trkpt>
   <trkpt lat="-26.1556210" lon="-51.1147990">
    <ele>924.4</ele>
   </trkpt>
   <trkpt lat="-26.1556290" lon="-51.1147930">
    <ele>924.8</ele>
   </trkpt>
   <trkpt lat="-26.1556350" lon="-51.1147850">
    <ele>925.0</ele>
   </trkpt>
   <trkpt lat="-26.1556430" lon="-51.1147760">
    <ele>925.2</ele>
   </trkpt>
   <trkpt lat="-26.1556530" lon="-51.1147670">
    <ele>925.4</ele>
   </trkpt>
   <trkpt lat="-26.1556600" lon="-51.1147610">
    <ele>925.6</ele>
   </trkpt>
   <trkpt lat="-26.1556630" lon="-51.1147590">
    <ele>926.2</ele>
   </trkpt>
   <trkpt lat="-26.1556630" lon="-51.1147590">
    <ele>926.2</ele>
   </trkpt>
   <trkpt lat="-26.1556840" lon="-51.1147510">
    <ele>926.4</ele>
   </trkpt>
   <trkpt lat="-26.1556940" lon="-51.1147430">
    <ele>926.4</ele>
   </trkpt>
   <trkpt lat="-26.1557050" lon="-51.1147320">
    <ele>926.4</ele>
   </trkpt>
   <trkpt lat="-26.1557130" lon="-51.1147200">
    <ele>926.6</ele>
   </trkpt>
   <trkpt lat="-26.1557220" lon="-51.1147090">
    <ele>926.8</ele>
   </trkpt>
   <trkpt lat="-26.1557310" lon="-51.1146990">
    <ele>927.0</ele>
   </trkpt>
   <trkpt lat="-26.1557740" lon="-51.1146550">
    <ele>927.6</ele>
   </trkpt>
   <trkpt lat="-26.1558240" lon="-51.1146100">
    <ele>928.6</ele>
   </trkpt>
   <trkpt lat="-26.1558330" lon="-51.1145960">
    <ele>928.8</ele>
   </trkpt>
   <trkpt lat="-26.1558410" lon="-51.1145830">
    <ele>929.0</ele>
   </trkpt>
   <trkpt lat="-26.1558490" lon="-51.1145720">
    <ele>929.4</ele>
   </trkpt>
   <trkpt lat="-26.1558570" lon="-51.1145650">
    <ele>929.6</ele>
   </trkpt>
   <trkpt lat="-26.1558680" lon="-51.1145590">
    <ele>929.6</ele>
   </trkpt>
   <trkpt lat="-26.1558790" lon="-51.1145500">
    <ele>929.8</ele>
   </trkpt>
   <trkpt lat="-26.1558910" lon="-51.1145370">
    <ele>930.0</ele>
   </trkpt>
   <trkpt lat="-26.1559030" lon="-51.1145260">
    <ele>930.0</ele>
   </trkpt>
   <trkpt lat="-26.1559200" lon="-51.1145140">
    <ele>930.2</ele>
   </trkpt>
   <trkpt lat="-26.1559370" lon="-51.1145030">
    <ele>930.2</ele>
   </trkpt>
   <trkpt lat="-26.1559560" lon="-51.1144950">
    <ele>930.4</ele>
   </trkpt>
   <trkpt lat="-26.1559750" lon="-51.1144880">
    <ele>930.6</ele>
   </trkpt>
   <trkpt lat="-26.1559940" lon="-51.1144810">
    <ele>930.8</ele>
   </trkpt>
   <trkpt lat="-26.1560100" lon="-51.1144720">
    <ele>931.0</ele>
   </trkpt>
   <trkpt lat="-26.1560250" lon="-51.1144580">
    <ele>931.0</ele>
   </trkpt>
   <trkpt lat="-26.1560410" lon="-51.1144440">
    <ele>931.2</ele>
   </trkpt>
   <trkpt lat="-26.1560550" lon="-51.1144280">
    <ele>931.6</ele>
   </trkpt>
   <trkpt lat="-26.1560670" lon="-51.1144100">
    <ele>931.6</ele>
   </trkpt>
   <trkpt lat="-26.1560790" lon="-51.1143920">
    <ele>931.6</ele>
   </trkpt>
   <trkpt lat="-26.1560900" lon="-51.1143730">
    <ele>931.8</ele>
   </trkpt>
   <trkpt lat="-26.1561020" lon="-51.1143550">
    <ele>931.8</ele>
   </trkpt>
   <trkpt lat="-26.1561160" lon="-51.1143400">
    <ele>932.0</ele>
   </trkpt>
   <trkpt lat="-26.1561310" lon="-51.1143270">
    <ele>932.0</ele>
   </trkpt>
   <trkpt lat="-26.1561510" lon="-51.1143130">
    <ele>932.0</ele>
   </trkpt>
   <trkpt lat="-26.1561710" lon="-51.1142990">
    <ele>932.2</ele>
   </trkpt>
   <trkpt lat="-26.1561890" lon="-51.1142870">
    <ele>932.2</ele>
   </trkpt>
   <trkpt lat="-26.1562070" lon="-51.1142750">
    <ele>932.4</ele>
   </trkpt>
   <trkpt lat="-26.1562250" lon="-51.1142590">
    <ele>932.4</ele>
   </trkpt>
   <trkpt lat="-26.1562410" lon="-51.1142400">
    <ele>932.6</ele>
   </trkpt>
   <trkpt lat="-26.1562580" lon="-51.1142220">
    <ele>932.8</ele>
   </trkpt>
   <trkpt lat="-26.1562580" lon="-51.1142220">
    <ele>933.2</ele>
   </trkpt>
   <trkpt lat="-26.1562730" lon="-51.1142020">
    <ele>933.2</ele>
   </trkpt>
   <trkpt lat="-26.1563030" lon="-51.1141680">
    <ele>933.2</ele>
   </trkpt>
   <trkpt lat="-26.1563170" lon="-51.1141520">
    <ele>933.4</ele>
   </trkpt>
   <trkpt lat="-26.1563340" lon="-51.1141320">
    <ele>933.6</ele>
   </trkpt>
   <trkpt lat="-26.1563510" lon="-51.1141140">
    <ele>933.8</ele>
   </trkpt>
   <trkpt lat="-26.1563660" lon="-51.1140960">
    <ele>934.0</ele>
   </trkpt>
   <trkpt lat="-26.1563830" lon="-51.1140790">
    <ele>934.2</ele>
   </trkpt>
   <trkpt lat="-26.1564000" lon="-51.1140610">
    <ele>934.4</ele>
   </trkpt>
   <trkpt lat="-26.1564170" lon="-51.1140420">
    <ele>934.6</ele>
   </trkpt>
   <trkpt lat="-26.1564350" lon="-51.1140220">
    <ele>934.8</ele>
   </trkpt>
   <trkpt lat="-26.1564510" lon="-51.1140050">
    <ele>935.0</ele>
   </trkpt>
   <trkpt lat="-26.1564670" lon="-51.1139880">
    <ele>935.2</ele>
   </trkpt>
   <trkpt lat="-26.1564830" lon="-51.1139720">
    <ele>935.6</ele>
   </trkpt>
   <trkpt lat="-26.1565000" lon="-51.1139570">
    <ele>935.6</ele>
   </trkpt>
   <trkpt lat="-26.1565170" lon="-51.1139380">
    <ele>935.8</ele>
   </trkpt>
   <trkpt lat="-26.1565320" lon="-51.1139170">
    <ele>936.0</ele>
   </trkpt>
   <trkpt lat="-26.1565320" lon="-51.1139170">
    <ele>936.6</ele>
   </trkpt>
   <trkpt lat="-26.1565650" lon="-51.1138790">
    <ele>936.6</ele>
   </trkpt>
   <trkpt lat="-26.1565820" lon="-51.1138610">
    <ele>936.8</ele>
   </trkpt>
   <trkpt lat="-26.1565970" lon="-51.1138420">
    <ele>937.0</ele>
   </trkpt>
   <trkpt lat="-26.1566110" lon="-51.1138250">
    <ele>937.2</ele>
   </trkpt>
   <trkpt lat="-26.1566250" lon="-51.1138090">
    <ele>937.2</ele>
   </trkpt>
   <trkpt lat="-26.1566390" lon="-51.1137930">
    <ele>937.4</ele>
   </trkpt>
   <trkpt lat="-26.1566530" lon="-51.1137780">
    <ele>937.6</ele>
   </trkpt>
   <trkpt lat="-26.1566690" lon="-51.1137640">
    <ele>937.6</ele>
   </trkpt>
   <trkpt lat="-26.1566850" lon="-51.1137510">
    <ele>937.8</ele>
   </trkpt>
   <trkpt lat="-26.1566970" lon="-51.1137380">
    <ele>938.6</ele>
   </trkpt>
   <trkpt lat="-26.1567080" lon="-51.1137270">
    <ele>938.8</ele>
   </trkpt>
   <trkpt lat="-26.1567170" lon="-51.1137150">
    <ele>939.0</ele>
   </trkpt>
   <trkpt lat="-26.1567230" lon="-51.1137020">
    <ele>939.4</ele>
   </trkpt>
   <trkpt lat="-26.1567280" lon="-51.1136900">
    <ele>939.4</ele>
   </trkpt>
   <trkpt lat="-26.1567360" lon="-51.1136770">
    <ele>939.6</ele>
   </trkpt>
   <trkpt lat="-26.1567460" lon="-51.1136680">
    <ele>939.6</ele>
   </trkpt>
   <trkpt lat="-26.1567560" lon="-51.1136590">
    <ele>939.6</ele>
   </trkpt>
   <trkpt lat="-26.1567640" lon="-51.1136490">
    <ele>939.6</ele>
   </trkpt>
   <trkpt lat="-26.1567710" lon="-51.1136360">
    <ele>939.6</ele>
   </trkpt>
   <trkpt lat="-26.1567770" lon="-51.1136210">
    <ele>939.6</ele>
   </trkpt>
   <trkpt lat="-26.1567850" lon="-51.1136050">
    <ele>939.6</ele>
   </trkpt>
   <trkpt lat="-26.1567970" lon="-51.1135910">
    <ele>939.6</ele>
   </trkpt>
   <trkpt lat="-26.1568110" lon="-51.1135780">
    <ele>939.6</ele>
   </trkpt>
   <trkpt lat="-26.1568270" lon="-51.1135600">
    <ele>939.6</ele>
   </trkpt>
   <trkpt lat="-26.1568410" lon="-51.1135380">
    <ele>939.6</ele>
   </trkpt>
   <trkpt lat="-26.1568570" lon="-51.1135190">
    <ele>939.6</ele>
   </trkpt>
   <trkpt lat="-26.1568750" lon="-51.1134990">
    <ele>939.4</ele>
   </trkpt>
   <trkpt lat="-26.1568930" lon="-51.1134770">
    <ele>939.4</ele>
   </trkpt>
   <trkpt lat="-26.1569100" lon="-51.1134540">
    <ele>939.4</ele>
   </trkpt>
   <trkpt lat="-26.1569270" lon="-51.1134310">
    <ele>939.4</ele>
   </trkpt>
   <trkpt lat="-26.1569460" lon="-51.1134080">
    <ele>939.4</ele>
   </trkpt>
   <trkpt lat="-26.1570000" lon="-51.1133410">
    <ele>940.0</ele>
   </trkpt>
   <trkpt lat="-26.1570860" lon="-51.1132290">
    <ele>941.0</ele>
   </trkpt>
   <trkpt lat="-26.1571020" lon="-51.1132120">
    <ele>941.2</ele>
   </trkpt>
   <trkpt lat="-26.1571160" lon="-51.1131950">
    <ele>941.6</ele>
   </trkpt>
   <trkpt lat="-26.1571250" lon="-51.1131820">
    <ele>941.8</ele>
   </trkpt>
   <trkpt lat="-26.1571370" lon="-51.1131650">
    <ele>942.0</ele>
   </trkpt>
   <trkpt lat="-26.1571460" lon="-51.1131560">
    <ele>942.2</ele>
   </trkpt>
   <trkpt lat="-26.1571530" lon="-51.1131490">
    <ele>942.4</ele>
   </trkpt>
   <trkpt lat="-26.1571560" lon="-51.1131540">
    <ele>942.4</ele>
   </trkpt>
   <trkpt lat="-26.1571560" lon="-51.1131540">
    <ele>942.8</ele>
   </trkpt>
   <trkpt lat="-26.1571530" lon="-51.1131500">
    <ele>942.8</ele>
   </trkpt>
   <trkpt lat="-26.1571440" lon="-51.1131450">
    <ele>942.6</ele>
   </trkpt>
   <trkpt lat="-26.1571530" lon="-51.1131630">
    <ele>943.2</ele>
   </trkpt>
   <trkpt lat="-26.1571530" lon="-51.1131630">
    <ele>943.4</ele>
   </trkpt>
   <trkpt lat="-26.1571530" lon="-51.1131630">
    <ele>943.6</ele>
   </trkpt>
   <trkpt lat="-26.1571530" lon="-51.1131630">
    <ele>943.6</ele>
   </trkpt>
   <trkpt lat="-26.1571530" lon="-51.1131630">
    <ele>943.6</ele>
   </trkpt>
   <trkpt lat="-26.1571530" lon="-51.1131630">
    <ele>943.8</ele>
   </trkpt>
   <trkpt lat="-26.1571560" lon="-51.1131690">
    <ele>943.8</ele>
   </trkpt>
   <trkpt lat="-26.1571560" lon="-51.1131690">
    <ele>943.8</ele>
   </trkpt>
   <trkpt lat="-26.1571580" lon="-51.1131670">
    <ele>943.8</ele>
   </trkpt>
   <trkpt lat="-26.1571560" lon="-51.1131680">
    <ele>943.8</ele>
   </trkpt>
   <trkpt lat="-26.1571500" lon="-51.1131710">
    <ele>944.0</ele>
   </trkpt>
   <trkpt lat="-26.1571500" lon="-51.1131710">
    <ele>944.0</ele>
   </trkpt>
   <trkpt lat="-26.1571500" lon="-51.1131710">
    <ele>944.0</ele>
   </trkpt>
   <trkpt lat="-26.1571540" lon="-51.1131570">
    <ele>944.0</ele>
   </trkpt>
   <trkpt lat="-26.1571900" lon="-51.1131390">
    <ele>943.8</ele>
   </trkpt>
   <trkpt lat="-26.1572040" lon="-51.1131250">
    <ele>943.8</ele>
   </trkpt>
   <trkpt lat="-26.1572740" lon="-51.1130530">
    <ele>943.4</ele>
   </trkpt>
   <trkpt lat="-26.1573700" lon="-51.1129720">
    <ele>942.8</ele>
   </trkpt>
   <trkpt lat="-26.1574480" lon="-51.1129100">
    <ele>942.8</ele>
   </trkpt>
   <trkpt lat="-26.1575570" lon="-51.1128330">
    <ele>943.4</ele>
   </trkpt>
   <trkpt lat="-26.1575700" lon="-51.1128260">
    <ele>943.4</ele>
   </trkpt>
   <trkpt lat="-26.1575850" lon="-51.1128190">
    <ele>943.4</ele>
   </trkpt>
   <trkpt lat="-26.1575980" lon="-51.1128120">
    <ele>943.6</ele>
   </trkpt>
   <trkpt lat="-26.1576080" lon="-51.1128050">
    <ele>943.6</ele>
   </trkpt>
   <trkpt lat="-26.1576810" lon="-51.1127680">
    <ele>944.0</ele>
   </trkpt>
   <trkpt lat="-26.1576960" lon="-51.1127650">
    <ele>944.2</ele>
   </trkpt>
   <trkpt lat="-26.1577120" lon="-51.1127570">
    <ele>944.2</ele>
   </trkpt>
   <trkpt lat="-26.1577260" lon="-51.1127470">
    <ele>944.2</ele>
   </trkpt>
   <trkpt lat="-26.1577420" lon="-51.1127350">
    <ele>944.2</ele>
   </trkpt>
   <trkpt lat="-26.1577650" lon="-51.1127240">
    <ele>944.4</ele>
   </trkpt>
   <trkpt lat="-26.1578790" lon="-51.1126880">
    <ele>945.2</ele>
   </trkpt>
   <trkpt lat="-26.1579340" lon="-51.1126610">
    <ele>945.4</ele>
   </trkpt>
   <trkpt lat="-26.1580370" lon="-51.1126310">
    <ele>946.2</ele>
   </trkpt>
   <trkpt lat="-26.1580890" lon="-51.1126160">
    <ele>946.4</ele>
   </trkpt>
   <trkpt lat="-26.1581100" lon="-51.1126100">
    <ele>946.4</ele>
   </trkpt>
   <trkpt lat="-26.1581290" lon="-51.1126030">
    <ele>946.4</ele>
   </trkpt>
   <trkpt lat="-26.1581450" lon="-51.1125960">
    <ele>946.6</ele>
   </trkpt>
   <trkpt lat="-26.1581580" lon="-51.1125890">
    <ele>946.6</ele>
   </trkpt>
   <trkpt lat="-26.1581700" lon="-51.1125850">
    <ele>946.6</ele>
   </trkpt>
   <trkpt lat="-26.1581860" lon="-51.1125850">
    <ele>946.6</ele>
   </trkpt>
   <trkpt lat="-26.1582050" lon="-51.1125840">
    <ele>946.8</ele>
   </trkpt>
   <trkpt lat="-26.1582230" lon="-51.1125810">
    <ele>947.0</ele>
   </trkpt>
   <trkpt lat="-26.1582400" lon="-51.1125760">
    <ele>947.4</ele>
   </trkpt>
   <trkpt lat="-26.1582600" lon="-51.1125700">
    <ele>947.6</ele>
   </trkpt>
   <trkpt lat="-26.1582780" lon="-51.1125650">
    <ele>948.0</ele>
   </trkpt>
   <trkpt lat="-26.1582970" lon="-51.1125600">
    <ele>948.4</ele>
   </trkpt>
   <trkpt lat="-26.1583160" lon="-51.1125540">
    <ele>948.6</ele>
   </trkpt>
   <trkpt lat="-26.1583340" lon="-51.1125470">
    <ele>948.6</ele>
   </trkpt>
   <trkpt lat="-26.1583530" lon="-51.1125380">
    <ele>948.8</ele>
   </trkpt>
   <trkpt lat="-26.1583720" lon="-51.1125330">
    <ele>949.0</ele>
   </trkpt>
   <trkpt lat="-26.1583920" lon="-51.1125280">
    <ele>949.2</ele>
   </trkpt>
   <trkpt lat="-26.1584130" lon="-51.1125200">
    <ele>949.4</ele>
   </trkpt>
   <trkpt lat="-26.1584320" lon="-51.1125130">
    <ele>949.4</ele>
   </trkpt>
   <trkpt lat="-26.1584510" lon="-51.1125060">
    <ele>949.4</ele>
   </trkpt>
   <trkpt lat="-26.1584710" lon="-51.1125000">
    <ele>949.6</ele>
   </trkpt>
   <trkpt lat="-26.1584920" lon="-51.1124930">
    <ele>949.8</ele>
   </trkpt>
   <trkpt lat="-26.1585120" lon="-51.1124880">
    <ele>950.0</ele>
   </trkpt>
   <trkpt lat="-26.1585310" lon="-51.1124810">
    <ele>950.0</ele>
   </trkpt>
   <trkpt lat="-26.1585520" lon="-51.1124720">
    <ele>950.0</ele>
   </trkpt>
   <trkpt lat="-26.1585720" lon="-51.1124630">
    <ele>950.2</ele>
   </trkpt>
   <trkpt lat="-26.1585930" lon="-51.1124530">
    <ele>950.2</ele>
   </trkpt>
   <trkpt lat="-26.1586130" lon="-51.1124420">
    <ele>950.4</ele>
   </trkpt>
   <trkpt lat="-26.1586340" lon="-51.1124300">
    <ele>950.4</ele>
   </trkpt>
   <trkpt lat="-26.1586550" lon="-51.1124200">
    <ele>950.6</ele>
   </trkpt>
   <trkpt lat="-26.1586760" lon="-51.1124130">
    <ele>950.8</ele>
   </trkpt>
   <trkpt lat="-26.1586980" lon="-51.1124050">
    <ele>950.8</ele>
   </trkpt>
   <trkpt lat="-26.1587200" lon="-51.1123940">
    <ele>951.0</ele>
   </trkpt>
   <trkpt lat="-26.1587400" lon="-51.1123840">
    <ele>951.0</ele>
   </trkpt>
   <trkpt lat="-26.1587590" lon="-51.1123760">
    <ele>951.2</ele>
   </trkpt>
   <trkpt lat="-26.1587790" lon="-51.1123650">
    <ele>951.2</ele>
   </trkpt>
   <trkpt lat="-26.1587990" lon="-51.1123550">
    <ele>951.2</ele>
   </trkpt>
   <trkpt lat="-26.1588170" lon="-51.1123420">
    <ele>951.4</ele>
   </trkpt>
   <trkpt lat="-26.1588370" lon="-51.1123290">
    <ele>951.4</ele>
   </trkpt>
   <trkpt lat="-26.1588550" lon="-51.1123180">
    <ele>951.4</ele>
   </trkpt>
   <trkpt lat="-26.1588730" lon="-51.1123090">
    <ele>951.4</ele>
   </trkpt>
   <trkpt lat="-26.1588930" lon="-51.1123000">
    <ele>951.6</ele>
   </trkpt>
   <trkpt lat="-26.1589120" lon="-51.1122950">
    <ele>951.6</ele>
   </trkpt>
   <trkpt lat="-26.1589290" lon="-51.1122850">
    <ele>951.8</ele>
   </trkpt>
   <trkpt lat="-26.1589490" lon="-51.1122750">
    <ele>952.0</ele>
   </trkpt>
   <trkpt lat="-26.1589680" lon="-51.1122650">
    <ele>952.2</ele>
   </trkpt>
   <trkpt lat="-26.1589880" lon="-51.1122560">
    <ele>952.2</ele>
   </trkpt>
   <trkpt lat="-26.1590090" lon="-51.1122480">
    <ele>952.2</ele>
   </trkpt>
   <trkpt lat="-26.1590300" lon="-51.1122390">
    <ele>952.4</ele>
   </trkpt>
   <trkpt lat="-26.1590510" lon="-51.1122260">
    <ele>952.4</ele>
   </trkpt>
   <trkpt lat="-26.1590700" lon="-51.1122150">
    <ele>952.6</ele>
   </trkpt>
   <trkpt lat="-26.1590890" lon="-51.1122030">
    <ele>952.8</ele>
   </trkpt>
   <trkpt lat="-26.1591080" lon="-51.1121930">
    <ele>953.0</ele>
   </trkpt>
   <trkpt lat="-26.1591280" lon="-51.1121850">
    <ele>953.2</ele>
   </trkpt>
   <trkpt lat="-26.1591470" lon="-51.1121810">
    <ele>953.4</ele>
   </trkpt>
   <trkpt lat="-26.1591650" lon="-51.1121740">
    <ele>953.6</ele>
   </trkpt>
   <trkpt lat="-26.1591830" lon="-51.1121650">
    <ele>953.8</ele>
   </trkpt>
   <trkpt lat="-26.1592010" lon="-51.1121530">
    <ele>954.0</ele>
   </trkpt>
   <trkpt lat="-26.1592190" lon="-51.1121400">
    <ele>954.2</ele>
   </trkpt>
   <trkpt lat="-26.1592350" lon="-51.1121330">
    <ele>954.2</ele>
   </trkpt>
   <trkpt lat="-26.1592520" lon="-51.1121230">
    <ele>954.4</ele>
   </trkpt>
   <trkpt lat="-26.1592680" lon="-51.1121140">
    <ele>954.4</ele>
   </trkpt>
   <trkpt lat="-26.1592840" lon="-51.1121040">
    <ele>954.4</ele>
   </trkpt>
   <trkpt lat="-26.1592990" lon="-51.1120970">
    <ele>954.6</ele>
   </trkpt>
   <trkpt lat="-26.1593150" lon="-51.1120920">
    <ele>954.8</ele>
   </trkpt>
   <trkpt lat="-26.1593320" lon="-51.1120830">
    <ele>955.0</ele>
   </trkpt>
   <trkpt lat="-26.1593460" lon="-51.1120760">
    <ele>955.4</ele>
   </trkpt>
   <trkpt lat="-26.1593630" lon="-51.1120650">
    <ele>955.4</ele>
   </trkpt>
   <trkpt lat="-26.1593810" lon="-51.1120580">
    <ele>955.6</ele>
   </trkpt>
   <trkpt lat="-26.1593970" lon="-51.1120490">
    <ele>955.8</ele>
   </trkpt>
   <trkpt lat="-26.1594120" lon="-51.1120380">
    <ele>956.0</ele>
   </trkpt>
   <trkpt lat="-26.1594290" lon="-51.1120260">
    <ele>956.4</ele>
   </trkpt>
   <trkpt lat="-26.1594430" lon="-51.1120140">
    <ele>956.6</ele>
   </trkpt>
   <trkpt lat="-26.1594570" lon="-51.1120030">
    <ele>956.8</ele>
   </trkpt>
   <trkpt lat="-26.1594710" lon="-51.1119920">
    <ele>957.4</ele>
   </trkpt>
   <trkpt lat="-26.1594870" lon="-51.1119780">
    <ele>957.4</ele>
   </trkpt>
   <trkpt lat="-26.1595010" lon="-51.1119640">
    <ele>957.6</ele>
   </trkpt>
   <trkpt lat="-26.1595170" lon="-51.1119560">
    <ele>958.2</ele>
   </trkpt>
   <trkpt lat="-26.1595330" lon="-51.1119490">
    <ele>958.2</ele>
   </trkpt>
   <trkpt lat="-26.1595470" lon="-51.1119370">
    <ele>958.4</ele>
   </trkpt>
   <trkpt lat="-26.1595620" lon="-51.1119240">
    <ele>958.6</ele>
   </trkpt>
   <trkpt lat="-26.1595790" lon="-51.1119120">
    <ele>958.8</ele>
   </trkpt>
   <trkpt lat="-26.1595930" lon="-51.1119010">
    <ele>959.0</ele>
   </trkpt>
   <trkpt lat="-26.1596050" lon="-51.1118880">
    <ele>959.2</ele>
   </trkpt>
   <trkpt lat="-26.1596160" lon="-51.1118760">
    <ele>959.4</ele>
   </trkpt>
   <trkpt lat="-26.1596300" lon="-51.1118680">
    <ele>959.8</ele>
   </trkpt>
   <trkpt lat="-26.1596420" lon="-51.1118580">
    <ele>960.0</ele>
   </trkpt>
   <trkpt lat="-26.1596570" lon="-51.1118450">
    <ele>960.4</ele>
   </trkpt>
   <trkpt lat="-26.1596700" lon="-51.1118330">
    <ele>960.4</ele>
   </trkpt>
   <trkpt lat="-26.1596850" lon="-51.1118200">
    <ele>960.6</ele>
   </trkpt>
   <trkpt lat="-26.1596990" lon="-51.1118080">
    <ele>960.6</ele>
   </trkpt>
   <trkpt lat="-26.1597130" lon="-51.1117940">
    <ele>960.8</ele>
   </trkpt>
   <trkpt lat="-26.1597260" lon="-51.1117780">
    <ele>961.0</ele>
   </trkpt>
   <trkpt lat="-26.1597400" lon="-51.1117640">
    <ele>961.0</ele>
   </trkpt>
   <trkpt lat="-26.1597550" lon="-51.1117550">
    <ele>961.2</ele>
   </trkpt>
   <trkpt lat="-26.1597700" lon="-51.1117390">
    <ele>961.2</ele>
   </trkpt>
   <trkpt lat="-26.1597840" lon="-51.1117250">
    <ele>961.2</ele>
   </trkpt>
   <trkpt lat="-26.1597970" lon="-51.1117090">
    <ele>961.4</ele>
   </trkpt>
   <trkpt lat="-26.1598090" lon="-51.1116900">
    <ele>961.6</ele>
   </trkpt>
   <trkpt lat="-26.1598210" lon="-51.1116700">
    <ele>961.8</ele>
   </trkpt>
   <trkpt lat="-26.1598360" lon="-51.1116550">
    <ele>961.8</ele>
   </trkpt>
   <trkpt lat="-26.1598510" lon="-51.1116400">
    <ele>961.8</ele>
   </trkpt>
   <trkpt lat="-26.1598640" lon="-51.1116210">
    <ele>962.0</ele>
   </trkpt>
   <trkpt lat="-26.1598740" lon="-51.1116010">
    <ele>962.2</ele>
   </trkpt>
   <trkpt lat="-26.1598870" lon="-51.1115810">
    <ele>962.2</ele>
   </trkpt>
   <trkpt lat="-26.1598990" lon="-51.1115610">
    <ele>962.4</ele>
   </trkpt>
   <trkpt lat="-26.1599110" lon="-51.1115460">
    <ele>962.6</ele>
   </trkpt>
   <trkpt lat="-26.1599240" lon="-51.1115320">
    <ele>962.8</ele>
   </trkpt>
   <trkpt lat="-26.1599400" lon="-51.1115190">
    <ele>963.0</ele>
   </trkpt>
   <trkpt lat="-26.1599550" lon="-51.1115090">
    <ele>963.0</ele>
   </trkpt>
   <trkpt lat="-26.1599680" lon="-51.1115050">
    <ele>963.2</ele>
   </trkpt>
   <trkpt lat="-26.1599790" lon="-51.1114950">
    <ele>963.4</ele>
   </trkpt>
   <trkpt lat="-26.1599840" lon="-51.1114890">
    <ele>963.4</ele>
   </trkpt>
   <trkpt lat="-26.1599860" lon="-51.1114840">
    <ele>963.6</ele>
   </trkpt>
   <trkpt lat="-26.1599940" lon="-51.1114720">
    <ele>964.0</ele>
   </trkpt>
   <trkpt lat="-26.1600020" lon="-51.1114570">
    <ele>964.2</ele>
   </trkpt>
   <trkpt lat="-26.1600130" lon="-51.1114380">
    <ele>964.4</ele>
   </trkpt>
   <trkpt lat="-26.1600220" lon="-51.1114190">
    <ele>964.6</ele>
   </trkpt>
   <trkpt lat="-26.1600320" lon="-51.1113970">
    <ele>964.8</ele>
   </trkpt>
   <trkpt lat="-26.1600430" lon="-51.1113800">
    <ele>965.0</ele>
   </trkpt>
   <trkpt lat="-26.1600540" lon="-51.1113660">
    <ele>965.2</ele>
   </trkpt>
   <trkpt lat="-26.1600680" lon="-51.1113530">
    <ele>965.8</ele>
   </trkpt>
   <trkpt lat="-26.1600800" lon="-51.1113390">
    <ele>966.0</ele>
   </trkpt>
   <trkpt lat="-26.1600940" lon="-51.1113250">
    <ele>966.2</ele>
   </trkpt>
   <trkpt lat="-26.1601090" lon="-51.1113090">
    <ele>966.6</ele>
   </trkpt>
   <trkpt lat="-26.1601250" lon="-51.1112960">
    <ele>966.8</ele>
   </trkpt>
   <trkpt lat="-26.1601400" lon="-51.1112900">
    <ele>967.0</ele>
   </trkpt>
   <trkpt lat="-26.1601540" lon="-51.1112830">
    <ele>967.2</ele>
   </trkpt>
   <trkpt lat="-26.1601720" lon="-51.1112700">
    <ele>967.8</ele>
   </trkpt>
   <trkpt lat="-26.1601870" lon="-51.1112560">
    <ele>967.8</ele>
   </trkpt>
   <trkpt lat="-26.1602060" lon="-51.1112320">
    <ele>968.2</ele>
   </trkpt>
   <trkpt lat="-26.1602230" lon="-51.1112140">
    <ele>968.2</ele>
   </trkpt>
   <trkpt lat="-26.1602420" lon="-51.1112000">
    <ele>968.4</ele>
   </trkpt>
   <trkpt lat="-26.1602580" lon="-51.1111890">
    <ele>968.6</ele>
   </trkpt>
   <trkpt lat="-26.1602800" lon="-51.1111700">
    <ele>968.8</ele>
   </trkpt>
   <trkpt lat="-26.1602970" lon="-51.1111540">
    <ele>969.0</ele>
   </trkpt>
   <trkpt lat="-26.1603120" lon="-51.1111410">
    <ele>969.4</ele>
   </trkpt>
   <trkpt lat="-26.1603300" lon="-51.1111310">
    <ele>969.6</ele>
   </trkpt>
   <trkpt lat="-26.1603510" lon="-51.1111200">
    <ele>969.8</ele>
   </trkpt>
   <trkpt lat="-26.1603680" lon="-51.1111080">
    <ele>969.8</ele>
   </trkpt>
   <trkpt lat="-26.1603950" lon="-51.1110860">
    <ele>969.8</ele>
   </trkpt>
   <trkpt lat="-26.1604240" lon="-51.1110660">
    <ele>969.8</ele>
   </trkpt>
   <trkpt lat="-26.1604570" lon="-51.1110480">
    <ele>969.8</ele>
   </trkpt>
   <trkpt lat="-26.1604920" lon="-51.1110250">
    <ele>969.8</ele>
   </trkpt>
   <trkpt lat="-26.1605300" lon="-51.1110030">
    <ele>970.0</ele>
   </trkpt>
   <trkpt lat="-26.1605680" lon="-51.1109830">
    <ele>970.0</ele>
   </trkpt>
   <trkpt lat="-26.1606080" lon="-51.1109610">
    <ele>970.6</ele>
   </trkpt>
   <trkpt lat="-26.1606480" lon="-51.1109380">
    <ele>970.6</ele>
   </trkpt>
   <trkpt lat="-26.1606880" lon="-51.1109160">
    <ele>970.6</ele>
   </trkpt>
   <trkpt lat="-26.1607260" lon="-51.1108940">
    <ele>970.4</ele>
   </trkpt>
   <trkpt lat="-26.1607620" lon="-51.1108740">
    <ele>968.2</ele>
   </trkpt>
   <trkpt lat="-26.1607970" lon="-51.1108590">
    <ele>968.0</ele>
   </trkpt>
   <trkpt lat="-26.1608340" lon="-51.1108460">
    <ele>968.0</ele>
   </trkpt>
   <trkpt lat="-26.1608720" lon="-51.1108290">
    <ele>968.0</ele>
   </trkpt>
   <trkpt lat="-26.1609430" lon="-51.1107900">
    <ele>968.4</ele>
   </trkpt>
   <trkpt lat="-26.1609740" lon="-51.1107660">
    <ele>969.0</ele>
   </trkpt>
   <trkpt lat="-26.1610040" lon="-51.1107420">
    <ele>970.0</ele>
   </trkpt>
   <trkpt lat="-26.1610270" lon="-51.1107180">
    <ele>970.0</ele>
   </trkpt>
   <trkpt lat="-26.1610480" lon="-51.1106960">
    <ele>970.0</ele>
   </trkpt>
   <trkpt lat="-26.1610730" lon="-51.1106770">
    <ele>970.2</ele>
   </trkpt>
   <trkpt lat="-26.1611000" lon="-51.1106580">
    <ele>970.6</ele>
   </trkpt>
   <trkpt lat="-26.1611250" lon="-51.1106390">
    <ele>970.8</ele>
   </trkpt>
   <trkpt lat="-26.1611450" lon="-51.1106230">
    <ele>971.4</ele>
   </trkpt>
   <trkpt lat="-26.1611660" lon="-51.1106050">
    <ele>972.2</ele>
   </trkpt>
   <trkpt lat="-26.1611860" lon="-51.1105830">
    <ele>972.4</ele>
   </trkpt>
   <trkpt lat="-26.1612070" lon="-51.1105550">
    <ele>972.4</ele>
   </trkpt>
   <trkpt lat="-26.1612310" lon="-51.1105190">
    <ele>972.4</ele>
   </trkpt>
   <trkpt lat="-26.1612570" lon="-51.1104770">
    <ele>972.4</ele>
   </trkpt>
   <trkpt lat="-26.1612870" lon="-51.1104370">
    <ele>972.0</ele>
   </trkpt>
   <trkpt lat="-26.1613240" lon="-51.1104030">
    <ele>971.6</ele>
   </trkpt>
   <trkpt lat="-26.1613710" lon="-51.1103930">
    <ele>971.2</ele>
   </trkpt>
   <trkpt lat="-26.1614200" lon="-51.1103960">
    <ele>970.8</ele>
   </trkpt>
   <trkpt lat="-26.1614200" lon="-51.1103960">
    <ele>970.2</ele>
   </trkpt>
   <trkpt lat="-26.1615220" lon="-51.1103870">
    <ele>970.0</ele>
   </trkpt>
   <trkpt lat="-26.1615710" lon="-51.1103550">
    <ele>969.8</ele>
   </trkpt>
   <trkpt lat="-26.1616190" lon="-51.1103200">
    <ele>969.8</ele>
   </trkpt>
   <trkpt lat="-26.1616660" lon="-51.1102800">
    <ele>969.6</ele>
   </trkpt>
   <trkpt lat="-26.1617090" lon="-51.1102450">
    <ele>969.4</ele>
   </trkpt>
   <trkpt lat="-26.1617510" lon="-51.1102040">
    <ele>969.4</ele>
   </trkpt>
   <trkpt lat="-26.1617860" lon="-51.1101680">
    <ele>969.0</ele>
   </trkpt>
   <trkpt lat="-26.1618180" lon="-51.1101290">
    <ele>969.0</ele>
   </trkpt>
   <trkpt lat="-26.1618400" lon="-51.1101020">
    <ele>969.0</ele>
   </trkpt>
   <trkpt lat="-26.1618790" lon="-51.1100680">
    <ele>968.8</ele>
   </trkpt>
   <trkpt lat="-26.1619130" lon="-51.1100370">
    <ele>968.8</ele>
   </trkpt>
   <trkpt lat="-26.1619740" lon="-51.1099450">
    <ele>968.8</ele>
   </trkpt>
   <trkpt lat="-26.1620070" lon="-51.1098990">
    <ele>968.8</ele>
   </trkpt>
   <trkpt lat="-26.1620360" lon="-51.1098610">
    <ele>969.6</ele>
   </trkpt>
   <trkpt lat="-26.1620620" lon="-51.1098230">
    <ele>969.6</ele>
   </trkpt>
   <trkpt lat="-26.1620910" lon="-51.1097790">
    <ele>970.6</ele>
   </trkpt>
   <trkpt lat="-26.1621190" lon="-51.1097340">
    <ele>971.6</ele>
   </trkpt>
   <trkpt lat="-26.1621440" lon="-51.1096810">
    <ele>971.6</ele>
   </trkpt>
   <trkpt lat="-26.1621690" lon="-51.1096370">
    <ele>971.8</ele>
   </trkpt>
   <trkpt lat="-26.1622810" lon="-51.1094720">
    <ele>972.2</ele>
   </trkpt>
   <trkpt lat="-26.1623110" lon="-51.1094310">
    <ele>972.2</ele>
   </trkpt>
   <trkpt lat="-26.1623340" lon="-51.1093930">
    <ele>972.4</ele>
   </trkpt>
   <trkpt lat="-26.1623550" lon="-51.1093590">
    <ele>972.4</ele>
   </trkpt>
   <trkpt lat="-26.1623770" lon="-51.1093220">
    <ele>972.6</ele>
   </trkpt>
   <trkpt lat="-26.1624000" lon="-51.1092910">
    <ele>972.6</ele>
   </trkpt>
   <trkpt lat="-26.1624300" lon="-51.1092550">
    <ele>973.0</ele>
   </trkpt>
   <trkpt lat="-26.1624540" lon="-51.1092150">
    <ele>973.0</ele>
   </trkpt>
   <trkpt lat="-26.1624810" lon="-51.1091770">
    <ele>973.0</ele>
   </trkpt>
   <trkpt lat="-26.1625070" lon="-51.1091460">
    <ele>972.6</ele>
   </trkpt>
   <trkpt lat="-26.1625320" lon="-51.1091100">
    <ele>971.2</ele>
   </trkpt>
   <trkpt lat="-26.1625620" lon="-51.1090780">
    <ele>971.0</ele>
   </trkpt>
   <trkpt lat="-26.1625920" lon="-51.1090520">
    <ele>970.6</ele>
   </trkpt>
   <trkpt lat="-26.1626650" lon="-51.1089900">
    <ele>970.4</ele>
   </trkpt>
   <trkpt lat="-26.1626930" lon="-51.1089730">
    <ele>970.2</ele>
   </trkpt>
   <trkpt lat="-26.1627210" lon="-51.1089570">
    <ele>970.2</ele>
   </trkpt>
   <trkpt lat="-26.1627790" lon="-51.1089080">
    <ele>970.2</ele>
   </trkpt>
   <trkpt lat="-26.1628290" lon="-51.1088560">
    <ele>970.4</ele>
   </trkpt>
   <trkpt lat="-26.1628540" lon="-51.1088310">
    <ele>970.4</ele>
   </trkpt>
   <trkpt lat="-26.1628810" lon="-51.1088060">
    <ele>970.8</ele>
   </trkpt>
   <trkpt lat="-26.1629660" lon="-51.1087230">
    <ele>972.0</ele>
   </trkpt>
   <trkpt lat="-26.1630550" lon="-51.1086370">
    <ele>971.8</ele>
   </trkpt>
   <trkpt lat="-26.1631830" lon="-51.1085250">
    <ele>971.4</ele>
   </trkpt>
   <trkpt lat="-26.1632070" lon="-51.1085020">
    <ele>971.4</ele>
   </trkpt>
   <trkpt lat="-26.1632320" lon="-51.1084790">
    <ele>971.8</ele>
   </trkpt>
   <trkpt lat="-26.1632510" lon="-51.1084560">
    <ele>972.0</ele>
   </trkpt>
   <trkpt lat="-26.1632680" lon="-51.1084360">
    <ele>972.2</ele>
   </trkpt>
   <trkpt lat="-26.1632770" lon="-51.1084180">
    <ele>973.0</ele>
   </trkpt>
   <trkpt lat="-26.1632960" lon="-51.1083900">
    <ele>973.6</ele>
   </trkpt>
   <trkpt lat="-26.1633580" lon="-51.1083220">
    <ele>974.8</ele>
   </trkpt>
   <trkpt lat="-26.1633780" lon="-51.1083080">
    <ele>974.8</ele>
   </trkpt>
   <trkpt lat="-26.1633980" lon="-51.1082900">
    <ele>975.0</ele>
   </trkpt>
   <trkpt lat="-26.1634190" lon="-51.1082680">
    <ele>975.0</ele>
   </trkpt>
   <trkpt lat="-26.1634360" lon="-51.1082420">
    <ele>975.0</ele>
   </trkpt>
   <trkpt lat="-26.1634530" lon="-51.1082170">
    <ele>975.0</ele>
   </trkpt>
   <trkpt lat="-26.1634750" lon="-51.1081960">
    <ele>975.0</ele>
   </trkpt>
   <trkpt lat="-26.1634930" lon="-51.1081760">
    <ele>975.0</ele>
   </trkpt>
   <trkpt lat="-26.1635120" lon="-51.1081530">
    <ele>975.2</ele>
   </trkpt>
   <trkpt lat="-26.1635300" lon="-51.1081290">
    <ele>975.4</ele>
   </trkpt>
   <trkpt lat="-26.1635500" lon="-51.1081070">
    <ele>975.8</ele>
   </trkpt>
   <trkpt lat="-26.1635690" lon="-51.1080870">
    <ele>976.0</ele>
   </trkpt>
   <trkpt lat="-26.1635860" lon="-51.1080700">
    <ele>976.2</ele>
   </trkpt>
   <trkpt lat="-26.1636090" lon="-51.1080440">
    <ele>976.4</ele>
   </trkpt>
   <trkpt lat="-26.1636300" lon="-51.1080220">
    <ele>976.4</ele>
   </trkpt>
   <trkpt lat="-26.1636530" lon="-51.1080020">
    <ele>976.8</ele>
   </trkpt>
   <trkpt lat="-26.1636740" lon="-51.1079820">
    <ele>976.8</ele>
   </trkpt>
   <trkpt lat="-26.1636950" lon="-51.1079660">
    <ele>977.0</ele>
   </trkpt>
   <trkpt lat="-26.1637190" lon="-51.1079510">
    <ele>977.0</ele>
   </trkpt>
   <trkpt lat="-26.1637390" lon="-51.1079410">
    <ele>977.2</ele>
   </trkpt>
   <trkpt lat="-26.1637680" lon="-51.1079270">
    <ele>977.4</ele>
   </trkpt>
   <trkpt lat="-26.1637910" lon="-51.1079140">
    <ele>977.6</ele>
   </trkpt>
   <trkpt lat="-26.1638140" lon="-51.1078970">
    <ele>977.6</ele>
   </trkpt>
   <trkpt lat="-26.1638390" lon="-51.1078940">
    <ele>977.8</ele>
   </trkpt>
   <trkpt lat="-26.1638630" lon="-51.1078930">
    <ele>977.8</ele>
   </trkpt>
   <trkpt lat="-26.1638860" lon="-51.1078950">
    <ele>978.0</ele>
   </trkpt>
   <trkpt lat="-26.1639090" lon="-51.1079020">
    <ele>978.4</ele>
   </trkpt>
   <trkpt lat="-26.1639250" lon="-51.1079080">
    <ele>978.6</ele>
   </trkpt>
   <trkpt lat="-26.1639430" lon="-51.1079150">
    <ele>979.0</ele>
   </trkpt>
   <trkpt lat="-26.1639600" lon="-51.1079190">
    <ele>979.2</ele>
   </trkpt>
   <trkpt lat="-26.1639760" lon="-51.1079230">
    <ele>979.4</ele>
   </trkpt>
   <trkpt lat="-26.1639900" lon="-51.1079260">
    <ele>979.6</ele>
   </trkpt>
   <trkpt lat="-26.1640020" lon="-51.1079320">
    <ele>979.6</ele>
   </trkpt>
   <trkpt lat="-26.1640140" lon="-51.1079400">
    <ele>979.8</ele>
   </trkpt>
   <trkpt lat="-26.1640270" lon="-51.1079470">
    <ele>980.2</ele>
   </trkpt>
   <trkpt lat="-26.1640420" lon="-51.1079530">
    <ele>980.4</ele>
   </trkpt>
   <trkpt lat="-26.1640570" lon="-51.1079600">
    <ele>980.6</ele>
   </trkpt>
   <trkpt lat="-26.1640700" lon="-51.1079690">
    <ele>980.8</ele>
   </trkpt>
   <trkpt lat="-26.1640810" lon="-51.1079780">
    <ele>981.0</ele>
   </trkpt>
   <trkpt lat="-26.1640880" lon="-51.1079830">
    <ele>981.2</ele>
   </trkpt>
   <trkpt lat="-26.1641000" lon="-51.1079880">
    <ele>981.6</ele>
   </trkpt>
   <trkpt lat="-26.1641130" lon="-51.1079940">
    <ele>981.8</ele>
   </trkpt>
   <trkpt lat="-26.1641240" lon="-51.1079980">
    <ele>981.8</ele>
   </trkpt>
   <trkpt lat="-26.1641400" lon="-51.1080030">
    <ele>982.0</ele>
   </trkpt>
   <trkpt lat="-26.1641520" lon="-51.1080110">
    <ele>982.0</ele>
   </trkpt>
   <trkpt lat="-26.1641630" lon="-51.1080220">
    <ele>982.6</ele>
   </trkpt>
   <trkpt lat="-26.1641720" lon="-51.1080330">
    <ele>982.8</ele>
   </trkpt>
   <trkpt lat="-26.1641800" lon="-51.1080480">
    <ele>983.0</ele>
   </trkpt>
   <trkpt lat="-26.1641890" lon="-51.1080600">
    <ele>983.0</ele>
   </trkpt>
   <trkpt lat="-26.1641970" lon="-51.1080700">
    <ele>983.2</ele>
   </trkpt>
   <trkpt lat="-26.1642060" lon="-51.1080810">
    <ele>983.4</ele>
   </trkpt>
   <trkpt lat="-26.1642120" lon="-51.1080900">
    <ele>983.6</ele>
   </trkpt>
   <trkpt lat="-26.1642170" lon="-51.1080980">
    <ele>983.6</ele>
   </trkpt>
   <trkpt lat="-26.1642260" lon="-51.1081020">
    <ele>983.8</ele>
   </trkpt>
   <trkpt lat="-26.1642370" lon="-51.1081050">
    <ele>984.0</ele>
   </trkpt>
   <trkpt lat="-26.1642480" lon="-51.1081060">
    <ele>984.2</ele>
   </trkpt>
   <trkpt lat="-26.1642600" lon="-51.1081100">
    <ele>984.4</ele>
   </trkpt>
   <trkpt lat="-26.1642690" lon="-51.1081140">
    <ele>984.6</ele>
   </trkpt>
   <trkpt lat="-26.1642830" lon="-51.1081230">
    <ele>984.6</ele>
   </trkpt>
   <trkpt lat="-26.1642980" lon="-51.1081290">
    <ele>984.6</ele>
   </trkpt>
   <trkpt lat="-26.1643110" lon="-51.1081330">
    <ele>984.8</ele>
   </trkpt>
   <trkpt lat="-26.1643250" lon="-51.1081370">
    <ele>985.0</ele>
   </trkpt>
   <trkpt lat="-26.1643380" lon="-51.1081390">
    <ele>985.0</ele>
   </trkpt>
   <trkpt lat="-26.1643510" lon="-51.1081380">
    <ele>985.2</ele>
   </trkpt>
   <trkpt lat="-26.1643600" lon="-51.1081350">
    <ele>985.4</ele>
   </trkpt>
   <trkpt lat="-26.1643670" lon="-51.1081260">
    <ele>985.8</ele>
   </trkpt>
   <trkpt lat="-26.1643800" lon="-51.1081210">
    <ele>985.8</ele>
   </trkpt>
   <trkpt lat="-26.1643890" lon="-51.1081170">
    <ele>986.2</ele>
   </trkpt>
   <trkpt lat="-26.1643990" lon="-51.1081130">
    <ele>986.2</ele>
   </trkpt>
   <trkpt lat="-26.1644070" lon="-51.1081050">
    <ele>986.6</ele>
   </trkpt>
   <trkpt lat="-26.1644150" lon="-51.1081000">
    <ele>987.0</ele>
   </trkpt>
   <trkpt lat="-26.1644250" lon="-51.1080960">
    <ele>987.2</ele>
   </trkpt>
   <trkpt lat="-26.1644360" lon="-51.1080920">
    <ele>987.4</ele>
   </trkpt>
   <trkpt lat="-26.1644450" lon="-51.1080860">
    <ele>987.6</ele>
   </trkpt>
   <trkpt lat="-26.1644540" lon="-51.1080790">
    <ele>987.8</ele>
   </trkpt>
   <trkpt lat="-26.1644590" lon="-51.1080680">
    <ele>987.8</ele>
   </trkpt>
   <trkpt lat="-26.1644640" lon="-51.1080580">
    <ele>988.0</ele>
   </trkpt>
   <trkpt lat="-26.1644750" lon="-51.1080490">
    <ele>988.4</ele>
   </trkpt>
   <trkpt lat="-26.1644870" lon="-51.1080420">
    <ele>988.6</ele>
   </trkpt>
   <trkpt lat="-26.1645000" lon="-51.1080330">
    <ele>988.8</ele>
   </trkpt>
   <trkpt lat="-26.1645080" lon="-51.1080210">
    <ele>988.8</ele>
   </trkpt>
   <trkpt lat="-26.1645120" lon="-51.1080100">
    <ele>989.0</ele>
   </trkpt>
   <trkpt lat="-26.1645170" lon="-51.1079980">
    <ele>989.4</ele>
   </trkpt>
   <trkpt lat="-26.1645230" lon="-51.1079830">
    <ele>989.8</ele>
   </trkpt>
   <trkpt lat="-26.1645300" lon="-51.1079660">
    <ele>990.0</ele>
   </trkpt>
   <trkpt lat="-26.1645420" lon="-51.1079510">
    <ele>990.0</ele>
   </trkpt>
   <trkpt lat="-26.1645510" lon="-51.1079420">
    <ele>990.2</ele>
   </trkpt>
   <trkpt lat="-26.1645620" lon="-51.1079320">
    <ele>990.4</ele>
   </trkpt>
   <trkpt lat="-26.1645710" lon="-51.1079210">
    <ele>990.4</ele>
   </trkpt>
   <trkpt lat="-26.1645810" lon="-51.1079110">
    <ele>990.6</ele>
   </trkpt>
   <trkpt lat="-26.1645860" lon="-51.1079000">
    <ele>990.6</ele>
   </trkpt>
   <trkpt lat="-26.1645900" lon="-51.1078880">
    <ele>991.0</ele>
   </trkpt>
   <trkpt lat="-26.1645980" lon="-51.1078790">
    <ele>991.0</ele>
   </trkpt>
   <trkpt lat="-26.1646080" lon="-51.1078670">
    <ele>991.2</ele>
   </trkpt>
   <trkpt lat="-26.1646170" lon="-51.1078580">
    <ele>991.4</ele>
   </trkpt>
   <trkpt lat="-26.1646270" lon="-51.1078530">
    <ele>991.4</ele>
   </trkpt>
   <trkpt lat="-26.1646370" lon="-51.1078440">
    <ele>991.6</ele>
   </trkpt>
   <trkpt lat="-26.1646430" lon="-51.1078320">
    <ele>991.8</ele>
   </trkpt>
   <trkpt lat="-26.1646500" lon="-51.1078190">
    <ele>992.0</ele>
   </trkpt>
   <trkpt lat="-26.1646580" lon="-51.1078080">
    <ele>992.0</ele>
   </trkpt>
   <trkpt lat="-26.1646640" lon="-51.1077970">
    <ele>992.4</ele>
   </trkpt>
   <trkpt lat="-26.1646750" lon="-51.1077870">
    <ele>992.6</ele>
   </trkpt>
   <trkpt lat="-26.1646820" lon="-51.1077770">
    <ele>992.6</ele>
   </trkpt>
   <trkpt lat="-26.1646910" lon="-51.1077680">
    <ele>992.8</ele>
   </trkpt>
   <trkpt lat="-26.1647030" lon="-51.1077590">
    <ele>992.8</ele>
   </trkpt>
   <trkpt lat="-26.1647150" lon="-51.1077480">
    <ele>993.0</ele>
   </trkpt>
   <trkpt lat="-26.1647240" lon="-51.1077350">
    <ele>993.2</ele>
   </trkpt>
   <trkpt lat="-26.1647330" lon="-51.1077210">
    <ele>993.2</ele>
   </trkpt>
   <trkpt lat="-26.1647420" lon="-51.1077080">
    <ele>993.4</ele>
   </trkpt>
   <trkpt lat="-26.1647540" lon="-51.1076990">
    <ele>993.6</ele>
   </trkpt>
   <trkpt lat="-26.1647630" lon="-51.1076910">
    <ele>993.6</ele>
   </trkpt>
   <trkpt lat="-26.1647710" lon="-51.1076890">
    <ele>993.8</ele>
   </trkpt>
   <trkpt lat="-26.1647810" lon="-51.1076840">
    <ele>994.0</ele>
   </trkpt>
   <trkpt lat="-26.1647890" lon="-51.1076770">
    <ele>994.0</ele>
   </trkpt>
   <trkpt lat="-26.1647980" lon="-51.1076670">
    <ele>994.0</ele>
   </trkpt>
   <trkpt lat="-26.1648070" lon="-51.1076560">
    <ele>994.0</ele>
   </trkpt>
   <trkpt lat="-26.1648180" lon="-51.1076450">
    <ele>994.2</ele>
   </trkpt>
   <trkpt lat="-26.1648300" lon="-51.1076380">
    <ele>994.4</ele>
   </trkpt>
   <trkpt lat="-26.1648420" lon="-51.1076290">
    <ele>994.8</ele>
   </trkpt>
   <trkpt lat="-26.1648530" lon="-51.1076230">
    <ele>994.8</ele>
   </trkpt>
   <trkpt lat="-26.1648640" lon="-51.1076120">
    <ele>995.0</ele>
   </trkpt>
   <trkpt lat="-26.1648760" lon="-51.1076070">
    <ele>995.2</ele>
   </trkpt>
   <trkpt lat="-26.1648880" lon="-51.1075980">
    <ele>995.4</ele>
   </trkpt>
   <trkpt lat="-26.1648990" lon="-51.1075880">
    <ele>995.4</ele>
   </trkpt>
   <trkpt lat="-26.1649100" lon="-51.1075790">
    <ele>995.6</ele>
   </trkpt>
   <trkpt lat="-26.1649190" lon="-51.1075700">
    <ele>995.8</ele>
   </trkpt>
   <trkpt lat="-26.1649320" lon="-51.1075600">
    <ele>996.0</ele>
   </trkpt>
   <trkpt lat="-26.1649400" lon="-51.1075460">
    <ele>996.0</ele>
   </trkpt>
   <trkpt lat="-26.1649470" lon="-51.1075340">
    <ele>996.4</ele>
   </trkpt>
   <trkpt lat="-26.1649540" lon="-51.1075190">
    <ele>996.6</ele>
   </trkpt>
   <trkpt lat="-26.1649620" lon="-51.1075060">
    <ele>996.8</ele>
   </trkpt>
   <trkpt lat="-26.1649720" lon="-51.1074930">
    <ele>997.0</ele>
   </trkpt>
   <trkpt lat="-26.1649800" lon="-51.1074820">
    <ele>997.2</ele>
   </trkpt>
   <trkpt lat="-26.1649900" lon="-51.1074710">
    <ele>997.4</ele>
   </trkpt>
   <trkpt lat="-26.1649960" lon="-51.1074620">
    <ele>997.6</ele>
   </trkpt>
   <trkpt lat="-26.1650040" lon="-51.1074510">
    <ele>997.8</ele>
   </trkpt>
   <trkpt lat="-26.1650110" lon="-51.1074360">
    <ele>998.0</ele>
   </trkpt>
   <trkpt lat="-26.1650180" lon="-51.1074170">
    <ele>998.4</ele>
   </trkpt>
   <trkpt lat="-26.1650250" lon="-51.1074040">
    <ele>998.4</ele>
   </trkpt>
   <trkpt lat="-26.1650310" lon="-51.1073890">
    <ele>998.8</ele>
   </trkpt>
   <trkpt lat="-26.1650360" lon="-51.1073720">
    <ele>998.8</ele>
   </trkpt>
   <trkpt lat="-26.1650440" lon="-51.1073540">
    <ele>999.0</ele>
   </trkpt>
   <trkpt lat="-26.1650500" lon="-51.1073380">
    <ele>999.2</ele>
   </trkpt>
   <trkpt lat="-26.1650560" lon="-51.1073230">
    <ele>999.4</ele>
   </trkpt>
   <trkpt lat="-26.1650630" lon="-51.1073100">
    <ele>999.4</ele>
   </trkpt>
   <trkpt lat="-26.1650720" lon="-51.1072980">
    <ele>999.6</ele>
   </trkpt>
   <trkpt lat="-26.1650790" lon="-51.1072860">
    <ele>1000.0</ele>
   </trkpt>
   <trkpt lat="-26.1650830" lon="-51.1072730">
    <ele>1000.4</ele>
   </trkpt>
   <trkpt lat="-26.1650840" lon="-51.1072600">
    <ele>1000.4</ele>
   </trkpt>
   <trkpt lat="-26.1650860" lon="-51.1072460">
    <ele>1000.6</ele>
   </trkpt>
   <trkpt lat="-26.1650890" lon="-51.1072300">
    <ele>1000.8</ele>
   </trkpt>
   <trkpt lat="-26.1650910" lon="-51.1072140">
    <ele>1000.8</ele>
   </trkpt>
   <trkpt lat="-26.1650950" lon="-51.1071950">
    <ele>1001.0</ele>
   </trkpt>
   <trkpt lat="-26.1650980" lon="-51.1071770">
    <ele>1001.2</ele>
   </trkpt>
   <trkpt lat="-26.1651010" lon="-51.1071600">
    <ele>1001.4</ele>
   </trkpt>
   <trkpt lat="-26.1651000" lon="-51.1071420">
    <ele>1001.4</ele>
   </trkpt>
   <trkpt lat="-26.1651020" lon="-51.1071270">
    <ele>1001.6</ele>
   </trkpt>
   <trkpt lat="-26.1651020" lon="-51.1071270">
    <ele>1001.8</ele>
   </trkpt>
   <trkpt lat="-26.1651080" lon="-51.1070970">
    <ele>1001.8</ele>
   </trkpt>
   <trkpt lat="-26.1651190" lon="-51.1070830">
    <ele>1002.0</ele>
   </trkpt>
   <trkpt lat="-26.1651330" lon="-51.1070680">
    <ele>1002.0</ele>
   </trkpt>
   <trkpt lat="-26.1651370" lon="-51.1070520">
    <ele>1002.0</ele>
   </trkpt>
   <trkpt lat="-26.1651360" lon="-51.1070390">
    <ele>1002.2</ele>
   </trkpt>
   <trkpt lat="-26.1651370" lon="-51.1070260">
    <ele>1002.6</ele>
   </trkpt>
   <trkpt lat="-26.1651450" lon="-51.1070180">
    <ele>1002.8</ele>
   </trkpt>
   <trkpt lat="-26.1651500" lon="-51.1070100">
    <ele>1003.0</ele>
   </trkpt>
   <trkpt lat="-26.1651510" lon="-51.1069980">
    <ele>1003.0</ele>
   </trkpt>
   <trkpt lat="-26.1651530" lon="-51.1069860">
    <ele>1003.2</ele>
   </trkpt>
   <trkpt lat="-26.1651550" lon="-51.1069720">
    <ele>1003.4</ele>
   </trkpt>
   <trkpt lat="-26.1651650" lon="-51.1069570">
    <ele>1003.6</ele>
   </trkpt>
   <trkpt lat="-26.1651750" lon="-51.1069430">
    <ele>1003.6</ele>
   </trkpt>
   <trkpt lat="-26.1651810" lon="-51.1069350">
    <ele>1003.6</ele>
   </trkpt>
   <trkpt lat="-26.1651840" lon="-51.1069300">
    <ele>1003.8</ele>
   </trkpt>
   <trkpt lat="-26.1651820" lon="-51.1069260">
    <ele>1004.0</ele>
   </trkpt>
   <trkpt lat="-26.1651820" lon="-51.1069170">
    <ele>1004.0</ele>
   </trkpt>
   <trkpt lat="-26.1651840" lon="-51.1069050">
    <ele>1004.2</ele>
   </trkpt>
   <trkpt lat="-26.1651880" lon="-51.1068910">
    <ele>1004.2</ele>
   </trkpt>
   <trkpt lat="-26.1651930" lon="-51.1068750">
    <ele>1004.6</ele>
   </trkpt>
   <trkpt lat="-26.1651950" lon="-51.1068620">
    <ele>1004.8</ele>
   </trkpt>
   <trkpt lat="-26.1652160" lon="-51.1068440">
    <ele>1005.2</ele>
   </trkpt>
   <trkpt lat="-26.1652300" lon="-51.1068320">
    <ele>1005.2</ele>
   </trkpt>
   <trkpt lat="-26.1652380" lon="-51.1068190">
    <ele>1005.4</ele>
   </trkpt>
   <trkpt lat="-26.1652400" lon="-51.1068030">
    <ele>1005.4</ele>
   </trkpt>
   <trkpt lat="-26.1652400" lon="-51.1067860">
    <ele>1005.4</ele>
   </trkpt>
   <trkpt lat="-26.1652410" lon="-51.1067690">
    <ele>1005.8</ele>
   </trkpt>
   <trkpt lat="-26.1652470" lon="-51.1067510">
    <ele>1006.2</ele>
   </trkpt>
   <trkpt lat="-26.1652560" lon="-51.1067360">
    <ele>1006.4</ele>
   </trkpt>
   <trkpt lat="-26.1652670" lon="-51.1067250">
    <ele>1006.6</ele>
   </trkpt>
   <trkpt lat="-26.1652820" lon="-51.1067170">
    <ele>1006.8</ele>
   </trkpt>
   <trkpt lat="-26.1652830" lon="-51.1067080">
    <ele>1006.8</ele>
   </trkpt>
   <trkpt lat="-26.1652890" lon="-51.1066950">
    <ele>1006.8</ele>
   </trkpt>
   <trkpt lat="-26.1653030" lon="-51.1066840">
    <ele>1007.0</ele>
   </trkpt>
   <trkpt lat="-26.1653060" lon="-51.1066690">
    <ele>1007.2</ele>
   </trkpt>
   <trkpt lat="-26.1653110" lon="-51.1066530">
    <ele>1007.2</ele>
   </trkpt>
   <trkpt lat="-26.1653160" lon="-51.1066350">
    <ele>1007.4</ele>
   </trkpt>
   <trkpt lat="-26.1653240" lon="-51.1066240">
    <ele>1007.4</ele>
   </trkpt>
   <trkpt lat="-26.1653360" lon="-51.1066130">
    <ele>1007.6</ele>
   </trkpt>
   <trkpt lat="-26.1653480" lon="-51.1066020">
    <ele>1007.6</ele>
   </trkpt>
   <trkpt lat="-26.1653610" lon="-51.1065920">
    <ele>1007.6</ele>
   </trkpt>
   <trkpt lat="-26.1653720" lon="-51.1065800">
    <ele>1007.8</ele>
   </trkpt>
   <trkpt lat="-26.1653830" lon="-51.1065690">
    <ele>1008.0</ele>
   </trkpt>
   <trkpt lat="-26.1653950" lon="-51.1065570">
    <ele>1008.2</ele>
   </trkpt>
   <trkpt lat="-26.1654050" lon="-51.1065480">
    <ele>1008.2</ele>
   </trkpt>
   <trkpt lat="-26.1654160" lon="-51.1065390">
    <ele>1008.6</ele>
   </trkpt>
   <trkpt lat="-26.1654270" lon="-51.1065300">
    <ele>1008.6</ele>
   </trkpt>
   <trkpt lat="-26.1654400" lon="-51.1065210">
    <ele>1008.8</ele>
   </trkpt>
   <trkpt lat="-26.1654550" lon="-51.1065120">
    <ele>1009.2</ele>
   </trkpt>
   <trkpt lat="-26.1654690" lon="-51.1065050">
    <ele>1009.4</ele>
   </trkpt>
   <trkpt lat="-26.1654840" lon="-51.1065020">
    <ele>1009.4</ele>
   </trkpt>
   <trkpt lat="-26.1654990" lon="-51.1065050">
    <ele>1009.6</ele>
   </trkpt>
   <trkpt lat="-26.1655120" lon="-51.1065060">
    <ele>1010.0</ele>
   </trkpt>
   <trkpt lat="-26.1655270" lon="-51.1065010">
    <ele>1010.2</ele>
   </trkpt>
   <trkpt lat="-26.1655410" lon="-51.1064940">
    <ele>1010.4</ele>
   </trkpt>
   <trkpt lat="-26.1655550" lon="-51.1064880">
    <ele>1010.6</ele>
   </trkpt>
   <trkpt lat="-26.1655690" lon="-51.1064860">
    <ele>1010.8</ele>
   </trkpt>
   <trkpt lat="-26.1655830" lon="-51.1064800">
    <ele>1010.8</ele>
   </trkpt>
   <trkpt lat="-26.1655970" lon="-51.1064730">
    <ele>1010.8</ele>
   </trkpt>
   <trkpt lat="-26.1656110" lon="-51.1064670">
    <ele>1011.2</ele>
   </trkpt>
   <trkpt lat="-26.1656260" lon="-51.1064600">
    <ele>1011.4</ele>
   </trkpt>
   <trkpt lat="-26.1656430" lon="-51.1064520">
    <ele>1011.8</ele>
   </trkpt>
   <trkpt lat="-26.1656570" lon="-51.1064460">
    <ele>1011.8</ele>
   </trkpt>
   <trkpt lat="-26.1656700" lon="-51.1064400">
    <ele>1012.0</ele>
   </trkpt>
   <trkpt lat="-26.1656850" lon="-51.1064340">
    <ele>1012.2</ele>
   </trkpt>
   <trkpt lat="-26.1657000" lon="-51.1064310">
    <ele>1012.6</ele>
   </trkpt>
   <trkpt lat="-26.1657140" lon="-51.1064260">
    <ele>1012.6</ele>
   </trkpt>
   <trkpt lat="-26.1657290" lon="-51.1064200">
    <ele>1012.8</ele>
   </trkpt>
   <trkpt lat="-26.1657420" lon="-51.1064160">
    <ele>1013.0</ele>
   </trkpt>
   <trkpt lat="-26.1657540" lon="-51.1064120">
    <ele>1013.2</ele>
   </trkpt>
   <trkpt lat="-26.1657650" lon="-51.1064100">
    <ele>1013.4</ele>
   </trkpt>
   <trkpt lat="-26.1657780" lon="-51.1064090">
    <ele>1013.4</ele>
   </trkpt>
   <trkpt lat="-26.1657870" lon="-51.1064100">
    <ele>1013.4</ele>
   </trkpt>
   <trkpt lat="-26.1657920" lon="-51.1064100">
    <ele>1013.6</ele>
   </trkpt>
   <trkpt lat="-26.1657920" lon="-51.1064100">
    <ele>1013.8</ele>
   </trkpt>
   <trkpt lat="-26.1657920" lon="-51.1064100">
    <ele>1014.0</ele>
   </trkpt>
   <trkpt lat="-26.1657960" lon="-51.1064130">
    <ele>1014.0</ele>
   </trkpt>
   <trkpt lat="-26.1657960" lon="-51.1064130">
    <ele>1014.0</ele>
   </trkpt>
   <trkpt lat="-26.1657970" lon="-51.1063920">
    <ele>1014.0</ele>
   </trkpt>
   <trkpt lat="-26.1657980" lon="-51.1063880">
    <ele>1014.0</ele>
   </trkpt>
   <trkpt lat="-26.1658010" lon="-51.1063870">
    <ele>1014.0</ele>
   </trkpt>
   <trkpt lat="-26.1658000" lon="-51.1063790">
    <ele>1014.0</ele>
   </trkpt>
   <trkpt lat="-26.1658000" lon="-51.1063790">
    <ele>1014.2</ele>
   </trkpt>
   <trkpt lat="-26.1658000" lon="-51.1063790">
    <ele>1014.0</ele>
   </trkpt>
   <trkpt lat="-26.1658000" lon="-51.1063790">
    <ele>1014.0</ele>
   </trkpt>
   <trkpt lat="-26.1658000" lon="-51.1063790">
    <ele>1014.2</ele>
   </trkpt>
   <trkpt lat="-26.1658000" lon="-51.1063790">
    <ele>1014.0</ele>
   </trkpt>
   <trkpt lat="-26.1658020" lon="-51.1063850">
    <ele>1014.0</ele>
   </trkpt>
   <trkpt lat="-26.1658020" lon="-51.1063850">
    <ele>1013.8</ele>
   </trkpt>
   <trkpt lat="-26.1658020" lon="-51.1063850">
    <ele>1013.6</ele>
   </trkpt>
   <trkpt lat="-26.1658020" lon="-51.1063850">
    <ele>1013.6</ele>
   </trkpt>
   <trkpt lat="-26.1658060" lon="-51.1063880">
    <ele>1013.6</ele>
   </trkpt>
   <trkpt lat="-26.1658090" lon="-51.1063820">
    <ele>1013.6</ele>
   </trkpt>
   <trkpt lat="-26.1658090" lon="-51.1063820">
    <ele>1013.4</ele>
   </trkpt>
   <trkpt lat="-26.1658090" lon="-51.1063820">
    <ele>1013.4</ele>
   </trkpt>
   <trkpt lat="-26.1658020" lon="-51.1063800">
    <ele>1013.4</ele>
   </trkpt>
   <trkpt lat="-26.1658020" lon="-51.1063800">
    <ele>1013.4</ele>
   </trkpt>
   <trkpt lat="-26.1658020" lon="-51.1063800">
    <ele>1013.4</ele>
   </trkpt>
   <trkpt lat="-26.1657950" lon="-51.1063590">
    <ele>1013.4</ele>
   </trkpt>
   <trkpt lat="-26.1657950" lon="-51.1063590">
    <ele>1013.4</ele>
   </trkpt>
   <trkpt lat="-26.1657950" lon="-51.1063590">
    <ele>1013.4</ele>
   </trkpt>
   <trkpt lat="-26.1657950" lon="-51.1063590">
    <ele>1013.2</ele>
   </trkpt>
   <trkpt lat="-26.1657950" lon="-51.1063590">
    <ele>1013.2</ele>
   </trkpt>
   <trkpt lat="-26.1657950" lon="-51.1063590">
    <ele>1013.4</ele>
   </trkpt>
   <trkpt lat="-26.1657950" lon="-51.1063590">
    <ele>1013.6</ele>
   </trkpt>
   <trkpt lat="-26.1657950" lon="-51.1063590">
    <ele>1013.6</ele>
   </trkpt>
   <trkpt lat="-26.1657950" lon="-51.1063590">
    <ele>1013.8</ele>
   </trkpt>
   <trkpt lat="-26.1657950" lon="-51.1063590">
    <ele>1014.0</ele>
   </trkpt>
   <trkpt lat="-26.1657920" lon="-51.1063690">
    <ele>1014.0</ele>
   </trkpt>
   <trkpt lat="-26.1657920" lon="-51.1063690">
    <ele>1014.4</ele>
   </trkpt>
   <trkpt lat="-26.1657920" lon="-51.1063690">
    <ele>1014.4</ele>
   </trkpt>
   <trkpt lat="-26.1657920" lon="-51.1063690">
    <ele>1014.4</ele>
   </trkpt>
   <trkpt lat="-26.1657910" lon="-51.1063720">
    <ele>1014.4</ele>
   </trkpt>
   <trkpt lat="-26.1657780" lon="-51.1063840">
    <ele>1014.4</ele>
   </trkpt>
   <trkpt lat="-26.1657780" lon="-51.1063840">
    <ele>1014.4</ele>
   </trkpt>
   <trkpt lat="-26.1657780" lon="-51.1063840">
    <ele>1014.6</ele>
   </trkpt>
   <trkpt lat="-26.1657780" lon="-51.1063840">
    <ele>1014.4</ele>
   </trkpt>
   <trkpt lat="-26.1657780" lon="-51.1063840">
    <ele>1014.6</ele>
   </trkpt>
   <trkpt lat="-26.1657780" lon="-51.1063840">
    <ele>1014.2</ele>
   </trkpt>
   <trkpt lat="-26.1657780" lon="-51.1063840">
    <ele>1014.2</ele>
   </trkpt>
   <trkpt lat="-26.1657950" lon="-51.1063750">
    <ele>1014.2</ele>
   </trkpt>
   <trkpt lat="-26.1658900" lon="-51.1063810">
    <ele>1013.8</ele>
   </trkpt>
   <trkpt lat="-26.1659210" lon="-51.1063760">
    <ele>1013.6</ele>
   </trkpt>
   <trkpt lat="-26.1661160" lon="-51.1063470">
    <ele>1012.8</ele>
   </trkpt>
   <trkpt lat="-26.1661640" lon="-51.1063410">
    <ele>1012.4</ele>
   </trkpt>
   <trkpt lat="-26.1662690" lon="-51.1063300">
    <ele>1011.8</ele>
   </trkpt>
   <trkpt lat="-26.1663280" lon="-51.1063100">
    <ele>1011.0</ele>
   </trkpt>
   <trkpt lat="-26.1663920" lon="-51.1062720">
    <ele>1011.0</ele>
   </trkpt>
   <trkpt lat="-26.1664470" lon="-51.1062060">
    <ele>1010.6</ele>
   </trkpt>
   <trkpt lat="-26.1664770" lon="-51.1061160">
    <ele>1008.6</ele>
   </trkpt>
   <trkpt lat="-26.1664880" lon="-51.1060230">
    <ele>1006.8</ele>
   </trkpt>
   <trkpt lat="-26.1664840" lon="-51.1059230">
    <ele>1005.0</ele>
   </trkpt>
   <trkpt lat="-26.1664680" lon="-51.1058150">
    <ele>1003.2</ele>
   </trkpt>
   <trkpt lat="-26.1664500" lon="-51.1057070">
    <ele>1002.0</ele>
   </trkpt>
   <trkpt lat="-26.1664330" lon="-51.1055990">
    <ele>1001.6</ele>
   </trkpt>
   <trkpt lat="-26.1664020" lon="-51.1053950">
    <ele>1001.0</ele>
   </trkpt>
   <trkpt lat="-26.1663660" lon="-51.1051060">
    <ele>1000.8</ele>
   </trkpt>
   <trkpt lat="-26.1663560" lon="-51.1050350">
    <ele>1001.2</ele>
   </trkpt>
   <trkpt lat="-26.1663520" lon="-51.1049750">
    <ele>1001.8</ele>
   </trkpt>
   <trkpt lat="-26.1663480" lon="-51.1049160">
    <ele>1002.0</ele>
   </trkpt>
   <trkpt lat="-26.1663390" lon="-51.1047970">
    <ele>1002.6</ele>
   </trkpt>
   <trkpt lat="-26.1663350" lon="-51.1047200">
    <ele>1003.0</ele>
   </trkpt>
   <trkpt lat="-26.1663330" lon="-51.1046650">
    <ele>1003.2</ele>
   </trkpt>
   <trkpt lat="-26.1663360" lon="-51.1046180">
    <ele>1003.8</ele>
   </trkpt>
   <trkpt lat="-26.1663340" lon="-51.1045720">
    <ele>1005.0</ele>
   </trkpt>
   <trkpt lat="-26.1663300" lon="-51.1045320">
    <ele>1005.6</ele>
   </trkpt>
   <trkpt lat="-26.1663290" lon="-51.1044920">
    <ele>1006.2</ele>
   </trkpt>
   <trkpt lat="-26.1663300" lon="-51.1044480">
    <ele>1007.4</ele>
   </trkpt>
   <trkpt lat="-26.1663340" lon="-51.1043620">
    <ele>1007.4</ele>
   </trkpt>
   <trkpt lat="-26.1663390" lon="-51.1043230">
    <ele>1007.4</ele>
   </trkpt>
   <trkpt lat="-26.1663440" lon="-51.1042810">
    <ele>1007.0</ele>
   </trkpt>
   <trkpt lat="-26.1663490" lon="-51.1042390">
    <ele>1006.6</ele>
   </trkpt>
   <trkpt lat="-26.1663690" lon="-51.1041390">
    <ele>1006.0</ele>
   </trkpt>
   <trkpt lat="-26.1663950" lon="-51.1040200">
    <ele>1005.0</ele>
   </trkpt>
   <trkpt lat="-26.1664090" lon="-51.1039620">
    <ele>1004.0</ele>
   </trkpt>
   <trkpt lat="-26.1664360" lon="-51.1038360">
    <ele>1002.4</ele>
   </trkpt>
   <trkpt lat="-26.1664700" lon="-51.1037030">
    <ele>1001.2</ele>
   </trkpt>
   <trkpt lat="-26.1664900" lon="-51.1036260">
    <ele>1000.2</ele>
   </trkpt>
   <trkpt lat="-26.1665120" lon="-51.1035370">
    <ele>998.4</ele>
   </trkpt>
   <trkpt lat="-26.1665330" lon="-51.1034380">
    <ele>997.0</ele>
   </trkpt>
   <trkpt lat="-26.1665370" lon="-51.1033720">
    <ele>994.6</ele>
   </trkpt>
   <trkpt lat="-26.1665410" lon="-51.1033060">
    <ele>993.0</ele>
   </trkpt>
   <trkpt lat="-26.1665650" lon="-51.1029110">
    <ele>992.8</ele>
   </trkpt>
   <trkpt lat="-26.1665700" lon="-51.1028190">
    <ele>993.0</ele>
   </trkpt>
   <trkpt lat="-26.1665760" lon="-51.1027370">
    <ele>993.2</ele>
   </trkpt>
   <trkpt lat="-26.1665850" lon="-51.1026630">
    <ele>993.8</ele>
   </trkpt>
   <trkpt lat="-26.1665990" lon="-51.1025990">
    <ele>994.4</ele>
   </trkpt>
   <trkpt lat="-26.1666110" lon="-51.1025410">
    <ele>994.6</ele>
   </trkpt>
   <trkpt lat="-26.1666190" lon="-51.1024950">
    <ele>995.4</ele>
   </trkpt>
   <trkpt lat="-26.1666230" lon="-51.1024580">
    <ele>996.4</ele>
   </trkpt>
   <trkpt lat="-26.1666300" lon="-51.1024330">
    <ele>997.2</ele>
   </trkpt>
   <trkpt lat="-26.1666360" lon="-51.1024080">
    <ele>998.2</ele>
   </trkpt>
   <trkpt lat="-26.1666480" lon="-51.1023860">
    <ele>999.2</ele>
   </trkpt>
   <trkpt lat="-26.1666610" lon="-51.1023690">
    <ele>999.4</ele>
   </trkpt>
   <trkpt lat="-26.1666730" lon="-51.1023490">
    <ele>999.6</ele>
   </trkpt>
   <trkpt lat="-26.1666950" lon="-51.1023040">
    <ele>1000.0</ele>
   </trkpt>
   <trkpt lat="-26.1667130" lon="-51.1022910">
    <ele>1000.4</ele>
   </trkpt>
   <trkpt lat="-26.1667250" lon="-51.1022720">
    <ele>1000.8</ele>
   </trkpt>
   <trkpt lat="-26.1667440" lon="-51.1022560">
    <ele>1000.8</ele>
   </trkpt>
   <trkpt lat="-26.1667640" lon="-51.1022430">
    <ele>1001.2</ele>
   </trkpt>
   <trkpt lat="-26.1667880" lon="-51.1022240">
    <ele>1001.4</ele>
   </trkpt>
   <trkpt lat="-26.1668020" lon="-51.1022130">
    <ele>1001.6</ele>
   </trkpt>
   <trkpt lat="-26.1668140" lon="-51.1022070">
    <ele>1001.6</ele>
   </trkpt>
   <trkpt lat="-26.1668360" lon="-51.1022020">
    <ele>1001.8</ele>
   </trkpt>
   <trkpt lat="-26.1668520" lon="-51.1021970">
    <ele>1001.8</ele>
   </trkpt>
   <trkpt lat="-26.1668730" lon="-51.1021810">
    <ele>1002.0</ele>
   </trkpt>
   <trkpt lat="-26.1669010" lon="-51.1021600">
    <ele>1002.4</ele>
   </trkpt>
   <trkpt lat="-26.1669350" lon="-51.1021430">
    <ele>1002.4</ele>
   </trkpt>
   <trkpt lat="-26.1669640" lon="-51.1021310">
    <ele>1002.6</ele>
   </trkpt>
   <trkpt lat="-26.1669990" lon="-51.1021070">
    <ele>1002.6</ele>
   </trkpt>
   <trkpt lat="-26.1670250" lon="-51.1020920">
    <ele>1002.6</ele>
   </trkpt>
   <trkpt lat="-26.1670450" lon="-51.1020840">
    <ele>1002.6</ele>
   </trkpt>
   <trkpt lat="-26.1670590" lon="-51.1020820">
    <ele>1002.8</ele>
   </trkpt>
   <trkpt lat="-26.1670790" lon="-51.1020660">
    <ele>1002.8</ele>
   </trkpt>
   <trkpt lat="-26.1671080" lon="-51.1020510">
    <ele>1002.8</ele>
   </trkpt>
   <trkpt lat="-26.1671330" lon="-51.1020310">
    <ele>1002.8</ele>
   </trkpt>
   <trkpt lat="-26.1671560" lon="-51.1020180">
    <ele>1002.8</ele>
   </trkpt>
   <trkpt lat="-26.1671800" lon="-51.1020020">
    <ele>1003.0</ele>
   </trkpt>
   <trkpt lat="-26.1672070" lon="-51.1019860">
    <ele>1002.8</ele>
   </trkpt>
   <trkpt lat="-26.1672370" lon="-51.1019650">
    <ele>1002.8</ele>
   </trkpt>
   <trkpt lat="-26.1672690" lon="-51.1019410">
    <ele>1002.6</ele>
   </trkpt>
   <trkpt lat="-26.1673000" lon="-51.1019080">
    <ele>1002.4</ele>
   </trkpt>
   <trkpt lat="-26.1673340" lon="-51.1018660">
    <ele>1002.2</ele>
   </trkpt>
   <trkpt lat="-26.1673670" lon="-51.1018160">
    <ele>1001.6</ele>
   </trkpt>
   <trkpt lat="-26.1674020" lon="-51.1017640">
    <ele>1000.2</ele>
   </trkpt>
   <trkpt lat="-26.1674900" lon="-51.1017020">
    <ele>999.2</ele>
   </trkpt>
   <trkpt lat="-26.1675440" lon="-51.1017150">
    <ele>998.4</ele>
   </trkpt>
   <trkpt lat="-26.1675970" lon="-51.1017610">
    <ele>997.2</ele>
   </trkpt>
   <trkpt lat="-26.1676340" lon="-51.1018320">
    <ele>996.0</ele>
   </trkpt>
   <trkpt lat="-26.1676570" lon="-51.1019080">
    <ele>994.0</ele>
   </trkpt>
   <trkpt lat="-26.1677150" lon="-51.1020820">
    <ele>992.0</ele>
   </trkpt>
   <trkpt lat="-26.1677460" lon="-51.1021560">
    <ele>991.4</ele>
   </trkpt>
   <trkpt lat="-26.1678100" lon="-51.1022590">
    <ele>988.4</ele>
   </trkpt>
   <trkpt lat="-26.1678650" lon="-51.1023280">
    <ele>987.6</ele>
   </trkpt>
   <trkpt lat="-26.1679590" lon="-51.1024160">
    <ele>985.4</ele>
   </trkpt>
   <trkpt lat="-26.1680480" lon="-51.1024840">
    <ele>984.2</ele>
   </trkpt>
   <trkpt lat="-26.1681440" lon="-51.1025430">
    <ele>982.8</ele>
   </trkpt>
   <trkpt lat="-26.1682470" lon="-51.1025930">
    <ele>981.8</ele>
   </trkpt>
   <trkpt lat="-26.1683570" lon="-51.1026310">
    <ele>980.4</ele>
   </trkpt>
   <trkpt lat="-26.1684490" lon="-51.1026500">
    <ele>977.2</ele>
   </trkpt>
   <trkpt lat="-26.1685680" lon="-51.1026340">
    <ele>975.0</ele>
   </trkpt>
   <trkpt lat="-26.1686880" lon="-51.1025970">
    <ele>974.0</ele>
   </trkpt>
   <trkpt lat="-26.1688310" lon="-51.1025260">
    <ele>973.8</ele>
   </trkpt>
   <trkpt lat="-26.1689460" lon="-51.1024690">
    <ele>973.8</ele>
   </trkpt>
   <trkpt lat="-26.1690460" lon="-51.1024280">
    <ele>973.8</ele>
   </trkpt>
   <trkpt lat="-26.1691230" lon="-51.1023970">
    <ele>974.0</ele>
   </trkpt>
   <trkpt lat="-26.1692350" lon="-51.1023500">
    <ele>974.2</ele>
   </trkpt>
   <trkpt lat="-26.1693040" lon="-51.1023160">
    <ele>974.4</ele>
   </trkpt>
   <trkpt lat="-26.1693980" lon="-51.1022830">
    <ele>974.6</ele>
   </trkpt>
   <trkpt lat="-26.1694980" lon="-51.1022600">
    <ele>974.6</ele>
   </trkpt>
   <trkpt lat="-26.1697950" lon="-51.1022730">
    <ele>972.6</ele>
   </trkpt>
   <trkpt lat="-26.1698800" lon="-51.1022770">
    <ele>970.8</ele>
   </trkpt>
   <trkpt lat="-26.1699700" lon="-51.1022860">
    <ele>969.8</ele>
   </trkpt>
   <trkpt lat="-26.1700640" lon="-51.1023060">
    <ele>968.6</ele>
   </trkpt>
   <trkpt lat="-26.1701630" lon="-51.1023460">
    <ele>966.6</ele>
   </trkpt>
   <trkpt lat="-26.1702760" lon="-51.1024090">
    <ele>963.6</ele>
   </trkpt>
   <trkpt lat="-26.1703560" lon="-51.1024770">
    <ele>961.0</ele>
   </trkpt>
   <trkpt lat="-26.1704320" lon="-51.1025510">
    <ele>959.0</ele>
   </trkpt>
   <trkpt lat="-26.1705200" lon="-51.1026250">
    <ele>957.2</ele>
   </trkpt>
   <trkpt lat="-26.1706100" lon="-51.1026900">
    <ele>957.2</ele>
   </trkpt>
   <trkpt lat="-26.1706980" lon="-51.1027390">
    <ele>957.0</ele>
   </trkpt>
   <trkpt lat="-26.1707880" lon="-51.1027740">
    <ele>957.0</ele>
   </trkpt>
   <trkpt lat="-26.1708720" lon="-51.1027760">
    <ele>957.6</ele>
   </trkpt>
   <trkpt lat="-26.1709400" lon="-51.1027510">
    <ele>957.8</ele>
   </trkpt>
   <trkpt lat="-26.1709770" lon="-51.1027100">
    <ele>957.8</ele>
   </trkpt>
   <trkpt lat="-26.1710100" lon="-51.1026460">
    <ele>957.8</ele>
   </trkpt>
   <trkpt lat="-26.1710290" lon="-51.1025520">
    <ele>957.6</ele>
   </trkpt>
   <trkpt lat="-26.1710200" lon="-51.1024620">
    <ele>955.8</ele>
   </trkpt>
   <trkpt lat="-26.1709990" lon="-51.1023580">
    <ele>954.2</ele>
   </trkpt>
   <trkpt lat="-26.1709790" lon="-51.1022490">
    <ele>952.0</ele>
   </trkpt>
   <trkpt lat="-26.1709610" lon="-51.1021320">
    <ele>950.2</ele>
   </trkpt>
   <trkpt lat="-26.1709440" lon="-51.1020140">
    <ele>948.6</ele>
   </trkpt>
   <trkpt lat="-26.1709300" lon="-51.1019000">
    <ele>947.4</ele>
   </trkpt>
   <trkpt lat="-26.1709020" lon="-51.1016540">
    <ele>946.0</ele>
   </trkpt>
   <trkpt lat="-26.1708910" lon="-51.1015320">
    <ele>943.8</ele>
   </trkpt>
   <trkpt lat="-26.1708820" lon="-51.1014020">
    <ele>942.0</ele>
   </trkpt>
   <trkpt lat="-26.1708700" lon="-51.1012670">
    <ele>939.0</ele>
   </trkpt>
   <trkpt lat="-26.1708610" lon="-51.1011380">
    <ele>938.2</ele>
   </trkpt>
   <trkpt lat="-26.1708610" lon="-51.1010170">
    <ele>935.2</ele>
   </trkpt>
   <trkpt lat="-26.1708670" lon="-51.1009080">
    <ele>932.4</ele>
   </trkpt>
   <trkpt lat="-26.1708710" lon="-51.1008110">
    <ele>931.2</ele>
   </trkpt>
   <trkpt lat="-26.1708580" lon="-51.1007110">
    <ele>929.8</ele>
   </trkpt>
   <trkpt lat="-26.1708390" lon="-51.1005800">
    <ele>928.4</ele>
   </trkpt>
   <trkpt lat="-26.1708180" lon="-51.1004490">
    <ele>928.0</ele>
   </trkpt>
   <trkpt lat="-26.1708160" lon="-51.1003170">
    <ele>926.8</ele>
   </trkpt>
   <trkpt lat="-26.1708160" lon="-51.1001780">
    <ele>925.4</ele>
   </trkpt>
   <trkpt lat="-26.1708280" lon="-51.1000510">
    <ele>923.4</ele>
   </trkpt>
   <trkpt lat="-26.1708530" lon="-51.0999450">
    <ele>921.6</ele>
   </trkpt>
   <trkpt lat="-26.1708750" lon="-51.0998410">
    <ele>919.6</ele>
   </trkpt>
   <trkpt lat="-26.1708890" lon="-51.0997450">
    <ele>918.2</ele>
   </trkpt>
   <trkpt lat="-26.1708820" lon="-51.0995550">
    <ele>916.2</ele>
   </trkpt>
   <trkpt lat="-26.1708630" lon="-51.0994600">
    <ele>914.6</ele>
   </trkpt>
   <trkpt lat="-26.1708130" lon="-51.0992710">
    <ele>913.0</ele>
   </trkpt>
   <trkpt lat="-26.1707940" lon="-51.0991730">
    <ele>911.6</ele>
   </trkpt>
   <trkpt lat="-26.1707880" lon="-51.0990970">
    <ele>910.0</ele>
   </trkpt>
   <trkpt lat="-26.1707840" lon="-51.0989870">
    <ele>908.4</ele>
   </trkpt>
   <trkpt lat="-26.1707800" lon="-51.0988990">
    <ele>907.2</ele>
   </trkpt>
   <trkpt lat="-26.1707770" lon="-51.0988140">
    <ele>906.2</ele>
   </trkpt>
   <trkpt lat="-26.1707800" lon="-51.0987350">
    <ele>905.4</ele>
   </trkpt>
   <trkpt lat="-26.1707940" lon="-51.0986620">
    <ele>904.0</ele>
   </trkpt>
   <trkpt lat="-26.1708240" lon="-51.0985890">
    <ele>902.8</ele>
   </trkpt>
   <trkpt lat="-26.1708710" lon="-51.0985290">
    <ele>902.4</ele>
   </trkpt>
   <trkpt lat="-26.1709240" lon="-51.0984890">
    <ele>900.6</ele>
   </trkpt>
   <trkpt lat="-26.1709870" lon="-51.0984730">
    <ele>899.6</ele>
   </trkpt>
   <trkpt lat="-26.1710570" lon="-51.0984850">
    <ele>898.4</ele>
   </trkpt>
   <trkpt lat="-26.1711330" lon="-51.0985180">
    <ele>897.4</ele>
   </trkpt>
   <trkpt lat="-26.1712100" lon="-51.0985640">
    <ele>896.0</ele>
   </trkpt>
   <trkpt lat="-26.1713410" lon="-51.0986980">
    <ele>894.4</ele>
   </trkpt>
   <trkpt lat="-26.1714030" lon="-51.0987660">
    <ele>894.0</ele>
   </trkpt>
   <trkpt lat="-26.1714610" lon="-51.0988320">
    <ele>892.8</ele>
   </trkpt>
   <trkpt lat="-26.1715180" lon="-51.0989030">
    <ele>890.8</ele>
   </trkpt>
   <trkpt lat="-26.1716500" lon="-51.0990350">
    <ele>887.8</ele>
   </trkpt>
   <trkpt lat="-26.1717260" lon="-51.0990890">
    <ele>887.0</ele>
   </trkpt>
   <trkpt lat="-26.1718060" lon="-51.0991330">
    <ele>884.8</ele>
   </trkpt>
   <trkpt lat="-26.1718920" lon="-51.0991630">
    <ele>882.4</ele>
   </trkpt>
   <trkpt lat="-26.1719810" lon="-51.0991720">
    <ele>880.0</ele>
   </trkpt>
   <trkpt lat="-26.1720520" lon="-51.0991650">
    <ele>878.8</ele>
   </trkpt>
   <trkpt lat="-26.1721640" lon="-51.0991460">
    <ele>878.2</ele>
   </trkpt>
   <trkpt lat="-26.1722640" lon="-51.0991280">
    <ele>876.4</ele>
   </trkpt>
   <trkpt lat="-26.1723720" lon="-51.0991260">
    <ele>874.0</ele>
   </trkpt>
   <trkpt lat="-26.1725510" lon="-51.0991980">
    <ele>872.8</ele>
   </trkpt>
   <trkpt lat="-26.1726310" lon="-51.0992710">
    <ele>872.6</ele>
   </trkpt>
   <trkpt lat="-26.1727060" lon="-51.0993500">
    <ele>872.4</ele>
   </trkpt>
   <trkpt lat="-26.1727880" lon="-51.0994260">
    <ele>872.0</ele>
   </trkpt>
   <trkpt lat="-26.1728680" lon="-51.0995060">
    <ele>871.8</ele>
   </trkpt>
   <trkpt lat="-26.1730250" lon="-51.0996640">
    <ele>870.4</ele>
   </trkpt>
   <trkpt lat="-26.1731680" lon="-51.0998030">
    <ele>869.2</ele>
   </trkpt>
   <trkpt lat="-26.1732940" lon="-51.0999610">
    <ele>867.6</ele>
   </trkpt>
   <trkpt lat="-26.1733520" lon="-51.1000420">
    <ele>866.8</ele>
   </trkpt>
   <trkpt lat="-26.1734080" lon="-51.1001090">
    <ele>866.0</ele>
   </trkpt>
   <trkpt lat="-26.1734750" lon="-51.1001930">
    <ele>864.6</ele>
   </trkpt>
   <trkpt lat="-26.1735400" lon="-51.1002770">
    <ele>863.0</ele>
   </trkpt>
   <trkpt lat="-26.1736160" lon="-51.1003740">
    <ele>861.4</ele>
   </trkpt>
   <trkpt lat="-26.1736720" lon="-51.1004570">
    <ele>860.8</ele>
   </trkpt>
   <trkpt lat="-26.1737140" lon="-51.1005400">
    <ele>860.4</ele>
   </trkpt>
   <trkpt lat="-26.1737520" lon="-51.1006100">
    <ele>860.0</ele>
   </trkpt>
   <trkpt lat="-26.1737920" lon="-51.1006610">
    <ele>859.6</ele>
   </trkpt>
   <trkpt lat="-26.1738360" lon="-51.1006840">
    <ele>859.4</ele>
   </trkpt>
   <trkpt lat="-26.1738850" lon="-51.1006820">
    <ele>859.4</ele>
   </trkpt>
   <trkpt lat="-26.1739200" lon="-51.1006440">
    <ele>859.2</ele>
   </trkpt>
   <trkpt lat="-26.1739330" lon="-51.1005880">
    <ele>859.2</ele>
   </trkpt>
   <trkpt lat="-26.1739160" lon="-51.1004810">
    <ele>858.0</ele>
   </trkpt>
   <trkpt lat="-26.1738800" lon="-51.1004050">
    <ele>857.4</ele>
   </trkpt>
   <trkpt lat="-26.1738400" lon="-51.1003250">
    <ele>856.6</ele>
   </trkpt>
   <trkpt lat="-26.1738030" lon="-51.1002380">
    <ele>855.4</ele>
   </trkpt>
   <trkpt lat="-26.1737730" lon="-51.1001460">
    <ele>853.4</ele>
   </trkpt>
   <trkpt lat="-26.1737430" lon="-51.1000520">
    <ele>853.2</ele>
   </trkpt>
   <trkpt lat="-26.1737210" lon="-51.0999600">
    <ele>852.2</ele>
   </trkpt>
   <trkpt lat="-26.1736940" lon="-51.0998710">
    <ele>850.0</ele>
   </trkpt>
   <trkpt lat="-26.1736600" lon="-51.0997860">
    <ele>848.0</ele>
   </trkpt>
   <trkpt lat="-26.1736230" lon="-51.0997060">
    <ele>847.2</ele>
   </trkpt>
   <trkpt lat="-26.1735960" lon="-51.0996350">
    <ele>846.4</ele>
   </trkpt>
   <trkpt lat="-26.1735760" lon="-51.0995640">
    <ele>845.6</ele>
   </trkpt>
   <trkpt lat="-26.1735510" lon="-51.0994890">
    <ele>845.2</ele>
   </trkpt>
   <trkpt lat="-26.1735470" lon="-51.0994250">
    <ele>844.4</ele>
   </trkpt>
   <trkpt lat="-26.1735690" lon="-51.0993780">
    <ele>843.4</ele>
   </trkpt>
   <trkpt lat="-26.1736030" lon="-51.0993480">
    <ele>842.6</ele>
   </trkpt>
   <trkpt lat="-26.1736560" lon="-51.0993490">
    <ele>841.0</ele>
   </trkpt>
   <trkpt lat="-26.1737000" lon="-51.0993590">
    <ele>839.8</ele>
   </trkpt>
   <trkpt lat="-26.1737760" lon="-51.0994030">
    <ele>838.8</ele>
   </trkpt>
   <trkpt lat="-26.1738430" lon="-51.0994480">
    <ele>836.8</ele>
   </trkpt>
   <trkpt lat="-26.1739280" lon="-51.0995160">
    <ele>835.0</ele>
   </trkpt>
   <trkpt lat="-26.1740180" lon="-51.0995750">
    <ele>829.6</ele>
   </trkpt>
   <trkpt lat="-26.1741330" lon="-51.0996280">
    <ele>827.8</ele>
   </trkpt>
   <trkpt lat="-26.1742320" lon="-51.0996600">
    <ele>825.8</ele>
   </trkpt>
   <trkpt lat="-26.1743220" lon="-51.0996720">
    <ele>823.4</ele>
   </trkpt>
   <trkpt lat="-26.1744540" lon="-51.0996900">
    <ele>821.0</ele>
   </trkpt>
   <trkpt lat="-26.1745600" lon="-51.0997050">
    <ele>820.2</ele>
   </trkpt>
   <trkpt lat="-26.1746620" lon="-51.0997400">
    <ele>819.4</ele>
   </trkpt>
   <trkpt lat="-26.1747560" lon="-51.0998000">
    <ele>818.6</ele>
   </trkpt>
   <trkpt lat="-26.1748400" lon="-51.0998880">
    <ele>817.2</ele>
   </trkpt>
   <trkpt lat="-26.1749060" lon="-51.0999840">
    <ele>815.8</ele>
   </trkpt>
   <trkpt lat="-26.1749440" lon="-51.1000880">
    <ele>815.0</ele>
   </trkpt>
   <trkpt lat="-26.1749630" lon="-51.1001810">
    <ele>814.6</ele>
   </trkpt>
   <trkpt lat="-26.1749910" lon="-51.1002760">
    <ele>814.2</ele>
   </trkpt>
   <trkpt lat="-26.1750230" lon="-51.1003700">
    <ele>813.8</ele>
   </trkpt>
   <trkpt lat="-26.1750630" lon="-51.1004610">
    <ele>813.6</ele>
   </trkpt>
   <trkpt lat="-26.1751050" lon="-51.1005480">
    <ele>812.4</ele>
   </trkpt>
   <trkpt lat="-26.1751480" lon="-51.1006310">
    <ele>810.4</ele>
   </trkpt>
   <trkpt lat="-26.1751970" lon="-51.1007010">
    <ele>809.0</ele>
   </trkpt>
   <trkpt lat="-26.1752560" lon="-51.1007550">
    <ele>807.8</ele>
   </trkpt>
   <trkpt lat="-26.1753260" lon="-51.1007910">
    <ele>807.0</ele>
   </trkpt>
   <trkpt lat="-26.1754100" lon="-51.1008010">
    <ele>806.2</ele>
   </trkpt>
   <trkpt lat="-26.1755050" lon="-51.1007860">
    <ele>804.2</ele>
   </trkpt>
   <trkpt lat="-26.1755960" lon="-51.1007510">
    <ele>803.2</ele>
   </trkpt>
   <trkpt lat="-26.1756790" lon="-51.1007020">
    <ele>801.4</ele>
   </trkpt>
   <trkpt lat="-26.1757550" lon="-51.1006400">
    <ele>798.8</ele>
   </trkpt>
   <trkpt lat="-26.1758210" lon="-51.1005720">
    <ele>797.2</ele>
   </trkpt>
   <trkpt lat="-26.1758840" lon="-51.1005170">
    <ele>796.2</ele>
   </trkpt>
   <trkpt lat="-26.1759550" lon="-51.1004890">
    <ele>795.2</ele>
   </trkpt>
   <trkpt lat="-26.1760410" lon="-51.1005080">
    <ele>792.4</ele>
   </trkpt>
   <trkpt lat="-26.1761460" lon="-51.1005440">
    <ele>791.6</ele>
   </trkpt>
   <trkpt lat="-26.1762520" lon="-51.1005790">
    <ele>787.6</ele>
   </trkpt>
   <trkpt lat="-26.1763610" lon="-51.1006110">
    <ele>784.4</ele>
   </trkpt>
   <trkpt lat="-26.1764740" lon="-51.1006390">
    <ele>783.0</ele>
   </trkpt>
   <trkpt lat="-26.1768150" lon="-51.1007400">
    <ele>781.2</ele>
   </trkpt>
   <trkpt lat="-26.1768980" lon="-51.1007770">
    <ele>780.2</ele>
   </trkpt>
   <trkpt lat="-26.1769800" lon="-51.1008130">
    <ele>779.0</ele>
   </trkpt>
   <trkpt lat="-26.1771450" lon="-51.1008870">
    <ele>778.0</ele>
   </trkpt>
   <trkpt lat="-26.1772440" lon="-51.1009610">
    <ele>776.8</ele>
   </trkpt>
   <trkpt lat="-26.1773360" lon="-51.1010550">
    <ele>775.4</ele>
   </trkpt>
   <trkpt lat="-26.1774170" lon="-51.1011610">
    <ele>774.4</ele>
   </trkpt>
   <trkpt lat="-26.1774910" lon="-51.1012690">
    <ele>773.6</ele>
   </trkpt>
   <trkpt lat="-26.1775570" lon="-51.1013760">
    <ele>773.0</ele>
   </trkpt>
   <trkpt lat="-26.1776740" lon="-51.1015880">
    <ele>772.0</ele>
   </trkpt>
   <trkpt lat="-26.1777320" lon="-51.1016870">
    <ele>772.0</ele>
   </trkpt>
   <trkpt lat="-26.1777900" lon="-51.1017840">
    <ele>771.8</ele>
   </trkpt>
   <trkpt lat="-26.1778440" lon="-51.1018810">
    <ele>771.8</ele>
   </trkpt>
   <trkpt lat="-26.1778890" lon="-51.1019800">
    <ele>771.8</ele>
   </trkpt>
   <trkpt lat="-26.1779290" lon="-51.1020810">
    <ele>772.2</ele>
   </trkpt>
   <trkpt lat="-26.1779650" lon="-51.1021790">
    <ele>772.2</ele>
   </trkpt>
   <trkpt lat="-26.1779950" lon="-51.1022750">
    <ele>772.4</ele>
   </trkpt>
   <trkpt lat="-26.1780210" lon="-51.1023670">
    <ele>772.4</ele>
   </trkpt>
   <trkpt lat="-26.1780540" lon="-51.1024520">
    <ele>772.8</ele>
   </trkpt>
   <trkpt lat="-26.1780920" lon="-51.1025290">
    <ele>773.2</ele>
   </trkpt>
   <trkpt lat="-26.1781430" lon="-51.1025950">
    <ele>773.4</ele>
   </trkpt>
   <trkpt lat="-26.1782050" lon="-51.1026490">
    <ele>773.8</ele>
   </trkpt>
   <trkpt lat="-26.1782680" lon="-51.1026960">
    <ele>774.2</ele>
   </trkpt>
   <trkpt lat="-26.1783270" lon="-51.1027370">
    <ele>774.6</ele>
   </trkpt>
   <trkpt lat="-26.1783880" lon="-51.1027730">
    <ele>775.2</ele>
   </trkpt>
   <trkpt lat="-26.1784530" lon="-51.1028120">
    <ele>778.6</ele>
   </trkpt>
   <trkpt lat="-26.1785250" lon="-51.1028500">
    <ele>778.8</ele>
   </trkpt>
   <trkpt lat="-26.1786010" lon="-51.1028810">
    <ele>778.8</ele>
   </trkpt>
   <trkpt lat="-26.1787510" lon="-51.1028640">
    <ele>778.6</ele>
   </trkpt>
   <trkpt lat="-26.1788160" lon="-51.1028390">
    <ele>774.6</ele>
   </trkpt>
   <trkpt lat="-26.1788880" lon="-51.1028160">
    <ele>773.8</ele>
   </trkpt>
   <trkpt lat="-26.1789630" lon="-51.1028040">
    <ele>773.4</ele>
   </trkpt>
   <trkpt lat="-26.1790390" lon="-51.1028070">
    <ele>773.2</ele>
   </trkpt>
   <trkpt lat="-26.1791180" lon="-51.1028280">
    <ele>771.8</ele>
   </trkpt>
   <trkpt lat="-26.1792010" lon="-51.1028540">
    <ele>771.6</ele>
   </trkpt>
   <trkpt lat="-26.1792870" lon="-51.1028840">
    <ele>771.6</ele>
   </trkpt>
   <trkpt lat="-26.1793750" lon="-51.1029130">
    <ele>771.6</ele>
   </trkpt>
   <trkpt lat="-26.1794620" lon="-51.1029470">
    <ele>773.2</ele>
   </trkpt>
   <trkpt lat="-26.1796280" lon="-51.1030220">
    <ele>773.8</ele>
   </trkpt>
   <trkpt lat="-26.1797090" lon="-51.1030600">
    <ele>773.8</ele>
   </trkpt>
   <trkpt lat="-26.1799470" lon="-51.1031700">
    <ele>773.2</ele>
   </trkpt>
   <trkpt lat="-26.1801070" lon="-51.1032550">
    <ele>772.6</ele>
   </trkpt>
   <trkpt lat="-26.1802680" lon="-51.1033430">
    <ele>772.2</ele>
   </trkpt>
   <trkpt lat="-26.1803480" lon="-51.1033920">
    <ele>771.8</ele>
   </trkpt>
   <trkpt lat="-26.1804780" lon="-51.1035070">
    <ele>771.0</ele>
   </trkpt>
   <trkpt lat="-26.1805090" lon="-51.1035760">
    <ele>767.4</ele>
   </trkpt>
   <trkpt lat="-26.1805480" lon="-51.1036390">
    <ele>766.4</ele>
   </trkpt>
   <trkpt lat="-26.1805850" lon="-51.1037020">
    <ele>766.4</ele>
   </trkpt>
   <trkpt lat="-26.1806220" lon="-51.1037620">
    <ele>766.4</ele>
   </trkpt>
   <trkpt lat="-26.1806590" lon="-51.1038170">
    <ele>766.8</ele>
   </trkpt>
   <trkpt lat="-26.1806900" lon="-51.1038760">
    <ele>766.8</ele>
   </trkpt>
   <trkpt lat="-26.1807210" lon="-51.1039400">
    <ele>767.4</ele>
   </trkpt>
   <trkpt lat="-26.1807540" lon="-51.1040030">
    <ele>767.6</ele>
   </trkpt>
   <trkpt lat="-26.1808180" lon="-51.1041210">
    <ele>767.8</ele>
   </trkpt>
   <trkpt lat="-26.1808550" lon="-51.1041790">
    <ele>767.4</ele>
   </trkpt>
   <trkpt lat="-26.1809350" lon="-51.1043010">
    <ele>767.2</ele>
   </trkpt>
   <trkpt lat="-26.1809690" lon="-51.1043620">
    <ele>767.2</ele>
   </trkpt>
   <trkpt lat="-26.1810670" lon="-51.1045160">
    <ele>767.2</ele>
   </trkpt>
   <trkpt lat="-26.1811110" lon="-51.1045800">
    <ele>767.0</ele>
   </trkpt>
   <trkpt lat="-26.1811890" lon="-51.1046920">
    <ele>766.2</ele>
   </trkpt>
   <trkpt lat="-26.1812300" lon="-51.1047490">
    <ele>765.6</ele>
   </trkpt>
   <trkpt lat="-26.1813460" lon="-51.1049200">
    <ele>765.0</ele>
   </trkpt>
   <trkpt lat="-26.1816060" lon="-51.1052750">
    <ele>764.2</ele>
   </trkpt>
   <trkpt lat="-26.1817200" lon="-51.1053700">
    <ele>767.0</ele>
   </trkpt>
   <trkpt lat="-26.1818590" lon="-51.1054460">
    <ele>767.2</ele>
   </trkpt>
   <trkpt lat="-26.1821280" lon="-51.1055070">
    <ele>766.8</ele>
   </trkpt>
   <trkpt lat="-26.1821860" lon="-51.1055290">
    <ele>766.8</ele>
   </trkpt>
   <trkpt lat="-26.1822410" lon="-51.1055570">
    <ele>766.8</ele>
   </trkpt>
   <trkpt lat="-26.1822930" lon="-51.1055870">
    <ele>766.6</ele>
   </trkpt>
   <trkpt lat="-26.1823440" lon="-51.1056200">
    <ele>766.6</ele>
   </trkpt>
   <trkpt lat="-26.1823930" lon="-51.1056590">
    <ele>766.4</ele>
   </trkpt>
   <trkpt lat="-26.1825520" lon="-51.1057610">
    <ele>766.2</ele>
   </trkpt>
   <trkpt lat="-26.1825930" lon="-51.1057890">
    <ele>766.0</ele>
   </trkpt>
   <trkpt lat="-26.1826560" lon="-51.1058300">
    <ele>766.0</ele>
   </trkpt>
   <trkpt lat="-26.1827090" lon="-51.1058610">
    <ele>765.8</ele>
   </trkpt>
   <trkpt lat="-26.1828160" lon="-51.1059110">
    <ele>765.6</ele>
   </trkpt>
   <trkpt lat="-26.1829290" lon="-51.1059420">
    <ele>765.6</ele>
   </trkpt>
   <trkpt lat="-26.1829850" lon="-51.1059510">
    <ele>765.4</ele>
   </trkpt>
   <trkpt lat="-26.1831470" lon="-51.1059670">
    <ele>765.4</ele>
   </trkpt>
   <trkpt lat="-26.1831980" lon="-51.1059850">
    <ele>765.2</ele>
   </trkpt>
   <trkpt lat="-26.1832500" lon="-51.1060000">
    <ele>765.2</ele>
   </trkpt>
   <trkpt lat="-26.1832970" lon="-51.1060140">
    <ele>764.8</ele>
   </trkpt>
   <trkpt lat="-26.1833470" lon="-51.1060270">
    <ele>763.4</ele>
   </trkpt>
   <trkpt lat="-26.1833970" lon="-51.1060420">
    <ele>763.4</ele>
   </trkpt>
   <trkpt lat="-26.1834460" lon="-51.1060530">
    <ele>763.4</ele>
   </trkpt>
   <trkpt lat="-26.1834940" lon="-51.1060610">
    <ele>763.4</ele>
   </trkpt>
   <trkpt lat="-26.1835410" lon="-51.1060700">
    <ele>764.2</ele>
   </trkpt>
   <trkpt lat="-26.1835850" lon="-51.1060790">
    <ele>764.8</ele>
   </trkpt>
   <trkpt lat="-26.1836270" lon="-51.1060860">
    <ele>766.0</ele>
   </trkpt>
   <trkpt lat="-26.1836690" lon="-51.1060960">
    <ele>766.0</ele>
   </trkpt>
   <trkpt lat="-26.1837120" lon="-51.1061050">
    <ele>766.2</ele>
   </trkpt>
   <trkpt lat="-26.1837520" lon="-51.1061130">
    <ele>766.2</ele>
   </trkpt>
   <trkpt lat="-26.1837900" lon="-51.1061220">
    <ele>766.4</ele>
   </trkpt>
   <trkpt lat="-26.1838270" lon="-51.1061370">
    <ele>766.8</ele>
   </trkpt>
   <trkpt lat="-26.1838650" lon="-51.1061510">
    <ele>767.0</ele>
   </trkpt>
   <trkpt lat="-26.1839010" lon="-51.1061600">
    <ele>767.2</ele>
   </trkpt>
   <trkpt lat="-26.1839350" lon="-51.1061670">
    <ele>767.2</ele>
   </trkpt>
   <trkpt lat="-26.1839690" lon="-51.1061800">
    <ele>767.4</ele>
   </trkpt>
   <trkpt lat="-26.1840040" lon="-51.1061950">
    <ele>767.6</ele>
   </trkpt>
   <trkpt lat="-26.1840410" lon="-51.1062100">
    <ele>767.8</ele>
   </trkpt>
   <trkpt lat="-26.1840770" lon="-51.1062280">
    <ele>767.8</ele>
   </trkpt>
   <trkpt lat="-26.1841130" lon="-51.1062490">
    <ele>768.0</ele>
   </trkpt>
   <trkpt lat="-26.1841500" lon="-51.1062690">
    <ele>768.0</ele>
   </trkpt>
   <trkpt lat="-26.1841850" lon="-51.1062980">
    <ele>768.0</ele>
   </trkpt>
   <trkpt lat="-26.1842160" lon="-51.1063340">
    <ele>768.0</ele>
   </trkpt>
   <trkpt lat="-26.1842400" lon="-51.1063740">
    <ele>768.0</ele>
   </trkpt>
   <trkpt lat="-26.1842590" lon="-51.1064180">
    <ele>768.2</ele>
   </trkpt>
   <trkpt lat="-26.1842780" lon="-51.1064630">
    <ele>768.2</ele>
   </trkpt>
   <trkpt lat="-26.1842940" lon="-51.1065100">
    <ele>768.2</ele>
   </trkpt>
   <trkpt lat="-26.1843060" lon="-51.1065540">
    <ele>768.4</ele>
   </trkpt>
   <trkpt lat="-26.1843190" lon="-51.1065980">
    <ele>768.6</ele>
   </trkpt>
   <trkpt lat="-26.1843320" lon="-51.1066370">
    <ele>768.6</ele>
   </trkpt>
   <trkpt lat="-26.1843370" lon="-51.1066720">
    <ele>768.6</ele>
   </trkpt>
   <trkpt lat="-26.1843420" lon="-51.1067060">
    <ele>768.6</ele>
   </trkpt>
   <trkpt lat="-26.1843480" lon="-51.1067440">
    <ele>768.6</ele>
   </trkpt>
   <trkpt lat="-26.1843550" lon="-51.1067750">
    <ele>768.6</ele>
   </trkpt>
   <trkpt lat="-26.1843660" lon="-51.1068160">
    <ele>768.8</ele>
   </trkpt>
   <trkpt lat="-26.1843730" lon="-51.1068500">
    <ele>768.8</ele>
   </trkpt>
   <trkpt lat="-26.1843800" lon="-51.1068830">
    <ele>768.8</ele>
   </trkpt>
   <trkpt lat="-26.1843900" lon="-51.1069180">
    <ele>768.8</ele>
   </trkpt>
   <trkpt lat="-26.1844010" lon="-51.1069550">
    <ele>769.0</ele>
   </trkpt>
   <trkpt lat="-26.1844100" lon="-51.1069880">
    <ele>769.0</ele>
   </trkpt>
   <trkpt lat="-26.1844190" lon="-51.1070220">
    <ele>769.0</ele>
   </trkpt>
   <trkpt lat="-26.1844400" lon="-51.1070540">
    <ele>769.2</ele>
   </trkpt>
   <trkpt lat="-26.1845140" lon="-51.1071720">
    <ele>769.8</ele>
   </trkpt>
   <trkpt lat="-26.1845830" lon="-51.1072700">
    <ele>770.0</ele>
   </trkpt>
   <trkpt lat="-26.1846160" lon="-51.1073160">
    <ele>769.8</ele>
   </trkpt>
   <trkpt lat="-26.1846560" lon="-51.1073500">
    <ele>769.8</ele>
   </trkpt>
   <trkpt lat="-26.1848050" lon="-51.1074540">
    <ele>768.0</ele>
   </trkpt>
   <trkpt lat="-26.1849260" lon="-51.1075400">
    <ele>765.8</ele>
   </trkpt>
   <trkpt lat="-26.1850440" lon="-51.1076220">
    <ele>764.6</ele>
   </trkpt>
   <trkpt lat="-26.1851050" lon="-51.1076660">
    <ele>764.0</ele>
   </trkpt>
   <trkpt lat="-26.1851670" lon="-51.1077140">
    <ele>763.8</ele>
   </trkpt>
   <trkpt lat="-26.1852290" lon="-51.1077620">
    <ele>763.2</ele>
   </trkpt>
   <trkpt lat="-26.1854200" lon="-51.1079050">
    <ele>762.2</ele>
   </trkpt>
   <trkpt lat="-26.1854880" lon="-51.1079470">
    <ele>762.0</ele>
   </trkpt>
   <trkpt lat="-26.1856390" lon="-51.1080010">
    <ele>761.4</ele>
   </trkpt>
   <trkpt lat="-26.1857170" lon="-51.1080110">
    <ele>761.0</ele>
   </trkpt>
   <trkpt lat="-26.1857940" lon="-51.1080130">
    <ele>760.8</ele>
   </trkpt>
   <trkpt lat="-26.1861170" lon="-51.1079780">
    <ele>760.0</ele>
   </trkpt>
   <trkpt lat="-26.1862010" lon="-51.1079750">
    <ele>759.8</ele>
   </trkpt>
   <trkpt lat="-26.1865880" lon="-51.1079740">
    <ele>759.2</ele>
   </trkpt>
   <trkpt lat="-26.1866580" lon="-51.1079660">
    <ele>759.4</ele>
   </trkpt>
   <trkpt lat="-26.1867280" lon="-51.1079480">
    <ele>759.4</ele>
   </trkpt>
   <trkpt lat="-26.1867960" lon="-51.1079230">
    <ele>759.6</ele>
   </trkpt>
   <trkpt lat="-26.1869200" lon="-51.1078430">
    <ele>759.8</ele>
   </trkpt>
   <trkpt lat="-26.1869700" lon="-51.1077920">
    <ele>760.0</ele>
   </trkpt>
   <trkpt lat="-26.1870130" lon="-51.1077400">
    <ele>760.2</ele>
   </trkpt>
   <trkpt lat="-26.1870510" lon="-51.1076850">
    <ele>762.6</ele>
   </trkpt>
   <trkpt lat="-26.1870860" lon="-51.1076250">
    <ele>763.6</ele>
   </trkpt>
   <trkpt lat="-26.1871180" lon="-51.1075600">
    <ele>763.6</ele>
   </trkpt>
   <trkpt lat="-26.1872260" lon="-51.1073940">
    <ele>763.8</ele>
   </trkpt>
   <trkpt lat="-26.1872630" lon="-51.1073470">
    <ele>763.8</ele>
   </trkpt>
   <trkpt lat="-26.1873040" lon="-51.1073050">
    <ele>764.0</ele>
   </trkpt>
   <trkpt lat="-26.1873440" lon="-51.1072710">
    <ele>764.0</ele>
   </trkpt>
   <trkpt lat="-26.1873890" lon="-51.1072420">
    <ele>764.2</ele>
   </trkpt>
   <trkpt lat="-26.1874330" lon="-51.1072140">
    <ele>764.2</ele>
   </trkpt>
   <trkpt lat="-26.1874750" lon="-51.1071830">
    <ele>764.4</ele>
   </trkpt>
   <trkpt lat="-26.1875160" lon="-51.1071520">
    <ele>764.4</ele>
   </trkpt>
   <trkpt lat="-26.1875560" lon="-51.1071200">
    <ele>764.6</ele>
   </trkpt>
   <trkpt lat="-26.1875950" lon="-51.1070900">
    <ele>764.6</ele>
   </trkpt>
   <trkpt lat="-26.1876260" lon="-51.1070680">
    <ele>764.6</ele>
   </trkpt>
   <trkpt lat="-26.1876700" lon="-51.1070360">
    <ele>764.8</ele>
   </trkpt>
   <trkpt lat="-26.1877080" lon="-51.1070100">
    <ele>765.0</ele>
   </trkpt>
   <trkpt lat="-26.1877460" lon="-51.1069850">
    <ele>765.4</ele>
   </trkpt>
   <trkpt lat="-26.1877840" lon="-51.1069590">
    <ele>765.4</ele>
   </trkpt>
   <trkpt lat="-26.1878150" lon="-51.1069370">
    <ele>765.4</ele>
   </trkpt>
   <trkpt lat="-26.1878560" lon="-51.1069030">
    <ele>765.4</ele>
   </trkpt>
   <trkpt lat="-26.1878870" lon="-51.1068700">
    <ele>765.4</ele>
   </trkpt>
   <trkpt lat="-26.1879100" lon="-51.1068440">
    <ele>765.2</ele>
   </trkpt>
   <trkpt lat="-26.1879390" lon="-51.1068110">
    <ele>765.0</ele>
   </trkpt>
   <trkpt lat="-26.1879710" lon="-51.1067680">
    <ele>764.8</ele>
   </trkpt>
   <trkpt lat="-26.1879970" lon="-51.1067310">
    <ele>764.8</ele>
   </trkpt>
   <trkpt lat="-26.1880230" lon="-51.1066930">
    <ele>764.8</ele>
   </trkpt>
   <trkpt lat="-26.1880460" lon="-51.1066570">
    <ele>764.6</ele>
   </trkpt>
   <trkpt lat="-26.1880650" lon="-51.1066290">
    <ele>764.4</ele>
   </trkpt>
   <trkpt lat="-26.1880880" lon="-51.1065970">
    <ele>764.4</ele>
   </trkpt>
   <trkpt lat="-26.1881350" lon="-51.1065340">
    <ele>764.2</ele>
   </trkpt>
   <trkpt lat="-26.1881620" lon="-51.1064990">
    <ele>764.2</ele>
   </trkpt>
   <trkpt lat="-26.1881960" lon="-51.1064590">
    <ele>764.0</ele>
   </trkpt>
   <trkpt lat="-26.1882220" lon="-51.1064330">
    <ele>763.2</ele>
   </trkpt>
   <trkpt lat="-26.1883920" lon="-51.1062630">
    <ele>762.4</ele>
   </trkpt>
   <trkpt lat="-26.1884270" lon="-51.1062240">
    <ele>762.4</ele>
   </trkpt>
   <trkpt lat="-26.1885690" lon="-51.1060690">
    <ele>763.2</ele>
   </trkpt>
   <trkpt lat="-26.1886670" lon="-51.1059740">
    <ele>763.2</ele>
   </trkpt>
   <trkpt lat="-26.1887700" lon="-51.1058750">
    <ele>763.0</ele>
   </trkpt>
   <trkpt lat="-26.1888020" lon="-51.1058420">
    <ele>763.2</ele>
   </trkpt>
   <trkpt lat="-26.1888340" lon="-51.1058120">
    <ele>763.2</ele>
   </trkpt>
   <trkpt lat="-26.1888600" lon="-51.1057880">
    <ele>763.4</ele>
   </trkpt>
   <trkpt lat="-26.1888950" lon="-51.1057600">
    <ele>763.6</ele>
   </trkpt>
   <trkpt lat="-26.1889290" lon="-51.1057310">
    <ele>763.6</ele>
   </trkpt>
   <trkpt lat="-26.1890340" lon="-51.1056210">
    <ele>763.8</ele>
   </trkpt>
   <trkpt lat="-26.1890990" lon="-51.1055540">
    <ele>764.0</ele>
   </trkpt>
   <trkpt lat="-26.1891290" lon="-51.1055220">
    <ele>764.4</ele>
   </trkpt>
   <trkpt lat="-26.1891850" lon="-51.1054580">
    <ele>764.6</ele>
   </trkpt>
   <trkpt lat="-26.1892060" lon="-51.1054360">
    <ele>764.6</ele>
   </trkpt>
   <trkpt lat="-26.1892350" lon="-51.1054140">
    <ele>764.8</ele>
   </trkpt>
   <trkpt lat="-26.1892660" lon="-51.1053850">
    <ele>765.0</ele>
   </trkpt>
   <trkpt lat="-26.1892900" lon="-51.1053570">
    <ele>765.2</ele>
   </trkpt>
   <trkpt lat="-26.1893090" lon="-51.1053350">
    <ele>765.2</ele>
   </trkpt>
   <trkpt lat="-26.1893380" lon="-51.1053040">
    <ele>765.6</ele>
   </trkpt>
   <trkpt lat="-26.1893850" lon="-51.1052580">
    <ele>765.8</ele>
   </trkpt>
   <trkpt lat="-26.1894100" lon="-51.1052310">
    <ele>766.2</ele>
   </trkpt>
   <trkpt lat="-26.1894340" lon="-51.1052050">
    <ele>766.4</ele>
   </trkpt>
   <trkpt lat="-26.1894570" lon="-51.1051770">
    <ele>766.6</ele>
   </trkpt>
   <trkpt lat="-26.1894810" lon="-51.1051470">
    <ele>766.8</ele>
   </trkpt>
   <trkpt lat="-26.1895040" lon="-51.1051170">
    <ele>766.8</ele>
   </trkpt>
   <trkpt lat="-26.1895340" lon="-51.1050880">
    <ele>767.0</ele>
   </trkpt>
   <trkpt lat="-26.1895540" lon="-51.1050670">
    <ele>767.2</ele>
   </trkpt>
   <trkpt lat="-26.1895790" lon="-51.1050410">
    <ele>767.2</ele>
   </trkpt>
   <trkpt lat="-26.1896040" lon="-51.1050100">
    <ele>767.4</ele>
   </trkpt>
   <trkpt lat="-26.1896200" lon="-51.1049880">
    <ele>767.8</ele>
   </trkpt>
   <trkpt lat="-26.1896410" lon="-51.1049610">
    <ele>768.0</ele>
   </trkpt>
   <trkpt lat="-26.1896670" lon="-51.1049270">
    <ele>768.0</ele>
   </trkpt>
   <trkpt lat="-26.1896880" lon="-51.1048990">
    <ele>768.2</ele>
   </trkpt>
   <trkpt lat="-26.1897070" lon="-51.1048780">
    <ele>768.4</ele>
   </trkpt>
   <trkpt lat="-26.1897300" lon="-51.1048510">
    <ele>768.4</ele>
   </trkpt>
   <trkpt lat="-26.1897540" lon="-51.1048240">
    <ele>768.4</ele>
   </trkpt>
   <trkpt lat="-26.1897700" lon="-51.1048010">
    <ele>768.6</ele>
   </trkpt>
   <trkpt lat="-26.1897830" lon="-51.1047820">
    <ele>768.4</ele>
   </trkpt>
   <trkpt lat="-26.1898050" lon="-51.1047580">
    <ele>768.4</ele>
   </trkpt>
   <trkpt lat="-26.1898210" lon="-51.1047390">
    <ele>768.4</ele>
   </trkpt>
   <trkpt lat="-26.1898450" lon="-51.1047090">
    <ele>768.4</ele>
   </trkpt>
   <trkpt lat="-26.1898610" lon="-51.1046900">
    <ele>768.4</ele>
   </trkpt>
   <trkpt lat="-26.1898830" lon="-51.1046670">
    <ele>768.4</ele>
   </trkpt>
   <trkpt lat="-26.1899050" lon="-51.1046420">
    <ele>768.6</ele>
   </trkpt>
   <trkpt lat="-26.1899280" lon="-51.1046160">
    <ele>768.8</ele>
   </trkpt>
   <trkpt lat="-26.1899500" lon="-51.1045900">
    <ele>768.8</ele>
   </trkpt>
   <trkpt lat="-26.1899720" lon="-51.1045620">
    <ele>769.0</ele>
   </trkpt>
   <trkpt lat="-26.1899920" lon="-51.1045320">
    <ele>769.0</ele>
   </trkpt>
   <trkpt lat="-26.1900150" lon="-51.1045030">
    <ele>769.2</ele>
   </trkpt>
   <trkpt lat="-26.1900420" lon="-51.1044650">
    <ele>769.2</ele>
   </trkpt>
   <trkpt lat="-26.1901560" lon="-51.1043080">
    <ele>769.2</ele>
   </trkpt>
   <trkpt lat="-26.1903940" lon="-51.1040130">
    <ele>769.6</ele>
   </trkpt>
   <trkpt lat="-26.1904200" lon="-51.1039790">
    <ele>769.8</ele>
   </trkpt>
   <trkpt lat="-26.1906150" lon="-51.1037460">
    <ele>770.4</ele>
   </trkpt>
   <trkpt lat="-26.1907100" lon="-51.1036240">
    <ele>770.8</ele>
   </trkpt>
   <trkpt lat="-26.1907350" lon="-51.1035930">
    <ele>771.0</ele>
   </trkpt>
   <trkpt lat="-26.1907550" lon="-51.1035640">
    <ele>771.0</ele>
   </trkpt>
   <trkpt lat="-26.1907780" lon="-51.1035340">
    <ele>771.0</ele>
   </trkpt>
   <trkpt lat="-26.1907950" lon="-51.1035090">
    <ele>771.0</ele>
   </trkpt>
   <trkpt lat="-26.1910270" lon="-51.1032070">
    <ele>771.6</ele>
   </trkpt>
   <trkpt lat="-26.1912290" lon="-51.1029540">
    <ele>772.4</ele>
   </trkpt>
   <trkpt lat="-26.1912580" lon="-51.1029170">
    <ele>772.6</ele>
   </trkpt>
   <trkpt lat="-26.1915290" lon="-51.1025620">
    <ele>772.8</ele>
   </trkpt>
   <trkpt lat="-26.1917110" lon="-51.1023300">
    <ele>773.0</ele>
   </trkpt>
   <trkpt lat="-26.1917660" lon="-51.1022600">
    <ele>773.2</ele>
   </trkpt>
   <trkpt lat="-26.1917870" lon="-51.1022330">
    <ele>773.2</ele>
   </trkpt>
   <trkpt lat="-26.1918190" lon="-51.1021950">
    <ele>773.4</ele>
   </trkpt>
   <trkpt lat="-26.1918390" lon="-51.1021660">
    <ele>773.4</ele>
   </trkpt>
   <trkpt lat="-26.1918700" lon="-51.1021280">
    <ele>773.4</ele>
   </trkpt>
   <trkpt lat="-26.1918950" lon="-51.1020990">
    <ele>773.6</ele>
   </trkpt>
   <trkpt lat="-26.1919180" lon="-51.1020710">
    <ele>773.6</ele>
   </trkpt>
   <trkpt lat="-26.1919340" lon="-51.1020510">
    <ele>773.8</ele>
   </trkpt>
   <trkpt lat="-26.1919570" lon="-51.1020210">
    <ele>773.8</ele>
   </trkpt>
   <trkpt lat="-26.1919770" lon="-51.1019970">
    <ele>774.0</ele>
   </trkpt>
   <trkpt lat="-26.1919980" lon="-51.1019750">
    <ele>774.2</ele>
   </trkpt>
   <trkpt lat="-26.1920550" lon="-51.1019090">
    <ele>774.2</ele>
   </trkpt>
   <trkpt lat="-26.1920760" lon="-51.1018800">
    <ele>774.2</ele>
   </trkpt>
   <trkpt lat="-26.1920910" lon="-51.1018610">
    <ele>774.2</ele>
   </trkpt>
   <trkpt lat="-26.1921110" lon="-51.1018350">
    <ele>774.2</ele>
   </trkpt>
   <trkpt lat="-26.1921690" lon="-51.1017520">
    <ele>774.6</ele>
   </trkpt>
   <trkpt lat="-26.1922340" lon="-51.1016630">
    <ele>775.0</ele>
   </trkpt>
   <trkpt lat="-26.1922540" lon="-51.1016400">
    <ele>775.0</ele>
   </trkpt>
   <trkpt lat="-26.1923100" lon="-51.1015530">
    <ele>775.4</ele>
   </trkpt>
   <trkpt lat="-26.1923280" lon="-51.1015360">
    <ele>775.4</ele>
   </trkpt>
   <trkpt lat="-26.1923460" lon="-51.1015140">
    <ele>775.6</ele>
   </trkpt>
   <trkpt lat="-26.1923660" lon="-51.1014870">
    <ele>775.6</ele>
   </trkpt>
   <trkpt lat="-26.1923800" lon="-51.1014690">
    <ele>775.6</ele>
   </trkpt>
   <trkpt lat="-26.1923990" lon="-51.1014490">
    <ele>775.6</ele>
   </trkpt>
   <trkpt lat="-26.1924190" lon="-51.1014280">
    <ele>775.8</ele>
   </trkpt>
   <trkpt lat="-26.1924290" lon="-51.1014120">
    <ele>776.0</ele>
   </trkpt>
   <trkpt lat="-26.1924380" lon="-51.1013940">
    <ele>776.0</ele>
   </trkpt>
   <trkpt lat="-26.1924480" lon="-51.1013800">
    <ele>776.0</ele>
   </trkpt>
   <trkpt lat="-26.1924580" lon="-51.1013620">
    <ele>776.6</ele>
   </trkpt>
   <trkpt lat="-26.1925180" lon="-51.1012630">
    <ele>777.4</ele>
   </trkpt>
   <trkpt lat="-26.1925410" lon="-51.1012370">
    <ele>777.6</ele>
   </trkpt>
   <trkpt lat="-26.1925570" lon="-51.1012250">
    <ele>777.8</ele>
   </trkpt>
   <trkpt lat="-26.1925700" lon="-51.1012170">
    <ele>778.0</ele>
   </trkpt>
   <trkpt lat="-26.1925870" lon="-51.1012030">
    <ele>778.2</ele>
   </trkpt>
   <trkpt lat="-26.1926050" lon="-51.1011860">
    <ele>778.6</ele>
   </trkpt>
   <trkpt lat="-26.1926220" lon="-51.1011680">
    <ele>778.8</ele>
   </trkpt>
   <trkpt lat="-26.1926450" lon="-51.1011490">
    <ele>779.0</ele>
   </trkpt>
   <trkpt lat="-26.1926660" lon="-51.1011370">
    <ele>779.2</ele>
   </trkpt>
   <trkpt lat="-26.1926870" lon="-51.1011270">
    <ele>779.4</ele>
   </trkpt>
   <trkpt lat="-26.1927050" lon="-51.1011160">
    <ele>779.6</ele>
   </trkpt>
   <trkpt lat="-26.1927250" lon="-51.1011070">
    <ele>779.8</ele>
   </trkpt>
   <trkpt lat="-26.1927530" lon="-51.1010890">
    <ele>780.0</ele>
   </trkpt>
   <trkpt lat="-26.1927650" lon="-51.1010800">
    <ele>780.0</ele>
   </trkpt>
   <trkpt lat="-26.1927780" lon="-51.1010710">
    <ele>780.2</ele>
   </trkpt>
   <trkpt lat="-26.1927930" lon="-51.1010640">
    <ele>780.4</ele>
   </trkpt>
   <trkpt lat="-26.1928150" lon="-51.1010470">
    <ele>780.6</ele>
   </trkpt>
   <trkpt lat="-26.1928330" lon="-51.1010340">
    <ele>780.6</ele>
   </trkpt>
   <trkpt lat="-26.1928520" lon="-51.1010170">
    <ele>780.8</ele>
   </trkpt>
   <trkpt lat="-26.1928690" lon="-51.1010030">
    <ele>781.0</ele>
   </trkpt>
   <trkpt lat="-26.1928890" lon="-51.1009870">
    <ele>781.4</ele>
   </trkpt>
   <trkpt lat="-26.1929150" lon="-51.1009700">
    <ele>781.8</ele>
   </trkpt>
   <trkpt lat="-26.1929330" lon="-51.1009660">
    <ele>782.0</ele>
   </trkpt>
   <trkpt lat="-26.1929560" lon="-51.1009520">
    <ele>782.2</ele>
   </trkpt>
   <trkpt lat="-26.1929730" lon="-51.1009400">
    <ele>782.6</ele>
   </trkpt>
   <trkpt lat="-26.1929880" lon="-51.1009250">
    <ele>782.6</ele>
   </trkpt>
   <trkpt lat="-26.1930040" lon="-51.1009070">
    <ele>782.8</ele>
   </trkpt>
   <trkpt lat="-26.1930240" lon="-51.1008910">
    <ele>783.0</ele>
   </trkpt>
   <trkpt lat="-26.1930410" lon="-51.1008770">
    <ele>783.2</ele>
   </trkpt>
   <trkpt lat="-26.1930610" lon="-51.1008560">
    <ele>783.2</ele>
   </trkpt>
   <trkpt lat="-26.1930800" lon="-51.1008320">
    <ele>783.2</ele>
   </trkpt>
   <trkpt lat="-26.1930990" lon="-51.1008140">
    <ele>783.4</ele>
   </trkpt>
   <trkpt lat="-26.1931200" lon="-51.1007990">
    <ele>783.4</ele>
   </trkpt>
   <trkpt lat="-26.1931410" lon="-51.1007820">
    <ele>783.2</ele>
   </trkpt>
   <trkpt lat="-26.1931580" lon="-51.1007650">
    <ele>783.2</ele>
   </trkpt>
   <trkpt lat="-26.1931760" lon="-51.1007530">
    <ele>783.0</ele>
   </trkpt>
   <trkpt lat="-26.1931930" lon="-51.1007370">
    <ele>783.0</ele>
   </trkpt>
   <trkpt lat="-26.1932130" lon="-51.1007190">
    <ele>782.8</ele>
   </trkpt>
   <trkpt lat="-26.1932330" lon="-51.1006990">
    <ele>782.8</ele>
   </trkpt>
   <trkpt lat="-26.1932510" lon="-51.1006790">
    <ele>783.0</ele>
   </trkpt>
   <trkpt lat="-26.1932680" lon="-51.1006600">
    <ele>783.0</ele>
   </trkpt>
   <trkpt lat="-26.1932900" lon="-51.1006350">
    <ele>783.2</ele>
   </trkpt>
   <trkpt lat="-26.1933140" lon="-51.1006080">
    <ele>783.2</ele>
   </trkpt>
   <trkpt lat="-26.1933390" lon="-51.1005790">
    <ele>783.2</ele>
   </trkpt>
   <trkpt lat="-26.1933730" lon="-51.1005440">
    <ele>783.2</ele>
   </trkpt>
   <trkpt lat="-26.1935140" lon="-51.1004090">
    <ele>781.0</ele>
   </trkpt>
   <trkpt lat="-26.1935520" lon="-51.1003740">
    <ele>780.0</ele>
   </trkpt>
   <trkpt lat="-26.1935910" lon="-51.1003390">
    <ele>779.6</ele>
   </trkpt>
   <trkpt lat="-26.1936580" lon="-51.1002490">
    <ele>779.2</ele>
   </trkpt>
   <trkpt lat="-26.1936860" lon="-51.1002000">
    <ele>778.8</ele>
   </trkpt>
   <trkpt lat="-26.1937120" lon="-51.1001490">
    <ele>778.8</ele>
   </trkpt>
   <trkpt lat="-26.1937960" lon="-51.1000030">
    <ele>778.6</ele>
   </trkpt>
   <trkpt lat="-26.1939210" lon="-51.0998640">
    <ele>777.4</ele>
   </trkpt>
   <trkpt lat="-26.1941190" lon="-51.0996920">
    <ele>776.4</ele>
   </trkpt>
   <trkpt lat="-26.1942910" lon="-51.0995510">
    <ele>775.8</ele>
   </trkpt>
   <trkpt lat="-26.1943920" lon="-51.0994610">
    <ele>775.2</ele>
   </trkpt>
   <trkpt lat="-26.1945490" lon="-51.0993370">
    <ele>773.8</ele>
   </trkpt>
   <trkpt lat="-26.1946940" lon="-51.0992250">
    <ele>772.8</ele>
   </trkpt>
   <trkpt lat="-26.1949400" lon="-51.0990480">
    <ele>771.4</ele>
   </trkpt>
   <trkpt lat="-26.1950760" lon="-51.0989530">
    <ele>770.0</ele>
   </trkpt>
   <trkpt lat="-26.1951330" lon="-51.0989110">
    <ele>768.0</ele>
   </trkpt>
   <trkpt lat="-26.1953370" lon="-51.0987570">
    <ele>766.8</ele>
   </trkpt>
   <trkpt lat="-26.1955970" lon="-51.0985660">
    <ele>766.6</ele>
   </trkpt>
   <trkpt lat="-26.1956610" lon="-51.0985290">
    <ele>766.6</ele>
   </trkpt>
   <trkpt lat="-26.1957260" lon="-51.0984970">
    <ele>766.8</ele>
   </trkpt>
   <trkpt lat="-26.1957890" lon="-51.0984680">
    <ele>766.8</ele>
   </trkpt>
   <trkpt lat="-26.1958520" lon="-51.0984330">
    <ele>766.8</ele>
   </trkpt>
   <trkpt lat="-26.1960390" lon="-51.0983090">
    <ele>766.8</ele>
   </trkpt>
   <trkpt lat="-26.1960830" lon="-51.0982800">
    <ele>766.8</ele>
   </trkpt>
   <trkpt lat="-26.1961480" lon="-51.0982360">
    <ele>766.8</ele>
   </trkpt>
   <trkpt lat="-26.1962400" lon="-51.0981700">
    <ele>767.2</ele>
   </trkpt>
   <trkpt lat="-26.1963010" lon="-51.0981260">
    <ele>767.6</ele>
   </trkpt>
   <trkpt lat="-26.1963410" lon="-51.0980960">
    <ele>767.8</ele>
   </trkpt>
   <trkpt lat="-26.1963870" lon="-51.0980570">
    <ele>768.2</ele>
   </trkpt>
   <trkpt lat="-26.1964320" lon="-51.0980140">
    <ele>768.2</ele>
   </trkpt>
   <trkpt lat="-26.1964770" lon="-51.0979740">
    <ele>770.8</ele>
   </trkpt>
   <trkpt lat="-26.1965220" lon="-51.0979420">
    <ele>771.4</ele>
   </trkpt>
   <trkpt lat="-26.1965660" lon="-51.0979130">
    <ele>772.0</ele>
   </trkpt>
   <trkpt lat="-26.1966060" lon="-51.0978840">
    <ele>772.2</ele>
   </trkpt>
   <trkpt lat="-26.1966440" lon="-51.0978570">
    <ele>772.4</ele>
   </trkpt>
   <trkpt lat="-26.1966780" lon="-51.0978310">
    <ele>772.6</ele>
   </trkpt>
   <trkpt lat="-26.1967110" lon="-51.0978070">
    <ele>773.0</ele>
   </trkpt>
   <trkpt lat="-26.1967410" lon="-51.0977840">
    <ele>773.6</ele>
   </trkpt>
   <trkpt lat="-26.1967720" lon="-51.0977600">
    <ele>773.8</ele>
   </trkpt>
   <trkpt lat="-26.1968030" lon="-51.0977380">
    <ele>774.0</ele>
   </trkpt>
   <trkpt lat="-26.1968390" lon="-51.0977120">
    <ele>774.4</ele>
   </trkpt>
   <trkpt lat="-26.1968630" lon="-51.0976920">
    <ele>774.6</ele>
   </trkpt>
   <trkpt lat="-26.1968980" lon="-51.0976620">
    <ele>774.8</ele>
   </trkpt>
   <trkpt lat="-26.1969230" lon="-51.0976400">
    <ele>774.8</ele>
   </trkpt>
   <trkpt lat="-26.1969560" lon="-51.0976180">
    <ele>775.4</ele>
   </trkpt>
   <trkpt lat="-26.1969880" lon="-51.0975990">
    <ele>775.4</ele>
   </trkpt>
   <trkpt lat="-26.1970160" lon="-51.0975730">
    <ele>775.4</ele>
   </trkpt>
   <trkpt lat="-26.1970440" lon="-51.0975450">
    <ele>775.6</ele>
   </trkpt>
   <trkpt lat="-26.1970750" lon="-51.0975240">
    <ele>776.0</ele>
   </trkpt>
   <trkpt lat="-26.1971050" lon="-51.0975060">
    <ele>776.2</ele>
   </trkpt>
   <trkpt lat="-26.1971330" lon="-51.0974880">
    <ele>776.2</ele>
   </trkpt>
   <trkpt lat="-26.1971630" lon="-51.0974740">
    <ele>776.4</ele>
   </trkpt>
   <trkpt lat="-26.1971970" lon="-51.0974590">
    <ele>776.6</ele>
   </trkpt>
   <trkpt lat="-26.1972300" lon="-51.0974430">
    <ele>776.6</ele>
   </trkpt>
   <trkpt lat="-26.1972560" lon="-51.0974250">
    <ele>776.8</ele>
   </trkpt>
   <trkpt lat="-26.1972860" lon="-51.0974100">
    <ele>776.8</ele>
   </trkpt>
   <trkpt lat="-26.1973160" lon="-51.0973950">
    <ele>776.8</ele>
   </trkpt>
   <trkpt lat="-26.1973410" lon="-51.0973800">
    <ele>776.8</ele>
   </trkpt>
   <trkpt lat="-26.1973730" lon="-51.0973610">
    <ele>776.8</ele>
   </trkpt>
   <trkpt lat="-26.1974060" lon="-51.0973440">
    <ele>776.8</ele>
   </trkpt>
   <trkpt lat="-26.1974420" lon="-51.0973210">
    <ele>776.8</ele>
   </trkpt>
   <trkpt lat="-26.1974750" lon="-51.0972990">
    <ele>777.0</ele>
   </trkpt>
   <trkpt lat="-26.1975070" lon="-51.0972760">
    <ele>777.0</ele>
   </trkpt>
   <trkpt lat="-26.1975390" lon="-51.0972500">
    <ele>777.0</ele>
   </trkpt>
   <trkpt lat="-26.1975690" lon="-51.0972240">
    <ele>777.0</ele>
   </trkpt>
   <trkpt lat="-26.1976030" lon="-51.0972030">
    <ele>777.4</ele>
   </trkpt>
   <trkpt lat="-26.1976390" lon="-51.0971890">
    <ele>777.4</ele>
   </trkpt>
   <trkpt lat="-26.1976720" lon="-51.0971780">
    <ele>777.4</ele>
   </trkpt>
   <trkpt lat="-26.1977090" lon="-51.0971670">
    <ele>777.4</ele>
   </trkpt>
   <trkpt lat="-26.1977330" lon="-51.0971540">
    <ele>777.4</ele>
   </trkpt>
   <trkpt lat="-26.1977620" lon="-51.0971370">
    <ele>777.2</ele>
   </trkpt>
   <trkpt lat="-26.1977900" lon="-51.0971120">
    <ele>777.0</ele>
   </trkpt>
   <trkpt lat="-26.1978140" lon="-51.0970810">
    <ele>776.8</ele>
   </trkpt>
   <trkpt lat="-26.1978390" lon="-51.0970410">
    <ele>776.6</ele>
   </trkpt>
   <trkpt lat="-26.1978550" lon="-51.0970130">
    <ele>776.4</ele>
   </trkpt>
   <trkpt lat="-26.1978760" lon="-51.0969760">
    <ele>776.4</ele>
   </trkpt>
   <trkpt lat="-26.1979910" lon="-51.0967860">
    <ele>778.2</ele>
   </trkpt>
   <trkpt lat="-26.1980090" lon="-51.0967570">
    <ele>778.6</ele>
   </trkpt>
   <trkpt lat="-26.1981530" lon="-51.0965320">
    <ele>779.2</ele>
   </trkpt>
   <trkpt lat="-26.1982040" lon="-51.0964540">
    <ele>779.4</ele>
   </trkpt>
   <trkpt lat="-26.1982280" lon="-51.0964160">
    <ele>779.4</ele>
   </trkpt>
   <trkpt lat="-26.1982510" lon="-51.0963780">
    <ele>779.4</ele>
   </trkpt>
   <trkpt lat="-26.1982730" lon="-51.0963370">
    <ele>779.4</ele>
   </trkpt>
   <trkpt lat="-26.1982920" lon="-51.0962950">
    <ele>779.4</ele>
   </trkpt>
   <trkpt lat="-26.1983180" lon="-51.0962440">
    <ele>779.4</ele>
   </trkpt>
   <trkpt lat="-26.1983390" lon="-51.0962030">
    <ele>779.4</ele>
   </trkpt>
   <trkpt lat="-26.1983610" lon="-51.0961610">
    <ele>779.6</ele>
   </trkpt>
   <trkpt lat="-26.1983840" lon="-51.0961190">
    <ele>779.6</ele>
   </trkpt>
   <trkpt lat="-26.1984060" lon="-51.0960840">
    <ele>779.8</ele>
   </trkpt>
   <trkpt lat="-26.1984330" lon="-51.0960370">
    <ele>779.8</ele>
   </trkpt>
   <trkpt lat="-26.1984460" lon="-51.0960020">
    <ele>779.8</ele>
   </trkpt>
   <trkpt lat="-26.1984860" lon="-51.0959170">
    <ele>780.0</ele>
   </trkpt>
   <trkpt lat="-26.1985240" lon="-51.0958310">
    <ele>780.0</ele>
   </trkpt>
   <trkpt lat="-26.1985450" lon="-51.0957890">
    <ele>780.0</ele>
   </trkpt>
   <trkpt lat="-26.1985680" lon="-51.0957350">
    <ele>780.2</ele>
   </trkpt>
   <trkpt lat="-26.1986630" lon="-51.0955040">
    <ele>780.2</ele>
   </trkpt>
   <trkpt lat="-26.1987370" lon="-51.0952910">
    <ele>780.4</ele>
   </trkpt>
   <trkpt lat="-26.1987790" lon="-51.0951420">
    <ele>780.6</ele>
   </trkpt>
   <trkpt lat="-26.1988370" lon="-51.0949160">
    <ele>780.6</ele>
   </trkpt>
   <trkpt lat="-26.1988810" lon="-51.0947100">
    <ele>780.6</ele>
   </trkpt>
   <trkpt lat="-26.1989050" lon="-51.0945330">
    <ele>780.6</ele>
   </trkpt>
   <trkpt lat="-26.1989480" lon="-51.0944010">
    <ele>779.0</ele>
   </trkpt>
   <trkpt lat="-26.1989690" lon="-51.0943530">
    <ele>776.2</ele>
   </trkpt>
   <trkpt lat="-26.1990180" lon="-51.0942340">
    <ele>776.0</ele>
   </trkpt>
   <trkpt lat="-26.1990550" lon="-51.0940980">
    <ele>776.0</ele>
   </trkpt>
   <trkpt lat="-26.1990640" lon="-51.0940230">
    <ele>776.0</ele>
   </trkpt>
   <trkpt lat="-26.1990670" lon="-51.0939450">
    <ele>775.8</ele>
   </trkpt>
   <trkpt lat="-26.1990560" lon="-51.0935950">
    <ele>775.4</ele>
   </trkpt>
   <trkpt lat="-26.1990480" lon="-51.0935080">
    <ele>775.2</ele>
   </trkpt>
   <trkpt lat="-26.1990390" lon="-51.0934370">
    <ele>775.0</ele>
   </trkpt>
   <trkpt lat="-26.1990160" lon="-51.0932590">
    <ele>773.8</ele>
   </trkpt>
   <trkpt lat="-26.1989920" lon="-51.0930800">
    <ele>773.2</ele>
   </trkpt>
   <trkpt lat="-26.1989600" lon="-51.0928980">
    <ele>772.6</ele>
   </trkpt>
   <trkpt lat="-26.1988970" lon="-51.0926000">
    <ele>771.4</ele>
   </trkpt>
   <trkpt lat="-26.1988440" lon="-51.0924190">
    <ele>771.0</ele>
   </trkpt>
   <trkpt lat="-26.1987400" lon="-51.0921570">
    <ele>770.2</ele>
   </trkpt>
   <trkpt lat="-26.1986730" lon="-51.0919850">
    <ele>769.0</ele>
   </trkpt>
   <trkpt lat="-26.1985860" lon="-51.0917090">
    <ele>767.8</ele>
   </trkpt>
   <trkpt lat="-26.1984880" lon="-51.0913120">
    <ele>771.0</ele>
   </trkpt>
   <trkpt lat="-26.1984660" lon="-51.0912060">
    <ele>771.0</ele>
   </trkpt>
   <trkpt lat="-26.1983460" lon="-51.0907880">
    <ele>769.4</ele>
   </trkpt>
   <trkpt lat="-26.1982860" lon="-51.0906600">
    <ele>766.8</ele>
   </trkpt>
   <trkpt lat="-26.1982300" lon="-51.0905560">
    <ele>757.8</ele>
   </trkpt>
   <trkpt lat="-26.1981120" lon="-51.0903520">
    <ele>756.2</ele>
   </trkpt>
   <trkpt lat="-26.1979640" lon="-51.0900570">
    <ele>755.8</ele>
   </trkpt>
   <trkpt lat="-26.1979650" lon="-51.0898500">
    <ele>755.6</ele>
   </trkpt>
   <trkpt lat="-26.1980280" lon="-51.0897750">
    <ele>755.6</ele>
   </trkpt>
   <trkpt lat="-26.1981100" lon="-51.0897160">
    <ele>755.6</ele>
   </trkpt>
   <trkpt lat="-26.1981950" lon="-51.0896650">
    <ele>755.6</ele>
   </trkpt>
   <trkpt lat="-26.1982780" lon="-51.0896160">
    <ele>755.6</ele>
   </trkpt>
   <trkpt lat="-26.1983610" lon="-51.0895680">
    <ele>758.0</ele>
   </trkpt>
   <trkpt lat="-26.1984390" lon="-51.0895170">
    <ele>760.6</ele>
   </trkpt>
   <trkpt lat="-26.1985170" lon="-51.0894670">
    <ele>760.8</ele>
   </trkpt>
   <trkpt lat="-26.1985930" lon="-51.0894160">
    <ele>760.8</ele>
   </trkpt>
   <trkpt lat="-26.1986680" lon="-51.0893670">
    <ele>760.8</ele>
   </trkpt>
   <trkpt lat="-26.1987440" lon="-51.0893210">
    <ele>760.8</ele>
   </trkpt>
   <trkpt lat="-26.1988190" lon="-51.0892790">
    <ele>760.6</ele>
   </trkpt>
   <trkpt lat="-26.1988930" lon="-51.0892380">
    <ele>760.6</ele>
   </trkpt>
   <trkpt lat="-26.1989660" lon="-51.0891940">
    <ele>760.6</ele>
   </trkpt>
   <trkpt lat="-26.1990360" lon="-51.0891510">
    <ele>760.6</ele>
   </trkpt>
   <trkpt lat="-26.1991780" lon="-51.0890640">
    <ele>760.6</ele>
   </trkpt>
   <trkpt lat="-26.1993700" lon="-51.0889170">
    <ele>760.4</ele>
   </trkpt>
   <trkpt lat="-26.1994270" lon="-51.0888640">
    <ele>760.4</ele>
   </trkpt>
   <trkpt lat="-26.1994810" lon="-51.0888100">
    <ele>760.4</ele>
   </trkpt>
   <trkpt lat="-26.1995310" lon="-51.0887540">
    <ele>760.4</ele>
   </trkpt>
   <trkpt lat="-26.1995810" lon="-51.0887010">
    <ele>760.4</ele>
   </trkpt>
   <trkpt lat="-26.1996300" lon="-51.0886500">
    <ele>760.4</ele>
   </trkpt>
   <trkpt lat="-26.1996760" lon="-51.0886020">
    <ele>760.4</ele>
   </trkpt>
   <trkpt lat="-26.1997160" lon="-51.0885530">
    <ele>760.4</ele>
   </trkpt>
   <trkpt lat="-26.1997570" lon="-51.0885000">
    <ele>760.6</ele>
   </trkpt>
   <trkpt lat="-26.1997990" lon="-51.0884490">
    <ele>760.8</ele>
   </trkpt>
   <trkpt lat="-26.1998400" lon="-51.0883970">
    <ele>761.2</ele>
   </trkpt>
   <trkpt lat="-26.1999280" lon="-51.0883010">
    <ele>761.2</ele>
   </trkpt>
   <trkpt lat="-26.2000300" lon="-51.0882300">
    <ele>760.2</ele>
   </trkpt>
   <trkpt lat="-26.2000740" lon="-51.0882150">
    <ele>760.0</ele>
   </trkpt>
   <trkpt lat="-26.2001420" lon="-51.0882040">
    <ele>759.8</ele>
   </trkpt>
   <trkpt lat="-26.2001960" lon="-51.0882080">
    <ele>759.6</ele>
   </trkpt>
   <trkpt lat="-26.2002500" lon="-51.0882190">
    <ele>759.4</ele>
   </trkpt>
   <trkpt lat="-26.2002940" lon="-51.0882290">
    <ele>759.4</ele>
   </trkpt>
   <trkpt lat="-26.2003470" lon="-51.0882440">
    <ele>759.4</ele>
   </trkpt>
   <trkpt lat="-26.2004010" lon="-51.0882610">
    <ele>759.4</ele>
   </trkpt>
   <trkpt lat="-26.2004570" lon="-51.0882740">
    <ele>759.0</ele>
   </trkpt>
   <trkpt lat="-26.2009320" lon="-51.0884160">
    <ele>759.8</ele>
   </trkpt>
   <trkpt lat="-26.2009730" lon="-51.0884320">
    <ele>760.0</ele>
   </trkpt>
   <trkpt lat="-26.2011280" lon="-51.0884730">
    <ele>760.4</ele>
   </trkpt>
   <trkpt lat="-26.2011800" lon="-51.0884890">
    <ele>760.6</ele>
   </trkpt>
   <trkpt lat="-26.2012310" lon="-51.0885030">
    <ele>760.8</ele>
   </trkpt>
   <trkpt lat="-26.2012830" lon="-51.0885150">
    <ele>761.0</ele>
   </trkpt>
   <trkpt lat="-26.2013450" lon="-51.0885260">
    <ele>761.0</ele>
   </trkpt>
   <trkpt lat="-26.2013970" lon="-51.0885270">
    <ele>761.0</ele>
   </trkpt>
   <trkpt lat="-26.2014400" lon="-51.0885230">
    <ele>761.2</ele>
   </trkpt>
   <trkpt lat="-26.2014930" lon="-51.0885130">
    <ele>761.2</ele>
   </trkpt>
   <trkpt lat="-26.2015930" lon="-51.0884750">
    <ele>761.4</ele>
   </trkpt>
   <trkpt lat="-26.2016410" lon="-51.0884490">
    <ele>761.6</ele>
   </trkpt>
   <trkpt lat="-26.2017340" lon="-51.0883840">
    <ele>761.6</ele>
   </trkpt>
   <trkpt lat="-26.2018050" lon="-51.0882950">
    <ele>761.4</ele>
   </trkpt>
   <trkpt lat="-26.2018360" lon="-51.0882390">
    <ele>761.2</ele>
   </trkpt>
   <trkpt lat="-26.2020430" lon="-51.0878940">
    <ele>760.4</ele>
   </trkpt>
   <trkpt lat="-26.2020820" lon="-51.0878330">
    <ele>760.2</ele>
   </trkpt>
   <trkpt lat="-26.2021260" lon="-51.0877790">
    <ele>760.2</ele>
   </trkpt>
   <trkpt lat="-26.2022860" lon="-51.0876510">
    <ele>760.2</ele>
   </trkpt>
   <trkpt lat="-26.2024010" lon="-51.0875870">
    <ele>760.4</ele>
   </trkpt>
   <trkpt lat="-26.2025650" lon="-51.0875300">
    <ele>760.4</ele>
   </trkpt>
   <trkpt lat="-26.2026210" lon="-51.0875130">
    <ele>760.4</ele>
   </trkpt>
   <trkpt lat="-26.2026760" lon="-51.0874970">
    <ele>760.4</ele>
   </trkpt>
   <trkpt lat="-26.2027320" lon="-51.0874860">
    <ele>760.4</ele>
   </trkpt>
   <trkpt lat="-26.2027890" lon="-51.0874760">
    <ele>760.6</ele>
   </trkpt>
   <trkpt lat="-26.2028470" lon="-51.0874650">
    <ele>760.6</ele>
   </trkpt>
   <trkpt lat="-26.2029030" lon="-51.0874580">
    <ele>760.8</ele>
   </trkpt>
   <trkpt lat="-26.2029710" lon="-51.0874560">
    <ele>760.8</ele>
   </trkpt>
   <trkpt lat="-26.2030710" lon="-51.0874780">
    <ele>760.8</ele>
   </trkpt>
   <trkpt lat="-26.2031750" lon="-51.0875310">
    <ele>760.6</ele>
   </trkpt>
   <trkpt lat="-26.2032230" lon="-51.0875720">
    <ele>760.6</ele>
   </trkpt>
   <trkpt lat="-26.2032670" lon="-51.0876180">
    <ele>760.6</ele>
   </trkpt>
   <trkpt lat="-26.2033070" lon="-51.0876680">
    <ele>760.6</ele>
   </trkpt>
   <trkpt lat="-26.2033450" lon="-51.0877160">
    <ele>760.6</ele>
   </trkpt>
   <trkpt lat="-26.2035400" lon="-51.0880270">
    <ele>760.8</ele>
   </trkpt>
   <trkpt lat="-26.2035710" lon="-51.0880760">
    <ele>760.8</ele>
   </trkpt>
   <trkpt lat="-26.2036040" lon="-51.0881220">
    <ele>761.0</ele>
   </trkpt>
   <trkpt lat="-26.2036470" lon="-51.0881690">
    <ele>761.0</ele>
   </trkpt>
   <trkpt lat="-26.2036760" lon="-51.0881980">
    <ele>761.2</ele>
   </trkpt>
   <trkpt lat="-26.2037100" lon="-51.0882290">
    <ele>761.6</ele>
   </trkpt>
   <trkpt lat="-26.2037380" lon="-51.0882560">
    <ele>761.6</ele>
   </trkpt>
   <trkpt lat="-26.2037710" lon="-51.0882810">
    <ele>761.8</ele>
   </trkpt>
   <trkpt lat="-26.2038020" lon="-51.0882960">
    <ele>762.0</ele>
   </trkpt>
   <trkpt lat="-26.2038370" lon="-51.0883070">
    <ele>762.2</ele>
   </trkpt>
   <trkpt lat="-26.2038750" lon="-51.0883170">
    <ele>762.2</ele>
   </trkpt>
   <trkpt lat="-26.2039140" lon="-51.0883230">
    <ele>762.2</ele>
   </trkpt>
   <trkpt lat="-26.2039510" lon="-51.0883330">
    <ele>762.2</ele>
   </trkpt>
   <trkpt lat="-26.2039900" lon="-51.0883410">
    <ele>762.2</ele>
   </trkpt>
   <trkpt lat="-26.2040320" lon="-51.0883470">
    <ele>762.2</ele>
   </trkpt>
   <trkpt lat="-26.2042110" lon="-51.0883770">
    <ele>762.2</ele>
   </trkpt>
   <trkpt lat="-26.2042990" lon="-51.0884080">
    <ele>762.0</ele>
   </trkpt>
   <trkpt lat="-26.2044720" lon="-51.0884630">
    <ele>761.6</ele>
   </trkpt>
   <trkpt lat="-26.2045080" lon="-51.0884940">
    <ele>761.4</ele>
   </trkpt>
   <trkpt lat="-26.2045340" lon="-51.0885310">
    <ele>761.0</ele>
   </trkpt>
   <trkpt lat="-26.2045580" lon="-51.0885770">
    <ele>760.6</ele>
   </trkpt>
   <trkpt lat="-26.2045850" lon="-51.0886250">
    <ele>760.4</ele>
   </trkpt>
   <trkpt lat="-26.2046080" lon="-51.0886770">
    <ele>760.4</ele>
   </trkpt>
   <trkpt lat="-26.2046960" lon="-51.0889010">
    <ele>758.8</ele>
   </trkpt>
   <trkpt lat="-26.2047380" lon="-51.0890220">
    <ele>758.8</ele>
   </trkpt>
   <trkpt lat="-26.2047890" lon="-51.0891500">
    <ele>760.0</ele>
   </trkpt>
   <trkpt lat="-26.2048440" lon="-51.0892760">
    <ele>760.0</ele>
   </trkpt>
   <trkpt lat="-26.2048790" lon="-51.0893370">
    <ele>760.0</ele>
   </trkpt>
   <trkpt lat="-26.2049190" lon="-51.0893920">
    <ele>760.0</ele>
   </trkpt>
   <trkpt lat="-26.2050250" lon="-51.0894690">
    <ele>759.8</ele>
   </trkpt>
   <trkpt lat="-26.2050930" lon="-51.0894840">
    <ele>759.8</ele>
   </trkpt>
   <trkpt lat="-26.2051630" lon="-51.0894860">
    <ele>759.6</ele>
   </trkpt>
   <trkpt lat="-26.2052470" lon="-51.0894740">
    <ele>759.6</ele>
   </trkpt>
   <trkpt lat="-26.2052980" lon="-51.0894520">
    <ele>759.6</ele>
   </trkpt>
   <trkpt lat="-26.2053600" lon="-51.0894150">
    <ele>759.4</ele>
   </trkpt>
   <trkpt lat="-26.2054230" lon="-51.0893720">
    <ele>759.0</ele>
   </trkpt>
   <trkpt lat="-26.2054820" lon="-51.0893240">
    <ele>759.0</ele>
   </trkpt>
   <trkpt lat="-26.2055420" lon="-51.0892740">
    <ele>758.8</ele>
   </trkpt>
   <trkpt lat="-26.2058670" lon="-51.0889920">
    <ele>757.8</ele>
   </trkpt>
   <trkpt lat="-26.2059230" lon="-51.0889480">
    <ele>757.8</ele>
   </trkpt>
   <trkpt lat="-26.2059780" lon="-51.0889050">
    <ele>757.8</ele>
   </trkpt>
   <trkpt lat="-26.2062180" lon="-51.0887550">
    <ele>757.8</ele>
   </trkpt>
   <trkpt lat="-26.2062840" lon="-51.0887390">
    <ele>757.8</ele>
   </trkpt>
   <trkpt lat="-26.2063620" lon="-51.0887370">
    <ele>757.8</ele>
   </trkpt>
   <trkpt lat="-26.2064010" lon="-51.0887600">
    <ele>757.8</ele>
   </trkpt>
   <trkpt lat="-26.2064400" lon="-51.0887840">
    <ele>757.8</ele>
   </trkpt>
   <trkpt lat="-26.2065950" lon="-51.0888770">
    <ele>757.8</ele>
   </trkpt>
   <trkpt lat="-26.2066620" lon="-51.0889310">
    <ele>757.6</ele>
   </trkpt>
   <trkpt lat="-26.2067030" lon="-51.0889690">
    <ele>757.8</ele>
   </trkpt>
   <trkpt lat="-26.2067540" lon="-51.0890150">
    <ele>757.8</ele>
   </trkpt>
   <trkpt lat="-26.2068150" lon="-51.0890660">
    <ele>758.0</ele>
   </trkpt>
   <trkpt lat="-26.2068560" lon="-51.0891010">
    <ele>758.0</ele>
   </trkpt>
   <trkpt lat="-26.2069080" lon="-51.0891420">
    <ele>758.2</ele>
   </trkpt>
   <trkpt lat="-26.2069610" lon="-51.0891800">
    <ele>758.2</ele>
   </trkpt>
   <trkpt lat="-26.2070110" lon="-51.0892170">
    <ele>758.2</ele>
   </trkpt>
   <trkpt lat="-26.2070600" lon="-51.0892520">
    <ele>758.2</ele>
   </trkpt>
   <trkpt lat="-26.2071090" lon="-51.0892920">
    <ele>758.2</ele>
   </trkpt>
   <trkpt lat="-26.2072630" lon="-51.0893980">
    <ele>757.8</ele>
   </trkpt>
   <trkpt lat="-26.2073160" lon="-51.0894280">
    <ele>757.8</ele>
   </trkpt>
   <trkpt lat="-26.2073800" lon="-51.0894570">
    <ele>758.0</ele>
   </trkpt>
   <trkpt lat="-26.2074240" lon="-51.0894720">
    <ele>758.0</ele>
   </trkpt>
   <trkpt lat="-26.2074920" lon="-51.0894880">
    <ele>758.0</ele>
   </trkpt>
   <trkpt lat="-26.2075410" lon="-51.0894900">
    <ele>758.0</ele>
   </trkpt>
   <trkpt lat="-26.2076010" lon="-51.0894870">
    <ele>758.0</ele>
   </trkpt>
   <trkpt lat="-26.2077180" lon="-51.0894750">
    <ele>758.0</ele>
   </trkpt>
   <trkpt lat="-26.2078310" lon="-51.0894460">
    <ele>758.0</ele>
   </trkpt>
   <trkpt lat="-26.2078960" lon="-51.0894240">
    <ele>757.8</ele>
   </trkpt>
   <trkpt lat="-26.2079910" lon="-51.0893870">
    <ele>757.8</ele>
   </trkpt>
   <trkpt lat="-26.2080950" lon="-51.0893310">
    <ele>758.2</ele>
   </trkpt>
   <trkpt lat="-26.2081450" lon="-51.0892990">
    <ele>758.2</ele>
   </trkpt>
   <trkpt lat="-26.2083270" lon="-51.0891300">
    <ele>758.4</ele>
   </trkpt>
   <trkpt lat="-26.2083720" lon="-51.0890890">
    <ele>758.4</ele>
   </trkpt>
   <trkpt lat="-26.2085540" lon="-51.0889300">
    <ele>758.0</ele>
   </trkpt>
   <trkpt lat="-26.2086680" lon="-51.0888880">
    <ele>758.0</ele>
   </trkpt>
   <trkpt lat="-26.2087280" lon="-51.0888790">
    <ele>758.0</ele>
   </trkpt>
   <trkpt lat="-26.2087860" lon="-51.0888810">
    <ele>758.0</ele>
   </trkpt>
   <trkpt lat="-26.2088460" lon="-51.0888900">
    <ele>758.0</ele>
   </trkpt>
   <trkpt lat="-26.2089050" lon="-51.0889020">
    <ele>758.0</ele>
   </trkpt>
   <trkpt lat="-26.2090810" lon="-51.0889410">
    <ele>757.8</ele>
   </trkpt>
   <trkpt lat="-26.2092040" lon="-51.0889720">
    <ele>756.2</ele>
   </trkpt>
   <trkpt lat="-26.2092500" lon="-51.0889870">
    <ele>755.0</ele>
   </trkpt>
   <trkpt lat="-26.2093080" lon="-51.0890050">
    <ele>754.8</ele>
   </trkpt>
   <trkpt lat="-26.2098380" lon="-51.0891350">
    <ele>755.0</ele>
   </trkpt>
   <trkpt lat="-26.2103710" lon="-51.0892690">
    <ele>755.0</ele>
   </trkpt>
   <trkpt lat="-26.2104870" lon="-51.0892960">
    <ele>755.4</ele>
   </trkpt>
   <trkpt lat="-26.2107730" lon="-51.0893820">
    <ele>755.8</ele>
   </trkpt>
   <trkpt lat="-26.2108230" lon="-51.0894190">
    <ele>755.6</ele>
   </trkpt>
   <trkpt lat="-26.2108620" lon="-51.0894690">
    <ele>755.6</ele>
   </trkpt>
   <trkpt lat="-26.2108690" lon="-51.0895150">
    <ele>755.6</ele>
   </trkpt>
   <trkpt lat="-26.2108750" lon="-51.0895600">
    <ele>755.6</ele>
   </trkpt>
   <trkpt lat="-26.2108880" lon="-51.0896520">
    <ele>755.6</ele>
   </trkpt>
   <trkpt lat="-26.2108780" lon="-51.0897320">
    <ele>755.4</ele>
   </trkpt>
   <trkpt lat="-26.2108670" lon="-51.0898000">
    <ele>755.6</ele>
   </trkpt>
   <trkpt lat="-26.2108540" lon="-51.0898670">
    <ele>755.8</ele>
   </trkpt>
   <trkpt lat="-26.2108400" lon="-51.0899310">
    <ele>756.0</ele>
   </trkpt>
   <trkpt lat="-26.2107820" lon="-51.0901960">
    <ele>756.2</ele>
   </trkpt>
   <trkpt lat="-26.2106630" lon="-51.0908250">
    <ele>756.4</ele>
   </trkpt>
   <trkpt lat="-26.2106400" lon="-51.0910340">
    <ele>756.2</ele>
   </trkpt>
   <trkpt lat="-26.2106540" lon="-51.0915860">
    <ele>756.0</ele>
   </trkpt>
   <trkpt lat="-26.2106800" lon="-51.0917090">
    <ele>757.4</ele>
   </trkpt>
   <trkpt lat="-26.2107370" lon="-51.0919230">
    <ele>758.2</ele>
   </trkpt>
   <trkpt lat="-26.2107790" lon="-51.0920520">
    <ele>758.2</ele>
   </trkpt>
   <trkpt lat="-26.2109100" lon="-51.0923490">
    <ele>758.2</ele>
   </trkpt>
   <trkpt lat="-26.2109720" lon="-51.0924650">
    <ele>758.0</ele>
   </trkpt>
   <trkpt lat="-26.2110060" lon="-51.0925190">
    <ele>758.2</ele>
   </trkpt>
   <trkpt lat="-26.2110420" lon="-51.0925690">
    <ele>758.2</ele>
   </trkpt>
   <trkpt lat="-26.2111080" lon="-51.0926600">
    <ele>758.2</ele>
   </trkpt>
   <trkpt lat="-26.2111500" lon="-51.0927190">
    <ele>758.0</ele>
   </trkpt>
   <trkpt lat="-26.2112320" lon="-51.0928120">
    <ele>758.0</ele>
   </trkpt>
   <trkpt lat="-26.2116210" lon="-51.0932270">
    <ele>758.0</ele>
   </trkpt>
   <trkpt lat="-26.2119670" lon="-51.0935810">
    <ele>758.6</ele>
   </trkpt>
   <trkpt lat="-26.2121340" lon="-51.0937630">
    <ele>758.6</ele>
   </trkpt>
   <trkpt lat="-26.2121740" lon="-51.0938040">
    <ele>758.6</ele>
   </trkpt>
   <trkpt lat="-26.2122180" lon="-51.0938460">
    <ele>758.6</ele>
   </trkpt>
   <trkpt lat="-26.2122590" lon="-51.0938900">
    <ele>758.6</ele>
   </trkpt>
   <trkpt lat="-26.2122990" lon="-51.0939330">
    <ele>758.6</ele>
   </trkpt>
   <trkpt lat="-26.2123410" lon="-51.0939760">
    <ele>758.8</ele>
   </trkpt>
   <trkpt lat="-26.2123830" lon="-51.0940200">
    <ele>758.8</ele>
   </trkpt>
   <trkpt lat="-26.2124230" lon="-51.0940620">
    <ele>758.8</ele>
   </trkpt>
   <trkpt lat="-26.2125450" lon="-51.0941930">
    <ele>758.6</ele>
   </trkpt>
   <trkpt lat="-26.2125860" lon="-51.0942400">
    <ele>758.4</ele>
   </trkpt>
   <trkpt lat="-26.2126170" lon="-51.0942780">
    <ele>758.4</ele>
   </trkpt>
   <trkpt lat="-26.2127310" lon="-51.0944030">
    <ele>757.4</ele>
   </trkpt>
   <trkpt lat="-26.2127710" lon="-51.0944470">
    <ele>756.6</ele>
   </trkpt>
   <trkpt lat="-26.2128100" lon="-51.0944870">
    <ele>756.4</ele>
   </trkpt>
   <trkpt lat="-26.2128520" lon="-51.0945340">
    <ele>756.4</ele>
   </trkpt>
   <trkpt lat="-26.2129760" lon="-51.0946650">
    <ele>756.0</ele>
   </trkpt>
   <trkpt lat="-26.2131800" lon="-51.0948800">
    <ele>758.2</ele>
   </trkpt>
   <trkpt lat="-26.2133460" lon="-51.0950530">
    <ele>758.6</ele>
   </trkpt>
   <trkpt lat="-26.2134260" lon="-51.0951410">
    <ele>758.8</ele>
   </trkpt>
   <trkpt lat="-26.2135090" lon="-51.0952250">
    <ele>758.8</ele>
   </trkpt>
   <trkpt lat="-26.2136240" lon="-51.0953560">
    <ele>758.8</ele>
   </trkpt>
   <trkpt lat="-26.2138740" lon="-51.0956170">
    <ele>759.2</ele>
   </trkpt>
   <trkpt lat="-26.2139580" lon="-51.0957040">
    <ele>759.4</ele>
   </trkpt>
   <trkpt lat="-26.2141710" lon="-51.0959220">
    <ele>759.8</ele>
   </trkpt>
   <trkpt lat="-26.2143750" lon="-51.0961310">
    <ele>760.0</ele>
   </trkpt>
   <trkpt lat="-26.2144160" lon="-51.0961720">
    <ele>760.0</ele>
   </trkpt>
   <trkpt lat="-26.2144560" lon="-51.0962110">
    <ele>760.2</ele>
   </trkpt>
   <trkpt lat="-26.2144940" lon="-51.0962510">
    <ele>760.2</ele>
   </trkpt>
   <trkpt lat="-26.2145690" lon="-51.0963220">
    <ele>760.4</ele>
   </trkpt>
   <trkpt lat="-26.2146040" lon="-51.0963560">
    <ele>760.4</ele>
   </trkpt>
   <trkpt lat="-26.2146400" lon="-51.0963930">
    <ele>760.2</ele>
   </trkpt>
   <trkpt lat="-26.2146770" lon="-51.0964290">
    <ele>760.2</ele>
   </trkpt>
   <trkpt lat="-26.2147150" lon="-51.0964630">
    <ele>760.0</ele>
   </trkpt>
   <trkpt lat="-26.2147540" lon="-51.0965000">
    <ele>760.0</ele>
   </trkpt>
   <trkpt lat="-26.2151290" lon="-51.0968260">
    <ele>760.4</ele>
   </trkpt>
   <trkpt lat="-26.2153500" lon="-51.0969970">
    <ele>760.8</ele>
   </trkpt>
   <trkpt lat="-26.2155220" lon="-51.0971000">
    <ele>761.2</ele>
   </trkpt>
   <trkpt lat="-26.2158420" lon="-51.0973180">
    <ele>761.6</ele>
   </trkpt>
   <trkpt lat="-26.2161160" lon="-51.0974990">
    <ele>761.6</ele>
   </trkpt>
   <trkpt lat="-26.2161580" lon="-51.0975290">
    <ele>761.6</ele>
   </trkpt>
   <trkpt lat="-26.2162100" lon="-51.0975540">
    <ele>761.6</ele>
   </trkpt>
   <trkpt lat="-26.2162550" lon="-51.0975710">
    <ele>761.6</ele>
   </trkpt>
   <trkpt lat="-26.2163050" lon="-51.0975880">
    <ele>761.6</ele>
   </trkpt>
   <trkpt lat="-26.2163460" lon="-51.0975940">
    <ele>761.6</ele>
   </trkpt>
   <trkpt lat="-26.2164080" lon="-51.0975910">
    <ele>761.6</ele>
   </trkpt>
   <trkpt lat="-26.2164600" lon="-51.0975700">
    <ele>761.6</ele>
   </trkpt>
   <trkpt lat="-26.2165070" lon="-51.0975430">
    <ele>761.6</ele>
   </trkpt>
   <trkpt lat="-26.2165530" lon="-51.0975110">
    <ele>761.6</ele>
   </trkpt>
   <trkpt lat="-26.2165950" lon="-51.0974790">
    <ele>761.6</ele>
   </trkpt>
   <trkpt lat="-26.2166290" lon="-51.0974520">
    <ele>761.6</ele>
   </trkpt>
   <trkpt lat="-26.2166720" lon="-51.0974200">
    <ele>761.6</ele>
   </trkpt>
   <trkpt lat="-26.2168100" lon="-51.0973260">
    <ele>761.6</ele>
   </trkpt>
   <trkpt lat="-26.2168970" lon="-51.0972610">
    <ele>760.0</ele>
   </trkpt>
   <trkpt lat="-26.2169390" lon="-51.0972320">
    <ele>760.0</ele>
   </trkpt>
   <trkpt lat="-26.2171520" lon="-51.0970730">
    <ele>759.8</ele>
   </trkpt>
   <trkpt lat="-26.2175600" lon="-51.0967770">
    <ele>760.2</ele>
   </trkpt>
   <trkpt lat="-26.2180270" lon="-51.0964120">
    <ele>760.6</ele>
   </trkpt>
   <trkpt lat="-26.2182480" lon="-51.0962520">
    <ele>760.4</ele>
   </trkpt>
   <trkpt lat="-26.2182920" lon="-51.0962170">
    <ele>760.2</ele>
   </trkpt>
   <trkpt lat="-26.2183360" lon="-51.0961850">
    <ele>760.0</ele>
   </trkpt>
   <trkpt lat="-26.2183820" lon="-51.0961540">
    <ele>760.0</ele>
   </trkpt>
   <trkpt lat="-26.2184710" lon="-51.0960880">
    <ele>759.8</ele>
   </trkpt>
   <trkpt lat="-26.2185150" lon="-51.0960560">
    <ele>759.8</ele>
   </trkpt>
   <trkpt lat="-26.2185970" lon="-51.0960000">
    <ele>759.8</ele>
   </trkpt>
   <trkpt lat="-26.2186300" lon="-51.0959740">
    <ele>759.8</ele>
   </trkpt>
   <trkpt lat="-26.2186560" lon="-51.0959490">
    <ele>759.8</ele>
   </trkpt>
   <trkpt lat="-26.2186740" lon="-51.0959270">
    <ele>760.2</ele>
   </trkpt>
   <trkpt lat="-26.2186810" lon="-51.0959080">
    <ele>760.2</ele>
   </trkpt>
   <trkpt lat="-26.2186710" lon="-51.0958890">
    <ele>760.4</ele>
   </trkpt>
   <trkpt lat="-26.2186430" lon="-51.0958790">
    <ele>760.4</ele>
   </trkpt>
   <trkpt lat="-26.2185510" lon="-51.0959060">
    <ele>760.2</ele>
   </trkpt>
   <trkpt lat="-26.2184160" lon="-51.0959540">
    <ele>759.2</ele>
   </trkpt>
   <trkpt lat="-26.2183450" lon="-51.0959810">
    <ele>757.4</ele>
   </trkpt>
   <trkpt lat="-26.2182720" lon="-51.0960140">
    <ele>755.4</ele>
   </trkpt>
   <trkpt lat="-26.2181310" lon="-51.0960990">
    <ele>754.2</ele>
   </trkpt>
   <trkpt lat="-26.2179950" lon="-51.0961860">
    <ele>753.6</ele>
   </trkpt>
   <trkpt lat="-26.2179270" lon="-51.0962090">
    <ele>753.2</ele>
   </trkpt>
   <trkpt lat="-26.2178640" lon="-51.0962100">
    <ele>753.0</ele>
   </trkpt>
   <trkpt lat="-26.2177670" lon="-51.0962050">
    <ele>752.8</ele>
   </trkpt>
   <trkpt lat="-26.2177000" lon="-51.0962050">
    <ele>752.2</ele>
   </trkpt>
   <trkpt lat="-26.2175230" lon="-51.0962150">
    <ele>752.2</ele>
   </trkpt>
   <trkpt lat="-26.2174510" lon="-51.0962100">
    <ele>752.2</ele>
   </trkpt>
   <trkpt lat="-26.2174010" lon="-51.0961930">
    <ele>752.4</ele>
   </trkpt>
   <trkpt lat="-26.2173430" lon="-51.0961460">
    <ele>752.6</ele>
   </trkpt>
   <trkpt lat="-26.2173140" lon="-51.0961090">
    <ele>752.8</ele>
   </trkpt>
   <trkpt lat="-26.2172830" lon="-51.0960650">
    <ele>753.0</ele>
   </trkpt>
   <trkpt lat="-26.2172500" lon="-51.0960260">
    <ele>753.0</ele>
   </trkpt>
   <trkpt lat="-26.2172270" lon="-51.0959970">
    <ele>753.2</ele>
   </trkpt>
   <trkpt lat="-26.2172050" lon="-51.0959740">
    <ele>753.2</ele>
   </trkpt>
   <trkpt lat="-26.2171750" lon="-51.0959420">
    <ele>753.4</ele>
   </trkpt>
   <trkpt lat="-26.2170630" lon="-51.0958260">
    <ele>754.6</ele>
   </trkpt>
   <trkpt lat="-26.2169750" lon="-51.0957110">
    <ele>755.0</ele>
   </trkpt>
   <trkpt lat="-26.2169460" lon="-51.0956670">
    <ele>755.0</ele>
   </trkpt>
   <trkpt lat="-26.2168950" lon="-51.0955720">
    <ele>755.0</ele>
   </trkpt>
   <trkpt lat="-26.2168460" lon="-51.0954730">
    <ele>755.2</ele>
   </trkpt>
   <trkpt lat="-26.2166990" lon="-51.0951720">
    <ele>755.4</ele>
   </trkpt>
   <trkpt lat="-26.2166460" lon="-51.0950840">
    <ele>755.0</ele>
   </trkpt>
   <trkpt lat="-26.2166210" lon="-51.0950430">
    <ele>754.8</ele>
   </trkpt>
   <trkpt lat="-26.2165960" lon="-51.0950040">
    <ele>754.6</ele>
   </trkpt>
   <trkpt lat="-26.2165760" lon="-51.0949680">
    <ele>754.6</ele>
   </trkpt>
   <trkpt lat="-26.2165600" lon="-51.0949330">
    <ele>754.6</ele>
   </trkpt>
   <trkpt lat="-26.2165430" lon="-51.0948940">
    <ele>754.4</ele>
   </trkpt>
   <trkpt lat="-26.2165110" lon="-51.0948050">
    <ele>754.0</ele>
   </trkpt>
   <trkpt lat="-26.2164930" lon="-51.0947020">
    <ele>754.2</ele>
   </trkpt>
   <trkpt lat="-26.2164730" lon="-51.0946550">
    <ele>754.4</ele>
   </trkpt>
   <trkpt lat="-26.2164180" lon="-51.0945650">
    <ele>755.4</ele>
   </trkpt>
   <trkpt lat="-26.2163940" lon="-51.0945130">
    <ele>755.4</ele>
   </trkpt>
   <trkpt lat="-26.2163530" lon="-51.0944070">
    <ele>755.2</ele>
   </trkpt>
   <trkpt lat="-26.2162940" lon="-51.0940460">
    <ele>755.2</ele>
   </trkpt>
   <trkpt lat="-26.2162880" lon="-51.0939330">
    <ele>755.4</ele>
   </trkpt>
   <trkpt lat="-26.2162830" lon="-51.0938820">
    <ele>755.4</ele>
   </trkpt>
   <trkpt lat="-26.2162580" lon="-51.0937760">
    <ele>755.4</ele>
   </trkpt>
   <trkpt lat="-26.2162520" lon="-51.0937210">
    <ele>755.6</ele>
   </trkpt>
   <trkpt lat="-26.2162520" lon="-51.0936700">
    <ele>755.4</ele>
   </trkpt>
   <trkpt lat="-26.2162450" lon="-51.0936230">
    <ele>755.6</ele>
   </trkpt>
   <trkpt lat="-26.2162330" lon="-51.0935790">
    <ele>755.6</ele>
   </trkpt>
   <trkpt lat="-26.2162200" lon="-51.0935350">
    <ele>755.4</ele>
   </trkpt>
   <trkpt lat="-26.2162110" lon="-51.0934870">
    <ele>755.4</ele>
   </trkpt>
   <trkpt lat="-26.2162080" lon="-51.0934370">
    <ele>755.2</ele>
   </trkpt>
   <trkpt lat="-26.2162080" lon="-51.0933870">
    <ele>755.2</ele>
   </trkpt>
   <trkpt lat="-26.2162090" lon="-51.0933360">
    <ele>755.2</ele>
   </trkpt>
   <trkpt lat="-26.2162110" lon="-51.0932850">
    <ele>755.2</ele>
   </trkpt>
   <trkpt lat="-26.2161960" lon="-51.0930120">
    <ele>755.0</ele>
   </trkpt>
   <trkpt lat="-26.2161720" lon="-51.0925820">
    <ele>755.2</ele>
   </trkpt>
   <trkpt lat="-26.2161730" lon="-51.0925300">
    <ele>755.2</ele>
   </trkpt>
   <trkpt lat="-26.2162050" lon="-51.0923180">
    <ele>754.4</ele>
   </trkpt>
   <trkpt lat="-26.2162230" lon="-51.0922130">
    <ele>753.6</ele>
   </trkpt>
   <trkpt lat="-26.2162310" lon="-51.0921640">
    <ele>753.6</ele>
   </trkpt>
   <trkpt lat="-26.2162350" lon="-51.0921160">
    <ele>753.6</ele>
   </trkpt>
   <trkpt lat="-26.2162420" lon="-51.0920660">
    <ele>753.4</ele>
   </trkpt>
   <trkpt lat="-26.2162470" lon="-51.0920130">
    <ele>753.6</ele>
   </trkpt>
   <trkpt lat="-26.2162510" lon="-51.0917870">
    <ele>754.6</ele>
   </trkpt>
   <trkpt lat="-26.2162640" lon="-51.0916660">
    <ele>755.6</ele>
   </trkpt>
   <trkpt lat="-26.2162990" lon="-51.0914900">
    <ele>755.6</ele>
   </trkpt>
   <trkpt lat="-26.2163380" lon="-51.0912650">
    <ele>755.6</ele>
   </trkpt>
   <trkpt lat="-26.2163480" lon="-51.0911490">
    <ele>755.8</ele>
   </trkpt>
   <trkpt lat="-26.2163590" lon="-51.0910910">
    <ele>755.8</ele>
   </trkpt>
   <trkpt lat="-26.2164060" lon="-51.0908640">
    <ele>756.0</ele>
   </trkpt>
   <trkpt lat="-26.2164970" lon="-51.0905240">
    <ele>756.0</ele>
   </trkpt>
   <trkpt lat="-26.2165360" lon="-51.0904110">
    <ele>755.8</ele>
   </trkpt>
   <trkpt lat="-26.2166080" lon="-51.0902510">
    <ele>755.8</ele>
   </trkpt>
   <trkpt lat="-26.2166290" lon="-51.0901940">
    <ele>755.8</ele>
   </trkpt>
   <trkpt lat="-26.2167750" lon="-51.0897890">
    <ele>755.8</ele>
   </trkpt>
   <trkpt lat="-26.2169130" lon="-51.0894570">
    <ele>755.8</ele>
   </trkpt>
   <trkpt lat="-26.2169330" lon="-51.0893990">
    <ele>755.8</ele>
   </trkpt>
   <trkpt lat="-26.2171040" lon="-51.0889450">
    <ele>756.0</ele>
   </trkpt>
   <trkpt lat="-26.2171830" lon="-51.0887200">
    <ele>756.0</ele>
   </trkpt>
   <trkpt lat="-26.2172040" lon="-51.0886690">
    <ele>756.0</ele>
   </trkpt>
   <trkpt lat="-26.2172260" lon="-51.0886210">
    <ele>756.0</ele>
   </trkpt>
   <trkpt lat="-26.2172460" lon="-51.0885730">
    <ele>756.0</ele>
   </trkpt>
   <trkpt lat="-26.2172600" lon="-51.0885270">
    <ele>756.2</ele>
   </trkpt>
   <trkpt lat="-26.2172740" lon="-51.0884820">
    <ele>756.4</ele>
   </trkpt>
   <trkpt lat="-26.2172870" lon="-51.0884360">
    <ele>756.4</ele>
   </trkpt>
   <trkpt lat="-26.2172990" lon="-51.0883900">
    <ele>756.6</ele>
   </trkpt>
   <trkpt lat="-26.2173140" lon="-51.0883440">
    <ele>756.6</ele>
   </trkpt>
   <trkpt lat="-26.2173380" lon="-51.0882950">
    <ele>756.6</ele>
   </trkpt>
   <trkpt lat="-26.2173680" lon="-51.0882420">
    <ele>756.4</ele>
   </trkpt>
   <trkpt lat="-26.2174020" lon="-51.0881910">
    <ele>756.4</ele>
   </trkpt>
   <trkpt lat="-26.2174310" lon="-51.0881430">
    <ele>755.8</ele>
   </trkpt>
   <trkpt lat="-26.2174590" lon="-51.0880960">
    <ele>755.6</ele>
   </trkpt>
   <trkpt lat="-26.2174810" lon="-51.0880510">
    <ele>755.6</ele>
   </trkpt>
   <trkpt lat="-26.2175010" lon="-51.0880070">
    <ele>755.0</ele>
   </trkpt>
   <trkpt lat="-26.2175210" lon="-51.0879640">
    <ele>754.6</ele>
   </trkpt>
   <trkpt lat="-26.2175420" lon="-51.0879230">
    <ele>754.4</ele>
   </trkpt>
   <trkpt lat="-26.2175670" lon="-51.0878760">
    <ele>753.8</ele>
   </trkpt>
   <trkpt lat="-26.2177030" lon="-51.0875650">
    <ele>755.4</ele>
   </trkpt>
   <trkpt lat="-26.2177830" lon="-51.0873430">
    <ele>755.6</ele>
   </trkpt>
   <trkpt lat="-26.2178900" lon="-51.0870560">
    <ele>755.8</ele>
   </trkpt>
   <trkpt lat="-26.2179270" lon="-51.0870070">
    <ele>755.8</ele>
   </trkpt>
   <trkpt lat="-26.2179580" lon="-51.0869480">
    <ele>755.6</ele>
   </trkpt>
   <trkpt lat="-26.2180300" lon="-51.0867550">
    <ele>755.6</ele>
   </trkpt>
   <trkpt lat="-26.2181400" lon="-51.0863370">
    <ele>755.4</ele>
   </trkpt>
   <trkpt lat="-26.2182320" lon="-51.0861380">
    <ele>755.4</ele>
   </trkpt>
   <trkpt lat="-26.2182550" lon="-51.0860770">
    <ele>755.4</ele>
   </trkpt>
   <trkpt lat="-26.2182760" lon="-51.0860170">
    <ele>755.4</ele>
   </trkpt>
   <trkpt lat="-26.2183020" lon="-51.0859690">
    <ele>755.4</ele>
   </trkpt>
   <trkpt lat="-26.2183190" lon="-51.0859050">
    <ele>755.4</ele>
   </trkpt>
   <trkpt lat="-26.2183350" lon="-51.0858430">
    <ele>755.2</ele>
   </trkpt>
   <trkpt lat="-26.2183640" lon="-51.0857820">
    <ele>755.2</ele>
   </trkpt>
   <trkpt lat="-26.2183910" lon="-51.0857340">
    <ele>755.0</ele>
   </trkpt>
   <trkpt lat="-26.2184170" lon="-51.0856860">
    <ele>755.0</ele>
   </trkpt>
   <trkpt lat="-26.2186100" lon="-51.0852830">
    <ele>754.8</ele>
   </trkpt>
   <trkpt lat="-26.2187110" lon="-51.0850640">
    <ele>754.8</ele>
   </trkpt>
   <trkpt lat="-26.2187570" lon="-51.0850290">
    <ele>754.8</ele>
   </trkpt>
   <trkpt lat="-26.2188040" lon="-51.0850070">
    <ele>754.8</ele>
   </trkpt>
   <trkpt lat="-26.2188520" lon="-51.0850130">
    <ele>754.8</ele>
   </trkpt>
   <trkpt lat="-26.2188990" lon="-51.0850310">
    <ele>754.8</ele>
   </trkpt>
   <trkpt lat="-26.2190060" lon="-51.0850710">
    <ele>754.6</ele>
   </trkpt>
   <trkpt lat="-26.2190610" lon="-51.0850890">
    <ele>754.6</ele>
   </trkpt>
   <trkpt lat="-26.2191150" lon="-51.0851110">
    <ele>754.6</ele>
   </trkpt>
   <trkpt lat="-26.2191650" lon="-51.0851290">
    <ele>754.6</ele>
   </trkpt>
   <trkpt lat="-26.2192130" lon="-51.0851420">
    <ele>754.8</ele>
   </trkpt>
   <trkpt lat="-26.2192580" lon="-51.0851500">
    <ele>755.0</ele>
   </trkpt>
   <trkpt lat="-26.2192990" lon="-51.0851580">
    <ele>755.2</ele>
   </trkpt>
   <trkpt lat="-26.2193430" lon="-51.0851660">
    <ele>755.4</ele>
   </trkpt>
   <trkpt lat="-26.2193880" lon="-51.0851750">
    <ele>755.4</ele>
   </trkpt>
   <trkpt lat="-26.2194340" lon="-51.0851840">
    <ele>755.4</ele>
   </trkpt>
   <trkpt lat="-26.2194820" lon="-51.0851840">
    <ele>755.4</ele>
   </trkpt>
   <trkpt lat="-26.2195300" lon="-51.0851780">
    <ele>755.4</ele>
   </trkpt>
   <trkpt lat="-26.2196230" lon="-51.0851520">
    <ele>755.4</ele>
   </trkpt>
   <trkpt lat="-26.2196680" lon="-51.0851430">
    <ele>755.4</ele>
   </trkpt>
   <trkpt lat="-26.2197140" lon="-51.0851350">
    <ele>755.4</ele>
   </trkpt>
   <trkpt lat="-26.2198030" lon="-51.0851170">
    <ele>755.2</ele>
   </trkpt>
   <trkpt lat="-26.2198480" lon="-51.0851110">
    <ele>754.8</ele>
   </trkpt>
   <trkpt lat="-26.2198910" lon="-51.0851110">
    <ele>754.6</ele>
   </trkpt>
   <trkpt lat="-26.2199310" lon="-51.0851260">
    <ele>754.2</ele>
   </trkpt>
   <trkpt lat="-26.2199670" lon="-51.0851410">
    <ele>754.2</ele>
   </trkpt>
   <trkpt lat="-26.2200060" lon="-51.0851560">
    <ele>754.2</ele>
   </trkpt>
   <trkpt lat="-26.2201640" lon="-51.0852470">
    <ele>754.0</ele>
   </trkpt>
   <trkpt lat="-26.2201960" lon="-51.0852770">
    <ele>753.8</ele>
   </trkpt>
   <trkpt lat="-26.2202300" lon="-51.0853060">
    <ele>753.8</ele>
   </trkpt>
   <trkpt lat="-26.2202660" lon="-51.0853380">
    <ele>753.8</ele>
   </trkpt>
   <trkpt lat="-26.2203410" lon="-51.0854020">
    <ele>754.0</ele>
   </trkpt>
   <trkpt lat="-26.2203750" lon="-51.0854390">
    <ele>754.0</ele>
   </trkpt>
   <trkpt lat="-26.2204030" lon="-51.0854800">
    <ele>754.2</ele>
   </trkpt>
   <trkpt lat="-26.2204240" lon="-51.0855220">
    <ele>754.2</ele>
   </trkpt>
   <trkpt lat="-26.2204490" lon="-51.0855660">
    <ele>754.4</ele>
   </trkpt>
   <trkpt lat="-26.2204750" lon="-51.0856110">
    <ele>754.8</ele>
   </trkpt>
   <trkpt lat="-26.2205000" lon="-51.0856570">
    <ele>756.0</ele>
   </trkpt>
   <trkpt lat="-26.2205530" lon="-51.0857500">
    <ele>756.2</ele>
   </trkpt>
   <trkpt lat="-26.2206890" lon="-51.0859790">
    <ele>756.4</ele>
   </trkpt>
   <trkpt lat="-26.2207530" lon="-51.0860720">
    <ele>756.4</ele>
   </trkpt>
   <trkpt lat="-26.2210030" lon="-51.0864600">
    <ele>756.6</ele>
   </trkpt>
   <trkpt lat="-26.2211210" lon="-51.0866430">
    <ele>756.6</ele>
   </trkpt>
   <trkpt lat="-26.2211570" lon="-51.0866770">
    <ele>756.6</ele>
   </trkpt>
   <trkpt lat="-26.2211960" lon="-51.0866940">
    <ele>756.6</ele>
   </trkpt>
   <trkpt lat="-26.2212340" lon="-51.0866940">
    <ele>756.0</ele>
   </trkpt>
   <trkpt lat="-26.2212670" lon="-51.0866770">
    <ele>755.4</ele>
   </trkpt>
   <trkpt lat="-26.2212970" lon="-51.0866540">
    <ele>755.0</ele>
   </trkpt>
   <trkpt lat="-26.2213260" lon="-51.0866260">
    <ele>755.0</ele>
   </trkpt>
   <trkpt lat="-26.2213550" lon="-51.0865940">
    <ele>755.0</ele>
   </trkpt>
   <trkpt lat="-26.2213850" lon="-51.0865620">
    <ele>755.0</ele>
   </trkpt>
   <trkpt lat="-26.2214560" lon="-51.0865100">
    <ele>755.0</ele>
   </trkpt>
   <trkpt lat="-26.2214960" lon="-51.0864870">
    <ele>755.2</ele>
   </trkpt>
   <trkpt lat="-26.2216220" lon="-51.0864120">
    <ele>755.6</ele>
   </trkpt>
   <trkpt lat="-26.2216620" lon="-51.0863960">
    <ele>755.6</ele>
   </trkpt>
   <trkpt lat="-26.2217020" lon="-51.0863810">
    <ele>755.8</ele>
   </trkpt>
   <trkpt lat="-26.2217420" lon="-51.0863640">
    <ele>756.0</ele>
   </trkpt>
   <trkpt lat="-26.2218960" lon="-51.0862770">
    <ele>756.4</ele>
   </trkpt>
   <trkpt lat="-26.2219390" lon="-51.0862640">
    <ele>756.4</ele>
   </trkpt>
   <trkpt lat="-26.2219810" lon="-51.0862680">
    <ele>756.6</ele>
   </trkpt>
   <trkpt lat="-26.2220140" lon="-51.0862890">
    <ele>756.8</ele>
   </trkpt>
   <trkpt lat="-26.2220390" lon="-51.0863180">
    <ele>756.8</ele>
   </trkpt>
   <trkpt lat="-26.2220580" lon="-51.0863520">
    <ele>757.2</ele>
   </trkpt>
   <trkpt lat="-26.2220720" lon="-51.0863860">
    <ele>757.4</ele>
   </trkpt>
   <trkpt lat="-26.2220790" lon="-51.0864220">
    <ele>757.4</ele>
   </trkpt>
   <trkpt lat="-26.2220820" lon="-51.0864550">
    <ele>757.6</ele>
   </trkpt>
   <trkpt lat="-26.2220930" lon="-51.0864820">
    <ele>757.8</ele>
   </trkpt>
   <trkpt lat="-26.2221040" lon="-51.0865030">
    <ele>758.0</ele>
   </trkpt>
   <trkpt lat="-26.2221140" lon="-51.0865220">
    <ele>758.2</ele>
   </trkpt>
   <trkpt lat="-26.2221230" lon="-51.0865340">
    <ele>758.2</ele>
   </trkpt>
   <trkpt lat="-26.2221260" lon="-51.0865390">
    <ele>758.4</ele>
   </trkpt>
   <trkpt lat="-26.2221260" lon="-51.0865390">
    <ele>758.6</ele>
   </trkpt>
  </trkseg>
 </trk>
</gpx>
