<?xml version="1.0" encoding="UTF-8"?>
<gpx xmlns:xsi="http://www.w3.org/2001/XMLSchema-instance" xsi:schemaLocation="http://www.topografix.com/GPX/1/1 http://www.topografix.com/GPX/1/1/gpx.xsd" creator="StravaGPX" version="1.1" xmlns="http://www.topografix.com/GPX/1/1">
 <trk>
  <name>Trene 🥵🫡✅</name>
  <type>cycling</type>
  <trkseg>
   <trkpt lat="-26.2555860" lon="-51.0708530">
    <ele>750.2</ele>
   </trkpt>
   <trkpt lat="-26.2556180" lon="-51.0709140">
    <ele>750.1</ele>
   </trkpt>
   <trkpt lat="-26.2556630" lon="-51.0709930">
    <ele>750.3</ele>
   </trkpt>
   <trkpt lat="-26.2556930" lon="-51.0710350">
    <ele>750.4</ele>
   </trkpt>
   <trkpt lat="-26.2557310" lon="-51.0710960">
    <ele>750.6</ele>
   </trkpt>
   <trkpt lat="-26.2557640" lon="-51.0711710">
    <ele>750.7</ele>
   </trkpt>
   <trkpt lat="-26.2557970" lon="-51.0712370">
    <ele>750.8</ele>
   </trkpt>
   <trkpt lat="-26.2558320" lon="-51.0712910">
    <ele>750.9</ele>
   </trkpt>
   <trkpt lat="-26.2558650" lon="-51.0713520">
    <ele>750.9</ele>
   </trkpt>
   <trkpt lat="-26.2559000" lon="-51.0714150">
    <ele>751.0</ele>
   </trkpt>
   <trkpt lat="-26.2559290" lon="-51.0714720">
    <ele>751.1</ele>
   </trkpt>
   <trkpt lat="-26.2559690" lon="-51.0715320">
    <ele>751.2</ele>
   </trkpt>
   <trkpt lat="-26.2559980" lon="-51.0715920">
    <ele>751.3</ele>
   </trkpt>
   <trkpt lat="-26.2560320" lon="-51.0716520">
    <ele>751.4</ele>
   </trkpt>
   <trkpt lat="-26.2560650" lon="-51.0717110">
    <ele>751.5</ele>
   </trkpt>
   <trkpt lat="-26.2561000" lon="-51.0717700">
    <ele>751.5</ele>
   </trkpt>
   <trkpt lat="-26.2561380" lon="-51.0718310">
    <ele>751.6</ele>
   </trkpt>
   <trkpt lat="-26.2561720" lon="-51.0718890">
    <ele>751.7</ele>
   </trkpt>
   <trkpt lat="-26.2562120" lon="-51.0719590">
    <ele>751.7</ele>
   </trkpt>
   <trkpt lat="-26.2562540" lon="-51.0720240">
    <ele>751.7</ele>
   </trkpt>
   <trkpt lat="-26.2562790" lon="-51.0720580">
    <ele>751.7</ele>
   </trkpt>
   <trkpt lat="-26.2563030" lon="-51.0721260">
    <ele>751.7</ele>
   </trkpt>
   <trkpt lat="-26.2563390" lon="-51.0721830">
    <ele>751.7</ele>
   </trkpt>
   <trkpt lat="-26.2563720" lon="-51.0722400">
    <ele>751.7</ele>
   </trkpt>
   <trkpt lat="-26.2564000" lon="-51.0722980">
    <ele>751.7</ele>
   </trkpt>
   <trkpt lat="-26.2564310" lon="-51.0723600">
    <ele>751.8</ele>
   </trkpt>
   <trkpt lat="-26.2564630" lon="-51.0724190">
    <ele>751.9</ele>
   </trkpt>
   <trkpt lat="-26.2564870" lon="-51.0724690">
    <ele>752.0</ele>
   </trkpt>
   <trkpt lat="-26.2565150" lon="-51.0725360">
    <ele>752.3</ele>
   </trkpt>
   <trkpt lat="-26.2565440" lon="-51.0725910">
    <ele>752.5</ele>
   </trkpt>
   <trkpt lat="-26.2565690" lon="-51.0726370">
    <ele>752.6</ele>
   </trkpt>
   <trkpt lat="-26.2565970" lon="-51.0726880">
    <ele>752.8</ele>
   </trkpt>
   <trkpt lat="-26.2566250" lon="-51.0727390">
    <ele>753.0</ele>
   </trkpt>
   <trkpt lat="-26.2566540" lon="-51.0727840">
    <ele>753.3</ele>
   </trkpt>
   <trkpt lat="-26.2566820" lon="-51.0728330">
    <ele>753.6</ele>
   </trkpt>
   <trkpt lat="-26.2567100" lon="-51.0728800">
    <ele>753.9</ele>
   </trkpt>
   <trkpt lat="-26.2567370" lon="-51.0729280">
    <ele>754.2</ele>
   </trkpt>
   <trkpt lat="-26.2567660" lon="-51.0729820">
    <ele>754.5</ele>
   </trkpt>
   <trkpt lat="-26.2567880" lon="-51.0730210">
    <ele>754.8</ele>
   </trkpt>
   <trkpt lat="-26.2568210" lon="-51.0730680">
    <ele>755.1</ele>
   </trkpt>
   <trkpt lat="-26.2568490" lon="-51.0731110">
    <ele>755.4</ele>
   </trkpt>
   <trkpt lat="-26.2568800" lon="-51.0731570">
    <ele>755.8</ele>
   </trkpt>
   <trkpt lat="-26.2569070" lon="-51.0732020">
    <ele>756.3</ele>
   </trkpt>
   <trkpt lat="-26.2569340" lon="-51.0732410">
    <ele>756.7</ele>
   </trkpt>
   <trkpt lat="-26.2569620" lon="-51.0732780">
    <ele>757.2</ele>
   </trkpt>
   <trkpt lat="-26.2569920" lon="-51.0733160">
    <ele>757.7</ele>
   </trkpt>
   <trkpt lat="-26.2570200" lon="-51.0733460">
    <ele>758.2</ele>
   </trkpt>
   <trkpt lat="-26.2570500" lon="-51.0733800">
    <ele>758.6</ele>
   </trkpt>
   <trkpt lat="-26.2570740" lon="-51.0734090">
    <ele>758.9</ele>
   </trkpt>
   <trkpt lat="-26.2570940" lon="-51.0734440">
    <ele>759.2</ele>
   </trkpt>
   <trkpt lat="-26.2571100" lon="-51.0734750">
    <ele>759.5</ele>
   </trkpt>
   <trkpt lat="-26.2571450" lon="-51.0735000">
    <ele>759.8</ele>
   </trkpt>
   <trkpt lat="-26.2571950" lon="-51.0735200">
    <ele>760.2</ele>
   </trkpt>
   <trkpt lat="-26.2572160" lon="-51.0734910">
    <ele>760.2</ele>
   </trkpt>
   <trkpt lat="-26.2572510" lon="-51.0734850">
    <ele>760.5</ele>
   </trkpt>
   <trkpt lat="-26.2572800" lon="-51.0735050">
    <ele>760.5</ele>
   </trkpt>
   <trkpt lat="-26.2573090" lon="-51.0735540">
    <ele>760.8</ele>
   </trkpt>
   <trkpt lat="-26.2573230" lon="-51.0735880">
    <ele>760.9</ele>
   </trkpt>
   <trkpt lat="-26.2573120" lon="-51.0736270">
    <ele>760.8</ele>
   </trkpt>
   <trkpt lat="-26.2572780" lon="-51.0736510">
    <ele>760.8</ele>
   </trkpt>
   <trkpt lat="-26.2572300" lon="-51.0736840">
    <ele>760.9</ele>
   </trkpt>
   <trkpt lat="-26.2571970" lon="-51.0737110">
    <ele>760.9</ele>
   </trkpt>
   <trkpt lat="-26.2571590" lon="-51.0737500">
    <ele>760.9</ele>
   </trkpt>
   <trkpt lat="-26.2571180" lon="-51.0737840">
    <ele>760.9</ele>
   </trkpt>
   <trkpt lat="-26.2570710" lon="-51.0738210">
    <ele>760.9</ele>
   </trkpt>
   <trkpt lat="-26.2570340" lon="-51.0738590">
    <ele>761.0</ele>
   </trkpt>
   <trkpt lat="-26.2569890" lon="-51.0738990">
    <ele>761.0</ele>
   </trkpt>
   <trkpt lat="-26.2569460" lon="-51.0739390">
    <ele>761.0</ele>
   </trkpt>
   <trkpt lat="-26.2569000" lon="-51.0739760">
    <ele>761.0</ele>
   </trkpt>
   <trkpt lat="-26.2568570" lon="-51.0740170">
    <ele>761.1</ele>
   </trkpt>
   <trkpt lat="-26.2568120" lon="-51.0740540">
    <ele>761.1</ele>
   </trkpt>
   <trkpt lat="-26.2567650" lon="-51.0740910">
    <ele>761.1</ele>
   </trkpt>
   <trkpt lat="-26.2567220" lon="-51.0741310">
    <ele>761.2</ele>
   </trkpt>
   <trkpt lat="-26.2566760" lon="-51.0741720">
    <ele>761.2</ele>
   </trkpt>
   <trkpt lat="-26.2566280" lon="-51.0742160">
    <ele>761.2</ele>
   </trkpt>
   <trkpt lat="-26.2565720" lon="-51.0742580">
    <ele>761.3</ele>
   </trkpt>
   <trkpt lat="-26.2565290" lon="-51.0742950">
    <ele>761.3</ele>
   </trkpt>
   <trkpt lat="-26.2564980" lon="-51.0743310">
    <ele>761.3</ele>
   </trkpt>
   <trkpt lat="-26.2564650" lon="-51.0743650">
    <ele>761.3</ele>
   </trkpt>
   <trkpt lat="-26.2564200" lon="-51.0744000">
    <ele>761.4</ele>
   </trkpt>
   <trkpt lat="-26.2563780" lon="-51.0744280">
    <ele>761.4</ele>
   </trkpt>
   <trkpt lat="-26.2563340" lon="-51.0744640">
    <ele>761.5</ele>
   </trkpt>
   <trkpt lat="-26.2562930" lon="-51.0744960">
    <ele>761.5</ele>
   </trkpt>
   <trkpt lat="-26.2562600" lon="-51.0745310">
    <ele>761.6</ele>
   </trkpt>
   <trkpt lat="-26.2562330" lon="-51.0745720">
    <ele>761.7</ele>
   </trkpt>
   <trkpt lat="-26.2562150" lon="-51.0746120">
    <ele>761.8</ele>
   </trkpt>
   <trkpt lat="-26.2561860" lon="-51.0746600">
    <ele>762.0</ele>
   </trkpt>
   <trkpt lat="-26.2561730" lon="-51.0747050">
    <ele>762.1</ele>
   </trkpt>
   <trkpt lat="-26.2561660" lon="-51.0747580">
    <ele>762.2</ele>
   </trkpt>
   <trkpt lat="-26.2561640" lon="-51.0747980">
    <ele>762.3</ele>
   </trkpt>
   <trkpt lat="-26.2561520" lon="-51.0748510">
    <ele>762.5</ele>
   </trkpt>
   <trkpt lat="-26.2561290" lon="-51.0749070">
    <ele>762.6</ele>
   </trkpt>
   <trkpt lat="-26.2560880" lon="-51.0749550">
    <ele>762.6</ele>
   </trkpt>
   <trkpt lat="-26.2560350" lon="-51.0750000">
    <ele>762.4</ele>
   </trkpt>
   <trkpt lat="-26.2559540" lon="-51.0750110">
    <ele>762.3</ele>
   </trkpt>
   <trkpt lat="-26.2558840" lon="-51.0750660">
    <ele>762.2</ele>
   </trkpt>
   <trkpt lat="-26.2558380" lon="-51.0751320">
    <ele>762.2</ele>
   </trkpt>
   <trkpt lat="-26.2558030" lon="-51.0752010">
    <ele>762.2</ele>
   </trkpt>
   <trkpt lat="-26.2557730" lon="-51.0752750">
    <ele>762.1</ele>
   </trkpt>
   <trkpt lat="-26.2557430" lon="-51.0753450">
    <ele>762.1</ele>
   </trkpt>
   <trkpt lat="-26.2557120" lon="-51.0754170">
    <ele>762.0</ele>
   </trkpt>
   <trkpt lat="-26.2556770" lon="-51.0754810">
    <ele>762.0</ele>
   </trkpt>
   <trkpt lat="-26.2556420" lon="-51.0755620">
    <ele>762.0</ele>
   </trkpt>
   <trkpt lat="-26.2556100" lon="-51.0756220">
    <ele>762.0</ele>
   </trkpt>
   <trkpt lat="-26.2555850" lon="-51.0756780">
    <ele>762.0</ele>
   </trkpt>
   <trkpt lat="-26.2555630" lon="-51.0757440">
    <ele>762.0</ele>
   </trkpt>
   <trkpt lat="-26.2555330" lon="-51.0758030">
    <ele>762.0</ele>
   </trkpt>
   <trkpt lat="-26.2554920" lon="-51.0758730">
    <ele>762.0</ele>
   </trkpt>
   <trkpt lat="-26.2554650" lon="-51.0759640">
    <ele>762.0</ele>
   </trkpt>
   <trkpt lat="-26.2554320" lon="-51.0760350">
    <ele>762.0</ele>
   </trkpt>
   <trkpt lat="-26.2554080" lon="-51.0760840">
    <ele>761.9</ele>
   </trkpt>
   <trkpt lat="-26.2553780" lon="-51.0761600">
    <ele>761.9</ele>
   </trkpt>
   <trkpt lat="-26.2553390" lon="-51.0762200">
    <ele>761.9</ele>
   </trkpt>
   <trkpt lat="-26.2553050" lon="-51.0762770">
    <ele>761.9</ele>
   </trkpt>
   <trkpt lat="-26.2552780" lon="-51.0763340">
    <ele>761.9</ele>
   </trkpt>
   <trkpt lat="-26.2552460" lon="-51.0763930">
    <ele>761.9</ele>
   </trkpt>
   <trkpt lat="-26.2552160" lon="-51.0764600">
    <ele>761.9</ele>
   </trkpt>
   <trkpt lat="-26.2551830" lon="-51.0765370">
    <ele>761.8</ele>
   </trkpt>
   <trkpt lat="-26.2551490" lon="-51.0765930">
    <ele>761.7</ele>
   </trkpt>
   <trkpt lat="-26.2551230" lon="-51.0766730">
    <ele>761.7</ele>
   </trkpt>
   <trkpt lat="-26.2550870" lon="-51.0767350">
    <ele>761.6</ele>
   </trkpt>
   <trkpt lat="-26.2550510" lon="-51.0767970">
    <ele>761.6</ele>
   </trkpt>
   <trkpt lat="-26.2550210" lon="-51.0768640">
    <ele>761.6</ele>
   </trkpt>
   <trkpt lat="-26.2549900" lon="-51.0769260">
    <ele>761.6</ele>
   </trkpt>
   <trkpt lat="-26.2549580" lon="-51.0769980">
    <ele>761.6</ele>
   </trkpt>
   <trkpt lat="-26.2549290" lon="-51.0770560">
    <ele>761.6</ele>
   </trkpt>
   <trkpt lat="-26.2549050" lon="-51.0771220">
    <ele>761.7</ele>
   </trkpt>
   <trkpt lat="-26.2548670" lon="-51.0771930">
    <ele>761.7</ele>
   </trkpt>
   <trkpt lat="-26.2548400" lon="-51.0772530">
    <ele>761.7</ele>
   </trkpt>
   <trkpt lat="-26.2548090" lon="-51.0773190">
    <ele>761.8</ele>
   </trkpt>
   <trkpt lat="-26.2547780" lon="-51.0773690">
    <ele>761.9</ele>
   </trkpt>
   <trkpt lat="-26.2547500" lon="-51.0774460">
    <ele>762.0</ele>
   </trkpt>
   <trkpt lat="-26.2547230" lon="-51.0775050">
    <ele>762.1</ele>
   </trkpt>
   <trkpt lat="-26.2546970" lon="-51.0775620">
    <ele>762.3</ele>
   </trkpt>
   <trkpt lat="-26.2546760" lon="-51.0776230">
    <ele>762.4</ele>
   </trkpt>
   <trkpt lat="-26.2546350" lon="-51.0776780">
    <ele>762.6</ele>
   </trkpt>
   <trkpt lat="-26.2546040" lon="-51.0777490">
    <ele>762.7</ele>
   </trkpt>
   <trkpt lat="-26.2545760" lon="-51.0778070">
    <ele>762.9</ele>
   </trkpt>
   <trkpt lat="-26.2545540" lon="-51.0778580">
    <ele>763.0</ele>
   </trkpt>
   <trkpt lat="-26.2545300" lon="-51.0779210">
    <ele>763.2</ele>
   </trkpt>
   <trkpt lat="-26.2545020" lon="-51.0779700">
    <ele>763.4</ele>
   </trkpt>
   <trkpt lat="-26.2544800" lon="-51.0780350">
    <ele>763.6</ele>
   </trkpt>
   <trkpt lat="-26.2544570" lon="-51.0780970">
    <ele>763.7</ele>
   </trkpt>
   <trkpt lat="-26.2544220" lon="-51.0781470">
    <ele>763.9</ele>
   </trkpt>
   <trkpt lat="-26.2543870" lon="-51.0782040">
    <ele>764.1</ele>
   </trkpt>
   <trkpt lat="-26.2543660" lon="-51.0782620">
    <ele>764.3</ele>
   </trkpt>
   <trkpt lat="-26.2543380" lon="-51.0783160">
    <ele>764.5</ele>
   </trkpt>
   <trkpt lat="-26.2543160" lon="-51.0783800">
    <ele>764.7</ele>
   </trkpt>
   <trkpt lat="-26.2542860" lon="-51.0784280">
    <ele>764.9</ele>
   </trkpt>
   <trkpt lat="-26.2542540" lon="-51.0784900">
    <ele>765.1</ele>
   </trkpt>
   <trkpt lat="-26.2542300" lon="-51.0785490">
    <ele>765.4</ele>
   </trkpt>
   <trkpt lat="-26.2542070" lon="-51.0786120">
    <ele>765.6</ele>
   </trkpt>
   <trkpt lat="-26.2541780" lon="-51.0786680">
    <ele>765.9</ele>
   </trkpt>
   <trkpt lat="-26.2541410" lon="-51.0787290">
    <ele>766.1</ele>
   </trkpt>
   <trkpt lat="-26.2541170" lon="-51.0787890">
    <ele>766.4</ele>
   </trkpt>
   <trkpt lat="-26.2540960" lon="-51.0788510">
    <ele>766.6</ele>
   </trkpt>
   <trkpt lat="-26.2540680" lon="-51.0789120">
    <ele>766.9</ele>
   </trkpt>
   <trkpt lat="-26.2540350" lon="-51.0789700">
    <ele>767.2</ele>
   </trkpt>
   <trkpt lat="-26.2540080" lon="-51.0790310">
    <ele>767.4</ele>
   </trkpt>
   <trkpt lat="-26.2539750" lon="-51.0790840">
    <ele>767.7</ele>
   </trkpt>
   <trkpt lat="-26.2539540" lon="-51.0791450">
    <ele>767.9</ele>
   </trkpt>
   <trkpt lat="-26.2539200" lon="-51.0792040">
    <ele>768.1</ele>
   </trkpt>
   <trkpt lat="-26.2538920" lon="-51.0792610">
    <ele>768.3</ele>
   </trkpt>
   <trkpt lat="-26.2538660" lon="-51.0793150">
    <ele>768.5</ele>
   </trkpt>
   <trkpt lat="-26.2538360" lon="-51.0793680">
    <ele>768.7</ele>
   </trkpt>
   <trkpt lat="-26.2538000" lon="-51.0794160">
    <ele>768.8</ele>
   </trkpt>
   <trkpt lat="-26.2537730" lon="-51.0794620">
    <ele>768.9</ele>
   </trkpt>
   <trkpt lat="-26.2537360" lon="-51.0795130">
    <ele>769.1</ele>
   </trkpt>
   <trkpt lat="-26.2536960" lon="-51.0795650">
    <ele>769.2</ele>
   </trkpt>
   <trkpt lat="-26.2536640" lon="-51.0796150">
    <ele>769.3</ele>
   </trkpt>
   <trkpt lat="-26.2536310" lon="-51.0796650">
    <ele>769.4</ele>
   </trkpt>
   <trkpt lat="-26.2535920" lon="-51.0797200">
    <ele>769.5</ele>
   </trkpt>
   <trkpt lat="-26.2535490" lon="-51.0797740">
    <ele>769.6</ele>
   </trkpt>
   <trkpt lat="-26.2535140" lon="-51.0798210">
    <ele>769.7</ele>
   </trkpt>
   <trkpt lat="-26.2534780" lon="-51.0798680">
    <ele>769.7</ele>
   </trkpt>
   <trkpt lat="-26.2534390" lon="-51.0799070">
    <ele>769.8</ele>
   </trkpt>
   <trkpt lat="-26.2534020" lon="-51.0799600">
    <ele>769.9</ele>
   </trkpt>
   <trkpt lat="-26.2533560" lon="-51.0800220">
    <ele>770.0</ele>
   </trkpt>
   <trkpt lat="-26.2533200" lon="-51.0800710">
    <ele>770.0</ele>
   </trkpt>
   <trkpt lat="-26.2532720" lon="-51.0801190">
    <ele>770.1</ele>
   </trkpt>
   <trkpt lat="-26.2532360" lon="-51.0801780">
    <ele>770.1</ele>
   </trkpt>
   <trkpt lat="-26.2531800" lon="-51.0802310">
    <ele>770.1</ele>
   </trkpt>
   <trkpt lat="-26.2531390" lon="-51.0802750">
    <ele>770.1</ele>
   </trkpt>
   <trkpt lat="-26.2530930" lon="-51.0803200">
    <ele>770.1</ele>
   </trkpt>
   <trkpt lat="-26.2530470" lon="-51.0803760">
    <ele>770.2</ele>
   </trkpt>
   <trkpt lat="-26.2530030" lon="-51.0804270">
    <ele>770.2</ele>
   </trkpt>
   <trkpt lat="-26.2529460" lon="-51.0804830">
    <ele>770.3</ele>
   </trkpt>
   <trkpt lat="-26.2529030" lon="-51.0805390">
    <ele>770.4</ele>
   </trkpt>
   <trkpt lat="-26.2528580" lon="-51.0805700">
    <ele>770.4</ele>
   </trkpt>
   <trkpt lat="-26.2527980" lon="-51.0806180">
    <ele>770.5</ele>
   </trkpt>
   <trkpt lat="-26.2527580" lon="-51.0806650">
    <ele>770.5</ele>
   </trkpt>
   <trkpt lat="-26.2527060" lon="-51.0807060">
    <ele>770.6</ele>
   </trkpt>
   <trkpt lat="-26.2527070" lon="-51.0807480">
    <ele>770.6</ele>
   </trkpt>
   <trkpt lat="-26.2526590" lon="-51.0807920">
    <ele>770.7</ele>
   </trkpt>
   <trkpt lat="-26.2525640" lon="-51.0808380">
    <ele>770.9</ele>
   </trkpt>
   <trkpt lat="-26.2525150" lon="-51.0808790">
    <ele>771.0</ele>
   </trkpt>
   <trkpt lat="-26.2524620" lon="-51.0809150">
    <ele>771.1</ele>
   </trkpt>
   <trkpt lat="-26.2524150" lon="-51.0809460">
    <ele>771.1</ele>
   </trkpt>
   <trkpt lat="-26.2523740" lon="-51.0810000">
    <ele>771.3</ele>
   </trkpt>
   <trkpt lat="-26.2523240" lon="-51.0810420">
    <ele>771.4</ele>
   </trkpt>
   <trkpt lat="-26.2522740" lon="-51.0810750">
    <ele>771.4</ele>
   </trkpt>
   <trkpt lat="-26.2522270" lon="-51.0811260">
    <ele>771.5</ele>
   </trkpt>
   <trkpt lat="-26.2521890" lon="-51.0811630">
    <ele>771.6</ele>
   </trkpt>
   <trkpt lat="-26.2521500" lon="-51.0812060">
    <ele>771.7</ele>
   </trkpt>
   <trkpt lat="-26.2521020" lon="-51.0812500">
    <ele>771.8</ele>
   </trkpt>
   <trkpt lat="-26.2520620" lon="-51.0812920">
    <ele>771.9</ele>
   </trkpt>
   <trkpt lat="-26.2520090" lon="-51.0813310">
    <ele>771.9</ele>
   </trkpt>
   <trkpt lat="-26.2519540" lon="-51.0813830">
    <ele>772.0</ele>
   </trkpt>
   <trkpt lat="-26.2519200" lon="-51.0814230">
    <ele>772.1</ele>
   </trkpt>
   <trkpt lat="-26.2518760" lon="-51.0814540">
    <ele>772.1</ele>
   </trkpt>
   <trkpt lat="-26.2518350" lon="-51.0815110">
    <ele>772.2</ele>
   </trkpt>
   <trkpt lat="-26.2517990" lon="-51.0815600">
    <ele>772.2</ele>
   </trkpt>
   <trkpt lat="-26.2517590" lon="-51.0815940">
    <ele>772.2</ele>
   </trkpt>
   <trkpt lat="-26.2517140" lon="-51.0816410">
    <ele>772.3</ele>
   </trkpt>
   <trkpt lat="-26.2516660" lon="-51.0816990">
    <ele>772.3</ele>
   </trkpt>
   <trkpt lat="-26.2516400" lon="-51.0817430">
    <ele>772.3</ele>
   </trkpt>
   <trkpt lat="-26.2516090" lon="-51.0817930">
    <ele>772.3</ele>
   </trkpt>
   <trkpt lat="-26.2515740" lon="-51.0818430">
    <ele>772.3</ele>
   </trkpt>
   <trkpt lat="-26.2515300" lon="-51.0818940">
    <ele>772.3</ele>
   </trkpt>
   <trkpt lat="-26.2514910" lon="-51.0819480">
    <ele>772.3</ele>
   </trkpt>
   <trkpt lat="-26.2514500" lon="-51.0819910">
    <ele>772.2</ele>
   </trkpt>
   <trkpt lat="-26.2514170" lon="-51.0820500">
    <ele>772.2</ele>
   </trkpt>
   <trkpt lat="-26.2513840" lon="-51.0820990">
    <ele>772.1</ele>
   </trkpt>
   <trkpt lat="-26.2513470" lon="-51.0821520">
    <ele>772.0</ele>
   </trkpt>
   <trkpt lat="-26.2513090" lon="-51.0822030">
    <ele>771.9</ele>
   </trkpt>
   <trkpt lat="-26.2512750" lon="-51.0822670">
    <ele>771.8</ele>
   </trkpt>
   <trkpt lat="-26.2512440" lon="-51.0823150">
    <ele>771.7</ele>
   </trkpt>
   <trkpt lat="-26.2512120" lon="-51.0823670">
    <ele>771.6</ele>
   </trkpt>
   <trkpt lat="-26.2511760" lon="-51.0824220">
    <ele>771.5</ele>
   </trkpt>
   <trkpt lat="-26.2511380" lon="-51.0824740">
    <ele>771.3</ele>
   </trkpt>
   <trkpt lat="-26.2511020" lon="-51.0825300">
    <ele>771.2</ele>
   </trkpt>
   <trkpt lat="-26.2510720" lon="-51.0825800">
    <ele>771.1</ele>
   </trkpt>
   <trkpt lat="-26.2510380" lon="-51.0826360">
    <ele>770.9</ele>
   </trkpt>
   <trkpt lat="-26.2509990" lon="-51.0826880">
    <ele>770.7</ele>
   </trkpt>
   <trkpt lat="-26.2509660" lon="-51.0827410">
    <ele>770.6</ele>
   </trkpt>
   <trkpt lat="-26.2509270" lon="-51.0827960">
    <ele>770.4</ele>
   </trkpt>
   <trkpt lat="-26.2508940" lon="-51.0828520">
    <ele>770.3</ele>
   </trkpt>
   <trkpt lat="-26.2508670" lon="-51.0829140">
    <ele>770.1</ele>
   </trkpt>
   <trkpt lat="-26.2508470" lon="-51.0829800">
    <ele>769.9</ele>
   </trkpt>
   <trkpt lat="-26.2508160" lon="-51.0830440">
    <ele>769.7</ele>
   </trkpt>
   <trkpt lat="-26.2507680" lon="-51.0830980">
    <ele>769.5</ele>
   </trkpt>
   <trkpt lat="-26.2507310" lon="-51.0831560">
    <ele>769.4</ele>
   </trkpt>
   <trkpt lat="-26.2506890" lon="-51.0832180">
    <ele>769.2</ele>
   </trkpt>
   <trkpt lat="-26.2506530" lon="-51.0832760">
    <ele>769.0</ele>
   </trkpt>
   <trkpt lat="-26.2506040" lon="-51.0833440">
    <ele>768.8</ele>
   </trkpt>
   <trkpt lat="-26.2505490" lon="-51.0833870">
    <ele>768.7</ele>
   </trkpt>
   <trkpt lat="-26.2505070" lon="-51.0834320">
    <ele>768.6</ele>
   </trkpt>
   <trkpt lat="-26.2504720" lon="-51.0834920">
    <ele>768.5</ele>
   </trkpt>
   <trkpt lat="-26.2504600" lon="-51.0835450">
    <ele>768.4</ele>
   </trkpt>
   <trkpt lat="-26.2504400" lon="-51.0836220">
    <ele>768.3</ele>
   </trkpt>
   <trkpt lat="-26.2504240" lon="-51.0836910">
    <ele>768.3</ele>
   </trkpt>
   <trkpt lat="-26.2503820" lon="-51.0837500">
    <ele>768.2</ele>
   </trkpt>
   <trkpt lat="-26.2503400" lon="-51.0837940">
    <ele>768.2</ele>
   </trkpt>
   <trkpt lat="-26.2503130" lon="-51.0838320">
    <ele>768.2</ele>
   </trkpt>
   <trkpt lat="-26.2502980" lon="-51.0838720">
    <ele>768.1</ele>
   </trkpt>
   <trkpt lat="-26.2502900" lon="-51.0839140">
    <ele>768.1</ele>
   </trkpt>
   <trkpt lat="-26.2502820" lon="-51.0839530">
    <ele>768.1</ele>
   </trkpt>
   <trkpt lat="-26.2502640" lon="-51.0839800">
    <ele>768.0</ele>
   </trkpt>
   <trkpt lat="-26.2502520" lon="-51.0839890">
    <ele>768.0</ele>
   </trkpt>
   <trkpt lat="-26.2502430" lon="-51.0840040">
    <ele>768.0</ele>
   </trkpt>
   <trkpt lat="-26.2502420" lon="-51.0840080">
    <ele>768.0</ele>
   </trkpt>
   <trkpt lat="-26.2502420" lon="-51.0840060">
    <ele>768.0</ele>
   </trkpt>
   <trkpt lat="-26.2502430" lon="-51.0840040">
    <ele>768.0</ele>
   </trkpt>
   <trkpt lat="-26.2502430" lon="-51.0840020">
    <ele>768.0</ele>
   </trkpt>
   <trkpt lat="-26.2502430" lon="-51.0839990">
    <ele>768.0</ele>
   </trkpt>
   <trkpt lat="-26.2502430" lon="-51.0839970">
    <ele>768.0</ele>
   </trkpt>
   <trkpt lat="-26.2502430" lon="-51.0839950">
    <ele>768.0</ele>
   </trkpt>
   <trkpt lat="-26.2502430" lon="-51.0839930">
    <ele>768.0</ele>
   </trkpt>
   <trkpt lat="-26.2502430" lon="-51.0839910">
    <ele>768.0</ele>
   </trkpt>
   <trkpt lat="-26.2502430" lon="-51.0839890">
    <ele>768.0</ele>
   </trkpt>
   <trkpt lat="-26.2502430" lon="-51.0839860">
    <ele>768.0</ele>
   </trkpt>
   <trkpt lat="-26.2502430" lon="-51.0839840">
    <ele>768.0</ele>
   </trkpt>
   <trkpt lat="-26.2502430" lon="-51.0839820">
    <ele>768.0</ele>
   </trkpt>
   <trkpt lat="-26.2502430" lon="-51.0839800">
    <ele>768.0</ele>
   </trkpt>
   <trkpt lat="-26.2502430" lon="-51.0839780">
    <ele>768.0</ele>
   </trkpt>
   <trkpt lat="-26.2502430" lon="-51.0839750">
    <ele>768.0</ele>
   </trkpt>
   <trkpt lat="-26.2502430" lon="-51.0839730">
    <ele>768.0</ele>
   </trkpt>
   <trkpt lat="-26.2502430" lon="-51.0839710">
    <ele>768.0</ele>
   </trkpt>
   <trkpt lat="-26.2502430" lon="-51.0839690">
    <ele>768.0</ele>
   </trkpt>
   <trkpt lat="-26.2502430" lon="-51.0839670">
    <ele>768.0</ele>
   </trkpt>
   <trkpt lat="-26.2502430" lon="-51.0839640">
    <ele>768.1</ele>
   </trkpt>
   <trkpt lat="-26.2502430" lon="-51.0839620">
    <ele>768.1</ele>
   </trkpt>
   <trkpt lat="-26.2502430" lon="-51.0839600">
    <ele>768.1</ele>
   </trkpt>
   <trkpt lat="-26.2502430" lon="-51.0839580">
    <ele>768.1</ele>
   </trkpt>
   <trkpt lat="-26.2502430" lon="-51.0839560">
    <ele>768.1</ele>
   </trkpt>
   <trkpt lat="-26.2502780" lon="-51.0839270">
    <ele>768.1</ele>
   </trkpt>
   <trkpt lat="-26.2503110" lon="-51.0839150">
    <ele>768.1</ele>
   </trkpt>
   <trkpt lat="-26.2503380" lon="-51.0839050">
    <ele>768.1</ele>
   </trkpt>
   <trkpt lat="-26.2503480" lon="-51.0839000">
    <ele>768.1</ele>
   </trkpt>
   <trkpt lat="-26.2503630" lon="-51.0838580">
    <ele>768.2</ele>
   </trkpt>
   <trkpt lat="-26.2503690" lon="-51.0838430">
    <ele>768.2</ele>
   </trkpt>
   <trkpt lat="-26.2503840" lon="-51.0838090">
    <ele>768.2</ele>
   </trkpt>
   <trkpt lat="-26.2503900" lon="-51.0837990">
    <ele>768.2</ele>
   </trkpt>
   <trkpt lat="-26.2504070" lon="-51.0837750">
    <ele>768.2</ele>
   </trkpt>
   <trkpt lat="-26.2504060" lon="-51.0837390">
    <ele>768.2</ele>
   </trkpt>
   <trkpt lat="-26.2504060" lon="-51.0837240">
    <ele>768.3</ele>
   </trkpt>
   <trkpt lat="-26.2504160" lon="-51.0836900">
    <ele>768.3</ele>
   </trkpt>
   <trkpt lat="-26.2504260" lon="-51.0836590">
    <ele>768.3</ele>
   </trkpt>
   <trkpt lat="-26.2504360" lon="-51.0836240">
    <ele>768.3</ele>
   </trkpt>
   <trkpt lat="-26.2504510" lon="-51.0835950">
    <ele>768.3</ele>
   </trkpt>
   <trkpt lat="-26.2504580" lon="-51.0835580">
    <ele>768.4</ele>
   </trkpt>
   <trkpt lat="-26.2504640" lon="-51.0835200">
    <ele>768.4</ele>
   </trkpt>
   <trkpt lat="-26.2504730" lon="-51.0834860">
    <ele>768.5</ele>
   </trkpt>
   <trkpt lat="-26.2504870" lon="-51.0834540">
    <ele>768.5</ele>
   </trkpt>
   <trkpt lat="-26.2505140" lon="-51.0834230">
    <ele>768.6</ele>
   </trkpt>
   <trkpt lat="-26.2505370" lon="-51.0833970">
    <ele>768.6</ele>
   </trkpt>
   <trkpt lat="-26.2505590" lon="-51.0833710">
    <ele>768.7</ele>
   </trkpt>
   <trkpt lat="-26.2505950" lon="-51.0833500">
    <ele>768.7</ele>
   </trkpt>
   <trkpt lat="-26.2506110" lon="-51.0833410">
    <ele>768.8</ele>
   </trkpt>
   <trkpt lat="-26.2506320" lon="-51.0833170">
    <ele>768.8</ele>
   </trkpt>
   <trkpt lat="-26.2506560" lon="-51.0833100">
    <ele>768.9</ele>
   </trkpt>
   <trkpt lat="-26.2506700" lon="-51.0833060">
    <ele>768.9</ele>
   </trkpt>
   <trkpt lat="-26.2506770" lon="-51.0832760">
    <ele>768.9</ele>
   </trkpt>
   <trkpt lat="-26.2506470" lon="-51.0832600">
    <ele>769.0</ele>
   </trkpt>
   <trkpt lat="-26.2506330" lon="-51.0832610">
    <ele>769.0</ele>
   </trkpt>
   <trkpt lat="-26.2506240" lon="-51.0832910">
    <ele>769.0</ele>
   </trkpt>
   <trkpt lat="-26.2505980" lon="-51.0833230">
    <ele>769.0</ele>
   </trkpt>
   <trkpt lat="-26.2505840" lon="-51.0833350">
    <ele>768.9</ele>
   </trkpt>
   <trkpt lat="-26.2505400" lon="-51.0833750">
    <ele>768.9</ele>
   </trkpt>
   <trkpt lat="-26.2505140" lon="-51.0834050">
    <ele>768.9</ele>
   </trkpt>
   <trkpt lat="-26.2504990" lon="-51.0834400">
    <ele>768.9</ele>
   </trkpt>
   <trkpt lat="-26.2504800" lon="-51.0834730">
    <ele>768.8</ele>
   </trkpt>
   <trkpt lat="-26.2504700" lon="-51.0835030">
    <ele>768.8</ele>
   </trkpt>
   <trkpt lat="-26.2504690" lon="-51.0835150">
    <ele>768.8</ele>
   </trkpt>
   <trkpt lat="-26.2504660" lon="-51.0835630">
    <ele>768.8</ele>
   </trkpt>
   <trkpt lat="-26.2504640" lon="-51.0835830">
    <ele>768.8</ele>
   </trkpt>
   <trkpt lat="-26.2504510" lon="-51.0836370">
    <ele>768.7</ele>
   </trkpt>
   <trkpt lat="-26.2504200" lon="-51.0836590">
    <ele>768.7</ele>
   </trkpt>
   <trkpt lat="-26.2504010" lon="-51.0836830">
    <ele>768.7</ele>
   </trkpt>
   <trkpt lat="-26.2503770" lon="-51.0837150">
    <ele>768.7</ele>
   </trkpt>
   <trkpt lat="-26.2503600" lon="-51.0837460">
    <ele>768.7</ele>
   </trkpt>
   <trkpt lat="-26.2503410" lon="-51.0837760">
    <ele>768.6</ele>
   </trkpt>
   <trkpt lat="-26.2503210" lon="-51.0837980">
    <ele>768.6</ele>
   </trkpt>
   <trkpt lat="-26.2503050" lon="-51.0838290">
    <ele>768.6</ele>
   </trkpt>
   <trkpt lat="-26.2502850" lon="-51.0838540">
    <ele>768.6</ele>
   </trkpt>
   <trkpt lat="-26.2502710" lon="-51.0838830">
    <ele>768.6</ele>
   </trkpt>
   <trkpt lat="-26.2502550" lon="-51.0839100">
    <ele>768.5</ele>
   </trkpt>
   <trkpt lat="-26.2502390" lon="-51.0839390">
    <ele>768.5</ele>
   </trkpt>
   <trkpt lat="-26.2502180" lon="-51.0839730">
    <ele>768.5</ele>
   </trkpt>
   <trkpt lat="-26.2502100" lon="-51.0839840">
    <ele>768.5</ele>
   </trkpt>
   <trkpt lat="-26.2501980" lon="-51.0840110">
    <ele>768.5</ele>
   </trkpt>
   <trkpt lat="-26.2502020" lon="-51.0840420">
    <ele>768.5</ele>
   </trkpt>
   <trkpt lat="-26.2502050" lon="-51.0840520">
    <ele>768.5</ele>
   </trkpt>
   <trkpt lat="-26.2502370" lon="-51.0840350">
    <ele>768.5</ele>
   </trkpt>
   <trkpt lat="-26.2502440" lon="-51.0840250">
    <ele>768.5</ele>
   </trkpt>
   <trkpt lat="-26.2502570" lon="-51.0840030">
    <ele>768.4</ele>
   </trkpt>
   <trkpt lat="-26.2502570" lon="-51.0839890">
    <ele>768.4</ele>
   </trkpt>
   <trkpt lat="-26.2502590" lon="-51.0839810">
    <ele>768.4</ele>
   </trkpt>
   <trkpt lat="-26.2502530" lon="-51.0839750">
    <ele>768.4</ele>
   </trkpt>
   <trkpt lat="-26.2502720" lon="-51.0839550">
    <ele>768.4</ele>
   </trkpt>
   <trkpt lat="-26.2502970" lon="-51.0839340">
    <ele>768.4</ele>
   </trkpt>
   <trkpt lat="-26.2503070" lon="-51.0839300">
    <ele>768.4</ele>
   </trkpt>
   <trkpt lat="-26.2503350" lon="-51.0839100">
    <ele>768.4</ele>
   </trkpt>
   <trkpt lat="-26.2503470" lon="-51.0839050">
    <ele>768.4</ele>
   </trkpt>
   <trkpt lat="-26.2503440" lon="-51.0838830">
    <ele>768.4</ele>
   </trkpt>
   <trkpt lat="-26.2503400" lon="-51.0838730">
    <ele>768.4</ele>
   </trkpt>
   <trkpt lat="-26.2503370" lon="-51.0838630">
    <ele>768.3</ele>
   </trkpt>
   <trkpt lat="-26.2503330" lon="-51.0838590">
    <ele>768.3</ele>
   </trkpt>
   <trkpt lat="-26.2503320" lon="-51.0838610">
    <ele>768.3</ele>
   </trkpt>
   <trkpt lat="-26.2503340" lon="-51.0838600">
    <ele>768.3</ele>
   </trkpt>
   <trkpt lat="-26.2503500" lon="-51.0838520">
    <ele>768.3</ele>
   </trkpt>
   <trkpt lat="-26.2503590" lon="-51.0838640">
    <ele>768.3</ele>
   </trkpt>
   <trkpt lat="-26.2503560" lon="-51.0838750">
    <ele>768.3</ele>
   </trkpt>
   <trkpt lat="-26.2503460" lon="-51.0838890">
    <ele>768.3</ele>
   </trkpt>
   <trkpt lat="-26.2503420" lon="-51.0838980">
    <ele>768.3</ele>
   </trkpt>
   <trkpt lat="-26.2503420" lon="-51.0839010">
    <ele>768.3</ele>
   </trkpt>
   <trkpt lat="-26.2503340" lon="-51.0839140">
    <ele>768.3</ele>
   </trkpt>
   <trkpt lat="-26.2503310" lon="-51.0839230">
    <ele>768.3</ele>
   </trkpt>
   <trkpt lat="-26.2503250" lon="-51.0839320">
    <ele>768.3</ele>
   </trkpt>
   <trkpt lat="-26.2503180" lon="-51.0839370">
    <ele>768.3</ele>
   </trkpt>
   <trkpt lat="-26.2503140" lon="-51.0839380">
    <ele>768.3</ele>
   </trkpt>
   <trkpt lat="-26.2503140" lon="-51.0839350">
    <ele>768.3</ele>
   </trkpt>
   <trkpt lat="-26.2503130" lon="-51.0839360">
    <ele>768.3</ele>
   </trkpt>
   <trkpt lat="-26.2503070" lon="-51.0839350">
    <ele>768.3</ele>
   </trkpt>
   <trkpt lat="-26.2503100" lon="-51.0839330">
    <ele>768.3</ele>
   </trkpt>
   <trkpt lat="-26.2503150" lon="-51.0839280">
    <ele>768.3</ele>
   </trkpt>
   <trkpt lat="-26.2503010" lon="-51.0839240">
    <ele>768.3</ele>
   </trkpt>
   <trkpt lat="-26.2503010" lon="-51.0839150">
    <ele>768.3</ele>
   </trkpt>
   <trkpt lat="-26.2503000" lon="-51.0838900">
    <ele>768.3</ele>
   </trkpt>
   <trkpt lat="-26.2503030" lon="-51.0838770">
    <ele>768.3</ele>
   </trkpt>
   <trkpt lat="-26.2503070" lon="-51.0838650">
    <ele>768.3</ele>
   </trkpt>
   <trkpt lat="-26.2503220" lon="-51.0838330">
    <ele>768.3</ele>
   </trkpt>
   <trkpt lat="-26.2503270" lon="-51.0838230">
    <ele>768.3</ele>
   </trkpt>
   <trkpt lat="-26.2503470" lon="-51.0837900">
    <ele>768.3</ele>
   </trkpt>
   <trkpt lat="-26.2503550" lon="-51.0837790">
    <ele>768.3</ele>
   </trkpt>
   <trkpt lat="-26.2503760" lon="-51.0837660">
    <ele>768.3</ele>
   </trkpt>
   <trkpt lat="-26.2503910" lon="-51.0837650">
    <ele>768.3</ele>
   </trkpt>
   <trkpt lat="-26.2504050" lon="-51.0837640">
    <ele>768.3</ele>
   </trkpt>
   <trkpt lat="-26.2504140" lon="-51.0837540">
    <ele>768.2</ele>
   </trkpt>
   <trkpt lat="-26.2504240" lon="-51.0837320">
    <ele>768.2</ele>
   </trkpt>
   <trkpt lat="-26.2504400" lon="-51.0837050">
    <ele>768.2</ele>
   </trkpt>
   <trkpt lat="-26.2504720" lon="-51.0836880">
    <ele>768.2</ele>
   </trkpt>
   <trkpt lat="-26.2505070" lon="-51.0836680">
    <ele>768.2</ele>
   </trkpt>
   <trkpt lat="-26.2505240" lon="-51.0836400">
    <ele>768.2</ele>
   </trkpt>
   <trkpt lat="-26.2505310" lon="-51.0836070">
    <ele>768.2</ele>
   </trkpt>
   <trkpt lat="-26.2505180" lon="-51.0835760">
    <ele>768.2</ele>
   </trkpt>
   <trkpt lat="-26.2505120" lon="-51.0835700">
    <ele>768.2</ele>
   </trkpt>
   <trkpt lat="-26.2504830" lon="-51.0835650">
    <ele>768.2</ele>
   </trkpt>
   <trkpt lat="-26.2504750" lon="-51.0835630">
    <ele>768.2</ele>
   </trkpt>
   <trkpt lat="-26.2504690" lon="-51.0835920">
    <ele>768.2</ele>
   </trkpt>
   <trkpt lat="-26.2504670" lon="-51.0836020">
    <ele>768.2</ele>
   </trkpt>
   <trkpt lat="-26.2504590" lon="-51.0836300">
    <ele>768.2</ele>
   </trkpt>
   <trkpt lat="-26.2504560" lon="-51.0836420">
    <ele>768.2</ele>
   </trkpt>
   <trkpt lat="-26.2504370" lon="-51.0836720">
    <ele>768.2</ele>
   </trkpt>
   <trkpt lat="-26.2504300" lon="-51.0836760">
    <ele>768.1</ele>
   </trkpt>
   <trkpt lat="-26.2504100" lon="-51.0837070">
    <ele>768.1</ele>
   </trkpt>
   <trkpt lat="-26.2504080" lon="-51.0837200">
    <ele>768.1</ele>
   </trkpt>
   <trkpt lat="-26.2503970" lon="-51.0837330">
    <ele>768.1</ele>
   </trkpt>
   <trkpt lat="-26.2503820" lon="-51.0837390">
    <ele>768.1</ele>
   </trkpt>
   <trkpt lat="-26.2503750" lon="-51.0837450">
    <ele>768.1</ele>
   </trkpt>
   <trkpt lat="-26.2503620" lon="-51.0837530">
    <ele>768.1</ele>
   </trkpt>
   <trkpt lat="-26.2503530" lon="-51.0837630">
    <ele>768.1</ele>
   </trkpt>
   <trkpt lat="-26.2503370" lon="-51.0837850">
    <ele>768.1</ele>
   </trkpt>
   <trkpt lat="-26.2503320" lon="-51.0837900">
    <ele>768.1</ele>
   </trkpt>
   <trkpt lat="-26.2503280" lon="-51.0838050">
    <ele>768.1</ele>
   </trkpt>
   <trkpt lat="-26.2503180" lon="-51.0838200">
    <ele>768.1</ele>
   </trkpt>
   <trkpt lat="-26.2503040" lon="-51.0838310">
    <ele>768.1</ele>
   </trkpt>
   <trkpt lat="-26.2502980" lon="-51.0838480">
    <ele>768.1</ele>
   </trkpt>
   <trkpt lat="-26.2502890" lon="-51.0838630">
    <ele>768.1</ele>
   </trkpt>
   <trkpt lat="-26.2502800" lon="-51.0838770">
    <ele>768.1</ele>
   </trkpt>
   <trkpt lat="-26.2502670" lon="-51.0838980">
    <ele>768.1</ele>
   </trkpt>
   <trkpt lat="-26.2502620" lon="-51.0839060">
    <ele>768.1</ele>
   </trkpt>
   <trkpt lat="-26.2502580" lon="-51.0839150">
    <ele>768.1</ele>
   </trkpt>
   <trkpt lat="-26.2502500" lon="-51.0839260">
    <ele>768.1</ele>
   </trkpt>
   <trkpt lat="-26.2502410" lon="-51.0839380">
    <ele>768.1</ele>
   </trkpt>
   <trkpt lat="-26.2502340" lon="-51.0839550">
    <ele>768.1</ele>
   </trkpt>
   <trkpt lat="-26.2502240" lon="-51.0839710">
    <ele>768.0</ele>
   </trkpt>
   <trkpt lat="-26.2502150" lon="-51.0839880">
    <ele>768.0</ele>
   </trkpt>
   <trkpt lat="-26.2502070" lon="-51.0840020">
    <ele>768.0</ele>
   </trkpt>
   <trkpt lat="-26.2502000" lon="-51.0840170">
    <ele>768.0</ele>
   </trkpt>
   <trkpt lat="-26.2502130" lon="-51.0840280">
    <ele>768.0</ele>
   </trkpt>
   <trkpt lat="-26.2502240" lon="-51.0840250">
    <ele>768.0</ele>
   </trkpt>
   <trkpt lat="-26.2502380" lon="-51.0840040">
    <ele>768.0</ele>
   </trkpt>
   <trkpt lat="-26.2502280" lon="-51.0839710">
    <ele>768.0</ele>
   </trkpt>
   <trkpt lat="-26.2502250" lon="-51.0839640">
    <ele>768.0</ele>
   </trkpt>
   <trkpt lat="-26.2502270" lon="-51.0839580">
    <ele>768.0</ele>
   </trkpt>
   <trkpt lat="-26.2502300" lon="-51.0839570">
    <ele>768.0</ele>
   </trkpt>
   <trkpt lat="-26.2502390" lon="-51.0839560">
    <ele>768.0</ele>
   </trkpt>
   <trkpt lat="-26.2502520" lon="-51.0839610">
    <ele>768.0</ele>
   </trkpt>
   <trkpt lat="-26.2502580" lon="-51.0839640">
    <ele>768.0</ele>
   </trkpt>
   <trkpt lat="-26.2502550" lon="-51.0839650">
    <ele>768.0</ele>
   </trkpt>
   <trkpt lat="-26.2502520" lon="-51.0839660">
    <ele>768.0</ele>
   </trkpt>
   <trkpt lat="-26.2502490" lon="-51.0839670">
    <ele>768.0</ele>
   </trkpt>
   <trkpt lat="-26.2502460" lon="-51.0839690">
    <ele>768.0</ele>
   </trkpt>
   <trkpt lat="-26.2502430" lon="-51.0839700">
    <ele>768.0</ele>
   </trkpt>
   <trkpt lat="-26.2502400" lon="-51.0839710">
    <ele>768.0</ele>
   </trkpt>
   <trkpt lat="-26.2502360" lon="-51.0839720">
    <ele>768.0</ele>
   </trkpt>
   <trkpt lat="-26.2502330" lon="-51.0839730">
    <ele>768.0</ele>
   </trkpt>
   <trkpt lat="-26.2502300" lon="-51.0839740">
    <ele>768.0</ele>
   </trkpt>
   <trkpt lat="-26.2502270" lon="-51.0839750">
    <ele>768.0</ele>
   </trkpt>
   <trkpt lat="-26.2502240" lon="-51.0839760">
    <ele>768.0</ele>
   </trkpt>
   <trkpt lat="-26.2502210" lon="-51.0839770">
    <ele>768.0</ele>
   </trkpt>
   <trkpt lat="-26.2502180" lon="-51.0839780">
    <ele>768.0</ele>
   </trkpt>
   <trkpt lat="-26.2502150" lon="-51.0839790">
    <ele>768.0</ele>
   </trkpt>
   <trkpt lat="-26.2502150" lon="-51.0839830">
    <ele>768.0</ele>
   </trkpt>
   <trkpt lat="-26.2502140" lon="-51.0839930">
    <ele>768.0</ele>
   </trkpt>
   <trkpt lat="-26.2502070" lon="-51.0840080">
    <ele>768.0</ele>
   </trkpt>
   <trkpt lat="-26.2501840" lon="-51.0840410">
    <ele>768.0</ele>
   </trkpt>
   <trkpt lat="-26.2501750" lon="-51.0840550">
    <ele>768.0</ele>
   </trkpt>
   <trkpt lat="-26.2501650" lon="-51.0840990">
    <ele>768.0</ele>
   </trkpt>
   <trkpt lat="-26.2501590" lon="-51.0841150">
    <ele>768.0</ele>
   </trkpt>
   <trkpt lat="-26.2501440" lon="-51.0841620">
    <ele>768.0</ele>
   </trkpt>
   <trkpt lat="-26.2501320" lon="-51.0841970">
    <ele>767.9</ele>
   </trkpt>
   <trkpt lat="-26.2501270" lon="-51.0842430">
    <ele>767.8</ele>
   </trkpt>
   <trkpt lat="-26.2501390" lon="-51.0842880">
    <ele>767.6</ele>
   </trkpt>
   <trkpt lat="-26.2501610" lon="-51.0843390">
    <ele>767.4</ele>
   </trkpt>
   <trkpt lat="-26.2501880" lon="-51.0843740">
    <ele>767.3</ele>
   </trkpt>
   <trkpt lat="-26.2502190" lon="-51.0844110">
    <ele>767.1</ele>
   </trkpt>
   <trkpt lat="-26.2502440" lon="-51.0844440">
    <ele>767.0</ele>
   </trkpt>
   <trkpt lat="-26.2502700" lon="-51.0844690">
    <ele>766.9</ele>
   </trkpt>
   <trkpt lat="-26.2503010" lon="-51.0845030">
    <ele>766.7</ele>
   </trkpt>
   <trkpt lat="-26.2503400" lon="-51.0845450">
    <ele>766.6</ele>
   </trkpt>
   <trkpt lat="-26.2503780" lon="-51.0845820">
    <ele>766.4</ele>
   </trkpt>
   <trkpt lat="-26.2504180" lon="-51.0846310">
    <ele>766.2</ele>
   </trkpt>
   <trkpt lat="-26.2504490" lon="-51.0846840">
    <ele>766.0</ele>
   </trkpt>
   <trkpt lat="-26.2504730" lon="-51.0847180">
    <ele>765.8</ele>
   </trkpt>
   <trkpt lat="-26.2505130" lon="-51.0847570">
    <ele>765.6</ele>
   </trkpt>
   <trkpt lat="-26.2505450" lon="-51.0847880">
    <ele>765.5</ele>
   </trkpt>
   <trkpt lat="-26.2505850" lon="-51.0848330">
    <ele>765.2</ele>
   </trkpt>
   <trkpt lat="-26.2506390" lon="-51.0848870">
    <ele>764.9</ele>
   </trkpt>
   <trkpt lat="-26.2506910" lon="-51.0849380">
    <ele>764.6</ele>
   </trkpt>
   <trkpt lat="-26.2507420" lon="-51.0849760">
    <ele>764.3</ele>
   </trkpt>
   <trkpt lat="-26.2507890" lon="-51.0850110">
    <ele>764.0</ele>
   </trkpt>
   <trkpt lat="-26.2508500" lon="-51.0850560">
    <ele>763.6</ele>
   </trkpt>
   <trkpt lat="-26.2509110" lon="-51.0850940">
    <ele>763.4</ele>
   </trkpt>
   <trkpt lat="-26.2509770" lon="-51.0851330">
    <ele>763.0</ele>
   </trkpt>
   <trkpt lat="-26.2510470" lon="-51.0851760">
    <ele>762.4</ele>
   </trkpt>
   <trkpt lat="-26.2511150" lon="-51.0852320">
    <ele>761.8</ele>
   </trkpt>
   <trkpt lat="-26.2511900" lon="-51.0852850">
    <ele>761.1</ele>
   </trkpt>
   <trkpt lat="-26.2512640" lon="-51.0853340">
    <ele>760.8</ele>
   </trkpt>
   <trkpt lat="-26.2513380" lon="-51.0853780">
    <ele>760.7</ele>
   </trkpt>
   <trkpt lat="-26.2514060" lon="-51.0854270">
    <ele>760.7</ele>
   </trkpt>
   <trkpt lat="-26.2514830" lon="-51.0854780">
    <ele>760.6</ele>
   </trkpt>
   <trkpt lat="-26.2515610" lon="-51.0855260">
    <ele>760.6</ele>
   </trkpt>
   <trkpt lat="-26.2516360" lon="-51.0855780">
    <ele>760.5</ele>
   </trkpt>
   <trkpt lat="-26.2517100" lon="-51.0856270">
    <ele>760.5</ele>
   </trkpt>
   <trkpt lat="-26.2517660" lon="-51.0856720">
    <ele>760.5</ele>
   </trkpt>
   <trkpt lat="-26.2518300" lon="-51.0857150">
    <ele>760.5</ele>
   </trkpt>
   <trkpt lat="-26.2519060" lon="-51.0857600">
    <ele>760.6</ele>
   </trkpt>
   <trkpt lat="-26.2519690" lon="-51.0858070">
    <ele>760.8</ele>
   </trkpt>
   <trkpt lat="-26.2520250" lon="-51.0858420">
    <ele>760.9</ele>
   </trkpt>
   <trkpt lat="-26.2520820" lon="-51.0858920">
    <ele>761.0</ele>
   </trkpt>
   <trkpt lat="-26.2521380" lon="-51.0859370">
    <ele>761.1</ele>
   </trkpt>
   <trkpt lat="-26.2521950" lon="-51.0859760">
    <ele>761.2</ele>
   </trkpt>
   <trkpt lat="-26.2522540" lon="-51.0860140">
    <ele>761.3</ele>
   </trkpt>
   <trkpt lat="-26.2523090" lon="-51.0860480">
    <ele>761.4</ele>
   </trkpt>
   <trkpt lat="-26.2523550" lon="-51.0860640">
    <ele>761.5</ele>
   </trkpt>
   <trkpt lat="-26.2524080" lon="-51.0860910">
    <ele>761.5</ele>
   </trkpt>
   <trkpt lat="-26.2524700" lon="-51.0861320">
    <ele>761.6</ele>
   </trkpt>
   <trkpt lat="-26.2525180" lon="-51.0861730">
    <ele>761.7</ele>
   </trkpt>
   <trkpt lat="-26.2525640" lon="-51.0862100">
    <ele>761.8</ele>
   </trkpt>
   <trkpt lat="-26.2526230" lon="-51.0862490">
    <ele>761.9</ele>
   </trkpt>
   <trkpt lat="-26.2526750" lon="-51.0862830">
    <ele>762.0</ele>
   </trkpt>
   <trkpt lat="-26.2527300" lon="-51.0863210">
    <ele>762.0</ele>
   </trkpt>
   <trkpt lat="-26.2527820" lon="-51.0863560">
    <ele>762.1</ele>
   </trkpt>
   <trkpt lat="-26.2528310" lon="-51.0863970">
    <ele>762.2</ele>
   </trkpt>
   <trkpt lat="-26.2528820" lon="-51.0864300">
    <ele>762.3</ele>
   </trkpt>
   <trkpt lat="-26.2529390" lon="-51.0864690">
    <ele>762.4</ele>
   </trkpt>
   <trkpt lat="-26.2529900" lon="-51.0865040">
    <ele>762.5</ele>
   </trkpt>
   <trkpt lat="-26.2530430" lon="-51.0865460">
    <ele>762.6</ele>
   </trkpt>
   <trkpt lat="-26.2530890" lon="-51.0865860">
    <ele>762.7</ele>
   </trkpt>
   <trkpt lat="-26.2531330" lon="-51.0866230">
    <ele>762.8</ele>
   </trkpt>
   <trkpt lat="-26.2531840" lon="-51.0866480">
    <ele>762.8</ele>
   </trkpt>
   <trkpt lat="-26.2532420" lon="-51.0866880">
    <ele>762.8</ele>
   </trkpt>
   <trkpt lat="-26.2532920" lon="-51.0867140">
    <ele>762.8</ele>
   </trkpt>
   <trkpt lat="-26.2533510" lon="-51.0867580">
    <ele>762.9</ele>
   </trkpt>
   <trkpt lat="-26.2533980" lon="-51.0867810">
    <ele>762.9</ele>
   </trkpt>
   <trkpt lat="-26.2534560" lon="-51.0868130">
    <ele>763.0</ele>
   </trkpt>
   <trkpt lat="-26.2535040" lon="-51.0868470">
    <ele>763.2</ele>
   </trkpt>
   <trkpt lat="-26.2535560" lon="-51.0868830">
    <ele>763.3</ele>
   </trkpt>
   <trkpt lat="-26.2535990" lon="-51.0869180">
    <ele>763.5</ele>
   </trkpt>
   <trkpt lat="-26.2536450" lon="-51.0869440">
    <ele>763.8</ele>
   </trkpt>
   <trkpt lat="-26.2536870" lon="-51.0869720">
    <ele>764.0</ele>
   </trkpt>
   <trkpt lat="-26.2537330" lon="-51.0870110">
    <ele>764.3</ele>
   </trkpt>
   <trkpt lat="-26.2537690" lon="-51.0870320">
    <ele>764.6</ele>
   </trkpt>
   <trkpt lat="-26.2538180" lon="-51.0870690">
    <ele>765.0</ele>
   </trkpt>
   <trkpt lat="-26.2538550" lon="-51.0870890">
    <ele>765.3</ele>
   </trkpt>
   <trkpt lat="-26.2538920" lon="-51.0871110">
    <ele>765.6</ele>
   </trkpt>
   <trkpt lat="-26.2539310" lon="-51.0871360">
    <ele>766.0</ele>
   </trkpt>
   <trkpt lat="-26.2539760" lon="-51.0871610">
    <ele>766.4</ele>
   </trkpt>
   <trkpt lat="-26.2540140" lon="-51.0871910">
    <ele>766.9</ele>
   </trkpt>
   <trkpt lat="-26.2540440" lon="-51.0872210">
    <ele>767.2</ele>
   </trkpt>
   <trkpt lat="-26.2540890" lon="-51.0872480">
    <ele>767.7</ele>
   </trkpt>
   <trkpt lat="-26.2541260" lon="-51.0872670">
    <ele>768.1</ele>
   </trkpt>
   <trkpt lat="-26.2541570" lon="-51.0872920">
    <ele>768.5</ele>
   </trkpt>
   <trkpt lat="-26.2541890" lon="-51.0873160">
    <ele>768.9</ele>
   </trkpt>
   <trkpt lat="-26.2542190" lon="-51.0873380">
    <ele>769.2</ele>
   </trkpt>
   <trkpt lat="-26.2542570" lon="-51.0873660">
    <ele>769.6</ele>
   </trkpt>
   <trkpt lat="-26.2542870" lon="-51.0873890">
    <ele>769.8</ele>
   </trkpt>
   <trkpt lat="-26.2543160" lon="-51.0874210">
    <ele>770.1</ele>
   </trkpt>
   <trkpt lat="-26.2543440" lon="-51.0874300">
    <ele>770.3</ele>
   </trkpt>
   <trkpt lat="-26.2543760" lon="-51.0874400">
    <ele>770.5</ele>
   </trkpt>
   <trkpt lat="-26.2544090" lon="-51.0874650">
    <ele>770.7</ele>
   </trkpt>
   <trkpt lat="-26.2544490" lon="-51.0874860">
    <ele>770.9</ele>
   </trkpt>
   <trkpt lat="-26.2544690" lon="-51.0874970">
    <ele>770.9</ele>
   </trkpt>
   <trkpt lat="-26.2545090" lon="-51.0875160">
    <ele>771.1</ele>
   </trkpt>
   <trkpt lat="-26.2545380" lon="-51.0875350">
    <ele>771.2</ele>
   </trkpt>
   <trkpt lat="-26.2545760" lon="-51.0875600">
    <ele>771.3</ele>
   </trkpt>
   <trkpt lat="-26.2546180" lon="-51.0875910">
    <ele>771.4</ele>
   </trkpt>
   <trkpt lat="-26.2546630" lon="-51.0876190">
    <ele>771.4</ele>
   </trkpt>
   <trkpt lat="-26.2547060" lon="-51.0876480">
    <ele>771.5</ele>
   </trkpt>
   <trkpt lat="-26.2547290" lon="-51.0876820">
    <ele>771.4</ele>
   </trkpt>
   <trkpt lat="-26.2547470" lon="-51.0877190">
    <ele>771.3</ele>
   </trkpt>
   <trkpt lat="-26.2547610" lon="-51.0877570">
    <ele>771.3</ele>
   </trkpt>
   <trkpt lat="-26.2547500" lon="-51.0878060">
    <ele>771.1</ele>
   </trkpt>
   <trkpt lat="-26.2547360" lon="-51.0878620">
    <ele>771.0</ele>
   </trkpt>
   <trkpt lat="-26.2547080" lon="-51.0879190">
    <ele>770.8</ele>
   </trkpt>
   <trkpt lat="-26.2546810" lon="-51.0879670">
    <ele>770.7</ele>
   </trkpt>
   <trkpt lat="-26.2546630" lon="-51.0880200">
    <ele>770.5</ele>
   </trkpt>
   <trkpt lat="-26.2546360" lon="-51.0880830">
    <ele>770.4</ele>
   </trkpt>
   <trkpt lat="-26.2546150" lon="-51.0881400">
    <ele>770.2</ele>
   </trkpt>
   <trkpt lat="-26.2545950" lon="-51.0882070">
    <ele>770.0</ele>
   </trkpt>
   <trkpt lat="-26.2545710" lon="-51.0882770">
    <ele>769.9</ele>
   </trkpt>
   <trkpt lat="-26.2545450" lon="-51.0883490">
    <ele>769.7</ele>
   </trkpt>
   <trkpt lat="-26.2545220" lon="-51.0884150">
    <ele>769.5</ele>
   </trkpt>
   <trkpt lat="-26.2544980" lon="-51.0884890">
    <ele>769.3</ele>
   </trkpt>
   <trkpt lat="-26.2544740" lon="-51.0885610">
    <ele>769.1</ele>
   </trkpt>
   <trkpt lat="-26.2544470" lon="-51.0886380">
    <ele>768.9</ele>
   </trkpt>
   <trkpt lat="-26.2544250" lon="-51.0887150">
    <ele>768.7</ele>
   </trkpt>
   <trkpt lat="-26.2543980" lon="-51.0887910">
    <ele>768.6</ele>
   </trkpt>
   <trkpt lat="-26.2543710" lon="-51.0888670">
    <ele>768.4</ele>
   </trkpt>
   <trkpt lat="-26.2543410" lon="-51.0889460">
    <ele>768.2</ele>
   </trkpt>
   <trkpt lat="-26.2543140" lon="-51.0890250">
    <ele>768.1</ele>
   </trkpt>
   <trkpt lat="-26.2542780" lon="-51.0891110">
    <ele>767.9</ele>
   </trkpt>
   <trkpt lat="-26.2542500" lon="-51.0891800">
    <ele>767.7</ele>
   </trkpt>
   <trkpt lat="-26.2542190" lon="-51.0892660">
    <ele>767.5</ele>
   </trkpt>
   <trkpt lat="-26.2541990" lon="-51.0893490">
    <ele>767.3</ele>
   </trkpt>
   <trkpt lat="-26.2541710" lon="-51.0894370">
    <ele>767.1</ele>
   </trkpt>
   <trkpt lat="-26.2541340" lon="-51.0895150">
    <ele>766.8</ele>
   </trkpt>
   <trkpt lat="-26.2541060" lon="-51.0895990">
    <ele>766.6</ele>
   </trkpt>
   <trkpt lat="-26.2540790" lon="-51.0896850">
    <ele>766.4</ele>
   </trkpt>
   <trkpt lat="-26.2540470" lon="-51.0897750">
    <ele>766.1</ele>
   </trkpt>
   <trkpt lat="-26.2540200" lon="-51.0898600">
    <ele>765.8</ele>
   </trkpt>
   <trkpt lat="-26.2539850" lon="-51.0899470">
    <ele>765.4</ele>
   </trkpt>
   <trkpt lat="-26.2539600" lon="-51.0900370">
    <ele>765.1</ele>
   </trkpt>
   <trkpt lat="-26.2539420" lon="-51.0901350">
    <ele>764.6</ele>
   </trkpt>
   <trkpt lat="-26.2539260" lon="-51.0902390">
    <ele>764.2</ele>
   </trkpt>
   <trkpt lat="-26.2539160" lon="-51.0903410">
    <ele>763.8</ele>
   </trkpt>
   <trkpt lat="-26.2539080" lon="-51.0904480">
    <ele>763.3</ele>
   </trkpt>
   <trkpt lat="-26.2539040" lon="-51.0905540">
    <ele>762.9</ele>
   </trkpt>
   <trkpt lat="-26.2539010" lon="-51.0906600">
    <ele>762.6</ele>
   </trkpt>
   <trkpt lat="-26.2538960" lon="-51.0907700">
    <ele>762.2</ele>
   </trkpt>
   <trkpt lat="-26.2538890" lon="-51.0908790">
    <ele>761.9</ele>
   </trkpt>
   <trkpt lat="-26.2538840" lon="-51.0909860">
    <ele>761.6</ele>
   </trkpt>
   <trkpt lat="-26.2538790" lon="-51.0910950">
    <ele>761.3</ele>
   </trkpt>
   <trkpt lat="-26.2538740" lon="-51.0912050">
    <ele>761.0</ele>
   </trkpt>
   <trkpt lat="-26.2538700" lon="-51.0913110">
    <ele>760.7</ele>
   </trkpt>
   <trkpt lat="-26.2538660" lon="-51.0914180">
    <ele>760.3</ele>
   </trkpt>
   <trkpt lat="-26.2538630" lon="-51.0915260">
    <ele>759.8</ele>
   </trkpt>
   <trkpt lat="-26.2538610" lon="-51.0916350">
    <ele>759.4</ele>
   </trkpt>
   <trkpt lat="-26.2538590" lon="-51.0917460">
    <ele>758.9</ele>
   </trkpt>
   <trkpt lat="-26.2538560" lon="-51.0918570">
    <ele>758.3</ele>
   </trkpt>
   <trkpt lat="-26.2538530" lon="-51.0919700">
    <ele>757.6</ele>
   </trkpt>
   <trkpt lat="-26.2538500" lon="-51.0920880">
    <ele>756.9</ele>
   </trkpt>
   <trkpt lat="-26.2538470" lon="-51.0922070">
    <ele>756.3</ele>
   </trkpt>
   <trkpt lat="-26.2538410" lon="-51.0923260">
    <ele>755.7</ele>
   </trkpt>
   <trkpt lat="-26.2538410" lon="-51.0924450">
    <ele>755.3</ele>
   </trkpt>
   <trkpt lat="-26.2538400" lon="-51.0925640">
    <ele>754.9</ele>
   </trkpt>
   <trkpt lat="-26.2538360" lon="-51.0926790">
    <ele>754.6</ele>
   </trkpt>
   <trkpt lat="-26.2538360" lon="-51.0927990">
    <ele>754.4</ele>
   </trkpt>
   <trkpt lat="-26.2538310" lon="-51.0929140">
    <ele>754.3</ele>
   </trkpt>
   <trkpt lat="-26.2538270" lon="-51.0930240">
    <ele>754.2</ele>
   </trkpt>
   <trkpt lat="-26.2538290" lon="-51.0931300">
    <ele>754.2</ele>
   </trkpt>
   <trkpt lat="-26.2538260" lon="-51.0932390">
    <ele>754.2</ele>
   </trkpt>
   <trkpt lat="-26.2538220" lon="-51.0933400">
    <ele>754.2</ele>
   </trkpt>
   <trkpt lat="-26.2538270" lon="-51.0934430">
    <ele>754.2</ele>
   </trkpt>
   <trkpt lat="-26.2538240" lon="-51.0935410">
    <ele>754.3</ele>
   </trkpt>
   <trkpt lat="-26.2538200" lon="-51.0936340">
    <ele>754.3</ele>
   </trkpt>
   <trkpt lat="-26.2538210" lon="-51.0937300">
    <ele>754.4</ele>
   </trkpt>
   <trkpt lat="-26.2538180" lon="-51.0938280">
    <ele>754.4</ele>
   </trkpt>
   <trkpt lat="-26.2538170" lon="-51.0939180">
    <ele>754.3</ele>
   </trkpt>
   <trkpt lat="-26.2538130" lon="-51.0940050">
    <ele>754.3</ele>
   </trkpt>
   <trkpt lat="-26.2538120" lon="-51.0940920">
    <ele>754.2</ele>
   </trkpt>
   <trkpt lat="-26.2538120" lon="-51.0941750">
    <ele>754.1</ele>
   </trkpt>
   <trkpt lat="-26.2538090" lon="-51.0942580">
    <ele>754.0</ele>
   </trkpt>
   <trkpt lat="-26.2538110" lon="-51.0943430">
    <ele>753.9</ele>
   </trkpt>
   <trkpt lat="-26.2538140" lon="-51.0944270">
    <ele>753.8</ele>
   </trkpt>
   <trkpt lat="-26.2538110" lon="-51.0945100">
    <ele>753.6</ele>
   </trkpt>
   <trkpt lat="-26.2538070" lon="-51.0946000">
    <ele>753.5</ele>
   </trkpt>
   <trkpt lat="-26.2538030" lon="-51.0946870">
    <ele>753.5</ele>
   </trkpt>
   <trkpt lat="-26.2537870" lon="-51.0947790">
    <ele>753.5</ele>
   </trkpt>
   <trkpt lat="-26.2537920" lon="-51.0948550">
    <ele>753.6</ele>
   </trkpt>
   <trkpt lat="-26.2537880" lon="-51.0949300">
    <ele>753.7</ele>
   </trkpt>
   <trkpt lat="-26.2537620" lon="-51.0949990">
    <ele>753.8</ele>
   </trkpt>
   <trkpt lat="-26.2537510" lon="-51.0950440">
    <ele>753.9</ele>
   </trkpt>
   <trkpt lat="-26.2537450" lon="-51.0950820">
    <ele>753.9</ele>
   </trkpt>
   <trkpt lat="-26.2537320" lon="-51.0951230">
    <ele>754.0</ele>
   </trkpt>
   <trkpt lat="-26.2537150" lon="-51.0951520">
    <ele>754.0</ele>
   </trkpt>
   <trkpt lat="-26.2537010" lon="-51.0951820">
    <ele>754.1</ele>
   </trkpt>
   <trkpt lat="-26.2536820" lon="-51.0952190">
    <ele>754.1</ele>
   </trkpt>
   <trkpt lat="-26.2536740" lon="-51.0952750">
    <ele>754.2</ele>
   </trkpt>
   <trkpt lat="-26.2536910" lon="-51.0953340">
    <ele>754.1</ele>
   </trkpt>
   <trkpt lat="-26.2537270" lon="-51.0953960">
    <ele>753.9</ele>
   </trkpt>
   <trkpt lat="-26.2537430" lon="-51.0954610">
    <ele>753.7</ele>
   </trkpt>
   <trkpt lat="-26.2537400" lon="-51.0955310">
    <ele>753.6</ele>
   </trkpt>
   <trkpt lat="-26.2537250" lon="-51.0956050">
    <ele>753.3</ele>
   </trkpt>
   <trkpt lat="-26.2537150" lon="-51.0956720">
    <ele>753.2</ele>
   </trkpt>
   <trkpt lat="-26.2537030" lon="-51.0957390">
    <ele>753.0</ele>
   </trkpt>
   <trkpt lat="-26.2536880" lon="-51.0958100">
    <ele>752.9</ele>
   </trkpt>
   <trkpt lat="-26.2536830" lon="-51.0958690">
    <ele>752.9</ele>
   </trkpt>
   <trkpt lat="-26.2536710" lon="-51.0959270">
    <ele>752.8</ele>
   </trkpt>
   <trkpt lat="-26.2536600" lon="-51.0959960">
    <ele>752.8</ele>
   </trkpt>
   <trkpt lat="-26.2536520" lon="-51.0960650">
    <ele>752.7</ele>
   </trkpt>
   <trkpt lat="-26.2536360" lon="-51.0961210">
    <ele>752.7</ele>
   </trkpt>
   <trkpt lat="-26.2536170" lon="-51.0961730">
    <ele>752.7</ele>
   </trkpt>
   <trkpt lat="-26.2535950" lon="-51.0962210">
    <ele>752.8</ele>
   </trkpt>
   <trkpt lat="-26.2535750" lon="-51.0962780">
    <ele>752.8</ele>
   </trkpt>
   <trkpt lat="-26.2535550" lon="-51.0963270">
    <ele>752.8</ele>
   </trkpt>
   <trkpt lat="-26.2535370" lon="-51.0963790">
    <ele>752.8</ele>
   </trkpt>
   <trkpt lat="-26.2535160" lon="-51.0964260">
    <ele>752.8</ele>
   </trkpt>
   <trkpt lat="-26.2534900" lon="-51.0964700">
    <ele>752.8</ele>
   </trkpt>
   <trkpt lat="-26.2534600" lon="-51.0965200">
    <ele>752.8</ele>
   </trkpt>
   <trkpt lat="-26.2534390" lon="-51.0965720">
    <ele>752.8</ele>
   </trkpt>
   <trkpt lat="-26.2534210" lon="-51.0966290">
    <ele>752.8</ele>
   </trkpt>
   <trkpt lat="-26.2534030" lon="-51.0966820">
    <ele>752.8</ele>
   </trkpt>
   <trkpt lat="-26.2533720" lon="-51.0967460">
    <ele>752.7</ele>
   </trkpt>
   <trkpt lat="-26.2533520" lon="-51.0967900">
    <ele>752.7</ele>
   </trkpt>
   <trkpt lat="-26.2533230" lon="-51.0968360">
    <ele>752.7</ele>
   </trkpt>
   <trkpt lat="-26.2532890" lon="-51.0968890">
    <ele>752.6</ele>
   </trkpt>
   <trkpt lat="-26.2532650" lon="-51.0969480">
    <ele>752.6</ele>
   </trkpt>
   <trkpt lat="-26.2532470" lon="-51.0969930">
    <ele>752.6</ele>
   </trkpt>
   <trkpt lat="-26.2532200" lon="-51.0970480">
    <ele>752.5</ele>
   </trkpt>
   <trkpt lat="-26.2531940" lon="-51.0971050">
    <ele>752.5</ele>
   </trkpt>
   <trkpt lat="-26.2531670" lon="-51.0971670">
    <ele>752.4</ele>
   </trkpt>
   <trkpt lat="-26.2531370" lon="-51.0972270">
    <ele>752.4</ele>
   </trkpt>
   <trkpt lat="-26.2531080" lon="-51.0972880">
    <ele>752.3</ele>
   </trkpt>
   <trkpt lat="-26.2530750" lon="-51.0973500">
    <ele>752.3</ele>
   </trkpt>
   <trkpt lat="-26.2530460" lon="-51.0974060">
    <ele>752.2</ele>
   </trkpt>
   <trkpt lat="-26.2530040" lon="-51.0974650">
    <ele>752.1</ele>
   </trkpt>
   <trkpt lat="-26.2529760" lon="-51.0975370">
    <ele>752.0</ele>
   </trkpt>
   <trkpt lat="-26.2529490" lon="-51.0976010">
    <ele>751.9</ele>
   </trkpt>
   <trkpt lat="-26.2529240" lon="-51.0976660">
    <ele>751.8</ele>
   </trkpt>
   <trkpt lat="-26.2528870" lon="-51.0977230">
    <ele>751.7</ele>
   </trkpt>
   <trkpt lat="-26.2528530" lon="-51.0977820">
    <ele>751.6</ele>
   </trkpt>
   <trkpt lat="-26.2528160" lon="-51.0978440">
    <ele>751.5</ele>
   </trkpt>
   <trkpt lat="-26.2527850" lon="-51.0979110">
    <ele>751.4</ele>
   </trkpt>
   <trkpt lat="-26.2527540" lon="-51.0979780">
    <ele>751.2</ele>
   </trkpt>
   <trkpt lat="-26.2527290" lon="-51.0980430">
    <ele>751.1</ele>
   </trkpt>
   <trkpt lat="-26.2526970" lon="-51.0981070">
    <ele>751.0</ele>
   </trkpt>
   <trkpt lat="-26.2526610" lon="-51.0981800">
    <ele>750.9</ele>
   </trkpt>
   <trkpt lat="-26.2526170" lon="-51.0982480">
    <ele>750.8</ele>
   </trkpt>
   <trkpt lat="-26.2525850" lon="-51.0983170">
    <ele>750.7</ele>
   </trkpt>
   <trkpt lat="-26.2525510" lon="-51.0983870">
    <ele>750.6</ele>
   </trkpt>
   <trkpt lat="-26.2525200" lon="-51.0984510">
    <ele>750.5</ele>
   </trkpt>
   <trkpt lat="-26.2524750" lon="-51.0985160">
    <ele>750.3</ele>
   </trkpt>
   <trkpt lat="-26.2524330" lon="-51.0985910">
    <ele>750.2</ele>
   </trkpt>
   <trkpt lat="-26.2524150" lon="-51.0986550">
    <ele>750.1</ele>
   </trkpt>
   <trkpt lat="-26.2523720" lon="-51.0987300">
    <ele>749.9</ele>
   </trkpt>
   <trkpt lat="-26.2523320" lon="-51.0988020">
    <ele>749.8</ele>
   </trkpt>
   <trkpt lat="-26.2522970" lon="-51.0988640">
    <ele>749.7</ele>
   </trkpt>
   <trkpt lat="-26.2522620" lon="-51.0989380">
    <ele>749.6</ele>
   </trkpt>
   <trkpt lat="-26.2522290" lon="-51.0990100">
    <ele>749.6</ele>
   </trkpt>
   <trkpt lat="-26.2521950" lon="-51.0990800">
    <ele>749.5</ele>
   </trkpt>
   <trkpt lat="-26.2521590" lon="-51.0991550">
    <ele>749.4</ele>
   </trkpt>
   <trkpt lat="-26.2521200" lon="-51.0992350">
    <ele>749.3</ele>
   </trkpt>
   <trkpt lat="-26.2520810" lon="-51.0993060">
    <ele>749.2</ele>
   </trkpt>
   <trkpt lat="-26.2520470" lon="-51.0993750">
    <ele>749.1</ele>
   </trkpt>
   <trkpt lat="-26.2520150" lon="-51.0994420">
    <ele>749.1</ele>
   </trkpt>
   <trkpt lat="-26.2519810" lon="-51.0995120">
    <ele>749.0</ele>
   </trkpt>
   <trkpt lat="-26.2519470" lon="-51.0995810">
    <ele>749.0</ele>
   </trkpt>
   <trkpt lat="-26.2519200" lon="-51.0996530">
    <ele>748.9</ele>
   </trkpt>
   <trkpt lat="-26.2518810" lon="-51.0997220">
    <ele>748.9</ele>
   </trkpt>
   <trkpt lat="-26.2518470" lon="-51.0997890">
    <ele>748.9</ele>
   </trkpt>
   <trkpt lat="-26.2518170" lon="-51.0998630">
    <ele>748.8</ele>
   </trkpt>
   <trkpt lat="-26.2517820" lon="-51.0999330">
    <ele>748.8</ele>
   </trkpt>
   <trkpt lat="-26.2517610" lon="-51.1000120">
    <ele>748.8</ele>
   </trkpt>
   <trkpt lat="-26.2517230" lon="-51.1000660">
    <ele>748.7</ele>
   </trkpt>
   <trkpt lat="-26.2516810" lon="-51.1001320">
    <ele>748.7</ele>
   </trkpt>
   <trkpt lat="-26.2516440" lon="-51.1001920">
    <ele>748.7</ele>
   </trkpt>
   <trkpt lat="-26.2516110" lon="-51.1002540">
    <ele>748.7</ele>
   </trkpt>
   <trkpt lat="-26.2515860" lon="-51.1003120">
    <ele>748.7</ele>
   </trkpt>
   <trkpt lat="-26.2515620" lon="-51.1003620">
    <ele>748.7</ele>
   </trkpt>
   <trkpt lat="-26.2515520" lon="-51.1004010">
    <ele>748.7</ele>
   </trkpt>
   <trkpt lat="-26.2515390" lon="-51.1004310">
    <ele>748.7</ele>
   </trkpt>
   <trkpt lat="-26.2515360" lon="-51.1004380">
    <ele>748.7</ele>
   </trkpt>
   <trkpt lat="-26.2515140" lon="-51.1004760">
    <ele>748.7</ele>
   </trkpt>
   <trkpt lat="-26.2515060" lon="-51.1004920">
    <ele>748.7</ele>
   </trkpt>
   <trkpt lat="-26.2514920" lon="-51.1005370">
    <ele>748.7</ele>
   </trkpt>
   <trkpt lat="-26.2514740" lon="-51.1005870">
    <ele>748.7</ele>
   </trkpt>
   <trkpt lat="-26.2514570" lon="-51.1006370">
    <ele>748.7</ele>
   </trkpt>
   <trkpt lat="-26.2514300" lon="-51.1006890">
    <ele>748.7</ele>
   </trkpt>
   <trkpt lat="-26.2514050" lon="-51.1007430">
    <ele>748.7</ele>
   </trkpt>
   <trkpt lat="-26.2513800" lon="-51.1008000">
    <ele>748.6</ele>
   </trkpt>
   <trkpt lat="-26.2513610" lon="-51.1008590">
    <ele>748.6</ele>
   </trkpt>
   <trkpt lat="-26.2513410" lon="-51.1009190">
    <ele>748.6</ele>
   </trkpt>
   <trkpt lat="-26.2513300" lon="-51.1009800">
    <ele>748.6</ele>
   </trkpt>
   <trkpt lat="-26.2513160" lon="-51.1010380">
    <ele>748.6</ele>
   </trkpt>
   <trkpt lat="-26.2513130" lon="-51.1010920">
    <ele>748.5</ele>
   </trkpt>
   <trkpt lat="-26.2513080" lon="-51.1011420">
    <ele>748.5</ele>
   </trkpt>
   <trkpt lat="-26.2512970" lon="-51.1011850">
    <ele>748.5</ele>
   </trkpt>
   <trkpt lat="-26.2512850" lon="-51.1012190">
    <ele>748.5</ele>
   </trkpt>
   <trkpt lat="-26.2512800" lon="-51.1012770">
    <ele>748.4</ele>
   </trkpt>
   <trkpt lat="-26.2512960" lon="-51.1013340">
    <ele>748.4</ele>
   </trkpt>
   <trkpt lat="-26.2513080" lon="-51.1013940">
    <ele>748.4</ele>
   </trkpt>
   <trkpt lat="-26.2513200" lon="-51.1014520">
    <ele>748.3</ele>
   </trkpt>
   <trkpt lat="-26.2513370" lon="-51.1015150">
    <ele>748.3</ele>
   </trkpt>
   <trkpt lat="-26.2513460" lon="-51.1015840">
    <ele>748.3</ele>
   </trkpt>
   <trkpt lat="-26.2513570" lon="-51.1016520">
    <ele>748.2</ele>
   </trkpt>
   <trkpt lat="-26.2513680" lon="-51.1017190">
    <ele>748.2</ele>
   </trkpt>
   <trkpt lat="-26.2513770" lon="-51.1017860">
    <ele>748.2</ele>
   </trkpt>
   <trkpt lat="-26.2513910" lon="-51.1018530">
    <ele>748.1</ele>
   </trkpt>
   <trkpt lat="-26.2514060" lon="-51.1019190">
    <ele>748.1</ele>
   </trkpt>
   <trkpt lat="-26.2514190" lon="-51.1019890">
    <ele>748.1</ele>
   </trkpt>
   <trkpt lat="-26.2514410" lon="-51.1020430">
    <ele>748.1</ele>
   </trkpt>
   <trkpt lat="-26.2514550" lon="-51.1021200">
    <ele>748.1</ele>
   </trkpt>
   <trkpt lat="-26.2514720" lon="-51.1021810">
    <ele>748.1</ele>
   </trkpt>
   <trkpt lat="-26.2514930" lon="-51.1022400">
    <ele>748.1</ele>
   </trkpt>
   <trkpt lat="-26.2515210" lon="-51.1023170">
    <ele>748.1</ele>
   </trkpt>
   <trkpt lat="-26.2515730" lon="-51.1023750">
    <ele>748.1</ele>
   </trkpt>
   <trkpt lat="-26.2516010" lon="-51.1024320">
    <ele>748.1</ele>
   </trkpt>
   <trkpt lat="-26.2516220" lon="-51.1024890">
    <ele>748.1</ele>
   </trkpt>
   <trkpt lat="-26.2516460" lon="-51.1025650">
    <ele>748.2</ele>
   </trkpt>
   <trkpt lat="-26.2516670" lon="-51.1026450">
    <ele>748.3</ele>
   </trkpt>
   <trkpt lat="-26.2516900" lon="-51.1027080">
    <ele>748.4</ele>
   </trkpt>
   <trkpt lat="-26.2517120" lon="-51.1027730">
    <ele>748.4</ele>
   </trkpt>
   <trkpt lat="-26.2517320" lon="-51.1028480">
    <ele>748.4</ele>
   </trkpt>
   <trkpt lat="-26.2517500" lon="-51.1029140">
    <ele>748.4</ele>
   </trkpt>
   <trkpt lat="-26.2517720" lon="-51.1029840">
    <ele>748.4</ele>
   </trkpt>
   <trkpt lat="-26.2517900" lon="-51.1030560">
    <ele>748.4</ele>
   </trkpt>
   <trkpt lat="-26.2518080" lon="-51.1031280">
    <ele>748.4</ele>
   </trkpt>
   <trkpt lat="-26.2518250" lon="-51.1032020">
    <ele>748.4</ele>
   </trkpt>
   <trkpt lat="-26.2518410" lon="-51.1032760">
    <ele>748.4</ele>
   </trkpt>
   <trkpt lat="-26.2518540" lon="-51.1033450">
    <ele>748.5</ele>
   </trkpt>
   <trkpt lat="-26.2518650" lon="-51.1034280">
    <ele>748.5</ele>
   </trkpt>
   <trkpt lat="-26.2518730" lon="-51.1035000">
    <ele>748.5</ele>
   </trkpt>
   <trkpt lat="-26.2518830" lon="-51.1035750">
    <ele>748.5</ele>
   </trkpt>
   <trkpt lat="-26.2518930" lon="-51.1036510">
    <ele>748.5</ele>
   </trkpt>
   <trkpt lat="-26.2519000" lon="-51.1037280">
    <ele>748.5</ele>
   </trkpt>
   <trkpt lat="-26.2519070" lon="-51.1037990">
    <ele>748.6</ele>
   </trkpt>
   <trkpt lat="-26.2519140" lon="-51.1038690">
    <ele>748.6</ele>
   </trkpt>
   <trkpt lat="-26.2519140" lon="-51.1039440">
    <ele>748.7</ele>
   </trkpt>
   <trkpt lat="-26.2519130" lon="-51.1040190">
    <ele>748.7</ele>
   </trkpt>
   <trkpt lat="-26.2519080" lon="-51.1040940">
    <ele>748.8</ele>
   </trkpt>
   <trkpt lat="-26.2518990" lon="-51.1041660">
    <ele>748.9</ele>
   </trkpt>
   <trkpt lat="-26.2518860" lon="-51.1042330">
    <ele>748.9</ele>
   </trkpt>
   <trkpt lat="-26.2518800" lon="-51.1043060">
    <ele>749.1</ele>
   </trkpt>
   <trkpt lat="-26.2518680" lon="-51.1043780">
    <ele>749.2</ele>
   </trkpt>
   <trkpt lat="-26.2518470" lon="-51.1044470">
    <ele>749.3</ele>
   </trkpt>
   <trkpt lat="-26.2518320" lon="-51.1045160">
    <ele>749.5</ele>
   </trkpt>
   <trkpt lat="-26.2518120" lon="-51.1045760">
    <ele>749.6</ele>
   </trkpt>
   <trkpt lat="-26.2517940" lon="-51.1046400">
    <ele>749.7</ele>
   </trkpt>
   <trkpt lat="-26.2517690" lon="-51.1047040">
    <ele>749.9</ele>
   </trkpt>
   <trkpt lat="-26.2517410" lon="-51.1047590">
    <ele>750.0</ele>
   </trkpt>
   <trkpt lat="-26.2517140" lon="-51.1048150">
    <ele>750.1</ele>
   </trkpt>
   <trkpt lat="-26.2516880" lon="-51.1048720">
    <ele>750.2</ele>
   </trkpt>
   <trkpt lat="-26.2516560" lon="-51.1049320">
    <ele>750.4</ele>
   </trkpt>
   <trkpt lat="-26.2516290" lon="-51.1049900">
    <ele>750.5</ele>
   </trkpt>
   <trkpt lat="-26.2515970" lon="-51.1050470">
    <ele>750.7</ele>
   </trkpt>
   <trkpt lat="-26.2515640" lon="-51.1051050">
    <ele>750.8</ele>
   </trkpt>
   <trkpt lat="-26.2515330" lon="-51.1051600">
    <ele>751.0</ele>
   </trkpt>
   <trkpt lat="-26.2515030" lon="-51.1052230">
    <ele>751.1</ele>
   </trkpt>
   <trkpt lat="-26.2514740" lon="-51.1052820">
    <ele>751.3</ele>
   </trkpt>
   <trkpt lat="-26.2514370" lon="-51.1053440">
    <ele>751.4</ele>
   </trkpt>
   <trkpt lat="-26.2514100" lon="-51.1054010">
    <ele>751.5</ele>
   </trkpt>
   <trkpt lat="-26.2513810" lon="-51.1054580">
    <ele>751.6</ele>
   </trkpt>
   <trkpt lat="-26.2513500" lon="-51.1055170">
    <ele>751.8</ele>
   </trkpt>
   <trkpt lat="-26.2513240" lon="-51.1055770">
    <ele>751.9</ele>
   </trkpt>
   <trkpt lat="-26.2512940" lon="-51.1056370">
    <ele>752.1</ele>
   </trkpt>
   <trkpt lat="-26.2512660" lon="-51.1056970">
    <ele>752.3</ele>
   </trkpt>
   <trkpt lat="-26.2512390" lon="-51.1057540">
    <ele>752.5</ele>
   </trkpt>
   <trkpt lat="-26.2512150" lon="-51.1058160">
    <ele>752.6</ele>
   </trkpt>
   <trkpt lat="-26.2511920" lon="-51.1058760">
    <ele>752.8</ele>
   </trkpt>
   <trkpt lat="-26.2511710" lon="-51.1059350">
    <ele>752.9</ele>
   </trkpt>
   <trkpt lat="-26.2511470" lon="-51.1059990">
    <ele>753.1</ele>
   </trkpt>
   <trkpt lat="-26.2511250" lon="-51.1060650">
    <ele>753.3</ele>
   </trkpt>
   <trkpt lat="-26.2511040" lon="-51.1061300">
    <ele>753.4</ele>
   </trkpt>
   <trkpt lat="-26.2510930" lon="-51.1061900">
    <ele>753.6</ele>
   </trkpt>
   <trkpt lat="-26.2510700" lon="-51.1062580">
    <ele>753.8</ele>
   </trkpt>
   <trkpt lat="-26.2510530" lon="-51.1063240">
    <ele>753.9</ele>
   </trkpt>
   <trkpt lat="-26.2510310" lon="-51.1063910">
    <ele>754.1</ele>
   </trkpt>
   <trkpt lat="-26.2510200" lon="-51.1064580">
    <ele>754.3</ele>
   </trkpt>
   <trkpt lat="-26.2510040" lon="-51.1065290">
    <ele>754.5</ele>
   </trkpt>
   <trkpt lat="-26.2509870" lon="-51.1065950">
    <ele>754.6</ele>
   </trkpt>
   <trkpt lat="-26.2509690" lon="-51.1066590">
    <ele>754.8</ele>
   </trkpt>
   <trkpt lat="-26.2509540" lon="-51.1067250">
    <ele>755.0</ele>
   </trkpt>
   <trkpt lat="-26.2509380" lon="-51.1067900">
    <ele>755.1</ele>
   </trkpt>
   <trkpt lat="-26.2509240" lon="-51.1068540">
    <ele>755.3</ele>
   </trkpt>
   <trkpt lat="-26.2509080" lon="-51.1069190">
    <ele>755.5</ele>
   </trkpt>
   <trkpt lat="-26.2508930" lon="-51.1069840">
    <ele>755.6</ele>
   </trkpt>
   <trkpt lat="-26.2508780" lon="-51.1070470">
    <ele>755.8</ele>
   </trkpt>
   <trkpt lat="-26.2508580" lon="-51.1071100">
    <ele>755.9</ele>
   </trkpt>
   <trkpt lat="-26.2508380" lon="-51.1071750">
    <ele>756.1</ele>
   </trkpt>
   <trkpt lat="-26.2508180" lon="-51.1072400">
    <ele>756.3</ele>
   </trkpt>
   <trkpt lat="-26.2508050" lon="-51.1073020">
    <ele>756.5</ele>
   </trkpt>
   <trkpt lat="-26.2507870" lon="-51.1073650">
    <ele>756.7</ele>
   </trkpt>
   <trkpt lat="-26.2507750" lon="-51.1074240">
    <ele>756.9</ele>
   </trkpt>
   <trkpt lat="-26.2507570" lon="-51.1074880">
    <ele>757.1</ele>
   </trkpt>
   <trkpt lat="-26.2507350" lon="-51.1075470">
    <ele>757.2</ele>
   </trkpt>
   <trkpt lat="-26.2507230" lon="-51.1076110">
    <ele>757.4</ele>
   </trkpt>
   <trkpt lat="-26.2507070" lon="-51.1076710">
    <ele>757.5</ele>
   </trkpt>
   <trkpt lat="-26.2506870" lon="-51.1077310">
    <ele>757.7</ele>
   </trkpt>
   <trkpt lat="-26.2506690" lon="-51.1077930">
    <ele>757.8</ele>
   </trkpt>
   <trkpt lat="-26.2506520" lon="-51.1078520">
    <ele>757.9</ele>
   </trkpt>
   <trkpt lat="-26.2506310" lon="-51.1079160">
    <ele>758.0</ele>
   </trkpt>
   <trkpt lat="-26.2506100" lon="-51.1079800">
    <ele>758.0</ele>
   </trkpt>
   <trkpt lat="-26.2505880" lon="-51.1080400">
    <ele>758.0</ele>
   </trkpt>
   <trkpt lat="-26.2505730" lon="-51.1081000">
    <ele>758.0</ele>
   </trkpt>
   <trkpt lat="-26.2505530" lon="-51.1081610">
    <ele>757.9</ele>
   </trkpt>
   <trkpt lat="-26.2505330" lon="-51.1082230">
    <ele>757.9</ele>
   </trkpt>
   <trkpt lat="-26.2505140" lon="-51.1082830">
    <ele>757.8</ele>
   </trkpt>
   <trkpt lat="-26.2504970" lon="-51.1083390">
    <ele>757.7</ele>
   </trkpt>
   <trkpt lat="-26.2504810" lon="-51.1083940">
    <ele>757.6</ele>
   </trkpt>
   <trkpt lat="-26.2504670" lon="-51.1084470">
    <ele>757.5</ele>
   </trkpt>
   <trkpt lat="-26.2504520" lon="-51.1085030">
    <ele>757.3</ele>
   </trkpt>
   <trkpt lat="-26.2504360" lon="-51.1085670">
    <ele>757.2</ele>
   </trkpt>
   <trkpt lat="-26.2504250" lon="-51.1086410">
    <ele>757.0</ele>
   </trkpt>
   <trkpt lat="-26.2504130" lon="-51.1087140">
    <ele>756.9</ele>
   </trkpt>
   <trkpt lat="-26.2503970" lon="-51.1087840">
    <ele>756.7</ele>
   </trkpt>
   <trkpt lat="-26.2503790" lon="-51.1088550">
    <ele>756.6</ele>
   </trkpt>
   <trkpt lat="-26.2503520" lon="-51.1089240">
    <ele>756.4</ele>
   </trkpt>
   <trkpt lat="-26.2503200" lon="-51.1089890">
    <ele>756.3</ele>
   </trkpt>
   <trkpt lat="-26.2502920" lon="-51.1090580">
    <ele>756.1</ele>
   </trkpt>
   <trkpt lat="-26.2502670" lon="-51.1091300">
    <ele>756.0</ele>
   </trkpt>
   <trkpt lat="-26.2502480" lon="-51.1092050">
    <ele>755.8</ele>
   </trkpt>
   <trkpt lat="-26.2502220" lon="-51.1092870">
    <ele>755.6</ele>
   </trkpt>
   <trkpt lat="-26.2502110" lon="-51.1093600">
    <ele>755.5</ele>
   </trkpt>
   <trkpt lat="-26.2501990" lon="-51.1094430">
    <ele>755.3</ele>
   </trkpt>
   <trkpt lat="-26.2501870" lon="-51.1095260">
    <ele>755.1</ele>
   </trkpt>
   <trkpt lat="-26.2501800" lon="-51.1096120">
    <ele>754.8</ele>
   </trkpt>
   <trkpt lat="-26.2501770" lon="-51.1096980">
    <ele>754.6</ele>
   </trkpt>
   <trkpt lat="-26.2501790" lon="-51.1097830">
    <ele>754.4</ele>
   </trkpt>
   <trkpt lat="-26.2501850" lon="-51.1098700">
    <ele>754.2</ele>
   </trkpt>
   <trkpt lat="-26.2501920" lon="-51.1099550">
    <ele>754.0</ele>
   </trkpt>
   <trkpt lat="-26.2501930" lon="-51.1100400">
    <ele>753.8</ele>
   </trkpt>
   <trkpt lat="-26.2502020" lon="-51.1101290">
    <ele>753.6</ele>
   </trkpt>
   <trkpt lat="-26.2502140" lon="-51.1102140">
    <ele>753.4</ele>
   </trkpt>
   <trkpt lat="-26.2502240" lon="-51.1102980">
    <ele>753.3</ele>
   </trkpt>
   <trkpt lat="-26.2502420" lon="-51.1103840">
    <ele>753.1</ele>
   </trkpt>
   <trkpt lat="-26.2502570" lon="-51.1104740">
    <ele>752.9</ele>
   </trkpt>
   <trkpt lat="-26.2502770" lon="-51.1105630">
    <ele>752.9</ele>
   </trkpt>
   <trkpt lat="-26.2502990" lon="-51.1106490">
    <ele>752.8</ele>
   </trkpt>
   <trkpt lat="-26.2503250" lon="-51.1107430">
    <ele>752.7</ele>
   </trkpt>
   <trkpt lat="-26.2503410" lon="-51.1108320">
    <ele>752.6</ele>
   </trkpt>
   <trkpt lat="-26.2503670" lon="-51.1109200">
    <ele>752.5</ele>
   </trkpt>
   <trkpt lat="-26.2503880" lon="-51.1110020">
    <ele>752.5</ele>
   </trkpt>
   <trkpt lat="-26.2504130" lon="-51.1110870">
    <ele>752.5</ele>
   </trkpt>
   <trkpt lat="-26.2504350" lon="-51.1111740">
    <ele>752.5</ele>
   </trkpt>
   <trkpt lat="-26.2504560" lon="-51.1112600">
    <ele>752.5</ele>
   </trkpt>
   <trkpt lat="-26.2504770" lon="-51.1113430">
    <ele>752.5</ele>
   </trkpt>
   <trkpt lat="-26.2504990" lon="-51.1114270">
    <ele>752.6</ele>
   </trkpt>
   <trkpt lat="-26.2505200" lon="-51.1115110">
    <ele>752.7</ele>
   </trkpt>
   <trkpt lat="-26.2505400" lon="-51.1115980">
    <ele>752.7</ele>
   </trkpt>
   <trkpt lat="-26.2505600" lon="-51.1116830">
    <ele>752.7</ele>
   </trkpt>
   <trkpt lat="-26.2505790" lon="-51.1117570">
    <ele>752.8</ele>
   </trkpt>
   <trkpt lat="-26.2506010" lon="-51.1118440">
    <ele>752.8</ele>
   </trkpt>
   <trkpt lat="-26.2506250" lon="-51.1119230">
    <ele>752.9</ele>
   </trkpt>
   <trkpt lat="-26.2506440" lon="-51.1120040">
    <ele>752.9</ele>
   </trkpt>
   <trkpt lat="-26.2506630" lon="-51.1120820">
    <ele>752.9</ele>
   </trkpt>
   <trkpt lat="-26.2506850" lon="-51.1121620">
    <ele>753.0</ele>
   </trkpt>
   <trkpt lat="-26.2507020" lon="-51.1122460">
    <ele>753.0</ele>
   </trkpt>
   <trkpt lat="-26.2507240" lon="-51.1123200">
    <ele>753.0</ele>
   </trkpt>
   <trkpt lat="-26.2507340" lon="-51.1124170">
    <ele>753.0</ele>
   </trkpt>
   <trkpt lat="-26.2507660" lon="-51.1124780">
    <ele>753.0</ele>
   </trkpt>
   <trkpt lat="-26.2507850" lon="-51.1125580">
    <ele>753.1</ele>
   </trkpt>
   <trkpt lat="-26.2508060" lon="-51.1126420">
    <ele>753.1</ele>
   </trkpt>
   <trkpt lat="-26.2508250" lon="-51.1127170">
    <ele>753.2</ele>
   </trkpt>
   <trkpt lat="-26.2508430" lon="-51.1128010">
    <ele>753.3</ele>
   </trkpt>
   <trkpt lat="-26.2508650" lon="-51.1128830">
    <ele>753.3</ele>
   </trkpt>
   <trkpt lat="-26.2508860" lon="-51.1129610">
    <ele>753.4</ele>
   </trkpt>
   <trkpt lat="-26.2509050" lon="-51.1130400">
    <ele>753.5</ele>
   </trkpt>
   <trkpt lat="-26.2509250" lon="-51.1131180">
    <ele>753.5</ele>
   </trkpt>
   <trkpt lat="-26.2509460" lon="-51.1131990">
    <ele>753.6</ele>
   </trkpt>
   <trkpt lat="-26.2509680" lon="-51.1132790">
    <ele>753.6</ele>
   </trkpt>
   <trkpt lat="-26.2509900" lon="-51.1133570">
    <ele>753.6</ele>
   </trkpt>
   <trkpt lat="-26.2510080" lon="-51.1134340">
    <ele>753.6</ele>
   </trkpt>
   <trkpt lat="-26.2510280" lon="-51.1135120">
    <ele>753.6</ele>
   </trkpt>
   <trkpt lat="-26.2510500" lon="-51.1135880">
    <ele>753.7</ele>
   </trkpt>
   <trkpt lat="-26.2510690" lon="-51.1136640">
    <ele>753.7</ele>
   </trkpt>
   <trkpt lat="-26.2510900" lon="-51.1137400">
    <ele>753.6</ele>
   </trkpt>
   <trkpt lat="-26.2511080" lon="-51.1138180">
    <ele>753.6</ele>
   </trkpt>
   <trkpt lat="-26.2511280" lon="-51.1138960">
    <ele>753.5</ele>
   </trkpt>
   <trkpt lat="-26.2511480" lon="-51.1139750">
    <ele>753.5</ele>
   </trkpt>
   <trkpt lat="-26.2511650" lon="-51.1140520">
    <ele>753.5</ele>
   </trkpt>
   <trkpt lat="-26.2511820" lon="-51.1141320">
    <ele>753.5</ele>
   </trkpt>
   <trkpt lat="-26.2511980" lon="-51.1142110">
    <ele>753.4</ele>
   </trkpt>
   <trkpt lat="-26.2512100" lon="-51.1142910">
    <ele>753.4</ele>
   </trkpt>
   <trkpt lat="-26.2512270" lon="-51.1143730">
    <ele>753.3</ele>
   </trkpt>
   <trkpt lat="-26.2512400" lon="-51.1144530">
    <ele>753.3</ele>
   </trkpt>
   <trkpt lat="-26.2512530" lon="-51.1145340">
    <ele>753.3</ele>
   </trkpt>
   <trkpt lat="-26.2512680" lon="-51.1146130">
    <ele>753.3</ele>
   </trkpt>
   <trkpt lat="-26.2512830" lon="-51.1146950">
    <ele>753.2</ele>
   </trkpt>
   <trkpt lat="-26.2512970" lon="-51.1147750">
    <ele>753.2</ele>
   </trkpt>
   <trkpt lat="-26.2513060" lon="-51.1148610">
    <ele>753.1</ele>
   </trkpt>
   <trkpt lat="-26.2513180" lon="-51.1149410">
    <ele>753.1</ele>
   </trkpt>
   <trkpt lat="-26.2513260" lon="-51.1150220">
    <ele>753.0</ele>
   </trkpt>
   <trkpt lat="-26.2513360" lon="-51.1151020">
    <ele>753.0</ele>
   </trkpt>
   <trkpt lat="-26.2513460" lon="-51.1151790">
    <ele>753.0</ele>
   </trkpt>
   <trkpt lat="-26.2513510" lon="-51.1152620">
    <ele>753.0</ele>
   </trkpt>
   <trkpt lat="-26.2513590" lon="-51.1153430">
    <ele>752.9</ele>
   </trkpt>
   <trkpt lat="-26.2513650" lon="-51.1154230">
    <ele>753.0</ele>
   </trkpt>
   <trkpt lat="-26.2513710" lon="-51.1155020">
    <ele>753.0</ele>
   </trkpt>
   <trkpt lat="-26.2513770" lon="-51.1155800">
    <ele>753.0</ele>
   </trkpt>
   <trkpt lat="-26.2513820" lon="-51.1156580">
    <ele>753.0</ele>
   </trkpt>
   <trkpt lat="-26.2513860" lon="-51.1157390">
    <ele>753.0</ele>
   </trkpt>
   <trkpt lat="-26.2513910" lon="-51.1158190">
    <ele>753.0</ele>
   </trkpt>
   <trkpt lat="-26.2513950" lon="-51.1158980">
    <ele>753.0</ele>
   </trkpt>
   <trkpt lat="-26.2514010" lon="-51.1159750">
    <ele>753.0</ele>
   </trkpt>
   <trkpt lat="-26.2514060" lon="-51.1160520">
    <ele>753.0</ele>
   </trkpt>
   <trkpt lat="-26.2514090" lon="-51.1161300">
    <ele>753.0</ele>
   </trkpt>
   <trkpt lat="-26.2514150" lon="-51.1162060">
    <ele>753.0</ele>
   </trkpt>
   <trkpt lat="-26.2514180" lon="-51.1162820">
    <ele>753.0</ele>
   </trkpt>
   <trkpt lat="-26.2514180" lon="-51.1163600">
    <ele>753.0</ele>
   </trkpt>
   <trkpt lat="-26.2514220" lon="-51.1164340">
    <ele>753.0</ele>
   </trkpt>
   <trkpt lat="-26.2514240" lon="-51.1165100">
    <ele>753.0</ele>
   </trkpt>
   <trkpt lat="-26.2514280" lon="-51.1165860">
    <ele>753.0</ele>
   </trkpt>
   <trkpt lat="-26.2514310" lon="-51.1166590">
    <ele>753.0</ele>
   </trkpt>
   <trkpt lat="-26.2514260" lon="-51.1167340">
    <ele>753.1</ele>
   </trkpt>
   <trkpt lat="-26.2514220" lon="-51.1168060">
    <ele>753.1</ele>
   </trkpt>
   <trkpt lat="-26.2514210" lon="-51.1168750">
    <ele>753.1</ele>
   </trkpt>
   <trkpt lat="-26.2514250" lon="-51.1169460">
    <ele>753.2</ele>
   </trkpt>
   <trkpt lat="-26.2514410" lon="-51.1170130">
    <ele>753.2</ele>
   </trkpt>
   <trkpt lat="-26.2514570" lon="-51.1170770">
    <ele>753.2</ele>
   </trkpt>
   <trkpt lat="-26.2514740" lon="-51.1171430">
    <ele>753.2</ele>
   </trkpt>
   <trkpt lat="-26.2514880" lon="-51.1172110">
    <ele>753.3</ele>
   </trkpt>
   <trkpt lat="-26.2514910" lon="-51.1172800">
    <ele>753.4</ele>
   </trkpt>
   <trkpt lat="-26.2514920" lon="-51.1173430">
    <ele>753.5</ele>
   </trkpt>
   <trkpt lat="-26.2514830" lon="-51.1174080">
    <ele>753.7</ele>
   </trkpt>
   <trkpt lat="-26.2514710" lon="-51.1174720">
    <ele>753.8</ele>
   </trkpt>
   <trkpt lat="-26.2514610" lon="-51.1175310">
    <ele>754.0</ele>
   </trkpt>
   <trkpt lat="-26.2514530" lon="-51.1175920">
    <ele>754.2</ele>
   </trkpt>
   <trkpt lat="-26.2514450" lon="-51.1176500">
    <ele>754.5</ele>
   </trkpt>
   <trkpt lat="-26.2514330" lon="-51.1177090">
    <ele>754.8</ele>
   </trkpt>
   <trkpt lat="-26.2514180" lon="-51.1177650">
    <ele>755.1</ele>
   </trkpt>
   <trkpt lat="-26.2514070" lon="-51.1178180">
    <ele>755.4</ele>
   </trkpt>
   <trkpt lat="-26.2513940" lon="-51.1178690">
    <ele>755.8</ele>
   </trkpt>
   <trkpt lat="-26.2513850" lon="-51.1179180">
    <ele>756.1</ele>
   </trkpt>
   <trkpt lat="-26.2513750" lon="-51.1179680">
    <ele>756.6</ele>
   </trkpt>
   <trkpt lat="-26.2513680" lon="-51.1180060">
    <ele>756.9</ele>
   </trkpt>
   <trkpt lat="-26.2513500" lon="-51.1180490">
    <ele>757.4</ele>
   </trkpt>
   <trkpt lat="-26.2513390" lon="-51.1180850">
    <ele>757.8</ele>
   </trkpt>
   <trkpt lat="-26.2513380" lon="-51.1181240">
    <ele>758.2</ele>
   </trkpt>
   <trkpt lat="-26.2513310" lon="-51.1181600">
    <ele>758.6</ele>
   </trkpt>
   <trkpt lat="-26.2513180" lon="-51.1182050">
    <ele>759.1</ele>
   </trkpt>
   <trkpt lat="-26.2513150" lon="-51.1182220">
    <ele>759.3</ele>
   </trkpt>
   <trkpt lat="-26.2513020" lon="-51.1182500">
    <ele>759.7</ele>
   </trkpt>
   <trkpt lat="-26.2512820" lon="-51.1182890">
    <ele>760.2</ele>
   </trkpt>
   <trkpt lat="-26.2512740" lon="-51.1183020">
    <ele>760.4</ele>
   </trkpt>
   <trkpt lat="-26.2512600" lon="-51.1183450">
    <ele>760.9</ele>
   </trkpt>
   <trkpt lat="-26.2512550" lon="-51.1183630">
    <ele>761.1</ele>
   </trkpt>
   <trkpt lat="-26.2512370" lon="-51.1183990">
    <ele>761.6</ele>
   </trkpt>
   <trkpt lat="-26.2512340" lon="-51.1184150">
    <ele>761.8</ele>
   </trkpt>
   <trkpt lat="-26.2512270" lon="-51.1184490">
    <ele>762.2</ele>
   </trkpt>
   <trkpt lat="-26.2512090" lon="-51.1184890">
    <ele>762.8</ele>
   </trkpt>
   <trkpt lat="-26.2511990" lon="-51.1185020">
    <ele>763.0</ele>
   </trkpt>
   <trkpt lat="-26.2511850" lon="-51.1185430">
    <ele>763.5</ele>
   </trkpt>
   <trkpt lat="-26.2511760" lon="-51.1185570">
    <ele>763.7</ele>
   </trkpt>
   <trkpt lat="-26.2511590" lon="-51.1185930">
    <ele>764.2</ele>
   </trkpt>
   <trkpt lat="-26.2511540" lon="-51.1186040">
    <ele>764.4</ele>
   </trkpt>
   <trkpt lat="-26.2511340" lon="-51.1186390">
    <ele>764.9</ele>
   </trkpt>
   <trkpt lat="-26.2511140" lon="-51.1186710">
    <ele>765.3</ele>
   </trkpt>
   <trkpt lat="-26.2510880" lon="-51.1187000">
    <ele>765.8</ele>
   </trkpt>
   <trkpt lat="-26.2510820" lon="-51.1187100">
    <ele>766.0</ele>
   </trkpt>
   <trkpt lat="-26.2510640" lon="-51.1187450">
    <ele>766.4</ele>
   </trkpt>
   <trkpt lat="-26.2510570" lon="-51.1187590">
    <ele>766.6</ele>
   </trkpt>
   <trkpt lat="-26.2510420" lon="-51.1187930">
    <ele>767.0</ele>
   </trkpt>
   <trkpt lat="-26.2510350" lon="-51.1188270">
    <ele>767.4</ele>
   </trkpt>
   <trkpt lat="-26.2510270" lon="-51.1188570">
    <ele>767.8</ele>
   </trkpt>
   <trkpt lat="-26.2510140" lon="-51.1188960">
    <ele>768.2</ele>
   </trkpt>
   <trkpt lat="-26.2510040" lon="-51.1189280">
    <ele>768.6</ele>
   </trkpt>
   <trkpt lat="-26.2509890" lon="-51.1189580">
    <ele>768.9</ele>
   </trkpt>
   <trkpt lat="-26.2509900" lon="-51.1189880">
    <ele>769.2</ele>
   </trkpt>
   <trkpt lat="-26.2509920" lon="-51.1190240">
    <ele>769.6</ele>
   </trkpt>
   <trkpt lat="-26.2509930" lon="-51.1190550">
    <ele>769.9</ele>
   </trkpt>
   <trkpt lat="-26.2509880" lon="-51.1190880">
    <ele>770.3</ele>
   </trkpt>
   <trkpt lat="-26.2509840" lon="-51.1191240">
    <ele>770.7</ele>
   </trkpt>
   <trkpt lat="-26.2509850" lon="-51.1191640">
    <ele>771.1</ele>
   </trkpt>
   <trkpt lat="-26.2509840" lon="-51.1191780">
    <ele>771.3</ele>
   </trkpt>
   <trkpt lat="-26.2509840" lon="-51.1192200">
    <ele>771.7</ele>
   </trkpt>
   <trkpt lat="-26.2509840" lon="-51.1192330">
    <ele>771.8</ele>
   </trkpt>
   <trkpt lat="-26.2509780" lon="-51.1192710">
    <ele>772.2</ele>
   </trkpt>
   <trkpt lat="-26.2509660" lon="-51.1193130">
    <ele>772.6</ele>
   </trkpt>
   <trkpt lat="-26.2509620" lon="-51.1193280">
    <ele>772.8</ele>
   </trkpt>
   <trkpt lat="-26.2509510" lon="-51.1193590">
    <ele>773.1</ele>
   </trkpt>
   <trkpt lat="-26.2509470" lon="-51.1193980">
    <ele>773.4</ele>
   </trkpt>
   <trkpt lat="-26.2509320" lon="-51.1194260">
    <ele>773.7</ele>
   </trkpt>
   <trkpt lat="-26.2509180" lon="-51.1194610">
    <ele>774.0</ele>
   </trkpt>
   <trkpt lat="-26.2509060" lon="-51.1195020">
    <ele>774.4</ele>
   </trkpt>
   <trkpt lat="-26.2509010" lon="-51.1195180">
    <ele>774.5</ele>
   </trkpt>
   <trkpt lat="-26.2508870" lon="-51.1195450">
    <ele>774.8</ele>
   </trkpt>
   <trkpt lat="-26.2508720" lon="-51.1195750">
    <ele>775.1</ele>
   </trkpt>
   <trkpt lat="-26.2508620" lon="-51.1196080">
    <ele>775.3</ele>
   </trkpt>
   <trkpt lat="-26.2508550" lon="-51.1196380">
    <ele>775.6</ele>
   </trkpt>
   <trkpt lat="-26.2508450" lon="-51.1196670">
    <ele>775.8</ele>
   </trkpt>
   <trkpt lat="-26.2508290" lon="-51.1196980">
    <ele>776.1</ele>
   </trkpt>
   <trkpt lat="-26.2508130" lon="-51.1197370">
    <ele>776.4</ele>
   </trkpt>
   <trkpt lat="-26.2508070" lon="-51.1197500">
    <ele>776.6</ele>
   </trkpt>
   <trkpt lat="-26.2507960" lon="-51.1197820">
    <ele>776.8</ele>
   </trkpt>
   <trkpt lat="-26.2507840" lon="-51.1198260">
    <ele>777.2</ele>
   </trkpt>
   <trkpt lat="-26.2507760" lon="-51.1198470">
    <ele>777.4</ele>
   </trkpt>
   <trkpt lat="-26.2507570" lon="-51.1198760">
    <ele>777.7</ele>
   </trkpt>
   <trkpt lat="-26.2507460" lon="-51.1199190">
    <ele>778.0</ele>
   </trkpt>
   <trkpt lat="-26.2507400" lon="-51.1199340">
    <ele>778.2</ele>
   </trkpt>
   <trkpt lat="-26.2507290" lon="-51.1199630">
    <ele>778.5</ele>
   </trkpt>
   <trkpt lat="-26.2507090" lon="-51.1199940">
    <ele>778.8</ele>
   </trkpt>
   <trkpt lat="-26.2507010" lon="-51.1199990">
    <ele>778.9</ele>
   </trkpt>
   <trkpt lat="-26.2506990" lon="-51.1200450">
    <ele>779.4</ele>
   </trkpt>
   <trkpt lat="-26.2506870" lon="-51.1200850">
    <ele>779.8</ele>
   </trkpt>
   <trkpt lat="-26.2506730" lon="-51.1201140">
    <ele>780.1</ele>
   </trkpt>
   <trkpt lat="-26.2506630" lon="-51.1201440">
    <ele>780.5</ele>
   </trkpt>
   <trkpt lat="-26.2506490" lon="-51.1201700">
    <ele>780.8</ele>
   </trkpt>
   <trkpt lat="-26.2506350" lon="-51.1201960">
    <ele>781.1</ele>
   </trkpt>
   <trkpt lat="-26.2506280" lon="-51.1202320">
    <ele>781.4</ele>
   </trkpt>
   <trkpt lat="-26.2506050" lon="-51.1202620">
    <ele>781.8</ele>
   </trkpt>
   <trkpt lat="-26.2505950" lon="-51.1202910">
    <ele>782.1</ele>
   </trkpt>
   <trkpt lat="-26.2505850" lon="-51.1203230">
    <ele>782.4</ele>
   </trkpt>
   <trkpt lat="-26.2505660" lon="-51.1203460">
    <ele>782.7</ele>
   </trkpt>
   <trkpt lat="-26.2505640" lon="-51.1203880">
    <ele>783.0</ele>
   </trkpt>
   <trkpt lat="-26.2505570" lon="-51.1204220">
    <ele>783.3</ele>
   </trkpt>
   <trkpt lat="-26.2505490" lon="-51.1204600">
    <ele>783.6</ele>
   </trkpt>
   <trkpt lat="-26.2505420" lon="-51.1204920">
    <ele>783.9</ele>
   </trkpt>
   <trkpt lat="-26.2505380" lon="-51.1205270">
    <ele>784.1</ele>
   </trkpt>
   <trkpt lat="-26.2505340" lon="-51.1205620">
    <ele>784.4</ele>
   </trkpt>
   <trkpt lat="-26.2505320" lon="-51.1205920">
    <ele>784.6</ele>
   </trkpt>
   <trkpt lat="-26.2505340" lon="-51.1206270">
    <ele>784.9</ele>
   </trkpt>
   <trkpt lat="-26.2505410" lon="-51.1206570">
    <ele>785.1</ele>
   </trkpt>
   <trkpt lat="-26.2505390" lon="-51.1206910">
    <ele>785.4</ele>
   </trkpt>
   <trkpt lat="-26.2505460" lon="-51.1207210">
    <ele>785.6</ele>
   </trkpt>
   <trkpt lat="-26.2505620" lon="-51.1207620">
    <ele>785.9</ele>
   </trkpt>
   <trkpt lat="-26.2505700" lon="-51.1207770">
    <ele>786.1</ele>
   </trkpt>
   <trkpt lat="-26.2505800" lon="-51.1208060">
    <ele>786.3</ele>
   </trkpt>
   <trkpt lat="-26.2505860" lon="-51.1208370">
    <ele>786.5</ele>
   </trkpt>
   <trkpt lat="-26.2505970" lon="-51.1208730">
    <ele>786.8</ele>
   </trkpt>
   <trkpt lat="-26.2506030" lon="-51.1208860">
    <ele>786.9</ele>
   </trkpt>
   <trkpt lat="-26.2506260" lon="-51.1209190">
    <ele>787.2</ele>
   </trkpt>
   <trkpt lat="-26.2506420" lon="-51.1209460">
    <ele>787.4</ele>
   </trkpt>
   <trkpt lat="-26.2506500" lon="-51.1209810">
    <ele>787.7</ele>
   </trkpt>
   <trkpt lat="-26.2506600" lon="-51.1210110">
    <ele>787.9</ele>
   </trkpt>
   <trkpt lat="-26.2506770" lon="-51.1210360">
    <ele>788.1</ele>
   </trkpt>
   <trkpt lat="-26.2506950" lon="-51.1210630">
    <ele>788.3</ele>
   </trkpt>
   <trkpt lat="-26.2507140" lon="-51.1210880">
    <ele>788.5</ele>
   </trkpt>
   <trkpt lat="-26.2507290" lon="-51.1211220">
    <ele>788.7</ele>
   </trkpt>
   <trkpt lat="-26.2507480" lon="-51.1211500">
    <ele>788.9</ele>
   </trkpt>
   <trkpt lat="-26.2507640" lon="-51.1211820">
    <ele>789.1</ele>
   </trkpt>
   <trkpt lat="-26.2507770" lon="-51.1212140">
    <ele>789.3</ele>
   </trkpt>
   <trkpt lat="-26.2507900" lon="-51.1212480">
    <ele>789.5</ele>
   </trkpt>
   <trkpt lat="-26.2508090" lon="-51.1212810">
    <ele>789.7</ele>
   </trkpt>
   <trkpt lat="-26.2508240" lon="-51.1213120">
    <ele>789.9</ele>
   </trkpt>
   <trkpt lat="-26.2508430" lon="-51.1213460">
    <ele>790.2</ele>
   </trkpt>
   <trkpt lat="-26.2508580" lon="-51.1213790">
    <ele>790.4</ele>
   </trkpt>
   <trkpt lat="-26.2508740" lon="-51.1214080">
    <ele>790.6</ele>
   </trkpt>
   <trkpt lat="-26.2508940" lon="-51.1214370">
    <ele>790.8</ele>
   </trkpt>
   <trkpt lat="-26.2509070" lon="-51.1214680">
    <ele>791.1</ele>
   </trkpt>
   <trkpt lat="-26.2509250" lon="-51.1214980">
    <ele>791.3</ele>
   </trkpt>
   <trkpt lat="-26.2509470" lon="-51.1215330">
    <ele>791.5</ele>
   </trkpt>
   <trkpt lat="-26.2509570" lon="-51.1215420">
    <ele>791.5</ele>
   </trkpt>
   <trkpt lat="-26.2509780" lon="-51.1215730">
    <ele>791.7</ele>
   </trkpt>
   <trkpt lat="-26.2509910" lon="-51.1216010">
    <ele>791.9</ele>
   </trkpt>
   <trkpt lat="-26.2510080" lon="-51.1216270">
    <ele>792.0</ele>
   </trkpt>
   <trkpt lat="-26.2510270" lon="-51.1216490">
    <ele>792.2</ele>
   </trkpt>
   <trkpt lat="-26.2510520" lon="-51.1216770">
    <ele>792.3</ele>
   </trkpt>
   <trkpt lat="-26.2510730" lon="-51.1216970">
    <ele>792.5</ele>
   </trkpt>
   <trkpt lat="-26.2511000" lon="-51.1217210">
    <ele>792.6</ele>
   </trkpt>
   <trkpt lat="-26.2511240" lon="-51.1217420">
    <ele>792.8</ele>
   </trkpt>
   <trkpt lat="-26.2511470" lon="-51.1217640">
    <ele>792.9</ele>
   </trkpt>
   <trkpt lat="-26.2511700" lon="-51.1217850">
    <ele>793.0</ele>
   </trkpt>
   <trkpt lat="-26.2511960" lon="-51.1218070">
    <ele>793.1</ele>
   </trkpt>
   <trkpt lat="-26.2512250" lon="-51.1218280">
    <ele>793.1</ele>
   </trkpt>
   <trkpt lat="-26.2512560" lon="-51.1218480">
    <ele>793.1</ele>
   </trkpt>
   <trkpt lat="-26.2512990" lon="-51.1218760">
    <ele>793.1</ele>
   </trkpt>
   <trkpt lat="-26.2513300" lon="-51.1218920">
    <ele>793.1</ele>
   </trkpt>
   <trkpt lat="-26.2513570" lon="-51.1219060">
    <ele>793.0</ele>
   </trkpt>
   <trkpt lat="-26.2514070" lon="-51.1219340">
    <ele>792.9</ele>
   </trkpt>
   <trkpt lat="-26.2514660" lon="-51.1219560">
    <ele>792.7</ele>
   </trkpt>
   <trkpt lat="-26.2515160" lon="-51.1219770">
    <ele>792.5</ele>
   </trkpt>
   <trkpt lat="-26.2515750" lon="-51.1220020">
    <ele>792.3</ele>
   </trkpt>
   <trkpt lat="-26.2516340" lon="-51.1220290">
    <ele>792.1</ele>
   </trkpt>
   <trkpt lat="-26.2516860" lon="-51.1220640">
    <ele>791.9</ele>
   </trkpt>
   <trkpt lat="-26.2517360" lon="-51.1221000">
    <ele>791.7</ele>
   </trkpt>
   <trkpt lat="-26.2517820" lon="-51.1221450">
    <ele>791.6</ele>
   </trkpt>
   <trkpt lat="-26.2518310" lon="-51.1221910">
    <ele>791.4</ele>
   </trkpt>
   <trkpt lat="-26.2518750" lon="-51.1222410">
    <ele>791.3</ele>
   </trkpt>
   <trkpt lat="-26.2519230" lon="-51.1222910">
    <ele>791.1</ele>
   </trkpt>
   <trkpt lat="-26.2519660" lon="-51.1223420">
    <ele>790.9</ele>
   </trkpt>
   <trkpt lat="-26.2520090" lon="-51.1223950">
    <ele>790.5</ele>
   </trkpt>
   <trkpt lat="-26.2520540" lon="-51.1224480">
    <ele>790.1</ele>
   </trkpt>
   <trkpt lat="-26.2520950" lon="-51.1225040">
    <ele>789.6</ele>
   </trkpt>
   <trkpt lat="-26.2521420" lon="-51.1225630">
    <ele>788.9</ele>
   </trkpt>
   <trkpt lat="-26.2521880" lon="-51.1226320">
    <ele>788.0</ele>
   </trkpt>
   <trkpt lat="-26.2522370" lon="-51.1227020">
    <ele>787.1</ele>
   </trkpt>
   <trkpt lat="-26.2522890" lon="-51.1227760">
    <ele>786.1</ele>
   </trkpt>
   <trkpt lat="-26.2523460" lon="-51.1228570">
    <ele>785.0</ele>
   </trkpt>
   <trkpt lat="-26.2524070" lon="-51.1229440">
    <ele>783.9</ele>
   </trkpt>
   <trkpt lat="-26.2524680" lon="-51.1230300">
    <ele>782.9</ele>
   </trkpt>
   <trkpt lat="-26.2525360" lon="-51.1231190">
    <ele>782.0</ele>
   </trkpt>
   <trkpt lat="-26.2526020" lon="-51.1232110">
    <ele>781.1</ele>
   </trkpt>
   <trkpt lat="-26.2526720" lon="-51.1233040">
    <ele>780.4</ele>
   </trkpt>
   <trkpt lat="-26.2527420" lon="-51.1233970">
    <ele>779.6</ele>
   </trkpt>
   <trkpt lat="-26.2528100" lon="-51.1234900">
    <ele>778.9</ele>
   </trkpt>
   <trkpt lat="-26.2528780" lon="-51.1235820">
    <ele>778.6</ele>
   </trkpt>
   <trkpt lat="-26.2529390" lon="-51.1236750">
    <ele>778.3</ele>
   </trkpt>
   <trkpt lat="-26.2530120" lon="-51.1237620">
    <ele>778.0</ele>
   </trkpt>
   <trkpt lat="-26.2530720" lon="-51.1238560">
    <ele>777.7</ele>
   </trkpt>
   <trkpt lat="-26.2531250" lon="-51.1239460">
    <ele>777.1</ele>
   </trkpt>
   <trkpt lat="-26.2531770" lon="-51.1240580">
    <ele>776.3</ele>
   </trkpt>
   <trkpt lat="-26.2532160" lon="-51.1241690">
    <ele>775.5</ele>
   </trkpt>
   <trkpt lat="-26.2532460" lon="-51.1242870">
    <ele>774.8</ele>
   </trkpt>
   <trkpt lat="-26.2532750" lon="-51.1244060">
    <ele>774.1</ele>
   </trkpt>
   <trkpt lat="-26.2533060" lon="-51.1245140">
    <ele>773.4</ele>
   </trkpt>
   <trkpt lat="-26.2533440" lon="-51.1246290">
    <ele>772.7</ele>
   </trkpt>
   <trkpt lat="-26.2533790" lon="-51.1247450">
    <ele>772.1</ele>
   </trkpt>
   <trkpt lat="-26.2534170" lon="-51.1248620">
    <ele>771.5</ele>
   </trkpt>
   <trkpt lat="-26.2534520" lon="-51.1249780">
    <ele>771.0</ele>
   </trkpt>
   <trkpt lat="-26.2534820" lon="-51.1251000">
    <ele>770.6</ele>
   </trkpt>
   <trkpt lat="-26.2535180" lon="-51.1252250">
    <ele>770.3</ele>
   </trkpt>
   <trkpt lat="-26.2535470" lon="-51.1253330">
    <ele>770.2</ele>
   </trkpt>
   <trkpt lat="-26.2535750" lon="-51.1254490">
    <ele>770.0</ele>
   </trkpt>
   <trkpt lat="-26.2536060" lon="-51.1255610">
    <ele>770.0</ele>
   </trkpt>
   <trkpt lat="-26.2536400" lon="-51.1256650">
    <ele>769.9</ele>
   </trkpt>
   <trkpt lat="-26.2536800" lon="-51.1257610">
    <ele>769.8</ele>
   </trkpt>
   <trkpt lat="-26.2537290" lon="-51.1258500">
    <ele>769.8</ele>
   </trkpt>
   <trkpt lat="-26.2538000" lon="-51.1259180">
    <ele>769.6</ele>
   </trkpt>
   <trkpt lat="-26.2538800" lon="-51.1259730">
    <ele>769.3</ele>
   </trkpt>
   <trkpt lat="-26.2539520" lon="-51.1260200">
    <ele>769.0</ele>
   </trkpt>
   <trkpt lat="-26.2540450" lon="-51.1260630">
    <ele>768.5</ele>
   </trkpt>
   <trkpt lat="-26.2541280" lon="-51.1261200">
    <ele>767.9</ele>
   </trkpt>
   <trkpt lat="-26.2542150" lon="-51.1261660">
    <ele>767.1</ele>
   </trkpt>
   <trkpt lat="-26.2543010" lon="-51.1262060">
    <ele>766.3</ele>
   </trkpt>
   <trkpt lat="-26.2543900" lon="-51.1262600">
    <ele>765.5</ele>
   </trkpt>
   <trkpt lat="-26.2544850" lon="-51.1263090">
    <ele>764.6</ele>
   </trkpt>
   <trkpt lat="-26.2545820" lon="-51.1263510">
    <ele>763.6</ele>
   </trkpt>
   <trkpt lat="-26.2546900" lon="-51.1263930">
    <ele>762.6</ele>
   </trkpt>
   <trkpt lat="-26.2547980" lon="-51.1264080">
    <ele>761.8</ele>
   </trkpt>
   <trkpt lat="-26.2549120" lon="-51.1264260">
    <ele>761.1</ele>
   </trkpt>
   <trkpt lat="-26.2550210" lon="-51.1264340">
    <ele>760.6</ele>
   </trkpt>
   <trkpt lat="-26.2551300" lon="-51.1264300">
    <ele>760.1</ele>
   </trkpt>
   <trkpt lat="-26.2552330" lon="-51.1264180">
    <ele>759.6</ele>
   </trkpt>
   <trkpt lat="-26.2553380" lon="-51.1264160">
    <ele>759.3</ele>
   </trkpt>
   <trkpt lat="-26.2554490" lon="-51.1264330">
    <ele>759.0</ele>
   </trkpt>
   <trkpt lat="-26.2555510" lon="-51.1264530">
    <ele>758.7</ele>
   </trkpt>
   <trkpt lat="-26.2556450" lon="-51.1264890">
    <ele>758.3</ele>
   </trkpt>
   <trkpt lat="-26.2557320" lon="-51.1265440">
    <ele>757.8</ele>
   </trkpt>
   <trkpt lat="-26.2557980" lon="-51.1266240">
    <ele>757.2</ele>
   </trkpt>
   <trkpt lat="-26.2558510" lon="-51.1267210">
    <ele>756.4</ele>
   </trkpt>
   <trkpt lat="-26.2559070" lon="-51.1268220">
    <ele>755.6</ele>
   </trkpt>
   <trkpt lat="-26.2559630" lon="-51.1269140">
    <ele>754.9</ele>
   </trkpt>
   <trkpt lat="-26.2560180" lon="-51.1270150">
    <ele>754.3</ele>
   </trkpt>
   <trkpt lat="-26.2560700" lon="-51.1271270">
    <ele>753.8</ele>
   </trkpt>
   <trkpt lat="-26.2561180" lon="-51.1272290">
    <ele>753.4</ele>
   </trkpt>
   <trkpt lat="-26.2561710" lon="-51.1273280">
    <ele>753.1</ele>
   </trkpt>
   <trkpt lat="-26.2562140" lon="-51.1274340">
    <ele>752.8</ele>
   </trkpt>
   <trkpt lat="-26.2562590" lon="-51.1275380">
    <ele>752.6</ele>
   </trkpt>
   <trkpt lat="-26.2563020" lon="-51.1276360">
    <ele>752.5</ele>
   </trkpt>
   <trkpt lat="-26.2563460" lon="-51.1277350">
    <ele>752.4</ele>
   </trkpt>
   <trkpt lat="-26.2563920" lon="-51.1278200">
    <ele>752.4</ele>
   </trkpt>
   <trkpt lat="-26.2564520" lon="-51.1278940">
    <ele>752.4</ele>
   </trkpt>
   <trkpt lat="-26.2564950" lon="-51.1279750">
    <ele>752.4</ele>
   </trkpt>
   <trkpt lat="-26.2565330" lon="-51.1280680">
    <ele>752.2</ele>
   </trkpt>
   <trkpt lat="-26.2565720" lon="-51.1281540">
    <ele>752.1</ele>
   </trkpt>
   <trkpt lat="-26.2566180" lon="-51.1282380">
    <ele>752.1</ele>
   </trkpt>
   <trkpt lat="-26.2566620" lon="-51.1283230">
    <ele>752.2</ele>
   </trkpt>
   <trkpt lat="-26.2567080" lon="-51.1284060">
    <ele>752.3</ele>
   </trkpt>
   <trkpt lat="-26.2567500" lon="-51.1284920">
    <ele>752.5</ele>
   </trkpt>
   <trkpt lat="-26.2567870" lon="-51.1285680">
    <ele>752.7</ele>
   </trkpt>
   <trkpt lat="-26.2568230" lon="-51.1286410">
    <ele>752.8</ele>
   </trkpt>
   <trkpt lat="-26.2568630" lon="-51.1287130">
    <ele>752.9</ele>
   </trkpt>
   <trkpt lat="-26.2569110" lon="-51.1287770">
    <ele>753.1</ele>
   </trkpt>
   <trkpt lat="-26.2569560" lon="-51.1288400">
    <ele>753.2</ele>
   </trkpt>
   <trkpt lat="-26.2570090" lon="-51.1289090">
    <ele>753.3</ele>
   </trkpt>
   <trkpt lat="-26.2570590" lon="-51.1289700">
    <ele>753.4</ele>
   </trkpt>
   <trkpt lat="-26.2571120" lon="-51.1290310">
    <ele>753.5</ele>
   </trkpt>
   <trkpt lat="-26.2571540" lon="-51.1290850">
    <ele>753.6</ele>
   </trkpt>
   <trkpt lat="-26.2572190" lon="-51.1291360">
    <ele>753.8</ele>
   </trkpt>
   <trkpt lat="-26.2572770" lon="-51.1291920">
    <ele>754.1</ele>
   </trkpt>
   <trkpt lat="-26.2573310" lon="-51.1292460">
    <ele>754.4</ele>
   </trkpt>
   <trkpt lat="-26.2573890" lon="-51.1292920">
    <ele>754.8</ele>
   </trkpt>
   <trkpt lat="-26.2574430" lon="-51.1293350">
    <ele>755.2</ele>
   </trkpt>
   <trkpt lat="-26.2575010" lon="-51.1293710">
    <ele>755.7</ele>
   </trkpt>
   <trkpt lat="-26.2575550" lon="-51.1294000">
    <ele>756.1</ele>
   </trkpt>
   <trkpt lat="-26.2576170" lon="-51.1294180">
    <ele>756.6</ele>
   </trkpt>
   <trkpt lat="-26.2576720" lon="-51.1294270">
    <ele>757.2</ele>
   </trkpt>
   <trkpt lat="-26.2577240" lon="-51.1294330">
    <ele>757.7</ele>
   </trkpt>
   <trkpt lat="-26.2577740" lon="-51.1294320">
    <ele>758.2</ele>
   </trkpt>
   <trkpt lat="-26.2578190" lon="-51.1294220">
    <ele>758.7</ele>
   </trkpt>
   <trkpt lat="-26.2578580" lon="-51.1294110">
    <ele>759.1</ele>
   </trkpt>
   <trkpt lat="-26.2578940" lon="-51.1293980">
    <ele>759.5</ele>
   </trkpt>
   <trkpt lat="-26.2579310" lon="-51.1293810">
    <ele>759.9</ele>
   </trkpt>
   <trkpt lat="-26.2579580" lon="-51.1293650">
    <ele>760.2</ele>
   </trkpt>
   <trkpt lat="-26.2580000" lon="-51.1293500">
    <ele>760.7</ele>
   </trkpt>
   <trkpt lat="-26.2580350" lon="-51.1293310">
    <ele>761.0</ele>
   </trkpt>
   <trkpt lat="-26.2580650" lon="-51.1293190">
    <ele>761.3</ele>
   </trkpt>
   <trkpt lat="-26.2580970" lon="-51.1293080">
    <ele>761.6</ele>
   </trkpt>
   <trkpt lat="-26.2581240" lon="-51.1293010">
    <ele>761.9</ele>
   </trkpt>
   <trkpt lat="-26.2581530" lon="-51.1292910">
    <ele>762.2</ele>
   </trkpt>
   <trkpt lat="-26.2581770" lon="-51.1292740">
    <ele>762.4</ele>
   </trkpt>
   <trkpt lat="-26.2582200" lon="-51.1292620">
    <ele>762.8</ele>
   </trkpt>
   <trkpt lat="-26.2582380" lon="-51.1292560">
    <ele>763.0</ele>
   </trkpt>
   <trkpt lat="-26.2582740" lon="-51.1292270">
    <ele>763.4</ele>
   </trkpt>
   <trkpt lat="-26.2582920" lon="-51.1292200">
    <ele>763.5</ele>
   </trkpt>
   <trkpt lat="-26.2583270" lon="-51.1292070">
    <ele>763.9</ele>
   </trkpt>
   <trkpt lat="-26.2583540" lon="-51.1291950">
    <ele>764.2</ele>
   </trkpt>
   <trkpt lat="-26.2583870" lon="-51.1291770">
    <ele>764.7</ele>
   </trkpt>
   <trkpt lat="-26.2583990" lon="-51.1291710">
    <ele>764.8</ele>
   </trkpt>
   <trkpt lat="-26.2584240" lon="-51.1291580">
    <ele>765.1</ele>
   </trkpt>
   <trkpt lat="-26.2584600" lon="-51.1291430">
    <ele>765.6</ele>
   </trkpt>
   <trkpt lat="-26.2584730" lon="-51.1291390">
    <ele>765.8</ele>
   </trkpt>
   <trkpt lat="-26.2585020" lon="-51.1291390">
    <ele>766.2</ele>
   </trkpt>
   <trkpt lat="-26.2585290" lon="-51.1291460">
    <ele>766.5</ele>
   </trkpt>
   <trkpt lat="-26.2585650" lon="-51.1291620">
    <ele>767.0</ele>
   </trkpt>
   <trkpt lat="-26.2585770" lon="-51.1291700">
    <ele>767.2</ele>
   </trkpt>
   <trkpt lat="-26.2585950" lon="-51.1291950">
    <ele>767.6</ele>
   </trkpt>
   <trkpt lat="-26.2585970" lon="-51.1292300">
    <ele>767.9</ele>
   </trkpt>
   <trkpt lat="-26.2585970" lon="-51.1292430">
    <ele>768.1</ele>
   </trkpt>
   <trkpt lat="-26.2585970" lon="-51.1292780">
    <ele>768.4</ele>
   </trkpt>
   <trkpt lat="-26.2585970" lon="-51.1292870">
    <ele>768.5</ele>
   </trkpt>
   <trkpt lat="-26.2585900" lon="-51.1293190">
    <ele>768.8</ele>
   </trkpt>
   <trkpt lat="-26.2585860" lon="-51.1293310">
    <ele>768.9</ele>
   </trkpt>
   <trkpt lat="-26.2585800" lon="-51.1293480">
    <ele>769.1</ele>
   </trkpt>
   <trkpt lat="-26.2585730" lon="-51.1293660">
    <ele>769.2</ele>
   </trkpt>
   <trkpt lat="-26.2585600" lon="-51.1293850">
    <ele>769.4</ele>
   </trkpt>
   <trkpt lat="-26.2585520" lon="-51.1293900">
    <ele>769.5</ele>
   </trkpt>
   <trkpt lat="-26.2585330" lon="-51.1294160">
    <ele>769.7</ele>
   </trkpt>
   <trkpt lat="-26.2585300" lon="-51.1294220">
    <ele>769.7</ele>
   </trkpt>
   <trkpt lat="-26.2585100" lon="-51.1294470">
    <ele>769.9</ele>
   </trkpt>
   <trkpt lat="-26.2584990" lon="-51.1294580">
    <ele>769.9</ele>
   </trkpt>
   <trkpt lat="-26.2584800" lon="-51.1294670">
    <ele>770.0</ele>
   </trkpt>
   <trkpt lat="-26.2584590" lon="-51.1294910">
    <ele>770.2</ele>
   </trkpt>
   <trkpt lat="-26.2584420" lon="-51.1295130">
    <ele>770.3</ele>
   </trkpt>
   <trkpt lat="-26.2584350" lon="-51.1295240">
    <ele>770.3</ele>
   </trkpt>
   <trkpt lat="-26.2584050" lon="-51.1295530">
    <ele>770.4</ele>
   </trkpt>
   <trkpt lat="-26.2583960" lon="-51.1295660">
    <ele>770.4</ele>
   </trkpt>
   <trkpt lat="-26.2583580" lon="-51.1296020">
    <ele>770.5</ele>
   </trkpt>
   <trkpt lat="-26.2583290" lon="-51.1296280">
    <ele>770.6</ele>
   </trkpt>
   <trkpt lat="-26.2583060" lon="-51.1296490">
    <ele>770.7</ele>
   </trkpt>
   <trkpt lat="-26.2582800" lon="-51.1296690">
    <ele>770.8</ele>
   </trkpt>
   <trkpt lat="-26.2582570" lon="-51.1296960">
    <ele>770.9</ele>
   </trkpt>
   <trkpt lat="-26.2582370" lon="-51.1297210">
    <ele>771.1</ele>
   </trkpt>
   <trkpt lat="-26.2582110" lon="-51.1297420">
    <ele>771.2</ele>
   </trkpt>
   <trkpt lat="-26.2581910" lon="-51.1297680">
    <ele>771.4</ele>
   </trkpt>
   <trkpt lat="-26.2581690" lon="-51.1297970">
    <ele>771.6</ele>
   </trkpt>
   <trkpt lat="-26.2581460" lon="-51.1298220">
    <ele>771.8</ele>
   </trkpt>
   <trkpt lat="-26.2581300" lon="-51.1298470">
    <ele>771.9</ele>
   </trkpt>
   <trkpt lat="-26.2581120" lon="-51.1298730">
    <ele>772.1</ele>
   </trkpt>
   <trkpt lat="-26.2580950" lon="-51.1299020">
    <ele>772.3</ele>
   </trkpt>
   <trkpt lat="-26.2580750" lon="-51.1299300">
    <ele>772.6</ele>
   </trkpt>
   <trkpt lat="-26.2580520" lon="-51.1299660">
    <ele>772.9</ele>
   </trkpt>
   <trkpt lat="-26.2580430" lon="-51.1299790">
    <ele>773.0</ele>
   </trkpt>
   <trkpt lat="-26.2580220" lon="-51.1300160">
    <ele>773.4</ele>
   </trkpt>
   <trkpt lat="-26.2580120" lon="-51.1300290">
    <ele>773.5</ele>
   </trkpt>
   <trkpt lat="-26.2579870" lon="-51.1300510">
    <ele>773.8</ele>
   </trkpt>
   <trkpt lat="-26.2579630" lon="-51.1300750">
    <ele>774.2</ele>
   </trkpt>
   <trkpt lat="-26.2579520" lon="-51.1301060">
    <ele>774.5</ele>
   </trkpt>
   <trkpt lat="-26.2579340" lon="-51.1301310">
    <ele>774.8</ele>
   </trkpt>
   <trkpt lat="-26.2579130" lon="-51.1301540">
    <ele>775.2</ele>
   </trkpt>
   <trkpt lat="-26.2579000" lon="-51.1301900">
    <ele>775.6</ele>
   </trkpt>
   <trkpt lat="-26.2578960" lon="-51.1302020">
    <ele>775.7</ele>
   </trkpt>
   <trkpt lat="-26.2578830" lon="-51.1302290">
    <ele>776.0</ele>
   </trkpt>
   <trkpt lat="-26.2578670" lon="-51.1302620">
    <ele>776.4</ele>
   </trkpt>
   <trkpt lat="-26.2578610" lon="-51.1302740">
    <ele>776.6</ele>
   </trkpt>
   <trkpt lat="-26.2578440" lon="-51.1303140">
    <ele>777.0</ele>
   </trkpt>
   <trkpt lat="-26.2578380" lon="-51.1303270">
    <ele>777.2</ele>
   </trkpt>
   <trkpt lat="-26.2578240" lon="-51.1303680">
    <ele>777.6</ele>
   </trkpt>
   <trkpt lat="-26.2578200" lon="-51.1303830">
    <ele>777.8</ele>
   </trkpt>
   <trkpt lat="-26.2578110" lon="-51.1304140">
    <ele>778.1</ele>
   </trkpt>
   <trkpt lat="-26.2577990" lon="-51.1304560">
    <ele>778.5</ele>
   </trkpt>
   <trkpt lat="-26.2577970" lon="-51.1304720">
    <ele>778.6</ele>
   </trkpt>
   <trkpt lat="-26.2577930" lon="-51.1305010">
    <ele>778.9</ele>
   </trkpt>
   <trkpt lat="-26.2577910" lon="-51.1305180">
    <ele>779.1</ele>
   </trkpt>
   <trkpt lat="-26.2577840" lon="-51.1305560">
    <ele>779.4</ele>
   </trkpt>
   <trkpt lat="-26.2577800" lon="-51.1305810">
    <ele>779.6</ele>
   </trkpt>
   <trkpt lat="-26.2577720" lon="-51.1306140">
    <ele>779.9</ele>
   </trkpt>
   <trkpt lat="-26.2577690" lon="-51.1306550">
    <ele>780.2</ele>
   </trkpt>
   <trkpt lat="-26.2577680" lon="-51.1306710">
    <ele>780.3</ele>
   </trkpt>
   <trkpt lat="-26.2577680" lon="-51.1307130">
    <ele>780.6</ele>
   </trkpt>
   <trkpt lat="-26.2577670" lon="-51.1307260">
    <ele>780.7</ele>
   </trkpt>
   <trkpt lat="-26.2577700" lon="-51.1307570">
    <ele>780.9</ele>
   </trkpt>
   <trkpt lat="-26.2577690" lon="-51.1308010">
    <ele>781.2</ele>
   </trkpt>
   <trkpt lat="-26.2577680" lon="-51.1308160">
    <ele>781.3</ele>
   </trkpt>
   <trkpt lat="-26.2577670" lon="-51.1308490">
    <ele>781.6</ele>
   </trkpt>
   <trkpt lat="-26.2577650" lon="-51.1308930">
    <ele>781.9</ele>
   </trkpt>
   <trkpt lat="-26.2577640" lon="-51.1309090">
    <ele>782.0</ele>
   </trkpt>
   <trkpt lat="-26.2577680" lon="-51.1309560">
    <ele>782.3</ele>
   </trkpt>
   <trkpt lat="-26.2577700" lon="-51.1309750">
    <ele>782.5</ele>
   </trkpt>
   <trkpt lat="-26.2577800" lon="-51.1310090">
    <ele>782.7</ele>
   </trkpt>
   <trkpt lat="-26.2577860" lon="-51.1310390">
    <ele>782.9</ele>
   </trkpt>
   <trkpt lat="-26.2577920" lon="-51.1310760">
    <ele>783.2</ele>
   </trkpt>
   <trkpt lat="-26.2578050" lon="-51.1311090">
    <ele>783.5</ele>
   </trkpt>
   <trkpt lat="-26.2578110" lon="-51.1311520">
    <ele>783.8</ele>
   </trkpt>
   <trkpt lat="-26.2578110" lon="-51.1311690">
    <ele>784.0</ele>
   </trkpt>
   <trkpt lat="-26.2578210" lon="-51.1311980">
    <ele>784.2</ele>
   </trkpt>
   <trkpt lat="-26.2578350" lon="-51.1312350">
    <ele>784.6</ele>
   </trkpt>
   <trkpt lat="-26.2578400" lon="-51.1312470">
    <ele>784.7</ele>
   </trkpt>
   <trkpt lat="-26.2578510" lon="-51.1312770">
    <ele>784.9</ele>
   </trkpt>
   <trkpt lat="-26.2578700" lon="-51.1313130">
    <ele>785.3</ele>
   </trkpt>
   <trkpt lat="-26.2578740" lon="-51.1313250">
    <ele>785.4</ele>
   </trkpt>
   <trkpt lat="-26.2578820" lon="-51.1313560">
    <ele>785.6</ele>
   </trkpt>
   <trkpt lat="-26.2578960" lon="-51.1313960">
    <ele>785.9</ele>
   </trkpt>
   <trkpt lat="-26.2579020" lon="-51.1314110">
    <ele>786.0</ele>
   </trkpt>
   <trkpt lat="-26.2579150" lon="-51.1314400">
    <ele>786.3</ele>
   </trkpt>
   <trkpt lat="-26.2579320" lon="-51.1314820">
    <ele>786.6</ele>
   </trkpt>
   <trkpt lat="-26.2579400" lon="-51.1314960">
    <ele>786.7</ele>
   </trkpt>
   <trkpt lat="-26.2579530" lon="-51.1315250">
    <ele>787.0</ele>
   </trkpt>
   <trkpt lat="-26.2579690" lon="-51.1315500">
    <ele>787.2</ele>
   </trkpt>
   <trkpt lat="-26.2579760" lon="-51.1315790">
    <ele>787.4</ele>
   </trkpt>
   <trkpt lat="-26.2579860" lon="-51.1316080">
    <ele>787.6</ele>
   </trkpt>
   <trkpt lat="-26.2580020" lon="-51.1316340">
    <ele>787.8</ele>
   </trkpt>
   <trkpt lat="-26.2580130" lon="-51.1316620">
    <ele>788.0</ele>
   </trkpt>
   <trkpt lat="-26.2580270" lon="-51.1316970">
    <ele>788.2</ele>
   </trkpt>
   <trkpt lat="-26.2580410" lon="-51.1317350">
    <ele>788.5</ele>
   </trkpt>
   <trkpt lat="-26.2580460" lon="-51.1317450">
    <ele>788.5</ele>
   </trkpt>
   <trkpt lat="-26.2580670" lon="-51.1317820">
    <ele>788.8</ele>
   </trkpt>
   <trkpt lat="-26.2580810" lon="-51.1318100">
    <ele>789.0</ele>
   </trkpt>
   <trkpt lat="-26.2581000" lon="-51.1318480">
    <ele>789.3</ele>
   </trkpt>
   <trkpt lat="-26.2581070" lon="-51.1318600">
    <ele>789.4</ele>
   </trkpt>
   <trkpt lat="-26.2581260" lon="-51.1318940">
    <ele>789.6</ele>
   </trkpt>
   <trkpt lat="-26.2581340" lon="-51.1319050">
    <ele>789.7</ele>
   </trkpt>
   <trkpt lat="-26.2581510" lon="-51.1319420">
    <ele>789.9</ele>
   </trkpt>
   <trkpt lat="-26.2581710" lon="-51.1319640">
    <ele>790.1</ele>
   </trkpt>
   <trkpt lat="-26.2581900" lon="-51.1319890">
    <ele>790.3</ele>
   </trkpt>
   <trkpt lat="-26.2582120" lon="-51.1320120">
    <ele>790.6</ele>
   </trkpt>
   <trkpt lat="-26.2582350" lon="-51.1320340">
    <ele>790.8</ele>
   </trkpt>
   <trkpt lat="-26.2582640" lon="-51.1320610">
    <ele>791.1</ele>
   </trkpt>
   <trkpt lat="-26.2582730" lon="-51.1320660">
    <ele>791.2</ele>
   </trkpt>
   <trkpt lat="-26.2582960" lon="-51.1320920">
    <ele>791.4</ele>
   </trkpt>
   <trkpt lat="-26.2583180" lon="-51.1321140">
    <ele>791.7</ele>
   </trkpt>
   <trkpt lat="-26.2583360" lon="-51.1321380">
    <ele>791.9</ele>
   </trkpt>
   <trkpt lat="-26.2583660" lon="-51.1321680">
    <ele>792.2</ele>
   </trkpt>
   <trkpt lat="-26.2583760" lon="-51.1321810">
    <ele>792.4</ele>
   </trkpt>
   <trkpt lat="-26.2584010" lon="-51.1321990">
    <ele>792.6</ele>
   </trkpt>
   <trkpt lat="-26.2584270" lon="-51.1322240">
    <ele>792.9</ele>
   </trkpt>
   <trkpt lat="-26.2584540" lon="-51.1322450">
    <ele>793.1</ele>
   </trkpt>
   <trkpt lat="-26.2584760" lon="-51.1322660">
    <ele>793.3</ele>
   </trkpt>
   <trkpt lat="-26.2584960" lon="-51.1322870">
    <ele>793.5</ele>
   </trkpt>
   <trkpt lat="-26.2585160" lon="-51.1323080">
    <ele>793.7</ele>
   </trkpt>
   <trkpt lat="-26.2585380" lon="-51.1323310">
    <ele>794.0</ele>
   </trkpt>
   <trkpt lat="-26.2585600" lon="-51.1323500">
    <ele>794.1</ele>
   </trkpt>
   <trkpt lat="-26.2585830" lon="-51.1323720">
    <ele>794.4</ele>
   </trkpt>
   <trkpt lat="-26.2586060" lon="-51.1323910">
    <ele>794.5</ele>
   </trkpt>
   <trkpt lat="-26.2586320" lon="-51.1324130">
    <ele>794.8</ele>
   </trkpt>
   <trkpt lat="-26.2586540" lon="-51.1324320">
    <ele>795.0</ele>
   </trkpt>
   <trkpt lat="-26.2586730" lon="-51.1324550">
    <ele>795.2</ele>
   </trkpt>
   <trkpt lat="-26.2586920" lon="-51.1324800">
    <ele>795.4</ele>
   </trkpt>
   <trkpt lat="-26.2587110" lon="-51.1325050">
    <ele>795.5</ele>
   </trkpt>
   <trkpt lat="-26.2587330" lon="-51.1325270">
    <ele>795.8</ele>
   </trkpt>
   <trkpt lat="-26.2587560" lon="-51.1325510">
    <ele>796.0</ele>
   </trkpt>
   <trkpt lat="-26.2587750" lon="-51.1325720">
    <ele>796.2</ele>
   </trkpt>
   <trkpt lat="-26.2587920" lon="-51.1325970">
    <ele>796.4</ele>
   </trkpt>
   <trkpt lat="-26.2588130" lon="-51.1326190">
    <ele>796.6</ele>
   </trkpt>
   <trkpt lat="-26.2588350" lon="-51.1326510">
    <ele>796.9</ele>
   </trkpt>
   <trkpt lat="-26.2588420" lon="-51.1326590">
    <ele>797.0</ele>
   </trkpt>
   <trkpt lat="-26.2588680" lon="-51.1326830">
    <ele>797.3</ele>
   </trkpt>
   <trkpt lat="-26.2588780" lon="-51.1326920">
    <ele>797.5</ele>
   </trkpt>
   <trkpt lat="-26.2589040" lon="-51.1327130">
    <ele>797.8</ele>
   </trkpt>
   <trkpt lat="-26.2589110" lon="-51.1327260">
    <ele>798.0</ele>
   </trkpt>
   <trkpt lat="-26.2589420" lon="-51.1327400">
    <ele>798.3</ele>
   </trkpt>
   <trkpt lat="-26.2589520" lon="-51.1327440">
    <ele>798.5</ele>
   </trkpt>
   <trkpt lat="-26.2589820" lon="-51.1327610">
    <ele>798.9</ele>
   </trkpt>
   <trkpt lat="-26.2589940" lon="-51.1327670">
    <ele>799.0</ele>
   </trkpt>
   <trkpt lat="-26.2590190" lon="-51.1327830">
    <ele>799.4</ele>
   </trkpt>
   <trkpt lat="-26.2590440" lon="-51.1328070">
    <ele>799.9</ele>
   </trkpt>
   <trkpt lat="-26.2590560" lon="-51.1328150">
    <ele>800.1</ele>
   </trkpt>
   <trkpt lat="-26.2590850" lon="-51.1328250">
    <ele>800.4</ele>
   </trkpt>
   <trkpt lat="-26.2590970" lon="-51.1328280">
    <ele>800.6</ele>
   </trkpt>
   <trkpt lat="-26.2591260" lon="-51.1328400">
    <ele>801.0</ele>
   </trkpt>
   <trkpt lat="-26.2591350" lon="-51.1328440">
    <ele>801.1</ele>
   </trkpt>
   <trkpt lat="-26.2591680" lon="-51.1328600">
    <ele>801.6</ele>
   </trkpt>
   <trkpt lat="-26.2591780" lon="-51.1328620">
    <ele>801.7</ele>
   </trkpt>
   <trkpt lat="-26.2592100" lon="-51.1328730">
    <ele>802.0</ele>
   </trkpt>
   <trkpt lat="-26.2592230" lon="-51.1328780">
    <ele>802.2</ele>
   </trkpt>
   <trkpt lat="-26.2592510" lon="-51.1329000">
    <ele>802.5</ele>
   </trkpt>
   <trkpt lat="-26.2592600" lon="-51.1329080">
    <ele>802.6</ele>
   </trkpt>
   <trkpt lat="-26.2592900" lon="-51.1329370">
    <ele>802.9</ele>
   </trkpt>
   <trkpt lat="-26.2592980" lon="-51.1329480">
    <ele>803.0</ele>
   </trkpt>
   <trkpt lat="-26.2593190" lon="-51.1329790">
    <ele>803.2</ele>
   </trkpt>
   <trkpt lat="-26.2593250" lon="-51.1329910">
    <ele>803.3</ele>
   </trkpt>
   <trkpt lat="-26.2593410" lon="-51.1330290">
    <ele>803.5</ele>
   </trkpt>
   <trkpt lat="-26.2593450" lon="-51.1330430">
    <ele>803.6</ele>
   </trkpt>
   <trkpt lat="-26.2593610" lon="-51.1330680">
    <ele>803.7</ele>
   </trkpt>
   <trkpt lat="-26.2593650" lon="-51.1330980">
    <ele>803.9</ele>
   </trkpt>
   <trkpt lat="-26.2593710" lon="-51.1331240">
    <ele>804.0</ele>
   </trkpt>
   <trkpt lat="-26.2593760" lon="-51.1331370">
    <ele>804.1</ele>
   </trkpt>
   <trkpt lat="-26.2593870" lon="-51.1331680">
    <ele>804.2</ele>
   </trkpt>
   <trkpt lat="-26.2594000" lon="-51.1332130">
    <ele>804.4</ele>
   </trkpt>
   <trkpt lat="-26.2594060" lon="-51.1332350">
    <ele>804.5</ele>
   </trkpt>
   <trkpt lat="-26.2594090" lon="-51.1332640">
    <ele>804.7</ele>
   </trkpt>
   <trkpt lat="-26.2594100" lon="-51.1332800">
    <ele>804.7</ele>
   </trkpt>
   <trkpt lat="-26.2594170" lon="-51.1333110">
    <ele>804.9</ele>
   </trkpt>
   <trkpt lat="-26.2594250" lon="-51.1333720">
    <ele>805.2</ele>
   </trkpt>
   <trkpt lat="-26.2594260" lon="-51.1334050">
    <ele>805.3</ele>
   </trkpt>
   <trkpt lat="-26.2594270" lon="-51.1334370">
    <ele>805.4</ele>
   </trkpt>
   <trkpt lat="-26.2594320" lon="-51.1334790">
    <ele>805.6</ele>
   </trkpt>
   <trkpt lat="-26.2594370" lon="-51.1334920">
    <ele>805.7</ele>
   </trkpt>
   <trkpt lat="-26.2594340" lon="-51.1335250">
    <ele>805.8</ele>
   </trkpt>
   <trkpt lat="-26.2594300" lon="-51.1335620">
    <ele>805.9</ele>
   </trkpt>
   <trkpt lat="-26.2594200" lon="-51.1335970">
    <ele>806.1</ele>
   </trkpt>
   <trkpt lat="-26.2594110" lon="-51.1336300">
    <ele>806.2</ele>
   </trkpt>
   <trkpt lat="-26.2594010" lon="-51.1336620">
    <ele>806.3</ele>
   </trkpt>
   <trkpt lat="-26.2593970" lon="-51.1336980">
    <ele>806.4</ele>
   </trkpt>
   <trkpt lat="-26.2593900" lon="-51.1337330">
    <ele>806.5</ele>
   </trkpt>
   <trkpt lat="-26.2593700" lon="-51.1337700">
    <ele>806.6</ele>
   </trkpt>
   <trkpt lat="-26.2593500" lon="-51.1338060">
    <ele>806.7</ele>
   </trkpt>
   <trkpt lat="-26.2593330" lon="-51.1338380">
    <ele>806.9</ele>
   </trkpt>
   <trkpt lat="-26.2593120" lon="-51.1338680">
    <ele>807.0</ele>
   </trkpt>
   <trkpt lat="-26.2592870" lon="-51.1338940">
    <ele>807.1</ele>
   </trkpt>
   <trkpt lat="-26.2592610" lon="-51.1339210">
    <ele>807.2</ele>
   </trkpt>
   <trkpt lat="-26.2592320" lon="-51.1339460">
    <ele>807.4</ele>
   </trkpt>
   <trkpt lat="-26.2592030" lon="-51.1339700">
    <ele>807.6</ele>
   </trkpt>
   <trkpt lat="-26.2591740" lon="-51.1339880">
    <ele>807.8</ele>
   </trkpt>
   <trkpt lat="-26.2591410" lon="-51.1340070">
    <ele>808.0</ele>
   </trkpt>
   <trkpt lat="-26.2591120" lon="-51.1340270">
    <ele>808.2</ele>
   </trkpt>
   <trkpt lat="-26.2590810" lon="-51.1340460">
    <ele>808.4</ele>
   </trkpt>
   <trkpt lat="-26.2590480" lon="-51.1340670">
    <ele>808.6</ele>
   </trkpt>
   <trkpt lat="-26.2590150" lon="-51.1340890">
    <ele>808.9</ele>
   </trkpt>
   <trkpt lat="-26.2589890" lon="-51.1341080">
    <ele>809.0</ele>
   </trkpt>
   <trkpt lat="-26.2589620" lon="-51.1341360">
    <ele>809.2</ele>
   </trkpt>
   <trkpt lat="-26.2589330" lon="-51.1341670">
    <ele>809.4</ele>
   </trkpt>
   <trkpt lat="-26.2589130" lon="-51.1342030">
    <ele>809.6</ele>
   </trkpt>
   <trkpt lat="-26.2589020" lon="-51.1342460">
    <ele>809.8</ele>
   </trkpt>
   <trkpt lat="-26.2588880" lon="-51.1342830">
    <ele>809.9</ele>
   </trkpt>
   <trkpt lat="-26.2588730" lon="-51.1343230">
    <ele>810.1</ele>
   </trkpt>
   <trkpt lat="-26.2588660" lon="-51.1343690">
    <ele>810.2</ele>
   </trkpt>
   <trkpt lat="-26.2588580" lon="-51.1344200">
    <ele>810.4</ele>
   </trkpt>
   <trkpt lat="-26.2588550" lon="-51.1344700">
    <ele>810.5</ele>
   </trkpt>
   <trkpt lat="-26.2588540" lon="-51.1345170">
    <ele>810.7</ele>
   </trkpt>
   <trkpt lat="-26.2588590" lon="-51.1345640">
    <ele>810.8</ele>
   </trkpt>
   <trkpt lat="-26.2588660" lon="-51.1346090">
    <ele>810.9</ele>
   </trkpt>
   <trkpt lat="-26.2588770" lon="-51.1346580">
    <ele>811.1</ele>
   </trkpt>
   <trkpt lat="-26.2588900" lon="-51.1346990">
    <ele>811.2</ele>
   </trkpt>
   <trkpt lat="-26.2589060" lon="-51.1347430">
    <ele>811.4</ele>
   </trkpt>
   <trkpt lat="-26.2589240" lon="-51.1347820">
    <ele>811.5</ele>
   </trkpt>
   <trkpt lat="-26.2589460" lon="-51.1348220">
    <ele>811.7</ele>
   </trkpt>
   <trkpt lat="-26.2589660" lon="-51.1348570">
    <ele>811.8</ele>
   </trkpt>
   <trkpt lat="-26.2589890" lon="-51.1348930">
    <ele>811.9</ele>
   </trkpt>
   <trkpt lat="-26.2590100" lon="-51.1349280">
    <ele>812.1</ele>
   </trkpt>
   <trkpt lat="-26.2590320" lon="-51.1349640">
    <ele>812.2</ele>
   </trkpt>
   <trkpt lat="-26.2590570" lon="-51.1350000">
    <ele>812.4</ele>
   </trkpt>
   <trkpt lat="-26.2590790" lon="-51.1350330">
    <ele>812.5</ele>
   </trkpt>
   <trkpt lat="-26.2590960" lon="-51.1350630">
    <ele>812.6</ele>
   </trkpt>
   <trkpt lat="-26.2591110" lon="-51.1350950">
    <ele>812.7</ele>
   </trkpt>
   <trkpt lat="-26.2591270" lon="-51.1351410">
    <ele>812.9</ele>
   </trkpt>
   <trkpt lat="-26.2591410" lon="-51.1351750">
    <ele>813.0</ele>
   </trkpt>
   <trkpt lat="-26.2591520" lon="-51.1352120">
    <ele>813.1</ele>
   </trkpt>
   <trkpt lat="-26.2591650" lon="-51.1352510">
    <ele>813.2</ele>
   </trkpt>
   <trkpt lat="-26.2591700" lon="-51.1352980">
    <ele>813.3</ele>
   </trkpt>
   <trkpt lat="-26.2591740" lon="-51.1353520">
    <ele>813.5</ele>
   </trkpt>
   <trkpt lat="-26.2591800" lon="-51.1353930">
    <ele>813.6</ele>
   </trkpt>
   <trkpt lat="-26.2591800" lon="-51.1354240">
    <ele>813.7</ele>
   </trkpt>
   <trkpt lat="-26.2591880" lon="-51.1354560">
    <ele>813.8</ele>
   </trkpt>
   <trkpt lat="-26.2591850" lon="-51.1354970">
    <ele>813.9</ele>
   </trkpt>
   <trkpt lat="-26.2591760" lon="-51.1355520">
    <ele>814.1</ele>
   </trkpt>
   <trkpt lat="-26.2591730" lon="-51.1355960">
    <ele>814.2</ele>
   </trkpt>
   <trkpt lat="-26.2591710" lon="-51.1356410">
    <ele>814.4</ele>
   </trkpt>
   <trkpt lat="-26.2591630" lon="-51.1356890">
    <ele>814.5</ele>
   </trkpt>
   <trkpt lat="-26.2591580" lon="-51.1357290">
    <ele>814.7</ele>
   </trkpt>
   <trkpt lat="-26.2591540" lon="-51.1357740">
    <ele>814.9</ele>
   </trkpt>
   <trkpt lat="-26.2591460" lon="-51.1358210">
    <ele>815.1</ele>
   </trkpt>
   <trkpt lat="-26.2591360" lon="-51.1358710">
    <ele>815.3</ele>
   </trkpt>
   <trkpt lat="-26.2591330" lon="-51.1359200">
    <ele>815.6</ele>
   </trkpt>
   <trkpt lat="-26.2591340" lon="-51.1359600">
    <ele>815.8</ele>
   </trkpt>
   <trkpt lat="-26.2591320" lon="-51.1360050">
    <ele>816.0</ele>
   </trkpt>
   <trkpt lat="-26.2591350" lon="-51.1360510">
    <ele>816.3</ele>
   </trkpt>
   <trkpt lat="-26.2591440" lon="-51.1360940">
    <ele>816.6</ele>
   </trkpt>
   <trkpt lat="-26.2591510" lon="-51.1361320">
    <ele>816.9</ele>
   </trkpt>
   <trkpt lat="-26.2591550" lon="-51.1361700">
    <ele>817.2</ele>
   </trkpt>
   <trkpt lat="-26.2591620" lon="-51.1362090">
    <ele>817.4</ele>
   </trkpt>
   <trkpt lat="-26.2591740" lon="-51.1362410">
    <ele>817.7</ele>
   </trkpt>
   <trkpt lat="-26.2591840" lon="-51.1362860">
    <ele>818.0</ele>
   </trkpt>
   <trkpt lat="-26.2591930" lon="-51.1363230">
    <ele>818.3</ele>
   </trkpt>
   <trkpt lat="-26.2591990" lon="-51.1363670">
    <ele>818.6</ele>
   </trkpt>
   <trkpt lat="-26.2592080" lon="-51.1364050">
    <ele>818.8</ele>
   </trkpt>
   <trkpt lat="-26.2592120" lon="-51.1364510">
    <ele>819.2</ele>
   </trkpt>
   <trkpt lat="-26.2592240" lon="-51.1364910">
    <ele>819.5</ele>
   </trkpt>
   <trkpt lat="-26.2592360" lon="-51.1365310">
    <ele>819.9</ele>
   </trkpt>
   <trkpt lat="-26.2592470" lon="-51.1365600">
    <ele>820.1</ele>
   </trkpt>
   <trkpt lat="-26.2592530" lon="-51.1365990">
    <ele>820.5</ele>
   </trkpt>
   <trkpt lat="-26.2592660" lon="-51.1366280">
    <ele>820.8</ele>
   </trkpt>
   <trkpt lat="-26.2592780" lon="-51.1366610">
    <ele>821.1</ele>
   </trkpt>
   <trkpt lat="-26.2592940" lon="-51.1366890">
    <ele>821.4</ele>
   </trkpt>
   <trkpt lat="-26.2593090" lon="-51.1367170">
    <ele>821.7</ele>
   </trkpt>
   <trkpt lat="-26.2593210" lon="-51.1367490">
    <ele>822.0</ele>
   </trkpt>
   <trkpt lat="-26.2593410" lon="-51.1367700">
    <ele>822.3</ele>
   </trkpt>
   <trkpt lat="-26.2593570" lon="-51.1367980">
    <ele>822.6</ele>
   </trkpt>
   <trkpt lat="-26.2593760" lon="-51.1368310">
    <ele>823.0</ele>
   </trkpt>
   <trkpt lat="-26.2594020" lon="-51.1368670">
    <ele>823.4</ele>
   </trkpt>
   <trkpt lat="-26.2594130" lon="-51.1368780">
    <ele>823.5</ele>
   </trkpt>
   <trkpt lat="-26.2594380" lon="-51.1368970">
    <ele>823.8</ele>
   </trkpt>
   <trkpt lat="-26.2594590" lon="-51.1369220">
    <ele>824.0</ele>
   </trkpt>
   <trkpt lat="-26.2594710" lon="-51.1369510">
    <ele>824.2</ele>
   </trkpt>
   <trkpt lat="-26.2594850" lon="-51.1369820">
    <ele>824.4</ele>
   </trkpt>
   <trkpt lat="-26.2595070" lon="-51.1370140">
    <ele>824.7</ele>
   </trkpt>
   <trkpt lat="-26.2595260" lon="-51.1370500">
    <ele>824.8</ele>
   </trkpt>
   <trkpt lat="-26.2595520" lon="-51.1370880">
    <ele>825.0</ele>
   </trkpt>
   <trkpt lat="-26.2595770" lon="-51.1371180">
    <ele>825.2</ele>
   </trkpt>
   <trkpt lat="-26.2596000" lon="-51.1371510">
    <ele>825.3</ele>
   </trkpt>
   <trkpt lat="-26.2596250" lon="-51.1371790">
    <ele>825.4</ele>
   </trkpt>
   <trkpt lat="-26.2596500" lon="-51.1372030">
    <ele>825.5</ele>
   </trkpt>
   <trkpt lat="-26.2596750" lon="-51.1372480">
    <ele>825.7</ele>
   </trkpt>
   <trkpt lat="-26.2596980" lon="-51.1372840">
    <ele>825.8</ele>
   </trkpt>
   <trkpt lat="-26.2597120" lon="-51.1373230">
    <ele>825.9</ele>
   </trkpt>
   <trkpt lat="-26.2597400" lon="-51.1373580">
    <ele>825.9</ele>
   </trkpt>
   <trkpt lat="-26.2597670" lon="-51.1373910">
    <ele>826.0</ele>
   </trkpt>
   <trkpt lat="-26.2597920" lon="-51.1374240">
    <ele>826.1</ele>
   </trkpt>
   <trkpt lat="-26.2598210" lon="-51.1374620">
    <ele>826.1</ele>
   </trkpt>
   <trkpt lat="-26.2598510" lon="-51.1374980">
    <ele>826.2</ele>
   </trkpt>
   <trkpt lat="-26.2598750" lon="-51.1375350">
    <ele>826.2</ele>
   </trkpt>
   <trkpt lat="-26.2599040" lon="-51.1375710">
    <ele>826.3</ele>
   </trkpt>
   <trkpt lat="-26.2599330" lon="-51.1376020">
    <ele>826.4</ele>
   </trkpt>
   <trkpt lat="-26.2599650" lon="-51.1376350">
    <ele>826.4</ele>
   </trkpt>
   <trkpt lat="-26.2599980" lon="-51.1376640">
    <ele>826.5</ele>
   </trkpt>
   <trkpt lat="-26.2600280" lon="-51.1376980">
    <ele>826.6</ele>
   </trkpt>
   <trkpt lat="-26.2600580" lon="-51.1377340">
    <ele>826.7</ele>
   </trkpt>
   <trkpt lat="-26.2600930" lon="-51.1377630">
    <ele>826.8</ele>
   </trkpt>
   <trkpt lat="-26.2601290" lon="-51.1377900">
    <ele>827.0</ele>
   </trkpt>
   <trkpt lat="-26.2601630" lon="-51.1378130">
    <ele>827.1</ele>
   </trkpt>
   <trkpt lat="-26.2601930" lon="-51.1378380">
    <ele>827.3</ele>
   </trkpt>
   <trkpt lat="-26.2602320" lon="-51.1378620">
    <ele>827.5</ele>
   </trkpt>
   <trkpt lat="-26.2602670" lon="-51.1378760">
    <ele>827.7</ele>
   </trkpt>
   <trkpt lat="-26.2602980" lon="-51.1378950">
    <ele>827.9</ele>
   </trkpt>
   <trkpt lat="-26.2603470" lon="-51.1379060">
    <ele>828.2</ele>
   </trkpt>
   <trkpt lat="-26.2603760" lon="-51.1379260">
    <ele>828.5</ele>
   </trkpt>
   <trkpt lat="-26.2604050" lon="-51.1379320">
    <ele>828.7</ele>
   </trkpt>
   <trkpt lat="-26.2604390" lon="-51.1379390">
    <ele>828.9</ele>
   </trkpt>
   <trkpt lat="-26.2604700" lon="-51.1379430">
    <ele>829.1</ele>
   </trkpt>
   <trkpt lat="-26.2605030" lon="-51.1379490">
    <ele>829.4</ele>
   </trkpt>
   <trkpt lat="-26.2605410" lon="-51.1379670">
    <ele>829.6</ele>
   </trkpt>
   <trkpt lat="-26.2605730" lon="-51.1379820">
    <ele>829.8</ele>
   </trkpt>
   <trkpt lat="-26.2605990" lon="-51.1380090">
    <ele>830.0</ele>
   </trkpt>
   <trkpt lat="-26.2606180" lon="-51.1380330">
    <ele>830.2</ele>
   </trkpt>
   <trkpt lat="-26.2606570" lon="-51.1380650">
    <ele>830.5</ele>
   </trkpt>
   <trkpt lat="-26.2606660" lon="-51.1381110">
    <ele>830.7</ele>
   </trkpt>
   <trkpt lat="-26.2606720" lon="-51.1381300">
    <ele>830.8</ele>
   </trkpt>
   <trkpt lat="-26.2606800" lon="-51.1381680">
    <ele>831.0</ele>
   </trkpt>
   <trkpt lat="-26.2606870" lon="-51.1382180">
    <ele>831.3</ele>
   </trkpt>
   <trkpt lat="-26.2606940" lon="-51.1382390">
    <ele>831.4</ele>
   </trkpt>
   <trkpt lat="-26.2607030" lon="-51.1382700">
    <ele>831.5</ele>
   </trkpt>
   <trkpt lat="-26.2607220" lon="-51.1383080">
    <ele>831.7</ele>
   </trkpt>
   <trkpt lat="-26.2607300" lon="-51.1383470">
    <ele>831.9</ele>
   </trkpt>
   <trkpt lat="-26.2607510" lon="-51.1383960">
    <ele>832.0</ele>
   </trkpt>
   <trkpt lat="-26.2607690" lon="-51.1384300">
    <ele>832.2</ele>
   </trkpt>
   <trkpt lat="-26.2607900" lon="-51.1384770">
    <ele>832.3</ele>
   </trkpt>
   <trkpt lat="-26.2608070" lon="-51.1385210">
    <ele>832.4</ele>
   </trkpt>
   <trkpt lat="-26.2608220" lon="-51.1385660">
    <ele>832.5</ele>
   </trkpt>
   <trkpt lat="-26.2608370" lon="-51.1386110">
    <ele>832.6</ele>
   </trkpt>
   <trkpt lat="-26.2608520" lon="-51.1386510">
    <ele>832.7</ele>
   </trkpt>
   <trkpt lat="-26.2608640" lon="-51.1386970">
    <ele>832.8</ele>
   </trkpt>
   <trkpt lat="-26.2608720" lon="-51.1387470">
    <ele>832.9</ele>
   </trkpt>
   <trkpt lat="-26.2608920" lon="-51.1387850">
    <ele>833.0</ele>
   </trkpt>
   <trkpt lat="-26.2609030" lon="-51.1388230">
    <ele>833.1</ele>
   </trkpt>
   <trkpt lat="-26.2609240" lon="-51.1388690">
    <ele>833.3</ele>
   </trkpt>
   <trkpt lat="-26.2609460" lon="-51.1389060">
    <ele>833.4</ele>
   </trkpt>
   <trkpt lat="-26.2609660" lon="-51.1389350">
    <ele>833.5</ele>
   </trkpt>
   <trkpt lat="-26.2609830" lon="-51.1389820">
    <ele>833.7</ele>
   </trkpt>
   <trkpt lat="-26.2609970" lon="-51.1390130">
    <ele>833.8</ele>
   </trkpt>
   <trkpt lat="-26.2610180" lon="-51.1390420">
    <ele>833.9</ele>
   </trkpt>
   <trkpt lat="-26.2610420" lon="-51.1390810">
    <ele>834.1</ele>
   </trkpt>
   <trkpt lat="-26.2610630" lon="-51.1391130">
    <ele>834.3</ele>
   </trkpt>
   <trkpt lat="-26.2610850" lon="-51.1391460">
    <ele>834.5</ele>
   </trkpt>
   <trkpt lat="-26.2611060" lon="-51.1391710">
    <ele>834.6</ele>
   </trkpt>
   <trkpt lat="-26.2611300" lon="-51.1392070">
    <ele>834.9</ele>
   </trkpt>
   <trkpt lat="-26.2611540" lon="-51.1392380">
    <ele>835.1</ele>
   </trkpt>
   <trkpt lat="-26.2611730" lon="-51.1392720">
    <ele>835.4</ele>
   </trkpt>
   <trkpt lat="-26.2611950" lon="-51.1393040">
    <ele>835.6</ele>
   </trkpt>
   <trkpt lat="-26.2612190" lon="-51.1393310">
    <ele>835.9</ele>
   </trkpt>
   <trkpt lat="-26.2612430" lon="-51.1393570">
    <ele>836.2</ele>
   </trkpt>
   <trkpt lat="-26.2612630" lon="-51.1393770">
    <ele>836.4</ele>
   </trkpt>
   <trkpt lat="-26.2612870" lon="-51.1393990">
    <ele>836.7</ele>
   </trkpt>
   <trkpt lat="-26.2613100" lon="-51.1394210">
    <ele>837.0</ele>
   </trkpt>
   <trkpt lat="-26.2613370" lon="-51.1394390">
    <ele>837.3</ele>
   </trkpt>
   <trkpt lat="-26.2613690" lon="-51.1394650">
    <ele>837.7</ele>
   </trkpt>
   <trkpt lat="-26.2613780" lon="-51.1394770">
    <ele>837.8</ele>
   </trkpt>
   <trkpt lat="-26.2614140" lon="-51.1394970">
    <ele>838.3</ele>
   </trkpt>
   <trkpt lat="-26.2614270" lon="-51.1395030">
    <ele>838.4</ele>
   </trkpt>
   <trkpt lat="-26.2614530" lon="-51.1395170">
    <ele>838.7</ele>
   </trkpt>
   <trkpt lat="-26.2614780" lon="-51.1395330">
    <ele>839.0</ele>
   </trkpt>
   <trkpt lat="-26.2615060" lon="-51.1395430">
    <ele>839.4</ele>
   </trkpt>
   <trkpt lat="-26.2615280" lon="-51.1395640">
    <ele>839.7</ele>
   </trkpt>
   <trkpt lat="-26.2615590" lon="-51.1395860">
    <ele>840.2</ele>
   </trkpt>
   <trkpt lat="-26.2615700" lon="-51.1395910">
    <ele>840.3</ele>
   </trkpt>
   <trkpt lat="-26.2616050" lon="-51.1396120">
    <ele>840.8</ele>
   </trkpt>
   <trkpt lat="-26.2616180" lon="-51.1396210">
    <ele>841.0</ele>
   </trkpt>
   <trkpt lat="-26.2616500" lon="-51.1396420">
    <ele>841.5</ele>
   </trkpt>
   <trkpt lat="-26.2616610" lon="-51.1396490">
    <ele>841.7</ele>
   </trkpt>
   <trkpt lat="-26.2616960" lon="-51.1396590">
    <ele>842.2</ele>
   </trkpt>
   <trkpt lat="-26.2617080" lon="-51.1396590">
    <ele>842.4</ele>
   </trkpt>
   <trkpt lat="-26.2617400" lon="-51.1396750">
    <ele>842.9</ele>
   </trkpt>
   <trkpt lat="-26.2617490" lon="-51.1396840">
    <ele>843.1</ele>
   </trkpt>
   <trkpt lat="-26.2617750" lon="-51.1397010">
    <ele>843.5</ele>
   </trkpt>
   <trkpt lat="-26.2618060" lon="-51.1397020">
    <ele>844.0</ele>
   </trkpt>
   <trkpt lat="-26.2618350" lon="-51.1397190">
    <ele>844.5</ele>
   </trkpt>
   <trkpt lat="-26.2618500" lon="-51.1397230">
    <ele>844.7</ele>
   </trkpt>
   <trkpt lat="-26.2618830" lon="-51.1397380">
    <ele>845.3</ele>
   </trkpt>
   <trkpt lat="-26.2618940" lon="-51.1397420">
    <ele>845.4</ele>
   </trkpt>
   <trkpt lat="-26.2619260" lon="-51.1397410">
    <ele>845.9</ele>
   </trkpt>
   <trkpt lat="-26.2619500" lon="-51.1397550">
    <ele>846.2</ele>
   </trkpt>
   <trkpt lat="-26.2619850" lon="-51.1397570">
    <ele>846.6</ele>
   </trkpt>
   <trkpt lat="-26.2619990" lon="-51.1397660">
    <ele>846.8</ele>
   </trkpt>
   <trkpt lat="-26.2620360" lon="-51.1397820">
    <ele>847.1</ele>
   </trkpt>
   <trkpt lat="-26.2620510" lon="-51.1397880">
    <ele>847.3</ele>
   </trkpt>
   <trkpt lat="-26.2620780" lon="-51.1397980">
    <ele>847.5</ele>
   </trkpt>
   <trkpt lat="-26.2621050" lon="-51.1398130">
    <ele>847.7</ele>
   </trkpt>
   <trkpt lat="-26.2621410" lon="-51.1398270">
    <ele>848.0</ele>
   </trkpt>
   <trkpt lat="-26.2621530" lon="-51.1398340">
    <ele>848.0</ele>
   </trkpt>
   <trkpt lat="-26.2621850" lon="-51.1398400">
    <ele>848.2</ele>
   </trkpt>
   <trkpt lat="-26.2622160" lon="-51.1398430">
    <ele>848.4</ele>
   </trkpt>
   <trkpt lat="-26.2622500" lon="-51.1398540">
    <ele>848.5</ele>
   </trkpt>
   <trkpt lat="-26.2622830" lon="-51.1398690">
    <ele>848.6</ele>
   </trkpt>
   <trkpt lat="-26.2623160" lon="-51.1398820">
    <ele>848.8</ele>
   </trkpt>
   <trkpt lat="-26.2623470" lon="-51.1399040">
    <ele>848.9</ele>
   </trkpt>
   <trkpt lat="-26.2623780" lon="-51.1399190">
    <ele>849.1</ele>
   </trkpt>
   <trkpt lat="-26.2624040" lon="-51.1399400">
    <ele>849.2</ele>
   </trkpt>
   <trkpt lat="-26.2624300" lon="-51.1399640">
    <ele>849.4</ele>
   </trkpt>
   <trkpt lat="-26.2624580" lon="-51.1399880">
    <ele>849.6</ele>
   </trkpt>
   <trkpt lat="-26.2624830" lon="-51.1400150">
    <ele>849.7</ele>
   </trkpt>
   <trkpt lat="-26.2625040" lon="-51.1400400">
    <ele>849.9</ele>
   </trkpt>
   <trkpt lat="-26.2625220" lon="-51.1400740">
    <ele>850.1</ele>
   </trkpt>
   <trkpt lat="-26.2625400" lon="-51.1400960">
    <ele>850.3</ele>
   </trkpt>
   <trkpt lat="-26.2625530" lon="-51.1401310">
    <ele>850.5</ele>
   </trkpt>
   <trkpt lat="-26.2625640" lon="-51.1401620">
    <ele>850.6</ele>
   </trkpt>
   <trkpt lat="-26.2625720" lon="-51.1401930">
    <ele>850.8</ele>
   </trkpt>
   <trkpt lat="-26.2625770" lon="-51.1402230">
    <ele>851.0</ele>
   </trkpt>
   <trkpt lat="-26.2625850" lon="-51.1402590">
    <ele>851.1</ele>
   </trkpt>
   <trkpt lat="-26.2625830" lon="-51.1402960">
    <ele>851.3</ele>
   </trkpt>
   <trkpt lat="-26.2625790" lon="-51.1403280">
    <ele>851.5</ele>
   </trkpt>
   <trkpt lat="-26.2625630" lon="-51.1403600">
    <ele>851.7</ele>
   </trkpt>
   <trkpt lat="-26.2625470" lon="-51.1403990">
    <ele>851.9</ele>
   </trkpt>
   <trkpt lat="-26.2625330" lon="-51.1404330">
    <ele>852.1</ele>
   </trkpt>
   <trkpt lat="-26.2625210" lon="-51.1404650">
    <ele>852.3</ele>
   </trkpt>
   <trkpt lat="-26.2625050" lon="-51.1404950">
    <ele>852.6</ele>
   </trkpt>
   <trkpt lat="-26.2624890" lon="-51.1405200">
    <ele>852.8</ele>
   </trkpt>
   <trkpt lat="-26.2624590" lon="-51.1405510">
    <ele>853.1</ele>
   </trkpt>
   <trkpt lat="-26.2624480" lon="-51.1405610">
    <ele>853.2</ele>
   </trkpt>
   <trkpt lat="-26.2624200" lon="-51.1405820">
    <ele>853.5</ele>
   </trkpt>
   <trkpt lat="-26.2623960" lon="-51.1406060">
    <ele>853.7</ele>
   </trkpt>
   <trkpt lat="-26.2623740" lon="-51.1406330">
    <ele>854.0</ele>
   </trkpt>
   <trkpt lat="-26.2623510" lon="-51.1406640">
    <ele>854.3</ele>
   </trkpt>
   <trkpt lat="-26.2623220" lon="-51.1407010">
    <ele>854.6</ele>
   </trkpt>
   <trkpt lat="-26.2623090" lon="-51.1407160">
    <ele>854.8</ele>
   </trkpt>
   <trkpt lat="-26.2622800" lon="-51.1407480">
    <ele>855.1</ele>
   </trkpt>
   <trkpt lat="-26.2622700" lon="-51.1407570">
    <ele>855.2</ele>
   </trkpt>
   <trkpt lat="-26.2622480" lon="-51.1407820">
    <ele>855.4</ele>
   </trkpt>
   <trkpt lat="-26.2622290" lon="-51.1408090">
    <ele>855.6</ele>
   </trkpt>
   <trkpt lat="-26.2622100" lon="-51.1408410">
    <ele>855.8</ele>
   </trkpt>
   <trkpt lat="-26.2621860" lon="-51.1408790">
    <ele>856.0</ele>
   </trkpt>
   <trkpt lat="-26.2621790" lon="-51.1408940">
    <ele>856.1</ele>
   </trkpt>
   <trkpt lat="-26.2621630" lon="-51.1409360">
    <ele>856.4</ele>
   </trkpt>
   <trkpt lat="-26.2621580" lon="-51.1409510">
    <ele>856.4</ele>
   </trkpt>
   <trkpt lat="-26.2621420" lon="-51.1409950">
    <ele>856.7</ele>
   </trkpt>
   <trkpt lat="-26.2621340" lon="-51.1410360">
    <ele>856.9</ele>
   </trkpt>
   <trkpt lat="-26.2621340" lon="-51.1410790">
    <ele>857.1</ele>
   </trkpt>
   <trkpt lat="-26.2621460" lon="-51.1411160">
    <ele>857.4</ele>
   </trkpt>
   <trkpt lat="-26.2621440" lon="-51.1411530">
    <ele>857.6</ele>
   </trkpt>
   <trkpt lat="-26.2621440" lon="-51.1411990">
    <ele>857.8</ele>
   </trkpt>
   <trkpt lat="-26.2621460" lon="-51.1412160">
    <ele>857.9</ele>
   </trkpt>
   <trkpt lat="-26.2621420" lon="-51.1412370">
    <ele>858.1</ele>
   </trkpt>
   <trkpt lat="-26.2621480" lon="-51.1412520">
    <ele>858.2</ele>
   </trkpt>
   <trkpt lat="-26.2621480" lon="-51.1412580">
    <ele>858.2</ele>
   </trkpt>
   <trkpt lat="-26.2621490" lon="-51.1412680">
    <ele>858.3</ele>
   </trkpt>
   <trkpt lat="-26.2621490" lon="-51.1412800">
    <ele>858.3</ele>
   </trkpt>
   <trkpt lat="-26.2621490" lon="-51.1412910">
    <ele>858.4</ele>
   </trkpt>
   <trkpt lat="-26.2621510" lon="-51.1412990">
    <ele>858.5</ele>
   </trkpt>
   <trkpt lat="-26.2621500" lon="-51.1413030">
    <ele>858.5</ele>
   </trkpt>
   <trkpt lat="-26.2621540" lon="-51.1413150">
    <ele>858.6</ele>
   </trkpt>
   <trkpt lat="-26.2621550" lon="-51.1413230">
    <ele>858.6</ele>
   </trkpt>
   <trkpt lat="-26.2621550" lon="-51.1413280">
    <ele>858.7</ele>
   </trkpt>
   <trkpt lat="-26.2621570" lon="-51.1413400">
    <ele>858.8</ele>
   </trkpt>
   <trkpt lat="-26.2621640" lon="-51.1413600">
    <ele>858.9</ele>
   </trkpt>
   <trkpt lat="-26.2621790" lon="-51.1413900">
    <ele>859.2</ele>
   </trkpt>
   <trkpt lat="-26.2621840" lon="-51.1414000">
    <ele>859.3</ele>
   </trkpt>
   <trkpt lat="-26.2621890" lon="-51.1414360">
    <ele>859.6</ele>
   </trkpt>
   <trkpt lat="-26.2621900" lon="-51.1414510">
    <ele>859.7</ele>
   </trkpt>
   <trkpt lat="-26.2621980" lon="-51.1414890">
    <ele>860.0</ele>
   </trkpt>
   <trkpt lat="-26.2622000" lon="-51.1415030">
    <ele>860.2</ele>
   </trkpt>
   <trkpt lat="-26.2622040" lon="-51.1415340">
    <ele>860.4</ele>
   </trkpt>
   <trkpt lat="-26.2622060" lon="-51.1415460">
    <ele>860.6</ele>
   </trkpt>
   <trkpt lat="-26.2621970" lon="-51.1415820">
    <ele>860.9</ele>
   </trkpt>
   <trkpt lat="-26.2621940" lon="-51.1415920">
    <ele>861.0</ele>
   </trkpt>
   <trkpt lat="-26.2621900" lon="-51.1416290">
    <ele>861.4</ele>
   </trkpt>
   <trkpt lat="-26.2621900" lon="-51.1416410">
    <ele>861.5</ele>
   </trkpt>
   <trkpt lat="-26.2622010" lon="-51.1416790">
    <ele>861.9</ele>
   </trkpt>
   <trkpt lat="-26.2622050" lon="-51.1416920">
    <ele>862.1</ele>
   </trkpt>
   <trkpt lat="-26.2622130" lon="-51.1417320">
    <ele>862.5</ele>
   </trkpt>
   <trkpt lat="-26.2622150" lon="-51.1417450">
    <ele>862.6</ele>
   </trkpt>
   <trkpt lat="-26.2622180" lon="-51.1417870">
    <ele>863.0</ele>
   </trkpt>
   <trkpt lat="-26.2622170" lon="-51.1417990">
    <ele>863.1</ele>
   </trkpt>
   <trkpt lat="-26.2622220" lon="-51.1418480">
    <ele>863.6</ele>
   </trkpt>
   <trkpt lat="-26.2622220" lon="-51.1418670">
    <ele>863.8</ele>
   </trkpt>
   <trkpt lat="-26.2622280" lon="-51.1418690">
    <ele>863.9</ele>
   </trkpt>
   <trkpt lat="-26.2622320" lon="-51.1418970">
    <ele>864.2</ele>
   </trkpt>
   <trkpt lat="-26.2622370" lon="-51.1419380">
    <ele>864.5</ele>
   </trkpt>
   <trkpt lat="-26.2622400" lon="-51.1419480">
    <ele>864.6</ele>
   </trkpt>
   <trkpt lat="-26.2622460" lon="-51.1419830">
    <ele>864.8</ele>
   </trkpt>
   <trkpt lat="-26.2622480" lon="-51.1419950">
    <ele>864.8</ele>
   </trkpt>
   <trkpt lat="-26.2622510" lon="-51.1420280">
    <ele>865.0</ele>
   </trkpt>
   <trkpt lat="-26.2622530" lon="-51.1420390">
    <ele>865.0</ele>
   </trkpt>
   <trkpt lat="-26.2622570" lon="-51.1420680">
    <ele>865.1</ele>
   </trkpt>
   <trkpt lat="-26.2622590" lon="-51.1420790">
    <ele>865.1</ele>
   </trkpt>
   <trkpt lat="-26.2622650" lon="-51.1421120">
    <ele>865.2</ele>
   </trkpt>
   <trkpt lat="-26.2622740" lon="-51.1421560">
    <ele>865.1</ele>
   </trkpt>
   <trkpt lat="-26.2622760" lon="-51.1421720">
    <ele>865.1</ele>
   </trkpt>
   <trkpt lat="-26.2622850" lon="-51.1422100">
    <ele>864.9</ele>
   </trkpt>
   <trkpt lat="-26.2622960" lon="-51.1422570">
    <ele>864.6</ele>
   </trkpt>
   <trkpt lat="-26.2623140" lon="-51.1423150">
    <ele>864.0</ele>
   </trkpt>
   <trkpt lat="-26.2623320" lon="-51.1423800">
    <ele>863.3</ele>
   </trkpt>
   <trkpt lat="-26.2623470" lon="-51.1424590">
    <ele>862.3</ele>
   </trkpt>
   <trkpt lat="-26.2623610" lon="-51.1425450">
    <ele>861.2</ele>
   </trkpt>
   <trkpt lat="-26.2623800" lon="-51.1426420">
    <ele>859.8</ele>
   </trkpt>
   <trkpt lat="-26.2624020" lon="-51.1427460">
    <ele>858.4</ele>
   </trkpt>
   <trkpt lat="-26.2624080" lon="-51.1428590">
    <ele>856.9</ele>
   </trkpt>
   <trkpt lat="-26.2624410" lon="-51.1429810">
    <ele>855.3</ele>
   </trkpt>
   <trkpt lat="-26.2624760" lon="-51.1431060">
    <ele>853.8</ele>
   </trkpt>
   <trkpt lat="-26.2625050" lon="-51.1432290">
    <ele>852.7</ele>
   </trkpt>
   <trkpt lat="-26.2625320" lon="-51.1433640">
    <ele>851.6</ele>
   </trkpt>
   <trkpt lat="-26.2625610" lon="-51.1434920">
    <ele>850.6</ele>
   </trkpt>
   <trkpt lat="-26.2625820" lon="-51.1436180">
    <ele>849.8</ele>
   </trkpt>
   <trkpt lat="-26.2626030" lon="-51.1437500">
    <ele>848.9</ele>
   </trkpt>
   <trkpt lat="-26.2626260" lon="-51.1438770">
    <ele>848.2</ele>
   </trkpt>
   <trkpt lat="-26.2626510" lon="-51.1440050">
    <ele>847.5</ele>
   </trkpt>
   <trkpt lat="-26.2626770" lon="-51.1441320">
    <ele>846.8</ele>
   </trkpt>
   <trkpt lat="-26.2627030" lon="-51.1442530">
    <ele>846.1</ele>
   </trkpt>
   <trkpt lat="-26.2627230" lon="-51.1443760">
    <ele>845.5</ele>
   </trkpt>
   <trkpt lat="-26.2627420" lon="-51.1445020">
    <ele>844.7</ele>
   </trkpt>
   <trkpt lat="-26.2627710" lon="-51.1446270">
    <ele>843.8</ele>
   </trkpt>
   <trkpt lat="-26.2628010" lon="-51.1447460">
    <ele>842.8</ele>
   </trkpt>
   <trkpt lat="-26.2628390" lon="-51.1448630">
    <ele>841.9</ele>
   </trkpt>
   <trkpt lat="-26.2628830" lon="-51.1449830">
    <ele>841.1</ele>
   </trkpt>
   <trkpt lat="-26.2629370" lon="-51.1450970">
    <ele>840.4</ele>
   </trkpt>
   <trkpt lat="-26.2629920" lon="-51.1452080">
    <ele>839.8</ele>
   </trkpt>
   <trkpt lat="-26.2630540" lon="-51.1453130">
    <ele>839.4</ele>
   </trkpt>
   <trkpt lat="-26.2631040" lon="-51.1454190">
    <ele>839.4</ele>
   </trkpt>
   <trkpt lat="-26.2631420" lon="-51.1455340">
    <ele>839.8</ele>
   </trkpt>
   <trkpt lat="-26.2631720" lon="-51.1456490">
    <ele>840.5</ele>
   </trkpt>
   <trkpt lat="-26.2631880" lon="-51.1457510">
    <ele>841.3</ele>
   </trkpt>
   <trkpt lat="-26.2632000" lon="-51.1458340">
    <ele>842.0</ele>
   </trkpt>
   <trkpt lat="-26.2631920" lon="-51.1459120">
    <ele>842.8</ele>
   </trkpt>
   <trkpt lat="-26.2631760" lon="-51.1459830">
    <ele>843.6</ele>
   </trkpt>
   <trkpt lat="-26.2631620" lon="-51.1460480">
    <ele>844.2</ele>
   </trkpt>
   <trkpt lat="-26.2631360" lon="-51.1461060">
    <ele>844.8</ele>
   </trkpt>
   <trkpt lat="-26.2631040" lon="-51.1461290">
    <ele>845.0</ele>
   </trkpt>
   <trkpt lat="-26.2630560" lon="-51.1461500">
    <ele>845.3</ele>
   </trkpt>
   <trkpt lat="-26.2630120" lon="-51.1461730">
    <ele>845.6</ele>
   </trkpt>
   <trkpt lat="-26.2629620" lon="-51.1461860">
    <ele>845.9</ele>
   </trkpt>
   <trkpt lat="-26.2629280" lon="-51.1462100">
    <ele>846.1</ele>
   </trkpt>
   <trkpt lat="-26.2629000" lon="-51.1462390">
    <ele>846.3</ele>
   </trkpt>
   <trkpt lat="-26.2628750" lon="-51.1462640">
    <ele>846.4</ele>
   </trkpt>
   <trkpt lat="-26.2628450" lon="-51.1462820">
    <ele>846.6</ele>
   </trkpt>
   <trkpt lat="-26.2628130" lon="-51.1463080">
    <ele>846.7</ele>
   </trkpt>
   <trkpt lat="-26.2627720" lon="-51.1463340">
    <ele>846.9</ele>
   </trkpt>
   <trkpt lat="-26.2627370" lon="-51.1463620">
    <ele>847.1</ele>
   </trkpt>
   <trkpt lat="-26.2627000" lon="-51.1463900">
    <ele>847.2</ele>
   </trkpt>
   <trkpt lat="-26.2626590" lon="-51.1464190">
    <ele>847.3</ele>
   </trkpt>
   <trkpt lat="-26.2626230" lon="-51.1464520">
    <ele>847.4</ele>
   </trkpt>
   <trkpt lat="-26.2625900" lon="-51.1464890">
    <ele>847.6</ele>
   </trkpt>
   <trkpt lat="-26.2625550" lon="-51.1465210">
    <ele>847.7</ele>
   </trkpt>
   <trkpt lat="-26.2625240" lon="-51.1465550">
    <ele>847.8</ele>
   </trkpt>
   <trkpt lat="-26.2624920" lon="-51.1465960">
    <ele>847.9</ele>
   </trkpt>
   <trkpt lat="-26.2624690" lon="-51.1466450">
    <ele>848.0</ele>
   </trkpt>
   <trkpt lat="-26.2624550" lon="-51.1466960">
    <ele>848.1</ele>
   </trkpt>
   <trkpt lat="-26.2624400" lon="-51.1467440">
    <ele>848.3</ele>
   </trkpt>
   <trkpt lat="-26.2624300" lon="-51.1467950">
    <ele>848.4</ele>
   </trkpt>
   <trkpt lat="-26.2624230" lon="-51.1468470">
    <ele>848.5</ele>
   </trkpt>
   <trkpt lat="-26.2624230" lon="-51.1468960">
    <ele>848.7</ele>
   </trkpt>
   <trkpt lat="-26.2624220" lon="-51.1469460">
    <ele>848.9</ele>
   </trkpt>
   <trkpt lat="-26.2624230" lon="-51.1469960">
    <ele>849.1</ele>
   </trkpt>
   <trkpt lat="-26.2624370" lon="-51.1470470">
    <ele>849.3</ele>
   </trkpt>
   <trkpt lat="-26.2624450" lon="-51.1471000">
    <ele>849.5</ele>
   </trkpt>
   <trkpt lat="-26.2624540" lon="-51.1471460">
    <ele>849.8</ele>
   </trkpt>
   <trkpt lat="-26.2624740" lon="-51.1471970">
    <ele>850.0</ele>
   </trkpt>
   <trkpt lat="-26.2624780" lon="-51.1472280">
    <ele>850.2</ele>
   </trkpt>
   <trkpt lat="-26.2625000" lon="-51.1472730">
    <ele>850.5</ele>
   </trkpt>
   <trkpt lat="-26.2625280" lon="-51.1473150">
    <ele>850.8</ele>
   </trkpt>
   <trkpt lat="-26.2625360" lon="-51.1473540">
    <ele>851.0</ele>
   </trkpt>
   <trkpt lat="-26.2625560" lon="-51.1473890">
    <ele>851.2</ele>
   </trkpt>
   <trkpt lat="-26.2625710" lon="-51.1474260">
    <ele>851.5</ele>
   </trkpt>
   <trkpt lat="-26.2625940" lon="-51.1474720">
    <ele>851.8</ele>
   </trkpt>
   <trkpt lat="-26.2626050" lon="-51.1474910">
    <ele>851.9</ele>
   </trkpt>
   <trkpt lat="-26.2626180" lon="-51.1475400">
    <ele>852.2</ele>
   </trkpt>
   <trkpt lat="-26.2626290" lon="-51.1475760">
    <ele>852.5</ele>
   </trkpt>
   <trkpt lat="-26.2626430" lon="-51.1476150">
    <ele>852.8</ele>
   </trkpt>
   <trkpt lat="-26.2626550" lon="-51.1476460">
    <ele>853.0</ele>
   </trkpt>
   <trkpt lat="-26.2626690" lon="-51.1476770">
    <ele>853.2</ele>
   </trkpt>
   <trkpt lat="-26.2626800" lon="-51.1477200">
    <ele>853.5</ele>
   </trkpt>
   <trkpt lat="-26.2626920" lon="-51.1477690">
    <ele>853.8</ele>
   </trkpt>
   <trkpt lat="-26.2626980" lon="-51.1478110">
    <ele>854.0</ele>
   </trkpt>
   <trkpt lat="-26.2627110" lon="-51.1478540">
    <ele>854.2</ele>
   </trkpt>
   <trkpt lat="-26.2627170" lon="-51.1479010">
    <ele>854.5</ele>
   </trkpt>
   <trkpt lat="-26.2627180" lon="-51.1479450">
    <ele>854.7</ele>
   </trkpt>
   <trkpt lat="-26.2627240" lon="-51.1479830">
    <ele>854.9</ele>
   </trkpt>
   <trkpt lat="-26.2627290" lon="-51.1480310">
    <ele>855.2</ele>
   </trkpt>
   <trkpt lat="-26.2627340" lon="-51.1480800">
    <ele>855.4</ele>
   </trkpt>
   <trkpt lat="-26.2627340" lon="-51.1481250">
    <ele>855.7</ele>
   </trkpt>
   <trkpt lat="-26.2627440" lon="-51.1481700">
    <ele>855.9</ele>
   </trkpt>
   <trkpt lat="-26.2627480" lon="-51.1482230">
    <ele>856.2</ele>
   </trkpt>
   <trkpt lat="-26.2627500" lon="-51.1482760">
    <ele>856.5</ele>
   </trkpt>
   <trkpt lat="-26.2627560" lon="-51.1483230">
    <ele>856.8</ele>
   </trkpt>
   <trkpt lat="-26.2627630" lon="-51.1483700">
    <ele>857.1</ele>
   </trkpt>
   <trkpt lat="-26.2627610" lon="-51.1484200">
    <ele>857.4</ele>
   </trkpt>
   <trkpt lat="-26.2627630" lon="-51.1484660">
    <ele>857.7</ele>
   </trkpt>
   <trkpt lat="-26.2627660" lon="-51.1485060">
    <ele>858.0</ele>
   </trkpt>
   <trkpt lat="-26.2627530" lon="-51.1485460">
    <ele>858.3</ele>
   </trkpt>
   <trkpt lat="-26.2627530" lon="-51.1485900">
    <ele>858.6</ele>
   </trkpt>
   <trkpt lat="-26.2627550" lon="-51.1486290">
    <ele>858.9</ele>
   </trkpt>
   <trkpt lat="-26.2627530" lon="-51.1486660">
    <ele>859.2</ele>
   </trkpt>
   <trkpt lat="-26.2627510" lon="-51.1487060">
    <ele>859.5</ele>
   </trkpt>
   <trkpt lat="-26.2627460" lon="-51.1487430">
    <ele>859.8</ele>
   </trkpt>
   <trkpt lat="-26.2627430" lon="-51.1487790">
    <ele>860.1</ele>
   </trkpt>
   <trkpt lat="-26.2627390" lon="-51.1488160">
    <ele>860.4</ele>
   </trkpt>
   <trkpt lat="-26.2627340" lon="-51.1488530">
    <ele>860.7</ele>
   </trkpt>
   <trkpt lat="-26.2627280" lon="-51.1488900">
    <ele>861.1</ele>
   </trkpt>
   <trkpt lat="-26.2627190" lon="-51.1489270">
    <ele>861.5</ele>
   </trkpt>
   <trkpt lat="-26.2627090" lon="-51.1489700">
    <ele>861.9</ele>
   </trkpt>
   <trkpt lat="-26.2627060" lon="-51.1489850">
    <ele>862.1</ele>
   </trkpt>
   <trkpt lat="-26.2627020" lon="-51.1490220">
    <ele>862.5</ele>
   </trkpt>
   <trkpt lat="-26.2626960" lon="-51.1490560">
    <ele>862.8</ele>
   </trkpt>
   <trkpt lat="-26.2626860" lon="-51.1490870">
    <ele>863.2</ele>
   </trkpt>
   <trkpt lat="-26.2626780" lon="-51.1491180">
    <ele>863.5</ele>
   </trkpt>
   <trkpt lat="-26.2626620" lon="-51.1491590">
    <ele>864.0</ele>
   </trkpt>
   <trkpt lat="-26.2626570" lon="-51.1491740">
    <ele>864.2</ele>
   </trkpt>
   <trkpt lat="-26.2626400" lon="-51.1492130">
    <ele>864.7</ele>
   </trkpt>
   <trkpt lat="-26.2626330" lon="-51.1492270">
    <ele>864.9</ele>
   </trkpt>
   <trkpt lat="-26.2626230" lon="-51.1492580">
    <ele>865.3</ele>
   </trkpt>
   <trkpt lat="-26.2625950" lon="-51.1492870">
    <ele>865.7</ele>
   </trkpt>
   <trkpt lat="-26.2625830" lon="-51.1492980">
    <ele>865.9</ele>
   </trkpt>
   <trkpt lat="-26.2625540" lon="-51.1493170">
    <ele>866.4</ele>
   </trkpt>
   <trkpt lat="-26.2625450" lon="-51.1493260">
    <ele>866.5</ele>
   </trkpt>
   <trkpt lat="-26.2625130" lon="-51.1493430">
    <ele>867.0</ele>
   </trkpt>
   <trkpt lat="-26.2625000" lon="-51.1493480">
    <ele>867.2</ele>
   </trkpt>
   <trkpt lat="-26.2624740" lon="-51.1493590">
    <ele>867.5</ele>
   </trkpt>
   <trkpt lat="-26.2624380" lon="-51.1493640">
    <ele>867.9</ele>
   </trkpt>
   <trkpt lat="-26.2624270" lon="-51.1493640">
    <ele>868.0</ele>
   </trkpt>
   <trkpt lat="-26.2623950" lon="-51.1493710">
    <ele>868.4</ele>
   </trkpt>
   <trkpt lat="-26.2623680" lon="-51.1493740">
    <ele>868.7</ele>
   </trkpt>
   <trkpt lat="-26.2623390" lon="-51.1493720">
    <ele>869.0</ele>
   </trkpt>
   <trkpt lat="-26.2623090" lon="-51.1493660">
    <ele>869.3</ele>
   </trkpt>
   <trkpt lat="-26.2622820" lon="-51.1493600">
    <ele>869.6</ele>
   </trkpt>
   <trkpt lat="-26.2622480" lon="-51.1493560">
    <ele>869.9</ele>
   </trkpt>
   <trkpt lat="-26.2622360" lon="-51.1493550">
    <ele>870.1</ele>
   </trkpt>
   <trkpt lat="-26.2621980" lon="-51.1493520">
    <ele>870.4</ele>
   </trkpt>
   <trkpt lat="-26.2621860" lon="-51.1493530">
    <ele>870.5</ele>
   </trkpt>
   <trkpt lat="-26.2621500" lon="-51.1493510">
    <ele>870.9</ele>
   </trkpt>
   <trkpt lat="-26.2621370" lon="-51.1493500">
    <ele>871.0</ele>
   </trkpt>
   <trkpt lat="-26.2621050" lon="-51.1493420">
    <ele>871.3</ele>
   </trkpt>
   <trkpt lat="-26.2620930" lon="-51.1493400">
    <ele>871.4</ele>
   </trkpt>
   <trkpt lat="-26.2620590" lon="-51.1493410">
    <ele>871.7</ele>
   </trkpt>
   <trkpt lat="-26.2620470" lon="-51.1493400">
    <ele>871.8</ele>
   </trkpt>
   <trkpt lat="-26.2620120" lon="-51.1493470">
    <ele>872.1</ele>
   </trkpt>
   <trkpt lat="-26.2619990" lon="-51.1493490">
    <ele>872.2</ele>
   </trkpt>
   <trkpt lat="-26.2619620" lon="-51.1493550">
    <ele>872.5</ele>
   </trkpt>
   <trkpt lat="-26.2619490" lon="-51.1493590">
    <ele>872.6</ele>
   </trkpt>
   <trkpt lat="-26.2619170" lon="-51.1493680">
    <ele>872.8</ele>
   </trkpt>
   <trkpt lat="-26.2619060" lon="-51.1493710">
    <ele>872.9</ele>
   </trkpt>
   <trkpt lat="-26.2618770" lon="-51.1493900">
    <ele>873.1</ele>
   </trkpt>
   <trkpt lat="-26.2618650" lon="-51.1493980">
    <ele>873.2</ele>
   </trkpt>
   <trkpt lat="-26.2618340" lon="-51.1494140">
    <ele>873.5</ele>
   </trkpt>
   <trkpt lat="-26.2618240" lon="-51.1494210">
    <ele>873.6</ele>
   </trkpt>
   <trkpt lat="-26.2617930" lon="-51.1494470">
    <ele>873.8</ele>
   </trkpt>
   <trkpt lat="-26.2617840" lon="-51.1494580">
    <ele>873.9</ele>
   </trkpt>
   <trkpt lat="-26.2617610" lon="-51.1494790">
    <ele>874.1</ele>
   </trkpt>
   <trkpt lat="-26.2617340" lon="-51.1495080">
    <ele>874.4</ele>
   </trkpt>
   <trkpt lat="-26.2617230" lon="-51.1495200">
    <ele>874.5</ele>
   </trkpt>
   <trkpt lat="-26.2616980" lon="-51.1495480">
    <ele>874.7</ele>
   </trkpt>
   <trkpt lat="-26.2616710" lon="-51.1495810">
    <ele>874.9</ele>
   </trkpt>
   <trkpt lat="-26.2616470" lon="-51.1496030">
    <ele>875.1</ele>
   </trkpt>
   <trkpt lat="-26.2616160" lon="-51.1496400">
    <ele>875.4</ele>
   </trkpt>
   <trkpt lat="-26.2616020" lon="-51.1496550">
    <ele>875.6</ele>
   </trkpt>
   <trkpt lat="-26.2615850" lon="-51.1496810">
    <ele>875.8</ele>
   </trkpt>
   <trkpt lat="-26.2615630" lon="-51.1497040">
    <ele>876.0</ele>
   </trkpt>
   <trkpt lat="-26.2615350" lon="-51.1497340">
    <ele>876.2</ele>
   </trkpt>
   <trkpt lat="-26.2615250" lon="-51.1497430">
    <ele>876.3</ele>
   </trkpt>
   <trkpt lat="-26.2614940" lon="-51.1497670">
    <ele>876.6</ele>
   </trkpt>
   <trkpt lat="-26.2614670" lon="-51.1497970">
    <ele>876.9</ele>
   </trkpt>
   <trkpt lat="-26.2614400" lon="-51.1498180">
    <ele>877.1</ele>
   </trkpt>
   <trkpt lat="-26.2614160" lon="-51.1498350">
    <ele>877.3</ele>
   </trkpt>
   <trkpt lat="-26.2613870" lon="-51.1498580">
    <ele>877.6</ele>
   </trkpt>
   <trkpt lat="-26.2613610" lon="-51.1498830">
    <ele>877.9</ele>
   </trkpt>
   <trkpt lat="-26.2613260" lon="-51.1498990">
    <ele>878.2</ele>
   </trkpt>
   <trkpt lat="-26.2613150" lon="-51.1499050">
    <ele>878.3</ele>
   </trkpt>
   <trkpt lat="-26.2612960" lon="-51.1499310">
    <ele>878.5</ele>
   </trkpt>
   <trkpt lat="-26.2612700" lon="-51.1499550">
    <ele>878.8</ele>
   </trkpt>
   <trkpt lat="-26.2612430" lon="-51.1499810">
    <ele>879.0</ele>
   </trkpt>
   <trkpt lat="-26.2612220" lon="-51.1500040">
    <ele>879.3</ele>
   </trkpt>
   <trkpt lat="-26.2611890" lon="-51.1500410">
    <ele>879.6</ele>
   </trkpt>
   <trkpt lat="-26.2611760" lon="-51.1500570">
    <ele>879.7</ele>
   </trkpt>
   <trkpt lat="-26.2611580" lon="-51.1500910">
    <ele>879.9</ele>
   </trkpt>
   <trkpt lat="-26.2611390" lon="-51.1501240">
    <ele>880.1</ele>
   </trkpt>
   <trkpt lat="-26.2611210" lon="-51.1501540">
    <ele>880.2</ele>
   </trkpt>
   <trkpt lat="-26.2611110" lon="-51.1501900">
    <ele>880.3</ele>
   </trkpt>
   <trkpt lat="-26.2610980" lon="-51.1502300">
    <ele>880.5</ele>
   </trkpt>
   <trkpt lat="-26.2610850" lon="-51.1502650">
    <ele>880.6</ele>
   </trkpt>
   <trkpt lat="-26.2610770" lon="-51.1503160">
    <ele>880.7</ele>
   </trkpt>
   <trkpt lat="-26.2610720" lon="-51.1503580">
    <ele>880.8</ele>
   </trkpt>
   <trkpt lat="-26.2610640" lon="-51.1504070">
    <ele>880.9</ele>
   </trkpt>
   <trkpt lat="-26.2610540" lon="-51.1504560">
    <ele>880.9</ele>
   </trkpt>
   <trkpt lat="-26.2610650" lon="-51.1505000">
    <ele>881.0</ele>
   </trkpt>
   <trkpt lat="-26.2610620" lon="-51.1505460">
    <ele>881.1</ele>
   </trkpt>
   <trkpt lat="-26.2610630" lon="-51.1505890">
    <ele>881.1</ele>
   </trkpt>
   <trkpt lat="-26.2610700" lon="-51.1506310">
    <ele>881.1</ele>
   </trkpt>
   <trkpt lat="-26.2610700" lon="-51.1506890">
    <ele>881.1</ele>
   </trkpt>
   <trkpt lat="-26.2610770" lon="-51.1507430">
    <ele>881.2</ele>
   </trkpt>
   <trkpt lat="-26.2610890" lon="-51.1507850">
    <ele>881.2</ele>
   </trkpt>
   <trkpt lat="-26.2610940" lon="-51.1508210">
    <ele>881.1</ele>
   </trkpt>
   <trkpt lat="-26.2610970" lon="-51.1508890">
    <ele>881.1</ele>
   </trkpt>
   <trkpt lat="-26.2610920" lon="-51.1509460">
    <ele>881.1</ele>
   </trkpt>
   <trkpt lat="-26.2610970" lon="-51.1510060">
    <ele>881.1</ele>
   </trkpt>
   <trkpt lat="-26.2611000" lon="-51.1510590">
    <ele>881.0</ele>
   </trkpt>
   <trkpt lat="-26.2611030" lon="-51.1511090">
    <ele>881.0</ele>
   </trkpt>
   <trkpt lat="-26.2611060" lon="-51.1511650">
    <ele>881.0</ele>
   </trkpt>
   <trkpt lat="-26.2611040" lon="-51.1512300">
    <ele>881.0</ele>
   </trkpt>
   <trkpt lat="-26.2611060" lon="-51.1512880">
    <ele>881.1</ele>
   </trkpt>
   <trkpt lat="-26.2610900" lon="-51.1513540">
    <ele>881.1</ele>
   </trkpt>
   <trkpt lat="-26.2610880" lon="-51.1514130">
    <ele>881.2</ele>
   </trkpt>
   <trkpt lat="-26.2610750" lon="-51.1514640">
    <ele>881.2</ele>
   </trkpt>
   <trkpt lat="-26.2610710" lon="-51.1515220">
    <ele>881.2</ele>
   </trkpt>
   <trkpt lat="-26.2610660" lon="-51.1515830">
    <ele>881.2</ele>
   </trkpt>
   <trkpt lat="-26.2610660" lon="-51.1516430">
    <ele>881.2</ele>
   </trkpt>
   <trkpt lat="-26.2610600" lon="-51.1517050">
    <ele>881.2</ele>
   </trkpt>
   <trkpt lat="-26.2610580" lon="-51.1517690">
    <ele>881.2</ele>
   </trkpt>
   <trkpt lat="-26.2610590" lon="-51.1518390">
    <ele>881.6</ele>
   </trkpt>
   <trkpt lat="-26.2610580" lon="-51.1518920">
    <ele>881.8</ele>
   </trkpt>
   <trkpt lat="-26.2610550" lon="-51.1519480">
    <ele>882.1</ele>
   </trkpt>
   <trkpt lat="-26.2610550" lon="-51.1519980">
    <ele>882.4</ele>
   </trkpt>
   <trkpt lat="-26.2610620" lon="-51.1520460">
    <ele>882.6</ele>
   </trkpt>
   <trkpt lat="-26.2610630" lon="-51.1520870">
    <ele>882.9</ele>
   </trkpt>
   <trkpt lat="-26.2610660" lon="-51.1521310">
    <ele>883.1</ele>
   </trkpt>
   <trkpt lat="-26.2610640" lon="-51.1521740">
    <ele>883.3</ele>
   </trkpt>
   <trkpt lat="-26.2610590" lon="-51.1522210">
    <ele>883.5</ele>
   </trkpt>
   <trkpt lat="-26.2610550" lon="-51.1522620">
    <ele>883.6</ele>
   </trkpt>
   <trkpt lat="-26.2610450" lon="-51.1523040">
    <ele>883.6</ele>
   </trkpt>
   <trkpt lat="-26.2610380" lon="-51.1523550">
    <ele>883.6</ele>
   </trkpt>
   <trkpt lat="-26.2610310" lon="-51.1524060">
    <ele>883.6</ele>
   </trkpt>
   <trkpt lat="-26.2610200" lon="-51.1524620">
    <ele>883.6</ele>
   </trkpt>
   <trkpt lat="-26.2610050" lon="-51.1525150">
    <ele>883.6</ele>
   </trkpt>
   <trkpt lat="-26.2609950" lon="-51.1525690">
    <ele>883.6</ele>
   </trkpt>
   <trkpt lat="-26.2609750" lon="-51.1526140">
    <ele>883.6</ele>
   </trkpt>
   <trkpt lat="-26.2609610" lon="-51.1526630">
    <ele>883.6</ele>
   </trkpt>
   <trkpt lat="-26.2609470" lon="-51.1527150">
    <ele>883.7</ele>
   </trkpt>
   <trkpt lat="-26.2609260" lon="-51.1527700">
    <ele>883.8</ele>
   </trkpt>
   <trkpt lat="-26.2609100" lon="-51.1528260">
    <ele>883.9</ele>
   </trkpt>
   <trkpt lat="-26.2608940" lon="-51.1528760">
    <ele>884.1</ele>
   </trkpt>
   <trkpt lat="-26.2608750" lon="-51.1529310">
    <ele>884.3</ele>
   </trkpt>
   <trkpt lat="-26.2608500" lon="-51.1529790">
    <ele>884.6</ele>
   </trkpt>
   <trkpt lat="-26.2608340" lon="-51.1530210">
    <ele>884.8</ele>
   </trkpt>
   <trkpt lat="-26.2608070" lon="-51.1530570">
    <ele>885.0</ele>
   </trkpt>
   <trkpt lat="-26.2607940" lon="-51.1531000">
    <ele>885.2</ele>
   </trkpt>
   <trkpt lat="-26.2607700" lon="-51.1531390">
    <ele>885.4</ele>
   </trkpt>
   <trkpt lat="-26.2607440" lon="-51.1531800">
    <ele>885.5</ele>
   </trkpt>
   <trkpt lat="-26.2607230" lon="-51.1532170">
    <ele>885.7</ele>
   </trkpt>
   <trkpt lat="-26.2607040" lon="-51.1532680">
    <ele>885.8</ele>
   </trkpt>
   <trkpt lat="-26.2606880" lon="-51.1533150">
    <ele>886.0</ele>
   </trkpt>
   <trkpt lat="-26.2606720" lon="-51.1533650">
    <ele>886.1</ele>
   </trkpt>
   <trkpt lat="-26.2606630" lon="-51.1534190">
    <ele>886.3</ele>
   </trkpt>
   <trkpt lat="-26.2606620" lon="-51.1534690">
    <ele>886.5</ele>
   </trkpt>
   <trkpt lat="-26.2606600" lon="-51.1535170">
    <ele>886.8</ele>
   </trkpt>
   <trkpt lat="-26.2606610" lon="-51.1535650">
    <ele>887.0</ele>
   </trkpt>
   <trkpt lat="-26.2606520" lon="-51.1536100">
    <ele>887.2</ele>
   </trkpt>
   <trkpt lat="-26.2606460" lon="-51.1536530">
    <ele>887.4</ele>
   </trkpt>
   <trkpt lat="-26.2606400" lon="-51.1536950">
    <ele>887.5</ele>
   </trkpt>
   <trkpt lat="-26.2606190" lon="-51.1537350">
    <ele>887.7</ele>
   </trkpt>
   <trkpt lat="-26.2606000" lon="-51.1537770">
    <ele>887.7</ele>
   </trkpt>
   <trkpt lat="-26.2605670" lon="-51.1538100">
    <ele>887.7</ele>
   </trkpt>
   <trkpt lat="-26.2605380" lon="-51.1538420">
    <ele>887.7</ele>
   </trkpt>
   <trkpt lat="-26.2605050" lon="-51.1538690">
    <ele>887.6</ele>
   </trkpt>
   <trkpt lat="-26.2604700" lon="-51.1539000">
    <ele>887.4</ele>
   </trkpt>
   <trkpt lat="-26.2604330" lon="-51.1539280">
    <ele>887.1</ele>
   </trkpt>
   <trkpt lat="-26.2603950" lon="-51.1539500">
    <ele>886.7</ele>
   </trkpt>
   <trkpt lat="-26.2603420" lon="-51.1539840">
    <ele>886.1</ele>
   </trkpt>
   <trkpt lat="-26.2602820" lon="-51.1540130">
    <ele>885.5</ele>
   </trkpt>
   <trkpt lat="-26.2602110" lon="-51.1540410">
    <ele>884.7</ele>
   </trkpt>
   <trkpt lat="-26.2601360" lon="-51.1540730">
    <ele>883.9</ele>
   </trkpt>
   <trkpt lat="-26.2600570" lon="-51.1541090">
    <ele>883.2</ele>
   </trkpt>
   <trkpt lat="-26.2599780" lon="-51.1541460">
    <ele>882.7</ele>
   </trkpt>
   <trkpt lat="-26.2599060" lon="-51.1541840">
    <ele>882.3</ele>
   </trkpt>
   <trkpt lat="-26.2598330" lon="-51.1542300">
    <ele>882.1</ele>
   </trkpt>
   <trkpt lat="-26.2597610" lon="-51.1542690">
    <ele>881.9</ele>
   </trkpt>
   <trkpt lat="-26.2596900" lon="-51.1543100">
    <ele>881.9</ele>
   </trkpt>
   <trkpt lat="-26.2596240" lon="-51.1543520">
    <ele>882.0</ele>
   </trkpt>
   <trkpt lat="-26.2595650" lon="-51.1543980">
    <ele>882.2</ele>
   </trkpt>
   <trkpt lat="-26.2595100" lon="-51.1544470">
    <ele>882.4</ele>
   </trkpt>
   <trkpt lat="-26.2594620" lon="-51.1545050">
    <ele>882.6</ele>
   </trkpt>
   <trkpt lat="-26.2594240" lon="-51.1545690">
    <ele>882.9</ele>
   </trkpt>
   <trkpt lat="-26.2594020" lon="-51.1546390">
    <ele>883.2</ele>
   </trkpt>
   <trkpt lat="-26.2593910" lon="-51.1547110">
    <ele>883.5</ele>
   </trkpt>
   <trkpt lat="-26.2593890" lon="-51.1547760">
    <ele>883.8</ele>
   </trkpt>
   <trkpt lat="-26.2593980" lon="-51.1548420">
    <ele>884.1</ele>
   </trkpt>
   <trkpt lat="-26.2594170" lon="-51.1549080">
    <ele>884.3</ele>
   </trkpt>
   <trkpt lat="-26.2594430" lon="-51.1549670">
    <ele>884.5</ele>
   </trkpt>
   <trkpt lat="-26.2594700" lon="-51.1550150">
    <ele>884.5</ele>
   </trkpt>
   <trkpt lat="-26.2595010" lon="-51.1550560">
    <ele>884.5</ele>
   </trkpt>
   <trkpt lat="-26.2595320" lon="-51.1551000">
    <ele>884.4</ele>
   </trkpt>
   <trkpt lat="-26.2595680" lon="-51.1551400">
    <ele>884.2</ele>
   </trkpt>
   <trkpt lat="-26.2595930" lon="-51.1551900">
    <ele>883.9</ele>
   </trkpt>
   <trkpt lat="-26.2596250" lon="-51.1552600">
    <ele>883.6</ele>
   </trkpt>
   <trkpt lat="-26.2596580" lon="-51.1553180">
    <ele>883.3</ele>
   </trkpt>
   <trkpt lat="-26.2596930" lon="-51.1553890">
    <ele>882.9</ele>
   </trkpt>
   <trkpt lat="-26.2596980" lon="-51.1554620">
    <ele>882.6</ele>
   </trkpt>
   <trkpt lat="-26.2597190" lon="-51.1555420">
    <ele>882.4</ele>
   </trkpt>
   <trkpt lat="-26.2597380" lon="-51.1556120">
    <ele>882.2</ele>
   </trkpt>
   <trkpt lat="-26.2597550" lon="-51.1556850">
    <ele>882.1</ele>
   </trkpt>
   <trkpt lat="-26.2597860" lon="-51.1557590">
    <ele>882.0</ele>
   </trkpt>
   <trkpt lat="-26.2598310" lon="-51.1558230">
    <ele>881.9</ele>
   </trkpt>
   <trkpt lat="-26.2598750" lon="-51.1558830">
    <ele>881.8</ele>
   </trkpt>
   <trkpt lat="-26.2599340" lon="-51.1559300">
    <ele>881.8</ele>
   </trkpt>
   <trkpt lat="-26.2599900" lon="-51.1559750">
    <ele>881.8</ele>
   </trkpt>
   <trkpt lat="-26.2600520" lon="-51.1560130">
    <ele>881.7</ele>
   </trkpt>
   <trkpt lat="-26.2601180" lon="-51.1560490">
    <ele>881.7</ele>
   </trkpt>
   <trkpt lat="-26.2601830" lon="-51.1560860">
    <ele>881.6</ele>
   </trkpt>
   <trkpt lat="-26.2602450" lon="-51.1561280">
    <ele>881.6</ele>
   </trkpt>
   <trkpt lat="-26.2603010" lon="-51.1561610">
    <ele>881.6</ele>
   </trkpt>
   <trkpt lat="-26.2603580" lon="-51.1561940">
    <ele>881.6</ele>
   </trkpt>
   <trkpt lat="-26.2604190" lon="-51.1562360">
    <ele>881.6</ele>
   </trkpt>
   <trkpt lat="-26.2604830" lon="-51.1562690">
    <ele>881.5</ele>
   </trkpt>
   <trkpt lat="-26.2605400" lon="-51.1563060">
    <ele>881.4</ele>
   </trkpt>
   <trkpt lat="-26.2605980" lon="-51.1563490">
    <ele>881.4</ele>
   </trkpt>
   <trkpt lat="-26.2606490" lon="-51.1563920">
    <ele>881.3</ele>
   </trkpt>
   <trkpt lat="-26.2606800" lon="-51.1564180">
    <ele>881.3</ele>
   </trkpt>
   <trkpt lat="-26.2606900" lon="-51.1564310">
    <ele>881.3</ele>
   </trkpt>
   <trkpt lat="-26.2606990" lon="-51.1564410">
    <ele>881.3</ele>
   </trkpt>
   <trkpt lat="-26.2607120" lon="-51.1564540">
    <ele>881.2</ele>
   </trkpt>
   <trkpt lat="-26.2607240" lon="-51.1564670">
    <ele>881.2</ele>
   </trkpt>
   <trkpt lat="-26.2607400" lon="-51.1564940">
    <ele>881.2</ele>
   </trkpt>
   <trkpt lat="-26.2607450" lon="-51.1565040">
    <ele>881.2</ele>
   </trkpt>
   <trkpt lat="-26.2607620" lon="-51.1565350">
    <ele>881.2</ele>
   </trkpt>
   <trkpt lat="-26.2607690" lon="-51.1565450">
    <ele>881.2</ele>
   </trkpt>
   <trkpt lat="-26.2607840" lon="-51.1565860">
    <ele>881.2</ele>
   </trkpt>
   <trkpt lat="-26.2607900" lon="-51.1566020">
    <ele>881.2</ele>
   </trkpt>
   <trkpt lat="-26.2608040" lon="-51.1566310">
    <ele>881.3</ele>
   </trkpt>
   <trkpt lat="-26.2608180" lon="-51.1566720">
    <ele>881.3</ele>
   </trkpt>
   <trkpt lat="-26.2608320" lon="-51.1567140">
    <ele>881.3</ele>
   </trkpt>
   <trkpt lat="-26.2608450" lon="-51.1567560">
    <ele>881.4</ele>
   </trkpt>
   <trkpt lat="-26.2608560" lon="-51.1567990">
    <ele>881.4</ele>
   </trkpt>
   <trkpt lat="-26.2608670" lon="-51.1568450">
    <ele>881.5</ele>
   </trkpt>
   <trkpt lat="-26.2608730" lon="-51.1569000">
    <ele>881.5</ele>
   </trkpt>
   <trkpt lat="-26.2608770" lon="-51.1569480">
    <ele>881.6</ele>
   </trkpt>
   <trkpt lat="-26.2608880" lon="-51.1569980">
    <ele>881.7</ele>
   </trkpt>
   <trkpt lat="-26.2608970" lon="-51.1570410">
    <ele>881.7</ele>
   </trkpt>
   <trkpt lat="-26.2609080" lon="-51.1570900">
    <ele>881.8</ele>
   </trkpt>
   <trkpt lat="-26.2609200" lon="-51.1571460">
    <ele>881.9</ele>
   </trkpt>
   <trkpt lat="-26.2609330" lon="-51.1571990">
    <ele>881.9</ele>
   </trkpt>
   <trkpt lat="-26.2609460" lon="-51.1572510">
    <ele>882.0</ele>
   </trkpt>
   <trkpt lat="-26.2609620" lon="-51.1572990">
    <ele>882.1</ele>
   </trkpt>
   <trkpt lat="-26.2609800" lon="-51.1573490">
    <ele>882.2</ele>
   </trkpt>
   <trkpt lat="-26.2609910" lon="-51.1574000">
    <ele>882.3</ele>
   </trkpt>
   <trkpt lat="-26.2610000" lon="-51.1574500">
    <ele>882.4</ele>
   </trkpt>
   <trkpt lat="-26.2610110" lon="-51.1574990">
    <ele>882.5</ele>
   </trkpt>
   <trkpt lat="-26.2610290" lon="-51.1575500">
    <ele>882.5</ele>
   </trkpt>
   <trkpt lat="-26.2610390" lon="-51.1575990">
    <ele>882.6</ele>
   </trkpt>
   <trkpt lat="-26.2610460" lon="-51.1576520">
    <ele>882.7</ele>
   </trkpt>
   <trkpt lat="-26.2610550" lon="-51.1577040">
    <ele>882.7</ele>
   </trkpt>
   <trkpt lat="-26.2610550" lon="-51.1577520">
    <ele>882.6</ele>
   </trkpt>
   <trkpt lat="-26.2610530" lon="-51.1578090">
    <ele>882.6</ele>
   </trkpt>
   <trkpt lat="-26.2610490" lon="-51.1578640">
    <ele>882.6</ele>
   </trkpt>
   <trkpt lat="-26.2610460" lon="-51.1579220">
    <ele>882.6</ele>
   </trkpt>
   <trkpt lat="-26.2610360" lon="-51.1579770">
    <ele>882.6</ele>
   </trkpt>
   <trkpt lat="-26.2610230" lon="-51.1580310">
    <ele>882.6</ele>
   </trkpt>
   <trkpt lat="-26.2610120" lon="-51.1580850">
    <ele>882.7</ele>
   </trkpt>
   <trkpt lat="-26.2610020" lon="-51.1581400">
    <ele>882.7</ele>
   </trkpt>
   <trkpt lat="-26.2609980" lon="-51.1581950">
    <ele>882.8</ele>
   </trkpt>
   <trkpt lat="-26.2609890" lon="-51.1582540">
    <ele>882.9</ele>
   </trkpt>
   <trkpt lat="-26.2609830" lon="-51.1583140">
    <ele>883.1</ele>
   </trkpt>
   <trkpt lat="-26.2609780" lon="-51.1583710">
    <ele>883.3</ele>
   </trkpt>
   <trkpt lat="-26.2609790" lon="-51.1584280">
    <ele>883.7</ele>
   </trkpt>
   <trkpt lat="-26.2609840" lon="-51.1584770">
    <ele>884.0</ele>
   </trkpt>
   <trkpt lat="-26.2609940" lon="-51.1585260">
    <ele>884.4</ele>
   </trkpt>
   <trkpt lat="-26.2610060" lon="-51.1585710">
    <ele>884.7</ele>
   </trkpt>
   <trkpt lat="-26.2610170" lon="-51.1586150">
    <ele>885.1</ele>
   </trkpt>
   <trkpt lat="-26.2610290" lon="-51.1586500">
    <ele>885.3</ele>
   </trkpt>
   <trkpt lat="-26.2610400" lon="-51.1586900">
    <ele>885.6</ele>
   </trkpt>
   <trkpt lat="-26.2610520" lon="-51.1587330">
    <ele>885.9</ele>
   </trkpt>
   <trkpt lat="-26.2610640" lon="-51.1587620">
    <ele>886.1</ele>
   </trkpt>
   <trkpt lat="-26.2610790" lon="-51.1588030">
    <ele>886.3</ele>
   </trkpt>
   <trkpt lat="-26.2610860" lon="-51.1588450">
    <ele>886.5</ele>
   </trkpt>
   <trkpt lat="-26.2611020" lon="-51.1588930">
    <ele>886.7</ele>
   </trkpt>
   <trkpt lat="-26.2611030" lon="-51.1589340">
    <ele>886.9</ele>
   </trkpt>
   <trkpt lat="-26.2611180" lon="-51.1589740">
    <ele>887.0</ele>
   </trkpt>
   <trkpt lat="-26.2611280" lon="-51.1590180">
    <ele>887.1</ele>
   </trkpt>
   <trkpt lat="-26.2611390" lon="-51.1590540">
    <ele>887.1</ele>
   </trkpt>
   <trkpt lat="-26.2611440" lon="-51.1590880">
    <ele>887.2</ele>
   </trkpt>
   <trkpt lat="-26.2611560" lon="-51.1591200">
    <ele>887.2</ele>
   </trkpt>
   <trkpt lat="-26.2611710" lon="-51.1591570">
    <ele>887.2</ele>
   </trkpt>
   <trkpt lat="-26.2611770" lon="-51.1591990">
    <ele>887.2</ele>
   </trkpt>
   <trkpt lat="-26.2611830" lon="-51.1592330">
    <ele>887.2</ele>
   </trkpt>
   <trkpt lat="-26.2611860" lon="-51.1592640">
    <ele>887.2</ele>
   </trkpt>
   <trkpt lat="-26.2611960" lon="-51.1592960">
    <ele>887.2</ele>
   </trkpt>
   <trkpt lat="-26.2612060" lon="-51.1593390">
    <ele>887.2</ele>
   </trkpt>
   <trkpt lat="-26.2612100" lon="-51.1593710">
    <ele>887.2</ele>
   </trkpt>
   <trkpt lat="-26.2612170" lon="-51.1594100">
    <ele>887.2</ele>
   </trkpt>
   <trkpt lat="-26.2612180" lon="-51.1594550">
    <ele>887.2</ele>
   </trkpt>
   <trkpt lat="-26.2612150" lon="-51.1594890">
    <ele>887.2</ele>
   </trkpt>
   <trkpt lat="-26.2612180" lon="-51.1595370">
    <ele>887.2</ele>
   </trkpt>
   <trkpt lat="-26.2612270" lon="-51.1595810">
    <ele>887.3</ele>
   </trkpt>
   <trkpt lat="-26.2612450" lon="-51.1596360">
    <ele>887.3</ele>
   </trkpt>
   <trkpt lat="-26.2612640" lon="-51.1596840">
    <ele>887.4</ele>
   </trkpt>
   <trkpt lat="-26.2612810" lon="-51.1597310">
    <ele>887.5</ele>
   </trkpt>
   <trkpt lat="-26.2612960" lon="-51.1597740">
    <ele>887.6</ele>
   </trkpt>
   <trkpt lat="-26.2613170" lon="-51.1598180">
    <ele>887.8</ele>
   </trkpt>
   <trkpt lat="-26.2613390" lon="-51.1598620">
    <ele>888.1</ele>
   </trkpt>
   <trkpt lat="-26.2613630" lon="-51.1599040">
    <ele>888.4</ele>
   </trkpt>
   <trkpt lat="-26.2613830" lon="-51.1599470">
    <ele>888.8</ele>
   </trkpt>
   <trkpt lat="-26.2613940" lon="-51.1599780">
    <ele>889.0</ele>
   </trkpt>
   <trkpt lat="-26.2614040" lon="-51.1600110">
    <ele>889.3</ele>
   </trkpt>
   <trkpt lat="-26.2614150" lon="-51.1600440">
    <ele>889.7</ele>
   </trkpt>
   <trkpt lat="-26.2614260" lon="-51.1600770">
    <ele>890.0</ele>
   </trkpt>
   <trkpt lat="-26.2614370" lon="-51.1601060">
    <ele>890.3</ele>
   </trkpt>
   <trkpt lat="-26.2614510" lon="-51.1601320">
    <ele>890.6</ele>
   </trkpt>
   <trkpt lat="-26.2614680" lon="-51.1601740">
    <ele>891.1</ele>
   </trkpt>
   <trkpt lat="-26.2614730" lon="-51.1601890">
    <ele>891.2</ele>
   </trkpt>
   <trkpt lat="-26.2614890" lon="-51.1602280">
    <ele>891.7</ele>
   </trkpt>
   <trkpt lat="-26.2614960" lon="-51.1602430">
    <ele>891.9</ele>
   </trkpt>
   <trkpt lat="-26.2615130" lon="-51.1602800">
    <ele>892.3</ele>
   </trkpt>
   <trkpt lat="-26.2615180" lon="-51.1602940">
    <ele>892.5</ele>
   </trkpt>
   <trkpt lat="-26.2615360" lon="-51.1603350">
    <ele>893.0</ele>
   </trkpt>
   <trkpt lat="-26.2615390" lon="-51.1603510">
    <ele>893.2</ele>
   </trkpt>
   <trkpt lat="-26.2615530" lon="-51.1603790">
    <ele>893.5</ele>
   </trkpt>
   <trkpt lat="-26.2615660" lon="-51.1604090">
    <ele>893.9</ele>
   </trkpt>
   <trkpt lat="-26.2615800" lon="-51.1604500">
    <ele>894.3</ele>
   </trkpt>
   <trkpt lat="-26.2615850" lon="-51.1604640">
    <ele>894.5</ele>
   </trkpt>
   <trkpt lat="-26.2615980" lon="-51.1605040">
    <ele>894.9</ele>
   </trkpt>
   <trkpt lat="-26.2616030" lon="-51.1605170">
    <ele>895.1</ele>
   </trkpt>
   <trkpt lat="-26.2616150" lon="-51.1605560">
    <ele>895.5</ele>
   </trkpt>
   <trkpt lat="-26.2616170" lon="-51.1605710">
    <ele>895.6</ele>
   </trkpt>
   <trkpt lat="-26.2616210" lon="-51.1606010">
    <ele>895.9</ele>
   </trkpt>
   <trkpt lat="-26.2616270" lon="-51.1606310">
    <ele>896.2</ele>
   </trkpt>
   <trkpt lat="-26.2616220" lon="-51.1606780">
    <ele>896.6</ele>
   </trkpt>
   <trkpt lat="-26.2616210" lon="-51.1606950">
    <ele>896.8</ele>
   </trkpt>
   <trkpt lat="-26.2616140" lon="-51.1607260">
    <ele>897.1</ele>
   </trkpt>
   <trkpt lat="-26.2616150" lon="-51.1607570">
    <ele>897.4</ele>
   </trkpt>
   <trkpt lat="-26.2616110" lon="-51.1607900">
    <ele>897.8</ele>
   </trkpt>
   <trkpt lat="-26.2616090" lon="-51.1608280">
    <ele>898.2</ele>
   </trkpt>
   <trkpt lat="-26.2616090" lon="-51.1608400">
    <ele>898.3</ele>
   </trkpt>
   <trkpt lat="-26.2616060" lon="-51.1608800">
    <ele>898.8</ele>
   </trkpt>
   <trkpt lat="-26.2616060" lon="-51.1608930">
    <ele>899.0</ele>
   </trkpt>
   <trkpt lat="-26.2615910" lon="-51.1609200">
    <ele>899.3</ele>
   </trkpt>
   <trkpt lat="-26.2615770" lon="-51.1609540">
    <ele>899.8</ele>
   </trkpt>
   <trkpt lat="-26.2615740" lon="-51.1609670">
    <ele>900.0</ele>
   </trkpt>
   <trkpt lat="-26.2615630" lon="-51.1609950">
    <ele>900.3</ele>
   </trkpt>
   <trkpt lat="-26.2615590" lon="-51.1610050">
    <ele>900.5</ele>
   </trkpt>
   <trkpt lat="-26.2615430" lon="-51.1610370">
    <ele>900.9</ele>
   </trkpt>
   <trkpt lat="-26.2615370" lon="-51.1610470">
    <ele>901.1</ele>
   </trkpt>
   <trkpt lat="-26.2615280" lon="-51.1610750">
    <ele>901.5</ele>
   </trkpt>
   <trkpt lat="-26.2615240" lon="-51.1610850">
    <ele>901.6</ele>
   </trkpt>
   <trkpt lat="-26.2615100" lon="-51.1611170">
    <ele>902.1</ele>
   </trkpt>
   <trkpt lat="-26.2615050" lon="-51.1611270">
    <ele>902.3</ele>
   </trkpt>
   <trkpt lat="-26.2615030" lon="-51.1611430">
    <ele>902.5</ele>
   </trkpt>
   <trkpt lat="-26.2614990" lon="-51.1611580">
    <ele>902.7</ele>
   </trkpt>
   <trkpt lat="-26.2614770" lon="-51.1611860">
    <ele>903.3</ele>
   </trkpt>
   <trkpt lat="-26.2614710" lon="-51.1611920">
    <ele>903.4</ele>
   </trkpt>
   <trkpt lat="-26.2614630" lon="-51.1612070">
    <ele>903.7</ele>
   </trkpt>
   <trkpt lat="-26.2614620" lon="-51.1612260">
    <ele>903.9</ele>
   </trkpt>
   <trkpt lat="-26.2614510" lon="-51.1612550">
    <ele>904.4</ele>
   </trkpt>
   <trkpt lat="-26.2614480" lon="-51.1612640">
    <ele>904.6</ele>
   </trkpt>
   <trkpt lat="-26.2614400" lon="-51.1612790">
    <ele>904.8</ele>
   </trkpt>
   <trkpt lat="-26.2614320" lon="-51.1612990">
    <ele>905.2</ele>
   </trkpt>
   <trkpt lat="-26.2614170" lon="-51.1613280">
    <ele>905.7</ele>
   </trkpt>
   <trkpt lat="-26.2614130" lon="-51.1613350">
    <ele>905.8</ele>
   </trkpt>
   <trkpt lat="-26.2614020" lon="-51.1613680">
    <ele>906.4</ele>
   </trkpt>
   <trkpt lat="-26.2613990" lon="-51.1613750">
    <ele>906.5</ele>
   </trkpt>
   <trkpt lat="-26.2613970" lon="-51.1613970">
    <ele>906.9</ele>
   </trkpt>
   <trkpt lat="-26.2613900" lon="-51.1614130">
    <ele>907.2</ele>
   </trkpt>
   <trkpt lat="-26.2613740" lon="-51.1614450">
    <ele>907.8</ele>
   </trkpt>
   <trkpt lat="-26.2613690" lon="-51.1614560">
    <ele>908.0</ele>
   </trkpt>
   <trkpt lat="-26.2613540" lon="-51.1614830">
    <ele>908.5</ele>
   </trkpt>
   <trkpt lat="-26.2613480" lon="-51.1614950">
    <ele>908.7</ele>
   </trkpt>
   <trkpt lat="-26.2613390" lon="-51.1615260">
    <ele>909.2</ele>
   </trkpt>
   <trkpt lat="-26.2613360" lon="-51.1615350">
    <ele>909.4</ele>
   </trkpt>
   <trkpt lat="-26.2613240" lon="-51.1615630">
    <ele>909.9</ele>
   </trkpt>
   <trkpt lat="-26.2613200" lon="-51.1615720">
    <ele>910.0</ele>
   </trkpt>
   <trkpt lat="-26.2613030" lon="-51.1616000">
    <ele>910.5</ele>
   </trkpt>
   <trkpt lat="-26.2612970" lon="-51.1616110">
    <ele>910.7</ele>
   </trkpt>
   <trkpt lat="-26.2612790" lon="-51.1616370">
    <ele>911.2</ele>
   </trkpt>
   <trkpt lat="-26.2612720" lon="-51.1616470">
    <ele>911.4</ele>
   </trkpt>
   <trkpt lat="-26.2612600" lon="-51.1616740">
    <ele>911.8</ele>
   </trkpt>
   <trkpt lat="-26.2612400" lon="-51.1617020">
    <ele>912.2</ele>
   </trkpt>
   <trkpt lat="-26.2612320" lon="-51.1617120">
    <ele>912.4</ele>
   </trkpt>
   <trkpt lat="-26.2612160" lon="-51.1617440">
    <ele>912.9</ele>
   </trkpt>
   <trkpt lat="-26.2612120" lon="-51.1617540">
    <ele>913.0</ele>
   </trkpt>
   <trkpt lat="-26.2611900" lon="-51.1617830">
    <ele>913.5</ele>
   </trkpt>
   <trkpt lat="-26.2611800" lon="-51.1617940">
    <ele>913.6</ele>
   </trkpt>
   <trkpt lat="-26.2611470" lon="-51.1618180">
    <ele>914.1</ele>
   </trkpt>
   <trkpt lat="-26.2611360" lon="-51.1618260">
    <ele>914.3</ele>
   </trkpt>
   <trkpt lat="-26.2611140" lon="-51.1618480">
    <ele>914.6</ele>
   </trkpt>
   <trkpt lat="-26.2610860" lon="-51.1618640">
    <ele>915.0</ele>
   </trkpt>
   <trkpt lat="-26.2610490" lon="-51.1618770">
    <ele>915.4</ele>
   </trkpt>
   <trkpt lat="-26.2610380" lon="-51.1618830">
    <ele>915.6</ele>
   </trkpt>
   <trkpt lat="-26.2610110" lon="-51.1618930">
    <ele>915.9</ele>
   </trkpt>
   <trkpt lat="-26.2609850" lon="-51.1619040">
    <ele>916.2</ele>
   </trkpt>
   <trkpt lat="-26.2609500" lon="-51.1619130">
    <ele>916.6</ele>
   </trkpt>
   <trkpt lat="-26.2609390" lon="-51.1619160">
    <ele>916.8</ele>
   </trkpt>
   <trkpt lat="-26.2609100" lon="-51.1619180">
    <ele>917.1</ele>
   </trkpt>
   <trkpt lat="-26.2608740" lon="-51.1619250">
    <ele>917.5</ele>
   </trkpt>
   <trkpt lat="-26.2608640" lon="-51.1619290">
    <ele>917.6</ele>
   </trkpt>
   <trkpt lat="-26.2608330" lon="-51.1619360">
    <ele>918.0</ele>
   </trkpt>
   <trkpt lat="-26.2608200" lon="-51.1619390">
    <ele>918.2</ele>
   </trkpt>
   <trkpt lat="-26.2607840" lon="-51.1619520">
    <ele>918.6</ele>
   </trkpt>
   <trkpt lat="-26.2607730" lon="-51.1619560">
    <ele>918.8</ele>
   </trkpt>
   <trkpt lat="-26.2607410" lon="-51.1619690">
    <ele>919.2</ele>
   </trkpt>
   <trkpt lat="-26.2607310" lon="-51.1619750">
    <ele>919.3</ele>
   </trkpt>
   <trkpt lat="-26.2607000" lon="-51.1619940">
    <ele>919.8</ele>
   </trkpt>
   <trkpt lat="-26.2606900" lon="-51.1620020">
    <ele>920.0</ele>
   </trkpt>
   <trkpt lat="-26.2606600" lon="-51.1620220">
    <ele>920.5</ele>
   </trkpt>
   <trkpt lat="-26.2606500" lon="-51.1620300">
    <ele>920.7</ele>
   </trkpt>
   <trkpt lat="-26.2606230" lon="-51.1620540">
    <ele>921.2</ele>
   </trkpt>
   <trkpt lat="-26.2606170" lon="-51.1620600">
    <ele>921.3</ele>
   </trkpt>
   <trkpt lat="-26.2605900" lon="-51.1620850">
    <ele>921.8</ele>
   </trkpt>
   <trkpt lat="-26.2605810" lon="-51.1620920">
    <ele>922.0</ele>
   </trkpt>
   <trkpt lat="-26.2605610" lon="-51.1621210">
    <ele>922.5</ele>
   </trkpt>
   <trkpt lat="-26.2605540" lon="-51.1621300">
    <ele>922.6</ele>
   </trkpt>
   <trkpt lat="-26.2605330" lon="-51.1621570">
    <ele>923.1</ele>
   </trkpt>
   <trkpt lat="-26.2605270" lon="-51.1621640">
    <ele>923.2</ele>
   </trkpt>
   <trkpt lat="-26.2605070" lon="-51.1621960">
    <ele>923.7</ele>
   </trkpt>
   <trkpt lat="-26.2605010" lon="-51.1622070">
    <ele>923.9</ele>
   </trkpt>
   <trkpt lat="-26.2604800" lon="-51.1622290">
    <ele>924.4</ele>
   </trkpt>
   <trkpt lat="-26.2604720" lon="-51.1622390">
    <ele>924.5</ele>
   </trkpt>
   <trkpt lat="-26.2604560" lon="-51.1622720">
    <ele>925.0</ele>
   </trkpt>
   <trkpt lat="-26.2604490" lon="-51.1622830">
    <ele>925.2</ele>
   </trkpt>
   <trkpt lat="-26.2604300" lon="-51.1623140">
    <ele>925.6</ele>
   </trkpt>
   <trkpt lat="-26.2604230" lon="-51.1623250">
    <ele>925.8</ele>
   </trkpt>
   <trkpt lat="-26.2604020" lon="-51.1623600">
    <ele>926.3</ele>
   </trkpt>
   <trkpt lat="-26.2603970" lon="-51.1623710">
    <ele>926.4</ele>
   </trkpt>
   <trkpt lat="-26.2603790" lon="-51.1624020">
    <ele>926.8</ele>
   </trkpt>
   <trkpt lat="-26.2603720" lon="-51.1624120">
    <ele>926.9</ele>
   </trkpt>
   <trkpt lat="-26.2603540" lon="-51.1624500">
    <ele>927.3</ele>
   </trkpt>
   <trkpt lat="-26.2603500" lon="-51.1624620">
    <ele>927.4</ele>
   </trkpt>
   <trkpt lat="-26.2603350" lon="-51.1625020">
    <ele>927.8</ele>
   </trkpt>
   <trkpt lat="-26.2603300" lon="-51.1625170">
    <ele>927.9</ele>
   </trkpt>
   <trkpt lat="-26.2603170" lon="-51.1625560">
    <ele>928.2</ele>
   </trkpt>
   <trkpt lat="-26.2603140" lon="-51.1625690">
    <ele>928.3</ele>
   </trkpt>
   <trkpt lat="-26.2603030" lon="-51.1626050">
    <ele>928.6</ele>
   </trkpt>
   <trkpt lat="-26.2603000" lon="-51.1626190">
    <ele>928.7</ele>
   </trkpt>
   <trkpt lat="-26.2602860" lon="-51.1626540">
    <ele>928.9</ele>
   </trkpt>
   <trkpt lat="-26.2602830" lon="-51.1626680">
    <ele>929.0</ele>
   </trkpt>
   <trkpt lat="-26.2602710" lon="-51.1627050">
    <ele>929.2</ele>
   </trkpt>
   <trkpt lat="-26.2602660" lon="-51.1627190">
    <ele>929.2</ele>
   </trkpt>
   <trkpt lat="-26.2602580" lon="-51.1627470">
    <ele>929.4</ele>
   </trkpt>
   <trkpt lat="-26.2602440" lon="-51.1627820">
    <ele>929.5</ele>
   </trkpt>
   <trkpt lat="-26.2602410" lon="-51.1627960">
    <ele>929.6</ele>
   </trkpt>
   <trkpt lat="-26.2602310" lon="-51.1628250">
    <ele>929.7</ele>
   </trkpt>
   <trkpt lat="-26.2602080" lon="-51.1628580">
    <ele>929.8</ele>
   </trkpt>
   <trkpt lat="-26.2602020" lon="-51.1628690">
    <ele>929.8</ele>
   </trkpt>
   <trkpt lat="-26.2601880" lon="-51.1628970">
    <ele>929.9</ele>
   </trkpt>
   <trkpt lat="-26.2601720" lon="-51.1629370">
    <ele>930.0</ele>
   </trkpt>
   <trkpt lat="-26.2601560" lon="-51.1629670">
    <ele>930.0</ele>
   </trkpt>
   <trkpt lat="-26.2601520" lon="-51.1630060">
    <ele>930.1</ele>
   </trkpt>
   <trkpt lat="-26.2601390" lon="-51.1630400">
    <ele>930.2</ele>
   </trkpt>
   <trkpt lat="-26.2601290" lon="-51.1630770">
    <ele>930.2</ele>
   </trkpt>
   <trkpt lat="-26.2601150" lon="-51.1631150">
    <ele>930.4</ele>
   </trkpt>
   <trkpt lat="-26.2601020" lon="-51.1631530">
    <ele>930.5</ele>
   </trkpt>
   <trkpt lat="-26.2600890" lon="-51.1631850">
    <ele>930.7</ele>
   </trkpt>
   <trkpt lat="-26.2600770" lon="-51.1632330">
    <ele>930.9</ele>
   </trkpt>
   <trkpt lat="-26.2600680" lon="-51.1632810">
    <ele>931.3</ele>
   </trkpt>
   <trkpt lat="-26.2600570" lon="-51.1633100">
    <ele>931.5</ele>
   </trkpt>
   <trkpt lat="-26.2600470" lon="-51.1633420">
    <ele>931.8</ele>
   </trkpt>
   <trkpt lat="-26.2600430" lon="-51.1633760">
    <ele>932.1</ele>
   </trkpt>
   <trkpt lat="-26.2600360" lon="-51.1634050">
    <ele>932.4</ele>
   </trkpt>
   <trkpt lat="-26.2600300" lon="-51.1634390">
    <ele>932.7</ele>
   </trkpt>
   <trkpt lat="-26.2600240" lon="-51.1634710">
    <ele>933.1</ele>
   </trkpt>
   <trkpt lat="-26.2600100" lon="-51.1635050">
    <ele>933.5</ele>
   </trkpt>
   <trkpt lat="-26.2600150" lon="-51.1635380">
    <ele>933.9</ele>
   </trkpt>
   <trkpt lat="-26.2600080" lon="-51.1635790">
    <ele>934.4</ele>
   </trkpt>
   <trkpt lat="-26.2600030" lon="-51.1635940">
    <ele>934.5</ele>
   </trkpt>
   <trkpt lat="-26.2600010" lon="-51.1636360">
    <ele>935.0</ele>
   </trkpt>
   <trkpt lat="-26.2600020" lon="-51.1636520">
    <ele>935.2</ele>
   </trkpt>
   <trkpt lat="-26.2599970" lon="-51.1636920">
    <ele>935.7</ele>
   </trkpt>
   <trkpt lat="-26.2599960" lon="-51.1637050">
    <ele>935.9</ele>
   </trkpt>
   <trkpt lat="-26.2599890" lon="-51.1637450">
    <ele>936.4</ele>
   </trkpt>
   <trkpt lat="-26.2599840" lon="-51.1637570">
    <ele>936.6</ele>
   </trkpt>
   <trkpt lat="-26.2599850" lon="-51.1637910">
    <ele>937.0</ele>
   </trkpt>
   <trkpt lat="-26.2599730" lon="-51.1638250">
    <ele>937.5</ele>
   </trkpt>
   <trkpt lat="-26.2599660" lon="-51.1638350">
    <ele>937.7</ele>
   </trkpt>
   <trkpt lat="-26.2599620" lon="-51.1638760">
    <ele>938.2</ele>
   </trkpt>
   <trkpt lat="-26.2599610" lon="-51.1638890">
    <ele>938.4</ele>
   </trkpt>
   <trkpt lat="-26.2599610" lon="-51.1639270">
    <ele>938.9</ele>
   </trkpt>
   <trkpt lat="-26.2599600" lon="-51.1639400">
    <ele>939.1</ele>
   </trkpt>
   <trkpt lat="-26.2599530" lon="-51.1639730">
    <ele>939.5</ele>
   </trkpt>
   <trkpt lat="-26.2599500" lon="-51.1639850">
    <ele>939.7</ele>
   </trkpt>
   <trkpt lat="-26.2599420" lon="-51.1640260">
    <ele>940.3</ele>
   </trkpt>
   <trkpt lat="-26.2599410" lon="-51.1640390">
    <ele>940.5</ele>
   </trkpt>
   <trkpt lat="-26.2599390" lon="-51.1640730">
    <ele>940.9</ele>
   </trkpt>
   <trkpt lat="-26.2599430" lon="-51.1640850">
    <ele>941.1</ele>
   </trkpt>
   <trkpt lat="-26.2599350" lon="-51.1641150">
    <ele>941.5</ele>
   </trkpt>
   <trkpt lat="-26.2599340" lon="-51.1641280">
    <ele>941.7</ele>
   </trkpt>
   <trkpt lat="-26.2599350" lon="-51.1641650">
    <ele>942.2</ele>
   </trkpt>
   <trkpt lat="-26.2599360" lon="-51.1641780">
    <ele>942.4</ele>
   </trkpt>
   <trkpt lat="-26.2599360" lon="-51.1642110">
    <ele>942.8</ele>
   </trkpt>
   <trkpt lat="-26.2599350" lon="-51.1642200">
    <ele>943.0</ele>
   </trkpt>
   <trkpt lat="-26.2599300" lon="-51.1642610">
    <ele>943.5</ele>
   </trkpt>
   <trkpt lat="-26.2599300" lon="-51.1642750">
    <ele>943.7</ele>
   </trkpt>
   <trkpt lat="-26.2599210" lon="-51.1643040">
    <ele>944.1</ele>
   </trkpt>
   <trkpt lat="-26.2599120" lon="-51.1643390">
    <ele>944.5</ele>
   </trkpt>
   <trkpt lat="-26.2599110" lon="-51.1643510">
    <ele>944.7</ele>
   </trkpt>
   <trkpt lat="-26.2599040" lon="-51.1643860">
    <ele>945.1</ele>
   </trkpt>
   <trkpt lat="-26.2599030" lon="-51.1643970">
    <ele>945.2</ele>
   </trkpt>
   <trkpt lat="-26.2598880" lon="-51.1644350">
    <ele>945.7</ele>
   </trkpt>
   <trkpt lat="-26.2598830" lon="-51.1644470">
    <ele>945.8</ele>
   </trkpt>
   <trkpt lat="-26.2598700" lon="-51.1644810">
    <ele>946.2</ele>
   </trkpt>
   <trkpt lat="-26.2598660" lon="-51.1644920">
    <ele>946.3</ele>
   </trkpt>
   <trkpt lat="-26.2598440" lon="-51.1645230">
    <ele>946.7</ele>
   </trkpt>
   <trkpt lat="-26.2598390" lon="-51.1645350">
    <ele>946.9</ele>
   </trkpt>
   <trkpt lat="-26.2598240" lon="-51.1645700">
    <ele>947.2</ele>
   </trkpt>
   <trkpt lat="-26.2598190" lon="-51.1645810">
    <ele>947.4</ele>
   </trkpt>
   <trkpt lat="-26.2597990" lon="-51.1646120">
    <ele>947.7</ele>
   </trkpt>
   <trkpt lat="-26.2597920" lon="-51.1646220">
    <ele>947.9</ele>
   </trkpt>
   <trkpt lat="-26.2597780" lon="-51.1646560">
    <ele>948.2</ele>
   </trkpt>
   <trkpt lat="-26.2597570" lon="-51.1646790">
    <ele>948.6</ele>
   </trkpt>
   <trkpt lat="-26.2597510" lon="-51.1646880">
    <ele>948.7</ele>
   </trkpt>
   <trkpt lat="-26.2597330" lon="-51.1647200">
    <ele>949.0</ele>
   </trkpt>
   <trkpt lat="-26.2597260" lon="-51.1647320">
    <ele>949.2</ele>
   </trkpt>
   <trkpt lat="-26.2597050" lon="-51.1647660">
    <ele>949.6</ele>
   </trkpt>
   <trkpt lat="-26.2596990" lon="-51.1647770">
    <ele>949.7</ele>
   </trkpt>
   <trkpt lat="-26.2596830" lon="-51.1648030">
    <ele>950.1</ele>
   </trkpt>
   <trkpt lat="-26.2596780" lon="-51.1648110">
    <ele>950.2</ele>
   </trkpt>
   <trkpt lat="-26.2596550" lon="-51.1648450">
    <ele>950.6</ele>
   </trkpt>
   <trkpt lat="-26.2596460" lon="-51.1648560">
    <ele>950.8</ele>
   </trkpt>
   <trkpt lat="-26.2596270" lon="-51.1648770">
    <ele>951.1</ele>
   </trkpt>
   <trkpt lat="-26.2596030" lon="-51.1649060">
    <ele>951.5</ele>
   </trkpt>
   <trkpt lat="-26.2595960" lon="-51.1649140">
    <ele>951.7</ele>
   </trkpt>
   <trkpt lat="-26.2595710" lon="-51.1649440">
    <ele>952.1</ele>
   </trkpt>
   <trkpt lat="-26.2595600" lon="-51.1649550">
    <ele>952.3</ele>
   </trkpt>
   <trkpt lat="-26.2595290" lon="-51.1649760">
    <ele>952.6</ele>
   </trkpt>
   <trkpt lat="-26.2595180" lon="-51.1649820">
    <ele>952.8</ele>
   </trkpt>
   <trkpt lat="-26.2594910" lon="-51.1650040">
    <ele>953.1</ele>
   </trkpt>
   <trkpt lat="-26.2594840" lon="-51.1650100">
    <ele>953.1</ele>
   </trkpt>
   <trkpt lat="-26.2594530" lon="-51.1650300">
    <ele>953.4</ele>
   </trkpt>
   <trkpt lat="-26.2594440" lon="-51.1650380">
    <ele>953.5</ele>
   </trkpt>
   <trkpt lat="-26.2594090" lon="-51.1650520">
    <ele>953.8</ele>
   </trkpt>
   <trkpt lat="-26.2593710" lon="-51.1650690">
    <ele>954.0</ele>
   </trkpt>
   <trkpt lat="-26.2593550" lon="-51.1650730">
    <ele>954.0</ele>
   </trkpt>
   <trkpt lat="-26.2593180" lon="-51.1650950">
    <ele>954.2</ele>
   </trkpt>
   <trkpt lat="-26.2593030" lon="-51.1651020">
    <ele>954.2</ele>
   </trkpt>
   <trkpt lat="-26.2592680" lon="-51.1651170">
    <ele>954.3</ele>
   </trkpt>
   <trkpt lat="-26.2592350" lon="-51.1651410">
    <ele>954.4</ele>
   </trkpt>
   <trkpt lat="-26.2591960" lon="-51.1651660">
    <ele>954.5</ele>
   </trkpt>
   <trkpt lat="-26.2591640" lon="-51.1651920">
    <ele>954.6</ele>
   </trkpt>
   <trkpt lat="-26.2591290" lon="-51.1652160">
    <ele>954.7</ele>
   </trkpt>
   <trkpt lat="-26.2590930" lon="-51.1652380">
    <ele>954.9</ele>
   </trkpt>
   <trkpt lat="-26.2590530" lon="-51.1652560">
    <ele>955.0</ele>
   </trkpt>
   <trkpt lat="-26.2590160" lon="-51.1652820">
    <ele>955.3</ele>
   </trkpt>
   <trkpt lat="-26.2589820" lon="-51.1653110">
    <ele>955.5</ele>
   </trkpt>
   <trkpt lat="-26.2589530" lon="-51.1653390">
    <ele>955.7</ele>
   </trkpt>
   <trkpt lat="-26.2589200" lon="-51.1653720">
    <ele>956.0</ele>
   </trkpt>
   <trkpt lat="-26.2588930" lon="-51.1654020">
    <ele>956.2</ele>
   </trkpt>
   <trkpt lat="-26.2588660" lon="-51.1654290">
    <ele>956.4</ele>
   </trkpt>
   <trkpt lat="-26.2588390" lon="-51.1654580">
    <ele>956.7</ele>
   </trkpt>
   <trkpt lat="-26.2588140" lon="-51.1654890">
    <ele>956.9</ele>
   </trkpt>
   <trkpt lat="-26.2587850" lon="-51.1655180">
    <ele>957.2</ele>
   </trkpt>
   <trkpt lat="-26.2587580" lon="-51.1655430">
    <ele>957.5</ele>
   </trkpt>
   <trkpt lat="-26.2587320" lon="-51.1655710">
    <ele>957.8</ele>
   </trkpt>
   <trkpt lat="-26.2587050" lon="-51.1655960">
    <ele>958.1</ele>
   </trkpt>
   <trkpt lat="-26.2586740" lon="-51.1656170">
    <ele>958.4</ele>
   </trkpt>
   <trkpt lat="-26.2586480" lon="-51.1656410">
    <ele>958.7</ele>
   </trkpt>
   <trkpt lat="-26.2586200" lon="-51.1656630">
    <ele>959.0</ele>
   </trkpt>
   <trkpt lat="-26.2585930" lon="-51.1656800">
    <ele>959.3</ele>
   </trkpt>
   <trkpt lat="-26.2585630" lon="-51.1656960">
    <ele>959.7</ele>
   </trkpt>
   <trkpt lat="-26.2585270" lon="-51.1657230">
    <ele>960.1</ele>
   </trkpt>
   <trkpt lat="-26.2585130" lon="-51.1657340">
    <ele>960.3</ele>
   </trkpt>
   <trkpt lat="-26.2584890" lon="-51.1657590">
    <ele>960.6</ele>
   </trkpt>
   <trkpt lat="-26.2584700" lon="-51.1657870">
    <ele>960.8</ele>
   </trkpt>
   <trkpt lat="-26.2584440" lon="-51.1658140">
    <ele>961.1</ele>
   </trkpt>
   <trkpt lat="-26.2584170" lon="-51.1658370">
    <ele>961.4</ele>
   </trkpt>
   <trkpt lat="-26.2583900" lon="-51.1658660">
    <ele>961.7</ele>
   </trkpt>
   <trkpt lat="-26.2583670" lon="-51.1658960">
    <ele>961.9</ele>
   </trkpt>
   <trkpt lat="-26.2583390" lon="-51.1659230">
    <ele>962.2</ele>
   </trkpt>
   <trkpt lat="-26.2583140" lon="-51.1659510">
    <ele>962.4</ele>
   </trkpt>
   <trkpt lat="-26.2582860" lon="-51.1659810">
    <ele>962.7</ele>
   </trkpt>
   <trkpt lat="-26.2582620" lon="-51.1660070">
    <ele>962.9</ele>
   </trkpt>
   <trkpt lat="-26.2582330" lon="-51.1660370">
    <ele>963.2</ele>
   </trkpt>
   <trkpt lat="-26.2582040" lon="-51.1660640">
    <ele>963.6</ele>
   </trkpt>
   <trkpt lat="-26.2581800" lon="-51.1660880">
    <ele>963.9</ele>
   </trkpt>
   <trkpt lat="-26.2581520" lon="-51.1661150">
    <ele>964.2</ele>
   </trkpt>
   <trkpt lat="-26.2581300" lon="-51.1661360">
    <ele>964.5</ele>
   </trkpt>
   <trkpt lat="-26.2581100" lon="-51.1661600">
    <ele>964.8</ele>
   </trkpt>
   <trkpt lat="-26.2580900" lon="-51.1661870">
    <ele>965.1</ele>
   </trkpt>
   <trkpt lat="-26.2580710" lon="-51.1662090">
    <ele>965.4</ele>
   </trkpt>
   <trkpt lat="-26.2580480" lon="-51.1662410">
    <ele>965.8</ele>
   </trkpt>
   <trkpt lat="-26.2580330" lon="-51.1662690">
    <ele>966.1</ele>
   </trkpt>
   <trkpt lat="-26.2580120" lon="-51.1663090">
    <ele>966.5</ele>
   </trkpt>
   <trkpt lat="-26.2580020" lon="-51.1663220">
    <ele>966.6</ele>
   </trkpt>
   <trkpt lat="-26.2579900" lon="-51.1663530">
    <ele>966.8</ele>
   </trkpt>
   <trkpt lat="-26.2579750" lon="-51.1663800">
    <ele>967.0</ele>
   </trkpt>
   <trkpt lat="-26.2579590" lon="-51.1664110">
    <ele>967.2</ele>
   </trkpt>
   <trkpt lat="-26.2579440" lon="-51.1664360">
    <ele>967.3</ele>
   </trkpt>
   <trkpt lat="-26.2579300" lon="-51.1664630">
    <ele>967.3</ele>
   </trkpt>
   <trkpt lat="-26.2579190" lon="-51.1665050">
    <ele>967.2</ele>
   </trkpt>
   <trkpt lat="-26.2579160" lon="-51.1665220">
    <ele>967.2</ele>
   </trkpt>
   <trkpt lat="-26.2579090" lon="-51.1665640">
    <ele>966.9</ele>
   </trkpt>
   <trkpt lat="-26.2578960" lon="-51.1666080">
    <ele>966.6</ele>
   </trkpt>
   <trkpt lat="-26.2578780" lon="-51.1666540">
    <ele>966.1</ele>
   </trkpt>
   <trkpt lat="-26.2578500" lon="-51.1667280">
    <ele>965.3</ele>
   </trkpt>
   <trkpt lat="-26.2578130" lon="-51.1668080">
    <ele>964.2</ele>
   </trkpt>
   <trkpt lat="-26.2577770" lon="-51.1668820">
    <ele>963.1</ele>
   </trkpt>
   <trkpt lat="-26.2577470" lon="-51.1669630">
    <ele>962.0</ele>
   </trkpt>
   <trkpt lat="-26.2577180" lon="-51.1670440">
    <ele>960.8</ele>
   </trkpt>
   <trkpt lat="-26.2576830" lon="-51.1671150">
    <ele>959.7</ele>
   </trkpt>
   <trkpt lat="-26.2576480" lon="-51.1671820">
    <ele>958.7</ele>
   </trkpt>
   <trkpt lat="-26.2576120" lon="-51.1672630">
    <ele>957.7</ele>
   </trkpt>
   <trkpt lat="-26.2575570" lon="-51.1673280">
    <ele>956.9</ele>
   </trkpt>
   <trkpt lat="-26.2575170" lon="-51.1673870">
    <ele>956.8</ele>
   </trkpt>
   <trkpt lat="-26.2574690" lon="-51.1674360">
    <ele>956.8</ele>
   </trkpt>
   <trkpt lat="-26.2574160" lon="-51.1674700">
    <ele>956.9</ele>
   </trkpt>
   <trkpt lat="-26.2573690" lon="-51.1675040">
    <ele>957.1</ele>
   </trkpt>
   <trkpt lat="-26.2573340" lon="-51.1675340">
    <ele>957.2</ele>
   </trkpt>
   <trkpt lat="-26.2573030" lon="-51.1675620">
    <ele>957.3</ele>
   </trkpt>
   <trkpt lat="-26.2572790" lon="-51.1675980">
    <ele>957.1</ele>
   </trkpt>
   <trkpt lat="-26.2572570" lon="-51.1676330">
    <ele>957.0</ele>
   </trkpt>
   <trkpt lat="-26.2572370" lon="-51.1676750">
    <ele>956.9</ele>
   </trkpt>
   <trkpt lat="-26.2572200" lon="-51.1677130">
    <ele>957.0</ele>
   </trkpt>
   <trkpt lat="-26.2572020" lon="-51.1677540">
    <ele>957.0</ele>
   </trkpt>
   <trkpt lat="-26.2571850" lon="-51.1677930">
    <ele>957.0</ele>
   </trkpt>
   <trkpt lat="-26.2571670" lon="-51.1678340">
    <ele>957.1</ele>
   </trkpt>
   <trkpt lat="-26.2571520" lon="-51.1678810">
    <ele>957.1</ele>
   </trkpt>
   <trkpt lat="-26.2571350" lon="-51.1679190">
    <ele>957.1</ele>
   </trkpt>
   <trkpt lat="-26.2571120" lon="-51.1679650">
    <ele>957.1</ele>
   </trkpt>
   <trkpt lat="-26.2570870" lon="-51.1680010">
    <ele>957.1</ele>
   </trkpt>
   <trkpt lat="-26.2570600" lon="-51.1680430">
    <ele>957.1</ele>
   </trkpt>
   <trkpt lat="-26.2570310" lon="-51.1680750">
    <ele>957.1</ele>
   </trkpt>
   <trkpt lat="-26.2569980" lon="-51.1681010">
    <ele>957.1</ele>
   </trkpt>
   <trkpt lat="-26.2569700" lon="-51.1681320">
    <ele>957.1</ele>
   </trkpt>
   <trkpt lat="-26.2569410" lon="-51.1681700">
    <ele>957.0</ele>
   </trkpt>
   <trkpt lat="-26.2569120" lon="-51.1682110">
    <ele>957.0</ele>
   </trkpt>
   <trkpt lat="-26.2568860" lon="-51.1682470">
    <ele>956.9</ele>
   </trkpt>
   <trkpt lat="-26.2568580" lon="-51.1682840">
    <ele>956.7</ele>
   </trkpt>
   <trkpt lat="-26.2568320" lon="-51.1683250">
    <ele>956.5</ele>
   </trkpt>
   <trkpt lat="-26.2568150" lon="-51.1683650">
    <ele>956.3</ele>
   </trkpt>
   <trkpt lat="-26.2568030" lon="-51.1684250">
    <ele>955.9</ele>
   </trkpt>
   <trkpt lat="-26.2567950" lon="-51.1684870">
    <ele>955.5</ele>
   </trkpt>
   <trkpt lat="-26.2567870" lon="-51.1685510">
    <ele>955.0</ele>
   </trkpt>
   <trkpt lat="-26.2567830" lon="-51.1686200">
    <ele>954.4</ele>
   </trkpt>
   <trkpt lat="-26.2567810" lon="-51.1686980">
    <ele>953.6</ele>
   </trkpt>
   <trkpt lat="-26.2567820" lon="-51.1687790">
    <ele>952.9</ele>
   </trkpt>
   <trkpt lat="-26.2567760" lon="-51.1688780">
    <ele>952.0</ele>
   </trkpt>
   <trkpt lat="-26.2567680" lon="-51.1689740">
    <ele>951.1</ele>
   </trkpt>
   <trkpt lat="-26.2567500" lon="-51.1690720">
    <ele>950.2</ele>
   </trkpt>
   <trkpt lat="-26.2567270" lon="-51.1691720">
    <ele>949.3</ele>
   </trkpt>
   <trkpt lat="-26.2566940" lon="-51.1692740">
    <ele>948.5</ele>
   </trkpt>
   <trkpt lat="-26.2566630" lon="-51.1693780">
    <ele>947.8</ele>
   </trkpt>
   <trkpt lat="-26.2566320" lon="-51.1694850">
    <ele>947.2</ele>
   </trkpt>
   <trkpt lat="-26.2566100" lon="-51.1695950">
    <ele>946.6</ele>
   </trkpt>
   <trkpt lat="-26.2566150" lon="-51.1697060">
    <ele>945.9</ele>
   </trkpt>
   <trkpt lat="-26.2566380" lon="-51.1698280">
    <ele>945.0</ele>
   </trkpt>
   <trkpt lat="-26.2566670" lon="-51.1699290">
    <ele>944.1</ele>
   </trkpt>
   <trkpt lat="-26.2566900" lon="-51.1700580">
    <ele>943.2</ele>
   </trkpt>
   <trkpt lat="-26.2566870" lon="-51.1701830">
    <ele>942.4</ele>
   </trkpt>
   <trkpt lat="-26.2566330" lon="-51.1702900">
    <ele>941.6</ele>
   </trkpt>
   <trkpt lat="-26.2565450" lon="-51.1703730">
    <ele>940.6</ele>
   </trkpt>
   <trkpt lat="-26.2564480" lon="-51.1704390">
    <ele>939.5</ele>
   </trkpt>
   <trkpt lat="-26.2563610" lon="-51.1705180">
    <ele>938.2</ele>
   </trkpt>
   <trkpt lat="-26.2562900" lon="-51.1706150">
    <ele>936.9</ele>
   </trkpt>
   <trkpt lat="-26.2562210" lon="-51.1707280">
    <ele>935.5</ele>
   </trkpt>
   <trkpt lat="-26.2561430" lon="-51.1708340">
    <ele>934.3</ele>
   </trkpt>
   <trkpt lat="-26.2560500" lon="-51.1709350">
    <ele>933.3</ele>
   </trkpt>
   <trkpt lat="-26.2559510" lon="-51.1710150">
    <ele>932.7</ele>
   </trkpt>
   <trkpt lat="-26.2558440" lon="-51.1710810">
    <ele>932.1</ele>
   </trkpt>
   <trkpt lat="-26.2557340" lon="-51.1711390">
    <ele>931.5</ele>
   </trkpt>
   <trkpt lat="-26.2556310" lon="-51.1712080">
    <ele>930.8</ele>
   </trkpt>
   <trkpt lat="-26.2555480" lon="-51.1713090">
    <ele>929.9</ele>
   </trkpt>
   <trkpt lat="-26.2554940" lon="-51.1714260">
    <ele>928.9</ele>
   </trkpt>
   <trkpt lat="-26.2554690" lon="-51.1715740">
    <ele>927.6</ele>
   </trkpt>
   <trkpt lat="-26.2554580" lon="-51.1717220">
    <ele>926.2</ele>
   </trkpt>
   <trkpt lat="-26.2554690" lon="-51.1718630">
    <ele>924.8</ele>
   </trkpt>
   <trkpt lat="-26.2554980" lon="-51.1720060">
    <ele>923.4</ele>
   </trkpt>
   <trkpt lat="-26.2555460" lon="-51.1721440">
    <ele>922.5</ele>
   </trkpt>
   <trkpt lat="-26.2555990" lon="-51.1722850">
    <ele>921.7</ele>
   </trkpt>
   <trkpt lat="-26.2556450" lon="-51.1724230">
    <ele>921.2</ele>
   </trkpt>
   <trkpt lat="-26.2556750" lon="-51.1725650">
    <ele>921.0</ele>
   </trkpt>
   <trkpt lat="-26.2556950" lon="-51.1727010">
    <ele>920.8</ele>
   </trkpt>
   <trkpt lat="-26.2557020" lon="-51.1728410">
    <ele>920.7</ele>
   </trkpt>
   <trkpt lat="-26.2557140" lon="-51.1729660">
    <ele>920.3</ele>
   </trkpt>
   <trkpt lat="-26.2557580" lon="-51.1730920">
    <ele>919.5</ele>
   </trkpt>
   <trkpt lat="-26.2558010" lon="-51.1732110">
    <ele>918.5</ele>
   </trkpt>
   <trkpt lat="-26.2558430" lon="-51.1733060">
    <ele>917.5</ele>
   </trkpt>
   <trkpt lat="-26.2558760" lon="-51.1734060">
    <ele>916.5</ele>
   </trkpt>
   <trkpt lat="-26.2559150" lon="-51.1734850">
    <ele>915.7</ele>
   </trkpt>
   <trkpt lat="-26.2559460" lon="-51.1735640">
    <ele>915.0</ele>
   </trkpt>
   <trkpt lat="-26.2559730" lon="-51.1736330">
    <ele>914.4</ele>
   </trkpt>
   <trkpt lat="-26.2560030" lon="-51.1736960">
    <ele>914.0</ele>
   </trkpt>
   <trkpt lat="-26.2560220" lon="-51.1737500">
    <ele>913.8</ele>
   </trkpt>
   <trkpt lat="-26.2560400" lon="-51.1737940">
    <ele>913.7</ele>
   </trkpt>
   <trkpt lat="-26.2560450" lon="-51.1738280">
    <ele>913.7</ele>
   </trkpt>
   <trkpt lat="-26.2560590" lon="-51.1738600">
    <ele>913.6</ele>
   </trkpt>
   <trkpt lat="-26.2560580" lon="-51.1738960">
    <ele>913.6</ele>
   </trkpt>
   <trkpt lat="-26.2560680" lon="-51.1739250">
    <ele>913.6</ele>
   </trkpt>
   <trkpt lat="-26.2560710" lon="-51.1739340">
    <ele>913.6</ele>
   </trkpt>
   <trkpt lat="-26.2560810" lon="-51.1739470">
    <ele>913.6</ele>
   </trkpt>
   <trkpt lat="-26.2560860" lon="-51.1739620">
    <ele>913.7</ele>
   </trkpt>
   <trkpt lat="-26.2560910" lon="-51.1739960">
    <ele>913.7</ele>
   </trkpt>
   <trkpt lat="-26.2560930" lon="-51.1740050">
    <ele>913.7</ele>
   </trkpt>
   <trkpt lat="-26.2560970" lon="-51.1740410">
    <ele>913.7</ele>
   </trkpt>
   <trkpt lat="-26.2561010" lon="-51.1740530">
    <ele>913.7</ele>
   </trkpt>
   <trkpt lat="-26.2561030" lon="-51.1740870">
    <ele>913.8</ele>
   </trkpt>
   <trkpt lat="-26.2561060" lon="-51.1741010">
    <ele>913.8</ele>
   </trkpt>
   <trkpt lat="-26.2561110" lon="-51.1741330">
    <ele>913.9</ele>
   </trkpt>
   <trkpt lat="-26.2561120" lon="-51.1741450">
    <ele>913.9</ele>
   </trkpt>
   <trkpt lat="-26.2561140" lon="-51.1741810">
    <ele>913.9</ele>
   </trkpt>
   <trkpt lat="-26.2561150" lon="-51.1741940">
    <ele>914.0</ele>
   </trkpt>
   <trkpt lat="-26.2561180" lon="-51.1742250">
    <ele>914.0</ele>
   </trkpt>
   <trkpt lat="-26.2561180" lon="-51.1742350">
    <ele>914.0</ele>
   </trkpt>
   <trkpt lat="-26.2561210" lon="-51.1742650">
    <ele>914.1</ele>
   </trkpt>
   <trkpt lat="-26.2561220" lon="-51.1742760">
    <ele>914.1</ele>
   </trkpt>
   <trkpt lat="-26.2561230" lon="-51.1742950">
    <ele>914.2</ele>
   </trkpt>
   <trkpt lat="-26.2561230" lon="-51.1743120">
    <ele>914.2</ele>
   </trkpt>
   <trkpt lat="-26.2561280" lon="-51.1743480">
    <ele>914.3</ele>
   </trkpt>
   <trkpt lat="-26.2561280" lon="-51.1743590">
    <ele>914.3</ele>
   </trkpt>
   <trkpt lat="-26.2561310" lon="-51.1743950">
    <ele>914.5</ele>
   </trkpt>
   <trkpt lat="-26.2561330" lon="-51.1744070">
    <ele>914.5</ele>
   </trkpt>
   <trkpt lat="-26.2561330" lon="-51.1744500">
    <ele>914.7</ele>
   </trkpt>
   <trkpt lat="-26.2561340" lon="-51.1744640">
    <ele>914.8</ele>
   </trkpt>
   <trkpt lat="-26.2561360" lon="-51.1744960">
    <ele>914.9</ele>
   </trkpt>
   <trkpt lat="-26.2561420" lon="-51.1745380">
    <ele>915.2</ele>
   </trkpt>
   <trkpt lat="-26.2561420" lon="-51.1745530">
    <ele>915.2</ele>
   </trkpt>
   <trkpt lat="-26.2561500" lon="-51.1745880">
    <ele>915.5</ele>
   </trkpt>
   <trkpt lat="-26.2561520" lon="-51.1746300">
    <ele>915.8</ele>
   </trkpt>
   <trkpt lat="-26.2561520" lon="-51.1746450">
    <ele>915.9</ele>
   </trkpt>
   <trkpt lat="-26.2561570" lon="-51.1746770">
    <ele>916.2</ele>
   </trkpt>
   <trkpt lat="-26.2561600" lon="-51.1747240">
    <ele>916.6</ele>
   </trkpt>
   <trkpt lat="-26.2561610" lon="-51.1747430">
    <ele>916.8</ele>
   </trkpt>
   <trkpt lat="-26.2561640" lon="-51.1747860">
    <ele>917.2</ele>
   </trkpt>
   <trkpt lat="-26.2561670" lon="-51.1748040">
    <ele>917.4</ele>
   </trkpt>
   <trkpt lat="-26.2561650" lon="-51.1748410">
    <ele>917.7</ele>
   </trkpt>
   <trkpt lat="-26.2561710" lon="-51.1748560">
    <ele>917.8</ele>
   </trkpt>
   <trkpt lat="-26.2561810" lon="-51.1748980">
    <ele>918.1</ele>
   </trkpt>
   <trkpt lat="-26.2561810" lon="-51.1749120">
    <ele>918.1</ele>
   </trkpt>
   <trkpt lat="-26.2561790" lon="-51.1749460">
    <ele>918.3</ele>
   </trkpt>
   <trkpt lat="-26.2561780" lon="-51.1749840">
    <ele>918.3</ele>
   </trkpt>
   <trkpt lat="-26.2561790" lon="-51.1750150">
    <ele>918.4</ele>
   </trkpt>
   <trkpt lat="-26.2561820" lon="-51.1750550">
    <ele>918.4</ele>
   </trkpt>
   <trkpt lat="-26.2561750" lon="-51.1750940">
    <ele>918.3</ele>
   </trkpt>
   <trkpt lat="-26.2561730" lon="-51.1751370">
    <ele>918.2</ele>
   </trkpt>
   <trkpt lat="-26.2561710" lon="-51.1751820">
    <ele>918.0</ele>
   </trkpt>
   <trkpt lat="-26.2561750" lon="-51.1752300">
    <ele>917.8</ele>
   </trkpt>
   <trkpt lat="-26.2561760" lon="-51.1752820">
    <ele>917.5</ele>
   </trkpt>
   <trkpt lat="-26.2561680" lon="-51.1753350">
    <ele>917.1</ele>
   </trkpt>
   <trkpt lat="-26.2561590" lon="-51.1753880">
    <ele>916.8</ele>
   </trkpt>
   <trkpt lat="-26.2561460" lon="-51.1754380">
    <ele>916.5</ele>
   </trkpt>
   <trkpt lat="-26.2561230" lon="-51.1754840">
    <ele>916.2</ele>
   </trkpt>
   <trkpt lat="-26.2560950" lon="-51.1755370">
    <ele>916.0</ele>
   </trkpt>
   <trkpt lat="-26.2560710" lon="-51.1755840">
    <ele>915.8</ele>
   </trkpt>
   <trkpt lat="-26.2560430" lon="-51.1756240">
    <ele>915.6</ele>
   </trkpt>
   <trkpt lat="-26.2560170" lon="-51.1756590">
    <ele>915.6</ele>
   </trkpt>
   <trkpt lat="-26.2559870" lon="-51.1756910">
    <ele>915.5</ele>
   </trkpt>
   <trkpt lat="-26.2559640" lon="-51.1757250">
    <ele>915.5</ele>
   </trkpt>
   <trkpt lat="-26.2559430" lon="-51.1757480">
    <ele>915.5</ele>
   </trkpt>
   <trkpt lat="-26.2559130" lon="-51.1757830">
    <ele>915.5</ele>
   </trkpt>
   <trkpt lat="-26.2559010" lon="-51.1757960">
    <ele>915.5</ele>
   </trkpt>
   <trkpt lat="-26.2558800" lon="-51.1758280">
    <ele>915.5</ele>
   </trkpt>
   <trkpt lat="-26.2558610" lon="-51.1758700">
    <ele>915.5</ele>
   </trkpt>
   <trkpt lat="-26.2558400" lon="-51.1759000">
    <ele>915.5</ele>
   </trkpt>
   <trkpt lat="-26.2558160" lon="-51.1759390">
    <ele>915.6</ele>
   </trkpt>
   <trkpt lat="-26.2557950" lon="-51.1759750">
    <ele>915.5</ele>
   </trkpt>
   <trkpt lat="-26.2557820" lon="-51.1760260">
    <ele>915.5</ele>
   </trkpt>
   <trkpt lat="-26.2557690" lon="-51.1760680">
    <ele>915.5</ele>
   </trkpt>
   <trkpt lat="-26.2557570" lon="-51.1761140">
    <ele>915.4</ele>
   </trkpt>
   <trkpt lat="-26.2557430" lon="-51.1761540">
    <ele>915.3</ele>
   </trkpt>
   <trkpt lat="-26.2557280" lon="-51.1762050">
    <ele>915.2</ele>
   </trkpt>
   <trkpt lat="-26.2557060" lon="-51.1762540">
    <ele>915.0</ele>
   </trkpt>
   <trkpt lat="-26.2556870" lon="-51.1763070">
    <ele>914.7</ele>
   </trkpt>
   <trkpt lat="-26.2556600" lon="-51.1763640">
    <ele>914.3</ele>
   </trkpt>
   <trkpt lat="-26.2556330" lon="-51.1764190">
    <ele>913.7</ele>
   </trkpt>
   <trkpt lat="-26.2556050" lon="-51.1764880">
    <ele>912.9</ele>
   </trkpt>
   <trkpt lat="-26.2555900" lon="-51.1765610">
    <ele>912.1</ele>
   </trkpt>
   <trkpt lat="-26.2555830" lon="-51.1766500">
    <ele>911.1</ele>
   </trkpt>
   <trkpt lat="-26.2555860" lon="-51.1767440">
    <ele>910.2</ele>
   </trkpt>
   <trkpt lat="-26.2555970" lon="-51.1768320">
    <ele>909.5</ele>
   </trkpt>
   <trkpt lat="-26.2556180" lon="-51.1769200">
    <ele>908.9</ele>
   </trkpt>
   <trkpt lat="-26.2556440" lon="-51.1770090">
    <ele>908.4</ele>
   </trkpt>
   <trkpt lat="-26.2556740" lon="-51.1770950">
    <ele>908.1</ele>
   </trkpt>
   <trkpt lat="-26.2557030" lon="-51.1771810">
    <ele>907.8</ele>
   </trkpt>
   <trkpt lat="-26.2557210" lon="-51.1772710">
    <ele>907.6</ele>
   </trkpt>
   <trkpt lat="-26.2557390" lon="-51.1773600">
    <ele>907.5</ele>
   </trkpt>
   <trkpt lat="-26.2557630" lon="-51.1774440">
    <ele>907.5</ele>
   </trkpt>
   <trkpt lat="-26.2557830" lon="-51.1775240">
    <ele>907.4</ele>
   </trkpt>
   <trkpt lat="-26.2558000" lon="-51.1776060">
    <ele>907.4</ele>
   </trkpt>
   <trkpt lat="-26.2558110" lon="-51.1776930">
    <ele>907.3</ele>
   </trkpt>
   <trkpt lat="-26.2558290" lon="-51.1777770">
    <ele>907.3</ele>
   </trkpt>
   <trkpt lat="-26.2558510" lon="-51.1778610">
    <ele>907.2</ele>
   </trkpt>
   <trkpt lat="-26.2558620" lon="-51.1779480">
    <ele>907.2</ele>
   </trkpt>
   <trkpt lat="-26.2558700" lon="-51.1780300">
    <ele>907.1</ele>
   </trkpt>
   <trkpt lat="-26.2558650" lon="-51.1781060">
    <ele>907.1</ele>
   </trkpt>
   <trkpt lat="-26.2558510" lon="-51.1781700">
    <ele>907.1</ele>
   </trkpt>
   <trkpt lat="-26.2558290" lon="-51.1782280">
    <ele>907.1</ele>
   </trkpt>
   <trkpt lat="-26.2558050" lon="-51.1782760">
    <ele>907.1</ele>
   </trkpt>
   <trkpt lat="-26.2557850" lon="-51.1783250">
    <ele>907.0</ele>
   </trkpt>
   <trkpt lat="-26.2557660" lon="-51.1783810">
    <ele>907.0</ele>
   </trkpt>
   <trkpt lat="-26.2557470" lon="-51.1784390">
    <ele>907.0</ele>
   </trkpt>
   <trkpt lat="-26.2557220" lon="-51.1784900">
    <ele>907.0</ele>
   </trkpt>
   <trkpt lat="-26.2557000" lon="-51.1785450">
    <ele>907.0</ele>
   </trkpt>
   <trkpt lat="-26.2556810" lon="-51.1786020">
    <ele>906.9</ele>
   </trkpt>
   <trkpt lat="-26.2556680" lon="-51.1786600">
    <ele>906.9</ele>
   </trkpt>
   <trkpt lat="-26.2556570" lon="-51.1787210">
    <ele>906.9</ele>
   </trkpt>
   <trkpt lat="-26.2556470" lon="-51.1787800">
    <ele>906.9</ele>
   </trkpt>
   <trkpt lat="-26.2556380" lon="-51.1788400">
    <ele>906.8</ele>
   </trkpt>
   <trkpt lat="-26.2556280" lon="-51.1788930">
    <ele>906.8</ele>
   </trkpt>
   <trkpt lat="-26.2556140" lon="-51.1789530">
    <ele>906.8</ele>
   </trkpt>
   <trkpt lat="-26.2555980" lon="-51.1790150">
    <ele>906.8</ele>
   </trkpt>
   <trkpt lat="-26.2555850" lon="-51.1790770">
    <ele>906.8</ele>
   </trkpt>
   <trkpt lat="-26.2555730" lon="-51.1791310">
    <ele>906.8</ele>
   </trkpt>
   <trkpt lat="-26.2555510" lon="-51.1791920">
    <ele>906.8</ele>
   </trkpt>
   <trkpt lat="-26.2555270" lon="-51.1792420">
    <ele>906.8</ele>
   </trkpt>
   <trkpt lat="-26.2555080" lon="-51.1792810">
    <ele>906.8</ele>
   </trkpt>
   <trkpt lat="-26.2554890" lon="-51.1793110">
    <ele>906.8</ele>
   </trkpt>
   <trkpt lat="-26.2554660" lon="-51.1793420">
    <ele>906.8</ele>
   </trkpt>
   <trkpt lat="-26.2554580" lon="-51.1793500">
    <ele>906.8</ele>
   </trkpt>
   <trkpt lat="-26.2554350" lon="-51.1793680">
    <ele>906.8</ele>
   </trkpt>
   <trkpt lat="-26.2554260" lon="-51.1793720">
    <ele>906.7</ele>
   </trkpt>
   <trkpt lat="-26.2554110" lon="-51.1793830">
    <ele>906.7</ele>
   </trkpt>
   <trkpt lat="-26.2553990" lon="-51.1793970">
    <ele>906.7</ele>
   </trkpt>
   <trkpt lat="-26.2553730" lon="-51.1794180">
    <ele>906.7</ele>
   </trkpt>
   <trkpt lat="-26.2553650" lon="-51.1794250">
    <ele>906.7</ele>
   </trkpt>
   <trkpt lat="-26.2553420" lon="-51.1794520">
    <ele>906.8</ele>
   </trkpt>
   <trkpt lat="-26.2553330" lon="-51.1794620">
    <ele>906.8</ele>
   </trkpt>
   <trkpt lat="-26.2553020" lon="-51.1794790">
    <ele>906.8</ele>
   </trkpt>
   <trkpt lat="-26.2552920" lon="-51.1794840">
    <ele>906.8</ele>
   </trkpt>
   <trkpt lat="-26.2552680" lon="-51.1794990">
    <ele>906.8</ele>
   </trkpt>
   <trkpt lat="-26.2552450" lon="-51.1795200">
    <ele>906.8</ele>
   </trkpt>
   <trkpt lat="-26.2552260" lon="-51.1795450">
    <ele>906.8</ele>
   </trkpt>
   <trkpt lat="-26.2552090" lon="-51.1795680">
    <ele>906.8</ele>
   </trkpt>
   <trkpt lat="-26.2551880" lon="-51.1795900">
    <ele>906.8</ele>
   </trkpt>
   <trkpt lat="-26.2551660" lon="-51.1796210">
    <ele>906.9</ele>
   </trkpt>
   <trkpt lat="-26.2551610" lon="-51.1796320">
    <ele>906.9</ele>
   </trkpt>
   <trkpt lat="-26.2551450" lon="-51.1796730">
    <ele>906.9</ele>
   </trkpt>
   <trkpt lat="-26.2551360" lon="-51.1796860">
    <ele>906.9</ele>
   </trkpt>
   <trkpt lat="-26.2551190" lon="-51.1797250">
    <ele>906.9</ele>
   </trkpt>
   <trkpt lat="-26.2551140" lon="-51.1797390">
    <ele>906.9</ele>
   </trkpt>
   <trkpt lat="-26.2550900" lon="-51.1797710">
    <ele>906.9</ele>
   </trkpt>
   <trkpt lat="-26.2550750" lon="-51.1798020">
    <ele>906.9</ele>
   </trkpt>
   <trkpt lat="-26.2550680" lon="-51.1798150">
    <ele>906.9</ele>
   </trkpt>
   <trkpt lat="-26.2550480" lon="-51.1798520">
    <ele>906.9</ele>
   </trkpt>
   <trkpt lat="-26.2550400" lon="-51.1798670">
    <ele>906.9</ele>
   </trkpt>
   <trkpt lat="-26.2550280" lon="-51.1798940">
    <ele>907.0</ele>
   </trkpt>
   <trkpt lat="-26.2550090" lon="-51.1799190">
    <ele>907.0</ele>
   </trkpt>
   <trkpt lat="-26.2549870" lon="-51.1799540">
    <ele>907.1</ele>
   </trkpt>
   <trkpt lat="-26.2549780" lon="-51.1799660">
    <ele>907.1</ele>
   </trkpt>
   <trkpt lat="-26.2549570" lon="-51.1800030">
    <ele>907.1</ele>
   </trkpt>
   <trkpt lat="-26.2549490" lon="-51.1800150">
    <ele>907.2</ele>
   </trkpt>
   <trkpt lat="-26.2549310" lon="-51.1800580">
    <ele>907.3</ele>
   </trkpt>
   <trkpt lat="-26.2549250" lon="-51.1800740">
    <ele>907.3</ele>
   </trkpt>
   <trkpt lat="-26.2549180" lon="-51.1801060">
    <ele>907.3</ele>
   </trkpt>
   <trkpt lat="-26.2549150" lon="-51.1801380">
    <ele>907.4</ele>
   </trkpt>
   <trkpt lat="-26.2549160" lon="-51.1801780">
    <ele>907.4</ele>
   </trkpt>
   <trkpt lat="-26.2549230" lon="-51.1802260">
    <ele>907.5</ele>
   </trkpt>
   <trkpt lat="-26.2549380" lon="-51.1802560">
    <ele>907.5</ele>
   </trkpt>
   <trkpt lat="-26.2549630" lon="-51.1802850">
    <ele>907.4</ele>
   </trkpt>
   <trkpt lat="-26.2549940" lon="-51.1803140">
    <ele>907.3</ele>
   </trkpt>
   <trkpt lat="-26.2550330" lon="-51.1803440">
    <ele>907.1</ele>
   </trkpt>
   <trkpt lat="-26.2550770" lon="-51.1803670">
    <ele>906.8</ele>
   </trkpt>
   <trkpt lat="-26.2551320" lon="-51.1803840">
    <ele>906.3</ele>
   </trkpt>
   <trkpt lat="-26.2551980" lon="-51.1804070">
    <ele>905.7</ele>
   </trkpt>
   <trkpt lat="-26.2552560" lon="-51.1804460">
    <ele>905.3</ele>
   </trkpt>
   <trkpt lat="-26.2553120" lon="-51.1804940">
    <ele>904.9</ele>
   </trkpt>
   <trkpt lat="-26.2553470" lon="-51.1805580">
    <ele>904.7</ele>
   </trkpt>
   <trkpt lat="-26.2553740" lon="-51.1806230">
    <ele>904.6</ele>
   </trkpt>
   <trkpt lat="-26.2553850" lon="-51.1806840">
    <ele>904.5</ele>
   </trkpt>
   <trkpt lat="-26.2553940" lon="-51.1807450">
    <ele>904.4</ele>
   </trkpt>
   <trkpt lat="-26.2553910" lon="-51.1808140">
    <ele>904.4</ele>
   </trkpt>
   <trkpt lat="-26.2553760" lon="-51.1808800">
    <ele>904.2</ele>
   </trkpt>
   <trkpt lat="-26.2553480" lon="-51.1809370">
    <ele>904.0</ele>
   </trkpt>
   <trkpt lat="-26.2553120" lon="-51.1809850">
    <ele>903.8</ele>
   </trkpt>
   <trkpt lat="-26.2552740" lon="-51.1810330">
    <ele>903.6</ele>
   </trkpt>
   <trkpt lat="-26.2552360" lon="-51.1810800">
    <ele>903.4</ele>
   </trkpt>
   <trkpt lat="-26.2551990" lon="-51.1811330">
    <ele>903.2</ele>
   </trkpt>
   <trkpt lat="-26.2551650" lon="-51.1811860">
    <ele>903.0</ele>
   </trkpt>
   <trkpt lat="-26.2551250" lon="-51.1812470">
    <ele>902.9</ele>
   </trkpt>
   <trkpt lat="-26.2550950" lon="-51.1813060">
    <ele>902.8</ele>
   </trkpt>
   <trkpt lat="-26.2550600" lon="-51.1813640">
    <ele>902.6</ele>
   </trkpt>
   <trkpt lat="-26.2550250" lon="-51.1814180">
    <ele>902.6</ele>
   </trkpt>
   <trkpt lat="-26.2549870" lon="-51.1814730">
    <ele>902.6</ele>
   </trkpt>
   <trkpt lat="-26.2549530" lon="-51.1815260">
    <ele>902.6</ele>
   </trkpt>
   <trkpt lat="-26.2549180" lon="-51.1815740">
    <ele>902.7</ele>
   </trkpt>
   <trkpt lat="-26.2548830" lon="-51.1816220">
    <ele>902.7</ele>
   </trkpt>
   <trkpt lat="-26.2548510" lon="-51.1816650">
    <ele>902.8</ele>
   </trkpt>
   <trkpt lat="-26.2548180" lon="-51.1817100">
    <ele>902.8</ele>
   </trkpt>
   <trkpt lat="-26.2547810" lon="-51.1817540">
    <ele>902.9</ele>
   </trkpt>
   <trkpt lat="-26.2547550" lon="-51.1817940">
    <ele>902.9</ele>
   </trkpt>
   <trkpt lat="-26.2547170" lon="-51.1818470">
    <ele>903.0</ele>
   </trkpt>
   <trkpt lat="-26.2546830" lon="-51.1818980">
    <ele>903.1</ele>
   </trkpt>
   <trkpt lat="-26.2546500" lon="-51.1819500">
    <ele>903.3</ele>
   </trkpt>
   <trkpt lat="-26.2546240" lon="-51.1820040">
    <ele>903.5</ele>
   </trkpt>
   <trkpt lat="-26.2545900" lon="-51.1820540">
    <ele>903.8</ele>
   </trkpt>
   <trkpt lat="-26.2545600" lon="-51.1820960">
    <ele>904.2</ele>
   </trkpt>
   <trkpt lat="-26.2545380" lon="-51.1821310">
    <ele>904.5</ele>
   </trkpt>
   <trkpt lat="-26.2545130" lon="-51.1821670">
    <ele>904.9</ele>
   </trkpt>
   <trkpt lat="-26.2544870" lon="-51.1821880">
    <ele>905.2</ele>
   </trkpt>
   <trkpt lat="-26.2544630" lon="-51.1822080">
    <ele>905.4</ele>
   </trkpt>
   <trkpt lat="-26.2544360" lon="-51.1822280">
    <ele>905.7</ele>
   </trkpt>
   <trkpt lat="-26.2544020" lon="-51.1822390">
    <ele>906.1</ele>
   </trkpt>
   <trkpt lat="-26.2543670" lon="-51.1822520">
    <ele>906.4</ele>
   </trkpt>
   <trkpt lat="-26.2543330" lon="-51.1822580">
    <ele>906.6</ele>
   </trkpt>
   <trkpt lat="-26.2542950" lon="-51.1822580">
    <ele>906.9</ele>
   </trkpt>
   <trkpt lat="-26.2542590" lon="-51.1822580">
    <ele>907.1</ele>
   </trkpt>
   <trkpt lat="-26.2542250" lon="-51.1822520">
    <ele>907.3</ele>
   </trkpt>
   <trkpt lat="-26.2541880" lon="-51.1822380">
    <ele>907.5</ele>
   </trkpt>
   <trkpt lat="-26.2541560" lon="-51.1822270">
    <ele>907.6</ele>
   </trkpt>
   <trkpt lat="-26.2541260" lon="-51.1822190">
    <ele>907.8</ele>
   </trkpt>
   <trkpt lat="-26.2540930" lon="-51.1822050">
    <ele>907.9</ele>
   </trkpt>
   <trkpt lat="-26.2540620" lon="-51.1821920">
    <ele>908.1</ele>
   </trkpt>
   <trkpt lat="-26.2540320" lon="-51.1821820">
    <ele>908.3</ele>
   </trkpt>
   <trkpt lat="-26.2539960" lon="-51.1821780">
    <ele>908.5</ele>
   </trkpt>
   <trkpt lat="-26.2539640" lon="-51.1821730">
    <ele>908.6</ele>
   </trkpt>
   <trkpt lat="-26.2539210" lon="-51.1821750">
    <ele>908.9</ele>
   </trkpt>
   <trkpt lat="-26.2539020" lon="-51.1821690">
    <ele>908.9</ele>
   </trkpt>
   <trkpt lat="-26.2538640" lon="-51.1821690">
    <ele>909.1</ele>
   </trkpt>
   <trkpt lat="-26.2538280" lon="-51.1821680">
    <ele>909.3</ele>
   </trkpt>
   <trkpt lat="-26.2537910" lon="-51.1821630">
    <ele>909.4</ele>
   </trkpt>
   <trkpt lat="-26.2537590" lon="-51.1821640">
    <ele>909.5</ele>
   </trkpt>
   <trkpt lat="-26.2537200" lon="-51.1821630">
    <ele>909.7</ele>
   </trkpt>
   <trkpt lat="-26.2536870" lon="-51.1821640">
    <ele>909.8</ele>
   </trkpt>
   <trkpt lat="-26.2536480" lon="-51.1821530">
    <ele>909.9</ele>
   </trkpt>
   <trkpt lat="-26.2536110" lon="-51.1821440">
    <ele>910.0</ele>
   </trkpt>
   <trkpt lat="-26.2535790" lon="-51.1821340">
    <ele>910.2</ele>
   </trkpt>
   <trkpt lat="-26.2535460" lon="-51.1821210">
    <ele>910.3</ele>
   </trkpt>
   <trkpt lat="-26.2535110" lon="-51.1821140">
    <ele>910.4</ele>
   </trkpt>
   <trkpt lat="-26.2534770" lon="-51.1821050">
    <ele>910.5</ele>
   </trkpt>
   <trkpt lat="-26.2534440" lon="-51.1820960">
    <ele>910.7</ele>
   </trkpt>
   <trkpt lat="-26.2534080" lon="-51.1820800">
    <ele>910.8</ele>
   </trkpt>
   <trkpt lat="-26.2533730" lon="-51.1820590">
    <ele>910.9</ele>
   </trkpt>
   <trkpt lat="-26.2533420" lon="-51.1820380">
    <ele>911.0</ele>
   </trkpt>
   <trkpt lat="-26.2533100" lon="-51.1820140">
    <ele>911.1</ele>
   </trkpt>
   <trkpt lat="-26.2532760" lon="-51.1819910">
    <ele>911.3</ele>
   </trkpt>
   <trkpt lat="-26.2532400" lon="-51.1819790">
    <ele>911.4</ele>
   </trkpt>
   <trkpt lat="-26.2532020" lon="-51.1819630">
    <ele>911.5</ele>
   </trkpt>
   <trkpt lat="-26.2531650" lon="-51.1819520">
    <ele>911.7</ele>
   </trkpt>
   <trkpt lat="-26.2531250" lon="-51.1819410">
    <ele>911.8</ele>
   </trkpt>
   <trkpt lat="-26.2530850" lon="-51.1819320">
    <ele>912.0</ele>
   </trkpt>
   <trkpt lat="-26.2530480" lon="-51.1819260">
    <ele>912.1</ele>
   </trkpt>
   <trkpt lat="-26.2530070" lon="-51.1819200">
    <ele>912.3</ele>
   </trkpt>
   <trkpt lat="-26.2529730" lon="-51.1819240">
    <ele>912.5</ele>
   </trkpt>
   <trkpt lat="-26.2529370" lon="-51.1819230">
    <ele>912.6</ele>
   </trkpt>
   <trkpt lat="-26.2528990" lon="-51.1819210">
    <ele>912.8</ele>
   </trkpt>
   <trkpt lat="-26.2528690" lon="-51.1819230">
    <ele>913.1</ele>
   </trkpt>
   <trkpt lat="-26.2528380" lon="-51.1819220">
    <ele>913.4</ele>
   </trkpt>
   <trkpt lat="-26.2528070" lon="-51.1819300">
    <ele>913.8</ele>
   </trkpt>
   <trkpt lat="-26.2527630" lon="-51.1819300">
    <ele>914.2</ele>
   </trkpt>
   <trkpt lat="-26.2527460" lon="-51.1819280">
    <ele>914.5</ele>
   </trkpt>
   <trkpt lat="-26.2527160" lon="-51.1819270">
    <ele>914.8</ele>
   </trkpt>
   <trkpt lat="-26.2526760" lon="-51.1819340">
    <ele>915.3</ele>
   </trkpt>
   <trkpt lat="-26.2526620" lon="-51.1819350">
    <ele>915.5</ele>
   </trkpt>
   <trkpt lat="-26.2526240" lon="-51.1819310">
    <ele>915.9</ele>
   </trkpt>
   <trkpt lat="-26.2526100" lon="-51.1819280">
    <ele>916.1</ele>
   </trkpt>
   <trkpt lat="-26.2525820" lon="-51.1819250">
    <ele>916.4</ele>
   </trkpt>
   <trkpt lat="-26.2525430" lon="-51.1819300">
    <ele>916.9</ele>
   </trkpt>
   <trkpt lat="-26.2525290" lon="-51.1819310">
    <ele>917.0</ele>
   </trkpt>
   <trkpt lat="-26.2524890" lon="-51.1819340">
    <ele>917.4</ele>
   </trkpt>
   <trkpt lat="-26.2524730" lon="-51.1819370">
    <ele>917.5</ele>
   </trkpt>
   <trkpt lat="-26.2524390" lon="-51.1819350">
    <ele>917.8</ele>
   </trkpt>
   <trkpt lat="-26.2524110" lon="-51.1819330">
    <ele>918.0</ele>
   </trkpt>
   <trkpt lat="-26.2523810" lon="-51.1819350">
    <ele>918.3</ele>
   </trkpt>
   <trkpt lat="-26.2523480" lon="-51.1819460">
    <ele>918.5</ele>
   </trkpt>
   <trkpt lat="-26.2523190" lon="-51.1819510">
    <ele>918.7</ele>
   </trkpt>
   <trkpt lat="-26.2522890" lon="-51.1819570">
    <ele>918.9</ele>
   </trkpt>
   <trkpt lat="-26.2522570" lon="-51.1819630">
    <ele>919.2</ele>
   </trkpt>
   <trkpt lat="-26.2522210" lon="-51.1819760">
    <ele>919.4</ele>
   </trkpt>
   <trkpt lat="-26.2521920" lon="-51.1819880">
    <ele>919.7</ele>
   </trkpt>
   <trkpt lat="-26.2521700" lon="-51.1820060">
    <ele>919.9</ele>
   </trkpt>
   <trkpt lat="-26.2521420" lon="-51.1820420">
    <ele>920.2</ele>
   </trkpt>
   <trkpt lat="-26.2521300" lon="-51.1820560">
    <ele>920.4</ele>
   </trkpt>
   <trkpt lat="-26.2521150" lon="-51.1820820">
    <ele>920.6</ele>
   </trkpt>
   <trkpt lat="-26.2520950" lon="-51.1821160">
    <ele>921.0</ele>
   </trkpt>
   <trkpt lat="-26.2520870" lon="-51.1821280">
    <ele>921.1</ele>
   </trkpt>
   <trkpt lat="-26.2520690" lon="-51.1821650">
    <ele>921.5</ele>
   </trkpt>
   <trkpt lat="-26.2520650" lon="-51.1821780">
    <ele>921.6</ele>
   </trkpt>
   <trkpt lat="-26.2520450" lon="-51.1822060">
    <ele>921.9</ele>
   </trkpt>
   <trkpt lat="-26.2520380" lon="-51.1822200">
    <ele>922.1</ele>
   </trkpt>
   <trkpt lat="-26.2520200" lon="-51.1822470">
    <ele>922.4</ele>
   </trkpt>
   <trkpt lat="-26.2520180" lon="-51.1822610">
    <ele>922.6</ele>
   </trkpt>
   <trkpt lat="-26.2520080" lon="-51.1822950">
    <ele>922.9</ele>
   </trkpt>
   <trkpt lat="-26.2520000" lon="-51.1823070">
    <ele>923.1</ele>
   </trkpt>
   <trkpt lat="-26.2519830" lon="-51.1823410">
    <ele>923.5</ele>
   </trkpt>
   <trkpt lat="-26.2519740" lon="-51.1823530">
    <ele>923.7</ele>
   </trkpt>
   <trkpt lat="-26.2519640" lon="-51.1823850">
    <ele>924.1</ele>
   </trkpt>
   <trkpt lat="-26.2519590" lon="-51.1823950">
    <ele>924.2</ele>
   </trkpt>
   <trkpt lat="-26.2519410" lon="-51.1824290">
    <ele>924.7</ele>
   </trkpt>
   <trkpt lat="-26.2519350" lon="-51.1824410">
    <ele>924.9</ele>
   </trkpt>
   <trkpt lat="-26.2519200" lon="-51.1824680">
    <ele>925.3</ele>
   </trkpt>
   <trkpt lat="-26.2519050" lon="-51.1824950">
    <ele>925.6</ele>
   </trkpt>
   <trkpt lat="-26.2518980" lon="-51.1825030">
    <ele>925.8</ele>
   </trkpt>
   <trkpt lat="-26.2518800" lon="-51.1825410">
    <ele>926.3</ele>
   </trkpt>
   <trkpt lat="-26.2518730" lon="-51.1825530">
    <ele>926.4</ele>
   </trkpt>
   <trkpt lat="-26.2518480" lon="-51.1825880">
    <ele>926.9</ele>
   </trkpt>
   <trkpt lat="-26.2518400" lon="-51.1826010">
    <ele>927.1</ele>
   </trkpt>
   <trkpt lat="-26.2518210" lon="-51.1826380">
    <ele>927.6</ele>
   </trkpt>
   <trkpt lat="-26.2518160" lon="-51.1826510">
    <ele>927.7</ele>
   </trkpt>
   <trkpt lat="-26.2517980" lon="-51.1826850">
    <ele>928.1</ele>
   </trkpt>
   <trkpt lat="-26.2517920" lon="-51.1826960">
    <ele>928.3</ele>
   </trkpt>
   <trkpt lat="-26.2517700" lon="-51.1827330">
    <ele>928.7</ele>
   </trkpt>
   <trkpt lat="-26.2517630" lon="-51.1827450">
    <ele>928.9</ele>
   </trkpt>
   <trkpt lat="-26.2517410" lon="-51.1827790">
    <ele>929.3</ele>
   </trkpt>
   <trkpt lat="-26.2517320" lon="-51.1827900">
    <ele>929.4</ele>
   </trkpt>
   <trkpt lat="-26.2517140" lon="-51.1828260">
    <ele>929.8</ele>
   </trkpt>
   <trkpt lat="-26.2517070" lon="-51.1828380">
    <ele>929.9</ele>
   </trkpt>
   <trkpt lat="-26.2516840" lon="-51.1828690">
    <ele>930.3</ele>
   </trkpt>
   <trkpt lat="-26.2516780" lon="-51.1828810">
    <ele>930.4</ele>
   </trkpt>
   <trkpt lat="-26.2516510" lon="-51.1829110">
    <ele>930.8</ele>
   </trkpt>
   <trkpt lat="-26.2516410" lon="-51.1829210">
    <ele>931.0</ele>
   </trkpt>
   <trkpt lat="-26.2516230" lon="-51.1829430">
    <ele>931.3</ele>
   </trkpt>
   <trkpt lat="-26.2515970" lon="-51.1829710">
    <ele>931.6</ele>
   </trkpt>
   <trkpt lat="-26.2515880" lon="-51.1829790">
    <ele>931.8</ele>
   </trkpt>
   <trkpt lat="-26.2515560" lon="-51.1830020">
    <ele>932.2</ele>
   </trkpt>
   <trkpt lat="-26.2515460" lon="-51.1830070">
    <ele>932.3</ele>
   </trkpt>
   <trkpt lat="-26.2515170" lon="-51.1830150">
    <ele>932.6</ele>
   </trkpt>
   <trkpt lat="-26.2514800" lon="-51.1830270">
    <ele>933.0</ele>
   </trkpt>
   <trkpt lat="-26.2514680" lon="-51.1830320">
    <ele>933.1</ele>
   </trkpt>
   <trkpt lat="-26.2514400" lon="-51.1830370">
    <ele>933.4</ele>
   </trkpt>
   <trkpt lat="-26.2513990" lon="-51.1830360">
    <ele>933.8</ele>
   </trkpt>
   <trkpt lat="-26.2513830" lon="-51.1830350">
    <ele>933.9</ele>
   </trkpt>
   <trkpt lat="-26.2513470" lon="-51.1830290">
    <ele>934.3</ele>
   </trkpt>
   <trkpt lat="-26.2513340" lon="-51.1830250">
    <ele>934.4</ele>
   </trkpt>
   <trkpt lat="-26.2513070" lon="-51.1830160">
    <ele>934.6</ele>
   </trkpt>
   <trkpt lat="-26.2512780" lon="-51.1830050">
    <ele>934.8</ele>
   </trkpt>
   <trkpt lat="-26.2512510" lon="-51.1829910">
    <ele>935.0</ele>
   </trkpt>
   <trkpt lat="-26.2512310" lon="-51.1829680">
    <ele>935.1</ele>
   </trkpt>
   <trkpt lat="-26.2512070" lon="-51.1829480">
    <ele>935.2</ele>
   </trkpt>
   <trkpt lat="-26.2511840" lon="-51.1829260">
    <ele>935.4</ele>
   </trkpt>
   <trkpt lat="-26.2511600" lon="-51.1829010">
    <ele>935.5</ele>
   </trkpt>
   <trkpt lat="-26.2511330" lon="-51.1828790">
    <ele>935.5</ele>
   </trkpt>
   <trkpt lat="-26.2511050" lon="-51.1828540">
    <ele>935.6</ele>
   </trkpt>
   <trkpt lat="-26.2510750" lon="-51.1828310">
    <ele>935.7</ele>
   </trkpt>
   <trkpt lat="-26.2510440" lon="-51.1828040">
    <ele>935.7</ele>
   </trkpt>
   <trkpt lat="-26.2510150" lon="-51.1827800">
    <ele>935.7</ele>
   </trkpt>
   <trkpt lat="-26.2509880" lon="-51.1827590">
    <ele>935.7</ele>
   </trkpt>
   <trkpt lat="-26.2509540" lon="-51.1827340">
    <ele>935.8</ele>
   </trkpt>
   <trkpt lat="-26.2509170" lon="-51.1827080">
    <ele>935.8</ele>
   </trkpt>
   <trkpt lat="-26.2508820" lon="-51.1826910">
    <ele>935.8</ele>
   </trkpt>
   <trkpt lat="-26.2508420" lon="-51.1826720">
    <ele>935.8</ele>
   </trkpt>
   <trkpt lat="-26.2508020" lon="-51.1826600">
    <ele>935.9</ele>
   </trkpt>
   <trkpt lat="-26.2507630" lon="-51.1826470">
    <ele>935.9</ele>
   </trkpt>
   <trkpt lat="-26.2507230" lon="-51.1826350">
    <ele>936.0</ele>
   </trkpt>
   <trkpt lat="-26.2506830" lon="-51.1826280">
    <ele>936.0</ele>
   </trkpt>
   <trkpt lat="-26.2506390" lon="-51.1826250">
    <ele>936.1</ele>
   </trkpt>
   <trkpt lat="-26.2505940" lon="-51.1826250">
    <ele>936.3</ele>
   </trkpt>
   <trkpt lat="-26.2505520" lon="-51.1826220">
    <ele>936.4</ele>
   </trkpt>
   <trkpt lat="-26.2505110" lon="-51.1826190">
    <ele>936.5</ele>
   </trkpt>
   <trkpt lat="-26.2504690" lon="-51.1826260">
    <ele>936.7</ele>
   </trkpt>
   <trkpt lat="-26.2504260" lon="-51.1826340">
    <ele>936.9</ele>
   </trkpt>
   <trkpt lat="-26.2503840" lon="-51.1826450">
    <ele>937.1</ele>
   </trkpt>
   <trkpt lat="-26.2503440" lon="-51.1826570">
    <ele>937.2</ele>
   </trkpt>
   <trkpt lat="-26.2503030" lon="-51.1826740">
    <ele>937.3</ele>
   </trkpt>
   <trkpt lat="-26.2502650" lon="-51.1826990">
    <ele>937.4</ele>
   </trkpt>
   <trkpt lat="-26.2502250" lon="-51.1827250">
    <ele>937.5</ele>
   </trkpt>
   <trkpt lat="-26.2501830" lon="-51.1827550">
    <ele>937.6</ele>
   </trkpt>
   <trkpt lat="-26.2501450" lon="-51.1827780">
    <ele>937.7</ele>
   </trkpt>
   <trkpt lat="-26.2501000" lon="-51.1827990">
    <ele>937.8</ele>
   </trkpt>
   <trkpt lat="-26.2500640" lon="-51.1828240">
    <ele>938.0</ele>
   </trkpt>
   <trkpt lat="-26.2500260" lon="-51.1828520">
    <ele>938.1</ele>
   </trkpt>
   <trkpt lat="-26.2499880" lon="-51.1828740">
    <ele>938.3</ele>
   </trkpt>
   <trkpt lat="-26.2499500" lon="-51.1828980">
    <ele>938.5</ele>
   </trkpt>
   <trkpt lat="-26.2499090" lon="-51.1829170">
    <ele>938.7</ele>
   </trkpt>
   <trkpt lat="-26.2498730" lon="-51.1829390">
    <ele>938.9</ele>
   </trkpt>
   <trkpt lat="-26.2498350" lon="-51.1829530">
    <ele>939.0</ele>
   </trkpt>
   <trkpt lat="-26.2497960" lon="-51.1829630">
    <ele>939.2</ele>
   </trkpt>
   <trkpt lat="-26.2497560" lon="-51.1829750">
    <ele>939.4</ele>
   </trkpt>
   <trkpt lat="-26.2497200" lon="-51.1829910">
    <ele>939.6</ele>
   </trkpt>
   <trkpt lat="-26.2496820" lon="-51.1830010">
    <ele>939.7</ele>
   </trkpt>
   <trkpt lat="-26.2496480" lon="-51.1830130">
    <ele>939.7</ele>
   </trkpt>
   <trkpt lat="-26.2496120" lon="-51.1830270">
    <ele>939.7</ele>
   </trkpt>
   <trkpt lat="-26.2495780" lon="-51.1830400">
    <ele>939.7</ele>
   </trkpt>
   <trkpt lat="-26.2495350" lon="-51.1830500">
    <ele>939.6</ele>
   </trkpt>
   <trkpt lat="-26.2494900" lon="-51.1830660">
    <ele>939.4</ele>
   </trkpt>
   <trkpt lat="-26.2494470" lon="-51.1830760">
    <ele>939.2</ele>
   </trkpt>
   <trkpt lat="-26.2493980" lon="-51.1830840">
    <ele>939.0</ele>
   </trkpt>
   <trkpt lat="-26.2493530" lon="-51.1830940">
    <ele>938.8</ele>
   </trkpt>
   <trkpt lat="-26.2493000" lon="-51.1830960">
    <ele>938.5</ele>
   </trkpt>
   <trkpt lat="-26.2492470" lon="-51.1830900">
    <ele>938.1</ele>
   </trkpt>
   <trkpt lat="-26.2491960" lon="-51.1830740">
    <ele>937.8</ele>
   </trkpt>
   <trkpt lat="-26.2491490" lon="-51.1830510">
    <ele>937.4</ele>
   </trkpt>
   <trkpt lat="-26.2491070" lon="-51.1830310">
    <ele>937.1</ele>
   </trkpt>
   <trkpt lat="-26.2490580" lon="-51.1829900">
    <ele>936.6</ele>
   </trkpt>
   <trkpt lat="-26.2490100" lon="-51.1829420">
    <ele>936.0</ele>
   </trkpt>
   <trkpt lat="-26.2489760" lon="-51.1828920">
    <ele>935.5</ele>
   </trkpt>
   <trkpt lat="-26.2489300" lon="-51.1828370">
    <ele>934.9</ele>
   </trkpt>
   <trkpt lat="-26.2488690" lon="-51.1827900">
    <ele>934.2</ele>
   </trkpt>
   <trkpt lat="-26.2488060" lon="-51.1827440">
    <ele>933.6</ele>
   </trkpt>
   <trkpt lat="-26.2487380" lon="-51.1827010">
    <ele>933.0</ele>
   </trkpt>
   <trkpt lat="-26.2486670" lon="-51.1826700">
    <ele>932.4</ele>
   </trkpt>
   <trkpt lat="-26.2485910" lon="-51.1826420">
    <ele>931.7</ele>
   </trkpt>
   <trkpt lat="-26.2485170" lon="-51.1826120">
    <ele>931.0</ele>
   </trkpt>
   <trkpt lat="-26.2484530" lon="-51.1825840">
    <ele>930.3</ele>
   </trkpt>
   <trkpt lat="-26.2483850" lon="-51.1825550">
    <ele>929.4</ele>
   </trkpt>
   <trkpt lat="-26.2483130" lon="-51.1825360">
    <ele>928.4</ele>
   </trkpt>
   <trkpt lat="-26.2482320" lon="-51.1825290">
    <ele>927.1</ele>
   </trkpt>
   <trkpt lat="-26.2481560" lon="-51.1825160">
    <ele>925.9</ele>
   </trkpt>
   <trkpt lat="-26.2480730" lon="-51.1825300">
    <ele>924.7</ele>
   </trkpt>
   <trkpt lat="-26.2479910" lon="-51.1825490">
    <ele>923.8</ele>
   </trkpt>
   <trkpt lat="-26.2479090" lon="-51.1825880">
    <ele>922.9</ele>
   </trkpt>
   <trkpt lat="-26.2478350" lon="-51.1826280">
    <ele>922.2</ele>
   </trkpt>
   <trkpt lat="-26.2477560" lon="-51.1826620">
    <ele>921.4</ele>
   </trkpt>
   <trkpt lat="-26.2476700" lon="-51.1826820">
    <ele>920.5</ele>
   </trkpt>
   <trkpt lat="-26.2475880" lon="-51.1826810">
    <ele>919.7</ele>
   </trkpt>
   <trkpt lat="-26.2475040" lon="-51.1826520">
    <ele>918.8</ele>
   </trkpt>
   <trkpt lat="-26.2474290" lon="-51.1826140">
    <ele>917.8</ele>
   </trkpt>
   <trkpt lat="-26.2473620" lon="-51.1825550">
    <ele>916.7</ele>
   </trkpt>
   <trkpt lat="-26.2473030" lon="-51.1824790">
    <ele>915.4</ele>
   </trkpt>
   <trkpt lat="-26.2472580" lon="-51.1823950">
    <ele>914.0</ele>
   </trkpt>
   <trkpt lat="-26.2472110" lon="-51.1823080">
    <ele>912.4</ele>
   </trkpt>
   <trkpt lat="-26.2471710" lon="-51.1822250">
    <ele>910.9</ele>
   </trkpt>
   <trkpt lat="-26.2471240" lon="-51.1821260">
    <ele>909.2</ele>
   </trkpt>
   <trkpt lat="-26.2470690" lon="-51.1820210">
    <ele>907.5</ele>
   </trkpt>
   <trkpt lat="-26.2469980" lon="-51.1819190">
    <ele>906.1</ele>
   </trkpt>
   <trkpt lat="-26.2469170" lon="-51.1818270">
    <ele>904.9</ele>
   </trkpt>
   <trkpt lat="-26.2468270" lon="-51.1817540">
    <ele>904.0</ele>
   </trkpt>
   <trkpt lat="-26.2467260" lon="-51.1817010">
    <ele>903.2</ele>
   </trkpt>
   <trkpt lat="-26.2466340" lon="-51.1816620">
    <ele>902.8</ele>
   </trkpt>
   <trkpt lat="-26.2465490" lon="-51.1816440">
    <ele>902.6</ele>
   </trkpt>
   <trkpt lat="-26.2464800" lon="-51.1816210">
    <ele>902.5</ele>
   </trkpt>
   <trkpt lat="-26.2464210" lon="-51.1816060">
    <ele>902.6</ele>
   </trkpt>
   <trkpt lat="-26.2463600" lon="-51.1815900">
    <ele>902.7</ele>
   </trkpt>
   <trkpt lat="-26.2463010" lon="-51.1815690">
    <ele>902.8</ele>
   </trkpt>
   <trkpt lat="-26.2462350" lon="-51.1815450">
    <ele>903.1</ele>
   </trkpt>
   <trkpt lat="-26.2461710" lon="-51.1815180">
    <ele>903.5</ele>
   </trkpt>
   <trkpt lat="-26.2461160" lon="-51.1814930">
    <ele>903.9</ele>
   </trkpt>
   <trkpt lat="-26.2460620" lon="-51.1814640">
    <ele>904.4</ele>
   </trkpt>
   <trkpt lat="-26.2460080" lon="-51.1814470">
    <ele>904.9</ele>
   </trkpt>
   <trkpt lat="-26.2459610" lon="-51.1814270">
    <ele>905.4</ele>
   </trkpt>
   <trkpt lat="-26.2459150" lon="-51.1814070">
    <ele>906.0</ele>
   </trkpt>
   <trkpt lat="-26.2458710" lon="-51.1813870">
    <ele>906.6</ele>
   </trkpt>
   <trkpt lat="-26.2458290" lon="-51.1813660">
    <ele>907.2</ele>
   </trkpt>
   <trkpt lat="-26.2457860" lon="-51.1813440">
    <ele>907.9</ele>
   </trkpt>
   <trkpt lat="-26.2457500" lon="-51.1813270">
    <ele>908.6</ele>
   </trkpt>
   <trkpt lat="-26.2457120" lon="-51.1813060">
    <ele>909.2</ele>
   </trkpt>
   <trkpt lat="-26.2456760" lon="-51.1812860">
    <ele>909.9</ele>
   </trkpt>
   <trkpt lat="-26.2456450" lon="-51.1812750">
    <ele>910.4</ele>
   </trkpt>
   <trkpt lat="-26.2456020" lon="-51.1812660">
    <ele>911.1</ele>
   </trkpt>
   <trkpt lat="-26.2455650" lon="-51.1812630">
    <ele>911.6</ele>
   </trkpt>
   <trkpt lat="-26.2455300" lon="-51.1812530">
    <ele>912.1</ele>
   </trkpt>
   <trkpt lat="-26.2454970" lon="-51.1812410">
    <ele>912.6</ele>
   </trkpt>
   <trkpt lat="-26.2454650" lon="-51.1812280">
    <ele>913.1</ele>
   </trkpt>
   <trkpt lat="-26.2454290" lon="-51.1812090">
    <ele>913.6</ele>
   </trkpt>
   <trkpt lat="-26.2454020" lon="-51.1811990">
    <ele>913.9</ele>
   </trkpt>
   <trkpt lat="-26.2453700" lon="-51.1811780">
    <ele>914.4</ele>
   </trkpt>
   <trkpt lat="-26.2453440" lon="-51.1811550">
    <ele>914.8</ele>
   </trkpt>
   <trkpt lat="-26.2453190" lon="-51.1811290">
    <ele>915.1</ele>
   </trkpt>
   <trkpt lat="-26.2452860" lon="-51.1811080">
    <ele>915.6</ele>
   </trkpt>
   <trkpt lat="-26.2452600" lon="-51.1810910">
    <ele>915.9</ele>
   </trkpt>
   <trkpt lat="-26.2452330" lon="-51.1810690">
    <ele>916.2</ele>
   </trkpt>
   <trkpt lat="-26.2451980" lon="-51.1810560">
    <ele>916.6</ele>
   </trkpt>
   <trkpt lat="-26.2451790" lon="-51.1810300">
    <ele>916.9</ele>
   </trkpt>
   <trkpt lat="-26.2451460" lon="-51.1810160">
    <ele>917.2</ele>
   </trkpt>
   <trkpt lat="-26.2451270" lon="-51.1809870">
    <ele>917.6</ele>
   </trkpt>
   <trkpt lat="-26.2450920" lon="-51.1809760">
    <ele>917.9</ele>
   </trkpt>
   <trkpt lat="-26.2450660" lon="-51.1809570">
    <ele>918.2</ele>
   </trkpt>
   <trkpt lat="-26.2450320" lon="-51.1809410">
    <ele>918.5</ele>
   </trkpt>
   <trkpt lat="-26.2450060" lon="-51.1809250">
    <ele>918.8</ele>
   </trkpt>
   <trkpt lat="-26.2449780" lon="-51.1809120">
    <ele>919.0</ele>
   </trkpt>
   <trkpt lat="-26.2449460" lon="-51.1808930">
    <ele>919.3</ele>
   </trkpt>
   <trkpt lat="-26.2449090" lon="-51.1808800">
    <ele>919.6</ele>
   </trkpt>
   <trkpt lat="-26.2448830" lon="-51.1808680">
    <ele>919.9</ele>
   </trkpt>
   <trkpt lat="-26.2448570" lon="-51.1808550">
    <ele>920.1</ele>
   </trkpt>
   <trkpt lat="-26.2448240" lon="-51.1808420">
    <ele>920.4</ele>
   </trkpt>
   <trkpt lat="-26.2447960" lon="-51.1808320">
    <ele>920.7</ele>
   </trkpt>
   <trkpt lat="-26.2447690" lon="-51.1808190">
    <ele>921.0</ele>
   </trkpt>
   <trkpt lat="-26.2447380" lon="-51.1808090">
    <ele>921.3</ele>
   </trkpt>
   <trkpt lat="-26.2447040" lon="-51.1807890">
    <ele>921.7</ele>
   </trkpt>
   <trkpt lat="-26.2446910" lon="-51.1807820">
    <ele>921.8</ele>
   </trkpt>
   <trkpt lat="-26.2446610" lon="-51.1807750">
    <ele>922.1</ele>
   </trkpt>
   <trkpt lat="-26.2446350" lon="-51.1807650">
    <ele>922.3</ele>
   </trkpt>
   <trkpt lat="-26.2446050" lon="-51.1807580">
    <ele>922.6</ele>
   </trkpt>
   <trkpt lat="-26.2445750" lon="-51.1807530">
    <ele>922.8</ele>
   </trkpt>
   <trkpt lat="-26.2445460" lon="-51.1807510">
    <ele>923.0</ele>
   </trkpt>
   <trkpt lat="-26.2445150" lon="-51.1807480">
    <ele>923.2</ele>
   </trkpt>
   <trkpt lat="-26.2444870" lon="-51.1807480">
    <ele>923.4</ele>
   </trkpt>
   <trkpt lat="-26.2444460" lon="-51.1807540">
    <ele>923.6</ele>
   </trkpt>
   <trkpt lat="-26.2444320" lon="-51.1807560">
    <ele>923.7</ele>
   </trkpt>
   <trkpt lat="-26.2444030" lon="-51.1807600">
    <ele>923.8</ele>
   </trkpt>
   <trkpt lat="-26.2443690" lon="-51.1807650">
    <ele>923.9</ele>
   </trkpt>
   <trkpt lat="-26.2443320" lon="-51.1807720">
    <ele>923.9</ele>
   </trkpt>
   <trkpt lat="-26.2442950" lon="-51.1807760">
    <ele>924.0</ele>
   </trkpt>
   <trkpt lat="-26.2442480" lon="-51.1807760">
    <ele>924.0</ele>
   </trkpt>
   <trkpt lat="-26.2442090" lon="-51.1807740">
    <ele>924.1</ele>
   </trkpt>
   <trkpt lat="-26.2441730" lon="-51.1807690">
    <ele>924.1</ele>
   </trkpt>
   <trkpt lat="-26.2441350" lon="-51.1807640">
    <ele>924.1</ele>
   </trkpt>
   <trkpt lat="-26.2440970" lon="-51.1807550">
    <ele>924.1</ele>
   </trkpt>
   <trkpt lat="-26.2440600" lon="-51.1807400">
    <ele>924.1</ele>
   </trkpt>
   <trkpt lat="-26.2440200" lon="-51.1807310">
    <ele>924.1</ele>
   </trkpt>
   <trkpt lat="-26.2439860" lon="-51.1807170">
    <ele>924.1</ele>
   </trkpt>
   <trkpt lat="-26.2439480" lon="-51.1806940">
    <ele>924.0</ele>
   </trkpt>
   <trkpt lat="-26.2439140" lon="-51.1806720">
    <ele>924.0</ele>
   </trkpt>
   <trkpt lat="-26.2438740" lon="-51.1806520">
    <ele>924.0</ele>
   </trkpt>
   <trkpt lat="-26.2438380" lon="-51.1806240">
    <ele>923.9</ele>
   </trkpt>
   <trkpt lat="-26.2438080" lon="-51.1805950">
    <ele>923.9</ele>
   </trkpt>
   <trkpt lat="-26.2437670" lon="-51.1805600">
    <ele>923.9</ele>
   </trkpt>
   <trkpt lat="-26.2437390" lon="-51.1805300">
    <ele>923.9</ele>
   </trkpt>
   <trkpt lat="-26.2436980" lon="-51.1804860">
    <ele>923.9</ele>
   </trkpt>
   <trkpt lat="-26.2436700" lon="-51.1804490">
    <ele>924.0</ele>
   </trkpt>
   <trkpt lat="-26.2436390" lon="-51.1804130">
    <ele>924.0</ele>
   </trkpt>
   <trkpt lat="-26.2436060" lon="-51.1803770">
    <ele>924.2</ele>
   </trkpt>
   <trkpt lat="-26.2435730" lon="-51.1803410">
    <ele>924.3</ele>
   </trkpt>
   <trkpt lat="-26.2435400" lon="-51.1803070">
    <ele>924.5</ele>
   </trkpt>
   <trkpt lat="-26.2435140" lon="-51.1802690">
    <ele>924.6</ele>
   </trkpt>
   <trkpt lat="-26.2434840" lon="-51.1802360">
    <ele>924.8</ele>
   </trkpt>
   <trkpt lat="-26.2434550" lon="-51.1802040">
    <ele>925.0</ele>
   </trkpt>
   <trkpt lat="-26.2434230" lon="-51.1801770">
    <ele>925.2</ele>
   </trkpt>
   <trkpt lat="-26.2433920" lon="-51.1801400">
    <ele>925.5</ele>
   </trkpt>
   <trkpt lat="-26.2433650" lon="-51.1801070">
    <ele>925.7</ele>
   </trkpt>
   <trkpt lat="-26.2433430" lon="-51.1800730">
    <ele>926.0</ele>
   </trkpt>
   <trkpt lat="-26.2433160" lon="-51.1800420">
    <ele>926.2</ele>
   </trkpt>
   <trkpt lat="-26.2432890" lon="-51.1800130">
    <ele>926.4</ele>
   </trkpt>
   <trkpt lat="-26.2432630" lon="-51.1799750">
    <ele>926.7</ele>
   </trkpt>
   <trkpt lat="-26.2432400" lon="-51.1799390">
    <ele>926.9</ele>
   </trkpt>
   <trkpt lat="-26.2432180" lon="-51.1798990">
    <ele>927.1</ele>
   </trkpt>
   <trkpt lat="-26.2431950" lon="-51.1798650">
    <ele>927.4</ele>
   </trkpt>
   <trkpt lat="-26.2431710" lon="-51.1798190">
    <ele>927.6</ele>
   </trkpt>
   <trkpt lat="-26.2431540" lon="-51.1797880">
    <ele>927.9</ele>
   </trkpt>
   <trkpt lat="-26.2431370" lon="-51.1797500">
    <ele>928.2</ele>
   </trkpt>
   <trkpt lat="-26.2431210" lon="-51.1797110">
    <ele>928.5</ele>
   </trkpt>
   <trkpt lat="-26.2431050" lon="-51.1796700">
    <ele>928.9</ele>
   </trkpt>
   <trkpt lat="-26.2430850" lon="-51.1796370">
    <ele>929.2</ele>
   </trkpt>
   <trkpt lat="-26.2430760" lon="-51.1796060">
    <ele>929.5</ele>
   </trkpt>
   <trkpt lat="-26.2430700" lon="-51.1795710">
    <ele>929.9</ele>
   </trkpt>
   <trkpt lat="-26.2430620" lon="-51.1795410">
    <ele>930.2</ele>
   </trkpt>
   <trkpt lat="-26.2430540" lon="-51.1795100">
    <ele>930.4</ele>
   </trkpt>
   <trkpt lat="-26.2430470" lon="-51.1794780">
    <ele>930.7</ele>
   </trkpt>
   <trkpt lat="-26.2430260" lon="-51.1794430">
    <ele>930.9</ele>
   </trkpt>
   <trkpt lat="-26.2430200" lon="-51.1794300">
    <ele>931.0</ele>
   </trkpt>
   <trkpt lat="-26.2430000" lon="-51.1793960">
    <ele>931.1</ele>
   </trkpt>
   <trkpt lat="-26.2429950" lon="-51.1793830">
    <ele>931.1</ele>
   </trkpt>
   <trkpt lat="-26.2429860" lon="-51.1793470">
    <ele>931.1</ele>
   </trkpt>
   <trkpt lat="-26.2429770" lon="-51.1793060">
    <ele>931.0</ele>
   </trkpt>
   <trkpt lat="-26.2429590" lon="-51.1792710">
    <ele>930.9</ele>
   </trkpt>
   <trkpt lat="-26.2429410" lon="-51.1792260">
    <ele>930.7</ele>
   </trkpt>
   <trkpt lat="-26.2429250" lon="-51.1791820">
    <ele>930.6</ele>
   </trkpt>
   <trkpt lat="-26.2429050" lon="-51.1791410">
    <ele>930.4</ele>
   </trkpt>
   <trkpt lat="-26.2428740" lon="-51.1790980">
    <ele>930.2</ele>
   </trkpt>
   <trkpt lat="-26.2428480" lon="-51.1790610">
    <ele>930.0</ele>
   </trkpt>
   <trkpt lat="-26.2428200" lon="-51.1790180">
    <ele>929.9</ele>
   </trkpt>
   <trkpt lat="-26.2427970" lon="-51.1789730">
    <ele>929.7</ele>
   </trkpt>
   <trkpt lat="-26.2427700" lon="-51.1789300">
    <ele>929.6</ele>
   </trkpt>
   <trkpt lat="-26.2427470" lon="-51.1788870">
    <ele>929.5</ele>
   </trkpt>
   <trkpt lat="-26.2427190" lon="-51.1788450">
    <ele>929.3</ele>
   </trkpt>
   <trkpt lat="-26.2427010" lon="-51.1787990">
    <ele>929.2</ele>
   </trkpt>
   <trkpt lat="-26.2426830" lon="-51.1787580">
    <ele>929.1</ele>
   </trkpt>
   <trkpt lat="-26.2426680" lon="-51.1787050">
    <ele>929.0</ele>
   </trkpt>
   <trkpt lat="-26.2426490" lon="-51.1786580">
    <ele>928.8</ele>
   </trkpt>
   <trkpt lat="-26.2426180" lon="-51.1786190">
    <ele>928.6</ele>
   </trkpt>
   <trkpt lat="-26.2425760" lon="-51.1785900">
    <ele>928.2</ele>
   </trkpt>
   <trkpt lat="-26.2425230" lon="-51.1785780">
    <ele>927.8</ele>
   </trkpt>
   <trkpt lat="-26.2424640" lon="-51.1785900">
    <ele>927.3</ele>
   </trkpt>
   <trkpt lat="-26.2424000" lon="-51.1786250">
    <ele>926.6</ele>
   </trkpt>
   <trkpt lat="-26.2423540" lon="-51.1786790">
    <ele>926.0</ele>
   </trkpt>
   <trkpt lat="-26.2423310" lon="-51.1787530">
    <ele>925.5</ele>
   </trkpt>
   <trkpt lat="-26.2422930" lon="-51.1788050">
    <ele>925.1</ele>
   </trkpt>
   <trkpt lat="-26.2422570" lon="-51.1788500">
    <ele>924.8</ele>
   </trkpt>
   <trkpt lat="-26.2422190" lon="-51.1788980">
    <ele>924.6</ele>
   </trkpt>
   <trkpt lat="-26.2421750" lon="-51.1789570">
    <ele>924.3</ele>
   </trkpt>
   <trkpt lat="-26.2421330" lon="-51.1789980">
    <ele>924.0</ele>
   </trkpt>
   <trkpt lat="-26.2420890" lon="-51.1790490">
    <ele>923.6</ele>
   </trkpt>
   <trkpt lat="-26.2420390" lon="-51.1790980">
    <ele>923.2</ele>
   </trkpt>
   <trkpt lat="-26.2419880" lon="-51.1791490">
    <ele>922.7</ele>
   </trkpt>
   <trkpt lat="-26.2419370" lon="-51.1792050">
    <ele>922.1</ele>
   </trkpt>
   <trkpt lat="-26.2418800" lon="-51.1792650">
    <ele>921.6</ele>
   </trkpt>
   <trkpt lat="-26.2418260" lon="-51.1793250">
    <ele>921.0</ele>
   </trkpt>
   <trkpt lat="-26.2417720" lon="-51.1793900">
    <ele>920.5</ele>
   </trkpt>
   <trkpt lat="-26.2417270" lon="-51.1794600">
    <ele>920.1</ele>
   </trkpt>
   <trkpt lat="-26.2416880" lon="-51.1795260">
    <ele>919.8</ele>
   </trkpt>
   <trkpt lat="-26.2416500" lon="-51.1795970">
    <ele>919.5</ele>
   </trkpt>
   <trkpt lat="-26.2416030" lon="-51.1796650">
    <ele>919.3</ele>
   </trkpt>
   <trkpt lat="-26.2415460" lon="-51.1797220">
    <ele>919.1</ele>
   </trkpt>
   <trkpt lat="-26.2414870" lon="-51.1797780">
    <ele>918.9</ele>
   </trkpt>
   <trkpt lat="-26.2414130" lon="-51.1798160">
    <ele>918.7</ele>
   </trkpt>
   <trkpt lat="-26.2413430" lon="-51.1798360">
    <ele>918.6</ele>
   </trkpt>
   <trkpt lat="-26.2412720" lon="-51.1798260">
    <ele>918.3</ele>
   </trkpt>
   <trkpt lat="-26.2411960" lon="-51.1798050">
    <ele>917.9</ele>
   </trkpt>
   <trkpt lat="-26.2411300" lon="-51.1797720">
    <ele>917.5</ele>
   </trkpt>
   <trkpt lat="-26.2410630" lon="-51.1797410">
    <ele>917.2</ele>
   </trkpt>
   <trkpt lat="-26.2409840" lon="-51.1797270">
    <ele>917.1</ele>
   </trkpt>
   <trkpt lat="-26.2409070" lon="-51.1797150">
    <ele>917.1</ele>
   </trkpt>
   <trkpt lat="-26.2408390" lon="-51.1797120">
    <ele>917.2</ele>
   </trkpt>
   <trkpt lat="-26.2407820" lon="-51.1797110">
    <ele>917.2</ele>
   </trkpt>
   <trkpt lat="-26.2407250" lon="-51.1797010">
    <ele>917.1</ele>
   </trkpt>
   <trkpt lat="-26.2406730" lon="-51.1796930">
    <ele>916.8</ele>
   </trkpt>
   <trkpt lat="-26.2406180" lon="-51.1796930">
    <ele>916.3</ele>
   </trkpt>
   <trkpt lat="-26.2405470" lon="-51.1796920">
    <ele>915.5</ele>
   </trkpt>
   <trkpt lat="-26.2404640" lon="-51.1796850">
    <ele>914.4</ele>
   </trkpt>
   <trkpt lat="-26.2403780" lon="-51.1796620">
    <ele>913.1</ele>
   </trkpt>
   <trkpt lat="-26.2402880" lon="-51.1796140">
    <ele>911.7</ele>
   </trkpt>
   <trkpt lat="-26.2401980" lon="-51.1795640">
    <ele>910.2</ele>
   </trkpt>
   <trkpt lat="-26.2400940" lon="-51.1795130">
    <ele>908.6</ele>
   </trkpt>
   <trkpt lat="-26.2399760" lon="-51.1794900">
    <ele>907.1</ele>
   </trkpt>
   <trkpt lat="-26.2398540" lon="-51.1794990">
    <ele>906.0</ele>
   </trkpt>
   <trkpt lat="-26.2397340" lon="-51.1795360">
    <ele>905.4</ele>
   </trkpt>
   <trkpt lat="-26.2396190" lon="-51.1795930">
    <ele>904.9</ele>
   </trkpt>
   <trkpt lat="-26.2395150" lon="-51.1796240">
    <ele>904.0</ele>
   </trkpt>
   <trkpt lat="-26.2394270" lon="-51.1796310">
    <ele>902.8</ele>
   </trkpt>
   <trkpt lat="-26.2393500" lon="-51.1795780">
    <ele>901.0</ele>
   </trkpt>
   <trkpt lat="-26.2392830" lon="-51.1794870">
    <ele>898.8</ele>
   </trkpt>
   <trkpt lat="-26.2392330" lon="-51.1793670">
    <ele>896.4</ele>
   </trkpt>
   <trkpt lat="-26.2391710" lon="-51.1792530">
    <ele>894.4</ele>
   </trkpt>
   <trkpt lat="-26.2391050" lon="-51.1791410">
    <ele>892.2</ele>
   </trkpt>
   <trkpt lat="-26.2390480" lon="-51.1790190">
    <ele>889.9</ele>
   </trkpt>
   <trkpt lat="-26.2389940" lon="-51.1788950">
    <ele>887.8</ele>
   </trkpt>
   <trkpt lat="-26.2389560" lon="-51.1787490">
    <ele>886.0</ele>
   </trkpt>
   <trkpt lat="-26.2389490" lon="-51.1785930">
    <ele>884.8</ele>
   </trkpt>
   <trkpt lat="-26.2389540" lon="-51.1784430">
    <ele>884.0</ele>
   </trkpt>
   <trkpt lat="-26.2389580" lon="-51.1782970">
    <ele>883.4</ele>
   </trkpt>
   <trkpt lat="-26.2389270" lon="-51.1781720">
    <ele>883.2</ele>
   </trkpt>
   <trkpt lat="-26.2388460" lon="-51.1780810">
    <ele>883.0</ele>
   </trkpt>
   <trkpt lat="-26.2387520" lon="-51.1780120">
    <ele>882.7</ele>
   </trkpt>
   <trkpt lat="-26.2386520" lon="-51.1779790">
    <ele>882.5</ele>
   </trkpt>
   <trkpt lat="-26.2385510" lon="-51.1779530">
    <ele>882.4</ele>
   </trkpt>
   <trkpt lat="-26.2384540" lon="-51.1779420">
    <ele>882.4</ele>
   </trkpt>
   <trkpt lat="-26.2383620" lon="-51.1779220">
    <ele>882.5</ele>
   </trkpt>
   <trkpt lat="-26.2382910" lon="-51.1778820">
    <ele>882.7</ele>
   </trkpt>
   <trkpt lat="-26.2382260" lon="-51.1778370">
    <ele>883.0</ele>
   </trkpt>
   <trkpt lat="-26.2381670" lon="-51.1777830">
    <ele>883.3</ele>
   </trkpt>
   <trkpt lat="-26.2381090" lon="-51.1777310">
    <ele>883.7</ele>
   </trkpt>
   <trkpt lat="-26.2380570" lon="-51.1776710">
    <ele>884.2</ele>
   </trkpt>
   <trkpt lat="-26.2380160" lon="-51.1776230">
    <ele>884.7</ele>
   </trkpt>
   <trkpt lat="-26.2379690" lon="-51.1775750">
    <ele>885.2</ele>
   </trkpt>
   <trkpt lat="-26.2379310" lon="-51.1775280">
    <ele>885.7</ele>
   </trkpt>
   <trkpt lat="-26.2378960" lon="-51.1774850">
    <ele>886.2</ele>
   </trkpt>
   <trkpt lat="-26.2378630" lon="-51.1774470">
    <ele>886.7</ele>
   </trkpt>
   <trkpt lat="-26.2378340" lon="-51.1774070">
    <ele>887.1</ele>
   </trkpt>
   <trkpt lat="-26.2378070" lon="-51.1773740">
    <ele>887.5</ele>
   </trkpt>
   <trkpt lat="-26.2377810" lon="-51.1773470">
    <ele>887.9</ele>
   </trkpt>
   <trkpt lat="-26.2377550" lon="-51.1773250">
    <ele>888.2</ele>
   </trkpt>
   <trkpt lat="-26.2377330" lon="-51.1772940">
    <ele>888.5</ele>
   </trkpt>
   <trkpt lat="-26.2377080" lon="-51.1772590">
    <ele>888.9</ele>
   </trkpt>
   <trkpt lat="-26.2376870" lon="-51.1772320">
    <ele>889.2</ele>
   </trkpt>
   <trkpt lat="-26.2376660" lon="-51.1772060">
    <ele>889.4</ele>
   </trkpt>
   <trkpt lat="-26.2376410" lon="-51.1771830">
    <ele>889.7</ele>
   </trkpt>
   <trkpt lat="-26.2376210" lon="-51.1771590">
    <ele>890.0</ele>
   </trkpt>
   <trkpt lat="-26.2375970" lon="-51.1771380">
    <ele>890.3</ele>
   </trkpt>
   <trkpt lat="-26.2375670" lon="-51.1771070">
    <ele>890.7</ele>
   </trkpt>
   <trkpt lat="-26.2375560" lon="-51.1770980">
    <ele>890.8</ele>
   </trkpt>
   <trkpt lat="-26.2375320" lon="-51.1770810">
    <ele>891.1</ele>
   </trkpt>
   <trkpt lat="-26.2375040" lon="-51.1770720">
    <ele>891.4</ele>
   </trkpt>
   <trkpt lat="-26.2374750" lon="-51.1770620">
    <ele>891.8</ele>
   </trkpt>
   <trkpt lat="-26.2374480" lon="-51.1770490">
    <ele>892.1</ele>
   </trkpt>
   <trkpt lat="-26.2374120" lon="-51.1770460">
    <ele>892.6</ele>
   </trkpt>
   <trkpt lat="-26.2373990" lon="-51.1770460">
    <ele>892.7</ele>
   </trkpt>
   <trkpt lat="-26.2373590" lon="-51.1770560">
    <ele>893.3</ele>
   </trkpt>
   <trkpt lat="-26.2373440" lon="-51.1770600">
    <ele>893.5</ele>
   </trkpt>
   <trkpt lat="-26.2373170" lon="-51.1770810">
    <ele>894.0</ele>
   </trkpt>
   <trkpt lat="-26.2373080" lon="-51.1770880">
    <ele>894.2</ele>
   </trkpt>
   <trkpt lat="-26.2372880" lon="-51.1771130">
    <ele>894.6</ele>
   </trkpt>
   <trkpt lat="-26.2372810" lon="-51.1771220">
    <ele>894.8</ele>
   </trkpt>
   <trkpt lat="-26.2372720" lon="-51.1771360">
    <ele>895.0</ele>
   </trkpt>
   <trkpt lat="-26.2372640" lon="-51.1771540">
    <ele>895.3</ele>
   </trkpt>
   <trkpt lat="-26.2372560" lon="-51.1771710">
    <ele>895.6</ele>
   </trkpt>
   <trkpt lat="-26.2372520" lon="-51.1771900">
    <ele>895.9</ele>
   </trkpt>
   <trkpt lat="-26.2372420" lon="-51.1772090">
    <ele>896.2</ele>
   </trkpt>
   <trkpt lat="-26.2372400" lon="-51.1772270">
    <ele>896.5</ele>
   </trkpt>
   <trkpt lat="-26.2372340" lon="-51.1772590">
    <ele>897.0</ele>
   </trkpt>
   <trkpt lat="-26.2372320" lon="-51.1772690">
    <ele>897.1</ele>
   </trkpt>
   <trkpt lat="-26.2372320" lon="-51.1772860">
    <ele>897.4</ele>
   </trkpt>
   <trkpt lat="-26.2372280" lon="-51.1773080">
    <ele>897.7</ele>
   </trkpt>
   <trkpt lat="-26.2372270" lon="-51.1773400">
    <ele>898.2</ele>
   </trkpt>
   <trkpt lat="-26.2372220" lon="-51.1773520">
    <ele>898.4</ele>
   </trkpt>
   <trkpt lat="-26.2372260" lon="-51.1773810">
    <ele>898.9</ele>
   </trkpt>
   <trkpt lat="-26.2372290" lon="-51.1773920">
    <ele>899.0</ele>
   </trkpt>
   <trkpt lat="-26.2372240" lon="-51.1774240">
    <ele>899.5</ele>
   </trkpt>
   <trkpt lat="-26.2372220" lon="-51.1774320">
    <ele>899.7</ele>
   </trkpt>
   <trkpt lat="-26.2372100" lon="-51.1774670">
    <ele>900.2</ele>
   </trkpt>
   <trkpt lat="-26.2372090" lon="-51.1774790">
    <ele>900.4</ele>
   </trkpt>
   <trkpt lat="-26.2372000" lon="-51.1774910">
    <ele>900.6</ele>
   </trkpt>
   <trkpt lat="-26.2371900" lon="-51.1775090">
    <ele>900.9</ele>
   </trkpt>
   <trkpt lat="-26.2371780" lon="-51.1775240">
    <ele>901.2</ele>
   </trkpt>
   <trkpt lat="-26.2371660" lon="-51.1775390">
    <ele>901.5</ele>
   </trkpt>
   <trkpt lat="-26.2371450" lon="-51.1775570">
    <ele>901.9</ele>
   </trkpt>
   <trkpt lat="-26.2371360" lon="-51.1775630">
    <ele>902.1</ele>
   </trkpt>
   <trkpt lat="-26.2371090" lon="-51.1775660">
    <ele>902.5</ele>
   </trkpt>
   <trkpt lat="-26.2371000" lon="-51.1775650">
    <ele>902.6</ele>
   </trkpt>
   <trkpt lat="-26.2370660" lon="-51.1775570">
    <ele>903.1</ele>
   </trkpt>
   <trkpt lat="-26.2370560" lon="-51.1775540">
    <ele>903.3</ele>
   </trkpt>
   <trkpt lat="-26.2370270" lon="-51.1775390">
    <ele>903.7</ele>
   </trkpt>
   <trkpt lat="-26.2370190" lon="-51.1775340">
    <ele>903.9</ele>
   </trkpt>
   <trkpt lat="-26.2369920" lon="-51.1775100">
    <ele>904.3</ele>
   </trkpt>
   <trkpt lat="-26.2369850" lon="-51.1775030">
    <ele>904.5</ele>
   </trkpt>
   <trkpt lat="-26.2369640" lon="-51.1774780">
    <ele>904.8</ele>
   </trkpt>
   <trkpt lat="-26.2369580" lon="-51.1774710">
    <ele>905.0</ele>
   </trkpt>
   <trkpt lat="-26.2369380" lon="-51.1774460">
    <ele>905.3</ele>
   </trkpt>
   <trkpt lat="-26.2369300" lon="-51.1774390">
    <ele>905.4</ele>
   </trkpt>
   <trkpt lat="-26.2369100" lon="-51.1774130">
    <ele>905.7</ele>
   </trkpt>
   <trkpt lat="-26.2369040" lon="-51.1774030">
    <ele>905.8</ele>
   </trkpt>
   <trkpt lat="-26.2368910" lon="-51.1773750">
    <ele>906.1</ele>
   </trkpt>
   <trkpt lat="-26.2368860" lon="-51.1773660">
    <ele>906.2</ele>
   </trkpt>
   <trkpt lat="-26.2368620" lon="-51.1773390">
    <ele>906.5</ele>
   </trkpt>
   <trkpt lat="-26.2368530" lon="-51.1773330">
    <ele>906.6</ele>
   </trkpt>
   <trkpt lat="-26.2368330" lon="-51.1773010">
    <ele>907.0</ele>
   </trkpt>
   <trkpt lat="-26.2368250" lon="-51.1772900">
    <ele>907.1</ele>
   </trkpt>
   <trkpt lat="-26.2368030" lon="-51.1772600">
    <ele>907.5</ele>
   </trkpt>
   <trkpt lat="-26.2367960" lon="-51.1772470">
    <ele>907.6</ele>
   </trkpt>
   <trkpt lat="-26.2367780" lon="-51.1772180">
    <ele>907.9</ele>
   </trkpt>
   <trkpt lat="-26.2367690" lon="-51.1772090">
    <ele>908.0</ele>
   </trkpt>
   <trkpt lat="-26.2367500" lon="-51.1771870">
    <ele>908.3</ele>
   </trkpt>
   <trkpt lat="-26.2367270" lon="-51.1771560">
    <ele>908.7</ele>
   </trkpt>
   <trkpt lat="-26.2367180" lon="-51.1771450">
    <ele>908.9</ele>
   </trkpt>
   <trkpt lat="-26.2366980" lon="-51.1771150">
    <ele>909.3</ele>
   </trkpt>
   <trkpt lat="-26.2366940" lon="-51.1771070">
    <ele>909.4</ele>
   </trkpt>
   <trkpt lat="-26.2366880" lon="-51.1770930">
    <ele>909.6</ele>
   </trkpt>
   <trkpt lat="-26.2366740" lon="-51.1770730">
    <ele>909.9</ele>
   </trkpt>
   <trkpt lat="-26.2366660" lon="-51.1770540">
    <ele>910.2</ele>
   </trkpt>
   <trkpt lat="-26.2366570" lon="-51.1770390">
    <ele>910.4</ele>
   </trkpt>
   <trkpt lat="-26.2366510" lon="-51.1770200">
    <ele>910.7</ele>
   </trkpt>
   <trkpt lat="-26.2366410" lon="-51.1770050">
    <ele>911.0</ele>
   </trkpt>
   <trkpt lat="-26.2366210" lon="-51.1769800">
    <ele>911.4</ele>
   </trkpt>
   <trkpt lat="-26.2366170" lon="-51.1769720">
    <ele>911.6</ele>
   </trkpt>
   <trkpt lat="-26.2366030" lon="-51.1769420">
    <ele>912.1</ele>
   </trkpt>
   <trkpt lat="-26.2365980" lon="-51.1769310">
    <ele>912.2</ele>
   </trkpt>
   <trkpt lat="-26.2365980" lon="-51.1769130">
    <ele>912.5</ele>
   </trkpt>
   <trkpt lat="-26.2365890" lon="-51.1768970">
    <ele>912.8</ele>
   </trkpt>
   <trkpt lat="-26.2365830" lon="-51.1768790">
    <ele>913.0</ele>
   </trkpt>
   <trkpt lat="-26.2365790" lon="-51.1768610">
    <ele>913.3</ele>
   </trkpt>
   <trkpt lat="-26.2365730" lon="-51.1768410">
    <ele>913.6</ele>
   </trkpt>
   <trkpt lat="-26.2365680" lon="-51.1768240">
    <ele>913.8</ele>
   </trkpt>
   <trkpt lat="-26.2365570" lon="-51.1767960">
    <ele>914.2</ele>
   </trkpt>
   <trkpt lat="-26.2365530" lon="-51.1767870">
    <ele>914.3</ele>
   </trkpt>
   <trkpt lat="-26.2365490" lon="-51.1767540">
    <ele>914.7</ele>
   </trkpt>
   <trkpt lat="-26.2365480" lon="-51.1767420">
    <ele>914.8</ele>
   </trkpt>
   <trkpt lat="-26.2365400" lon="-51.1767100">
    <ele>915.2</ele>
   </trkpt>
   <trkpt lat="-26.2365390" lon="-51.1766980">
    <ele>915.3</ele>
   </trkpt>
   <trkpt lat="-26.2365280" lon="-51.1766590">
    <ele>915.7</ele>
   </trkpt>
   <trkpt lat="-26.2365260" lon="-51.1766470">
    <ele>915.8</ele>
   </trkpt>
   <trkpt lat="-26.2365270" lon="-51.1766070">
    <ele>916.2</ele>
   </trkpt>
   <trkpt lat="-26.2365260" lon="-51.1765950">
    <ele>916.3</ele>
   </trkpt>
   <trkpt lat="-26.2365230" lon="-51.1765610">
    <ele>916.6</ele>
   </trkpt>
   <trkpt lat="-26.2365230" lon="-51.1765520">
    <ele>916.7</ele>
   </trkpt>
   <trkpt lat="-26.2365130" lon="-51.1765220">
    <ele>917.0</ele>
   </trkpt>
   <trkpt lat="-26.2365110" lon="-51.1765110">
    <ele>917.1</ele>
   </trkpt>
   <trkpt lat="-26.2365040" lon="-51.1764780">
    <ele>917.4</ele>
   </trkpt>
   <trkpt lat="-26.2365020" lon="-51.1764720">
    <ele>917.5</ele>
   </trkpt>
   <trkpt lat="-26.2364910" lon="-51.1764380">
    <ele>917.8</ele>
   </trkpt>
   <trkpt lat="-26.2364720" lon="-51.1764020">
    <ele>918.2</ele>
   </trkpt>
   <trkpt lat="-26.2364620" lon="-51.1763940">
    <ele>918.4</ele>
   </trkpt>
   <trkpt lat="-26.2364410" lon="-51.1763600">
    <ele>918.8</ele>
   </trkpt>
   <trkpt lat="-26.2364360" lon="-51.1763490">
    <ele>918.9</ele>
   </trkpt>
   <trkpt lat="-26.2364170" lon="-51.1763170">
    <ele>919.2</ele>
   </trkpt>
   <trkpt lat="-26.2364100" lon="-51.1763060">
    <ele>919.3</ele>
   </trkpt>
   <trkpt lat="-26.2363840" lon="-51.1762750">
    <ele>919.7</ele>
   </trkpt>
   <trkpt lat="-26.2363770" lon="-51.1762660">
    <ele>919.8</ele>
   </trkpt>
   <trkpt lat="-26.2363600" lon="-51.1762430">
    <ele>920.1</ele>
   </trkpt>
   <trkpt lat="-26.2363540" lon="-51.1762350">
    <ele>920.2</ele>
   </trkpt>
   <trkpt lat="-26.2363280" lon="-51.1762160">
    <ele>920.5</ele>
   </trkpt>
   <trkpt lat="-26.2363190" lon="-51.1762100">
    <ele>920.6</ele>
   </trkpt>
   <trkpt lat="-26.2362950" lon="-51.1761850">
    <ele>920.9</ele>
   </trkpt>
   <trkpt lat="-26.2362870" lon="-51.1761770">
    <ele>921.0</ele>
   </trkpt>
   <trkpt lat="-26.2362670" lon="-51.1761550">
    <ele>921.3</ele>
   </trkpt>
   <trkpt lat="-26.2362590" lon="-51.1761470">
    <ele>921.4</ele>
   </trkpt>
   <trkpt lat="-26.2362360" lon="-51.1761270">
    <ele>921.7</ele>
   </trkpt>
   <trkpt lat="-26.2362280" lon="-51.1761200">
    <ele>921.8</ele>
   </trkpt>
   <trkpt lat="-26.2362150" lon="-51.1761100">
    <ele>922.0</ele>
   </trkpt>
   <trkpt lat="-26.2362040" lon="-51.1760940">
    <ele>922.2</ele>
   </trkpt>
   <trkpt lat="-26.2361830" lon="-51.1760750">
    <ele>922.6</ele>
   </trkpt>
   <trkpt lat="-26.2361740" lon="-51.1760680">
    <ele>922.7</ele>
   </trkpt>
   <trkpt lat="-26.2361500" lon="-51.1760480">
    <ele>923.1</ele>
   </trkpt>
   <trkpt lat="-26.2361400" lon="-51.1760410">
    <ele>923.3</ele>
   </trkpt>
   <trkpt lat="-26.2361170" lon="-51.1760150">
    <ele>923.7</ele>
   </trkpt>
   <trkpt lat="-26.2361090" lon="-51.1760060">
    <ele>923.9</ele>
   </trkpt>
   <trkpt lat="-26.2360840" lon="-51.1759890">
    <ele>924.3</ele>
   </trkpt>
   <trkpt lat="-26.2360740" lon="-51.1759820">
    <ele>924.4</ele>
   </trkpt>
   <trkpt lat="-26.2360460" lon="-51.1759600">
    <ele>924.9</ele>
   </trkpt>
   <trkpt lat="-26.2360370" lon="-51.1759520">
    <ele>925.1</ele>
   </trkpt>
   <trkpt lat="-26.2360210" lon="-51.1759260">
    <ele>925.4</ele>
   </trkpt>
   <trkpt lat="-26.2360140" lon="-51.1759190">
    <ele>925.6</ele>
   </trkpt>
   <trkpt lat="-26.2359880" lon="-51.1759010">
    <ele>925.9</ele>
   </trkpt>
   <trkpt lat="-26.2359800" lon="-51.1758960">
    <ele>926.1</ele>
   </trkpt>
   <trkpt lat="-26.2359570" lon="-51.1758780">
    <ele>926.4</ele>
   </trkpt>
   <trkpt lat="-26.2359490" lon="-51.1758710">
    <ele>926.5</ele>
   </trkpt>
   <trkpt lat="-26.2359260" lon="-51.1758490">
    <ele>926.9</ele>
   </trkpt>
   <trkpt lat="-26.2359200" lon="-51.1758420">
    <ele>927.0</ele>
   </trkpt>
   <trkpt lat="-26.2358960" lon="-51.1758240">
    <ele>927.4</ele>
   </trkpt>
   <trkpt lat="-26.2358880" lon="-51.1758170">
    <ele>927.5</ele>
   </trkpt>
   <trkpt lat="-26.2358660" lon="-51.1758000">
    <ele>927.9</ele>
   </trkpt>
   <trkpt lat="-26.2358570" lon="-51.1757950">
    <ele>928.0</ele>
   </trkpt>
   <trkpt lat="-26.2358340" lon="-51.1757800">
    <ele>928.3</ele>
   </trkpt>
   <trkpt lat="-26.2358240" lon="-51.1757740">
    <ele>928.5</ele>
   </trkpt>
   <trkpt lat="-26.2358010" lon="-51.1757600">
    <ele>928.8</ele>
   </trkpt>
   <trkpt lat="-26.2357910" lon="-51.1757570">
    <ele>928.9</ele>
   </trkpt>
   <trkpt lat="-26.2357590" lon="-51.1757420">
    <ele>929.4</ele>
   </trkpt>
   <trkpt lat="-26.2357500" lon="-51.1757390">
    <ele>929.5</ele>
   </trkpt>
   <trkpt lat="-26.2357190" lon="-51.1757250">
    <ele>929.9</ele>
   </trkpt>
   <trkpt lat="-26.2356880" lon="-51.1757100">
    <ele>930.4</ele>
   </trkpt>
   <trkpt lat="-26.2356770" lon="-51.1757060">
    <ele>930.5</ele>
   </trkpt>
   <trkpt lat="-26.2356670" lon="-51.1757020">
    <ele>930.7</ele>
   </trkpt>
   <trkpt lat="-26.2356470" lon="-51.1756980">
    <ele>930.9</ele>
   </trkpt>
   <trkpt lat="-26.2356170" lon="-51.1756910">
    <ele>931.4</ele>
   </trkpt>
   <trkpt lat="-26.2356100" lon="-51.1756890">
    <ele>931.5</ele>
   </trkpt>
   <trkpt lat="-26.2355800" lon="-51.1756860">
    <ele>931.9</ele>
   </trkpt>
   <trkpt lat="-26.2355710" lon="-51.1756860">
    <ele>932.0</ele>
   </trkpt>
   <trkpt lat="-26.2355430" lon="-51.1756830">
    <ele>932.4</ele>
   </trkpt>
   <trkpt lat="-26.2355320" lon="-51.1756820">
    <ele>932.6</ele>
   </trkpt>
   <trkpt lat="-26.2355190" lon="-51.1756810">
    <ele>932.8</ele>
   </trkpt>
   <trkpt lat="-26.2354990" lon="-51.1756790">
    <ele>933.1</ele>
   </trkpt>
   <trkpt lat="-26.2354810" lon="-51.1756750">
    <ele>933.3</ele>
   </trkpt>
   <trkpt lat="-26.2354650" lon="-51.1756740">
    <ele>933.5</ele>
   </trkpt>
   <trkpt lat="-26.2354370" lon="-51.1756720">
    <ele>933.9</ele>
   </trkpt>
   <trkpt lat="-26.2354290" lon="-51.1756720">
    <ele>934.0</ele>
   </trkpt>
   <trkpt lat="-26.2353990" lon="-51.1756670">
    <ele>934.4</ele>
   </trkpt>
   <trkpt lat="-26.2353910" lon="-51.1756660">
    <ele>934.5</ele>
   </trkpt>
   <trkpt lat="-26.2353590" lon="-51.1756590">
    <ele>934.9</ele>
   </trkpt>
   <trkpt lat="-26.2353470" lon="-51.1756560">
    <ele>935.1</ele>
   </trkpt>
   <trkpt lat="-26.2353320" lon="-51.1756610">
    <ele>935.3</ele>
   </trkpt>
   <trkpt lat="-26.2353140" lon="-51.1756580">
    <ele>935.5</ele>
   </trkpt>
   <trkpt lat="-26.2352840" lon="-51.1756520">
    <ele>935.8</ele>
   </trkpt>
   <trkpt lat="-26.2352740" lon="-51.1756500">
    <ele>935.9</ele>
   </trkpt>
   <trkpt lat="-26.2352390" lon="-51.1756480">
    <ele>936.2</ele>
   </trkpt>
   <trkpt lat="-26.2352250" lon="-51.1756450">
    <ele>936.3</ele>
   </trkpt>
   <trkpt lat="-26.2351920" lon="-51.1756410">
    <ele>936.4</ele>
   </trkpt>
   <trkpt lat="-26.2351810" lon="-51.1756400">
    <ele>936.5</ele>
   </trkpt>
   <trkpt lat="-26.2351450" lon="-51.1756230">
    <ele>936.5</ele>
   </trkpt>
   <trkpt lat="-26.2351310" lon="-51.1756180">
    <ele>936.5</ele>
   </trkpt>
   <trkpt lat="-26.2350850" lon="-51.1755960">
    <ele>936.3</ele>
   </trkpt>
   <trkpt lat="-26.2350460" lon="-51.1755680">
    <ele>935.9</ele>
   </trkpt>
   <trkpt lat="-26.2350030" lon="-51.1755260">
    <ele>935.3</ele>
   </trkpt>
   <trkpt lat="-26.2349550" lon="-51.1754670">
    <ele>934.3</ele>
   </trkpt>
   <trkpt lat="-26.2349010" lon="-51.1754000">
    <ele>932.9</ele>
   </trkpt>
   <trkpt lat="-26.2348370" lon="-51.1753310">
    <ele>931.5</ele>
   </trkpt>
   <trkpt lat="-26.2347660" lon="-51.1752490">
    <ele>930.2</ele>
   </trkpt>
   <trkpt lat="-26.2346840" lon="-51.1751780">
    <ele>929.3</ele>
   </trkpt>
   <trkpt lat="-26.2346110" lon="-51.1751010">
    <ele>928.6</ele>
   </trkpt>
   <trkpt lat="-26.2345630" lon="-51.1750050">
    <ele>928.2</ele>
   </trkpt>
   <trkpt lat="-26.2345470" lon="-51.1748990">
    <ele>927.9</ele>
   </trkpt>
   <trkpt lat="-26.2345560" lon="-51.1748010">
    <ele>927.9</ele>
   </trkpt>
   <trkpt lat="-26.2345760" lon="-51.1747120">
    <ele>928.0</ele>
   </trkpt>
   <trkpt lat="-26.2345910" lon="-51.1746330">
    <ele>928.0</ele>
   </trkpt>
   <trkpt lat="-26.2346100" lon="-51.1745530">
    <ele>928.2</ele>
   </trkpt>
   <trkpt lat="-26.2346280" lon="-51.1744720">
    <ele>928.4</ele>
   </trkpt>
   <trkpt lat="-26.2346380" lon="-51.1743950">
    <ele>928.7</ele>
   </trkpt>
   <trkpt lat="-26.2346550" lon="-51.1743210">
    <ele>929.1</ele>
   </trkpt>
   <trkpt lat="-26.2346650" lon="-51.1742520">
    <ele>929.6</ele>
   </trkpt>
   <trkpt lat="-26.2346790" lon="-51.1741830">
    <ele>930.2</ele>
   </trkpt>
   <trkpt lat="-26.2346700" lon="-51.1741410">
    <ele>930.6</ele>
   </trkpt>
   <trkpt lat="-26.2346620" lon="-51.1740980">
    <ele>931.1</ele>
   </trkpt>
   <trkpt lat="-26.2346710" lon="-51.1740450">
    <ele>931.6</ele>
   </trkpt>
   <trkpt lat="-26.2346740" lon="-51.1739960">
    <ele>932.2</ele>
   </trkpt>
   <trkpt lat="-26.2346730" lon="-51.1739540">
    <ele>932.7</ele>
   </trkpt>
   <trkpt lat="-26.2346720" lon="-51.1739150">
    <ele>933.2</ele>
   </trkpt>
   <trkpt lat="-26.2346690" lon="-51.1738850">
    <ele>933.6</ele>
   </trkpt>
   <trkpt lat="-26.2346670" lon="-51.1738500">
    <ele>934.0</ele>
   </trkpt>
   <trkpt lat="-26.2346580" lon="-51.1738150">
    <ele>934.5</ele>
   </trkpt>
   <trkpt lat="-26.2346480" lon="-51.1737820">
    <ele>935.0</ele>
   </trkpt>
   <trkpt lat="-26.2346380" lon="-51.1737490">
    <ele>935.5</ele>
   </trkpt>
   <trkpt lat="-26.2346180" lon="-51.1737130">
    <ele>936.1</ele>
   </trkpt>
   <trkpt lat="-26.2346120" lon="-51.1736990">
    <ele>936.3</ele>
   </trkpt>
   <trkpt lat="-26.2345940" lon="-51.1736660">
    <ele>936.9</ele>
   </trkpt>
   <trkpt lat="-26.2345680" lon="-51.1736300">
    <ele>937.5</ele>
   </trkpt>
   <trkpt lat="-26.2345580" lon="-51.1736160">
    <ele>937.8</ele>
   </trkpt>
   <trkpt lat="-26.2345360" lon="-51.1735770">
    <ele>938.5</ele>
   </trkpt>
   <trkpt lat="-26.2345270" lon="-51.1735630">
    <ele>938.7</ele>
   </trkpt>
   <trkpt lat="-26.2344990" lon="-51.1735330">
    <ele>939.4</ele>
   </trkpt>
   <trkpt lat="-26.2344900" lon="-51.1735210">
    <ele>939.6</ele>
   </trkpt>
   <trkpt lat="-26.2344650" lon="-51.1734890">
    <ele>940.3</ele>
   </trkpt>
   <trkpt lat="-26.2344570" lon="-51.1734780">
    <ele>940.5</ele>
   </trkpt>
   <trkpt lat="-26.2344300" lon="-51.1734560">
    <ele>941.1</ele>
   </trkpt>
   <trkpt lat="-26.2344240" lon="-51.1734480">
    <ele>941.2</ele>
   </trkpt>
   <trkpt lat="-26.2343920" lon="-51.1734210">
    <ele>942.0</ele>
   </trkpt>
   <trkpt lat="-26.2343810" lon="-51.1734110">
    <ele>942.2</ele>
   </trkpt>
   <trkpt lat="-26.2343630" lon="-51.1733880">
    <ele>942.8</ele>
   </trkpt>
   <trkpt lat="-26.2343570" lon="-51.1733770">
    <ele>943.0</ele>
   </trkpt>
   <trkpt lat="-26.2343420" lon="-51.1733500">
    <ele>943.5</ele>
   </trkpt>
   <trkpt lat="-26.2343370" lon="-51.1733390">
    <ele>943.7</ele>
   </trkpt>
   <trkpt lat="-26.2343130" lon="-51.1733180">
    <ele>944.3</ele>
   </trkpt>
   <trkpt lat="-26.2343040" lon="-51.1733080">
    <ele>944.5</ele>
   </trkpt>
   <trkpt lat="-26.2342900" lon="-51.1732810">
    <ele>945.0</ele>
   </trkpt>
   <trkpt lat="-26.2342870" lon="-51.1732710">
    <ele>945.2</ele>
   </trkpt>
   <trkpt lat="-26.2342730" lon="-51.1732350">
    <ele>945.8</ele>
   </trkpt>
   <trkpt lat="-26.2342690" lon="-51.1732250">
    <ele>946.0</ele>
   </trkpt>
   <trkpt lat="-26.2342550" lon="-51.1731890">
    <ele>946.6</ele>
   </trkpt>
   <trkpt lat="-26.2342500" lon="-51.1731780">
    <ele>946.8</ele>
   </trkpt>
   <trkpt lat="-26.2342420" lon="-51.1731550">
    <ele>947.2</ele>
   </trkpt>
   <trkpt lat="-26.2342370" lon="-51.1731440">
    <ele>947.4</ele>
   </trkpt>
   <trkpt lat="-26.2342330" lon="-51.1731320">
    <ele>947.5</ele>
   </trkpt>
   <trkpt lat="-26.2342190" lon="-51.1731120">
    <ele>947.9</ele>
   </trkpt>
   <trkpt lat="-26.2342180" lon="-51.1731040">
    <ele>948.0</ele>
   </trkpt>
   <trkpt lat="-26.2342170" lon="-51.1730950">
    <ele>948.1</ele>
   </trkpt>
   <trkpt lat="-26.2342110" lon="-51.1730590">
    <ele>948.6</ele>
   </trkpt>
   <trkpt lat="-26.2342080" lon="-51.1730480">
    <ele>948.8</ele>
   </trkpt>
   <trkpt lat="-26.2342060" lon="-51.1730250">
    <ele>949.1</ele>
   </trkpt>
   <trkpt lat="-26.2342070" lon="-51.1730110">
    <ele>949.3</ele>
   </trkpt>
   <trkpt lat="-26.2342090" lon="-51.1729900">
    <ele>949.5</ele>
   </trkpt>
   <trkpt lat="-26.2342110" lon="-51.1729750">
    <ele>949.7</ele>
   </trkpt>
   <trkpt lat="-26.2342010" lon="-51.1729550">
    <ele>950.0</ele>
   </trkpt>
   <trkpt lat="-26.2341990" lon="-51.1729460">
    <ele>950.1</ele>
   </trkpt>
   <trkpt lat="-26.2341960" lon="-51.1729370">
    <ele>950.2</ele>
   </trkpt>
   <trkpt lat="-26.2341850" lon="-51.1729250">
    <ele>950.4</ele>
   </trkpt>
   <trkpt lat="-26.2341770" lon="-51.1729150">
    <ele>950.5</ele>
   </trkpt>
   <trkpt lat="-26.2341690" lon="-51.1729060">
    <ele>950.7</ele>
   </trkpt>
   <trkpt lat="-26.2341540" lon="-51.1728740">
    <ele>951.1</ele>
   </trkpt>
   <trkpt lat="-26.2341500" lon="-51.1728630">
    <ele>951.2</ele>
   </trkpt>
   <trkpt lat="-26.2341510" lon="-51.1728500">
    <ele>951.4</ele>
   </trkpt>
   <trkpt lat="-26.2341440" lon="-51.1728320">
    <ele>951.6</ele>
   </trkpt>
   <trkpt lat="-26.2341400" lon="-51.1727990">
    <ele>952.0</ele>
   </trkpt>
   <trkpt lat="-26.2341370" lon="-51.1727890">
    <ele>952.1</ele>
   </trkpt>
   <trkpt lat="-26.2341270" lon="-51.1727510">
    <ele>952.6</ele>
   </trkpt>
   <trkpt lat="-26.2341260" lon="-51.1727410">
    <ele>952.8</ele>
   </trkpt>
   <trkpt lat="-26.2341220" lon="-51.1727060">
    <ele>953.3</ele>
   </trkpt>
   <trkpt lat="-26.2341210" lon="-51.1726960">
    <ele>953.4</ele>
   </trkpt>
   <trkpt lat="-26.2341020" lon="-51.1726700">
    <ele>953.7</ele>
   </trkpt>
   <trkpt lat="-26.2340930" lon="-51.1726590">
    <ele>953.9</ele>
   </trkpt>
   <trkpt lat="-26.2340770" lon="-51.1726440">
    <ele>954.2</ele>
   </trkpt>
   <trkpt lat="-26.2340680" lon="-51.1726330">
    <ele>954.4</ele>
   </trkpt>
   <trkpt lat="-26.2340460" lon="-51.1725980">
    <ele>954.9</ele>
   </trkpt>
   <trkpt lat="-26.2340370" lon="-51.1725880">
    <ele>955.1</ele>
   </trkpt>
   <trkpt lat="-26.2340150" lon="-51.1725670">
    <ele>955.5</ele>
   </trkpt>
   <trkpt lat="-26.2340090" lon="-51.1725600">
    <ele>955.6</ele>
   </trkpt>
   <trkpt lat="-26.2339840" lon="-51.1725440">
    <ele>956.0</ele>
   </trkpt>
   <trkpt lat="-26.2339710" lon="-51.1725470">
    <ele>956.1</ele>
   </trkpt>
   <trkpt lat="-26.2339530" lon="-51.1725310">
    <ele>956.4</ele>
   </trkpt>
   <trkpt lat="-26.2339230" lon="-51.1725090">
    <ele>956.8</ele>
   </trkpt>
   <trkpt lat="-26.2339100" lon="-51.1725000">
    <ele>957.0</ele>
   </trkpt>
   <trkpt lat="-26.2338880" lon="-51.1724830">
    <ele>957.2</ele>
   </trkpt>
   <trkpt lat="-26.2338600" lon="-51.1724580">
    <ele>957.6</ele>
   </trkpt>
   <trkpt lat="-26.2338480" lon="-51.1724520">
    <ele>957.7</ele>
   </trkpt>
   <trkpt lat="-26.2338200" lon="-51.1724300">
    <ele>958.0</ele>
   </trkpt>
   <trkpt lat="-26.2338090" lon="-51.1724230">
    <ele>958.1</ele>
   </trkpt>
   <trkpt lat="-26.2337750" lon="-51.1724090">
    <ele>958.3</ele>
   </trkpt>
   <trkpt lat="-26.2337640" lon="-51.1724030">
    <ele>958.4</ele>
   </trkpt>
   <trkpt lat="-26.2337310" lon="-51.1723930">
    <ele>958.6</ele>
   </trkpt>
   <trkpt lat="-26.2337000" lon="-51.1723850">
    <ele>958.8</ele>
   </trkpt>
   <trkpt lat="-26.2336720" lon="-51.1723770">
    <ele>959.0</ele>
   </trkpt>
   <trkpt lat="-26.2336350" lon="-51.1723700">
    <ele>959.1</ele>
   </trkpt>
   <trkpt lat="-26.2336210" lon="-51.1723660">
    <ele>959.2</ele>
   </trkpt>
   <trkpt lat="-26.2335940" lon="-51.1723550">
    <ele>959.3</ele>
   </trkpt>
   <trkpt lat="-26.2335660" lon="-51.1723430">
    <ele>959.4</ele>
   </trkpt>
   <trkpt lat="-26.2335370" lon="-51.1723280">
    <ele>959.5</ele>
   </trkpt>
   <trkpt lat="-26.2335020" lon="-51.1723140">
    <ele>959.6</ele>
   </trkpt>
   <trkpt lat="-26.2334910" lon="-51.1723110">
    <ele>959.7</ele>
   </trkpt>
   <trkpt lat="-26.2334560" lon="-51.1722950">
    <ele>959.7</ele>
   </trkpt>
   <trkpt lat="-26.2334420" lon="-51.1722900">
    <ele>959.8</ele>
   </trkpt>
   <trkpt lat="-26.2334110" lon="-51.1722850">
    <ele>959.8</ele>
   </trkpt>
   <trkpt lat="-26.2334010" lon="-51.1722830">
    <ele>959.8</ele>
   </trkpt>
   <trkpt lat="-26.2333640" lon="-51.1722780">
    <ele>959.8</ele>
   </trkpt>
   <trkpt lat="-26.2333550" lon="-51.1722760">
    <ele>959.8</ele>
   </trkpt>
   <trkpt lat="-26.2333170" lon="-51.1722710">
    <ele>959.8</ele>
   </trkpt>
   <trkpt lat="-26.2333060" lon="-51.1722690">
    <ele>959.8</ele>
   </trkpt>
   <trkpt lat="-26.2332890" lon="-51.1722750">
    <ele>959.8</ele>
   </trkpt>
   <trkpt lat="-26.2332740" lon="-51.1722800">
    <ele>959.8</ele>
   </trkpt>
   <trkpt lat="-26.2332640" lon="-51.1722840">
    <ele>959.8</ele>
   </trkpt>
   <trkpt lat="-26.2332420" lon="-51.1722940">
    <ele>959.7</ele>
   </trkpt>
   <trkpt lat="-26.2332080" lon="-51.1723040">
    <ele>959.7</ele>
   </trkpt>
   <trkpt lat="-26.2331810" lon="-51.1723190">
    <ele>959.6</ele>
   </trkpt>
   <trkpt lat="-26.2331510" lon="-51.1723240">
    <ele>959.6</ele>
   </trkpt>
   <trkpt lat="-26.2331230" lon="-51.1723100">
    <ele>959.5</ele>
   </trkpt>
   <trkpt lat="-26.2330840" lon="-51.1723110">
    <ele>959.5</ele>
   </trkpt>
   <trkpt lat="-26.2330460" lon="-51.1723320">
    <ele>959.4</ele>
   </trkpt>
   <trkpt lat="-26.2330130" lon="-51.1723400">
    <ele>959.3</ele>
   </trkpt>
   <trkpt lat="-26.2329840" lon="-51.1723550">
    <ele>959.2</ele>
   </trkpt>
   <trkpt lat="-26.2329490" lon="-51.1723700">
    <ele>959.1</ele>
   </trkpt>
   <trkpt lat="-26.2329070" lon="-51.1723850">
    <ele>959.0</ele>
   </trkpt>
   <trkpt lat="-26.2328770" lon="-51.1723940">
    <ele>958.9</ele>
   </trkpt>
   <trkpt lat="-26.2328480" lon="-51.1724000">
    <ele>958.9</ele>
   </trkpt>
   <trkpt lat="-26.2328180" lon="-51.1724100">
    <ele>958.8</ele>
   </trkpt>
   <trkpt lat="-26.2327800" lon="-51.1724160">
    <ele>958.8</ele>
   </trkpt>
   <trkpt lat="-26.2327490" lon="-51.1724290">
    <ele>958.8</ele>
   </trkpt>
   <trkpt lat="-26.2327250" lon="-51.1724550">
    <ele>958.8</ele>
   </trkpt>
   <trkpt lat="-26.2326970" lon="-51.1724780">
    <ele>958.9</ele>
   </trkpt>
   <trkpt lat="-26.2326570" lon="-51.1724950">
    <ele>958.9</ele>
   </trkpt>
   <trkpt lat="-26.2326110" lon="-51.1725010">
    <ele>959.0</ele>
   </trkpt>
   <trkpt lat="-26.2325770" lon="-51.1725230">
    <ele>959.1</ele>
   </trkpt>
   <trkpt lat="-26.2325470" lon="-51.1725380">
    <ele>959.1</ele>
   </trkpt>
   <trkpt lat="-26.2325080" lon="-51.1725530">
    <ele>959.2</ele>
   </trkpt>
   <trkpt lat="-26.2324700" lon="-51.1725610">
    <ele>959.3</ele>
   </trkpt>
   <trkpt lat="-26.2324290" lon="-51.1725750">
    <ele>959.5</ele>
   </trkpt>
   <trkpt lat="-26.2323940" lon="-51.1725850">
    <ele>959.6</ele>
   </trkpt>
   <trkpt lat="-26.2323540" lon="-51.1725940">
    <ele>959.8</ele>
   </trkpt>
   <trkpt lat="-26.2323110" lon="-51.1725960">
    <ele>960.0</ele>
   </trkpt>
   <trkpt lat="-26.2322730" lon="-51.1725930">
    <ele>960.3</ele>
   </trkpt>
   <trkpt lat="-26.2322310" lon="-51.1725880">
    <ele>960.6</ele>
   </trkpt>
   <trkpt lat="-26.2321930" lon="-51.1725750">
    <ele>960.9</ele>
   </trkpt>
   <trkpt lat="-26.2321480" lon="-51.1725680">
    <ele>961.3</ele>
   </trkpt>
   <trkpt lat="-26.2321110" lon="-51.1725520">
    <ele>961.6</ele>
   </trkpt>
   <trkpt lat="-26.2320690" lon="-51.1725280">
    <ele>962.1</ele>
   </trkpt>
   <trkpt lat="-26.2320330" lon="-51.1725110">
    <ele>962.5</ele>
   </trkpt>
   <trkpt lat="-26.2320000" lon="-51.1724830">
    <ele>963.0</ele>
   </trkpt>
   <trkpt lat="-26.2319630" lon="-51.1724500">
    <ele>963.5</ele>
   </trkpt>
   <trkpt lat="-26.2319250" lon="-51.1724190">
    <ele>963.9</ele>
   </trkpt>
   <trkpt lat="-26.2318920" lon="-51.1723870">
    <ele>964.3</ele>
   </trkpt>
   <trkpt lat="-26.2318600" lon="-51.1723510">
    <ele>964.7</ele>
   </trkpt>
   <trkpt lat="-26.2318310" lon="-51.1723170">
    <ele>965.1</ele>
   </trkpt>
   <trkpt lat="-26.2318120" lon="-51.1722740">
    <ele>965.5</ele>
   </trkpt>
   <trkpt lat="-26.2317890" lon="-51.1722440">
    <ele>965.8</ele>
   </trkpt>
   <trkpt lat="-26.2317710" lon="-51.1722130">
    <ele>966.1</ele>
   </trkpt>
   <trkpt lat="-26.2317360" lon="-51.1721750">
    <ele>966.5</ele>
   </trkpt>
   <trkpt lat="-26.2317160" lon="-51.1721390">
    <ele>966.9</ele>
   </trkpt>
   <trkpt lat="-26.2316950" lon="-51.1721010">
    <ele>967.3</ele>
   </trkpt>
   <trkpt lat="-26.2316720" lon="-51.1720690">
    <ele>967.7</ele>
   </trkpt>
   <trkpt lat="-26.2316390" lon="-51.1720520">
    <ele>968.0</ele>
   </trkpt>
   <trkpt lat="-26.2316180" lon="-51.1720180">
    <ele>968.3</ele>
   </trkpt>
   <trkpt lat="-26.2316010" lon="-51.1719830">
    <ele>968.6</ele>
   </trkpt>
   <trkpt lat="-26.2315860" lon="-51.1719440">
    <ele>968.8</ele>
   </trkpt>
   <trkpt lat="-26.2315840" lon="-51.1719270">
    <ele>968.8</ele>
   </trkpt>
   <trkpt lat="-26.2315660" lon="-51.1718790">
    <ele>969.0</ele>
   </trkpt>
   <trkpt lat="-26.2315620" lon="-51.1718570">
    <ele>969.1</ele>
   </trkpt>
   <trkpt lat="-26.2315490" lon="-51.1718130">
    <ele>969.2</ele>
   </trkpt>
   <trkpt lat="-26.2315440" lon="-51.1717980">
    <ele>969.3</ele>
   </trkpt>
   <trkpt lat="-26.2315320" lon="-51.1717630">
    <ele>969.4</ele>
   </trkpt>
   <trkpt lat="-26.2315190" lon="-51.1717300">
    <ele>969.4</ele>
   </trkpt>
   <trkpt lat="-26.2315140" lon="-51.1716850">
    <ele>969.5</ele>
   </trkpt>
   <trkpt lat="-26.2315080" lon="-51.1716490">
    <ele>969.6</ele>
   </trkpt>
   <trkpt lat="-26.2315020" lon="-51.1716060">
    <ele>969.7</ele>
   </trkpt>
   <trkpt lat="-26.2314890" lon="-51.1715660">
    <ele>969.7</ele>
   </trkpt>
   <trkpt lat="-26.2314850" lon="-51.1715230">
    <ele>969.8</ele>
   </trkpt>
   <trkpt lat="-26.2314850" lon="-51.1714890">
    <ele>969.8</ele>
   </trkpt>
   <trkpt lat="-26.2314880" lon="-51.1714560">
    <ele>969.8</ele>
   </trkpt>
   <trkpt lat="-26.2314840" lon="-51.1714230">
    <ele>969.8</ele>
   </trkpt>
   <trkpt lat="-26.2314960" lon="-51.1713750">
    <ele>969.7</ele>
   </trkpt>
   <trkpt lat="-26.2314950" lon="-51.1713300">
    <ele>969.5</ele>
   </trkpt>
   <trkpt lat="-26.2314980" lon="-51.1712830">
    <ele>969.3</ele>
   </trkpt>
   <trkpt lat="-26.2314970" lon="-51.1712240">
    <ele>968.9</ele>
   </trkpt>
   <trkpt lat="-26.2314990" lon="-51.1711670">
    <ele>968.3</ele>
   </trkpt>
   <trkpt lat="-26.2314870" lon="-51.1711100">
    <ele>967.6</ele>
   </trkpt>
   <trkpt lat="-26.2314680" lon="-51.1710690">
    <ele>967.0</ele>
   </trkpt>
   <trkpt lat="-26.2314360" lon="-51.1710040">
    <ele>966.0</ele>
   </trkpt>
   <trkpt lat="-26.2313850" lon="-51.1709240">
    <ele>964.7</ele>
   </trkpt>
   <trkpt lat="-26.2313240" lon="-51.1708480">
    <ele>963.5</ele>
   </trkpt>
   <trkpt lat="-26.2312570" lon="-51.1707710">
    <ele>962.3</ele>
   </trkpt>
   <trkpt lat="-26.2311720" lon="-51.1707120">
    <ele>961.2</ele>
   </trkpt>
   <trkpt lat="-26.2310860" lon="-51.1706800">
    <ele>960.2</ele>
   </trkpt>
   <trkpt lat="-26.2309910" lon="-51.1706510">
    <ele>959.4</ele>
   </trkpt>
   <trkpt lat="-26.2309030" lon="-51.1706270">
    <ele>958.7</ele>
   </trkpt>
   <trkpt lat="-26.2308080" lon="-51.1706180">
    <ele>958.1</ele>
   </trkpt>
   <trkpt lat="-26.2307180" lon="-51.1706070">
    <ele>957.5</ele>
   </trkpt>
   <trkpt lat="-26.2306120" lon="-51.1706160">
    <ele>956.8</ele>
   </trkpt>
   <trkpt lat="-26.2305100" lon="-51.1706470">
    <ele>956.2</ele>
   </trkpt>
   <trkpt lat="-26.2304030" lon="-51.1707120">
    <ele>955.6</ele>
   </trkpt>
   <trkpt lat="-26.2303090" lon="-51.1707640">
    <ele>955.2</ele>
   </trkpt>
   <trkpt lat="-26.2302220" lon="-51.1708310">
    <ele>955.1</ele>
   </trkpt>
   <trkpt lat="-26.2301250" lon="-51.1708540">
    <ele>955.1</ele>
   </trkpt>
   <trkpt lat="-26.2300360" lon="-51.1708290">
    <ele>955.3</ele>
   </trkpt>
   <trkpt lat="-26.2299580" lon="-51.1707700">
    <ele>955.5</ele>
   </trkpt>
   <trkpt lat="-26.2298920" lon="-51.1706880">
    <ele>955.9</ele>
   </trkpt>
   <trkpt lat="-26.2298490" lon="-51.1705960">
    <ele>956.4</ele>
   </trkpt>
   <trkpt lat="-26.2298110" lon="-51.1705260">
    <ele>956.8</ele>
   </trkpt>
   <trkpt lat="-26.2297830" lon="-51.1704710">
    <ele>957.3</ele>
   </trkpt>
   <trkpt lat="-26.2297560" lon="-51.1704190">
    <ele>957.8</ele>
   </trkpt>
   <trkpt lat="-26.2297360" lon="-51.1703880">
    <ele>958.1</ele>
   </trkpt>
   <trkpt lat="-26.2297010" lon="-51.1703650">
    <ele>958.5</ele>
   </trkpt>
   <trkpt lat="-26.2296760" lon="-51.1703330">
    <ele>958.9</ele>
   </trkpt>
   <trkpt lat="-26.2296330" lon="-51.1702930">
    <ele>959.5</ele>
   </trkpt>
   <trkpt lat="-26.2296070" lon="-51.1702580">
    <ele>959.9</ele>
   </trkpt>
   <trkpt lat="-26.2295810" lon="-51.1702270">
    <ele>960.3</ele>
   </trkpt>
   <trkpt lat="-26.2295590" lon="-51.1702050">
    <ele>960.6</ele>
   </trkpt>
   <trkpt lat="-26.2295310" lon="-51.1701850">
    <ele>960.9</ele>
   </trkpt>
   <trkpt lat="-26.2294930" lon="-51.1701600">
    <ele>961.3</ele>
   </trkpt>
   <trkpt lat="-26.2294780" lon="-51.1701500">
    <ele>961.4</ele>
   </trkpt>
   <trkpt lat="-26.2294520" lon="-51.1701330">
    <ele>961.6</ele>
   </trkpt>
   <trkpt lat="-26.2294210" lon="-51.1701120">
    <ele>961.8</ele>
   </trkpt>
   <trkpt lat="-26.2293900" lon="-51.1700890">
    <ele>962.0</ele>
   </trkpt>
   <trkpt lat="-26.2293800" lon="-51.1700830">
    <ele>962.0</ele>
   </trkpt>
   <trkpt lat="-26.2293490" lon="-51.1700590">
    <ele>962.1</ele>
   </trkpt>
   <trkpt lat="-26.2293090" lon="-51.1700280">
    <ele>962.2</ele>
   </trkpt>
   <trkpt lat="-26.2292670" lon="-51.1700180">
    <ele>962.3</ele>
   </trkpt>
   <trkpt lat="-26.2292370" lon="-51.1699850">
    <ele>962.3</ele>
   </trkpt>
   <trkpt lat="-26.2292030" lon="-51.1699590">
    <ele>962.3</ele>
   </trkpt>
   <trkpt lat="-26.2291760" lon="-51.1699330">
    <ele>962.3</ele>
   </trkpt>
   <trkpt lat="-26.2291510" lon="-51.1698970">
    <ele>962.2</ele>
   </trkpt>
   <trkpt lat="-26.2291140" lon="-51.1698760">
    <ele>962.2</ele>
   </trkpt>
   <trkpt lat="-26.2290760" lon="-51.1698320">
    <ele>962.1</ele>
   </trkpt>
   <trkpt lat="-26.2290440" lon="-51.1697750">
    <ele>962.1</ele>
   </trkpt>
   <trkpt lat="-26.2290260" lon="-51.1697360">
    <ele>962.2</ele>
   </trkpt>
   <trkpt lat="-26.2289910" lon="-51.1696860">
    <ele>962.3</ele>
   </trkpt>
   <trkpt lat="-26.2289610" lon="-51.1696420">
    <ele>962.5</ele>
   </trkpt>
   <trkpt lat="-26.2289370" lon="-51.1695900">
    <ele>962.7</ele>
   </trkpt>
   <trkpt lat="-26.2289060" lon="-51.1695280">
    <ele>963.0</ele>
   </trkpt>
   <trkpt lat="-26.2288820" lon="-51.1694710">
    <ele>963.3</ele>
   </trkpt>
   <trkpt lat="-26.2288580" lon="-51.1694140">
    <ele>963.7</ele>
   </trkpt>
   <trkpt lat="-26.2288250" lon="-51.1693660">
    <ele>963.9</ele>
   </trkpt>
   <trkpt lat="-26.2287990" lon="-51.1693170">
    <ele>964.1</ele>
   </trkpt>
   <trkpt lat="-26.2287800" lon="-51.1692570">
    <ele>964.3</ele>
   </trkpt>
   <trkpt lat="-26.2287640" lon="-51.1692030">
    <ele>964.5</ele>
   </trkpt>
   <trkpt lat="-26.2287490" lon="-51.1691400">
    <ele>964.7</ele>
   </trkpt>
   <trkpt lat="-26.2287520" lon="-51.1690840">
    <ele>964.9</ele>
   </trkpt>
   <trkpt lat="-26.2287680" lon="-51.1690330">
    <ele>965.0</ele>
   </trkpt>
   <trkpt lat="-26.2287760" lon="-51.1689810">
    <ele>965.2</ele>
   </trkpt>
   <trkpt lat="-26.2287780" lon="-51.1689280">
    <ele>965.4</ele>
   </trkpt>
   <trkpt lat="-26.2287970" lon="-51.1688880">
    <ele>965.6</ele>
   </trkpt>
   <trkpt lat="-26.2288130" lon="-51.1688380">
    <ele>965.8</ele>
   </trkpt>
   <trkpt lat="-26.2288330" lon="-51.1687930">
    <ele>966.0</ele>
   </trkpt>
   <trkpt lat="-26.2288490" lon="-51.1687450">
    <ele>966.2</ele>
   </trkpt>
   <trkpt lat="-26.2288490" lon="-51.1687120">
    <ele>966.3</ele>
   </trkpt>
   <trkpt lat="-26.2288300" lon="-51.1686580">
    <ele>966.5</ele>
   </trkpt>
   <trkpt lat="-26.2288020" lon="-51.1686120">
    <ele>966.5</ele>
   </trkpt>
   <trkpt lat="-26.2287700" lon="-51.1685570">
    <ele>966.4</ele>
   </trkpt>
   <trkpt lat="-26.2287230" lon="-51.1684890">
    <ele>966.3</ele>
   </trkpt>
   <trkpt lat="-26.2286840" lon="-51.1684350">
    <ele>966.1</ele>
   </trkpt>
   <trkpt lat="-26.2286410" lon="-51.1683890">
    <ele>966.0</ele>
   </trkpt>
   <trkpt lat="-26.2285940" lon="-51.1683690">
    <ele>965.8</ele>
   </trkpt>
   <trkpt lat="-26.2285440" lon="-51.1683320">
    <ele>965.6</ele>
   </trkpt>
   <trkpt lat="-26.2284920" lon="-51.1683050">
    <ele>965.4</ele>
   </trkpt>
   <trkpt lat="-26.2284510" lon="-51.1682760">
    <ele>965.1</ele>
   </trkpt>
   <trkpt lat="-26.2284170" lon="-51.1682420">
    <ele>964.8</ele>
   </trkpt>
   <trkpt lat="-26.2283890" lon="-51.1681740">
    <ele>964.3</ele>
   </trkpt>
   <trkpt lat="-26.2283860" lon="-51.1680680">
    <ele>963.7</ele>
   </trkpt>
   <trkpt lat="-26.2283900" lon="-51.1679720">
    <ele>963.2</ele>
   </trkpt>
   <trkpt lat="-26.2283970" lon="-51.1679040">
    <ele>962.9</ele>
   </trkpt>
   <trkpt lat="-26.2283980" lon="-51.1678250">
    <ele>962.5</ele>
   </trkpt>
   <trkpt lat="-26.2283780" lon="-51.1677490">
    <ele>962.2</ele>
   </trkpt>
   <trkpt lat="-26.2283440" lon="-51.1676820">
    <ele>961.8</ele>
   </trkpt>
   <trkpt lat="-26.2282850" lon="-51.1676310">
    <ele>961.4</ele>
   </trkpt>
   <trkpt lat="-26.2282350" lon="-51.1675720">
    <ele>961.1</ele>
   </trkpt>
   <trkpt lat="-26.2281730" lon="-51.1675120">
    <ele>960.5</ele>
   </trkpt>
   <trkpt lat="-26.2281210" lon="-51.1674540">
    <ele>960.0</ele>
   </trkpt>
   <trkpt lat="-26.2280740" lon="-51.1674040">
    <ele>959.6</ele>
   </trkpt>
   <trkpt lat="-26.2280280" lon="-51.1673510">
    <ele>959.1</ele>
   </trkpt>
   <trkpt lat="-26.2279850" lon="-51.1673070">
    <ele>958.6</ele>
   </trkpt>
   <trkpt lat="-26.2279250" lon="-51.1672600">
    <ele>957.9</ele>
   </trkpt>
   <trkpt lat="-26.2278570" lon="-51.1672270">
    <ele>957.0</ele>
   </trkpt>
   <trkpt lat="-26.2277870" lon="-51.1672140">
    <ele>956.1</ele>
   </trkpt>
   <trkpt lat="-26.2277160" lon="-51.1671920">
    <ele>955.1</ele>
   </trkpt>
   <trkpt lat="-26.2276270" lon="-51.1671700">
    <ele>954.0</ele>
   </trkpt>
   <trkpt lat="-26.2275230" lon="-51.1671400">
    <ele>952.8</ele>
   </trkpt>
   <trkpt lat="-26.2274210" lon="-51.1670760">
    <ele>951.6</ele>
   </trkpt>
   <trkpt lat="-26.2273470" lon="-51.1670150">
    <ele>950.8</ele>
   </trkpt>
   <trkpt lat="-26.2272750" lon="-51.1669350">
    <ele>950.2</ele>
   </trkpt>
   <trkpt lat="-26.2271950" lon="-51.1668340">
    <ele>949.4</ele>
   </trkpt>
   <trkpt lat="-26.2271200" lon="-51.1667710">
    <ele>948.8</ele>
   </trkpt>
   <trkpt lat="-26.2270200" lon="-51.1667490">
    <ele>948.3</ele>
   </trkpt>
   <trkpt lat="-26.2269080" lon="-51.1667620">
    <ele>947.8</ele>
   </trkpt>
   <trkpt lat="-26.2268120" lon="-51.1668040">
    <ele>947.5</ele>
   </trkpt>
   <trkpt lat="-26.2267210" lon="-51.1668620">
    <ele>947.2</ele>
   </trkpt>
   <trkpt lat="-26.2266310" lon="-51.1669090">
    <ele>947.0</ele>
   </trkpt>
   <trkpt lat="-26.2265410" lon="-51.1669300">
    <ele>947.1</ele>
   </trkpt>
   <trkpt lat="-26.2264460" lon="-51.1668980">
    <ele>947.2</ele>
   </trkpt>
   <trkpt lat="-26.2263500" lon="-51.1668330">
    <ele>947.4</ele>
   </trkpt>
   <trkpt lat="-26.2262990" lon="-51.1667610">
    <ele>947.6</ele>
   </trkpt>
   <trkpt lat="-26.2262530" lon="-51.1666950">
    <ele>947.8</ele>
   </trkpt>
   <trkpt lat="-26.2262180" lon="-51.1666160">
    <ele>948.1</ele>
   </trkpt>
   <trkpt lat="-26.2261730" lon="-51.1665430">
    <ele>948.4</ele>
   </trkpt>
   <trkpt lat="-26.2261500" lon="-51.1664650">
    <ele>948.8</ele>
   </trkpt>
   <trkpt lat="-26.2261310" lon="-51.1663990">
    <ele>949.2</ele>
   </trkpt>
   <trkpt lat="-26.2261240" lon="-51.1663390">
    <ele>949.6</ele>
   </trkpt>
   <trkpt lat="-26.2260910" lon="-51.1662870">
    <ele>950.1</ele>
   </trkpt>
   <trkpt lat="-26.2260700" lon="-51.1662510">
    <ele>950.5</ele>
   </trkpt>
   <trkpt lat="-26.2260460" lon="-51.1662080">
    <ele>950.9</ele>
   </trkpt>
   <trkpt lat="-26.2260250" lon="-51.1661590">
    <ele>951.5</ele>
   </trkpt>
   <trkpt lat="-26.2260050" lon="-51.1661150">
    <ele>951.9</ele>
   </trkpt>
   <trkpt lat="-26.2259670" lon="-51.1660870">
    <ele>952.4</ele>
   </trkpt>
   <trkpt lat="-26.2259530" lon="-51.1660550">
    <ele>952.8</ele>
   </trkpt>
   <trkpt lat="-26.2259170" lon="-51.1660350">
    <ele>953.2</ele>
   </trkpt>
   <trkpt lat="-26.2258860" lon="-51.1660040">
    <ele>953.7</ele>
   </trkpt>
   <trkpt lat="-26.2258600" lon="-51.1659740">
    <ele>954.1</ele>
   </trkpt>
   <trkpt lat="-26.2258330" lon="-51.1659450">
    <ele>954.5</ele>
   </trkpt>
   <trkpt lat="-26.2258220" lon="-51.1659340">
    <ele>954.6</ele>
   </trkpt>
   <trkpt lat="-26.2258060" lon="-51.1659010">
    <ele>955.0</ele>
   </trkpt>
   <trkpt lat="-26.2257910" lon="-51.1658650">
    <ele>955.4</ele>
   </trkpt>
   <trkpt lat="-26.2257830" lon="-51.1658480">
    <ele>955.6</ele>
   </trkpt>
   <trkpt lat="-26.2257680" lon="-51.1658150">
    <ele>956.0</ele>
   </trkpt>
   <trkpt lat="-26.2257690" lon="-51.1657850">
    <ele>956.2</ele>
   </trkpt>
   <trkpt lat="-26.2257560" lon="-51.1657570">
    <ele>956.5</ele>
   </trkpt>
   <trkpt lat="-26.2257370" lon="-51.1657240">
    <ele>956.9</ele>
   </trkpt>
   <trkpt lat="-26.2257260" lon="-51.1656910">
    <ele>957.2</ele>
   </trkpt>
   <trkpt lat="-26.2257190" lon="-51.1656810">
    <ele>957.3</ele>
   </trkpt>
   <trkpt lat="-26.2257110" lon="-51.1656690">
    <ele>957.4</ele>
   </trkpt>
   <trkpt lat="-26.2257020" lon="-51.1656470">
    <ele>957.6</ele>
   </trkpt>
   <trkpt lat="-26.2257050" lon="-51.1656090">
    <ele>957.9</ele>
   </trkpt>
   <trkpt lat="-26.2257040" lon="-51.1655720">
    <ele>958.2</ele>
   </trkpt>
   <trkpt lat="-26.2257060" lon="-51.1655590">
    <ele>958.3</ele>
   </trkpt>
   <trkpt lat="-26.2257010" lon="-51.1655230">
    <ele>958.6</ele>
   </trkpt>
   <trkpt lat="-26.2257000" lon="-51.1655110">
    <ele>958.7</ele>
   </trkpt>
   <trkpt lat="-26.2257150" lon="-51.1654860">
    <ele>958.9</ele>
   </trkpt>
   <trkpt lat="-26.2257250" lon="-51.1654810">
    <ele>959.0</ele>
   </trkpt>
   <trkpt lat="-26.2257490" lon="-51.1654350">
    <ele>959.4</ele>
   </trkpt>
   <trkpt lat="-26.2257530" lon="-51.1654030">
    <ele>959.7</ele>
   </trkpt>
   <trkpt lat="-26.2257700" lon="-51.1653740">
    <ele>959.9</ele>
   </trkpt>
   <trkpt lat="-26.2257910" lon="-51.1653520">
    <ele>960.1</ele>
   </trkpt>
   <trkpt lat="-26.2258260" lon="-51.1653220">
    <ele>960.4</ele>
   </trkpt>
   <trkpt lat="-26.2258510" lon="-51.1652900">
    <ele>960.6</ele>
   </trkpt>
   <trkpt lat="-26.2258650" lon="-51.1652600">
    <ele>960.8</ele>
   </trkpt>
   <trkpt lat="-26.2258650" lon="-51.1652510">
    <ele>960.9</ele>
   </trkpt>
   <trkpt lat="-26.2258770" lon="-51.1652340">
    <ele>961.0</ele>
   </trkpt>
   <trkpt lat="-26.2258820" lon="-51.1652240">
    <ele>961.1</ele>
   </trkpt>
   <trkpt lat="-26.2258980" lon="-51.1652000">
    <ele>961.2</ele>
   </trkpt>
   <trkpt lat="-26.2259110" lon="-51.1651680">
    <ele>961.4</ele>
   </trkpt>
   <trkpt lat="-26.2259140" lon="-51.1651560">
    <ele>961.5</ele>
   </trkpt>
   <trkpt lat="-26.2259260" lon="-51.1651280">
    <ele>961.7</ele>
   </trkpt>
   <trkpt lat="-26.2259550" lon="-51.1650980">
    <ele>961.9</ele>
   </trkpt>
   <trkpt lat="-26.2259650" lon="-51.1650860">
    <ele>962.0</ele>
   </trkpt>
   <trkpt lat="-26.2259850" lon="-51.1650360">
    <ele>962.3</ele>
   </trkpt>
   <trkpt lat="-26.2259970" lon="-51.1649840">
    <ele>962.6</ele>
   </trkpt>
   <trkpt lat="-26.2260190" lon="-51.1649460">
    <ele>962.9</ele>
   </trkpt>
   <trkpt lat="-26.2260330" lon="-51.1649200">
    <ele>963.1</ele>
   </trkpt>
   <trkpt lat="-26.2260500" lon="-51.1648880">
    <ele>963.3</ele>
   </trkpt>
   <trkpt lat="-26.2260670" lon="-51.1648490">
    <ele>963.7</ele>
   </trkpt>
   <trkpt lat="-26.2260800" lon="-51.1648180">
    <ele>964.0</ele>
   </trkpt>
   <trkpt lat="-26.2260960" lon="-51.1647890">
    <ele>964.2</ele>
   </trkpt>
   <trkpt lat="-26.2261060" lon="-51.1647600">
    <ele>964.5</ele>
   </trkpt>
   <trkpt lat="-26.2261210" lon="-51.1647310">
    <ele>964.8</ele>
   </trkpt>
   <trkpt lat="-26.2261350" lon="-51.1646990">
    <ele>965.1</ele>
   </trkpt>
   <trkpt lat="-26.2261610" lon="-51.1646690">
    <ele>965.6</ele>
   </trkpt>
   <trkpt lat="-26.2261670" lon="-51.1646350">
    <ele>965.9</ele>
   </trkpt>
   <trkpt lat="-26.2261770" lon="-51.1646050">
    <ele>966.2</ele>
   </trkpt>
   <trkpt lat="-26.2261870" lon="-51.1645630">
    <ele>966.7</ele>
   </trkpt>
   <trkpt lat="-26.2261900" lon="-51.1645490">
    <ele>966.8</ele>
   </trkpt>
   <trkpt lat="-26.2262130" lon="-51.1645210">
    <ele>967.2</ele>
   </trkpt>
   <trkpt lat="-26.2262260" lon="-51.1644760">
    <ele>967.7</ele>
   </trkpt>
   <trkpt lat="-26.2262320" lon="-51.1644590">
    <ele>967.9</ele>
   </trkpt>
   <trkpt lat="-26.2262440" lon="-51.1644320">
    <ele>968.3</ele>
   </trkpt>
   <trkpt lat="-26.2262530" lon="-51.1644030">
    <ele>968.6</ele>
   </trkpt>
   <trkpt lat="-26.2262600" lon="-51.1643610">
    <ele>969.1</ele>
   </trkpt>
   <trkpt lat="-26.2262640" lon="-51.1643460">
    <ele>969.3</ele>
   </trkpt>
   <trkpt lat="-26.2262680" lon="-51.1643160">
    <ele>969.7</ele>
   </trkpt>
   <trkpt lat="-26.2262800" lon="-51.1642800">
    <ele>970.2</ele>
   </trkpt>
   <trkpt lat="-26.2262820" lon="-51.1642650">
    <ele>970.4</ele>
   </trkpt>
   <trkpt lat="-26.2262810" lon="-51.1642300">
    <ele>970.9</ele>
   </trkpt>
   <trkpt lat="-26.2262770" lon="-51.1642190">
    <ele>971.1</ele>
   </trkpt>
   <trkpt lat="-26.2262760" lon="-51.1641870">
    <ele>971.5</ele>
   </trkpt>
   <trkpt lat="-26.2262750" lon="-51.1641750">
    <ele>971.7</ele>
   </trkpt>
   <trkpt lat="-26.2262700" lon="-51.1641540">
    <ele>972.0</ele>
   </trkpt>
   <trkpt lat="-26.2262700" lon="-51.1641420">
    <ele>972.2</ele>
   </trkpt>
   <trkpt lat="-26.2262690" lon="-51.1641300">
    <ele>972.3</ele>
   </trkpt>
   <trkpt lat="-26.2262640" lon="-51.1641000">
    <ele>972.8</ele>
   </trkpt>
   <trkpt lat="-26.2262600" lon="-51.1640900">
    <ele>972.9</ele>
   </trkpt>
   <trkpt lat="-26.2262500" lon="-51.1640630">
    <ele>973.3</ele>
   </trkpt>
   <trkpt lat="-26.2262470" lon="-51.1640340">
    <ele>973.7</ele>
   </trkpt>
   <trkpt lat="-26.2262440" lon="-51.1640180">
    <ele>973.9</ele>
   </trkpt>
   <trkpt lat="-26.2262440" lon="-51.1640020">
    <ele>974.1</ele>
   </trkpt>
   <trkpt lat="-26.2262390" lon="-51.1639800">
    <ele>974.3</ele>
   </trkpt>
   <trkpt lat="-26.2262330" lon="-51.1639460">
    <ele>974.7</ele>
   </trkpt>
   <trkpt lat="-26.2262300" lon="-51.1639360">
    <ele>974.8</ele>
   </trkpt>
   <trkpt lat="-26.2262240" lon="-51.1638920">
    <ele>975.3</ele>
   </trkpt>
   <trkpt lat="-26.2262230" lon="-51.1638750">
    <ele>975.4</ele>
   </trkpt>
   <trkpt lat="-26.2262130" lon="-51.1638390">
    <ele>975.8</ele>
   </trkpt>
   <trkpt lat="-26.2262080" lon="-51.1638270">
    <ele>975.9</ele>
   </trkpt>
   <trkpt lat="-26.2261950" lon="-51.1637930">
    <ele>976.3</ele>
   </trkpt>
   <trkpt lat="-26.2261910" lon="-51.1637810">
    <ele>976.4</ele>
   </trkpt>
   <trkpt lat="-26.2261800" lon="-51.1637470">
    <ele>976.7</ele>
   </trkpt>
   <trkpt lat="-26.2261770" lon="-51.1637350">
    <ele>976.8</ele>
   </trkpt>
   <trkpt lat="-26.2261690" lon="-51.1637000">
    <ele>977.0</ele>
   </trkpt>
   <trkpt lat="-26.2261680" lon="-51.1636870">
    <ele>977.1</ele>
   </trkpt>
   <trkpt lat="-26.2261610" lon="-51.1636470">
    <ele>977.4</ele>
   </trkpt>
   <trkpt lat="-26.2261600" lon="-51.1636340">
    <ele>977.5</ele>
   </trkpt>
   <trkpt lat="-26.2261670" lon="-51.1636020">
    <ele>977.8</ele>
   </trkpt>
   <trkpt lat="-26.2261610" lon="-51.1635630">
    <ele>978.1</ele>
   </trkpt>
   <trkpt lat="-26.2261600" lon="-51.1635490">
    <ele>978.2</ele>
   </trkpt>
   <trkpt lat="-26.2261690" lon="-51.1635120">
    <ele>978.5</ele>
   </trkpt>
   <trkpt lat="-26.2261740" lon="-51.1635000">
    <ele>978.6</ele>
   </trkpt>
   <trkpt lat="-26.2261860" lon="-51.1634600">
    <ele>978.9</ele>
   </trkpt>
   <trkpt lat="-26.2261890" lon="-51.1634460">
    <ele>978.9</ele>
   </trkpt>
   <trkpt lat="-26.2261910" lon="-51.1634120">
    <ele>979.2</ele>
   </trkpt>
   <trkpt lat="-26.2261950" lon="-51.1633670">
    <ele>979.4</ele>
   </trkpt>
   <trkpt lat="-26.2261960" lon="-51.1633500">
    <ele>979.5</ele>
   </trkpt>
   <trkpt lat="-26.2261960" lon="-51.1633180">
    <ele>979.6</ele>
   </trkpt>
   <trkpt lat="-26.2262010" lon="-51.1632860">
    <ele>979.6</ele>
   </trkpt>
   <trkpt lat="-26.2262080" lon="-51.1632560">
    <ele>979.7</ele>
   </trkpt>
   <trkpt lat="-26.2262150" lon="-51.1632200">
    <ele>979.8</ele>
   </trkpt>
   <trkpt lat="-26.2262220" lon="-51.1631830">
    <ele>979.8</ele>
   </trkpt>
   <trkpt lat="-26.2262250" lon="-51.1631440">
    <ele>979.9</ele>
   </trkpt>
   <trkpt lat="-26.2262290" lon="-51.1631030">
    <ele>979.9</ele>
   </trkpt>
   <trkpt lat="-26.2262400" lon="-51.1630640">
    <ele>979.9</ele>
   </trkpt>
   <trkpt lat="-26.2262450" lon="-51.1630290">
    <ele>980.0</ele>
   </trkpt>
   <trkpt lat="-26.2262500" lon="-51.1629910">
    <ele>980.0</ele>
   </trkpt>
   <trkpt lat="-26.2262590" lon="-51.1629530">
    <ele>980.0</ele>
   </trkpt>
   <trkpt lat="-26.2262710" lon="-51.1629130">
    <ele>980.1</ele>
   </trkpt>
   <trkpt lat="-26.2262850" lon="-51.1628790">
    <ele>980.2</ele>
   </trkpt>
   <trkpt lat="-26.2262990" lon="-51.1628450">
    <ele>980.3</ele>
   </trkpt>
   <trkpt lat="-26.2263100" lon="-51.1628080">
    <ele>980.4</ele>
   </trkpt>
   <trkpt lat="-26.2263220" lon="-51.1627720">
    <ele>980.5</ele>
   </trkpt>
   <trkpt lat="-26.2263350" lon="-51.1627360">
    <ele>980.7</ele>
   </trkpt>
   <trkpt lat="-26.2263450" lon="-51.1627010">
    <ele>980.9</ele>
   </trkpt>
   <trkpt lat="-26.2263540" lon="-51.1626650">
    <ele>981.1</ele>
   </trkpt>
   <trkpt lat="-26.2263650" lon="-51.1626320">
    <ele>981.3</ele>
   </trkpt>
   <trkpt lat="-26.2263770" lon="-51.1625780">
    <ele>981.6</ele>
   </trkpt>
   <trkpt lat="-26.2263780" lon="-51.1625390">
    <ele>981.8</ele>
   </trkpt>
   <trkpt lat="-26.2263810" lon="-51.1625210">
    <ele>981.9</ele>
   </trkpt>
   <trkpt lat="-26.2263840" lon="-51.1624800">
    <ele>982.2</ele>
   </trkpt>
   <trkpt lat="-26.2263880" lon="-51.1624380">
    <ele>982.4</ele>
   </trkpt>
   <trkpt lat="-26.2263920" lon="-51.1623980">
    <ele>982.7</ele>
   </trkpt>
   <trkpt lat="-26.2263930" lon="-51.1623590">
    <ele>982.9</ele>
   </trkpt>
   <trkpt lat="-26.2263940" lon="-51.1623190">
    <ele>983.1</ele>
   </trkpt>
   <trkpt lat="-26.2263950" lon="-51.1622790">
    <ele>983.3</ele>
   </trkpt>
   <trkpt lat="-26.2263890" lon="-51.1622390">
    <ele>983.6</ele>
   </trkpt>
   <trkpt lat="-26.2263850" lon="-51.1622000">
    <ele>983.8</ele>
   </trkpt>
   <trkpt lat="-26.2263790" lon="-51.1621630">
    <ele>984.1</ele>
   </trkpt>
   <trkpt lat="-26.2263740" lon="-51.1621290">
    <ele>984.3</ele>
   </trkpt>
   <trkpt lat="-26.2263700" lon="-51.1620930">
    <ele>984.6</ele>
   </trkpt>
   <trkpt lat="-26.2263610" lon="-51.1620570">
    <ele>984.9</ele>
   </trkpt>
   <trkpt lat="-26.2263460" lon="-51.1620270">
    <ele>985.1</ele>
   </trkpt>
   <trkpt lat="-26.2263340" lon="-51.1619960">
    <ele>985.4</ele>
   </trkpt>
   <trkpt lat="-26.2263310" lon="-51.1619650">
    <ele>985.6</ele>
   </trkpt>
   <trkpt lat="-26.2263260" lon="-51.1619260">
    <ele>985.9</ele>
   </trkpt>
   <trkpt lat="-26.2263120" lon="-51.1618940">
    <ele>986.1</ele>
   </trkpt>
   <trkpt lat="-26.2262940" lon="-51.1618600">
    <ele>986.4</ele>
   </trkpt>
   <trkpt lat="-26.2262710" lon="-51.1618320">
    <ele>986.6</ele>
   </trkpt>
   <trkpt lat="-26.2262530" lon="-51.1618030">
    <ele>986.8</ele>
   </trkpt>
   <trkpt lat="-26.2262300" lon="-51.1617700">
    <ele>987.1</ele>
   </trkpt>
   <trkpt lat="-26.2262050" lon="-51.1617410">
    <ele>987.3</ele>
   </trkpt>
   <trkpt lat="-26.2261780" lon="-51.1617120">
    <ele>987.6</ele>
   </trkpt>
   <trkpt lat="-26.2261540" lon="-51.1616840">
    <ele>987.9</ele>
   </trkpt>
   <trkpt lat="-26.2261300" lon="-51.1616600">
    <ele>988.2</ele>
   </trkpt>
   <trkpt lat="-26.2261050" lon="-51.1616400">
    <ele>988.4</ele>
   </trkpt>
   <trkpt lat="-26.2260780" lon="-51.1616220">
    <ele>988.7</ele>
   </trkpt>
   <trkpt lat="-26.2260490" lon="-51.1615990">
    <ele>988.9</ele>
   </trkpt>
   <trkpt lat="-26.2260230" lon="-51.1615840">
    <ele>989.2</ele>
   </trkpt>
   <trkpt lat="-26.2259940" lon="-51.1615710">
    <ele>989.4</ele>
   </trkpt>
   <trkpt lat="-26.2259630" lon="-51.1615540">
    <ele>989.6</ele>
   </trkpt>
   <trkpt lat="-26.2259300" lon="-51.1615370">
    <ele>989.8</ele>
   </trkpt>
   <trkpt lat="-26.2258950" lon="-51.1615210">
    <ele>990.0</ele>
   </trkpt>
   <trkpt lat="-26.2258640" lon="-51.1615070">
    <ele>990.2</ele>
   </trkpt>
   <trkpt lat="-26.2258290" lon="-51.1614950">
    <ele>990.4</ele>
   </trkpt>
   <trkpt lat="-26.2257960" lon="-51.1614850">
    <ele>990.5</ele>
   </trkpt>
   <trkpt lat="-26.2257670" lon="-51.1614660">
    <ele>990.7</ele>
   </trkpt>
   <trkpt lat="-26.2257370" lon="-51.1614430">
    <ele>990.9</ele>
   </trkpt>
   <trkpt lat="-26.2257080" lon="-51.1614150">
    <ele>991.1</ele>
   </trkpt>
   <trkpt lat="-26.2256890" lon="-51.1613810">
    <ele>991.3</ele>
   </trkpt>
   <trkpt lat="-26.2256730" lon="-51.1613440">
    <ele>991.5</ele>
   </trkpt>
   <trkpt lat="-26.2256660" lon="-51.1613100">
    <ele>991.7</ele>
   </trkpt>
   <trkpt lat="-26.2256640" lon="-51.1612730">
    <ele>991.9</ele>
   </trkpt>
   <trkpt lat="-26.2256590" lon="-51.1612330">
    <ele>992.2</ele>
   </trkpt>
   <trkpt lat="-26.2256490" lon="-51.1611950">
    <ele>992.4</ele>
   </trkpt>
   <trkpt lat="-26.2256490" lon="-51.1611620">
    <ele>992.6</ele>
   </trkpt>
   <trkpt lat="-26.2256410" lon="-51.1611140">
    <ele>992.9</ele>
   </trkpt>
   <trkpt lat="-26.2256310" lon="-51.1610730">
    <ele>993.1</ele>
   </trkpt>
   <trkpt lat="-26.2256190" lon="-51.1610320">
    <ele>993.4</ele>
   </trkpt>
   <trkpt lat="-26.2256200" lon="-51.1609950">
    <ele>993.6</ele>
   </trkpt>
   <trkpt lat="-26.2256050" lon="-51.1609590">
    <ele>993.8</ele>
   </trkpt>
   <trkpt lat="-26.2255870" lon="-51.1609260">
    <ele>994.1</ele>
   </trkpt>
   <trkpt lat="-26.2255740" lon="-51.1608920">
    <ele>994.3</ele>
   </trkpt>
   <trkpt lat="-26.2255630" lon="-51.1608610">
    <ele>994.5</ele>
   </trkpt>
   <trkpt lat="-26.2255600" lon="-51.1608290">
    <ele>994.6</ele>
   </trkpt>
   <trkpt lat="-26.2255530" lon="-51.1607900">
    <ele>994.8</ele>
   </trkpt>
   <trkpt lat="-26.2255460" lon="-51.1607570">
    <ele>994.9</ele>
   </trkpt>
   <trkpt lat="-26.2255410" lon="-51.1607140">
    <ele>995.0</ele>
   </trkpt>
   <trkpt lat="-26.2255270" lon="-51.1606880">
    <ele>995.1</ele>
   </trkpt>
   <trkpt lat="-26.2255320" lon="-51.1606340">
    <ele>995.1</ele>
   </trkpt>
   <trkpt lat="-26.2255180" lon="-51.1605920">
    <ele>995.1</ele>
   </trkpt>
   <trkpt lat="-26.2255030" lon="-51.1605350">
    <ele>994.9</ele>
   </trkpt>
   <trkpt lat="-26.2254850" lon="-51.1604720">
    <ele>994.7</ele>
   </trkpt>
   <trkpt lat="-26.2254600" lon="-51.1604130">
    <ele>994.4</ele>
   </trkpt>
   <trkpt lat="-26.2254170" lon="-51.1603590">
    <ele>994.1</ele>
   </trkpt>
   <trkpt lat="-26.2253600" lon="-51.1603210">
    <ele>993.7</ele>
   </trkpt>
   <trkpt lat="-26.2252980" lon="-51.1602960">
    <ele>993.4</ele>
   </trkpt>
   <trkpt lat="-26.2252270" lon="-51.1602780">
    <ele>993.2</ele>
   </trkpt>
   <trkpt lat="-26.2251570" lon="-51.1602700">
    <ele>993.0</ele>
   </trkpt>
   <trkpt lat="-26.2250870" lon="-51.1602590">
    <ele>992.9</ele>
   </trkpt>
   <trkpt lat="-26.2250190" lon="-51.1602390">
    <ele>992.8</ele>
   </trkpt>
   <trkpt lat="-26.2249570" lon="-51.1602190">
    <ele>992.8</ele>
   </trkpt>
   <trkpt lat="-26.2248950" lon="-51.1601860">
    <ele>992.8</ele>
   </trkpt>
   <trkpt lat="-26.2248420" lon="-51.1601480">
    <ele>992.7</ele>
   </trkpt>
   <trkpt lat="-26.2247870" lon="-51.1601040">
    <ele>992.5</ele>
   </trkpt>
   <trkpt lat="-26.2247340" lon="-51.1600560">
    <ele>992.2</ele>
   </trkpt>
   <trkpt lat="-26.2246670" lon="-51.1600080">
    <ele>991.7</ele>
   </trkpt>
   <trkpt lat="-26.2246120" lon="-51.1599480">
    <ele>991.2</ele>
   </trkpt>
   <trkpt lat="-26.2245500" lon="-51.1598910">
    <ele>990.9</ele>
   </trkpt>
   <trkpt lat="-26.2244900" lon="-51.1598400">
    <ele>990.6</ele>
   </trkpt>
   <trkpt lat="-26.2244310" lon="-51.1597940">
    <ele>990.3</ele>
   </trkpt>
   <trkpt lat="-26.2243680" lon="-51.1597510">
    <ele>990.1</ele>
   </trkpt>
   <trkpt lat="-26.2243070" lon="-51.1597010">
    <ele>989.9</ele>
   </trkpt>
   <trkpt lat="-26.2242590" lon="-51.1596430">
    <ele>989.8</ele>
   </trkpt>
   <trkpt lat="-26.2242160" lon="-51.1595850">
    <ele>989.7</ele>
   </trkpt>
   <trkpt lat="-26.2241800" lon="-51.1595180">
    <ele>989.7</ele>
   </trkpt>
   <trkpt lat="-26.2241480" lon="-51.1594510">
    <ele>989.8</ele>
   </trkpt>
   <trkpt lat="-26.2241030" lon="-51.1593810">
    <ele>989.9</ele>
   </trkpt>
   <trkpt lat="-26.2240740" lon="-51.1593210">
    <ele>989.9</ele>
   </trkpt>
   <trkpt lat="-26.2240510" lon="-51.1592490">
    <ele>989.9</ele>
   </trkpt>
   <trkpt lat="-26.2240210" lon="-51.1591840">
    <ele>990.0</ele>
   </trkpt>
   <trkpt lat="-26.2239930" lon="-51.1591200">
    <ele>990.0</ele>
   </trkpt>
   <trkpt lat="-26.2239560" lon="-51.1590630">
    <ele>990.0</ele>
   </trkpt>
   <trkpt lat="-26.2239160" lon="-51.1590070">
    <ele>990.0</ele>
   </trkpt>
   <trkpt lat="-26.2238780" lon="-51.1589530">
    <ele>990.0</ele>
   </trkpt>
   <trkpt lat="-26.2238410" lon="-51.1589040">
    <ele>989.9</ele>
   </trkpt>
   <trkpt lat="-26.2238100" lon="-51.1588550">
    <ele>989.9</ele>
   </trkpt>
   <trkpt lat="-26.2237810" lon="-51.1587990">
    <ele>989.8</ele>
   </trkpt>
   <trkpt lat="-26.2237510" lon="-51.1587510">
    <ele>989.7</ele>
   </trkpt>
   <trkpt lat="-26.2237200" lon="-51.1587050">
    <ele>989.7</ele>
   </trkpt>
   <trkpt lat="-26.2236890" lon="-51.1586560">
    <ele>989.6</ele>
   </trkpt>
   <trkpt lat="-26.2236540" lon="-51.1586060">
    <ele>989.6</ele>
   </trkpt>
   <trkpt lat="-26.2236210" lon="-51.1585650">
    <ele>989.5</ele>
   </trkpt>
   <trkpt lat="-26.2235890" lon="-51.1585210">
    <ele>989.5</ele>
   </trkpt>
   <trkpt lat="-26.2235620" lon="-51.1584740">
    <ele>989.4</ele>
   </trkpt>
   <trkpt lat="-26.2235300" lon="-51.1584290">
    <ele>989.2</ele>
   </trkpt>
   <trkpt lat="-26.2234900" lon="-51.1583870">
    <ele>989.0</ele>
   </trkpt>
   <trkpt lat="-26.2234430" lon="-51.1583370">
    <ele>988.7</ele>
   </trkpt>
   <trkpt lat="-26.2233890" lon="-51.1582940">
    <ele>988.5</ele>
   </trkpt>
   <trkpt lat="-26.2233490" lon="-51.1582480">
    <ele>988.3</ele>
   </trkpt>
   <trkpt lat="-26.2233060" lon="-51.1582020">
    <ele>988.2</ele>
   </trkpt>
   <trkpt lat="-26.2232620" lon="-51.1581510">
    <ele>988.1</ele>
   </trkpt>
   <trkpt lat="-26.2232230" lon="-51.1581040">
    <ele>988.1</ele>
   </trkpt>
   <trkpt lat="-26.2231790" lon="-51.1580620">
    <ele>988.2</ele>
   </trkpt>
   <trkpt lat="-26.2231370" lon="-51.1580270">
    <ele>988.2</ele>
   </trkpt>
   <trkpt lat="-26.2231020" lon="-51.1579920">
    <ele>988.2</ele>
   </trkpt>
   <trkpt lat="-26.2230600" lon="-51.1579660">
    <ele>988.1</ele>
   </trkpt>
   <trkpt lat="-26.2230120" lon="-51.1579300">
    <ele>987.9</ele>
   </trkpt>
   <trkpt lat="-26.2229610" lon="-51.1579150">
    <ele>987.6</ele>
   </trkpt>
   <trkpt lat="-26.2229060" lon="-51.1578930">
    <ele>987.2</ele>
   </trkpt>
   <trkpt lat="-26.2228510" lon="-51.1578600">
    <ele>986.7</ele>
   </trkpt>
   <trkpt lat="-26.2227930" lon="-51.1578430">
    <ele>986.1</ele>
   </trkpt>
   <trkpt lat="-26.2227310" lon="-51.1578230">
    <ele>985.4</ele>
   </trkpt>
   <trkpt lat="-26.2226680" lon="-51.1577930">
    <ele>984.7</ele>
   </trkpt>
   <trkpt lat="-26.2225900" lon="-51.1577770">
    <ele>984.0</ele>
   </trkpt>
   <trkpt lat="-26.2225100" lon="-51.1577470">
    <ele>983.3</ele>
   </trkpt>
   <trkpt lat="-26.2224420" lon="-51.1576990">
    <ele>982.6</ele>
   </trkpt>
   <trkpt lat="-26.2223890" lon="-51.1576250">
    <ele>981.9</ele>
   </trkpt>
   <trkpt lat="-26.2223620" lon="-51.1575470">
    <ele>981.2</ele>
   </trkpt>
   <trkpt lat="-26.2223430" lon="-51.1574640">
    <ele>980.4</ele>
   </trkpt>
   <trkpt lat="-26.2223100" lon="-51.1573870">
    <ele>979.5</ele>
   </trkpt>
   <trkpt lat="-26.2222610" lon="-51.1573120">
    <ele>978.4</ele>
   </trkpt>
   <trkpt lat="-26.2221990" lon="-51.1572410">
    <ele>977.2</ele>
   </trkpt>
   <trkpt lat="-26.2221330" lon="-51.1571690">
    <ele>975.8</ele>
   </trkpt>
   <trkpt lat="-26.2220560" lon="-51.1570950">
    <ele>974.4</ele>
   </trkpt>
   <trkpt lat="-26.2219690" lon="-51.1570270">
    <ele>973.0</ele>
   </trkpt>
   <trkpt lat="-26.2218770" lon="-51.1569640">
    <ele>971.9</ele>
   </trkpt>
   <trkpt lat="-26.2217910" lon="-51.1568850">
    <ele>970.8</ele>
   </trkpt>
   <trkpt lat="-26.2217030" lon="-51.1567940">
    <ele>969.8</ele>
   </trkpt>
   <trkpt lat="-26.2216290" lon="-51.1566800">
    <ele>968.9</ele>
   </trkpt>
   <trkpt lat="-26.2215610" lon="-51.1565500">
    <ele>967.9</ele>
   </trkpt>
   <trkpt lat="-26.2214950" lon="-51.1564510">
    <ele>966.6</ele>
   </trkpt>
   <trkpt lat="-26.2213990" lon="-51.1563950">
    <ele>964.8</ele>
   </trkpt>
   <trkpt lat="-26.2212860" lon="-51.1564000">
    <ele>962.8</ele>
   </trkpt>
   <trkpt lat="-26.2211630" lon="-51.1564190">
    <ele>960.6</ele>
   </trkpt>
   <trkpt lat="-26.2210530" lon="-51.1564510">
    <ele>958.8</ele>
   </trkpt>
   <trkpt lat="-26.2209410" lon="-51.1564990">
    <ele>957.1</ele>
   </trkpt>
   <trkpt lat="-26.2208300" lon="-51.1565500">
    <ele>955.3</ele>
   </trkpt>
   <trkpt lat="-26.2207240" lon="-51.1566100">
    <ele>953.8</ele>
   </trkpt>
   <trkpt lat="-26.2206270" lon="-51.1566660">
    <ele>952.7</ele>
   </trkpt>
   <trkpt lat="-26.2205390" lon="-51.1567430">
    <ele>951.6</ele>
   </trkpt>
   <trkpt lat="-26.2204750" lon="-51.1568310">
    <ele>950.5</ele>
   </trkpt>
   <trkpt lat="-26.2203930" lon="-51.1569000">
    <ele>949.3</ele>
   </trkpt>
   <trkpt lat="-26.2203180" lon="-51.1569530">
    <ele>948.2</ele>
   </trkpt>
   <trkpt lat="-26.2202420" lon="-51.1569640">
    <ele>947.2</ele>
   </trkpt>
   <trkpt lat="-26.2201530" lon="-51.1569340">
    <ele>946.2</ele>
   </trkpt>
   <trkpt lat="-26.2200730" lon="-51.1568640">
    <ele>945.3</ele>
   </trkpt>
   <trkpt lat="-26.2200230" lon="-51.1567950">
    <ele>944.8</ele>
   </trkpt>
   <trkpt lat="-26.2199650" lon="-51.1567350">
    <ele>944.4</ele>
   </trkpt>
   <trkpt lat="-26.2199170" lon="-51.1566740">
    <ele>944.1</ele>
   </trkpt>
   <trkpt lat="-26.2198780" lon="-51.1565980">
    <ele>943.9</ele>
   </trkpt>
   <trkpt lat="-26.2198630" lon="-51.1565180">
    <ele>943.8</ele>
   </trkpt>
   <trkpt lat="-26.2198700" lon="-51.1564410">
    <ele>943.6</ele>
   </trkpt>
   <trkpt lat="-26.2199010" lon="-51.1563670">
    <ele>943.3</ele>
   </trkpt>
   <trkpt lat="-26.2199360" lon="-51.1563070">
    <ele>942.9</ele>
   </trkpt>
   <trkpt lat="-26.2199750" lon="-51.1562520">
    <ele>942.7</ele>
   </trkpt>
   <trkpt lat="-26.2200060" lon="-51.1562010">
    <ele>943.2</ele>
   </trkpt>
   <trkpt lat="-26.2200400" lon="-51.1561510">
    <ele>944.2</ele>
   </trkpt>
   <trkpt lat="-26.2200770" lon="-51.1561030">
    <ele>945.0</ele>
   </trkpt>
   <trkpt lat="-26.2201010" lon="-51.1560680">
    <ele>945.4</ele>
   </trkpt>
   <trkpt lat="-26.2201320" lon="-51.1560220">
    <ele>945.6</ele>
   </trkpt>
   <trkpt lat="-26.2201630" lon="-51.1559730">
    <ele>945.7</ele>
   </trkpt>
   <trkpt lat="-26.2201970" lon="-51.1559290">
    <ele>945.8</ele>
   </trkpt>
   <trkpt lat="-26.2202330" lon="-51.1558910">
    <ele>945.8</ele>
   </trkpt>
   <trkpt lat="-26.2202770" lon="-51.1558520">
    <ele>945.7</ele>
   </trkpt>
   <trkpt lat="-26.2203070" lon="-51.1558090">
    <ele>945.7</ele>
   </trkpt>
   <trkpt lat="-26.2203310" lon="-51.1557650">
    <ele>945.5</ele>
   </trkpt>
   <trkpt lat="-26.2203580" lon="-51.1557210">
    <ele>945.3</ele>
   </trkpt>
   <trkpt lat="-26.2203820" lon="-51.1556900">
    <ele>945.1</ele>
   </trkpt>
   <trkpt lat="-26.2204100" lon="-51.1556380">
    <ele>944.7</ele>
   </trkpt>
   <trkpt lat="-26.2204380" lon="-51.1555910">
    <ele>944.3</ele>
   </trkpt>
   <trkpt lat="-26.2204680" lon="-51.1555430">
    <ele>943.8</ele>
   </trkpt>
   <trkpt lat="-26.2204900" lon="-51.1554840">
    <ele>943.1</ele>
   </trkpt>
   <trkpt lat="-26.2205130" lon="-51.1554330">
    <ele>942.5</ele>
   </trkpt>
   <trkpt lat="-26.2205160" lon="-51.1553750">
    <ele>941.9</ele>
   </trkpt>
   <trkpt lat="-26.2205200" lon="-51.1553140">
    <ele>941.3</ele>
   </trkpt>
   <trkpt lat="-26.2205130" lon="-51.1552670">
    <ele>940.9</ele>
   </trkpt>
   <trkpt lat="-26.2204920" lon="-51.1552220">
    <ele>940.4</ele>
   </trkpt>
   <trkpt lat="-26.2204510" lon="-51.1551980">
    <ele>939.9</ele>
   </trkpt>
   <trkpt lat="-26.2204000" lon="-51.1551980">
    <ele>939.4</ele>
   </trkpt>
   <trkpt lat="-26.2203450" lon="-51.1552350">
    <ele>939.1</ele>
   </trkpt>
   <trkpt lat="-26.2203020" lon="-51.1552820">
    <ele>938.8</ele>
   </trkpt>
   <trkpt lat="-26.2202600" lon="-51.1553270">
    <ele>938.5</ele>
   </trkpt>
   <trkpt lat="-26.2202160" lon="-51.1553720">
    <ele>938.2</ele>
   </trkpt>
   <trkpt lat="-26.2201740" lon="-51.1554150">
    <ele>938.0</ele>
   </trkpt>
   <trkpt lat="-26.2201320" lon="-51.1554580">
    <ele>937.7</ele>
   </trkpt>
   <trkpt lat="-26.2200850" lon="-51.1555080">
    <ele>937.4</ele>
   </trkpt>
   <trkpt lat="-26.2200350" lon="-51.1555540">
    <ele>937.2</ele>
   </trkpt>
   <trkpt lat="-26.2199860" lon="-51.1556030">
    <ele>936.9</ele>
   </trkpt>
   <trkpt lat="-26.2199330" lon="-51.1556490">
    <ele>936.6</ele>
   </trkpt>
   <trkpt lat="-26.2198820" lon="-51.1557020">
    <ele>936.2</ele>
   </trkpt>
   <trkpt lat="-26.2198310" lon="-51.1557490">
    <ele>935.7</ele>
   </trkpt>
   <trkpt lat="-26.2197790" lon="-51.1557960">
    <ele>935.1</ele>
   </trkpt>
   <trkpt lat="-26.2197260" lon="-51.1558430">
    <ele>934.4</ele>
   </trkpt>
   <trkpt lat="-26.2196780" lon="-51.1558940">
    <ele>933.6</ele>
   </trkpt>
   <trkpt lat="-26.2196220" lon="-51.1559470">
    <ele>932.8</ele>
   </trkpt>
   <trkpt lat="-26.2195640" lon="-51.1559990">
    <ele>931.9</ele>
   </trkpt>
   <trkpt lat="-26.2194920" lon="-51.1560630">
    <ele>930.7</ele>
   </trkpt>
   <trkpt lat="-26.2194290" lon="-51.1561240">
    <ele>929.5</ele>
   </trkpt>
   <trkpt lat="-26.2193560" lon="-51.1561940">
    <ele>928.5</ele>
   </trkpt>
   <trkpt lat="-26.2192770" lon="-51.1562650">
    <ele>927.6</ele>
   </trkpt>
   <trkpt lat="-26.2191920" lon="-51.1563380">
    <ele>926.8</ele>
   </trkpt>
   <trkpt lat="-26.2191080" lon="-51.1564130">
    <ele>926.3</ele>
   </trkpt>
   <trkpt lat="-26.2190340" lon="-51.1564900">
    <ele>925.9</ele>
   </trkpt>
   <trkpt lat="-26.2189570" lon="-51.1565500">
    <ele>925.5</ele>
   </trkpt>
   <trkpt lat="-26.2188830" lon="-51.1566170">
    <ele>925.0</ele>
   </trkpt>
   <trkpt lat="-26.2188130" lon="-51.1566960">
    <ele>924.4</ele>
   </trkpt>
   <trkpt lat="-26.2187600" lon="-51.1567820">
    <ele>923.9</ele>
   </trkpt>
   <trkpt lat="-26.2187170" lon="-51.1568810">
    <ele>923.3</ele>
   </trkpt>
   <trkpt lat="-26.2186860" lon="-51.1569810">
    <ele>922.9</ele>
   </trkpt>
   <trkpt lat="-26.2186560" lon="-51.1570810">
    <ele>922.5</ele>
   </trkpt>
   <trkpt lat="-26.2186310" lon="-51.1571840">
    <ele>922.2</ele>
   </trkpt>
   <trkpt lat="-26.2185960" lon="-51.1572800">
    <ele>921.7</ele>
   </trkpt>
   <trkpt lat="-26.2185650" lon="-51.1573810">
    <ele>920.9</ele>
   </trkpt>
   <trkpt lat="-26.2185340" lon="-51.1574760">
    <ele>920.1</ele>
   </trkpt>
   <trkpt lat="-26.2184990" lon="-51.1575690">
    <ele>919.2</ele>
   </trkpt>
   <trkpt lat="-26.2184710" lon="-51.1576780">
    <ele>918.2</ele>
   </trkpt>
   <trkpt lat="-26.2184410" lon="-51.1577800">
    <ele>917.5</ele>
   </trkpt>
   <trkpt lat="-26.2184110" lon="-51.1578830">
    <ele>916.9</ele>
   </trkpt>
   <trkpt lat="-26.2183810" lon="-51.1579860">
    <ele>916.5</ele>
   </trkpt>
   <trkpt lat="-26.2183500" lon="-51.1580840">
    <ele>916.2</ele>
   </trkpt>
   <trkpt lat="-26.2183170" lon="-51.1581850">
    <ele>915.8</ele>
   </trkpt>
   <trkpt lat="-26.2182820" lon="-51.1582800">
    <ele>915.3</ele>
   </trkpt>
   <trkpt lat="-26.2182480" lon="-51.1583830">
    <ele>914.8</ele>
   </trkpt>
   <trkpt lat="-26.2182110" lon="-51.1584780">
    <ele>914.5</ele>
   </trkpt>
   <trkpt lat="-26.2181710" lon="-51.1585690">
    <ele>914.2</ele>
   </trkpt>
   <trkpt lat="-26.2181400" lon="-51.1586600">
    <ele>913.9</ele>
   </trkpt>
   <trkpt lat="-26.2180990" lon="-51.1587480">
    <ele>913.6</ele>
   </trkpt>
   <trkpt lat="-26.2180500" lon="-51.1588240">
    <ele>913.3</ele>
   </trkpt>
   <trkpt lat="-26.2179780" lon="-51.1588850">
    <ele>912.9</ele>
   </trkpt>
   <trkpt lat="-26.2179010" lon="-51.1589250">
    <ele>912.3</ele>
   </trkpt>
   <trkpt lat="-26.2178180" lon="-51.1589620">
    <ele>911.4</ele>
   </trkpt>
   <trkpt lat="-26.2177410" lon="-51.1590150">
    <ele>910.4</ele>
   </trkpt>
   <trkpt lat="-26.2176720" lon="-51.1590800">
    <ele>909.3</ele>
   </trkpt>
   <trkpt lat="-26.2176040" lon="-51.1591530">
    <ele>908.1</ele>
   </trkpt>
   <trkpt lat="-26.2175210" lon="-51.1592310">
    <ele>906.9</ele>
   </trkpt>
   <trkpt lat="-26.2174410" lon="-51.1593070">
    <ele>905.9</ele>
   </trkpt>
   <trkpt lat="-26.2173610" lon="-51.1593840">
    <ele>905.0</ele>
   </trkpt>
   <trkpt lat="-26.2172850" lon="-51.1594660">
    <ele>903.9</ele>
   </trkpt>
   <trkpt lat="-26.2172040" lon="-51.1595450">
    <ele>903.0</ele>
   </trkpt>
   <trkpt lat="-26.2171190" lon="-51.1596220">
    <ele>902.3</ele>
   </trkpt>
   <trkpt lat="-26.2170330" lon="-51.1597070">
    <ele>901.5</ele>
   </trkpt>
   <trkpt lat="-26.2169440" lon="-51.1597880">
    <ele>901.2</ele>
   </trkpt>
   <trkpt lat="-26.2168580" lon="-51.1598650">
    <ele>901.5</ele>
   </trkpt>
   <trkpt lat="-26.2167810" lon="-51.1599330">
    <ele>902.1</ele>
   </trkpt>
   <trkpt lat="-26.2167100" lon="-51.1600040">
    <ele>902.8</ele>
   </trkpt>
   <trkpt lat="-26.2166520" lon="-51.1600670">
    <ele>903.6</ele>
   </trkpt>
   <trkpt lat="-26.2166070" lon="-51.1601320">
    <ele>904.3</ele>
   </trkpt>
   <trkpt lat="-26.2165670" lon="-51.1601970">
    <ele>905.0</ele>
   </trkpt>
   <trkpt lat="-26.2165370" lon="-51.1602660">
    <ele>905.7</ele>
   </trkpt>
   <trkpt lat="-26.2165170" lon="-51.1603330">
    <ele>906.3</ele>
   </trkpt>
   <trkpt lat="-26.2165150" lon="-51.1603990">
    <ele>906.8</ele>
   </trkpt>
   <trkpt lat="-26.2165140" lon="-51.1604580">
    <ele>907.1</ele>
   </trkpt>
   <trkpt lat="-26.2165280" lon="-51.1605090">
    <ele>907.4</ele>
   </trkpt>
   <trkpt lat="-26.2165490" lon="-51.1605600">
    <ele>907.6</ele>
   </trkpt>
   <trkpt lat="-26.2165790" lon="-51.1606060">
    <ele>907.7</ele>
   </trkpt>
   <trkpt lat="-26.2166170" lon="-51.1606480">
    <ele>907.7</ele>
   </trkpt>
   <trkpt lat="-26.2166560" lon="-51.1606740">
    <ele>907.6</ele>
   </trkpt>
   <trkpt lat="-26.2166940" lon="-51.1607010">
    <ele>907.5</ele>
   </trkpt>
   <trkpt lat="-26.2167400" lon="-51.1607170">
    <ele>907.3</ele>
   </trkpt>
   <trkpt lat="-26.2167880" lon="-51.1607320">
    <ele>907.1</ele>
   </trkpt>
   <trkpt lat="-26.2168380" lon="-51.1607560">
    <ele>906.8</ele>
   </trkpt>
   <trkpt lat="-26.2168930" lon="-51.1607810">
    <ele>906.5</ele>
   </trkpt>
   <trkpt lat="-26.2169430" lon="-51.1608090">
    <ele>906.3</ele>
   </trkpt>
   <trkpt lat="-26.2169900" lon="-51.1608440">
    <ele>906.1</ele>
   </trkpt>
   <trkpt lat="-26.2170450" lon="-51.1608800">
    <ele>906.0</ele>
   </trkpt>
   <trkpt lat="-26.2170760" lon="-51.1609150">
    <ele>906.0</ele>
   </trkpt>
   <trkpt lat="-26.2171100" lon="-51.1609470">
    <ele>906.0</ele>
   </trkpt>
   <trkpt lat="-26.2171460" lon="-51.1609770">
    <ele>905.9</ele>
   </trkpt>
   <trkpt lat="-26.2171730" lon="-51.1610200">
    <ele>905.9</ele>
   </trkpt>
   <trkpt lat="-26.2172000" lon="-51.1610670">
    <ele>905.8</ele>
   </trkpt>
   <trkpt lat="-26.2172230" lon="-51.1611090">
    <ele>905.7</ele>
   </trkpt>
   <trkpt lat="-26.2172370" lon="-51.1611510">
    <ele>905.7</ele>
   </trkpt>
   <trkpt lat="-26.2172490" lon="-51.1611930">
    <ele>905.7</ele>
   </trkpt>
   <trkpt lat="-26.2172560" lon="-51.1612480">
    <ele>905.7</ele>
   </trkpt>
   <trkpt lat="-26.2172600" lon="-51.1612970">
    <ele>905.6</ele>
   </trkpt>
   <trkpt lat="-26.2172620" lon="-51.1613400">
    <ele>905.5</ele>
   </trkpt>
   <trkpt lat="-26.2172590" lon="-51.1613790">
    <ele>905.4</ele>
   </trkpt>
   <trkpt lat="-26.2172450" lon="-51.1614220">
    <ele>905.3</ele>
   </trkpt>
   <trkpt lat="-26.2172320" lon="-51.1614650">
    <ele>905.1</ele>
   </trkpt>
   <trkpt lat="-26.2172130" lon="-51.1615080">
    <ele>905.0</ele>
   </trkpt>
   <trkpt lat="-26.2171840" lon="-51.1615490">
    <ele>904.8</ele>
   </trkpt>
   <trkpt lat="-26.2171590" lon="-51.1615870">
    <ele>904.6</ele>
   </trkpt>
   <trkpt lat="-26.2171300" lon="-51.1616260">
    <ele>904.4</ele>
   </trkpt>
   <trkpt lat="-26.2170970" lon="-51.1616660">
    <ele>904.3</ele>
   </trkpt>
   <trkpt lat="-26.2170630" lon="-51.1617050">
    <ele>904.2</ele>
   </trkpt>
   <trkpt lat="-26.2170340" lon="-51.1617410">
    <ele>904.2</ele>
   </trkpt>
   <trkpt lat="-26.2169990" lon="-51.1617720">
    <ele>904.2</ele>
   </trkpt>
   <trkpt lat="-26.2169730" lon="-51.1618000">
    <ele>904.3</ele>
   </trkpt>
   <trkpt lat="-26.2169400" lon="-51.1618470">
    <ele>904.4</ele>
   </trkpt>
   <trkpt lat="-26.2169130" lon="-51.1618880">
    <ele>904.5</ele>
   </trkpt>
   <trkpt lat="-26.2168850" lon="-51.1619290">
    <ele>904.6</ele>
   </trkpt>
   <trkpt lat="-26.2168570" lon="-51.1619630">
    <ele>904.8</ele>
   </trkpt>
   <trkpt lat="-26.2168270" lon="-51.1619970">
    <ele>905.0</ele>
   </trkpt>
   <trkpt lat="-26.2167970" lon="-51.1620280">
    <ele>905.3</ele>
   </trkpt>
   <trkpt lat="-26.2167620" lon="-51.1620550">
    <ele>905.5</ele>
   </trkpt>
   <trkpt lat="-26.2167350" lon="-51.1620790">
    <ele>905.7</ele>
   </trkpt>
   <trkpt lat="-26.2167040" lon="-51.1621000">
    <ele>906.0</ele>
   </trkpt>
   <trkpt lat="-26.2166650" lon="-51.1621190">
    <ele>906.2</ele>
   </trkpt>
   <trkpt lat="-26.2166300" lon="-51.1621420">
    <ele>906.5</ele>
   </trkpt>
   <trkpt lat="-26.2166020" lon="-51.1621500">
    <ele>906.8</ele>
   </trkpt>
   <trkpt lat="-26.2165700" lon="-51.1621670">
    <ele>907.1</ele>
   </trkpt>
   <trkpt lat="-26.2165320" lon="-51.1621810">
    <ele>907.4</ele>
   </trkpt>
   <trkpt lat="-26.2165000" lon="-51.1621890">
    <ele>907.7</ele>
   </trkpt>
   <trkpt lat="-26.2164680" lon="-51.1622000">
    <ele>907.9</ele>
   </trkpt>
   <trkpt lat="-26.2164360" lon="-51.1622180">
    <ele>908.4</ele>
   </trkpt>
   <trkpt lat="-26.2164090" lon="-51.1622350">
    <ele>908.7</ele>
   </trkpt>
   <trkpt lat="-26.2163750" lon="-51.1622440">
    <ele>909.1</ele>
   </trkpt>
   <trkpt lat="-26.2163390" lon="-51.1622520">
    <ele>909.6</ele>
   </trkpt>
   <trkpt lat="-26.2163010" lon="-51.1622710">
    <ele>910.1</ele>
   </trkpt>
   <trkpt lat="-26.2162830" lon="-51.1622790">
    <ele>910.3</ele>
   </trkpt>
   <trkpt lat="-26.2162460" lon="-51.1622940">
    <ele>910.8</ele>
   </trkpt>
   <trkpt lat="-26.2162340" lon="-51.1622980">
    <ele>910.9</ele>
   </trkpt>
   <trkpt lat="-26.2162020" lon="-51.1622990">
    <ele>911.3</ele>
   </trkpt>
   <trkpt lat="-26.2161720" lon="-51.1623100">
    <ele>911.7</ele>
   </trkpt>
   <trkpt lat="-26.2161420" lon="-51.1623240">
    <ele>912.1</ele>
   </trkpt>
   <trkpt lat="-26.2161150" lon="-51.1623270">
    <ele>912.5</ele>
   </trkpt>
   <trkpt lat="-26.2160780" lon="-51.1623300">
    <ele>913.0</ele>
   </trkpt>
   <trkpt lat="-26.2160670" lon="-51.1623290">
    <ele>913.1</ele>
   </trkpt>
   <trkpt lat="-26.2160390" lon="-51.1623330">
    <ele>913.5</ele>
   </trkpt>
   <trkpt lat="-26.2160080" lon="-51.1623240">
    <ele>914.0</ele>
   </trkpt>
   <trkpt lat="-26.2159980" lon="-51.1623230">
    <ele>914.1</ele>
   </trkpt>
   <trkpt lat="-26.2159690" lon="-51.1623170">
    <ele>914.5</ele>
   </trkpt>
   <trkpt lat="-26.2159380" lon="-51.1623070">
    <ele>914.9</ele>
   </trkpt>
   <trkpt lat="-26.2159280" lon="-51.1623060">
    <ele>915.1</ele>
   </trkpt>
   <trkpt lat="-26.2159010" lon="-51.1622960">
    <ele>915.4</ele>
   </trkpt>
   <trkpt lat="-26.2158690" lon="-51.1622860">
    <ele>915.9</ele>
   </trkpt>
   <trkpt lat="-26.2158550" lon="-51.1622840">
    <ele>916.0</ele>
   </trkpt>
   <trkpt lat="-26.2158190" lon="-51.1622780">
    <ele>916.5</ele>
   </trkpt>
   <trkpt lat="-26.2158060" lon="-51.1622720">
    <ele>916.6</ele>
   </trkpt>
   <trkpt lat="-26.2157850" lon="-51.1622500">
    <ele>916.9</ele>
   </trkpt>
   <trkpt lat="-26.2157530" lon="-51.1622280">
    <ele>917.3</ele>
   </trkpt>
   <trkpt lat="-26.2157430" lon="-51.1622190">
    <ele>917.4</ele>
   </trkpt>
   <trkpt lat="-26.2157210" lon="-51.1621860">
    <ele>917.7</ele>
   </trkpt>
   <trkpt lat="-26.2157140" lon="-51.1621750">
    <ele>917.8</ele>
   </trkpt>
   <trkpt lat="-26.2156900" lon="-51.1621410">
    <ele>918.0</ele>
   </trkpt>
   <trkpt lat="-26.2156810" lon="-51.1621320">
    <ele>918.1</ele>
   </trkpt>
   <trkpt lat="-26.2156620" lon="-51.1620920">
    <ele>918.3</ele>
   </trkpt>
   <trkpt lat="-26.2156560" lon="-51.1620770">
    <ele>918.4</ele>
   </trkpt>
   <trkpt lat="-26.2156400" lon="-51.1620490">
    <ele>918.5</ele>
   </trkpt>
   <trkpt lat="-26.2156270" lon="-51.1620170">
    <ele>918.7</ele>
   </trkpt>
   <trkpt lat="-26.2156100" lon="-51.1619770">
    <ele>918.9</ele>
   </trkpt>
   <trkpt lat="-26.2156020" lon="-51.1619640">
    <ele>918.9</ele>
   </trkpt>
   <trkpt lat="-26.2155830" lon="-51.1619360">
    <ele>919.1</ele>
   </trkpt>
   <trkpt lat="-26.2155560" lon="-51.1619030">
    <ele>919.3</ele>
   </trkpt>
   <trkpt lat="-26.2155410" lon="-51.1618720">
    <ele>919.5</ele>
   </trkpt>
   <trkpt lat="-26.2155260" lon="-51.1618340">
    <ele>919.7</ele>
   </trkpt>
   <trkpt lat="-26.2155050" lon="-51.1617950">
    <ele>920.0</ele>
   </trkpt>
   <trkpt lat="-26.2154810" lon="-51.1617750">
    <ele>920.2</ele>
   </trkpt>
   <trkpt lat="-26.2154620" lon="-51.1617450">
    <ele>920.5</ele>
   </trkpt>
   <trkpt lat="-26.2154460" lon="-51.1617090">
    <ele>920.8</ele>
   </trkpt>
   <trkpt lat="-26.2154250" lon="-51.1616760">
    <ele>921.2</ele>
   </trkpt>
   <trkpt lat="-26.2154080" lon="-51.1616480">
    <ele>921.6</ele>
   </trkpt>
   <trkpt lat="-26.2153900" lon="-51.1616140">
    <ele>922.0</ele>
   </trkpt>
   <trkpt lat="-26.2153770" lon="-51.1615720">
    <ele>922.6</ele>
   </trkpt>
   <trkpt lat="-26.2153720" lon="-51.1615560">
    <ele>922.8</ele>
   </trkpt>
   <trkpt lat="-26.2153570" lon="-51.1615270">
    <ele>923.2</ele>
   </trkpt>
   <trkpt lat="-26.2153510" lon="-51.1614910">
    <ele>923.7</ele>
   </trkpt>
   <trkpt lat="-26.2153340" lon="-51.1614560">
    <ele>924.2</ele>
   </trkpt>
   <trkpt lat="-26.2153250" lon="-51.1614440">
    <ele>924.5</ele>
   </trkpt>
   <trkpt lat="-26.2153070" lon="-51.1614170">
    <ele>924.9</ele>
   </trkpt>
   <trkpt lat="-26.2152980" lon="-51.1613720">
    <ele>925.5</ele>
   </trkpt>
   <trkpt lat="-26.2152940" lon="-51.1613570">
    <ele>925.8</ele>
   </trkpt>
   <trkpt lat="-26.2152760" lon="-51.1613220">
    <ele>926.3</ele>
   </trkpt>
   <trkpt lat="-26.2152690" lon="-51.1613100">
    <ele>926.5</ele>
   </trkpt>
   <trkpt lat="-26.2152530" lon="-51.1612850">
    <ele>926.9</ele>
   </trkpt>
   <trkpt lat="-26.2152290" lon="-51.1612510">
    <ele>927.5</ele>
   </trkpt>
   <trkpt lat="-26.2152160" lon="-51.1612400">
    <ele>927.7</ele>
   </trkpt>
   <trkpt lat="-26.2151990" lon="-51.1612150">
    <ele>928.1</ele>
   </trkpt>
   <trkpt lat="-26.2151640" lon="-51.1611910">
    <ele>928.7</ele>
   </trkpt>
   <trkpt lat="-26.2151490" lon="-51.1611790">
    <ele>929.0</ele>
   </trkpt>
   <trkpt lat="-26.2151240" lon="-51.1611660">
    <ele>929.3</ele>
   </trkpt>
   <trkpt lat="-26.2150960" lon="-51.1611560">
    <ele>929.7</ele>
   </trkpt>
   <trkpt lat="-26.2150660" lon="-51.1611430">
    <ele>930.1</ele>
   </trkpt>
   <trkpt lat="-26.2150400" lon="-51.1611330">
    <ele>930.4</ele>
   </trkpt>
   <trkpt lat="-26.2150100" lon="-51.1611220">
    <ele>930.8</ele>
   </trkpt>
   <trkpt lat="-26.2149850" lon="-51.1611070">
    <ele>931.1</ele>
   </trkpt>
   <trkpt lat="-26.2149540" lon="-51.1610970">
    <ele>931.4</ele>
   </trkpt>
   <trkpt lat="-26.2149200" lon="-51.1610870">
    <ele>931.8</ele>
   </trkpt>
   <trkpt lat="-26.2149080" lon="-51.1610810">
    <ele>931.9</ele>
   </trkpt>
   <trkpt lat="-26.2148820" lon="-51.1610700">
    <ele>932.2</ele>
   </trkpt>
   <trkpt lat="-26.2148460" lon="-51.1610540">
    <ele>932.6</ele>
   </trkpt>
   <trkpt lat="-26.2148330" lon="-51.1610510">
    <ele>932.8</ele>
   </trkpt>
   <trkpt lat="-26.2147990" lon="-51.1610310">
    <ele>933.2</ele>
   </trkpt>
   <trkpt lat="-26.2147880" lon="-51.1610230">
    <ele>933.3</ele>
   </trkpt>
   <trkpt lat="-26.2147540" lon="-51.1610040">
    <ele>933.8</ele>
   </trkpt>
   <trkpt lat="-26.2147430" lon="-51.1609980">
    <ele>933.9</ele>
   </trkpt>
   <trkpt lat="-26.2147150" lon="-51.1609800">
    <ele>934.3</ele>
   </trkpt>
   <trkpt lat="-26.2146870" lon="-51.1609620">
    <ele>934.6</ele>
   </trkpt>
   <trkpt lat="-26.2146780" lon="-51.1609550">
    <ele>934.7</ele>
   </trkpt>
   <trkpt lat="-26.2146480" lon="-51.1609360">
    <ele>935.1</ele>
   </trkpt>
   <trkpt lat="-26.2146370" lon="-51.1609300">
    <ele>935.2</ele>
   </trkpt>
   <trkpt lat="-26.2146020" lon="-51.1609100">
    <ele>935.7</ele>
   </trkpt>
   <trkpt lat="-26.2145910" lon="-51.1609060">
    <ele>935.8</ele>
   </trkpt>
   <trkpt lat="-26.2145620" lon="-51.1608850">
    <ele>936.2</ele>
   </trkpt>
   <trkpt lat="-26.2145530" lon="-51.1608810">
    <ele>936.3</ele>
   </trkpt>
   <trkpt lat="-26.2145210" lon="-51.1608630">
    <ele>936.6</ele>
   </trkpt>
   <trkpt lat="-26.2145110" lon="-51.1608580">
    <ele>936.8</ele>
   </trkpt>
   <trkpt lat="-26.2144770" lon="-51.1608460">
    <ele>937.1</ele>
   </trkpt>
   <trkpt lat="-26.2144640" lon="-51.1608420">
    <ele>937.2</ele>
   </trkpt>
   <trkpt lat="-26.2144310" lon="-51.1608290">
    <ele>937.5</ele>
   </trkpt>
   <trkpt lat="-26.2144190" lon="-51.1608270">
    <ele>937.6</ele>
   </trkpt>
   <trkpt lat="-26.2143810" lon="-51.1608300">
    <ele>937.8</ele>
   </trkpt>
   <trkpt lat="-26.2143670" lon="-51.1608330">
    <ele>937.9</ele>
   </trkpt>
   <trkpt lat="-26.2143380" lon="-51.1608340">
    <ele>938.0</ele>
   </trkpt>
   <trkpt lat="-26.2143090" lon="-51.1608360">
    <ele>938.1</ele>
   </trkpt>
   <trkpt lat="-26.2142770" lon="-51.1608440">
    <ele>938.2</ele>
   </trkpt>
   <trkpt lat="-26.2142460" lon="-51.1608580">
    <ele>938.2</ele>
   </trkpt>
   <trkpt lat="-26.2142210" lon="-51.1608770">
    <ele>938.3</ele>
   </trkpt>
   <trkpt lat="-26.2141940" lon="-51.1608960">
    <ele>938.3</ele>
   </trkpt>
   <trkpt lat="-26.2141570" lon="-51.1609200">
    <ele>938.2</ele>
   </trkpt>
   <trkpt lat="-26.2141420" lon="-51.1609300">
    <ele>938.2</ele>
   </trkpt>
   <trkpt lat="-26.2141170" lon="-51.1609530">
    <ele>938.2</ele>
   </trkpt>
   <trkpt lat="-26.2140890" lon="-51.1609810">
    <ele>938.1</ele>
   </trkpt>
   <trkpt lat="-26.2140590" lon="-51.1610050">
    <ele>938.0</ele>
   </trkpt>
   <trkpt lat="-26.2140300" lon="-51.1610360">
    <ele>937.8</ele>
   </trkpt>
   <trkpt lat="-26.2140010" lon="-51.1610680">
    <ele>937.6</ele>
   </trkpt>
   <trkpt lat="-26.2139720" lon="-51.1610990">
    <ele>937.5</ele>
   </trkpt>
   <trkpt lat="-26.2139330" lon="-51.1611360">
    <ele>937.3</ele>
   </trkpt>
   <trkpt lat="-26.2138990" lon="-51.1611740">
    <ele>937.1</ele>
   </trkpt>
   <trkpt lat="-26.2138630" lon="-51.1612120">
    <ele>937.0</ele>
   </trkpt>
   <trkpt lat="-26.2138250" lon="-51.1612500">
    <ele>936.9</ele>
   </trkpt>
   <trkpt lat="-26.2137870" lon="-51.1612850">
    <ele>936.9</ele>
   </trkpt>
   <trkpt lat="-26.2137560" lon="-51.1613240">
    <ele>937.0</ele>
   </trkpt>
   <trkpt lat="-26.2137230" lon="-51.1613630">
    <ele>937.1</ele>
   </trkpt>
   <trkpt lat="-26.2136920" lon="-51.1614060">
    <ele>937.2</ele>
   </trkpt>
   <trkpt lat="-26.2136660" lon="-51.1614490">
    <ele>937.4</ele>
   </trkpt>
   <trkpt lat="-26.2136460" lon="-51.1614930">
    <ele>937.6</ele>
   </trkpt>
   <trkpt lat="-26.2136240" lon="-51.1615380">
    <ele>937.8</ele>
   </trkpt>
   <trkpt lat="-26.2136060" lon="-51.1615810">
    <ele>938.0</ele>
   </trkpt>
   <trkpt lat="-26.2135920" lon="-51.1616280">
    <ele>938.1</ele>
   </trkpt>
   <trkpt lat="-26.2135770" lon="-51.1616760">
    <ele>938.3</ele>
   </trkpt>
   <trkpt lat="-26.2135570" lon="-51.1617190">
    <ele>938.5</ele>
   </trkpt>
   <trkpt lat="-26.2135400" lon="-51.1617650">
    <ele>938.6</ele>
   </trkpt>
   <trkpt lat="-26.2135230" lon="-51.1618140">
    <ele>938.7</ele>
   </trkpt>
   <trkpt lat="-26.2135070" lon="-51.1618600">
    <ele>938.7</ele>
   </trkpt>
   <trkpt lat="-26.2134910" lon="-51.1619100">
    <ele>938.7</ele>
   </trkpt>
   <trkpt lat="-26.2134750" lon="-51.1619590">
    <ele>938.7</ele>
   </trkpt>
   <trkpt lat="-26.2134590" lon="-51.1620090">
    <ele>938.7</ele>
   </trkpt>
   <trkpt lat="-26.2134320" lon="-51.1620670">
    <ele>938.7</ele>
   </trkpt>
   <trkpt lat="-26.2134050" lon="-51.1621140">
    <ele>938.7</ele>
   </trkpt>
   <trkpt lat="-26.2133690" lon="-51.1621590">
    <ele>938.7</ele>
   </trkpt>
   <trkpt lat="-26.2133320" lon="-51.1622010">
    <ele>938.8</ele>
   </trkpt>
   <trkpt lat="-26.2132890" lon="-51.1622390">
    <ele>939.0</ele>
   </trkpt>
   <trkpt lat="-26.2132410" lon="-51.1622630">
    <ele>939.3</ele>
   </trkpt>
   <trkpt lat="-26.2131920" lon="-51.1622790">
    <ele>939.7</ele>
   </trkpt>
   <trkpt lat="-26.2131490" lon="-51.1622900">
    <ele>940.1</ele>
   </trkpt>
   <trkpt lat="-26.2131000" lon="-51.1622960">
    <ele>940.6</ele>
   </trkpt>
   <trkpt lat="-26.2130580" lon="-51.1622950">
    <ele>941.1</ele>
   </trkpt>
   <trkpt lat="-26.2130180" lon="-51.1622900">
    <ele>941.7</ele>
   </trkpt>
   <trkpt lat="-26.2129800" lon="-51.1622790">
    <ele>942.2</ele>
   </trkpt>
   <trkpt lat="-26.2129480" lon="-51.1622620">
    <ele>942.7</ele>
   </trkpt>
   <trkpt lat="-26.2129140" lon="-51.1622480">
    <ele>943.1</ele>
   </trkpt>
   <trkpt lat="-26.2128860" lon="-51.1622290">
    <ele>943.5</ele>
   </trkpt>
   <trkpt lat="-26.2128440" lon="-51.1622090">
    <ele>944.1</ele>
   </trkpt>
   <trkpt lat="-26.2128130" lon="-51.1621890">
    <ele>944.6</ele>
   </trkpt>
   <trkpt lat="-26.2127800" lon="-51.1621680">
    <ele>945.0</ele>
   </trkpt>
   <trkpt lat="-26.2127420" lon="-51.1621530">
    <ele>945.4</ele>
   </trkpt>
   <trkpt lat="-26.2127120" lon="-51.1621500">
    <ele>945.7</ele>
   </trkpt>
   <trkpt lat="-26.2126780" lon="-51.1621460">
    <ele>946.0</ele>
   </trkpt>
   <trkpt lat="-26.2126460" lon="-51.1621410">
    <ele>946.2</ele>
   </trkpt>
   <trkpt lat="-26.2126060" lon="-51.1621480">
    <ele>946.3</ele>
   </trkpt>
   <trkpt lat="-26.2125710" lon="-51.1621620">
    <ele>946.3</ele>
   </trkpt>
   <trkpt lat="-26.2125390" lon="-51.1621800">
    <ele>946.2</ele>
   </trkpt>
   <trkpt lat="-26.2125070" lon="-51.1622000">
    <ele>946.0</ele>
   </trkpt>
   <trkpt lat="-26.2124720" lon="-51.1622310">
    <ele>945.6</ele>
   </trkpt>
   <trkpt lat="-26.2124330" lon="-51.1622620">
    <ele>945.0</ele>
   </trkpt>
   <trkpt lat="-26.2123830" lon="-51.1622980">
    <ele>944.2</ele>
   </trkpt>
   <trkpt lat="-26.2123450" lon="-51.1623400">
    <ele>943.4</ele>
   </trkpt>
   <trkpt lat="-26.2122870" lon="-51.1623810">
    <ele>942.5</ele>
   </trkpt>
   <trkpt lat="-26.2122330" lon="-51.1624270">
    <ele>941.7</ele>
   </trkpt>
   <trkpt lat="-26.2121780" lon="-51.1624670">
    <ele>941.0</ele>
   </trkpt>
   <trkpt lat="-26.2121220" lon="-51.1625110">
    <ele>940.7</ele>
   </trkpt>
   <trkpt lat="-26.2120690" lon="-51.1625580">
    <ele>940.5</ele>
   </trkpt>
   <trkpt lat="-26.2120220" lon="-51.1626070">
    <ele>940.4</ele>
   </trkpt>
   <trkpt lat="-26.2119910" lon="-51.1626600">
    <ele>940.4</ele>
   </trkpt>
   <trkpt lat="-26.2119530" lon="-51.1627080">
    <ele>940.5</ele>
   </trkpt>
   <trkpt lat="-26.2119140" lon="-51.1627450">
    <ele>940.5</ele>
   </trkpt>
   <trkpt lat="-26.2118760" lon="-51.1627930">
    <ele>940.6</ele>
   </trkpt>
   <trkpt lat="-26.2118360" lon="-51.1628360">
    <ele>940.7</ele>
   </trkpt>
   <trkpt lat="-26.2117850" lon="-51.1628740">
    <ele>940.8</ele>
   </trkpt>
   <trkpt lat="-26.2117470" lon="-51.1628960">
    <ele>940.9</ele>
   </trkpt>
   <trkpt lat="-26.2117000" lon="-51.1629080">
    <ele>941.2</ele>
   </trkpt>
   <trkpt lat="-26.2116490" lon="-51.1629050">
    <ele>941.5</ele>
   </trkpt>
   <trkpt lat="-26.2116070" lon="-51.1628970">
    <ele>941.8</ele>
   </trkpt>
   <trkpt lat="-26.2115700" lon="-51.1628960">
    <ele>942.0</ele>
   </trkpt>
   <trkpt lat="-26.2115340" lon="-51.1628890">
    <ele>942.3</ele>
   </trkpt>
   <trkpt lat="-26.2115000" lon="-51.1628890">
    <ele>942.6</ele>
   </trkpt>
   <trkpt lat="-26.2114660" lon="-51.1628900">
    <ele>942.9</ele>
   </trkpt>
   <trkpt lat="-26.2114360" lon="-51.1628890">
    <ele>943.1</ele>
   </trkpt>
   <trkpt lat="-26.2113990" lon="-51.1628910">
    <ele>943.4</ele>
   </trkpt>
   <trkpt lat="-26.2113660" lon="-51.1628950">
    <ele>943.6</ele>
   </trkpt>
   <trkpt lat="-26.2113290" lon="-51.1628930">
    <ele>943.9</ele>
   </trkpt>
   <trkpt lat="-26.2112880" lon="-51.1628830">
    <ele>944.2</ele>
   </trkpt>
   <trkpt lat="-26.2112440" lon="-51.1628750">
    <ele>944.6</ele>
   </trkpt>
   <trkpt lat="-26.2112080" lon="-51.1628700">
    <ele>944.8</ele>
   </trkpt>
   <trkpt lat="-26.2111660" lon="-51.1628650">
    <ele>945.2</ele>
   </trkpt>
   <trkpt lat="-26.2111260" lon="-51.1628510">
    <ele>945.5</ele>
   </trkpt>
   <trkpt lat="-26.2110950" lon="-51.1628460">
    <ele>945.8</ele>
   </trkpt>
   <trkpt lat="-26.2110610" lon="-51.1628320">
    <ele>946.2</ele>
   </trkpt>
   <trkpt lat="-26.2110230" lon="-51.1628180">
    <ele>946.5</ele>
   </trkpt>
   <trkpt lat="-26.2109860" lon="-51.1628070">
    <ele>946.9</ele>
   </trkpt>
   <trkpt lat="-26.2109490" lon="-51.1627870">
    <ele>947.3</ele>
   </trkpt>
   <trkpt lat="-26.2109180" lon="-51.1627630">
    <ele>947.6</ele>
   </trkpt>
   <trkpt lat="-26.2108830" lon="-51.1627460">
    <ele>947.9</ele>
   </trkpt>
   <trkpt lat="-26.2108470" lon="-51.1627270">
    <ele>948.2</ele>
   </trkpt>
   <trkpt lat="-26.2108150" lon="-51.1627080">
    <ele>948.4</ele>
   </trkpt>
   <trkpt lat="-26.2107860" lon="-51.1626840">
    <ele>948.5</ele>
   </trkpt>
   <trkpt lat="-26.2107570" lon="-51.1626560">
    <ele>948.6</ele>
   </trkpt>
   <trkpt lat="-26.2107300" lon="-51.1626360">
    <ele>948.6</ele>
   </trkpt>
   <trkpt lat="-26.2107010" lon="-51.1626000">
    <ele>948.6</ele>
   </trkpt>
   <trkpt lat="-26.2106730" lon="-51.1625650">
    <ele>948.5</ele>
   </trkpt>
   <trkpt lat="-26.2106430" lon="-51.1625330">
    <ele>948.4</ele>
   </trkpt>
   <trkpt lat="-26.2106140" lon="-51.1624870">
    <ele>948.1</ele>
   </trkpt>
   <trkpt lat="-26.2105840" lon="-51.1624350">
    <ele>947.6</ele>
   </trkpt>
   <trkpt lat="-26.2105620" lon="-51.1623690">
    <ele>947.0</ele>
   </trkpt>
   <trkpt lat="-26.2105380" lon="-51.1622990">
    <ele>946.3</ele>
   </trkpt>
   <trkpt lat="-26.2105160" lon="-51.1622230">
    <ele>945.6</ele>
   </trkpt>
   <trkpt lat="-26.2104950" lon="-51.1621470">
    <ele>944.9</ele>
   </trkpt>
   <trkpt lat="-26.2104690" lon="-51.1620670">
    <ele>944.1</ele>
   </trkpt>
   <trkpt lat="-26.2104430" lon="-51.1619820">
    <ele>943.1</ele>
   </trkpt>
   <trkpt lat="-26.2104180" lon="-51.1618890">
    <ele>942.2</ele>
   </trkpt>
   <trkpt lat="-26.2103940" lon="-51.1617970">
    <ele>941.4</ele>
   </trkpt>
   <trkpt lat="-26.2103760" lon="-51.1617060">
    <ele>940.8</ele>
   </trkpt>
   <trkpt lat="-26.2103580" lon="-51.1615990">
    <ele>940.3</ele>
   </trkpt>
   <trkpt lat="-26.2103650" lon="-51.1614960">
    <ele>940.0</ele>
   </trkpt>
   <trkpt lat="-26.2103890" lon="-51.1614010">
    <ele>939.9</ele>
   </trkpt>
   <trkpt lat="-26.2104190" lon="-51.1613170">
    <ele>940.0</ele>
   </trkpt>
   <trkpt lat="-26.2104490" lon="-51.1612470">
    <ele>940.1</ele>
   </trkpt>
   <trkpt lat="-26.2104730" lon="-51.1611660">
    <ele>940.3</ele>
   </trkpt>
   <trkpt lat="-26.2104920" lon="-51.1610890">
    <ele>940.4</ele>
   </trkpt>
   <trkpt lat="-26.2105110" lon="-51.1610140">
    <ele>940.6</ele>
   </trkpt>
   <trkpt lat="-26.2105280" lon="-51.1609420">
    <ele>940.9</ele>
   </trkpt>
   <trkpt lat="-26.2105380" lon="-51.1608680">
    <ele>941.3</ele>
   </trkpt>
   <trkpt lat="-26.2105440" lon="-51.1607970">
    <ele>941.9</ele>
   </trkpt>
   <trkpt lat="-26.2105400" lon="-51.1607310">
    <ele>942.5</ele>
   </trkpt>
   <trkpt lat="-26.2105290" lon="-51.1606720">
    <ele>943.1</ele>
   </trkpt>
   <trkpt lat="-26.2105120" lon="-51.1606220">
    <ele>943.7</ele>
   </trkpt>
   <trkpt lat="-26.2104930" lon="-51.1605700">
    <ele>944.3</ele>
   </trkpt>
   <trkpt lat="-26.2104720" lon="-51.1605180">
    <ele>944.9</ele>
   </trkpt>
   <trkpt lat="-26.2104530" lon="-51.1604740">
    <ele>945.3</ele>
   </trkpt>
   <trkpt lat="-26.2104290" lon="-51.1604260">
    <ele>945.7</ele>
   </trkpt>
   <trkpt lat="-26.2104060" lon="-51.1603850">
    <ele>945.9</ele>
   </trkpt>
   <trkpt lat="-26.2103800" lon="-51.1603380">
    <ele>946.2</ele>
   </trkpt>
   <trkpt lat="-26.2103570" lon="-51.1602930">
    <ele>946.3</ele>
   </trkpt>
   <trkpt lat="-26.2103350" lon="-51.1602400">
    <ele>946.4</ele>
   </trkpt>
   <trkpt lat="-26.2103130" lon="-51.1601910">
    <ele>946.4</ele>
   </trkpt>
   <trkpt lat="-26.2102900" lon="-51.1601480">
    <ele>946.5</ele>
   </trkpt>
   <trkpt lat="-26.2102680" lon="-51.1601020">
    <ele>946.5</ele>
   </trkpt>
   <trkpt lat="-26.2102490" lon="-51.1600530">
    <ele>946.5</ele>
   </trkpt>
   <trkpt lat="-26.2102330" lon="-51.1600080">
    <ele>946.5</ele>
   </trkpt>
   <trkpt lat="-26.2102180" lon="-51.1599580">
    <ele>946.5</ele>
   </trkpt>
   <trkpt lat="-26.2102020" lon="-51.1599150">
    <ele>946.5</ele>
   </trkpt>
   <trkpt lat="-26.2101870" lon="-51.1598720">
    <ele>946.4</ele>
   </trkpt>
   <trkpt lat="-26.2101680" lon="-51.1598280">
    <ele>946.4</ele>
   </trkpt>
   <trkpt lat="-26.2101540" lon="-51.1597800">
    <ele>946.4</ele>
   </trkpt>
   <trkpt lat="-26.2101400" lon="-51.1597320">
    <ele>946.3</ele>
   </trkpt>
   <trkpt lat="-26.2101250" lon="-51.1596750">
    <ele>946.2</ele>
   </trkpt>
   <trkpt lat="-26.2101090" lon="-51.1596270">
    <ele>946.0</ele>
   </trkpt>
   <trkpt lat="-26.2100910" lon="-51.1595730">
    <ele>945.7</ele>
   </trkpt>
   <trkpt lat="-26.2100750" lon="-51.1595190">
    <ele>945.3</ele>
   </trkpt>
   <trkpt lat="-26.2100540" lon="-51.1594560">
    <ele>944.8</ele>
   </trkpt>
   <trkpt lat="-26.2100280" lon="-51.1594000">
    <ele>944.1</ele>
   </trkpt>
   <trkpt lat="-26.2099970" lon="-51.1593300">
    <ele>943.3</ele>
   </trkpt>
   <trkpt lat="-26.2099550" lon="-51.1592600">
    <ele>942.3</ele>
   </trkpt>
   <trkpt lat="-26.2099010" lon="-51.1591890">
    <ele>941.2</ele>
   </trkpt>
   <trkpt lat="-26.2098420" lon="-51.1591210">
    <ele>940.2</ele>
   </trkpt>
   <trkpt lat="-26.2097840" lon="-51.1590530">
    <ele>939.3</ele>
   </trkpt>
   <trkpt lat="-26.2097200" lon="-51.1589750">
    <ele>938.3</ele>
   </trkpt>
   <trkpt lat="-26.2096520" lon="-51.1588940">
    <ele>937.1</ele>
   </trkpt>
   <trkpt lat="-26.2095770" lon="-51.1588120">
    <ele>936.1</ele>
   </trkpt>
   <trkpt lat="-26.2095080" lon="-51.1587260">
    <ele>935.4</ele>
   </trkpt>
   <trkpt lat="-26.2094450" lon="-51.1586310">
    <ele>934.9</ele>
   </trkpt>
   <trkpt lat="-26.2093960" lon="-51.1585400">
    <ele>934.7</ele>
   </trkpt>
   <trkpt lat="-26.2093570" lon="-51.1584380">
    <ele>934.7</ele>
   </trkpt>
   <trkpt lat="-26.2093260" lon="-51.1583400">
    <ele>934.6</ele>
   </trkpt>
   <trkpt lat="-26.2092940" lon="-51.1582430">
    <ele>934.5</ele>
   </trkpt>
   <trkpt lat="-26.2092620" lon="-51.1581490">
    <ele>934.3</ele>
   </trkpt>
   <trkpt lat="-26.2092310" lon="-51.1580600">
    <ele>933.7</ele>
   </trkpt>
   <trkpt lat="-26.2091930" lon="-51.1579690">
    <ele>932.7</ele>
   </trkpt>
   <trkpt lat="-26.2091550" lon="-51.1578790">
    <ele>931.7</ele>
   </trkpt>
   <trkpt lat="-26.2091130" lon="-51.1577850">
    <ele>930.7</ele>
   </trkpt>
   <trkpt lat="-26.2090810" lon="-51.1576910">
    <ele>929.9</ele>
   </trkpt>
   <trkpt lat="-26.2090400" lon="-51.1575980">
    <ele>929.1</ele>
   </trkpt>
   <trkpt lat="-26.2090040" lon="-51.1575030">
    <ele>928.4</ele>
   </trkpt>
   <trkpt lat="-26.2089640" lon="-51.1574000">
    <ele>927.6</ele>
   </trkpt>
   <trkpt lat="-26.2089210" lon="-51.1572990">
    <ele>926.9</ele>
   </trkpt>
   <trkpt lat="-26.2088750" lon="-51.1571870">
    <ele>926.3</ele>
   </trkpt>
   <trkpt lat="-26.2088190" lon="-51.1570880">
    <ele>925.8</ele>
   </trkpt>
   <trkpt lat="-26.2087540" lon="-51.1569950">
    <ele>925.0</ele>
   </trkpt>
   <trkpt lat="-26.2086720" lon="-51.1569100">
    <ele>924.2</ele>
   </trkpt>
   <trkpt lat="-26.2085770" lon="-51.1568440">
    <ele>923.2</ele>
   </trkpt>
   <trkpt lat="-26.2084790" lon="-51.1567840">
    <ele>921.8</ele>
   </trkpt>
   <trkpt lat="-26.2083880" lon="-51.1567260">
    <ele>920.3</ele>
   </trkpt>
   <trkpt lat="-26.2082960" lon="-51.1566550">
    <ele>918.8</ele>
   </trkpt>
   <trkpt lat="-26.2082040" lon="-51.1565830">
    <ele>917.4</ele>
   </trkpt>
   <trkpt lat="-26.2081140" lon="-51.1565050">
    <ele>916.2</ele>
   </trkpt>
   <trkpt lat="-26.2080410" lon="-51.1564070">
    <ele>915.4</ele>
   </trkpt>
   <trkpt lat="-26.2079800" lon="-51.1563070">
    <ele>914.6</ele>
   </trkpt>
   <trkpt lat="-26.2079220" lon="-51.1562140">
    <ele>913.7</ele>
   </trkpt>
   <trkpt lat="-26.2078570" lon="-51.1561360">
    <ele>912.6</ele>
   </trkpt>
   <trkpt lat="-26.2077740" lon="-51.1560680">
    <ele>911.2</ele>
   </trkpt>
   <trkpt lat="-26.2076790" lon="-51.1560090">
    <ele>909.4</ele>
   </trkpt>
   <trkpt lat="-26.2075710" lon="-51.1559680">
    <ele>907.7</ele>
   </trkpt>
   <trkpt lat="-26.2074610" lon="-51.1559190">
    <ele>906.4</ele>
   </trkpt>
   <trkpt lat="-26.2073640" lon="-51.1558550">
    <ele>905.7</ele>
   </trkpt>
   <trkpt lat="-26.2072740" lon="-51.1557800">
    <ele>905.1</ele>
   </trkpt>
   <trkpt lat="-26.2071940" lon="-51.1557040">
    <ele>904.7</ele>
   </trkpt>
   <trkpt lat="-26.2071080" lon="-51.1556390">
    <ele>904.4</ele>
   </trkpt>
   <trkpt lat="-26.2070270" lon="-51.1555820">
    <ele>904.3</ele>
   </trkpt>
   <trkpt lat="-26.2069390" lon="-51.1555280">
    <ele>904.4</ele>
   </trkpt>
   <trkpt lat="-26.2068610" lon="-51.1554670">
    <ele>904.6</ele>
   </trkpt>
   <trkpt lat="-26.2067850" lon="-51.1553980">
    <ele>904.8</ele>
   </trkpt>
   <trkpt lat="-26.2067140" lon="-51.1553280">
    <ele>905.1</ele>
   </trkpt>
   <trkpt lat="-26.2066410" lon="-51.1552640">
    <ele>905.5</ele>
   </trkpt>
   <trkpt lat="-26.2065710" lon="-51.1552170">
    <ele>905.9</ele>
   </trkpt>
   <trkpt lat="-26.2065040" lon="-51.1551770">
    <ele>906.3</ele>
   </trkpt>
   <trkpt lat="-26.2064220" lon="-51.1551410">
    <ele>907.0</ele>
   </trkpt>
   <trkpt lat="-26.2063510" lon="-51.1551070">
    <ele>907.7</ele>
   </trkpt>
   <trkpt lat="-26.2062850" lon="-51.1550690">
    <ele>908.3</ele>
   </trkpt>
   <trkpt lat="-26.2062230" lon="-51.1550320">
    <ele>908.6</ele>
   </trkpt>
   <trkpt lat="-26.2061700" lon="-51.1549940">
    <ele>908.7</ele>
   </trkpt>
   <trkpt lat="-26.2061170" lon="-51.1549580">
    <ele>908.6</ele>
   </trkpt>
   <trkpt lat="-26.2060620" lon="-51.1549170">
    <ele>908.2</ele>
   </trkpt>
   <trkpt lat="-26.2060070" lon="-51.1548670">
    <ele>907.7</ele>
   </trkpt>
   <trkpt lat="-26.2059450" lon="-51.1548200">
    <ele>906.9</ele>
   </trkpt>
   <trkpt lat="-26.2058790" lon="-51.1547760">
    <ele>906.0</ele>
   </trkpt>
   <trkpt lat="-26.2058050" lon="-51.1547330">
    <ele>904.9</ele>
   </trkpt>
   <trkpt lat="-26.2057210" lon="-51.1546910">
    <ele>904.0</ele>
   </trkpt>
   <trkpt lat="-26.2056320" lon="-51.1546500">
    <ele>903.2</ele>
   </trkpt>
   <trkpt lat="-26.2055400" lon="-51.1546100">
    <ele>902.6</ele>
   </trkpt>
   <trkpt lat="-26.2054470" lon="-51.1545740">
    <ele>902.2</ele>
   </trkpt>
   <trkpt lat="-26.2053510" lon="-51.1545420">
    <ele>901.9</ele>
   </trkpt>
   <trkpt lat="-26.2052540" lon="-51.1545340">
    <ele>901.8</ele>
   </trkpt>
   <trkpt lat="-26.2051560" lon="-51.1545590">
    <ele>901.7</ele>
   </trkpt>
   <trkpt lat="-26.2050680" lon="-51.1546090">
    <ele>901.4</ele>
   </trkpt>
   <trkpt lat="-26.2050050" lon="-51.1546920">
    <ele>901.0</ele>
   </trkpt>
   <trkpt lat="-26.2049440" lon="-51.1547740">
    <ele>900.6</ele>
   </trkpt>
   <trkpt lat="-26.2048760" lon="-51.1548510">
    <ele>900.1</ele>
   </trkpt>
   <trkpt lat="-26.2047890" lon="-51.1549160">
    <ele>899.3</ele>
   </trkpt>
   <trkpt lat="-26.2047090" lon="-51.1549730">
    <ele>898.4</ele>
   </trkpt>
   <trkpt lat="-26.2046070" lon="-51.1549690">
    <ele>897.1</ele>
   </trkpt>
   <trkpt lat="-26.2045220" lon="-51.1549150">
    <ele>895.7</ele>
   </trkpt>
   <trkpt lat="-26.2044660" lon="-51.1548130">
    <ele>893.7</ele>
   </trkpt>
   <trkpt lat="-26.2044390" lon="-51.1546870">
    <ele>891.6</ele>
   </trkpt>
   <trkpt lat="-26.2044280" lon="-51.1545630">
    <ele>889.8</ele>
   </trkpt>
   <trkpt lat="-26.2044110" lon="-51.1544420">
    <ele>888.1</ele>
   </trkpt>
   <trkpt lat="-26.2043660" lon="-51.1543160">
    <ele>886.3</ele>
   </trkpt>
   <trkpt lat="-26.2043020" lon="-51.1542150">
    <ele>884.7</ele>
   </trkpt>
   <trkpt lat="-26.2042280" lon="-51.1541140">
    <ele>882.7</ele>
   </trkpt>
   <trkpt lat="-26.2041530" lon="-51.1540190">
    <ele>880.8</ele>
   </trkpt>
   <trkpt lat="-26.2040820" lon="-51.1539170">
    <ele>879.0</ele>
   </trkpt>
   <trkpt lat="-26.2040100" lon="-51.1538130">
    <ele>877.3</ele>
   </trkpt>
   <trkpt lat="-26.2039290" lon="-51.1537070">
    <ele>875.7</ele>
   </trkpt>
   <trkpt lat="-26.2038480" lon="-51.1535970">
    <ele>874.3</ele>
   </trkpt>
   <trkpt lat="-26.2037700" lon="-51.1534870">
    <ele>873.3</ele>
   </trkpt>
   <trkpt lat="-26.2036930" lon="-51.1533860">
    <ele>872.7</ele>
   </trkpt>
   <trkpt lat="-26.2036040" lon="-51.1533040">
    <ele>872.1</ele>
   </trkpt>
   <trkpt lat="-26.2034960" lon="-51.1532650">
    <ele>871.5</ele>
   </trkpt>
   <trkpt lat="-26.2033760" lon="-51.1532660">
    <ele>871.0</ele>
   </trkpt>
   <trkpt lat="-26.2032620" lon="-51.1532850">
    <ele>870.5</ele>
   </trkpt>
   <trkpt lat="-26.2031550" lon="-51.1532840">
    <ele>869.7</ele>
   </trkpt>
   <trkpt lat="-26.2030550" lon="-51.1532370">
    <ele>868.6</ele>
   </trkpt>
   <trkpt lat="-26.2029530" lon="-51.1531560">
    <ele>866.9</ele>
   </trkpt>
   <trkpt lat="-26.2028590" lon="-51.1530850">
    <ele>865.1</ele>
   </trkpt>
   <trkpt lat="-26.2027510" lon="-51.1530220">
    <ele>862.8</ele>
   </trkpt>
   <trkpt lat="-26.2026410" lon="-51.1529770">
    <ele>860.8</ele>
   </trkpt>
   <trkpt lat="-26.2025420" lon="-51.1529370">
    <ele>858.7</ele>
   </trkpt>
   <trkpt lat="-26.2024440" lon="-51.1529060">
    <ele>856.5</ele>
   </trkpt>
   <trkpt lat="-26.2023580" lon="-51.1528710">
    <ele>854.6</ele>
   </trkpt>
   <trkpt lat="-26.2022910" lon="-51.1528240">
    <ele>853.1</ele>
   </trkpt>
   <trkpt lat="-26.2022390" lon="-51.1527470">
    <ele>851.4</ele>
   </trkpt>
   <trkpt lat="-26.2021760" lon="-51.1526760">
    <ele>849.6</ele>
   </trkpt>
   <trkpt lat="-26.2020870" lon="-51.1526400">
    <ele>847.7</ele>
   </trkpt>
   <trkpt lat="-26.2019840" lon="-51.1526410">
    <ele>845.9</ele>
   </trkpt>
   <trkpt lat="-26.2018750" lon="-51.1526720">
    <ele>844.2</ele>
   </trkpt>
   <trkpt lat="-26.2017470" lon="-51.1527230">
    <ele>842.3</ele>
   </trkpt>
   <trkpt lat="-26.2016480" lon="-51.1527760">
    <ele>840.9</ele>
   </trkpt>
   <trkpt lat="-26.2015610" lon="-51.1527820">
    <ele>839.8</ele>
   </trkpt>
   <trkpt lat="-26.2014640" lon="-51.1527730">
    <ele>838.7</ele>
   </trkpt>
   <trkpt lat="-26.2013850" lon="-51.1527020">
    <ele>837.5</ele>
   </trkpt>
   <trkpt lat="-26.2013460" lon="-51.1525960">
    <ele>836.2</ele>
   </trkpt>
   <trkpt lat="-26.2013510" lon="-51.1524830">
    <ele>834.9</ele>
   </trkpt>
   <trkpt lat="-26.2013820" lon="-51.1523790">
    <ele>833.6</ele>
   </trkpt>
   <trkpt lat="-26.2014190" lon="-51.1522750">
    <ele>832.3</ele>
   </trkpt>
   <trkpt lat="-26.2014600" lon="-51.1521640">
    <ele>831.1</ele>
   </trkpt>
   <trkpt lat="-26.2015010" lon="-51.1520600">
    <ele>829.9</ele>
   </trkpt>
   <trkpt lat="-26.2015460" lon="-51.1519530">
    <ele>828.8</ele>
   </trkpt>
   <trkpt lat="-26.2016060" lon="-51.1518350">
    <ele>827.7</ele>
   </trkpt>
   <trkpt lat="-26.2016410" lon="-51.1517310">
    <ele>826.4</ele>
   </trkpt>
   <trkpt lat="-26.2016590" lon="-51.1516210">
    <ele>824.9</ele>
   </trkpt>
   <trkpt lat="-26.2016130" lon="-51.1514960">
    <ele>822.9</ele>
   </trkpt>
   <trkpt lat="-26.2015350" lon="-51.1513840">
    <ele>820.9</ele>
   </trkpt>
   <trkpt lat="-26.2014890" lon="-51.1512620">
    <ele>819.5</ele>
   </trkpt>
   <trkpt lat="-26.2014290" lon="-51.1511390">
    <ele>818.4</ele>
   </trkpt>
   <trkpt lat="-26.2013750" lon="-51.1510120">
    <ele>817.1</ele>
   </trkpt>
   <trkpt lat="-26.2013100" lon="-51.1508760">
    <ele>815.3</ele>
   </trkpt>
   <trkpt lat="-26.2012740" lon="-51.1507500">
    <ele>813.8</ele>
   </trkpt>
   <trkpt lat="-26.2012560" lon="-51.1506150">
    <ele>812.2</ele>
   </trkpt>
   <trkpt lat="-26.2012500" lon="-51.1504630">
    <ele>810.2</ele>
   </trkpt>
   <trkpt lat="-26.2012650" lon="-51.1503240">
    <ele>807.9</ele>
   </trkpt>
   <trkpt lat="-26.2012850" lon="-51.1501840">
    <ele>805.4</ele>
   </trkpt>
   <trkpt lat="-26.2013050" lon="-51.1500300">
    <ele>803.2</ele>
   </trkpt>
   <trkpt lat="-26.2013170" lon="-51.1498820">
    <ele>801.6</ele>
   </trkpt>
   <trkpt lat="-26.2013380" lon="-51.1497370">
    <ele>800.5</ele>
   </trkpt>
   <trkpt lat="-26.2013750" lon="-51.1495940">
    <ele>799.5</ele>
   </trkpt>
   <trkpt lat="-26.2014360" lon="-51.1494590">
    <ele>798.1</ele>
   </trkpt>
   <trkpt lat="-26.2014870" lon="-51.1493310">
    <ele>796.6</ele>
   </trkpt>
   <trkpt lat="-26.2015180" lon="-51.1492060">
    <ele>795.1</ele>
   </trkpt>
   <trkpt lat="-26.2015280" lon="-51.1490880">
    <ele>793.9</ele>
   </trkpt>
   <trkpt lat="-26.2014940" lon="-51.1489610">
    <ele>793.0</ele>
   </trkpt>
   <trkpt lat="-26.2014210" lon="-51.1488200">
    <ele>792.1</ele>
   </trkpt>
   <trkpt lat="-26.2013290" lon="-51.1487240">
    <ele>791.3</ele>
   </trkpt>
   <trkpt lat="-26.2012270" lon="-51.1486720">
    <ele>790.4</ele>
   </trkpt>
   <trkpt lat="-26.2011330" lon="-51.1486640">
    <ele>789.5</ele>
   </trkpt>
   <trkpt lat="-26.2010250" lon="-51.1486960">
    <ele>788.3</ele>
   </trkpt>
   <trkpt lat="-26.2009080" lon="-51.1487210">
    <ele>787.3</ele>
   </trkpt>
   <trkpt lat="-26.2008050" lon="-51.1487540">
    <ele>786.4</ele>
   </trkpt>
   <trkpt lat="-26.2006990" lon="-51.1487690">
    <ele>785.5</ele>
   </trkpt>
   <trkpt lat="-26.2005890" lon="-51.1487970">
    <ele>784.6</ele>
   </trkpt>
   <trkpt lat="-26.2004800" lon="-51.1488320">
    <ele>783.3</ele>
   </trkpt>
   <trkpt lat="-26.2003730" lon="-51.1488820">
    <ele>781.8</ele>
   </trkpt>
   <trkpt lat="-26.2002680" lon="-51.1489520">
    <ele>780.4</ele>
   </trkpt>
   <trkpt lat="-26.2001630" lon="-51.1490230">
    <ele>779.1</ele>
   </trkpt>
   <trkpt lat="-26.2000470" lon="-51.1490690">
    <ele>777.9</ele>
   </trkpt>
   <trkpt lat="-26.1999200" lon="-51.1491210">
    <ele>776.9</ele>
   </trkpt>
   <trkpt lat="-26.1997950" lon="-51.1491380">
    <ele>776.0</ele>
   </trkpt>
   <trkpt lat="-26.1996690" lon="-51.1491160">
    <ele>774.9</ele>
   </trkpt>
   <trkpt lat="-26.1995430" lon="-51.1491000">
    <ele>773.3</ele>
   </trkpt>
   <trkpt lat="-26.1994340" lon="-51.1491420">
    <ele>771.7</ele>
   </trkpt>
   <trkpt lat="-26.1993300" lon="-51.1492160">
    <ele>769.7</ele>
   </trkpt>
   <trkpt lat="-26.1992470" lon="-51.1493340">
    <ele>767.4</ele>
   </trkpt>
   <trkpt lat="-26.1991780" lon="-51.1494570">
    <ele>765.2</ele>
   </trkpt>
   <trkpt lat="-26.1990840" lon="-51.1495570">
    <ele>763.0</ele>
   </trkpt>
   <trkpt lat="-26.1989600" lon="-51.1496100">
    <ele>761.0</ele>
   </trkpt>
   <trkpt lat="-26.1988200" lon="-51.1496260">
    <ele>759.0</ele>
   </trkpt>
   <trkpt lat="-26.1986800" lon="-51.1496150">
    <ele>757.4</ele>
   </trkpt>
   <trkpt lat="-26.1985500" lon="-51.1495770">
    <ele>756.3</ele>
   </trkpt>
   <trkpt lat="-26.1984300" lon="-51.1495290">
    <ele>755.4</ele>
   </trkpt>
   <trkpt lat="-26.1983170" lon="-51.1494590">
    <ele>754.9</ele>
   </trkpt>
   <trkpt lat="-26.1982160" lon="-51.1493860">
    <ele>754.8</ele>
   </trkpt>
   <trkpt lat="-26.1981250" lon="-51.1493110">
    <ele>754.7</ele>
   </trkpt>
   <trkpt lat="-26.1980310" lon="-51.1492400">
    <ele>754.7</ele>
   </trkpt>
   <trkpt lat="-26.1979380" lon="-51.1491810">
    <ele>754.9</ele>
   </trkpt>
   <trkpt lat="-26.1978540" lon="-51.1491150">
    <ele>755.0</ele>
   </trkpt>
   <trkpt lat="-26.1977800" lon="-51.1490520">
    <ele>755.0</ele>
   </trkpt>
   <trkpt lat="-26.1977050" lon="-51.1489860">
    <ele>755.1</ele>
   </trkpt>
   <trkpt lat="-26.1976330" lon="-51.1489230">
    <ele>755.1</ele>
   </trkpt>
   <trkpt lat="-26.1975650" lon="-51.1488660">
    <ele>755.0</ele>
   </trkpt>
   <trkpt lat="-26.1974960" lon="-51.1488120">
    <ele>754.8</ele>
   </trkpt>
   <trkpt lat="-26.1974340" lon="-51.1487580">
    <ele>754.8</ele>
   </trkpt>
   <trkpt lat="-26.1973730" lon="-51.1487030">
    <ele>754.7</ele>
   </trkpt>
   <trkpt lat="-26.1973160" lon="-51.1486570">
    <ele>754.7</ele>
   </trkpt>
   <trkpt lat="-26.1972560" lon="-51.1486070">
    <ele>754.6</ele>
   </trkpt>
   <trkpt lat="-26.1971970" lon="-51.1485560">
    <ele>754.5</ele>
   </trkpt>
   <trkpt lat="-26.1971350" lon="-51.1485090">
    <ele>754.4</ele>
   </trkpt>
   <trkpt lat="-26.1970750" lon="-51.1484640">
    <ele>754.5</ele>
   </trkpt>
   <trkpt lat="-26.1970170" lon="-51.1484240">
    <ele>754.6</ele>
   </trkpt>
   <trkpt lat="-26.1969540" lon="-51.1483830">
    <ele>754.8</ele>
   </trkpt>
   <trkpt lat="-26.1968880" lon="-51.1483380">
    <ele>755.0</ele>
   </trkpt>
   <trkpt lat="-26.1968210" lon="-51.1482960">
    <ele>755.3</ele>
   </trkpt>
   <trkpt lat="-26.1967570" lon="-51.1482650">
    <ele>755.5</ele>
   </trkpt>
   <trkpt lat="-26.1966890" lon="-51.1482390">
    <ele>755.8</ele>
   </trkpt>
   <trkpt lat="-26.1966240" lon="-51.1482230">
    <ele>756.1</ele>
   </trkpt>
   <trkpt lat="-26.1965620" lon="-51.1482140">
    <ele>756.5</ele>
   </trkpt>
   <trkpt lat="-26.1965040" lon="-51.1482130">
    <ele>757.0</ele>
   </trkpt>
   <trkpt lat="-26.1964480" lon="-51.1482120">
    <ele>757.5</ele>
   </trkpt>
   <trkpt lat="-26.1963940" lon="-51.1482190">
    <ele>757.9</ele>
   </trkpt>
   <trkpt lat="-26.1963440" lon="-51.1482310">
    <ele>758.2</ele>
   </trkpt>
   <trkpt lat="-26.1962890" lon="-51.1482400">
    <ele>758.5</ele>
   </trkpt>
   <trkpt lat="-26.1962400" lon="-51.1482430">
    <ele>758.7</ele>
   </trkpt>
   <trkpt lat="-26.1961870" lon="-51.1482520">
    <ele>759.0</ele>
   </trkpt>
   <trkpt lat="-26.1961310" lon="-51.1482600">
    <ele>759.2</ele>
   </trkpt>
   <trkpt lat="-26.1960850" lon="-51.1482700">
    <ele>759.4</ele>
   </trkpt>
   <trkpt lat="-26.1960370" lon="-51.1482730">
    <ele>759.7</ele>
   </trkpt>
   <trkpt lat="-26.1959930" lon="-51.1482780">
    <ele>759.9</ele>
   </trkpt>
   <trkpt lat="-26.1959390" lon="-51.1482810">
    <ele>760.1</ele>
   </trkpt>
   <trkpt lat="-26.1958900" lon="-51.1482860">
    <ele>760.3</ele>
   </trkpt>
   <trkpt lat="-26.1958420" lon="-51.1482830">
    <ele>760.4</ele>
   </trkpt>
   <trkpt lat="-26.1957990" lon="-51.1482830">
    <ele>760.6</ele>
   </trkpt>
   <trkpt lat="-26.1957530" lon="-51.1482870">
    <ele>760.8</ele>
   </trkpt>
   <trkpt lat="-26.1957070" lon="-51.1482890">
    <ele>761.0</ele>
   </trkpt>
   <trkpt lat="-26.1956620" lon="-51.1482840">
    <ele>761.2</ele>
   </trkpt>
   <trkpt lat="-26.1956190" lon="-51.1482830">
    <ele>761.4</ele>
   </trkpt>
   <trkpt lat="-26.1955800" lon="-51.1482810">
    <ele>761.6</ele>
   </trkpt>
   <trkpt lat="-26.1955390" lon="-51.1482800">
    <ele>761.8</ele>
   </trkpt>
   <trkpt lat="-26.1954950" lon="-51.1482680">
    <ele>761.9</ele>
   </trkpt>
   <trkpt lat="-26.1954720" lon="-51.1482620">
    <ele>761.9</ele>
   </trkpt>
   <trkpt lat="-26.1954380" lon="-51.1482570">
    <ele>761.9</ele>
   </trkpt>
   <trkpt lat="-26.1953930" lon="-51.1482640">
    <ele>762.0</ele>
   </trkpt>
   <trkpt lat="-26.1953460" lon="-51.1482710">
    <ele>761.9</ele>
   </trkpt>
   <trkpt lat="-26.1953050" lon="-51.1482620">
    <ele>761.8</ele>
   </trkpt>
   <trkpt lat="-26.1952640" lon="-51.1482610">
    <ele>761.8</ele>
   </trkpt>
   <trkpt lat="-26.1952290" lon="-51.1482540">
    <ele>761.7</ele>
   </trkpt>
   <trkpt lat="-26.1951890" lon="-51.1482500">
    <ele>761.6</ele>
   </trkpt>
   <trkpt lat="-26.1951470" lon="-51.1482480">
    <ele>761.5</ele>
   </trkpt>
   <trkpt lat="-26.1951030" lon="-51.1482490">
    <ele>761.4</ele>
   </trkpt>
   <trkpt lat="-26.1950590" lon="-51.1482500">
    <ele>761.2</ele>
   </trkpt>
   <trkpt lat="-26.1950200" lon="-51.1482480">
    <ele>761.0</ele>
   </trkpt>
   <trkpt lat="-26.1949770" lon="-51.1482510">
    <ele>760.8</ele>
   </trkpt>
   <trkpt lat="-26.1949320" lon="-51.1482520">
    <ele>760.4</ele>
   </trkpt>
   <trkpt lat="-26.1948830" lon="-51.1482510">
    <ele>760.0</ele>
   </trkpt>
   <trkpt lat="-26.1948330" lon="-51.1482500">
    <ele>759.4</ele>
   </trkpt>
   <trkpt lat="-26.1947810" lon="-51.1482520">
    <ele>758.8</ele>
   </trkpt>
   <trkpt lat="-26.1947290" lon="-51.1482520">
    <ele>758.2</ele>
   </trkpt>
   <trkpt lat="-26.1946720" lon="-51.1482520">
    <ele>757.5</ele>
   </trkpt>
   <trkpt lat="-26.1946080" lon="-51.1482510">
    <ele>756.8</ele>
   </trkpt>
   <trkpt lat="-26.1945390" lon="-51.1482500">
    <ele>756.0</ele>
   </trkpt>
   <trkpt lat="-26.1944650" lon="-51.1482510">
    <ele>755.2</ele>
   </trkpt>
   <trkpt lat="-26.1943870" lon="-51.1482480">
    <ele>754.5</ele>
   </trkpt>
   <trkpt lat="-26.1943090" lon="-51.1482400">
    <ele>754.0</ele>
   </trkpt>
   <trkpt lat="-26.1942310" lon="-51.1482250">
    <ele>753.8</ele>
   </trkpt>
   <trkpt lat="-26.1941560" lon="-51.1482070">
    <ele>753.7</ele>
   </trkpt>
   <trkpt lat="-26.1940830" lon="-51.1481890">
    <ele>753.6</ele>
   </trkpt>
   <trkpt lat="-26.1940070" lon="-51.1481760">
    <ele>753.6</ele>
   </trkpt>
   <trkpt lat="-26.1939380" lon="-51.1481650">
    <ele>753.6</ele>
   </trkpt>
   <trkpt lat="-26.1938650" lon="-51.1481620">
    <ele>753.6</ele>
   </trkpt>
   <trkpt lat="-26.1937960" lon="-51.1481520">
    <ele>753.5</ele>
   </trkpt>
   <trkpt lat="-26.1937280" lon="-51.1481460">
    <ele>753.5</ele>
   </trkpt>
   <trkpt lat="-26.1936620" lon="-51.1481410">
    <ele>753.5</ele>
   </trkpt>
   <trkpt lat="-26.1935940" lon="-51.1481300">
    <ele>753.5</ele>
   </trkpt>
   <trkpt lat="-26.1935230" lon="-51.1481160">
    <ele>753.5</ele>
   </trkpt>
   <trkpt lat="-26.1934530" lon="-51.1481060">
    <ele>753.5</ele>
   </trkpt>
   <trkpt lat="-26.1933930" lon="-51.1481050">
    <ele>753.6</ele>
   </trkpt>
   <trkpt lat="-26.1933210" lon="-51.1480980">
    <ele>753.8</ele>
   </trkpt>
   <trkpt lat="-26.1932570" lon="-51.1481000">
    <ele>754.0</ele>
   </trkpt>
   <trkpt lat="-26.1931980" lon="-51.1481080">
    <ele>754.2</ele>
   </trkpt>
   <trkpt lat="-26.1931370" lon="-51.1481130">
    <ele>754.4</ele>
   </trkpt>
   <trkpt lat="-26.1930820" lon="-51.1481250">
    <ele>754.7</ele>
   </trkpt>
   <trkpt lat="-26.1930290" lon="-51.1481390">
    <ele>754.9</ele>
   </trkpt>
   <trkpt lat="-26.1929720" lon="-51.1481450">
    <ele>755.0</ele>
   </trkpt>
   <trkpt lat="-26.1929200" lon="-51.1481500">
    <ele>755.1</ele>
   </trkpt>
   <trkpt lat="-26.1928700" lon="-51.1481490">
    <ele>755.1</ele>
   </trkpt>
   <trkpt lat="-26.1928130" lon="-51.1481490">
    <ele>754.9</ele>
   </trkpt>
   <trkpt lat="-26.1927570" lon="-51.1481480">
    <ele>754.8</ele>
   </trkpt>
   <trkpt lat="-26.1927000" lon="-51.1481400">
    <ele>754.5</ele>
   </trkpt>
   <trkpt lat="-26.1926470" lon="-51.1481320">
    <ele>754.2</ele>
   </trkpt>
   <trkpt lat="-26.1925880" lon="-51.1481120">
    <ele>753.9</ele>
   </trkpt>
   <trkpt lat="-26.1925270" lon="-51.1480950">
    <ele>753.5</ele>
   </trkpt>
   <trkpt lat="-26.1924640" lon="-51.1480760">
    <ele>753.1</ele>
   </trkpt>
   <trkpt lat="-26.1923980" lon="-51.1480580">
    <ele>752.7</ele>
   </trkpt>
   <trkpt lat="-26.1923290" lon="-51.1480480">
    <ele>752.3</ele>
   </trkpt>
   <trkpt lat="-26.1922540" lon="-51.1480400">
    <ele>751.8</ele>
   </trkpt>
   <trkpt lat="-26.1921820" lon="-51.1480420">
    <ele>751.4</ele>
   </trkpt>
   <trkpt lat="-26.1921060" lon="-51.1480500">
    <ele>751.1</ele>
   </trkpt>
   <trkpt lat="-26.1920340" lon="-51.1480600">
    <ele>750.8</ele>
   </trkpt>
   <trkpt lat="-26.1919570" lon="-51.1480680">
    <ele>750.7</ele>
   </trkpt>
   <trkpt lat="-26.1918890" lon="-51.1480740">
    <ele>750.6</ele>
   </trkpt>
   <trkpt lat="-26.1918300" lon="-51.1480850">
    <ele>750.7</ele>
   </trkpt>
   <trkpt lat="-26.1917760" lon="-51.1480840">
    <ele>750.7</ele>
   </trkpt>
   <trkpt lat="-26.1917410" lon="-51.1480540">
    <ele>751.0</ele>
   </trkpt>
   <trkpt lat="-26.1917210" lon="-51.1480130">
    <ele>751.0</ele>
   </trkpt>
   <trkpt lat="-26.1917190" lon="-51.1479600">
    <ele>751.0</ele>
   </trkpt>
   <trkpt lat="-26.1917270" lon="-51.1479010">
    <ele>750.9</ele>
   </trkpt>
   <trkpt lat="-26.1917320" lon="-51.1478480">
    <ele>750.9</ele>
   </trkpt>
   <trkpt lat="-26.1917370" lon="-51.1477940">
    <ele>750.9</ele>
   </trkpt>
   <trkpt lat="-26.1917420" lon="-51.1477380">
    <ele>750.9</ele>
   </trkpt>
   <trkpt lat="-26.1917450" lon="-51.1476770">
    <ele>750.9</ele>
   </trkpt>
   <trkpt lat="-26.1917490" lon="-51.1476210">
    <ele>750.9</ele>
   </trkpt>
   <trkpt lat="-26.1917540" lon="-51.1475640">
    <ele>750.9</ele>
   </trkpt>
   <trkpt lat="-26.1917580" lon="-51.1475090">
    <ele>750.9</ele>
   </trkpt>
   <trkpt lat="-26.1917630" lon="-51.1474510">
    <ele>750.9</ele>
   </trkpt>
   <trkpt lat="-26.1917650" lon="-51.1473970">
    <ele>750.9</ele>
   </trkpt>
   <trkpt lat="-26.1917670" lon="-51.1473470">
    <ele>750.9</ele>
   </trkpt>
   <trkpt lat="-26.1917690" lon="-51.1472950">
    <ele>750.9</ele>
   </trkpt>
   <trkpt lat="-26.1917740" lon="-51.1472460">
    <ele>750.9</ele>
   </trkpt>
   <trkpt lat="-26.1917780" lon="-51.1471980">
    <ele>751.0</ele>
   </trkpt>
   <trkpt lat="-26.1917800" lon="-51.1471420">
    <ele>751.0</ele>
   </trkpt>
   <trkpt lat="-26.1917820" lon="-51.1470830">
    <ele>751.0</ele>
   </trkpt>
   <trkpt lat="-26.1917800" lon="-51.1470350">
    <ele>751.0</ele>
   </trkpt>
   <trkpt lat="-26.1917840" lon="-51.1469830">
    <ele>751.0</ele>
   </trkpt>
   <trkpt lat="-26.1917830" lon="-51.1469270">
    <ele>751.1</ele>
   </trkpt>
   <trkpt lat="-26.1917810" lon="-51.1468760">
    <ele>751.1</ele>
   </trkpt>
   <trkpt lat="-26.1917770" lon="-51.1468170">
    <ele>751.1</ele>
   </trkpt>
   <trkpt lat="-26.1917730" lon="-51.1467590">
    <ele>751.1</ele>
   </trkpt>
   <trkpt lat="-26.1917690" lon="-51.1466990">
    <ele>751.1</ele>
   </trkpt>
   <trkpt lat="-26.1917680" lon="-51.1466380">
    <ele>751.1</ele>
   </trkpt>
   <trkpt lat="-26.1917640" lon="-51.1465800">
    <ele>751.1</ele>
   </trkpt>
   <trkpt lat="-26.1917590" lon="-51.1465230">
    <ele>751.1</ele>
   </trkpt>
   <trkpt lat="-26.1917540" lon="-51.1464650">
    <ele>751.1</ele>
   </trkpt>
   <trkpt lat="-26.1917570" lon="-51.1464080">
    <ele>751.1</ele>
   </trkpt>
   <trkpt lat="-26.1917560" lon="-51.1463510">
    <ele>751.0</ele>
   </trkpt>
   <trkpt lat="-26.1917460" lon="-51.1462940">
    <ele>751.0</ele>
   </trkpt>
   <trkpt lat="-26.1917280" lon="-51.1462240">
    <ele>751.0</ele>
   </trkpt>
   <trkpt lat="-26.1917130" lon="-51.1461570">
    <ele>751.0</ele>
   </trkpt>
   <trkpt lat="-26.1917100" lon="-51.1461110">
    <ele>751.0</ele>
   </trkpt>
   <trkpt lat="-26.1916990" lon="-51.1460460">
    <ele>751.0</ele>
   </trkpt>
   <trkpt lat="-26.1916860" lon="-51.1459760">
    <ele>751.0</ele>
   </trkpt>
   <trkpt lat="-26.1916720" lon="-51.1459220">
    <ele>750.9</ele>
   </trkpt>
   <trkpt lat="-26.1916600" lon="-51.1458590">
    <ele>750.9</ele>
   </trkpt>
   <trkpt lat="-26.1916490" lon="-51.1458000">
    <ele>750.9</ele>
   </trkpt>
   <trkpt lat="-26.1916380" lon="-51.1457440">
    <ele>750.9</ele>
   </trkpt>
   <trkpt lat="-26.1916280" lon="-51.1456910">
    <ele>750.9</ele>
   </trkpt>
   <trkpt lat="-26.1916190" lon="-51.1456380">
    <ele>750.9</ele>
   </trkpt>
   <trkpt lat="-26.1916050" lon="-51.1455510">
    <ele>751.0</ele>
   </trkpt>
   <trkpt lat="-26.1915940" lon="-51.1454780">
    <ele>751.0</ele>
   </trkpt>
   <trkpt lat="-26.1915850" lon="-51.1454080">
    <ele>751.0</ele>
   </trkpt>
   <trkpt lat="-26.1915760" lon="-51.1453410">
    <ele>751.0</ele>
   </trkpt>
   <trkpt lat="-26.1915670" lon="-51.1452730">
    <ele>751.0</ele>
   </trkpt>
   <trkpt lat="-26.1915650" lon="-51.1452030">
    <ele>751.0</ele>
   </trkpt>
   <trkpt lat="-26.1915650" lon="-51.1451330">
    <ele>751.0</ele>
   </trkpt>
   <trkpt lat="-26.1915710" lon="-51.1450610">
    <ele>751.1</ele>
   </trkpt>
   <trkpt lat="-26.1915760" lon="-51.1449890">
    <ele>751.1</ele>
   </trkpt>
   <trkpt lat="-26.1915860" lon="-51.1449260">
    <ele>751.1</ele>
   </trkpt>
   <trkpt lat="-26.1916000" lon="-51.1448590">
    <ele>751.2</ele>
   </trkpt>
   <trkpt lat="-26.1916140" lon="-51.1447930">
    <ele>751.2</ele>
   </trkpt>
   <trkpt lat="-26.1916340" lon="-51.1447300">
    <ele>751.3</ele>
   </trkpt>
   <trkpt lat="-26.1916580" lon="-51.1446660">
    <ele>751.4</ele>
   </trkpt>
   <trkpt lat="-26.1916870" lon="-51.1446070">
    <ele>751.5</ele>
   </trkpt>
   <trkpt lat="-26.1917160" lon="-51.1445480">
    <ele>751.6</ele>
   </trkpt>
   <trkpt lat="-26.1917460" lon="-51.1444920">
    <ele>751.7</ele>
   </trkpt>
   <trkpt lat="-26.1917800" lon="-51.1444410">
    <ele>751.8</ele>
   </trkpt>
   <trkpt lat="-26.1918150" lon="-51.1443930">
    <ele>751.9</ele>
   </trkpt>
   <trkpt lat="-26.1918560" lon="-51.1443420">
    <ele>752.0</ele>
   </trkpt>
   <trkpt lat="-26.1918960" lon="-51.1442930">
    <ele>752.1</ele>
   </trkpt>
   <trkpt lat="-26.1919370" lon="-51.1442470">
    <ele>752.2</ele>
   </trkpt>
   <trkpt lat="-26.1919780" lon="-51.1442000">
    <ele>752.3</ele>
   </trkpt>
   <trkpt lat="-26.1920230" lon="-51.1441560">
    <ele>752.5</ele>
   </trkpt>
   <trkpt lat="-26.1920670" lon="-51.1441160">
    <ele>752.6</ele>
   </trkpt>
   <trkpt lat="-26.1921130" lon="-51.1440690">
    <ele>752.7</ele>
   </trkpt>
   <trkpt lat="-26.1921560" lon="-51.1440240">
    <ele>752.9</ele>
   </trkpt>
   <trkpt lat="-26.1922030" lon="-51.1439770">
    <ele>753.0</ele>
   </trkpt>
   <trkpt lat="-26.1922460" lon="-51.1439350">
    <ele>753.1</ele>
   </trkpt>
   <trkpt lat="-26.1922870" lon="-51.1438930">
    <ele>753.3</ele>
   </trkpt>
   <trkpt lat="-26.1923330" lon="-51.1438490">
    <ele>753.4</ele>
   </trkpt>
   <trkpt lat="-26.1923780" lon="-51.1438080">
    <ele>753.6</ele>
   </trkpt>
   <trkpt lat="-26.1924210" lon="-51.1437660">
    <ele>753.7</ele>
   </trkpt>
   <trkpt lat="-26.1924650" lon="-51.1437250">
    <ele>753.9</ele>
   </trkpt>
   <trkpt lat="-26.1925070" lon="-51.1436850">
    <ele>754.0</ele>
   </trkpt>
   <trkpt lat="-26.1925480" lon="-51.1436430">
    <ele>754.2</ele>
   </trkpt>
   <trkpt lat="-26.1925880" lon="-51.1436040">
    <ele>754.3</ele>
   </trkpt>
   <trkpt lat="-26.1926290" lon="-51.1435610">
    <ele>754.4</ele>
   </trkpt>
   <trkpt lat="-26.1926690" lon="-51.1435220">
    <ele>754.6</ele>
   </trkpt>
   <trkpt lat="-26.1927120" lon="-51.1434830">
    <ele>754.7</ele>
   </trkpt>
   <trkpt lat="-26.1927520" lon="-51.1434440">
    <ele>754.8</ele>
   </trkpt>
   <trkpt lat="-26.1927900" lon="-51.1434070">
    <ele>754.9</ele>
   </trkpt>
   <trkpt lat="-26.1928280" lon="-51.1433660">
    <ele>755.0</ele>
   </trkpt>
   <trkpt lat="-26.1928670" lon="-51.1433290">
    <ele>755.1</ele>
   </trkpt>
   <trkpt lat="-26.1929080" lon="-51.1432880">
    <ele>755.2</ele>
   </trkpt>
   <trkpt lat="-26.1929490" lon="-51.1432500">
    <ele>755.3</ele>
   </trkpt>
   <trkpt lat="-26.1929890" lon="-51.1432130">
    <ele>755.4</ele>
   </trkpt>
   <trkpt lat="-26.1930310" lon="-51.1431740">
    <ele>755.4</ele>
   </trkpt>
   <trkpt lat="-26.1930700" lon="-51.1431340">
    <ele>755.5</ele>
   </trkpt>
   <trkpt lat="-26.1931120" lon="-51.1430940">
    <ele>755.6</ele>
   </trkpt>
   <trkpt lat="-26.1931500" lon="-51.1430510">
    <ele>755.6</ele>
   </trkpt>
   <trkpt lat="-26.1931920" lon="-51.1430080">
    <ele>755.7</ele>
   </trkpt>
   <trkpt lat="-26.1932340" lon="-51.1429680">
    <ele>755.7</ele>
   </trkpt>
   <trkpt lat="-26.1932750" lon="-51.1429270">
    <ele>755.8</ele>
   </trkpt>
   <trkpt lat="-26.1933100" lon="-51.1428890">
    <ele>755.8</ele>
   </trkpt>
   <trkpt lat="-26.1933530" lon="-51.1428460">
    <ele>755.9</ele>
   </trkpt>
   <trkpt lat="-26.1933950" lon="-51.1428050">
    <ele>755.9</ele>
   </trkpt>
   <trkpt lat="-26.1934350" lon="-51.1427650">
    <ele>756.0</ele>
   </trkpt>
   <trkpt lat="-26.1934760" lon="-51.1427270">
    <ele>756.1</ele>
   </trkpt>
   <trkpt lat="-26.1935140" lon="-51.1426870">
    <ele>756.1</ele>
   </trkpt>
   <trkpt lat="-26.1935540" lon="-51.1426450">
    <ele>756.2</ele>
   </trkpt>
   <trkpt lat="-26.1935930" lon="-51.1426110">
    <ele>756.2</ele>
   </trkpt>
   <trkpt lat="-26.1936350" lon="-51.1425680">
    <ele>756.3</ele>
   </trkpt>
   <trkpt lat="-26.1936750" lon="-51.1425300">
    <ele>756.4</ele>
   </trkpt>
   <trkpt lat="-26.1937140" lon="-51.1424900">
    <ele>756.4</ele>
   </trkpt>
   <trkpt lat="-26.1937550" lon="-51.1424500">
    <ele>756.5</ele>
   </trkpt>
   <trkpt lat="-26.1937950" lon="-51.1424110">
    <ele>756.5</ele>
   </trkpt>
   <trkpt lat="-26.1938340" lon="-51.1423730">
    <ele>756.6</ele>
   </trkpt>
   <trkpt lat="-26.1938720" lon="-51.1423350">
    <ele>756.6</ele>
   </trkpt>
   <trkpt lat="-26.1939110" lon="-51.1422970">
    <ele>756.6</ele>
   </trkpt>
   <trkpt lat="-26.1939500" lon="-51.1422560">
    <ele>756.6</ele>
   </trkpt>
   <trkpt lat="-26.1939910" lon="-51.1422120">
    <ele>756.7</ele>
   </trkpt>
   <trkpt lat="-26.1940320" lon="-51.1421730">
    <ele>756.7</ele>
   </trkpt>
   <trkpt lat="-26.1940720" lon="-51.1421330">
    <ele>756.8</ele>
   </trkpt>
   <trkpt lat="-26.1941120" lon="-51.1420960">
    <ele>756.9</ele>
   </trkpt>
   <trkpt lat="-26.1941530" lon="-51.1420580">
    <ele>756.9</ele>
   </trkpt>
   <trkpt lat="-26.1941910" lon="-51.1420110">
    <ele>757.0</ele>
   </trkpt>
   <trkpt lat="-26.1942330" lon="-51.1419720">
    <ele>757.1</ele>
   </trkpt>
   <trkpt lat="-26.1942680" lon="-51.1419300">
    <ele>757.1</ele>
   </trkpt>
   <trkpt lat="-26.1943100" lon="-51.1418840">
    <ele>757.1</ele>
   </trkpt>
   <trkpt lat="-26.1943480" lon="-51.1418410">
    <ele>757.2</ele>
   </trkpt>
   <trkpt lat="-26.1943840" lon="-51.1417960">
    <ele>757.2</ele>
   </trkpt>
   <trkpt lat="-26.1944270" lon="-51.1417530">
    <ele>757.3</ele>
   </trkpt>
   <trkpt lat="-26.1944610" lon="-51.1417010">
    <ele>757.3</ele>
   </trkpt>
   <trkpt lat="-26.1944920" lon="-51.1416540">
    <ele>757.4</ele>
   </trkpt>
   <trkpt lat="-26.1945310" lon="-51.1416090">
    <ele>757.5</ele>
   </trkpt>
   <trkpt lat="-26.1945690" lon="-51.1415650">
    <ele>757.6</ele>
   </trkpt>
   <trkpt lat="-26.1946010" lon="-51.1415150">
    <ele>757.6</ele>
   </trkpt>
   <trkpt lat="-26.1946360" lon="-51.1414700">
    <ele>757.7</ele>
   </trkpt>
   <trkpt lat="-26.1946710" lon="-51.1414220">
    <ele>757.7</ele>
   </trkpt>
   <trkpt lat="-26.1947050" lon="-51.1413720">
    <ele>757.8</ele>
   </trkpt>
   <trkpt lat="-26.1947370" lon="-51.1413220">
    <ele>757.8</ele>
   </trkpt>
   <trkpt lat="-26.1947690" lon="-51.1412700">
    <ele>757.8</ele>
   </trkpt>
   <trkpt lat="-26.1947990" lon="-51.1412210">
    <ele>757.9</ele>
   </trkpt>
   <trkpt lat="-26.1948320" lon="-51.1411700">
    <ele>757.9</ele>
   </trkpt>
   <trkpt lat="-26.1948650" lon="-51.1411180">
    <ele>757.9</ele>
   </trkpt>
   <trkpt lat="-26.1948950" lon="-51.1410680">
    <ele>758.0</ele>
   </trkpt>
   <trkpt lat="-26.1949260" lon="-51.1410160">
    <ele>758.0</ele>
   </trkpt>
   <trkpt lat="-26.1949580" lon="-51.1409670">
    <ele>758.1</ele>
   </trkpt>
   <trkpt lat="-26.1949890" lon="-51.1409170">
    <ele>758.1</ele>
   </trkpt>
   <trkpt lat="-26.1950180" lon="-51.1408640">
    <ele>758.2</ele>
   </trkpt>
   <trkpt lat="-26.1950480" lon="-51.1408140">
    <ele>758.2</ele>
   </trkpt>
   <trkpt lat="-26.1950690" lon="-51.1407600">
    <ele>758.2</ele>
   </trkpt>
   <trkpt lat="-26.1951030" lon="-51.1407140">
    <ele>758.3</ele>
   </trkpt>
   <trkpt lat="-26.1951340" lon="-51.1406620">
    <ele>758.3</ele>
   </trkpt>
   <trkpt lat="-26.1951630" lon="-51.1406140">
    <ele>758.4</ele>
   </trkpt>
   <trkpt lat="-26.1951950" lon="-51.1405610">
    <ele>758.4</ele>
   </trkpt>
   <trkpt lat="-26.1952240" lon="-51.1405130">
    <ele>758.5</ele>
   </trkpt>
   <trkpt lat="-26.1952570" lon="-51.1404610">
    <ele>758.5</ele>
   </trkpt>
   <trkpt lat="-26.1952820" lon="-51.1404150">
    <ele>758.6</ele>
   </trkpt>
   <trkpt lat="-26.1953130" lon="-51.1403670">
    <ele>758.6</ele>
   </trkpt>
   <trkpt lat="-26.1953440" lon="-51.1403140">
    <ele>758.7</ele>
   </trkpt>
   <trkpt lat="-26.1953740" lon="-51.1402660">
    <ele>758.7</ele>
   </trkpt>
   <trkpt lat="-26.1954060" lon="-51.1402170">
    <ele>758.8</ele>
   </trkpt>
   <trkpt lat="-26.1954340" lon="-51.1401670">
    <ele>758.8</ele>
   </trkpt>
   <trkpt lat="-26.1954660" lon="-51.1401140">
    <ele>758.9</ele>
   </trkpt>
   <trkpt lat="-26.1954980" lon="-51.1400640">
    <ele>758.8</ele>
   </trkpt>
   <trkpt lat="-26.1955310" lon="-51.1400120">
    <ele>758.8</ele>
   </trkpt>
   <trkpt lat="-26.1955580" lon="-51.1399630">
    <ele>758.8</ele>
   </trkpt>
   <trkpt lat="-26.1955880" lon="-51.1399150">
    <ele>758.9</ele>
   </trkpt>
   <trkpt lat="-26.1956190" lon="-51.1398660">
    <ele>758.9</ele>
   </trkpt>
   <trkpt lat="-26.1956480" lon="-51.1398200">
    <ele>758.9</ele>
   </trkpt>
   <trkpt lat="-26.1956730" lon="-51.1397730">
    <ele>759.0</ele>
   </trkpt>
   <trkpt lat="-26.1957000" lon="-51.1397300">
    <ele>759.0</ele>
   </trkpt>
   <trkpt lat="-26.1957270" lon="-51.1396820">
    <ele>759.1</ele>
   </trkpt>
   <trkpt lat="-26.1957540" lon="-51.1396370">
    <ele>759.2</ele>
   </trkpt>
   <trkpt lat="-26.1957820" lon="-51.1395920">
    <ele>759.3</ele>
   </trkpt>
   <trkpt lat="-26.1958120" lon="-51.1395470">
    <ele>759.4</ele>
   </trkpt>
   <trkpt lat="-26.1958400" lon="-51.1395000">
    <ele>759.5</ele>
   </trkpt>
   <trkpt lat="-26.1958690" lon="-51.1394500">
    <ele>759.7</ele>
   </trkpt>
   <trkpt lat="-26.1958970" lon="-51.1394080">
    <ele>759.8</ele>
   </trkpt>
   <trkpt lat="-26.1959250" lon="-51.1393610">
    <ele>759.9</ele>
   </trkpt>
   <trkpt lat="-26.1959530" lon="-51.1393150">
    <ele>760.1</ele>
   </trkpt>
   <trkpt lat="-26.1959850" lon="-51.1392640">
    <ele>760.3</ele>
   </trkpt>
   <trkpt lat="-26.1960100" lon="-51.1392220">
    <ele>760.5</ele>
   </trkpt>
   <trkpt lat="-26.1960340" lon="-51.1391770">
    <ele>760.7</ele>
   </trkpt>
   <trkpt lat="-26.1960610" lon="-51.1391350">
    <ele>760.9</ele>
   </trkpt>
   <trkpt lat="-26.1960850" lon="-51.1390930">
    <ele>761.1</ele>
   </trkpt>
   <trkpt lat="-26.1961120" lon="-51.1390510">
    <ele>761.3</ele>
   </trkpt>
   <trkpt lat="-26.1961390" lon="-51.1390060">
    <ele>761.5</ele>
   </trkpt>
   <trkpt lat="-26.1961620" lon="-51.1389690">
    <ele>761.7</ele>
   </trkpt>
   <trkpt lat="-26.1961850" lon="-51.1389270">
    <ele>761.9</ele>
   </trkpt>
   <trkpt lat="-26.1962140" lon="-51.1388830">
    <ele>762.1</ele>
   </trkpt>
   <trkpt lat="-26.1962410" lon="-51.1388370">
    <ele>762.3</ele>
   </trkpt>
   <trkpt lat="-26.1962620" lon="-51.1387990">
    <ele>762.4</ele>
   </trkpt>
   <trkpt lat="-26.1962910" lon="-51.1387540">
    <ele>762.7</ele>
   </trkpt>
   <trkpt lat="-26.1963160" lon="-51.1387090">
    <ele>762.9</ele>
   </trkpt>
   <trkpt lat="-26.1963430" lon="-51.1386650">
    <ele>763.1</ele>
   </trkpt>
   <trkpt lat="-26.1963680" lon="-51.1386230">
    <ele>763.3</ele>
   </trkpt>
   <trkpt lat="-26.1963930" lon="-51.1385790">
    <ele>763.4</ele>
   </trkpt>
   <trkpt lat="-26.1964200" lon="-51.1385340">
    <ele>763.6</ele>
   </trkpt>
   <trkpt lat="-26.1964460" lon="-51.1384890">
    <ele>763.8</ele>
   </trkpt>
   <trkpt lat="-26.1964710" lon="-51.1384440">
    <ele>764.0</ele>
   </trkpt>
   <trkpt lat="-26.1964990" lon="-51.1384020">
    <ele>764.2</ele>
   </trkpt>
   <trkpt lat="-26.1965270" lon="-51.1383570">
    <ele>764.4</ele>
   </trkpt>
   <trkpt lat="-26.1965520" lon="-51.1383150">
    <ele>764.6</ele>
   </trkpt>
   <trkpt lat="-26.1965770" lon="-51.1382720">
    <ele>764.8</ele>
   </trkpt>
   <trkpt lat="-26.1966000" lon="-51.1382310">
    <ele>765.0</ele>
   </trkpt>
   <trkpt lat="-26.1966270" lon="-51.1381890">
    <ele>765.1</ele>
   </trkpt>
   <trkpt lat="-26.1966510" lon="-51.1381490">
    <ele>765.3</ele>
   </trkpt>
   <trkpt lat="-26.1966740" lon="-51.1381120">
    <ele>765.5</ele>
   </trkpt>
   <trkpt lat="-26.1966980" lon="-51.1380720">
    <ele>765.6</ele>
   </trkpt>
   <trkpt lat="-26.1967210" lon="-51.1380340">
    <ele>765.8</ele>
   </trkpt>
   <trkpt lat="-26.1967450" lon="-51.1379950">
    <ele>765.9</ele>
   </trkpt>
   <trkpt lat="-26.1967710" lon="-51.1379540">
    <ele>766.1</ele>
   </trkpt>
   <trkpt lat="-26.1967890" lon="-51.1379290">
    <ele>766.2</ele>
   </trkpt>
   <trkpt lat="-26.1968110" lon="-51.1379050">
    <ele>766.3</ele>
   </trkpt>
   <trkpt lat="-26.1968330" lon="-51.1378780">
    <ele>766.5</ele>
   </trkpt>
   <trkpt lat="-26.1968590" lon="-51.1378460">
    <ele>766.6</ele>
   </trkpt>
   <trkpt lat="-26.1968710" lon="-51.1378340">
    <ele>766.6</ele>
   </trkpt>
   <trkpt lat="-26.1968790" lon="-51.1378210">
    <ele>766.7</ele>
   </trkpt>
   <trkpt lat="-26.1968850" lon="-51.1378180">
    <ele>766.7</ele>
   </trkpt>
   <trkpt lat="-26.1968990" lon="-51.1378220">
    <ele>766.8</ele>
   </trkpt>
   <trkpt lat="-26.1969120" lon="-51.1378260">
    <ele>766.8</ele>
   </trkpt>
   <trkpt lat="-26.1969190" lon="-51.1378250">
    <ele>766.8</ele>
   </trkpt>
   <trkpt lat="-26.1969250" lon="-51.1378230">
    <ele>766.9</ele>
   </trkpt>
   <trkpt lat="-26.1969310" lon="-51.1378220">
    <ele>766.9</ele>
   </trkpt>
   <trkpt lat="-26.1969370" lon="-51.1378200">
    <ele>766.9</ele>
   </trkpt>
   <trkpt lat="-26.1969440" lon="-51.1378180">
    <ele>766.9</ele>
   </trkpt>
   <trkpt lat="-26.1969500" lon="-51.1378170">
    <ele>766.9</ele>
   </trkpt>
   <trkpt lat="-26.1969560" lon="-51.1378150">
    <ele>766.9</ele>
   </trkpt>
   <trkpt lat="-26.1969620" lon="-51.1378140">
    <ele>766.9</ele>
   </trkpt>
   <trkpt lat="-26.1969680" lon="-51.1378120">
    <ele>767.0</ele>
   </trkpt>
   <trkpt lat="-26.1969750" lon="-51.1378110">
    <ele>767.0</ele>
   </trkpt>
   <trkpt lat="-26.1969810" lon="-51.1378090">
    <ele>767.0</ele>
   </trkpt>
   <trkpt lat="-26.1969870" lon="-51.1378080">
    <ele>767.0</ele>
   </trkpt>
   <trkpt lat="-26.1969930" lon="-51.1378060">
    <ele>767.0</ele>
   </trkpt>
   <trkpt lat="-26.1970170" lon="-51.1378220">
    <ele>767.0</ele>
   </trkpt>
   <trkpt lat="-26.1970260" lon="-51.1378280">
    <ele>767.1</ele>
   </trkpt>
   <trkpt lat="-26.1970530" lon="-51.1378440">
    <ele>767.1</ele>
   </trkpt>
   <trkpt lat="-26.1970630" lon="-51.1378520">
    <ele>767.1</ele>
   </trkpt>
   <trkpt lat="-26.1970910" lon="-51.1378730">
    <ele>767.1</ele>
   </trkpt>
   <trkpt lat="-26.1971020" lon="-51.1378810">
    <ele>767.1</ele>
   </trkpt>
   <trkpt lat="-26.1971290" lon="-51.1379130">
    <ele>767.2</ele>
   </trkpt>
   <trkpt lat="-26.1971390" lon="-51.1379220">
    <ele>767.2</ele>
   </trkpt>
   <trkpt lat="-26.1971670" lon="-51.1379490">
    <ele>767.2</ele>
   </trkpt>
   <trkpt lat="-26.1971780" lon="-51.1379570">
    <ele>767.2</ele>
   </trkpt>
   <trkpt lat="-26.1972030" lon="-51.1379760">
    <ele>767.3</ele>
   </trkpt>
   <trkpt lat="-26.1972340" lon="-51.1380000">
    <ele>767.3</ele>
   </trkpt>
   <trkpt lat="-26.1972450" lon="-51.1380090">
    <ele>767.3</ele>
   </trkpt>
   <trkpt lat="-26.1972690" lon="-51.1380240">
    <ele>767.4</ele>
   </trkpt>
   <trkpt lat="-26.1972920" lon="-51.1380420">
    <ele>767.4</ele>
   </trkpt>
   <trkpt lat="-26.1973160" lon="-51.1380610">
    <ele>767.5</ele>
   </trkpt>
   <trkpt lat="-26.1973470" lon="-51.1380760">
    <ele>767.6</ele>
   </trkpt>
   <trkpt lat="-26.1973660" lon="-51.1381000">
    <ele>767.7</ele>
   </trkpt>
   <trkpt lat="-26.1973890" lon="-51.1381150">
    <ele>767.9</ele>
   </trkpt>
   <trkpt lat="-26.1974100" lon="-51.1381290">
    <ele>768.0</ele>
   </trkpt>
   <trkpt lat="-26.1974310" lon="-51.1381430">
    <ele>768.1</ele>
   </trkpt>
   <trkpt lat="-26.1974490" lon="-51.1381700">
    <ele>768.3</ele>
   </trkpt>
   <trkpt lat="-26.1974810" lon="-51.1381840">
    <ele>768.5</ele>
   </trkpt>
   <trkpt lat="-26.1974960" lon="-51.1381890">
    <ele>768.6</ele>
   </trkpt>
   <trkpt lat="-26.1975230" lon="-51.1382000">
    <ele>768.7</ele>
   </trkpt>
   <trkpt lat="-26.1975590" lon="-51.1382180">
    <ele>768.9</ele>
   </trkpt>
   <trkpt lat="-26.1975720" lon="-51.1382230">
    <ele>769.0</ele>
   </trkpt>
   <trkpt lat="-26.1976070" lon="-51.1382390">
    <ele>769.2</ele>
   </trkpt>
   <trkpt lat="-26.1976190" lon="-51.1382440">
    <ele>769.3</ele>
   </trkpt>
   <trkpt lat="-26.1976520" lon="-51.1382480">
    <ele>769.5</ele>
   </trkpt>
   <trkpt lat="-26.1976850" lon="-51.1382660">
    <ele>769.7</ele>
   </trkpt>
   <trkpt lat="-26.1976950" lon="-51.1382720">
    <ele>769.7</ele>
   </trkpt>
   <trkpt lat="-26.1977200" lon="-51.1382910">
    <ele>769.9</ele>
   </trkpt>
   <trkpt lat="-26.1977500" lon="-51.1383010">
    <ele>770.1</ele>
   </trkpt>
   <trkpt lat="-26.1977790" lon="-51.1383100">
    <ele>770.2</ele>
   </trkpt>
   <trkpt lat="-26.1978090" lon="-51.1383130">
    <ele>770.4</ele>
   </trkpt>
   <trkpt lat="-26.1978410" lon="-51.1383230">
    <ele>770.6</ele>
   </trkpt>
   <trkpt lat="-26.1978750" lon="-51.1383410">
    <ele>770.8</ele>
   </trkpt>
   <trkpt lat="-26.1978870" lon="-51.1383480">
    <ele>770.9</ele>
   </trkpt>
   <trkpt lat="-26.1979170" lon="-51.1383620">
    <ele>771.1</ele>
   </trkpt>
   <trkpt lat="-26.1979420" lon="-51.1383750">
    <ele>771.3</ele>
   </trkpt>
   <trkpt lat="-26.1979710" lon="-51.1383860">
    <ele>771.5</ele>
   </trkpt>
   <trkpt lat="-26.1979980" lon="-51.1383940">
    <ele>771.7</ele>
   </trkpt>
   <trkpt lat="-26.1980280" lon="-51.1383980">
    <ele>771.9</ele>
   </trkpt>
   <trkpt lat="-26.1980540" lon="-51.1384040">
    <ele>772.1</ele>
   </trkpt>
   <trkpt lat="-26.1980830" lon="-51.1384090">
    <ele>772.3</ele>
   </trkpt>
   <trkpt lat="-26.1981110" lon="-51.1384180">
    <ele>772.5</ele>
   </trkpt>
   <trkpt lat="-26.1981520" lon="-51.1384300">
    <ele>772.7</ele>
   </trkpt>
   <trkpt lat="-26.1981670" lon="-51.1384350">
    <ele>772.9</ele>
   </trkpt>
   <trkpt lat="-26.1981930" lon="-51.1384470">
    <ele>773.0</ele>
   </trkpt>
   <trkpt lat="-26.1982320" lon="-51.1384600">
    <ele>773.3</ele>
   </trkpt>
   <trkpt lat="-26.1982480" lon="-51.1384630">
    <ele>773.5</ele>
   </trkpt>
   <trkpt lat="-26.1982760" lon="-51.1384680">
    <ele>773.7</ele>
   </trkpt>
   <trkpt lat="-26.1983050" lon="-51.1384770">
    <ele>773.9</ele>
   </trkpt>
   <trkpt lat="-26.1983400" lon="-51.1384890">
    <ele>774.2</ele>
   </trkpt>
   <trkpt lat="-26.1983530" lon="-51.1384950">
    <ele>774.3</ele>
   </trkpt>
   <trkpt lat="-26.1983910" lon="-51.1385060">
    <ele>774.6</ele>
   </trkpt>
   <trkpt lat="-26.1984040" lon="-51.1385110">
    <ele>774.7</ele>
   </trkpt>
   <trkpt lat="-26.1984400" lon="-51.1385190">
    <ele>775.1</ele>
   </trkpt>
   <trkpt lat="-26.1984520" lon="-51.1385210">
    <ele>775.2</ele>
   </trkpt>
   <trkpt lat="-26.1984620" lon="-51.1385230">
    <ele>775.3</ele>
   </trkpt>
   <trkpt lat="-26.1984850" lon="-51.1385310">
    <ele>775.6</ele>
   </trkpt>
   <trkpt lat="-26.1985130" lon="-51.1385410">
    <ele>776.0</ele>
   </trkpt>
   <trkpt lat="-26.1985220" lon="-51.1385460">
    <ele>776.1</ele>
   </trkpt>
   <trkpt lat="-26.1985510" lon="-51.1385580">
    <ele>776.5</ele>
   </trkpt>
   <trkpt lat="-26.1985600" lon="-51.1385630">
    <ele>776.6</ele>
   </trkpt>
   <trkpt lat="-26.1985890" lon="-51.1385740">
    <ele>777.0</ele>
   </trkpt>
   <trkpt lat="-26.1986010" lon="-51.1385770">
    <ele>777.1</ele>
   </trkpt>
   <trkpt lat="-26.1986300" lon="-51.1385900">
    <ele>777.5</ele>
   </trkpt>
   <trkpt lat="-26.1986640" lon="-51.1385950">
    <ele>778.0</ele>
   </trkpt>
   <trkpt lat="-26.1986740" lon="-51.1385960">
    <ele>778.1</ele>
   </trkpt>
   <trkpt lat="-26.1987050" lon="-51.1386010">
    <ele>778.5</ele>
   </trkpt>
   <trkpt lat="-26.1987130" lon="-51.1386020">
    <ele>778.6</ele>
   </trkpt>
   <trkpt lat="-26.1987310" lon="-51.1386060">
    <ele>778.8</ele>
   </trkpt>
   <trkpt lat="-26.1987480" lon="-51.1386120">
    <ele>779.1</ele>
   </trkpt>
   <trkpt lat="-26.1987750" lon="-51.1386190">
    <ele>779.5</ele>
   </trkpt>
   <trkpt lat="-26.1987840" lon="-51.1386200">
    <ele>779.6</ele>
   </trkpt>
   <trkpt lat="-26.1988110" lon="-51.1386280">
    <ele>780.0</ele>
   </trkpt>
   <trkpt lat="-26.1988190" lon="-51.1386310">
    <ele>780.1</ele>
   </trkpt>
   <trkpt lat="-26.1988500" lon="-51.1386440">
    <ele>780.6</ele>
   </trkpt>
   <trkpt lat="-26.1988610" lon="-51.1386500">
    <ele>780.8</ele>
   </trkpt>
   <trkpt lat="-26.1988760" lon="-51.1386530">
    <ele>781.0</ele>
   </trkpt>
   <trkpt lat="-26.1988960" lon="-51.1386610">
    <ele>781.4</ele>
   </trkpt>
   <trkpt lat="-26.1989220" lon="-51.1386710">
    <ele>781.8</ele>
   </trkpt>
   <trkpt lat="-26.1989310" lon="-51.1386770">
    <ele>782.0</ele>
   </trkpt>
   <trkpt lat="-26.1989580" lon="-51.1386890">
    <ele>782.4</ele>
   </trkpt>
   <trkpt lat="-26.1989660" lon="-51.1386910">
    <ele>782.6</ele>
   </trkpt>
   <trkpt lat="-26.1989990" lon="-51.1387000">
    <ele>783.1</ele>
   </trkpt>
   <trkpt lat="-26.1990060" lon="-51.1387030">
    <ele>783.2</ele>
   </trkpt>
   <trkpt lat="-26.1990340" lon="-51.1387110">
    <ele>783.7</ele>
   </trkpt>
   <trkpt lat="-26.1990440" lon="-51.1387150">
    <ele>783.9</ele>
   </trkpt>
   <trkpt lat="-26.1990640" lon="-51.1387200">
    <ele>784.2</ele>
   </trkpt>
   <trkpt lat="-26.1990760" lon="-51.1387300">
    <ele>784.5</ele>
   </trkpt>
   <trkpt lat="-26.1990840" lon="-51.1387390">
    <ele>784.7</ele>
   </trkpt>
   <trkpt lat="-26.1991090" lon="-51.1387460">
    <ele>785.1</ele>
   </trkpt>
   <trkpt lat="-26.1991180" lon="-51.1387500">
    <ele>785.2</ele>
   </trkpt>
   <trkpt lat="-26.1991350" lon="-51.1387540">
    <ele>785.5</ele>
   </trkpt>
   <trkpt lat="-26.1991620" lon="-51.1387590">
    <ele>786.0</ele>
   </trkpt>
   <trkpt lat="-26.1991710" lon="-51.1387640">
    <ele>786.1</ele>
   </trkpt>
   <trkpt lat="-26.1991990" lon="-51.1387710">
    <ele>786.6</ele>
   </trkpt>
   <trkpt lat="-26.1992070" lon="-51.1387720">
    <ele>786.7</ele>
   </trkpt>
   <trkpt lat="-26.1992280" lon="-51.1387790">
    <ele>787.1</ele>
   </trkpt>
   <trkpt lat="-26.1992390" lon="-51.1387830">
    <ele>787.3</ele>
   </trkpt>
   <trkpt lat="-26.1992650" lon="-51.1387920">
    <ele>787.7</ele>
   </trkpt>
   <trkpt lat="-26.1992780" lon="-51.1387940">
    <ele>787.9</ele>
   </trkpt>
   <trkpt lat="-26.1992960" lon="-51.1387960">
    <ele>788.2</ele>
   </trkpt>
   <trkpt lat="-26.1993170" lon="-51.1387990">
    <ele>788.6</ele>
   </trkpt>
   <trkpt lat="-26.1993310" lon="-51.1388060">
    <ele>788.8</ele>
   </trkpt>
   <trkpt lat="-26.1993620" lon="-51.1388200">
    <ele>789.4</ele>
   </trkpt>
   <trkpt lat="-26.1993700" lon="-51.1388240">
    <ele>789.5</ele>
   </trkpt>
   <trkpt lat="-26.1993970" lon="-51.1388300">
    <ele>790.0</ele>
   </trkpt>
   <trkpt lat="-26.1994070" lon="-51.1388310">
    <ele>790.2</ele>
   </trkpt>
   <trkpt lat="-26.1994250" lon="-51.1388330">
    <ele>790.5</ele>
   </trkpt>
   <trkpt lat="-26.1994390" lon="-51.1388390">
    <ele>790.7</ele>
   </trkpt>
   <trkpt lat="-26.1994570" lon="-51.1388460">
    <ele>791.1</ele>
   </trkpt>
   <trkpt lat="-26.1994720" lon="-51.1388510">
    <ele>791.3</ele>
   </trkpt>
   <trkpt lat="-26.1994860" lon="-51.1388600">
    <ele>791.6</ele>
   </trkpt>
   <trkpt lat="-26.1994970" lon="-51.1388700">
    <ele>791.9</ele>
   </trkpt>
   <trkpt lat="-26.1995210" lon="-51.1388850">
    <ele>792.3</ele>
   </trkpt>
   <trkpt lat="-26.1995320" lon="-51.1388890">
    <ele>792.5</ele>
   </trkpt>
   <trkpt lat="-26.1995440" lon="-51.1388890">
    <ele>792.7</ele>
   </trkpt>
   <trkpt lat="-26.1995670" lon="-51.1388870">
    <ele>793.1</ele>
   </trkpt>
   <trkpt lat="-26.1995830" lon="-51.1388870">
    <ele>793.4</ele>
   </trkpt>
   <trkpt lat="-26.1995990" lon="-51.1388950">
    <ele>793.7</ele>
   </trkpt>
   <trkpt lat="-26.1996120" lon="-51.1389010">
    <ele>794.0</ele>
   </trkpt>
   <trkpt lat="-26.1996280" lon="-51.1389110">
    <ele>794.3</ele>
   </trkpt>
   <trkpt lat="-26.1996390" lon="-51.1389190">
    <ele>794.5</ele>
   </trkpt>
   <trkpt lat="-26.1996560" lon="-51.1389230">
    <ele>794.9</ele>
   </trkpt>
   <trkpt lat="-26.1996760" lon="-51.1389230">
    <ele>795.2</ele>
   </trkpt>
   <trkpt lat="-26.1996830" lon="-51.1389210">
    <ele>795.3</ele>
   </trkpt>
   <trkpt lat="-26.1997030" lon="-51.1389230">
    <ele>795.7</ele>
   </trkpt>
   <trkpt lat="-26.1997110" lon="-51.1389270">
    <ele>795.8</ele>
   </trkpt>
   <trkpt lat="-26.1997310" lon="-51.1389370">
    <ele>796.2</ele>
   </trkpt>
   <trkpt lat="-26.1997370" lon="-51.1389410">
    <ele>796.4</ele>
   </trkpt>
   <trkpt lat="-26.1997670" lon="-51.1389500">
    <ele>796.9</ele>
   </trkpt>
   <trkpt lat="-26.1997760" lon="-51.1389550">
    <ele>797.1</ele>
   </trkpt>
   <trkpt lat="-26.1997940" lon="-51.1389600">
    <ele>797.4</ele>
   </trkpt>
   <trkpt lat="-26.1998090" lon="-51.1389670">
    <ele>797.7</ele>
   </trkpt>
   <trkpt lat="-26.1998210" lon="-51.1389710">
    <ele>797.9</ele>
   </trkpt>
   <trkpt lat="-26.1998380" lon="-51.1389720">
    <ele>798.3</ele>
   </trkpt>
   <trkpt lat="-26.1998430" lon="-51.1389800">
    <ele>798.4</ele>
   </trkpt>
   <trkpt lat="-26.1998620" lon="-51.1389900">
    <ele>798.8</ele>
   </trkpt>
   <trkpt lat="-26.1998680" lon="-51.1389960">
    <ele>798.9</ele>
   </trkpt>
   <trkpt lat="-26.1998920" lon="-51.1389960">
    <ele>799.4</ele>
   </trkpt>
   <trkpt lat="-26.1999040" lon="-51.1390040">
    <ele>799.6</ele>
   </trkpt>
   <trkpt lat="-26.1999230" lon="-51.1390060">
    <ele>800.0</ele>
   </trkpt>
   <trkpt lat="-26.1999550" lon="-51.1390160">
    <ele>800.6</ele>
   </trkpt>
   <trkpt lat="-26.1999670" lon="-51.1390210">
    <ele>800.8</ele>
   </trkpt>
   <trkpt lat="-26.1999990" lon="-51.1390330">
    <ele>801.4</ele>
   </trkpt>
   <trkpt lat="-26.2000090" lon="-51.1390370">
    <ele>801.6</ele>
   </trkpt>
   <trkpt lat="-26.2000420" lon="-51.1390470">
    <ele>802.2</ele>
   </trkpt>
   <trkpt lat="-26.2000530" lon="-51.1390510">
    <ele>802.4</ele>
   </trkpt>
   <trkpt lat="-26.2000830" lon="-51.1390680">
    <ele>802.9</ele>
   </trkpt>
   <trkpt lat="-26.2000910" lon="-51.1390720">
    <ele>803.1</ele>
   </trkpt>
   <trkpt lat="-26.2001220" lon="-51.1390880">
    <ele>803.6</ele>
   </trkpt>
   <trkpt lat="-26.2001320" lon="-51.1390960">
    <ele>803.8</ele>
   </trkpt>
   <trkpt lat="-26.2001600" lon="-51.1391220">
    <ele>804.4</ele>
   </trkpt>
   <trkpt lat="-26.2001680" lon="-51.1391310">
    <ele>804.6</ele>
   </trkpt>
   <trkpt lat="-26.2001930" lon="-51.1391520">
    <ele>805.1</ele>
   </trkpt>
   <trkpt lat="-26.2002010" lon="-51.1391580">
    <ele>805.3</ele>
   </trkpt>
   <trkpt lat="-26.2002200" lon="-51.1391780">
    <ele>805.7</ele>
   </trkpt>
   <trkpt lat="-26.2002280" lon="-51.1391860">
    <ele>805.9</ele>
   </trkpt>
   <trkpt lat="-26.2002460" lon="-51.1392110">
    <ele>806.4</ele>
   </trkpt>
   <trkpt lat="-26.2002510" lon="-51.1392200">
    <ele>806.6</ele>
   </trkpt>
   <trkpt lat="-26.2002580" lon="-51.1392350">
    <ele>806.9</ele>
   </trkpt>
   <trkpt lat="-26.2002660" lon="-51.1392540">
    <ele>807.2</ele>
   </trkpt>
   <trkpt lat="-26.2002800" lon="-51.1392810">
    <ele>807.7</ele>
   </trkpt>
   <trkpt lat="-26.2002830" lon="-51.1392910">
    <ele>807.9</ele>
   </trkpt>
   <trkpt lat="-26.2002910" lon="-51.1393050">
    <ele>808.1</ele>
   </trkpt>
   <trkpt lat="-26.2002960" lon="-51.1393210">
    <ele>808.4</ele>
   </trkpt>
   <trkpt lat="-26.2003010" lon="-51.1393360">
    <ele>808.6</ele>
   </trkpt>
   <trkpt lat="-26.2003030" lon="-51.1393530">
    <ele>808.9</ele>
   </trkpt>
   <trkpt lat="-26.2003050" lon="-51.1393700">
    <ele>809.2</ele>
   </trkpt>
   <trkpt lat="-26.2003120" lon="-51.1393870">
    <ele>809.5</ele>
   </trkpt>
   <trkpt lat="-26.2003150" lon="-51.1394050">
    <ele>809.8</ele>
   </trkpt>
   <trkpt lat="-26.2003150" lon="-51.1394210">
    <ele>810.0</ele>
   </trkpt>
   <trkpt lat="-26.2003120" lon="-51.1394410">
    <ele>810.4</ele>
   </trkpt>
   <trkpt lat="-26.2003080" lon="-51.1394570">
    <ele>810.7</ele>
   </trkpt>
   <trkpt lat="-26.2003110" lon="-51.1394720">
    <ele>810.9</ele>
   </trkpt>
   <trkpt lat="-26.2003110" lon="-51.1394930">
    <ele>811.3</ele>
   </trkpt>
   <trkpt lat="-26.2003110" lon="-51.1395060">
    <ele>811.5</ele>
   </trkpt>
   <trkpt lat="-26.2003100" lon="-51.1395250">
    <ele>811.8</ele>
   </trkpt>
   <trkpt lat="-26.2003090" lon="-51.1395420">
    <ele>812.1</ele>
   </trkpt>
   <trkpt lat="-26.2003120" lon="-51.1395620">
    <ele>812.5</ele>
   </trkpt>
   <trkpt lat="-26.2003130" lon="-51.1395780">
    <ele>812.8</ele>
   </trkpt>
   <trkpt lat="-26.2003160" lon="-51.1395950">
    <ele>813.1</ele>
   </trkpt>
   <trkpt lat="-26.2003150" lon="-51.1396100">
    <ele>813.3</ele>
   </trkpt>
   <trkpt lat="-26.2003160" lon="-51.1396260">
    <ele>813.6</ele>
   </trkpt>
   <trkpt lat="-26.2003210" lon="-51.1396440">
    <ele>814.0</ele>
   </trkpt>
   <trkpt lat="-26.2003280" lon="-51.1396640">
    <ele>814.4</ele>
   </trkpt>
   <trkpt lat="-26.2003290" lon="-51.1396840">
    <ele>814.7</ele>
   </trkpt>
   <trkpt lat="-26.2003280" lon="-51.1397000">
    <ele>815.0</ele>
   </trkpt>
   <trkpt lat="-26.2003320" lon="-51.1397170">
    <ele>815.3</ele>
   </trkpt>
   <trkpt lat="-26.2003380" lon="-51.1397310">
    <ele>815.6</ele>
   </trkpt>
   <trkpt lat="-26.2003460" lon="-51.1397470">
    <ele>816.0</ele>
   </trkpt>
   <trkpt lat="-26.2003500" lon="-51.1397610">
    <ele>816.2</ele>
   </trkpt>
   <trkpt lat="-26.2003550" lon="-51.1397780">
    <ele>816.6</ele>
   </trkpt>
   <trkpt lat="-26.2003630" lon="-51.1397960">
    <ele>816.9</ele>
   </trkpt>
   <trkpt lat="-26.2003730" lon="-51.1398070">
    <ele>817.2</ele>
   </trkpt>
   <trkpt lat="-26.2003780" lon="-51.1398280">
    <ele>817.6</ele>
   </trkpt>
   <trkpt lat="-26.2003850" lon="-51.1398400">
    <ele>817.8</ele>
   </trkpt>
   <trkpt lat="-26.2003970" lon="-51.1398520">
    <ele>818.1</ele>
   </trkpt>
   <trkpt lat="-26.2004080" lon="-51.1398630">
    <ele>818.4</ele>
   </trkpt>
   <trkpt lat="-26.2004180" lon="-51.1398720">
    <ele>818.6</ele>
   </trkpt>
   <trkpt lat="-26.2004310" lon="-51.1398770">
    <ele>818.9</ele>
   </trkpt>
   <trkpt lat="-26.2004470" lon="-51.1398820">
    <ele>819.2</ele>
   </trkpt>
   <trkpt lat="-26.2004680" lon="-51.1398840">
    <ele>819.6</ele>
   </trkpt>
   <trkpt lat="-26.2004760" lon="-51.1398860">
    <ele>819.7</ele>
   </trkpt>
   <trkpt lat="-26.2004840" lon="-51.1398880">
    <ele>819.9</ele>
   </trkpt>
   <trkpt lat="-26.2005050" lon="-51.1398960">
    <ele>820.2</ele>
   </trkpt>
   <trkpt lat="-26.2005140" lon="-51.1398980">
    <ele>820.4</ele>
   </trkpt>
   <trkpt lat="-26.2005230" lon="-51.1399000">
    <ele>820.5</ele>
   </trkpt>
   <trkpt lat="-26.2005350" lon="-51.1399060">
    <ele>820.7</ele>
   </trkpt>
   <trkpt lat="-26.2005410" lon="-51.1399140">
    <ele>820.9</ele>
   </trkpt>
   <trkpt lat="-26.2005550" lon="-51.1399130">
    <ele>821.1</ele>
   </trkpt>
   <trkpt lat="-26.2005760" lon="-51.1399150">
    <ele>821.5</ele>
   </trkpt>
   <trkpt lat="-26.2005860" lon="-51.1399140">
    <ele>821.6</ele>
   </trkpt>
   <trkpt lat="-26.2005960" lon="-51.1399130">
    <ele>821.8</ele>
   </trkpt>
   <trkpt lat="-26.2006120" lon="-51.1399270">
    <ele>822.1</ele>
   </trkpt>
   <trkpt lat="-26.2006190" lon="-51.1399340">
    <ele>822.3</ele>
   </trkpt>
   <trkpt lat="-26.2006250" lon="-51.1399410">
    <ele>822.4</ele>
   </trkpt>
   <trkpt lat="-26.2006470" lon="-51.1399440">
    <ele>822.8</ele>
   </trkpt>
   <trkpt lat="-26.2006560" lon="-51.1399440">
    <ele>822.9</ele>
   </trkpt>
   <trkpt lat="-26.2006640" lon="-51.1399440">
    <ele>823.1</ele>
   </trkpt>
   <trkpt lat="-26.2006780" lon="-51.1399460">
    <ele>823.3</ele>
   </trkpt>
   <trkpt lat="-26.2006910" lon="-51.1399490">
    <ele>823.5</ele>
   </trkpt>
   <trkpt lat="-26.2007050" lon="-51.1399510">
    <ele>823.7</ele>
   </trkpt>
   <trkpt lat="-26.2007220" lon="-51.1399520">
    <ele>824.0</ele>
   </trkpt>
   <trkpt lat="-26.2007360" lon="-51.1399560">
    <ele>824.2</ele>
   </trkpt>
   <trkpt lat="-26.2007520" lon="-51.1399550">
    <ele>824.5</ele>
   </trkpt>
   <trkpt lat="-26.2007670" lon="-51.1399610">
    <ele>824.8</ele>
   </trkpt>
   <trkpt lat="-26.2007790" lon="-51.1399640">
    <ele>825.0</ele>
   </trkpt>
   <trkpt lat="-26.2008020" lon="-51.1399670">
    <ele>825.4</ele>
   </trkpt>
   <trkpt lat="-26.2008090" lon="-51.1399700">
    <ele>825.5</ele>
   </trkpt>
   <trkpt lat="-26.2008170" lon="-51.1399740">
    <ele>825.6</ele>
   </trkpt>
   <trkpt lat="-26.2008430" lon="-51.1399770">
    <ele>826.1</ele>
   </trkpt>
   <trkpt lat="-26.2008500" lon="-51.1399810">
    <ele>826.2</ele>
   </trkpt>
   <trkpt lat="-26.2008580" lon="-51.1399850">
    <ele>826.4</ele>
   </trkpt>
   <trkpt lat="-26.2008760" lon="-51.1399900">
    <ele>826.7</ele>
   </trkpt>
   <trkpt lat="-26.2008850" lon="-51.1399910">
    <ele>826.9</ele>
   </trkpt>
   <trkpt lat="-26.2008940" lon="-51.1399910">
    <ele>827.0</ele>
   </trkpt>
   <trkpt lat="-26.2009100" lon="-51.1399960">
    <ele>827.3</ele>
   </trkpt>
   <trkpt lat="-26.2009210" lon="-51.1400010">
    <ele>827.5</ele>
   </trkpt>
   <trkpt lat="-26.2009390" lon="-51.1400000">
    <ele>827.9</ele>
   </trkpt>
   <trkpt lat="-26.2009530" lon="-51.1399980">
    <ele>828.1</ele>
   </trkpt>
   <trkpt lat="-26.2009770" lon="-51.1400000">
    <ele>828.6</ele>
   </trkpt>
   <trkpt lat="-26.2009860" lon="-51.1399980">
    <ele>828.7</ele>
   </trkpt>
   <trkpt lat="-26.2009950" lon="-51.1399970">
    <ele>828.9</ele>
   </trkpt>
   <trkpt lat="-26.2010110" lon="-51.1399940">
    <ele>829.2</ele>
   </trkpt>
   <trkpt lat="-26.2010270" lon="-51.1399950">
    <ele>829.5</ele>
   </trkpt>
   <trkpt lat="-26.2010490" lon="-51.1399960">
    <ele>829.9</ele>
   </trkpt>
   <trkpt lat="-26.2010610" lon="-51.1399940">
    <ele>830.1</ele>
   </trkpt>
   <trkpt lat="-26.2010730" lon="-51.1399920">
    <ele>830.3</ele>
   </trkpt>
   <trkpt lat="-26.2010840" lon="-51.1399850">
    <ele>830.5</ele>
   </trkpt>
   <trkpt lat="-26.2011040" lon="-51.1399780">
    <ele>830.8</ele>
   </trkpt>
   <trkpt lat="-26.2011210" lon="-51.1399780">
    <ele>831.1</ele>
   </trkpt>
   <trkpt lat="-26.2011300" lon="-51.1399750">
    <ele>831.3</ele>
   </trkpt>
   <trkpt lat="-26.2011400" lon="-51.1399730">
    <ele>831.5</ele>
   </trkpt>
   <trkpt lat="-26.2011580" lon="-51.1399640">
    <ele>831.8</ele>
   </trkpt>
   <trkpt lat="-26.2011660" lon="-51.1399570">
    <ele>832.0</ele>
   </trkpt>
   <trkpt lat="-26.2011830" lon="-51.1399480">
    <ele>832.3</ele>
   </trkpt>
   <trkpt lat="-26.2011950" lon="-51.1399360">
    <ele>832.5</ele>
   </trkpt>
   <trkpt lat="-26.2012100" lon="-51.1399280">
    <ele>832.8</ele>
   </trkpt>
   <trkpt lat="-26.2012180" lon="-51.1399160">
    <ele>833.0</ele>
   </trkpt>
   <trkpt lat="-26.2012330" lon="-51.1399000">
    <ele>833.3</ele>
   </trkpt>
   <trkpt lat="-26.2012390" lon="-51.1398920">
    <ele>833.5</ele>
   </trkpt>
   <trkpt lat="-26.2012530" lon="-51.1398710">
    <ele>833.8</ele>
   </trkpt>
   <trkpt lat="-26.2012550" lon="-51.1398630">
    <ele>833.9</ele>
   </trkpt>
   <trkpt lat="-26.2012670" lon="-51.1398410">
    <ele>834.3</ele>
   </trkpt>
   <trkpt lat="-26.2012750" lon="-51.1398320">
    <ele>834.4</ele>
   </trkpt>
   <trkpt lat="-26.2012900" lon="-51.1398130">
    <ele>834.8</ele>
   </trkpt>
   <trkpt lat="-26.2012920" lon="-51.1398040">
    <ele>834.9</ele>
   </trkpt>
   <trkpt lat="-26.2013030" lon="-51.1397810">
    <ele>835.2</ele>
   </trkpt>
   <trkpt lat="-26.2013100" lon="-51.1397700">
    <ele>835.4</ele>
   </trkpt>
   <trkpt lat="-26.2013230" lon="-51.1397550">
    <ele>835.7</ele>
   </trkpt>
   <trkpt lat="-26.2013350" lon="-51.1397420">
    <ele>835.9</ele>
   </trkpt>
   <trkpt lat="-26.2013450" lon="-51.1397300">
    <ele>836.2</ele>
   </trkpt>
   <trkpt lat="-26.2013560" lon="-51.1397130">
    <ele>836.5</ele>
   </trkpt>
   <trkpt lat="-26.2013640" lon="-51.1397010">
    <ele>836.7</ele>
   </trkpt>
   <trkpt lat="-26.2013780" lon="-51.1396870">
    <ele>836.9</ele>
   </trkpt>
   <trkpt lat="-26.2013850" lon="-51.1396740">
    <ele>837.1</ele>
   </trkpt>
   <trkpt lat="-26.2013960" lon="-51.1396570">
    <ele>837.4</ele>
   </trkpt>
   <trkpt lat="-26.2014110" lon="-51.1396290">
    <ele>837.9</ele>
   </trkpt>
   <trkpt lat="-26.2014190" lon="-51.1396150">
    <ele>838.1</ele>
   </trkpt>
   <trkpt lat="-26.2014210" lon="-51.1396080">
    <ele>838.2</ele>
   </trkpt>
   <trkpt lat="-26.2014340" lon="-51.1395880">
    <ele>838.6</ele>
   </trkpt>
   <trkpt lat="-26.2014370" lon="-51.1395770">
    <ele>838.8</ele>
   </trkpt>
   <trkpt lat="-26.2014480" lon="-51.1395610">
    <ele>839.1</ele>
   </trkpt>
   <trkpt lat="-26.2014550" lon="-51.1395480">
    <ele>839.3</ele>
   </trkpt>
   <trkpt lat="-26.2014670" lon="-51.1395300">
    <ele>839.6</ele>
   </trkpt>
   <trkpt lat="-26.2014810" lon="-51.1395070">
    <ele>840.1</ele>
   </trkpt>
   <trkpt lat="-26.2014890" lon="-51.1394960">
    <ele>840.3</ele>
   </trkpt>
   <trkpt lat="-26.2014970" lon="-51.1394920">
    <ele>840.5</ele>
   </trkpt>
   <trkpt lat="-26.2015150" lon="-51.1394750">
    <ele>840.9</ele>
   </trkpt>
   <trkpt lat="-26.2015230" lon="-51.1394650">
    <ele>841.1</ele>
   </trkpt>
   <trkpt lat="-26.2015380" lon="-51.1394580">
    <ele>841.4</ele>
   </trkpt>
   <trkpt lat="-26.2015540" lon="-51.1394520">
    <ele>841.7</ele>
   </trkpt>
   <trkpt lat="-26.2015700" lon="-51.1394460">
    <ele>842.0</ele>
   </trkpt>
   <trkpt lat="-26.2015860" lon="-51.1394400">
    <ele>842.3</ele>
   </trkpt>
   <trkpt lat="-26.2016000" lon="-51.1394340">
    <ele>842.6</ele>
   </trkpt>
   <trkpt lat="-26.2016210" lon="-51.1394290">
    <ele>843.0</ele>
   </trkpt>
   <trkpt lat="-26.2016320" lon="-51.1394250">
    <ele>843.2</ele>
   </trkpt>
   <trkpt lat="-26.2016580" lon="-51.1394230">
    <ele>843.7</ele>
   </trkpt>
   <trkpt lat="-26.2016670" lon="-51.1394270">
    <ele>843.9</ele>
   </trkpt>
   <trkpt lat="-26.2016800" lon="-51.1394350">
    <ele>844.2</ele>
   </trkpt>
   <trkpt lat="-26.2016950" lon="-51.1394450">
    <ele>844.5</ele>
   </trkpt>
   <trkpt lat="-26.2017230" lon="-51.1394590">
    <ele>845.0</ele>
   </trkpt>
   <trkpt lat="-26.2017310" lon="-51.1394640">
    <ele>845.2</ele>
   </trkpt>
   <trkpt lat="-26.2017450" lon="-51.1394680">
    <ele>845.5</ele>
   </trkpt>
   <trkpt lat="-26.2017590" lon="-51.1394790">
    <ele>845.7</ele>
   </trkpt>
   <trkpt lat="-26.2017730" lon="-51.1394870">
    <ele>846.0</ele>
   </trkpt>
   <trkpt lat="-26.2017870" lon="-51.1394940">
    <ele>846.2</ele>
   </trkpt>
   <trkpt lat="-26.2018000" lon="-51.1395030">
    <ele>846.5</ele>
   </trkpt>
   <trkpt lat="-26.2018130" lon="-51.1395150">
    <ele>846.8</ele>
   </trkpt>
   <trkpt lat="-26.2018230" lon="-51.1395270">
    <ele>847.0</ele>
   </trkpt>
   <trkpt lat="-26.2018330" lon="-51.1395410">
    <ele>847.2</ele>
   </trkpt>
   <trkpt lat="-26.2018450" lon="-51.1395610">
    <ele>847.6</ele>
   </trkpt>
   <trkpt lat="-26.2018520" lon="-51.1395690">
    <ele>847.7</ele>
   </trkpt>
   <trkpt lat="-26.2018580" lon="-51.1395770">
    <ele>847.8</ele>
   </trkpt>
   <trkpt lat="-26.2018710" lon="-51.1395890">
    <ele>848.1</ele>
   </trkpt>
   <trkpt lat="-26.2018820" lon="-51.1396020">
    <ele>848.3</ele>
   </trkpt>
   <trkpt lat="-26.2018940" lon="-51.1396230">
    <ele>848.6</ele>
   </trkpt>
   <trkpt lat="-26.2019070" lon="-51.1396310">
    <ele>848.8</ele>
   </trkpt>
   <trkpt lat="-26.2019200" lon="-51.1396420">
    <ele>849.0</ele>
   </trkpt>
   <trkpt lat="-26.2019350" lon="-51.1396540">
    <ele>849.2</ele>
   </trkpt>
   <trkpt lat="-26.2019480" lon="-51.1396590">
    <ele>849.4</ele>
   </trkpt>
   <trkpt lat="-26.2019610" lon="-51.1396650">
    <ele>849.6</ele>
   </trkpt>
   <trkpt lat="-26.2019810" lon="-51.1396850">
    <ele>849.9</ele>
   </trkpt>
   <trkpt lat="-26.2019890" lon="-51.1396910">
    <ele>850.0</ele>
   </trkpt>
   <trkpt lat="-26.2020150" lon="-51.1397120">
    <ele>850.4</ele>
   </trkpt>
   <trkpt lat="-26.2020230" lon="-51.1397190">
    <ele>850.5</ele>
   </trkpt>
   <trkpt lat="-26.2020360" lon="-51.1397260">
    <ele>850.7</ele>
   </trkpt>
   <trkpt lat="-26.2020540" lon="-51.1397310">
    <ele>850.9</ele>
   </trkpt>
   <trkpt lat="-26.2020810" lon="-51.1397360">
    <ele>851.2</ele>
   </trkpt>
   <trkpt lat="-26.2020910" lon="-51.1397360">
    <ele>851.4</ele>
   </trkpt>
   <trkpt lat="-26.2021080" lon="-51.1397410">
    <ele>851.6</ele>
   </trkpt>
   <trkpt lat="-26.2021210" lon="-51.1397520">
    <ele>851.8</ele>
   </trkpt>
   <trkpt lat="-26.2021450" lon="-51.1397640">
    <ele>852.1</ele>
   </trkpt>
   <trkpt lat="-26.2021550" lon="-51.1397680">
    <ele>852.2</ele>
   </trkpt>
   <trkpt lat="-26.2021810" lon="-51.1397840">
    <ele>852.5</ele>
   </trkpt>
   <trkpt lat="-26.2021920" lon="-51.1397880">
    <ele>852.7</ele>
   </trkpt>
   <trkpt lat="-26.2022070" lon="-51.1397910">
    <ele>852.9</ele>
   </trkpt>
   <trkpt lat="-26.2022270" lon="-51.1397950">
    <ele>853.1</ele>
   </trkpt>
   <trkpt lat="-26.2022540" lon="-51.1398100">
    <ele>853.4</ele>
   </trkpt>
   <trkpt lat="-26.2022620" lon="-51.1398140">
    <ele>853.5</ele>
   </trkpt>
   <trkpt lat="-26.2022890" lon="-51.1398270">
    <ele>853.9</ele>
   </trkpt>
   <trkpt lat="-26.2022980" lon="-51.1398300">
    <ele>854.0</ele>
   </trkpt>
   <trkpt lat="-26.2023300" lon="-51.1398470">
    <ele>854.4</ele>
   </trkpt>
   <trkpt lat="-26.2023420" lon="-51.1398510">
    <ele>854.5</ele>
   </trkpt>
   <trkpt lat="-26.2023680" lon="-51.1398710">
    <ele>854.9</ele>
   </trkpt>
   <trkpt lat="-26.2023770" lon="-51.1398790">
    <ele>855.0</ele>
   </trkpt>
   <trkpt lat="-26.2024020" lon="-51.1399040">
    <ele>855.3</ele>
   </trkpt>
   <trkpt lat="-26.2024080" lon="-51.1399110">
    <ele>855.4</ele>
   </trkpt>
   <trkpt lat="-26.2024290" lon="-51.1399320">
    <ele>855.7</ele>
   </trkpt>
   <trkpt lat="-26.2024370" lon="-51.1399390">
    <ele>855.8</ele>
   </trkpt>
   <trkpt lat="-26.2024580" lon="-51.1399710">
    <ele>856.2</ele>
   </trkpt>
   <trkpt lat="-26.2024640" lon="-51.1399820">
    <ele>856.3</ele>
   </trkpt>
   <trkpt lat="-26.2024840" lon="-51.1400050">
    <ele>856.5</ele>
   </trkpt>
   <trkpt lat="-26.2024940" lon="-51.1400100">
    <ele>856.6</ele>
   </trkpt>
   <trkpt lat="-26.2025190" lon="-51.1400280">
    <ele>856.9</ele>
   </trkpt>
   <trkpt lat="-26.2025300" lon="-51.1400360">
    <ele>857.0</ele>
   </trkpt>
   <trkpt lat="-26.2025590" lon="-51.1400590">
    <ele>857.4</ele>
   </trkpt>
   <trkpt lat="-26.2025670" lon="-51.1400670">
    <ele>857.5</ele>
   </trkpt>
   <trkpt lat="-26.2025940" lon="-51.1400930">
    <ele>857.8</ele>
   </trkpt>
   <trkpt lat="-26.2026050" lon="-51.1401010">
    <ele>857.9</ele>
   </trkpt>
   <trkpt lat="-26.2026320" lon="-51.1401190">
    <ele>858.2</ele>
   </trkpt>
   <trkpt lat="-26.2026430" lon="-51.1401250">
    <ele>858.3</ele>
   </trkpt>
   <trkpt lat="-26.2026700" lon="-51.1401440">
    <ele>858.7</ele>
   </trkpt>
   <trkpt lat="-26.2026820" lon="-51.1401510">
    <ele>858.8</ele>
   </trkpt>
   <trkpt lat="-26.2027130" lon="-51.1401700">
    <ele>859.1</ele>
   </trkpt>
   <trkpt lat="-26.2027220" lon="-51.1401750">
    <ele>859.2</ele>
   </trkpt>
   <trkpt lat="-26.2027460" lon="-51.1401830">
    <ele>859.5</ele>
   </trkpt>
   <trkpt lat="-26.2027560" lon="-51.1401850">
    <ele>859.6</ele>
   </trkpt>
   <trkpt lat="-26.2027860" lon="-51.1402010">
    <ele>859.9</ele>
   </trkpt>
   <trkpt lat="-26.2027970" lon="-51.1402080">
    <ele>860.1</ele>
   </trkpt>
   <trkpt lat="-26.2028290" lon="-51.1402230">
    <ele>860.4</ele>
   </trkpt>
   <trkpt lat="-26.2028630" lon="-51.1402390">
    <ele>860.8</ele>
   </trkpt>
   <trkpt lat="-26.2028740" lon="-51.1402410">
    <ele>861.0</ele>
   </trkpt>
   <trkpt lat="-26.2029060" lon="-51.1402560">
    <ele>861.4</ele>
   </trkpt>
   <trkpt lat="-26.2029170" lon="-51.1402630">
    <ele>861.5</ele>
   </trkpt>
   <trkpt lat="-26.2029460" lon="-51.1402800">
    <ele>861.9</ele>
   </trkpt>
   <trkpt lat="-26.2029550" lon="-51.1402850">
    <ele>862.0</ele>
   </trkpt>
   <trkpt lat="-26.2029810" lon="-51.1403040">
    <ele>862.4</ele>
   </trkpt>
   <trkpt lat="-26.2029890" lon="-51.1403130">
    <ele>862.6</ele>
   </trkpt>
   <trkpt lat="-26.2030180" lon="-51.1403320">
    <ele>863.0</ele>
   </trkpt>
   <trkpt lat="-26.2030270" lon="-51.1403400">
    <ele>863.1</ele>
   </trkpt>
   <trkpt lat="-26.2030520" lon="-51.1403550">
    <ele>863.5</ele>
   </trkpt>
   <trkpt lat="-26.2030600" lon="-51.1403600">
    <ele>863.6</ele>
   </trkpt>
   <trkpt lat="-26.2030880" lon="-51.1403750">
    <ele>864.0</ele>
   </trkpt>
   <trkpt lat="-26.2030960" lon="-51.1403850">
    <ele>864.1</ele>
   </trkpt>
   <trkpt lat="-26.2031210" lon="-51.1403930">
    <ele>864.5</ele>
   </trkpt>
   <trkpt lat="-26.2031330" lon="-51.1403980">
    <ele>864.6</ele>
   </trkpt>
   <trkpt lat="-26.2031580" lon="-51.1404180">
    <ele>865.0</ele>
   </trkpt>
   <trkpt lat="-26.2031670" lon="-51.1404260">
    <ele>865.2</ele>
   </trkpt>
   <trkpt lat="-26.2032000" lon="-51.1404380">
    <ele>865.6</ele>
   </trkpt>
   <trkpt lat="-26.2032110" lon="-51.1404420">
    <ele>865.7</ele>
   </trkpt>
   <trkpt lat="-26.2032400" lon="-51.1404570">
    <ele>866.1</ele>
   </trkpt>
   <trkpt lat="-26.2032480" lon="-51.1404610">
    <ele>866.2</ele>
   </trkpt>
   <trkpt lat="-26.2032750" lon="-51.1404730">
    <ele>866.6</ele>
   </trkpt>
   <trkpt lat="-26.2032840" lon="-51.1404780">
    <ele>866.7</ele>
   </trkpt>
   <trkpt lat="-26.2033150" lon="-51.1404870">
    <ele>867.1</ele>
   </trkpt>
   <trkpt lat="-26.2033250" lon="-51.1404900">
    <ele>867.2</ele>
   </trkpt>
   <trkpt lat="-26.2033550" lon="-51.1404990">
    <ele>867.6</ele>
   </trkpt>
   <trkpt lat="-26.2033650" lon="-51.1405020">
    <ele>867.7</ele>
   </trkpt>
   <trkpt lat="-26.2033920" lon="-51.1405130">
    <ele>868.0</ele>
   </trkpt>
   <trkpt lat="-26.2034010" lon="-51.1405180">
    <ele>868.1</ele>
   </trkpt>
   <trkpt lat="-26.2034260" lon="-51.1405330">
    <ele>868.5</ele>
   </trkpt>
   <trkpt lat="-26.2034360" lon="-51.1405350">
    <ele>868.6</ele>
   </trkpt>
   <trkpt lat="-26.2034650" lon="-51.1405450">
    <ele>868.9</ele>
   </trkpt>
   <trkpt lat="-26.2034740" lon="-51.1405490">
    <ele>869.0</ele>
   </trkpt>
   <trkpt lat="-26.2035010" lon="-51.1405640">
    <ele>869.3</ele>
   </trkpt>
   <trkpt lat="-26.2035110" lon="-51.1405690">
    <ele>869.4</ele>
   </trkpt>
   <trkpt lat="-26.2035390" lon="-51.1405730">
    <ele>869.7</ele>
   </trkpt>
   <trkpt lat="-26.2035500" lon="-51.1405730">
    <ele>869.8</ele>
   </trkpt>
   <trkpt lat="-26.2035790" lon="-51.1405800">
    <ele>870.1</ele>
   </trkpt>
   <trkpt lat="-26.2035870" lon="-51.1405830">
    <ele>870.2</ele>
   </trkpt>
   <trkpt lat="-26.2036120" lon="-51.1405950">
    <ele>870.5</ele>
   </trkpt>
   <trkpt lat="-26.2036380" lon="-51.1406040">
    <ele>870.8</ele>
   </trkpt>
   <trkpt lat="-26.2036530" lon="-51.1406100">
    <ele>870.9</ele>
   </trkpt>
   <trkpt lat="-26.2036800" lon="-51.1406200">
    <ele>871.2</ele>
   </trkpt>
   <trkpt lat="-26.2037070" lon="-51.1406410">
    <ele>871.4</ele>
   </trkpt>
   <trkpt lat="-26.2037280" lon="-51.1406610">
    <ele>871.6</ele>
   </trkpt>
   <trkpt lat="-26.2037380" lon="-51.1406670">
    <ele>871.7</ele>
   </trkpt>
   <trkpt lat="-26.2037650" lon="-51.1407010">
    <ele>872.0</ele>
   </trkpt>
   <trkpt lat="-26.2037750" lon="-51.1407100">
    <ele>872.1</ele>
   </trkpt>
   <trkpt lat="-26.2038010" lon="-51.1407370">
    <ele>872.4</ele>
   </trkpt>
   <trkpt lat="-26.2038090" lon="-51.1407450">
    <ele>872.5</ele>
   </trkpt>
   <trkpt lat="-26.2038320" lon="-51.1407790">
    <ele>872.8</ele>
   </trkpt>
   <trkpt lat="-26.2038390" lon="-51.1407900">
    <ele>873.0</ele>
   </trkpt>
   <trkpt lat="-26.2038490" lon="-51.1408240">
    <ele>873.3</ele>
   </trkpt>
   <trkpt lat="-26.2038540" lon="-51.1408340">
    <ele>873.4</ele>
   </trkpt>
   <trkpt lat="-26.2038760" lon="-51.1408660">
    <ele>873.7</ele>
   </trkpt>
   <trkpt lat="-26.2038830" lon="-51.1408760">
    <ele>873.9</ele>
   </trkpt>
   <trkpt lat="-26.2039050" lon="-51.1409050">
    <ele>874.2</ele>
   </trkpt>
   <trkpt lat="-26.2039110" lon="-51.1409140">
    <ele>874.3</ele>
   </trkpt>
   <trkpt lat="-26.2039400" lon="-51.1409440">
    <ele>874.7</ele>
   </trkpt>
   <trkpt lat="-26.2039490" lon="-51.1409520">
    <ele>874.8</ele>
   </trkpt>
   <trkpt lat="-26.2039730" lon="-51.1409770">
    <ele>875.1</ele>
   </trkpt>
   <trkpt lat="-26.2039840" lon="-51.1409860">
    <ele>875.2</ele>
   </trkpt>
   <trkpt lat="-26.2040130" lon="-51.1410110">
    <ele>875.6</ele>
   </trkpt>
   <trkpt lat="-26.2040230" lon="-51.1410200">
    <ele>875.7</ele>
   </trkpt>
   <trkpt lat="-26.2040580" lon="-51.1410370">
    <ele>876.1</ele>
   </trkpt>
   <trkpt lat="-26.2040690" lon="-51.1410420">
    <ele>876.2</ele>
   </trkpt>
   <trkpt lat="-26.2040980" lon="-51.1410600">
    <ele>876.5</ele>
   </trkpt>
   <trkpt lat="-26.2041080" lon="-51.1410650">
    <ele>876.6</ele>
   </trkpt>
   <trkpt lat="-26.2041350" lon="-51.1410710">
    <ele>876.9</ele>
   </trkpt>
   <trkpt lat="-26.2041660" lon="-51.1410850">
    <ele>877.2</ele>
   </trkpt>
   <trkpt lat="-26.2041760" lon="-51.1410910">
    <ele>877.3</ele>
   </trkpt>
   <trkpt lat="-26.2042030" lon="-51.1411040">
    <ele>877.6</ele>
   </trkpt>
   <trkpt lat="-26.2042150" lon="-51.1411080">
    <ele>877.7</ele>
   </trkpt>
   <trkpt lat="-26.2042460" lon="-51.1411250">
    <ele>878.0</ele>
   </trkpt>
   <trkpt lat="-26.2042550" lon="-51.1411340">
    <ele>878.1</ele>
   </trkpt>
   <trkpt lat="-26.2042640" lon="-51.1411460">
    <ele>878.2</ele>
   </trkpt>
   <trkpt lat="-26.2042820" lon="-51.1411490">
    <ele>878.4</ele>
   </trkpt>
   <trkpt lat="-26.2043120" lon="-51.1411560">
    <ele>878.7</ele>
   </trkpt>
   <trkpt lat="-26.2043210" lon="-51.1411600">
    <ele>878.8</ele>
   </trkpt>
   <trkpt lat="-26.2043490" lon="-51.1411750">
    <ele>879.1</ele>
   </trkpt>
   <trkpt lat="-26.2043830" lon="-51.1411880">
    <ele>879.4</ele>
   </trkpt>
   <trkpt lat="-26.2043990" lon="-51.1411940">
    <ele>879.6</ele>
   </trkpt>
   <trkpt lat="-26.2044360" lon="-51.1412040">
    <ele>880.0</ele>
   </trkpt>
   <trkpt lat="-26.2044500" lon="-51.1412100">
    <ele>880.1</ele>
   </trkpt>
   <trkpt lat="-26.2044760" lon="-51.1412220">
    <ele>880.4</ele>
   </trkpt>
   <trkpt lat="-26.2044870" lon="-51.1412280">
    <ele>880.6</ele>
   </trkpt>
   <trkpt lat="-26.2045130" lon="-51.1412360">
    <ele>880.8</ele>
   </trkpt>
   <trkpt lat="-26.2045290" lon="-51.1412380">
    <ele>881.0</ele>
   </trkpt>
   <trkpt lat="-26.2045450" lon="-51.1412440">
    <ele>881.2</ele>
   </trkpt>
   <trkpt lat="-26.2045790" lon="-51.1412590">
    <ele>881.6</ele>
   </trkpt>
   <trkpt lat="-26.2045890" lon="-51.1412640">
    <ele>881.7</ele>
   </trkpt>
   <trkpt lat="-26.2046120" lon="-51.1412740">
    <ele>882.0</ele>
   </trkpt>
   <trkpt lat="-26.2046190" lon="-51.1412770">
    <ele>882.0</ele>
   </trkpt>
   <trkpt lat="-26.2046450" lon="-51.1412920">
    <ele>882.4</ele>
   </trkpt>
   <trkpt lat="-26.2046530" lon="-51.1412970">
    <ele>882.5</ele>
   </trkpt>
   <trkpt lat="-26.2046810" lon="-51.1413080">
    <ele>882.8</ele>
   </trkpt>
   <trkpt lat="-26.2046910" lon="-51.1413130">
    <ele>882.9</ele>
   </trkpt>
   <trkpt lat="-26.2047220" lon="-51.1413260">
    <ele>883.2</ele>
   </trkpt>
   <trkpt lat="-26.2047350" lon="-51.1413330">
    <ele>883.4</ele>
   </trkpt>
   <trkpt lat="-26.2047630" lon="-51.1413370">
    <ele>883.7</ele>
   </trkpt>
   <trkpt lat="-26.2047790" lon="-51.1413400">
    <ele>883.9</ele>
   </trkpt>
   <trkpt lat="-26.2047880" lon="-51.1413450">
    <ele>884.0</ele>
   </trkpt>
   <trkpt lat="-26.2048090" lon="-51.1413520">
    <ele>884.2</ele>
   </trkpt>
   <trkpt lat="-26.2048350" lon="-51.1413650">
    <ele>884.6</ele>
   </trkpt>
   <trkpt lat="-26.2048430" lon="-51.1413710">
    <ele>884.7</ele>
   </trkpt>
   <trkpt lat="-26.2048720" lon="-51.1413780">
    <ele>885.1</ele>
   </trkpt>
   <trkpt lat="-26.2048800" lon="-51.1413820">
    <ele>885.2</ele>
   </trkpt>
   <trkpt lat="-26.2049010" lon="-51.1413920">
    <ele>885.5</ele>
   </trkpt>
   <trkpt lat="-26.2049130" lon="-51.1413890">
    <ele>885.7</ele>
   </trkpt>
   <trkpt lat="-26.2049400" lon="-51.1414080">
    <ele>886.2</ele>
   </trkpt>
   <trkpt lat="-26.2049500" lon="-51.1414160">
    <ele>886.4</ele>
   </trkpt>
   <trkpt lat="-26.2049720" lon="-51.1414300">
    <ele>886.9</ele>
   </trkpt>
   <trkpt lat="-26.2049810" lon="-51.1414340">
    <ele>887.0</ele>
   </trkpt>
   <trkpt lat="-26.2050110" lon="-51.1414410">
    <ele>887.6</ele>
   </trkpt>
   <trkpt lat="-26.2050170" lon="-51.1414440">
    <ele>887.7</ele>
   </trkpt>
   <trkpt lat="-26.2050460" lon="-51.1414610">
    <ele>888.2</ele>
   </trkpt>
   <trkpt lat="-26.2050540" lon="-51.1414640">
    <ele>888.4</ele>
   </trkpt>
   <trkpt lat="-26.2050840" lon="-51.1414750">
    <ele>888.9</ele>
   </trkpt>
   <trkpt lat="-26.2050930" lon="-51.1414770">
    <ele>889.1</ele>
   </trkpt>
   <trkpt lat="-26.2051250" lon="-51.1414740">
    <ele>889.6</ele>
   </trkpt>
   <trkpt lat="-26.2051350" lon="-51.1414720">
    <ele>889.8</ele>
   </trkpt>
   <trkpt lat="-26.2051650" lon="-51.1414710">
    <ele>890.3</ele>
   </trkpt>
   <trkpt lat="-26.2051760" lon="-51.1414750">
    <ele>890.5</ele>
   </trkpt>
   <trkpt lat="-26.2052110" lon="-51.1414790">
    <ele>891.0</ele>
   </trkpt>
   <trkpt lat="-26.2052250" lon="-51.1414770">
    <ele>891.2</ele>
   </trkpt>
   <trkpt lat="-26.2052520" lon="-51.1414800">
    <ele>891.7</ele>
   </trkpt>
   <trkpt lat="-26.2052640" lon="-51.1414810">
    <ele>891.9</ele>
   </trkpt>
   <trkpt lat="-26.2052960" lon="-51.1414800">
    <ele>892.4</ele>
   </trkpt>
   <trkpt lat="-26.2053080" lon="-51.1414790">
    <ele>892.5</ele>
   </trkpt>
   <trkpt lat="-26.2053410" lon="-51.1414720">
    <ele>893.0</ele>
   </trkpt>
   <trkpt lat="-26.2053500" lon="-51.1414660">
    <ele>893.2</ele>
   </trkpt>
   <trkpt lat="-26.2053830" lon="-51.1414620">
    <ele>893.6</ele>
   </trkpt>
   <trkpt lat="-26.2053940" lon="-51.1414620">
    <ele>893.7</ele>
   </trkpt>
   <trkpt lat="-26.2054330" lon="-51.1414560">
    <ele>894.2</ele>
   </trkpt>
   <trkpt lat="-26.2054470" lon="-51.1414540">
    <ele>894.3</ele>
   </trkpt>
   <trkpt lat="-26.2054760" lon="-51.1414530">
    <ele>894.6</ele>
   </trkpt>
   <trkpt lat="-26.2054870" lon="-51.1414550">
    <ele>894.6</ele>
   </trkpt>
   <trkpt lat="-26.2055210" lon="-51.1414570">
    <ele>894.9</ele>
   </trkpt>
   <trkpt lat="-26.2055340" lon="-51.1414600">
    <ele>895.0</ele>
   </trkpt>
   <trkpt lat="-26.2055650" lon="-51.1414720">
    <ele>895.2</ele>
   </trkpt>
   <trkpt lat="-26.2055750" lon="-51.1414750">
    <ele>895.3</ele>
   </trkpt>
   <trkpt lat="-26.2056020" lon="-51.1414840">
    <ele>895.4</ele>
   </trkpt>
   <trkpt lat="-26.2056300" lon="-51.1414980">
    <ele>895.6</ele>
   </trkpt>
   <trkpt lat="-26.2056400" lon="-51.1415050">
    <ele>895.7</ele>
   </trkpt>
   <trkpt lat="-26.2056760" lon="-51.1415190">
    <ele>895.9</ele>
   </trkpt>
   <trkpt lat="-26.2056870" lon="-51.1415240">
    <ele>896.0</ele>
   </trkpt>
   <trkpt lat="-26.2057200" lon="-51.1415420">
    <ele>896.1</ele>
   </trkpt>
   <trkpt lat="-26.2057330" lon="-51.1415470">
    <ele>896.2</ele>
   </trkpt>
   <trkpt lat="-26.2057630" lon="-51.1415690">
    <ele>896.4</ele>
   </trkpt>
   <trkpt lat="-26.2057740" lon="-51.1415750">
    <ele>896.4</ele>
   </trkpt>
   <trkpt lat="-26.2058030" lon="-51.1415980">
    <ele>896.6</ele>
   </trkpt>
   <trkpt lat="-26.2058130" lon="-51.1416040">
    <ele>896.6</ele>
   </trkpt>
   <trkpt lat="-26.2058500" lon="-51.1416250">
    <ele>896.8</ele>
   </trkpt>
   <trkpt lat="-26.2058630" lon="-51.1416330">
    <ele>896.8</ele>
   </trkpt>
   <trkpt lat="-26.2059100" lon="-51.1416470">
    <ele>897.0</ele>
   </trkpt>
   <trkpt lat="-26.2059360" lon="-51.1416590">
    <ele>897.1</ele>
   </trkpt>
   <trkpt lat="-26.2059740" lon="-51.1416720">
    <ele>897.2</ele>
   </trkpt>
   <trkpt lat="-26.2059890" lon="-51.1416780">
    <ele>897.3</ele>
   </trkpt>
   <trkpt lat="-26.2060160" lon="-51.1416910">
    <ele>897.4</ele>
   </trkpt>
   <trkpt lat="-26.2060430" lon="-51.1416970">
    <ele>897.5</ele>
   </trkpt>
   <trkpt lat="-26.2060710" lon="-51.1417090">
    <ele>897.6</ele>
   </trkpt>
   <trkpt lat="-26.2060990" lon="-51.1417160">
    <ele>897.8</ele>
   </trkpt>
   <trkpt lat="-26.2061270" lon="-51.1417300">
    <ele>897.9</ele>
   </trkpt>
   <trkpt lat="-26.2061550" lon="-51.1417410">
    <ele>898.1</ele>
   </trkpt>
   <trkpt lat="-26.2061870" lon="-51.1417530">
    <ele>898.3</ele>
   </trkpt>
   <trkpt lat="-26.2062140" lon="-51.1417600">
    <ele>898.5</ele>
   </trkpt>
   <trkpt lat="-26.2062410" lon="-51.1417710">
    <ele>898.7</ele>
   </trkpt>
   <trkpt lat="-26.2062690" lon="-51.1417770">
    <ele>898.9</ele>
   </trkpt>
   <trkpt lat="-26.2062960" lon="-51.1417850">
    <ele>899.1</ele>
   </trkpt>
   <trkpt lat="-26.2063350" lon="-51.1417910">
    <ele>899.4</ele>
   </trkpt>
   <trkpt lat="-26.2063490" lon="-51.1417930">
    <ele>899.6</ele>
   </trkpt>
   <trkpt lat="-26.2063760" lon="-51.1417960">
    <ele>899.8</ele>
   </trkpt>
   <trkpt lat="-26.2064120" lon="-51.1418090">
    <ele>900.2</ele>
   </trkpt>
   <trkpt lat="-26.2064250" lon="-51.1418110">
    <ele>900.3</ele>
   </trkpt>
   <trkpt lat="-26.2064630" lon="-51.1418250">
    <ele>900.8</ele>
   </trkpt>
   <trkpt lat="-26.2064750" lon="-51.1418290">
    <ele>900.9</ele>
   </trkpt>
   <trkpt lat="-26.2065130" lon="-51.1418390">
    <ele>901.3</ele>
   </trkpt>
   <trkpt lat="-26.2065260" lon="-51.1418410">
    <ele>901.5</ele>
   </trkpt>
   <trkpt lat="-26.2065520" lon="-51.1418470">
    <ele>901.8</ele>
   </trkpt>
   <trkpt lat="-26.2065900" lon="-51.1418520">
    <ele>902.2</ele>
   </trkpt>
   <trkpt lat="-26.2066050" lon="-51.1418510">
    <ele>902.4</ele>
   </trkpt>
   <trkpt lat="-26.2066410" lon="-51.1418590">
    <ele>902.8</ele>
   </trkpt>
   <trkpt lat="-26.2066530" lon="-51.1418580">
    <ele>903.0</ele>
   </trkpt>
   <trkpt lat="-26.2066890" lon="-51.1418590">
    <ele>903.4</ele>
   </trkpt>
   <trkpt lat="-26.2067050" lon="-51.1418560">
    <ele>903.6</ele>
   </trkpt>
   <trkpt lat="-26.2067410" lon="-51.1418630">
    <ele>904.0</ele>
   </trkpt>
   <trkpt lat="-26.2067550" lon="-51.1418610">
    <ele>904.1</ele>
   </trkpt>
   <trkpt lat="-26.2067850" lon="-51.1418660">
    <ele>904.5</ele>
   </trkpt>
   <trkpt lat="-26.2067960" lon="-51.1418670">
    <ele>904.6</ele>
   </trkpt>
   <trkpt lat="-26.2068240" lon="-51.1418750">
    <ele>904.9</ele>
   </trkpt>
   <trkpt lat="-26.2068410" lon="-51.1418760">
    <ele>905.1</ele>
   </trkpt>
   <trkpt lat="-26.2068510" lon="-51.1418770">
    <ele>905.2</ele>
   </trkpt>
   <trkpt lat="-26.2068710" lon="-51.1418800">
    <ele>905.4</ele>
   </trkpt>
   <trkpt lat="-26.2069000" lon="-51.1418810">
    <ele>905.6</ele>
   </trkpt>
   <trkpt lat="-26.2069290" lon="-51.1418770">
    <ele>905.8</ele>
   </trkpt>
   <trkpt lat="-26.2069430" lon="-51.1418740">
    <ele>905.9</ele>
   </trkpt>
   <trkpt lat="-26.2069710" lon="-51.1418720">
    <ele>906.1</ele>
   </trkpt>
   <trkpt lat="-26.2069830" lon="-51.1418700">
    <ele>906.2</ele>
   </trkpt>
   <trkpt lat="-26.2070140" lon="-51.1418750">
    <ele>906.3</ele>
   </trkpt>
   <trkpt lat="-26.2070220" lon="-51.1418760">
    <ele>906.4</ele>
   </trkpt>
   <trkpt lat="-26.2070560" lon="-51.1418740">
    <ele>906.6</ele>
   </trkpt>
   <trkpt lat="-26.2070660" lon="-51.1418770">
    <ele>906.6</ele>
   </trkpt>
   <trkpt lat="-26.2070910" lon="-51.1418810">
    <ele>906.7</ele>
   </trkpt>
   <trkpt lat="-26.2071220" lon="-51.1418820">
    <ele>906.9</ele>
   </trkpt>
   <trkpt lat="-26.2071530" lon="-51.1418820">
    <ele>907.0</ele>
   </trkpt>
   <trkpt lat="-26.2071660" lon="-51.1418830">
    <ele>907.0</ele>
   </trkpt>
   <trkpt lat="-26.2072030" lon="-51.1418880">
    <ele>907.2</ele>
   </trkpt>
   <trkpt lat="-26.2072150" lon="-51.1418890">
    <ele>907.2</ele>
   </trkpt>
   <trkpt lat="-26.2072510" lon="-51.1418900">
    <ele>907.4</ele>
   </trkpt>
   <trkpt lat="-26.2072830" lon="-51.1418980">
    <ele>907.5</ele>
   </trkpt>
   <trkpt lat="-26.2072980" lon="-51.1418970">
    <ele>907.6</ele>
   </trkpt>
   <trkpt lat="-26.2073280" lon="-51.1418960">
    <ele>907.7</ele>
   </trkpt>
   <trkpt lat="-26.2073700" lon="-51.1418940">
    <ele>907.8</ele>
   </trkpt>
   <trkpt lat="-26.2073890" lon="-51.1418940">
    <ele>907.9</ele>
   </trkpt>
   <trkpt lat="-26.2074280" lon="-51.1418920">
    <ele>908.0</ele>
   </trkpt>
   <trkpt lat="-26.2074520" lon="-51.1418900">
    <ele>908.1</ele>
   </trkpt>
   <trkpt lat="-26.2074920" lon="-51.1418940">
    <ele>908.2</ele>
   </trkpt>
   <trkpt lat="-26.2075230" lon="-51.1418950">
    <ele>908.3</ele>
   </trkpt>
   <trkpt lat="-26.2075590" lon="-51.1418990">
    <ele>908.4</ele>
   </trkpt>
   <trkpt lat="-26.2075920" lon="-51.1418940">
    <ele>908.5</ele>
   </trkpt>
   <trkpt lat="-26.2076240" lon="-51.1419010">
    <ele>908.6</ele>
   </trkpt>
   <trkpt lat="-26.2076580" lon="-51.1419030">
    <ele>908.7</ele>
   </trkpt>
   <trkpt lat="-26.2076940" lon="-51.1419030">
    <ele>908.8</ele>
   </trkpt>
   <trkpt lat="-26.2077300" lon="-51.1418990">
    <ele>909.0</ele>
   </trkpt>
   <trkpt lat="-26.2077580" lon="-51.1418970">
    <ele>909.1</ele>
   </trkpt>
   <trkpt lat="-26.2077910" lon="-51.1418950">
    <ele>909.2</ele>
   </trkpt>
   <trkpt lat="-26.2078290" lon="-51.1418860">
    <ele>909.4</ele>
   </trkpt>
   <trkpt lat="-26.2078610" lon="-51.1418800">
    <ele>909.6</ele>
   </trkpt>
   <trkpt lat="-26.2078960" lon="-51.1418720">
    <ele>909.8</ele>
   </trkpt>
   <trkpt lat="-26.2079260" lon="-51.1418650">
    <ele>910.0</ele>
   </trkpt>
   <trkpt lat="-26.2079660" lon="-51.1418500">
    <ele>910.3</ele>
   </trkpt>
   <trkpt lat="-26.2079840" lon="-51.1418440">
    <ele>910.4</ele>
   </trkpt>
   <trkpt lat="-26.2080130" lon="-51.1418440">
    <ele>910.5</ele>
   </trkpt>
   <trkpt lat="-26.2080500" lon="-51.1418360">
    <ele>910.8</ele>
   </trkpt>
   <trkpt lat="-26.2080910" lon="-51.1418200">
    <ele>911.0</ele>
   </trkpt>
   <trkpt lat="-26.2081170" lon="-51.1418130">
    <ele>911.2</ele>
   </trkpt>
   <trkpt lat="-26.2081520" lon="-51.1417980">
    <ele>911.4</ele>
   </trkpt>
   <trkpt lat="-26.2081810" lon="-51.1417830">
    <ele>911.6</ele>
   </trkpt>
   <trkpt lat="-26.2082070" lon="-51.1417740">
    <ele>911.8</ele>
   </trkpt>
   <trkpt lat="-26.2082380" lon="-51.1417560">
    <ele>912.0</ele>
   </trkpt>
   <trkpt lat="-26.2082660" lon="-51.1417470">
    <ele>912.2</ele>
   </trkpt>
   <trkpt lat="-26.2082970" lon="-51.1417350">
    <ele>912.4</ele>
   </trkpt>
   <trkpt lat="-26.2083230" lon="-51.1417240">
    <ele>912.6</ele>
   </trkpt>
   <trkpt lat="-26.2083540" lon="-51.1417080">
    <ele>912.8</ele>
   </trkpt>
   <trkpt lat="-26.2083820" lon="-51.1417070">
    <ele>913.0</ele>
   </trkpt>
   <trkpt lat="-26.2084190" lon="-51.1416950">
    <ele>913.2</ele>
   </trkpt>
   <trkpt lat="-26.2084470" lon="-51.1416850">
    <ele>913.4</ele>
   </trkpt>
   <trkpt lat="-26.2084780" lon="-51.1416870">
    <ele>913.6</ele>
   </trkpt>
   <trkpt lat="-26.2085090" lon="-51.1416890">
    <ele>913.8</ele>
   </trkpt>
   <trkpt lat="-26.2085430" lon="-51.1416930">
    <ele>914.0</ele>
   </trkpt>
   <trkpt lat="-26.2085830" lon="-51.1417000">
    <ele>914.2</ele>
   </trkpt>
   <trkpt lat="-26.2086130" lon="-51.1417060">
    <ele>914.4</ele>
   </trkpt>
   <trkpt lat="-26.2086450" lon="-51.1417200">
    <ele>914.5</ele>
   </trkpt>
   <trkpt lat="-26.2086790" lon="-51.1417340">
    <ele>914.7</ele>
   </trkpt>
   <trkpt lat="-26.2086930" lon="-51.1417440">
    <ele>914.8</ele>
   </trkpt>
   <trkpt lat="-26.2087180" lon="-51.1417620">
    <ele>914.9</ele>
   </trkpt>
   <trkpt lat="-26.2087490" lon="-51.1417750">
    <ele>915.0</ele>
   </trkpt>
   <trkpt lat="-26.2087830" lon="-51.1417830">
    <ele>915.2</ele>
   </trkpt>
   <trkpt lat="-26.2088110" lon="-51.1418080">
    <ele>915.3</ele>
   </trkpt>
   <trkpt lat="-26.2088410" lon="-51.1418250">
    <ele>915.4</ele>
   </trkpt>
   <trkpt lat="-26.2088520" lon="-51.1418260">
    <ele>915.4</ele>
   </trkpt>
   <trkpt lat="-26.2088830" lon="-51.1418500">
    <ele>915.5</ele>
   </trkpt>
   <trkpt lat="-26.2088930" lon="-51.1418550">
    <ele>915.5</ele>
   </trkpt>
   <trkpt lat="-26.2089270" lon="-51.1418790">
    <ele>915.7</ele>
   </trkpt>
   <trkpt lat="-26.2089520" lon="-51.1419020">
    <ele>915.8</ele>
   </trkpt>
   <trkpt lat="-26.2089620" lon="-51.1419120">
    <ele>915.8</ele>
   </trkpt>
   <trkpt lat="-26.2090020" lon="-51.1419440">
    <ele>915.9</ele>
   </trkpt>
   <trkpt lat="-26.2090470" lon="-51.1419690">
    <ele>916.0</ele>
   </trkpt>
   <trkpt lat="-26.2090760" lon="-51.1419970">
    <ele>916.1</ele>
   </trkpt>
   <trkpt lat="-26.2091090" lon="-51.1420170">
    <ele>916.3</ele>
   </trkpt>
   <trkpt lat="-26.2091430" lon="-51.1420370">
    <ele>916.4</ele>
   </trkpt>
   <trkpt lat="-26.2091770" lon="-51.1420590">
    <ele>916.5</ele>
   </trkpt>
   <trkpt lat="-26.2092100" lon="-51.1420810">
    <ele>916.7</ele>
   </trkpt>
   <trkpt lat="-26.2092340" lon="-51.1421070">
    <ele>916.9</ele>
   </trkpt>
   <trkpt lat="-26.2092750" lon="-51.1421200">
    <ele>917.1</ele>
   </trkpt>
   <trkpt lat="-26.2093080" lon="-51.1421250">
    <ele>917.3</ele>
   </trkpt>
   <trkpt lat="-26.2093410" lon="-51.1421350">
    <ele>917.6</ele>
   </trkpt>
   <trkpt lat="-26.2093750" lon="-51.1421440">
    <ele>917.9</ele>
   </trkpt>
   <trkpt lat="-26.2094100" lon="-51.1421550">
    <ele>918.2</ele>
   </trkpt>
   <trkpt lat="-26.2094400" lon="-51.1421660">
    <ele>918.4</ele>
   </trkpt>
   <trkpt lat="-26.2094740" lon="-51.1421740">
    <ele>918.8</ele>
   </trkpt>
   <trkpt lat="-26.2095080" lon="-51.1421750">
    <ele>919.1</ele>
   </trkpt>
   <trkpt lat="-26.2095440" lon="-51.1421760">
    <ele>919.4</ele>
   </trkpt>
   <trkpt lat="-26.2095730" lon="-51.1421680">
    <ele>919.7</ele>
   </trkpt>
   <trkpt lat="-26.2096040" lon="-51.1421600">
    <ele>920.0</ele>
   </trkpt>
   <trkpt lat="-26.2096430" lon="-51.1421560">
    <ele>920.5</ele>
   </trkpt>
   <trkpt lat="-26.2096560" lon="-51.1421550">
    <ele>920.6</ele>
   </trkpt>
   <trkpt lat="-26.2096950" lon="-51.1421490">
    <ele>921.0</ele>
   </trkpt>
   <trkpt lat="-26.2097080" lon="-51.1421450">
    <ele>921.2</ele>
   </trkpt>
   <trkpt lat="-26.2097400" lon="-51.1421370">
    <ele>921.6</ele>
   </trkpt>
   <trkpt lat="-26.2097690" lon="-51.1421240">
    <ele>921.9</ele>
   </trkpt>
   <trkpt lat="-26.2098050" lon="-51.1421160">
    <ele>922.3</ele>
   </trkpt>
   <trkpt lat="-26.2098150" lon="-51.1421120">
    <ele>922.5</ele>
   </trkpt>
   <trkpt lat="-26.2098510" lon="-51.1420960">
    <ele>922.9</ele>
   </trkpt>
   <trkpt lat="-26.2098660" lon="-51.1420910">
    <ele>923.1</ele>
   </trkpt>
   <trkpt lat="-26.2098930" lon="-51.1420750">
    <ele>923.4</ele>
   </trkpt>
   <trkpt lat="-26.2099220" lon="-51.1420610">
    <ele>923.8</ele>
   </trkpt>
   <trkpt lat="-26.2099580" lon="-51.1420440">
    <ele>924.2</ele>
   </trkpt>
   <trkpt lat="-26.2099710" lon="-51.1420410">
    <ele>924.3</ele>
   </trkpt>
   <trkpt lat="-26.2100060" lon="-51.1420290">
    <ele>924.7</ele>
   </trkpt>
   <trkpt lat="-26.2100190" lon="-51.1420240">
    <ele>924.9</ele>
   </trkpt>
   <trkpt lat="-26.2100530" lon="-51.1420170">
    <ele>925.3</ele>
   </trkpt>
   <trkpt lat="-26.2100630" lon="-51.1420160">
    <ele>925.4</ele>
   </trkpt>
   <trkpt lat="-26.2100950" lon="-51.1420080">
    <ele>925.7</ele>
   </trkpt>
   <trkpt lat="-26.2101230" lon="-51.1420010">
    <ele>926.1</ele>
   </trkpt>
   <trkpt lat="-26.2101320" lon="-51.1419980">
    <ele>926.2</ele>
   </trkpt>
   <trkpt lat="-26.2101640" lon="-51.1419870">
    <ele>926.6</ele>
   </trkpt>
   <trkpt lat="-26.2101730" lon="-51.1419880">
    <ele>926.7</ele>
   </trkpt>
   <trkpt lat="-26.2102070" lon="-51.1419790">
    <ele>927.2</ele>
   </trkpt>
   <trkpt lat="-26.2102170" lon="-51.1419780">
    <ele>927.3</ele>
   </trkpt>
   <trkpt lat="-26.2102490" lon="-51.1419770">
    <ele>927.8</ele>
   </trkpt>
   <trkpt lat="-26.2102590" lon="-51.1419780">
    <ele>927.9</ele>
   </trkpt>
   <trkpt lat="-26.2102910" lon="-51.1419670">
    <ele>928.4</ele>
   </trkpt>
   <trkpt lat="-26.2103020" lon="-51.1419650">
    <ele>928.6</ele>
   </trkpt>
   <trkpt lat="-26.2103330" lon="-51.1419640">
    <ele>929.0</ele>
   </trkpt>
   <trkpt lat="-26.2103430" lon="-51.1419640">
    <ele>929.2</ele>
   </trkpt>
   <trkpt lat="-26.2103570" lon="-51.1419640">
    <ele>929.4</ele>
   </trkpt>
   <trkpt lat="-26.2103750" lon="-51.1419590">
    <ele>929.6</ele>
   </trkpt>
   <trkpt lat="-26.2103920" lon="-51.1419550">
    <ele>929.9</ele>
   </trkpt>
   <trkpt lat="-26.2104090" lon="-51.1419470">
    <ele>930.2</ele>
   </trkpt>
   <trkpt lat="-26.2104280" lon="-51.1419500">
    <ele>930.5</ele>
   </trkpt>
   <trkpt lat="-26.2104410" lon="-51.1419570">
    <ele>930.7</ele>
   </trkpt>
   <trkpt lat="-26.2104570" lon="-51.1419580">
    <ele>930.9</ele>
   </trkpt>
   <trkpt lat="-26.2104720" lon="-51.1419540">
    <ele>931.1</ele>
   </trkpt>
   <trkpt lat="-26.2104890" lon="-51.1419570">
    <ele>931.4</ele>
   </trkpt>
   <trkpt lat="-26.2105050" lon="-51.1419670">
    <ele>931.7</ele>
   </trkpt>
   <trkpt lat="-26.2105160" lon="-51.1419670">
    <ele>931.9</ele>
   </trkpt>
   <trkpt lat="-26.2105360" lon="-51.1419650">
    <ele>932.2</ele>
   </trkpt>
   <trkpt lat="-26.2105520" lon="-51.1419650">
    <ele>932.4</ele>
   </trkpt>
   <trkpt lat="-26.2105660" lon="-51.1419630">
    <ele>932.7</ele>
   </trkpt>
   <trkpt lat="-26.2105820" lon="-51.1419710">
    <ele>932.9</ele>
   </trkpt>
   <trkpt lat="-26.2105900" lon="-51.1419770">
    <ele>933.1</ele>
   </trkpt>
   <trkpt lat="-26.2105990" lon="-51.1419830">
    <ele>933.2</ele>
   </trkpt>
   <trkpt lat="-26.2106090" lon="-51.1419930">
    <ele>933.5</ele>
   </trkpt>
   <trkpt lat="-26.2106260" lon="-51.1420010">
    <ele>933.8</ele>
   </trkpt>
   <trkpt lat="-26.2106400" lon="-51.1419990">
    <ele>934.0</ele>
   </trkpt>
   <trkpt lat="-26.2106550" lon="-51.1420030">
    <ele>934.2</ele>
   </trkpt>
   <trkpt lat="-26.2106840" lon="-51.1420060">
    <ele>934.7</ele>
   </trkpt>
   <trkpt lat="-26.2106950" lon="-51.1420060">
    <ele>934.9</ele>
   </trkpt>
   <trkpt lat="-26.2107090" lon="-51.1420040">
    <ele>935.1</ele>
   </trkpt>
   <trkpt lat="-26.2107270" lon="-51.1420010">
    <ele>935.4</ele>
   </trkpt>
   <trkpt lat="-26.2107470" lon="-51.1420000">
    <ele>935.8</ele>
   </trkpt>
   <trkpt lat="-26.2107600" lon="-51.1420030">
    <ele>936.0</ele>
   </trkpt>
   <trkpt lat="-26.2107910" lon="-51.1419980">
    <ele>936.5</ele>
   </trkpt>
   <trkpt lat="-26.2108010" lon="-51.1419960">
    <ele>936.7</ele>
   </trkpt>
   <trkpt lat="-26.2108190" lon="-51.1419930">
    <ele>937.0</ele>
   </trkpt>
   <trkpt lat="-26.2108320" lon="-51.1419890">
    <ele>937.2</ele>
   </trkpt>
   <trkpt lat="-26.2108610" lon="-51.1419890">
    <ele>937.7</ele>
   </trkpt>
   <trkpt lat="-26.2108690" lon="-51.1419880">
    <ele>937.8</ele>
   </trkpt>
   <trkpt lat="-26.2108850" lon="-51.1419830">
    <ele>938.1</ele>
   </trkpt>
   <trkpt lat="-26.2109030" lon="-51.1419800">
    <ele>938.4</ele>
   </trkpt>
   <trkpt lat="-26.2109250" lon="-51.1419710">
    <ele>938.8</ele>
   </trkpt>
   <trkpt lat="-26.2109330" lon="-51.1419720">
    <ele>938.9</ele>
   </trkpt>
   <trkpt lat="-26.2109650" lon="-51.1419640">
    <ele>939.4</ele>
   </trkpt>
   <trkpt lat="-26.2109740" lon="-51.1419630">
    <ele>939.6</ele>
   </trkpt>
   <trkpt lat="-26.2110020" lon="-51.1419580">
    <ele>940.1</ele>
   </trkpt>
   <trkpt lat="-26.2110100" lon="-51.1419540">
    <ele>940.2</ele>
   </trkpt>
   <trkpt lat="-26.2110380" lon="-51.1419490">
    <ele>940.7</ele>
   </trkpt>
   <trkpt lat="-26.2110470" lon="-51.1419490">
    <ele>940.9</ele>
   </trkpt>
   <trkpt lat="-26.2110600" lon="-51.1419490">
    <ele>941.1</ele>
   </trkpt>
   <trkpt lat="-26.2110780" lon="-51.1419390">
    <ele>941.5</ele>
   </trkpt>
   <trkpt lat="-26.2110910" lon="-51.1419290">
    <ele>941.8</ele>
   </trkpt>
   <trkpt lat="-26.2111060" lon="-51.1419170">
    <ele>942.2</ele>
   </trkpt>
   <trkpt lat="-26.2111340" lon="-51.1419100">
    <ele>942.7</ele>
   </trkpt>
   <trkpt lat="-26.2111420" lon="-51.1419070">
    <ele>942.9</ele>
   </trkpt>
   <trkpt lat="-26.2111560" lon="-51.1419000">
    <ele>943.2</ele>
   </trkpt>
   <trkpt lat="-26.2111730" lon="-51.1418870">
    <ele>943.7</ele>
   </trkpt>
   <trkpt lat="-26.2111950" lon="-51.1418680">
    <ele>944.2</ele>
   </trkpt>
   <trkpt lat="-26.2112030" lon="-51.1418600">
    <ele>944.4</ele>
   </trkpt>
   <trkpt lat="-26.2112120" lon="-51.1418560">
    <ele>944.6</ele>
   </trkpt>
   <trkpt lat="-26.2112260" lon="-51.1418410">
    <ele>945.0</ele>
   </trkpt>
   <trkpt lat="-26.2112420" lon="-51.1418250">
    <ele>945.5</ele>
   </trkpt>
   <trkpt lat="-26.2112480" lon="-51.1418180">
    <ele>945.7</ele>
   </trkpt>
   <trkpt lat="-26.2112540" lon="-51.1418110">
    <ele>945.8</ele>
   </trkpt>
   <trkpt lat="-26.2112670" lon="-51.1417990">
    <ele>946.2</ele>
   </trkpt>
   <trkpt lat="-26.2112760" lon="-51.1417880">
    <ele>946.5</ele>
   </trkpt>
   <trkpt lat="-26.2112840" lon="-51.1417760">
    <ele>946.7</ele>
   </trkpt>
   <trkpt lat="-26.2112930" lon="-51.1417690">
    <ele>947.0</ele>
   </trkpt>
   <trkpt lat="-26.2113020" lon="-51.1417650">
    <ele>947.2</ele>
   </trkpt>
   <trkpt lat="-26.2113120" lon="-51.1417570">
    <ele>947.4</ele>
   </trkpt>
   <trkpt lat="-26.2113260" lon="-51.1417440">
    <ele>947.8</ele>
   </trkpt>
   <trkpt lat="-26.2113370" lon="-51.1417300">
    <ele>948.2</ele>
   </trkpt>
   <trkpt lat="-26.2113450" lon="-51.1417220">
    <ele>948.4</ele>
   </trkpt>
   <trkpt lat="-26.2113620" lon="-51.1417040">
    <ele>948.9</ele>
   </trkpt>
   <trkpt lat="-26.2113690" lon="-51.1416960">
    <ele>949.1</ele>
   </trkpt>
   <trkpt lat="-26.2113770" lon="-51.1416890">
    <ele>949.4</ele>
   </trkpt>
   <trkpt lat="-26.2113870" lon="-51.1416790">
    <ele>949.7</ele>
   </trkpt>
   <trkpt lat="-26.2113980" lon="-51.1416760">
    <ele>949.9</ele>
   </trkpt>
   <trkpt lat="-26.2114090" lon="-51.1416730">
    <ele>950.2</ele>
   </trkpt>
   <trkpt lat="-26.2114300" lon="-51.1416510">
    <ele>950.9</ele>
   </trkpt>
   <trkpt lat="-26.2114380" lon="-51.1416400">
    <ele>951.1</ele>
   </trkpt>
   <trkpt lat="-26.2114510" lon="-51.1416240">
    <ele>951.6</ele>
   </trkpt>
   <trkpt lat="-26.2114600" lon="-51.1416090">
    <ele>952.0</ele>
   </trkpt>
   <trkpt lat="-26.2114740" lon="-51.1415920">
    <ele>952.4</ele>
   </trkpt>
   <trkpt lat="-26.2114810" lon="-51.1415850">
    <ele>952.6</ele>
   </trkpt>
   <trkpt lat="-26.2114880" lon="-51.1415790">
    <ele>952.8</ele>
   </trkpt>
   <trkpt lat="-26.2115000" lon="-51.1415730">
    <ele>953.1</ele>
   </trkpt>
   <trkpt lat="-26.2115080" lon="-51.1415570">
    <ele>953.4</ele>
   </trkpt>
   <trkpt lat="-26.2115190" lon="-51.1415380">
    <ele>953.8</ele>
   </trkpt>
   <trkpt lat="-26.2115260" lon="-51.1415280">
    <ele>954.0</ele>
   </trkpt>
   <trkpt lat="-26.2115390" lon="-51.1415190">
    <ele>954.3</ele>
   </trkpt>
   <trkpt lat="-26.2115480" lon="-51.1415090">
    <ele>954.6</ele>
   </trkpt>
   <trkpt lat="-26.2115630" lon="-51.1414840">
    <ele>955.1</ele>
   </trkpt>
   <trkpt lat="-26.2115690" lon="-51.1414750">
    <ele>955.3</ele>
   </trkpt>
   <trkpt lat="-26.2115810" lon="-51.1414600">
    <ele>955.6</ele>
   </trkpt>
   <trkpt lat="-26.2115890" lon="-51.1414510">
    <ele>955.8</ele>
   </trkpt>
   <trkpt lat="-26.2115970" lon="-51.1414410">
    <ele>956.0</ele>
   </trkpt>
   <trkpt lat="-26.2116040" lon="-51.1414300">
    <ele>956.2</ele>
   </trkpt>
   <trkpt lat="-26.2116170" lon="-51.1414100">
    <ele>956.6</ele>
   </trkpt>
   <trkpt lat="-26.2116210" lon="-51.1413980">
    <ele>956.8</ele>
   </trkpt>
   <trkpt lat="-26.2116360" lon="-51.1413820">
    <ele>957.2</ele>
   </trkpt>
   <trkpt lat="-26.2116580" lon="-51.1413570">
    <ele>957.7</ele>
   </trkpt>
   <trkpt lat="-26.2116700" lon="-51.1413430">
    <ele>958.0</ele>
   </trkpt>
   <trkpt lat="-26.2116830" lon="-51.1413210">
    <ele>958.4</ele>
   </trkpt>
   <trkpt lat="-26.2116930" lon="-51.1413110">
    <ele>958.7</ele>
   </trkpt>
   <trkpt lat="-26.2117040" lon="-51.1412990">
    <ele>958.9</ele>
   </trkpt>
   <trkpt lat="-26.2117200" lon="-51.1412840">
    <ele>959.3</ele>
   </trkpt>
   <trkpt lat="-26.2117440" lon="-51.1412670">
    <ele>959.8</ele>
   </trkpt>
   <trkpt lat="-26.2117520" lon="-51.1412630">
    <ele>959.9</ele>
   </trkpt>
   <trkpt lat="-26.2117820" lon="-51.1412410">
    <ele>960.5</ele>
   </trkpt>
   <trkpt lat="-26.2117920" lon="-51.1412340">
    <ele>960.7</ele>
   </trkpt>
   <trkpt lat="-26.2118150" lon="-51.1412130">
    <ele>961.2</ele>
   </trkpt>
   <trkpt lat="-26.2118250" lon="-51.1411960">
    <ele>961.4</ele>
   </trkpt>
   <trkpt lat="-26.2118380" lon="-51.1411890">
    <ele>961.7</ele>
   </trkpt>
   <trkpt lat="-26.2118550" lon="-51.1411730">
    <ele>962.0</ele>
   </trkpt>
   <trkpt lat="-26.2118650" lon="-51.1411690">
    <ele>962.2</ele>
   </trkpt>
   <trkpt lat="-26.2118940" lon="-51.1411530">
    <ele>962.5</ele>
   </trkpt>
   <trkpt lat="-26.2119030" lon="-51.1411500">
    <ele>962.6</ele>
   </trkpt>
   <trkpt lat="-26.2119330" lon="-51.1411310">
    <ele>963.0</ele>
   </trkpt>
   <trkpt lat="-26.2119420" lon="-51.1411250">
    <ele>963.1</ele>
   </trkpt>
   <trkpt lat="-26.2119640" lon="-51.1411070">
    <ele>963.5</ele>
   </trkpt>
   <trkpt lat="-26.2119740" lon="-51.1411030">
    <ele>963.6</ele>
   </trkpt>
   <trkpt lat="-26.2120010" lon="-51.1410930">
    <ele>963.9</ele>
   </trkpt>
   <trkpt lat="-26.2120270" lon="-51.1410780">
    <ele>964.3</ele>
   </trkpt>
   <trkpt lat="-26.2120360" lon="-51.1410720">
    <ele>964.4</ele>
   </trkpt>
   <trkpt lat="-26.2120630" lon="-51.1410570">
    <ele>964.8</ele>
   </trkpt>
   <trkpt lat="-26.2120730" lon="-51.1410510">
    <ele>964.9</ele>
   </trkpt>
   <trkpt lat="-26.2121080" lon="-51.1410370">
    <ele>965.4</ele>
   </trkpt>
   <trkpt lat="-26.2121200" lon="-51.1410340">
    <ele>965.5</ele>
   </trkpt>
   <trkpt lat="-26.2121560" lon="-51.1410240">
    <ele>966.0</ele>
   </trkpt>
   <trkpt lat="-26.2121690" lon="-51.1410240">
    <ele>966.2</ele>
   </trkpt>
   <trkpt lat="-26.2121880" lon="-51.1410100">
    <ele>966.5</ele>
   </trkpt>
   <trkpt lat="-26.2122010" lon="-51.1410020">
    <ele>966.7</ele>
   </trkpt>
   <trkpt lat="-26.2122310" lon="-51.1409940">
    <ele>967.1</ele>
   </trkpt>
   <trkpt lat="-26.2122390" lon="-51.1409920">
    <ele>967.3</ele>
   </trkpt>
   <trkpt lat="-26.2122660" lon="-51.1409830">
    <ele>967.6</ele>
   </trkpt>
   <trkpt lat="-26.2122980" lon="-51.1409750">
    <ele>968.1</ele>
   </trkpt>
   <trkpt lat="-26.2123080" lon="-51.1409720">
    <ele>968.2</ele>
   </trkpt>
   <trkpt lat="-26.2123380" lon="-51.1409630">
    <ele>968.6</ele>
   </trkpt>
   <trkpt lat="-26.2123470" lon="-51.1409610">
    <ele>968.7</ele>
   </trkpt>
   <trkpt lat="-26.2123810" lon="-51.1409550">
    <ele>969.1</ele>
   </trkpt>
   <trkpt lat="-26.2123920" lon="-51.1409530">
    <ele>969.3</ele>
   </trkpt>
   <trkpt lat="-26.2124230" lon="-51.1409440">
    <ele>969.7</ele>
   </trkpt>
   <trkpt lat="-26.2124320" lon="-51.1409410">
    <ele>969.8</ele>
   </trkpt>
   <trkpt lat="-26.2124650" lon="-51.1409410">
    <ele>970.2</ele>
   </trkpt>
   <trkpt lat="-26.2124740" lon="-51.1409390">
    <ele>970.3</ele>
   </trkpt>
   <trkpt lat="-26.2125070" lon="-51.1409360">
    <ele>970.7</ele>
   </trkpt>
   <trkpt lat="-26.2125170" lon="-51.1409360">
    <ele>970.8</ele>
   </trkpt>
   <trkpt lat="-26.2125510" lon="-51.1409350">
    <ele>971.2</ele>
   </trkpt>
   <trkpt lat="-26.2125600" lon="-51.1409350">
    <ele>971.3</ele>
   </trkpt>
   <trkpt lat="-26.2125950" lon="-51.1409340">
    <ele>971.7</ele>
   </trkpt>
   <trkpt lat="-26.2126050" lon="-51.1409340">
    <ele>971.8</ele>
   </trkpt>
   <trkpt lat="-26.2126410" lon="-51.1409340">
    <ele>972.1</ele>
   </trkpt>
   <trkpt lat="-26.2126520" lon="-51.1409340">
    <ele>972.2</ele>
   </trkpt>
   <trkpt lat="-26.2126840" lon="-51.1409380">
    <ele>972.5</ele>
   </trkpt>
   <trkpt lat="-26.2126970" lon="-51.1409380">
    <ele>972.6</ele>
   </trkpt>
   <trkpt lat="-26.2127370" lon="-51.1409370">
    <ele>972.9</ele>
   </trkpt>
   <trkpt lat="-26.2127520" lon="-51.1409370">
    <ele>973.0</ele>
   </trkpt>
   <trkpt lat="-26.2127790" lon="-51.1409380">
    <ele>973.2</ele>
   </trkpt>
   <trkpt lat="-26.2128210" lon="-51.1409390">
    <ele>973.5</ele>
   </trkpt>
   <trkpt lat="-26.2128370" lon="-51.1409390">
    <ele>973.5</ele>
   </trkpt>
   <trkpt lat="-26.2128790" lon="-51.1409350">
    <ele>973.7</ele>
   </trkpt>
   <trkpt lat="-26.2128960" lon="-51.1409340">
    <ele>973.8</ele>
   </trkpt>
   <trkpt lat="-26.2129020" lon="-51.1409320">
    <ele>973.8</ele>
   </trkpt>
   <trkpt lat="-26.2129270" lon="-51.1409290">
    <ele>973.8</ele>
   </trkpt>
   <trkpt lat="-26.2129720" lon="-51.1409220">
    <ele>973.8</ele>
   </trkpt>
   <trkpt lat="-26.2129920" lon="-51.1409170">
    <ele>973.8</ele>
   </trkpt>
   <trkpt lat="-26.2130270" lon="-51.1409090">
    <ele>973.8</ele>
   </trkpt>
   <trkpt lat="-26.2130380" lon="-51.1409060">
    <ele>973.8</ele>
   </trkpt>
   <trkpt lat="-26.2130770" lon="-51.1408970">
    <ele>973.7</ele>
   </trkpt>
   <trkpt lat="-26.2130890" lon="-51.1408950">
    <ele>973.7</ele>
   </trkpt>
   <trkpt lat="-26.2131160" lon="-51.1408890">
    <ele>973.7</ele>
   </trkpt>
   <trkpt lat="-26.2131420" lon="-51.1408800">
    <ele>973.6</ele>
   </trkpt>
   <trkpt lat="-26.2131720" lon="-51.1408690">
    <ele>973.5</ele>
   </trkpt>
   <trkpt lat="-26.2132010" lon="-51.1408580">
    <ele>973.5</ele>
   </trkpt>
   <trkpt lat="-26.2132300" lon="-51.1408490">
    <ele>973.4</ele>
   </trkpt>
   <trkpt lat="-26.2132620" lon="-51.1408290">
    <ele>973.4</ele>
   </trkpt>
   <trkpt lat="-26.2132990" lon="-51.1408110">
    <ele>973.3</ele>
   </trkpt>
   <trkpt lat="-26.2133350" lon="-51.1407960">
    <ele>973.4</ele>
   </trkpt>
   <trkpt lat="-26.2133650" lon="-51.1407840">
    <ele>973.4</ele>
   </trkpt>
   <trkpt lat="-26.2133920" lon="-51.1407720">
    <ele>973.4</ele>
   </trkpt>
   <trkpt lat="-26.2134230" lon="-51.1407640">
    <ele>973.5</ele>
   </trkpt>
   <trkpt lat="-26.2134450" lon="-51.1407460">
    <ele>973.5</ele>
   </trkpt>
   <trkpt lat="-26.2134760" lon="-51.1407390">
    <ele>973.6</ele>
   </trkpt>
   <trkpt lat="-26.2135150" lon="-51.1407300">
    <ele>973.7</ele>
   </trkpt>
   <trkpt lat="-26.2135480" lon="-51.1407160">
    <ele>973.8</ele>
   </trkpt>
   <trkpt lat="-26.2135780" lon="-51.1407020">
    <ele>973.8</ele>
   </trkpt>
   <trkpt lat="-26.2136190" lon="-51.1406910">
    <ele>973.9</ele>
   </trkpt>
   <trkpt lat="-26.2136500" lon="-51.1406850">
    <ele>973.9</ele>
   </trkpt>
   <trkpt lat="-26.2136910" lon="-51.1406750">
    <ele>973.9</ele>
   </trkpt>
   <trkpt lat="-26.2137310" lon="-51.1406680">
    <ele>973.9</ele>
   </trkpt>
   <trkpt lat="-26.2137800" lon="-51.1406620">
    <ele>974.0</ele>
   </trkpt>
   <trkpt lat="-26.2138200" lon="-51.1406650">
    <ele>974.0</ele>
   </trkpt>
   <trkpt lat="-26.2138590" lon="-51.1406740">
    <ele>974.0</ele>
   </trkpt>
   <trkpt lat="-26.2139020" lon="-51.1406660">
    <ele>974.1</ele>
   </trkpt>
   <trkpt lat="-26.2139440" lon="-51.1406720">
    <ele>974.1</ele>
   </trkpt>
   <trkpt lat="-26.2139870" lon="-51.1406790">
    <ele>974.1</ele>
   </trkpt>
   <trkpt lat="-26.2140230" lon="-51.1406890">
    <ele>974.1</ele>
   </trkpt>
   <trkpt lat="-26.2140590" lon="-51.1406960">
    <ele>974.2</ele>
   </trkpt>
   <trkpt lat="-26.2140960" lon="-51.1407040">
    <ele>974.2</ele>
   </trkpt>
   <trkpt lat="-26.2141310" lon="-51.1407150">
    <ele>974.2</ele>
   </trkpt>
   <trkpt lat="-26.2141670" lon="-51.1407330">
    <ele>974.2</ele>
   </trkpt>
   <trkpt lat="-26.2142070" lon="-51.1407460">
    <ele>974.2</ele>
   </trkpt>
   <trkpt lat="-26.2142530" lon="-51.1407570">
    <ele>974.2</ele>
   </trkpt>
   <trkpt lat="-26.2142910" lon="-51.1407620">
    <ele>974.2</ele>
   </trkpt>
   <trkpt lat="-26.2143360" lon="-51.1407740">
    <ele>974.1</ele>
   </trkpt>
   <trkpt lat="-26.2143550" lon="-51.1407790">
    <ele>974.1</ele>
   </trkpt>
   <trkpt lat="-26.2144010" lon="-51.1407870">
    <ele>974.1</ele>
   </trkpt>
   <trkpt lat="-26.2144460" lon="-51.1408000">
    <ele>974.0</ele>
   </trkpt>
   <trkpt lat="-26.2144760" lon="-51.1408110">
    <ele>974.0</ele>
   </trkpt>
   <trkpt lat="-26.2145140" lon="-51.1408240">
    <ele>973.9</ele>
   </trkpt>
   <trkpt lat="-26.2145620" lon="-51.1408350">
    <ele>973.9</ele>
   </trkpt>
   <trkpt lat="-26.2146070" lon="-51.1408490">
    <ele>973.8</ele>
   </trkpt>
   <trkpt lat="-26.2146500" lon="-51.1408590">
    <ele>973.7</ele>
   </trkpt>
   <trkpt lat="-26.2146950" lon="-51.1408650">
    <ele>973.7</ele>
   </trkpt>
   <trkpt lat="-26.2147400" lon="-51.1408760">
    <ele>973.6</ele>
   </trkpt>
   <trkpt lat="-26.2147880" lon="-51.1408860">
    <ele>973.6</ele>
   </trkpt>
   <trkpt lat="-26.2148330" lon="-51.1409010">
    <ele>973.7</ele>
   </trkpt>
   <trkpt lat="-26.2148720" lon="-51.1409120">
    <ele>973.7</ele>
   </trkpt>
   <trkpt lat="-26.2149320" lon="-51.1409320">
    <ele>973.7</ele>
   </trkpt>
   <trkpt lat="-26.2149640" lon="-51.1409470">
    <ele>973.7</ele>
   </trkpt>
   <trkpt lat="-26.2150060" lon="-51.1409600">
    <ele>973.8</ele>
   </trkpt>
   <trkpt lat="-26.2150600" lon="-51.1409650">
    <ele>973.8</ele>
   </trkpt>
   <trkpt lat="-26.2151050" lon="-51.1409800">
    <ele>973.8</ele>
   </trkpt>
   <trkpt lat="-26.2151480" lon="-51.1410080">
    <ele>973.8</ele>
   </trkpt>
   <trkpt lat="-26.2152000" lon="-51.1410280">
    <ele>973.8</ele>
   </trkpt>
   <trkpt lat="-26.2152380" lon="-51.1410500">
    <ele>973.9</ele>
   </trkpt>
   <trkpt lat="-26.2152780" lon="-51.1410770">
    <ele>973.9</ele>
   </trkpt>
   <trkpt lat="-26.2153120" lon="-51.1411060">
    <ele>973.9</ele>
   </trkpt>
   <trkpt lat="-26.2153460" lon="-51.1411350">
    <ele>973.9</ele>
   </trkpt>
   <trkpt lat="-26.2153830" lon="-51.1411700">
    <ele>973.9</ele>
   </trkpt>
   <trkpt lat="-26.2154150" lon="-51.1412090">
    <ele>973.9</ele>
   </trkpt>
   <trkpt lat="-26.2154510" lon="-51.1412430">
    <ele>973.9</ele>
   </trkpt>
   <trkpt lat="-26.2154930" lon="-51.1412840">
    <ele>973.8</ele>
   </trkpt>
   <trkpt lat="-26.2155230" lon="-51.1413280">
    <ele>973.7</ele>
   </trkpt>
   <trkpt lat="-26.2155460" lon="-51.1413690">
    <ele>973.6</ele>
   </trkpt>
   <trkpt lat="-26.2155750" lon="-51.1414170">
    <ele>973.5</ele>
   </trkpt>
   <trkpt lat="-26.2156040" lon="-51.1414530">
    <ele>973.5</ele>
   </trkpt>
   <trkpt lat="-26.2156400" lon="-51.1414910">
    <ele>973.5</ele>
   </trkpt>
   <trkpt lat="-26.2156730" lon="-51.1415300">
    <ele>973.4</ele>
   </trkpt>
   <trkpt lat="-26.2157100" lon="-51.1415650">
    <ele>973.3</ele>
   </trkpt>
   <trkpt lat="-26.2157500" lon="-51.1415980">
    <ele>973.2</ele>
   </trkpt>
   <trkpt lat="-26.2157950" lon="-51.1416380">
    <ele>973.1</ele>
   </trkpt>
   <trkpt lat="-26.2158420" lon="-51.1416780">
    <ele>972.9</ele>
   </trkpt>
   <trkpt lat="-26.2158950" lon="-51.1417190">
    <ele>972.7</ele>
   </trkpt>
   <trkpt lat="-26.2159460" lon="-51.1417550">
    <ele>972.4</ele>
   </trkpt>
   <trkpt lat="-26.2160020" lon="-51.1417940">
    <ele>972.1</ele>
   </trkpt>
   <trkpt lat="-26.2160590" lon="-51.1418360">
    <ele>971.8</ele>
   </trkpt>
   <trkpt lat="-26.2161200" lon="-51.1418710">
    <ele>971.4</ele>
   </trkpt>
   <trkpt lat="-26.2161860" lon="-51.1419090">
    <ele>971.0</ele>
   </trkpt>
   <trkpt lat="-26.2162570" lon="-51.1419390">
    <ele>970.5</ele>
   </trkpt>
   <trkpt lat="-26.2163300" lon="-51.1419780">
    <ele>970.0</ele>
   </trkpt>
   <trkpt lat="-26.2164040" lon="-51.1420090">
    <ele>969.6</ele>
   </trkpt>
   <trkpt lat="-26.2164830" lon="-51.1420450">
    <ele>969.2</ele>
   </trkpt>
   <trkpt lat="-26.2165570" lon="-51.1420770">
    <ele>968.8</ele>
   </trkpt>
   <trkpt lat="-26.2166350" lon="-51.1421050">
    <ele>968.5</ele>
   </trkpt>
   <trkpt lat="-26.2167040" lon="-51.1421360">
    <ele>968.3</ele>
   </trkpt>
   <trkpt lat="-26.2167790" lon="-51.1421660">
    <ele>968.0</ele>
   </trkpt>
   <trkpt lat="-26.2168520" lon="-51.1422000">
    <ele>967.8</ele>
   </trkpt>
   <trkpt lat="-26.2169250" lon="-51.1422340">
    <ele>967.8</ele>
   </trkpt>
   <trkpt lat="-26.2169930" lon="-51.1422650">
    <ele>967.7</ele>
   </trkpt>
   <trkpt lat="-26.2170570" lon="-51.1422970">
    <ele>967.7</ele>
   </trkpt>
   <trkpt lat="-26.2171210" lon="-51.1423360">
    <ele>967.7</ele>
   </trkpt>
   <trkpt lat="-26.2171760" lon="-51.1423730">
    <ele>967.8</ele>
   </trkpt>
   <trkpt lat="-26.2172330" lon="-51.1424310">
    <ele>968.1</ele>
   </trkpt>
   <trkpt lat="-26.2172810" lon="-51.1424850">
    <ele>968.3</ele>
   </trkpt>
   <trkpt lat="-26.2173340" lon="-51.1425440">
    <ele>968.6</ele>
   </trkpt>
   <trkpt lat="-26.2173810" lon="-51.1425980">
    <ele>968.9</ele>
   </trkpt>
   <trkpt lat="-26.2174330" lon="-51.1426460">
    <ele>969.2</ele>
   </trkpt>
   <trkpt lat="-26.2174880" lon="-51.1426890">
    <ele>969.6</ele>
   </trkpt>
   <trkpt lat="-26.2175410" lon="-51.1427310">
    <ele>970.0</ele>
   </trkpt>
   <trkpt lat="-26.2175960" lon="-51.1427690">
    <ele>970.4</ele>
   </trkpt>
   <trkpt lat="-26.2176560" lon="-51.1427950">
    <ele>970.7</ele>
   </trkpt>
   <trkpt lat="-26.2177180" lon="-51.1428130">
    <ele>971.0</ele>
   </trkpt>
   <trkpt lat="-26.2177830" lon="-51.1428250">
    <ele>971.2</ele>
   </trkpt>
   <trkpt lat="-26.2178450" lon="-51.1428230">
    <ele>971.4</ele>
   </trkpt>
   <trkpt lat="-26.2179150" lon="-51.1428300">
    <ele>971.4</ele>
   </trkpt>
   <trkpt lat="-26.2179770" lon="-51.1428460">
    <ele>971.5</ele>
   </trkpt>
   <trkpt lat="-26.2180460" lon="-51.1428560">
    <ele>971.5</ele>
   </trkpt>
   <trkpt lat="-26.2181050" lon="-51.1428770">
    <ele>971.5</ele>
   </trkpt>
   <trkpt lat="-26.2181690" lon="-51.1429000">
    <ele>971.6</ele>
   </trkpt>
   <trkpt lat="-26.2182290" lon="-51.1429270">
    <ele>971.7</ele>
   </trkpt>
   <trkpt lat="-26.2182750" lon="-51.1429680">
    <ele>971.9</ele>
   </trkpt>
   <trkpt lat="-26.2183390" lon="-51.1430100">
    <ele>972.1</ele>
   </trkpt>
   <trkpt lat="-26.2183880" lon="-51.1430450">
    <ele>972.3</ele>
   </trkpt>
   <trkpt lat="-26.2184360" lon="-51.1430860">
    <ele>972.4</ele>
   </trkpt>
   <trkpt lat="-26.2184850" lon="-51.1431180">
    <ele>972.5</ele>
   </trkpt>
   <trkpt lat="-26.2185340" lon="-51.1431680">
    <ele>972.5</ele>
   </trkpt>
   <trkpt lat="-26.2185810" lon="-51.1432020">
    <ele>972.4</ele>
   </trkpt>
   <trkpt lat="-26.2186270" lon="-51.1432600">
    <ele>972.3</ele>
   </trkpt>
   <trkpt lat="-26.2186790" lon="-51.1433070">
    <ele>972.1</ele>
   </trkpt>
   <trkpt lat="-26.2187250" lon="-51.1433650">
    <ele>971.9</ele>
   </trkpt>
   <trkpt lat="-26.2187610" lon="-51.1434240">
    <ele>971.7</ele>
   </trkpt>
   <trkpt lat="-26.2187880" lon="-51.1434820">
    <ele>971.5</ele>
   </trkpt>
   <trkpt lat="-26.2188210" lon="-51.1435440">
    <ele>971.4</ele>
   </trkpt>
   <trkpt lat="-26.2188490" lon="-51.1436130">
    <ele>971.2</ele>
   </trkpt>
   <trkpt lat="-26.2188670" lon="-51.1436790">
    <ele>971.0</ele>
   </trkpt>
   <trkpt lat="-26.2188860" lon="-51.1437470">
    <ele>970.8</ele>
   </trkpt>
   <trkpt lat="-26.2188930" lon="-51.1438300">
    <ele>970.6</ele>
   </trkpt>
   <trkpt lat="-26.2189150" lon="-51.1438920">
    <ele>970.4</ele>
   </trkpt>
   <trkpt lat="-26.2189320" lon="-51.1439600">
    <ele>970.0</ele>
   </trkpt>
   <trkpt lat="-26.2189540" lon="-51.1440290">
    <ele>969.6</ele>
   </trkpt>
   <trkpt lat="-26.2189720" lon="-51.1441020">
    <ele>969.2</ele>
   </trkpt>
   <trkpt lat="-26.2189930" lon="-51.1441810">
    <ele>968.8</ele>
   </trkpt>
   <trkpt lat="-26.2190200" lon="-51.1442670">
    <ele>968.5</ele>
   </trkpt>
   <trkpt lat="-26.2190570" lon="-51.1443360">
    <ele>968.2</ele>
   </trkpt>
   <trkpt lat="-26.2191010" lon="-51.1444090">
    <ele>967.9</ele>
   </trkpt>
   <trkpt lat="-26.2191430" lon="-51.1444800">
    <ele>967.7</ele>
   </trkpt>
   <trkpt lat="-26.2191680" lon="-51.1445500">
    <ele>967.5</ele>
   </trkpt>
   <trkpt lat="-26.2191800" lon="-51.1446260">
    <ele>967.5</ele>
   </trkpt>
   <trkpt lat="-26.2191850" lon="-51.1447060">
    <ele>967.5</ele>
   </trkpt>
   <trkpt lat="-26.2191870" lon="-51.1447810">
    <ele>967.6</ele>
   </trkpt>
   <trkpt lat="-26.2191910" lon="-51.1448610">
    <ele>967.8</ele>
   </trkpt>
   <trkpt lat="-26.2192000" lon="-51.1449390">
    <ele>968.1</ele>
   </trkpt>
   <trkpt lat="-26.2192180" lon="-51.1450140">
    <ele>968.3</ele>
   </trkpt>
   <trkpt lat="-26.2192460" lon="-51.1450860">
    <ele>968.7</ele>
   </trkpt>
   <trkpt lat="-26.2192780" lon="-51.1451550">
    <ele>969.1</ele>
   </trkpt>
   <trkpt lat="-26.2193090" lon="-51.1452180">
    <ele>969.6</ele>
   </trkpt>
   <trkpt lat="-26.2193400" lon="-51.1452870">
    <ele>970.1</ele>
   </trkpt>
   <trkpt lat="-26.2193780" lon="-51.1453470">
    <ele>970.7</ele>
   </trkpt>
   <trkpt lat="-26.2194090" lon="-51.1453990">
    <ele>971.2</ele>
   </trkpt>
   <trkpt lat="-26.2194410" lon="-51.1454570">
    <ele>971.8</ele>
   </trkpt>
   <trkpt lat="-26.2194750" lon="-51.1455070">
    <ele>972.4</ele>
   </trkpt>
   <trkpt lat="-26.2195040" lon="-51.1455450">
    <ele>972.9</ele>
   </trkpt>
   <trkpt lat="-26.2195360" lon="-51.1455940">
    <ele>973.5</ele>
   </trkpt>
   <trkpt lat="-26.2195610" lon="-51.1456290">
    <ele>974.0</ele>
   </trkpt>
   <trkpt lat="-26.2195940" lon="-51.1456750">
    <ele>974.7</ele>
   </trkpt>
   <trkpt lat="-26.2196210" lon="-51.1457190">
    <ele>975.2</ele>
   </trkpt>
   <trkpt lat="-26.2196540" lon="-51.1457600">
    <ele>975.9</ele>
   </trkpt>
   <trkpt lat="-26.2196860" lon="-51.1457980">
    <ele>976.4</ele>
   </trkpt>
   <trkpt lat="-26.2197170" lon="-51.1458370">
    <ele>976.9</ele>
   </trkpt>
   <trkpt lat="-26.2197500" lon="-51.1458740">
    <ele>977.3</ele>
   </trkpt>
   <trkpt lat="-26.2197830" lon="-51.1459070">
    <ele>977.7</ele>
   </trkpt>
   <trkpt lat="-26.2198160" lon="-51.1459440">
    <ele>978.1</ele>
   </trkpt>
   <trkpt lat="-26.2198500" lon="-51.1459800">
    <ele>978.3</ele>
   </trkpt>
   <trkpt lat="-26.2198840" lon="-51.1460210">
    <ele>978.6</ele>
   </trkpt>
   <trkpt lat="-26.2199170" lon="-51.1460570">
    <ele>978.8</ele>
   </trkpt>
   <trkpt lat="-26.2199510" lon="-51.1460970">
    <ele>978.9</ele>
   </trkpt>
   <trkpt lat="-26.2199800" lon="-51.1461370">
    <ele>979.1</ele>
   </trkpt>
   <trkpt lat="-26.2200120" lon="-51.1461730">
    <ele>979.2</ele>
   </trkpt>
   <trkpt lat="-26.2200430" lon="-51.1462140">
    <ele>979.3</ele>
   </trkpt>
   <trkpt lat="-26.2200680" lon="-51.1462520">
    <ele>979.4</ele>
   </trkpt>
   <trkpt lat="-26.2200960" lon="-51.1463020">
    <ele>979.5</ele>
   </trkpt>
   <trkpt lat="-26.2201270" lon="-51.1463410">
    <ele>979.6</ele>
   </trkpt>
   <trkpt lat="-26.2201500" lon="-51.1463840">
    <ele>979.7</ele>
   </trkpt>
   <trkpt lat="-26.2201710" lon="-51.1464280">
    <ele>979.7</ele>
   </trkpt>
   <trkpt lat="-26.2201900" lon="-51.1464730">
    <ele>979.8</ele>
   </trkpt>
   <trkpt lat="-26.2202100" lon="-51.1465170">
    <ele>979.8</ele>
   </trkpt>
   <trkpt lat="-26.2202280" lon="-51.1465700">
    <ele>979.8</ele>
   </trkpt>
   <trkpt lat="-26.2202440" lon="-51.1466190">
    <ele>979.8</ele>
   </trkpt>
   <trkpt lat="-26.2202600" lon="-51.1466680">
    <ele>979.9</ele>
   </trkpt>
   <trkpt lat="-26.2202740" lon="-51.1467180">
    <ele>979.9</ele>
   </trkpt>
   <trkpt lat="-26.2202840" lon="-51.1467670">
    <ele>979.9</ele>
   </trkpt>
   <trkpt lat="-26.2203090" lon="-51.1468230">
    <ele>980.0</ele>
   </trkpt>
   <trkpt lat="-26.2203220" lon="-51.1468750">
    <ele>980.0</ele>
   </trkpt>
   <trkpt lat="-26.2203320" lon="-51.1469170">
    <ele>980.0</ele>
   </trkpt>
   <trkpt lat="-26.2203500" lon="-51.1469660">
    <ele>980.0</ele>
   </trkpt>
   <trkpt lat="-26.2203640" lon="-51.1470080">
    <ele>980.0</ele>
   </trkpt>
   <trkpt lat="-26.2203780" lon="-51.1470610">
    <ele>979.9</ele>
   </trkpt>
   <trkpt lat="-26.2203940" lon="-51.1471100">
    <ele>979.8</ele>
   </trkpt>
   <trkpt lat="-26.2204120" lon="-51.1471650">
    <ele>979.7</ele>
   </trkpt>
   <trkpt lat="-26.2204300" lon="-51.1472150">
    <ele>979.6</ele>
   </trkpt>
   <trkpt lat="-26.2204510" lon="-51.1472660">
    <ele>979.5</ele>
   </trkpt>
   <trkpt lat="-26.2204670" lon="-51.1473260">
    <ele>979.5</ele>
   </trkpt>
   <trkpt lat="-26.2204760" lon="-51.1473780">
    <ele>979.4</ele>
   </trkpt>
   <trkpt lat="-26.2204880" lon="-51.1474260">
    <ele>979.4</ele>
   </trkpt>
   <trkpt lat="-26.2205070" lon="-51.1474810">
    <ele>979.3</ele>
   </trkpt>
   <trkpt lat="-26.2205140" lon="-51.1475260">
    <ele>979.2</ele>
   </trkpt>
   <trkpt lat="-26.2205210" lon="-51.1475790">
    <ele>979.0</ele>
   </trkpt>
   <trkpt lat="-26.2205190" lon="-51.1476350">
    <ele>978.8</ele>
   </trkpt>
   <trkpt lat="-26.2205100" lon="-51.1476860">
    <ele>978.5</ele>
   </trkpt>
   <trkpt lat="-26.2204940" lon="-51.1477460">
    <ele>978.2</ele>
   </trkpt>
   <trkpt lat="-26.2204680" lon="-51.1478090">
    <ele>977.7</ele>
   </trkpt>
   <trkpt lat="-26.2204310" lon="-51.1478680">
    <ele>977.1</ele>
   </trkpt>
   <trkpt lat="-26.2203810" lon="-51.1479330">
    <ele>976.4</ele>
   </trkpt>
   <trkpt lat="-26.2203280" lon="-51.1479960">
    <ele>975.8</ele>
   </trkpt>
   <trkpt lat="-26.2202710" lon="-51.1480630">
    <ele>975.1</ele>
   </trkpt>
   <trkpt lat="-26.2202230" lon="-51.1481270">
    <ele>974.5</ele>
   </trkpt>
   <trkpt lat="-26.2201740" lon="-51.1482030">
    <ele>973.6</ele>
   </trkpt>
   <trkpt lat="-26.2201260" lon="-51.1482860">
    <ele>972.4</ele>
   </trkpt>
   <trkpt lat="-26.2200910" lon="-51.1483770">
    <ele>971.0</ele>
   </trkpt>
   <trkpt lat="-26.2200590" lon="-51.1484890">
    <ele>969.3</ele>
   </trkpt>
   <trkpt lat="-26.2200330" lon="-51.1486020">
    <ele>967.9</ele>
   </trkpt>
   <trkpt lat="-26.2200110" lon="-51.1487180">
    <ele>966.6</ele>
   </trkpt>
   <trkpt lat="-26.2199770" lon="-51.1488470">
    <ele>965.5</ele>
   </trkpt>
   <trkpt lat="-26.2199480" lon="-51.1489680">
    <ele>964.7</ele>
   </trkpt>
   <trkpt lat="-26.2199180" lon="-51.1490930">
    <ele>963.9</ele>
   </trkpt>
   <trkpt lat="-26.2198770" lon="-51.1492170">
    <ele>963.3</ele>
   </trkpt>
   <trkpt lat="-26.2198340" lon="-51.1493390">
    <ele>962.9</ele>
   </trkpt>
   <trkpt lat="-26.2198000" lon="-51.1494590">
    <ele>962.6</ele>
   </trkpt>
   <trkpt lat="-26.2197660" lon="-51.1495780">
    <ele>962.4</ele>
   </trkpt>
   <trkpt lat="-26.2197340" lon="-51.1496960">
    <ele>962.3</ele>
   </trkpt>
   <trkpt lat="-26.2197130" lon="-51.1498120">
    <ele>962.3</ele>
   </trkpt>
   <trkpt lat="-26.2197030" lon="-51.1499260">
    <ele>962.4</ele>
   </trkpt>
   <trkpt lat="-26.2197030" lon="-51.1500430">
    <ele>962.4</ele>
   </trkpt>
   <trkpt lat="-26.2197210" lon="-51.1501460">
    <ele>962.3</ele>
   </trkpt>
   <trkpt lat="-26.2197770" lon="-51.1502370">
    <ele>962.1</ele>
   </trkpt>
   <trkpt lat="-26.2198540" lon="-51.1502980">
    <ele>961.7</ele>
   </trkpt>
   <trkpt lat="-26.2199580" lon="-51.1503360">
    <ele>960.9</ele>
   </trkpt>
   <trkpt lat="-26.2200640" lon="-51.1503550">
    <ele>960.0</ele>
   </trkpt>
   <trkpt lat="-26.2201590" lon="-51.1503720">
    <ele>959.3</ele>
   </trkpt>
   <trkpt lat="-26.2202510" lon="-51.1503940">
    <ele>958.5</ele>
   </trkpt>
   <trkpt lat="-26.2203410" lon="-51.1504270">
    <ele>957.6</ele>
   </trkpt>
   <trkpt lat="-26.2204260" lon="-51.1504880">
    <ele>956.6</ele>
   </trkpt>
   <trkpt lat="-26.2204940" lon="-51.1505760">
    <ele>955.5</ele>
   </trkpt>
   <trkpt lat="-26.2205440" lon="-51.1506910">
    <ele>954.4</ele>
   </trkpt>
   <trkpt lat="-26.2205710" lon="-51.1508120">
    <ele>953.4</ele>
   </trkpt>
   <trkpt lat="-26.2205880" lon="-51.1509300">
    <ele>952.6</ele>
   </trkpt>
   <trkpt lat="-26.2205880" lon="-51.1510650">
    <ele>951.9</ele>
   </trkpt>
   <trkpt lat="-26.2205840" lon="-51.1511850">
    <ele>951.3</ele>
   </trkpt>
   <trkpt lat="-26.2205750" lon="-51.1513060">
    <ele>950.6</ele>
   </trkpt>
   <trkpt lat="-26.2205740" lon="-51.1514260">
    <ele>949.7</ele>
   </trkpt>
   <trkpt lat="-26.2205770" lon="-51.1515470">
    <ele>948.7</ele>
   </trkpt>
   <trkpt lat="-26.2205710" lon="-51.1516710">
    <ele>947.6</ele>
   </trkpt>
   <trkpt lat="-26.2205660" lon="-51.1517970">
    <ele>946.7</ele>
   </trkpt>
   <trkpt lat="-26.2205720" lon="-51.1519260">
    <ele>945.7</ele>
   </trkpt>
   <trkpt lat="-26.2205970" lon="-51.1520480">
    <ele>944.7</ele>
   </trkpt>
   <trkpt lat="-26.2206390" lon="-51.1521640">
    <ele>943.5</ele>
   </trkpt>
   <trkpt lat="-26.2207110" lon="-51.1522470">
    <ele>942.4</ele>
   </trkpt>
   <trkpt lat="-26.2207970" lon="-51.1523170">
    <ele>941.2</ele>
   </trkpt>
   <trkpt lat="-26.2208970" lon="-51.1523740">
    <ele>940.1</ele>
   </trkpt>
   <trkpt lat="-26.2209800" lon="-51.1524360">
    <ele>939.5</ele>
   </trkpt>
   <trkpt lat="-26.2210400" lon="-51.1525250">
    <ele>939.1</ele>
   </trkpt>
   <trkpt lat="-26.2210810" lon="-51.1526230">
    <ele>939.0</ele>
   </trkpt>
   <trkpt lat="-26.2210940" lon="-51.1527170">
    <ele>939.0</ele>
   </trkpt>
   <trkpt lat="-26.2210790" lon="-51.1528130">
    <ele>939.0</ele>
   </trkpt>
   <trkpt lat="-26.2210490" lon="-51.1529020">
    <ele>939.0</ele>
   </trkpt>
   <trkpt lat="-26.2210180" lon="-51.1529820">
    <ele>939.0</ele>
   </trkpt>
   <trkpt lat="-26.2209820" lon="-51.1530540">
    <ele>939.0</ele>
   </trkpt>
   <trkpt lat="-26.2209460" lon="-51.1531340">
    <ele>938.8</ele>
   </trkpt>
   <trkpt lat="-26.2209180" lon="-51.1532120">
    <ele>938.5</ele>
   </trkpt>
   <trkpt lat="-26.2208820" lon="-51.1532920">
    <ele>938.2</ele>
   </trkpt>
   <trkpt lat="-26.2208580" lon="-51.1533690">
    <ele>937.9</ele>
   </trkpt>
   <trkpt lat="-26.2208240" lon="-51.1534500">
    <ele>937.5</ele>
   </trkpt>
   <trkpt lat="-26.2207990" lon="-51.1535340">
    <ele>937.3</ele>
   </trkpt>
   <trkpt lat="-26.2207760" lon="-51.1536220">
    <ele>937.1</ele>
   </trkpt>
   <trkpt lat="-26.2207520" lon="-51.1537080">
    <ele>937.0</ele>
   </trkpt>
   <trkpt lat="-26.2207300" lon="-51.1537940">
    <ele>937.0</ele>
   </trkpt>
   <trkpt lat="-26.2207050" lon="-51.1538820">
    <ele>937.0</ele>
   </trkpt>
   <trkpt lat="-26.2206910" lon="-51.1539670">
    <ele>937.1</ele>
   </trkpt>
   <trkpt lat="-26.2206720" lon="-51.1540530">
    <ele>937.2</ele>
   </trkpt>
   <trkpt lat="-26.2206570" lon="-51.1541360">
    <ele>937.3</ele>
   </trkpt>
   <trkpt lat="-26.2206390" lon="-51.1542210">
    <ele>937.3</ele>
   </trkpt>
   <trkpt lat="-26.2206300" lon="-51.1543060">
    <ele>937.3</ele>
   </trkpt>
   <trkpt lat="-26.2206100" lon="-51.1543910">
    <ele>937.4</ele>
   </trkpt>
   <trkpt lat="-26.2205920" lon="-51.1544720">
    <ele>937.5</ele>
   </trkpt>
   <trkpt lat="-26.2205740" lon="-51.1545520">
    <ele>937.7</ele>
   </trkpt>
   <trkpt lat="-26.2205600" lon="-51.1546330">
    <ele>937.9</ele>
   </trkpt>
   <trkpt lat="-26.2205500" lon="-51.1547090">
    <ele>938.1</ele>
   </trkpt>
   <trkpt lat="-26.2205440" lon="-51.1547820">
    <ele>938.4</ele>
   </trkpt>
   <trkpt lat="-26.2205390" lon="-51.1548630">
    <ele>938.6</ele>
   </trkpt>
   <trkpt lat="-26.2205270" lon="-51.1549400">
    <ele>938.9</ele>
   </trkpt>
   <trkpt lat="-26.2205180" lon="-51.1550070">
    <ele>939.2</ele>
   </trkpt>
   <trkpt lat="-26.2205170" lon="-51.1550780">
    <ele>939.4</ele>
   </trkpt>
   <trkpt lat="-26.2205140" lon="-51.1551570">
    <ele>939.7</ele>
   </trkpt>
   <trkpt lat="-26.2205110" lon="-51.1552140">
    <ele>940.1</ele>
   </trkpt>
   <trkpt lat="-26.2205090" lon="-51.1552720">
    <ele>940.7</ele>
   </trkpt>
   <trkpt lat="-26.2205090" lon="-51.1553250">
    <ele>941.2</ele>
   </trkpt>
   <trkpt lat="-26.2205030" lon="-51.1553720">
    <ele>941.6</ele>
   </trkpt>
   <trkpt lat="-26.2204920" lon="-51.1554110">
    <ele>942.0</ele>
   </trkpt>
   <trkpt lat="-26.2204780" lon="-51.1554530">
    <ele>942.5</ele>
   </trkpt>
   <trkpt lat="-26.2204650" lon="-51.1554880">
    <ele>942.9</ele>
   </trkpt>
   <trkpt lat="-26.2204470" lon="-51.1555260">
    <ele>943.3</ele>
   </trkpt>
   <trkpt lat="-26.2204320" lon="-51.1555690">
    <ele>943.8</ele>
   </trkpt>
   <trkpt lat="-26.2204080" lon="-51.1556060">
    <ele>944.2</ele>
   </trkpt>
   <trkpt lat="-26.2203920" lon="-51.1556480">
    <ele>944.6</ele>
   </trkpt>
   <trkpt lat="-26.2203710" lon="-51.1556740">
    <ele>944.8</ele>
   </trkpt>
   <trkpt lat="-26.2203450" lon="-51.1557050">
    <ele>945.1</ele>
   </trkpt>
   <trkpt lat="-26.2203240" lon="-51.1557390">
    <ele>945.3</ele>
   </trkpt>
   <trkpt lat="-26.2203030" lon="-51.1557720">
    <ele>945.5</ele>
   </trkpt>
   <trkpt lat="-26.2202780" lon="-51.1558000">
    <ele>945.6</ele>
   </trkpt>
   <trkpt lat="-26.2202450" lon="-51.1558300">
    <ele>945.7</ele>
   </trkpt>
   <trkpt lat="-26.2202190" lon="-51.1558600">
    <ele>945.8</ele>
   </trkpt>
   <trkpt lat="-26.2201950" lon="-51.1559020">
    <ele>945.8</ele>
   </trkpt>
   <trkpt lat="-26.2201670" lon="-51.1559380">
    <ele>945.8</ele>
   </trkpt>
   <trkpt lat="-26.2201450" lon="-51.1559740">
    <ele>945.7</ele>
   </trkpt>
   <trkpt lat="-26.2201160" lon="-51.1560040">
    <ele>945.7</ele>
   </trkpt>
   <trkpt lat="-26.2200820" lon="-51.1560430">
    <ele>945.6</ele>
   </trkpt>
   <trkpt lat="-26.2200510" lon="-51.1560930">
    <ele>945.3</ele>
   </trkpt>
   <trkpt lat="-26.2200140" lon="-51.1561400">
    <ele>944.6</ele>
   </trkpt>
   <trkpt lat="-26.2199800" lon="-51.1561860">
    <ele>943.7</ele>
   </trkpt>
   <trkpt lat="-26.2199410" lon="-51.1562390">
    <ele>942.8</ele>
   </trkpt>
   <trkpt lat="-26.2199120" lon="-51.1562970">
    <ele>942.7</ele>
   </trkpt>
   <trkpt lat="-26.2198840" lon="-51.1563580">
    <ele>943.1</ele>
   </trkpt>
   <trkpt lat="-26.2198640" lon="-51.1564230">
    <ele>943.5</ele>
   </trkpt>
   <trkpt lat="-26.2198550" lon="-51.1564880">
    <ele>943.7</ele>
   </trkpt>
   <trkpt lat="-26.2198580" lon="-51.1565530">
    <ele>943.8</ele>
   </trkpt>
   <trkpt lat="-26.2198810" lon="-51.1566190">
    <ele>943.9</ele>
   </trkpt>
   <trkpt lat="-26.2199050" lon="-51.1566800">
    <ele>944.1</ele>
   </trkpt>
   <trkpt lat="-26.2199400" lon="-51.1567330">
    <ele>944.3</ele>
   </trkpt>
   <trkpt lat="-26.2199840" lon="-51.1567710">
    <ele>944.5</ele>
   </trkpt>
   <trkpt lat="-26.2200280" lon="-51.1568070">
    <ele>944.8</ele>
   </trkpt>
   <trkpt lat="-26.2200750" lon="-51.1568510">
    <ele>945.2</ele>
   </trkpt>
   <trkpt lat="-26.2201190" lon="-51.1568930">
    <ele>945.6</ele>
   </trkpt>
   <trkpt lat="-26.2201650" lon="-51.1569320">
    <ele>946.1</ele>
   </trkpt>
   <trkpt lat="-26.2202120" lon="-51.1569620">
    <ele>946.7</ele>
   </trkpt>
   <trkpt lat="-26.2202620" lon="-51.1569680">
    <ele>947.3</ele>
   </trkpt>
   <trkpt lat="-26.2203160" lon="-51.1569650">
    <ele>948.0</ele>
   </trkpt>
   <trkpt lat="-26.2203610" lon="-51.1569480">
    <ele>948.6</ele>
   </trkpt>
   <trkpt lat="-26.2203880" lon="-51.1569210">
    <ele>949.0</ele>
   </trkpt>
   <trkpt lat="-26.2204150" lon="-51.1568980">
    <ele>949.5</ele>
   </trkpt>
   <trkpt lat="-26.2204360" lon="-51.1568700">
    <ele>949.9</ele>
   </trkpt>
   <trkpt lat="-26.2204450" lon="-51.1568610">
    <ele>950.0</ele>
   </trkpt>
   <trkpt lat="-26.2204580" lon="-51.1568320">
    <ele>950.3</ele>
   </trkpt>
   <trkpt lat="-26.2204670" lon="-51.1568190">
    <ele>950.5</ele>
   </trkpt>
   <trkpt lat="-26.2204850" lon="-51.1567950">
    <ele>950.8</ele>
   </trkpt>
   <trkpt lat="-26.2204970" lon="-51.1567850">
    <ele>951.0</ele>
   </trkpt>
   <trkpt lat="-26.2205250" lon="-51.1567620">
    <ele>951.3</ele>
   </trkpt>
   <trkpt lat="-26.2205330" lon="-51.1567530">
    <ele>951.4</ele>
   </trkpt>
   <trkpt lat="-26.2205460" lon="-51.1567460">
    <ele>951.6</ele>
   </trkpt>
   <trkpt lat="-26.2205580" lon="-51.1567280">
    <ele>951.8</ele>
   </trkpt>
   <trkpt lat="-26.2205820" lon="-51.1567110">
    <ele>952.1</ele>
   </trkpt>
   <trkpt lat="-26.2206100" lon="-51.1566950">
    <ele>952.4</ele>
   </trkpt>
   <trkpt lat="-26.2206200" lon="-51.1566870">
    <ele>952.5</ele>
   </trkpt>
   <trkpt lat="-26.2206430" lon="-51.1566690">
    <ele>952.8</ele>
   </trkpt>
   <trkpt lat="-26.2206780" lon="-51.1566500">
    <ele>953.2</ele>
   </trkpt>
   <trkpt lat="-26.2206900" lon="-51.1566410">
    <ele>953.3</ele>
   </trkpt>
   <trkpt lat="-26.2207190" lon="-51.1566260">
    <ele>953.6</ele>
   </trkpt>
   <trkpt lat="-26.2207270" lon="-51.1566200">
    <ele>953.8</ele>
   </trkpt>
   <trkpt lat="-26.2207650" lon="-51.1565990">
    <ele>954.3</ele>
   </trkpt>
   <trkpt lat="-26.2207810" lon="-51.1565920">
    <ele>954.5</ele>
   </trkpt>
   <trkpt lat="-26.2208150" lon="-51.1565750">
    <ele>955.0</ele>
   </trkpt>
   <trkpt lat="-26.2208280" lon="-51.1565680">
    <ele>955.2</ele>
   </trkpt>
   <trkpt lat="-26.2208600" lon="-51.1565450">
    <ele>955.8</ele>
   </trkpt>
   <trkpt lat="-26.2208860" lon="-51.1565330">
    <ele>956.2</ele>
   </trkpt>
   <trkpt lat="-26.2209120" lon="-51.1565240">
    <ele>956.6</ele>
   </trkpt>
   <trkpt lat="-26.2209410" lon="-51.1565070">
    <ele>957.0</ele>
   </trkpt>
   <trkpt lat="-26.2209520" lon="-51.1565030">
    <ele>957.2</ele>
   </trkpt>
   <trkpt lat="-26.2209820" lon="-51.1564890">
    <ele>957.6</ele>
   </trkpt>
   <trkpt lat="-26.2210200" lon="-51.1564780">
    <ele>958.2</ele>
   </trkpt>
   <trkpt lat="-26.2210370" lon="-51.1564730">
    <ele>958.4</ele>
   </trkpt>
   <trkpt lat="-26.2210630" lon="-51.1564640">
    <ele>958.8</ele>
   </trkpt>
   <trkpt lat="-26.2210900" lon="-51.1564450">
    <ele>959.3</ele>
   </trkpt>
   <trkpt lat="-26.2211250" lon="-51.1564380">
    <ele>959.9</ele>
   </trkpt>
   <trkpt lat="-26.2211360" lon="-51.1564380">
    <ele>960.1</ele>
   </trkpt>
   <trkpt lat="-26.2211650" lon="-51.1564210">
    <ele>960.6</ele>
   </trkpt>
   <trkpt lat="-26.2211950" lon="-51.1564200">
    <ele>961.2</ele>
   </trkpt>
   <trkpt lat="-26.2212230" lon="-51.1564150">
    <ele>961.7</ele>
   </trkpt>
   <trkpt lat="-26.2212640" lon="-51.1564090">
    <ele>962.4</ele>
   </trkpt>
   <trkpt lat="-26.2212780" lon="-51.1564080">
    <ele>962.7</ele>
   </trkpt>
   <trkpt lat="-26.2213180" lon="-51.1564120">
    <ele>963.4</ele>
   </trkpt>
   <trkpt lat="-26.2213310" lon="-51.1564160">
    <ele>963.6</ele>
   </trkpt>
   <trkpt lat="-26.2213580" lon="-51.1564210">
    <ele>964.1</ele>
   </trkpt>
   <trkpt lat="-26.2213940" lon="-51.1564270">
    <ele>964.8</ele>
   </trkpt>
   <trkpt lat="-26.2214050" lon="-51.1564320">
    <ele>965.0</ele>
   </trkpt>
   <trkpt lat="-26.2214350" lon="-51.1564380">
    <ele>965.5</ele>
   </trkpt>
   <trkpt lat="-26.2214620" lon="-51.1564610">
    <ele>966.1</ele>
   </trkpt>
   <trkpt lat="-26.2214720" lon="-51.1564710">
    <ele>966.3</ele>
   </trkpt>
   <trkpt lat="-26.2215000" lon="-51.1565000">
    <ele>966.8</ele>
   </trkpt>
   <trkpt lat="-26.2215080" lon="-51.1565090">
    <ele>967.0</ele>
   </trkpt>
   <trkpt lat="-26.2215270" lon="-51.1565390">
    <ele>967.4</ele>
   </trkpt>
   <trkpt lat="-26.2215490" lon="-51.1565690">
    <ele>967.8</ele>
   </trkpt>
   <trkpt lat="-26.2215570" lon="-51.1565810">
    <ele>967.9</ele>
   </trkpt>
   <trkpt lat="-26.2215720" lon="-51.1566070">
    <ele>968.2</ele>
   </trkpt>
   <trkpt lat="-26.2215940" lon="-51.1566390">
    <ele>968.5</ele>
   </trkpt>
   <trkpt lat="-26.2216000" lon="-51.1566500">
    <ele>968.5</ele>
   </trkpt>
   <trkpt lat="-26.2216260" lon="-51.1566850">
    <ele>968.8</ele>
   </trkpt>
   <trkpt lat="-26.2216360" lon="-51.1566960">
    <ele>968.9</ele>
   </trkpt>
   <trkpt lat="-26.2216600" lon="-51.1567300">
    <ele>969.2</ele>
   </trkpt>
   <trkpt lat="-26.2216700" lon="-51.1567440">
    <ele>969.3</ele>
   </trkpt>
   <trkpt lat="-26.2216820" lon="-51.1567650">
    <ele>969.4</ele>
   </trkpt>
   <trkpt lat="-26.2216900" lon="-51.1567750">
    <ele>969.5</ele>
   </trkpt>
   <trkpt lat="-26.2217140" lon="-51.1568020">
    <ele>969.7</ele>
   </trkpt>
   <trkpt lat="-26.2217220" lon="-51.1568090">
    <ele>969.8</ele>
   </trkpt>
   <trkpt lat="-26.2217440" lon="-51.1568320">
    <ele>970.0</ele>
   </trkpt>
   <trkpt lat="-26.2217710" lon="-51.1568500">
    <ele>970.3</ele>
   </trkpt>
   <trkpt lat="-26.2217870" lon="-51.1568640">
    <ele>970.5</ele>
   </trkpt>
   <trkpt lat="-26.2217920" lon="-51.1568740">
    <ele>970.6</ele>
   </trkpt>
   <trkpt lat="-26.2218120" lon="-51.1568920">
    <ele>970.8</ele>
   </trkpt>
   <trkpt lat="-26.2218390" lon="-51.1569140">
    <ele>971.1</ele>
   </trkpt>
   <trkpt lat="-26.2218460" lon="-51.1569190">
    <ele>971.2</ele>
   </trkpt>
   <trkpt lat="-26.2218760" lon="-51.1569410">
    <ele>971.6</ele>
   </trkpt>
   <trkpt lat="-26.2218980" lon="-51.1569600">
    <ele>971.9</ele>
   </trkpt>
   <trkpt lat="-26.2219090" lon="-51.1569660">
    <ele>972.0</ele>
   </trkpt>
   <trkpt lat="-26.2219310" lon="-51.1569870">
    <ele>972.3</ele>
   </trkpt>
   <trkpt lat="-26.2219640" lon="-51.1570140">
    <ele>972.7</ele>
   </trkpt>
   <trkpt lat="-26.2219820" lon="-51.1570260">
    <ele>972.9</ele>
   </trkpt>
   <trkpt lat="-26.2220020" lon="-51.1570480">
    <ele>973.2</ele>
   </trkpt>
   <trkpt lat="-26.2220110" lon="-51.1570560">
    <ele>973.4</ele>
   </trkpt>
   <trkpt lat="-26.2220420" lon="-51.1570790">
    <ele>973.8</ele>
   </trkpt>
   <trkpt lat="-26.2220520" lon="-51.1570850">
    <ele>974.0</ele>
   </trkpt>
   <trkpt lat="-26.2220790" lon="-51.1571120">
    <ele>974.5</ele>
   </trkpt>
   <trkpt lat="-26.2221030" lon="-51.1571380">
    <ele>975.0</ele>
   </trkpt>
   <trkpt lat="-26.2221200" lon="-51.1571520">
    <ele>975.3</ele>
   </trkpt>
   <trkpt lat="-26.2221420" lon="-51.1571740">
    <ele>975.7</ele>
   </trkpt>
   <trkpt lat="-26.2221580" lon="-51.1571870">
    <ele>976.0</ele>
   </trkpt>
   <trkpt lat="-26.2221750" lon="-51.1572230">
    <ele>976.5</ele>
   </trkpt>
   <trkpt lat="-26.2221780" lon="-51.1572350">
    <ele>976.7</ele>
   </trkpt>
   <trkpt lat="-26.2221980" lon="-51.1572640">
    <ele>977.2</ele>
   </trkpt>
   <trkpt lat="-26.2222060" lon="-51.1572730">
    <ele>977.3</ele>
   </trkpt>
   <trkpt lat="-26.2222200" lon="-51.1573030">
    <ele>977.8</ele>
   </trkpt>
   <trkpt lat="-26.2222260" lon="-51.1573140">
    <ele>978.0</ele>
   </trkpt>
   <trkpt lat="-26.2222520" lon="-51.1573420">
    <ele>978.5</ele>
   </trkpt>
   <trkpt lat="-26.2222590" lon="-51.1573510">
    <ele>978.6</ele>
   </trkpt>
   <trkpt lat="-26.2222740" lon="-51.1573790">
    <ele>979.0</ele>
   </trkpt>
   <trkpt lat="-26.2222790" lon="-51.1573900">
    <ele>979.1</ele>
   </trkpt>
   <trkpt lat="-26.2222850" lon="-51.1574190">
    <ele>979.5</ele>
   </trkpt>
   <trkpt lat="-26.2222900" lon="-51.1574280">
    <ele>979.6</ele>
   </trkpt>
   <trkpt lat="-26.2223060" lon="-51.1574650">
    <ele>980.1</ele>
   </trkpt>
   <trkpt lat="-26.2223100" lon="-51.1574750">
    <ele>980.2</ele>
   </trkpt>
   <trkpt lat="-26.2223250" lon="-51.1575120">
    <ele>980.6</ele>
   </trkpt>
   <trkpt lat="-26.2223360" lon="-51.1575410">
    <ele>980.9</ele>
   </trkpt>
   <trkpt lat="-26.2223430" lon="-51.1575530">
    <ele>981.0</ele>
   </trkpt>
   <trkpt lat="-26.2223590" lon="-51.1575880">
    <ele>981.3</ele>
   </trkpt>
   <trkpt lat="-26.2223820" lon="-51.1576180">
    <ele>981.7</ele>
   </trkpt>
   <trkpt lat="-26.2223930" lon="-51.1576320">
    <ele>981.8</ele>
   </trkpt>
   <trkpt lat="-26.2224210" lon="-51.1576590">
    <ele>982.1</ele>
   </trkpt>
   <trkpt lat="-26.2224320" lon="-51.1576670">
    <ele>982.3</ele>
   </trkpt>
   <trkpt lat="-26.2224680" lon="-51.1576960">
    <ele>982.6</ele>
   </trkpt>
   <trkpt lat="-26.2225060" lon="-51.1577130">
    <ele>983.0</ele>
   </trkpt>
   <trkpt lat="-26.2225310" lon="-51.1577250">
    <ele>983.2</ele>
   </trkpt>
   <trkpt lat="-26.2225620" lon="-51.1577380">
    <ele>983.5</ele>
   </trkpt>
   <trkpt lat="-26.2225900" lon="-51.1577480">
    <ele>983.7</ele>
   </trkpt>
   <trkpt lat="-26.2226190" lon="-51.1577580">
    <ele>984.0</ele>
   </trkpt>
   <trkpt lat="-26.2226550" lon="-51.1577640">
    <ele>984.3</ele>
   </trkpt>
   <trkpt lat="-26.2226900" lon="-51.1577840">
    <ele>984.6</ele>
   </trkpt>
   <trkpt lat="-26.2227090" lon="-51.1577890">
    <ele>984.8</ele>
   </trkpt>
   <trkpt lat="-26.2227440" lon="-51.1577970">
    <ele>985.2</ele>
   </trkpt>
   <trkpt lat="-26.2227760" lon="-51.1578060">
    <ele>985.6</ele>
   </trkpt>
   <trkpt lat="-26.2228050" lon="-51.1578100">
    <ele>985.9</ele>
   </trkpt>
   <trkpt lat="-26.2228370" lon="-51.1578080">
    <ele>986.2</ele>
   </trkpt>
   <trkpt lat="-26.2228660" lon="-51.1578230">
    <ele>986.5</ele>
   </trkpt>
   <trkpt lat="-26.2228930" lon="-51.1578480">
    <ele>986.9</ele>
   </trkpt>
   <trkpt lat="-26.2229250" lon="-51.1578630">
    <ele>987.1</ele>
   </trkpt>
   <trkpt lat="-26.2229550" lon="-51.1578760">
    <ele>987.4</ele>
   </trkpt>
   <trkpt lat="-26.2229850" lon="-51.1578940">
    <ele>987.6</ele>
   </trkpt>
   <trkpt lat="-26.2230220" lon="-51.1579200">
    <ele>987.8</ele>
   </trkpt>
   <trkpt lat="-26.2230360" lon="-51.1579320">
    <ele>987.9</ele>
   </trkpt>
   <trkpt lat="-26.2230680" lon="-51.1579520">
    <ele>988.0</ele>
   </trkpt>
   <trkpt lat="-26.2231010" lon="-51.1579790">
    <ele>988.1</ele>
   </trkpt>
   <trkpt lat="-26.2231290" lon="-51.1580040">
    <ele>988.2</ele>
   </trkpt>
   <trkpt lat="-26.2231570" lon="-51.1580390">
    <ele>988.2</ele>
   </trkpt>
   <trkpt lat="-26.2231880" lon="-51.1580690">
    <ele>988.2</ele>
   </trkpt>
   <trkpt lat="-26.2232290" lon="-51.1581010">
    <ele>988.1</ele>
   </trkpt>
   <trkpt lat="-26.2232670" lon="-51.1581360">
    <ele>988.1</ele>
   </trkpt>
   <trkpt lat="-26.2233050" lon="-51.1581770">
    <ele>988.1</ele>
   </trkpt>
   <trkpt lat="-26.2233440" lon="-51.1582200">
    <ele>988.2</ele>
   </trkpt>
   <trkpt lat="-26.2233790" lon="-51.1582700">
    <ele>988.4</ele>
   </trkpt>
   <trkpt lat="-26.2234110" lon="-51.1583160">
    <ele>988.5</ele>
   </trkpt>
   <trkpt lat="-26.2234380" lon="-51.1583640">
    <ele>988.8</ele>
   </trkpt>
   <trkpt lat="-26.2234670" lon="-51.1584010">
    <ele>988.9</ele>
   </trkpt>
   <trkpt lat="-26.2234980" lon="-51.1584360">
    <ele>989.1</ele>
   </trkpt>
   <trkpt lat="-26.2235310" lon="-51.1584580">
    <ele>989.3</ele>
   </trkpt>
   <trkpt lat="-26.2235620" lon="-51.1584960">
    <ele>989.4</ele>
   </trkpt>
   <trkpt lat="-26.2235890" lon="-51.1585420">
    <ele>989.5</ele>
   </trkpt>
   <trkpt lat="-26.2236180" lon="-51.1585860">
    <ele>989.5</ele>
   </trkpt>
   <trkpt lat="-26.2236510" lon="-51.1586250">
    <ele>989.6</ele>
   </trkpt>
   <trkpt lat="-26.2236790" lon="-51.1586750">
    <ele>989.6</ele>
   </trkpt>
   <trkpt lat="-26.2237100" lon="-51.1587200">
    <ele>989.7</ele>
   </trkpt>
   <trkpt lat="-26.2237440" lon="-51.1587680">
    <ele>989.7</ele>
   </trkpt>
   <trkpt lat="-26.2237680" lon="-51.1588200">
    <ele>989.8</ele>
   </trkpt>
   <trkpt lat="-26.2237990" lon="-51.1588700">
    <ele>989.9</ele>
   </trkpt>
   <trkpt lat="-26.2238350" lon="-51.1589130">
    <ele>989.9</ele>
   </trkpt>
   <trkpt lat="-26.2238680" lon="-51.1589590">
    <ele>990.0</ele>
   </trkpt>
   <trkpt lat="-26.2238970" lon="-51.1590080">
    <ele>990.0</ele>
   </trkpt>
   <trkpt lat="-26.2239190" lon="-51.1590620">
    <ele>990.0</ele>
   </trkpt>
   <trkpt lat="-26.2239490" lon="-51.1591200">
    <ele>990.0</ele>
   </trkpt>
   <trkpt lat="-26.2239820" lon="-51.1591660">
    <ele>990.0</ele>
   </trkpt>
   <trkpt lat="-26.2240110" lon="-51.1592150">
    <ele>990.0</ele>
   </trkpt>
   <trkpt lat="-26.2240360" lon="-51.1592620">
    <ele>989.9</ele>
   </trkpt>
   <trkpt lat="-26.2240580" lon="-51.1593120">
    <ele>989.9</ele>
   </trkpt>
   <trkpt lat="-26.2240800" lon="-51.1593640">
    <ele>989.9</ele>
   </trkpt>
   <trkpt lat="-26.2241110" lon="-51.1594200">
    <ele>989.8</ele>
   </trkpt>
   <trkpt lat="-26.2241440" lon="-51.1594700">
    <ele>989.8</ele>
   </trkpt>
   <trkpt lat="-26.2241790" lon="-51.1595210">
    <ele>989.7</ele>
   </trkpt>
   <trkpt lat="-26.2242130" lon="-51.1595890">
    <ele>989.7</ele>
   </trkpt>
   <trkpt lat="-26.2242450" lon="-51.1596310">
    <ele>989.8</ele>
   </trkpt>
   <trkpt lat="-26.2242830" lon="-51.1596720">
    <ele>989.9</ele>
   </trkpt>
   <trkpt lat="-26.2243200" lon="-51.1597200">
    <ele>990.0</ele>
   </trkpt>
   <trkpt lat="-26.2243620" lon="-51.1597620">
    <ele>990.1</ele>
   </trkpt>
   <trkpt lat="-26.2244070" lon="-51.1597960">
    <ele>990.3</ele>
   </trkpt>
   <trkpt lat="-26.2244550" lon="-51.1598280">
    <ele>990.5</ele>
   </trkpt>
   <trkpt lat="-26.2245000" lon="-51.1598600">
    <ele>990.7</ele>
   </trkpt>
   <trkpt lat="-26.2245360" lon="-51.1599020">
    <ele>990.8</ele>
   </trkpt>
   <trkpt lat="-26.2245770" lon="-51.1599430">
    <ele>991.1</ele>
   </trkpt>
   <trkpt lat="-26.2246170" lon="-51.1599800">
    <ele>991.3</ele>
   </trkpt>
   <trkpt lat="-26.2246640" lon="-51.1600140">
    <ele>991.6</ele>
   </trkpt>
   <trkpt lat="-26.2247090" lon="-51.1600530">
    <ele>992.0</ele>
   </trkpt>
   <trkpt lat="-26.2247510" lon="-51.1600960">
    <ele>992.3</ele>
   </trkpt>
   <trkpt lat="-26.2247920" lon="-51.1601330">
    <ele>992.5</ele>
   </trkpt>
   <trkpt lat="-26.2248390" lon="-51.1601670">
    <ele>992.7</ele>
   </trkpt>
   <trkpt lat="-26.2248840" lon="-51.1601940">
    <ele>992.8</ele>
   </trkpt>
   <trkpt lat="-26.2249380" lon="-51.1602220">
    <ele>992.8</ele>
   </trkpt>
   <trkpt lat="-26.2249920" lon="-51.1602440">
    <ele>992.8</ele>
   </trkpt>
   <trkpt lat="-26.2250520" lon="-51.1602680">
    <ele>992.8</ele>
   </trkpt>
   <trkpt lat="-26.2251120" lon="-51.1602690">
    <ele>992.9</ele>
   </trkpt>
   <trkpt lat="-26.2251730" lon="-51.1602830">
    <ele>993.1</ele>
   </trkpt>
   <trkpt lat="-26.2252310" lon="-51.1602900">
    <ele>993.3</ele>
   </trkpt>
   <trkpt lat="-26.2252890" lon="-51.1603060">
    <ele>993.4</ele>
   </trkpt>
   <trkpt lat="-26.2253510" lon="-51.1603370">
    <ele>993.7</ele>
   </trkpt>
   <trkpt lat="-26.2253950" lon="-51.1603670">
    <ele>994.0</ele>
   </trkpt>
   <trkpt lat="-26.2254330" lon="-51.1604220">
    <ele>994.3</ele>
   </trkpt>
   <trkpt lat="-26.2254550" lon="-51.1604800">
    <ele>994.6</ele>
   </trkpt>
   <trkpt lat="-26.2254690" lon="-51.1605490">
    <ele>994.9</ele>
   </trkpt>
   <trkpt lat="-26.2254790" lon="-51.1606120">
    <ele>995.1</ele>
   </trkpt>
   <trkpt lat="-26.2254920" lon="-51.1606720">
    <ele>995.1</ele>
   </trkpt>
   <trkpt lat="-26.2255060" lon="-51.1607340">
    <ele>995.1</ele>
   </trkpt>
   <trkpt lat="-26.2255210" lon="-51.1607980">
    <ele>994.9</ele>
   </trkpt>
   <trkpt lat="-26.2255390" lon="-51.1608650">
    <ele>994.6</ele>
   </trkpt>
   <trkpt lat="-26.2255590" lon="-51.1609390">
    <ele>994.2</ele>
   </trkpt>
   <trkpt lat="-26.2255800" lon="-51.1610200">
    <ele>993.7</ele>
   </trkpt>
   <trkpt lat="-26.2255970" lon="-51.1611070">
    <ele>993.2</ele>
   </trkpt>
   <trkpt lat="-26.2256080" lon="-51.1611890">
    <ele>992.7</ele>
   </trkpt>
   <trkpt lat="-26.2256170" lon="-51.1612740">
    <ele>992.2</ele>
   </trkpt>
   <trkpt lat="-26.2256380" lon="-51.1613650">
    <ele>991.6</ele>
   </trkpt>
   <trkpt lat="-26.2256820" lon="-51.1614380">
    <ele>991.1</ele>
   </trkpt>
   <trkpt lat="-26.2257570" lon="-51.1614940">
    <ele>990.6</ele>
   </trkpt>
   <trkpt lat="-26.2258370" lon="-51.1615220">
    <ele>990.2</ele>
   </trkpt>
   <trkpt lat="-26.2259240" lon="-51.1615440">
    <ele>989.8</ele>
   </trkpt>
   <trkpt lat="-26.2260030" lon="-51.1615740">
    <ele>989.2</ele>
   </trkpt>
   <trkpt lat="-26.2260760" lon="-51.1616170">
    <ele>988.6</ele>
   </trkpt>
   <trkpt lat="-26.2261410" lon="-51.1616820">
    <ele>987.9</ele>
   </trkpt>
   <trkpt lat="-26.2262050" lon="-51.1617520">
    <ele>987.2</ele>
   </trkpt>
   <trkpt lat="-26.2262580" lon="-51.1618370">
    <ele>986.6</ele>
   </trkpt>
   <trkpt lat="-26.2263010" lon="-51.1619270">
    <ele>985.9</ele>
   </trkpt>
   <trkpt lat="-26.2263380" lon="-51.1620130">
    <ele>985.2</ele>
   </trkpt>
   <trkpt lat="-26.2263590" lon="-51.1621150">
    <ele>984.5</ele>
   </trkpt>
   <trkpt lat="-26.2263720" lon="-51.1622230">
    <ele>983.7</ele>
   </trkpt>
   <trkpt lat="-26.2263760" lon="-51.1623350">
    <ele>983.0</ele>
   </trkpt>
   <trkpt lat="-26.2263800" lon="-51.1624350">
    <ele>982.5</ele>
   </trkpt>
   <trkpt lat="-26.2263730" lon="-51.1625390">
    <ele>981.8</ele>
   </trkpt>
   <trkpt lat="-26.2263510" lon="-51.1626440">
    <ele>981.2</ele>
   </trkpt>
   <trkpt lat="-26.2263150" lon="-51.1627540">
    <ele>980.6</ele>
   </trkpt>
   <trkpt lat="-26.2262800" lon="-51.1628550">
    <ele>980.2</ele>
   </trkpt>
   <trkpt lat="-26.2262420" lon="-51.1629560">
    <ele>980.0</ele>
   </trkpt>
   <trkpt lat="-26.2262160" lon="-51.1630540">
    <ele>979.9</ele>
   </trkpt>
   <trkpt lat="-26.2262060" lon="-51.1631580">
    <ele>979.8</ele>
   </trkpt>
   <trkpt lat="-26.2261980" lon="-51.1632500">
    <ele>979.7</ele>
   </trkpt>
   <trkpt lat="-26.2261850" lon="-51.1633490">
    <ele>979.4</ele>
   </trkpt>
   <trkpt lat="-26.2261700" lon="-51.1634370">
    <ele>979.0</ele>
   </trkpt>
   <trkpt lat="-26.2261630" lon="-51.1635340">
    <ele>978.3</ele>
   </trkpt>
   <trkpt lat="-26.2261680" lon="-51.1636330">
    <ele>977.6</ele>
   </trkpt>
   <trkpt lat="-26.2261810" lon="-51.1637290">
    <ele>976.8</ele>
   </trkpt>
   <trkpt lat="-26.2262150" lon="-51.1638250">
    <ele>976.0</ele>
   </trkpt>
   <trkpt lat="-26.2262400" lon="-51.1639200">
    <ele>975.0</ele>
   </trkpt>
   <trkpt lat="-26.2262510" lon="-51.1640220">
    <ele>973.8</ele>
   </trkpt>
   <trkpt lat="-26.2262690" lon="-51.1641170">
    <ele>972.5</ele>
   </trkpt>
   <trkpt lat="-26.2262680" lon="-51.1642180">
    <ele>971.1</ele>
   </trkpt>
   <trkpt lat="-26.2262520" lon="-51.1643130">
    <ele>969.8</ele>
   </trkpt>
   <trkpt lat="-26.2262230" lon="-51.1644130">
    <ele>968.5</ele>
   </trkpt>
   <trkpt lat="-26.2261820" lon="-51.1645290">
    <ele>967.1</ele>
   </trkpt>
   <trkpt lat="-26.2261290" lon="-51.1646340">
    <ele>965.9</ele>
   </trkpt>
   <trkpt lat="-26.2260800" lon="-51.1647420">
    <ele>964.7</ele>
   </trkpt>
   <trkpt lat="-26.2260300" lon="-51.1648570">
    <ele>963.6</ele>
   </trkpt>
   <trkpt lat="-26.2259840" lon="-51.1649670">
    <ele>962.8</ele>
   </trkpt>
   <trkpt lat="-26.2259260" lon="-51.1650770">
    <ele>962.0</ele>
   </trkpt>
   <trkpt lat="-26.2258630" lon="-51.1651670">
    <ele>961.4</ele>
   </trkpt>
   <trkpt lat="-26.2257900" lon="-51.1652460">
    <ele>960.8</ele>
   </trkpt>
   <trkpt lat="-26.2257190" lon="-51.1653130">
    <ele>960.2</ele>
   </trkpt>
   <trkpt lat="-26.2256710" lon="-51.1654050">
    <ele>959.5</ele>
   </trkpt>
   <trkpt lat="-26.2256440" lon="-51.1654940">
    <ele>958.8</ele>
   </trkpt>
   <trkpt lat="-26.2256570" lon="-51.1655980">
    <ele>957.9</ele>
   </trkpt>
   <trkpt lat="-26.2256820" lon="-51.1656980">
    <ele>957.1</ele>
   </trkpt>
   <trkpt lat="-26.2257230" lon="-51.1657890">
    <ele>956.1</ele>
   </trkpt>
   <trkpt lat="-26.2257870" lon="-51.1658940">
    <ele>954.9</ele>
   </trkpt>
   <trkpt lat="-26.2258530" lon="-51.1659740">
    <ele>953.8</ele>
   </trkpt>
   <trkpt lat="-26.2259360" lon="-51.1660410">
    <ele>952.7</ele>
   </trkpt>
   <trkpt lat="-26.2260120" lon="-51.1661110">
    <ele>951.6</ele>
   </trkpt>
   <trkpt lat="-26.2260820" lon="-51.1661920">
    <ele>950.6</ele>
   </trkpt>
   <trkpt lat="-26.2261350" lon="-51.1662990">
    <ele>949.5</ele>
   </trkpt>
   <trkpt lat="-26.2261700" lon="-51.1664040">
    <ele>948.8</ele>
   </trkpt>
   <trkpt lat="-26.2262040" lon="-51.1665190">
    <ele>948.3</ele>
   </trkpt>
   <trkpt lat="-26.2262360" lon="-51.1666120">
    <ele>947.9</ele>
   </trkpt>
   <trkpt lat="-26.2262920" lon="-51.1667010">
    <ele>947.6</ele>
   </trkpt>
   <trkpt lat="-26.2263800" lon="-51.1667690">
    <ele>947.3</ele>
   </trkpt>
   <trkpt lat="-26.2264500" lon="-51.1668290">
    <ele>947.2</ele>
   </trkpt>
   <trkpt lat="-26.2265210" lon="-51.1668880">
    <ele>947.1</ele>
   </trkpt>
   <trkpt lat="-26.2266040" lon="-51.1669200">
    <ele>947.0</ele>
   </trkpt>
   <trkpt lat="-26.2266920" lon="-51.1669150">
    <ele>947.1</ele>
   </trkpt>
   <trkpt lat="-26.2267640" lon="-51.1668860">
    <ele>947.3</ele>
   </trkpt>
   <trkpt lat="-26.2268300" lon="-51.1668490">
    <ele>947.5</ele>
   </trkpt>
   <trkpt lat="-26.2268880" lon="-51.1668080">
    <ele>947.7</ele>
   </trkpt>
   <trkpt lat="-26.2269570" lon="-51.1667770">
    <ele>948.0</ele>
   </trkpt>
   <trkpt lat="-26.2270230" lon="-51.1667730">
    <ele>948.2</ele>
   </trkpt>
   <trkpt lat="-26.2270950" lon="-51.1667900">
    <ele>948.6</ele>
   </trkpt>
   <trkpt lat="-26.2271530" lon="-51.1668060">
    <ele>949.0</ele>
   </trkpt>
   <trkpt lat="-26.2272010" lon="-51.1668500">
    <ele>949.4</ele>
   </trkpt>
   <trkpt lat="-26.2272360" lon="-51.1668940">
    <ele>949.7</ele>
   </trkpt>
   <trkpt lat="-26.2272730" lon="-51.1669480">
    <ele>950.1</ele>
   </trkpt>
   <trkpt lat="-26.2273110" lon="-51.1669900">
    <ele>950.4</ele>
   </trkpt>
   <trkpt lat="-26.2273540" lon="-51.1670170">
    <ele>950.8</ele>
   </trkpt>
   <trkpt lat="-26.2273890" lon="-51.1670460">
    <ele>951.1</ele>
   </trkpt>
   <trkpt lat="-26.2274240" lon="-51.1670720">
    <ele>951.5</ele>
   </trkpt>
   <trkpt lat="-26.2274700" lon="-51.1670990">
    <ele>952.0</ele>
   </trkpt>
   <trkpt lat="-26.2275130" lon="-51.1671210">
    <ele>952.4</ele>
   </trkpt>
   <trkpt lat="-26.2275570" lon="-51.1671410">
    <ele>952.9</ele>
   </trkpt>
   <trkpt lat="-26.2276000" lon="-51.1671600">
    <ele>953.4</ele>
   </trkpt>
   <trkpt lat="-26.2276370" lon="-51.1671690">
    <ele>953.9</ele>
   </trkpt>
   <trkpt lat="-26.2276820" lon="-51.1671690">
    <ele>954.4</ele>
   </trkpt>
   <trkpt lat="-26.2277270" lon="-51.1671720">
    <ele>955.0</ele>
   </trkpt>
   <trkpt lat="-26.2277610" lon="-51.1671860">
    <ele>955.5</ele>
   </trkpt>
   <trkpt lat="-26.2278000" lon="-51.1671960">
    <ele>956.0</ele>
   </trkpt>
   <trkpt lat="-26.2278310" lon="-51.1672120">
    <ele>956.5</ele>
   </trkpt>
   <trkpt lat="-26.2278680" lon="-51.1672280">
    <ele>957.0</ele>
   </trkpt>
   <trkpt lat="-26.2279040" lon="-51.1672480">
    <ele>957.5</ele>
   </trkpt>
   <trkpt lat="-26.2279400" lon="-51.1672670">
    <ele>958.0</ele>
   </trkpt>
   <trkpt lat="-26.2279730" lon="-51.1672900">
    <ele>958.4</ele>
   </trkpt>
   <trkpt lat="-26.2280100" lon="-51.1673170">
    <ele>958.8</ele>
   </trkpt>
   <trkpt lat="-26.2280440" lon="-51.1673410">
    <ele>959.1</ele>
   </trkpt>
   <trkpt lat="-26.2280770" lon="-51.1673760">
    <ele>959.4</ele>
   </trkpt>
   <trkpt lat="-26.2281090" lon="-51.1674040">
    <ele>959.7</ele>
   </trkpt>
   <trkpt lat="-26.2281350" lon="-51.1674390">
    <ele>960.0</ele>
   </trkpt>
   <trkpt lat="-26.2281640" lon="-51.1674760">
    <ele>960.3</ele>
   </trkpt>
   <trkpt lat="-26.2281940" lon="-51.1675080">
    <ele>960.6</ele>
   </trkpt>
   <trkpt lat="-26.2282220" lon="-51.1675400">
    <ele>960.8</ele>
   </trkpt>
   <trkpt lat="-26.2282500" lon="-51.1675680">
    <ele>961.0</ele>
   </trkpt>
   <trkpt lat="-26.2282760" lon="-51.1676030">
    <ele>961.2</ele>
   </trkpt>
   <trkpt lat="-26.2283030" lon="-51.1676380">
    <ele>961.4</ele>
   </trkpt>
   <trkpt lat="-26.2283250" lon="-51.1676700">
    <ele>961.6</ele>
   </trkpt>
   <trkpt lat="-26.2283570" lon="-51.1677040">
    <ele>961.9</ele>
   </trkpt>
   <trkpt lat="-26.2283690" lon="-51.1677400">
    <ele>962.1</ele>
   </trkpt>
   <trkpt lat="-26.2283740" lon="-51.1677870">
    <ele>962.3</ele>
   </trkpt>
   <trkpt lat="-26.2283810" lon="-51.1678310">
    <ele>962.5</ele>
   </trkpt>
   <trkpt lat="-26.2283810" lon="-51.1678790">
    <ele>962.7</ele>
   </trkpt>
   <trkpt lat="-26.2283760" lon="-51.1679190">
    <ele>962.9</ele>
   </trkpt>
   <trkpt lat="-26.2283690" lon="-51.1679630">
    <ele>963.1</ele>
   </trkpt>
   <trkpt lat="-26.2283630" lon="-51.1680060">
    <ele>963.3</ele>
   </trkpt>
   <trkpt lat="-26.2283550" lon="-51.1680480">
    <ele>963.6</ele>
   </trkpt>
   <trkpt lat="-26.2283620" lon="-51.1680940">
    <ele>963.9</ele>
   </trkpt>
   <trkpt lat="-26.2283830" lon="-51.1681500">
    <ele>964.2</ele>
   </trkpt>
   <trkpt lat="-26.2284210" lon="-51.1681930">
    <ele>964.6</ele>
   </trkpt>
   <trkpt lat="-26.2284640" lon="-51.1682220">
    <ele>964.9</ele>
   </trkpt>
   <trkpt lat="-26.2285010" lon="-51.1682420">
    <ele>965.2</ele>
   </trkpt>
   <trkpt lat="-26.2285380" lon="-51.1682630">
    <ele>965.4</ele>
   </trkpt>
   <trkpt lat="-26.2285690" lon="-51.1682860">
    <ele>965.6</ele>
   </trkpt>
   <trkpt lat="-26.2286020" lon="-51.1683060">
    <ele>965.7</ele>
   </trkpt>
   <trkpt lat="-26.2286350" lon="-51.1683320">
    <ele>965.8</ele>
   </trkpt>
   <trkpt lat="-26.2286640" lon="-51.1683600">
    <ele>966.0</ele>
   </trkpt>
   <trkpt lat="-26.2286940" lon="-51.1683900">
    <ele>966.1</ele>
   </trkpt>
   <trkpt lat="-26.2287190" lon="-51.1684270">
    <ele>966.2</ele>
   </trkpt>
   <trkpt lat="-26.2287410" lon="-51.1684670">
    <ele>966.3</ele>
   </trkpt>
   <trkpt lat="-26.2287590" lon="-51.1685070">
    <ele>966.4</ele>
   </trkpt>
   <trkpt lat="-26.2287720" lon="-51.1685510">
    <ele>966.4</ele>
   </trkpt>
   <trkpt lat="-26.2287870" lon="-51.1685960">
    <ele>966.5</ele>
   </trkpt>
   <trkpt lat="-26.2287980" lon="-51.1686300">
    <ele>966.5</ele>
   </trkpt>
   <trkpt lat="-26.2288060" lon="-51.1686710">
    <ele>966.4</ele>
   </trkpt>
   <trkpt lat="-26.2288010" lon="-51.1687120">
    <ele>966.3</ele>
   </trkpt>
   <trkpt lat="-26.2287950" lon="-51.1687590">
    <ele>966.2</ele>
   </trkpt>
   <trkpt lat="-26.2287810" lon="-51.1688070">
    <ele>966.0</ele>
   </trkpt>
   <trkpt lat="-26.2287650" lon="-51.1688570">
    <ele>965.7</ele>
   </trkpt>
   <trkpt lat="-26.2287540" lon="-51.1689170">
    <ele>965.5</ele>
   </trkpt>
   <trkpt lat="-26.2287350" lon="-51.1689730">
    <ele>965.3</ele>
   </trkpt>
   <trkpt lat="-26.2287300" lon="-51.1690350">
    <ele>965.0</ele>
   </trkpt>
   <trkpt lat="-26.2287240" lon="-51.1690960">
    <ele>964.8</ele>
   </trkpt>
   <trkpt lat="-26.2287320" lon="-51.1691590">
    <ele>964.6</ele>
   </trkpt>
   <trkpt lat="-26.2287510" lon="-51.1692230">
    <ele>964.4</ele>
   </trkpt>
   <trkpt lat="-26.2287830" lon="-51.1692890">
    <ele>964.2</ele>
   </trkpt>
   <trkpt lat="-26.2288170" lon="-51.1693420">
    <ele>963.9</ele>
   </trkpt>
   <trkpt lat="-26.2288410" lon="-51.1693980">
    <ele>963.7</ele>
   </trkpt>
   <trkpt lat="-26.2288810" lon="-51.1694550">
    <ele>963.3</ele>
   </trkpt>
   <trkpt lat="-26.2289220" lon="-51.1695190">
    <ele>962.9</ele>
   </trkpt>
   <trkpt lat="-26.2289670" lon="-51.1695840">
    <ele>962.6</ele>
   </trkpt>
   <trkpt lat="-26.2290110" lon="-51.1696480">
    <ele>962.3</ele>
   </trkpt>
   <trkpt lat="-26.2290590" lon="-51.1697070">
    <ele>962.1</ele>
   </trkpt>
   <trkpt lat="-26.2291130" lon="-51.1697690">
    <ele>962.1</ele>
   </trkpt>
   <trkpt lat="-26.2291630" lon="-51.1698290">
    <ele>962.2</ele>
   </trkpt>
   <trkpt lat="-26.2292190" lon="-51.1698850">
    <ele>962.3</ele>
   </trkpt>
   <trkpt lat="-26.2292770" lon="-51.1699390">
    <ele>962.3</ele>
   </trkpt>
   <trkpt lat="-26.2293360" lon="-51.1699880">
    <ele>962.2</ele>
   </trkpt>
   <trkpt lat="-26.2293900" lon="-51.1700370">
    <ele>962.1</ele>
   </trkpt>
   <trkpt lat="-26.2294410" lon="-51.1700940">
    <ele>961.7</ele>
   </trkpt>
   <trkpt lat="-26.2294990" lon="-51.1701500">
    <ele>961.2</ele>
   </trkpt>
   <trkpt lat="-26.2295570" lon="-51.1702010">
    <ele>960.6</ele>
   </trkpt>
   <trkpt lat="-26.2296100" lon="-51.1702630">
    <ele>959.8</ele>
   </trkpt>
   <trkpt lat="-26.2296640" lon="-51.1703500">
    <ele>958.7</ele>
   </trkpt>
   <trkpt lat="-26.2297110" lon="-51.1704410">
    <ele>957.8</ele>
   </trkpt>
   <trkpt lat="-26.2297830" lon="-51.1705180">
    <ele>956.9</ele>
   </trkpt>
   <trkpt lat="-26.2298430" lon="-51.1706080">
    <ele>956.3</ele>
   </trkpt>
   <trkpt lat="-26.2299070" lon="-51.1706950">
    <ele>955.8</ele>
   </trkpt>
   <trkpt lat="-26.2299820" lon="-51.1707630">
    <ele>955.5</ele>
   </trkpt>
   <trkpt lat="-26.2300650" lon="-51.1708110">
    <ele>955.2</ele>
   </trkpt>
   <trkpt lat="-26.2301550" lon="-51.1708250">
    <ele>955.1</ele>
   </trkpt>
   <trkpt lat="-26.2302390" lon="-51.1708080">
    <ele>955.1</ele>
   </trkpt>
   <trkpt lat="-26.2303100" lon="-51.1707690">
    <ele>955.2</ele>
   </trkpt>
   <trkpt lat="-26.2303720" lon="-51.1707190">
    <ele>955.4</ele>
   </trkpt>
   <trkpt lat="-26.2304340" lon="-51.1706770">
    <ele>955.8</ele>
   </trkpt>
   <trkpt lat="-26.2304900" lon="-51.1706460">
    <ele>956.1</ele>
   </trkpt>
   <trkpt lat="-26.2305480" lon="-51.1706330">
    <ele>956.5</ele>
   </trkpt>
   <trkpt lat="-26.2305990" lon="-51.1706190">
    <ele>956.8</ele>
   </trkpt>
   <trkpt lat="-26.2306590" lon="-51.1706150">
    <ele>957.1</ele>
   </trkpt>
   <trkpt lat="-26.2307150" lon="-51.1706170">
    <ele>957.5</ele>
   </trkpt>
   <trkpt lat="-26.2307640" lon="-51.1706310">
    <ele>957.8</ele>
   </trkpt>
   <trkpt lat="-26.2308230" lon="-51.1706490">
    <ele>958.3</ele>
   </trkpt>
   <trkpt lat="-26.2308710" lon="-51.1706580">
    <ele>958.6</ele>
   </trkpt>
   <trkpt lat="-26.2309250" lon="-51.1706690">
    <ele>959.0</ele>
   </trkpt>
   <trkpt lat="-26.2309670" lon="-51.1706760">
    <ele>959.3</ele>
   </trkpt>
   <trkpt lat="-26.2310240" lon="-51.1706840">
    <ele>959.8</ele>
   </trkpt>
   <trkpt lat="-26.2310670" lon="-51.1707080">
    <ele>960.2</ele>
   </trkpt>
   <trkpt lat="-26.2311120" lon="-51.1707280">
    <ele>960.7</ele>
   </trkpt>
   <trkpt lat="-26.2311580" lon="-51.1707520">
    <ele>961.3</ele>
   </trkpt>
   <trkpt lat="-26.2312000" lon="-51.1707810">
    <ele>961.9</ele>
   </trkpt>
   <trkpt lat="-26.2312350" lon="-51.1708230">
    <ele>962.5</ele>
   </trkpt>
   <trkpt lat="-26.2312650" lon="-51.1708580">
    <ele>963.0</ele>
   </trkpt>
   <trkpt lat="-26.2312900" lon="-51.1708900">
    <ele>963.5</ele>
   </trkpt>
   <trkpt lat="-26.2313160" lon="-51.1709300">
    <ele>964.1</ele>
   </trkpt>
   <trkpt lat="-26.2313360" lon="-51.1709640">
    <ele>964.6</ele>
   </trkpt>
   <trkpt lat="-26.2313610" lon="-51.1710050">
    <ele>965.2</ele>
   </trkpt>
   <trkpt lat="-26.2313820" lon="-51.1710430">
    <ele>965.8</ele>
   </trkpt>
   <trkpt lat="-26.2314010" lon="-51.1710860">
    <ele>966.5</ele>
   </trkpt>
   <trkpt lat="-26.2314190" lon="-51.1711260">
    <ele>967.1</ele>
   </trkpt>
   <trkpt lat="-26.2314290" lon="-51.1711690">
    <ele>967.7</ele>
   </trkpt>
   <trkpt lat="-26.2314400" lon="-51.1712190">
    <ele>968.3</ele>
   </trkpt>
   <trkpt lat="-26.2314350" lon="-51.1712750">
    <ele>968.9</ele>
   </trkpt>
   <trkpt lat="-26.2314300" lon="-51.1713280">
    <ele>969.3</ele>
   </trkpt>
   <trkpt lat="-26.2314340" lon="-51.1713800">
    <ele>969.5</ele>
   </trkpt>
   <trkpt lat="-26.2314340" lon="-51.1714340">
    <ele>969.7</ele>
   </trkpt>
   <trkpt lat="-26.2314350" lon="-51.1714850">
    <ele>969.8</ele>
   </trkpt>
   <trkpt lat="-26.2314360" lon="-51.1715400">
    <ele>969.8</ele>
   </trkpt>
   <trkpt lat="-26.2314440" lon="-51.1715910">
    <ele>969.7</ele>
   </trkpt>
   <trkpt lat="-26.2314540" lon="-51.1716490">
    <ele>969.7</ele>
   </trkpt>
   <trkpt lat="-26.2314660" lon="-51.1717030">
    <ele>969.6</ele>
   </trkpt>
   <trkpt lat="-26.2314860" lon="-51.1717550">
    <ele>969.5</ele>
   </trkpt>
   <trkpt lat="-26.2315110" lon="-51.1718100">
    <ele>969.3</ele>
   </trkpt>
   <trkpt lat="-26.2315330" lon="-51.1718610">
    <ele>969.2</ele>
   </trkpt>
   <trkpt lat="-26.2315560" lon="-51.1719160">
    <ele>969.0</ele>
   </trkpt>
   <trkpt lat="-26.2315800" lon="-51.1719690">
    <ele>968.8</ele>
   </trkpt>
   <trkpt lat="-26.2316080" lon="-51.1720260">
    <ele>968.4</ele>
   </trkpt>
   <trkpt lat="-26.2316320" lon="-51.1720810">
    <ele>968.0</ele>
   </trkpt>
   <trkpt lat="-26.2316660" lon="-51.1721360">
    <ele>967.4</ele>
   </trkpt>
   <trkpt lat="-26.2316970" lon="-51.1721950">
    <ele>966.7</ele>
   </trkpt>
   <trkpt lat="-26.2317310" lon="-51.1722580">
    <ele>966.1</ele>
   </trkpt>
   <trkpt lat="-26.2317720" lon="-51.1723160">
    <ele>965.5</ele>
   </trkpt>
   <trkpt lat="-26.2318170" lon="-51.1723730">
    <ele>964.9</ele>
   </trkpt>
   <trkpt lat="-26.2318740" lon="-51.1724280">
    <ele>964.2</ele>
   </trkpt>
   <trkpt lat="-26.2319370" lon="-51.1724820">
    <ele>963.4</ele>
   </trkpt>
   <trkpt lat="-26.2320030" lon="-51.1725320">
    <ele>962.6</ele>
   </trkpt>
   <trkpt lat="-26.2320810" lon="-51.1725710">
    <ele>961.7</ele>
   </trkpt>
   <trkpt lat="-26.2321650" lon="-51.1725980">
    <ele>960.9</ele>
   </trkpt>
   <trkpt lat="-26.2322500" lon="-51.1726130">
    <ele>960.2</ele>
   </trkpt>
   <trkpt lat="-26.2323280" lon="-51.1726040">
    <ele>959.8</ele>
   </trkpt>
   <trkpt lat="-26.2324250" lon="-51.1725770">
    <ele>959.4</ele>
   </trkpt>
   <trkpt lat="-26.2325000" lon="-51.1725440">
    <ele>959.2</ele>
   </trkpt>
   <trkpt lat="-26.2325830" lon="-51.1725060">
    <ele>959.0</ele>
   </trkpt>
   <trkpt lat="-26.2326470" lon="-51.1724690">
    <ele>958.9</ele>
   </trkpt>
   <trkpt lat="-26.2327150" lon="-51.1724420">
    <ele>958.8</ele>
   </trkpt>
   <trkpt lat="-26.2327860" lon="-51.1724110">
    <ele>958.8</ele>
   </trkpt>
   <trkpt lat="-26.2328640" lon="-51.1723820">
    <ele>959.0</ele>
   </trkpt>
   <trkpt lat="-26.2329290" lon="-51.1723470">
    <ele>959.2</ele>
   </trkpt>
   <trkpt lat="-26.2329950" lon="-51.1723170">
    <ele>959.4</ele>
   </trkpt>
   <trkpt lat="-26.2330740" lon="-51.1722950">
    <ele>959.5</ele>
   </trkpt>
   <trkpt lat="-26.2331440" lon="-51.1722920">
    <ele>959.6</ele>
   </trkpt>
   <trkpt lat="-26.2332180" lon="-51.1722890">
    <ele>959.8</ele>
   </trkpt>
   <trkpt lat="-26.2332870" lon="-51.1722960">
    <ele>959.8</ele>
   </trkpt>
   <trkpt lat="-26.2333640" lon="-51.1723110">
    <ele>959.8</ele>
   </trkpt>
   <trkpt lat="-26.2334310" lon="-51.1723250">
    <ele>959.7</ele>
   </trkpt>
   <trkpt lat="-26.2335000" lon="-51.1723440">
    <ele>959.5</ele>
   </trkpt>
   <trkpt lat="-26.2335680" lon="-51.1723770">
    <ele>959.3</ele>
   </trkpt>
   <trkpt lat="-26.2336450" lon="-51.1724070">
    <ele>958.9</ele>
   </trkpt>
   <trkpt lat="-26.2337240" lon="-51.1724340">
    <ele>958.4</ele>
   </trkpt>
   <trkpt lat="-26.2337960" lon="-51.1724680">
    <ele>957.8</ele>
   </trkpt>
   <trkpt lat="-26.2338670" lon="-51.1725050">
    <ele>957.0</ele>
   </trkpt>
   <trkpt lat="-26.2339490" lon="-51.1725700">
    <ele>955.8</ele>
   </trkpt>
   <trkpt lat="-26.2340200" lon="-51.1726380">
    <ele>954.5</ele>
   </trkpt>
   <trkpt lat="-26.2340660" lon="-51.1727240">
    <ele>953.2</ele>
   </trkpt>
   <trkpt lat="-26.2340970" lon="-51.1728150">
    <ele>951.9</ele>
   </trkpt>
   <trkpt lat="-26.2341360" lon="-51.1729020">
    <ele>950.8</ele>
   </trkpt>
   <trkpt lat="-26.2341680" lon="-51.1730040">
    <ele>949.5</ele>
   </trkpt>
   <trkpt lat="-26.2341970" lon="-51.1731090">
    <ele>948.1</ele>
   </trkpt>
   <trkpt lat="-26.2342420" lon="-51.1732170">
    <ele>946.4</ele>
   </trkpt>
   <trkpt lat="-26.2343000" lon="-51.1733200">
    <ele>944.4</ele>
   </trkpt>
   <trkpt lat="-26.2343730" lon="-51.1734210">
    <ele>942.2</ele>
   </trkpt>
   <trkpt lat="-26.2344540" lon="-51.1735190">
    <ele>940.1</ele>
   </trkpt>
   <trkpt lat="-26.2345310" lon="-51.1736140">
    <ele>938.2</ele>
   </trkpt>
   <trkpt lat="-26.2345850" lon="-51.1737110">
    <ele>936.5</ele>
   </trkpt>
   <trkpt lat="-26.2346160" lon="-51.1738370">
    <ele>934.7</ele>
   </trkpt>
   <trkpt lat="-26.2346230" lon="-51.1739550">
    <ele>933.2</ele>
   </trkpt>
   <trkpt lat="-26.2346170" lon="-51.1740790">
    <ele>931.7</ele>
   </trkpt>
   <trkpt lat="-26.2346140" lon="-51.1742110">
    <ele>930.3</ele>
   </trkpt>
   <trkpt lat="-26.2345970" lon="-51.1743480">
    <ele>929.2</ele>
   </trkpt>
   <trkpt lat="-26.2345810" lon="-51.1744800">
    <ele>928.5</ele>
   </trkpt>
   <trkpt lat="-26.2345590" lon="-51.1746050">
    <ele>928.2</ele>
   </trkpt>
   <trkpt lat="-26.2345380" lon="-51.1747240">
    <ele>928.0</ele>
   </trkpt>
   <trkpt lat="-26.2345180" lon="-51.1748410">
    <ele>927.9</ele>
   </trkpt>
   <trkpt lat="-26.2345060" lon="-51.1749540">
    <ele>928.0</ele>
   </trkpt>
   <trkpt lat="-26.2345270" lon="-51.1750650">
    <ele>928.2</ele>
   </trkpt>
   <trkpt lat="-26.2345810" lon="-51.1751510">
    <ele>928.7</ele>
   </trkpt>
   <trkpt lat="-26.2346450" lon="-51.1752230">
    <ele>929.3</ele>
   </trkpt>
   <trkpt lat="-26.2347100" lon="-51.1752810">
    <ele>930.0</ele>
   </trkpt>
   <trkpt lat="-26.2347610" lon="-51.1753320">
    <ele>930.7</ele>
   </trkpt>
   <trkpt lat="-26.2348110" lon="-51.1753780">
    <ele>931.6</ele>
   </trkpt>
   <trkpt lat="-26.2348590" lon="-51.1754230">
    <ele>932.5</ele>
   </trkpt>
   <trkpt lat="-26.2349000" lon="-51.1754710">
    <ele>933.6</ele>
   </trkpt>
   <trkpt lat="-26.2349400" lon="-51.1755010">
    <ele>934.4</ele>
   </trkpt>
   <trkpt lat="-26.2349810" lon="-51.1755520">
    <ele>935.3</ele>
   </trkpt>
   <trkpt lat="-26.2350280" lon="-51.1755940">
    <ele>935.9</ele>
   </trkpt>
   <trkpt lat="-26.2350750" lon="-51.1756230">
    <ele>936.3</ele>
   </trkpt>
   <trkpt lat="-26.2351210" lon="-51.1756370">
    <ele>936.5</ele>
   </trkpt>
   <trkpt lat="-26.2351640" lon="-51.1756530">
    <ele>936.5</ele>
   </trkpt>
   <trkpt lat="-26.2352150" lon="-51.1756680">
    <ele>936.2</ele>
   </trkpt>
   <trkpt lat="-26.2352770" lon="-51.1756660">
    <ele>935.7</ele>
   </trkpt>
   <trkpt lat="-26.2353510" lon="-51.1756680">
    <ele>934.9</ele>
   </trkpt>
   <trkpt lat="-26.2354310" lon="-51.1756680">
    <ele>933.9</ele>
   </trkpt>
   <trkpt lat="-26.2355180" lon="-51.1756710">
    <ele>932.7</ele>
   </trkpt>
   <trkpt lat="-26.2356130" lon="-51.1756940">
    <ele>931.3</ele>
   </trkpt>
   <trkpt lat="-26.2357020" lon="-51.1757210">
    <ele>930.0</ele>
   </trkpt>
   <trkpt lat="-26.2357890" lon="-51.1757650">
    <ele>928.8</ele>
   </trkpt>
   <trkpt lat="-26.2358690" lon="-51.1758120">
    <ele>927.7</ele>
   </trkpt>
   <trkpt lat="-26.2359470" lon="-51.1758690">
    <ele>926.5</ele>
   </trkpt>
   <trkpt lat="-26.2360190" lon="-51.1759410">
    <ele>925.3</ele>
   </trkpt>
   <trkpt lat="-26.2360900" lon="-51.1760100">
    <ele>924.0</ele>
   </trkpt>
   <trkpt lat="-26.2361610" lon="-51.1760780">
    <ele>922.8</ele>
   </trkpt>
   <trkpt lat="-26.2362380" lon="-51.1761400">
    <ele>921.6</ele>
   </trkpt>
   <trkpt lat="-26.2363100" lon="-51.1762070">
    <ele>920.6</ele>
   </trkpt>
   <trkpt lat="-26.2363830" lon="-51.1762760">
    <ele>919.7</ele>
   </trkpt>
   <trkpt lat="-26.2364360" lon="-51.1763680">
    <ele>918.7</ele>
   </trkpt>
   <trkpt lat="-26.2364720" lon="-51.1764670">
    <ele>917.7</ele>
   </trkpt>
   <trkpt lat="-26.2365030" lon="-51.1765760">
    <ele>916.7</ele>
   </trkpt>
   <trkpt lat="-26.2365240" lon="-51.1766770">
    <ele>915.7</ele>
   </trkpt>
   <trkpt lat="-26.2365550" lon="-51.1767770">
    <ele>914.6</ele>
   </trkpt>
   <trkpt lat="-26.2365820" lon="-51.1768670">
    <ele>913.4</ele>
   </trkpt>
   <trkpt lat="-26.2366090" lon="-51.1769610">
    <ele>912.0</ele>
   </trkpt>
   <trkpt lat="-26.2366620" lon="-51.1770620">
    <ele>910.4</ele>
   </trkpt>
   <trkpt lat="-26.2367270" lon="-51.1771620">
    <ele>908.9</ele>
   </trkpt>
   <trkpt lat="-26.2367810" lon="-51.1772540">
    <ele>907.8</ele>
   </trkpt>
   <trkpt lat="-26.2368460" lon="-51.1773370">
    <ele>906.8</ele>
   </trkpt>
   <trkpt lat="-26.2369000" lon="-51.1774170">
    <ele>906.0</ele>
   </trkpt>
   <trkpt lat="-26.2369390" lon="-51.1774940">
    <ele>905.1</ele>
   </trkpt>
   <trkpt lat="-26.2369890" lon="-51.1775530">
    <ele>904.2</ele>
   </trkpt>
   <trkpt lat="-26.2370390" lon="-51.1775880">
    <ele>903.4</ele>
   </trkpt>
   <trkpt lat="-26.2371060" lon="-51.1775940">
    <ele>902.4</ele>
   </trkpt>
   <trkpt lat="-26.2371670" lon="-51.1775520">
    <ele>901.3</ele>
   </trkpt>
   <trkpt lat="-26.2372140" lon="-51.1774760">
    <ele>900.0</ele>
   </trkpt>
   <trkpt lat="-26.2372350" lon="-51.1773900">
    <ele>898.6</ele>
   </trkpt>
   <trkpt lat="-26.2372350" lon="-51.1772930">
    <ele>897.2</ele>
   </trkpt>
   <trkpt lat="-26.2372350" lon="-51.1772000">
    <ele>895.8</ele>
   </trkpt>
   <trkpt lat="-26.2372660" lon="-51.1771300">
    <ele>894.7</ele>
   </trkpt>
   <trkpt lat="-26.2373230" lon="-51.1770680">
    <ele>893.5</ele>
   </trkpt>
   <trkpt lat="-26.2374090" lon="-51.1770440">
    <ele>892.3</ele>
   </trkpt>
   <trkpt lat="-26.2374970" lon="-51.1770590">
    <ele>891.3</ele>
   </trkpt>
   <trkpt lat="-26.2375750" lon="-51.1771070">
    <ele>890.4</ele>
   </trkpt>
   <trkpt lat="-26.2376340" lon="-51.1771900">
    <ele>889.5</ele>
   </trkpt>
   <trkpt lat="-26.2376940" lon="-51.1772740">
    <ele>888.6</ele>
   </trkpt>
   <trkpt lat="-26.2377540" lon="-51.1773560">
    <ele>887.8</ele>
   </trkpt>
   <trkpt lat="-26.2378230" lon="-51.1774320">
    <ele>886.8</ele>
   </trkpt>
   <trkpt lat="-26.2378930" lon="-51.1775110">
    <ele>885.8</ele>
   </trkpt>
   <trkpt lat="-26.2379600" lon="-51.1775960">
    <ele>884.9</ele>
   </trkpt>
   <trkpt lat="-26.2380280" lon="-51.1776780">
    <ele>884.1</ele>
   </trkpt>
   <trkpt lat="-26.2381040" lon="-51.1777590">
    <ele>883.5</ele>
   </trkpt>
   <trkpt lat="-26.2381770" lon="-51.1778290">
    <ele>883.1</ele>
   </trkpt>
   <trkpt lat="-26.2382620" lon="-51.1778960">
    <ele>882.7</ele>
   </trkpt>
   <trkpt lat="-26.2383470" lon="-51.1779520">
    <ele>882.5</ele>
   </trkpt>
   <trkpt lat="-26.2384410" lon="-51.1779750">
    <ele>882.4</ele>
   </trkpt>
   <trkpt lat="-26.2385350" lon="-51.1779810">
    <ele>882.4</ele>
   </trkpt>
   <trkpt lat="-26.2386290" lon="-51.1779800">
    <ele>882.5</ele>
   </trkpt>
   <trkpt lat="-26.2387120" lon="-51.1780120">
    <ele>882.7</ele>
   </trkpt>
   <trkpt lat="-26.2387730" lon="-51.1780620">
    <ele>882.9</ele>
   </trkpt>
   <trkpt lat="-26.2388360" lon="-51.1781200">
    <ele>883.0</ele>
   </trkpt>
   <trkpt lat="-26.2388870" lon="-51.1781880">
    <ele>883.2</ele>
   </trkpt>
   <trkpt lat="-26.2389260" lon="-51.1782670">
    <ele>883.4</ele>
   </trkpt>
   <trkpt lat="-26.2389460" lon="-51.1783470">
    <ele>883.6</ele>
   </trkpt>
   <trkpt lat="-26.2389500" lon="-51.1784270">
    <ele>884.0</ele>
   </trkpt>
   <trkpt lat="-26.2389500" lon="-51.1785120">
    <ele>884.4</ele>
   </trkpt>
   <trkpt lat="-26.2389390" lon="-51.1785790">
    <ele>884.8</ele>
   </trkpt>
   <trkpt lat="-26.2389270" lon="-51.1786530">
    <ele>885.2</ele>
   </trkpt>
   <trkpt lat="-26.2389250" lon="-51.1787170">
    <ele>885.7</ele>
   </trkpt>
   <trkpt lat="-26.2389390" lon="-51.1787800">
    <ele>886.4</ele>
   </trkpt>
   <trkpt lat="-26.2389500" lon="-51.1788280">
    <ele>887.0</ele>
   </trkpt>
   <trkpt lat="-26.2389620" lon="-51.1788840">
    <ele>887.7</ele>
   </trkpt>
   <trkpt lat="-26.2389780" lon="-51.1789370">
    <ele>888.5</ele>
   </trkpt>
   <trkpt lat="-26.2389900" lon="-51.1789780">
    <ele>889.2</ele>
   </trkpt>
   <trkpt lat="-26.2390150" lon="-51.1790220">
    <ele>890.0</ele>
   </trkpt>
   <trkpt lat="-26.2390330" lon="-51.1790630">
    <ele>890.8</ele>
   </trkpt>
   <trkpt lat="-26.2390460" lon="-51.1791060">
    <ele>891.5</ele>
   </trkpt>
   <trkpt lat="-26.2390680" lon="-51.1791350">
    <ele>892.2</ele>
   </trkpt>
   <trkpt lat="-26.2390900" lon="-51.1791670">
    <ele>892.8</ele>
   </trkpt>
   <trkpt lat="-26.2391060" lon="-51.1792020">
    <ele>893.5</ele>
   </trkpt>
   <trkpt lat="-26.2391200" lon="-51.1792380">
    <ele>894.1</ele>
   </trkpt>
   <trkpt lat="-26.2391410" lon="-51.1792740">
    <ele>894.8</ele>
   </trkpt>
   <trkpt lat="-26.2391570" lon="-51.1793090">
    <ele>895.4</ele>
   </trkpt>
   <trkpt lat="-26.2391740" lon="-51.1793460">
    <ele>896.0</ele>
   </trkpt>
   <trkpt lat="-26.2391890" lon="-51.1793720">
    <ele>896.5</ele>
   </trkpt>
   <trkpt lat="-26.2392080" lon="-51.1793970">
    <ele>897.0</ele>
   </trkpt>
   <trkpt lat="-26.2392350" lon="-51.1794290">
    <ele>897.8</ele>
   </trkpt>
   <trkpt lat="-26.2392430" lon="-51.1794380">
    <ele>898.0</ele>
   </trkpt>
   <trkpt lat="-26.2392580" lon="-51.1794720">
    <ele>898.7</ele>
   </trkpt>
   <trkpt lat="-26.2392700" lon="-51.1795100">
    <ele>899.5</ele>
   </trkpt>
   <trkpt lat="-26.2392750" lon="-51.1795220">
    <ele>899.7</ele>
   </trkpt>
   <trkpt lat="-26.2392970" lon="-51.1795510">
    <ele>900.5</ele>
   </trkpt>
   <trkpt lat="-26.2393050" lon="-51.1795590">
    <ele>900.7</ele>
   </trkpt>
   <trkpt lat="-26.2393260" lon="-51.1795860">
    <ele>901.4</ele>
   </trkpt>
   <trkpt lat="-26.2393340" lon="-51.1795950">
    <ele>901.6</ele>
   </trkpt>
   <trkpt lat="-26.2393590" lon="-51.1796200">
    <ele>902.3</ele>
   </trkpt>
   <trkpt lat="-26.2393710" lon="-51.1796270">
    <ele>902.5</ele>
   </trkpt>
   <trkpt lat="-26.2394070" lon="-51.1796360">
    <ele>903.1</ele>
   </trkpt>
   <trkpt lat="-26.2394200" lon="-51.1796370">
    <ele>903.3</ele>
   </trkpt>
   <trkpt lat="-26.2394570" lon="-51.1796440">
    <ele>903.8</ele>
   </trkpt>
   <trkpt lat="-26.2394700" lon="-51.1796450">
    <ele>904.0</ele>
   </trkpt>
   <trkpt lat="-26.2394970" lon="-51.1796400">
    <ele>904.2</ele>
   </trkpt>
   <trkpt lat="-26.2395320" lon="-51.1796320">
    <ele>904.6</ele>
   </trkpt>
   <trkpt lat="-26.2395420" lon="-51.1796300">
    <ele>904.6</ele>
   </trkpt>
   <trkpt lat="-26.2395730" lon="-51.1796190">
    <ele>904.8</ele>
   </trkpt>
   <trkpt lat="-26.2396110" lon="-51.1796050">
    <ele>905.0</ele>
   </trkpt>
   <trkpt lat="-26.2396250" lon="-51.1796000">
    <ele>905.1</ele>
   </trkpt>
   <trkpt lat="-26.2396470" lon="-51.1795900">
    <ele>905.2</ele>
   </trkpt>
   <trkpt lat="-26.2396630" lon="-51.1795850">
    <ele>905.2</ele>
   </trkpt>
   <trkpt lat="-26.2396870" lon="-51.1795760">
    <ele>905.3</ele>
   </trkpt>
   <trkpt lat="-26.2397000" lon="-51.1795710">
    <ele>905.4</ele>
   </trkpt>
   <trkpt lat="-26.2397260" lon="-51.1795620">
    <ele>905.5</ele>
   </trkpt>
   <trkpt lat="-26.2397670" lon="-51.1795530">
    <ele>905.7</ele>
   </trkpt>
   <trkpt lat="-26.2397910" lon="-51.1795480">
    <ele>905.8</ele>
   </trkpt>
   <trkpt lat="-26.2398200" lon="-51.1795410">
    <ele>906.0</ele>
   </trkpt>
   <trkpt lat="-26.2398550" lon="-51.1795320">
    <ele>906.3</ele>
   </trkpt>
   <trkpt lat="-26.2398670" lon="-51.1795310">
    <ele>906.4</ele>
   </trkpt>
   <trkpt lat="-26.2398940" lon="-51.1795230">
    <ele>906.7</ele>
   </trkpt>
   <trkpt lat="-26.2399250" lon="-51.1795190">
    <ele>907.0</ele>
   </trkpt>
   <trkpt lat="-26.2399650" lon="-51.1795210">
    <ele>907.4</ele>
   </trkpt>
   <trkpt lat="-26.2399780" lon="-51.1795200">
    <ele>907.6</ele>
   </trkpt>
   <trkpt lat="-26.2400120" lon="-51.1795220">
    <ele>908.0</ele>
   </trkpt>
   <trkpt lat="-26.2400200" lon="-51.1795230">
    <ele>908.1</ele>
   </trkpt>
   <trkpt lat="-26.2400490" lon="-51.1795310">
    <ele>908.5</ele>
   </trkpt>
   <trkpt lat="-26.2400600" lon="-51.1795320">
    <ele>908.7</ele>
   </trkpt>
   <trkpt lat="-26.2400930" lon="-51.1795410">
    <ele>909.2</ele>
   </trkpt>
   <trkpt lat="-26.2401160" lon="-51.1795510">
    <ele>909.5</ele>
   </trkpt>
   <trkpt lat="-26.2401270" lon="-51.1795560">
    <ele>909.7</ele>
   </trkpt>
   <trkpt lat="-26.2401600" lon="-51.1795700">
    <ele>910.2</ele>
   </trkpt>
   <trkpt lat="-26.2401840" lon="-51.1795870">
    <ele>910.6</ele>
   </trkpt>
   <trkpt lat="-26.2402160" lon="-51.1796020">
    <ele>911.1</ele>
   </trkpt>
   <trkpt lat="-26.2402280" lon="-51.1796060">
    <ele>911.2</ele>
   </trkpt>
   <trkpt lat="-26.2402590" lon="-51.1796270">
    <ele>911.7</ele>
   </trkpt>
   <trkpt lat="-26.2402710" lon="-51.1796330">
    <ele>911.9</ele>
   </trkpt>
   <trkpt lat="-26.2403040" lon="-51.1796510">
    <ele>912.4</ele>
   </trkpt>
   <trkpt lat="-26.2403170" lon="-51.1796570">
    <ele>912.6</ele>
   </trkpt>
   <trkpt lat="-26.2403530" lon="-51.1796680">
    <ele>913.2</ele>
   </trkpt>
   <trkpt lat="-26.2403670" lon="-51.1796710">
    <ele>913.4</ele>
   </trkpt>
   <trkpt lat="-26.2404040" lon="-51.1796860">
    <ele>914.0</ele>
   </trkpt>
   <trkpt lat="-26.2404170" lon="-51.1796900">
    <ele>914.2</ele>
   </trkpt>
   <trkpt lat="-26.2404440" lon="-51.1796940">
    <ele>914.5</ele>
   </trkpt>
   <trkpt lat="-26.2404790" lon="-51.1796990">
    <ele>915.0</ele>
   </trkpt>
   <trkpt lat="-26.2404920" lon="-51.1797000">
    <ele>915.2</ele>
   </trkpt>
   <trkpt lat="-26.2405320" lon="-51.1797020">
    <ele>915.7</ele>
   </trkpt>
   <trkpt lat="-26.2405450" lon="-51.1797000">
    <ele>915.9</ele>
   </trkpt>
   <trkpt lat="-26.2405810" lon="-51.1797020">
    <ele>916.3</ele>
   </trkpt>
   <trkpt lat="-26.2405940" lon="-51.1797030">
    <ele>916.4</ele>
   </trkpt>
   <trkpt lat="-26.2406220" lon="-51.1797070">
    <ele>916.6</ele>
   </trkpt>
   <trkpt lat="-26.2406560" lon="-51.1797060">
    <ele>916.9</ele>
   </trkpt>
   <trkpt lat="-26.2406670" lon="-51.1797060">
    <ele>916.9</ele>
   </trkpt>
   <trkpt lat="-26.2406950" lon="-51.1797040">
    <ele>917.1</ele>
   </trkpt>
   <trkpt lat="-26.2407320" lon="-51.1797100">
    <ele>917.2</ele>
   </trkpt>
   <trkpt lat="-26.2407450" lon="-51.1797100">
    <ele>917.2</ele>
   </trkpt>
   <trkpt lat="-26.2407790" lon="-51.1797120">
    <ele>917.2</ele>
   </trkpt>
   <trkpt lat="-26.2407920" lon="-51.1797120">
    <ele>917.2</ele>
   </trkpt>
   <trkpt lat="-26.2408220" lon="-51.1797160">
    <ele>917.2</ele>
   </trkpt>
   <trkpt lat="-26.2408640" lon="-51.1797230">
    <ele>917.1</ele>
   </trkpt>
   <trkpt lat="-26.2409040" lon="-51.1797310">
    <ele>917.1</ele>
   </trkpt>
   <trkpt lat="-26.2409480" lon="-51.1797320">
    <ele>917.1</ele>
   </trkpt>
   <trkpt lat="-26.2409940" lon="-51.1797340">
    <ele>917.1</ele>
   </trkpt>
   <trkpt lat="-26.2410380" lon="-51.1797400">
    <ele>917.2</ele>
   </trkpt>
   <trkpt lat="-26.2410860" lon="-51.1797560">
    <ele>917.5</ele>
   </trkpt>
   <trkpt lat="-26.2411270" lon="-51.1797800">
    <ele>917.7</ele>
   </trkpt>
   <trkpt lat="-26.2411620" lon="-51.1797960">
    <ele>917.9</ele>
   </trkpt>
   <trkpt lat="-26.2411920" lon="-51.1798040">
    <ele>918.1</ele>
   </trkpt>
   <trkpt lat="-26.2412330" lon="-51.1798090">
    <ele>918.3</ele>
   </trkpt>
   <trkpt lat="-26.2412610" lon="-51.1798130">
    <ele>918.4</ele>
   </trkpt>
   <trkpt lat="-26.2412980" lon="-51.1798250">
    <ele>918.5</ele>
   </trkpt>
   <trkpt lat="-26.2413340" lon="-51.1798340">
    <ele>918.6</ele>
   </trkpt>
   <trkpt lat="-26.2413730" lon="-51.1798340">
    <ele>918.7</ele>
   </trkpt>
   <trkpt lat="-26.2414200" lon="-51.1798180">
    <ele>918.8</ele>
   </trkpt>
   <trkpt lat="-26.2414570" lon="-51.1797980">
    <ele>918.9</ele>
   </trkpt>
   <trkpt lat="-26.2414870" lon="-51.1797700">
    <ele>919.0</ele>
   </trkpt>
   <trkpt lat="-26.2415190" lon="-51.1797430">
    <ele>919.1</ele>
   </trkpt>
   <trkpt lat="-26.2415550" lon="-51.1797120">
    <ele>919.2</ele>
   </trkpt>
   <trkpt lat="-26.2415800" lon="-51.1796740">
    <ele>919.3</ele>
   </trkpt>
   <trkpt lat="-26.2416100" lon="-51.1796360">
    <ele>919.5</ele>
   </trkpt>
   <trkpt lat="-26.2416220" lon="-51.1796070">
    <ele>919.5</ele>
   </trkpt>
   <trkpt lat="-26.2416510" lon="-51.1795690">
    <ele>919.7</ele>
   </trkpt>
   <trkpt lat="-26.2416750" lon="-51.1795410">
    <ele>919.8</ele>
   </trkpt>
   <trkpt lat="-26.2416920" lon="-51.1795080">
    <ele>920.0</ele>
   </trkpt>
   <trkpt lat="-26.2417160" lon="-51.1794730">
    <ele>920.1</ele>
   </trkpt>
   <trkpt lat="-26.2417400" lon="-51.1794330">
    <ele>920.4</ele>
   </trkpt>
   <trkpt lat="-26.2417720" lon="-51.1793900">
    <ele>920.7</ele>
   </trkpt>
   <trkpt lat="-26.2417940" lon="-51.1793550">
    <ele>920.9</ele>
   </trkpt>
   <trkpt lat="-26.2418260" lon="-51.1793210">
    <ele>921.3</ele>
   </trkpt>
   <trkpt lat="-26.2418540" lon="-51.1792810">
    <ele>921.6</ele>
   </trkpt>
   <trkpt lat="-26.2418830" lon="-51.1792460">
    <ele>921.9</ele>
   </trkpt>
   <trkpt lat="-26.2419180" lon="-51.1792100">
    <ele>922.3</ele>
   </trkpt>
   <trkpt lat="-26.2419520" lon="-51.1791750">
    <ele>922.6</ele>
   </trkpt>
   <trkpt lat="-26.2419940" lon="-51.1791380">
    <ele>923.0</ele>
   </trkpt>
   <trkpt lat="-26.2420270" lon="-51.1791070">
    <ele>923.3</ele>
   </trkpt>
   <trkpt lat="-26.2420510" lon="-51.1790710">
    <ele>923.6</ele>
   </trkpt>
   <trkpt lat="-26.2420840" lon="-51.1790340">
    <ele>923.9</ele>
   </trkpt>
   <trkpt lat="-26.2421090" lon="-51.1790040">
    <ele>924.1</ele>
   </trkpt>
   <trkpt lat="-26.2421390" lon="-51.1789730">
    <ele>924.3</ele>
   </trkpt>
   <trkpt lat="-26.2421770" lon="-51.1789390">
    <ele>924.5</ele>
   </trkpt>
   <trkpt lat="-26.2422020" lon="-51.1789020">
    <ele>924.7</ele>
   </trkpt>
   <trkpt lat="-26.2422200" lon="-51.1788670">
    <ele>924.8</ele>
   </trkpt>
   <trkpt lat="-26.2422440" lon="-51.1788320">
    <ele>925.0</ele>
   </trkpt>
   <trkpt lat="-26.2422710" lon="-51.1788020">
    <ele>925.2</ele>
   </trkpt>
   <trkpt lat="-26.2422970" lon="-51.1787660">
    <ele>925.5</ele>
   </trkpt>
   <trkpt lat="-26.2423230" lon="-51.1787290">
    <ele>925.8</ele>
   </trkpt>
   <trkpt lat="-26.2423480" lon="-51.1786920">
    <ele>926.2</ele>
   </trkpt>
   <trkpt lat="-26.2423800" lon="-51.1786550">
    <ele>926.6</ele>
   </trkpt>
   <trkpt lat="-26.2424110" lon="-51.1786300">
    <ele>926.9</ele>
   </trkpt>
   <trkpt lat="-26.2424590" lon="-51.1786100">
    <ele>927.4</ele>
   </trkpt>
   <trkpt lat="-26.2424980" lon="-51.1785950">
    <ele>927.8</ele>
   </trkpt>
   <trkpt lat="-26.2425390" lon="-51.1785980">
    <ele>928.1</ele>
   </trkpt>
   <trkpt lat="-26.2425730" lon="-51.1786240">
    <ele>928.4</ele>
   </trkpt>
   <trkpt lat="-26.2426010" lon="-51.1786560">
    <ele>928.6</ele>
   </trkpt>
   <trkpt lat="-26.2426320" lon="-51.1786890">
    <ele>928.9</ele>
   </trkpt>
   <trkpt lat="-26.2426490" lon="-51.1787250">
    <ele>929.0</ele>
   </trkpt>
   <trkpt lat="-26.2426660" lon="-51.1787670">
    <ele>929.1</ele>
   </trkpt>
   <trkpt lat="-26.2426830" lon="-51.1788020">
    <ele>929.2</ele>
   </trkpt>
   <trkpt lat="-26.2427100" lon="-51.1788430">
    <ele>929.3</ele>
   </trkpt>
   <trkpt lat="-26.2427360" lon="-51.1788810">
    <ele>929.4</ele>
   </trkpt>
   <trkpt lat="-26.2427640" lon="-51.1789220">
    <ele>929.5</ele>
   </trkpt>
   <trkpt lat="-26.2427870" lon="-51.1789620">
    <ele>929.7</ele>
   </trkpt>
   <trkpt lat="-26.2428130" lon="-51.1790070">
    <ele>929.8</ele>
   </trkpt>
   <trkpt lat="-26.2428410" lon="-51.1790480">
    <ele>930.0</ele>
   </trkpt>
   <trkpt lat="-26.2428660" lon="-51.1790920">
    <ele>930.1</ele>
   </trkpt>
   <trkpt lat="-26.2428900" lon="-51.1791360">
    <ele>930.3</ele>
   </trkpt>
   <trkpt lat="-26.2429190" lon="-51.1791750">
    <ele>930.5</ele>
   </trkpt>
   <trkpt lat="-26.2429360" lon="-51.1792210">
    <ele>930.7</ele>
   </trkpt>
   <trkpt lat="-26.2429520" lon="-51.1792670">
    <ele>930.9</ele>
   </trkpt>
   <trkpt lat="-26.2429640" lon="-51.1793110">
    <ele>931.0</ele>
   </trkpt>
   <trkpt lat="-26.2429760" lon="-51.1793560">
    <ele>931.1</ele>
   </trkpt>
   <trkpt lat="-26.2429790" lon="-51.1794010">
    <ele>931.1</ele>
   </trkpt>
   <trkpt lat="-26.2430010" lon="-51.1794440">
    <ele>931.0</ele>
   </trkpt>
   <trkpt lat="-26.2430300" lon="-51.1794740">
    <ele>930.8</ele>
   </trkpt>
   <trkpt lat="-26.2430490" lon="-51.1795260">
    <ele>930.4</ele>
   </trkpt>
   <trkpt lat="-26.2430600" lon="-51.1796010">
    <ele>929.7</ele>
   </trkpt>
   <trkpt lat="-26.2430770" lon="-51.1796790">
    <ele>928.9</ele>
   </trkpt>
   <trkpt lat="-26.2431180" lon="-51.1797570">
    <ele>928.2</ele>
   </trkpt>
   <trkpt lat="-26.2431580" lon="-51.1798300">
    <ele>927.6</ele>
   </trkpt>
   <trkpt lat="-26.2432020" lon="-51.1799080">
    <ele>927.2</ele>
   </trkpt>
   <trkpt lat="-26.2432500" lon="-51.1799770">
    <ele>926.7</ele>
   </trkpt>
   <trkpt lat="-26.2433040" lon="-51.1800370">
    <ele>926.3</ele>
   </trkpt>
   <trkpt lat="-26.2433580" lon="-51.1801080">
    <ele>925.7</ele>
   </trkpt>
   <trkpt lat="-26.2434090" lon="-51.1801750">
    <ele>925.3</ele>
   </trkpt>
   <trkpt lat="-26.2434640" lon="-51.1802460">
    <ele>924.8</ele>
   </trkpt>
   <trkpt lat="-26.2435210" lon="-51.1803120">
    <ele>924.5</ele>
   </trkpt>
   <trkpt lat="-26.2435820" lon="-51.1803760">
    <ele>924.2</ele>
   </trkpt>
   <trkpt lat="-26.2436400" lon="-51.1804380">
    <ele>924.0</ele>
   </trkpt>
   <trkpt lat="-26.2436930" lon="-51.1804950">
    <ele>923.9</ele>
   </trkpt>
   <trkpt lat="-26.2437490" lon="-51.1805540">
    <ele>923.9</ele>
   </trkpt>
   <trkpt lat="-26.2438010" lon="-51.1806020">
    <ele>923.9</ele>
   </trkpt>
   <trkpt lat="-26.2438580" lon="-51.1806460">
    <ele>924.0</ele>
   </trkpt>
   <trkpt lat="-26.2439100" lon="-51.1806890">
    <ele>924.0</ele>
   </trkpt>
   <trkpt lat="-26.2439700" lon="-51.1807260">
    <ele>924.1</ele>
   </trkpt>
   <trkpt lat="-26.2440160" lon="-51.1807450">
    <ele>924.1</ele>
   </trkpt>
   <trkpt lat="-26.2440810" lon="-51.1807670">
    <ele>924.1</ele>
   </trkpt>
   <trkpt lat="-26.2441500" lon="-51.1807870">
    <ele>924.1</ele>
   </trkpt>
   <trkpt lat="-26.2442130" lon="-51.1807890">
    <ele>924.1</ele>
   </trkpt>
   <trkpt lat="-26.2442760" lon="-51.1807770">
    <ele>924.0</ele>
   </trkpt>
   <trkpt lat="-26.2443500" lon="-51.1807670">
    <ele>923.9</ele>
   </trkpt>
   <trkpt lat="-26.2444110" lon="-51.1807680">
    <ele>923.7</ele>
   </trkpt>
   <trkpt lat="-26.2444710" lon="-51.1807710">
    <ele>923.4</ele>
   </trkpt>
   <trkpt lat="-26.2445310" lon="-51.1807740">
    <ele>923.1</ele>
   </trkpt>
   <trkpt lat="-26.2445940" lon="-51.1807730">
    <ele>922.6</ele>
   </trkpt>
   <trkpt lat="-26.2446630" lon="-51.1807840">
    <ele>922.0</ele>
   </trkpt>
   <trkpt lat="-26.2447320" lon="-51.1808060">
    <ele>921.3</ele>
   </trkpt>
   <trkpt lat="-26.2448020" lon="-51.1808340">
    <ele>920.6</ele>
   </trkpt>
   <trkpt lat="-26.2448770" lon="-51.1808670">
    <ele>919.9</ele>
   </trkpt>
   <trkpt lat="-26.2449530" lon="-51.1809010">
    <ele>919.2</ele>
   </trkpt>
   <trkpt lat="-26.2450290" lon="-51.1809390">
    <ele>918.5</ele>
   </trkpt>
   <trkpt lat="-26.2451090" lon="-51.1809790">
    <ele>917.7</ele>
   </trkpt>
   <trkpt lat="-26.2451900" lon="-51.1810290">
    <ele>916.8</ele>
   </trkpt>
   <trkpt lat="-26.2452540" lon="-51.1810830">
    <ele>916.0</ele>
   </trkpt>
   <trkpt lat="-26.2453170" lon="-51.1811370">
    <ele>915.1</ele>
   </trkpt>
   <trkpt lat="-26.2453860" lon="-51.1811940">
    <ele>914.2</ele>
   </trkpt>
   <trkpt lat="-26.2454680" lon="-51.1812460">
    <ele>913.0</ele>
   </trkpt>
   <trkpt lat="-26.2455590" lon="-51.1812750">
    <ele>911.7</ele>
   </trkpt>
   <trkpt lat="-26.2456600" lon="-51.1812830">
    <ele>910.1</ele>
   </trkpt>
   <trkpt lat="-26.2457540" lon="-51.1813150">
    <ele>908.6</ele>
   </trkpt>
   <trkpt lat="-26.2458490" lon="-51.1813610">
    <ele>907.0</ele>
   </trkpt>
   <trkpt lat="-26.2459430" lon="-51.1814050">
    <ele>905.7</ele>
   </trkpt>
   <trkpt lat="-26.2460420" lon="-51.1814540">
    <ele>904.6</ele>
   </trkpt>
   <trkpt lat="-26.2461390" lon="-51.1815030">
    <ele>903.8</ele>
   </trkpt>
   <trkpt lat="-26.2462300" lon="-51.1815320">
    <ele>903.2</ele>
   </trkpt>
   <trkpt lat="-26.2463270" lon="-51.1815650">
    <ele>902.8</ele>
   </trkpt>
   <trkpt lat="-26.2464190" lon="-51.1815940">
    <ele>902.6</ele>
   </trkpt>
   <trkpt lat="-26.2465070" lon="-51.1816210">
    <ele>902.5</ele>
   </trkpt>
   <trkpt lat="-26.2465880" lon="-51.1816510">
    <ele>902.7</ele>
   </trkpt>
   <trkpt lat="-26.2466630" lon="-51.1816790">
    <ele>902.9</ele>
   </trkpt>
   <trkpt lat="-26.2467360" lon="-51.1817130">
    <ele>903.3</ele>
   </trkpt>
   <trkpt lat="-26.2468070" lon="-51.1817400">
    <ele>903.7</ele>
   </trkpt>
   <trkpt lat="-26.2468720" lon="-51.1817840">
    <ele>904.4</ele>
   </trkpt>
   <trkpt lat="-26.2469300" lon="-51.1818400">
    <ele>905.0</ele>
   </trkpt>
   <trkpt lat="-26.2469840" lon="-51.1818970">
    <ele>905.7</ele>
   </trkpt>
   <trkpt lat="-26.2470280" lon="-51.1819640">
    <ele>906.6</ele>
   </trkpt>
   <trkpt lat="-26.2470610" lon="-51.1820310">
    <ele>907.4</ele>
   </trkpt>
   <trkpt lat="-26.2471050" lon="-51.1820980">
    <ele>908.5</ele>
   </trkpt>
   <trkpt lat="-26.2471270" lon="-51.1821430">
    <ele>909.3</ele>
   </trkpt>
   <trkpt lat="-26.2471490" lon="-51.1822060">
    <ele>910.3</ele>
   </trkpt>
   <trkpt lat="-26.2471750" lon="-51.1822510">
    <ele>911.2</ele>
   </trkpt>
   <trkpt lat="-26.2471880" lon="-51.1822920">
    <ele>911.9</ele>
   </trkpt>
   <trkpt lat="-26.2472090" lon="-51.1823420">
    <ele>912.7</ele>
   </trkpt>
   <trkpt lat="-26.2472340" lon="-51.1823770">
    <ele>913.4</ele>
   </trkpt>
   <trkpt lat="-26.2472580" lon="-51.1824220">
    <ele>914.2</ele>
   </trkpt>
   <trkpt lat="-26.2472740" lon="-51.1824610">
    <ele>914.8</ele>
   </trkpt>
   <trkpt lat="-26.2473040" lon="-51.1824960">
    <ele>915.5</ele>
   </trkpt>
   <trkpt lat="-26.2473320" lon="-51.1825340">
    <ele>916.2</ele>
   </trkpt>
   <trkpt lat="-26.2473620" lon="-51.1825590">
    <ele>916.7</ele>
   </trkpt>
   <trkpt lat="-26.2473970" lon="-51.1825810">
    <ele>917.3</ele>
   </trkpt>
   <trkpt lat="-26.2474300" lon="-51.1826100">
    <ele>917.8</ele>
   </trkpt>
   <trkpt lat="-26.2474650" lon="-51.1826280">
    <ele>918.2</ele>
   </trkpt>
   <trkpt lat="-26.2475030" lon="-51.1826450">
    <ele>918.7</ele>
   </trkpt>
   <trkpt lat="-26.2475420" lon="-51.1826570">
    <ele>919.2</ele>
   </trkpt>
   <trkpt lat="-26.2475860" lon="-51.1826630">
    <ele>919.6</ele>
   </trkpt>
   <trkpt lat="-26.2476250" lon="-51.1826600">
    <ele>920.0</ele>
   </trkpt>
   <trkpt lat="-26.2476630" lon="-51.1826560">
    <ele>920.4</ele>
   </trkpt>
   <trkpt lat="-26.2476990" lon="-51.1826490">
    <ele>920.7</ele>
   </trkpt>
   <trkpt lat="-26.2477400" lon="-51.1826370">
    <ele>921.1</ele>
   </trkpt>
   <trkpt lat="-26.2477750" lon="-51.1826280">
    <ele>921.5</ele>
   </trkpt>
   <trkpt lat="-26.2478100" lon="-51.1826110">
    <ele>921.9</ele>
   </trkpt>
   <trkpt lat="-26.2478390" lon="-51.1826000">
    <ele>922.1</ele>
   </trkpt>
   <trkpt lat="-26.2478670" lon="-51.1825850">
    <ele>922.4</ele>
   </trkpt>
   <trkpt lat="-26.2478890" lon="-51.1825630">
    <ele>922.7</ele>
   </trkpt>
   <trkpt lat="-26.2479250" lon="-51.1825380">
    <ele>923.0</ele>
   </trkpt>
   <trkpt lat="-26.2479400" lon="-51.1825290">
    <ele>923.2</ele>
   </trkpt>
   <trkpt lat="-26.2479760" lon="-51.1825200">
    <ele>923.6</ele>
   </trkpt>
   <trkpt lat="-26.2479930" lon="-51.1825160">
    <ele>923.7</ele>
   </trkpt>
   <trkpt lat="-26.2480190" lon="-51.1825170">
    <ele>924.0</ele>
   </trkpt>
   <trkpt lat="-26.2480290" lon="-51.1825170">
    <ele>924.1</ele>
   </trkpt>
   <trkpt lat="-26.2480540" lon="-51.1825030">
    <ele>924.4</ele>
   </trkpt>
   <trkpt lat="-26.2480850" lon="-51.1825070">
    <ele>924.8</ele>
   </trkpt>
   <trkpt lat="-26.2480960" lon="-51.1825070">
    <ele>925.0</ele>
   </trkpt>
   <trkpt lat="-26.2481110" lon="-51.1825040">
    <ele>925.2</ele>
   </trkpt>
   <trkpt lat="-26.2481280" lon="-51.1825000">
    <ele>925.4</ele>
   </trkpt>
   <trkpt lat="-26.2481610" lon="-51.1825050">
    <ele>925.9</ele>
   </trkpt>
   <trkpt lat="-26.2481730" lon="-51.1825070">
    <ele>926.1</ele>
   </trkpt>
   <trkpt lat="-26.2481890" lon="-51.1825020">
    <ele>926.3</ele>
   </trkpt>
   <trkpt lat="-26.2482000" lon="-51.1825010">
    <ele>926.5</ele>
   </trkpt>
   <trkpt lat="-26.2482310" lon="-51.1825030">
    <ele>927.0</ele>
   </trkpt>
   <trkpt lat="-26.2482410" lon="-51.1825040">
    <ele>927.2</ele>
   </trkpt>
   <trkpt lat="-26.2482690" lon="-51.1825120">
    <ele>927.6</ele>
   </trkpt>
   <trkpt lat="-26.2482770" lon="-51.1825130">
    <ele>927.8</ele>
   </trkpt>
   <trkpt lat="-26.2483050" lon="-51.1825210">
    <ele>928.2</ele>
   </trkpt>
   <trkpt lat="-26.2483130" lon="-51.1825250">
    <ele>928.3</ele>
   </trkpt>
   <trkpt lat="-26.2483410" lon="-51.1825350">
    <ele>928.8</ele>
   </trkpt>
   <trkpt lat="-26.2483760" lon="-51.1825430">
    <ele>929.2</ele>
   </trkpt>
   <trkpt lat="-26.2483850" lon="-51.1825450">
    <ele>929.4</ele>
   </trkpt>
   <trkpt lat="-26.2484110" lon="-51.1825590">
    <ele>929.7</ele>
   </trkpt>
   <trkpt lat="-26.2484220" lon="-51.1825620">
    <ele>929.9</ele>
   </trkpt>
   <trkpt lat="-26.2484530" lon="-51.1825810">
    <ele>930.3</ele>
   </trkpt>
   <trkpt lat="-26.2484650" lon="-51.1825820">
    <ele>930.4</ele>
   </trkpt>
   <trkpt lat="-26.2484880" lon="-51.1826050">
    <ele>930.7</ele>
   </trkpt>
   <trkpt lat="-26.2484980" lon="-51.1826080">
    <ele>930.8</ele>
   </trkpt>
   <trkpt lat="-26.2485300" lon="-51.1826220">
    <ele>931.2</ele>
   </trkpt>
   <trkpt lat="-26.2485430" lon="-51.1826210">
    <ele>931.3</ele>
   </trkpt>
   <trkpt lat="-26.2485810" lon="-51.1826270">
    <ele>931.6</ele>
   </trkpt>
   <trkpt lat="-26.2485960" lon="-51.1826290">
    <ele>931.8</ele>
   </trkpt>
   <trkpt lat="-26.2486310" lon="-51.1826450">
    <ele>932.1</ele>
   </trkpt>
   <trkpt lat="-26.2486430" lon="-51.1826500">
    <ele>932.2</ele>
   </trkpt>
   <trkpt lat="-26.2486780" lon="-51.1826750">
    <ele>932.5</ele>
   </trkpt>
   <trkpt lat="-26.2486910" lon="-51.1826840">
    <ele>932.6</ele>
   </trkpt>
   <trkpt lat="-26.2487300" lon="-51.1826970">
    <ele>932.9</ele>
   </trkpt>
   <trkpt lat="-26.2487410" lon="-51.1827070">
    <ele>933.0</ele>
   </trkpt>
   <trkpt lat="-26.2487710" lon="-51.1827290">
    <ele>933.3</ele>
   </trkpt>
   <trkpt lat="-26.2487800" lon="-51.1827360">
    <ele>933.4</ele>
   </trkpt>
   <trkpt lat="-26.2488020" lon="-51.1827610">
    <ele>933.6</ele>
   </trkpt>
   <trkpt lat="-26.2488340" lon="-51.1827840">
    <ele>934.0</ele>
   </trkpt>
   <trkpt lat="-26.2488470" lon="-51.1827910">
    <ele>934.1</ele>
   </trkpt>
   <trkpt lat="-26.2488730" lon="-51.1828190">
    <ele>934.4</ele>
   </trkpt>
   <trkpt lat="-26.2488820" lon="-51.1828300">
    <ele>934.6</ele>
   </trkpt>
   <trkpt lat="-26.2489050" lon="-51.1828640">
    <ele>934.9</ele>
   </trkpt>
   <trkpt lat="-26.2489140" lon="-51.1828760">
    <ele>935.1</ele>
   </trkpt>
   <trkpt lat="-26.2489410" lon="-51.1828900">
    <ele>935.3</ele>
   </trkpt>
   <trkpt lat="-26.2489680" lon="-51.1829000">
    <ele>935.6</ele>
   </trkpt>
   <trkpt lat="-26.2489880" lon="-51.1829240">
    <ele>935.9</ele>
   </trkpt>
   <trkpt lat="-26.2490080" lon="-51.1829450">
    <ele>936.1</ele>
   </trkpt>
   <trkpt lat="-26.2490290" lon="-51.1829680">
    <ele>936.3</ele>
   </trkpt>
   <trkpt lat="-26.2490640" lon="-51.1829770">
    <ele>936.6</ele>
   </trkpt>
   <trkpt lat="-26.2490780" lon="-51.1829880">
    <ele>936.8</ele>
   </trkpt>
   <trkpt lat="-26.2491030" lon="-51.1830100">
    <ele>937.0</ele>
   </trkpt>
   <trkpt lat="-26.2491380" lon="-51.1830220">
    <ele>937.3</ele>
   </trkpt>
   <trkpt lat="-26.2491680" lon="-51.1830370">
    <ele>937.5</ele>
   </trkpt>
   <trkpt lat="-26.2491990" lon="-51.1830520">
    <ele>937.8</ele>
   </trkpt>
   <trkpt lat="-26.2492340" lon="-51.1830680">
    <ele>938.0</ele>
   </trkpt>
   <trkpt lat="-26.2492700" lon="-51.1830700">
    <ele>938.3</ele>
   </trkpt>
   <trkpt lat="-26.2493100" lon="-51.1830740">
    <ele>938.5</ele>
   </trkpt>
   <trkpt lat="-26.2493510" lon="-51.1830800">
    <ele>938.8</ele>
   </trkpt>
   <trkpt lat="-26.2493860" lon="-51.1830840">
    <ele>938.9</ele>
   </trkpt>
   <trkpt lat="-26.2494250" lon="-51.1830780">
    <ele>939.1</ele>
   </trkpt>
   <trkpt lat="-26.2494650" lon="-51.1830520">
    <ele>939.3</ele>
   </trkpt>
   <trkpt lat="-26.2495010" lon="-51.1830390">
    <ele>939.5</ele>
   </trkpt>
   <trkpt lat="-26.2495380" lon="-51.1830160">
    <ele>939.6</ele>
   </trkpt>
   <trkpt lat="-26.2495750" lon="-51.1830020">
    <ele>939.7</ele>
   </trkpt>
   <trkpt lat="-26.2496140" lon="-51.1829870">
    <ele>939.7</ele>
   </trkpt>
   <trkpt lat="-26.2496470" lon="-51.1829760">
    <ele>939.7</ele>
   </trkpt>
   <trkpt lat="-26.2496930" lon="-51.1829640">
    <ele>939.6</ele>
   </trkpt>
   <trkpt lat="-26.2497400" lon="-51.1829560">
    <ele>939.5</ele>
   </trkpt>
   <trkpt lat="-26.2497950" lon="-51.1829400">
    <ele>939.2</ele>
   </trkpt>
   <trkpt lat="-26.2498460" lon="-51.1829210">
    <ele>939.0</ele>
   </trkpt>
   <trkpt lat="-26.2499000" lon="-51.1828980">
    <ele>938.7</ele>
   </trkpt>
   <trkpt lat="-26.2499570" lon="-51.1828680">
    <ele>938.4</ele>
   </trkpt>
   <trkpt lat="-26.2500170" lon="-51.1828450">
    <ele>938.2</ele>
   </trkpt>
   <trkpt lat="-26.2500700" lon="-51.1828150">
    <ele>938.0</ele>
   </trkpt>
   <trkpt lat="-26.2501170" lon="-51.1827900">
    <ele>937.8</ele>
   </trkpt>
   <trkpt lat="-26.2501840" lon="-51.1827590">
    <ele>937.6</ele>
   </trkpt>
   <trkpt lat="-26.2502460" lon="-51.1827310">
    <ele>937.5</ele>
   </trkpt>
   <trkpt lat="-26.2502990" lon="-51.1826980">
    <ele>937.4</ele>
   </trkpt>
   <trkpt lat="-26.2503570" lon="-51.1826780">
    <ele>937.2</ele>
   </trkpt>
   <trkpt lat="-26.2504110" lon="-51.1826650">
    <ele>937.1</ele>
   </trkpt>
   <trkpt lat="-26.2504650" lon="-51.1826500">
    <ele>936.8</ele>
   </trkpt>
   <trkpt lat="-26.2505280" lon="-51.1826340">
    <ele>936.6</ele>
   </trkpt>
   <trkpt lat="-26.2505870" lon="-51.1826290">
    <ele>936.3</ele>
   </trkpt>
   <trkpt lat="-26.2506490" lon="-51.1826320">
    <ele>936.2</ele>
   </trkpt>
   <trkpt lat="-26.2507150" lon="-51.1826370">
    <ele>936.0</ele>
   </trkpt>
   <trkpt lat="-26.2507750" lon="-51.1826490">
    <ele>935.9</ele>
   </trkpt>
   <trkpt lat="-26.2508340" lon="-51.1826820">
    <ele>935.8</ele>
   </trkpt>
   <trkpt lat="-26.2508930" lon="-51.1827200">
    <ele>935.8</ele>
   </trkpt>
   <trkpt lat="-26.2509510" lon="-51.1827600">
    <ele>935.8</ele>
   </trkpt>
   <trkpt lat="-26.2510020" lon="-51.1828060">
    <ele>935.7</ele>
   </trkpt>
   <trkpt lat="-26.2510570" lon="-51.1828590">
    <ele>935.7</ele>
   </trkpt>
   <trkpt lat="-26.2511040" lon="-51.1829140">
    <ele>935.6</ele>
   </trkpt>
   <trkpt lat="-26.2511510" lon="-51.1829570">
    <ele>935.5</ele>
   </trkpt>
   <trkpt lat="-26.2511980" lon="-51.1829970">
    <ele>935.3</ele>
   </trkpt>
   <trkpt lat="-26.2512560" lon="-51.1830260">
    <ele>935.0</ele>
   </trkpt>
   <trkpt lat="-26.2513160" lon="-51.1830460">
    <ele>934.6</ele>
   </trkpt>
   <trkpt lat="-26.2513790" lon="-51.1830580">
    <ele>934.1</ele>
   </trkpt>
   <trkpt lat="-26.2514470" lon="-51.1830570">
    <ele>933.5</ele>
   </trkpt>
   <trkpt lat="-26.2515130" lon="-51.1830350">
    <ele>932.8</ele>
   </trkpt>
   <trkpt lat="-26.2515770" lon="-51.1829980">
    <ele>932.0</ele>
   </trkpt>
   <trkpt lat="-26.2516400" lon="-51.1829430">
    <ele>931.2</ele>
   </trkpt>
   <trkpt lat="-26.2516950" lon="-51.1828710">
    <ele>930.3</ele>
   </trkpt>
   <trkpt lat="-26.2517450" lon="-51.1827810">
    <ele>929.3</ele>
   </trkpt>
   <trkpt lat="-26.2517920" lon="-51.1826900">
    <ele>928.2</ele>
   </trkpt>
   <trkpt lat="-26.2518410" lon="-51.1825990">
    <ele>927.1</ele>
   </trkpt>
   <trkpt lat="-26.2518880" lon="-51.1825080">
    <ele>925.9</ele>
   </trkpt>
   <trkpt lat="-26.2519320" lon="-51.1824140">
    <ele>924.7</ele>
   </trkpt>
   <trkpt lat="-26.2519830" lon="-51.1823120">
    <ele>923.3</ele>
   </trkpt>
   <trkpt lat="-26.2520360" lon="-51.1822090">
    <ele>922.1</ele>
   </trkpt>
   <trkpt lat="-26.2520860" lon="-51.1821060">
    <ele>921.0</ele>
   </trkpt>
   <trkpt lat="-26.2521410" lon="-51.1820240">
    <ele>920.2</ele>
   </trkpt>
   <trkpt lat="-26.2522190" lon="-51.1819570">
    <ele>919.4</ele>
   </trkpt>
   <trkpt lat="-26.2523000" lon="-51.1819330">
    <ele>918.8</ele>
   </trkpt>
   <trkpt lat="-26.2524070" lon="-51.1819350">
    <ele>918.1</ele>
   </trkpt>
   <trkpt lat="-26.2524970" lon="-51.1819320">
    <ele>917.3</ele>
   </trkpt>
   <trkpt lat="-26.2525930" lon="-51.1819290">
    <ele>916.3</ele>
   </trkpt>
   <trkpt lat="-26.2526870" lon="-51.1819230">
    <ele>915.2</ele>
   </trkpt>
   <trkpt lat="-26.2527890" lon="-51.1819230">
    <ele>914.0</ele>
   </trkpt>
   <trkpt lat="-26.2528970" lon="-51.1819230">
    <ele>912.8</ele>
   </trkpt>
   <trkpt lat="-26.2530090" lon="-51.1819330">
    <ele>912.3</ele>
   </trkpt>
   <trkpt lat="-26.2531190" lon="-51.1819580">
    <ele>911.8</ele>
   </trkpt>
   <trkpt lat="-26.2532180" lon="-51.1819950">
    <ele>911.5</ele>
   </trkpt>
   <trkpt lat="-26.2533130" lon="-51.1820390">
    <ele>911.1</ele>
   </trkpt>
   <trkpt lat="-26.2534090" lon="-51.1820930">
    <ele>910.8</ele>
   </trkpt>
   <trkpt lat="-26.2535080" lon="-51.1821390">
    <ele>910.4</ele>
   </trkpt>
   <trkpt lat="-26.2535960" lon="-51.1821680">
    <ele>910.1</ele>
   </trkpt>
   <trkpt lat="-26.2536930" lon="-51.1821900">
    <ele>909.8</ele>
   </trkpt>
   <trkpt lat="-26.2537890" lon="-51.1821970">
    <ele>909.4</ele>
   </trkpt>
   <trkpt lat="-26.2538880" lon="-51.1821850">
    <ele>909.0</ele>
   </trkpt>
   <trkpt lat="-26.2539800" lon="-51.1821880">
    <ele>908.6</ele>
   </trkpt>
   <trkpt lat="-26.2540700" lon="-51.1822210">
    <ele>908.1</ele>
   </trkpt>
   <trkpt lat="-26.2541540" lon="-51.1822580">
    <ele>907.6</ele>
   </trkpt>
   <trkpt lat="-26.2542370" lon="-51.1822840">
    <ele>907.2</ele>
   </trkpt>
   <trkpt lat="-26.2543270" lon="-51.1822840">
    <ele>906.7</ele>
   </trkpt>
   <trkpt lat="-26.2544030" lon="-51.1822570">
    <ele>906.1</ele>
   </trkpt>
   <trkpt lat="-26.2544790" lon="-51.1822010">
    <ele>905.3</ele>
   </trkpt>
   <trkpt lat="-26.2545480" lon="-51.1821240">
    <ele>904.4</ele>
   </trkpt>
   <trkpt lat="-26.2546050" lon="-51.1820390">
    <ele>903.7</ele>
   </trkpt>
   <trkpt lat="-26.2546590" lon="-51.1819500">
    <ele>903.3</ele>
   </trkpt>
   <trkpt lat="-26.2547190" lon="-51.1818660">
    <ele>903.0</ele>
   </trkpt>
   <trkpt lat="-26.2547720" lon="-51.1817900">
    <ele>902.9</ele>
   </trkpt>
   <trkpt lat="-26.2548170" lon="-51.1817200">
    <ele>902.8</ele>
   </trkpt>
   <trkpt lat="-26.2548790" lon="-51.1816550">
    <ele>902.7</ele>
   </trkpt>
   <trkpt lat="-26.2549320" lon="-51.1815960">
    <ele>902.7</ele>
   </trkpt>
   <trkpt lat="-26.2549850" lon="-51.1815260">
    <ele>902.6</ele>
   </trkpt>
   <trkpt lat="-26.2550350" lon="-51.1814550">
    <ele>902.6</ele>
   </trkpt>
   <trkpt lat="-26.2550840" lon="-51.1813800">
    <ele>902.6</ele>
   </trkpt>
   <trkpt lat="-26.2551240" lon="-51.1813100">
    <ele>902.8</ele>
   </trkpt>
   <trkpt lat="-26.2551670" lon="-51.1812400">
    <ele>902.9</ele>
   </trkpt>
   <trkpt lat="-26.2552060" lon="-51.1811790">
    <ele>903.1</ele>
   </trkpt>
   <trkpt lat="-26.2552550" lon="-51.1811170">
    <ele>903.3</ele>
   </trkpt>
   <trkpt lat="-26.2553070" lon="-51.1810550">
    <ele>903.6</ele>
   </trkpt>
   <trkpt lat="-26.2553550" lon="-51.1809930">
    <ele>903.9</ele>
   </trkpt>
   <trkpt lat="-26.2553930" lon="-51.1809350">
    <ele>904.1</ele>
   </trkpt>
   <trkpt lat="-26.2554170" lon="-51.1808740">
    <ele>904.3</ele>
   </trkpt>
   <trkpt lat="-26.2554260" lon="-51.1807930">
    <ele>904.4</ele>
   </trkpt>
   <trkpt lat="-26.2554060" lon="-51.1807160">
    <ele>904.5</ele>
   </trkpt>
   <trkpt lat="-26.2553830" lon="-51.1806460">
    <ele>904.6</ele>
   </trkpt>
   <trkpt lat="-26.2553470" lon="-51.1805840">
    <ele>904.6</ele>
   </trkpt>
   <trkpt lat="-26.2553180" lon="-51.1805210">
    <ele>904.8</ele>
   </trkpt>
   <trkpt lat="-26.2552680" lon="-51.1804640">
    <ele>905.1</ele>
   </trkpt>
   <trkpt lat="-26.2552090" lon="-51.1804130">
    <ele>905.6</ele>
   </trkpt>
   <trkpt lat="-26.2551530" lon="-51.1803890">
    <ele>906.1</ele>
   </trkpt>
   <trkpt lat="-26.2550890" lon="-51.1803560">
    <ele>906.7</ele>
   </trkpt>
   <trkpt lat="-26.2550320" lon="-51.1803280">
    <ele>907.1</ele>
   </trkpt>
   <trkpt lat="-26.2549840" lon="-51.1802950">
    <ele>907.4</ele>
   </trkpt>
   <trkpt lat="-26.2549460" lon="-51.1802610">
    <ele>907.5</ele>
   </trkpt>
   <trkpt lat="-26.2549250" lon="-51.1802040">
    <ele>907.5</ele>
   </trkpt>
   <trkpt lat="-26.2549250" lon="-51.1801340">
    <ele>907.4</ele>
   </trkpt>
   <trkpt lat="-26.2549240" lon="-51.1800810">
    <ele>907.3</ele>
   </trkpt>
   <trkpt lat="-26.2549370" lon="-51.1800360">
    <ele>907.2</ele>
   </trkpt>
   <trkpt lat="-26.2549660" lon="-51.1800030">
    <ele>907.2</ele>
   </trkpt>
   <trkpt lat="-26.2549880" lon="-51.1799720">
    <ele>907.1</ele>
   </trkpt>
   <trkpt lat="-26.2550120" lon="-51.1799380">
    <ele>907.0</ele>
   </trkpt>
   <trkpt lat="-26.2550330" lon="-51.1799030">
    <ele>907.0</ele>
   </trkpt>
   <trkpt lat="-26.2550490" lon="-51.1798740">
    <ele>907.0</ele>
   </trkpt>
   <trkpt lat="-26.2550670" lon="-51.1798410">
    <ele>906.9</ele>
   </trkpt>
   <trkpt lat="-26.2550840" lon="-51.1798060">
    <ele>906.9</ele>
   </trkpt>
   <trkpt lat="-26.2550990" lon="-51.1797710">
    <ele>906.9</ele>
   </trkpt>
   <trkpt lat="-26.2551040" lon="-51.1797390">
    <ele>906.9</ele>
   </trkpt>
   <trkpt lat="-26.2551220" lon="-51.1797060">
    <ele>906.9</ele>
   </trkpt>
   <trkpt lat="-26.2551440" lon="-51.1796730">
    <ele>906.9</ele>
   </trkpt>
   <trkpt lat="-26.2551700" lon="-51.1796430">
    <ele>906.9</ele>
   </trkpt>
   <trkpt lat="-26.2551990" lon="-51.1796100">
    <ele>906.9</ele>
   </trkpt>
   <trkpt lat="-26.2552140" lon="-51.1795980">
    <ele>906.8</ele>
   </trkpt>
   <trkpt lat="-26.2552390" lon="-51.1795780">
    <ele>906.8</ele>
   </trkpt>
   <trkpt lat="-26.2552690" lon="-51.1795460">
    <ele>906.8</ele>
   </trkpt>
   <trkpt lat="-26.2552810" lon="-51.1795350">
    <ele>906.8</ele>
   </trkpt>
   <trkpt lat="-26.2553110" lon="-51.1795100">
    <ele>906.8</ele>
   </trkpt>
   <trkpt lat="-26.2553260" lon="-51.1795040">
    <ele>906.8</ele>
   </trkpt>
   <trkpt lat="-26.2553510" lon="-51.1794900">
    <ele>906.8</ele>
   </trkpt>
   <trkpt lat="-26.2553840" lon="-51.1794660">
    <ele>906.8</ele>
   </trkpt>
   <trkpt lat="-26.2553930" lon="-51.1794570">
    <ele>906.8</ele>
   </trkpt>
   <trkpt lat="-26.2554170" lon="-51.1794290">
    <ele>906.7</ele>
   </trkpt>
   <trkpt lat="-26.2554260" lon="-51.1794200">
    <ele>906.7</ele>
   </trkpt>
   <trkpt lat="-26.2554520" lon="-51.1793950">
    <ele>906.7</ele>
   </trkpt>
   <trkpt lat="-26.2554610" lon="-51.1793860">
    <ele>906.7</ele>
   </trkpt>
   <trkpt lat="-26.2554820" lon="-51.1793480">
    <ele>906.8</ele>
   </trkpt>
   <trkpt lat="-26.2554910" lon="-51.1793330">
    <ele>906.8</ele>
   </trkpt>
   <trkpt lat="-26.2555070" lon="-51.1792960">
    <ele>906.8</ele>
   </trkpt>
   <trkpt lat="-26.2555120" lon="-51.1792830">
    <ele>906.8</ele>
   </trkpt>
   <trkpt lat="-26.2555180" lon="-51.1792400">
    <ele>906.8</ele>
   </trkpt>
   <trkpt lat="-26.2555220" lon="-51.1792240">
    <ele>906.8</ele>
   </trkpt>
   <trkpt lat="-26.2555390" lon="-51.1792010">
    <ele>906.8</ele>
   </trkpt>
   <trkpt lat="-26.2555650" lon="-51.1791700">
    <ele>906.8</ele>
   </trkpt>
   <trkpt lat="-26.2555800" lon="-51.1791270">
    <ele>906.8</ele>
   </trkpt>
   <trkpt lat="-26.2555850" lon="-51.1790790">
    <ele>906.8</ele>
   </trkpt>
   <trkpt lat="-26.2555980" lon="-51.1790440">
    <ele>906.8</ele>
   </trkpt>
   <trkpt lat="-26.2556060" lon="-51.1790070">
    <ele>906.8</ele>
   </trkpt>
   <trkpt lat="-26.2556180" lon="-51.1789730">
    <ele>906.8</ele>
   </trkpt>
   <trkpt lat="-26.2556340" lon="-51.1789430">
    <ele>906.8</ele>
   </trkpt>
   <trkpt lat="-26.2556420" lon="-51.1788880">
    <ele>906.8</ele>
   </trkpt>
   <trkpt lat="-26.2556550" lon="-51.1788480">
    <ele>906.8</ele>
   </trkpt>
   <trkpt lat="-26.2556640" lon="-51.1788090">
    <ele>906.9</ele>
   </trkpt>
   <trkpt lat="-26.2556740" lon="-51.1787710">
    <ele>906.9</ele>
   </trkpt>
   <trkpt lat="-26.2556820" lon="-51.1787350">
    <ele>906.9</ele>
   </trkpt>
   <trkpt lat="-26.2556890" lon="-51.1786990">
    <ele>906.9</ele>
   </trkpt>
   <trkpt lat="-26.2556940" lon="-51.1786610">
    <ele>906.9</ele>
   </trkpt>
   <trkpt lat="-26.2557010" lon="-51.1786190">
    <ele>906.9</ele>
   </trkpt>
   <trkpt lat="-26.2557110" lon="-51.1785740">
    <ele>906.9</ele>
   </trkpt>
   <trkpt lat="-26.2557220" lon="-51.1785360">
    <ele>907.0</ele>
   </trkpt>
   <trkpt lat="-26.2557270" lon="-51.1784970">
    <ele>907.0</ele>
   </trkpt>
   <trkpt lat="-26.2557330" lon="-51.1784630">
    <ele>907.0</ele>
   </trkpt>
   <trkpt lat="-26.2557450" lon="-51.1784330">
    <ele>907.0</ele>
   </trkpt>
   <trkpt lat="-26.2557640" lon="-51.1784020">
    <ele>907.0</ele>
   </trkpt>
   <trkpt lat="-26.2557790" lon="-51.1783660">
    <ele>907.0</ele>
   </trkpt>
   <trkpt lat="-26.2558020" lon="-51.1783280">
    <ele>907.0</ele>
   </trkpt>
   <trkpt lat="-26.2558170" lon="-51.1783000">
    <ele>907.1</ele>
   </trkpt>
   <trkpt lat="-26.2558360" lon="-51.1782530">
    <ele>907.1</ele>
   </trkpt>
   <trkpt lat="-26.2558450" lon="-51.1782340">
    <ele>907.1</ele>
   </trkpt>
   <trkpt lat="-26.2558510" lon="-51.1781950">
    <ele>907.1</ele>
   </trkpt>
   <trkpt lat="-26.2558580" lon="-51.1781460">
    <ele>907.1</ele>
   </trkpt>
   <trkpt lat="-26.2558640" lon="-51.1781230">
    <ele>907.1</ele>
   </trkpt>
   <trkpt lat="-26.2558750" lon="-51.1780760">
    <ele>907.1</ele>
   </trkpt>
   <trkpt lat="-26.2558760" lon="-51.1780370">
    <ele>907.1</ele>
   </trkpt>
   <trkpt lat="-26.2558800" lon="-51.1779890">
    <ele>907.2</ele>
   </trkpt>
   <trkpt lat="-26.2558730" lon="-51.1779390">
    <ele>907.2</ele>
   </trkpt>
   <trkpt lat="-26.2558770" lon="-51.1779050">
    <ele>907.2</ele>
   </trkpt>
   <trkpt lat="-26.2558710" lon="-51.1778610">
    <ele>907.2</ele>
   </trkpt>
   <trkpt lat="-26.2558610" lon="-51.1778110">
    <ele>907.2</ele>
   </trkpt>
   <trkpt lat="-26.2558520" lon="-51.1777750">
    <ele>907.3</ele>
   </trkpt>
   <trkpt lat="-26.2558370" lon="-51.1777360">
    <ele>907.3</ele>
   </trkpt>
   <trkpt lat="-26.2558250" lon="-51.1777030">
    <ele>907.3</ele>
   </trkpt>
   <trkpt lat="-26.2558220" lon="-51.1776600">
    <ele>907.3</ele>
   </trkpt>
   <trkpt lat="-26.2558020" lon="-51.1776340">
    <ele>907.4</ele>
   </trkpt>
   <trkpt lat="-26.2557990" lon="-51.1775910">
    <ele>907.4</ele>
   </trkpt>
   <trkpt lat="-26.2557920" lon="-51.1775440">
    <ele>907.4</ele>
   </trkpt>
   <trkpt lat="-26.2557810" lon="-51.1775080">
    <ele>907.4</ele>
   </trkpt>
   <trkpt lat="-26.2557760" lon="-51.1774730">
    <ele>907.5</ele>
   </trkpt>
   <trkpt lat="-26.2557620" lon="-51.1774210">
    <ele>907.5</ele>
   </trkpt>
   <trkpt lat="-26.2557460" lon="-51.1773730">
    <ele>907.5</ele>
   </trkpt>
   <trkpt lat="-26.2557360" lon="-51.1773330">
    <ele>907.6</ele>
   </trkpt>
   <trkpt lat="-26.2557260" lon="-51.1772870">
    <ele>907.6</ele>
   </trkpt>
   <trkpt lat="-26.2557200" lon="-51.1772400">
    <ele>907.7</ele>
   </trkpt>
   <trkpt lat="-26.2557100" lon="-51.1771970">
    <ele>907.8</ele>
   </trkpt>
   <trkpt lat="-26.2556950" lon="-51.1771520">
    <ele>907.9</ele>
   </trkpt>
   <trkpt lat="-26.2556770" lon="-51.1771050">
    <ele>908.1</ele>
   </trkpt>
   <trkpt lat="-26.2556590" lon="-51.1770680">
    <ele>908.2</ele>
   </trkpt>
   <trkpt lat="-26.2556420" lon="-51.1770300">
    <ele>908.4</ele>
   </trkpt>
   <trkpt lat="-26.2556300" lon="-51.1769900">
    <ele>908.6</ele>
   </trkpt>
   <trkpt lat="-26.2556180" lon="-51.1769540">
    <ele>908.8</ele>
   </trkpt>
   <trkpt lat="-26.2556070" lon="-51.1769060">
    <ele>909.1</ele>
   </trkpt>
   <trkpt lat="-26.2555990" lon="-51.1768760">
    <ele>909.3</ele>
   </trkpt>
   <trkpt lat="-26.2555890" lon="-51.1768250">
    <ele>909.7</ele>
   </trkpt>
   <trkpt lat="-26.2555820" lon="-51.1767850">
    <ele>910.0</ele>
   </trkpt>
   <trkpt lat="-26.2555810" lon="-51.1767360">
    <ele>910.5</ele>
   </trkpt>
   <trkpt lat="-26.2555730" lon="-51.1766890">
    <ele>910.9</ele>
   </trkpt>
   <trkpt lat="-26.2555690" lon="-51.1766720">
    <ele>911.1</ele>
   </trkpt>
   <trkpt lat="-26.2555700" lon="-51.1766310">
    <ele>911.5</ele>
   </trkpt>
   <trkpt lat="-26.2555830" lon="-51.1765850">
    <ele>912.1</ele>
   </trkpt>
   <trkpt lat="-26.2555880" lon="-51.1765680">
    <ele>912.3</ele>
   </trkpt>
   <trkpt lat="-26.2555990" lon="-51.1765200">
    <ele>912.8</ele>
   </trkpt>
   <trkpt lat="-26.2556060" lon="-51.1765000">
    <ele>913.1</ele>
   </trkpt>
   <trkpt lat="-26.2556180" lon="-51.1764730">
    <ele>913.4</ele>
   </trkpt>
   <trkpt lat="-26.2556330" lon="-51.1764360">
    <ele>913.8</ele>
   </trkpt>
   <trkpt lat="-26.2556430" lon="-51.1764200">
    <ele>914.0</ele>
   </trkpt>
   <trkpt lat="-26.2556480" lon="-51.1763880">
    <ele>914.2</ele>
   </trkpt>
   <trkpt lat="-26.2556540" lon="-51.1763590">
    <ele>914.4</ele>
   </trkpt>
   <trkpt lat="-26.2556650" lon="-51.1763230">
    <ele>914.7</ele>
   </trkpt>
   <trkpt lat="-26.2556700" lon="-51.1763130">
    <ele>914.7</ele>
   </trkpt>
   <trkpt lat="-26.2557000" lon="-51.1762680">
    <ele>915.0</ele>
   </trkpt>
   <trkpt lat="-26.2557130" lon="-51.1762360">
    <ele>915.1</ele>
   </trkpt>
   <trkpt lat="-26.2557140" lon="-51.1762250">
    <ele>915.2</ele>
   </trkpt>
   <trkpt lat="-26.2557130" lon="-51.1762280">
    <ele>915.2</ele>
   </trkpt>
   <trkpt lat="-26.2557290" lon="-51.1762100">
    <ele>915.3</ele>
   </trkpt>
   <trkpt lat="-26.2557430" lon="-51.1761740">
    <ele>915.3</ele>
   </trkpt>
   <trkpt lat="-26.2557530" lon="-51.1761540">
    <ele>915.4</ele>
   </trkpt>
   <trkpt lat="-26.2557460" lon="-51.1761230">
    <ele>915.4</ele>
   </trkpt>
   <trkpt lat="-26.2557520" lon="-51.1761060">
    <ele>915.5</ele>
   </trkpt>
   <trkpt lat="-26.2557740" lon="-51.1760580">
    <ele>915.5</ele>
   </trkpt>
   <trkpt lat="-26.2557880" lon="-51.1760380">
    <ele>915.5</ele>
   </trkpt>
   <trkpt lat="-26.2558230" lon="-51.1760010">
    <ele>915.6</ele>
   </trkpt>
   <trkpt lat="-26.2558490" lon="-51.1759720">
    <ele>915.5</ele>
   </trkpt>
   <trkpt lat="-26.2558630" lon="-51.1759410">
    <ele>915.5</ele>
   </trkpt>
   <trkpt lat="-26.2558740" lon="-51.1759170">
    <ele>915.5</ele>
   </trkpt>
   <trkpt lat="-26.2558890" lon="-51.1758970">
    <ele>915.5</ele>
   </trkpt>
   <trkpt lat="-26.2559040" lon="-51.1758770">
    <ele>915.5</ele>
   </trkpt>
   <trkpt lat="-26.2559170" lon="-51.1758440">
    <ele>915.5</ele>
   </trkpt>
   <trkpt lat="-26.2559280" lon="-51.1758090">
    <ele>915.5</ele>
   </trkpt>
   <trkpt lat="-26.2559390" lon="-51.1757700">
    <ele>915.5</ele>
   </trkpt>
   <trkpt lat="-26.2559480" lon="-51.1757550">
    <ele>915.5</ele>
   </trkpt>
   <trkpt lat="-26.2559500" lon="-51.1757240">
    <ele>915.5</ele>
   </trkpt>
   <trkpt lat="-26.2559680" lon="-51.1757190">
    <ele>915.5</ele>
   </trkpt>
   <trkpt lat="-26.2559680" lon="-51.1757120">
    <ele>915.5</ele>
   </trkpt>
   <trkpt lat="-26.2559710" lon="-51.1756950">
    <ele>915.6</ele>
   </trkpt>
   <trkpt lat="-26.2559780" lon="-51.1756630">
    <ele>915.6</ele>
   </trkpt>
   <trkpt lat="-26.2559920" lon="-51.1756290">
    <ele>915.7</ele>
   </trkpt>
   <trkpt lat="-26.2560030" lon="-51.1755810">
    <ele>915.8</ele>
   </trkpt>
   <trkpt lat="-26.2560130" lon="-51.1755320">
    <ele>916.0</ele>
   </trkpt>
   <trkpt lat="-26.2560180" lon="-51.1754780">
    <ele>916.2</ele>
   </trkpt>
   <trkpt lat="-26.2560130" lon="-51.1754290">
    <ele>916.5</ele>
   </trkpt>
   <trkpt lat="-26.2560110" lon="-51.1753790">
    <ele>916.8</ele>
   </trkpt>
   <trkpt lat="-26.2560190" lon="-51.1753310">
    <ele>917.1</ele>
   </trkpt>
   <trkpt lat="-26.2560240" lon="-51.1752940">
    <ele>917.3</ele>
   </trkpt>
   <trkpt lat="-26.2560400" lon="-51.1752410">
    <ele>917.7</ele>
   </trkpt>
   <trkpt lat="-26.2560500" lon="-51.1751870">
    <ele>917.9</ele>
   </trkpt>
   <trkpt lat="-26.2560630" lon="-51.1751370">
    <ele>918.2</ele>
   </trkpt>
   <trkpt lat="-26.2560630" lon="-51.1750960">
    <ele>918.3</ele>
   </trkpt>
   <trkpt lat="-26.2560610" lon="-51.1750460">
    <ele>918.4</ele>
   </trkpt>
   <trkpt lat="-26.2560630" lon="-51.1749930">
    <ele>918.4</ele>
   </trkpt>
   <trkpt lat="-26.2560670" lon="-51.1749350">
    <ele>918.2</ele>
   </trkpt>
   <trkpt lat="-26.2560640" lon="-51.1748770">
    <ele>918.0</ele>
   </trkpt>
   <trkpt lat="-26.2560610" lon="-51.1748170">
    <ele>917.5</ele>
   </trkpt>
   <trkpt lat="-26.2560600" lon="-51.1747500">
    <ele>916.9</ele>
   </trkpt>
   <trkpt lat="-26.2560570" lon="-51.1746930">
    <ele>916.4</ele>
   </trkpt>
   <trkpt lat="-26.2560500" lon="-51.1746470">
    <ele>916.0</ele>
   </trkpt>
   <trkpt lat="-26.2560550" lon="-51.1746140">
    <ele>915.7</ele>
   </trkpt>
   <trkpt lat="-26.2560640" lon="-51.1745750">
    <ele>915.4</ele>
   </trkpt>
   <trkpt lat="-26.2560680" lon="-51.1745390">
    <ele>915.2</ele>
   </trkpt>
   <trkpt lat="-26.2560770" lon="-51.1745020">
    <ele>915.0</ele>
   </trkpt>
   <trkpt lat="-26.2560810" lon="-51.1744640">
    <ele>914.8</ele>
   </trkpt>
   <trkpt lat="-26.2560820" lon="-51.1744490">
    <ele>914.7</ele>
   </trkpt>
   <trkpt lat="-26.2560910" lon="-51.1744160">
    <ele>914.6</ele>
   </trkpt>
   <trkpt lat="-26.2560910" lon="-51.1744030">
    <ele>914.5</ele>
   </trkpt>
   <trkpt lat="-26.2560880" lon="-51.1743780">
    <ele>914.4</ele>
   </trkpt>
   <trkpt lat="-26.2560860" lon="-51.1743440">
    <ele>914.3</ele>
   </trkpt>
   <trkpt lat="-26.2560860" lon="-51.1743320">
    <ele>914.3</ele>
   </trkpt>
   <trkpt lat="-26.2560840" lon="-51.1743020">
    <ele>914.2</ele>
   </trkpt>
   <trkpt lat="-26.2560850" lon="-51.1742910">
    <ele>914.2</ele>
   </trkpt>
   <trkpt lat="-26.2560820" lon="-51.1742590">
    <ele>914.1</ele>
   </trkpt>
   <trkpt lat="-26.2560800" lon="-51.1742510">
    <ele>914.1</ele>
   </trkpt>
   <trkpt lat="-26.2560730" lon="-51.1742180">
    <ele>914.0</ele>
   </trkpt>
   <trkpt lat="-26.2560690" lon="-51.1742080">
    <ele>914.0</ele>
   </trkpt>
   <trkpt lat="-26.2560670" lon="-51.1741750">
    <ele>913.9</ele>
   </trkpt>
   <trkpt lat="-26.2560670" lon="-51.1741610">
    <ele>913.9</ele>
   </trkpt>
   <trkpt lat="-26.2560670" lon="-51.1741500">
    <ele>913.9</ele>
   </trkpt>
   <trkpt lat="-26.2560680" lon="-51.1741290">
    <ele>913.9</ele>
   </trkpt>
   <trkpt lat="-26.2560660" lon="-51.1740920">
    <ele>913.8</ele>
   </trkpt>
   <trkpt lat="-26.2560650" lon="-51.1740810">
    <ele>913.8</ele>
   </trkpt>
   <trkpt lat="-26.2560650" lon="-51.1740630">
    <ele>913.8</ele>
   </trkpt>
   <trkpt lat="-26.2560660" lon="-51.1740470">
    <ele>913.7</ele>
   </trkpt>
   <trkpt lat="-26.2560610" lon="-51.1740220">
    <ele>913.7</ele>
   </trkpt>
   <trkpt lat="-26.2560600" lon="-51.1740120">
    <ele>913.7</ele>
   </trkpt>
   <trkpt lat="-26.2560600" lon="-51.1740030">
    <ele>913.7</ele>
   </trkpt>
   <trkpt lat="-26.2560550" lon="-51.1739890">
    <ele>913.7</ele>
   </trkpt>
   <trkpt lat="-26.2560540" lon="-51.1739690">
    <ele>913.7</ele>
   </trkpt>
   <trkpt lat="-26.2560520" lon="-51.1739410">
    <ele>913.6</ele>
   </trkpt>
   <trkpt lat="-26.2560470" lon="-51.1739320">
    <ele>913.6</ele>
   </trkpt>
   <trkpt lat="-26.2560450" lon="-51.1739000">
    <ele>913.6</ele>
   </trkpt>
   <trkpt lat="-26.2560390" lon="-51.1738780">
    <ele>913.6</ele>
   </trkpt>
   <trkpt lat="-26.2560350" lon="-51.1738680">
    <ele>913.6</ele>
   </trkpt>
   <trkpt lat="-26.2560310" lon="-51.1738570">
    <ele>913.6</ele>
   </trkpt>
   <trkpt lat="-26.2560280" lon="-51.1738200">
    <ele>913.7</ele>
   </trkpt>
   <trkpt lat="-26.2560230" lon="-51.1738090">
    <ele>913.7</ele>
   </trkpt>
   <trkpt lat="-26.2560160" lon="-51.1737750">
    <ele>913.7</ele>
   </trkpt>
   <trkpt lat="-26.2560100" lon="-51.1737650">
    <ele>913.8</ele>
   </trkpt>
   <trkpt lat="-26.2559980" lon="-51.1737340">
    <ele>913.9</ele>
   </trkpt>
   <trkpt lat="-26.2559960" lon="-51.1737220">
    <ele>913.9</ele>
   </trkpt>
   <trkpt lat="-26.2559810" lon="-51.1736870">
    <ele>914.1</ele>
   </trkpt>
   <trkpt lat="-26.2559770" lon="-51.1736770">
    <ele>914.1</ele>
   </trkpt>
   <trkpt lat="-26.2559590" lon="-51.1736440">
    <ele>914.3</ele>
   </trkpt>
   <trkpt lat="-26.2559550" lon="-51.1736330">
    <ele>914.4</ele>
   </trkpt>
   <trkpt lat="-26.2559440" lon="-51.1735920">
    <ele>914.7</ele>
   </trkpt>
   <trkpt lat="-26.2559420" lon="-51.1735770">
    <ele>914.8</ele>
   </trkpt>
   <trkpt lat="-26.2559270" lon="-51.1735460">
    <ele>915.0</ele>
   </trkpt>
   <trkpt lat="-26.2559230" lon="-51.1735360">
    <ele>915.1</ele>
   </trkpt>
   <trkpt lat="-26.2559100" lon="-51.1735060">
    <ele>915.4</ele>
   </trkpt>
   <trkpt lat="-26.2559050" lon="-51.1734950">
    <ele>915.5</ele>
   </trkpt>
   <trkpt lat="-26.2558920" lon="-51.1734670">
    <ele>915.8</ele>
   </trkpt>
   <trkpt lat="-26.2558810" lon="-51.1734290">
    <ele>916.2</ele>
   </trkpt>
   <trkpt lat="-26.2558760" lon="-51.1734170">
    <ele>916.3</ele>
   </trkpt>
   <trkpt lat="-26.2558590" lon="-51.1733860">
    <ele>916.6</ele>
   </trkpt>
   <trkpt lat="-26.2558510" lon="-51.1733740">
    <ele>916.8</ele>
   </trkpt>
   <trkpt lat="-26.2558350" lon="-51.1733390">
    <ele>917.1</ele>
   </trkpt>
   <trkpt lat="-26.2558290" lon="-51.1733230">
    <ele>917.3</ele>
   </trkpt>
   <trkpt lat="-26.2558250" lon="-51.1732930">
    <ele>917.6</ele>
   </trkpt>
   <trkpt lat="-26.2558150" lon="-51.1732530">
    <ele>918.0</ele>
   </trkpt>
   <trkpt lat="-26.2558110" lon="-51.1732390">
    <ele>918.1</ele>
   </trkpt>
   <trkpt lat="-26.2558030" lon="-51.1732060">
    <ele>918.4</ele>
   </trkpt>
   <trkpt lat="-26.2557800" lon="-51.1731700">
    <ele>918.8</ele>
   </trkpt>
   <trkpt lat="-26.2557710" lon="-51.1731530">
    <ele>919.0</ele>
   </trkpt>
   <trkpt lat="-26.2557620" lon="-51.1731190">
    <ele>919.3</ele>
   </trkpt>
   <trkpt lat="-26.2557610" lon="-51.1730810">
    <ele>919.5</ele>
   </trkpt>
   <trkpt lat="-26.2557400" lon="-51.1730490">
    <ele>919.8</ele>
   </trkpt>
   <trkpt lat="-26.2557360" lon="-51.1730370">
    <ele>919.9</ele>
   </trkpt>
   <trkpt lat="-26.2557340" lon="-51.1730010">
    <ele>920.1</ele>
   </trkpt>
   <trkpt lat="-26.2557290" lon="-51.1729690">
    <ele>920.2</ele>
   </trkpt>
   <trkpt lat="-26.2557230" lon="-51.1729350">
    <ele>920.4</ele>
   </trkpt>
   <trkpt lat="-26.2557140" lon="-51.1728940">
    <ele>920.5</ele>
   </trkpt>
   <trkpt lat="-26.2557120" lon="-51.1728810">
    <ele>920.5</ele>
   </trkpt>
   <trkpt lat="-26.2557030" lon="-51.1728460">
    <ele>920.6</ele>
   </trkpt>
   <trkpt lat="-26.2557020" lon="-51.1728150">
    <ele>920.7</ele>
   </trkpt>
   <trkpt lat="-26.2557020" lon="-51.1727840">
    <ele>920.7</ele>
   </trkpt>
   <trkpt lat="-26.2557040" lon="-51.1727540">
    <ele>920.8</ele>
   </trkpt>
   <trkpt lat="-26.2557040" lon="-51.1727180">
    <ele>920.8</ele>
   </trkpt>
   <trkpt lat="-26.2557030" lon="-51.1726850">
    <ele>920.8</ele>
   </trkpt>
   <trkpt lat="-26.2556950" lon="-51.1726480">
    <ele>920.9</ele>
   </trkpt>
   <trkpt lat="-26.2556910" lon="-51.1726140">
    <ele>920.9</ele>
   </trkpt>
   <trkpt lat="-26.2556860" lon="-51.1725820">
    <ele>921.0</ele>
   </trkpt>
   <trkpt lat="-26.2556750" lon="-51.1725450">
    <ele>921.0</ele>
   </trkpt>
   <trkpt lat="-26.2556670" lon="-51.1725120">
    <ele>921.1</ele>
   </trkpt>
   <trkpt lat="-26.2556570" lon="-51.1724820">
    <ele>921.1</ele>
   </trkpt>
   <trkpt lat="-26.2556470" lon="-51.1724440">
    <ele>921.2</ele>
   </trkpt>
   <trkpt lat="-26.2556360" lon="-51.1724050">
    <ele>921.3</ele>
   </trkpt>
   <trkpt lat="-26.2556240" lon="-51.1723700">
    <ele>921.4</ele>
   </trkpt>
   <trkpt lat="-26.2556120" lon="-51.1723360">
    <ele>921.5</ele>
   </trkpt>
   <trkpt lat="-26.2556000" lon="-51.1723060">
    <ele>921.6</ele>
   </trkpt>
   <trkpt lat="-26.2555900" lon="-51.1722680">
    <ele>921.7</ele>
   </trkpt>
   <trkpt lat="-26.2555730" lon="-51.1722350">
    <ele>921.9</ele>
   </trkpt>
   <trkpt lat="-26.2555630" lon="-51.1722000">
    <ele>922.1</ele>
   </trkpt>
   <trkpt lat="-26.2555520" lon="-51.1721670">
    <ele>922.3</ele>
   </trkpt>
   <trkpt lat="-26.2555420" lon="-51.1721320">
    <ele>922.5</ele>
   </trkpt>
   <trkpt lat="-26.2555320" lon="-51.1721030">
    <ele>922.7</ele>
   </trkpt>
   <trkpt lat="-26.2555150" lon="-51.1720680">
    <ele>923.0</ele>
   </trkpt>
   <trkpt lat="-26.2555110" lon="-51.1720540">
    <ele>923.1</ele>
   </trkpt>
   <trkpt lat="-26.2555030" lon="-51.1720230">
    <ele>923.3</ele>
   </trkpt>
   <trkpt lat="-26.2554920" lon="-51.1719850">
    <ele>923.6</ele>
   </trkpt>
   <trkpt lat="-26.2554880" lon="-51.1719700">
    <ele>923.8</ele>
   </trkpt>
   <trkpt lat="-26.2554760" lon="-51.1719300">
    <ele>924.2</ele>
   </trkpt>
   <trkpt lat="-26.2554710" lon="-51.1719170">
    <ele>924.3</ele>
   </trkpt>
   <trkpt lat="-26.2554710" lon="-51.1718850">
    <ele>924.7</ele>
   </trkpt>
   <trkpt lat="-26.2554780" lon="-51.1718530">
    <ele>925.0</ele>
   </trkpt>
   <trkpt lat="-26.2554760" lon="-51.1718090">
    <ele>925.4</ele>
   </trkpt>
   <trkpt lat="-26.2554750" lon="-51.1717940">
    <ele>925.6</ele>
   </trkpt>
   <trkpt lat="-26.2554720" lon="-51.1717490">
    <ele>926.0</ele>
   </trkpt>
   <trkpt lat="-26.2554710" lon="-51.1717340">
    <ele>926.1</ele>
   </trkpt>
   <trkpt lat="-26.2554750" lon="-51.1717000">
    <ele>926.5</ele>
   </trkpt>
   <trkpt lat="-26.2554760" lon="-51.1716700">
    <ele>926.8</ele>
   </trkpt>
   <trkpt lat="-26.2554760" lon="-51.1716270">
    <ele>927.2</ele>
   </trkpt>
   <trkpt lat="-26.2554770" lon="-51.1716120">
    <ele>927.3</ele>
   </trkpt>
   <trkpt lat="-26.2554820" lon="-51.1715800">
    <ele>927.6</ele>
   </trkpt>
   <trkpt lat="-26.2554890" lon="-51.1715370">
    <ele>928.0</ele>
   </trkpt>
   <trkpt lat="-26.2554930" lon="-51.1715220">
    <ele>928.2</ele>
   </trkpt>
   <trkpt lat="-26.2554980" lon="-51.1714790">
    <ele>928.5</ele>
   </trkpt>
   <trkpt lat="-26.2555000" lon="-51.1714650">
    <ele>928.7</ele>
   </trkpt>
   <trkpt lat="-26.2555100" lon="-51.1714370">
    <ele>928.9</ele>
   </trkpt>
   <trkpt lat="-26.2555230" lon="-51.1713930">
    <ele>929.3</ele>
   </trkpt>
   <trkpt lat="-26.2555310" lon="-51.1713790">
    <ele>929.4</ele>
   </trkpt>
   <trkpt lat="-26.2555550" lon="-51.1713450">
    <ele>929.7</ele>
   </trkpt>
   <trkpt lat="-26.2555640" lon="-51.1713320">
    <ele>929.8</ele>
   </trkpt>
   <trkpt lat="-26.2555920" lon="-51.1713060">
    <ele>930.1</ele>
   </trkpt>
   <trkpt lat="-26.2556040" lon="-51.1712920">
    <ele>930.2</ele>
   </trkpt>
   <trkpt lat="-26.2556290" lon="-51.1712580">
    <ele>930.5</ele>
   </trkpt>
   <trkpt lat="-26.2556410" lon="-51.1712430">
    <ele>930.7</ele>
   </trkpt>
   <trkpt lat="-26.2556670" lon="-51.1712330">
    <ele>930.8</ele>
   </trkpt>
   <trkpt lat="-26.2556900" lon="-51.1712170">
    <ele>931.0</ele>
   </trkpt>
   <trkpt lat="-26.2557140" lon="-51.1711990">
    <ele>931.2</ele>
   </trkpt>
   <trkpt lat="-26.2557350" lon="-51.1711800">
    <ele>931.4</ele>
   </trkpt>
   <trkpt lat="-26.2557610" lon="-51.1711600">
    <ele>931.5</ele>
   </trkpt>
   <trkpt lat="-26.2557860" lon="-51.1711440">
    <ele>931.7</ele>
   </trkpt>
   <trkpt lat="-26.2558140" lon="-51.1711290">
    <ele>931.8</ele>
   </trkpt>
   <trkpt lat="-26.2558390" lon="-51.1711160">
    <ele>932.0</ele>
   </trkpt>
   <trkpt lat="-26.2558730" lon="-51.1710890">
    <ele>932.1</ele>
   </trkpt>
   <trkpt lat="-26.2558870" lon="-51.1710780">
    <ele>932.2</ele>
   </trkpt>
   <trkpt lat="-26.2559200" lon="-51.1710570">
    <ele>932.4</ele>
   </trkpt>
   <trkpt lat="-26.2559550" lon="-51.1710330">
    <ele>932.6</ele>
   </trkpt>
   <trkpt lat="-26.2559670" lon="-51.1710240">
    <ele>932.7</ele>
   </trkpt>
   <trkpt lat="-26.2559920" lon="-51.1710020">
    <ele>932.8</ele>
   </trkpt>
   <trkpt lat="-26.2560200" lon="-51.1709860">
    <ele>933.0</ele>
   </trkpt>
   <trkpt lat="-26.2560460" lon="-51.1709670">
    <ele>933.2</ele>
   </trkpt>
   <trkpt lat="-26.2560720" lon="-51.1709430">
    <ele>933.4</ele>
   </trkpt>
   <trkpt lat="-26.2560890" lon="-51.1709170">
    <ele>933.6</ele>
   </trkpt>
   <trkpt lat="-26.2561110" lon="-51.1708920">
    <ele>933.8</ele>
   </trkpt>
   <trkpt lat="-26.2561360" lon="-51.1708690">
    <ele>934.0</ele>
   </trkpt>
   <trkpt lat="-26.2561560" lon="-51.1708440">
    <ele>934.3</ele>
   </trkpt>
   <trkpt lat="-26.2561810" lon="-51.1708110">
    <ele>934.6</ele>
   </trkpt>
   <trkpt lat="-26.2561890" lon="-51.1707990">
    <ele>934.8</ele>
   </trkpt>
   <trkpt lat="-26.2562130" lon="-51.1707690">
    <ele>935.1</ele>
   </trkpt>
   <trkpt lat="-26.2562310" lon="-51.1707360">
    <ele>935.5</ele>
   </trkpt>
   <trkpt lat="-26.2562520" lon="-51.1707130">
    <ele>935.9</ele>
   </trkpt>
   <trkpt lat="-26.2562730" lon="-51.1706900">
    <ele>936.2</ele>
   </trkpt>
   <trkpt lat="-26.2562900" lon="-51.1706550">
    <ele>936.6</ele>
   </trkpt>
   <trkpt lat="-26.2563000" lon="-51.1706390">
    <ele>936.8</ele>
   </trkpt>
   <trkpt lat="-26.2563150" lon="-51.1706010">
    <ele>937.3</ele>
   </trkpt>
   <trkpt lat="-26.2563260" lon="-51.1705890">
    <ele>937.4</ele>
   </trkpt>
   <trkpt lat="-26.2563460" lon="-51.1705670">
    <ele>937.8</ele>
   </trkpt>
   <trkpt lat="-26.2563730" lon="-51.1705410">
    <ele>938.2</ele>
   </trkpt>
   <trkpt lat="-26.2563830" lon="-51.1705310">
    <ele>938.4</ele>
   </trkpt>
   <trkpt lat="-26.2564040" lon="-51.1705070">
    <ele>938.7</ele>
   </trkpt>
   <trkpt lat="-26.2564250" lon="-51.1704870">
    <ele>939.0</ele>
   </trkpt>
   <trkpt lat="-26.2564550" lon="-51.1704670">
    <ele>939.4</ele>
   </trkpt>
   <trkpt lat="-26.2564750" lon="-51.1704470">
    <ele>939.7</ele>
   </trkpt>
   <trkpt lat="-26.2565050" lon="-51.1704120">
    <ele>940.1</ele>
   </trkpt>
   <trkpt lat="-26.2565200" lon="-51.1704010">
    <ele>940.3</ele>
   </trkpt>
   <trkpt lat="-26.2565470" lon="-51.1703790">
    <ele>940.6</ele>
   </trkpt>
   <trkpt lat="-26.2565720" lon="-51.1703530">
    <ele>940.9</ele>
   </trkpt>
   <trkpt lat="-26.2565940" lon="-51.1703280">
    <ele>941.2</ele>
   </trkpt>
   <trkpt lat="-26.2566160" lon="-51.1703090">
    <ele>941.5</ele>
   </trkpt>
   <trkpt lat="-26.2566250" lon="-51.1703010">
    <ele>941.5</ele>
   </trkpt>
   <trkpt lat="-26.2566430" lon="-51.1702660">
    <ele>941.8</ele>
   </trkpt>
   <trkpt lat="-26.2566470" lon="-51.1702530">
    <ele>941.9</ele>
   </trkpt>
   <trkpt lat="-26.2566650" lon="-51.1702160">
    <ele>942.2</ele>
   </trkpt>
   <trkpt lat="-26.2566680" lon="-51.1702030">
    <ele>942.2</ele>
   </trkpt>
   <trkpt lat="-26.2566720" lon="-51.1701640">
    <ele>942.5</ele>
   </trkpt>
   <trkpt lat="-26.2566710" lon="-51.1701510">
    <ele>942.6</ele>
   </trkpt>
   <trkpt lat="-26.2566790" lon="-51.1700950">
    <ele>942.9</ele>
   </trkpt>
   <trkpt lat="-26.2566840" lon="-51.1700480">
    <ele>943.2</ele>
   </trkpt>
   <trkpt lat="-26.2566780" lon="-51.1700150">
    <ele>943.5</ele>
   </trkpt>
   <trkpt lat="-26.2566710" lon="-51.1699810">
    <ele>943.7</ele>
   </trkpt>
   <trkpt lat="-26.2566610" lon="-51.1699460">
    <ele>944.0</ele>
   </trkpt>
   <trkpt lat="-26.2566530" lon="-51.1699150">
    <ele>944.3</ele>
   </trkpt>
   <trkpt lat="-26.2566440" lon="-51.1698860">
    <ele>944.5</ele>
   </trkpt>
   <trkpt lat="-26.2566370" lon="-51.1698430">
    <ele>944.8</ele>
   </trkpt>
   <trkpt lat="-26.2566250" lon="-51.1698080">
    <ele>945.1</ele>
   </trkpt>
   <trkpt lat="-26.2566210" lon="-51.1697950">
    <ele>945.3</ele>
   </trkpt>
   <trkpt lat="-26.2566190" lon="-51.1697560">
    <ele>945.6</ele>
   </trkpt>
   <trkpt lat="-26.2566100" lon="-51.1697190">
    <ele>945.8</ele>
   </trkpt>
   <trkpt lat="-26.2566110" lon="-51.1696800">
    <ele>946.1</ele>
   </trkpt>
   <trkpt lat="-26.2566190" lon="-51.1696330">
    <ele>946.4</ele>
   </trkpt>
   <trkpt lat="-26.2566220" lon="-51.1696150">
    <ele>946.5</ele>
   </trkpt>
   <trkpt lat="-26.2566300" lon="-51.1695750">
    <ele>946.8</ele>
   </trkpt>
   <trkpt lat="-26.2566330" lon="-51.1695330">
    <ele>947.0</ele>
   </trkpt>
   <trkpt lat="-26.2566340" lon="-51.1695180">
    <ele>947.1</ele>
   </trkpt>
   <trkpt lat="-26.2566420" lon="-51.1694810">
    <ele>947.3</ele>
   </trkpt>
   <trkpt lat="-26.2566510" lon="-51.1694490">
    <ele>947.5</ele>
   </trkpt>
   <trkpt lat="-26.2566610" lon="-51.1694170">
    <ele>947.6</ele>
   </trkpt>
   <trkpt lat="-26.2566750" lon="-51.1693800">
    <ele>947.9</ele>
   </trkpt>
   <trkpt lat="-26.2566880" lon="-51.1693460">
    <ele>948.1</ele>
   </trkpt>
   <trkpt lat="-26.2566970" lon="-51.1693100">
    <ele>948.3</ele>
   </trkpt>
   <trkpt lat="-26.2567060" lon="-51.1692790">
    <ele>948.5</ele>
   </trkpt>
   <trkpt lat="-26.2567140" lon="-51.1692470">
    <ele>948.8</ele>
   </trkpt>
   <trkpt lat="-26.2567200" lon="-51.1692140">
    <ele>949.0</ele>
   </trkpt>
   <trkpt lat="-26.2567250" lon="-51.1691850">
    <ele>949.3</ele>
   </trkpt>
   <trkpt lat="-26.2567320" lon="-51.1691530">
    <ele>949.5</ele>
   </trkpt>
   <trkpt lat="-26.2567390" lon="-51.1691200">
    <ele>949.8</ele>
   </trkpt>
   <trkpt lat="-26.2567460" lon="-51.1690750">
    <ele>950.2</ele>
   </trkpt>
   <trkpt lat="-26.2567530" lon="-51.1690540">
    <ele>950.4</ele>
   </trkpt>
   <trkpt lat="-26.2567630" lon="-51.1690200">
    <ele>950.7</ele>
   </trkpt>
   <trkpt lat="-26.2567670" lon="-51.1689870">
    <ele>951.0</ele>
   </trkpt>
   <trkpt lat="-26.2567700" lon="-51.1689540">
    <ele>951.3</ele>
   </trkpt>
   <trkpt lat="-26.2567760" lon="-51.1689200">
    <ele>951.7</ele>
   </trkpt>
   <trkpt lat="-26.2567780" lon="-51.1688710">
    <ele>952.1</ele>
   </trkpt>
   <trkpt lat="-26.2567800" lon="-51.1688510">
    <ele>952.3</ele>
   </trkpt>
   <trkpt lat="-26.2567780" lon="-51.1688200">
    <ele>952.6</ele>
   </trkpt>
   <trkpt lat="-26.2567760" lon="-51.1687880">
    <ele>952.9</ele>
   </trkpt>
   <trkpt lat="-26.2567780" lon="-51.1687530">
    <ele>953.2</ele>
   </trkpt>
   <trkpt lat="-26.2567790" lon="-51.1687200">
    <ele>953.5</ele>
   </trkpt>
   <trkpt lat="-26.2567750" lon="-51.1686890">
    <ele>953.8</ele>
   </trkpt>
   <trkpt lat="-26.2567750" lon="-51.1686570">
    <ele>954.1</ele>
   </trkpt>
   <trkpt lat="-26.2567750" lon="-51.1686240">
    <ele>954.4</ele>
   </trkpt>
   <trkpt lat="-26.2567800" lon="-51.1685790">
    <ele>954.9</ele>
   </trkpt>
   <trkpt lat="-26.2567820" lon="-51.1685630">
    <ele>955.0</ele>
   </trkpt>
   <trkpt lat="-26.2567850" lon="-51.1685280">
    <ele>955.3</ele>
   </trkpt>
   <trkpt lat="-26.2567950" lon="-51.1684960">
    <ele>955.5</ele>
   </trkpt>
   <trkpt lat="-26.2568050" lon="-51.1684640">
    <ele>955.7</ele>
   </trkpt>
   <trkpt lat="-26.2568130" lon="-51.1684340">
    <ele>955.9</ele>
   </trkpt>
   <trkpt lat="-26.2568210" lon="-51.1684010">
    <ele>956.1</ele>
   </trkpt>
   <trkpt lat="-26.2568350" lon="-51.1683670">
    <ele>956.3</ele>
   </trkpt>
   <trkpt lat="-26.2568510" lon="-51.1683380">
    <ele>956.5</ele>
   </trkpt>
   <trkpt lat="-26.2568640" lon="-51.1683110">
    <ele>956.6</ele>
   </trkpt>
   <trkpt lat="-26.2568890" lon="-51.1682730">
    <ele>956.8</ele>
   </trkpt>
   <trkpt lat="-26.2569000" lon="-51.1682590">
    <ele>956.8</ele>
   </trkpt>
   <trkpt lat="-26.2569200" lon="-51.1682360">
    <ele>956.9</ele>
   </trkpt>
   <trkpt lat="-26.2569400" lon="-51.1682050">
    <ele>957.0</ele>
   </trkpt>
   <trkpt lat="-26.2569670" lon="-51.1681750">
    <ele>957.0</ele>
   </trkpt>
   <trkpt lat="-26.2569920" lon="-51.1681480">
    <ele>957.1</ele>
   </trkpt>
   <trkpt lat="-26.2570230" lon="-51.1681210">
    <ele>957.1</ele>
   </trkpt>
   <trkpt lat="-26.2570470" lon="-51.1681010">
    <ele>957.1</ele>
   </trkpt>
   <trkpt lat="-26.2570750" lon="-51.1680750">
    <ele>957.1</ele>
   </trkpt>
   <trkpt lat="-26.2570870" lon="-51.1680640">
    <ele>957.1</ele>
   </trkpt>
   <trkpt lat="-26.2571270" lon="-51.1680290">
    <ele>957.7</ele>
   </trkpt>
   <trkpt lat="-26.2571490" lon="-51.1680120">
    <ele>958.1</ele>
   </trkpt>
   <trkpt lat="-26.2571810" lon="-51.1679850">
    <ele>958.7</ele>
   </trkpt>
   <trkpt lat="-26.2572050" lon="-51.1679640">
    <ele>959.2</ele>
   </trkpt>
   <trkpt lat="-26.2572480" lon="-51.1679300">
    <ele>960.1</ele>
   </trkpt>
   <trkpt lat="-26.2572730" lon="-51.1679100">
    <ele>960.6</ele>
   </trkpt>
   <trkpt lat="-26.2573020" lon="-51.1678930">
    <ele>961.0</ele>
   </trkpt>
   <trkpt lat="-26.2573330" lon="-51.1678730">
    <ele>961.0</ele>
   </trkpt>
   <trkpt lat="-26.2573610" lon="-51.1678430">
    <ele>961.0</ele>
   </trkpt>
   <trkpt lat="-26.2573840" lon="-51.1678180">
    <ele>961.0</ele>
   </trkpt>
   <trkpt lat="-26.2574120" lon="-51.1677990">
    <ele>959.1</ele>
   </trkpt>
   <trkpt lat="-26.2574160" lon="-51.1677960">
    <ele>958.9</ele>
   </trkpt>
   <trkpt lat="-26.2574260" lon="-51.1677970">
    <ele>958.3</ele>
   </trkpt>
   <trkpt lat="-26.2574340" lon="-51.1678010">
    <ele>957.8</ele>
   </trkpt>
   <trkpt lat="-26.2574410" lon="-51.1678020">
    <ele>957.4</ele>
   </trkpt>
   <trkpt lat="-26.2574500" lon="-51.1677960">
    <ele>956.8</ele>
   </trkpt>
   <trkpt lat="-26.2574530" lon="-51.1677920">
    <ele>956.8</ele>
   </trkpt>
   <trkpt lat="-26.2574550" lon="-51.1677870">
    <ele>956.8</ele>
   </trkpt>
   <trkpt lat="-26.2574580" lon="-51.1677830">
    <ele>956.8</ele>
   </trkpt>
   <trkpt lat="-26.2574610" lon="-51.1677790">
    <ele>956.8</ele>
   </trkpt>
   <trkpt lat="-26.2574640" lon="-51.1677750">
    <ele>956.8</ele>
   </trkpt>
   <trkpt lat="-26.2574670" lon="-51.1677700">
    <ele>956.9</ele>
   </trkpt>
   <trkpt lat="-26.2574850" lon="-51.1677450">
    <ele>956.9</ele>
   </trkpt>
   <trkpt lat="-26.2574910" lon="-51.1677330">
    <ele>956.9</ele>
   </trkpt>
   <trkpt lat="-26.2575000" lon="-51.1677020">
    <ele>957.0</ele>
   </trkpt>
   <trkpt lat="-26.2575090" lon="-51.1676650">
    <ele>957.0</ele>
   </trkpt>
   <trkpt lat="-26.2575190" lon="-51.1676300">
    <ele>957.0</ele>
   </trkpt>
   <trkpt lat="-26.2575270" lon="-51.1675940">
    <ele>957.0</ele>
   </trkpt>
   <trkpt lat="-26.2575350" lon="-51.1675540">
    <ele>956.9</ele>
   </trkpt>
   <trkpt lat="-26.2575430" lon="-51.1675120">
    <ele>956.9</ele>
   </trkpt>
   <trkpt lat="-26.2575510" lon="-51.1674630">
    <ele>956.8</ele>
   </trkpt>
   <trkpt lat="-26.2575630" lon="-51.1674210">
    <ele>956.8</ele>
   </trkpt>
   <trkpt lat="-26.2575730" lon="-51.1673820">
    <ele>956.8</ele>
   </trkpt>
   <trkpt lat="-26.2575830" lon="-51.1673460">
    <ele>956.9</ele>
   </trkpt>
   <trkpt lat="-26.2575950" lon="-51.1673080">
    <ele>957.3</ele>
   </trkpt>
   <trkpt lat="-26.2576090" lon="-51.1672670">
    <ele>957.7</ele>
   </trkpt>
   <trkpt lat="-26.2576210" lon="-51.1672360">
    <ele>958.0</ele>
   </trkpt>
   <trkpt lat="-26.2576340" lon="-51.1672070">
    <ele>958.4</ele>
   </trkpt>
   <trkpt lat="-26.2576560" lon="-51.1671690">
    <ele>958.9</ele>
   </trkpt>
   <trkpt lat="-26.2576640" lon="-51.1671550">
    <ele>959.1</ele>
   </trkpt>
   <trkpt lat="-26.2576770" lon="-51.1671280">
    <ele>959.5</ele>
   </trkpt>
   <trkpt lat="-26.2576800" lon="-51.1670910">
    <ele>960.0</ele>
   </trkpt>
   <trkpt lat="-26.2576820" lon="-51.1670810">
    <ele>960.2</ele>
   </trkpt>
   <trkpt lat="-26.2576960" lon="-51.1670430">
    <ele>960.7</ele>
   </trkpt>
   <trkpt lat="-26.2577040" lon="-51.1670310">
    <ele>960.9</ele>
   </trkpt>
   <trkpt lat="-26.2577210" lon="-51.1669950">
    <ele>961.5</ele>
   </trkpt>
   <trkpt lat="-26.2577260" lon="-51.1669820">
    <ele>961.7</ele>
   </trkpt>
   <trkpt lat="-26.2577350" lon="-51.1669520">
    <ele>962.1</ele>
   </trkpt>
   <trkpt lat="-26.2577480" lon="-51.1669140">
    <ele>962.6</ele>
   </trkpt>
   <trkpt lat="-26.2577570" lon="-51.1669000">
    <ele>962.8</ele>
   </trkpt>
   <trkpt lat="-26.2577760" lon="-51.1668740">
    <ele>963.3</ele>
   </trkpt>
   <trkpt lat="-26.2577810" lon="-51.1668430">
    <ele>963.7</ele>
   </trkpt>
   <trkpt lat="-26.2577910" lon="-51.1668130">
    <ele>964.1</ele>
   </trkpt>
   <trkpt lat="-26.2577960" lon="-51.1668020">
    <ele>964.2</ele>
   </trkpt>
   <trkpt lat="-26.2578050" lon="-51.1667710">
    <ele>964.6</ele>
   </trkpt>
   <trkpt lat="-26.2578140" lon="-51.1667400">
    <ele>965.0</ele>
   </trkpt>
   <trkpt lat="-26.2578260" lon="-51.1667070">
    <ele>965.4</ele>
   </trkpt>
   <trkpt lat="-26.2578370" lon="-51.1666720">
    <ele>965.8</ele>
   </trkpt>
   <trkpt lat="-26.2578430" lon="-51.1666590">
    <ele>966.0</ele>
   </trkpt>
   <trkpt lat="-26.2578540" lon="-51.1666300">
    <ele>966.3</ele>
   </trkpt>
   <trkpt lat="-26.2578720" lon="-51.1665970">
    <ele>966.6</ele>
   </trkpt>
   <trkpt lat="-26.2578790" lon="-51.1665840">
    <ele>966.8</ele>
   </trkpt>
   <trkpt lat="-26.2578880" lon="-51.1665480">
    <ele>967.0</ele>
   </trkpt>
   <trkpt lat="-26.2578890" lon="-51.1665380">
    <ele>967.1</ele>
   </trkpt>
   <trkpt lat="-26.2579060" lon="-51.1665030">
    <ele>967.2</ele>
   </trkpt>
   <trkpt lat="-26.2579110" lon="-51.1664920">
    <ele>967.3</ele>
   </trkpt>
   <trkpt lat="-26.2579340" lon="-51.1664580">
    <ele>967.3</ele>
   </trkpt>
   <trkpt lat="-26.2579410" lon="-51.1664450">
    <ele>967.3</ele>
   </trkpt>
   <trkpt lat="-26.2579560" lon="-51.1664190">
    <ele>967.2</ele>
   </trkpt>
   <trkpt lat="-26.2579710" lon="-51.1663850">
    <ele>967.0</ele>
   </trkpt>
   <trkpt lat="-26.2579890" lon="-51.1663450">
    <ele>966.8</ele>
   </trkpt>
   <trkpt lat="-26.2580130" lon="-51.1663060">
    <ele>966.4</ele>
   </trkpt>
   <trkpt lat="-26.2580430" lon="-51.1662610">
    <ele>965.9</ele>
   </trkpt>
   <trkpt lat="-26.2580750" lon="-51.1662190">
    <ele>965.4</ele>
   </trkpt>
   <trkpt lat="-26.2581110" lon="-51.1661820">
    <ele>964.9</ele>
   </trkpt>
   <trkpt lat="-26.2581480" lon="-51.1661400">
    <ele>964.4</ele>
   </trkpt>
   <trkpt lat="-26.2581930" lon="-51.1660970">
    <ele>963.8</ele>
   </trkpt>
   <trkpt lat="-26.2582380" lon="-51.1660480">
    <ele>963.3</ele>
   </trkpt>
   <trkpt lat="-26.2582860" lon="-51.1660000">
    <ele>962.8</ele>
   </trkpt>
   <trkpt lat="-26.2583280" lon="-51.1659460">
    <ele>962.3</ele>
   </trkpt>
   <trkpt lat="-26.2583720" lon="-51.1659040">
    <ele>961.9</ele>
   </trkpt>
   <trkpt lat="-26.2584080" lon="-51.1658590">
    <ele>961.5</ele>
   </trkpt>
   <trkpt lat="-26.2584470" lon="-51.1658190">
    <ele>961.1</ele>
   </trkpt>
   <trkpt lat="-26.2584890" lon="-51.1657670">
    <ele>960.6</ele>
   </trkpt>
   <trkpt lat="-26.2585420" lon="-51.1657320">
    <ele>960.0</ele>
   </trkpt>
   <trkpt lat="-26.2586050" lon="-51.1656890">
    <ele>959.3</ele>
   </trkpt>
   <trkpt lat="-26.2586640" lon="-51.1656360">
    <ele>958.6</ele>
   </trkpt>
   <trkpt lat="-26.2587210" lon="-51.1655820">
    <ele>957.9</ele>
   </trkpt>
   <trkpt lat="-26.2587810" lon="-51.1655230">
    <ele>957.3</ele>
   </trkpt>
   <trkpt lat="-26.2588340" lon="-51.1654640">
    <ele>956.7</ele>
   </trkpt>
   <trkpt lat="-26.2588880" lon="-51.1653990">
    <ele>956.2</ele>
   </trkpt>
   <trkpt lat="-26.2589460" lon="-51.1653430">
    <ele>955.7</ele>
   </trkpt>
   <trkpt lat="-26.2590020" lon="-51.1652930">
    <ele>955.4</ele>
   </trkpt>
   <trkpt lat="-26.2590610" lon="-51.1652460">
    <ele>955.0</ele>
   </trkpt>
   <trkpt lat="-26.2591340" lon="-51.1652060">
    <ele>954.7</ele>
   </trkpt>
   <trkpt lat="-26.2592050" lon="-51.1651730">
    <ele>954.5</ele>
   </trkpt>
   <trkpt lat="-26.2592780" lon="-51.1651520">
    <ele>954.3</ele>
   </trkpt>
   <trkpt lat="-26.2593400" lon="-51.1651390">
    <ele>954.2</ele>
   </trkpt>
   <trkpt lat="-26.2593980" lon="-51.1651070">
    <ele>953.9</ele>
   </trkpt>
   <trkpt lat="-26.2594530" lon="-51.1650750">
    <ele>953.6</ele>
   </trkpt>
   <trkpt lat="-26.2595050" lon="-51.1650350">
    <ele>953.1</ele>
   </trkpt>
   <trkpt lat="-26.2595550" lon="-51.1649730">
    <ele>952.3</ele>
   </trkpt>
   <trkpt lat="-26.2596130" lon="-51.1649130">
    <ele>951.4</ele>
   </trkpt>
   <trkpt lat="-26.2596680" lon="-51.1648380">
    <ele>950.4</ele>
   </trkpt>
   <trkpt lat="-26.2597130" lon="-51.1647680">
    <ele>949.4</ele>
   </trkpt>
   <trkpt lat="-26.2597510" lon="-51.1646940">
    <ele>948.6</ele>
   </trkpt>
   <trkpt lat="-26.2597910" lon="-51.1646270">
    <ele>947.8</ele>
   </trkpt>
   <trkpt lat="-26.2598330" lon="-51.1645590">
    <ele>947.0</ele>
   </trkpt>
   <trkpt lat="-26.2598680" lon="-51.1644900">
    <ele>946.2</ele>
   </trkpt>
   <trkpt lat="-26.2598950" lon="-51.1644150">
    <ele>945.3</ele>
   </trkpt>
   <trkpt lat="-26.2599100" lon="-51.1643240">
    <ele>944.2</ele>
   </trkpt>
   <trkpt lat="-26.2599180" lon="-51.1642260">
    <ele>943.0</ele>
   </trkpt>
   <trkpt lat="-26.2599150" lon="-51.1641380">
    <ele>941.8</ele>
   </trkpt>
   <trkpt lat="-26.2599130" lon="-51.1640370">
    <ele>940.4</ele>
   </trkpt>
   <trkpt lat="-26.2599270" lon="-51.1639340">
    <ele>939.0</ele>
   </trkpt>
   <trkpt lat="-26.2599360" lon="-51.1638280">
    <ele>937.6</ele>
   </trkpt>
   <trkpt lat="-26.2599490" lon="-51.1637180">
    <ele>936.1</ele>
   </trkpt>
   <trkpt lat="-26.2599700" lon="-51.1636110">
    <ele>934.8</ele>
   </trkpt>
   <trkpt lat="-26.2599940" lon="-51.1634890">
    <ele>933.3</ele>
   </trkpt>
   <trkpt lat="-26.2600190" lon="-51.1633720">
    <ele>932.1</ele>
   </trkpt>
   <trkpt lat="-26.2600480" lon="-51.1632510">
    <ele>931.1</ele>
   </trkpt>
   <trkpt lat="-26.2600870" lon="-51.1631310">
    <ele>930.5</ele>
   </trkpt>
   <trkpt lat="-26.2601280" lon="-51.1630140">
    <ele>930.1</ele>
   </trkpt>
   <trkpt lat="-26.2601780" lon="-51.1629090">
    <ele>929.9</ele>
   </trkpt>
   <trkpt lat="-26.2602220" lon="-51.1628210">
    <ele>929.7</ele>
   </trkpt>
   <trkpt lat="-26.2602590" lon="-51.1627290">
    <ele>929.3</ele>
   </trkpt>
   <trkpt lat="-26.2602880" lon="-51.1626230">
    <ele>928.7</ele>
   </trkpt>
   <trkpt lat="-26.2603240" lon="-51.1625130">
    <ele>927.9</ele>
   </trkpt>
   <trkpt lat="-26.2603620" lon="-51.1624130">
    <ele>927.0</ele>
   </trkpt>
   <trkpt lat="-26.2604160" lon="-51.1623190">
    <ele>925.7</ele>
   </trkpt>
   <trkpt lat="-26.2604800" lon="-51.1622310">
    <ele>924.3</ele>
   </trkpt>
   <trkpt lat="-26.2605400" lon="-51.1621400">
    <ele>922.8</ele>
   </trkpt>
   <trkpt lat="-26.2606180" lon="-51.1620650">
    <ele>921.3</ele>
   </trkpt>
   <trkpt lat="-26.2607130" lon="-51.1620040">
    <ele>919.7</ele>
   </trkpt>
   <trkpt lat="-26.2608230" lon="-51.1619570">
    <ele>918.2</ele>
   </trkpt>
   <trkpt lat="-26.2609450" lon="-51.1619360">
    <ele>916.8</ele>
   </trkpt>
   <trkpt lat="-26.2610560" lon="-51.1619140">
    <ele>915.5</ele>
   </trkpt>
   <trkpt lat="-26.2611450" lon="-51.1618600">
    <ele>914.4</ele>
   </trkpt>
   <trkpt lat="-26.2612120" lon="-51.1617690">
    <ele>913.0</ele>
   </trkpt>
   <trkpt lat="-26.2612790" lon="-51.1616630">
    <ele>911.3</ele>
   </trkpt>
   <trkpt lat="-26.2613250" lon="-51.1615410">
    <ele>909.4</ele>
   </trkpt>
   <trkpt lat="-26.2613660" lon="-51.1614180">
    <ele>907.3</ele>
   </trkpt>
   <trkpt lat="-26.2614210" lon="-51.1612820">
    <ele>904.9</ele>
   </trkpt>
   <trkpt lat="-26.2614810" lon="-51.1611500">
    <ele>902.7</ele>
   </trkpt>
   <trkpt lat="-26.2615420" lon="-51.1610250">
    <ele>900.7</ele>
   </trkpt>
   <trkpt lat="-26.2615900" lon="-51.1609040">
    <ele>899.1</ele>
   </trkpt>
   <trkpt lat="-26.2616290" lon="-51.1607780">
    <ele>897.6</ele>
   </trkpt>
   <trkpt lat="-26.2616400" lon="-51.1606470">
    <ele>896.3</ele>
   </trkpt>
   <trkpt lat="-26.2616170" lon="-51.1605110">
    <ele>895.0</ele>
   </trkpt>
   <trkpt lat="-26.2615710" lon="-51.1603880">
    <ele>893.6</ele>
   </trkpt>
   <trkpt lat="-26.2615230" lon="-51.1602740">
    <ele>892.3</ele>
   </trkpt>
   <trkpt lat="-26.2614740" lon="-51.1601570">
    <ele>890.9</ele>
   </trkpt>
   <trkpt lat="-26.2614270" lon="-51.1600390">
    <ele>889.6</ele>
   </trkpt>
   <trkpt lat="-26.2613770" lon="-51.1599180">
    <ele>888.5</ele>
   </trkpt>
   <trkpt lat="-26.2613230" lon="-51.1598140">
    <ele>887.8</ele>
   </trkpt>
   <trkpt lat="-26.2612840" lon="-51.1597030">
    <ele>887.4</ele>
   </trkpt>
   <trkpt lat="-26.2612610" lon="-51.1595980">
    <ele>887.3</ele>
   </trkpt>
   <trkpt lat="-26.2612330" lon="-51.1594980">
    <ele>887.2</ele>
   </trkpt>
   <trkpt lat="-26.2612030" lon="-51.1594220">
    <ele>887.2</ele>
   </trkpt>
   <trkpt lat="-26.2611890" lon="-51.1593460">
    <ele>887.2</ele>
   </trkpt>
   <trkpt lat="-26.2611720" lon="-51.1592940">
    <ele>887.2</ele>
   </trkpt>
   <trkpt lat="-26.2611510" lon="-51.1592270">
    <ele>887.2</ele>
   </trkpt>
   <trkpt lat="-26.2611460" lon="-51.1591510">
    <ele>887.2</ele>
   </trkpt>
   <trkpt lat="-26.2611300" lon="-51.1590900">
    <ele>887.2</ele>
   </trkpt>
   <trkpt lat="-26.2611190" lon="-51.1590250">
    <ele>887.1</ele>
   </trkpt>
   <trkpt lat="-26.2611080" lon="-51.1589610">
    <ele>886.9</ele>
   </trkpt>
   <trkpt lat="-26.2610870" lon="-51.1588940">
    <ele>886.7</ele>
   </trkpt>
   <trkpt lat="-26.2610690" lon="-51.1588330">
    <ele>886.5</ele>
   </trkpt>
   <trkpt lat="-26.2610510" lon="-51.1587690">
    <ele>886.1</ele>
   </trkpt>
   <trkpt lat="-26.2610330" lon="-51.1587020">
    <ele>885.7</ele>
   </trkpt>
   <trkpt lat="-26.2610090" lon="-51.1586280">
    <ele>885.2</ele>
   </trkpt>
   <trkpt lat="-26.2609930" lon="-51.1585590">
    <ele>884.6</ele>
   </trkpt>
   <trkpt lat="-26.2609830" lon="-51.1584930">
    <ele>884.1</ele>
   </trkpt>
   <trkpt lat="-26.2609740" lon="-51.1584170">
    <ele>883.6</ele>
   </trkpt>
   <trkpt lat="-26.2609730" lon="-51.1583360">
    <ele>883.1</ele>
   </trkpt>
   <trkpt lat="-26.2609830" lon="-51.1582600">
    <ele>882.9</ele>
   </trkpt>
   <trkpt lat="-26.2609920" lon="-51.1581890">
    <ele>882.7</ele>
   </trkpt>
   <trkpt lat="-26.2610010" lon="-51.1581440">
    <ele>882.7</ele>
   </trkpt>
   <trkpt lat="-26.2610110" lon="-51.1581010">
    <ele>882.7</ele>
   </trkpt>
   <trkpt lat="-26.2610210" lon="-51.1580580">
    <ele>882.7</ele>
   </trkpt>
   <trkpt lat="-26.2610350" lon="-51.1580110">
    <ele>882.6</ele>
   </trkpt>
   <trkpt lat="-26.2610520" lon="-51.1579680">
    <ele>882.6</ele>
   </trkpt>
   <trkpt lat="-26.2610550" lon="-51.1579110">
    <ele>882.6</ele>
   </trkpt>
   <trkpt lat="-26.2610530" lon="-51.1578650">
    <ele>882.6</ele>
   </trkpt>
   <trkpt lat="-26.2610340" lon="-51.1578370">
    <ele>882.6</ele>
   </trkpt>
   <trkpt lat="-26.2610390" lon="-51.1577840">
    <ele>882.6</ele>
   </trkpt>
   <trkpt lat="-26.2610250" lon="-51.1577450">
    <ele>882.7</ele>
   </trkpt>
   <trkpt lat="-26.2610120" lon="-51.1577020">
    <ele>882.7</ele>
   </trkpt>
   <trkpt lat="-26.2610090" lon="-51.1576490">
    <ele>882.7</ele>
   </trkpt>
   <trkpt lat="-26.2609960" lon="-51.1575910">
    <ele>882.6</ele>
   </trkpt>
   <trkpt lat="-26.2609850" lon="-51.1575340">
    <ele>882.5</ele>
   </trkpt>
   <trkpt lat="-26.2609560" lon="-51.1575110">
    <ele>882.4</ele>
   </trkpt>
   <trkpt lat="-26.2609450" lon="-51.1574600">
    <ele>882.3</ele>
   </trkpt>
   <trkpt lat="-26.2609310" lon="-51.1573960">
    <ele>882.2</ele>
   </trkpt>
   <trkpt lat="-26.2609320" lon="-51.1573230">
    <ele>882.1</ele>
   </trkpt>
   <trkpt lat="-26.2609260" lon="-51.1572570">
    <ele>882.0</ele>
   </trkpt>
   <trkpt lat="-26.2609130" lon="-51.1571980">
    <ele>881.9</ele>
   </trkpt>
   <trkpt lat="-26.2609010" lon="-51.1571330">
    <ele>881.8</ele>
   </trkpt>
   <trkpt lat="-26.2608840" lon="-51.1570680">
    <ele>881.7</ele>
   </trkpt>
   <trkpt lat="-26.2608770" lon="-51.1570020">
    <ele>881.6</ele>
   </trkpt>
   <trkpt lat="-26.2608650" lon="-51.1569380">
    <ele>881.6</ele>
   </trkpt>
   <trkpt lat="-26.2608490" lon="-51.1568790">
    <ele>881.5</ele>
   </trkpt>
   <trkpt lat="-26.2608500" lon="-51.1568020">
    <ele>881.4</ele>
   </trkpt>
   <trkpt lat="-26.2608300" lon="-51.1567510">
    <ele>881.3</ele>
   </trkpt>
   <trkpt lat="-26.2608110" lon="-51.1566960">
    <ele>881.3</ele>
   </trkpt>
   <trkpt lat="-26.2607800" lon="-51.1566500">
    <ele>881.3</ele>
   </trkpt>
   <trkpt lat="-26.2607590" lon="-51.1565990">
    <ele>881.2</ele>
   </trkpt>
   <trkpt lat="-26.2607450" lon="-51.1565620">
    <ele>881.2</ele>
   </trkpt>
   <trkpt lat="-26.2607370" lon="-51.1565430">
    <ele>881.2</ele>
   </trkpt>
   <trkpt lat="-26.2607260" lon="-51.1565280">
    <ele>881.2</ele>
   </trkpt>
   <trkpt lat="-26.2607010" lon="-51.1565110">
    <ele>881.2</ele>
   </trkpt>
   <trkpt lat="-26.2606960" lon="-51.1565030">
    <ele>881.2</ele>
   </trkpt>
   <trkpt lat="-26.2606810" lon="-51.1564750">
    <ele>881.3</ele>
   </trkpt>
   <trkpt lat="-26.2606550" lon="-51.1564530">
    <ele>881.3</ele>
   </trkpt>
   <trkpt lat="-26.2606290" lon="-51.1564260">
    <ele>881.3</ele>
   </trkpt>
   <trkpt lat="-26.2606030" lon="-51.1563960">
    <ele>881.3</ele>
   </trkpt>
   <trkpt lat="-26.2605780" lon="-51.1563660">
    <ele>881.4</ele>
   </trkpt>
   <trkpt lat="-26.2605560" lon="-51.1563420">
    <ele>881.4</ele>
   </trkpt>
   <trkpt lat="-26.2605250" lon="-51.1563080">
    <ele>881.5</ele>
   </trkpt>
   <trkpt lat="-26.2604920" lon="-51.1562790">
    <ele>881.5</ele>
   </trkpt>
   <trkpt lat="-26.2604630" lon="-51.1562600">
    <ele>881.5</ele>
   </trkpt>
   <trkpt lat="-26.2604320" lon="-51.1562400">
    <ele>881.6</ele>
   </trkpt>
   <trkpt lat="-26.2603920" lon="-51.1562150">
    <ele>881.6</ele>
   </trkpt>
   <trkpt lat="-26.2603550" lon="-51.1561940">
    <ele>881.6</ele>
   </trkpt>
   <trkpt lat="-26.2603160" lon="-51.1561750">
    <ele>881.6</ele>
   </trkpt>
   <trkpt lat="-26.2602800" lon="-51.1561510">
    <ele>881.6</ele>
   </trkpt>
   <trkpt lat="-26.2602460" lon="-51.1561270">
    <ele>881.6</ele>
   </trkpt>
   <trkpt lat="-26.2602130" lon="-51.1561080">
    <ele>881.6</ele>
   </trkpt>
   <trkpt lat="-26.2601760" lon="-51.1560820">
    <ele>881.6</ele>
   </trkpt>
   <trkpt lat="-26.2601420" lon="-51.1560540">
    <ele>881.7</ele>
   </trkpt>
   <trkpt lat="-26.2601040" lon="-51.1560260">
    <ele>881.7</ele>
   </trkpt>
   <trkpt lat="-26.2600660" lon="-51.1559980">
    <ele>881.7</ele>
   </trkpt>
   <trkpt lat="-26.2600300" lon="-51.1559700">
    <ele>881.8</ele>
   </trkpt>
   <trkpt lat="-26.2599950" lon="-51.1559460">
    <ele>881.8</ele>
   </trkpt>
   <trkpt lat="-26.2599590" lon="-51.1559240">
    <ele>881.8</ele>
   </trkpt>
   <trkpt lat="-26.2599250" lon="-51.1559000">
    <ele>881.8</ele>
   </trkpt>
   <trkpt lat="-26.2598930" lon="-51.1558700">
    <ele>881.8</ele>
   </trkpt>
   <trkpt lat="-26.2598610" lon="-51.1558380">
    <ele>881.9</ele>
   </trkpt>
   <trkpt lat="-26.2598310" lon="-51.1558010">
    <ele>881.9</ele>
   </trkpt>
   <trkpt lat="-26.2598040" lon="-51.1557590">
    <ele>882.0</ele>
   </trkpt>
   <trkpt lat="-26.2597810" lon="-51.1557190">
    <ele>882.0</ele>
   </trkpt>
   <trkpt lat="-26.2597640" lon="-51.1556750">
    <ele>882.1</ele>
   </trkpt>
   <trkpt lat="-26.2597480" lon="-51.1556300">
    <ele>882.2</ele>
   </trkpt>
   <trkpt lat="-26.2597380" lon="-51.1555900">
    <ele>882.2</ele>
   </trkpt>
   <trkpt lat="-26.2597300" lon="-51.1555400">
    <ele>882.4</ele>
   </trkpt>
   <trkpt lat="-26.2597210" lon="-51.1555000">
    <ele>882.5</ele>
   </trkpt>
   <trkpt lat="-26.2597080" lon="-51.1554570">
    <ele>882.6</ele>
   </trkpt>
   <trkpt lat="-26.2596990" lon="-51.1554110">
    <ele>882.8</ele>
   </trkpt>
   <trkpt lat="-26.2596810" lon="-51.1553630">
    <ele>883.0</ele>
   </trkpt>
   <trkpt lat="-26.2596560" lon="-51.1553210">
    <ele>883.2</ele>
   </trkpt>
   <trkpt lat="-26.2596320" lon="-51.1552810">
    <ele>883.5</ele>
   </trkpt>
   <trkpt lat="-26.2596140" lon="-51.1552580">
    <ele>883.6</ele>
   </trkpt>
   <trkpt lat="-26.2595900" lon="-51.1552160">
    <ele>883.8</ele>
   </trkpt>
   <trkpt lat="-26.2595610" lon="-51.1551730">
    <ele>884.1</ele>
   </trkpt>
   <trkpt lat="-26.2595430" lon="-51.1551350">
    <ele>884.2</ele>
   </trkpt>
   <trkpt lat="-26.2595200" lon="-51.1550940">
    <ele>884.4</ele>
   </trkpt>
   <trkpt lat="-26.2595040" lon="-51.1550680">
    <ele>884.4</ele>
   </trkpt>
   <trkpt lat="-26.2594770" lon="-51.1550410">
    <ele>884.5</ele>
   </trkpt>
   <trkpt lat="-26.2594520" lon="-51.1550030">
    <ele>884.5</ele>
   </trkpt>
   <trkpt lat="-26.2594380" lon="-51.1549730">
    <ele>884.5</ele>
   </trkpt>
   <trkpt lat="-26.2594220" lon="-51.1549290">
    <ele>884.4</ele>
   </trkpt>
   <trkpt lat="-26.2594100" lon="-51.1548860">
    <ele>884.3</ele>
   </trkpt>
   <trkpt lat="-26.2593880" lon="-51.1548360">
    <ele>884.0</ele>
   </trkpt>
   <trkpt lat="-26.2593800" lon="-51.1547870">
    <ele>883.8</ele>
   </trkpt>
   <trkpt lat="-26.2593790" lon="-51.1547280">
    <ele>883.6</ele>
   </trkpt>
   <trkpt lat="-26.2593930" lon="-51.1546790">
    <ele>883.3</ele>
   </trkpt>
   <trkpt lat="-26.2594090" lon="-51.1546210">
    <ele>883.1</ele>
   </trkpt>
   <trkpt lat="-26.2594360" lon="-51.1545720">
    <ele>882.9</ele>
   </trkpt>
   <trkpt lat="-26.2594790" lon="-51.1545280">
    <ele>882.7</ele>
   </trkpt>
   <trkpt lat="-26.2595090" lon="-51.1544810">
    <ele>882.5</ele>
   </trkpt>
   <trkpt lat="-26.2595550" lon="-51.1544450">
    <ele>882.3</ele>
   </trkpt>
   <trkpt lat="-26.2595970" lon="-51.1544040">
    <ele>882.1</ele>
   </trkpt>
   <trkpt lat="-26.2596440" lon="-51.1543720">
    <ele>882.0</ele>
   </trkpt>
   <trkpt lat="-26.2596860" lon="-51.1543430">
    <ele>881.9</ele>
   </trkpt>
   <trkpt lat="-26.2597320" lon="-51.1543160">
    <ele>881.9</ele>
   </trkpt>
   <trkpt lat="-26.2597780" lon="-51.1542860">
    <ele>881.9</ele>
   </trkpt>
   <trkpt lat="-26.2598230" lon="-51.1542580">
    <ele>882.0</ele>
   </trkpt>
   <trkpt lat="-26.2598720" lon="-51.1542310">
    <ele>882.1</ele>
   </trkpt>
   <trkpt lat="-26.2599170" lon="-51.1542100">
    <ele>882.3</ele>
   </trkpt>
   <trkpt lat="-26.2599610" lon="-51.1541880">
    <ele>882.5</ele>
   </trkpt>
   <trkpt lat="-26.2600040" lon="-51.1541610">
    <ele>882.7</ele>
   </trkpt>
   <trkpt lat="-26.2600480" lon="-51.1541410">
    <ele>883.0</ele>
   </trkpt>
   <trkpt lat="-26.2600870" lon="-51.1541190">
    <ele>883.3</ele>
   </trkpt>
   <trkpt lat="-26.2601310" lon="-51.1540990">
    <ele>883.7</ele>
   </trkpt>
   <trkpt lat="-26.2601710" lon="-51.1540790">
    <ele>884.1</ele>
   </trkpt>
   <trkpt lat="-26.2602090" lon="-51.1540580">
    <ele>884.5</ele>
   </trkpt>
   <trkpt lat="-26.2602480" lon="-51.1540450">
    <ele>885.0</ele>
   </trkpt>
   <trkpt lat="-26.2602810" lon="-51.1540310">
    <ele>885.3</ele>
   </trkpt>
   <trkpt lat="-26.2603180" lon="-51.1540150">
    <ele>885.7</ele>
   </trkpt>
   <trkpt lat="-26.2603500" lon="-51.1540000">
    <ele>886.1</ele>
   </trkpt>
   <trkpt lat="-26.2603800" lon="-51.1539830">
    <ele>886.4</ele>
   </trkpt>
   <trkpt lat="-26.2604180" lon="-51.1539600">
    <ele>886.8</ele>
   </trkpt>
   <trkpt lat="-26.2604520" lon="-51.1539390">
    <ele>887.1</ele>
   </trkpt>
   <trkpt lat="-26.2604860" lon="-51.1539180">
    <ele>887.4</ele>
   </trkpt>
   <trkpt lat="-26.2605180" lon="-51.1538940">
    <ele>887.6</ele>
   </trkpt>
   <trkpt lat="-26.2605440" lon="-51.1538640">
    <ele>887.7</ele>
   </trkpt>
   <trkpt lat="-26.2605680" lon="-51.1538360">
    <ele>887.7</ele>
   </trkpt>
   <trkpt lat="-26.2605900" lon="-51.1538040">
    <ele>887.7</ele>
   </trkpt>
   <trkpt lat="-26.2606060" lon="-51.1537700">
    <ele>887.7</ele>
   </trkpt>
   <trkpt lat="-26.2606270" lon="-51.1537340">
    <ele>887.6</ele>
   </trkpt>
   <trkpt lat="-26.2606400" lon="-51.1536890">
    <ele>887.5</ele>
   </trkpt>
   <trkpt lat="-26.2606440" lon="-51.1536360">
    <ele>887.3</ele>
   </trkpt>
   <trkpt lat="-26.2606450" lon="-51.1535790">
    <ele>887.0</ele>
   </trkpt>
   <trkpt lat="-26.2606530" lon="-51.1535280">
    <ele>886.8</ele>
   </trkpt>
   <trkpt lat="-26.2606550" lon="-51.1534610">
    <ele>886.5</ele>
   </trkpt>
   <trkpt lat="-26.2606610" lon="-51.1533980">
    <ele>886.2</ele>
   </trkpt>
   <trkpt lat="-26.2606760" lon="-51.1533440">
    <ele>886.1</ele>
   </trkpt>
   <trkpt lat="-26.2607070" lon="-51.1532810">
    <ele>885.9</ele>
   </trkpt>
   <trkpt lat="-26.2607350" lon="-51.1532280">
    <ele>885.7</ele>
   </trkpt>
   <trkpt lat="-26.2607630" lon="-51.1531810">
    <ele>885.5</ele>
   </trkpt>
   <trkpt lat="-26.2607930" lon="-51.1531300">
    <ele>885.3</ele>
   </trkpt>
   <trkpt lat="-26.2608280" lon="-51.1530780">
    <ele>885.0</ele>
   </trkpt>
   <trkpt lat="-26.2608490" lon="-51.1530210">
    <ele>884.7</ele>
   </trkpt>
   <trkpt lat="-26.2608730" lon="-51.1529540">
    <ele>884.4</ele>
   </trkpt>
   <trkpt lat="-26.2608960" lon="-51.1528860">
    <ele>884.1</ele>
   </trkpt>
   <trkpt lat="-26.2609220" lon="-51.1528140">
    <ele>883.9</ele>
   </trkpt>
   <trkpt lat="-26.2609470" lon="-51.1527450">
    <ele>883.7</ele>
   </trkpt>
   <trkpt lat="-26.2609700" lon="-51.1526830">
    <ele>883.6</ele>
   </trkpt>
   <trkpt lat="-26.2609870" lon="-51.1526180">
    <ele>883.6</ele>
   </trkpt>
   <trkpt lat="-26.2610030" lon="-51.1525480">
    <ele>883.6</ele>
   </trkpt>
   <trkpt lat="-26.2610170" lon="-51.1524990">
    <ele>883.6</ele>
   </trkpt>
   <trkpt lat="-26.2610280" lon="-51.1524410">
    <ele>883.6</ele>
   </trkpt>
   <trkpt lat="-26.2610410" lon="-51.1523830">
    <ele>883.6</ele>
   </trkpt>
   <trkpt lat="-26.2610560" lon="-51.1523290">
    <ele>883.6</ele>
   </trkpt>
   <trkpt lat="-26.2610630" lon="-51.1522760">
    <ele>883.6</ele>
   </trkpt>
   <trkpt lat="-26.2610650" lon="-51.1522240">
    <ele>883.5</ele>
   </trkpt>
   <trkpt lat="-26.2610640" lon="-51.1521750">
    <ele>883.3</ele>
   </trkpt>
   <trkpt lat="-26.2610640" lon="-51.1521150">
    <ele>883.0</ele>
   </trkpt>
   <trkpt lat="-26.2610610" lon="-51.1520440">
    <ele>882.6</ele>
   </trkpt>
   <trkpt lat="-26.2610550" lon="-51.1519670">
    <ele>882.2</ele>
   </trkpt>
   <trkpt lat="-26.2610510" lon="-51.1518870">
    <ele>881.8</ele>
   </trkpt>
   <trkpt lat="-26.2610460" lon="-51.1518100">
    <ele>881.4</ele>
   </trkpt>
   <trkpt lat="-26.2610430" lon="-51.1517310">
    <ele>881.2</ele>
   </trkpt>
   <trkpt lat="-26.2610440" lon="-51.1516570">
    <ele>881.2</ele>
   </trkpt>
   <trkpt lat="-26.2610540" lon="-51.1515850">
    <ele>881.2</ele>
   </trkpt>
   <trkpt lat="-26.2610640" lon="-51.1515170">
    <ele>881.2</ele>
   </trkpt>
   <trkpt lat="-26.2610750" lon="-51.1514500">
    <ele>881.2</ele>
   </trkpt>
   <trkpt lat="-26.2610770" lon="-51.1513880">
    <ele>881.2</ele>
   </trkpt>
   <trkpt lat="-26.2610810" lon="-51.1513230">
    <ele>881.1</ele>
   </trkpt>
   <trkpt lat="-26.2610810" lon="-51.1512600">
    <ele>881.1</ele>
   </trkpt>
   <trkpt lat="-26.2610810" lon="-51.1512050">
    <ele>881.0</ele>
   </trkpt>
   <trkpt lat="-26.2610790" lon="-51.1511550">
    <ele>881.0</ele>
   </trkpt>
   <trkpt lat="-26.2610750" lon="-51.1511090">
    <ele>881.0</ele>
   </trkpt>
   <trkpt lat="-26.2610690" lon="-51.1510720">
    <ele>881.0</ele>
   </trkpt>
   <trkpt lat="-26.2610640" lon="-51.1510320">
    <ele>881.0</ele>
   </trkpt>
   <trkpt lat="-26.2610610" lon="-51.1509850">
    <ele>881.1</ele>
   </trkpt>
   <trkpt lat="-26.2610580" lon="-51.1509380">
    <ele>881.1</ele>
   </trkpt>
   <trkpt lat="-26.2610540" lon="-51.1508930">
    <ele>881.1</ele>
   </trkpt>
   <trkpt lat="-26.2610450" lon="-51.1508510">
    <ele>881.1</ele>
   </trkpt>
   <trkpt lat="-26.2610370" lon="-51.1508110">
    <ele>881.1</ele>
   </trkpt>
   <trkpt lat="-26.2610420" lon="-51.1507600">
    <ele>881.2</ele>
   </trkpt>
   <trkpt lat="-26.2610430" lon="-51.1507050">
    <ele>881.2</ele>
   </trkpt>
   <trkpt lat="-26.2610270" lon="-51.1506600">
    <ele>881.1</ele>
   </trkpt>
   <trkpt lat="-26.2610170" lon="-51.1506250">
    <ele>881.1</ele>
   </trkpt>
   <trkpt lat="-26.2610170" lon="-51.1505660">
    <ele>881.1</ele>
   </trkpt>
   <trkpt lat="-26.2610170" lon="-51.1505090">
    <ele>881.0</ele>
   </trkpt>
   <trkpt lat="-26.2610260" lon="-51.1504610">
    <ele>881.0</ele>
   </trkpt>
   <trkpt lat="-26.2610310" lon="-51.1504120">
    <ele>880.9</ele>
   </trkpt>
   <trkpt lat="-26.2610300" lon="-51.1503740">
    <ele>880.8</ele>
   </trkpt>
   <trkpt lat="-26.2610380" lon="-51.1503290">
    <ele>880.7</ele>
   </trkpt>
   <trkpt lat="-26.2610460" lon="-51.1502810">
    <ele>880.6</ele>
   </trkpt>
   <trkpt lat="-26.2610670" lon="-51.1502430">
    <ele>880.5</ele>
   </trkpt>
   <trkpt lat="-26.2610950" lon="-51.1501910">
    <ele>880.3</ele>
   </trkpt>
   <trkpt lat="-26.2611200" lon="-51.1501560">
    <ele>880.2</ele>
   </trkpt>
   <trkpt lat="-26.2611580" lon="-51.1501150">
    <ele>879.9</ele>
   </trkpt>
   <trkpt lat="-26.2611990" lon="-51.1500720">
    <ele>879.6</ele>
   </trkpt>
   <trkpt lat="-26.2612330" lon="-51.1500340">
    <ele>879.3</ele>
   </trkpt>
   <trkpt lat="-26.2612800" lon="-51.1499940">
    <ele>878.8</ele>
   </trkpt>
   <trkpt lat="-26.2613340" lon="-51.1499480">
    <ele>878.3</ele>
   </trkpt>
   <trkpt lat="-26.2613900" lon="-51.1498940">
    <ele>877.7</ele>
   </trkpt>
   <trkpt lat="-26.2614360" lon="-51.1498370">
    <ele>877.2</ele>
   </trkpt>
   <trkpt lat="-26.2614700" lon="-51.1497680">
    <ele>876.7</ele>
   </trkpt>
   <trkpt lat="-26.2615210" lon="-51.1497180">
    <ele>876.2</ele>
   </trkpt>
   <trkpt lat="-26.2615780" lon="-51.1496540">
    <ele>875.6</ele>
   </trkpt>
   <trkpt lat="-26.2616340" lon="-51.1495950">
    <ele>875.1</ele>
   </trkpt>
   <trkpt lat="-26.2617000" lon="-51.1495410">
    <ele>874.6</ele>
   </trkpt>
   <trkpt lat="-26.2617680" lon="-51.1494970">
    <ele>874.1</ele>
   </trkpt>
   <trkpt lat="-26.2618490" lon="-51.1494470">
    <ele>873.5</ele>
   </trkpt>
   <trkpt lat="-26.2619330" lon="-51.1494240">
    <ele>872.9</ele>
   </trkpt>
   <trkpt lat="-26.2620200" lon="-51.1494060">
    <ele>872.2</ele>
   </trkpt>
   <trkpt lat="-26.2621050" lon="-51.1493990">
    <ele>871.5</ele>
   </trkpt>
   <trkpt lat="-26.2621900" lon="-51.1493930">
    <ele>870.7</ele>
   </trkpt>
   <trkpt lat="-26.2622820" lon="-51.1494000">
    <ele>869.8</ele>
   </trkpt>
   <trkpt lat="-26.2623670" lon="-51.1494040">
    <ele>868.9</ele>
   </trkpt>
   <trkpt lat="-26.2624460" lon="-51.1494000">
    <ele>868.1</ele>
   </trkpt>
   <trkpt lat="-26.2625280" lon="-51.1493740">
    <ele>867.1</ele>
   </trkpt>
   <trkpt lat="-26.2626000" lon="-51.1493230">
    <ele>866.0</ele>
   </trkpt>
   <trkpt lat="-26.2626490" lon="-51.1492420">
    <ele>864.9</ele>
   </trkpt>
   <trkpt lat="-26.2626830" lon="-51.1491470">
    <ele>863.7</ele>
   </trkpt>
   <trkpt lat="-26.2627110" lon="-51.1490470">
    <ele>862.6</ele>
   </trkpt>
   <trkpt lat="-26.2627270" lon="-51.1489470">
    <ele>861.5</ele>
   </trkpt>
   <trkpt lat="-26.2627430" lon="-51.1488370">
    <ele>860.5</ele>
   </trkpt>
   <trkpt lat="-26.2627660" lon="-51.1487300">
    <ele>859.5</ele>
   </trkpt>
   <trkpt lat="-26.2627770" lon="-51.1486180">
    <ele>858.7</ele>
   </trkpt>
   <trkpt lat="-26.2627820" lon="-51.1485030">
    <ele>857.9</ele>
   </trkpt>
   <trkpt lat="-26.2627840" lon="-51.1483850">
    <ele>857.1</ele>
   </trkpt>
   <trkpt lat="-26.2627780" lon="-51.1482720">
    <ele>856.4</ele>
   </trkpt>
   <trkpt lat="-26.2627710" lon="-51.1481600">
    <ele>855.8</ele>
   </trkpt>
   <trkpt lat="-26.2627540" lon="-51.1480610">
    <ele>855.2</ele>
   </trkpt>
   <trkpt lat="-26.2627330" lon="-51.1479640">
    <ele>854.7</ele>
   </trkpt>
   <trkpt lat="-26.2627180" lon="-51.1478600">
    <ele>854.2</ele>
   </trkpt>
   <trkpt lat="-26.2626960" lon="-51.1477650">
    <ele>853.6</ele>
   </trkpt>
   <trkpt lat="-26.2626780" lon="-51.1476800">
    <ele>853.1</ele>
   </trkpt>
   <trkpt lat="-26.2626510" lon="-51.1475870">
    <ele>852.5</ele>
   </trkpt>
   <trkpt lat="-26.2626140" lon="-51.1475060">
    <ele>851.9</ele>
   </trkpt>
   <trkpt lat="-26.2625760" lon="-51.1474130">
    <ele>851.3</ele>
   </trkpt>
   <trkpt lat="-26.2625310" lon="-51.1473260">
    <ele>850.7</ele>
   </trkpt>
   <trkpt lat="-26.2624920" lon="-51.1472280">
    <ele>850.1</ele>
   </trkpt>
   <trkpt lat="-26.2624690" lon="-51.1471350">
    <ele>849.7</ele>
   </trkpt>
   <trkpt lat="-26.2624360" lon="-51.1470260">
    <ele>849.2</ele>
   </trkpt>
   <trkpt lat="-26.2624220" lon="-51.1469310">
    <ele>848.8</ele>
   </trkpt>
   <trkpt lat="-26.2624260" lon="-51.1468310">
    <ele>848.4</ele>
   </trkpt>
   <trkpt lat="-26.2624440" lon="-51.1467410">
    <ele>848.2</ele>
   </trkpt>
   <trkpt lat="-26.2624750" lon="-51.1466560">
    <ele>848.0</ele>
   </trkpt>
   <trkpt lat="-26.2625240" lon="-51.1465820">
    <ele>847.8</ele>
   </trkpt>
   <trkpt lat="-26.2625850" lon="-51.1465160">
    <ele>847.6</ele>
   </trkpt>
   <trkpt lat="-26.2626490" lon="-51.1464580">
    <ele>847.4</ele>
   </trkpt>
   <trkpt lat="-26.2627100" lon="-51.1464080">
    <ele>847.2</ele>
   </trkpt>
   <trkpt lat="-26.2627790" lon="-51.1463620">
    <ele>846.9</ele>
   </trkpt>
   <trkpt lat="-26.2628440" lon="-51.1463190">
    <ele>846.6</ele>
   </trkpt>
   <trkpt lat="-26.2629020" lon="-51.1462730">
    <ele>846.3</ele>
   </trkpt>
   <trkpt lat="-26.2629610" lon="-51.1462320">
    <ele>846.0</ele>
   </trkpt>
   <trkpt lat="-26.2630190" lon="-51.1461840">
    <ele>845.6</ele>
   </trkpt>
   <trkpt lat="-26.2630880" lon="-51.1461460">
    <ele>845.2</ele>
   </trkpt>
   <trkpt lat="-26.2631420" lon="-51.1460980">
    <ele>844.5</ele>
   </trkpt>
   <trkpt lat="-26.2631900" lon="-51.1460290">
    <ele>843.7</ele>
   </trkpt>
   <trkpt lat="-26.2632190" lon="-51.1459390">
    <ele>842.8</ele>
   </trkpt>
   <trkpt lat="-26.2632280" lon="-51.1458500">
    <ele>841.9</ele>
   </trkpt>
   <trkpt lat="-26.2632260" lon="-51.1457640">
    <ele>841.1</ele>
   </trkpt>
   <trkpt lat="-26.2632050" lon="-51.1456720">
    <ele>840.4</ele>
   </trkpt>
   <trkpt lat="-26.2631750" lon="-51.1455710">
    <ele>839.8</ele>
   </trkpt>
   <trkpt lat="-26.2631390" lon="-51.1454800">
    <ele>839.5</ele>
   </trkpt>
   <trkpt lat="-26.2631010" lon="-51.1453860">
    <ele>839.4</ele>
   </trkpt>
   <trkpt lat="-26.2630750" lon="-51.1452990">
    <ele>839.5</ele>
   </trkpt>
   <trkpt lat="-26.2630450" lon="-51.1452240">
    <ele>839.7</ele>
   </trkpt>
   <trkpt lat="-26.2630090" lon="-51.1451570">
    <ele>840.1</ele>
   </trkpt>
   <trkpt lat="-26.2629770" lon="-51.1450990">
    <ele>840.4</ele>
   </trkpt>
   <trkpt lat="-26.2629470" lon="-51.1450470">
    <ele>840.7</ele>
   </trkpt>
   <trkpt lat="-26.2629210" lon="-51.1449940">
    <ele>841.1</ele>
   </trkpt>
   <trkpt lat="-26.2628880" lon="-51.1449440">
    <ele>841.5</ele>
   </trkpt>
   <trkpt lat="-26.2628650" lon="-51.1448790">
    <ele>841.9</ele>
   </trkpt>
   <trkpt lat="-26.2628480" lon="-51.1448190">
    <ele>842.4</ele>
   </trkpt>
   <trkpt lat="-26.2628320" lon="-51.1447660">
    <ele>842.8</ele>
   </trkpt>
   <trkpt lat="-26.2628160" lon="-51.1447140">
    <ele>843.2</ele>
   </trkpt>
   <trkpt lat="-26.2627970" lon="-51.1446650">
    <ele>843.6</ele>
   </trkpt>
   <trkpt lat="-26.2627820" lon="-51.1446190">
    <ele>844.0</ele>
   </trkpt>
   <trkpt lat="-26.2627730" lon="-51.1445740">
    <ele>844.3</ele>
   </trkpt>
   <trkpt lat="-26.2627610" lon="-51.1445270">
    <ele>844.6</ele>
   </trkpt>
   <trkpt lat="-26.2627530" lon="-51.1444830">
    <ele>844.9</ele>
   </trkpt>
   <trkpt lat="-26.2627410" lon="-51.1444320">
    <ele>845.2</ele>
   </trkpt>
   <trkpt lat="-26.2627330" lon="-51.1443890">
    <ele>845.5</ele>
   </trkpt>
   <trkpt lat="-26.2627280" lon="-51.1443430">
    <ele>845.7</ele>
   </trkpt>
   <trkpt lat="-26.2627220" lon="-51.1443010">
    <ele>846.0</ele>
   </trkpt>
   <trkpt lat="-26.2627170" lon="-51.1442590">
    <ele>846.2</ele>
   </trkpt>
   <trkpt lat="-26.2627090" lon="-51.1442130">
    <ele>846.4</ele>
   </trkpt>
   <trkpt lat="-26.2627030" lon="-51.1441690">
    <ele>846.7</ele>
   </trkpt>
   <trkpt lat="-26.2626960" lon="-51.1441270">
    <ele>846.9</ele>
   </trkpt>
   <trkpt lat="-26.2626820" lon="-51.1440810">
    <ele>847.1</ele>
   </trkpt>
   <trkpt lat="-26.2626710" lon="-51.1440420">
    <ele>847.3</ele>
   </trkpt>
   <trkpt lat="-26.2626640" lon="-51.1439980">
    <ele>847.6</ele>
   </trkpt>
   <trkpt lat="-26.2626560" lon="-51.1439550">
    <ele>847.8</ele>
   </trkpt>
   <trkpt lat="-26.2626470" lon="-51.1439120">
    <ele>848.0</ele>
   </trkpt>
   <trkpt lat="-26.2626410" lon="-51.1438730">
    <ele>848.3</ele>
   </trkpt>
   <trkpt lat="-26.2626320" lon="-51.1438340">
    <ele>848.5</ele>
   </trkpt>
   <trkpt lat="-26.2626220" lon="-51.1437950">
    <ele>848.7</ele>
   </trkpt>
   <trkpt lat="-26.2626190" lon="-51.1437530">
    <ele>849.0</ele>
   </trkpt>
   <trkpt lat="-26.2626110" lon="-51.1437120">
    <ele>849.2</ele>
   </trkpt>
   <trkpt lat="-26.2626020" lon="-51.1436740">
    <ele>849.5</ele>
   </trkpt>
   <trkpt lat="-26.2625980" lon="-51.1436360">
    <ele>849.7</ele>
   </trkpt>
   <trkpt lat="-26.2625910" lon="-51.1435980">
    <ele>849.9</ele>
   </trkpt>
   <trkpt lat="-26.2625850" lon="-51.1435600">
    <ele>850.2</ele>
   </trkpt>
   <trkpt lat="-26.2625760" lon="-51.1435250">
    <ele>850.4</ele>
   </trkpt>
   <trkpt lat="-26.2625700" lon="-51.1434950">
    <ele>850.6</ele>
   </trkpt>
   <trkpt lat="-26.2625630" lon="-51.1434590">
    <ele>850.9</ele>
   </trkpt>
   <trkpt lat="-26.2625560" lon="-51.1434180">
    <ele>851.2</ele>
   </trkpt>
   <trkpt lat="-26.2625460" lon="-51.1433870">
    <ele>851.4</ele>
   </trkpt>
   <trkpt lat="-26.2625330" lon="-51.1433570">
    <ele>851.7</ele>
   </trkpt>
   <trkpt lat="-26.2625310" lon="-51.1433220">
    <ele>851.9</ele>
   </trkpt>
   <trkpt lat="-26.2625260" lon="-51.1432870">
    <ele>852.2</ele>
   </trkpt>
   <trkpt lat="-26.2625170" lon="-51.1432550">
    <ele>852.5</ele>
   </trkpt>
   <trkpt lat="-26.2625080" lon="-51.1432220">
    <ele>852.8</ele>
   </trkpt>
   <trkpt lat="-26.2624990" lon="-51.1431920">
    <ele>853.0</ele>
   </trkpt>
   <trkpt lat="-26.2624920" lon="-51.1431600">
    <ele>853.3</ele>
   </trkpt>
   <trkpt lat="-26.2624780" lon="-51.1431180">
    <ele>853.8</ele>
   </trkpt>
   <trkpt lat="-26.2624740" lon="-51.1431030">
    <ele>853.9</ele>
   </trkpt>
   <trkpt lat="-26.2624620" lon="-51.1430600">
    <ele>854.4</ele>
   </trkpt>
   <trkpt lat="-26.2624590" lon="-51.1430460">
    <ele>854.6</ele>
   </trkpt>
   <trkpt lat="-26.2624470" lon="-51.1430060">
    <ele>855.0</ele>
   </trkpt>
   <trkpt lat="-26.2624420" lon="-51.1429920">
    <ele>855.2</ele>
   </trkpt>
   <trkpt lat="-26.2624330" lon="-51.1429520">
    <ele>855.7</ele>
   </trkpt>
   <trkpt lat="-26.2624310" lon="-51.1429390">
    <ele>855.9</ele>
   </trkpt>
   <trkpt lat="-26.2624160" lon="-51.1429050">
    <ele>856.3</ele>
   </trkpt>
   <trkpt lat="-26.2624160" lon="-51.1428900">
    <ele>856.5</ele>
   </trkpt>
   <trkpt lat="-26.2624110" lon="-51.1428480">
    <ele>857.0</ele>
   </trkpt>
   <trkpt lat="-26.2624060" lon="-51.1428350">
    <ele>857.2</ele>
   </trkpt>
   <trkpt lat="-26.2623990" lon="-51.1427960">
    <ele>857.8</ele>
   </trkpt>
   <trkpt lat="-26.2623980" lon="-51.1427810">
    <ele>858.0</ele>
   </trkpt>
   <trkpt lat="-26.2623860" lon="-51.1427420">
    <ele>858.5</ele>
   </trkpt>
   <trkpt lat="-26.2623810" lon="-51.1427310">
    <ele>858.7</ele>
   </trkpt>
   <trkpt lat="-26.2623730" lon="-51.1426940">
    <ele>859.2</ele>
   </trkpt>
   <trkpt lat="-26.2623690" lon="-51.1426820">
    <ele>859.3</ele>
   </trkpt>
   <trkpt lat="-26.2623650" lon="-51.1426490">
    <ele>859.8</ele>
   </trkpt>
   <trkpt lat="-26.2623600" lon="-51.1426100">
    <ele>860.3</ele>
   </trkpt>
   <trkpt lat="-26.2623570" lon="-51.1425950">
    <ele>860.5</ele>
   </trkpt>
   <trkpt lat="-26.2623450" lon="-51.1425640">
    <ele>861.0</ele>
   </trkpt>
   <trkpt lat="-26.2623440" lon="-51.1425520">
    <ele>861.2</ele>
   </trkpt>
   <trkpt lat="-26.2623480" lon="-51.1425190">
    <ele>861.6</ele>
   </trkpt>
   <trkpt lat="-26.2623400" lon="-51.1424760">
    <ele>862.2</ele>
   </trkpt>
   <trkpt lat="-26.2623400" lon="-51.1424620">
    <ele>862.3</ele>
   </trkpt>
   <trkpt lat="-26.2623290" lon="-51.1424250">
    <ele>862.8</ele>
   </trkpt>
   <trkpt lat="-26.2623240" lon="-51.1424120">
    <ele>863.0</ele>
   </trkpt>
   <trkpt lat="-26.2623240" lon="-51.1423780">
    <ele>863.4</ele>
   </trkpt>
   <trkpt lat="-26.2623060" lon="-51.1423400">
    <ele>863.8</ele>
   </trkpt>
   <trkpt lat="-26.2623050" lon="-51.1423250">
    <ele>864.0</ele>
   </trkpt>
   <trkpt lat="-26.2623010" lon="-51.1422820">
    <ele>864.4</ele>
   </trkpt>
   <trkpt lat="-26.2623030" lon="-51.1422680">
    <ele>864.5</ele>
   </trkpt>
   <trkpt lat="-26.2622910" lon="-51.1422370">
    <ele>864.7</ele>
   </trkpt>
   <trkpt lat="-26.2622900" lon="-51.1422240">
    <ele>864.8</ele>
   </trkpt>
   <trkpt lat="-26.2622860" lon="-51.1421930">
    <ele>865.0</ele>
   </trkpt>
   <trkpt lat="-26.2622810" lon="-51.1421600">
    <ele>865.1</ele>
   </trkpt>
   <trkpt lat="-26.2622800" lon="-51.1421460">
    <ele>865.1</ele>
   </trkpt>
   <trkpt lat="-26.2622800" lon="-51.1421050">
    <ele>865.2</ele>
   </trkpt>
   <trkpt lat="-26.2622780" lon="-51.1420940">
    <ele>865.2</ele>
   </trkpt>
   <trkpt lat="-26.2622640" lon="-51.1420550">
    <ele>865.1</ele>
   </trkpt>
   <trkpt lat="-26.2622600" lon="-51.1420420">
    <ele>865.0</ele>
   </trkpt>
   <trkpt lat="-26.2622540" lon="-51.1420100">
    <ele>864.9</ele>
   </trkpt>
   <trkpt lat="-26.2622500" lon="-51.1419660">
    <ele>864.7</ele>
   </trkpt>
   <trkpt lat="-26.2622450" lon="-51.1419240">
    <ele>864.4</ele>
   </trkpt>
   <trkpt lat="-26.2622390" lon="-51.1418750">
    <ele>864.0</ele>
   </trkpt>
   <trkpt lat="-26.2622340" lon="-51.1418240">
    <ele>863.5</ele>
   </trkpt>
   <trkpt lat="-26.2622230" lon="-51.1417720">
    <ele>862.9</ele>
   </trkpt>
   <trkpt lat="-26.2622170" lon="-51.1417180">
    <ele>862.4</ele>
   </trkpt>
   <trkpt lat="-26.2622170" lon="-51.1416660">
    <ele>861.9</ele>
   </trkpt>
   <trkpt lat="-26.2622110" lon="-51.1416260">
    <ele>861.5</ele>
   </trkpt>
   <trkpt lat="-26.2622100" lon="-51.1415790">
    <ele>861.0</ele>
   </trkpt>
   <trkpt lat="-26.2621990" lon="-51.1415320">
    <ele>860.6</ele>
   </trkpt>
   <trkpt lat="-26.2621930" lon="-51.1414820">
    <ele>860.1</ele>
   </trkpt>
   <trkpt lat="-26.2621840" lon="-51.1414200">
    <ele>859.6</ele>
   </trkpt>
   <trkpt lat="-26.2621690" lon="-51.1413530">
    <ele>859.0</ele>
   </trkpt>
   <trkpt lat="-26.2621580" lon="-51.1412920">
    <ele>858.6</ele>
   </trkpt>
   <trkpt lat="-26.2621560" lon="-51.1412220">
    <ele>858.2</ele>
   </trkpt>
   <trkpt lat="-26.2621450" lon="-51.1411580">
    <ele>857.8</ele>
   </trkpt>
   <trkpt lat="-26.2621410" lon="-51.1410830">
    <ele>857.4</ele>
   </trkpt>
   <trkpt lat="-26.2621410" lon="-51.1410140">
    <ele>857.0</ele>
   </trkpt>
   <trkpt lat="-26.2621580" lon="-51.1409480">
    <ele>856.6</ele>
   </trkpt>
   <trkpt lat="-26.2621880" lon="-51.1408800">
    <ele>856.2</ele>
   </trkpt>
   <trkpt lat="-26.2622290" lon="-51.1408180">
    <ele>855.9</ele>
   </trkpt>
   <trkpt lat="-26.2622710" lon="-51.1407610">
    <ele>855.4</ele>
   </trkpt>
   <trkpt lat="-26.2623260" lon="-51.1407260">
    <ele>855.0</ele>
   </trkpt>
   <trkpt lat="-26.2623840" lon="-51.1406820">
    <ele>854.5</ele>
   </trkpt>
   <trkpt lat="-26.2624310" lon="-51.1406400">
    <ele>854.0</ele>
   </trkpt>
   <trkpt lat="-26.2624730" lon="-51.1405860">
    <ele>853.5</ele>
   </trkpt>
   <trkpt lat="-26.2625100" lon="-51.1405230">
    <ele>853.0</ele>
   </trkpt>
   <trkpt lat="-26.2625480" lon="-51.1404600">
    <ele>852.5</ele>
   </trkpt>
   <trkpt lat="-26.2625810" lon="-51.1403900">
    <ele>852.0</ele>
   </trkpt>
   <trkpt lat="-26.2626020" lon="-51.1403170">
    <ele>851.6</ele>
   </trkpt>
   <trkpt lat="-26.2626100" lon="-51.1402370">
    <ele>851.2</ele>
   </trkpt>
   <trkpt lat="-26.2625950" lon="-51.1401640">
    <ele>850.8</ele>
   </trkpt>
   <trkpt lat="-26.2625560" lon="-51.1400990">
    <ele>850.4</ele>
   </trkpt>
   <trkpt lat="-26.2625260" lon="-51.1400390">
    <ele>850.1</ele>
   </trkpt>
   <trkpt lat="-26.2624720" lon="-51.1399920">
    <ele>849.7</ele>
   </trkpt>
   <trkpt lat="-26.2624230" lon="-51.1399460">
    <ele>849.4</ele>
   </trkpt>
   <trkpt lat="-26.2623760" lon="-51.1399070">
    <ele>849.1</ele>
   </trkpt>
   <trkpt lat="-26.2623280" lon="-51.1398630">
    <ele>848.8</ele>
   </trkpt>
   <trkpt lat="-26.2622720" lon="-51.1398350">
    <ele>848.6</ele>
   </trkpt>
   <trkpt lat="-26.2622160" lon="-51.1398130">
    <ele>848.3</ele>
   </trkpt>
   <trkpt lat="-26.2621640" lon="-51.1397940">
    <ele>848.1</ele>
   </trkpt>
   <trkpt lat="-26.2621130" lon="-51.1397730">
    <ele>847.8</ele>
   </trkpt>
   <trkpt lat="-26.2620590" lon="-51.1397550">
    <ele>847.3</ele>
   </trkpt>
   <trkpt lat="-26.2620050" lon="-51.1397410">
    <ele>846.8</ele>
   </trkpt>
   <trkpt lat="-26.2619560" lon="-51.1397180">
    <ele>846.2</ele>
   </trkpt>
   <trkpt lat="-26.2619050" lon="-51.1396960">
    <ele>845.6</ele>
   </trkpt>
   <trkpt lat="-26.2618430" lon="-51.1396770">
    <ele>844.6</ele>
   </trkpt>
   <trkpt lat="-26.2617700" lon="-51.1396460">
    <ele>843.4</ele>
   </trkpt>
   <trkpt lat="-26.2616980" lon="-51.1396130">
    <ele>842.3</ele>
   </trkpt>
   <trkpt lat="-26.2616190" lon="-51.1395790">
    <ele>841.1</ele>
   </trkpt>
   <trkpt lat="-26.2615460" lon="-51.1395360">
    <ele>840.1</ele>
   </trkpt>
   <trkpt lat="-26.2614660" lon="-51.1394840">
    <ele>839.0</ele>
   </trkpt>
   <trkpt lat="-26.2613910" lon="-51.1394370">
    <ele>838.0</ele>
   </trkpt>
   <trkpt lat="-26.2613150" lon="-51.1393770">
    <ele>837.1</ele>
   </trkpt>
   <trkpt lat="-26.2612390" lon="-51.1393160">
    <ele>836.2</ele>
   </trkpt>
   <trkpt lat="-26.2611800" lon="-51.1392330">
    <ele>835.5</ele>
   </trkpt>
   <trkpt lat="-26.2611220" lon="-51.1391510">
    <ele>834.9</ele>
   </trkpt>
   <trkpt lat="-26.2610670" lon="-51.1390670">
    <ele>834.3</ele>
   </trkpt>
   <trkpt lat="-26.2610180" lon="-51.1389870">
    <ele>833.9</ele>
   </trkpt>
   <trkpt lat="-26.2609700" lon="-51.1389030">
    <ele>833.6</ele>
   </trkpt>
   <trkpt lat="-26.2609290" lon="-51.1388150">
    <ele>833.3</ele>
   </trkpt>
   <trkpt lat="-26.2609000" lon="-51.1387230">
    <ele>833.0</ele>
   </trkpt>
   <trkpt lat="-26.2608630" lon="-51.1386420">
    <ele>832.8</ele>
   </trkpt>
   <trkpt lat="-26.2608380" lon="-51.1385590">
    <ele>832.6</ele>
   </trkpt>
   <trkpt lat="-26.2608030" lon="-51.1384870">
    <ele>832.4</ele>
   </trkpt>
   <trkpt lat="-26.2607790" lon="-51.1384040">
    <ele>832.3</ele>
   </trkpt>
   <trkpt lat="-26.2607680" lon="-51.1383180">
    <ele>832.0</ele>
   </trkpt>
   <trkpt lat="-26.2607480" lon="-51.1382400">
    <ele>831.7</ele>
   </trkpt>
   <trkpt lat="-26.2607240" lon="-51.1381750">
    <ele>831.4</ele>
   </trkpt>
   <trkpt lat="-26.2607020" lon="-51.1381030">
    <ele>831.0</ele>
   </trkpt>
   <trkpt lat="-26.2606680" lon="-51.1380320">
    <ele>830.6</ele>
   </trkpt>
   <trkpt lat="-26.2606120" lon="-51.1379680">
    <ele>830.2</ele>
   </trkpt>
   <trkpt lat="-26.2605460" lon="-51.1379330">
    <ele>829.8</ele>
   </trkpt>
   <trkpt lat="-26.2604790" lon="-51.1379300">
    <ele>829.3</ele>
   </trkpt>
   <trkpt lat="-26.2604230" lon="-51.1379240">
    <ele>828.9</ele>
   </trkpt>
   <trkpt lat="-26.2603480" lon="-51.1378970">
    <ele>828.4</ele>
   </trkpt>
   <trkpt lat="-26.2602810" lon="-51.1378710">
    <ele>827.9</ele>
   </trkpt>
   <trkpt lat="-26.2602220" lon="-51.1378270">
    <ele>827.5</ele>
   </trkpt>
   <trkpt lat="-26.2601560" lon="-51.1377790">
    <ele>827.2</ele>
   </trkpt>
   <trkpt lat="-26.2600960" lon="-51.1377240">
    <ele>826.9</ele>
   </trkpt>
   <trkpt lat="-26.2600390" lon="-51.1376620">
    <ele>826.6</ele>
   </trkpt>
   <trkpt lat="-26.2599850" lon="-51.1376040">
    <ele>826.5</ele>
   </trkpt>
   <trkpt lat="-26.2599350" lon="-51.1375450">
    <ele>826.4</ele>
   </trkpt>
   <trkpt lat="-26.2598890" lon="-51.1374830">
    <ele>826.3</ele>
   </trkpt>
   <trkpt lat="-26.2598500" lon="-51.1374210">
    <ele>826.2</ele>
   </trkpt>
   <trkpt lat="-26.2598060" lon="-51.1373590">
    <ele>826.1</ele>
   </trkpt>
   <trkpt lat="-26.2597610" lon="-51.1373030">
    <ele>826.0</ele>
   </trkpt>
   <trkpt lat="-26.2597170" lon="-51.1372540">
    <ele>825.8</ele>
   </trkpt>
   <trkpt lat="-26.2596770" lon="-51.1372040">
    <ele>825.7</ele>
   </trkpt>
   <trkpt lat="-26.2596380" lon="-51.1371480">
    <ele>825.5</ele>
   </trkpt>
   <trkpt lat="-26.2595980" lon="-51.1370920">
    <ele>825.3</ele>
   </trkpt>
   <trkpt lat="-26.2595560" lon="-51.1370450">
    <ele>825.1</ele>
   </trkpt>
   <trkpt lat="-26.2595170" lon="-51.1369960">
    <ele>824.9</ele>
   </trkpt>
   <trkpt lat="-26.2594770" lon="-51.1369450">
    <ele>824.5</ele>
   </trkpt>
   <trkpt lat="-26.2594330" lon="-51.1368910">
    <ele>824.1</ele>
   </trkpt>
   <trkpt lat="-26.2593920" lon="-51.1368460">
    <ele>823.6</ele>
   </trkpt>
   <trkpt lat="-26.2593540" lon="-51.1367900">
    <ele>823.0</ele>
   </trkpt>
   <trkpt lat="-26.2593120" lon="-51.1367320">
    <ele>822.4</ele>
   </trkpt>
   <trkpt lat="-26.2592740" lon="-51.1366730">
    <ele>821.7</ele>
   </trkpt>
   <trkpt lat="-26.2592440" lon="-51.1366000">
    <ele>820.9</ele>
   </trkpt>
   <trkpt lat="-26.2592150" lon="-51.1365280">
    <ele>820.2</ele>
   </trkpt>
   <trkpt lat="-26.2591890" lon="-51.1364470">
    <ele>819.5</ele>
   </trkpt>
   <trkpt lat="-26.2591700" lon="-51.1363590">
    <ele>818.8</ele>
   </trkpt>
   <trkpt lat="-26.2591520" lon="-51.1362700">
    <ele>818.2</ele>
   </trkpt>
   <trkpt lat="-26.2591330" lon="-51.1361770">
    <ele>817.5</ele>
   </trkpt>
   <trkpt lat="-26.2591210" lon="-51.1360790">
    <ele>816.8</ele>
   </trkpt>
   <trkpt lat="-26.2591290" lon="-51.1359770">
    <ele>816.2</ele>
   </trkpt>
   <trkpt lat="-26.2591400" lon="-51.1358840">
    <ele>815.6</ele>
   </trkpt>
   <trkpt lat="-26.2591580" lon="-51.1357790">
    <ele>815.1</ele>
   </trkpt>
   <trkpt lat="-26.2591760" lon="-51.1356770">
    <ele>814.7</ele>
   </trkpt>
   <trkpt lat="-26.2591810" lon="-51.1355730">
    <ele>814.3</ele>
   </trkpt>
   <trkpt lat="-26.2591950" lon="-51.1354700">
    <ele>814.0</ele>
   </trkpt>
   <trkpt lat="-26.2591970" lon="-51.1353630">
    <ele>813.6</ele>
   </trkpt>
   <trkpt lat="-26.2591790" lon="-51.1352580">
    <ele>813.3</ele>
   </trkpt>
   <trkpt lat="-26.2591430" lon="-51.1351620">
    <ele>813.1</ele>
   </trkpt>
   <trkpt lat="-26.2590880" lon="-51.1350760">
    <ele>812.8</ele>
   </trkpt>
   <trkpt lat="-26.2590390" lon="-51.1349810">
    <ele>812.4</ele>
   </trkpt>
   <trkpt lat="-26.2589750" lon="-51.1348900">
    <ele>812.0</ele>
   </trkpt>
   <trkpt lat="-26.2589120" lon="-51.1348000">
    <ele>811.7</ele>
   </trkpt>
   <trkpt lat="-26.2588610" lon="-51.1347060">
    <ele>811.3</ele>
   </trkpt>
   <trkpt lat="-26.2588290" lon="-51.1346080">
    <ele>811.0</ele>
   </trkpt>
   <trkpt lat="-26.2588250" lon="-51.1344890">
    <ele>810.7</ele>
   </trkpt>
   <trkpt lat="-26.2588310" lon="-51.1343720">
    <ele>810.3</ele>
   </trkpt>
   <trkpt lat="-26.2588610" lon="-51.1342670">
    <ele>810.0</ele>
   </trkpt>
   <trkpt lat="-26.2589170" lon="-51.1341750">
    <ele>809.5</ele>
   </trkpt>
   <trkpt lat="-26.2589990" lon="-51.1341000">
    <ele>809.0</ele>
   </trkpt>
   <trkpt lat="-26.2590880" lon="-51.1340540">
    <ele>808.4</ele>
   </trkpt>
   <trkpt lat="-26.2591970" lon="-51.1340160">
    <ele>807.8</ele>
   </trkpt>
   <trkpt lat="-26.2592860" lon="-51.1339540">
    <ele>807.2</ele>
   </trkpt>
   <trkpt lat="-26.2593480" lon="-51.1338560">
    <ele>806.8</ele>
   </trkpt>
   <trkpt lat="-26.2593880" lon="-51.1337520">
    <ele>806.5</ele>
   </trkpt>
   <trkpt lat="-26.2594070" lon="-51.1336440">
    <ele>806.2</ele>
   </trkpt>
   <trkpt lat="-26.2594150" lon="-51.1335400">
    <ele>805.8</ele>
   </trkpt>
   <trkpt lat="-26.2594160" lon="-51.1334310">
    <ele>805.4</ele>
   </trkpt>
   <trkpt lat="-26.2594090" lon="-51.1333190">
    <ele>804.9</ele>
   </trkpt>
   <trkpt lat="-26.2593960" lon="-51.1332070">
    <ele>804.4</ele>
   </trkpt>
   <trkpt lat="-26.2593580" lon="-51.1331010">
    <ele>803.8</ele>
   </trkpt>
   <trkpt lat="-26.2593270" lon="-51.1330010">
    <ele>803.3</ele>
   </trkpt>
   <trkpt lat="-26.2592740" lon="-51.1329110">
    <ele>802.7</ele>
   </trkpt>
   <trkpt lat="-26.2591920" lon="-51.1328580">
    <ele>801.7</ele>
   </trkpt>
   <trkpt lat="-26.2591040" lon="-51.1328200">
    <ele>800.6</ele>
   </trkpt>
   <trkpt lat="-26.2590180" lon="-51.1327840">
    <ele>799.4</ele>
   </trkpt>
   <trkpt lat="-26.2589370" lon="-51.1327320">
    <ele>798.2</ele>
   </trkpt>
   <trkpt lat="-26.2588580" lon="-51.1326630">
    <ele>797.2</ele>
   </trkpt>
   <trkpt lat="-26.2587830" lon="-51.1325830">
    <ele>796.3</ele>
   </trkpt>
   <trkpt lat="-26.2587060" lon="-51.1324960">
    <ele>795.5</ele>
   </trkpt>
   <trkpt lat="-26.2586290" lon="-51.1324160">
    <ele>794.8</ele>
   </trkpt>
   <trkpt lat="-26.2585480" lon="-51.1323380">
    <ele>794.1</ele>
   </trkpt>
   <trkpt lat="-26.2584620" lon="-51.1322650">
    <ele>793.3</ele>
   </trkpt>
   <trkpt lat="-26.2583750" lon="-51.1321900">
    <ele>792.4</ele>
   </trkpt>
   <trkpt lat="-26.2582890" lon="-51.1321110">
    <ele>791.6</ele>
   </trkpt>
   <trkpt lat="-26.2582110" lon="-51.1320350">
    <ele>790.7</ele>
   </trkpt>
   <trkpt lat="-26.2581340" lon="-51.1319200">
    <ele>789.8</ele>
   </trkpt>
   <trkpt lat="-26.2580670" lon="-51.1318170">
    <ele>789.1</ele>
   </trkpt>
   <trkpt lat="-26.2580140" lon="-51.1317020">
    <ele>788.3</ele>
   </trkpt>
   <trkpt lat="-26.2579680" lon="-51.1315810">
    <ele>787.5</ele>
   </trkpt>
   <trkpt lat="-26.2579280" lon="-51.1314550">
    <ele>786.5</ele>
   </trkpt>
   <trkpt lat="-26.2578750" lon="-51.1313370">
    <ele>785.6</ele>
   </trkpt>
   <trkpt lat="-26.2578300" lon="-51.1312150">
    <ele>784.5</ele>
   </trkpt>
   <trkpt lat="-26.2577890" lon="-51.1310950">
    <ele>783.5</ele>
   </trkpt>
   <trkpt lat="-26.2577600" lon="-51.1309790">
    <ele>782.6</ele>
   </trkpt>
   <trkpt lat="-26.2577430" lon="-51.1308600">
    <ele>781.8</ele>
   </trkpt>
   <trkpt lat="-26.2577500" lon="-51.1307350">
    <ele>780.9</ele>
   </trkpt>
   <trkpt lat="-26.2577600" lon="-51.1306040">
    <ele>780.0</ele>
   </trkpt>
   <trkpt lat="-26.2577750" lon="-51.1304850">
    <ele>779.0</ele>
   </trkpt>
   <trkpt lat="-26.2578020" lon="-51.1303690">
    <ele>777.9</ele>
   </trkpt>
   <trkpt lat="-26.2578520" lon="-51.1302540">
    <ele>776.6</ele>
   </trkpt>
   <trkpt lat="-26.2579050" lon="-51.1301400">
    <ele>775.3</ele>
   </trkpt>
   <trkpt lat="-26.2579690" lon="-51.1300250">
    <ele>773.9</ele>
   </trkpt>
   <trkpt lat="-26.2580360" lon="-51.1299110">
    <ele>772.8</ele>
   </trkpt>
   <trkpt lat="-26.2581120" lon="-51.1298110">
    <ele>772.0</ele>
   </trkpt>
   <trkpt lat="-26.2581990" lon="-51.1297170">
    <ele>771.3</ele>
   </trkpt>
   <trkpt lat="-26.2582930" lon="-51.1296340">
    <ele>770.8</ele>
   </trkpt>
   <trkpt lat="-26.2583870" lon="-51.1295590">
    <ele>770.5</ele>
   </trkpt>
   <trkpt lat="-26.2584790" lon="-51.1294800">
    <ele>770.2</ele>
   </trkpt>
   <trkpt lat="-26.2585550" lon="-51.1294030">
    <ele>769.6</ele>
   </trkpt>
   <trkpt lat="-26.2586120" lon="-51.1293270">
    <ele>769.0</ele>
   </trkpt>
   <trkpt lat="-26.2586390" lon="-51.1292520">
    <ele>768.2</ele>
   </trkpt>
   <trkpt lat="-26.2586300" lon="-51.1291760">
    <ele>767.4</ele>
   </trkpt>
   <trkpt lat="-26.2585790" lon="-51.1291270">
    <ele>766.6</ele>
   </trkpt>
   <trkpt lat="-26.2585040" lon="-51.1291080">
    <ele>765.6</ele>
   </trkpt>
   <trkpt lat="-26.2584220" lon="-51.1291260">
    <ele>764.6</ele>
   </trkpt>
   <trkpt lat="-26.2583430" lon="-51.1291520">
    <ele>763.7</ele>
   </trkpt>
   <trkpt lat="-26.2582640" lon="-51.1291920">
    <ele>762.9</ele>
   </trkpt>
   <trkpt lat="-26.2581830" lon="-51.1292410">
    <ele>762.1</ele>
   </trkpt>
   <trkpt lat="-26.2580950" lon="-51.1292830">
    <ele>761.2</ele>
   </trkpt>
   <trkpt lat="-26.2580030" lon="-51.1293210">
    <ele>760.3</ele>
   </trkpt>
   <trkpt lat="-26.2579170" lon="-51.1293470">
    <ele>759.4</ele>
   </trkpt>
   <trkpt lat="-26.2578190" lon="-51.1293820">
    <ele>758.3</ele>
   </trkpt>
   <trkpt lat="-26.2577190" lon="-51.1294020">
    <ele>757.3</ele>
   </trkpt>
   <trkpt lat="-26.2576110" lon="-51.1293870">
    <ele>756.3</ele>
   </trkpt>
   <trkpt lat="-26.2575070" lon="-51.1293380">
    <ele>755.5</ele>
   </trkpt>
   <trkpt lat="-26.2574190" lon="-51.1292670">
    <ele>754.8</ele>
   </trkpt>
   <trkpt lat="-26.2573340" lon="-51.1291850">
    <ele>754.2</ele>
   </trkpt>
   <trkpt lat="-26.2572590" lon="-51.1291050">
    <ele>753.8</ele>
   </trkpt>
   <trkpt lat="-26.2571850" lon="-51.1290360">
    <ele>753.6</ele>
   </trkpt>
   <trkpt lat="-26.2571110" lon="-51.1289520">
    <ele>753.4</ele>
   </trkpt>
   <trkpt lat="-26.2570340" lon="-51.1288800">
    <ele>753.3</ele>
   </trkpt>
   <trkpt lat="-26.2569620" lon="-51.1288080">
    <ele>753.2</ele>
   </trkpt>
   <trkpt lat="-26.2568960" lon="-51.1287320">
    <ele>753.0</ele>
   </trkpt>
   <trkpt lat="-26.2568330" lon="-51.1286570">
    <ele>752.9</ele>
   </trkpt>
   <trkpt lat="-26.2567860" lon="-51.1285700">
    <ele>752.7</ele>
   </trkpt>
   <trkpt lat="-26.2567450" lon="-51.1284840">
    <ele>752.5</ele>
   </trkpt>
   <trkpt lat="-26.2567010" lon="-51.1283980">
    <ele>752.3</ele>
   </trkpt>
   <trkpt lat="-26.2566550" lon="-51.1283110">
    <ele>752.2</ele>
   </trkpt>
   <trkpt lat="-26.2566130" lon="-51.1282300">
    <ele>752.1</ele>
   </trkpt>
   <trkpt lat="-26.2565710" lon="-51.1281520">
    <ele>752.1</ele>
   </trkpt>
   <trkpt lat="-26.2565310" lon="-51.1280800">
    <ele>752.2</ele>
   </trkpt>
   <trkpt lat="-26.2564960" lon="-51.1280010">
    <ele>752.3</ele>
   </trkpt>
   <trkpt lat="-26.2564590" lon="-51.1279320">
    <ele>752.4</ele>
   </trkpt>
   <trkpt lat="-26.2564230" lon="-51.1278670">
    <ele>752.4</ele>
   </trkpt>
   <trkpt lat="-26.2563940" lon="-51.1277860">
    <ele>752.4</ele>
   </trkpt>
   <trkpt lat="-26.2563690" lon="-51.1277150">
    <ele>752.4</ele>
   </trkpt>
   <trkpt lat="-26.2563400" lon="-51.1276540">
    <ele>752.5</ele>
   </trkpt>
   <trkpt lat="-26.2563130" lon="-51.1275920">
    <ele>752.5</ele>
   </trkpt>
   <trkpt lat="-26.2562890" lon="-51.1275270">
    <ele>752.6</ele>
   </trkpt>
   <trkpt lat="-26.2562640" lon="-51.1274650">
    <ele>752.7</ele>
   </trkpt>
   <trkpt lat="-26.2562360" lon="-51.1273990">
    <ele>752.8</ele>
   </trkpt>
   <trkpt lat="-26.2562160" lon="-51.1273390">
    <ele>753.0</ele>
   </trkpt>
   <trkpt lat="-26.2561920" lon="-51.1272890">
    <ele>753.1</ele>
   </trkpt>
   <trkpt lat="-26.2561680" lon="-51.1272340">
    <ele>753.3</ele>
   </trkpt>
   <trkpt lat="-26.2561410" lon="-51.1271850">
    <ele>753.4</ele>
   </trkpt>
   <trkpt lat="-26.2561090" lon="-51.1271340">
    <ele>753.7</ele>
   </trkpt>
   <trkpt lat="-26.2560830" lon="-51.1270870">
    <ele>753.9</ele>
   </trkpt>
   <trkpt lat="-26.2560570" lon="-51.1270390">
    <ele>754.1</ele>
   </trkpt>
   <trkpt lat="-26.2560290" lon="-51.1269860">
    <ele>754.4</ele>
   </trkpt>
   <trkpt lat="-26.2560110" lon="-51.1269350">
    <ele>754.7</ele>
   </trkpt>
   <trkpt lat="-26.2559840" lon="-51.1268920">
    <ele>755.0</ele>
   </trkpt>
   <trkpt lat="-26.2559550" lon="-51.1268460">
    <ele>755.3</ele>
   </trkpt>
   <trkpt lat="-26.2559320" lon="-51.1268050">
    <ele>755.6</ele>
   </trkpt>
   <trkpt lat="-26.2559140" lon="-51.1267700">
    <ele>755.9</ele>
   </trkpt>
   <trkpt lat="-26.2558860" lon="-51.1267240">
    <ele>756.3</ele>
   </trkpt>
   <trkpt lat="-26.2558610" lon="-51.1266840">
    <ele>756.6</ele>
   </trkpt>
   <trkpt lat="-26.2558360" lon="-51.1266440">
    <ele>756.9</ele>
   </trkpt>
   <trkpt lat="-26.2558120" lon="-51.1266140">
    <ele>757.2</ele>
   </trkpt>
   <trkpt lat="-26.2557870" lon="-51.1265750">
    <ele>757.5</ele>
   </trkpt>
   <trkpt lat="-26.2557600" lon="-51.1265470">
    <ele>757.7</ele>
   </trkpt>
   <trkpt lat="-26.2557300" lon="-51.1265170">
    <ele>758.0</ele>
   </trkpt>
   <trkpt lat="-26.2557000" lon="-51.1264890">
    <ele>758.2</ele>
   </trkpt>
   <trkpt lat="-26.2556690" lon="-51.1264610">
    <ele>758.3</ele>
   </trkpt>
   <trkpt lat="-26.2556340" lon="-51.1264350">
    <ele>758.5</ele>
   </trkpt>
   <trkpt lat="-26.2556010" lon="-51.1264130">
    <ele>758.7</ele>
   </trkpt>
   <trkpt lat="-26.2555630" lon="-51.1263950">
    <ele>758.8</ele>
   </trkpt>
   <trkpt lat="-26.2555250" lon="-51.1263840">
    <ele>758.9</ele>
   </trkpt>
   <trkpt lat="-26.2554830" lon="-51.1263740">
    <ele>759.0</ele>
   </trkpt>
   <trkpt lat="-26.2554430" lon="-51.1263700">
    <ele>759.1</ele>
   </trkpt>
   <trkpt lat="-26.2554010" lon="-51.1263700">
    <ele>759.2</ele>
   </trkpt>
   <trkpt lat="-26.2553630" lon="-51.1263680">
    <ele>759.3</ele>
   </trkpt>
   <trkpt lat="-26.2553250" lon="-51.1263670">
    <ele>759.5</ele>
   </trkpt>
   <trkpt lat="-26.2552830" lon="-51.1263660">
    <ele>759.6</ele>
   </trkpt>
   <trkpt lat="-26.2552500" lon="-51.1263760">
    <ele>759.7</ele>
   </trkpt>
   <trkpt lat="-26.2552100" lon="-51.1263750">
    <ele>759.9</ele>
   </trkpt>
   <trkpt lat="-26.2551670" lon="-51.1263740">
    <ele>760.1</ele>
   </trkpt>
   <trkpt lat="-26.2551310" lon="-51.1263770">
    <ele>760.2</ele>
   </trkpt>
   <trkpt lat="-26.2550920" lon="-51.1263830">
    <ele>760.4</ele>
   </trkpt>
   <trkpt lat="-26.2550570" lon="-51.1263890">
    <ele>760.6</ele>
   </trkpt>
   <trkpt lat="-26.2550200" lon="-51.1263910">
    <ele>760.8</ele>
   </trkpt>
   <trkpt lat="-26.2549830" lon="-51.1263900">
    <ele>761.0</ele>
   </trkpt>
   <trkpt lat="-26.2549470" lon="-51.1263880">
    <ele>761.1</ele>
   </trkpt>
   <trkpt lat="-26.2549100" lon="-51.1263900">
    <ele>761.3</ele>
   </trkpt>
   <trkpt lat="-26.2548760" lon="-51.1263830">
    <ele>761.6</ele>
   </trkpt>
   <trkpt lat="-26.2548410" lon="-51.1263800">
    <ele>761.8</ele>
   </trkpt>
   <trkpt lat="-26.2548060" lon="-51.1263730">
    <ele>762.0</ele>
   </trkpt>
   <trkpt lat="-26.2547750" lon="-51.1263630">
    <ele>762.2</ele>
   </trkpt>
   <trkpt lat="-26.2547430" lon="-51.1263520">
    <ele>762.5</ele>
   </trkpt>
   <trkpt lat="-26.2547080" lon="-51.1263420">
    <ele>762.8</ele>
   </trkpt>
   <trkpt lat="-26.2546770" lon="-51.1263350">
    <ele>763.1</ele>
   </trkpt>
   <trkpt lat="-26.2546450" lon="-51.1263260">
    <ele>763.4</ele>
   </trkpt>
   <trkpt lat="-26.2546170" lon="-51.1263200">
    <ele>763.6</ele>
   </trkpt>
   <trkpt lat="-26.2545860" lon="-51.1263050">
    <ele>763.9</ele>
   </trkpt>
   <trkpt lat="-26.2545610" lon="-51.1262890">
    <ele>764.2</ele>
   </trkpt>
   <trkpt lat="-26.2545350" lon="-51.1262780">
    <ele>764.5</ele>
   </trkpt>
   <trkpt lat="-26.2545080" lon="-51.1262680">
    <ele>764.7</ele>
   </trkpt>
   <trkpt lat="-26.2544820" lon="-51.1262530">
    <ele>765.0</ele>
   </trkpt>
   <trkpt lat="-26.2544500" lon="-51.1262440">
    <ele>765.3</ele>
   </trkpt>
   <trkpt lat="-26.2544220" lon="-51.1262270">
    <ele>765.6</ele>
   </trkpt>
   <trkpt lat="-26.2544000" lon="-51.1262080">
    <ele>765.8</ele>
   </trkpt>
   <trkpt lat="-26.2543730" lon="-51.1261980">
    <ele>766.0</ele>
   </trkpt>
   <trkpt lat="-26.2543470" lon="-51.1261850">
    <ele>766.3</ele>
   </trkpt>
   <trkpt lat="-26.2543110" lon="-51.1261650">
    <ele>766.6</ele>
   </trkpt>
   <trkpt lat="-26.2542970" lon="-51.1261560">
    <ele>766.8</ele>
   </trkpt>
   <trkpt lat="-26.2542630" lon="-51.1261330">
    <ele>767.1</ele>
   </trkpt>
   <trkpt lat="-26.2542470" lon="-51.1261230">
    <ele>767.2</ele>
   </trkpt>
   <trkpt lat="-26.2542190" lon="-51.1261080">
    <ele>767.5</ele>
   </trkpt>
   <trkpt lat="-26.2541950" lon="-51.1260920">
    <ele>767.7</ele>
   </trkpt>
   <trkpt lat="-26.2541670" lon="-51.1260740">
    <ele>768.0</ele>
   </trkpt>
   <trkpt lat="-26.2541420" lon="-51.1260610">
    <ele>768.2</ele>
   </trkpt>
   <trkpt lat="-26.2541090" lon="-51.1260330">
    <ele>768.4</ele>
   </trkpt>
   <trkpt lat="-26.2540950" lon="-51.1260240">
    <ele>768.5</ele>
   </trkpt>
   <trkpt lat="-26.2540660" lon="-51.1260130">
    <ele>768.7</ele>
   </trkpt>
   <trkpt lat="-26.2540390" lon="-51.1259980">
    <ele>768.8</ele>
   </trkpt>
   <trkpt lat="-26.2540100" lon="-51.1259790">
    <ele>769.0</ele>
   </trkpt>
   <trkpt lat="-26.2539830" lon="-51.1259630">
    <ele>769.1</ele>
   </trkpt>
   <trkpt lat="-26.2539560" lon="-51.1259460">
    <ele>769.2</ele>
   </trkpt>
   <trkpt lat="-26.2539280" lon="-51.1259290">
    <ele>769.3</ele>
   </trkpt>
   <trkpt lat="-26.2539010" lon="-51.1259100">
    <ele>769.5</ele>
   </trkpt>
   <trkpt lat="-26.2538750" lon="-51.1258890">
    <ele>769.6</ele>
   </trkpt>
   <trkpt lat="-26.2538480" lon="-51.1258660">
    <ele>769.6</ele>
   </trkpt>
   <trkpt lat="-26.2538200" lon="-51.1258390">
    <ele>769.7</ele>
   </trkpt>
   <trkpt lat="-26.2537950" lon="-51.1258120">
    <ele>769.8</ele>
   </trkpt>
   <trkpt lat="-26.2537710" lon="-51.1257850">
    <ele>769.8</ele>
   </trkpt>
   <trkpt lat="-26.2537430" lon="-51.1257540">
    <ele>769.8</ele>
   </trkpt>
   <trkpt lat="-26.2537180" lon="-51.1257250">
    <ele>769.8</ele>
   </trkpt>
   <trkpt lat="-26.2536970" lon="-51.1256920">
    <ele>769.9</ele>
   </trkpt>
   <trkpt lat="-26.2536850" lon="-51.1256520">
    <ele>769.9</ele>
   </trkpt>
   <trkpt lat="-26.2536740" lon="-51.1256080">
    <ele>769.9</ele>
   </trkpt>
   <trkpt lat="-26.2536640" lon="-51.1255670">
    <ele>769.9</ele>
   </trkpt>
   <trkpt lat="-26.2536450" lon="-51.1255260">
    <ele>770.0</ele>
   </trkpt>
   <trkpt lat="-26.2536270" lon="-51.1254880">
    <ele>770.0</ele>
   </trkpt>
   <trkpt lat="-26.2536130" lon="-51.1254450">
    <ele>770.0</ele>
   </trkpt>
   <trkpt lat="-26.2536000" lon="-51.1254010">
    <ele>770.1</ele>
   </trkpt>
   <trkpt lat="-26.2535840" lon="-51.1253600">
    <ele>770.1</ele>
   </trkpt>
   <trkpt lat="-26.2535750" lon="-51.1253160">
    <ele>770.1</ele>
   </trkpt>
   <trkpt lat="-26.2535570" lon="-51.1252650">
    <ele>770.2</ele>
   </trkpt>
   <trkpt lat="-26.2535450" lon="-51.1252240">
    <ele>770.3</ele>
   </trkpt>
   <trkpt lat="-26.2535340" lon="-51.1251780">
    <ele>770.4</ele>
   </trkpt>
   <trkpt lat="-26.2535260" lon="-51.1251330">
    <ele>770.5</ele>
   </trkpt>
   <trkpt lat="-26.2535120" lon="-51.1250940">
    <ele>770.6</ele>
   </trkpt>
   <trkpt lat="-26.2534990" lon="-51.1250460">
    <ele>770.7</ele>
   </trkpt>
   <trkpt lat="-26.2534870" lon="-51.1250010">
    <ele>770.9</ele>
   </trkpt>
   <trkpt lat="-26.2534690" lon="-51.1249600">
    <ele>771.0</ele>
   </trkpt>
   <trkpt lat="-26.2534600" lon="-51.1249170">
    <ele>771.2</ele>
   </trkpt>
   <trkpt lat="-26.2534490" lon="-51.1248740">
    <ele>771.4</ele>
   </trkpt>
   <trkpt lat="-26.2534370" lon="-51.1248360">
    <ele>771.6</ele>
   </trkpt>
   <trkpt lat="-26.2534240" lon="-51.1247940">
    <ele>771.8</ele>
   </trkpt>
   <trkpt lat="-26.2534140" lon="-51.1247540">
    <ele>771.9</ele>
   </trkpt>
   <trkpt lat="-26.2534000" lon="-51.1247140">
    <ele>772.1</ele>
   </trkpt>
   <trkpt lat="-26.2533890" lon="-51.1246720">
    <ele>772.4</ele>
   </trkpt>
   <trkpt lat="-26.2533790" lon="-51.1246330">
    <ele>772.6</ele>
   </trkpt>
   <trkpt lat="-26.2533690" lon="-51.1245930">
    <ele>772.8</ele>
   </trkpt>
   <trkpt lat="-26.2533570" lon="-51.1245530">
    <ele>773.0</ele>
   </trkpt>
   <trkpt lat="-26.2533450" lon="-51.1245150">
    <ele>773.2</ele>
   </trkpt>
   <trkpt lat="-26.2533350" lon="-51.1244770">
    <ele>773.5</ele>
   </trkpt>
   <trkpt lat="-26.2533300" lon="-51.1244350">
    <ele>773.7</ele>
   </trkpt>
   <trkpt lat="-26.2533190" lon="-51.1243980">
    <ele>773.9</ele>
   </trkpt>
   <trkpt lat="-26.2533060" lon="-51.1243610">
    <ele>774.2</ele>
   </trkpt>
   <trkpt lat="-26.2532960" lon="-51.1243220">
    <ele>774.4</ele>
   </trkpt>
   <trkpt lat="-26.2532790" lon="-51.1242890">
    <ele>774.6</ele>
   </trkpt>
   <trkpt lat="-26.2532670" lon="-51.1242510">
    <ele>774.9</ele>
   </trkpt>
   <trkpt lat="-26.2532560" lon="-51.1242170">
    <ele>775.1</ele>
   </trkpt>
   <trkpt lat="-26.2532480" lon="-51.1241750">
    <ele>775.4</ele>
   </trkpt>
   <trkpt lat="-26.2532350" lon="-51.1241360">
    <ele>775.6</ele>
   </trkpt>
   <trkpt lat="-26.2532200" lon="-51.1240980">
    <ele>775.9</ele>
   </trkpt>
   <trkpt lat="-26.2532090" lon="-51.1240590">
    <ele>776.1</ele>
   </trkpt>
   <trkpt lat="-26.2531900" lon="-51.1240170">
    <ele>776.4</ele>
   </trkpt>
   <trkpt lat="-26.2531800" lon="-51.1239870">
    <ele>776.6</ele>
   </trkpt>
   <trkpt lat="-26.2531570" lon="-51.1239550">
    <ele>776.9</ele>
   </trkpt>
   <trkpt lat="-26.2531340" lon="-51.1239160">
    <ele>777.2</ele>
   </trkpt>
   <trkpt lat="-26.2531250" lon="-51.1239000">
    <ele>777.4</ele>
   </trkpt>
   <trkpt lat="-26.2531090" lon="-51.1238730">
    <ele>777.6</ele>
   </trkpt>
   <trkpt lat="-26.2530910" lon="-51.1238440">
    <ele>777.7</ele>
   </trkpt>
   <trkpt lat="-26.2530630" lon="-51.1238160">
    <ele>777.8</ele>
   </trkpt>
   <trkpt lat="-26.2530540" lon="-51.1238070">
    <ele>777.9</ele>
   </trkpt>
   <trkpt lat="-26.2530380" lon="-51.1237740">
    <ele>777.9</ele>
   </trkpt>
   <trkpt lat="-26.2530320" lon="-51.1237620">
    <ele>778.0</ele>
   </trkpt>
   <trkpt lat="-26.2530030" lon="-51.1237390">
    <ele>778.1</ele>
   </trkpt>
   <trkpt lat="-26.2529790" lon="-51.1237240">
    <ele>778.1</ele>
   </trkpt>
   <trkpt lat="-26.2529480" lon="-51.1237040">
    <ele>778.2</ele>
   </trkpt>
   <trkpt lat="-26.2529410" lon="-51.1236930">
    <ele>778.2</ele>
   </trkpt>
   <trkpt lat="-26.2529050" lon="-51.1236470">
    <ele>778.4</ele>
   </trkpt>
   <trkpt lat="-26.2528790" lon="-51.1235990">
    <ele>778.5</ele>
   </trkpt>
   <trkpt lat="-26.2528540" lon="-51.1235580">
    <ele>778.7</ele>
   </trkpt>
   <trkpt lat="-26.2528290" lon="-51.1235170">
    <ele>778.8</ele>
   </trkpt>
   <trkpt lat="-26.2528080" lon="-51.1234820">
    <ele>779.0</ele>
   </trkpt>
   <trkpt lat="-26.2527870" lon="-51.1234370">
    <ele>779.2</ele>
   </trkpt>
   <trkpt lat="-26.2527670" lon="-51.1234030">
    <ele>779.5</ele>
   </trkpt>
   <trkpt lat="-26.2527420" lon="-51.1233710">
    <ele>779.7</ele>
   </trkpt>
   <trkpt lat="-26.2527140" lon="-51.1233420">
    <ele>780.0</ele>
   </trkpt>
   <trkpt lat="-26.2526900" lon="-51.1233110">
    <ele>780.2</ele>
   </trkpt>
   <trkpt lat="-26.2526700" lon="-51.1232720">
    <ele>780.5</ele>
   </trkpt>
   <trkpt lat="-26.2526470" lon="-51.1232390">
    <ele>780.8</ele>
   </trkpt>
   <trkpt lat="-26.2526210" lon="-51.1232120">
    <ele>781.0</ele>
   </trkpt>
   <trkpt lat="-26.2526010" lon="-51.1231760">
    <ele>781.3</ele>
   </trkpt>
   <trkpt lat="-26.2525740" lon="-51.1231570">
    <ele>781.6</ele>
   </trkpt>
   <trkpt lat="-26.2525470" lon="-51.1231330">
    <ele>781.8</ele>
   </trkpt>
   <trkpt lat="-26.2525250" lon="-51.1231000">
    <ele>782.2</ele>
   </trkpt>
   <trkpt lat="-26.2525080" lon="-51.1230680">
    <ele>782.4</ele>
   </trkpt>
   <trkpt lat="-26.2524760" lon="-51.1230470">
    <ele>782.8</ele>
   </trkpt>
   <trkpt lat="-26.2524520" lon="-51.1230220">
    <ele>783.1</ele>
   </trkpt>
   <trkpt lat="-26.2524270" lon="-51.1230070">
    <ele>783.3</ele>
   </trkpt>
   <trkpt lat="-26.2524030" lon="-51.1229800">
    <ele>783.6</ele>
   </trkpt>
   <trkpt lat="-26.2523940" lon="-51.1229290">
    <ele>784.1</ele>
   </trkpt>
   <trkpt lat="-26.2523770" lon="-51.1228990">
    <ele>784.4</ele>
   </trkpt>
   <trkpt lat="-26.2523570" lon="-51.1228640">
    <ele>784.9</ele>
   </trkpt>
   <trkpt lat="-26.2523360" lon="-51.1228380">
    <ele>785.3</ele>
   </trkpt>
   <trkpt lat="-26.2523190" lon="-51.1228060">
    <ele>785.7</ele>
   </trkpt>
   <trkpt lat="-26.2523040" lon="-51.1227750">
    <ele>786.0</ele>
   </trkpt>
   <trkpt lat="-26.2522880" lon="-51.1227460">
    <ele>786.4</ele>
   </trkpt>
   <trkpt lat="-26.2522680" lon="-51.1227180">
    <ele>786.8</ele>
   </trkpt>
   <trkpt lat="-26.2522470" lon="-51.1226940">
    <ele>787.1</ele>
   </trkpt>
   <trkpt lat="-26.2522300" lon="-51.1226670">
    <ele>787.5</ele>
   </trkpt>
   <trkpt lat="-26.2522100" lon="-51.1226430">
    <ele>787.8</ele>
   </trkpt>
   <trkpt lat="-26.2521880" lon="-51.1226110">
    <ele>788.2</ele>
   </trkpt>
   <trkpt lat="-26.2521730" lon="-51.1225810">
    <ele>788.6</ele>
   </trkpt>
   <trkpt lat="-26.2521550" lon="-51.1225530">
    <ele>788.9</ele>
   </trkpt>
   <trkpt lat="-26.2521340" lon="-51.1225220">
    <ele>789.2</ele>
   </trkpt>
   <trkpt lat="-26.2521140" lon="-51.1224980">
    <ele>789.5</ele>
   </trkpt>
   <trkpt lat="-26.2520940" lon="-51.1224690">
    <ele>789.8</ele>
   </trkpt>
   <trkpt lat="-26.2520760" lon="-51.1224460">
    <ele>790.0</ele>
   </trkpt>
   <trkpt lat="-26.2520540" lon="-51.1224160">
    <ele>790.3</ele>
   </trkpt>
   <trkpt lat="-26.2520310" lon="-51.1223880">
    <ele>790.5</ele>
   </trkpt>
   <trkpt lat="-26.2520080" lon="-51.1223570">
    <ele>790.7</ele>
   </trkpt>
   <trkpt lat="-26.2519840" lon="-51.1223250">
    <ele>790.9</ele>
   </trkpt>
   <trkpt lat="-26.2519570" lon="-51.1222920">
    <ele>791.0</ele>
   </trkpt>
   <trkpt lat="-26.2519380" lon="-51.1222560">
    <ele>791.1</ele>
   </trkpt>
   <trkpt lat="-26.2519190" lon="-51.1222170">
    <ele>791.2</ele>
   </trkpt>
   <trkpt lat="-26.2518920" lon="-51.1221760">
    <ele>791.3</ele>
   </trkpt>
   <trkpt lat="-26.2518680" lon="-51.1221540">
    <ele>791.4</ele>
   </trkpt>
   <trkpt lat="-26.2518370" lon="-51.1221270">
    <ele>791.5</ele>
   </trkpt>
   <trkpt lat="-26.2518240" lon="-51.1221130">
    <ele>791.6</ele>
   </trkpt>
   <trkpt lat="-26.2517960" lon="-51.1220890">
    <ele>791.7</ele>
   </trkpt>
   <trkpt lat="-26.2517680" lon="-51.1220720">
    <ele>791.7</ele>
   </trkpt>
   <trkpt lat="-26.2517360" lon="-51.1220540">
    <ele>791.8</ele>
   </trkpt>
   <trkpt lat="-26.2517080" lon="-51.1220390">
    <ele>791.9</ele>
   </trkpt>
   <trkpt lat="-26.2516810" lon="-51.1220160">
    <ele>792.0</ele>
   </trkpt>
   <trkpt lat="-26.2516510" lon="-51.1220080">
    <ele>792.1</ele>
   </trkpt>
   <trkpt lat="-26.2516220" lon="-51.1219940">
    <ele>792.2</ele>
   </trkpt>
   <trkpt lat="-26.2515870" lon="-51.1219730">
    <ele>792.3</ele>
   </trkpt>
   <trkpt lat="-26.2515740" lon="-51.1219670">
    <ele>792.4</ele>
   </trkpt>
   <trkpt lat="-26.2515330" lon="-51.1219480">
    <ele>792.5</ele>
   </trkpt>
   <trkpt lat="-26.2514890" lon="-51.1219340">
    <ele>792.7</ele>
   </trkpt>
   <trkpt lat="-26.2514570" lon="-51.1219320">
    <ele>792.8</ele>
   </trkpt>
   <trkpt lat="-26.2514170" lon="-51.1219120">
    <ele>792.9</ele>
   </trkpt>
   <trkpt lat="-26.2513750" lon="-51.1218860">
    <ele>793.0</ele>
   </trkpt>
   <trkpt lat="-26.2513360" lon="-51.1218650">
    <ele>793.1</ele>
   </trkpt>
   <trkpt lat="-26.2513000" lon="-51.1218430">
    <ele>793.1</ele>
   </trkpt>
   <trkpt lat="-26.2512680" lon="-51.1218170">
    <ele>793.1</ele>
   </trkpt>
   <trkpt lat="-26.2512380" lon="-51.1217950">
    <ele>793.1</ele>
   </trkpt>
   <trkpt lat="-26.2512090" lon="-51.1217700">
    <ele>793.0</ele>
   </trkpt>
   <trkpt lat="-26.2511820" lon="-51.1217480">
    <ele>792.9</ele>
   </trkpt>
   <trkpt lat="-26.2511500" lon="-51.1217220">
    <ele>792.8</ele>
   </trkpt>
   <trkpt lat="-26.2511190" lon="-51.1216890">
    <ele>792.6</ele>
   </trkpt>
   <trkpt lat="-26.2510900" lon="-51.1216480">
    <ele>792.4</ele>
   </trkpt>
   <trkpt lat="-26.2510570" lon="-51.1216050">
    <ele>792.1</ele>
   </trkpt>
   <trkpt lat="-26.2510250" lon="-51.1215540">
    <ele>791.8</ele>
   </trkpt>
   <trkpt lat="-26.2509920" lon="-51.1215020">
    <ele>791.5</ele>
   </trkpt>
   <trkpt lat="-26.2509500" lon="-51.1214420">
    <ele>791.1</ele>
   </trkpt>
   <trkpt lat="-26.2509140" lon="-51.1213810">
    <ele>790.6</ele>
   </trkpt>
   <trkpt lat="-26.2508800" lon="-51.1213050">
    <ele>790.1</ele>
   </trkpt>
   <trkpt lat="-26.2508410" lon="-51.1212300">
    <ele>789.6</ele>
   </trkpt>
   <trkpt lat="-26.2508030" lon="-51.1211510">
    <ele>789.1</ele>
   </trkpt>
   <trkpt lat="-26.2507590" lon="-51.1210790">
    <ele>788.6</ele>
   </trkpt>
   <trkpt lat="-26.2507140" lon="-51.1210030">
    <ele>788.0</ele>
   </trkpt>
   <trkpt lat="-26.2506750" lon="-51.1209260">
    <ele>787.4</ele>
   </trkpt>
   <trkpt lat="-26.2506410" lon="-51.1208450">
    <ele>786.8</ele>
   </trkpt>
   <trkpt lat="-26.2506030" lon="-51.1207590">
    <ele>786.0</ele>
   </trkpt>
   <trkpt lat="-26.2505750" lon="-51.1206670">
    <ele>785.3</ele>
   </trkpt>
   <trkpt lat="-26.2505560" lon="-51.1205700">
    <ele>784.6</ele>
   </trkpt>
   <trkpt lat="-26.2505540" lon="-51.1204640">
    <ele>783.7</ele>
   </trkpt>
   <trkpt lat="-26.2505750" lon="-51.1203570">
    <ele>782.9</ele>
   </trkpt>
   <trkpt lat="-26.2506110" lon="-51.1202500">
    <ele>781.8</ele>
   </trkpt>
   <trkpt lat="-26.2506530" lon="-51.1201510">
    <ele>780.8</ele>
   </trkpt>
   <trkpt lat="-26.2506960" lon="-51.1200420">
    <ele>779.5</ele>
   </trkpt>
   <trkpt lat="-26.2507430" lon="-51.1199320">
    <ele>778.4</ele>
   </trkpt>
   <trkpt lat="-26.2507880" lon="-51.1198180">
    <ele>777.3</ele>
   </trkpt>
   <trkpt lat="-26.2508370" lon="-51.1197090">
    <ele>776.3</ele>
   </trkpt>
   <trkpt lat="-26.2508860" lon="-51.1195850">
    <ele>775.2</ele>
   </trkpt>
   <trkpt lat="-26.2509350" lon="-51.1194650">
    <ele>774.2</ele>
   </trkpt>
   <trkpt lat="-26.2509710" lon="-51.1193360">
    <ele>773.0</ele>
   </trkpt>
   <trkpt lat="-26.2509880" lon="-51.1192020">
    <ele>771.6</ele>
   </trkpt>
   <trkpt lat="-26.2510020" lon="-51.1190680">
    <ele>770.2</ele>
   </trkpt>
   <trkpt lat="-26.2510140" lon="-51.1189380">
    <ele>768.8</ele>
   </trkpt>
   <trkpt lat="-26.2510470" lon="-51.1187950">
    <ele>767.2</ele>
   </trkpt>
   <trkpt lat="-26.2511070" lon="-51.1186680">
    <ele>765.5</ele>
   </trkpt>
   <trkpt lat="-26.2511750" lon="-51.1185410">
    <ele>763.7</ele>
   </trkpt>
   <trkpt lat="-26.2512330" lon="-51.1184060">
    <ele>761.9</ele>
   </trkpt>
   <trkpt lat="-26.2512960" lon="-51.1182640">
    <ele>760.0</ele>
   </trkpt>
   <trkpt lat="-26.2513400" lon="-51.1181290">
    <ele>758.4</ele>
   </trkpt>
   <trkpt lat="-26.2513800" lon="-51.1179790">
    <ele>756.7</ele>
   </trkpt>
   <trkpt lat="-26.2514120" lon="-51.1178270">
    <ele>755.5</ele>
   </trkpt>
   <trkpt lat="-26.2514400" lon="-51.1176780">
    <ele>754.6</ele>
   </trkpt>
   <trkpt lat="-26.2514660" lon="-51.1175280">
    <ele>754.0</ele>
   </trkpt>
   <trkpt lat="-26.2514870" lon="-51.1173890">
    <ele>753.6</ele>
   </trkpt>
   <trkpt lat="-26.2514970" lon="-51.1172520">
    <ele>753.3</ele>
   </trkpt>
   <trkpt lat="-26.2514980" lon="-51.1171490">
    <ele>753.2</ele>
   </trkpt>
   <trkpt lat="-26.2514940" lon="-51.1170540">
    <ele>753.2</ele>
   </trkpt>
   <trkpt lat="-26.2514820" lon="-51.1169830">
    <ele>753.2</ele>
   </trkpt>
   <trkpt lat="-26.2514700" lon="-51.1169130">
    <ele>753.2</ele>
   </trkpt>
   <trkpt lat="-26.2514620" lon="-51.1168390">
    <ele>753.1</ele>
   </trkpt>
   <trkpt lat="-26.2514530" lon="-51.1167670">
    <ele>753.1</ele>
   </trkpt>
   <trkpt lat="-26.2514510" lon="-51.1166850">
    <ele>753.0</ele>
   </trkpt>
   <trkpt lat="-26.2514510" lon="-51.1166020">
    <ele>753.0</ele>
   </trkpt>
   <trkpt lat="-26.2514490" lon="-51.1165230">
    <ele>753.0</ele>
   </trkpt>
   <trkpt lat="-26.2514460" lon="-51.1164430">
    <ele>753.0</ele>
   </trkpt>
   <trkpt lat="-26.2514410" lon="-51.1163630">
    <ele>753.0</ele>
   </trkpt>
   <trkpt lat="-26.2514360" lon="-51.1162810">
    <ele>753.0</ele>
   </trkpt>
   <trkpt lat="-26.2514330" lon="-51.1161970">
    <ele>753.0</ele>
   </trkpt>
   <trkpt lat="-26.2514290" lon="-51.1161150">
    <ele>753.0</ele>
   </trkpt>
   <trkpt lat="-26.2514230" lon="-51.1160280">
    <ele>753.0</ele>
   </trkpt>
   <trkpt lat="-26.2514140" lon="-51.1159470">
    <ele>753.0</ele>
   </trkpt>
   <trkpt lat="-26.2514110" lon="-51.1158580">
    <ele>753.0</ele>
   </trkpt>
   <trkpt lat="-26.2514060" lon="-51.1157700">
    <ele>753.0</ele>
   </trkpt>
   <trkpt lat="-26.2513990" lon="-51.1156810">
    <ele>753.0</ele>
   </trkpt>
   <trkpt lat="-26.2513910" lon="-51.1155910">
    <ele>753.0</ele>
   </trkpt>
   <trkpt lat="-26.2513870" lon="-51.1155010">
    <ele>753.0</ele>
   </trkpt>
   <trkpt lat="-26.2513820" lon="-51.1154070">
    <ele>753.0</ele>
   </trkpt>
   <trkpt lat="-26.2513810" lon="-51.1152960">
    <ele>752.9</ele>
   </trkpt>
   <trkpt lat="-26.2513680" lon="-51.1152110">
    <ele>753.0</ele>
   </trkpt>
   <trkpt lat="-26.2513590" lon="-51.1151010">
    <ele>753.0</ele>
   </trkpt>
   <trkpt lat="-26.2513470" lon="-51.1149900">
    <ele>753.1</ele>
   </trkpt>
   <trkpt lat="-26.2513350" lon="-51.1148790">
    <ele>753.1</ele>
   </trkpt>
   <trkpt lat="-26.2513200" lon="-51.1147680">
    <ele>753.2</ele>
   </trkpt>
   <trkpt lat="-26.2513040" lon="-51.1146560">
    <ele>753.2</ele>
   </trkpt>
   <trkpt lat="-26.2512860" lon="-51.1145410">
    <ele>753.3</ele>
   </trkpt>
   <trkpt lat="-26.2512660" lon="-51.1144350">
    <ele>753.3</ele>
   </trkpt>
   <trkpt lat="-26.2512450" lon="-51.1143240">
    <ele>753.4</ele>
   </trkpt>
   <trkpt lat="-26.2512250" lon="-51.1142140">
    <ele>753.4</ele>
   </trkpt>
   <trkpt lat="-26.2512020" lon="-51.1141040">
    <ele>753.5</ele>
   </trkpt>
   <trkpt lat="-26.2511810" lon="-51.1139990">
    <ele>753.5</ele>
   </trkpt>
   <trkpt lat="-26.2511550" lon="-51.1139000">
    <ele>753.5</ele>
   </trkpt>
   <trkpt lat="-26.2511290" lon="-51.1137970">
    <ele>753.6</ele>
   </trkpt>
   <trkpt lat="-26.2511040" lon="-51.1136890">
    <ele>753.7</ele>
   </trkpt>
   <trkpt lat="-26.2510780" lon="-51.1135820">
    <ele>753.7</ele>
   </trkpt>
   <trkpt lat="-26.2510490" lon="-51.1134770">
    <ele>753.6</ele>
   </trkpt>
   <trkpt lat="-26.2510200" lon="-51.1133760">
    <ele>753.6</ele>
   </trkpt>
   <trkpt lat="-26.2509970" lon="-51.1132730">
    <ele>753.6</ele>
   </trkpt>
   <trkpt lat="-26.2509730" lon="-51.1131720">
    <ele>753.5</ele>
   </trkpt>
   <trkpt lat="-26.2509470" lon="-51.1130730">
    <ele>753.5</ele>
   </trkpt>
   <trkpt lat="-26.2509210" lon="-51.1129760">
    <ele>753.4</ele>
   </trkpt>
   <trkpt lat="-26.2508970" lon="-51.1128770">
    <ele>753.3</ele>
   </trkpt>
   <trkpt lat="-26.2508730" lon="-51.1127780">
    <ele>753.3</ele>
   </trkpt>
   <trkpt lat="-26.2508460" lon="-51.1126800">
    <ele>753.2</ele>
   </trkpt>
   <trkpt lat="-26.2508200" lon="-51.1125850">
    <ele>753.1</ele>
   </trkpt>
   <trkpt lat="-26.2508010" lon="-51.1124980">
    <ele>753.0</ele>
   </trkpt>
   <trkpt lat="-26.2507840" lon="-51.1124300">
    <ele>753.0</ele>
   </trkpt>
   <trkpt lat="-26.2507710" lon="-51.1123740">
    <ele>753.0</ele>
   </trkpt>
   <trkpt lat="-26.2507590" lon="-51.1123250">
    <ele>753.0</ele>
   </trkpt>
   <trkpt lat="-26.2507420" lon="-51.1122680">
    <ele>753.0</ele>
   </trkpt>
   <trkpt lat="-26.2507290" lon="-51.1122120">
    <ele>753.0</ele>
   </trkpt>
   <trkpt lat="-26.2507150" lon="-51.1121550">
    <ele>753.0</ele>
   </trkpt>
   <trkpt lat="-26.2507000" lon="-51.1120970">
    <ele>752.9</ele>
   </trkpt>
   <trkpt lat="-26.2506820" lon="-51.1120350">
    <ele>752.9</ele>
   </trkpt>
   <trkpt lat="-26.2506670" lon="-51.1119670">
    <ele>752.9</ele>
   </trkpt>
   <trkpt lat="-26.2506510" lon="-51.1118990">
    <ele>752.9</ele>
   </trkpt>
   <trkpt lat="-26.2506280" lon="-51.1118190">
    <ele>752.8</ele>
   </trkpt>
   <trkpt lat="-26.2506110" lon="-51.1117400">
    <ele>752.8</ele>
   </trkpt>
   <trkpt lat="-26.2505890" lon="-51.1116610">
    <ele>752.7</ele>
   </trkpt>
   <trkpt lat="-26.2505700" lon="-51.1115810">
    <ele>752.7</ele>
   </trkpt>
   <trkpt lat="-26.2505490" lon="-51.1114970">
    <ele>752.7</ele>
   </trkpt>
   <trkpt lat="-26.2505280" lon="-51.1114090">
    <ele>752.6</ele>
   </trkpt>
   <trkpt lat="-26.2505060" lon="-51.1113190">
    <ele>752.5</ele>
   </trkpt>
   <trkpt lat="-26.2504810" lon="-51.1112220">
    <ele>752.5</ele>
   </trkpt>
   <trkpt lat="-26.2504560" lon="-51.1111250">
    <ele>752.5</ele>
   </trkpt>
   <trkpt lat="-26.2504310" lon="-51.1110260">
    <ele>752.5</ele>
   </trkpt>
   <trkpt lat="-26.2504040" lon="-51.1109270">
    <ele>752.5</ele>
   </trkpt>
   <trkpt lat="-26.2503790" lon="-51.1108300">
    <ele>752.6</ele>
   </trkpt>
   <trkpt lat="-26.2503520" lon="-51.1107270">
    <ele>752.7</ele>
   </trkpt>
   <trkpt lat="-26.2503260" lon="-51.1106280">
    <ele>752.8</ele>
   </trkpt>
   <trkpt lat="-26.2503020" lon="-51.1105300">
    <ele>752.9</ele>
   </trkpt>
   <trkpt lat="-26.2502820" lon="-51.1104380">
    <ele>753.0</ele>
   </trkpt>
   <trkpt lat="-26.2502620" lon="-51.1103420">
    <ele>753.2</ele>
   </trkpt>
   <trkpt lat="-26.2502470" lon="-51.1102460">
    <ele>753.4</ele>
   </trkpt>
   <trkpt lat="-26.2502320" lon="-51.1101420">
    <ele>753.6</ele>
   </trkpt>
   <trkpt lat="-26.2502190" lon="-51.1100380">
    <ele>753.8</ele>
   </trkpt>
   <trkpt lat="-26.2502040" lon="-51.1099330">
    <ele>754.0</ele>
   </trkpt>
   <trkpt lat="-26.2501990" lon="-51.1098260">
    <ele>754.3</ele>
   </trkpt>
   <trkpt lat="-26.2501920" lon="-51.1097250">
    <ele>754.5</ele>
   </trkpt>
   <trkpt lat="-26.2501980" lon="-51.1096190">
    <ele>754.8</ele>
   </trkpt>
   <trkpt lat="-26.2502010" lon="-51.1095180">
    <ele>755.1</ele>
   </trkpt>
   <trkpt lat="-26.2502050" lon="-51.1094250">
    <ele>755.3</ele>
   </trkpt>
   <trkpt lat="-26.2502210" lon="-51.1093180">
    <ele>755.6</ele>
   </trkpt>
   <trkpt lat="-26.2502400" lon="-51.1092200">
    <ele>755.8</ele>
   </trkpt>
   <trkpt lat="-26.2502620" lon="-51.1091270">
    <ele>756.0</ele>
   </trkpt>
   <trkpt lat="-26.2502890" lon="-51.1090310">
    <ele>756.2</ele>
   </trkpt>
   <trkpt lat="-26.2503130" lon="-51.1089420">
    <ele>756.4</ele>
   </trkpt>
   <trkpt lat="-26.2503410" lon="-51.1088500">
    <ele>756.6</ele>
   </trkpt>
   <trkpt lat="-26.2503710" lon="-51.1087610">
    <ele>756.8</ele>
   </trkpt>
   <trkpt lat="-26.2504040" lon="-51.1086710">
    <ele>757.0</ele>
   </trkpt>
   <trkpt lat="-26.2504340" lon="-51.1085840">
    <ele>757.2</ele>
   </trkpt>
   <trkpt lat="-26.2504590" lon="-51.1085010">
    <ele>757.3</ele>
   </trkpt>
   <trkpt lat="-26.2504890" lon="-51.1084140">
    <ele>757.5</ele>
   </trkpt>
   <trkpt lat="-26.2505110" lon="-51.1083310">
    <ele>757.7</ele>
   </trkpt>
   <trkpt lat="-26.2505360" lon="-51.1082490">
    <ele>757.8</ele>
   </trkpt>
   <trkpt lat="-26.2505630" lon="-51.1081650">
    <ele>757.9</ele>
   </trkpt>
   <trkpt lat="-26.2505900" lon="-51.1080780">
    <ele>758.0</ele>
   </trkpt>
   <trkpt lat="-26.2506240" lon="-51.1079890">
    <ele>758.0</ele>
   </trkpt>
   <trkpt lat="-26.2506580" lon="-51.1078920">
    <ele>757.9</ele>
   </trkpt>
   <trkpt lat="-26.2506860" lon="-51.1077850">
    <ele>757.8</ele>
   </trkpt>
   <trkpt lat="-26.2507150" lon="-51.1076830">
    <ele>757.6</ele>
   </trkpt>
   <trkpt lat="-26.2507470" lon="-51.1075770">
    <ele>757.3</ele>
   </trkpt>
   <trkpt lat="-26.2507810" lon="-51.1074700">
    <ele>757.0</ele>
   </trkpt>
   <trkpt lat="-26.2508040" lon="-51.1073650">
    <ele>756.7</ele>
   </trkpt>
   <trkpt lat="-26.2508280" lon="-51.1072570">
    <ele>756.4</ele>
   </trkpt>
   <trkpt lat="-26.2508590" lon="-51.1071490">
    <ele>756.0</ele>
   </trkpt>
   <trkpt lat="-26.2508870" lon="-51.1070430">
    <ele>755.7</ele>
   </trkpt>
   <trkpt lat="-26.2509090" lon="-51.1069260">
    <ele>755.5</ele>
   </trkpt>
   <trkpt lat="-26.2509280" lon="-51.1068260">
    <ele>755.2</ele>
   </trkpt>
   <trkpt lat="-26.2509550" lon="-51.1067160">
    <ele>754.9</ele>
   </trkpt>
   <trkpt lat="-26.2509970" lon="-51.1065880">
    <ele>754.6</ele>
   </trkpt>
   <trkpt lat="-26.2510260" lon="-51.1064680">
    <ele>754.3</ele>
   </trkpt>
   <trkpt lat="-26.2510560" lon="-51.1063430">
    <ele>754.0</ele>
   </trkpt>
   <trkpt lat="-26.2510890" lon="-51.1062170">
    <ele>753.6</ele>
   </trkpt>
   <trkpt lat="-26.2511210" lon="-51.1060920">
    <ele>753.3</ele>
   </trkpt>
   <trkpt lat="-26.2511580" lon="-51.1059710">
    <ele>753.0</ele>
   </trkpt>
   <trkpt lat="-26.2512020" lon="-51.1058480">
    <ele>752.7</ele>
   </trkpt>
   <trkpt lat="-26.2512470" lon="-51.1057290">
    <ele>752.4</ele>
   </trkpt>
   <trkpt lat="-26.2513030" lon="-51.1056110">
    <ele>752.0</ele>
   </trkpt>
   <trkpt lat="-26.2513600" lon="-51.1055000">
    <ele>751.7</ele>
   </trkpt>
   <trkpt lat="-26.2514210" lon="-51.1053910">
    <ele>751.5</ele>
   </trkpt>
   <trkpt lat="-26.2514820" lon="-51.1052800">
    <ele>751.3</ele>
   </trkpt>
   <trkpt lat="-26.2515440" lon="-51.1051730">
    <ele>751.0</ele>
   </trkpt>
   <trkpt lat="-26.2516010" lon="-51.1050680">
    <ele>750.7</ele>
   </trkpt>
   <trkpt lat="-26.2516590" lon="-51.1049630">
    <ele>750.4</ele>
   </trkpt>
   <trkpt lat="-26.2517070" lon="-51.1048590">
    <ele>750.2</ele>
   </trkpt>
   <trkpt lat="-26.2517550" lon="-51.1047560">
    <ele>750.0</ele>
   </trkpt>
   <trkpt lat="-26.2517950" lon="-51.1046530">
    <ele>749.8</ele>
   </trkpt>
   <trkpt lat="-26.2518290" lon="-51.1045490">
    <ele>749.5</ele>
   </trkpt>
   <trkpt lat="-26.2518580" lon="-51.1044470">
    <ele>749.3</ele>
   </trkpt>
   <trkpt lat="-26.2518830" lon="-51.1043470">
    <ele>749.1</ele>
   </trkpt>
   <trkpt lat="-26.2519010" lon="-51.1042490">
    <ele>749.0</ele>
   </trkpt>
   <trkpt lat="-26.2519120" lon="-51.1041550">
    <ele>748.9</ele>
   </trkpt>
   <trkpt lat="-26.2519260" lon="-51.1040680">
    <ele>748.8</ele>
   </trkpt>
   <trkpt lat="-26.2519330" lon="-51.1039860">
    <ele>748.7</ele>
   </trkpt>
   <trkpt lat="-26.2519400" lon="-51.1039090">
    <ele>748.6</ele>
   </trkpt>
   <trkpt lat="-26.2519420" lon="-51.1038410">
    <ele>748.6</ele>
   </trkpt>
   <trkpt lat="-26.2519400" lon="-51.1037750">
    <ele>748.6</ele>
   </trkpt>
   <trkpt lat="-26.2519330" lon="-51.1037020">
    <ele>748.5</ele>
   </trkpt>
   <trkpt lat="-26.2519280" lon="-51.1036320">
    <ele>748.5</ele>
   </trkpt>
   <trkpt lat="-26.2519210" lon="-51.1035650">
    <ele>748.5</ele>
   </trkpt>
   <trkpt lat="-26.2519140" lon="-51.1035010">
    <ele>748.5</ele>
   </trkpt>
   <trkpt lat="-26.2519070" lon="-51.1034540">
    <ele>748.5</ele>
   </trkpt>
   <trkpt lat="-26.2518980" lon="-51.1034080">
    <ele>748.5</ele>
   </trkpt>
   <trkpt lat="-26.2518890" lon="-51.1033580">
    <ele>748.5</ele>
   </trkpt>
   <trkpt lat="-26.2518780" lon="-51.1033100">
    <ele>748.4</ele>
   </trkpt>
   <trkpt lat="-26.2518680" lon="-51.1032620">
    <ele>748.4</ele>
   </trkpt>
   <trkpt lat="-26.2518590" lon="-51.1032150">
    <ele>748.4</ele>
   </trkpt>
   <trkpt lat="-26.2518510" lon="-51.1031710">
    <ele>748.4</ele>
   </trkpt>
   <trkpt lat="-26.2518400" lon="-51.1031180">
    <ele>748.4</ele>
   </trkpt>
   <trkpt lat="-26.2518220" lon="-51.1030620">
    <ele>748.4</ele>
   </trkpt>
   <trkpt lat="-26.2518090" lon="-51.1029980">
    <ele>748.4</ele>
   </trkpt>
   <trkpt lat="-26.2517930" lon="-51.1029450">
    <ele>748.4</ele>
   </trkpt>
   <trkpt lat="-26.2517750" lon="-51.1028890">
    <ele>748.4</ele>
   </trkpt>
   <trkpt lat="-26.2517600" lon="-51.1028370">
    <ele>748.4</ele>
   </trkpt>
   <trkpt lat="-26.2517430" lon="-51.1027830">
    <ele>748.4</ele>
   </trkpt>
   <trkpt lat="-26.2517260" lon="-51.1027280">
    <ele>748.4</ele>
   </trkpt>
   <trkpt lat="-26.2517090" lon="-51.1026700">
    <ele>748.4</ele>
   </trkpt>
   <trkpt lat="-26.2516960" lon="-51.1026140">
    <ele>748.3</ele>
   </trkpt>
   <trkpt lat="-26.2516790" lon="-51.1025550">
    <ele>748.2</ele>
   </trkpt>
   <trkpt lat="-26.2516600" lon="-51.1024960">
    <ele>748.1</ele>
   </trkpt>
   <trkpt lat="-26.2516420" lon="-51.1024350">
    <ele>748.1</ele>
   </trkpt>
   <trkpt lat="-26.2516260" lon="-51.1023760">
    <ele>748.1</ele>
   </trkpt>
   <trkpt lat="-26.2516100" lon="-51.1023130">
    <ele>748.1</ele>
   </trkpt>
   <trkpt lat="-26.2515920" lon="-51.1022510">
    <ele>748.1</ele>
   </trkpt>
   <trkpt lat="-26.2515710" lon="-51.1021880">
    <ele>748.1</ele>
   </trkpt>
   <trkpt lat="-26.2515510" lon="-51.1021260">
    <ele>748.1</ele>
   </trkpt>
   <trkpt lat="-26.2515320" lon="-51.1020610">
    <ele>748.1</ele>
   </trkpt>
   <trkpt lat="-26.2515140" lon="-51.1020000">
    <ele>748.1</ele>
   </trkpt>
   <trkpt lat="-26.2514940" lon="-51.1019430">
    <ele>748.1</ele>
   </trkpt>
   <trkpt lat="-26.2514760" lon="-51.1018790">
    <ele>748.1</ele>
   </trkpt>
   <trkpt lat="-26.2514570" lon="-51.1018110">
    <ele>748.2</ele>
   </trkpt>
   <trkpt lat="-26.2514380" lon="-51.1017400">
    <ele>748.2</ele>
   </trkpt>
   <trkpt lat="-26.2514160" lon="-51.1016950">
    <ele>748.2</ele>
   </trkpt>
   <trkpt lat="-26.2513980" lon="-51.1016370">
    <ele>748.2</ele>
   </trkpt>
   <trkpt lat="-26.2513830" lon="-51.1015770">
    <ele>748.2</ele>
   </trkpt>
   <trkpt lat="-26.2513670" lon="-51.1015160">
    <ele>748.3</ele>
   </trkpt>
   <trkpt lat="-26.2513520" lon="-51.1014600">
    <ele>748.3</ele>
   </trkpt>
   <trkpt lat="-26.2513380" lon="-51.1014050">
    <ele>748.3</ele>
   </trkpt>
   <trkpt lat="-26.2513250" lon="-51.1013470">
    <ele>748.4</ele>
   </trkpt>
   <trkpt lat="-26.2513160" lon="-51.1012900">
    <ele>748.4</ele>
   </trkpt>
   <trkpt lat="-26.2513100" lon="-51.1012340">
    <ele>748.4</ele>
   </trkpt>
   <trkpt lat="-26.2513020" lon="-51.1011860">
    <ele>748.5</ele>
   </trkpt>
   <trkpt lat="-26.2512990" lon="-51.1011390">
    <ele>748.5</ele>
   </trkpt>
   <trkpt lat="-26.2512990" lon="-51.1010960">
    <ele>748.5</ele>
   </trkpt>
   <trkpt lat="-26.2513010" lon="-51.1010570">
    <ele>748.6</ele>
   </trkpt>
   <trkpt lat="-26.2513040" lon="-51.1010170">
    <ele>748.6</ele>
   </trkpt>
   <trkpt lat="-26.2513060" lon="-51.1009720">
    <ele>748.6</ele>
   </trkpt>
   <trkpt lat="-26.2513200" lon="-51.1009330">
    <ele>748.6</ele>
   </trkpt>
   <trkpt lat="-26.2513270" lon="-51.1008950">
    <ele>748.6</ele>
   </trkpt>
   <trkpt lat="-26.2513410" lon="-51.1008520">
    <ele>748.6</ele>
   </trkpt>
   <trkpt lat="-26.2513570" lon="-51.1008070">
    <ele>748.6</ele>
   </trkpt>
   <trkpt lat="-26.2513740" lon="-51.1007610">
    <ele>748.7</ele>
   </trkpt>
   <trkpt lat="-26.2513940" lon="-51.1007140">
    <ele>748.7</ele>
   </trkpt>
   <trkpt lat="-26.2514140" lon="-51.1006580">
    <ele>748.7</ele>
   </trkpt>
   <trkpt lat="-26.2514390" lon="-51.1005950">
    <ele>748.7</ele>
   </trkpt>
   <trkpt lat="-26.2514540" lon="-51.1005290">
    <ele>748.7</ele>
   </trkpt>
   <trkpt lat="-26.2514490" lon="-51.1004740">
    <ele>748.7</ele>
   </trkpt>
   <trkpt lat="-26.2514140" lon="-51.1004100">
    <ele>748.6</ele>
   </trkpt>
   <trkpt lat="-26.2513700" lon="-51.1003580">
    <ele>748.6</ele>
   </trkpt>
   <trkpt lat="-26.2513250" lon="-51.1003120">
    <ele>748.5</ele>
   </trkpt>
   <trkpt lat="-26.2512820" lon="-51.1002650">
    <ele>748.5</ele>
   </trkpt>
   <trkpt lat="-26.2512280" lon="-51.1002130">
    <ele>748.5</ele>
   </trkpt>
   <trkpt lat="-26.2511890" lon="-51.1001810">
    <ele>748.4</ele>
   </trkpt>
   <trkpt lat="-26.2511410" lon="-51.1001320">
    <ele>748.4</ele>
   </trkpt>
   <trkpt lat="-26.2510960" lon="-51.1000810">
    <ele>748.4</ele>
   </trkpt>
   <trkpt lat="-26.2510460" lon="-51.1000320">
    <ele>748.3</ele>
   </trkpt>
   <trkpt lat="-26.2510070" lon="-51.1000020">
    <ele>748.3</ele>
   </trkpt>
   <trkpt lat="-26.2509620" lon="-51.0999410">
    <ele>748.3</ele>
   </trkpt>
   <trkpt lat="-26.2508920" lon="-51.0998970">
    <ele>748.3</ele>
   </trkpt>
   <trkpt lat="-26.2508430" lon="-51.0998710">
    <ele>748.3</ele>
   </trkpt>
   <trkpt lat="-26.2507790" lon="-51.0998470">
    <ele>748.3</ele>
   </trkpt>
   <trkpt lat="-26.2507250" lon="-51.0998110">
    <ele>748.3</ele>
   </trkpt>
   <trkpt lat="-26.2506610" lon="-51.0997730">
    <ele>748.3</ele>
   </trkpt>
   <trkpt lat="-26.2506010" lon="-51.0997460">
    <ele>748.3</ele>
   </trkpt>
   <trkpt lat="-26.2505550" lon="-51.0997350">
    <ele>748.3</ele>
   </trkpt>
   <trkpt lat="-26.2505300" lon="-51.0997140">
    <ele>748.3</ele>
   </trkpt>
   <trkpt lat="-26.2505130" lon="-51.0996990">
    <ele>748.3</ele>
   </trkpt>
   <trkpt lat="-26.2505060" lon="-51.0996950">
    <ele>748.3</ele>
   </trkpt>
   <trkpt lat="-26.2504640" lon="-51.0996840">
    <ele>748.3</ele>
   </trkpt>
   <trkpt lat="-26.2504400" lon="-51.0996760">
    <ele>748.3</ele>
   </trkpt>
   <trkpt lat="-26.2503950" lon="-51.0996440">
    <ele>748.3</ele>
   </trkpt>
   <trkpt lat="-26.2503470" lon="-51.0996280">
    <ele>748.3</ele>
   </trkpt>
   <trkpt lat="-26.2502950" lon="-51.0996060">
    <ele>748.3</ele>
   </trkpt>
   <trkpt lat="-26.2502510" lon="-51.0995810">
    <ele>748.4</ele>
   </trkpt>
   <trkpt lat="-26.2502100" lon="-51.0995540">
    <ele>748.4</ele>
   </trkpt>
   <trkpt lat="-26.2501680" lon="-51.0995370">
    <ele>748.4</ele>
   </trkpt>
   <trkpt lat="-26.2501230" lon="-51.0995240">
    <ele>748.4</ele>
   </trkpt>
   <trkpt lat="-26.2500730" lon="-51.0995060">
    <ele>748.4</ele>
   </trkpt>
   <trkpt lat="-26.2500310" lon="-51.0994720">
    <ele>748.4</ele>
   </trkpt>
   <trkpt lat="-26.2499880" lon="-51.0994480">
    <ele>748.5</ele>
   </trkpt>
   <trkpt lat="-26.2499430" lon="-51.0994250">
    <ele>748.5</ele>
   </trkpt>
   <trkpt lat="-26.2498950" lon="-51.0994060">
    <ele>748.5</ele>
   </trkpt>
   <trkpt lat="-26.2498480" lon="-51.0993880">
    <ele>748.5</ele>
   </trkpt>
   <trkpt lat="-26.2498010" lon="-51.0993650">
    <ele>748.5</ele>
   </trkpt>
   <trkpt lat="-26.2497540" lon="-51.0993430">
    <ele>748.6</ele>
   </trkpt>
   <trkpt lat="-26.2497040" lon="-51.0993180">
    <ele>748.6</ele>
   </trkpt>
   <trkpt lat="-26.2496600" lon="-51.0993020">
    <ele>748.6</ele>
   </trkpt>
   <trkpt lat="-26.2496050" lon="-51.0992700">
    <ele>748.7</ele>
   </trkpt>
   <trkpt lat="-26.2495550" lon="-51.0992460">
    <ele>748.8</ele>
   </trkpt>
   <trkpt lat="-26.2495000" lon="-51.0992220">
    <ele>748.8</ele>
   </trkpt>
   <trkpt lat="-26.2494540" lon="-51.0992000">
    <ele>748.9</ele>
   </trkpt>
   <trkpt lat="-26.2494010" lon="-51.0991720">
    <ele>748.9</ele>
   </trkpt>
   <trkpt lat="-26.2493400" lon="-51.0991360">
    <ele>748.9</ele>
   </trkpt>
   <trkpt lat="-26.2492940" lon="-51.0991110">
    <ele>748.9</ele>
   </trkpt>
   <trkpt lat="-26.2492410" lon="-51.0990840">
    <ele>749.0</ele>
   </trkpt>
   <trkpt lat="-26.2491890" lon="-51.0990630">
    <ele>749.0</ele>
   </trkpt>
   <trkpt lat="-26.2491340" lon="-51.0990380">
    <ele>749.0</ele>
   </trkpt>
   <trkpt lat="-26.2490660" lon="-51.0990110">
    <ele>749.0</ele>
   </trkpt>
   <trkpt lat="-26.2490150" lon="-51.0989870">
    <ele>749.0</ele>
   </trkpt>
   <trkpt lat="-26.2489670" lon="-51.0989640">
    <ele>748.9</ele>
   </trkpt>
   <trkpt lat="-26.2488920" lon="-51.0989350">
    <ele>748.9</ele>
   </trkpt>
   <trkpt lat="-26.2488330" lon="-51.0989060">
    <ele>748.9</ele>
   </trkpt>
   <trkpt lat="-26.2487720" lon="-51.0988830">
    <ele>748.9</ele>
   </trkpt>
   <trkpt lat="-26.2487100" lon="-51.0988500">
    <ele>748.9</ele>
   </trkpt>
   <trkpt lat="-26.2486530" lon="-51.0988210">
    <ele>748.9</ele>
   </trkpt>
   <trkpt lat="-26.2485970" lon="-51.0987960">
    <ele>748.9</ele>
   </trkpt>
   <trkpt lat="-26.2485460" lon="-51.0987660">
    <ele>748.8</ele>
   </trkpt>
   <trkpt lat="-26.2484900" lon="-51.0987430">
    <ele>748.8</ele>
   </trkpt>
   <trkpt lat="-26.2484320" lon="-51.0987200">
    <ele>748.7</ele>
   </trkpt>
   <trkpt lat="-26.2483730" lon="-51.0986860">
    <ele>748.7</ele>
   </trkpt>
   <trkpt lat="-26.2483130" lon="-51.0986550">
    <ele>748.7</ele>
   </trkpt>
   <trkpt lat="-26.2482570" lon="-51.0986200">
    <ele>748.7</ele>
   </trkpt>
   <trkpt lat="-26.2481920" lon="-51.0986050">
    <ele>748.7</ele>
   </trkpt>
   <trkpt lat="-26.2481340" lon="-51.0985770">
    <ele>748.7</ele>
   </trkpt>
   <trkpt lat="-26.2480750" lon="-51.0985430">
    <ele>748.7</ele>
   </trkpt>
   <trkpt lat="-26.2480220" lon="-51.0985070">
    <ele>748.7</ele>
   </trkpt>
   <trkpt lat="-26.2479550" lon="-51.0984780">
    <ele>748.7</ele>
   </trkpt>
   <trkpt lat="-26.2478940" lon="-51.0984620">
    <ele>748.7</ele>
   </trkpt>
   <trkpt lat="-26.2478230" lon="-51.0984180">
    <ele>748.6</ele>
   </trkpt>
   <trkpt lat="-26.2477670" lon="-51.0983840">
    <ele>748.6</ele>
   </trkpt>
   <trkpt lat="-26.2477060" lon="-51.0983530">
    <ele>748.6</ele>
   </trkpt>
   <trkpt lat="-26.2476460" lon="-51.0983300">
    <ele>748.6</ele>
   </trkpt>
   <trkpt lat="-26.2475830" lon="-51.0983010">
    <ele>748.5</ele>
   </trkpt>
   <trkpt lat="-26.2475240" lon="-51.0982830">
    <ele>748.5</ele>
   </trkpt>
   <trkpt lat="-26.2474610" lon="-51.0982500">
    <ele>748.5</ele>
   </trkpt>
   <trkpt lat="-26.2473930" lon="-51.0982090">
    <ele>748.5</ele>
   </trkpt>
   <trkpt lat="-26.2473380" lon="-51.0981920">
    <ele>748.5</ele>
   </trkpt>
   <trkpt lat="-26.2472680" lon="-51.0981660">
    <ele>748.5</ele>
   </trkpt>
   <trkpt lat="-26.2472090" lon="-51.0981310">
    <ele>748.5</ele>
   </trkpt>
   <trkpt lat="-26.2471450" lon="-51.0980940">
    <ele>748.5</ele>
   </trkpt>
   <trkpt lat="-26.2470900" lon="-51.0980600">
    <ele>748.5</ele>
   </trkpt>
   <trkpt lat="-26.2470240" lon="-51.0980260">
    <ele>748.4</ele>
   </trkpt>
   <trkpt lat="-26.2469550" lon="-51.0980000">
    <ele>748.4</ele>
   </trkpt>
   <trkpt lat="-26.2468970" lon="-51.0979740">
    <ele>748.4</ele>
   </trkpt>
   <trkpt lat="-26.2468450" lon="-51.0979310">
    <ele>748.4</ele>
   </trkpt>
   <trkpt lat="-26.2467660" lon="-51.0979160">
    <ele>748.4</ele>
   </trkpt>
   <trkpt lat="-26.2467070" lon="-51.0978810">
    <ele>748.4</ele>
   </trkpt>
   <trkpt lat="-26.2466490" lon="-51.0978530">
    <ele>748.4</ele>
   </trkpt>
   <trkpt lat="-26.2465810" lon="-51.0978320">
    <ele>748.4</ele>
   </trkpt>
   <trkpt lat="-26.2465170" lon="-51.0977930">
    <ele>748.4</ele>
   </trkpt>
   <trkpt lat="-26.2464590" lon="-51.0977650">
    <ele>748.4</ele>
   </trkpt>
   <trkpt lat="-26.2463970" lon="-51.0977300">
    <ele>748.4</ele>
   </trkpt>
   <trkpt lat="-26.2463300" lon="-51.0977000">
    <ele>748.4</ele>
   </trkpt>
   <trkpt lat="-26.2462650" lon="-51.0976670">
    <ele>748.4</ele>
   </trkpt>
   <trkpt lat="-26.2462050" lon="-51.0976330">
    <ele>748.3</ele>
   </trkpt>
   <trkpt lat="-26.2461450" lon="-51.0975970">
    <ele>748.3</ele>
   </trkpt>
   <trkpt lat="-26.2460760" lon="-51.0975790">
    <ele>748.2</ele>
   </trkpt>
   <trkpt lat="-26.2460100" lon="-51.0975480">
    <ele>748.2</ele>
   </trkpt>
   <trkpt lat="-26.2459480" lon="-51.0975140">
    <ele>748.1</ele>
   </trkpt>
   <trkpt lat="-26.2458830" lon="-51.0974780">
    <ele>748.1</ele>
   </trkpt>
   <trkpt lat="-26.2458290" lon="-51.0974460">
    <ele>748.0</ele>
   </trkpt>
   <trkpt lat="-26.2457590" lon="-51.0974190">
    <ele>748.1</ele>
   </trkpt>
   <trkpt lat="-26.2456980" lon="-51.0973920">
    <ele>748.1</ele>
   </trkpt>
   <trkpt lat="-26.2456360" lon="-51.0973620">
    <ele>748.1</ele>
   </trkpt>
   <trkpt lat="-26.2455650" lon="-51.0973280">
    <ele>748.2</ele>
   </trkpt>
   <trkpt lat="-26.2454970" lon="-51.0973000">
    <ele>748.2</ele>
   </trkpt>
   <trkpt lat="-26.2454350" lon="-51.0972760">
    <ele>748.1</ele>
   </trkpt>
   <trkpt lat="-26.2453680" lon="-51.0972560">
    <ele>748.1</ele>
   </trkpt>
   <trkpt lat="-26.2453050" lon="-51.0972330">
    <ele>748.1</ele>
   </trkpt>
   <trkpt lat="-26.2452220" lon="-51.0972140">
    <ele>748.0</ele>
   </trkpt>
   <trkpt lat="-26.2451630" lon="-51.0972030">
    <ele>748.0</ele>
   </trkpt>
   <trkpt lat="-26.2450970" lon="-51.0971870">
    <ele>748.0</ele>
   </trkpt>
   <trkpt lat="-26.2450240" lon="-51.0971680">
    <ele>748.0</ele>
   </trkpt>
   <trkpt lat="-26.2449620" lon="-51.0971570">
    <ele>748.1</ele>
   </trkpt>
   <trkpt lat="-26.2448930" lon="-51.0971350">
    <ele>748.1</ele>
   </trkpt>
   <trkpt lat="-26.2448250" lon="-51.0971110">
    <ele>748.1</ele>
   </trkpt>
   <trkpt lat="-26.2447520" lon="-51.0970940">
    <ele>748.1</ele>
   </trkpt>
   <trkpt lat="-26.2446800" lon="-51.0970770">
    <ele>748.1</ele>
   </trkpt>
   <trkpt lat="-26.2446100" lon="-51.0970640">
    <ele>748.1</ele>
   </trkpt>
   <trkpt lat="-26.2445410" lon="-51.0970350">
    <ele>748.1</ele>
   </trkpt>
   <trkpt lat="-26.2444620" lon="-51.0970090">
    <ele>748.1</ele>
   </trkpt>
   <trkpt lat="-26.2443890" lon="-51.0969900">
    <ele>748.0</ele>
   </trkpt>
   <trkpt lat="-26.2443210" lon="-51.0969590">
    <ele>748.0</ele>
   </trkpt>
   <trkpt lat="-26.2442490" lon="-51.0969300">
    <ele>748.0</ele>
   </trkpt>
   <trkpt lat="-26.2441790" lon="-51.0968840">
    <ele>748.0</ele>
   </trkpt>
   <trkpt lat="-26.2441130" lon="-51.0968410">
    <ele>748.0</ele>
   </trkpt>
   <trkpt lat="-26.2440620" lon="-51.0967790">
    <ele>748.0</ele>
   </trkpt>
   <trkpt lat="-26.2440160" lon="-51.0967090">
    <ele>748.1</ele>
   </trkpt>
   <trkpt lat="-26.2439710" lon="-51.0966380">
    <ele>748.1</ele>
   </trkpt>
   <trkpt lat="-26.2439350" lon="-51.0965660">
    <ele>748.2</ele>
   </trkpt>
   <trkpt lat="-26.2438970" lon="-51.0964970">
    <ele>748.2</ele>
   </trkpt>
   <trkpt lat="-26.2438570" lon="-51.0964270">
    <ele>748.3</ele>
   </trkpt>
   <trkpt lat="-26.2438150" lon="-51.0963640">
    <ele>748.3</ele>
   </trkpt>
   <trkpt lat="-26.2437730" lon="-51.0962970">
    <ele>748.4</ele>
   </trkpt>
   <trkpt lat="-26.2437380" lon="-51.0962340">
    <ele>748.4</ele>
   </trkpt>
   <trkpt lat="-26.2436970" lon="-51.0961720">
    <ele>748.5</ele>
   </trkpt>
   <trkpt lat="-26.2436630" lon="-51.0961030">
    <ele>748.5</ele>
   </trkpt>
   <trkpt lat="-26.2436210" lon="-51.0960450">
    <ele>748.5</ele>
   </trkpt>
   <trkpt lat="-26.2435780" lon="-51.0959790">
    <ele>748.5</ele>
   </trkpt>
   <trkpt lat="-26.2435360" lon="-51.0959210">
    <ele>748.6</ele>
   </trkpt>
   <trkpt lat="-26.2434940" lon="-51.0958540">
    <ele>748.5</ele>
   </trkpt>
   <trkpt lat="-26.2434540" lon="-51.0957890">
    <ele>748.5</ele>
   </trkpt>
   <trkpt lat="-26.2434130" lon="-51.0957230">
    <ele>748.4</ele>
   </trkpt>
   <trkpt lat="-26.2433730" lon="-51.0956590">
    <ele>748.3</ele>
   </trkpt>
   <trkpt lat="-26.2433340" lon="-51.0955920">
    <ele>748.3</ele>
   </trkpt>
   <trkpt lat="-26.2432950" lon="-51.0955260">
    <ele>748.2</ele>
   </trkpt>
   <trkpt lat="-26.2432590" lon="-51.0954590">
    <ele>748.2</ele>
   </trkpt>
   <trkpt lat="-26.2432220" lon="-51.0953940">
    <ele>748.3</ele>
   </trkpt>
   <trkpt lat="-26.2431830" lon="-51.0953340">
    <ele>748.4</ele>
   </trkpt>
   <trkpt lat="-26.2431430" lon="-51.0952700">
    <ele>748.5</ele>
   </trkpt>
   <trkpt lat="-26.2431040" lon="-51.0952060">
    <ele>748.6</ele>
   </trkpt>
   <trkpt lat="-26.2430680" lon="-51.0951450">
    <ele>748.7</ele>
   </trkpt>
   <trkpt lat="-26.2430340" lon="-51.0950830">
    <ele>748.8</ele>
   </trkpt>
   <trkpt lat="-26.2430000" lon="-51.0950210">
    <ele>748.9</ele>
   </trkpt>
   <trkpt lat="-26.2429660" lon="-51.0949630">
    <ele>749.0</ele>
   </trkpt>
   <trkpt lat="-26.2429340" lon="-51.0949020">
    <ele>749.1</ele>
   </trkpt>
   <trkpt lat="-26.2429020" lon="-51.0948350">
    <ele>749.1</ele>
   </trkpt>
   <trkpt lat="-26.2428640" lon="-51.0947840">
    <ele>749.2</ele>
   </trkpt>
   <trkpt lat="-26.2428460" lon="-51.0947310">
    <ele>749.2</ele>
   </trkpt>
   <trkpt lat="-26.2428050" lon="-51.0946710">
    <ele>749.2</ele>
   </trkpt>
   <trkpt lat="-26.2427740" lon="-51.0946170">
    <ele>749.2</ele>
   </trkpt>
   <trkpt lat="-26.2427430" lon="-51.0945730">
    <ele>749.2</ele>
   </trkpt>
   <trkpt lat="-26.2427130" lon="-51.0945210">
    <ele>749.3</ele>
   </trkpt>
   <trkpt lat="-26.2426830" lon="-51.0944660">
    <ele>749.3</ele>
   </trkpt>
   <trkpt lat="-26.2426470" lon="-51.0944110">
    <ele>749.3</ele>
   </trkpt>
   <trkpt lat="-26.2426140" lon="-51.0943550">
    <ele>749.3</ele>
   </trkpt>
   <trkpt lat="-26.2425800" lon="-51.0943010">
    <ele>749.3</ele>
   </trkpt>
   <trkpt lat="-26.2425470" lon="-51.0942380">
    <ele>749.3</ele>
   </trkpt>
   <trkpt lat="-26.2425130" lon="-51.0941790">
    <ele>749.3</ele>
   </trkpt>
   <trkpt lat="-26.2424790" lon="-51.0941270">
    <ele>749.3</ele>
   </trkpt>
   <trkpt lat="-26.2424470" lon="-51.0940700">
    <ele>749.3</ele>
   </trkpt>
   <trkpt lat="-26.2424100" lon="-51.0940150">
    <ele>749.3</ele>
   </trkpt>
   <trkpt lat="-26.2423710" lon="-51.0939530">
    <ele>749.3</ele>
   </trkpt>
   <trkpt lat="-26.2423350" lon="-51.0938910">
    <ele>749.3</ele>
   </trkpt>
   <trkpt lat="-26.2422940" lon="-51.0938290">
    <ele>749.3</ele>
   </trkpt>
   <trkpt lat="-26.2422560" lon="-51.0937620">
    <ele>749.3</ele>
   </trkpt>
   <trkpt lat="-26.2422200" lon="-51.0936960">
    <ele>749.3</ele>
   </trkpt>
   <trkpt lat="-26.2421870" lon="-51.0936330">
    <ele>749.2</ele>
   </trkpt>
   <trkpt lat="-26.2421480" lon="-51.0935770">
    <ele>749.2</ele>
   </trkpt>
   <trkpt lat="-26.2421120" lon="-51.0935220">
    <ele>749.2</ele>
   </trkpt>
   <trkpt lat="-26.2420740" lon="-51.0934790">
    <ele>749.2</ele>
   </trkpt>
   <trkpt lat="-26.2420370" lon="-51.0934250">
    <ele>749.2</ele>
   </trkpt>
   <trkpt lat="-26.2420030" lon="-51.0933630">
    <ele>749.3</ele>
   </trkpt>
   <trkpt lat="-26.2419730" lon="-51.0932980">
    <ele>749.3</ele>
   </trkpt>
   <trkpt lat="-26.2419350" lon="-51.0932350">
    <ele>749.3</ele>
   </trkpt>
   <trkpt lat="-26.2418970" lon="-51.0931740">
    <ele>749.3</ele>
   </trkpt>
   <trkpt lat="-26.2418600" lon="-51.0931090">
    <ele>749.4</ele>
   </trkpt>
   <trkpt lat="-26.2418290" lon="-51.0930400">
    <ele>749.4</ele>
   </trkpt>
   <trkpt lat="-26.2417870" lon="-51.0929760">
    <ele>749.5</ele>
   </trkpt>
   <trkpt lat="-26.2417500" lon="-51.0929180">
    <ele>749.5</ele>
   </trkpt>
   <trkpt lat="-26.2417120" lon="-51.0928610">
    <ele>749.5</ele>
   </trkpt>
   <trkpt lat="-26.2416810" lon="-51.0928030">
    <ele>749.6</ele>
   </trkpt>
   <trkpt lat="-26.2416480" lon="-51.0927360">
    <ele>749.6</ele>
   </trkpt>
   <trkpt lat="-26.2416080" lon="-51.0926730">
    <ele>749.7</ele>
   </trkpt>
   <trkpt lat="-26.2415710" lon="-51.0926100">
    <ele>749.7</ele>
   </trkpt>
   <trkpt lat="-26.2415340" lon="-51.0925460">
    <ele>749.7</ele>
   </trkpt>
   <trkpt lat="-26.2415040" lon="-51.0924950">
    <ele>749.7</ele>
   </trkpt>
   <trkpt lat="-26.2414630" lon="-51.0924450">
    <ele>749.7</ele>
   </trkpt>
   <trkpt lat="-26.2414340" lon="-51.0923860">
    <ele>749.7</ele>
   </trkpt>
   <trkpt lat="-26.2414040" lon="-51.0923290">
    <ele>749.7</ele>
   </trkpt>
   <trkpt lat="-26.2413700" lon="-51.0922730">
    <ele>749.7</ele>
   </trkpt>
   <trkpt lat="-26.2413400" lon="-51.0922230">
    <ele>749.7</ele>
   </trkpt>
   <trkpt lat="-26.2413070" lon="-51.0921690">
    <ele>749.7</ele>
   </trkpt>
   <trkpt lat="-26.2412740" lon="-51.0921120">
    <ele>749.7</ele>
   </trkpt>
   <trkpt lat="-26.2412400" lon="-51.0920610">
    <ele>749.8</ele>
   </trkpt>
   <trkpt lat="-26.2412070" lon="-51.0920080">
    <ele>749.8</ele>
   </trkpt>
   <trkpt lat="-26.2411770" lon="-51.0919530">
    <ele>749.9</ele>
   </trkpt>
   <trkpt lat="-26.2411510" lon="-51.0918980">
    <ele>749.9</ele>
   </trkpt>
   <trkpt lat="-26.2411190" lon="-51.0918580">
    <ele>750.0</ele>
   </trkpt>
   <trkpt lat="-26.2410890" lon="-51.0918010">
    <ele>750.1</ele>
   </trkpt>
   <trkpt lat="-26.2410570" lon="-51.0917470">
    <ele>750.2</ele>
   </trkpt>
   <trkpt lat="-26.2410180" lon="-51.0916990">
    <ele>750.3</ele>
   </trkpt>
   <trkpt lat="-26.2409850" lon="-51.0916480">
    <ele>750.4</ele>
   </trkpt>
   <trkpt lat="-26.2409590" lon="-51.0915980">
    <ele>750.5</ele>
   </trkpt>
   <trkpt lat="-26.2409410" lon="-51.0915650">
    <ele>750.5</ele>
   </trkpt>
   <trkpt lat="-26.2409050" lon="-51.0915020">
    <ele>750.7</ele>
   </trkpt>
   <trkpt lat="-26.2408810" lon="-51.0914480">
    <ele>750.8</ele>
   </trkpt>
   <trkpt lat="-26.2408220" lon="-51.0913810">
    <ele>751.0</ele>
   </trkpt>
   <trkpt lat="-26.2407880" lon="-51.0913300">
    <ele>751.2</ele>
   </trkpt>
   <trkpt lat="-26.2407580" lon="-51.0912800">
    <ele>751.3</ele>
   </trkpt>
   <trkpt lat="-26.2407300" lon="-51.0912400">
    <ele>751.5</ele>
   </trkpt>
   <trkpt lat="-26.2407040" lon="-51.0912000">
    <ele>751.6</ele>
   </trkpt>
   <trkpt lat="-26.2406760" lon="-51.0911550">
    <ele>751.8</ele>
   </trkpt>
   <trkpt lat="-26.2406460" lon="-51.0911080">
    <ele>752.0</ele>
   </trkpt>
   <trkpt lat="-26.2406190" lon="-51.0910650">
    <ele>752.3</ele>
   </trkpt>
   <trkpt lat="-26.2405850" lon="-51.0910170">
    <ele>752.5</ele>
   </trkpt>
   <trkpt lat="-26.2405590" lon="-51.0909720">
    <ele>752.8</ele>
   </trkpt>
   <trkpt lat="-26.2405310" lon="-51.0909260">
    <ele>753.1</ele>
   </trkpt>
   <trkpt lat="-26.2405060" lon="-51.0908820">
    <ele>753.3</ele>
   </trkpt>
   <trkpt lat="-26.2404860" lon="-51.0908400">
    <ele>753.6</ele>
   </trkpt>
   <trkpt lat="-26.2404750" lon="-51.0907900">
    <ele>753.9</ele>
   </trkpt>
   <trkpt lat="-26.2404900" lon="-51.0907520">
    <ele>754.2</ele>
   </trkpt>
   <trkpt lat="-26.2405210" lon="-51.0907100">
    <ele>754.3</ele>
   </trkpt>
   <trkpt lat="-26.2405710" lon="-51.0906850">
    <ele>754.3</ele>
   </trkpt>
   <trkpt lat="-26.2406140" lon="-51.0906590">
    <ele>754.3</ele>
   </trkpt>
   <trkpt lat="-26.2406480" lon="-51.0906400">
    <ele>754.4</ele>
   </trkpt>
   <trkpt lat="-26.2406850" lon="-51.0906130">
    <ele>754.4</ele>
   </trkpt>
   <trkpt lat="-26.2407280" lon="-51.0905820">
    <ele>754.5</ele>
   </trkpt>
   <trkpt lat="-26.2407680" lon="-51.0905500">
    <ele>754.5</ele>
   </trkpt>
   <trkpt lat="-26.2408100" lon="-51.0905220">
    <ele>754.6</ele>
   </trkpt>
   <trkpt lat="-26.2408470" lon="-51.0904940">
    <ele>754.6</ele>
   </trkpt>
   <trkpt lat="-26.2408870" lon="-51.0904620">
    <ele>754.7</ele>
   </trkpt>
   <trkpt lat="-26.2409280" lon="-51.0904350">
    <ele>754.7</ele>
   </trkpt>
   <trkpt lat="-26.2409580" lon="-51.0904010">
    <ele>754.8</ele>
   </trkpt>
   <trkpt lat="-26.2409910" lon="-51.0903780">
    <ele>754.8</ele>
   </trkpt>
   <trkpt lat="-26.2410200" lon="-51.0903580">
    <ele>754.9</ele>
   </trkpt>
   <trkpt lat="-26.2410470" lon="-51.0903380">
    <ele>754.9</ele>
   </trkpt>
   <trkpt lat="-26.2410800" lon="-51.0903290">
    <ele>754.9</ele>
   </trkpt>
   <trkpt lat="-26.2410930" lon="-51.0903280">
    <ele>754.9</ele>
   </trkpt>
   <trkpt lat="-26.2410950" lon="-51.0903140">
    <ele>754.9</ele>
   </trkpt>
   <trkpt lat="-26.2411150" lon="-51.0903000">
    <ele>754.9</ele>
   </trkpt>
   <trkpt lat="-26.2411400" lon="-51.0902710">
    <ele>754.9</ele>
   </trkpt>
   <trkpt lat="-26.2411600" lon="-51.0902420">
    <ele>754.9</ele>
   </trkpt>
   <trkpt lat="-26.2411760" lon="-51.0902040">
    <ele>755.0</ele>
   </trkpt>
   <trkpt lat="-26.2411810" lon="-51.0901650">
    <ele>755.0</ele>
   </trkpt>
   <trkpt lat="-26.2411740" lon="-51.0901050">
    <ele>755.1</ele>
   </trkpt>
   <trkpt lat="-26.2411670" lon="-51.0900570">
    <ele>755.1</ele>
   </trkpt>
   <trkpt lat="-26.2411720" lon="-51.0900080">
    <ele>755.2</ele>
   </trkpt>
   <trkpt lat="-26.2411670" lon="-51.0899500">
    <ele>755.4</ele>
   </trkpt>
   <trkpt lat="-26.2411750" lon="-51.0899140">
    <ele>755.4</ele>
   </trkpt>
   <trkpt lat="-26.2411620" lon="-51.0898570">
    <ele>755.6</ele>
   </trkpt>
   <trkpt lat="-26.2411630" lon="-51.0898040">
    <ele>755.8</ele>
   </trkpt>
   <trkpt lat="-26.2411520" lon="-51.0897570">
    <ele>755.9</ele>
   </trkpt>
   <trkpt lat="-26.2411430" lon="-51.0897040">
    <ele>756.1</ele>
   </trkpt>
   <trkpt lat="-26.2411330" lon="-51.0896490">
    <ele>756.3</ele>
   </trkpt>
   <trkpt lat="-26.2411260" lon="-51.0896010">
    <ele>756.4</ele>
   </trkpt>
   <trkpt lat="-26.2411220" lon="-51.0895530">
    <ele>756.6</ele>
   </trkpt>
   <trkpt lat="-26.2411180" lon="-51.0895000">
    <ele>756.7</ele>
   </trkpt>
   <trkpt lat="-26.2411100" lon="-51.0894490">
    <ele>756.9</ele>
   </trkpt>
   <trkpt lat="-26.2411050" lon="-51.0893910">
    <ele>757.0</ele>
   </trkpt>
   <trkpt lat="-26.2411090" lon="-51.0893480">
    <ele>757.1</ele>
   </trkpt>
   <trkpt lat="-26.2410980" lon="-51.0892970">
    <ele>757.2</ele>
   </trkpt>
   <trkpt lat="-26.2410990" lon="-51.0892660">
    <ele>757.3</ele>
   </trkpt>
   <trkpt lat="-26.2410920" lon="-51.0892200">
    <ele>757.3</ele>
   </trkpt>
   <trkpt lat="-26.2410830" lon="-51.0891820">
    <ele>757.4</ele>
   </trkpt>
   <trkpt lat="-26.2410920" lon="-51.0891420">
    <ele>757.4</ele>
   </trkpt>
   <trkpt lat="-26.2410810" lon="-51.0890830">
    <ele>757.4</ele>
   </trkpt>
   <trkpt lat="-26.2410710" lon="-51.0890430">
    <ele>757.4</ele>
   </trkpt>
   <trkpt lat="-26.2410650" lon="-51.0889970">
    <ele>757.4</ele>
   </trkpt>
   <trkpt lat="-26.2410590" lon="-51.0889520">
    <ele>757.5</ele>
   </trkpt>
   <trkpt lat="-26.2410610" lon="-51.0889080">
    <ele>757.5</ele>
   </trkpt>
   <trkpt lat="-26.2410650" lon="-51.0888610">
    <ele>757.6</ele>
   </trkpt>
   <trkpt lat="-26.2410690" lon="-51.0888030">
    <ele>757.7</ele>
   </trkpt>
   <trkpt lat="-26.2410680" lon="-51.0887540">
    <ele>757.7</ele>
   </trkpt>
   <trkpt lat="-26.2410770" lon="-51.0887140">
    <ele>757.7</ele>
   </trkpt>
   <trkpt lat="-26.2410860" lon="-51.0886790">
    <ele>757.8</ele>
   </trkpt>
   <trkpt lat="-26.2410990" lon="-51.0886330">
    <ele>757.8</ele>
   </trkpt>
   <trkpt lat="-26.2411000" lon="-51.0885820">
    <ele>757.8</ele>
   </trkpt>
   <trkpt lat="-26.2411090" lon="-51.0885320">
    <ele>757.8</ele>
   </trkpt>
   <trkpt lat="-26.2411130" lon="-51.0884900">
    <ele>757.8</ele>
   </trkpt>
   <trkpt lat="-26.2411220" lon="-51.0884400">
    <ele>757.8</ele>
   </trkpt>
   <trkpt lat="-26.2411330" lon="-51.0884060">
    <ele>757.8</ele>
   </trkpt>
   <trkpt lat="-26.2411510" lon="-51.0883510">
    <ele>757.8</ele>
   </trkpt>
   <trkpt lat="-26.2411770" lon="-51.0882960">
    <ele>757.7</ele>
   </trkpt>
   <trkpt lat="-26.2412000" lon="-51.0882520">
    <ele>757.7</ele>
   </trkpt>
   <trkpt lat="-26.2412180" lon="-51.0882150">
    <ele>757.6</ele>
   </trkpt>
   <trkpt lat="-26.2412530" lon="-51.0881560">
    <ele>757.6</ele>
   </trkpt>
   <trkpt lat="-26.2412910" lon="-51.0881140">
    <ele>757.5</ele>
   </trkpt>
   <trkpt lat="-26.2413200" lon="-51.0880710">
    <ele>757.5</ele>
   </trkpt>
   <trkpt lat="-26.2413510" lon="-51.0880240">
    <ele>757.4</ele>
   </trkpt>
   <trkpt lat="-26.2413840" lon="-51.0879860">
    <ele>757.4</ele>
   </trkpt>
   <trkpt lat="-26.2414240" lon="-51.0879390">
    <ele>757.4</ele>
   </trkpt>
   <trkpt lat="-26.2414580" lon="-51.0878930">
    <ele>757.4</ele>
   </trkpt>
   <trkpt lat="-26.2414930" lon="-51.0878540">
    <ele>757.4</ele>
   </trkpt>
   <trkpt lat="-26.2415350" lon="-51.0878220">
    <ele>757.4</ele>
   </trkpt>
   <trkpt lat="-26.2415670" lon="-51.0877840">
    <ele>757.4</ele>
   </trkpt>
   <trkpt lat="-26.2415990" lon="-51.0877500">
    <ele>757.4</ele>
   </trkpt>
   <trkpt lat="-26.2416190" lon="-51.0877380">
    <ele>757.4</ele>
   </trkpt>
   <trkpt lat="-26.2416740" lon="-51.0877130">
    <ele>757.4</ele>
   </trkpt>
   <trkpt lat="-26.2417270" lon="-51.0876870">
    <ele>757.3</ele>
   </trkpt>
   <trkpt lat="-26.2417810" lon="-51.0876590">
    <ele>757.3</ele>
   </trkpt>
   <trkpt lat="-26.2418340" lon="-51.0876430">
    <ele>757.3</ele>
   </trkpt>
   <trkpt lat="-26.2418820" lon="-51.0876300">
    <ele>757.3</ele>
   </trkpt>
   <trkpt lat="-26.2419320" lon="-51.0876170">
    <ele>757.2</ele>
   </trkpt>
   <trkpt lat="-26.2419820" lon="-51.0876130">
    <ele>757.2</ele>
   </trkpt>
   <trkpt lat="-26.2420340" lon="-51.0875990">
    <ele>757.2</ele>
   </trkpt>
   <trkpt lat="-26.2420920" lon="-51.0876010">
    <ele>757.2</ele>
   </trkpt>
   <trkpt lat="-26.2421450" lon="-51.0875990">
    <ele>757.1</ele>
   </trkpt>
   <trkpt lat="-26.2422010" lon="-51.0876030">
    <ele>757.1</ele>
   </trkpt>
   <trkpt lat="-26.2422550" lon="-51.0876110">
    <ele>757.0</ele>
   </trkpt>
   <trkpt lat="-26.2423180" lon="-51.0876210">
    <ele>757.0</ele>
   </trkpt>
   <trkpt lat="-26.2423590" lon="-51.0876260">
    <ele>757.0</ele>
   </trkpt>
   <trkpt lat="-26.2424270" lon="-51.0876300">
    <ele>756.9</ele>
   </trkpt>
   <trkpt lat="-26.2424780" lon="-51.0876320">
    <ele>756.9</ele>
   </trkpt>
   <trkpt lat="-26.2425400" lon="-51.0876390">
    <ele>756.9</ele>
   </trkpt>
   <trkpt lat="-26.2425950" lon="-51.0876470">
    <ele>756.9</ele>
   </trkpt>
   <trkpt lat="-26.2426560" lon="-51.0876640">
    <ele>756.9</ele>
   </trkpt>
   <trkpt lat="-26.2427200" lon="-51.0876670">
    <ele>756.9</ele>
   </trkpt>
   <trkpt lat="-26.2427790" lon="-51.0876690">
    <ele>756.9</ele>
   </trkpt>
   <trkpt lat="-26.2428410" lon="-51.0876790">
    <ele>756.8</ele>
   </trkpt>
   <trkpt lat="-26.2429000" lon="-51.0876940">
    <ele>756.7</ele>
   </trkpt>
   <trkpt lat="-26.2429560" lon="-51.0876960">
    <ele>756.7</ele>
   </trkpt>
   <trkpt lat="-26.2430180" lon="-51.0877020">
    <ele>756.6</ele>
   </trkpt>
   <trkpt lat="-26.2430750" lon="-51.0877050">
    <ele>756.6</ele>
   </trkpt>
   <trkpt lat="-26.2431380" lon="-51.0877230">
    <ele>756.5</ele>
   </trkpt>
   <trkpt lat="-26.2431940" lon="-51.0877270">
    <ele>756.5</ele>
   </trkpt>
   <trkpt lat="-26.2432490" lon="-51.0877290">
    <ele>756.5</ele>
   </trkpt>
   <trkpt lat="-26.2433120" lon="-51.0877280">
    <ele>756.5</ele>
   </trkpt>
   <trkpt lat="-26.2433680" lon="-51.0877360">
    <ele>756.5</ele>
   </trkpt>
   <trkpt lat="-26.2434200" lon="-51.0877410">
    <ele>756.5</ele>
   </trkpt>
   <trkpt lat="-26.2434770" lon="-51.0877570">
    <ele>756.6</ele>
   </trkpt>
   <trkpt lat="-26.2435260" lon="-51.0877550">
    <ele>756.7</ele>
   </trkpt>
   <trkpt lat="-26.2435650" lon="-51.0877590">
    <ele>756.7</ele>
   </trkpt>
   <trkpt lat="-26.2436110" lon="-51.0877610">
    <ele>756.8</ele>
   </trkpt>
   <trkpt lat="-26.2436560" lon="-51.0877640">
    <ele>757.0</ele>
   </trkpt>
   <trkpt lat="-26.2436910" lon="-51.0877680">
    <ele>757.1</ele>
   </trkpt>
   <trkpt lat="-26.2437260" lon="-51.0877670">
    <ele>757.3</ele>
   </trkpt>
   <trkpt lat="-26.2437610" lon="-51.0877620">
    <ele>757.4</ele>
   </trkpt>
   <trkpt lat="-26.2437970" lon="-51.0877430">
    <ele>757.6</ele>
   </trkpt>
   <trkpt lat="-26.2438230" lon="-51.0877010">
    <ele>757.8</ele>
   </trkpt>
   <trkpt lat="-26.2438300" lon="-51.0876630">
    <ele>758.0</ele>
   </trkpt>
   <trkpt lat="-26.2438360" lon="-51.0876300">
    <ele>758.1</ele>
   </trkpt>
   <trkpt lat="-26.2438320" lon="-51.0875980">
    <ele>758.3</ele>
   </trkpt>
   <trkpt lat="-26.2438200" lon="-51.0875700">
    <ele>758.4</ele>
   </trkpt>
   <trkpt lat="-26.2438140" lon="-51.0875590">
    <ele>758.4</ele>
   </trkpt>
   <trkpt lat="-26.2438000" lon="-51.0875290">
    <ele>758.5</ele>
   </trkpt>
   <trkpt lat="-26.2437810" lon="-51.0874940">
    <ele>758.6</ele>
   </trkpt>
   <trkpt lat="-26.2437530" lon="-51.0874600">
    <ele>758.7</ele>
   </trkpt>
   <trkpt lat="-26.2437180" lon="-51.0874370">
    <ele>758.7</ele>
   </trkpt>
   <trkpt lat="-26.2436630" lon="-51.0874320">
    <ele>758.6</ele>
   </trkpt>
   <trkpt lat="-26.2435980" lon="-51.0874400">
    <ele>758.5</ele>
   </trkpt>
   <trkpt lat="-26.2435330" lon="-51.0874520">
    <ele>758.4</ele>
   </trkpt>
   <trkpt lat="-26.2434680" lon="-51.0874540">
    <ele>758.3</ele>
   </trkpt>
   <trkpt lat="-26.2434040" lon="-51.0874540">
    <ele>758.2</ele>
   </trkpt>
   <trkpt lat="-26.2433360" lon="-51.0874540">
    <ele>758.2</ele>
   </trkpt>
   <trkpt lat="-26.2432660" lon="-51.0874510">
    <ele>758.1</ele>
   </trkpt>
   <trkpt lat="-26.2431970" lon="-51.0874550">
    <ele>758.1</ele>
   </trkpt>
   <trkpt lat="-26.2431340" lon="-51.0874540">
    <ele>758.0</ele>
   </trkpt>
   <trkpt lat="-26.2430620" lon="-51.0874480">
    <ele>758.0</ele>
   </trkpt>
   <trkpt lat="-26.2429980" lon="-51.0874400">
    <ele>758.0</ele>
   </trkpt>
   <trkpt lat="-26.2429310" lon="-51.0874400">
    <ele>758.0</ele>
   </trkpt>
   <trkpt lat="-26.2428650" lon="-51.0874400">
    <ele>757.9</ele>
   </trkpt>
   <trkpt lat="-26.2427960" lon="-51.0874330">
    <ele>757.9</ele>
   </trkpt>
   <trkpt lat="-26.2427490" lon="-51.0874300">
    <ele>757.9</ele>
   </trkpt>
   <trkpt lat="-26.2426750" lon="-51.0874220">
    <ele>757.8</ele>
   </trkpt>
   <trkpt lat="-26.2426060" lon="-51.0874200">
    <ele>757.8</ele>
   </trkpt>
   <trkpt lat="-26.2425250" lon="-51.0874010">
    <ele>757.8</ele>
   </trkpt>
   <trkpt lat="-26.2424520" lon="-51.0873900">
    <ele>757.7</ele>
   </trkpt>
   <trkpt lat="-26.2423900" lon="-51.0873830">
    <ele>757.7</ele>
   </trkpt>
   <trkpt lat="-26.2423280" lon="-51.0873790">
    <ele>757.7</ele>
   </trkpt>
   <trkpt lat="-26.2422570" lon="-51.0873650">
    <ele>757.6</ele>
   </trkpt>
   <trkpt lat="-26.2421950" lon="-51.0873490">
    <ele>757.6</ele>
   </trkpt>
   <trkpt lat="-26.2421240" lon="-51.0873310">
    <ele>757.6</ele>
   </trkpt>
   <trkpt lat="-26.2420600" lon="-51.0873130">
    <ele>757.6</ele>
   </trkpt>
   <trkpt lat="-26.2419980" lon="-51.0872840">
    <ele>757.6</ele>
   </trkpt>
   <trkpt lat="-26.2419330" lon="-51.0872590">
    <ele>757.5</ele>
   </trkpt>
   <trkpt lat="-26.2418690" lon="-51.0872480">
    <ele>757.5</ele>
   </trkpt>
   <trkpt lat="-26.2418040" lon="-51.0872320">
    <ele>757.6</ele>
   </trkpt>
   <trkpt lat="-26.2417370" lon="-51.0872260">
    <ele>757.6</ele>
   </trkpt>
   <trkpt lat="-26.2416650" lon="-51.0872150">
    <ele>757.6</ele>
   </trkpt>
   <trkpt lat="-26.2416000" lon="-51.0871970">
    <ele>757.6</ele>
   </trkpt>
   <trkpt lat="-26.2415290" lon="-51.0871810">
    <ele>757.5</ele>
   </trkpt>
   <trkpt lat="-26.2414590" lon="-51.0871690">
    <ele>757.5</ele>
   </trkpt>
   <trkpt lat="-26.2413910" lon="-51.0871560">
    <ele>757.5</ele>
   </trkpt>
   <trkpt lat="-26.2413240" lon="-51.0871620">
    <ele>757.5</ele>
   </trkpt>
   <trkpt lat="-26.2412540" lon="-51.0871470">
    <ele>757.6</ele>
   </trkpt>
   <trkpt lat="-26.2411990" lon="-51.0871170">
    <ele>757.6</ele>
   </trkpt>
   <trkpt lat="-26.2411260" lon="-51.0871070">
    <ele>757.6</ele>
   </trkpt>
   <trkpt lat="-26.2410590" lon="-51.0871000">
    <ele>757.7</ele>
   </trkpt>
   <trkpt lat="-26.2409990" lon="-51.0870830">
    <ele>757.7</ele>
   </trkpt>
   <trkpt lat="-26.2409360" lon="-51.0870730">
    <ele>757.7</ele>
   </trkpt>
   <trkpt lat="-26.2408700" lon="-51.0870610">
    <ele>757.7</ele>
   </trkpt>
   <trkpt lat="-26.2408050" lon="-51.0870560">
    <ele>757.7</ele>
   </trkpt>
   <trkpt lat="-26.2407440" lon="-51.0870520">
    <ele>757.7</ele>
   </trkpt>
   <trkpt lat="-26.2406720" lon="-51.0870520">
    <ele>757.7</ele>
   </trkpt>
   <trkpt lat="-26.2406030" lon="-51.0870440">
    <ele>757.7</ele>
   </trkpt>
   <trkpt lat="-26.2405360" lon="-51.0870330">
    <ele>757.7</ele>
   </trkpt>
   <trkpt lat="-26.2404760" lon="-51.0870300">
    <ele>757.7</ele>
   </trkpt>
   <trkpt lat="-26.2404040" lon="-51.0870080">
    <ele>757.7</ele>
   </trkpt>
   <trkpt lat="-26.2403360" lon="-51.0870050">
    <ele>757.7</ele>
   </trkpt>
   <trkpt lat="-26.2402750" lon="-51.0869990">
    <ele>757.8</ele>
   </trkpt>
   <trkpt lat="-26.2402140" lon="-51.0869780">
    <ele>757.8</ele>
   </trkpt>
   <trkpt lat="-26.2401620" lon="-51.0869520">
    <ele>757.9</ele>
   </trkpt>
   <trkpt lat="-26.2400970" lon="-51.0869440">
    <ele>757.9</ele>
   </trkpt>
   <trkpt lat="-26.2400320" lon="-51.0869350">
    <ele>757.9</ele>
   </trkpt>
   <trkpt lat="-26.2399710" lon="-51.0869260">
    <ele>757.9</ele>
   </trkpt>
   <trkpt lat="-26.2399100" lon="-51.0869250">
    <ele>757.9</ele>
   </trkpt>
   <trkpt lat="-26.2398450" lon="-51.0869160">
    <ele>757.9</ele>
   </trkpt>
   <trkpt lat="-26.2397850" lon="-51.0869090">
    <ele>757.9</ele>
   </trkpt>
   <trkpt lat="-26.2397200" lon="-51.0869110">
    <ele>757.9</ele>
   </trkpt>
   <trkpt lat="-26.2396460" lon="-51.0869090">
    <ele>757.9</ele>
   </trkpt>
   <trkpt lat="-26.2395880" lon="-51.0868930">
    <ele>757.9</ele>
   </trkpt>
   <trkpt lat="-26.2395210" lon="-51.0868940">
    <ele>757.9</ele>
   </trkpt>
   <trkpt lat="-26.2394530" lon="-51.0868800">
    <ele>757.9</ele>
   </trkpt>
   <trkpt lat="-26.2393840" lon="-51.0868760">
    <ele>757.8</ele>
   </trkpt>
   <trkpt lat="-26.2393160" lon="-51.0868550">
    <ele>757.8</ele>
   </trkpt>
   <trkpt lat="-26.2392550" lon="-51.0868600">
    <ele>757.8</ele>
   </trkpt>
   <trkpt lat="-26.2391820" lon="-51.0868520">
    <ele>757.8</ele>
   </trkpt>
   <trkpt lat="-26.2391230" lon="-51.0868340">
    <ele>757.8</ele>
   </trkpt>
   <trkpt lat="-26.2390570" lon="-51.0868110">
    <ele>757.8</ele>
   </trkpt>
   <trkpt lat="-26.2389970" lon="-51.0868100">
    <ele>757.8</ele>
   </trkpt>
   <trkpt lat="-26.2389340" lon="-51.0867960">
    <ele>757.8</ele>
   </trkpt>
   <trkpt lat="-26.2388630" lon="-51.0867910">
    <ele>757.8</ele>
   </trkpt>
   <trkpt lat="-26.2387990" lon="-51.0867750">
    <ele>757.9</ele>
   </trkpt>
   <trkpt lat="-26.2387360" lon="-51.0867700">
    <ele>757.9</ele>
   </trkpt>
   <trkpt lat="-26.2386770" lon="-51.0867490">
    <ele>757.9</ele>
   </trkpt>
   <trkpt lat="-26.2386200" lon="-51.0867420">
    <ele>757.9</ele>
   </trkpt>
   <trkpt lat="-26.2385520" lon="-51.0867100">
    <ele>757.9</ele>
   </trkpt>
   <trkpt lat="-26.2384910" lon="-51.0866860">
    <ele>757.9</ele>
   </trkpt>
   <trkpt lat="-26.2384210" lon="-51.0866890">
    <ele>757.9</ele>
   </trkpt>
   <trkpt lat="-26.2383530" lon="-51.0866690">
    <ele>757.9</ele>
   </trkpt>
   <trkpt lat="-26.2382830" lon="-51.0866500">
    <ele>757.9</ele>
   </trkpt>
   <trkpt lat="-26.2382250" lon="-51.0866410">
    <ele>757.9</ele>
   </trkpt>
   <trkpt lat="-26.2381550" lon="-51.0866300">
    <ele>757.9</ele>
   </trkpt>
   <trkpt lat="-26.2380940" lon="-51.0866180">
    <ele>757.9</ele>
   </trkpt>
   <trkpt lat="-26.2380290" lon="-51.0866130">
    <ele>757.9</ele>
   </trkpt>
   <trkpt lat="-26.2379640" lon="-51.0866090">
    <ele>757.9</ele>
   </trkpt>
   <trkpt lat="-26.2378980" lon="-51.0866030">
    <ele>757.9</ele>
   </trkpt>
   <trkpt lat="-26.2378280" lon="-51.0865980">
    <ele>757.9</ele>
   </trkpt>
   <trkpt lat="-26.2377700" lon="-51.0865920">
    <ele>757.9</ele>
   </trkpt>
   <trkpt lat="-26.2377060" lon="-51.0865820">
    <ele>757.8</ele>
   </trkpt>
   <trkpt lat="-26.2376440" lon="-51.0865700">
    <ele>757.8</ele>
   </trkpt>
   <trkpt lat="-26.2375740" lon="-51.0865580">
    <ele>757.8</ele>
   </trkpt>
   <trkpt lat="-26.2375100" lon="-51.0865440">
    <ele>757.8</ele>
   </trkpt>
   <trkpt lat="-26.2374450" lon="-51.0865300">
    <ele>757.8</ele>
   </trkpt>
   <trkpt lat="-26.2373840" lon="-51.0865180">
    <ele>757.7</ele>
   </trkpt>
   <trkpt lat="-26.2373120" lon="-51.0865040">
    <ele>757.7</ele>
   </trkpt>
   <trkpt lat="-26.2372460" lon="-51.0864880">
    <ele>757.7</ele>
   </trkpt>
   <trkpt lat="-26.2371800" lon="-51.0864690">
    <ele>757.7</ele>
   </trkpt>
   <trkpt lat="-26.2371210" lon="-51.0864550">
    <ele>757.7</ele>
   </trkpt>
   <trkpt lat="-26.2370490" lon="-51.0864500">
    <ele>757.7</ele>
   </trkpt>
   <trkpt lat="-26.2369900" lon="-51.0864320">
    <ele>757.7</ele>
   </trkpt>
   <trkpt lat="-26.2369230" lon="-51.0864260">
    <ele>757.7</ele>
   </trkpt>
   <trkpt lat="-26.2368530" lon="-51.0864200">
    <ele>757.7</ele>
   </trkpt>
   <trkpt lat="-26.2367910" lon="-51.0864000">
    <ele>757.7</ele>
   </trkpt>
   <trkpt lat="-26.2367210" lon="-51.0863780">
    <ele>757.7</ele>
   </trkpt>
   <trkpt lat="-26.2366530" lon="-51.0863710">
    <ele>757.7</ele>
   </trkpt>
   <trkpt lat="-26.2365850" lon="-51.0863700">
    <ele>757.7</ele>
   </trkpt>
   <trkpt lat="-26.2365210" lon="-51.0863560">
    <ele>757.7</ele>
   </trkpt>
   <trkpt lat="-26.2364620" lon="-51.0863500">
    <ele>757.8</ele>
   </trkpt>
   <trkpt lat="-26.2364010" lon="-51.0863350">
    <ele>757.8</ele>
   </trkpt>
   <trkpt lat="-26.2363350" lon="-51.0863060">
    <ele>757.8</ele>
   </trkpt>
   <trkpt lat="-26.2362760" lon="-51.0862940">
    <ele>757.8</ele>
   </trkpt>
   <trkpt lat="-26.2362080" lon="-51.0862830">
    <ele>757.8</ele>
   </trkpt>
   <trkpt lat="-26.2361480" lon="-51.0862780">
    <ele>757.8</ele>
   </trkpt>
   <trkpt lat="-26.2360770" lon="-51.0862730">
    <ele>757.8</ele>
   </trkpt>
   <trkpt lat="-26.2360140" lon="-51.0862700">
    <ele>757.8</ele>
   </trkpt>
   <trkpt lat="-26.2359390" lon="-51.0862630">
    <ele>757.8</ele>
   </trkpt>
   <trkpt lat="-26.2358740" lon="-51.0862480">
    <ele>757.8</ele>
   </trkpt>
   <trkpt lat="-26.2358080" lon="-51.0862500">
    <ele>757.8</ele>
   </trkpt>
   <trkpt lat="-26.2357380" lon="-51.0862420">
    <ele>757.7</ele>
   </trkpt>
   <trkpt lat="-26.2356660" lon="-51.0862420">
    <ele>757.7</ele>
   </trkpt>
   <trkpt lat="-26.2356040" lon="-51.0862290">
    <ele>757.6</ele>
   </trkpt>
   <trkpt lat="-26.2355330" lon="-51.0862220">
    <ele>757.6</ele>
   </trkpt>
   <trkpt lat="-26.2354700" lon="-51.0862070">
    <ele>757.5</ele>
   </trkpt>
   <trkpt lat="-26.2353960" lon="-51.0861960">
    <ele>757.5</ele>
   </trkpt>
   <trkpt lat="-26.2353430" lon="-51.0861700">
    <ele>757.4</ele>
   </trkpt>
   <trkpt lat="-26.2352650" lon="-51.0861640">
    <ele>757.4</ele>
   </trkpt>
   <trkpt lat="-26.2351930" lon="-51.0861510">
    <ele>757.4</ele>
   </trkpt>
   <trkpt lat="-26.2351320" lon="-51.0861350">
    <ele>757.4</ele>
   </trkpt>
   <trkpt lat="-26.2350630" lon="-51.0861190">
    <ele>757.4</ele>
   </trkpt>
   <trkpt lat="-26.2350010" lon="-51.0860990">
    <ele>757.4</ele>
   </trkpt>
   <trkpt lat="-26.2349310" lon="-51.0860820">
    <ele>757.4</ele>
   </trkpt>
   <trkpt lat="-26.2348680" lon="-51.0860700">
    <ele>757.4</ele>
   </trkpt>
   <trkpt lat="-26.2348020" lon="-51.0860430">
    <ele>757.4</ele>
   </trkpt>
   <trkpt lat="-26.2347480" lon="-51.0860300">
    <ele>757.5</ele>
   </trkpt>
   <trkpt lat="-26.2346970" lon="-51.0860270">
    <ele>757.5</ele>
   </trkpt>
   <trkpt lat="-26.2346460" lon="-51.0860050">
    <ele>757.5</ele>
   </trkpt>
   <trkpt lat="-26.2345750" lon="-51.0859940">
    <ele>757.5</ele>
   </trkpt>
   <trkpt lat="-26.2345120" lon="-51.0859660">
    <ele>757.6</ele>
   </trkpt>
   <trkpt lat="-26.2344640" lon="-51.0859540">
    <ele>757.6</ele>
   </trkpt>
   <trkpt lat="-26.2344160" lon="-51.0859410">
    <ele>757.6</ele>
   </trkpt>
   <trkpt lat="-26.2343680" lon="-51.0859270">
    <ele>757.6</ele>
   </trkpt>
   <trkpt lat="-26.2343220" lon="-51.0859170">
    <ele>757.6</ele>
   </trkpt>
   <trkpt lat="-26.2342720" lon="-51.0859100">
    <ele>757.6</ele>
   </trkpt>
   <trkpt lat="-26.2342230" lon="-51.0859070">
    <ele>757.6</ele>
   </trkpt>
   <trkpt lat="-26.2341510" lon="-51.0859020">
    <ele>757.6</ele>
   </trkpt>
   <trkpt lat="-26.2340990" lon="-51.0858970">
    <ele>757.6</ele>
   </trkpt>
   <trkpt lat="-26.2340330" lon="-51.0858950">
    <ele>757.6</ele>
   </trkpt>
   <trkpt lat="-26.2339770" lon="-51.0858860">
    <ele>757.6</ele>
   </trkpt>
   <trkpt lat="-26.2339170" lon="-51.0858670">
    <ele>757.6</ele>
   </trkpt>
   <trkpt lat="-26.2338630" lon="-51.0858510">
    <ele>757.6</ele>
   </trkpt>
   <trkpt lat="-26.2338060" lon="-51.0858320">
    <ele>757.6</ele>
   </trkpt>
   <trkpt lat="-26.2337490" lon="-51.0858050">
    <ele>757.6</ele>
   </trkpt>
   <trkpt lat="-26.2336970" lon="-51.0857930">
    <ele>757.6</ele>
   </trkpt>
   <trkpt lat="-26.2336360" lon="-51.0857710">
    <ele>757.6</ele>
   </trkpt>
   <trkpt lat="-26.2335720" lon="-51.0857550">
    <ele>757.6</ele>
   </trkpt>
   <trkpt lat="-26.2335150" lon="-51.0857480">
    <ele>757.6</ele>
   </trkpt>
   <trkpt lat="-26.2334550" lon="-51.0857390">
    <ele>757.6</ele>
   </trkpt>
   <trkpt lat="-26.2333950" lon="-51.0857080">
    <ele>757.5</ele>
   </trkpt>
   <trkpt lat="-26.2333260" lon="-51.0856950">
    <ele>757.5</ele>
   </trkpt>
   <trkpt lat="-26.2332690" lon="-51.0856810">
    <ele>757.5</ele>
   </trkpt>
   <trkpt lat="-26.2332080" lon="-51.0856670">
    <ele>757.4</ele>
   </trkpt>
   <trkpt lat="-26.2331440" lon="-51.0856360">
    <ele>757.4</ele>
   </trkpt>
   <trkpt lat="-26.2330920" lon="-51.0856130">
    <ele>757.4</ele>
   </trkpt>
   <trkpt lat="-26.2330360" lon="-51.0856060">
    <ele>757.4</ele>
   </trkpt>
   <trkpt lat="-26.2329870" lon="-51.0855810">
    <ele>757.4</ele>
   </trkpt>
   <trkpt lat="-26.2329320" lon="-51.0855640">
    <ele>757.4</ele>
   </trkpt>
   <trkpt lat="-26.2328810" lon="-51.0855460">
    <ele>757.4</ele>
   </trkpt>
   <trkpt lat="-26.2328220" lon="-51.0855250">
    <ele>757.5</ele>
   </trkpt>
   <trkpt lat="-26.2327850" lon="-51.0855010">
    <ele>757.5</ele>
   </trkpt>
   <trkpt lat="-26.2327510" lon="-51.0854740">
    <ele>757.5</ele>
   </trkpt>
   <trkpt lat="-26.2327160" lon="-51.0854720">
    <ele>757.6</ele>
   </trkpt>
   <trkpt lat="-26.2327010" lon="-51.0854620">
    <ele>757.6</ele>
   </trkpt>
   <trkpt lat="-26.2326650" lon="-51.0854610">
    <ele>757.6</ele>
   </trkpt>
   <trkpt lat="-26.2326270" lon="-51.0854530">
    <ele>757.6</ele>
   </trkpt>
   <trkpt lat="-26.2325970" lon="-51.0854560">
    <ele>757.5</ele>
   </trkpt>
   <trkpt lat="-26.2325580" lon="-51.0854660">
    <ele>757.5</ele>
   </trkpt>
   <trkpt lat="-26.2325290" lon="-51.0854990">
    <ele>757.5</ele>
   </trkpt>
   <trkpt lat="-26.2325010" lon="-51.0855350">
    <ele>757.5</ele>
   </trkpt>
   <trkpt lat="-26.2324700" lon="-51.0855680">
    <ele>757.4</ele>
   </trkpt>
   <trkpt lat="-26.2324270" lon="-51.0855990">
    <ele>757.4</ele>
   </trkpt>
   <trkpt lat="-26.2323770" lon="-51.0856140">
    <ele>757.4</ele>
   </trkpt>
   <trkpt lat="-26.2323430" lon="-51.0856620">
    <ele>757.3</ele>
   </trkpt>
   <trkpt lat="-26.2323150" lon="-51.0856920">
    <ele>757.3</ele>
   </trkpt>
   <trkpt lat="-26.2322840" lon="-51.0857190">
    <ele>757.3</ele>
   </trkpt>
   <trkpt lat="-26.2322490" lon="-51.0857470">
    <ele>757.3</ele>
   </trkpt>
   <trkpt lat="-26.2322340" lon="-51.0857550">
    <ele>757.3</ele>
   </trkpt>
   <trkpt lat="-26.2321990" lon="-51.0857690">
    <ele>757.2</ele>
   </trkpt>
   <trkpt lat="-26.2321810" lon="-51.0857600">
    <ele>757.2</ele>
   </trkpt>
   <trkpt lat="-26.2321570" lon="-51.0857840">
    <ele>757.2</ele>
   </trkpt>
   <trkpt lat="-26.2321250" lon="-51.0858050">
    <ele>757.2</ele>
   </trkpt>
   <trkpt lat="-26.2320970" lon="-51.0858410">
    <ele>757.2</ele>
   </trkpt>
   <trkpt lat="-26.2320870" lon="-51.0858550">
    <ele>757.2</ele>
   </trkpt>
   <trkpt lat="-26.2320720" lon="-51.0858900">
    <ele>757.2</ele>
   </trkpt>
   <trkpt lat="-26.2320700" lon="-51.0859020">
    <ele>757.2</ele>
   </trkpt>
   <trkpt lat="-26.2320330" lon="-51.0859420">
    <ele>757.2</ele>
   </trkpt>
   <trkpt lat="-26.2320110" lon="-51.0859780">
    <ele>757.2</ele>
   </trkpt>
   <trkpt lat="-26.2319880" lon="-51.0860120">
    <ele>757.2</ele>
   </trkpt>
   <trkpt lat="-26.2319580" lon="-51.0860280">
    <ele>757.2</ele>
   </trkpt>
   <trkpt lat="-26.2319330" lon="-51.0860710">
    <ele>757.2</ele>
   </trkpt>
   <trkpt lat="-26.2319060" lon="-51.0861030">
    <ele>757.1</ele>
   </trkpt>
   <trkpt lat="-26.2318830" lon="-51.0861240">
    <ele>757.1</ele>
   </trkpt>
   <trkpt lat="-26.2318660" lon="-51.0861450">
    <ele>757.1</ele>
   </trkpt>
   <trkpt lat="-26.2318640" lon="-51.0861600">
    <ele>757.1</ele>
   </trkpt>
   <trkpt lat="-26.2318330" lon="-51.0861780">
    <ele>757.0</ele>
   </trkpt>
   <trkpt lat="-26.2318140" lon="-51.0861800">
    <ele>757.0</ele>
   </trkpt>
   <trkpt lat="-26.2317730" lon="-51.0861980">
    <ele>757.0</ele>
   </trkpt>
   <trkpt lat="-26.2317720" lon="-51.0862190">
    <ele>757.0</ele>
   </trkpt>
   <trkpt lat="-26.2317710" lon="-51.0862360">
    <ele>757.0</ele>
   </trkpt>
   <trkpt lat="-26.2317700" lon="-51.0862530">
    <ele>757.0</ele>
   </trkpt>
   <trkpt lat="-26.2317260" lon="-51.0862970">
    <ele>757.0</ele>
   </trkpt>
   <trkpt lat="-26.2316840" lon="-51.0863240">
    <ele>756.9</ele>
   </trkpt>
   <trkpt lat="-26.2316650" lon="-51.0863590">
    <ele>756.9</ele>
   </trkpt>
   <trkpt lat="-26.2316210" lon="-51.0863920">
    <ele>756.9</ele>
   </trkpt>
   <trkpt lat="-26.2315700" lon="-51.0864170">
    <ele>756.9</ele>
   </trkpt>
   <trkpt lat="-26.2315170" lon="-51.0864560">
    <ele>756.8</ele>
   </trkpt>
   <trkpt lat="-26.2314760" lon="-51.0865020">
    <ele>756.8</ele>
   </trkpt>
   <trkpt lat="-26.2314280" lon="-51.0865270">
    <ele>756.8</ele>
   </trkpt>
   <trkpt lat="-26.2313660" lon="-51.0865530">
    <ele>756.8</ele>
   </trkpt>
   <trkpt lat="-26.2313070" lon="-51.0865770">
    <ele>756.8</ele>
   </trkpt>
   <trkpt lat="-26.2312690" lon="-51.0865940">
    <ele>756.7</ele>
   </trkpt>
   <trkpt lat="-26.2312230" lon="-51.0866120">
    <ele>756.6</ele>
   </trkpt>
   <trkpt lat="-26.2311700" lon="-51.0866420">
    <ele>756.6</ele>
   </trkpt>
   <trkpt lat="-26.2311220" lon="-51.0866710">
    <ele>756.5</ele>
   </trkpt>
   <trkpt lat="-26.2310860" lon="-51.0866840">
    <ele>756.5</ele>
   </trkpt>
   <trkpt lat="-26.2310340" lon="-51.0867020">
    <ele>756.5</ele>
   </trkpt>
   <trkpt lat="-26.2309830" lon="-51.0867080">
    <ele>756.4</ele>
   </trkpt>
   <trkpt lat="-26.2309470" lon="-51.0867030">
    <ele>756.4</ele>
   </trkpt>
   <trkpt lat="-26.2308790" lon="-51.0866990">
    <ele>756.4</ele>
   </trkpt>
   <trkpt lat="-26.2308190" lon="-51.0867000">
    <ele>756.5</ele>
   </trkpt>
   <trkpt lat="-26.2307610" lon="-51.0866910">
    <ele>756.5</ele>
   </trkpt>
   <trkpt lat="-26.2307030" lon="-51.0866680">
    <ele>756.5</ele>
   </trkpt>
   <trkpt lat="-26.2306400" lon="-51.0866460">
    <ele>756.6</ele>
   </trkpt>
   <trkpt lat="-26.2305890" lon="-51.0866240">
    <ele>756.6</ele>
   </trkpt>
   <trkpt lat="-26.2305470" lon="-51.0866000">
    <ele>756.6</ele>
   </trkpt>
   <trkpt lat="-26.2304890" lon="-51.0865920">
    <ele>756.6</ele>
   </trkpt>
   <trkpt lat="-26.2304500" lon="-51.0865710">
    <ele>756.7</ele>
   </trkpt>
   <trkpt lat="-26.2304270" lon="-51.0865500">
    <ele>756.7</ele>
   </trkpt>
   <trkpt lat="-26.2304130" lon="-51.0865400">
    <ele>756.7</ele>
   </trkpt>
   <trkpt lat="-26.2303960" lon="-51.0865760">
    <ele>756.7</ele>
   </trkpt>
   <trkpt lat="-26.2304370" lon="-51.0866050">
    <ele>756.7</ele>
   </trkpt>
   <trkpt lat="-26.2304900" lon="-51.0866180">
    <ele>756.8</ele>
   </trkpt>
   <trkpt lat="-26.2305490" lon="-51.0866300">
    <ele>756.8</ele>
   </trkpt>
   <trkpt lat="-26.2306120" lon="-51.0866400">
    <ele>756.8</ele>
   </trkpt>
   <trkpt lat="-26.2306670" lon="-51.0866590">
    <ele>756.7</ele>
   </trkpt>
   <trkpt lat="-26.2307120" lon="-51.0866890">
    <ele>756.6</ele>
   </trkpt>
   <trkpt lat="-26.2307590" lon="-51.0867170">
    <ele>756.6</ele>
   </trkpt>
   <trkpt lat="-26.2307960" lon="-51.0867300">
    <ele>756.5</ele>
   </trkpt>
   <trkpt lat="-26.2308360" lon="-51.0867430">
    <ele>756.4</ele>
   </trkpt>
   <trkpt lat="-26.2308720" lon="-51.0867470">
    <ele>756.4</ele>
   </trkpt>
   <trkpt lat="-26.2309130" lon="-51.0867510">
    <ele>756.4</ele>
   </trkpt>
   <trkpt lat="-26.2309550" lon="-51.0867320">
    <ele>756.4</ele>
   </trkpt>
   <trkpt lat="-26.2309990" lon="-51.0867040">
    <ele>756.4</ele>
   </trkpt>
   <trkpt lat="-26.2310440" lon="-51.0866840">
    <ele>756.5</ele>
   </trkpt>
   <trkpt lat="-26.2310890" lon="-51.0866460">
    <ele>756.5</ele>
   </trkpt>
   <trkpt lat="-26.2311240" lon="-51.0866260">
    <ele>756.6</ele>
   </trkpt>
   <trkpt lat="-26.2311700" lon="-51.0865900">
    <ele>756.6</ele>
   </trkpt>
   <trkpt lat="-26.2312150" lon="-51.0865580">
    <ele>756.7</ele>
   </trkpt>
   <trkpt lat="-26.2312560" lon="-51.0865250">
    <ele>756.8</ele>
   </trkpt>
   <trkpt lat="-26.2312990" lon="-51.0864960">
    <ele>756.8</ele>
   </trkpt>
   <trkpt lat="-26.2313460" lon="-51.0864590">
    <ele>756.8</ele>
   </trkpt>
   <trkpt lat="-26.2313820" lon="-51.0864270">
    <ele>756.8</ele>
   </trkpt>
   <trkpt lat="-26.2314310" lon="-51.0863890">
    <ele>756.8</ele>
   </trkpt>
   <trkpt lat="-26.2314710" lon="-51.0863540">
    <ele>756.9</ele>
   </trkpt>
   <trkpt lat="-26.2315080" lon="-51.0863130">
    <ele>756.9</ele>
   </trkpt>
   <trkpt lat="-26.2315500" lon="-51.0862880">
    <ele>756.9</ele>
   </trkpt>
   <trkpt lat="-26.2315950" lon="-51.0862610">
    <ele>756.9</ele>
   </trkpt>
   <trkpt lat="-26.2316350" lon="-51.0862240">
    <ele>756.9</ele>
   </trkpt>
   <trkpt lat="-26.2316820" lon="-51.0861950">
    <ele>757.0</ele>
   </trkpt>
   <trkpt lat="-26.2317310" lon="-51.0861580">
    <ele>757.0</ele>
   </trkpt>
   <trkpt lat="-26.2317790" lon="-51.0861210">
    <ele>757.0</ele>
   </trkpt>
   <trkpt lat="-26.2318240" lon="-51.0860920">
    <ele>757.1</ele>
   </trkpt>
   <trkpt lat="-26.2318710" lon="-51.0860610">
    <ele>757.1</ele>
   </trkpt>
   <trkpt lat="-26.2319070" lon="-51.0860300">
    <ele>757.1</ele>
   </trkpt>
   <trkpt lat="-26.2319440" lon="-51.0859880">
    <ele>757.2</ele>
   </trkpt>
   <trkpt lat="-26.2319880" lon="-51.0859690">
    <ele>757.2</ele>
   </trkpt>
   <trkpt lat="-26.2320170" lon="-51.0859320">
    <ele>757.2</ele>
   </trkpt>
   <trkpt lat="-26.2320440" lon="-51.0859230">
    <ele>757.2</ele>
   </trkpt>
   <trkpt lat="-26.2320600" lon="-51.0859150">
    <ele>757.2</ele>
   </trkpt>
   <trkpt lat="-26.2320760" lon="-51.0859070">
    <ele>757.2</ele>
   </trkpt>
   <trkpt lat="-26.2320790" lon="-51.0859060">
    <ele>757.2</ele>
   </trkpt>
   <trkpt lat="-26.2320840" lon="-51.0859030">
    <ele>757.2</ele>
   </trkpt>
   <trkpt lat="-26.2320890" lon="-51.0858990">
    <ele>757.2</ele>
   </trkpt>
   <trkpt lat="-26.2320940" lon="-51.0858950">
    <ele>757.2</ele>
   </trkpt>
   <trkpt lat="-26.2320990" lon="-51.0858910">
    <ele>757.2</ele>
   </trkpt>
   <trkpt lat="-26.2321040" lon="-51.0858870">
    <ele>757.2</ele>
   </trkpt>
   <trkpt lat="-26.2321090" lon="-51.0858830">
    <ele>757.2</ele>
   </trkpt>
   <trkpt lat="-26.2321140" lon="-51.0858800">
    <ele>757.2</ele>
   </trkpt>
   <trkpt lat="-26.2321500" lon="-51.0858520">
    <ele>757.2</ele>
   </trkpt>
   <trkpt lat="-26.2321780" lon="-51.0858270">
    <ele>757.2</ele>
   </trkpt>
   <trkpt lat="-26.2322020" lon="-51.0857990">
    <ele>757.2</ele>
   </trkpt>
   <trkpt lat="-26.2322310" lon="-51.0857690">
    <ele>757.3</ele>
   </trkpt>
   <trkpt lat="-26.2322720" lon="-51.0857230">
    <ele>757.3</ele>
   </trkpt>
   <trkpt lat="-26.2323100" lon="-51.0856930">
    <ele>757.3</ele>
   </trkpt>
   <trkpt lat="-26.2323520" lon="-51.0856640">
    <ele>757.3</ele>
   </trkpt>
   <trkpt lat="-26.2323810" lon="-51.0856320">
    <ele>757.4</ele>
   </trkpt>
   <trkpt lat="-26.2324170" lon="-51.0856100">
    <ele>757.4</ele>
   </trkpt>
   <trkpt lat="-26.2324530" lon="-51.0855900">
    <ele>757.4</ele>
   </trkpt>
   <trkpt lat="-26.2324940" lon="-51.0855570">
    <ele>757.4</ele>
   </trkpt>
   <trkpt lat="-26.2325300" lon="-51.0855340">
    <ele>757.5</ele>
   </trkpt>
   <trkpt lat="-26.2325650" lon="-51.0855050">
    <ele>757.5</ele>
   </trkpt>
   <trkpt lat="-26.2325930" lon="-51.0854710">
    <ele>757.5</ele>
   </trkpt>
   <trkpt lat="-26.2326090" lon="-51.0854380">
    <ele>757.6</ele>
   </trkpt>
   <trkpt lat="-26.2326070" lon="-51.0854060">
    <ele>757.6</ele>
   </trkpt>
   <trkpt lat="-26.2326160" lon="-51.0853550">
    <ele>757.6</ele>
   </trkpt>
   <trkpt lat="-26.2326170" lon="-51.0853180">
    <ele>757.5</ele>
   </trkpt>
   <trkpt lat="-26.2326100" lon="-51.0852790">
    <ele>757.4</ele>
   </trkpt>
   <trkpt lat="-26.2325820" lon="-51.0852400">
    <ele>757.3</ele>
   </trkpt>
   <trkpt lat="-26.2325580" lon="-51.0852180">
    <ele>757.2</ele>
   </trkpt>
   <trkpt lat="-26.2325240" lon="-51.0852030">
    <ele>757.2</ele>
   </trkpt>
   <trkpt lat="-26.2325000" lon="-51.0851780">
    <ele>757.1</ele>
   </trkpt>
   <trkpt lat="-26.2324720" lon="-51.0851420">
    <ele>757.1</ele>
   </trkpt>
   <trkpt lat="-26.2324410" lon="-51.0851120">
    <ele>757.1</ele>
   </trkpt>
   <trkpt lat="-26.2324100" lon="-51.0850740">
    <ele>757.0</ele>
   </trkpt>
   <trkpt lat="-26.2323750" lon="-51.0850430">
    <ele>757.0</ele>
   </trkpt>
   <trkpt lat="-26.2323420" lon="-51.0850210">
    <ele>757.0</ele>
   </trkpt>
   <trkpt lat="-26.2323070" lon="-51.0849900">
    <ele>756.9</ele>
   </trkpt>
   <trkpt lat="-26.2322710" lon="-51.0849580">
    <ele>756.9</ele>
   </trkpt>
   <trkpt lat="-26.2322310" lon="-51.0849240">
    <ele>757.0</ele>
   </trkpt>
   <trkpt lat="-26.2321860" lon="-51.0848910">
    <ele>757.0</ele>
   </trkpt>
   <trkpt lat="-26.2321540" lon="-51.0848760">
    <ele>757.0</ele>
   </trkpt>
   <trkpt lat="-26.2321130" lon="-51.0848370">
    <ele>757.0</ele>
   </trkpt>
   <trkpt lat="-26.2320790" lon="-51.0848100">
    <ele>757.1</ele>
   </trkpt>
   <trkpt lat="-26.2320390" lon="-51.0847780">
    <ele>757.1</ele>
   </trkpt>
   <trkpt lat="-26.2319980" lon="-51.0847490">
    <ele>757.2</ele>
   </trkpt>
   <trkpt lat="-26.2319630" lon="-51.0847140">
    <ele>757.2</ele>
   </trkpt>
   <trkpt lat="-26.2319250" lon="-51.0846860">
    <ele>757.3</ele>
   </trkpt>
   <trkpt lat="-26.2319090" lon="-51.0846720">
    <ele>757.3</ele>
   </trkpt>
   <trkpt lat="-26.2318800" lon="-51.0846500">
    <ele>757.3</ele>
   </trkpt>
   <trkpt lat="-26.2318540" lon="-51.0846220">
    <ele>757.4</ele>
   </trkpt>
   <trkpt lat="-26.2318460" lon="-51.0846040">
    <ele>757.4</ele>
   </trkpt>
   <trkpt lat="-26.2318560" lon="-51.0845990">
    <ele>757.4</ele>
   </trkpt>
   <trkpt lat="-26.2318530" lon="-51.0845860">
    <ele>757.4</ele>
   </trkpt>
   <trkpt lat="-26.2318710" lon="-51.0845650">
    <ele>757.5</ele>
   </trkpt>
   <trkpt lat="-26.2318790" lon="-51.0845570">
    <ele>757.5</ele>
   </trkpt>
   <trkpt lat="-26.2318810" lon="-51.0845560">
    <ele>757.5</ele>
   </trkpt>
   <trkpt lat="-26.2318840" lon="-51.0845500">
    <ele>757.6</ele>
   </trkpt>
   <trkpt lat="-26.2318790" lon="-51.0845420">
    <ele>757.6</ele>
   </trkpt>
   <trkpt lat="-26.2318740" lon="-51.0845220">
    <ele>757.7</ele>
   </trkpt>
   <trkpt lat="-26.2318590" lon="-51.0845050">
    <ele>757.8</ele>
   </trkpt>
   <trkpt lat="-26.2318510" lon="-51.0844890">
    <ele>757.9</ele>
   </trkpt>
   <trkpt lat="-26.2318180" lon="-51.0844750">
    <ele>757.8</ele>
   </trkpt>
   <trkpt lat="-26.2318010" lon="-51.0844780">
    <ele>757.8</ele>
   </trkpt>
   <trkpt lat="-26.2317640" lon="-51.0844610">
    <ele>757.8</ele>
   </trkpt>
   <trkpt lat="-26.2317520" lon="-51.0844450">
    <ele>757.8</ele>
   </trkpt>
   <trkpt lat="-26.2317300" lon="-51.0844070">
    <ele>757.7</ele>
   </trkpt>
   <trkpt lat="-26.2317020" lon="-51.0843820">
    <ele>757.7</ele>
   </trkpt>
   <trkpt lat="-26.2316760" lon="-51.0843620">
    <ele>757.6</ele>
   </trkpt>
   <trkpt lat="-26.2316480" lon="-51.0843380">
    <ele>757.6</ele>
   </trkpt>
   <trkpt lat="-26.2316180" lon="-51.0843190">
    <ele>757.5</ele>
   </trkpt>
   <trkpt lat="-26.2315930" lon="-51.0842960">
    <ele>757.5</ele>
   </trkpt>
   <trkpt lat="-26.2315660" lon="-51.0842800">
    <ele>757.4</ele>
   </trkpt>
   <trkpt lat="-26.2315380" lon="-51.0842620">
    <ele>757.4</ele>
   </trkpt>
   <trkpt lat="-26.2315140" lon="-51.0842440">
    <ele>757.4</ele>
   </trkpt>
   <trkpt lat="-26.2314830" lon="-51.0842280">
    <ele>757.4</ele>
   </trkpt>
   <trkpt lat="-26.2314470" lon="-51.0842070">
    <ele>757.3</ele>
   </trkpt>
   <trkpt lat="-26.2314350" lon="-51.0842010">
    <ele>757.3</ele>
   </trkpt>
   <trkpt lat="-26.2314140" lon="-51.0841790">
    <ele>757.3</ele>
   </trkpt>
   <trkpt lat="-26.2313890" lon="-51.0841670">
    <ele>757.3</ele>
   </trkpt>
   <trkpt lat="-26.2313510" lon="-51.0841410">
    <ele>757.3</ele>
   </trkpt>
   <trkpt lat="-26.2313320" lon="-51.0841310">
    <ele>757.3</ele>
   </trkpt>
   <trkpt lat="-26.2313100" lon="-51.0841070">
    <ele>757.3</ele>
   </trkpt>
   <trkpt lat="-26.2312970" lon="-51.0841000">
    <ele>757.3</ele>
   </trkpt>
   <trkpt lat="-26.2312710" lon="-51.0840830">
    <ele>757.3</ele>
   </trkpt>
   <trkpt lat="-26.2312310" lon="-51.0840620">
    <ele>757.3</ele>
   </trkpt>
   <trkpt lat="-26.2312160" lon="-51.0840530">
    <ele>757.3</ele>
   </trkpt>
   <trkpt lat="-26.2311960" lon="-51.0840220">
    <ele>757.3</ele>
   </trkpt>
   <trkpt lat="-26.2311870" lon="-51.0840110">
    <ele>757.3</ele>
   </trkpt>
   <trkpt lat="-26.2311610" lon="-51.0839820">
    <ele>757.3</ele>
   </trkpt>
   <trkpt lat="-26.2311520" lon="-51.0839740">
    <ele>757.3</ele>
   </trkpt>
   <trkpt lat="-26.2311250" lon="-51.0839520">
    <ele>757.3</ele>
   </trkpt>
   <trkpt lat="-26.2310990" lon="-51.0839160">
    <ele>757.2</ele>
   </trkpt>
   <trkpt lat="-26.2310890" lon="-51.0839020">
    <ele>757.2</ele>
   </trkpt>
   <trkpt lat="-26.2310730" lon="-51.0838780">
    <ele>757.2</ele>
   </trkpt>
   <trkpt lat="-26.2310610" lon="-51.0838490">
    <ele>757.2</ele>
   </trkpt>
   <trkpt lat="-26.2310440" lon="-51.0838240">
    <ele>757.2</ele>
   </trkpt>
   <trkpt lat="-26.2310200" lon="-51.0837970">
    <ele>757.2</ele>
   </trkpt>
   <trkpt lat="-26.2310160" lon="-51.0837660">
    <ele>757.2</ele>
   </trkpt>
   <trkpt lat="-26.2309950" lon="-51.0837360">
    <ele>757.2</ele>
   </trkpt>
   <trkpt lat="-26.2309750" lon="-51.0837100">
    <ele>757.2</ele>
   </trkpt>
   <trkpt lat="-26.2309580" lon="-51.0836710">
    <ele>757.2</ele>
   </trkpt>
   <trkpt lat="-26.2309300" lon="-51.0836370">
    <ele>757.2</ele>
   </trkpt>
   <trkpt lat="-26.2309040" lon="-51.0836040">
    <ele>757.2</ele>
   </trkpt>
   <trkpt lat="-26.2308960" lon="-51.0835700">
    <ele>757.2</ele>
   </trkpt>
   <trkpt lat="-26.2308670" lon="-51.0835380">
    <ele>757.2</ele>
   </trkpt>
   <trkpt lat="-26.2308490" lon="-51.0835010">
    <ele>757.3</ele>
   </trkpt>
   <trkpt lat="-26.2308350" lon="-51.0834680">
    <ele>757.3</ele>
   </trkpt>
   <trkpt lat="-26.2308120" lon="-51.0834340">
    <ele>757.3</ele>
   </trkpt>
   <trkpt lat="-26.2308040" lon="-51.0834220">
    <ele>757.3</ele>
   </trkpt>
   <trkpt lat="-26.2307860" lon="-51.0833900">
    <ele>757.3</ele>
   </trkpt>
   <trkpt lat="-26.2307770" lon="-51.0833800">
    <ele>757.4</ele>
   </trkpt>
   <trkpt lat="-26.2307560" lon="-51.0833570">
    <ele>757.4</ele>
   </trkpt>
   <trkpt lat="-26.2307460" lon="-51.0833290">
    <ele>757.4</ele>
   </trkpt>
   <trkpt lat="-26.2307510" lon="-51.0833110">
    <ele>757.4</ele>
   </trkpt>
   <trkpt lat="-26.2307500" lon="-51.0832950">
    <ele>757.4</ele>
   </trkpt>
   <trkpt lat="-26.2307580" lon="-51.0832630">
    <ele>757.4</ele>
   </trkpt>
   <trkpt lat="-26.2307690" lon="-51.0832500">
    <ele>757.4</ele>
   </trkpt>
   <trkpt lat="-26.2307940" lon="-51.0832380">
    <ele>757.4</ele>
   </trkpt>
   <trkpt lat="-26.2308260" lon="-51.0832260">
    <ele>757.4</ele>
   </trkpt>
   <trkpt lat="-26.2308620" lon="-51.0831920">
    <ele>757.4</ele>
   </trkpt>
   <trkpt lat="-26.2308990" lon="-51.0831720">
    <ele>757.4</ele>
   </trkpt>
   <trkpt lat="-26.2309280" lon="-51.0831560">
    <ele>757.4</ele>
   </trkpt>
   <trkpt lat="-26.2309630" lon="-51.0831320">
    <ele>757.4</ele>
   </trkpt>
   <trkpt lat="-26.2309780" lon="-51.0831220">
    <ele>757.4</ele>
   </trkpt>
   <trkpt lat="-26.2310100" lon="-51.0830910">
    <ele>757.5</ele>
   </trkpt>
   <trkpt lat="-26.2310360" lon="-51.0830530">
    <ele>757.5</ele>
   </trkpt>
   <trkpt lat="-26.2310500" lon="-51.0830400">
    <ele>757.5</ele>
   </trkpt>
   <trkpt lat="-26.2310760" lon="-51.0830180">
    <ele>757.5</ele>
   </trkpt>
   <trkpt lat="-26.2311060" lon="-51.0829930">
    <ele>757.5</ele>
   </trkpt>
   <trkpt lat="-26.2311400" lon="-51.0829680">
    <ele>757.6</ele>
   </trkpt>
   <trkpt lat="-26.2311720" lon="-51.0829370">
    <ele>757.6</ele>
   </trkpt>
   <trkpt lat="-26.2312080" lon="-51.0829060">
    <ele>757.7</ele>
   </trkpt>
   <trkpt lat="-26.2312300" lon="-51.0828960">
    <ele>757.7</ele>
   </trkpt>
   <trkpt lat="-26.2312590" lon="-51.0828730">
    <ele>757.8</ele>
   </trkpt>
   <trkpt lat="-26.2312840" lon="-51.0828540">
    <ele>757.8</ele>
   </trkpt>
   <trkpt lat="-26.2312990" lon="-51.0828510">
    <ele>757.8</ele>
   </trkpt>
   <trkpt lat="-26.2313360" lon="-51.0828300">
    <ele>757.9</ele>
   </trkpt>
   <trkpt lat="-26.2313740" lon="-51.0828080">
    <ele>758.0</ele>
   </trkpt>
   <trkpt lat="-26.2314120" lon="-51.0827620">
    <ele>758.1</ele>
   </trkpt>
   <trkpt lat="-26.2314380" lon="-51.0827400">
    <ele>758.2</ele>
   </trkpt>
   <trkpt lat="-26.2314500" lon="-51.0827370">
    <ele>758.3</ele>
   </trkpt>
   <trkpt lat="-26.2314780" lon="-51.0827040">
    <ele>758.4</ele>
   </trkpt>
   <trkpt lat="-26.2315150" lon="-51.0826890">
    <ele>758.5</ele>
   </trkpt>
   <trkpt lat="-26.2315470" lon="-51.0826510">
    <ele>758.6</ele>
   </trkpt>
   <trkpt lat="-26.2315660" lon="-51.0826350">
    <ele>758.7</ele>
   </trkpt>
   <trkpt lat="-26.2316000" lon="-51.0826370">
    <ele>758.8</ele>
   </trkpt>
   <trkpt lat="-26.2316300" lon="-51.0826530">
    <ele>758.9</ele>
   </trkpt>
   <trkpt lat="-26.2316580" lon="-51.0826840">
    <ele>759.0</ele>
   </trkpt>
   <trkpt lat="-26.2316960" lon="-51.0827190">
    <ele>759.0</ele>
   </trkpt>
   <trkpt lat="-26.2317080" lon="-51.0827500">
    <ele>759.0</ele>
   </trkpt>
   <trkpt lat="-26.2317380" lon="-51.0827870">
    <ele>759.0</ele>
   </trkpt>
   <trkpt lat="-26.2317450" lon="-51.0828220">
    <ele>759.0</ele>
   </trkpt>
   <trkpt lat="-26.2317600" lon="-51.0828550">
    <ele>759.1</ele>
   </trkpt>
   <trkpt lat="-26.2317840" lon="-51.0828870">
    <ele>759.1</ele>
   </trkpt>
   <trkpt lat="-26.2318150" lon="-51.0829160">
    <ele>759.1</ele>
   </trkpt>
   <trkpt lat="-26.2318400" lon="-51.0829490">
    <ele>759.1</ele>
   </trkpt>
   <trkpt lat="-26.2318530" lon="-51.0829800">
    <ele>759.1</ele>
   </trkpt>
   <trkpt lat="-26.2318870" lon="-51.0830150">
    <ele>759.1</ele>
   </trkpt>
   <trkpt lat="-26.2319030" lon="-51.0830280">
    <ele>759.1</ele>
   </trkpt>
   <trkpt lat="-26.2319300" lon="-51.0830610">
    <ele>759.1</ele>
   </trkpt>
   <trkpt lat="-26.2319330" lon="-51.0830920">
    <ele>759.1</ele>
   </trkpt>
   <trkpt lat="-26.2319710" lon="-51.0831250">
    <ele>759.1</ele>
   </trkpt>
   <trkpt lat="-26.2319880" lon="-51.0831520">
    <ele>759.1</ele>
   </trkpt>
   <trkpt lat="-26.2320070" lon="-51.0831890">
    <ele>759.1</ele>
   </trkpt>
   <trkpt lat="-26.2320380" lon="-51.0832050">
    <ele>759.1</ele>
   </trkpt>
   <trkpt lat="-26.2320610" lon="-51.0832290">
    <ele>759.1</ele>
   </trkpt>
   <trkpt lat="-26.2320850" lon="-51.0832550">
    <ele>759.1</ele>
   </trkpt>
   <trkpt lat="-26.2321210" lon="-51.0832670">
    <ele>759.1</ele>
   </trkpt>
   <trkpt lat="-26.2321470" lon="-51.0833050">
    <ele>759.1</ele>
   </trkpt>
   <trkpt lat="-26.2321560" lon="-51.0833230">
    <ele>759.1</ele>
   </trkpt>
   <trkpt lat="-26.2321700" lon="-51.0833560">
    <ele>759.1</ele>
   </trkpt>
   <trkpt lat="-26.2321970" lon="-51.0833890">
    <ele>759.1</ele>
   </trkpt>
   <trkpt lat="-26.2322210" lon="-51.0834230">
    <ele>759.1</ele>
   </trkpt>
   <trkpt lat="-26.2322460" lon="-51.0834560">
    <ele>759.1</ele>
   </trkpt>
   <trkpt lat="-26.2322700" lon="-51.0834980">
    <ele>759.0</ele>
   </trkpt>
   <trkpt lat="-26.2322920" lon="-51.0835420">
    <ele>759.0</ele>
   </trkpt>
   <trkpt lat="-26.2323140" lon="-51.0835630">
    <ele>759.0</ele>
   </trkpt>
   <trkpt lat="-26.2323380" lon="-51.0835860">
    <ele>759.0</ele>
   </trkpt>
   <trkpt lat="-26.2323630" lon="-51.0836130">
    <ele>758.9</ele>
   </trkpt>
   <trkpt lat="-26.2323690" lon="-51.0836210">
    <ele>758.9</ele>
   </trkpt>
   <trkpt lat="-26.2324000" lon="-51.0836540">
    <ele>758.9</ele>
   </trkpt>
   <trkpt lat="-26.2324200" lon="-51.0836970">
    <ele>758.9</ele>
   </trkpt>
   <trkpt lat="-26.2324330" lon="-51.0837270">
    <ele>758.9</ele>
   </trkpt>
   <trkpt lat="-26.2324480" lon="-51.0837750">
    <ele>758.9</ele>
   </trkpt>
   <trkpt lat="-26.2324670" lon="-51.0838130">
    <ele>758.9</ele>
   </trkpt>
   <trkpt lat="-26.2324930" lon="-51.0838320">
    <ele>758.8</ele>
   </trkpt>
   <trkpt lat="-26.2325080" lon="-51.0838640">
    <ele>758.8</ele>
   </trkpt>
   <trkpt lat="-26.2325170" lon="-51.0839200">
    <ele>758.8</ele>
   </trkpt>
   <trkpt lat="-26.2325280" lon="-51.0839740">
    <ele>758.8</ele>
   </trkpt>
   <trkpt lat="-26.2325370" lon="-51.0840160">
    <ele>758.8</ele>
   </trkpt>
   <trkpt lat="-26.2325580" lon="-51.0840460">
    <ele>758.8</ele>
   </trkpt>
   <trkpt lat="-26.2325750" lon="-51.0840710">
    <ele>758.7</ele>
   </trkpt>
   <trkpt lat="-26.2326010" lon="-51.0840980">
    <ele>758.7</ele>
   </trkpt>
   <trkpt lat="-26.2326320" lon="-51.0841150">
    <ele>758.7</ele>
   </trkpt>
   <trkpt lat="-26.2326540" lon="-51.0841500">
    <ele>758.6</ele>
   </trkpt>
   <trkpt lat="-26.2326790" lon="-51.0841860">
    <ele>758.6</ele>
   </trkpt>
   <trkpt lat="-26.2326910" lon="-51.0842090">
    <ele>758.5</ele>
   </trkpt>
   <trkpt lat="-26.2327030" lon="-51.0842380">
    <ele>758.5</ele>
   </trkpt>
   <trkpt lat="-26.2327310" lon="-51.0842510">
    <ele>758.4</ele>
   </trkpt>
   <trkpt lat="-26.2327370" lon="-51.0842810">
    <ele>758.4</ele>
   </trkpt>
   <trkpt lat="-26.2327660" lon="-51.0843070">
    <ele>758.3</ele>
   </trkpt>
   <trkpt lat="-26.2327830" lon="-51.0843090">
    <ele>758.3</ele>
   </trkpt>
   <trkpt lat="-26.2327830" lon="-51.0843430">
    <ele>758.3</ele>
   </trkpt>
   <trkpt lat="-26.2328030" lon="-51.0843790">
    <ele>758.2</ele>
   </trkpt>
   <trkpt lat="-26.2328250" lon="-51.0844080">
    <ele>758.2</ele>
   </trkpt>
   <trkpt lat="-26.2328490" lon="-51.0844460">
    <ele>758.1</ele>
   </trkpt>
   <trkpt lat="-26.2328640" lon="-51.0844830">
    <ele>758.1</ele>
   </trkpt>
   <trkpt lat="-26.2328870" lon="-51.0845170">
    <ele>758.1</ele>
   </trkpt>
   <trkpt lat="-26.2329090" lon="-51.0845540">
    <ele>758.0</ele>
   </trkpt>
   <trkpt lat="-26.2329320" lon="-51.0845870">
    <ele>758.0</ele>
   </trkpt>
   <trkpt lat="-26.2329580" lon="-51.0846280">
    <ele>758.0</ele>
   </trkpt>
   <trkpt lat="-26.2329760" lon="-51.0846680">
    <ele>757.9</ele>
   </trkpt>
   <trkpt lat="-26.2330040" lon="-51.0847090">
    <ele>757.9</ele>
   </trkpt>
   <trkpt lat="-26.2330240" lon="-51.0847490">
    <ele>757.9</ele>
   </trkpt>
   <trkpt lat="-26.2330450" lon="-51.0847920">
    <ele>757.9</ele>
   </trkpt>
   <trkpt lat="-26.2330570" lon="-51.0848340">
    <ele>757.9</ele>
   </trkpt>
   <trkpt lat="-26.2330820" lon="-51.0848570">
    <ele>757.9</ele>
   </trkpt>
   <trkpt lat="-26.2331110" lon="-51.0848860">
    <ele>757.9</ele>
   </trkpt>
   <trkpt lat="-26.2331330" lon="-51.0849170">
    <ele>757.9</ele>
   </trkpt>
   <trkpt lat="-26.2331590" lon="-51.0849450">
    <ele>757.9</ele>
   </trkpt>
   <trkpt lat="-26.2331700" lon="-51.0849590">
    <ele>757.9</ele>
   </trkpt>
   <trkpt lat="-26.2331540" lon="-51.0849720">
    <ele>757.9</ele>
   </trkpt>
   <trkpt lat="-26.2331660" lon="-51.0849810">
    <ele>757.9</ele>
   </trkpt>
   <trkpt lat="-26.2331610" lon="-51.0849940">
    <ele>757.9</ele>
   </trkpt>
   <trkpt lat="-26.2331520" lon="-51.0850080">
    <ele>757.9</ele>
   </trkpt>
   <trkpt lat="-26.2331390" lon="-51.0850050">
    <ele>758.0</ele>
   </trkpt>
   <trkpt lat="-26.2331410" lon="-51.0850120">
    <ele>758.0</ele>
   </trkpt>
   <trkpt lat="-26.2331430" lon="-51.0850200">
    <ele>758.0</ele>
   </trkpt>
   <trkpt lat="-26.2331440" lon="-51.0850280">
    <ele>758.0</ele>
   </trkpt>
   <trkpt lat="-26.2331460" lon="-51.0850350">
    <ele>758.0</ele>
   </trkpt>
   <trkpt lat="-26.2331470" lon="-51.0850430">
    <ele>758.0</ele>
   </trkpt>
   <trkpt lat="-26.2331490" lon="-51.0850510">
    <ele>758.0</ele>
   </trkpt>
   <trkpt lat="-26.2331500" lon="-51.0850580">
    <ele>758.0</ele>
   </trkpt>
   <trkpt lat="-26.2331520" lon="-51.0850660">
    <ele>758.0</ele>
   </trkpt>
   <trkpt lat="-26.2331530" lon="-51.0850740">
    <ele>758.0</ele>
   </trkpt>
   <trkpt lat="-26.2331550" lon="-51.0850810">
    <ele>758.0</ele>
   </trkpt>
   <trkpt lat="-26.2331570" lon="-51.0850890">
    <ele>758.0</ele>
   </trkpt>
   <trkpt lat="-26.2331580" lon="-51.0850960">
    <ele>758.0</ele>
   </trkpt>
   <trkpt lat="-26.2331600" lon="-51.0851040">
    <ele>758.0</ele>
   </trkpt>
   <trkpt lat="-26.2331910" lon="-51.0851160">
    <ele>758.0</ele>
   </trkpt>
   <trkpt lat="-26.2331970" lon="-51.0851230">
    <ele>758.0</ele>
   </trkpt>
   <trkpt lat="-26.2332170" lon="-51.0851560">
    <ele>758.0</ele>
   </trkpt>
   <trkpt lat="-26.2332370" lon="-51.0851860">
    <ele>758.0</ele>
   </trkpt>
   <trkpt lat="-26.2332640" lon="-51.0852000">
    <ele>757.9</ele>
   </trkpt>
   <trkpt lat="-26.2332880" lon="-51.0852190">
    <ele>757.9</ele>
   </trkpt>
   <trkpt lat="-26.2332920" lon="-51.0852580">
    <ele>757.9</ele>
   </trkpt>
   <trkpt lat="-26.2333140" lon="-51.0852930">
    <ele>757.9</ele>
   </trkpt>
   <trkpt lat="-26.2333230" lon="-51.0853220">
    <ele>757.9</ele>
   </trkpt>
   <trkpt lat="-26.2333440" lon="-51.0853530">
    <ele>757.9</ele>
   </trkpt>
   <trkpt lat="-26.2333660" lon="-51.0853800">
    <ele>757.8</ele>
   </trkpt>
   <trkpt lat="-26.2333960" lon="-51.0854140">
    <ele>757.8</ele>
   </trkpt>
   <trkpt lat="-26.2334160" lon="-51.0854210">
    <ele>757.8</ele>
   </trkpt>
   <trkpt lat="-26.2334480" lon="-51.0854450">
    <ele>757.8</ele>
   </trkpt>
   <trkpt lat="-26.2334840" lon="-51.0854630">
    <ele>757.8</ele>
   </trkpt>
   <trkpt lat="-26.2335180" lon="-51.0854770">
    <ele>757.7</ele>
   </trkpt>
   <trkpt lat="-26.2335520" lon="-51.0854780">
    <ele>757.7</ele>
   </trkpt>
   <trkpt lat="-26.2335900" lon="-51.0854820">
    <ele>757.7</ele>
   </trkpt>
   <trkpt lat="-26.2336140" lon="-51.0855020">
    <ele>757.7</ele>
   </trkpt>
   <trkpt lat="-26.2336190" lon="-51.0855360">
    <ele>757.7</ele>
   </trkpt>
   <trkpt lat="-26.2336230" lon="-51.0855740">
    <ele>757.7</ele>
   </trkpt>
   <trkpt lat="-26.2336370" lon="-51.0856130">
    <ele>757.6</ele>
   </trkpt>
   <trkpt lat="-26.2336490" lon="-51.0856510">
    <ele>757.6</ele>
   </trkpt>
   <trkpt lat="-26.2336690" lon="-51.0856800">
    <ele>757.6</ele>
   </trkpt>
   <trkpt lat="-26.2336880" lon="-51.0857060">
    <ele>757.6</ele>
   </trkpt>
   <trkpt lat="-26.2337200" lon="-51.0857270">
    <ele>757.6</ele>
   </trkpt>
   <trkpt lat="-26.2337460" lon="-51.0857450">
    <ele>757.6</ele>
   </trkpt>
   <trkpt lat="-26.2337770" lon="-51.0857670">
    <ele>757.6</ele>
   </trkpt>
   <trkpt lat="-26.2338140" lon="-51.0857830">
    <ele>757.6</ele>
   </trkpt>
   <trkpt lat="-26.2338470" lon="-51.0858100">
    <ele>757.6</ele>
   </trkpt>
   <trkpt lat="-26.2338780" lon="-51.0858350">
    <ele>757.6</ele>
   </trkpt>
   <trkpt lat="-26.2339120" lon="-51.0858500">
    <ele>757.6</ele>
   </trkpt>
   <trkpt lat="-26.2339480" lon="-51.0858590">
    <ele>757.6</ele>
   </trkpt>
   <trkpt lat="-26.2339830" lon="-51.0858680">
    <ele>757.6</ele>
   </trkpt>
   <trkpt lat="-26.2340200" lon="-51.0858790">
    <ele>757.6</ele>
   </trkpt>
   <trkpt lat="-26.2340570" lon="-51.0858880">
    <ele>757.6</ele>
   </trkpt>
   <trkpt lat="-26.2341050" lon="-51.0859000">
    <ele>757.6</ele>
   </trkpt>
   <trkpt lat="-26.2341420" lon="-51.0858950">
    <ele>757.6</ele>
   </trkpt>
   <trkpt lat="-26.2341850" lon="-51.0859000">
    <ele>757.6</ele>
   </trkpt>
   <trkpt lat="-26.2342200" lon="-51.0859130">
    <ele>757.6</ele>
   </trkpt>
   <trkpt lat="-26.2342470" lon="-51.0859220">
    <ele>757.6</ele>
   </trkpt>
   <trkpt lat="-26.2342850" lon="-51.0859370">
    <ele>757.6</ele>
   </trkpt>
   <trkpt lat="-26.2342990" lon="-51.0859420">
    <ele>757.6</ele>
   </trkpt>
   <trkpt lat="-26.2343320" lon="-51.0859530">
    <ele>757.6</ele>
   </trkpt>
   <trkpt lat="-26.2343410" lon="-51.0859550">
    <ele>757.6</ele>
   </trkpt>
   <trkpt lat="-26.2343530" lon="-51.0859500">
    <ele>757.6</ele>
   </trkpt>
   <trkpt lat="-26.2343570" lon="-51.0859480">
    <ele>757.6</ele>
   </trkpt>
   <trkpt lat="-26.2343520" lon="-51.0859530">
    <ele>757.6</ele>
   </trkpt>
   <trkpt lat="-26.2343540" lon="-51.0859480">
    <ele>757.6</ele>
   </trkpt>
   <trkpt lat="-26.2343410" lon="-51.0859580">
    <ele>757.6</ele>
   </trkpt>
   <trkpt lat="-26.2343410" lon="-51.0859540">
    <ele>757.6</ele>
   </trkpt>
   <trkpt lat="-26.2343440" lon="-51.0859490">
    <ele>757.6</ele>
   </trkpt>
   <trkpt lat="-26.2343450" lon="-51.0859530">
    <ele>757.6</ele>
   </trkpt>
   <trkpt lat="-26.2343600" lon="-51.0859550">
    <ele>757.6</ele>
   </trkpt>
   <trkpt lat="-26.2343750" lon="-51.0859620">
    <ele>757.6</ele>
   </trkpt>
   <trkpt lat="-26.2343820" lon="-51.0859570">
    <ele>757.6</ele>
   </trkpt>
   <trkpt lat="-26.2344090" lon="-51.0859530">
    <ele>757.6</ele>
   </trkpt>
   <trkpt lat="-26.2344390" lon="-51.0859500">
    <ele>757.6</ele>
   </trkpt>
   <trkpt lat="-26.2344820" lon="-51.0859660">
    <ele>757.6</ele>
   </trkpt>
   <trkpt lat="-26.2345030" lon="-51.0859720">
    <ele>757.6</ele>
   </trkpt>
   <trkpt lat="-26.2345340" lon="-51.0859860">
    <ele>757.5</ele>
   </trkpt>
   <trkpt lat="-26.2345700" lon="-51.0860020">
    <ele>757.5</ele>
   </trkpt>
   <trkpt lat="-26.2346120" lon="-51.0860050">
    <ele>757.5</ele>
   </trkpt>
   <trkpt lat="-26.2346550" lon="-51.0860150">
    <ele>757.5</ele>
   </trkpt>
   <trkpt lat="-26.2346980" lon="-51.0860290">
    <ele>757.5</ele>
   </trkpt>
   <trkpt lat="-26.2347370" lon="-51.0860430">
    <ele>757.5</ele>
   </trkpt>
   <trkpt lat="-26.2347820" lon="-51.0860510">
    <ele>757.4</ele>
   </trkpt>
   <trkpt lat="-26.2348150" lon="-51.0860610">
    <ele>757.4</ele>
   </trkpt>
   <trkpt lat="-26.2348550" lon="-51.0860750">
    <ele>757.4</ele>
   </trkpt>
   <trkpt lat="-26.2349020" lon="-51.0860840">
    <ele>757.4</ele>
   </trkpt>
   <trkpt lat="-26.2349430" lon="-51.0860930">
    <ele>757.4</ele>
   </trkpt>
   <trkpt lat="-26.2349860" lon="-51.0860980">
    <ele>757.4</ele>
   </trkpt>
   <trkpt lat="-26.2350300" lon="-51.0861160">
    <ele>757.4</ele>
   </trkpt>
   <trkpt lat="-26.2350730" lon="-51.0861220">
    <ele>757.4</ele>
   </trkpt>
   <trkpt lat="-26.2351130" lon="-51.0861340">
    <ele>757.4</ele>
   </trkpt>
   <trkpt lat="-26.2351610" lon="-51.0861390">
    <ele>757.4</ele>
   </trkpt>
   <trkpt lat="-26.2352010" lon="-51.0861510">
    <ele>757.4</ele>
   </trkpt>
   <trkpt lat="-26.2352420" lon="-51.0861600">
    <ele>757.4</ele>
   </trkpt>
   <trkpt lat="-26.2352800" lon="-51.0861690">
    <ele>757.4</ele>
   </trkpt>
   <trkpt lat="-26.2353240" lon="-51.0861720">
    <ele>757.4</ele>
   </trkpt>
   <trkpt lat="-26.2353690" lon="-51.0861840">
    <ele>757.4</ele>
   </trkpt>
   <trkpt lat="-26.2354160" lon="-51.0861940">
    <ele>757.5</ele>
   </trkpt>
   <trkpt lat="-26.2354610" lon="-51.0862030">
    <ele>757.5</ele>
   </trkpt>
   <trkpt lat="-26.2355080" lon="-51.0862050">
    <ele>757.5</ele>
   </trkpt>
   <trkpt lat="-26.2355490" lon="-51.0862210">
    <ele>757.6</ele>
   </trkpt>
   <trkpt lat="-26.2355910" lon="-51.0862230">
    <ele>757.6</ele>
   </trkpt>
   <trkpt lat="-26.2356390" lon="-51.0862310">
    <ele>757.6</ele>
   </trkpt>
   <trkpt lat="-26.2356790" lon="-51.0862370">
    <ele>757.7</ele>
   </trkpt>
   <trkpt lat="-26.2357180" lon="-51.0862420">
    <ele>757.7</ele>
   </trkpt>
   <trkpt lat="-26.2357510" lon="-51.0862440">
    <ele>757.7</ele>
   </trkpt>
   <trkpt lat="-26.2357930" lon="-51.0862520">
    <ele>757.7</ele>
   </trkpt>
   <trkpt lat="-26.2358290" lon="-51.0862520">
    <ele>757.8</ele>
   </trkpt>
   <trkpt lat="-26.2358700" lon="-51.0862500">
    <ele>757.8</ele>
   </trkpt>
   <trkpt lat="-26.2359010" lon="-51.0862530">
    <ele>757.8</ele>
   </trkpt>
   <trkpt lat="-26.2359360" lon="-51.0862570">
    <ele>757.8</ele>
   </trkpt>
   <trkpt lat="-26.2359870" lon="-51.0862650">
    <ele>757.8</ele>
   </trkpt>
   <trkpt lat="-26.2360170" lon="-51.0862670">
    <ele>757.8</ele>
   </trkpt>
   <trkpt lat="-26.2360630" lon="-51.0862770">
    <ele>757.8</ele>
   </trkpt>
   <trkpt lat="-26.2361020" lon="-51.0862840">
    <ele>757.8</ele>
   </trkpt>
   <trkpt lat="-26.2361460" lon="-51.0862960">
    <ele>757.8</ele>
   </trkpt>
   <trkpt lat="-26.2361920" lon="-51.0863060">
    <ele>757.8</ele>
   </trkpt>
   <trkpt lat="-26.2362350" lon="-51.0863140">
    <ele>757.8</ele>
   </trkpt>
   <trkpt lat="-26.2362790" lon="-51.0863180">
    <ele>757.8</ele>
   </trkpt>
   <trkpt lat="-26.2363150" lon="-51.0863260">
    <ele>757.8</ele>
   </trkpt>
   <trkpt lat="-26.2363530" lon="-51.0863320">
    <ele>757.8</ele>
   </trkpt>
   <trkpt lat="-26.2363910" lon="-51.0863450">
    <ele>757.8</ele>
   </trkpt>
   <trkpt lat="-26.2364320" lon="-51.0863480">
    <ele>757.8</ele>
   </trkpt>
   <trkpt lat="-26.2364620" lon="-51.0863560">
    <ele>757.8</ele>
   </trkpt>
   <trkpt lat="-26.2364930" lon="-51.0863510">
    <ele>757.7</ele>
   </trkpt>
   <trkpt lat="-26.2365240" lon="-51.0863580">
    <ele>757.7</ele>
   </trkpt>
   <trkpt lat="-26.2365540" lon="-51.0863670">
    <ele>757.7</ele>
   </trkpt>
   <trkpt lat="-26.2365910" lon="-51.0863730">
    <ele>757.7</ele>
   </trkpt>
   <trkpt lat="-26.2366290" lon="-51.0863840">
    <ele>757.7</ele>
   </trkpt>
   <trkpt lat="-26.2366650" lon="-51.0863910">
    <ele>757.7</ele>
   </trkpt>
   <trkpt lat="-26.2367040" lon="-51.0863990">
    <ele>757.7</ele>
   </trkpt>
   <trkpt lat="-26.2367450" lon="-51.0864080">
    <ele>757.7</ele>
   </trkpt>
   <trkpt lat="-26.2367750" lon="-51.0864060">
    <ele>757.7</ele>
   </trkpt>
   <trkpt lat="-26.2368090" lon="-51.0864110">
    <ele>757.7</ele>
   </trkpt>
   <trkpt lat="-26.2368360" lon="-51.0864200">
    <ele>757.7</ele>
   </trkpt>
   <trkpt lat="-26.2368650" lon="-51.0864290">
    <ele>757.7</ele>
   </trkpt>
   <trkpt lat="-26.2368940" lon="-51.0864310">
    <ele>757.7</ele>
   </trkpt>
   <trkpt lat="-26.2369310" lon="-51.0864350">
    <ele>757.7</ele>
   </trkpt>
   <trkpt lat="-26.2369810" lon="-51.0864410">
    <ele>757.7</ele>
   </trkpt>
   <trkpt lat="-26.2370180" lon="-51.0864550">
    <ele>757.7</ele>
   </trkpt>
   <trkpt lat="-26.2370660" lon="-51.0864620">
    <ele>757.7</ele>
   </trkpt>
   <trkpt lat="-26.2371100" lon="-51.0864690">
    <ele>757.7</ele>
   </trkpt>
   <trkpt lat="-26.2371530" lon="-51.0864850">
    <ele>757.7</ele>
   </trkpt>
   <trkpt lat="-26.2372050" lon="-51.0864840">
    <ele>757.7</ele>
   </trkpt>
   <trkpt lat="-26.2372530" lon="-51.0865000">
    <ele>757.7</ele>
   </trkpt>
   <trkpt lat="-26.2372900" lon="-51.0865090">
    <ele>757.7</ele>
   </trkpt>
   <trkpt lat="-26.2373370" lon="-51.0865140">
    <ele>757.7</ele>
   </trkpt>
   <trkpt lat="-26.2373840" lon="-51.0865210">
    <ele>757.7</ele>
   </trkpt>
   <trkpt lat="-26.2374370" lon="-51.0865220">
    <ele>757.8</ele>
   </trkpt>
   <trkpt lat="-26.2374770" lon="-51.0865240">
    <ele>757.8</ele>
   </trkpt>
   <trkpt lat="-26.2375250" lon="-51.0865360">
    <ele>757.8</ele>
   </trkpt>
   <trkpt lat="-26.2375630" lon="-51.0865480">
    <ele>757.8</ele>
   </trkpt>
   <trkpt lat="-26.2376090" lon="-51.0865610">
    <ele>757.8</ele>
   </trkpt>
   <trkpt lat="-26.2376590" lon="-51.0865680">
    <ele>757.8</ele>
   </trkpt>
   <trkpt lat="-26.2377010" lon="-51.0865790">
    <ele>757.8</ele>
   </trkpt>
   <trkpt lat="-26.2377440" lon="-51.0865810">
    <ele>757.9</ele>
   </trkpt>
   <trkpt lat="-26.2377850" lon="-51.0865870">
    <ele>757.9</ele>
   </trkpt>
   <trkpt lat="-26.2378240" lon="-51.0865920">
    <ele>757.9</ele>
   </trkpt>
   <trkpt lat="-26.2378750" lon="-51.0865960">
    <ele>757.9</ele>
   </trkpt>
   <trkpt lat="-26.2379170" lon="-51.0866040">
    <ele>757.9</ele>
   </trkpt>
   <trkpt lat="-26.2379680" lon="-51.0866080">
    <ele>757.9</ele>
   </trkpt>
   <trkpt lat="-26.2380170" lon="-51.0866080">
    <ele>757.9</ele>
   </trkpt>
   <trkpt lat="-26.2380620" lon="-51.0866100">
    <ele>757.9</ele>
   </trkpt>
   <trkpt lat="-26.2381090" lon="-51.0866170">
    <ele>757.9</ele>
   </trkpt>
   <trkpt lat="-26.2381470" lon="-51.0866220">
    <ele>757.9</ele>
   </trkpt>
   <trkpt lat="-26.2382030" lon="-51.0866250">
    <ele>757.9</ele>
   </trkpt>
   <trkpt lat="-26.2382490" lon="-51.0866340">
    <ele>757.9</ele>
   </trkpt>
   <trkpt lat="-26.2382990" lon="-51.0866440">
    <ele>757.9</ele>
   </trkpt>
   <trkpt lat="-26.2383440" lon="-51.0866500">
    <ele>757.9</ele>
   </trkpt>
   <trkpt lat="-26.2383890" lon="-51.0866580">
    <ele>757.9</ele>
   </trkpt>
   <trkpt lat="-26.2384430" lon="-51.0866730">
    <ele>757.9</ele>
   </trkpt>
   <trkpt lat="-26.2384860" lon="-51.0866810">
    <ele>757.9</ele>
   </trkpt>
   <trkpt lat="-26.2385320" lon="-51.0866900">
    <ele>757.9</ele>
   </trkpt>
   <trkpt lat="-26.2385720" lon="-51.0866980">
    <ele>757.9</ele>
   </trkpt>
   <trkpt lat="-26.2386150" lon="-51.0867050">
    <ele>757.9</ele>
   </trkpt>
   <trkpt lat="-26.2386560" lon="-51.0867130">
    <ele>757.9</ele>
   </trkpt>
   <trkpt lat="-26.2386980" lon="-51.0867250">
    <ele>757.9</ele>
   </trkpt>
   <trkpt lat="-26.2387450" lon="-51.0867430">
    <ele>757.9</ele>
   </trkpt>
   <trkpt lat="-26.2387930" lon="-51.0867470">
    <ele>757.9</ele>
   </trkpt>
   <trkpt lat="-26.2388300" lon="-51.0867510">
    <ele>757.9</ele>
   </trkpt>
   <trkpt lat="-26.2388790" lon="-51.0867670">
    <ele>757.8</ele>
   </trkpt>
   <trkpt lat="-26.2389160" lon="-51.0867740">
    <ele>757.8</ele>
   </trkpt>
   <trkpt lat="-26.2389610" lon="-51.0867820">
    <ele>757.8</ele>
   </trkpt>
   <trkpt lat="-26.2390080" lon="-51.0867950">
    <ele>757.8</ele>
   </trkpt>
   <trkpt lat="-26.2390540" lon="-51.0868030">
    <ele>757.8</ele>
   </trkpt>
   <trkpt lat="-26.2390950" lon="-51.0868090">
    <ele>757.8</ele>
   </trkpt>
   <trkpt lat="-26.2391420" lon="-51.0868200">
    <ele>757.8</ele>
   </trkpt>
   <trkpt lat="-26.2391860" lon="-51.0868280">
    <ele>757.8</ele>
   </trkpt>
   <trkpt lat="-26.2392330" lon="-51.0868310">
    <ele>757.8</ele>
   </trkpt>
   <trkpt lat="-26.2392830" lon="-51.0868330">
    <ele>757.8</ele>
   </trkpt>
   <trkpt lat="-26.2393300" lon="-51.0868380">
    <ele>757.8</ele>
   </trkpt>
   <trkpt lat="-26.2393810" lon="-51.0868440">
    <ele>757.8</ele>
   </trkpt>
   <trkpt lat="-26.2394370" lon="-51.0868500">
    <ele>757.9</ele>
   </trkpt>
   <trkpt lat="-26.2394750" lon="-51.0868620">
    <ele>757.9</ele>
   </trkpt>
   <trkpt lat="-26.2395210" lon="-51.0868700">
    <ele>757.9</ele>
   </trkpt>
   <trkpt lat="-26.2395760" lon="-51.0868710">
    <ele>757.9</ele>
   </trkpt>
   <trkpt lat="-26.2396180" lon="-51.0868800">
    <ele>757.9</ele>
   </trkpt>
   <trkpt lat="-26.2396660" lon="-51.0868900">
    <ele>757.9</ele>
   </trkpt>
   <trkpt lat="-26.2397100" lon="-51.0868980">
    <ele>757.9</ele>
   </trkpt>
   <trkpt lat="-26.2397570" lon="-51.0869040">
    <ele>757.9</ele>
   </trkpt>
   <trkpt lat="-26.2398050" lon="-51.0869140">
    <ele>757.9</ele>
   </trkpt>
   <trkpt lat="-26.2398500" lon="-51.0869200">
    <ele>757.9</ele>
   </trkpt>
   <trkpt lat="-26.2398860" lon="-51.0869270">
    <ele>757.9</ele>
   </trkpt>
   <trkpt lat="-26.2399290" lon="-51.0869370">
    <ele>757.9</ele>
   </trkpt>
   <trkpt lat="-26.2399710" lon="-51.0869460">
    <ele>757.9</ele>
   </trkpt>
   <trkpt lat="-26.2400160" lon="-51.0869580">
    <ele>757.9</ele>
   </trkpt>
   <trkpt lat="-26.2400650" lon="-51.0869600">
    <ele>757.9</ele>
   </trkpt>
   <trkpt lat="-26.2401090" lon="-51.0869690">
    <ele>757.9</ele>
   </trkpt>
   <trkpt lat="-26.2401590" lon="-51.0869810">
    <ele>757.9</ele>
   </trkpt>
   <trkpt lat="-26.2402090" lon="-51.0869860">
    <ele>757.8</ele>
   </trkpt>
   <trkpt lat="-26.2402520" lon="-51.0869970">
    <ele>757.8</ele>
   </trkpt>
   <trkpt lat="-26.2403050" lon="-51.0869990">
    <ele>757.8</ele>
   </trkpt>
   <trkpt lat="-26.2403530" lon="-51.0870100">
    <ele>757.7</ele>
   </trkpt>
   <trkpt lat="-26.2404010" lon="-51.0870160">
    <ele>757.7</ele>
   </trkpt>
   <trkpt lat="-26.2404500" lon="-51.0870180">
    <ele>757.7</ele>
   </trkpt>
   <trkpt lat="-26.2405020" lon="-51.0870280">
    <ele>757.7</ele>
   </trkpt>
   <trkpt lat="-26.2405520" lon="-51.0870320">
    <ele>757.7</ele>
   </trkpt>
   <trkpt lat="-26.2405970" lon="-51.0870370">
    <ele>757.7</ele>
   </trkpt>
   <trkpt lat="-26.2406490" lon="-51.0870410">
    <ele>757.7</ele>
   </trkpt>
   <trkpt lat="-26.2406970" lon="-51.0870550">
    <ele>757.7</ele>
   </trkpt>
   <trkpt lat="-26.2407470" lon="-51.0870530">
    <ele>757.7</ele>
   </trkpt>
   <trkpt lat="-26.2407950" lon="-51.0870570">
    <ele>757.7</ele>
   </trkpt>
   <trkpt lat="-26.2408440" lon="-51.0870740">
    <ele>757.7</ele>
   </trkpt>
   <trkpt lat="-26.2408900" lon="-51.0870740">
    <ele>757.7</ele>
   </trkpt>
   <trkpt lat="-26.2409320" lon="-51.0870820">
    <ele>757.7</ele>
   </trkpt>
   <trkpt lat="-26.2409760" lon="-51.0870930">
    <ele>757.7</ele>
   </trkpt>
   <trkpt lat="-26.2410220" lon="-51.0870980">
    <ele>757.7</ele>
   </trkpt>
   <trkpt lat="-26.2410730" lon="-51.0871070">
    <ele>757.7</ele>
   </trkpt>
   <trkpt lat="-26.2411210" lon="-51.0871170">
    <ele>757.7</ele>
   </trkpt>
   <trkpt lat="-26.2411740" lon="-51.0871200">
    <ele>757.6</ele>
   </trkpt>
   <trkpt lat="-26.2412140" lon="-51.0871380">
    <ele>757.6</ele>
   </trkpt>
   <trkpt lat="-26.2412600" lon="-51.0871450">
    <ele>757.6</ele>
   </trkpt>
   <trkpt lat="-26.2413040" lon="-51.0871400">
    <ele>757.5</ele>
   </trkpt>
   <trkpt lat="-26.2413540" lon="-51.0871490">
    <ele>757.5</ele>
   </trkpt>
   <trkpt lat="-26.2414040" lon="-51.0871630">
    <ele>757.5</ele>
   </trkpt>
   <trkpt lat="-26.2414460" lon="-51.0871730">
    <ele>757.5</ele>
   </trkpt>
   <trkpt lat="-26.2414880" lon="-51.0871860">
    <ele>757.5</ele>
   </trkpt>
   <trkpt lat="-26.2415350" lon="-51.0872000">
    <ele>757.5</ele>
   </trkpt>
   <trkpt lat="-26.2415810" lon="-51.0872020">
    <ele>757.5</ele>
   </trkpt>
   <trkpt lat="-26.2416310" lon="-51.0872120">
    <ele>757.6</ele>
   </trkpt>
   <trkpt lat="-26.2416810" lon="-51.0872190">
    <ele>757.6</ele>
   </trkpt>
   <trkpt lat="-26.2417260" lon="-51.0872330">
    <ele>757.6</ele>
   </trkpt>
   <trkpt lat="-26.2417720" lon="-51.0872420">
    <ele>757.6</ele>
   </trkpt>
   <trkpt lat="-26.2418260" lon="-51.0872550">
    <ele>757.6</ele>
   </trkpt>
   <trkpt lat="-26.2418650" lon="-51.0872650">
    <ele>757.5</ele>
   </trkpt>
   <trkpt lat="-26.2419170" lon="-51.0872810">
    <ele>757.5</ele>
   </trkpt>
   <trkpt lat="-26.2419650" lon="-51.0872920">
    <ele>757.5</ele>
   </trkpt>
   <trkpt lat="-26.2420180" lon="-51.0873080">
    <ele>757.6</ele>
   </trkpt>
   <trkpt lat="-26.2420630" lon="-51.0873140">
    <ele>757.6</ele>
   </trkpt>
   <trkpt lat="-26.2421200" lon="-51.0873360">
    <ele>757.6</ele>
   </trkpt>
   <trkpt lat="-26.2421630" lon="-51.0873390">
    <ele>757.6</ele>
   </trkpt>
   <trkpt lat="-26.2422160" lon="-51.0873530">
    <ele>757.6</ele>
   </trkpt>
   <trkpt lat="-26.2422630" lon="-51.0873630">
    <ele>757.6</ele>
   </trkpt>
   <trkpt lat="-26.2423090" lon="-51.0873770">
    <ele>757.7</ele>
   </trkpt>
   <trkpt lat="-26.2423660" lon="-51.0873880">
    <ele>757.7</ele>
   </trkpt>
   <trkpt lat="-26.2424120" lon="-51.0873990">
    <ele>757.7</ele>
   </trkpt>
   <trkpt lat="-26.2424620" lon="-51.0874040">
    <ele>757.7</ele>
   </trkpt>
   <trkpt lat="-26.2425170" lon="-51.0874050">
    <ele>757.8</ele>
   </trkpt>
   <trkpt lat="-26.2425600" lon="-51.0874140">
    <ele>757.8</ele>
   </trkpt>
   <trkpt lat="-26.2426140" lon="-51.0874230">
    <ele>757.8</ele>
   </trkpt>
   <trkpt lat="-26.2426600" lon="-51.0874310">
    <ele>757.8</ele>
   </trkpt>
   <trkpt lat="-26.2427170" lon="-51.0874350">
    <ele>757.8</ele>
   </trkpt>
   <trkpt lat="-26.2427680" lon="-51.0874360">
    <ele>757.9</ele>
   </trkpt>
   <trkpt lat="-26.2428150" lon="-51.0874370">
    <ele>757.9</ele>
   </trkpt>
   <trkpt lat="-26.2428650" lon="-51.0874430">
    <ele>757.9</ele>
   </trkpt>
   <trkpt lat="-26.2429140" lon="-51.0874480">
    <ele>757.9</ele>
   </trkpt>
   <trkpt lat="-26.2429620" lon="-51.0874500">
    <ele>758.0</ele>
   </trkpt>
   <trkpt lat="-26.2430090" lon="-51.0874530">
    <ele>758.0</ele>
   </trkpt>
   <trkpt lat="-26.2430590" lon="-51.0874570">
    <ele>758.0</ele>
   </trkpt>
   <trkpt lat="-26.2431100" lon="-51.0874590">
    <ele>758.0</ele>
   </trkpt>
   <trkpt lat="-26.2431600" lon="-51.0874620">
    <ele>758.0</ele>
   </trkpt>
   <trkpt lat="-26.2432110" lon="-51.0874610">
    <ele>758.1</ele>
   </trkpt>
   <trkpt lat="-26.2432560" lon="-51.0874550">
    <ele>758.1</ele>
   </trkpt>
   <trkpt lat="-26.2433010" lon="-51.0874580">
    <ele>758.1</ele>
   </trkpt>
   <trkpt lat="-26.2433410" lon="-51.0874530">
    <ele>758.1</ele>
   </trkpt>
   <trkpt lat="-26.2433820" lon="-51.0874500">
    <ele>758.2</ele>
   </trkpt>
   <trkpt lat="-26.2434190" lon="-51.0874500">
    <ele>758.2</ele>
   </trkpt>
   <trkpt lat="-26.2434570" lon="-51.0874500">
    <ele>758.2</ele>
   </trkpt>
   <trkpt lat="-26.2434900" lon="-51.0874410">
    <ele>758.3</ele>
   </trkpt>
   <trkpt lat="-26.2435140" lon="-51.0874350">
    <ele>758.3</ele>
   </trkpt>
   <trkpt lat="-26.2435160" lon="-51.0874270">
    <ele>758.3</ele>
   </trkpt>
   <trkpt lat="-26.2435170" lon="-51.0874210">
    <ele>758.3</ele>
   </trkpt>
   <trkpt lat="-26.2435150" lon="-51.0874220">
    <ele>758.3</ele>
   </trkpt>
   <trkpt lat="-26.2435130" lon="-51.0874230">
    <ele>758.3</ele>
   </trkpt>
   <trkpt lat="-26.2435120" lon="-51.0874260">
    <ele>758.3</ele>
   </trkpt>
   <trkpt lat="-26.2435150" lon="-51.0874230">
    <ele>758.4</ele>
   </trkpt>
   <trkpt lat="-26.2435270" lon="-51.0874230">
    <ele>758.4</ele>
   </trkpt>
   <trkpt lat="-26.2435240" lon="-51.0874200">
    <ele>758.4</ele>
   </trkpt>
   <trkpt lat="-26.2435340" lon="-51.0874160">
    <ele>758.4</ele>
   </trkpt>
   <trkpt lat="-26.2435470" lon="-51.0874140">
    <ele>758.4</ele>
   </trkpt>
   <trkpt lat="-26.2435690" lon="-51.0874110">
    <ele>758.5</ele>
   </trkpt>
   <trkpt lat="-26.2435780" lon="-51.0874090">
    <ele>758.5</ele>
   </trkpt>
   <trkpt lat="-26.2435870" lon="-51.0874070">
    <ele>758.5</ele>
   </trkpt>
   <trkpt lat="-26.2436220" lon="-51.0874080">
    <ele>758.5</ele>
   </trkpt>
   <trkpt lat="-26.2436390" lon="-51.0874080">
    <ele>758.6</ele>
   </trkpt>
   <trkpt lat="-26.2436680" lon="-51.0874150">
    <ele>758.6</ele>
   </trkpt>
   <trkpt lat="-26.2437040" lon="-51.0874120">
    <ele>758.7</ele>
   </trkpt>
   <trkpt lat="-26.2437310" lon="-51.0874180">
    <ele>758.7</ele>
   </trkpt>
   <trkpt lat="-26.2437680" lon="-51.0874100">
    <ele>758.7</ele>
   </trkpt>
   <trkpt lat="-26.2438020" lon="-51.0874150">
    <ele>758.7</ele>
   </trkpt>
   <trkpt lat="-26.2438400" lon="-51.0874060">
    <ele>758.7</ele>
   </trkpt>
   <trkpt lat="-26.2438860" lon="-51.0873930">
    <ele>758.7</ele>
   </trkpt>
   <trkpt lat="-26.2439330" lon="-51.0873810">
    <ele>758.8</ele>
   </trkpt>
   <trkpt lat="-26.2439650" lon="-51.0873800">
    <ele>758.8</ele>
   </trkpt>
   <trkpt lat="-26.2440100" lon="-51.0873750">
    <ele>758.8</ele>
   </trkpt>
   <trkpt lat="-26.2440480" lon="-51.0873600">
    <ele>758.8</ele>
   </trkpt>
   <trkpt lat="-26.2440840" lon="-51.0873360">
    <ele>758.9</ele>
   </trkpt>
   <trkpt lat="-26.2441180" lon="-51.0873080">
    <ele>758.9</ele>
   </trkpt>
   <trkpt lat="-26.2441420" lon="-51.0872790">
    <ele>758.9</ele>
   </trkpt>
   <trkpt lat="-26.2441750" lon="-51.0872600">
    <ele>758.9</ele>
   </trkpt>
   <trkpt lat="-26.2442150" lon="-51.0872440">
    <ele>758.9</ele>
   </trkpt>
   <trkpt lat="-26.2442620" lon="-51.0872320">
    <ele>758.9</ele>
   </trkpt>
   <trkpt lat="-26.2443000" lon="-51.0872350">
    <ele>758.9</ele>
   </trkpt>
   <trkpt lat="-26.2443420" lon="-51.0872210">
    <ele>758.9</ele>
   </trkpt>
   <trkpt lat="-26.2443850" lon="-51.0872230">
    <ele>758.9</ele>
   </trkpt>
   <trkpt lat="-26.2444270" lon="-51.0872210">
    <ele>758.8</ele>
   </trkpt>
   <trkpt lat="-26.2444660" lon="-51.0872120">
    <ele>758.8</ele>
   </trkpt>
   <trkpt lat="-26.2445030" lon="-51.0872050">
    <ele>758.7</ele>
   </trkpt>
   <trkpt lat="-26.2445410" lon="-51.0872040">
    <ele>758.7</ele>
   </trkpt>
   <trkpt lat="-26.2445840" lon="-51.0871940">
    <ele>758.7</ele>
   </trkpt>
   <trkpt lat="-26.2446300" lon="-51.0871890">
    <ele>758.6</ele>
   </trkpt>
   <trkpt lat="-26.2446750" lon="-51.0871810">
    <ele>758.6</ele>
   </trkpt>
   <trkpt lat="-26.2447200" lon="-51.0871710">
    <ele>758.6</ele>
   </trkpt>
   <trkpt lat="-26.2447560" lon="-51.0871560">
    <ele>758.5</ele>
   </trkpt>
   <trkpt lat="-26.2447980" lon="-51.0871440">
    <ele>758.5</ele>
   </trkpt>
   <trkpt lat="-26.2448480" lon="-51.0871320">
    <ele>758.5</ele>
   </trkpt>
   <trkpt lat="-26.2448960" lon="-51.0871220">
    <ele>758.5</ele>
   </trkpt>
   <trkpt lat="-26.2449310" lon="-51.0871020">
    <ele>758.5</ele>
   </trkpt>
   <trkpt lat="-26.2449740" lon="-51.0870860">
    <ele>758.5</ele>
   </trkpt>
   <trkpt lat="-26.2450210" lon="-51.0870650">
    <ele>758.5</ele>
   </trkpt>
   <trkpt lat="-26.2450590" lon="-51.0870570">
    <ele>758.5</ele>
   </trkpt>
   <trkpt lat="-26.2450940" lon="-51.0870350">
    <ele>758.5</ele>
   </trkpt>
   <trkpt lat="-26.2451340" lon="-51.0870250">
    <ele>758.5</ele>
   </trkpt>
   <trkpt lat="-26.2451750" lon="-51.0870100">
    <ele>758.6</ele>
   </trkpt>
   <trkpt lat="-26.2452070" lon="-51.0870020">
    <ele>758.6</ele>
   </trkpt>
   <trkpt lat="-26.2452430" lon="-51.0869850">
    <ele>758.6</ele>
   </trkpt>
   <trkpt lat="-26.2452750" lon="-51.0869740">
    <ele>758.6</ele>
   </trkpt>
   <trkpt lat="-26.2453050" lon="-51.0869600">
    <ele>758.6</ele>
   </trkpt>
   <trkpt lat="-26.2453320" lon="-51.0869450">
    <ele>758.7</ele>
   </trkpt>
   <trkpt lat="-26.2453750" lon="-51.0869320">
    <ele>758.7</ele>
   </trkpt>
   <trkpt lat="-26.2454060" lon="-51.0869190">
    <ele>758.7</ele>
   </trkpt>
   <trkpt lat="-26.2454360" lon="-51.0869030">
    <ele>758.8</ele>
   </trkpt>
   <trkpt lat="-26.2454660" lon="-51.0868900">
    <ele>758.8</ele>
   </trkpt>
   <trkpt lat="-26.2454950" lon="-51.0868770">
    <ele>758.8</ele>
   </trkpt>
   <trkpt lat="-26.2455240" lon="-51.0868640">
    <ele>758.8</ele>
   </trkpt>
   <trkpt lat="-26.2455540" lon="-51.0868500">
    <ele>758.9</ele>
   </trkpt>
   <trkpt lat="-26.2455850" lon="-51.0868470">
    <ele>758.9</ele>
   </trkpt>
   <trkpt lat="-26.2456190" lon="-51.0868320">
    <ele>758.9</ele>
   </trkpt>
   <trkpt lat="-26.2456470" lon="-51.0868200">
    <ele>758.9</ele>
   </trkpt>
   <trkpt lat="-26.2456810" lon="-51.0868030">
    <ele>759.0</ele>
   </trkpt>
   <trkpt lat="-26.2457180" lon="-51.0867920">
    <ele>759.0</ele>
   </trkpt>
   <trkpt lat="-26.2457580" lon="-51.0867710">
    <ele>759.1</ele>
   </trkpt>
   <trkpt lat="-26.2458010" lon="-51.0867690">
    <ele>759.1</ele>
   </trkpt>
   <trkpt lat="-26.2458290" lon="-51.0867560">
    <ele>759.2</ele>
   </trkpt>
   <trkpt lat="-26.2458650" lon="-51.0867350">
    <ele>759.2</ele>
   </trkpt>
   <trkpt lat="-26.2458790" lon="-51.0867300">
    <ele>759.2</ele>
   </trkpt>
   <trkpt lat="-26.2459180" lon="-51.0867120">
    <ele>759.3</ele>
   </trkpt>
   <trkpt lat="-26.2459350" lon="-51.0867040">
    <ele>759.3</ele>
   </trkpt>
   <trkpt lat="-26.2459800" lon="-51.0866930">
    <ele>759.4</ele>
   </trkpt>
   <trkpt lat="-26.2460130" lon="-51.0866730">
    <ele>759.5</ele>
   </trkpt>
   <trkpt lat="-26.2460480" lon="-51.0866600">
    <ele>759.5</ele>
   </trkpt>
   <trkpt lat="-26.2460850" lon="-51.0866450">
    <ele>759.6</ele>
   </trkpt>
   <trkpt lat="-26.2461250" lon="-51.0866300">
    <ele>759.7</ele>
   </trkpt>
   <trkpt lat="-26.2461630" lon="-51.0866170">
    <ele>759.7</ele>
   </trkpt>
   <trkpt lat="-26.2462040" lon="-51.0866010">
    <ele>759.8</ele>
   </trkpt>
   <trkpt lat="-26.2462410" lon="-51.0865880">
    <ele>759.8</ele>
   </trkpt>
   <trkpt lat="-26.2462760" lon="-51.0865720">
    <ele>759.9</ele>
   </trkpt>
   <trkpt lat="-26.2463170" lon="-51.0865640">
    <ele>760.0</ele>
   </trkpt>
   <trkpt lat="-26.2463510" lon="-51.0865530">
    <ele>760.0</ele>
   </trkpt>
   <trkpt lat="-26.2463910" lon="-51.0865370">
    <ele>760.1</ele>
   </trkpt>
   <trkpt lat="-26.2464260" lon="-51.0865220">
    <ele>760.2</ele>
   </trkpt>
   <trkpt lat="-26.2464640" lon="-51.0865080">
    <ele>760.3</ele>
   </trkpt>
   <trkpt lat="-26.2465030" lon="-51.0864930">
    <ele>760.4</ele>
   </trkpt>
   <trkpt lat="-26.2465430" lon="-51.0864820">
    <ele>760.5</ele>
   </trkpt>
   <trkpt lat="-26.2465760" lon="-51.0864650">
    <ele>760.6</ele>
   </trkpt>
   <trkpt lat="-26.2466160" lon="-51.0864480">
    <ele>760.7</ele>
   </trkpt>
   <trkpt lat="-26.2466570" lon="-51.0864340">
    <ele>760.8</ele>
   </trkpt>
   <trkpt lat="-26.2466900" lon="-51.0864230">
    <ele>760.9</ele>
   </trkpt>
   <trkpt lat="-26.2467240" lon="-51.0864090">
    <ele>760.9</ele>
   </trkpt>
   <trkpt lat="-26.2467600" lon="-51.0863940">
    <ele>761.0</ele>
   </trkpt>
   <trkpt lat="-26.2468000" lon="-51.0863770">
    <ele>761.1</ele>
   </trkpt>
   <trkpt lat="-26.2468430" lon="-51.0863640">
    <ele>761.2</ele>
   </trkpt>
   <trkpt lat="-26.2468780" lon="-51.0863470">
    <ele>761.3</ele>
   </trkpt>
   <trkpt lat="-26.2469120" lon="-51.0863320">
    <ele>761.3</ele>
   </trkpt>
   <trkpt lat="-26.2469490" lon="-51.0863180">
    <ele>761.4</ele>
   </trkpt>
   <trkpt lat="-26.2469840" lon="-51.0863030">
    <ele>761.5</ele>
   </trkpt>
   <trkpt lat="-26.2470210" lon="-51.0862920">
    <ele>761.6</ele>
   </trkpt>
   <trkpt lat="-26.2470590" lon="-51.0862810">
    <ele>761.6</ele>
   </trkpt>
   <trkpt lat="-26.2470950" lon="-51.0862730">
    <ele>761.7</ele>
   </trkpt>
   <trkpt lat="-26.2471340" lon="-51.0862650">
    <ele>761.8</ele>
   </trkpt>
   <trkpt lat="-26.2471820" lon="-51.0862720">
    <ele>761.9</ele>
   </trkpt>
   <trkpt lat="-26.2472130" lon="-51.0862820">
    <ele>762.0</ele>
   </trkpt>
   <trkpt lat="-26.2472570" lon="-51.0862870">
    <ele>762.0</ele>
   </trkpt>
   <trkpt lat="-26.2472990" lon="-51.0862740">
    <ele>762.1</ele>
   </trkpt>
   <trkpt lat="-26.2473350" lon="-51.0862590">
    <ele>762.2</ele>
   </trkpt>
   <trkpt lat="-26.2473720" lon="-51.0862420">
    <ele>762.3</ele>
   </trkpt>
   <trkpt lat="-26.2474130" lon="-51.0862220">
    <ele>762.4</ele>
   </trkpt>
   <trkpt lat="-26.2474460" lon="-51.0862020">
    <ele>762.6</ele>
   </trkpt>
   <trkpt lat="-26.2474830" lon="-51.0861790">
    <ele>762.7</ele>
   </trkpt>
   <trkpt lat="-26.2475160" lon="-51.0861560">
    <ele>762.9</ele>
   </trkpt>
   <trkpt lat="-26.2475510" lon="-51.0861430">
    <ele>763.0</ele>
   </trkpt>
   <trkpt lat="-26.2475880" lon="-51.0861300">
    <ele>763.1</ele>
   </trkpt>
   <trkpt lat="-26.2476250" lon="-51.0861130">
    <ele>763.3</ele>
   </trkpt>
   <trkpt lat="-26.2476600" lon="-51.0860960">
    <ele>763.4</ele>
   </trkpt>
   <trkpt lat="-26.2476920" lon="-51.0860750">
    <ele>763.5</ele>
   </trkpt>
   <trkpt lat="-26.2477340" lon="-51.0860510">
    <ele>763.7</ele>
   </trkpt>
   <trkpt lat="-26.2477690" lon="-51.0860310">
    <ele>763.8</ele>
   </trkpt>
   <trkpt lat="-26.2477840" lon="-51.0860250">
    <ele>763.9</ele>
   </trkpt>
   <trkpt lat="-26.2478170" lon="-51.0860070">
    <ele>764.0</ele>
   </trkpt>
   <trkpt lat="-26.2478520" lon="-51.0859810">
    <ele>764.1</ele>
   </trkpt>
   <trkpt lat="-26.2478830" lon="-51.0859670">
    <ele>764.2</ele>
   </trkpt>
   <trkpt lat="-26.2479150" lon="-51.0859530">
    <ele>764.3</ele>
   </trkpt>
   <trkpt lat="-26.2479470" lon="-51.0859390">
    <ele>764.4</ele>
   </trkpt>
   <trkpt lat="-26.2479760" lon="-51.0859250">
    <ele>764.5</ele>
   </trkpt>
   <trkpt lat="-26.2480140" lon="-51.0859080">
    <ele>764.6</ele>
   </trkpt>
   <trkpt lat="-26.2480430" lon="-51.0858940">
    <ele>764.7</ele>
   </trkpt>
   <trkpt lat="-26.2480750" lon="-51.0858820">
    <ele>764.8</ele>
   </trkpt>
   <trkpt lat="-26.2481040" lon="-51.0858630">
    <ele>765.0</ele>
   </trkpt>
   <trkpt lat="-26.2481420" lon="-51.0858470">
    <ele>765.1</ele>
   </trkpt>
   <trkpt lat="-26.2481740" lon="-51.0858300">
    <ele>765.2</ele>
   </trkpt>
   <trkpt lat="-26.2482020" lon="-51.0858180">
    <ele>765.3</ele>
   </trkpt>
   <trkpt lat="-26.2482360" lon="-51.0858030">
    <ele>765.4</ele>
   </trkpt>
   <trkpt lat="-26.2482640" lon="-51.0857910">
    <ele>765.5</ele>
   </trkpt>
   <trkpt lat="-26.2482990" lon="-51.0857740">
    <ele>765.7</ele>
   </trkpt>
   <trkpt lat="-26.2483300" lon="-51.0857570">
    <ele>765.8</ele>
   </trkpt>
   <trkpt lat="-26.2483610" lon="-51.0857380">
    <ele>765.9</ele>
   </trkpt>
   <trkpt lat="-26.2483910" lon="-51.0857180">
    <ele>766.0</ele>
   </trkpt>
   <trkpt lat="-26.2484220" lon="-51.0856990">
    <ele>766.1</ele>
   </trkpt>
   <trkpt lat="-26.2484520" lon="-51.0856830">
    <ele>766.2</ele>
   </trkpt>
   <trkpt lat="-26.2484860" lon="-51.0856650">
    <ele>766.3</ele>
   </trkpt>
   <trkpt lat="-26.2485160" lon="-51.0856380">
    <ele>766.4</ele>
   </trkpt>
   <trkpt lat="-26.2485420" lon="-51.0856220">
    <ele>766.4</ele>
   </trkpt>
   <trkpt lat="-26.2485750" lon="-51.0856000">
    <ele>766.5</ele>
   </trkpt>
   <trkpt lat="-26.2486100" lon="-51.0855780">
    <ele>766.6</ele>
   </trkpt>
   <trkpt lat="-26.2486370" lon="-51.0855620">
    <ele>766.7</ele>
   </trkpt>
   <trkpt lat="-26.2486680" lon="-51.0855360">
    <ele>766.7</ele>
   </trkpt>
   <trkpt lat="-26.2486980" lon="-51.0855150">
    <ele>766.8</ele>
   </trkpt>
   <trkpt lat="-26.2487270" lon="-51.0854900">
    <ele>766.9</ele>
   </trkpt>
   <trkpt lat="-26.2487570" lon="-51.0854670">
    <ele>766.9</ele>
   </trkpt>
   <trkpt lat="-26.2487850" lon="-51.0854480">
    <ele>767.0</ele>
   </trkpt>
   <trkpt lat="-26.2488170" lon="-51.0854180">
    <ele>767.0</ele>
   </trkpt>
   <trkpt lat="-26.2488470" lon="-51.0853900">
    <ele>767.0</ele>
   </trkpt>
   <trkpt lat="-26.2488760" lon="-51.0853630">
    <ele>767.1</ele>
   </trkpt>
   <trkpt lat="-26.2489010" lon="-51.0853370">
    <ele>767.1</ele>
   </trkpt>
   <trkpt lat="-26.2489350" lon="-51.0853140">
    <ele>767.1</ele>
   </trkpt>
   <trkpt lat="-26.2489660" lon="-51.0852890">
    <ele>767.1</ele>
   </trkpt>
   <trkpt lat="-26.2490000" lon="-51.0852590">
    <ele>767.2</ele>
   </trkpt>
   <trkpt lat="-26.2490260" lon="-51.0852300">
    <ele>767.2</ele>
   </trkpt>
   <trkpt lat="-26.2490530" lon="-51.0852020">
    <ele>767.2</ele>
   </trkpt>
   <trkpt lat="-26.2490790" lon="-51.0851720">
    <ele>767.3</ele>
   </trkpt>
   <trkpt lat="-26.2491060" lon="-51.0851390">
    <ele>767.3</ele>
   </trkpt>
   <trkpt lat="-26.2491320" lon="-51.0851090">
    <ele>767.3</ele>
   </trkpt>
   <trkpt lat="-26.2491600" lon="-51.0850810">
    <ele>767.4</ele>
   </trkpt>
   <trkpt lat="-26.2491900" lon="-51.0850560">
    <ele>767.4</ele>
   </trkpt>
   <trkpt lat="-26.2492180" lon="-51.0850270">
    <ele>767.4</ele>
   </trkpt>
   <trkpt lat="-26.2492490" lon="-51.0849960">
    <ele>767.5</ele>
   </trkpt>
   <trkpt lat="-26.2492820" lon="-51.0849680">
    <ele>767.5</ele>
   </trkpt>
   <trkpt lat="-26.2493140" lon="-51.0849390">
    <ele>767.5</ele>
   </trkpt>
   <trkpt lat="-26.2493430" lon="-51.0849110">
    <ele>767.6</ele>
   </trkpt>
   <trkpt lat="-26.2493710" lon="-51.0848880">
    <ele>767.6</ele>
   </trkpt>
   <trkpt lat="-26.2493990" lon="-51.0848620">
    <ele>767.6</ele>
   </trkpt>
   <trkpt lat="-26.2494290" lon="-51.0848290">
    <ele>767.7</ele>
   </trkpt>
   <trkpt lat="-26.2494600" lon="-51.0848010">
    <ele>767.7</ele>
   </trkpt>
   <trkpt lat="-26.2494870" lon="-51.0847730">
    <ele>767.7</ele>
   </trkpt>
   <trkpt lat="-26.2495240" lon="-51.0847360">
    <ele>767.8</ele>
   </trkpt>
   <trkpt lat="-26.2495490" lon="-51.0847130">
    <ele>767.8</ele>
   </trkpt>
   <trkpt lat="-26.2495730" lon="-51.0846760">
    <ele>767.8</ele>
   </trkpt>
   <trkpt lat="-26.2496030" lon="-51.0846530">
    <ele>767.8</ele>
   </trkpt>
   <trkpt lat="-26.2496290" lon="-51.0846230">
    <ele>767.9</ele>
   </trkpt>
   <trkpt lat="-26.2496560" lon="-51.0845940">
    <ele>767.9</ele>
   </trkpt>
   <trkpt lat="-26.2496850" lon="-51.0845710">
    <ele>767.9</ele>
   </trkpt>
   <trkpt lat="-26.2497110" lon="-51.0845390">
    <ele>767.9</ele>
   </trkpt>
   <trkpt lat="-26.2497350" lon="-51.0845080">
    <ele>768.0</ele>
   </trkpt>
   <trkpt lat="-26.2497590" lon="-51.0844840">
    <ele>768.0</ele>
   </trkpt>
   <trkpt lat="-26.2497820" lon="-51.0844560">
    <ele>768.0</ele>
   </trkpt>
   <trkpt lat="-26.2498040" lon="-51.0844320">
    <ele>768.0</ele>
   </trkpt>
   <trkpt lat="-26.2498280" lon="-51.0844040">
    <ele>768.0</ele>
   </trkpt>
   <trkpt lat="-26.2498440" lon="-51.0843800">
    <ele>768.1</ele>
   </trkpt>
   <trkpt lat="-26.2498780" lon="-51.0843560">
    <ele>768.1</ele>
   </trkpt>
   <trkpt lat="-26.2499030" lon="-51.0843250">
    <ele>768.1</ele>
   </trkpt>
   <trkpt lat="-26.2499280" lon="-51.0842980">
    <ele>768.1</ele>
   </trkpt>
   <trkpt lat="-26.2499560" lon="-51.0842800">
    <ele>768.1</ele>
   </trkpt>
   <trkpt lat="-26.2499850" lon="-51.0842500">
    <ele>768.0</ele>
   </trkpt>
   <trkpt lat="-26.2500220" lon="-51.0842290">
    <ele>768.0</ele>
   </trkpt>
   <trkpt lat="-26.2500710" lon="-51.0842380">
    <ele>768.0</ele>
   </trkpt>
   <trkpt lat="-26.2501170" lon="-51.0842610">
    <ele>767.8</ele>
   </trkpt>
   <trkpt lat="-26.2501570" lon="-51.0843010">
    <ele>767.6</ele>
   </trkpt>
   <trkpt lat="-26.2501920" lon="-51.0843330">
    <ele>767.4</ele>
   </trkpt>
   <trkpt lat="-26.2502300" lon="-51.0843670">
    <ele>767.3</ele>
   </trkpt>
   <trkpt lat="-26.2502630" lon="-51.0844080">
    <ele>767.1</ele>
   </trkpt>
   <trkpt lat="-26.2502960" lon="-51.0844430">
    <ele>767.0</ele>
   </trkpt>
   <trkpt lat="-26.2503280" lon="-51.0844850">
    <ele>766.8</ele>
   </trkpt>
   <trkpt lat="-26.2503560" lon="-51.0845330">
    <ele>766.6</ele>
   </trkpt>
   <trkpt lat="-26.2503880" lon="-51.0845790">
    <ele>766.4</ele>
   </trkpt>
   <trkpt lat="-26.2504210" lon="-51.0846220">
    <ele>766.2</ele>
   </trkpt>
   <trkpt lat="-26.2504580" lon="-51.0846650">
    <ele>766.0</ele>
   </trkpt>
   <trkpt lat="-26.2504910" lon="-51.0847140">
    <ele>765.8</ele>
   </trkpt>
   <trkpt lat="-26.2505250" lon="-51.0847590">
    <ele>765.6</ele>
   </trkpt>
   <trkpt lat="-26.2505670" lon="-51.0848030">
    <ele>765.4</ele>
   </trkpt>
   <trkpt lat="-26.2506100" lon="-51.0848440">
    <ele>765.2</ele>
   </trkpt>
   <trkpt lat="-26.2506580" lon="-51.0848870">
    <ele>764.9</ele>
   </trkpt>
   <trkpt lat="-26.2507050" lon="-51.0849330">
    <ele>764.6</ele>
   </trkpt>
   <trkpt lat="-26.2507560" lon="-51.0849700">
    <ele>764.2</ele>
   </trkpt>
   <trkpt lat="-26.2508120" lon="-51.0850120">
    <ele>763.9</ele>
   </trkpt>
   <trkpt lat="-26.2508640" lon="-51.0850500">
    <ele>763.5</ele>
   </trkpt>
   <trkpt lat="-26.2509170" lon="-51.0850850">
    <ele>763.4</ele>
   </trkpt>
   <trkpt lat="-26.2509770" lon="-51.0851220">
    <ele>763.0</ele>
   </trkpt>
   <trkpt lat="-26.2510400" lon="-51.0851610">
    <ele>762.5</ele>
   </trkpt>
   <trkpt lat="-26.2511100" lon="-51.0852000">
    <ele>761.9</ele>
   </trkpt>
   <trkpt lat="-26.2511840" lon="-51.0852580">
    <ele>761.3</ele>
   </trkpt>
   <trkpt lat="-26.2512560" lon="-51.0853000">
    <ele>760.8</ele>
   </trkpt>
   <trkpt lat="-26.2513150" lon="-51.0853350">
    <ele>760.7</ele>
   </trkpt>
   <trkpt lat="-26.2513830" lon="-51.0853780">
    <ele>760.7</ele>
   </trkpt>
   <trkpt lat="-26.2514490" lon="-51.0854240">
    <ele>760.7</ele>
   </trkpt>
   <trkpt lat="-26.2515100" lon="-51.0854670">
    <ele>760.6</ele>
   </trkpt>
   <trkpt lat="-26.2515870" lon="-51.0855060">
    <ele>760.6</ele>
   </trkpt>
   <trkpt lat="-26.2516590" lon="-51.0855440">
    <ele>760.5</ele>
   </trkpt>
   <trkpt lat="-26.2517240" lon="-51.0855900">
    <ele>760.5</ele>
   </trkpt>
   <trkpt lat="-26.2517860" lon="-51.0856320">
    <ele>760.5</ele>
   </trkpt>
   <trkpt lat="-26.2518470" lon="-51.0856710">
    <ele>760.5</ele>
   </trkpt>
   <trkpt lat="-26.2519050" lon="-51.0857120">
    <ele>760.6</ele>
   </trkpt>
   <trkpt lat="-26.2519580" lon="-51.0857480">
    <ele>760.7</ele>
   </trkpt>
   <trkpt lat="-26.2520150" lon="-51.0857890">
    <ele>760.8</ele>
   </trkpt>
   <trkpt lat="-26.2520640" lon="-51.0858300">
    <ele>760.9</ele>
   </trkpt>
   <trkpt lat="-26.2521150" lon="-51.0858690">
    <ele>761.0</ele>
   </trkpt>
   <trkpt lat="-26.2521610" lon="-51.0859050">
    <ele>761.1</ele>
   </trkpt>
   <trkpt lat="-26.2522100" lon="-51.0859400">
    <ele>761.2</ele>
   </trkpt>
   <trkpt lat="-26.2522590" lon="-51.0859700">
    <ele>761.3</ele>
   </trkpt>
   <trkpt lat="-26.2523110" lon="-51.0860000">
    <ele>761.4</ele>
   </trkpt>
   <trkpt lat="-26.2523590" lon="-51.0860360">
    <ele>761.5</ele>
   </trkpt>
   <trkpt lat="-26.2524070" lon="-51.0860670">
    <ele>761.5</ele>
   </trkpt>
   <trkpt lat="-26.2524570" lon="-51.0861080">
    <ele>761.6</ele>
   </trkpt>
   <trkpt lat="-26.2525050" lon="-51.0861430">
    <ele>761.7</ele>
   </trkpt>
   <trkpt lat="-26.2525510" lon="-51.0861730">
    <ele>761.7</ele>
   </trkpt>
   <trkpt lat="-26.2526010" lon="-51.0862090">
    <ele>761.8</ele>
   </trkpt>
   <trkpt lat="-26.2526450" lon="-51.0862400">
    <ele>761.9</ele>
   </trkpt>
   <trkpt lat="-26.2526930" lon="-51.0862710">
    <ele>762.0</ele>
   </trkpt>
   <trkpt lat="-26.2527390" lon="-51.0863020">
    <ele>762.0</ele>
   </trkpt>
   <trkpt lat="-26.2527830" lon="-51.0863330">
    <ele>762.1</ele>
   </trkpt>
   <trkpt lat="-26.2528320" lon="-51.0863650">
    <ele>762.2</ele>
   </trkpt>
   <trkpt lat="-26.2528700" lon="-51.0863940">
    <ele>762.3</ele>
   </trkpt>
   <trkpt lat="-26.2529180" lon="-51.0864280">
    <ele>762.4</ele>
   </trkpt>
   <trkpt lat="-26.2529630" lon="-51.0864580">
    <ele>762.4</ele>
   </trkpt>
   <trkpt lat="-26.2530130" lon="-51.0864870">
    <ele>762.5</ele>
   </trkpt>
   <trkpt lat="-26.2530590" lon="-51.0865190">
    <ele>762.6</ele>
   </trkpt>
   <trkpt lat="-26.2531000" lon="-51.0865530">
    <ele>762.7</ele>
   </trkpt>
   <trkpt lat="-26.2531410" lon="-51.0865810">
    <ele>762.7</ele>
   </trkpt>
   <trkpt lat="-26.2531810" lon="-51.0866030">
    <ele>762.8</ele>
   </trkpt>
   <trkpt lat="-26.2532310" lon="-51.0866360">
    <ele>762.8</ele>
   </trkpt>
   <trkpt lat="-26.2532730" lon="-51.0866720">
    <ele>762.8</ele>
   </trkpt>
   <trkpt lat="-26.2533170" lon="-51.0866970">
    <ele>762.8</ele>
   </trkpt>
   <trkpt lat="-26.2533570" lon="-51.0867180">
    <ele>762.8</ele>
   </trkpt>
   <trkpt lat="-26.2534010" lon="-51.0867500">
    <ele>762.9</ele>
   </trkpt>
   <trkpt lat="-26.2534460" lon="-51.0867760">
    <ele>763.0</ele>
   </trkpt>
   <trkpt lat="-26.2534890" lon="-51.0868090">
    <ele>763.1</ele>
   </trkpt>
   <trkpt lat="-26.2535310" lon="-51.0868340">
    <ele>763.2</ele>
   </trkpt>
   <trkpt lat="-26.2535780" lon="-51.0868730">
    <ele>763.4</ele>
   </trkpt>
   <trkpt lat="-26.2536140" lon="-51.0868920">
    <ele>763.5</ele>
   </trkpt>
   <trkpt lat="-26.2536540" lon="-51.0869190">
    <ele>763.7</ele>
   </trkpt>
   <trkpt lat="-26.2536820" lon="-51.0869410">
    <ele>763.9</ele>
   </trkpt>
   <trkpt lat="-26.2537180" lon="-51.0869720">
    <ele>764.1</ele>
   </trkpt>
   <trkpt lat="-26.2537590" lon="-51.0869940">
    <ele>764.4</ele>
   </trkpt>
   <trkpt lat="-26.2537770" lon="-51.0870040">
    <ele>764.5</ele>
   </trkpt>
   <trkpt lat="-26.2538000" lon="-51.0870320">
    <ele>764.8</ele>
   </trkpt>
   <trkpt lat="-26.2538330" lon="-51.0870510">
    <ele>765.0</ele>
   </trkpt>
   <trkpt lat="-26.2538650" lon="-51.0870670">
    <ele>765.3</ele>
   </trkpt>
   <trkpt lat="-26.2539040" lon="-51.0870810">
    <ele>765.6</ele>
   </trkpt>
   <trkpt lat="-26.2539380" lon="-51.0871080">
    <ele>765.9</ele>
   </trkpt>
   <trkpt lat="-26.2539680" lon="-51.0871290">
    <ele>766.2</ele>
   </trkpt>
   <trkpt lat="-26.2540030" lon="-51.0871460">
    <ele>766.6</ele>
   </trkpt>
   <trkpt lat="-26.2540400" lon="-51.0871690">
    <ele>767.0</ele>
   </trkpt>
   <trkpt lat="-26.2540800" lon="-51.0871940">
    <ele>767.4</ele>
   </trkpt>
   <trkpt lat="-26.2541190" lon="-51.0872220">
    <ele>767.9</ele>
   </trkpt>
   <trkpt lat="-26.2541580" lon="-51.0872430">
    <ele>768.3</ele>
   </trkpt>
   <trkpt lat="-26.2541920" lon="-51.0872800">
    <ele>768.8</ele>
   </trkpt>
   <trkpt lat="-26.2542360" lon="-51.0872930">
    <ele>769.1</ele>
   </trkpt>
   <trkpt lat="-26.2542600" lon="-51.0873250">
    <ele>769.4</ele>
   </trkpt>
   <trkpt lat="-26.2542910" lon="-51.0873470">
    <ele>769.7</ele>
   </trkpt>
   <trkpt lat="-26.2543350" lon="-51.0873590">
    <ele>770.0</ele>
   </trkpt>
   <trkpt lat="-26.2543730" lon="-51.0873810">
    <ele>770.3</ele>
   </trkpt>
   <trkpt lat="-26.2544120" lon="-51.0874090">
    <ele>770.5</ele>
   </trkpt>
   <trkpt lat="-26.2544560" lon="-51.0874380">
    <ele>770.8</ele>
   </trkpt>
   <trkpt lat="-26.2544940" lon="-51.0874680">
    <ele>770.9</ele>
   </trkpt>
   <trkpt lat="-26.2545300" lon="-51.0875010">
    <ele>771.1</ele>
   </trkpt>
   <trkpt lat="-26.2545660" lon="-51.0875260">
    <ele>771.2</ele>
   </trkpt>
   <trkpt lat="-26.2546070" lon="-51.0875520">
    <ele>771.3</ele>
   </trkpt>
   <trkpt lat="-26.2546450" lon="-51.0875830">
    <ele>771.4</ele>
   </trkpt>
   <trkpt lat="-26.2546830" lon="-51.0876110">
    <ele>771.4</ele>
   </trkpt>
   <trkpt lat="-26.2547210" lon="-51.0876430">
    <ele>771.5</ele>
   </trkpt>
   <trkpt lat="-26.2547550" lon="-51.0876870">
    <ele>771.4</ele>
   </trkpt>
   <trkpt lat="-26.2547800" lon="-51.0877420">
    <ele>771.3</ele>
   </trkpt>
   <trkpt lat="-26.2548010" lon="-51.0877980">
    <ele>771.2</ele>
   </trkpt>
   <trkpt lat="-26.2548320" lon="-51.0878580">
    <ele>770.8</ele>
   </trkpt>
   <trkpt lat="-26.2548600" lon="-51.0879170">
    <ele>770.4</ele>
   </trkpt>
   <trkpt lat="-26.2548730" lon="-51.0879800">
    <ele>769.9</ele>
   </trkpt>
   <trkpt lat="-26.2549240" lon="-51.0880680">
    <ele>768.6</ele>
   </trkpt>
   <trkpt lat="-26.2549620" lon="-51.0881620">
    <ele>767.0</ele>
   </trkpt>
   <trkpt lat="-26.2550080" lon="-51.0882770">
    <ele>765.1</ele>
   </trkpt>
   <trkpt lat="-26.2550510" lon="-51.0883870">
    <ele>763.6</ele>
   </trkpt>
   <trkpt lat="-26.2550960" lon="-51.0884980">
    <ele>762.8</ele>
   </trkpt>
   <trkpt lat="-26.2551460" lon="-51.0886060">
    <ele>762.4</ele>
   </trkpt>
   <trkpt lat="-26.2551900" lon="-51.0887130">
    <ele>762.2</ele>
   </trkpt>
   <trkpt lat="-26.2552360" lon="-51.0888170">
    <ele>762.1</ele>
   </trkpt>
   <trkpt lat="-26.2552890" lon="-51.0889140">
    <ele>762.0</ele>
   </trkpt>
   <trkpt lat="-26.2553510" lon="-51.0890030">
    <ele>761.9</ele>
   </trkpt>
   <trkpt lat="-26.2554120" lon="-51.0890870">
    <ele>761.8</ele>
   </trkpt>
   <trkpt lat="-26.2554750" lon="-51.0891720">
    <ele>761.8</ele>
   </trkpt>
   <trkpt lat="-26.2555350" lon="-51.0892550">
    <ele>761.8</ele>
   </trkpt>
   <trkpt lat="-26.2555840" lon="-51.0893360">
    <ele>761.8</ele>
   </trkpt>
   <trkpt lat="-26.2556350" lon="-51.0894170">
    <ele>761.8</ele>
   </trkpt>
   <trkpt lat="-26.2556880" lon="-51.0894940">
    <ele>761.7</ele>
   </trkpt>
   <trkpt lat="-26.2557440" lon="-51.0895690">
    <ele>761.7</ele>
   </trkpt>
   <trkpt lat="-26.2558010" lon="-51.0896520">
    <ele>761.6</ele>
   </trkpt>
   <trkpt lat="-26.2558540" lon="-51.0897310">
    <ele>761.5</ele>
   </trkpt>
   <trkpt lat="-26.2559080" lon="-51.0898100">
    <ele>761.5</ele>
   </trkpt>
   <trkpt lat="-26.2559840" lon="-51.0898530">
    <ele>761.4</ele>
   </trkpt>
   <trkpt lat="-26.2560660" lon="-51.0898320">
    <ele>762.6</ele>
   </trkpt>
   <trkpt lat="-26.2561250" lon="-51.0897750">
    <ele>763.1</ele>
   </trkpt>
   <trkpt lat="-26.2561700" lon="-51.0897210">
    <ele>763.5</ele>
   </trkpt>
   <trkpt lat="-26.2562110" lon="-51.0896720">
    <ele>764.0</ele>
   </trkpt>
   <trkpt lat="-26.2562520" lon="-51.0896300">
    <ele>764.5</ele>
   </trkpt>
   <trkpt lat="-26.2562940" lon="-51.0895860">
    <ele>765.0</ele>
   </trkpt>
   <trkpt lat="-26.2563280" lon="-51.0895500">
    <ele>765.4</ele>
   </trkpt>
   <trkpt lat="-26.2563620" lon="-51.0895250">
    <ele>765.8</ele>
   </trkpt>
   <trkpt lat="-26.2563980" lon="-51.0895030">
    <ele>766.0</ele>
   </trkpt>
   <trkpt lat="-26.2564180" lon="-51.0894780">
    <ele>766.0</ele>
   </trkpt>
   <trkpt lat="-26.2564310" lon="-51.0894490">
    <ele>766.1</ele>
   </trkpt>
   <trkpt lat="-26.2564540" lon="-51.0894210">
    <ele>766.1</ele>
   </trkpt>
   <trkpt lat="-26.2564620" lon="-51.0894150">
    <ele>766.1</ele>
   </trkpt>
   <trkpt lat="-26.2564870" lon="-51.0893970">
    <ele>766.2</ele>
   </trkpt>
   <trkpt lat="-26.2564940" lon="-51.0893900">
    <ele>766.2</ele>
   </trkpt>
   <trkpt lat="-26.2565100" lon="-51.0893630">
    <ele>766.2</ele>
   </trkpt>
   <trkpt lat="-26.2565140" lon="-51.0893550">
    <ele>766.3</ele>
   </trkpt>
   <trkpt lat="-26.2565370" lon="-51.0893240">
    <ele>766.3</ele>
   </trkpt>
   <trkpt lat="-26.2565560" lon="-51.0892880">
    <ele>766.4</ele>
   </trkpt>
   <trkpt lat="-26.2565800" lon="-51.0892550">
    <ele>766.4</ele>
   </trkpt>
   <trkpt lat="-26.2566140" lon="-51.0892270">
    <ele>766.5</ele>
   </trkpt>
   <trkpt lat="-26.2566390" lon="-51.0892010">
    <ele>766.5</ele>
   </trkpt>
   <trkpt lat="-26.2566730" lon="-51.0891690">
    <ele>766.6</ele>
   </trkpt>
   <trkpt lat="-26.2567060" lon="-51.0891370">
    <ele>766.7</ele>
   </trkpt>
   <trkpt lat="-26.2567420" lon="-51.0891190">
    <ele>766.7</ele>
   </trkpt>
   <trkpt lat="-26.2567830" lon="-51.0890920">
    <ele>766.8</ele>
   </trkpt>
   <trkpt lat="-26.2568130" lon="-51.0890560">
    <ele>766.9</ele>
   </trkpt>
   <trkpt lat="-26.2568380" lon="-51.0890230">
    <ele>766.9</ele>
   </trkpt>
   <trkpt lat="-26.2568650" lon="-51.0889920">
    <ele>767.0</ele>
   </trkpt>
   <trkpt lat="-26.2568980" lon="-51.0889590">
    <ele>767.1</ele>
   </trkpt>
   <trkpt lat="-26.2569230" lon="-51.0889300">
    <ele>767.1</ele>
   </trkpt>
   <trkpt lat="-26.2569510" lon="-51.0889000">
    <ele>767.2</ele>
   </trkpt>
   <trkpt lat="-26.2569770" lon="-51.0888690">
    <ele>767.2</ele>
   </trkpt>
   <trkpt lat="-26.2570030" lon="-51.0888370">
    <ele>767.3</ele>
   </trkpt>
   <trkpt lat="-26.2570310" lon="-51.0888050">
    <ele>767.3</ele>
   </trkpt>
   <trkpt lat="-26.2570600" lon="-51.0887690">
    <ele>767.4</ele>
   </trkpt>
   <trkpt lat="-26.2570870" lon="-51.0887340">
    <ele>767.5</ele>
   </trkpt>
   <trkpt lat="-26.2571170" lon="-51.0887030">
    <ele>767.5</ele>
   </trkpt>
   <trkpt lat="-26.2571470" lon="-51.0886680">
    <ele>767.6</ele>
   </trkpt>
   <trkpt lat="-26.2571790" lon="-51.0886360">
    <ele>767.7</ele>
   </trkpt>
   <trkpt lat="-26.2572150" lon="-51.0886020">
    <ele>767.7</ele>
   </trkpt>
   <trkpt lat="-26.2572470" lon="-51.0885670">
    <ele>767.8</ele>
   </trkpt>
   <trkpt lat="-26.2572780" lon="-51.0885300">
    <ele>767.9</ele>
   </trkpt>
   <trkpt lat="-26.2573140" lon="-51.0884890">
    <ele>768.0</ele>
   </trkpt>
   <trkpt lat="-26.2573430" lon="-51.0884540">
    <ele>768.0</ele>
   </trkpt>
   <trkpt lat="-26.2573750" lon="-51.0884180">
    <ele>768.1</ele>
   </trkpt>
   <trkpt lat="-26.2574000" lon="-51.0883850">
    <ele>768.1</ele>
   </trkpt>
   <trkpt lat="-26.2574320" lon="-51.0883520">
    <ele>768.2</ele>
   </trkpt>
   <trkpt lat="-26.2574620" lon="-51.0883200">
    <ele>768.3</ele>
   </trkpt>
   <trkpt lat="-26.2574900" lon="-51.0882910">
    <ele>768.3</ele>
   </trkpt>
   <trkpt lat="-26.2575140" lon="-51.0882660">
    <ele>768.4</ele>
   </trkpt>
   <trkpt lat="-26.2575340" lon="-51.0882410">
    <ele>768.4</ele>
   </trkpt>
   <trkpt lat="-26.2575540" lon="-51.0882150">
    <ele>768.5</ele>
   </trkpt>
   <trkpt lat="-26.2575840" lon="-51.0881910">
    <ele>768.5</ele>
   </trkpt>
   <trkpt lat="-26.2576070" lon="-51.0881660">
    <ele>768.6</ele>
   </trkpt>
   <trkpt lat="-26.2576280" lon="-51.0881420">
    <ele>768.6</ele>
   </trkpt>
   <trkpt lat="-26.2576540" lon="-51.0881210">
    <ele>768.7</ele>
   </trkpt>
   <trkpt lat="-26.2576800" lon="-51.0880990">
    <ele>768.7</ele>
   </trkpt>
   <trkpt lat="-26.2577060" lon="-51.0880750">
    <ele>768.8</ele>
   </trkpt>
   <trkpt lat="-26.2577360" lon="-51.0880470">
    <ele>768.8</ele>
   </trkpt>
   <trkpt lat="-26.2577450" lon="-51.0880360">
    <ele>768.9</ele>
   </trkpt>
   <trkpt lat="-26.2577740" lon="-51.0880110">
    <ele>768.9</ele>
   </trkpt>
   <trkpt lat="-26.2577810" lon="-51.0880020">
    <ele>768.9</ele>
   </trkpt>
   <trkpt lat="-26.2578030" lon="-51.0879800">
    <ele>769.0</ele>
   </trkpt>
   <trkpt lat="-26.2578100" lon="-51.0879730">
    <ele>769.0</ele>
   </trkpt>
   <trkpt lat="-26.2578170" lon="-51.0879550">
    <ele>769.0</ele>
   </trkpt>
   <trkpt lat="-26.2578300" lon="-51.0879440">
    <ele>769.0</ele>
   </trkpt>
   <trkpt lat="-26.2578440" lon="-51.0879360">
    <ele>769.1</ele>
   </trkpt>
   <trkpt lat="-26.2578550" lon="-51.0879310">
    <ele>769.1</ele>
   </trkpt>
   <trkpt lat="-26.2578520" lon="-51.0879340">
    <ele>769.1</ele>
   </trkpt>
   <trkpt lat="-26.2578490" lon="-51.0879370">
    <ele>769.1</ele>
   </trkpt>
   <trkpt lat="-26.2578480" lon="-51.0879360">
    <ele>769.1</ele>
   </trkpt>
   <trkpt lat="-26.2578480" lon="-51.0879350">
    <ele>769.1</ele>
   </trkpt>
   <trkpt lat="-26.2578450" lon="-51.0879360">
    <ele>769.1</ele>
   </trkpt>
   <trkpt lat="-26.2578450" lon="-51.0879360">
    <ele>769.1</ele>
   </trkpt>
   <trkpt lat="-26.2578450" lon="-51.0879360">
    <ele>769.1</ele>
   </trkpt>
   <trkpt lat="-26.2578450" lon="-51.0879360">
    <ele>769.1</ele>
   </trkpt>
   <trkpt lat="-26.2578460" lon="-51.0879360">
    <ele>769.1</ele>
   </trkpt>
   <trkpt lat="-26.2578440" lon="-51.0879360">
    <ele>769.1</ele>
   </trkpt>
   <trkpt lat="-26.2578430" lon="-51.0879240">
    <ele>769.1</ele>
   </trkpt>
   <trkpt lat="-26.2578470" lon="-51.0879080">
    <ele>769.1</ele>
   </trkpt>
   <trkpt lat="-26.2578560" lon="-51.0878940">
    <ele>769.2</ele>
   </trkpt>
   <trkpt lat="-26.2578670" lon="-51.0878860">
    <ele>769.2</ele>
   </trkpt>
   <trkpt lat="-26.2578770" lon="-51.0878800">
    <ele>769.2</ele>
   </trkpt>
   <trkpt lat="-26.2578820" lon="-51.0878780">
    <ele>769.2</ele>
   </trkpt>
   <trkpt lat="-26.2578870" lon="-51.0878740">
    <ele>769.2</ele>
   </trkpt>
   <trkpt lat="-26.2578940" lon="-51.0878690">
    <ele>769.2</ele>
   </trkpt>
   <trkpt lat="-26.2579030" lon="-51.0878630">
    <ele>769.3</ele>
   </trkpt>
   <trkpt lat="-26.2579090" lon="-51.0878590">
    <ele>769.3</ele>
   </trkpt>
   <trkpt lat="-26.2579110" lon="-51.0878560">
    <ele>769.3</ele>
   </trkpt>
   <trkpt lat="-26.2579130" lon="-51.0878570">
    <ele>769.3</ele>
   </trkpt>
   <trkpt lat="-26.2579160" lon="-51.0878580">
    <ele>769.3</ele>
   </trkpt>
   <trkpt lat="-26.2579140" lon="-51.0878630">
    <ele>769.3</ele>
   </trkpt>
   <trkpt lat="-26.2579120" lon="-51.0878680">
    <ele>769.3</ele>
   </trkpt>
   <trkpt lat="-26.2579100" lon="-51.0878810">
    <ele>769.3</ele>
   </trkpt>
   <trkpt lat="-26.2579060" lon="-51.0878890">
    <ele>769.3</ele>
   </trkpt>
   <trkpt lat="-26.2579020" lon="-51.0878780">
    <ele>769.3</ele>
   </trkpt>
   <trkpt lat="-26.2579060" lon="-51.0878600">
    <ele>769.4</ele>
   </trkpt>
   <trkpt lat="-26.2579100" lon="-51.0878430">
    <ele>769.4</ele>
   </trkpt>
   <trkpt lat="-26.2579130" lon="-51.0878260">
    <ele>769.4</ele>
   </trkpt>
   <trkpt lat="-26.2579170" lon="-51.0878090">
    <ele>769.4</ele>
   </trkpt>
   <trkpt lat="-26.2579210" lon="-51.0877920">
    <ele>769.5</ele>
   </trkpt>
   <trkpt lat="-26.2579520" lon="-51.0877590">
    <ele>769.5</ele>
   </trkpt>
   <trkpt lat="-26.2579920" lon="-51.0877390">
    <ele>769.6</ele>
   </trkpt>
   <trkpt lat="-26.2580260" lon="-51.0877090">
    <ele>769.7</ele>
   </trkpt>
   <trkpt lat="-26.2580530" lon="-51.0876780">
    <ele>769.7</ele>
   </trkpt>
   <trkpt lat="-26.2580730" lon="-51.0876470">
    <ele>769.8</ele>
   </trkpt>
   <trkpt lat="-26.2580870" lon="-51.0876160">
    <ele>769.8</ele>
   </trkpt>
   <trkpt lat="-26.2581060" lon="-51.0875930">
    <ele>769.9</ele>
   </trkpt>
   <trkpt lat="-26.2581120" lon="-51.0875870">
    <ele>769.9</ele>
   </trkpt>
   <trkpt lat="-26.2581210" lon="-51.0875880">
    <ele>769.9</ele>
   </trkpt>
   <trkpt lat="-26.2581270" lon="-51.0875890">
    <ele>769.9</ele>
   </trkpt>
   <trkpt lat="-26.2581290" lon="-51.0875920">
    <ele>769.9</ele>
   </trkpt>
   <trkpt lat="-26.2581290" lon="-51.0875960">
    <ele>769.9</ele>
   </trkpt>
   <trkpt lat="-26.2581270" lon="-51.0876030">
    <ele>769.9</ele>
   </trkpt>
   <trkpt lat="-26.2581200" lon="-51.0876130">
    <ele>769.9</ele>
   </trkpt>
   <trkpt lat="-26.2581150" lon="-51.0876210">
    <ele>769.9</ele>
   </trkpt>
   <trkpt lat="-26.2581120" lon="-51.0875890">
    <ele>770.0</ele>
   </trkpt>
   <trkpt lat="-26.2581150" lon="-51.0875720">
    <ele>770.0</ele>
   </trkpt>
   <trkpt lat="-26.2581480" lon="-51.0875380">
    <ele>770.1</ele>
   </trkpt>
   <trkpt lat="-26.2582010" lon="-51.0875180">
    <ele>770.2</ele>
   </trkpt>
   <trkpt lat="-26.2582420" lon="-51.0874940">
    <ele>770.4</ele>
   </trkpt>
   <trkpt lat="-26.2582660" lon="-51.0874620">
    <ele>770.5</ele>
   </trkpt>
   <trkpt lat="-26.2582910" lon="-51.0874280">
    <ele>770.6</ele>
   </trkpt>
   <trkpt lat="-26.2583150" lon="-51.0873980">
    <ele>770.6</ele>
   </trkpt>
   <trkpt lat="-26.2583510" lon="-51.0873620">
    <ele>770.7</ele>
   </trkpt>
   <trkpt lat="-26.2583760" lon="-51.0873300">
    <ele>770.9</ele>
   </trkpt>
   <trkpt lat="-26.2583990" lon="-51.0872990">
    <ele>771.0</ele>
   </trkpt>
   <trkpt lat="-26.2584300" lon="-51.0872700">
    <ele>771.1</ele>
   </trkpt>
   <trkpt lat="-26.2584590" lon="-51.0872440">
    <ele>771.3</ele>
   </trkpt>
   <trkpt lat="-26.2585000" lon="-51.0871970">
    <ele>771.6</ele>
   </trkpt>
   <trkpt lat="-26.2585260" lon="-51.0871650">
    <ele>771.8</ele>
   </trkpt>
   <trkpt lat="-26.2585520" lon="-51.0871370">
    <ele>772.0</ele>
   </trkpt>
   <trkpt lat="-26.2585640" lon="-51.0871300">
    <ele>772.1</ele>
   </trkpt>
   <trkpt lat="-26.2585930" lon="-51.0870920">
    <ele>772.4</ele>
   </trkpt>
   <trkpt lat="-26.2586200" lon="-51.0870600">
    <ele>772.8</ele>
   </trkpt>
   <trkpt lat="-26.2586420" lon="-51.0870280">
    <ele>773.1</ele>
   </trkpt>
   <trkpt lat="-26.2586660" lon="-51.0869990">
    <ele>773.4</ele>
   </trkpt>
   <trkpt lat="-26.2586870" lon="-51.0869720">
    <ele>773.7</ele>
   </trkpt>
   <trkpt lat="-26.2587180" lon="-51.0869460">
    <ele>774.1</ele>
   </trkpt>
   <trkpt lat="-26.2587410" lon="-51.0869140">
    <ele>774.5</ele>
   </trkpt>
   <trkpt lat="-26.2587590" lon="-51.0868910">
    <ele>774.8</ele>
   </trkpt>
   <trkpt lat="-26.2587890" lon="-51.0868730">
    <ele>775.2</ele>
   </trkpt>
   <trkpt lat="-26.2587990" lon="-51.0868650">
    <ele>775.4</ele>
   </trkpt>
   <trkpt lat="-26.2588160" lon="-51.0868450">
    <ele>775.6</ele>
   </trkpt>
   <trkpt lat="-26.2588120" lon="-51.0868280">
    <ele>775.6</ele>
   </trkpt>
   <trkpt lat="-26.2588190" lon="-51.0867870">
    <ele>775.6</ele>
   </trkpt>
   <trkpt lat="-26.2588170" lon="-51.0867720">
    <ele>775.5</ele>
   </trkpt>
   <trkpt lat="-26.2587950" lon="-51.0867480">
    <ele>775.5</ele>
   </trkpt>
   <trkpt lat="-26.2587680" lon="-51.0867240">
    <ele>775.4</ele>
   </trkpt>
   <trkpt lat="-26.2587460" lon="-51.0866870">
    <ele>775.4</ele>
   </trkpt>
   <trkpt lat="-26.2587240" lon="-51.0866660">
    <ele>775.4</ele>
   </trkpt>
   <trkpt lat="-26.2586910" lon="-51.0866320">
    <ele>775.4</ele>
   </trkpt>
   <trkpt lat="-26.2586660" lon="-51.0866000">
    <ele>775.4</ele>
   </trkpt>
   <trkpt lat="-26.2586300" lon="-51.0865740">
    <ele>775.5</ele>
   </trkpt>
   <trkpt lat="-26.2586040" lon="-51.0865480">
    <ele>775.6</ele>
   </trkpt>
   <trkpt lat="-26.2585790" lon="-51.0865230">
    <ele>775.7</ele>
   </trkpt>
   <trkpt lat="-26.2585510" lon="-51.0864950">
    <ele>775.9</ele>
   </trkpt>
   <trkpt lat="-26.2585190" lon="-51.0864660">
    <ele>776.0</ele>
   </trkpt>
   <trkpt lat="-26.2584840" lon="-51.0864370">
    <ele>776.3</ele>
   </trkpt>
   <trkpt lat="-26.2584540" lon="-51.0864090">
    <ele>776.5</ele>
   </trkpt>
   <trkpt lat="-26.2584260" lon="-51.0863880">
    <ele>776.7</ele>
   </trkpt>
   <trkpt lat="-26.2583980" lon="-51.0863600">
    <ele>776.9</ele>
   </trkpt>
   <trkpt lat="-26.2583660" lon="-51.0863350">
    <ele>777.2</ele>
   </trkpt>
   <trkpt lat="-26.2583420" lon="-51.0863050">
    <ele>777.5</ele>
   </trkpt>
   <trkpt lat="-26.2583110" lon="-51.0862740">
    <ele>777.8</ele>
   </trkpt>
   <trkpt lat="-26.2582900" lon="-51.0862460">
    <ele>778.1</ele>
   </trkpt>
   <trkpt lat="-26.2582640" lon="-51.0862240">
    <ele>778.4</ele>
   </trkpt>
   <trkpt lat="-26.2582360" lon="-51.0862010">
    <ele>778.7</ele>
   </trkpt>
   <trkpt lat="-26.2582090" lon="-51.0861860">
    <ele>778.9</ele>
   </trkpt>
   <trkpt lat="-26.2581780" lon="-51.0861590">
    <ele>779.3</ele>
   </trkpt>
   <trkpt lat="-26.2581610" lon="-51.0861500">
    <ele>779.4</ele>
   </trkpt>
   <trkpt lat="-26.2581390" lon="-51.0861280">
    <ele>779.7</ele>
   </trkpt>
   <trkpt lat="-26.2581180" lon="-51.0861050">
    <ele>780.0</ele>
   </trkpt>
   <trkpt lat="-26.2580960" lon="-51.0860830">
    <ele>780.2</ele>
   </trkpt>
   <trkpt lat="-26.2580670" lon="-51.0860660">
    <ele>780.5</ele>
   </trkpt>
   <trkpt lat="-26.2580390" lon="-51.0860360">
    <ele>780.9</ele>
   </trkpt>
   <trkpt lat="-26.2580300" lon="-51.0860240">
    <ele>781.0</ele>
   </trkpt>
   <trkpt lat="-26.2580000" lon="-51.0859950">
    <ele>781.4</ele>
   </trkpt>
   <trkpt lat="-26.2579900" lon="-51.0859830">
    <ele>781.4</ele>
   </trkpt>
   <trkpt lat="-26.2579590" lon="-51.0859590">
    <ele>781.5</ele>
   </trkpt>
   <trkpt lat="-26.2579470" lon="-51.0859460">
    <ele>781.5</ele>
   </trkpt>
   <trkpt lat="-26.2579180" lon="-51.0859170">
    <ele>781.6</ele>
   </trkpt>
   <trkpt lat="-26.2579060" lon="-51.0859050">
    <ele>781.6</ele>
   </trkpt>
   <trkpt lat="-26.2578840" lon="-51.0858840">
    <ele>781.6</ele>
   </trkpt>
   <trkpt lat="-26.2578650" lon="-51.0858580">
    <ele>781.6</ele>
   </trkpt>
   <trkpt lat="-26.2578300" lon="-51.0858370">
    <ele>781.6</ele>
   </trkpt>
   <trkpt lat="-26.2578010" lon="-51.0858190">
    <ele>781.6</ele>
   </trkpt>
   <trkpt lat="-26.2577730" lon="-51.0857890">
    <ele>781.6</ele>
   </trkpt>
   <trkpt lat="-26.2577470" lon="-51.0857640">
    <ele>781.5</ele>
   </trkpt>
   <trkpt lat="-26.2577130" lon="-51.0857390">
    <ele>781.5</ele>
   </trkpt>
   <trkpt lat="-26.2576920" lon="-51.0857110">
    <ele>781.4</ele>
   </trkpt>
   <trkpt lat="-26.2576610" lon="-51.0856870">
    <ele>781.4</ele>
   </trkpt>
   <trkpt lat="-26.2576280" lon="-51.0856640">
    <ele>781.3</ele>
   </trkpt>
   <trkpt lat="-26.2576010" lon="-51.0856320">
    <ele>781.2</ele>
   </trkpt>
   <trkpt lat="-26.2575640" lon="-51.0856020">
    <ele>781.2</ele>
   </trkpt>
   <trkpt lat="-26.2575340" lon="-51.0855770">
    <ele>781.1</ele>
   </trkpt>
   <trkpt lat="-26.2575030" lon="-51.0855540">
    <ele>781.1</ele>
   </trkpt>
   <trkpt lat="-26.2574710" lon="-51.0855200">
    <ele>781.1</ele>
   </trkpt>
   <trkpt lat="-26.2574440" lon="-51.0854950">
    <ele>781.0</ele>
   </trkpt>
   <trkpt lat="-26.2574090" lon="-51.0854640">
    <ele>781.0</ele>
   </trkpt>
   <trkpt lat="-26.2573790" lon="-51.0854430">
    <ele>781.0</ele>
   </trkpt>
   <trkpt lat="-26.2573550" lon="-51.0854220">
    <ele>781.0</ele>
   </trkpt>
   <trkpt lat="-26.2573220" lon="-51.0853950">
    <ele>781.0</ele>
   </trkpt>
   <trkpt lat="-26.2572930" lon="-51.0853690">
    <ele>781.0</ele>
   </trkpt>
   <trkpt lat="-26.2572630" lon="-51.0853370">
    <ele>781.0</ele>
   </trkpt>
   <trkpt lat="-26.2572510" lon="-51.0853250">
    <ele>781.0</ele>
   </trkpt>
   <trkpt lat="-26.2572240" lon="-51.0852980">
    <ele>781.0</ele>
   </trkpt>
   <trkpt lat="-26.2571990" lon="-51.0852820">
    <ele>781.0</ele>
   </trkpt>
   <trkpt lat="-26.2571790" lon="-51.0852560">
    <ele>781.1</ele>
   </trkpt>
   <trkpt lat="-26.2571400" lon="-51.0852390">
    <ele>781.1</ele>
   </trkpt>
   <trkpt lat="-26.2571220" lon="-51.0852320">
    <ele>781.1</ele>
   </trkpt>
   <trkpt lat="-26.2570880" lon="-51.0852100">
    <ele>781.0</ele>
   </trkpt>
   <trkpt lat="-26.2570560" lon="-51.0851790">
    <ele>780.9</ele>
   </trkpt>
   <trkpt lat="-26.2570200" lon="-51.0851470">
    <ele>780.8</ele>
   </trkpt>
   <trkpt lat="-26.2569940" lon="-51.0851090">
    <ele>780.8</ele>
   </trkpt>
   <trkpt lat="-26.2569570" lon="-51.0850820">
    <ele>780.7</ele>
   </trkpt>
   <trkpt lat="-26.2569260" lon="-51.0850430">
    <ele>780.7</ele>
   </trkpt>
   <trkpt lat="-26.2568880" lon="-51.0850100">
    <ele>780.8</ele>
   </trkpt>
   <trkpt lat="-26.2568490" lon="-51.0849820">
    <ele>780.8</ele>
   </trkpt>
   <trkpt lat="-26.2568190" lon="-51.0849520">
    <ele>780.9</ele>
   </trkpt>
   <trkpt lat="-26.2567870" lon="-51.0849150">
    <ele>781.1</ele>
   </trkpt>
   <trkpt lat="-26.2567420" lon="-51.0848820">
    <ele>781.3</ele>
   </trkpt>
   <trkpt lat="-26.2567130" lon="-51.0848530">
    <ele>781.5</ele>
   </trkpt>
   <trkpt lat="-26.2566760" lon="-51.0848250">
    <ele>781.8</ele>
   </trkpt>
   <trkpt lat="-26.2566400" lon="-51.0847930">
    <ele>782.1</ele>
   </trkpt>
   <trkpt lat="-26.2566060" lon="-51.0847600">
    <ele>782.4</ele>
   </trkpt>
   <trkpt lat="-26.2565800" lon="-51.0847310">
    <ele>782.6</ele>
   </trkpt>
   <trkpt lat="-26.2565440" lon="-51.0846990">
    <ele>782.9</ele>
   </trkpt>
   <trkpt lat="-26.2565110" lon="-51.0846680">
    <ele>783.2</ele>
   </trkpt>
   <trkpt lat="-26.2564860" lon="-51.0846490">
    <ele>783.4</ele>
   </trkpt>
   <trkpt lat="-26.2564520" lon="-51.0846210">
    <ele>783.7</ele>
   </trkpt>
   <trkpt lat="-26.2564220" lon="-51.0845900">
    <ele>783.9</ele>
   </trkpt>
   <trkpt lat="-26.2563870" lon="-51.0845600">
    <ele>784.1</ele>
   </trkpt>
   <trkpt lat="-26.2563530" lon="-51.0845390">
    <ele>784.2</ele>
   </trkpt>
   <trkpt lat="-26.2563190" lon="-51.0845080">
    <ele>784.4</ele>
   </trkpt>
   <trkpt lat="-26.2562860" lon="-51.0844740">
    <ele>784.4</ele>
   </trkpt>
   <trkpt lat="-26.2562460" lon="-51.0844460">
    <ele>784.3</ele>
   </trkpt>
   <trkpt lat="-26.2562270" lon="-51.0844090">
    <ele>784.3</ele>
   </trkpt>
   <trkpt lat="-26.2561900" lon="-51.0843800">
    <ele>784.2</ele>
   </trkpt>
   <trkpt lat="-26.2561580" lon="-51.0843480">
    <ele>784.0</ele>
   </trkpt>
   <trkpt lat="-26.2561110" lon="-51.0843100">
    <ele>783.8</ele>
   </trkpt>
   <trkpt lat="-26.2560630" lon="-51.0842680">
    <ele>783.6</ele>
   </trkpt>
   <trkpt lat="-26.2560230" lon="-51.0842350">
    <ele>783.3</ele>
   </trkpt>
   <trkpt lat="-26.2559790" lon="-51.0841950">
    <ele>783.0</ele>
   </trkpt>
   <trkpt lat="-26.2559280" lon="-51.0841500">
    <ele>782.7</ele>
   </trkpt>
   <trkpt lat="-26.2558750" lon="-51.0841050">
    <ele>782.3</ele>
   </trkpt>
   <trkpt lat="-26.2558170" lon="-51.0840540">
    <ele>781.9</ele>
   </trkpt>
   <trkpt lat="-26.2557610" lon="-51.0840100">
    <ele>781.6</ele>
   </trkpt>
   <trkpt lat="-26.2557090" lon="-51.0839700">
    <ele>781.2</ele>
   </trkpt>
   <trkpt lat="-26.2556490" lon="-51.0839050">
    <ele>781.1</ele>
   </trkpt>
   <trkpt lat="-26.2555940" lon="-51.0838590">
    <ele>780.9</ele>
   </trkpt>
   <trkpt lat="-26.2555180" lon="-51.0837920">
    <ele>780.2</ele>
   </trkpt>
   <trkpt lat="-26.2554570" lon="-51.0837310">
    <ele>779.5</ele>
   </trkpt>
   <trkpt lat="-26.2553870" lon="-51.0836740">
    <ele>778.7</ele>
   </trkpt>
   <trkpt lat="-26.2553250" lon="-51.0836030">
    <ele>778.0</ele>
   </trkpt>
   <trkpt lat="-26.2552550" lon="-51.0835360">
    <ele>777.3</ele>
   </trkpt>
   <trkpt lat="-26.2551830" lon="-51.0834680">
    <ele>776.8</ele>
   </trkpt>
   <trkpt lat="-26.2550990" lon="-51.0833950">
    <ele>776.5</ele>
   </trkpt>
   <trkpt lat="-26.2550340" lon="-51.0833380">
    <ele>776.3</ele>
   </trkpt>
   <trkpt lat="-26.2549550" lon="-51.0832700">
    <ele>776.1</ele>
   </trkpt>
   <trkpt lat="-26.2548830" lon="-51.0832070">
    <ele>776.0</ele>
   </trkpt>
   <trkpt lat="-26.2548130" lon="-51.0831470">
    <ele>775.8</ele>
   </trkpt>
   <trkpt lat="-26.2547410" lon="-51.0830840">
    <ele>775.3</ele>
   </trkpt>
   <trkpt lat="-26.2546780" lon="-51.0830160">
    <ele>775.0</ele>
   </trkpt>
   <trkpt lat="-26.2546120" lon="-51.0829660">
    <ele>774.7</ele>
   </trkpt>
   <trkpt lat="-26.2545400" lon="-51.0829140">
    <ele>774.4</ele>
   </trkpt>
   <trkpt lat="-26.2544740" lon="-51.0828540">
    <ele>774.2</ele>
   </trkpt>
   <trkpt lat="-26.2544070" lon="-51.0828040">
    <ele>774.1</ele>
   </trkpt>
   <trkpt lat="-26.2543470" lon="-51.0827500">
    <ele>774.0</ele>
   </trkpt>
   <trkpt lat="-26.2542960" lon="-51.0826780">
    <ele>774.0</ele>
   </trkpt>
   <trkpt lat="-26.2542830" lon="-51.0825960">
    <ele>774.4</ele>
   </trkpt>
   <trkpt lat="-26.2543000" lon="-51.0825220">
    <ele>774.7</ele>
   </trkpt>
   <trkpt lat="-26.2543340" lon="-51.0824570">
    <ele>775.1</ele>
   </trkpt>
   <trkpt lat="-26.2543500" lon="-51.0823930">
    <ele>775.4</ele>
   </trkpt>
   <trkpt lat="-26.2543550" lon="-51.0823180">
    <ele>775.8</ele>
   </trkpt>
   <trkpt lat="-26.2543660" lon="-51.0822500">
    <ele>776.2</ele>
   </trkpt>
   <trkpt lat="-26.2543830" lon="-51.0821800">
    <ele>776.7</ele>
   </trkpt>
   <trkpt lat="-26.2544000" lon="-51.0821130">
    <ele>777.1</ele>
   </trkpt>
   <trkpt lat="-26.2544130" lon="-51.0820440">
    <ele>777.6</ele>
   </trkpt>
   <trkpt lat="-26.2544300" lon="-51.0819800">
    <ele>778.1</ele>
   </trkpt>
   <trkpt lat="-26.2544450" lon="-51.0819040">
    <ele>778.6</ele>
   </trkpt>
   <trkpt lat="-26.2544610" lon="-51.0818340">
    <ele>779.1</ele>
   </trkpt>
   <trkpt lat="-26.2544730" lon="-51.0817710">
    <ele>779.6</ele>
   </trkpt>
   <trkpt lat="-26.2544910" lon="-51.0817060">
    <ele>780.0</ele>
   </trkpt>
   <trkpt lat="-26.2544960" lon="-51.0816390">
    <ele>780.4</ele>
   </trkpt>
   <trkpt lat="-26.2545070" lon="-51.0815660">
    <ele>780.8</ele>
   </trkpt>
   <trkpt lat="-26.2545250" lon="-51.0814960">
    <ele>781.2</ele>
   </trkpt>
   <trkpt lat="-26.2545480" lon="-51.0814250">
    <ele>781.6</ele>
   </trkpt>
   <trkpt lat="-26.2545580" lon="-51.0813570">
    <ele>782.0</ele>
   </trkpt>
   <trkpt lat="-26.2545780" lon="-51.0812910">
    <ele>782.4</ele>
   </trkpt>
   <trkpt lat="-26.2546000" lon="-51.0812150">
    <ele>782.8</ele>
   </trkpt>
   <trkpt lat="-26.2546150" lon="-51.0811490">
    <ele>783.2</ele>
   </trkpt>
   <trkpt lat="-26.2546270" lon="-51.0810830">
    <ele>783.5</ele>
   </trkpt>
   <trkpt lat="-26.2546420" lon="-51.0810170">
    <ele>783.9</ele>
   </trkpt>
   <trkpt lat="-26.2546640" lon="-51.0809510">
    <ele>784.2</ele>
   </trkpt>
   <trkpt lat="-26.2546740" lon="-51.0808900">
    <ele>784.5</ele>
   </trkpt>
   <trkpt lat="-26.2546850" lon="-51.0808330">
    <ele>784.8</ele>
   </trkpt>
   <trkpt lat="-26.2546960" lon="-51.0807750">
    <ele>785.0</ele>
   </trkpt>
   <trkpt lat="-26.2547100" lon="-51.0807160">
    <ele>785.2</ele>
   </trkpt>
   <trkpt lat="-26.2547310" lon="-51.0806700">
    <ele>785.3</ele>
   </trkpt>
   <trkpt lat="-26.2547400" lon="-51.0806120">
    <ele>785.3</ele>
   </trkpt>
   <trkpt lat="-26.2547500" lon="-51.0805670">
    <ele>785.3</ele>
   </trkpt>
   <trkpt lat="-26.2547590" lon="-51.0805090">
    <ele>785.2</ele>
   </trkpt>
   <trkpt lat="-26.2547690" lon="-51.0804470">
    <ele>785.0</ele>
   </trkpt>
   <trkpt lat="-26.2547840" lon="-51.0803820">
    <ele>784.7</ele>
   </trkpt>
   <trkpt lat="-26.2547980" lon="-51.0803230">
    <ele>784.4</ele>
   </trkpt>
   <trkpt lat="-26.2548170" lon="-51.0802550">
    <ele>784.1</ele>
   </trkpt>
   <trkpt lat="-26.2548310" lon="-51.0801830">
    <ele>783.7</ele>
   </trkpt>
   <trkpt lat="-26.2548460" lon="-51.0801100">
    <ele>783.4</ele>
   </trkpt>
   <trkpt lat="-26.2548600" lon="-51.0800360">
    <ele>783.1</ele>
   </trkpt>
   <trkpt lat="-26.2548790" lon="-51.0799660">
    <ele>782.9</ele>
   </trkpt>
   <trkpt lat="-26.2548960" lon="-51.0798930">
    <ele>782.6</ele>
   </trkpt>
   <trkpt lat="-26.2549160" lon="-51.0798190">
    <ele>782.4</ele>
   </trkpt>
   <trkpt lat="-26.2549360" lon="-51.0797380">
    <ele>782.2</ele>
   </trkpt>
   <trkpt lat="-26.2549570" lon="-51.0796540">
    <ele>782.0</ele>
   </trkpt>
   <trkpt lat="-26.2549830" lon="-51.0795770">
    <ele>781.8</ele>
   </trkpt>
   <trkpt lat="-26.2550180" lon="-51.0795010">
    <ele>781.5</ele>
   </trkpt>
   <trkpt lat="-26.2550540" lon="-51.0794290">
    <ele>781.3</ele>
   </trkpt>
   <trkpt lat="-26.2550850" lon="-51.0793520">
    <ele>781.1</ele>
   </trkpt>
   <trkpt lat="-26.2551270" lon="-51.0792750">
    <ele>780.9</ele>
   </trkpt>
   <trkpt lat="-26.2551610" lon="-51.0791980">
    <ele>780.8</ele>
   </trkpt>
   <trkpt lat="-26.2551980" lon="-51.0791220">
    <ele>780.7</ele>
   </trkpt>
   <trkpt lat="-26.2552330" lon="-51.0790460">
    <ele>780.6</ele>
   </trkpt>
   <trkpt lat="-26.2552640" lon="-51.0789700">
    <ele>780.5</ele>
   </trkpt>
   <trkpt lat="-26.2553040" lon="-51.0788920">
    <ele>780.5</ele>
   </trkpt>
   <trkpt lat="-26.2553370" lon="-51.0788260">
    <ele>780.4</ele>
   </trkpt>
   <trkpt lat="-26.2553810" lon="-51.0787580">
    <ele>780.3</ele>
   </trkpt>
   <trkpt lat="-26.2554180" lon="-51.0786890">
    <ele>780.1</ele>
   </trkpt>
   <trkpt lat="-26.2554510" lon="-51.0786210">
    <ele>779.9</ele>
   </trkpt>
   <trkpt lat="-26.2554850" lon="-51.0785470">
    <ele>779.7</ele>
   </trkpt>
   <trkpt lat="-26.2555200" lon="-51.0784670">
    <ele>779.3</ele>
   </trkpt>
   <trkpt lat="-26.2555560" lon="-51.0783970">
    <ele>779.0</ele>
   </trkpt>
   <trkpt lat="-26.2555960" lon="-51.0783210">
    <ele>778.6</ele>
   </trkpt>
   <trkpt lat="-26.2556310" lon="-51.0782310">
    <ele>778.2</ele>
   </trkpt>
   <trkpt lat="-26.2556670" lon="-51.0781420">
    <ele>777.7</ele>
   </trkpt>
   <trkpt lat="-26.2557020" lon="-51.0780470">
    <ele>777.3</ele>
   </trkpt>
   <trkpt lat="-26.2557310" lon="-51.0779520">
    <ele>776.8</ele>
   </trkpt>
   <trkpt lat="-26.2557350" lon="-51.0778310">
    <ele>775.9</ele>
   </trkpt>
   <trkpt lat="-26.2557630" lon="-51.0777260">
    <ele>775.1</ele>
   </trkpt>
   <trkpt lat="-26.2558100" lon="-51.0776320">
    <ele>774.5</ele>
   </trkpt>
   <trkpt lat="-26.2558790" lon="-51.0775420">
    <ele>773.9</ele>
   </trkpt>
   <trkpt lat="-26.2559430" lon="-51.0774630">
    <ele>773.4</ele>
   </trkpt>
   <trkpt lat="-26.2560020" lon="-51.0773740">
    <ele>772.9</ele>
   </trkpt>
   <trkpt lat="-26.2560490" lon="-51.0772770">
    <ele>772.4</ele>
   </trkpt>
   <trkpt lat="-26.2560890" lon="-51.0771810">
    <ele>771.9</ele>
   </trkpt>
   <trkpt lat="-26.2561390" lon="-51.0770740">
    <ele>771.4</ele>
   </trkpt>
   <trkpt lat="-26.2561880" lon="-51.0769730">
    <ele>770.8</ele>
   </trkpt>
   <trkpt lat="-26.2562330" lon="-51.0768640">
    <ele>770.2</ele>
   </trkpt>
   <trkpt lat="-26.2562660" lon="-51.0767490">
    <ele>769.5</ele>
   </trkpt>
   <trkpt lat="-26.2562850" lon="-51.0766390">
    <ele>768.9</ele>
   </trkpt>
   <trkpt lat="-26.2562970" lon="-51.0765350">
    <ele>768.2</ele>
   </trkpt>
   <trkpt lat="-26.2563020" lon="-51.0764200">
    <ele>767.3</ele>
   </trkpt>
   <trkpt lat="-26.2562940" lon="-51.0762940">
    <ele>766.3</ele>
   </trkpt>
   <trkpt lat="-26.2562620" lon="-51.0761860">
    <ele>765.4</ele>
   </trkpt>
   <trkpt lat="-26.2562410" lon="-51.0760620">
    <ele>764.5</ele>
   </trkpt>
   <trkpt lat="-26.2562210" lon="-51.0759430">
    <ele>763.9</ele>
   </trkpt>
   <trkpt lat="-26.2562000" lon="-51.0758270">
    <ele>763.5</ele>
   </trkpt>
   <trkpt lat="-26.2561830" lon="-51.0757060">
    <ele>763.2</ele>
   </trkpt>
   <trkpt lat="-26.2561570" lon="-51.0755940">
    <ele>763.1</ele>
   </trkpt>
   <trkpt lat="-26.2561490" lon="-51.0754820">
    <ele>763.1</ele>
   </trkpt>
   <trkpt lat="-26.2561510" lon="-51.0753710">
    <ele>763.3</ele>
   </trkpt>
   <trkpt lat="-26.2561550" lon="-51.0752640">
    <ele>763.5</ele>
   </trkpt>
   <trkpt lat="-26.2561600" lon="-51.0751560">
    <ele>763.6</ele>
   </trkpt>
   <trkpt lat="-26.2561630" lon="-51.0750590">
    <ele>763.4</ele>
   </trkpt>
   <trkpt lat="-26.2561540" lon="-51.0749580">
    <ele>763.1</ele>
   </trkpt>
   <trkpt lat="-26.2561360" lon="-51.0748740">
    <ele>762.5</ele>
   </trkpt>
   <trkpt lat="-26.2561360" lon="-51.0747870">
    <ele>762.3</ele>
   </trkpt>
   <trkpt lat="-26.2561590" lon="-51.0746900">
    <ele>762.0</ele>
   </trkpt>
   <trkpt lat="-26.2561870" lon="-51.0745950">
    <ele>761.8</ele>
   </trkpt>
   <trkpt lat="-26.2562370" lon="-51.0745140">
    <ele>761.6</ele>
   </trkpt>
   <trkpt lat="-26.2562970" lon="-51.0744420">
    <ele>761.4</ele>
   </trkpt>
   <trkpt lat="-26.2563740" lon="-51.0743940">
    <ele>761.4</ele>
   </trkpt>
   <trkpt lat="-26.2564440" lon="-51.0743360">
    <ele>761.3</ele>
   </trkpt>
   <trkpt lat="-26.2565080" lon="-51.0742780">
    <ele>761.3</ele>
   </trkpt>
   <trkpt lat="-26.2565760" lon="-51.0742210">
    <ele>761.2</ele>
   </trkpt>
   <trkpt lat="-26.2566440" lon="-51.0741650">
    <ele>761.2</ele>
   </trkpt>
   <trkpt lat="-26.2567080" lon="-51.0741140">
    <ele>761.1</ele>
   </trkpt>
   <trkpt lat="-26.2567660" lon="-51.0740610">
    <ele>761.1</ele>
   </trkpt>
   <trkpt lat="-26.2568270" lon="-51.0740050">
    <ele>761.1</ele>
   </trkpt>
   <trkpt lat="-26.2568950" lon="-51.0739470">
    <ele>761.0</ele>
   </trkpt>
   <trkpt lat="-26.2569560" lon="-51.0738980">
    <ele>761.0</ele>
   </trkpt>
   <trkpt lat="-26.2570170" lon="-51.0738430">
    <ele>761.0</ele>
   </trkpt>
   <trkpt lat="-26.2570730" lon="-51.0738020">
    <ele>760.9</ele>
   </trkpt>
   <trkpt lat="-26.2571360" lon="-51.0737440">
    <ele>760.9</ele>
   </trkpt>
   <trkpt lat="-26.2571970" lon="-51.0736970">
    <ele>760.9</ele>
   </trkpt>
   <trkpt lat="-26.2572510" lon="-51.0736590">
    <ele>760.8</ele>
   </trkpt>
   <trkpt lat="-26.2573090" lon="-51.0736190">
    <ele>760.8</ele>
   </trkpt>
   <trkpt lat="-26.2573450" lon="-51.0735740">
    <ele>760.8</ele>
   </trkpt>
   <trkpt lat="-26.2573520" lon="-51.0735180">
    <ele>760.7</ele>
   </trkpt>
   <trkpt lat="-26.2573090" lon="-51.0734680">
    <ele>760.6</ele>
   </trkpt>
   <trkpt lat="-26.2572550" lon="-51.0734490">
    <ele>760.2</ele>
   </trkpt>
   <trkpt lat="-26.2572110" lon="-51.0734570">
    <ele>760.0</ele>
   </trkpt>
   <trkpt lat="-26.2571740" lon="-51.0734640">
    <ele>759.8</ele>
   </trkpt>
   <trkpt lat="-26.2571390" lon="-51.0734560">
    <ele>759.5</ele>
   </trkpt>
   <trkpt lat="-26.2571080" lon="-51.0734320">
    <ele>759.2</ele>
   </trkpt>
   <trkpt lat="-26.2570710" lon="-51.0733920">
    <ele>758.8</ele>
   </trkpt>
   <trkpt lat="-26.2570330" lon="-51.0733400">
    <ele>758.2</ele>
   </trkpt>
   <trkpt lat="-26.2570030" lon="-51.0732530">
    <ele>757.3</ele>
   </trkpt>
   <trkpt lat="-26.2569650" lon="-51.0731660">
    <ele>756.3</ele>
   </trkpt>
   <trkpt lat="-26.2569290" lon="-51.0730900">
    <ele>755.7</ele>
   </trkpt>
   <trkpt lat="-26.2568900" lon="-51.0730240">
    <ele>755.1</ele>
   </trkpt>
   <trkpt lat="-26.2568470" lon="-51.0729540">
    <ele>754.7</ele>
   </trkpt>
   <trkpt lat="-26.2568040" lon="-51.0728820">
    <ele>754.2</ele>
   </trkpt>
   <trkpt lat="-26.2567770" lon="-51.0728200">
    <ele>753.9</ele>
   </trkpt>
   <trkpt lat="-26.2567470" lon="-51.0727540">
    <ele>753.5</ele>
   </trkpt>
   <trkpt lat="-26.2567340" lon="-51.0726940">
    <ele>753.1</ele>
   </trkpt>
   <trkpt lat="-26.2567620" lon="-51.0726290">
    <ele>753.4</ele>
   </trkpt>
   <trkpt lat="-26.2568020" lon="-51.0726180">
    <ele>753.5</ele>
   </trkpt>
   <trkpt lat="-26.2568620" lon="-51.0725910">
    <ele>753.6</ele>
   </trkpt>
   <trkpt lat="-26.2569040" lon="-51.0725620">
    <ele>753.6</ele>
   </trkpt>
  </trkseg>
 </trk>
</gpx>
