<?xml version="1.0" encoding="UTF-8"?>
<gpx xmlns:xsi="http://www.w3.org/2001/XMLSchema-instance" xsi:schemaLocation="http://www.topografix.com/GPX/1/1 http://www.topografix.com/GPX/1/1/gpx.xsd" creator="StravaGPX" version="1.1" xmlns="http://www.topografix.com/GPX/1/1">
 <trk>
  <name>Centro - Paula Freitas</name>
  <type>cycling</type>
  <trkseg>
   <trkpt lat="-26.2221320" lon="-51.0865720">
    <ele>750.4</ele>
   </trkpt>
   <trkpt lat="-26.2221650" lon="-51.0865890">
    <ele>750.4</ele>
   </trkpt>
   <trkpt lat="-26.2221350" lon="-51.0865500">
    <ele>750.4</ele>
   </trkpt>
   <trkpt lat="-26.2221080" lon="-51.0865120">
    <ele>750.2</ele>
   </trkpt>
   <trkpt lat="-26.2220850" lon="-51.0864730">
    <ele>750.0</ele>
   </trkpt>
   <trkpt lat="-26.2220790" lon="-51.0864400">
    <ele>749.8</ele>
   </trkpt>
   <trkpt lat="-26.2220770" lon="-51.0864100">
    <ele>749.8</ele>
   </trkpt>
   <trkpt lat="-26.2220730" lon="-51.0863840">
    <ele>749.6</ele>
   </trkpt>
   <trkpt lat="-26.2220660" lon="-51.0863490">
    <ele>749.6</ele>
   </trkpt>
   <trkpt lat="-26.2220570" lon="-51.0863230">
    <ele>749.4</ele>
   </trkpt>
   <trkpt lat="-26.2220450" lon="-51.0862880">
    <ele>749.4</ele>
   </trkpt>
   <trkpt lat="-26.2220100" lon="-51.0862160">
    <ele>749.4</ele>
   </trkpt>
   <trkpt lat="-26.2219890" lon="-51.0861800">
    <ele>749.4</ele>
   </trkpt>
   <trkpt lat="-26.2219180" lon="-51.0860780">
    <ele>749.2</ele>
   </trkpt>
   <trkpt lat="-26.2218960" lon="-51.0860420">
    <ele>749.2</ele>
   </trkpt>
   <trkpt lat="-26.2217520" lon="-51.0858230">
    <ele>749.0</ele>
   </trkpt>
   <trkpt lat="-26.2217390" lon="-51.0857790">
    <ele>749.0</ele>
   </trkpt>
   <trkpt lat="-26.2217480" lon="-51.0857350">
    <ele>748.8</ele>
   </trkpt>
   <trkpt lat="-26.2217730" lon="-51.0856940">
    <ele>748.8</ele>
   </trkpt>
   <trkpt lat="-26.2218190" lon="-51.0856120">
    <ele>748.8</ele>
   </trkpt>
   <trkpt lat="-26.2218540" lon="-51.0855250">
    <ele>748.8</ele>
   </trkpt>
   <trkpt lat="-26.2219050" lon="-51.0853890">
    <ele>748.6</ele>
   </trkpt>
   <trkpt lat="-26.2219590" lon="-51.0852620">
    <ele>748.4</ele>
   </trkpt>
   <trkpt lat="-26.2220050" lon="-51.0851170">
    <ele>748.4</ele>
   </trkpt>
   <trkpt lat="-26.2220350" lon="-51.0850220">
    <ele>748.6</ele>
   </trkpt>
   <trkpt lat="-26.2220510" lon="-51.0849750">
    <ele>748.6</ele>
   </trkpt>
   <trkpt lat="-26.2221110" lon="-51.0848480">
    <ele>748.8</ele>
   </trkpt>
   <trkpt lat="-26.2221680" lon="-51.0847780">
    <ele>749.0</ele>
   </trkpt>
   <trkpt lat="-26.2222030" lon="-51.0847530">
    <ele>749.2</ele>
   </trkpt>
   <trkpt lat="-26.2222410" lon="-51.0847310">
    <ele>749.2</ele>
   </trkpt>
   <trkpt lat="-26.2222790" lon="-51.0847090">
    <ele>749.2</ele>
   </trkpt>
   <trkpt lat="-26.2223520" lon="-51.0846660">
    <ele>749.4</ele>
   </trkpt>
   <trkpt lat="-26.2223870" lon="-51.0846460">
    <ele>749.6</ele>
   </trkpt>
   <trkpt lat="-26.2224220" lon="-51.0846250">
    <ele>750.0</ele>
   </trkpt>
   <trkpt lat="-26.2224560" lon="-51.0846050">
    <ele>750.2</ele>
   </trkpt>
   <trkpt lat="-26.2224900" lon="-51.0845830">
    <ele>750.4</ele>
   </trkpt>
   <trkpt lat="-26.2225170" lon="-51.0845650">
    <ele>750.6</ele>
   </trkpt>
   <trkpt lat="-26.2225590" lon="-51.0845380">
    <ele>750.8</ele>
   </trkpt>
   <trkpt lat="-26.2225860" lon="-51.0845190">
    <ele>752.0</ele>
   </trkpt>
   <trkpt lat="-26.2227070" lon="-51.0844590">
    <ele>752.4</ele>
   </trkpt>
   <trkpt lat="-26.2227430" lon="-51.0844370">
    <ele>752.4</ele>
   </trkpt>
   <trkpt lat="-26.2227790" lon="-51.0844140">
    <ele>752.6</ele>
   </trkpt>
   <trkpt lat="-26.2228140" lon="-51.0843870">
    <ele>752.6</ele>
   </trkpt>
   <trkpt lat="-26.2228420" lon="-51.0843660">
    <ele>752.6</ele>
   </trkpt>
   <trkpt lat="-26.2228790" lon="-51.0843460">
    <ele>752.8</ele>
   </trkpt>
   <trkpt lat="-26.2229260" lon="-51.0843280">
    <ele>753.0</ele>
   </trkpt>
   <trkpt lat="-26.2229650" lon="-51.0843110">
    <ele>753.0</ele>
   </trkpt>
   <trkpt lat="-26.2230030" lon="-51.0842950">
    <ele>753.0</ele>
   </trkpt>
   <trkpt lat="-26.2230410" lon="-51.0842750">
    <ele>753.2</ele>
   </trkpt>
   <trkpt lat="-26.2230770" lon="-51.0842550">
    <ele>753.4</ele>
   </trkpt>
   <trkpt lat="-26.2231140" lon="-51.0842340">
    <ele>753.4</ele>
   </trkpt>
   <trkpt lat="-26.2231530" lon="-51.0842150">
    <ele>753.4</ele>
   </trkpt>
   <trkpt lat="-26.2231930" lon="-51.0841970">
    <ele>753.4</ele>
   </trkpt>
   <trkpt lat="-26.2232330" lon="-51.0841810">
    <ele>753.4</ele>
   </trkpt>
   <trkpt lat="-26.2232690" lon="-51.0841600">
    <ele>753.4</ele>
   </trkpt>
   <trkpt lat="-26.2233050" lon="-51.0841400">
    <ele>753.6</ele>
   </trkpt>
   <trkpt lat="-26.2233310" lon="-51.0841210">
    <ele>753.6</ele>
   </trkpt>
   <trkpt lat="-26.2233690" lon="-51.0841010">
    <ele>753.8</ele>
   </trkpt>
   <trkpt lat="-26.2234070" lon="-51.0840800">
    <ele>753.8</ele>
   </trkpt>
   <trkpt lat="-26.2234400" lon="-51.0840600">
    <ele>753.8</ele>
   </trkpt>
   <trkpt lat="-26.2234760" lon="-51.0840420">
    <ele>754.0</ele>
   </trkpt>
   <trkpt lat="-26.2235130" lon="-51.0840240">
    <ele>754.0</ele>
   </trkpt>
   <trkpt lat="-26.2235510" lon="-51.0840070">
    <ele>754.0</ele>
   </trkpt>
   <trkpt lat="-26.2235850" lon="-51.0839890">
    <ele>754.2</ele>
   </trkpt>
   <trkpt lat="-26.2236180" lon="-51.0839690">
    <ele>754.2</ele>
   </trkpt>
   <trkpt lat="-26.2236520" lon="-51.0839480">
    <ele>754.2</ele>
   </trkpt>
   <trkpt lat="-26.2236840" lon="-51.0839280">
    <ele>754.4</ele>
   </trkpt>
   <trkpt lat="-26.2238950" lon="-51.0838130">
    <ele>753.6</ele>
   </trkpt>
   <trkpt lat="-26.2239300" lon="-51.0837980">
    <ele>753.2</ele>
   </trkpt>
   <trkpt lat="-26.2239640" lon="-51.0837810">
    <ele>753.2</ele>
   </trkpt>
   <trkpt lat="-26.2240000" lon="-51.0837650">
    <ele>753.0</ele>
   </trkpt>
   <trkpt lat="-26.2240920" lon="-51.0837120">
    <ele>752.8</ele>
   </trkpt>
   <trkpt lat="-26.2241240" lon="-51.0836910">
    <ele>752.8</ele>
   </trkpt>
   <trkpt lat="-26.2241600" lon="-51.0836700">
    <ele>752.8</ele>
   </trkpt>
   <trkpt lat="-26.2241940" lon="-51.0836530">
    <ele>752.8</ele>
   </trkpt>
   <trkpt lat="-26.2242710" lon="-51.0836120">
    <ele>752.8</ele>
   </trkpt>
   <trkpt lat="-26.2243890" lon="-51.0835490">
    <ele>752.8</ele>
   </trkpt>
   <trkpt lat="-26.2244310" lon="-51.0835290">
    <ele>752.8</ele>
   </trkpt>
   <trkpt lat="-26.2245620" lon="-51.0834650">
    <ele>752.8</ele>
   </trkpt>
   <trkpt lat="-26.2246430" lon="-51.0834110">
    <ele>752.2</ele>
   </trkpt>
   <trkpt lat="-26.2247240" lon="-51.0833580">
    <ele>752.2</ele>
   </trkpt>
   <trkpt lat="-26.2248510" lon="-51.0832930">
    <ele>754.2</ele>
   </trkpt>
   <trkpt lat="-26.2248930" lon="-51.0832670">
    <ele>754.4</ele>
   </trkpt>
   <trkpt lat="-26.2251340" lon="-51.0831290">
    <ele>755.0</ele>
   </trkpt>
   <trkpt lat="-26.2252140" lon="-51.0830840">
    <ele>755.0</ele>
   </trkpt>
   <trkpt lat="-26.2252540" lon="-51.0830620">
    <ele>755.0</ele>
   </trkpt>
   <trkpt lat="-26.2256230" lon="-51.0828560">
    <ele>755.2</ele>
   </trkpt>
   <trkpt lat="-26.2256640" lon="-51.0828360">
    <ele>755.2</ele>
   </trkpt>
   <trkpt lat="-26.2257460" lon="-51.0827930">
    <ele>755.4</ele>
   </trkpt>
   <trkpt lat="-26.2258270" lon="-51.0827410">
    <ele>755.4</ele>
   </trkpt>
   <trkpt lat="-26.2259140" lon="-51.0827040">
    <ele>755.6</ele>
   </trkpt>
   <trkpt lat="-26.2262050" lon="-51.0825360">
    <ele>755.6</ele>
   </trkpt>
   <trkpt lat="-26.2263730" lon="-51.0824460">
    <ele>755.6</ele>
   </trkpt>
   <trkpt lat="-26.2264950" lon="-51.0823760">
    <ele>755.4</ele>
   </trkpt>
   <trkpt lat="-26.2265360" lon="-51.0823540">
    <ele>755.4</ele>
   </trkpt>
   <trkpt lat="-26.2265760" lon="-51.0823310">
    <ele>755.4</ele>
   </trkpt>
   <trkpt lat="-26.2266160" lon="-51.0823070">
    <ele>755.4</ele>
   </trkpt>
   <trkpt lat="-26.2268660" lon="-51.0821650">
    <ele>755.4</ele>
   </trkpt>
   <trkpt lat="-26.2271150" lon="-51.0820160">
    <ele>755.4</ele>
   </trkpt>
   <trkpt lat="-26.2271590" lon="-51.0819940">
    <ele>755.6</ele>
   </trkpt>
   <trkpt lat="-26.2274070" lon="-51.0818350">
    <ele>755.8</ele>
   </trkpt>
   <trkpt lat="-26.2274780" lon="-51.0817660">
    <ele>755.8</ele>
   </trkpt>
   <trkpt lat="-26.2275150" lon="-51.0817350">
    <ele>755.8</ele>
   </trkpt>
   <trkpt lat="-26.2276820" lon="-51.0816470">
    <ele>755.4</ele>
   </trkpt>
   <trkpt lat="-26.2277210" lon="-51.0816240">
    <ele>755.4</ele>
   </trkpt>
   <trkpt lat="-26.2277520" lon="-51.0815940">
    <ele>754.8</ele>
   </trkpt>
   <trkpt lat="-26.2277650" lon="-51.0815490">
    <ele>754.4</ele>
   </trkpt>
   <trkpt lat="-26.2277760" lon="-51.0815060">
    <ele>754.4</ele>
   </trkpt>
   <trkpt lat="-26.2277910" lon="-51.0814590">
    <ele>754.0</ele>
   </trkpt>
   <trkpt lat="-26.2278010" lon="-51.0814090">
    <ele>753.4</ele>
   </trkpt>
   <trkpt lat="-26.2278110" lon="-51.0813600">
    <ele>753.0</ele>
   </trkpt>
   <trkpt lat="-26.2278100" lon="-51.0812630">
    <ele>752.8</ele>
   </trkpt>
   <trkpt lat="-26.2278040" lon="-51.0812170">
    <ele>752.8</ele>
   </trkpt>
   <trkpt lat="-26.2277930" lon="-51.0811710">
    <ele>752.8</ele>
   </trkpt>
   <trkpt lat="-26.2277860" lon="-51.0811270">
    <ele>753.0</ele>
   </trkpt>
   <trkpt lat="-26.2277870" lon="-51.0810890">
    <ele>753.0</ele>
   </trkpt>
   <trkpt lat="-26.2278090" lon="-51.0810640">
    <ele>753.2</ele>
   </trkpt>
   <trkpt lat="-26.2278380" lon="-51.0810570">
    <ele>753.6</ele>
   </trkpt>
   <trkpt lat="-26.2278660" lon="-51.0810590">
    <ele>754.0</ele>
   </trkpt>
   <trkpt lat="-26.2278860" lon="-51.0810460">
    <ele>754.4</ele>
   </trkpt>
   <trkpt lat="-26.2278930" lon="-51.0810210">
    <ele>754.4</ele>
   </trkpt>
   <trkpt lat="-26.2278910" lon="-51.0810010">
    <ele>754.6</ele>
   </trkpt>
   <trkpt lat="-26.2278870" lon="-51.0809820">
    <ele>754.6</ele>
   </trkpt>
   <trkpt lat="-26.2278820" lon="-51.0809660">
    <ele>754.6</ele>
   </trkpt>
   <trkpt lat="-26.2278790" lon="-51.0809530">
    <ele>754.6</ele>
   </trkpt>
   <trkpt lat="-26.2278770" lon="-51.0809400">
    <ele>754.6</ele>
   </trkpt>
   <trkpt lat="-26.2278760" lon="-51.0809320">
    <ele>754.8</ele>
   </trkpt>
   <trkpt lat="-26.2278760" lon="-51.0809270">
    <ele>755.0</ele>
   </trkpt>
   <trkpt lat="-26.2278760" lon="-51.0809270">
    <ele>755.2</ele>
   </trkpt>
   <trkpt lat="-26.2278760" lon="-51.0809270">
    <ele>755.0</ele>
   </trkpt>
   <trkpt lat="-26.2278600" lon="-51.0810160">
    <ele>750.8</ele>
   </trkpt>
   <trkpt lat="-26.2278450" lon="-51.0809400">
    <ele>750.8</ele>
   </trkpt>
   <trkpt lat="-26.2278030" lon="-51.0807230">
    <ele>750.6</ele>
   </trkpt>
   <trkpt lat="-26.2277390" lon="-51.0803810">
    <ele>750.8</ele>
   </trkpt>
   <trkpt lat="-26.2276530" lon="-51.0799330">
    <ele>750.8</ele>
   </trkpt>
   <trkpt lat="-26.2276240" lon="-51.0797940">
    <ele>751.0</ele>
   </trkpt>
   <trkpt lat="-26.2276130" lon="-51.0797250">
    <ele>751.0</ele>
   </trkpt>
   <trkpt lat="-26.2275650" lon="-51.0795010">
    <ele>751.0</ele>
   </trkpt>
   <trkpt lat="-26.2275490" lon="-51.0794290">
    <ele>751.0</ele>
   </trkpt>
   <trkpt lat="-26.2275020" lon="-51.0792310">
    <ele>751.2</ele>
   </trkpt>
   <trkpt lat="-26.2274760" lon="-51.0791070">
    <ele>751.4</ele>
   </trkpt>
   <trkpt lat="-26.2274660" lon="-51.0790440">
    <ele>751.6</ele>
   </trkpt>
   <trkpt lat="-26.2274550" lon="-51.0789840">
    <ele>751.8</ele>
   </trkpt>
   <trkpt lat="-26.2274450" lon="-51.0789250">
    <ele>751.8</ele>
   </trkpt>
   <trkpt lat="-26.2274320" lon="-51.0788640">
    <ele>752.0</ele>
   </trkpt>
   <trkpt lat="-26.2274190" lon="-51.0788020">
    <ele>752.4</ele>
   </trkpt>
   <trkpt lat="-26.2274060" lon="-51.0787390">
    <ele>753.6</ele>
   </trkpt>
   <trkpt lat="-26.2273930" lon="-51.0786770">
    <ele>754.8</ele>
   </trkpt>
   <trkpt lat="-26.2273790" lon="-51.0786160">
    <ele>755.2</ele>
   </trkpt>
   <trkpt lat="-26.2273530" lon="-51.0784860">
    <ele>755.4</ele>
   </trkpt>
   <trkpt lat="-26.2273390" lon="-51.0784200">
    <ele>755.4</ele>
   </trkpt>
   <trkpt lat="-26.2273220" lon="-51.0783530">
    <ele>755.4</ele>
   </trkpt>
   <trkpt lat="-26.2273090" lon="-51.0782880">
    <ele>755.4</ele>
   </trkpt>
   <trkpt lat="-26.2272960" lon="-51.0782210">
    <ele>755.6</ele>
   </trkpt>
   <trkpt lat="-26.2272830" lon="-51.0781550">
    <ele>755.6</ele>
   </trkpt>
   <trkpt lat="-26.2272690" lon="-51.0780880">
    <ele>755.6</ele>
   </trkpt>
   <trkpt lat="-26.2272550" lon="-51.0780210">
    <ele>755.6</ele>
   </trkpt>
   <trkpt lat="-26.2272400" lon="-51.0779520">
    <ele>755.6</ele>
   </trkpt>
   <trkpt lat="-26.2272220" lon="-51.0778830">
    <ele>755.6</ele>
   </trkpt>
   <trkpt lat="-26.2272080" lon="-51.0778120">
    <ele>755.8</ele>
   </trkpt>
   <trkpt lat="-26.2271940" lon="-51.0777440">
    <ele>755.8</ele>
   </trkpt>
   <trkpt lat="-26.2271810" lon="-51.0776760">
    <ele>755.8</ele>
   </trkpt>
   <trkpt lat="-26.2271650" lon="-51.0776070">
    <ele>755.8</ele>
   </trkpt>
   <trkpt lat="-26.2271520" lon="-51.0775390">
    <ele>755.8</ele>
   </trkpt>
   <trkpt lat="-26.2271410" lon="-51.0774710">
    <ele>755.6</ele>
   </trkpt>
   <trkpt lat="-26.2271260" lon="-51.0774040">
    <ele>755.6</ele>
   </trkpt>
   <trkpt lat="-26.2271130" lon="-51.0773360">
    <ele>755.4</ele>
   </trkpt>
   <trkpt lat="-26.2270990" lon="-51.0772700">
    <ele>755.4</ele>
   </trkpt>
   <trkpt lat="-26.2270860" lon="-51.0772040">
    <ele>755.4</ele>
   </trkpt>
   <trkpt lat="-26.2270760" lon="-51.0771350">
    <ele>755.4</ele>
   </trkpt>
   <trkpt lat="-26.2270620" lon="-51.0770640">
    <ele>755.4</ele>
   </trkpt>
   <trkpt lat="-26.2269720" lon="-51.0766400">
    <ele>755.4</ele>
   </trkpt>
   <trkpt lat="-26.2268590" lon="-51.0760560">
    <ele>755.6</ele>
   </trkpt>
   <trkpt lat="-26.2268200" lon="-51.0755920">
    <ele>755.0</ele>
   </trkpt>
   <trkpt lat="-26.2268610" lon="-51.0752820">
    <ele>754.6</ele>
   </trkpt>
   <trkpt lat="-26.2269030" lon="-51.0751300">
    <ele>754.4</ele>
   </trkpt>
   <trkpt lat="-26.2271220" lon="-51.0747080">
    <ele>754.2</ele>
   </trkpt>
   <trkpt lat="-26.2273360" lon="-51.0743730">
    <ele>753.8</ele>
   </trkpt>
   <trkpt lat="-26.2274200" lon="-51.0742400">
    <ele>753.6</ele>
   </trkpt>
   <trkpt lat="-26.2277600" lon="-51.0737170">
    <ele>752.8</ele>
   </trkpt>
   <trkpt lat="-26.2278490" lon="-51.0735880">
    <ele>752.6</ele>
   </trkpt>
   <trkpt lat="-26.2281430" lon="-51.0730960">
    <ele>748.8</ele>
   </trkpt>
   <trkpt lat="-26.2281800" lon="-51.0730050">
    <ele>748.0</ele>
   </trkpt>
   <trkpt lat="-26.2282090" lon="-51.0729120">
    <ele>747.0</ele>
   </trkpt>
   <trkpt lat="-26.2282690" lon="-51.0727270">
    <ele>747.0</ele>
   </trkpt>
   <trkpt lat="-26.2281600" lon="-51.0724680">
    <ele>747.8</ele>
   </trkpt>
   <trkpt lat="-26.2281560" lon="-51.0723970">
    <ele>748.0</ele>
   </trkpt>
   <trkpt lat="-26.2281570" lon="-51.0723240">
    <ele>748.2</ele>
   </trkpt>
   <trkpt lat="-26.2281570" lon="-51.0722530">
    <ele>748.6</ele>
   </trkpt>
   <trkpt lat="-26.2281640" lon="-51.0721820">
    <ele>749.4</ele>
   </trkpt>
   <trkpt lat="-26.2281680" lon="-51.0721040">
    <ele>750.0</ele>
   </trkpt>
   <trkpt lat="-26.2281850" lon="-51.0719510">
    <ele>750.4</ele>
   </trkpt>
   <trkpt lat="-26.2282200" lon="-51.0716870">
    <ele>750.4</ele>
   </trkpt>
   <trkpt lat="-26.2282220" lon="-51.0716240">
    <ele>749.2</ele>
   </trkpt>
   <trkpt lat="-26.2282120" lon="-51.0715630">
    <ele>749.0</ele>
   </trkpt>
   <trkpt lat="-26.2281920" lon="-51.0715060">
    <ele>749.0</ele>
   </trkpt>
   <trkpt lat="-26.2281610" lon="-51.0714570">
    <ele>748.8</ele>
   </trkpt>
   <trkpt lat="-26.2281220" lon="-51.0714060">
    <ele>748.8</ele>
   </trkpt>
   <trkpt lat="-26.2280900" lon="-51.0713410">
    <ele>749.0</ele>
   </trkpt>
   <trkpt lat="-26.2280660" lon="-51.0712720">
    <ele>749.0</ele>
   </trkpt>
   <trkpt lat="-26.2280280" lon="-51.0711320">
    <ele>751.4</ele>
   </trkpt>
   <trkpt lat="-26.2280090" lon="-51.0710620">
    <ele>751.6</ele>
   </trkpt>
   <trkpt lat="-26.2278770" lon="-51.0705750">
    <ele>752.0</ele>
   </trkpt>
   <trkpt lat="-26.2277800" lon="-51.0701690">
    <ele>752.0</ele>
   </trkpt>
   <trkpt lat="-26.2277650" lon="-51.0701020">
    <ele>752.0</ele>
   </trkpt>
   <trkpt lat="-26.2277500" lon="-51.0700360">
    <ele>752.0</ele>
   </trkpt>
   <trkpt lat="-26.2277370" lon="-51.0699710">
    <ele>752.0</ele>
   </trkpt>
   <trkpt lat="-26.2276970" lon="-51.0697750">
    <ele>752.2</ele>
   </trkpt>
   <trkpt lat="-26.2276850" lon="-51.0697090">
    <ele>752.4</ele>
   </trkpt>
   <trkpt lat="-26.2276730" lon="-51.0696450">
    <ele>752.4</ele>
   </trkpt>
   <trkpt lat="-26.2276600" lon="-51.0695830">
    <ele>752.6</ele>
   </trkpt>
   <trkpt lat="-26.2276450" lon="-51.0695190">
    <ele>752.6</ele>
   </trkpt>
   <trkpt lat="-26.2275990" lon="-51.0693320">
    <ele>752.8</ele>
   </trkpt>
   <trkpt lat="-26.2275740" lon="-51.0691990">
    <ele>752.8</ele>
   </trkpt>
   <trkpt lat="-26.2274990" lon="-51.0687880">
    <ele>752.8</ele>
   </trkpt>
   <trkpt lat="-26.2273630" lon="-51.0682050">
    <ele>752.4</ele>
   </trkpt>
   <trkpt lat="-26.2272480" lon="-51.0675990">
    <ele>752.4</ele>
   </trkpt>
   <trkpt lat="-26.2272170" lon="-51.0673740">
    <ele>752.2</ele>
   </trkpt>
   <trkpt lat="-26.2271520" lon="-51.0670750">
    <ele>752.2</ele>
   </trkpt>
   <trkpt lat="-26.2271310" lon="-51.0669330">
    <ele>751.8</ele>
   </trkpt>
   <trkpt lat="-26.2271280" lon="-51.0668650">
    <ele>751.4</ele>
   </trkpt>
   <trkpt lat="-26.2271370" lon="-51.0668070">
    <ele>751.4</ele>
   </trkpt>
   <trkpt lat="-26.2271570" lon="-51.0667570">
    <ele>751.4</ele>
   </trkpt>
   <trkpt lat="-26.2271820" lon="-51.0667220">
    <ele>751.4</ele>
   </trkpt>
   <trkpt lat="-26.2272140" lon="-51.0666950">
    <ele>751.8</ele>
   </trkpt>
   <trkpt lat="-26.2272450" lon="-51.0666730">
    <ele>751.8</ele>
   </trkpt>
   <trkpt lat="-26.2272680" lon="-51.0666430">
    <ele>751.8</ele>
   </trkpt>
   <trkpt lat="-26.2272770" lon="-51.0666050">
    <ele>752.0</ele>
   </trkpt>
   <trkpt lat="-26.2272710" lon="-51.0665640">
    <ele>752.0</ele>
   </trkpt>
   <trkpt lat="-26.2272540" lon="-51.0664790">
    <ele>752.2</ele>
   </trkpt>
   <trkpt lat="-26.2272460" lon="-51.0664340">
    <ele>752.2</ele>
   </trkpt>
   <trkpt lat="-26.2272220" lon="-51.0663440">
    <ele>752.4</ele>
   </trkpt>
   <trkpt lat="-26.2271920" lon="-51.0663090">
    <ele>752.4</ele>
   </trkpt>
   <trkpt lat="-26.2271510" lon="-51.0662850">
    <ele>752.4</ele>
   </trkpt>
   <trkpt lat="-26.2270620" lon="-51.0662380">
    <ele>752.6</ele>
   </trkpt>
   <trkpt lat="-26.2270230" lon="-51.0662000">
    <ele>752.4</ele>
   </trkpt>
   <trkpt lat="-26.2269960" lon="-51.0661520">
    <ele>752.4</ele>
   </trkpt>
   <trkpt lat="-26.2269780" lon="-51.0660980">
    <ele>752.4</ele>
   </trkpt>
   <trkpt lat="-26.2269650" lon="-51.0660400">
    <ele>752.4</ele>
   </trkpt>
   <trkpt lat="-26.2269520" lon="-51.0659820">
    <ele>752.4</ele>
   </trkpt>
   <trkpt lat="-26.2269390" lon="-51.0659220">
    <ele>752.4</ele>
   </trkpt>
   <trkpt lat="-26.2268480" lon="-51.0655640">
    <ele>752.4</ele>
   </trkpt>
   <trkpt lat="-26.2268320" lon="-51.0655060">
    <ele>752.6</ele>
   </trkpt>
   <trkpt lat="-26.2267790" lon="-51.0652030">
    <ele>752.4</ele>
   </trkpt>
   <trkpt lat="-26.2267490" lon="-51.0650800">
    <ele>752.2</ele>
   </trkpt>
   <trkpt lat="-26.2266820" lon="-51.0647750">
    <ele>753.6</ele>
   </trkpt>
   <trkpt lat="-26.2265770" lon="-51.0642610">
    <ele>754.4</ele>
   </trkpt>
   <trkpt lat="-26.2265630" lon="-51.0641950">
    <ele>754.4</ele>
   </trkpt>
   <trkpt lat="-26.2264590" lon="-51.0635980">
    <ele>754.2</ele>
   </trkpt>
   <trkpt lat="-26.2264440" lon="-51.0635370">
    <ele>754.2</ele>
   </trkpt>
   <trkpt lat="-26.2264290" lon="-51.0634760">
    <ele>754.2</ele>
   </trkpt>
   <trkpt lat="-26.2264130" lon="-51.0634150">
    <ele>754.2</ele>
   </trkpt>
   <trkpt lat="-26.2263980" lon="-51.0633530">
    <ele>754.2</ele>
   </trkpt>
   <trkpt lat="-26.2263820" lon="-51.0632910">
    <ele>754.4</ele>
   </trkpt>
   <trkpt lat="-26.2263660" lon="-51.0632270">
    <ele>754.4</ele>
   </trkpt>
   <trkpt lat="-26.2263190" lon="-51.0630340">
    <ele>754.2</ele>
   </trkpt>
   <trkpt lat="-26.2262010" lon="-51.0624370">
    <ele>754.0</ele>
   </trkpt>
   <trkpt lat="-26.2261890" lon="-51.0623750">
    <ele>753.8</ele>
   </trkpt>
   <trkpt lat="-26.2261750" lon="-51.0623110">
    <ele>753.8</ele>
   </trkpt>
   <trkpt lat="-26.2261600" lon="-51.0622450">
    <ele>753.6</ele>
   </trkpt>
   <trkpt lat="-26.2261460" lon="-51.0621810">
    <ele>753.6</ele>
   </trkpt>
   <trkpt lat="-26.2260750" lon="-51.0618550">
    <ele>753.6</ele>
   </trkpt>
   <trkpt lat="-26.2260750" lon="-51.0617850">
    <ele>753.6</ele>
   </trkpt>
   <trkpt lat="-26.2260750" lon="-51.0615240">
    <ele>753.6</ele>
   </trkpt>
   <trkpt lat="-26.2260820" lon="-51.0613990">
    <ele>753.8</ele>
   </trkpt>
   <trkpt lat="-26.2260860" lon="-51.0613350">
    <ele>753.8</ele>
   </trkpt>
   <trkpt lat="-26.2260890" lon="-51.0612720">
    <ele>754.0</ele>
   </trkpt>
   <trkpt lat="-26.2260900" lon="-51.0612080">
    <ele>754.0</ele>
   </trkpt>
   <trkpt lat="-26.2260930" lon="-51.0611440">
    <ele>754.2</ele>
   </trkpt>
   <trkpt lat="-26.2260970" lon="-51.0610800">
    <ele>754.2</ele>
   </trkpt>
   <trkpt lat="-26.2260990" lon="-51.0610190">
    <ele>754.4</ele>
   </trkpt>
   <trkpt lat="-26.2261020" lon="-51.0609600">
    <ele>754.4</ele>
   </trkpt>
   <trkpt lat="-26.2261040" lon="-51.0608990">
    <ele>754.4</ele>
   </trkpt>
   <trkpt lat="-26.2261120" lon="-51.0608410">
    <ele>754.4</ele>
   </trkpt>
   <trkpt lat="-26.2261280" lon="-51.0607850">
    <ele>754.4</ele>
   </trkpt>
   <trkpt lat="-26.2261500" lon="-51.0607320">
    <ele>754.4</ele>
   </trkpt>
   <trkpt lat="-26.2261720" lon="-51.0606830">
    <ele>754.4</ele>
   </trkpt>
   <trkpt lat="-26.2261950" lon="-51.0606430">
    <ele>754.4</ele>
   </trkpt>
   <trkpt lat="-26.2262260" lon="-51.0606140">
    <ele>754.4</ele>
   </trkpt>
   <trkpt lat="-26.2262630" lon="-51.0605970">
    <ele>754.6</ele>
   </trkpt>
   <trkpt lat="-26.2263000" lon="-51.0605850">
    <ele>755.0</ele>
   </trkpt>
   <trkpt lat="-26.2263380" lon="-51.0605730">
    <ele>755.2</ele>
   </trkpt>
   <trkpt lat="-26.2263780" lon="-51.0605640">
    <ele>755.4</ele>
   </trkpt>
   <trkpt lat="-26.2264160" lon="-51.0605610">
    <ele>755.6</ele>
   </trkpt>
   <trkpt lat="-26.2264520" lon="-51.0605620">
    <ele>755.8</ele>
   </trkpt>
   <trkpt lat="-26.2264820" lon="-51.0605670">
    <ele>755.8</ele>
   </trkpt>
   <trkpt lat="-26.2265100" lon="-51.0605650">
    <ele>755.8</ele>
   </trkpt>
   <trkpt lat="-26.2265330" lon="-51.0605450">
    <ele>756.0</ele>
   </trkpt>
   <trkpt lat="-26.2265460" lon="-51.0605120">
    <ele>756.0</ele>
   </trkpt>
   <trkpt lat="-26.2265520" lon="-51.0603970">
    <ele>756.6</ele>
   </trkpt>
   <trkpt lat="-26.2265560" lon="-51.0603530">
    <ele>756.6</ele>
   </trkpt>
   <trkpt lat="-26.2265680" lon="-51.0602510">
    <ele>756.6</ele>
   </trkpt>
   <trkpt lat="-26.2266140" lon="-51.0598250">
    <ele>757.2</ele>
   </trkpt>
   <trkpt lat="-26.2266260" lon="-51.0596950">
    <ele>757.2</ele>
   </trkpt>
   <trkpt lat="-26.2266590" lon="-51.0593690">
    <ele>757.2</ele>
   </trkpt>
   <trkpt lat="-26.2266760" lon="-51.0591730">
    <ele>757.2</ele>
   </trkpt>
   <trkpt lat="-26.2266930" lon="-51.0589950">
    <ele>757.6</ele>
   </trkpt>
   <trkpt lat="-26.2266980" lon="-51.0589390">
    <ele>757.8</ele>
   </trkpt>
   <trkpt lat="-26.2267040" lon="-51.0588820">
    <ele>758.0</ele>
   </trkpt>
   <trkpt lat="-26.2267210" lon="-51.0587130">
    <ele>758.2</ele>
   </trkpt>
   <trkpt lat="-26.2267280" lon="-51.0586560">
    <ele>758.4</ele>
   </trkpt>
   <trkpt lat="-26.2267360" lon="-51.0586010">
    <ele>758.4</ele>
   </trkpt>
   <trkpt lat="-26.2267420" lon="-51.0585480">
    <ele>758.4</ele>
   </trkpt>
   <trkpt lat="-26.2267550" lon="-51.0584410">
    <ele>758.4</ele>
   </trkpt>
   <trkpt lat="-26.2268190" lon="-51.0580480">
    <ele>757.2</ele>
   </trkpt>
   <trkpt lat="-26.2268310" lon="-51.0579830">
    <ele>757.0</ele>
   </trkpt>
   <trkpt lat="-26.2268580" lon="-51.0577860">
    <ele>757.0</ele>
   </trkpt>
   <trkpt lat="-26.2268930" lon="-51.0574670">
    <ele>757.4</ele>
   </trkpt>
   <trkpt lat="-26.2269030" lon="-51.0573470">
    <ele>757.2</ele>
   </trkpt>
   <trkpt lat="-26.2269070" lon="-51.0572890">
    <ele>757.2</ele>
   </trkpt>
   <trkpt lat="-26.2269100" lon="-51.0572340">
    <ele>757.2</ele>
   </trkpt>
   <trkpt lat="-26.2269100" lon="-51.0571770">
    <ele>757.2</ele>
   </trkpt>
   <trkpt lat="-26.2269060" lon="-51.0571210">
    <ele>757.2</ele>
   </trkpt>
   <trkpt lat="-26.2269010" lon="-51.0570660">
    <ele>757.2</ele>
   </trkpt>
   <trkpt lat="-26.2268990" lon="-51.0570130">
    <ele>757.2</ele>
   </trkpt>
   <trkpt lat="-26.2269020" lon="-51.0569580">
    <ele>756.8</ele>
   </trkpt>
   <trkpt lat="-26.2269050" lon="-51.0569040">
    <ele>756.8</ele>
   </trkpt>
   <trkpt lat="-26.2269120" lon="-51.0568540">
    <ele>756.8</ele>
   </trkpt>
   <trkpt lat="-26.2269150" lon="-51.0568050">
    <ele>756.8</ele>
   </trkpt>
   <trkpt lat="-26.2269190" lon="-51.0567560">
    <ele>756.8</ele>
   </trkpt>
   <trkpt lat="-26.2269230" lon="-51.0567030">
    <ele>756.8</ele>
   </trkpt>
   <trkpt lat="-26.2269300" lon="-51.0566480">
    <ele>757.0</ele>
   </trkpt>
   <trkpt lat="-26.2269380" lon="-51.0565960">
    <ele>757.6</ele>
   </trkpt>
   <trkpt lat="-26.2269430" lon="-51.0565440">
    <ele>757.8</ele>
   </trkpt>
   <trkpt lat="-26.2269480" lon="-51.0564920">
    <ele>757.8</ele>
   </trkpt>
   <trkpt lat="-26.2269540" lon="-51.0564390">
    <ele>757.8</ele>
   </trkpt>
   <trkpt lat="-26.2269710" lon="-51.0562730">
    <ele>757.8</ele>
   </trkpt>
   <trkpt lat="-26.2269890" lon="-51.0559910">
    <ele>758.2</ele>
   </trkpt>
   <trkpt lat="-26.2269880" lon="-51.0558150">
    <ele>758.4</ele>
   </trkpt>
   <trkpt lat="-26.2269530" lon="-51.0554030">
    <ele>758.8</ele>
   </trkpt>
   <trkpt lat="-26.2269410" lon="-51.0553430">
    <ele>758.8</ele>
   </trkpt>
   <trkpt lat="-26.2269030" lon="-51.0552270">
    <ele>758.6</ele>
   </trkpt>
   <trkpt lat="-26.2268400" lon="-51.0551240">
    <ele>758.6</ele>
   </trkpt>
   <trkpt lat="-26.2266290" lon="-51.0548250">
    <ele>758.4</ele>
   </trkpt>
   <trkpt lat="-26.2265920" lon="-51.0547770">
    <ele>760.0</ele>
   </trkpt>
   <trkpt lat="-26.2265530" lon="-51.0547300">
    <ele>760.4</ele>
   </trkpt>
   <trkpt lat="-26.2263320" lon="-51.0544350">
    <ele>761.0</ele>
   </trkpt>
   <trkpt lat="-26.2262990" lon="-51.0543860">
    <ele>761.2</ele>
   </trkpt>
   <trkpt lat="-26.2262660" lon="-51.0543350">
    <ele>761.2</ele>
   </trkpt>
   <trkpt lat="-26.2262340" lon="-51.0542860">
    <ele>761.4</ele>
   </trkpt>
   <trkpt lat="-26.2262010" lon="-51.0542370">
    <ele>761.6</ele>
   </trkpt>
   <trkpt lat="-26.2261680" lon="-51.0541880">
    <ele>761.6</ele>
   </trkpt>
   <trkpt lat="-26.2261360" lon="-51.0541370">
    <ele>761.8</ele>
   </trkpt>
   <trkpt lat="-26.2261090" lon="-51.0540860">
    <ele>762.0</ele>
   </trkpt>
   <trkpt lat="-26.2260810" lon="-51.0540350">
    <ele>762.2</ele>
   </trkpt>
   <trkpt lat="-26.2260520" lon="-51.0539840">
    <ele>762.4</ele>
   </trkpt>
   <trkpt lat="-26.2260210" lon="-51.0539300">
    <ele>762.4</ele>
   </trkpt>
   <trkpt lat="-26.2259920" lon="-51.0538710">
    <ele>762.4</ele>
   </trkpt>
   <trkpt lat="-26.2259620" lon="-51.0538130">
    <ele>762.4</ele>
   </trkpt>
   <trkpt lat="-26.2259360" lon="-51.0537510">
    <ele>762.4</ele>
   </trkpt>
   <trkpt lat="-26.2259160" lon="-51.0536850">
    <ele>762.2</ele>
   </trkpt>
   <trkpt lat="-26.2259000" lon="-51.0536170">
    <ele>762.2</ele>
   </trkpt>
   <trkpt lat="-26.2258890" lon="-51.0535470">
    <ele>762.2</ele>
   </trkpt>
   <trkpt lat="-26.2258830" lon="-51.0534750">
    <ele>762.2</ele>
   </trkpt>
   <trkpt lat="-26.2258830" lon="-51.0534020">
    <ele>762.0</ele>
   </trkpt>
   <trkpt lat="-26.2258900" lon="-51.0533340">
    <ele>762.0</ele>
   </trkpt>
   <trkpt lat="-26.2258990" lon="-51.0532670">
    <ele>762.0</ele>
   </trkpt>
   <trkpt lat="-26.2259210" lon="-51.0531410">
    <ele>761.8</ele>
   </trkpt>
   <trkpt lat="-26.2259380" lon="-51.0530830">
    <ele>761.8</ele>
   </trkpt>
   <trkpt lat="-26.2259570" lon="-51.0530300">
    <ele>761.8</ele>
   </trkpt>
   <trkpt lat="-26.2259750" lon="-51.0529740">
    <ele>761.6</ele>
   </trkpt>
   <trkpt lat="-26.2259950" lon="-51.0529170">
    <ele>761.6</ele>
   </trkpt>
   <trkpt lat="-26.2260200" lon="-51.0528640">
    <ele>761.0</ele>
   </trkpt>
   <trkpt lat="-26.2261030" lon="-51.0526950">
    <ele>760.8</ele>
   </trkpt>
   <trkpt lat="-26.2261580" lon="-51.0525830">
    <ele>762.2</ele>
   </trkpt>
   <trkpt lat="-26.2261840" lon="-51.0525300">
    <ele>762.2</ele>
   </trkpt>
   <trkpt lat="-26.2262110" lon="-51.0524780">
    <ele>762.2</ele>
   </trkpt>
   <trkpt lat="-26.2262360" lon="-51.0524270">
    <ele>762.2</ele>
   </trkpt>
   <trkpt lat="-26.2263080" lon="-51.0522850">
    <ele>762.0</ele>
   </trkpt>
   <trkpt lat="-26.2263270" lon="-51.0522450">
    <ele>762.0</ele>
   </trkpt>
   <trkpt lat="-26.2263430" lon="-51.0522150">
    <ele>762.0</ele>
   </trkpt>
   <trkpt lat="-26.2263580" lon="-51.0521890">
    <ele>762.0</ele>
   </trkpt>
   <trkpt lat="-26.2263720" lon="-51.0521660">
    <ele>762.0</ele>
   </trkpt>
   <trkpt lat="-26.2263850" lon="-51.0521420">
    <ele>762.2</ele>
   </trkpt>
   <trkpt lat="-26.2264310" lon="-51.0520490">
    <ele>762.4</ele>
   </trkpt>
   <trkpt lat="-26.2265270" lon="-51.0518650">
    <ele>763.2</ele>
   </trkpt>
   <trkpt lat="-26.2265500" lon="-51.0518090">
    <ele>763.2</ele>
   </trkpt>
   <trkpt lat="-26.2265920" lon="-51.0517000">
    <ele>764.4</ele>
   </trkpt>
   <trkpt lat="-26.2266120" lon="-51.0516470">
    <ele>764.4</ele>
   </trkpt>
   <trkpt lat="-26.2266890" lon="-51.0514090">
    <ele>764.4</ele>
   </trkpt>
   <trkpt lat="-26.2267060" lon="-51.0513450">
    <ele>764.4</ele>
   </trkpt>
   <trkpt lat="-26.2267210" lon="-51.0512790">
    <ele>764.4</ele>
   </trkpt>
   <trkpt lat="-26.2267400" lon="-51.0512170">
    <ele>764.4</ele>
   </trkpt>
   <trkpt lat="-26.2267620" lon="-51.0511560">
    <ele>764.4</ele>
   </trkpt>
   <trkpt lat="-26.2267840" lon="-51.0510940">
    <ele>764.4</ele>
   </trkpt>
   <trkpt lat="-26.2268050" lon="-51.0510340">
    <ele>764.6</ele>
   </trkpt>
   <trkpt lat="-26.2268250" lon="-51.0509710">
    <ele>764.4</ele>
   </trkpt>
   <trkpt lat="-26.2269580" lon="-51.0505910">
    <ele>764.4</ele>
   </trkpt>
   <trkpt lat="-26.2271130" lon="-51.0501440">
    <ele>765.0</ele>
   </trkpt>
   <trkpt lat="-26.2271550" lon="-51.0500200">
    <ele>765.2</ele>
   </trkpt>
   <trkpt lat="-26.2271950" lon="-51.0498960">
    <ele>765.4</ele>
   </trkpt>
   <trkpt lat="-26.2272160" lon="-51.0498360">
    <ele>765.4</ele>
   </trkpt>
   <trkpt lat="-26.2272360" lon="-51.0497760">
    <ele>765.6</ele>
   </trkpt>
   <trkpt lat="-26.2273050" lon="-51.0495930">
    <ele>765.8</ele>
   </trkpt>
   <trkpt lat="-26.2275060" lon="-51.0489980">
    <ele>764.6</ele>
   </trkpt>
   <trkpt lat="-26.2275540" lon="-51.0488610">
    <ele>765.0</ele>
   </trkpt>
   <trkpt lat="-26.2275750" lon="-51.0487960">
    <ele>765.2</ele>
   </trkpt>
   <trkpt lat="-26.2276830" lon="-51.0484680">
    <ele>767.0</ele>
   </trkpt>
   <trkpt lat="-26.2277260" lon="-51.0483400">
    <ele>767.8</ele>
   </trkpt>
   <trkpt lat="-26.2277480" lon="-51.0482760">
    <ele>767.8</ele>
   </trkpt>
   <trkpt lat="-26.2277690" lon="-51.0482110">
    <ele>768.0</ele>
   </trkpt>
   <trkpt lat="-26.2277910" lon="-51.0481440">
    <ele>768.2</ele>
   </trkpt>
   <trkpt lat="-26.2278360" lon="-51.0480100">
    <ele>768.4</ele>
   </trkpt>
   <trkpt lat="-26.2278580" lon="-51.0479410">
    <ele>768.6</ele>
   </trkpt>
   <trkpt lat="-26.2278800" lon="-51.0478720">
    <ele>768.4</ele>
   </trkpt>
   <trkpt lat="-26.2279000" lon="-51.0478030">
    <ele>768.2</ele>
   </trkpt>
   <trkpt lat="-26.2279220" lon="-51.0477340">
    <ele>768.4</ele>
   </trkpt>
   <trkpt lat="-26.2279450" lon="-51.0476650">
    <ele>768.4</ele>
   </trkpt>
   <trkpt lat="-26.2279680" lon="-51.0475980">
    <ele>768.4</ele>
   </trkpt>
   <trkpt lat="-26.2279890" lon="-51.0475300">
    <ele>768.2</ele>
   </trkpt>
   <trkpt lat="-26.2280100" lon="-51.0474600">
    <ele>768.2</ele>
   </trkpt>
   <trkpt lat="-26.2280320" lon="-51.0473900">
    <ele>768.4</ele>
   </trkpt>
   <trkpt lat="-26.2280560" lon="-51.0473210">
    <ele>768.4</ele>
   </trkpt>
   <trkpt lat="-26.2280790" lon="-51.0472520">
    <ele>768.4</ele>
   </trkpt>
   <trkpt lat="-26.2281020" lon="-51.0471840">
    <ele>768.4</ele>
   </trkpt>
   <trkpt lat="-26.2281220" lon="-51.0471160">
    <ele>768.4</ele>
   </trkpt>
   <trkpt lat="-26.2281420" lon="-51.0470490">
    <ele>768.4</ele>
   </trkpt>
   <trkpt lat="-26.2281610" lon="-51.0469800">
    <ele>768.4</ele>
   </trkpt>
   <trkpt lat="-26.2282370" lon="-51.0467150">
    <ele>768.4</ele>
   </trkpt>
   <trkpt lat="-26.2282590" lon="-51.0466540">
    <ele>768.4</ele>
   </trkpt>
   <trkpt lat="-26.2282970" lon="-51.0465340">
    <ele>768.4</ele>
   </trkpt>
   <trkpt lat="-26.2283180" lon="-51.0464740">
    <ele>768.4</ele>
   </trkpt>
   <trkpt lat="-26.2283360" lon="-51.0464150">
    <ele>768.4</ele>
   </trkpt>
   <trkpt lat="-26.2283570" lon="-51.0463550">
    <ele>768.4</ele>
   </trkpt>
   <trkpt lat="-26.2283790" lon="-51.0462940">
    <ele>768.4</ele>
   </trkpt>
   <trkpt lat="-26.2283960" lon="-51.0462330">
    <ele>768.6</ele>
   </trkpt>
   <trkpt lat="-26.2284160" lon="-51.0461740">
    <ele>768.8</ele>
   </trkpt>
   <trkpt lat="-26.2284360" lon="-51.0461140">
    <ele>769.2</ele>
   </trkpt>
   <trkpt lat="-26.2284530" lon="-51.0460520">
    <ele>769.2</ele>
   </trkpt>
   <trkpt lat="-26.2285210" lon="-51.0457040">
    <ele>769.2</ele>
   </trkpt>
   <trkpt lat="-26.2285320" lon="-51.0456340">
    <ele>769.2</ele>
   </trkpt>
   <trkpt lat="-26.2285380" lon="-51.0455700">
    <ele>769.4</ele>
   </trkpt>
   <trkpt lat="-26.2285430" lon="-51.0455100">
    <ele>769.4</ele>
   </trkpt>
   <trkpt lat="-26.2285430" lon="-51.0454500">
    <ele>769.4</ele>
   </trkpt>
   <trkpt lat="-26.2285390" lon="-51.0453890">
    <ele>769.6</ele>
   </trkpt>
   <trkpt lat="-26.2285320" lon="-51.0453250">
    <ele>769.8</ele>
   </trkpt>
   <trkpt lat="-26.2285170" lon="-51.0451940">
    <ele>769.8</ele>
   </trkpt>
   <trkpt lat="-26.2284890" lon="-51.0450600">
    <ele>771.2</ele>
   </trkpt>
   <trkpt lat="-26.2284510" lon="-51.0449190">
    <ele>771.4</ele>
   </trkpt>
   <trkpt lat="-26.2283820" lon="-51.0447060">
    <ele>771.8</ele>
   </trkpt>
   <trkpt lat="-26.2283570" lon="-51.0446350">
    <ele>771.8</ele>
   </trkpt>
   <trkpt lat="-26.2283300" lon="-51.0445640">
    <ele>772.0</ele>
   </trkpt>
   <trkpt lat="-26.2283050" lon="-51.0444950">
    <ele>771.8</ele>
   </trkpt>
   <trkpt lat="-26.2282820" lon="-51.0444310">
    <ele>771.8</ele>
   </trkpt>
   <trkpt lat="-26.2282610" lon="-51.0443690">
    <ele>771.8</ele>
   </trkpt>
   <trkpt lat="-26.2282420" lon="-51.0443060">
    <ele>771.8</ele>
   </trkpt>
   <trkpt lat="-26.2282240" lon="-51.0442440">
    <ele>771.8</ele>
   </trkpt>
   <trkpt lat="-26.2282040" lon="-51.0441810">
    <ele>771.4</ele>
   </trkpt>
   <trkpt lat="-26.2281880" lon="-51.0441180">
    <ele>771.4</ele>
   </trkpt>
   <trkpt lat="-26.2281750" lon="-51.0440560">
    <ele>771.4</ele>
   </trkpt>
   <trkpt lat="-26.2281620" lon="-51.0439970">
    <ele>771.6</ele>
   </trkpt>
   <trkpt lat="-26.2281450" lon="-51.0439390">
    <ele>771.6</ele>
   </trkpt>
   <trkpt lat="-26.2281210" lon="-51.0438790">
    <ele>771.6</ele>
   </trkpt>
   <trkpt lat="-26.2280650" lon="-51.0437520">
    <ele>771.2</ele>
   </trkpt>
   <trkpt lat="-26.2278730" lon="-51.0434240">
    <ele>770.8</ele>
   </trkpt>
   <trkpt lat="-26.2275150" lon="-51.0430310">
    <ele>771.4</ele>
   </trkpt>
   <trkpt lat="-26.2271690" lon="-51.0427360">
    <ele>771.6</ele>
   </trkpt>
   <trkpt lat="-26.2270610" lon="-51.0426400">
    <ele>771.6</ele>
   </trkpt>
   <trkpt lat="-26.2269510" lon="-51.0425460">
    <ele>771.8</ele>
   </trkpt>
   <trkpt lat="-26.2268960" lon="-51.0424970">
    <ele>771.8</ele>
   </trkpt>
   <trkpt lat="-26.2268400" lon="-51.0424530">
    <ele>772.0</ele>
   </trkpt>
   <trkpt lat="-26.2266170" lon="-51.0422660">
    <ele>771.8</ele>
   </trkpt>
   <trkpt lat="-26.2265630" lon="-51.0422180">
    <ele>771.8</ele>
   </trkpt>
   <trkpt lat="-26.2261330" lon="-51.0418300">
    <ele>771.6</ele>
   </trkpt>
   <trkpt lat="-26.2258430" lon="-51.0415970">
    <ele>772.2</ele>
   </trkpt>
   <trkpt lat="-26.2256660" lon="-51.0414590">
    <ele>772.4</ele>
   </trkpt>
   <trkpt lat="-26.2255450" lon="-51.0413710">
    <ele>772.6</ele>
   </trkpt>
   <trkpt lat="-26.2253710" lon="-51.0412470">
    <ele>772.8</ele>
   </trkpt>
   <trkpt lat="-26.2253140" lon="-51.0412080">
    <ele>773.0</ele>
   </trkpt>
   <trkpt lat="-26.2252580" lon="-51.0411680">
    <ele>773.0</ele>
   </trkpt>
   <trkpt lat="-26.2252010" lon="-51.0411280">
    <ele>773.2</ele>
   </trkpt>
   <trkpt lat="-26.2251460" lon="-51.0410850">
    <ele>773.4</ele>
   </trkpt>
   <trkpt lat="-26.2250940" lon="-51.0410410">
    <ele>773.6</ele>
   </trkpt>
   <trkpt lat="-26.2250420" lon="-51.0409970">
    <ele>773.8</ele>
   </trkpt>
   <trkpt lat="-26.2249940" lon="-51.0409500">
    <ele>773.8</ele>
   </trkpt>
   <trkpt lat="-26.2249480" lon="-51.0409010">
    <ele>774.2</ele>
   </trkpt>
   <trkpt lat="-26.2248570" lon="-51.0407980">
    <ele>774.4</ele>
   </trkpt>
   <trkpt lat="-26.2247710" lon="-51.0406890">
    <ele>774.6</ele>
   </trkpt>
   <trkpt lat="-26.2247300" lon="-51.0406370">
    <ele>774.6</ele>
   </trkpt>
   <trkpt lat="-26.2246910" lon="-51.0405800">
    <ele>774.6</ele>
   </trkpt>
   <trkpt lat="-26.2246550" lon="-51.0405230">
    <ele>774.6</ele>
   </trkpt>
   <trkpt lat="-26.2246220" lon="-51.0404670">
    <ele>774.6</ele>
   </trkpt>
   <trkpt lat="-26.2245930" lon="-51.0404090">
    <ele>774.8</ele>
   </trkpt>
   <trkpt lat="-26.2245660" lon="-51.0403500">
    <ele>774.8</ele>
   </trkpt>
   <trkpt lat="-26.2245420" lon="-51.0402890">
    <ele>774.8</ele>
   </trkpt>
   <trkpt lat="-26.2245270" lon="-51.0402250">
    <ele>774.8</ele>
   </trkpt>
   <trkpt lat="-26.2245180" lon="-51.0401610">
    <ele>775.0</ele>
   </trkpt>
   <trkpt lat="-26.2245020" lon="-51.0401000">
    <ele>775.0</ele>
   </trkpt>
   <trkpt lat="-26.2244760" lon="-51.0400350">
    <ele>775.0</ele>
   </trkpt>
   <trkpt lat="-26.2244430" lon="-51.0399710">
    <ele>775.2</ele>
   </trkpt>
   <trkpt lat="-26.2243760" lon="-51.0398500">
    <ele>775.0</ele>
   </trkpt>
   <trkpt lat="-26.2242980" lon="-51.0396520">
    <ele>774.4</ele>
   </trkpt>
   <trkpt lat="-26.2242030" lon="-51.0393600">
    <ele>774.2</ele>
   </trkpt>
   <trkpt lat="-26.2241810" lon="-51.0392830">
    <ele>774.2</ele>
   </trkpt>
   <trkpt lat="-26.2240790" lon="-51.0388180">
    <ele>775.4</ele>
   </trkpt>
   <trkpt lat="-26.2240120" lon="-51.0383640">
    <ele>776.2</ele>
   </trkpt>
   <trkpt lat="-26.2240050" lon="-51.0382880">
    <ele>777.0</ele>
   </trkpt>
   <trkpt lat="-26.2239990" lon="-51.0382110">
    <ele>777.0</ele>
   </trkpt>
   <trkpt lat="-26.2239910" lon="-51.0380560">
    <ele>777.2</ele>
   </trkpt>
   <trkpt lat="-26.2240080" lon="-51.0378220">
    <ele>777.2</ele>
   </trkpt>
   <trkpt lat="-26.2240230" lon="-51.0377430">
    <ele>777.4</ele>
   </trkpt>
   <trkpt lat="-26.2240430" lon="-51.0376610">
    <ele>777.4</ele>
   </trkpt>
   <trkpt lat="-26.2240660" lon="-51.0375820">
    <ele>777.4</ele>
   </trkpt>
   <trkpt lat="-26.2240920" lon="-51.0375050">
    <ele>777.4</ele>
   </trkpt>
   <trkpt lat="-26.2241190" lon="-51.0374310">
    <ele>777.4</ele>
   </trkpt>
   <trkpt lat="-26.2241500" lon="-51.0373610">
    <ele>777.4</ele>
   </trkpt>
   <trkpt lat="-26.2241810" lon="-51.0372940">
    <ele>777.2</ele>
   </trkpt>
   <trkpt lat="-26.2242150" lon="-51.0372250">
    <ele>777.2</ele>
   </trkpt>
   <trkpt lat="-26.2244000" lon="-51.0368980">
    <ele>777.0</ele>
   </trkpt>
   <trkpt lat="-26.2244390" lon="-51.0368330">
    <ele>777.2</ele>
   </trkpt>
   <trkpt lat="-26.2244770" lon="-51.0367700">
    <ele>777.2</ele>
   </trkpt>
   <trkpt lat="-26.2247210" lon="-51.0363730">
    <ele>775.4</ele>
   </trkpt>
   <trkpt lat="-26.2248470" lon="-51.0361710">
    <ele>775.0</ele>
   </trkpt>
   <trkpt lat="-26.2251290" lon="-51.0356770">
    <ele>774.4</ele>
   </trkpt>
   <trkpt lat="-26.2251720" lon="-51.0356090">
    <ele>774.2</ele>
   </trkpt>
   <trkpt lat="-26.2252920" lon="-51.0354220">
    <ele>773.8</ele>
   </trkpt>
   <trkpt lat="-26.2253260" lon="-51.0353660">
    <ele>773.8</ele>
   </trkpt>
   <trkpt lat="-26.2253580" lon="-51.0353090">
    <ele>774.4</ele>
   </trkpt>
   <trkpt lat="-26.2253910" lon="-51.0352600">
    <ele>775.0</ele>
   </trkpt>
   <trkpt lat="-26.2254240" lon="-51.0352180">
    <ele>775.6</ele>
   </trkpt>
   <trkpt lat="-26.2254620" lon="-51.0351840">
    <ele>776.0</ele>
   </trkpt>
   <trkpt lat="-26.2255050" lon="-51.0351520">
    <ele>776.0</ele>
   </trkpt>
   <trkpt lat="-26.2256030" lon="-51.0350870">
    <ele>776.2</ele>
   </trkpt>
   <trkpt lat="-26.2256850" lon="-51.0349910">
    <ele>776.2</ele>
   </trkpt>
   <trkpt lat="-26.2257210" lon="-51.0349340">
    <ele>776.0</ele>
   </trkpt>
   <trkpt lat="-26.2257960" lon="-51.0348140">
    <ele>776.0</ele>
   </trkpt>
   <trkpt lat="-26.2258330" lon="-51.0347530">
    <ele>776.0</ele>
   </trkpt>
   <trkpt lat="-26.2258680" lon="-51.0346940">
    <ele>776.0</ele>
   </trkpt>
   <trkpt lat="-26.2260480" lon="-51.0344050">
    <ele>776.6</ele>
   </trkpt>
   <trkpt lat="-26.2260850" lon="-51.0343430">
    <ele>777.4</ele>
   </trkpt>
   <trkpt lat="-26.2262010" lon="-51.0341540">
    <ele>777.6</ele>
   </trkpt>
   <trkpt lat="-26.2263560" lon="-51.0338840">
    <ele>777.2</ele>
   </trkpt>
   <trkpt lat="-26.2263930" lon="-51.0338150">
    <ele>777.2</ele>
   </trkpt>
   <trkpt lat="-26.2264900" lon="-51.0336020">
    <ele>776.8</ele>
   </trkpt>
   <trkpt lat="-26.2265360" lon="-51.0334540">
    <ele>776.6</ele>
   </trkpt>
   <trkpt lat="-26.2265560" lon="-51.0333800">
    <ele>776.4</ele>
   </trkpt>
   <trkpt lat="-26.2265930" lon="-51.0332320">
    <ele>773.6</ele>
   </trkpt>
   <trkpt lat="-26.2266250" lon="-51.0330820">
    <ele>773.6</ele>
   </trkpt>
   <trkpt lat="-26.2266330" lon="-51.0330070">
    <ele>773.6</ele>
   </trkpt>
   <trkpt lat="-26.2266340" lon="-51.0329320">
    <ele>775.6</ele>
   </trkpt>
   <trkpt lat="-26.2266310" lon="-51.0328590">
    <ele>775.8</ele>
   </trkpt>
   <trkpt lat="-26.2266240" lon="-51.0327870">
    <ele>775.8</ele>
   </trkpt>
   <trkpt lat="-26.2266130" lon="-51.0327200">
    <ele>775.8</ele>
   </trkpt>
   <trkpt lat="-26.2266020" lon="-51.0326520">
    <ele>775.8</ele>
   </trkpt>
   <trkpt lat="-26.2265920" lon="-51.0325800">
    <ele>775.6</ele>
   </trkpt>
   <trkpt lat="-26.2265430" lon="-51.0323060">
    <ele>775.2</ele>
   </trkpt>
   <trkpt lat="-26.2264830" lon="-51.0320300">
    <ele>774.6</ele>
   </trkpt>
   <trkpt lat="-26.2263770" lon="-51.0315980">
    <ele>774.2</ele>
   </trkpt>
   <trkpt lat="-26.2263590" lon="-51.0315250">
    <ele>774.2</ele>
   </trkpt>
   <trkpt lat="-26.2263190" lon="-51.0312280">
    <ele>771.2</ele>
   </trkpt>
   <trkpt lat="-26.2263150" lon="-51.0310800">
    <ele>771.0</ele>
   </trkpt>
   <trkpt lat="-26.2263440" lon="-51.0307740">
    <ele>771.0</ele>
   </trkpt>
   <trkpt lat="-26.2263790" lon="-51.0306360">
    <ele>771.0</ele>
   </trkpt>
   <trkpt lat="-26.2263950" lon="-51.0305670">
    <ele>771.2</ele>
   </trkpt>
   <trkpt lat="-26.2264090" lon="-51.0304980">
    <ele>771.4</ele>
   </trkpt>
   <trkpt lat="-26.2264160" lon="-51.0304270">
    <ele>771.4</ele>
   </trkpt>
   <trkpt lat="-26.2264050" lon="-51.0302900">
    <ele>771.8</ele>
   </trkpt>
   <trkpt lat="-26.2263890" lon="-51.0302260">
    <ele>772.4</ele>
   </trkpt>
   <trkpt lat="-26.2263670" lon="-51.0301640">
    <ele>772.8</ele>
   </trkpt>
   <trkpt lat="-26.2263060" lon="-51.0300460">
    <ele>773.2</ele>
   </trkpt>
   <trkpt lat="-26.2262740" lon="-51.0299870">
    <ele>773.8</ele>
   </trkpt>
   <trkpt lat="-26.2262530" lon="-51.0299260">
    <ele>774.4</ele>
   </trkpt>
   <trkpt lat="-26.2262500" lon="-51.0298640">
    <ele>775.4</ele>
   </trkpt>
   <trkpt lat="-26.2262580" lon="-51.0297980">
    <ele>775.6</ele>
   </trkpt>
   <trkpt lat="-26.2262730" lon="-51.0297340">
    <ele>775.8</ele>
   </trkpt>
   <trkpt lat="-26.2262900" lon="-51.0296720">
    <ele>776.4</ele>
   </trkpt>
   <trkpt lat="-26.2263080" lon="-51.0296090">
    <ele>776.8</ele>
   </trkpt>
   <trkpt lat="-26.2263250" lon="-51.0295450">
    <ele>777.2</ele>
   </trkpt>
   <trkpt lat="-26.2263370" lon="-51.0294820">
    <ele>777.6</ele>
   </trkpt>
   <trkpt lat="-26.2263410" lon="-51.0294180">
    <ele>778.0</ele>
   </trkpt>
   <trkpt lat="-26.2263430" lon="-51.0293540">
    <ele>778.2</ele>
   </trkpt>
   <trkpt lat="-26.2263540" lon="-51.0292920">
    <ele>778.2</ele>
   </trkpt>
   <trkpt lat="-26.2263730" lon="-51.0292300">
    <ele>778.2</ele>
   </trkpt>
   <trkpt lat="-26.2263960" lon="-51.0291680">
    <ele>778.2</ele>
   </trkpt>
   <trkpt lat="-26.2264190" lon="-51.0291030">
    <ele>778.0</ele>
   </trkpt>
   <trkpt lat="-26.2264400" lon="-51.0290370">
    <ele>777.8</ele>
   </trkpt>
   <trkpt lat="-26.2264610" lon="-51.0289690">
    <ele>777.6</ele>
   </trkpt>
   <trkpt lat="-26.2264850" lon="-51.0289000">
    <ele>777.2</ele>
   </trkpt>
   <trkpt lat="-26.2265070" lon="-51.0288280">
    <ele>777.0</ele>
   </trkpt>
   <trkpt lat="-26.2265300" lon="-51.0287550">
    <ele>776.6</ele>
   </trkpt>
   <trkpt lat="-26.2265520" lon="-51.0286790">
    <ele>776.2</ele>
   </trkpt>
   <trkpt lat="-26.2265750" lon="-51.0286050">
    <ele>776.0</ele>
   </trkpt>
   <trkpt lat="-26.2266000" lon="-51.0285290">
    <ele>775.6</ele>
   </trkpt>
   <trkpt lat="-26.2266250" lon="-51.0284520">
    <ele>775.4</ele>
   </trkpt>
   <trkpt lat="-26.2266510" lon="-51.0283750">
    <ele>775.2</ele>
   </trkpt>
   <trkpt lat="-26.2268340" lon="-51.0277980">
    <ele>775.4</ele>
   </trkpt>
   <trkpt lat="-26.2269750" lon="-51.0273390">
    <ele>774.4</ele>
   </trkpt>
   <trkpt lat="-26.2270800" lon="-51.0270410">
    <ele>774.6</ele>
   </trkpt>
   <trkpt lat="-26.2271050" lon="-51.0269660">
    <ele>776.6</ele>
   </trkpt>
   <trkpt lat="-26.2271550" lon="-51.0268210">
    <ele>777.4</ele>
   </trkpt>
   <trkpt lat="-26.2271810" lon="-51.0267520">
    <ele>777.4</ele>
   </trkpt>
   <trkpt lat="-26.2272050" lon="-51.0266800">
    <ele>777.4</ele>
   </trkpt>
   <trkpt lat="-26.2272270" lon="-51.0266090">
    <ele>777.0</ele>
   </trkpt>
   <trkpt lat="-26.2272510" lon="-51.0265370">
    <ele>776.8</ele>
   </trkpt>
   <trkpt lat="-26.2272710" lon="-51.0264660">
    <ele>776.6</ele>
   </trkpt>
   <trkpt lat="-26.2272920" lon="-51.0263970">
    <ele>776.2</ele>
   </trkpt>
   <trkpt lat="-26.2273140" lon="-51.0263270">
    <ele>775.8</ele>
   </trkpt>
   <trkpt lat="-26.2273330" lon="-51.0262570">
    <ele>775.8</ele>
   </trkpt>
   <trkpt lat="-26.2273520" lon="-51.0261880">
    <ele>775.8</ele>
   </trkpt>
   <trkpt lat="-26.2273660" lon="-51.0261150">
    <ele>775.8</ele>
   </trkpt>
   <trkpt lat="-26.2273920" lon="-51.0259660">
    <ele>776.4</ele>
   </trkpt>
   <trkpt lat="-26.2274080" lon="-51.0258190">
    <ele>777.2</ele>
   </trkpt>
   <trkpt lat="-26.2274050" lon="-51.0255230">
    <ele>776.8</ele>
   </trkpt>
   <trkpt lat="-26.2273890" lon="-51.0253000">
    <ele>776.6</ele>
   </trkpt>
   <trkpt lat="-26.2273750" lon="-51.0250690">
    <ele>776.0</ele>
   </trkpt>
   <trkpt lat="-26.2273520" lon="-51.0247530">
    <ele>776.0</ele>
   </trkpt>
   <trkpt lat="-26.2273740" lon="-51.0245970">
    <ele>775.8</ele>
   </trkpt>
   <trkpt lat="-26.2274420" lon="-51.0243650">
    <ele>775.2</ele>
   </trkpt>
   <trkpt lat="-26.2274830" lon="-51.0241990">
    <ele>773.6</ele>
   </trkpt>
   <trkpt lat="-26.2275010" lon="-51.0241160">
    <ele>772.6</ele>
   </trkpt>
   <trkpt lat="-26.2275180" lon="-51.0240320">
    <ele>770.8</ele>
   </trkpt>
   <trkpt lat="-26.2275360" lon="-51.0236740">
    <ele>772.4</ele>
   </trkpt>
   <trkpt lat="-26.2275260" lon="-51.0235860">
    <ele>773.0</ele>
   </trkpt>
   <trkpt lat="-26.2275100" lon="-51.0235030">
    <ele>773.0</ele>
   </trkpt>
   <trkpt lat="-26.2274190" lon="-51.0231480">
    <ele>772.4</ele>
   </trkpt>
   <trkpt lat="-26.2273190" lon="-51.0227870">
    <ele>771.4</ele>
   </trkpt>
   <trkpt lat="-26.2273050" lon="-51.0226950">
    <ele>771.2</ele>
   </trkpt>
   <trkpt lat="-26.2273000" lon="-51.0225110">
    <ele>770.8</ele>
   </trkpt>
   <trkpt lat="-26.2273290" lon="-51.0223330">
    <ele>770.4</ele>
   </trkpt>
   <trkpt lat="-26.2273530" lon="-51.0222510">
    <ele>770.4</ele>
   </trkpt>
   <trkpt lat="-26.2273840" lon="-51.0221730">
    <ele>770.4</ele>
   </trkpt>
   <trkpt lat="-26.2274220" lon="-51.0220910">
    <ele>770.2</ele>
   </trkpt>
   <trkpt lat="-26.2274660" lon="-51.0220140">
    <ele>770.0</ele>
   </trkpt>
   <trkpt lat="-26.2275180" lon="-51.0219420">
    <ele>769.8</ele>
   </trkpt>
   <trkpt lat="-26.2275660" lon="-51.0218700">
    <ele>769.6</ele>
   </trkpt>
   <trkpt lat="-26.2276170" lon="-51.0218020">
    <ele>769.6</ele>
   </trkpt>
   <trkpt lat="-26.2276670" lon="-51.0217360">
    <ele>769.4</ele>
   </trkpt>
   <trkpt lat="-26.2277660" lon="-51.0216070">
    <ele>769.2</ele>
   </trkpt>
   <trkpt lat="-26.2278110" lon="-51.0215440">
    <ele>769.0</ele>
   </trkpt>
   <trkpt lat="-26.2279100" lon="-51.0214210">
    <ele>768.6</ele>
   </trkpt>
   <trkpt lat="-26.2279550" lon="-51.0213530">
    <ele>766.0</ele>
   </trkpt>
   <trkpt lat="-26.2279970" lon="-51.0212810">
    <ele>765.4</ele>
   </trkpt>
   <trkpt lat="-26.2281130" lon="-51.0209830">
    <ele>765.2</ele>
   </trkpt>
   <trkpt lat="-26.2281670" lon="-51.0205050">
    <ele>765.0</ele>
   </trkpt>
   <trkpt lat="-26.2281150" lon="-51.0201040">
    <ele>764.8</ele>
   </trkpt>
   <trkpt lat="-26.2279510" lon="-51.0197470">
    <ele>764.4</ele>
   </trkpt>
   <trkpt lat="-26.2276530" lon="-51.0192130">
    <ele>764.0</ele>
   </trkpt>
   <trkpt lat="-26.2276170" lon="-51.0191470">
    <ele>764.2</ele>
   </trkpt>
   <trkpt lat="-26.2275810" lon="-51.0190820">
    <ele>764.2</ele>
   </trkpt>
   <trkpt lat="-26.2275440" lon="-51.0190160">
    <ele>764.2</ele>
   </trkpt>
   <trkpt lat="-26.2273390" lon="-51.0187000">
    <ele>763.8</ele>
   </trkpt>
   <trkpt lat="-26.2271710" lon="-51.0185080">
    <ele>762.8</ele>
   </trkpt>
   <trkpt lat="-26.2270500" lon="-51.0183850">
    <ele>761.6</ele>
   </trkpt>
   <trkpt lat="-26.2266250" lon="-51.0179890">
    <ele>760.8</ele>
   </trkpt>
   <trkpt lat="-26.2265640" lon="-51.0179410">
    <ele>760.8</ele>
   </trkpt>
   <trkpt lat="-26.2265050" lon="-51.0178940">
    <ele>761.0</ele>
   </trkpt>
   <trkpt lat="-26.2264510" lon="-51.0178450">
    <ele>761.2</ele>
   </trkpt>
   <trkpt lat="-26.2264000" lon="-51.0177920">
    <ele>761.4</ele>
   </trkpt>
   <trkpt lat="-26.2263520" lon="-51.0177390">
    <ele>761.6</ele>
   </trkpt>
   <trkpt lat="-26.2263080" lon="-51.0176840">
    <ele>761.8</ele>
   </trkpt>
   <trkpt lat="-26.2262690" lon="-51.0176280">
    <ele>762.4</ele>
   </trkpt>
   <trkpt lat="-26.2262340" lon="-51.0175710">
    <ele>763.0</ele>
   </trkpt>
   <trkpt lat="-26.2262010" lon="-51.0175150">
    <ele>763.6</ele>
   </trkpt>
   <trkpt lat="-26.2261780" lon="-51.0174580">
    <ele>764.2</ele>
   </trkpt>
   <trkpt lat="-26.2261590" lon="-51.0174020">
    <ele>764.8</ele>
   </trkpt>
   <trkpt lat="-26.2261370" lon="-51.0173450">
    <ele>765.4</ele>
   </trkpt>
   <trkpt lat="-26.2261180" lon="-51.0172830">
    <ele>765.4</ele>
   </trkpt>
   <trkpt lat="-26.2260940" lon="-51.0169940">
    <ele>765.2</ele>
   </trkpt>
   <trkpt lat="-26.2261010" lon="-51.0169100">
    <ele>765.2</ele>
   </trkpt>
   <trkpt lat="-26.2261240" lon="-51.0168280">
    <ele>765.2</ele>
   </trkpt>
   <trkpt lat="-26.2261600" lon="-51.0167500">
    <ele>766.8</ele>
   </trkpt>
   <trkpt lat="-26.2262090" lon="-51.0166790">
    <ele>766.8</ele>
   </trkpt>
   <trkpt lat="-26.2262680" lon="-51.0166150">
    <ele>766.8</ele>
   </trkpt>
   <trkpt lat="-26.2263330" lon="-51.0165600">
    <ele>766.8</ele>
   </trkpt>
   <trkpt lat="-26.2264040" lon="-51.0165160">
    <ele>765.0</ele>
   </trkpt>
   <trkpt lat="-26.2264750" lon="-51.0164740">
    <ele>762.6</ele>
   </trkpt>
   <trkpt lat="-26.2265480" lon="-51.0164380">
    <ele>762.4</ele>
   </trkpt>
   <trkpt lat="-26.2266210" lon="-51.0164000">
    <ele>762.2</ele>
   </trkpt>
   <trkpt lat="-26.2266950" lon="-51.0163620">
    <ele>762.4</ele>
   </trkpt>
   <trkpt lat="-26.2267690" lon="-51.0163230">
    <ele>762.4</ele>
   </trkpt>
   <trkpt lat="-26.2269960" lon="-51.0162250">
    <ele>762.4</ele>
   </trkpt>
   <trkpt lat="-26.2272220" lon="-51.0161830">
    <ele>762.6</ele>
   </trkpt>
   <trkpt lat="-26.2272970" lon="-51.0161770">
    <ele>762.8</ele>
   </trkpt>
   <trkpt lat="-26.2274450" lon="-51.0161720">
    <ele>763.4</ele>
   </trkpt>
   <trkpt lat="-26.2275180" lon="-51.0161670">
    <ele>764.2</ele>
   </trkpt>
   <trkpt lat="-26.2275890" lon="-51.0161620">
    <ele>765.0</ele>
   </trkpt>
   <trkpt lat="-26.2276550" lon="-51.0161520">
    <ele>765.2</ele>
   </trkpt>
   <trkpt lat="-26.2277150" lon="-51.0161380">
    <ele>765.8</ele>
   </trkpt>
   <trkpt lat="-26.2277740" lon="-51.0161240">
    <ele>766.0</ele>
   </trkpt>
   <trkpt lat="-26.2278340" lon="-51.0161090">
    <ele>766.4</ele>
   </trkpt>
   <trkpt lat="-26.2279560" lon="-51.0160550">
    <ele>768.4</ele>
   </trkpt>
   <trkpt lat="-26.2280200" lon="-51.0160220">
    <ele>768.8</ele>
   </trkpt>
   <trkpt lat="-26.2280830" lon="-51.0159860">
    <ele>768.8</ele>
   </trkpt>
   <trkpt lat="-26.2281440" lon="-51.0159460">
    <ele>768.8</ele>
   </trkpt>
   <trkpt lat="-26.2282030" lon="-51.0159030">
    <ele>768.6</ele>
   </trkpt>
   <trkpt lat="-26.2282620" lon="-51.0158550">
    <ele>768.4</ele>
   </trkpt>
   <trkpt lat="-26.2283200" lon="-51.0158060">
    <ele>768.0</ele>
   </trkpt>
   <trkpt lat="-26.2283750" lon="-51.0157520">
    <ele>768.0</ele>
   </trkpt>
   <trkpt lat="-26.2284310" lon="-51.0156970">
    <ele>767.8</ele>
   </trkpt>
   <trkpt lat="-26.2284850" lon="-51.0156390">
    <ele>767.8</ele>
   </trkpt>
   <trkpt lat="-26.2285350" lon="-51.0155780">
    <ele>767.6</ele>
   </trkpt>
   <trkpt lat="-26.2285800" lon="-51.0155110">
    <ele>767.6</ele>
   </trkpt>
   <trkpt lat="-26.2286190" lon="-51.0154440">
    <ele>766.8</ele>
   </trkpt>
   <trkpt lat="-26.2286600" lon="-51.0153780">
    <ele>766.2</ele>
   </trkpt>
   <trkpt lat="-26.2286990" lon="-51.0153070">
    <ele>765.6</ele>
   </trkpt>
   <trkpt lat="-26.2287370" lon="-51.0152330">
    <ele>765.4</ele>
   </trkpt>
   <trkpt lat="-26.2287690" lon="-51.0151580">
    <ele>764.8</ele>
   </trkpt>
   <trkpt lat="-26.2287920" lon="-51.0150830">
    <ele>764.6</ele>
   </trkpt>
   <trkpt lat="-26.2288290" lon="-51.0149260">
    <ele>764.4</ele>
   </trkpt>
   <trkpt lat="-26.2288420" lon="-51.0148470">
    <ele>764.4</ele>
   </trkpt>
   <trkpt lat="-26.2288560" lon="-51.0146870">
    <ele>764.2</ele>
   </trkpt>
   <trkpt lat="-26.2288520" lon="-51.0145290">
    <ele>764.2</ele>
   </trkpt>
   <trkpt lat="-26.2288450" lon="-51.0143720">
    <ele>764.6</ele>
   </trkpt>
   <trkpt lat="-26.2288410" lon="-51.0142960">
    <ele>766.0</ele>
   </trkpt>
   <trkpt lat="-26.2288110" lon="-51.0138170">
    <ele>766.6</ele>
   </trkpt>
   <trkpt lat="-26.2287790" lon="-51.0132170">
    <ele>766.6</ele>
   </trkpt>
   <trkpt lat="-26.2287730" lon="-51.0131220">
    <ele>766.6</ele>
   </trkpt>
   <trkpt lat="-26.2287630" lon="-51.0129330">
    <ele>766.4</ele>
   </trkpt>
   <trkpt lat="-26.2287540" lon="-51.0128400">
    <ele>766.2</ele>
   </trkpt>
   <trkpt lat="-26.2287220" lon="-51.0124890">
    <ele>765.6</ele>
   </trkpt>
   <trkpt lat="-26.2287150" lon="-51.0124030">
    <ele>765.8</ele>
   </trkpt>
   <trkpt lat="-26.2287110" lon="-51.0123180">
    <ele>766.0</ele>
   </trkpt>
   <trkpt lat="-26.2287090" lon="-51.0122350">
    <ele>766.2</ele>
   </trkpt>
   <trkpt lat="-26.2287120" lon="-51.0121570">
    <ele>766.6</ele>
   </trkpt>
   <trkpt lat="-26.2287110" lon="-51.0120790">
    <ele>767.0</ele>
   </trkpt>
   <trkpt lat="-26.2287090" lon="-51.0120030">
    <ele>767.0</ele>
   </trkpt>
   <trkpt lat="-26.2287060" lon="-51.0119270">
    <ele>767.2</ele>
   </trkpt>
   <trkpt lat="-26.2287010" lon="-51.0118500">
    <ele>767.2</ele>
   </trkpt>
   <trkpt lat="-26.2286740" lon="-51.0114590">
    <ele>767.4</ele>
   </trkpt>
   <trkpt lat="-26.2286440" lon="-51.0108920">
    <ele>767.8</ele>
   </trkpt>
   <trkpt lat="-26.2286390" lon="-51.0108100">
    <ele>767.6</ele>
   </trkpt>
   <trkpt lat="-26.2286100" lon="-51.0105600">
    <ele>765.4</ele>
   </trkpt>
   <trkpt lat="-26.2286090" lon="-51.0104690">
    <ele>765.2</ele>
   </trkpt>
   <trkpt lat="-26.2286150" lon="-51.0101990">
    <ele>764.4</ele>
   </trkpt>
   <trkpt lat="-26.2286090" lon="-51.0101150">
    <ele>764.2</ele>
   </trkpt>
   <trkpt lat="-26.2286010" lon="-51.0100310">
    <ele>764.4</ele>
   </trkpt>
   <trkpt lat="-26.2285920" lon="-51.0097770">
    <ele>763.8</ele>
   </trkpt>
   <trkpt lat="-26.2285820" lon="-51.0096160">
    <ele>764.8</ele>
   </trkpt>
   <trkpt lat="-26.2285790" lon="-51.0095360">
    <ele>765.0</ele>
   </trkpt>
   <trkpt lat="-26.2285750" lon="-51.0094570">
    <ele>765.2</ele>
   </trkpt>
   <trkpt lat="-26.2285700" lon="-51.0093760">
    <ele>765.4</ele>
   </trkpt>
   <trkpt lat="-26.2285630" lon="-51.0092940">
    <ele>765.4</ele>
   </trkpt>
   <trkpt lat="-26.2285430" lon="-51.0089740">
    <ele>765.8</ele>
   </trkpt>
   <trkpt lat="-26.2285380" lon="-51.0088950">
    <ele>765.8</ele>
   </trkpt>
   <trkpt lat="-26.2285300" lon="-51.0088160">
    <ele>765.6</ele>
   </trkpt>
   <trkpt lat="-26.2285250" lon="-51.0087390">
    <ele>765.6</ele>
   </trkpt>
   <trkpt lat="-26.2285150" lon="-51.0085980">
    <ele>762.6</ele>
   </trkpt>
   <trkpt lat="-26.2285130" lon="-51.0085410">
    <ele>762.6</ele>
   </trkpt>
   <trkpt lat="-26.2285120" lon="-51.0085020">
    <ele>762.6</ele>
   </trkpt>
   <trkpt lat="-26.2285090" lon="-51.0084650">
    <ele>762.6</ele>
   </trkpt>
   <trkpt lat="-26.2285050" lon="-51.0084320">
    <ele>763.0</ele>
   </trkpt>
   <trkpt lat="-26.2285020" lon="-51.0084050">
    <ele>763.2</ele>
   </trkpt>
   <trkpt lat="-26.2284990" lon="-51.0083830">
    <ele>763.4</ele>
   </trkpt>
   <trkpt lat="-26.2284950" lon="-51.0083640">
    <ele>763.4</ele>
   </trkpt>
   <trkpt lat="-26.2284950" lon="-51.0083410">
    <ele>763.4</ele>
   </trkpt>
   <trkpt lat="-26.2284940" lon="-51.0083140">
    <ele>763.2</ele>
   </trkpt>
   <trkpt lat="-26.2284800" lon="-51.0081480">
    <ele>763.0</ele>
   </trkpt>
   <trkpt lat="-26.2284740" lon="-51.0080760">
    <ele>762.8</ele>
   </trkpt>
   <trkpt lat="-26.2284730" lon="-51.0079610">
    <ele>762.8</ele>
   </trkpt>
   <trkpt lat="-26.2284660" lon="-51.0077960">
    <ele>763.4</ele>
   </trkpt>
   <trkpt lat="-26.2284650" lon="-51.0077520">
    <ele>764.8</ele>
   </trkpt>
   <trkpt lat="-26.2284470" lon="-51.0076060">
    <ele>765.4</ele>
   </trkpt>
   <trkpt lat="-26.2284380" lon="-51.0075530">
    <ele>765.2</ele>
   </trkpt>
   <trkpt lat="-26.2284260" lon="-51.0074040">
    <ele>764.6</ele>
   </trkpt>
   <trkpt lat="-26.2284300" lon="-51.0072980">
    <ele>764.6</ele>
   </trkpt>
   <trkpt lat="-26.2284230" lon="-51.0072430">
    <ele>765.2</ele>
   </trkpt>
   <trkpt lat="-26.2284130" lon="-51.0071890">
    <ele>766.4</ele>
   </trkpt>
   <trkpt lat="-26.2283950" lon="-51.0069670">
    <ele>767.0</ele>
   </trkpt>
   <trkpt lat="-26.2283910" lon="-51.0069090">
    <ele>767.0</ele>
   </trkpt>
   <trkpt lat="-26.2283890" lon="-51.0068510">
    <ele>767.0</ele>
   </trkpt>
   <trkpt lat="-26.2283840" lon="-51.0067930">
    <ele>767.2</ele>
   </trkpt>
   <trkpt lat="-26.2283760" lon="-51.0067350">
    <ele>767.4</ele>
   </trkpt>
   <trkpt lat="-26.2283710" lon="-51.0066740">
    <ele>767.4</ele>
   </trkpt>
   <trkpt lat="-26.2283710" lon="-51.0066110">
    <ele>767.4</ele>
   </trkpt>
   <trkpt lat="-26.2283680" lon="-51.0065500">
    <ele>767.6</ele>
   </trkpt>
   <trkpt lat="-26.2283600" lon="-51.0064850">
    <ele>767.6</ele>
   </trkpt>
   <trkpt lat="-26.2283540" lon="-51.0064200">
    <ele>767.6</ele>
   </trkpt>
   <trkpt lat="-26.2283450" lon="-51.0063550">
    <ele>767.8</ele>
   </trkpt>
   <trkpt lat="-26.2283410" lon="-51.0062850">
    <ele>767.8</ele>
   </trkpt>
   <trkpt lat="-26.2283400" lon="-51.0062200">
    <ele>768.0</ele>
   </trkpt>
   <trkpt lat="-26.2283380" lon="-51.0061540">
    <ele>768.0</ele>
   </trkpt>
   <trkpt lat="-26.2283310" lon="-51.0060880">
    <ele>768.0</ele>
   </trkpt>
   <trkpt lat="-26.2283240" lon="-51.0060180">
    <ele>768.0</ele>
   </trkpt>
   <trkpt lat="-26.2283210" lon="-51.0059490">
    <ele>768.2</ele>
   </trkpt>
   <trkpt lat="-26.2283170" lon="-51.0058780">
    <ele>768.2</ele>
   </trkpt>
   <trkpt lat="-26.2283150" lon="-51.0058070">
    <ele>768.2</ele>
   </trkpt>
   <trkpt lat="-26.2283140" lon="-51.0057320">
    <ele>768.2</ele>
   </trkpt>
   <trkpt lat="-26.2283130" lon="-51.0056550">
    <ele>768.2</ele>
   </trkpt>
   <trkpt lat="-26.2283090" lon="-51.0055740">
    <ele>768.2</ele>
   </trkpt>
   <trkpt lat="-26.2283010" lon="-51.0054900">
    <ele>768.0</ele>
   </trkpt>
   <trkpt lat="-26.2282900" lon="-51.0050460">
    <ele>767.0</ele>
   </trkpt>
   <trkpt lat="-26.2282780" lon="-51.0048610">
    <ele>766.8</ele>
   </trkpt>
   <trkpt lat="-26.2282370" lon="-51.0043970">
    <ele>766.6</ele>
   </trkpt>
   <trkpt lat="-26.2282380" lon="-51.0043080">
    <ele>766.4</ele>
   </trkpt>
   <trkpt lat="-26.2282290" lon="-51.0040460">
    <ele>765.6</ele>
   </trkpt>
   <trkpt lat="-26.2282230" lon="-51.0039560">
    <ele>765.4</ele>
   </trkpt>
   <trkpt lat="-26.2282170" lon="-51.0038670">
    <ele>765.4</ele>
   </trkpt>
   <trkpt lat="-26.2282040" lon="-51.0036900">
    <ele>765.0</ele>
   </trkpt>
   <trkpt lat="-26.2281970" lon="-51.0036000">
    <ele>765.0</ele>
   </trkpt>
   <trkpt lat="-26.2281940" lon="-51.0035130">
    <ele>765.0</ele>
   </trkpt>
   <trkpt lat="-26.2281960" lon="-51.0033410">
    <ele>764.8</ele>
   </trkpt>
   <trkpt lat="-26.2281960" lon="-51.0032530">
    <ele>764.4</ele>
   </trkpt>
   <trkpt lat="-26.2281930" lon="-51.0031680">
    <ele>764.0</ele>
   </trkpt>
   <trkpt lat="-26.2281940" lon="-51.0030830">
    <ele>764.0</ele>
   </trkpt>
   <trkpt lat="-26.2281890" lon="-51.0029120">
    <ele>764.0</ele>
   </trkpt>
   <trkpt lat="-26.2281850" lon="-51.0028300">
    <ele>764.0</ele>
   </trkpt>
   <trkpt lat="-26.2281850" lon="-51.0027480">
    <ele>764.2</ele>
   </trkpt>
   <trkpt lat="-26.2282210" lon="-51.0024010">
    <ele>763.8</ele>
   </trkpt>
   <trkpt lat="-26.2283140" lon="-51.0021350">
    <ele>763.0</ele>
   </trkpt>
   <trkpt lat="-26.2283990" lon="-51.0019580">
    <ele>761.6</ele>
   </trkpt>
   <trkpt lat="-26.2284900" lon="-51.0017810">
    <ele>761.6</ele>
   </trkpt>
   <trkpt lat="-26.2285830" lon="-51.0016090">
    <ele>762.8</ele>
   </trkpt>
   <trkpt lat="-26.2286640" lon="-51.0014460">
    <ele>763.2</ele>
   </trkpt>
   <trkpt lat="-26.2287040" lon="-51.0013680">
    <ele>763.4</ele>
   </trkpt>
   <trkpt lat="-26.2287480" lon="-51.0012920">
    <ele>763.4</ele>
   </trkpt>
   <trkpt lat="-26.2287910" lon="-51.0012150">
    <ele>763.4</ele>
   </trkpt>
   <trkpt lat="-26.2288250" lon="-51.0011360">
    <ele>763.4</ele>
   </trkpt>
   <trkpt lat="-26.2288600" lon="-51.0010550">
    <ele>763.4</ele>
   </trkpt>
   <trkpt lat="-26.2289490" lon="-51.0007830">
    <ele>761.0</ele>
   </trkpt>
   <trkpt lat="-26.2289720" lon="-51.0006820">
    <ele>760.4</ele>
   </trkpt>
   <trkpt lat="-26.2290090" lon="-51.0004760">
    <ele>759.8</ele>
   </trkpt>
   <trkpt lat="-26.2290200" lon="-51.0003910">
    <ele>759.6</ele>
   </trkpt>
   <trkpt lat="-26.2290350" lon="-51.0002650">
    <ele>758.2</ele>
   </trkpt>
   <trkpt lat="-26.2290460" lon="-51.0001620">
    <ele>756.2</ele>
   </trkpt>
   <trkpt lat="-26.2290610" lon="-50.9999440">
    <ele>754.4</ele>
   </trkpt>
   <trkpt lat="-26.2290490" lon="-50.9997180">
    <ele>753.6</ele>
   </trkpt>
   <trkpt lat="-26.2290320" lon="-50.9996080">
    <ele>753.4</ele>
   </trkpt>
   <trkpt lat="-26.2290120" lon="-50.9995000">
    <ele>753.2</ele>
   </trkpt>
   <trkpt lat="-26.2288880" lon="-50.9988910">
    <ele>753.2</ele>
   </trkpt>
   <trkpt lat="-26.2288720" lon="-50.9987970">
    <ele>753.4</ele>
   </trkpt>
   <trkpt lat="-26.2288520" lon="-50.9987030">
    <ele>753.6</ele>
   </trkpt>
   <trkpt lat="-26.2288310" lon="-50.9986110">
    <ele>754.8</ele>
   </trkpt>
   <trkpt lat="-26.2288040" lon="-50.9985170">
    <ele>756.6</ele>
   </trkpt>
   <trkpt lat="-26.2287680" lon="-50.9984260">
    <ele>757.8</ele>
   </trkpt>
   <trkpt lat="-26.2286810" lon="-50.9982640">
    <ele>758.8</ele>
   </trkpt>
   <trkpt lat="-26.2286300" lon="-50.9981900">
    <ele>758.8</ele>
   </trkpt>
   <trkpt lat="-26.2285780" lon="-50.9981170">
    <ele>759.0</ele>
   </trkpt>
   <trkpt lat="-26.2285260" lon="-50.9980460">
    <ele>759.0</ele>
   </trkpt>
   <trkpt lat="-26.2284710" lon="-50.9979780">
    <ele>759.4</ele>
   </trkpt>
   <trkpt lat="-26.2284140" lon="-50.9979120">
    <ele>759.4</ele>
   </trkpt>
   <trkpt lat="-26.2283550" lon="-50.9978500">
    <ele>759.6</ele>
   </trkpt>
   <trkpt lat="-26.2282970" lon="-50.9977850">
    <ele>759.8</ele>
   </trkpt>
   <trkpt lat="-26.2282440" lon="-50.9977240">
    <ele>760.0</ele>
   </trkpt>
   <trkpt lat="-26.2281940" lon="-50.9976640">
    <ele>760.2</ele>
   </trkpt>
   <trkpt lat="-26.2281440" lon="-50.9976090">
    <ele>760.4</ele>
   </trkpt>
   <trkpt lat="-26.2281000" lon="-50.9975560">
    <ele>760.6</ele>
   </trkpt>
   <trkpt lat="-26.2280550" lon="-50.9975030">
    <ele>761.0</ele>
   </trkpt>
   <trkpt lat="-26.2280100" lon="-50.9974500">
    <ele>761.0</ele>
   </trkpt>
   <trkpt lat="-26.2279650" lon="-50.9973980">
    <ele>761.0</ele>
   </trkpt>
   <trkpt lat="-26.2279210" lon="-50.9973440">
    <ele>761.6</ele>
   </trkpt>
   <trkpt lat="-26.2278790" lon="-50.9972930">
    <ele>761.8</ele>
   </trkpt>
   <trkpt lat="-26.2278360" lon="-50.9972440">
    <ele>762.2</ele>
   </trkpt>
   <trkpt lat="-26.2277970" lon="-50.9971930">
    <ele>762.4</ele>
   </trkpt>
   <trkpt lat="-26.2277570" lon="-50.9971440">
    <ele>762.6</ele>
   </trkpt>
   <trkpt lat="-26.2277150" lon="-50.9970950">
    <ele>762.8</ele>
   </trkpt>
   <trkpt lat="-26.2276770" lon="-50.9970410">
    <ele>762.8</ele>
   </trkpt>
   <trkpt lat="-26.2276420" lon="-50.9969870">
    <ele>762.8</ele>
   </trkpt>
   <trkpt lat="-26.2276100" lon="-50.9969310">
    <ele>763.0</ele>
   </trkpt>
   <trkpt lat="-26.2275750" lon="-50.9968770">
    <ele>763.2</ele>
   </trkpt>
   <trkpt lat="-26.2275440" lon="-50.9968220">
    <ele>763.2</ele>
   </trkpt>
   <trkpt lat="-26.2275170" lon="-50.9967640">
    <ele>763.2</ele>
   </trkpt>
   <trkpt lat="-26.2274920" lon="-50.9967070">
    <ele>763.4</ele>
   </trkpt>
   <trkpt lat="-26.2274680" lon="-50.9966500">
    <ele>763.4</ele>
   </trkpt>
   <trkpt lat="-26.2274490" lon="-50.9965890">
    <ele>763.4</ele>
   </trkpt>
   <trkpt lat="-26.2274350" lon="-50.9965240">
    <ele>763.4</ele>
   </trkpt>
   <trkpt lat="-26.2274200" lon="-50.9964600">
    <ele>763.4</ele>
   </trkpt>
   <trkpt lat="-26.2274070" lon="-50.9963980">
    <ele>763.4</ele>
   </trkpt>
   <trkpt lat="-26.2273980" lon="-50.9963400">
    <ele>763.8</ele>
   </trkpt>
   <trkpt lat="-26.2273880" lon="-50.9962810">
    <ele>764.2</ele>
   </trkpt>
   <trkpt lat="-26.2273780" lon="-50.9962210">
    <ele>764.2</ele>
   </trkpt>
   <trkpt lat="-26.2273700" lon="-50.9961620">
    <ele>764.4</ele>
   </trkpt>
   <trkpt lat="-26.2273620" lon="-50.9961020">
    <ele>764.6</ele>
   </trkpt>
   <trkpt lat="-26.2273550" lon="-50.9960430">
    <ele>764.8</ele>
   </trkpt>
   <trkpt lat="-26.2273530" lon="-50.9959840">
    <ele>765.0</ele>
   </trkpt>
   <trkpt lat="-26.2273530" lon="-50.9959240">
    <ele>765.4</ele>
   </trkpt>
   <trkpt lat="-26.2273570" lon="-50.9958640">
    <ele>765.6</ele>
   </trkpt>
   <trkpt lat="-26.2273620" lon="-50.9958050">
    <ele>765.8</ele>
   </trkpt>
   <trkpt lat="-26.2273720" lon="-50.9957470">
    <ele>765.8</ele>
   </trkpt>
   <trkpt lat="-26.2273840" lon="-50.9956880">
    <ele>766.0</ele>
   </trkpt>
   <trkpt lat="-26.2274010" lon="-50.9956290">
    <ele>766.2</ele>
   </trkpt>
   <trkpt lat="-26.2274200" lon="-50.9955710">
    <ele>766.2</ele>
   </trkpt>
   <trkpt lat="-26.2274390" lon="-50.9955100">
    <ele>766.2</ele>
   </trkpt>
   <trkpt lat="-26.2274630" lon="-50.9954510">
    <ele>766.2</ele>
   </trkpt>
   <trkpt lat="-26.2274870" lon="-50.9953930">
    <ele>766.2</ele>
   </trkpt>
   <trkpt lat="-26.2275130" lon="-50.9953330">
    <ele>766.2</ele>
   </trkpt>
   <trkpt lat="-26.2275440" lon="-50.9952750">
    <ele>766.2</ele>
   </trkpt>
   <trkpt lat="-26.2275800" lon="-50.9952170">
    <ele>766.2</ele>
   </trkpt>
   <trkpt lat="-26.2276180" lon="-50.9951640">
    <ele>766.2</ele>
   </trkpt>
   <trkpt lat="-26.2276620" lon="-50.9951110">
    <ele>766.2</ele>
   </trkpt>
   <trkpt lat="-26.2277120" lon="-50.9950610">
    <ele>766.2</ele>
   </trkpt>
   <trkpt lat="-26.2277630" lon="-50.9950130">
    <ele>766.2</ele>
   </trkpt>
   <trkpt lat="-26.2278160" lon="-50.9949650">
    <ele>766.0</ele>
   </trkpt>
   <trkpt lat="-26.2278710" lon="-50.9949190">
    <ele>766.0</ele>
   </trkpt>
   <trkpt lat="-26.2279290" lon="-50.9948730">
    <ele>766.0</ele>
   </trkpt>
   <trkpt lat="-26.2282280" lon="-50.9946500">
    <ele>765.4</ele>
   </trkpt>
   <trkpt lat="-26.2287300" lon="-50.9942610">
    <ele>764.2</ele>
   </trkpt>
   <trkpt lat="-26.2287960" lon="-50.9942140">
    <ele>764.2</ele>
   </trkpt>
   <trkpt lat="-26.2290110" lon="-50.9940870">
    <ele>763.8</ele>
   </trkpt>
   <trkpt lat="-26.2291730" lon="-50.9940400">
    <ele>763.0</ele>
   </trkpt>
   <trkpt lat="-26.2295080" lon="-50.9940350">
    <ele>762.0</ele>
   </trkpt>
   <trkpt lat="-26.2297670" lon="-50.9940310">
    <ele>760.2</ele>
   </trkpt>
   <trkpt lat="-26.2300980" lon="-50.9939920">
    <ele>759.6</ele>
   </trkpt>
   <trkpt lat="-26.2302520" lon="-50.9939470">
    <ele>759.6</ele>
   </trkpt>
   <trkpt lat="-26.2303200" lon="-50.9939170">
    <ele>759.6</ele>
   </trkpt>
   <trkpt lat="-26.2303900" lon="-50.9938850">
    <ele>759.6</ele>
   </trkpt>
   <trkpt lat="-26.2304580" lon="-50.9938490">
    <ele>759.6</ele>
   </trkpt>
   <trkpt lat="-26.2305920" lon="-50.9937710">
    <ele>760.0</ele>
   </trkpt>
   <trkpt lat="-26.2306550" lon="-50.9937320">
    <ele>760.2</ele>
   </trkpt>
   <trkpt lat="-26.2307120" lon="-50.9936950">
    <ele>760.6</ele>
   </trkpt>
   <trkpt lat="-26.2307630" lon="-50.9936600">
    <ele>761.0</ele>
   </trkpt>
   <trkpt lat="-26.2308100" lon="-50.9936200">
    <ele>761.2</ele>
   </trkpt>
   <trkpt lat="-26.2308560" lon="-50.9935830">
    <ele>761.2</ele>
   </trkpt>
   <trkpt lat="-26.2308990" lon="-50.9935420">
    <ele>761.6</ele>
   </trkpt>
   <trkpt lat="-26.2309760" lon="-50.9934320">
    <ele>761.8</ele>
   </trkpt>
   <trkpt lat="-26.2310570" lon="-50.9933190">
    <ele>762.0</ele>
   </trkpt>
   <trkpt lat="-26.2310930" lon="-50.9932560">
    <ele>762.2</ele>
   </trkpt>
   <trkpt lat="-26.2311580" lon="-50.9931220">
    <ele>762.8</ele>
   </trkpt>
   <trkpt lat="-26.2313030" lon="-50.9927080">
    <ele>761.6</ele>
   </trkpt>
   <trkpt lat="-26.2313990" lon="-50.9923420">
    <ele>763.4</ele>
   </trkpt>
   <trkpt lat="-26.2314360" lon="-50.9921900">
    <ele>763.4</ele>
   </trkpt>
   <trkpt lat="-26.2314950" lon="-50.9918010">
    <ele>763.4</ele>
   </trkpt>
   <trkpt lat="-26.2314920" lon="-50.9917220">
    <ele>763.4</ele>
   </trkpt>
   <trkpt lat="-26.2314800" lon="-50.9916450">
    <ele>763.4</ele>
   </trkpt>
   <trkpt lat="-26.2314030" lon="-50.9914290">
    <ele>763.2</ele>
   </trkpt>
   <trkpt lat="-26.2312050" lon="-50.9911020">
    <ele>763.0</ele>
   </trkpt>
   <trkpt lat="-26.2309940" lon="-50.9908830">
    <ele>762.6</ele>
   </trkpt>
   <trkpt lat="-26.2309290" lon="-50.9908400">
    <ele>762.2</ele>
   </trkpt>
   <trkpt lat="-26.2308590" lon="-50.9908020">
    <ele>762.0</ele>
   </trkpt>
   <trkpt lat="-26.2307130" lon="-50.9907520">
    <ele>760.4</ele>
   </trkpt>
   <trkpt lat="-26.2306400" lon="-50.9907290">
    <ele>760.2</ele>
   </trkpt>
   <trkpt lat="-26.2304890" lon="-50.9906690">
    <ele>759.4</ele>
   </trkpt>
   <trkpt lat="-26.2304150" lon="-50.9906360">
    <ele>758.4</ele>
   </trkpt>
   <trkpt lat="-26.2301370" lon="-50.9905150">
    <ele>757.8</ele>
   </trkpt>
   <trkpt lat="-26.2296580" lon="-50.9902500">
    <ele>759.0</ele>
   </trkpt>
   <trkpt lat="-26.2295900" lon="-50.9902070">
    <ele>760.2</ele>
   </trkpt>
   <trkpt lat="-26.2292930" lon="-50.9899440">
    <ele>759.4</ele>
   </trkpt>
   <trkpt lat="-26.2291520" lon="-50.9897550">
    <ele>759.4</ele>
   </trkpt>
   <trkpt lat="-26.2291180" lon="-50.9896860">
    <ele>759.4</ele>
   </trkpt>
   <trkpt lat="-26.2290920" lon="-50.9896130">
    <ele>759.4</ele>
   </trkpt>
   <trkpt lat="-26.2290660" lon="-50.9895360">
    <ele>759.4</ele>
   </trkpt>
   <trkpt lat="-26.2290450" lon="-50.9894590">
    <ele>759.4</ele>
   </trkpt>
   <trkpt lat="-26.2290100" lon="-50.9892900">
    <ele>759.0</ele>
   </trkpt>
   <trkpt lat="-26.2290080" lon="-50.9891060">
    <ele>758.8</ele>
   </trkpt>
   <trkpt lat="-26.2290200" lon="-50.9890240">
    <ele>757.0</ele>
   </trkpt>
   <trkpt lat="-26.2290370" lon="-50.9889430">
    <ele>755.0</ele>
   </trkpt>
   <trkpt lat="-26.2290690" lon="-50.9887960">
    <ele>755.0</ele>
   </trkpt>
   <trkpt lat="-26.2290800" lon="-50.9887200">
    <ele>755.4</ele>
   </trkpt>
   <trkpt lat="-26.2290840" lon="-50.9886430">
    <ele>757.8</ele>
   </trkpt>
   <trkpt lat="-26.2290850" lon="-50.9884830">
    <ele>758.4</ele>
   </trkpt>
   <trkpt lat="-26.2290850" lon="-50.9883990">
    <ele>758.4</ele>
   </trkpt>
   <trkpt lat="-26.2290790" lon="-50.9880880">
    <ele>758.6</ele>
   </trkpt>
   <trkpt lat="-26.2290820" lon="-50.9880180">
    <ele>758.8</ele>
   </trkpt>
   <trkpt lat="-26.2290830" lon="-50.9879470">
    <ele>759.0</ele>
   </trkpt>
   <trkpt lat="-26.2290900" lon="-50.9878790">
    <ele>759.0</ele>
   </trkpt>
   <trkpt lat="-26.2290970" lon="-50.9878140">
    <ele>759.0</ele>
   </trkpt>
   <trkpt lat="-26.2291020" lon="-50.9877520">
    <ele>759.0</ele>
   </trkpt>
   <trkpt lat="-26.2291070" lon="-50.9876890">
    <ele>759.0</ele>
   </trkpt>
   <trkpt lat="-26.2291110" lon="-50.9876270">
    <ele>758.8</ele>
   </trkpt>
   <trkpt lat="-26.2291170" lon="-50.9875710">
    <ele>758.6</ele>
   </trkpt>
   <trkpt lat="-26.2291240" lon="-50.9875220">
    <ele>758.4</ele>
   </trkpt>
   <trkpt lat="-26.2291300" lon="-50.9874770">
    <ele>758.6</ele>
   </trkpt>
   <trkpt lat="-26.2291360" lon="-50.9874320">
    <ele>759.0</ele>
   </trkpt>
   <trkpt lat="-26.2291400" lon="-50.9873860">
    <ele>759.0</ele>
   </trkpt>
   <trkpt lat="-26.2291430" lon="-50.9873420">
    <ele>759.2</ele>
   </trkpt>
   <trkpt lat="-26.2291470" lon="-50.9872090">
    <ele>760.4</ele>
   </trkpt>
   <trkpt lat="-26.2291550" lon="-50.9871200">
    <ele>760.8</ele>
   </trkpt>
   <trkpt lat="-26.2291530" lon="-50.9870770">
    <ele>760.8</ele>
   </trkpt>
   <trkpt lat="-26.2291610" lon="-50.9869890">
    <ele>761.4</ele>
   </trkpt>
   <trkpt lat="-26.2291670" lon="-50.9869450">
    <ele>761.6</ele>
   </trkpt>
   <trkpt lat="-26.2291740" lon="-50.9869010">
    <ele>761.6</ele>
   </trkpt>
   <trkpt lat="-26.2291800" lon="-50.9868650">
    <ele>761.8</ele>
   </trkpt>
   <trkpt lat="-26.2291890" lon="-50.9868320">
    <ele>762.0</ele>
   </trkpt>
   <trkpt lat="-26.2291990" lon="-50.9868000">
    <ele>762.2</ele>
   </trkpt>
   <trkpt lat="-26.2292060" lon="-50.9867670">
    <ele>762.6</ele>
   </trkpt>
   <trkpt lat="-26.2292110" lon="-50.9867290">
    <ele>763.6</ele>
   </trkpt>
   <trkpt lat="-26.2292150" lon="-50.9866910">
    <ele>764.2</ele>
   </trkpt>
   <trkpt lat="-26.2292200" lon="-50.9866510">
    <ele>764.4</ele>
   </trkpt>
   <trkpt lat="-26.2292220" lon="-50.9866080">
    <ele>764.6</ele>
   </trkpt>
   <trkpt lat="-26.2292250" lon="-50.9865650">
    <ele>764.8</ele>
   </trkpt>
   <trkpt lat="-26.2292290" lon="-50.9865140">
    <ele>765.0</ele>
   </trkpt>
   <trkpt lat="-26.2292320" lon="-50.9864790">
    <ele>765.2</ele>
   </trkpt>
   <trkpt lat="-26.2292410" lon="-50.9864390">
    <ele>765.2</ele>
   </trkpt>
   <trkpt lat="-26.2292490" lon="-50.9863950">
    <ele>765.2</ele>
   </trkpt>
   <trkpt lat="-26.2292510" lon="-50.9863460">
    <ele>765.4</ele>
   </trkpt>
   <trkpt lat="-26.2292560" lon="-50.9862980">
    <ele>765.4</ele>
   </trkpt>
   <trkpt lat="-26.2292720" lon="-50.9862530">
    <ele>765.4</ele>
   </trkpt>
   <trkpt lat="-26.2292910" lon="-50.9862020">
    <ele>764.2</ele>
   </trkpt>
   <trkpt lat="-26.2293060" lon="-50.9861530">
    <ele>764.2</ele>
   </trkpt>
   <trkpt lat="-26.2293220" lon="-50.9861000">
    <ele>764.0</ele>
   </trkpt>
   <trkpt lat="-26.2293340" lon="-50.9860490">
    <ele>764.0</ele>
   </trkpt>
   <trkpt lat="-26.2293500" lon="-50.9859990">
    <ele>764.0</ele>
   </trkpt>
   <trkpt lat="-26.2293690" lon="-50.9859430">
    <ele>764.2</ele>
   </trkpt>
   <trkpt lat="-26.2293840" lon="-50.9858860">
    <ele>765.8</ele>
   </trkpt>
   <trkpt lat="-26.2293940" lon="-50.9858250">
    <ele>766.0</ele>
   </trkpt>
   <trkpt lat="-26.2294110" lon="-50.9857670">
    <ele>766.0</ele>
   </trkpt>
   <trkpt lat="-26.2294300" lon="-50.9857130">
    <ele>766.0</ele>
   </trkpt>
   <trkpt lat="-26.2294470" lon="-50.9856640">
    <ele>766.0</ele>
   </trkpt>
   <trkpt lat="-26.2294670" lon="-50.9856100">
    <ele>766.2</ele>
   </trkpt>
   <trkpt lat="-26.2294880" lon="-50.9855530">
    <ele>766.2</ele>
   </trkpt>
   <trkpt lat="-26.2295140" lon="-50.9854960">
    <ele>766.2</ele>
   </trkpt>
   <trkpt lat="-26.2295360" lon="-50.9854400">
    <ele>766.2</ele>
   </trkpt>
   <trkpt lat="-26.2295620" lon="-50.9853900">
    <ele>766.2</ele>
   </trkpt>
   <trkpt lat="-26.2295870" lon="-50.9853350">
    <ele>766.2</ele>
   </trkpt>
   <trkpt lat="-26.2296130" lon="-50.9852810">
    <ele>766.2</ele>
   </trkpt>
   <trkpt lat="-26.2296480" lon="-50.9852250">
    <ele>765.0</ele>
   </trkpt>
   <trkpt lat="-26.2296680" lon="-50.9851760">
    <ele>764.6</ele>
   </trkpt>
   <trkpt lat="-26.2296970" lon="-50.9851280">
    <ele>764.4</ele>
   </trkpt>
   <trkpt lat="-26.2297460" lon="-50.9850350">
    <ele>764.4</ele>
   </trkpt>
   <trkpt lat="-26.2297640" lon="-50.9849840">
    <ele>764.4</ele>
   </trkpt>
   <trkpt lat="-26.2297820" lon="-50.9849340">
    <ele>764.4</ele>
   </trkpt>
   <trkpt lat="-26.2298050" lon="-50.9848860">
    <ele>764.6</ele>
   </trkpt>
   <trkpt lat="-26.2298500" lon="-50.9847840">
    <ele>764.6</ele>
   </trkpt>
   <trkpt lat="-26.2299470" lon="-50.9845830">
    <ele>764.8</ele>
   </trkpt>
   <trkpt lat="-26.2299970" lon="-50.9844840">
    <ele>766.0</ele>
   </trkpt>
   <trkpt lat="-26.2300210" lon="-50.9844330">
    <ele>766.8</ele>
   </trkpt>
   <trkpt lat="-26.2301820" lon="-50.9840050">
    <ele>767.0</ele>
   </trkpt>
   <trkpt lat="-26.2301930" lon="-50.9839490">
    <ele>767.2</ele>
   </trkpt>
   <trkpt lat="-26.2302040" lon="-50.9838340">
    <ele>767.4</ele>
   </trkpt>
   <trkpt lat="-26.2302080" lon="-50.9837760">
    <ele>767.4</ele>
   </trkpt>
   <trkpt lat="-26.2302230" lon="-50.9836600">
    <ele>767.4</ele>
   </trkpt>
   <trkpt lat="-26.2302470" lon="-50.9833800">
    <ele>767.4</ele>
   </trkpt>
   <trkpt lat="-26.2302490" lon="-50.9833240">
    <ele>767.4</ele>
   </trkpt>
   <trkpt lat="-26.2302270" lon="-50.9830350">
    <ele>767.6</ele>
   </trkpt>
   <trkpt lat="-26.2301380" lon="-50.9826400">
    <ele>767.8</ele>
   </trkpt>
   <trkpt lat="-26.2301200" lon="-50.9825940">
    <ele>767.8</ele>
   </trkpt>
   <trkpt lat="-26.2300970" lon="-50.9825460">
    <ele>767.8</ele>
   </trkpt>
   <trkpt lat="-26.2300490" lon="-50.9824410">
    <ele>768.0</ele>
   </trkpt>
   <trkpt lat="-26.2300250" lon="-50.9823930">
    <ele>768.2</ele>
   </trkpt>
   <trkpt lat="-26.2300000" lon="-50.9823440">
    <ele>768.4</ele>
   </trkpt>
   <trkpt lat="-26.2299760" lon="-50.9822950">
    <ele>768.4</ele>
   </trkpt>
   <trkpt lat="-26.2299510" lon="-50.9822450">
    <ele>768.6</ele>
   </trkpt>
   <trkpt lat="-26.2299250" lon="-50.9821960">
    <ele>768.6</ele>
   </trkpt>
   <trkpt lat="-26.2298670" lon="-50.9821050">
    <ele>769.0</ele>
   </trkpt>
   <trkpt lat="-26.2297720" lon="-50.9819760">
    <ele>769.2</ele>
   </trkpt>
   <trkpt lat="-26.2295940" lon="-50.9817490">
    <ele>769.8</ele>
   </trkpt>
   <trkpt lat="-26.2295120" lon="-50.9816670">
    <ele>769.6</ele>
   </trkpt>
   <trkpt lat="-26.2293900" lon="-50.9815550">
    <ele>769.2</ele>
   </trkpt>
   <trkpt lat="-26.2293530" lon="-50.9815090">
    <ele>769.2</ele>
   </trkpt>
   <trkpt lat="-26.2291510" lon="-50.9813120">
    <ele>769.6</ele>
   </trkpt>
   <trkpt lat="-26.2291130" lon="-50.9812740">
    <ele>769.6</ele>
   </trkpt>
   <trkpt lat="-26.2290750" lon="-50.9812350">
    <ele>769.6</ele>
   </trkpt>
   <trkpt lat="-26.2290380" lon="-50.9811940">
    <ele>769.8</ele>
   </trkpt>
   <trkpt lat="-26.2290000" lon="-50.9811550">
    <ele>770.4</ele>
   </trkpt>
   <trkpt lat="-26.2288440" lon="-50.9809930">
    <ele>771.0</ele>
   </trkpt>
   <trkpt lat="-26.2285610" lon="-50.9806420">
    <ele>771.6</ele>
   </trkpt>
   <trkpt lat="-26.2285330" lon="-50.9805920">
    <ele>771.8</ele>
   </trkpt>
   <trkpt lat="-26.2284800" lon="-50.9804900">
    <ele>772.0</ele>
   </trkpt>
   <trkpt lat="-26.2284530" lon="-50.9804420">
    <ele>772.0</ele>
   </trkpt>
   <trkpt lat="-26.2284320" lon="-50.9803880">
    <ele>772.0</ele>
   </trkpt>
   <trkpt lat="-26.2283670" lon="-50.9801150">
    <ele>772.0</ele>
   </trkpt>
   <trkpt lat="-26.2283630" lon="-50.9800640">
    <ele>772.2</ele>
   </trkpt>
   <trkpt lat="-26.2283620" lon="-50.9800140">
    <ele>772.4</ele>
   </trkpt>
   <trkpt lat="-26.2283590" lon="-50.9799620">
    <ele>772.6</ele>
   </trkpt>
   <trkpt lat="-26.2283600" lon="-50.9799150">
    <ele>772.8</ele>
   </trkpt>
   <trkpt lat="-26.2283610" lon="-50.9798690">
    <ele>773.0</ele>
   </trkpt>
   <trkpt lat="-26.2283630" lon="-50.9798220">
    <ele>773.0</ele>
   </trkpt>
   <trkpt lat="-26.2283670" lon="-50.9797770">
    <ele>773.2</ele>
   </trkpt>
   <trkpt lat="-26.2283710" lon="-50.9797330">
    <ele>773.4</ele>
   </trkpt>
   <trkpt lat="-26.2283760" lon="-50.9796860">
    <ele>773.4</ele>
   </trkpt>
   <trkpt lat="-26.2283930" lon="-50.9795910">
    <ele>773.8</ele>
   </trkpt>
   <trkpt lat="-26.2284140" lon="-50.9794930">
    <ele>774.2</ele>
   </trkpt>
   <trkpt lat="-26.2284260" lon="-50.9794440">
    <ele>774.2</ele>
   </trkpt>
   <trkpt lat="-26.2284370" lon="-50.9793950">
    <ele>774.2</ele>
   </trkpt>
   <trkpt lat="-26.2284520" lon="-50.9793490">
    <ele>774.6</ele>
   </trkpt>
   <trkpt lat="-26.2284680" lon="-50.9793030">
    <ele>774.8</ele>
   </trkpt>
   <trkpt lat="-26.2284820" lon="-50.9792570">
    <ele>775.0</ele>
   </trkpt>
   <trkpt lat="-26.2284970" lon="-50.9792100">
    <ele>775.0</ele>
   </trkpt>
   <trkpt lat="-26.2285150" lon="-50.9791640">
    <ele>775.4</ele>
   </trkpt>
   <trkpt lat="-26.2285310" lon="-50.9791180">
    <ele>775.6</ele>
   </trkpt>
   <trkpt lat="-26.2285460" lon="-50.9790700">
    <ele>775.8</ele>
   </trkpt>
   <trkpt lat="-26.2285620" lon="-50.9790220">
    <ele>775.8</ele>
   </trkpt>
   <trkpt lat="-26.2285820" lon="-50.9789750">
    <ele>776.0</ele>
   </trkpt>
   <trkpt lat="-26.2285990" lon="-50.9789280">
    <ele>776.2</ele>
   </trkpt>
   <trkpt lat="-26.2286160" lon="-50.9788800">
    <ele>776.4</ele>
   </trkpt>
   <trkpt lat="-26.2286330" lon="-50.9788300">
    <ele>776.6</ele>
   </trkpt>
   <trkpt lat="-26.2286510" lon="-50.9787820">
    <ele>776.6</ele>
   </trkpt>
   <trkpt lat="-26.2286690" lon="-50.9787370">
    <ele>776.8</ele>
   </trkpt>
   <trkpt lat="-26.2286890" lon="-50.9786900">
    <ele>776.8</ele>
   </trkpt>
   <trkpt lat="-26.2287080" lon="-50.9786440">
    <ele>777.0</ele>
   </trkpt>
   <trkpt lat="-26.2287260" lon="-50.9785970">
    <ele>777.2</ele>
   </trkpt>
   <trkpt lat="-26.2287440" lon="-50.9785500">
    <ele>777.2</ele>
   </trkpt>
   <trkpt lat="-26.2287590" lon="-50.9785030">
    <ele>777.4</ele>
   </trkpt>
   <trkpt lat="-26.2287750" lon="-50.9784560">
    <ele>777.6</ele>
   </trkpt>
   <trkpt lat="-26.2287910" lon="-50.9784110">
    <ele>777.6</ele>
   </trkpt>
   <trkpt lat="-26.2288080" lon="-50.9783680">
    <ele>777.6</ele>
   </trkpt>
   <trkpt lat="-26.2288290" lon="-50.9783250">
    <ele>777.8</ele>
   </trkpt>
   <trkpt lat="-26.2288500" lon="-50.9782870">
    <ele>777.8</ele>
   </trkpt>
   <trkpt lat="-26.2288680" lon="-50.9782440">
    <ele>777.4</ele>
   </trkpt>
   <trkpt lat="-26.2288840" lon="-50.9781990">
    <ele>777.2</ele>
   </trkpt>
   <trkpt lat="-26.2289030" lon="-50.9781540">
    <ele>777.0</ele>
   </trkpt>
   <trkpt lat="-26.2289210" lon="-50.9781090">
    <ele>777.2</ele>
   </trkpt>
   <trkpt lat="-26.2289370" lon="-50.9780620">
    <ele>777.4</ele>
   </trkpt>
   <trkpt lat="-26.2289520" lon="-50.9780170">
    <ele>777.6</ele>
   </trkpt>
   <trkpt lat="-26.2289690" lon="-50.9779720">
    <ele>777.6</ele>
   </trkpt>
   <trkpt lat="-26.2290090" lon="-50.9778790">
    <ele>778.4</ele>
   </trkpt>
   <trkpt lat="-26.2290250" lon="-50.9778300">
    <ele>779.6</ele>
   </trkpt>
   <trkpt lat="-26.2290580" lon="-50.9777360">
    <ele>779.8</ele>
   </trkpt>
   <trkpt lat="-26.2290750" lon="-50.9776910">
    <ele>779.8</ele>
   </trkpt>
   <trkpt lat="-26.2290920" lon="-50.9776480">
    <ele>779.8</ele>
   </trkpt>
   <trkpt lat="-26.2291100" lon="-50.9776020">
    <ele>779.8</ele>
   </trkpt>
   <trkpt lat="-26.2291260" lon="-50.9775540">
    <ele>779.8</ele>
   </trkpt>
   <trkpt lat="-26.2291410" lon="-50.9775080">
    <ele>780.0</ele>
   </trkpt>
   <trkpt lat="-26.2291580" lon="-50.9774630">
    <ele>780.2</ele>
   </trkpt>
   <trkpt lat="-26.2291730" lon="-50.9774170">
    <ele>780.4</ele>
   </trkpt>
   <trkpt lat="-26.2291870" lon="-50.9773720">
    <ele>780.6</ele>
   </trkpt>
   <trkpt lat="-26.2292040" lon="-50.9773280">
    <ele>780.6</ele>
   </trkpt>
   <trkpt lat="-26.2292190" lon="-50.9772820">
    <ele>780.8</ele>
   </trkpt>
   <trkpt lat="-26.2292350" lon="-50.9772350">
    <ele>780.8</ele>
   </trkpt>
   <trkpt lat="-26.2292510" lon="-50.9771890">
    <ele>781.0</ele>
   </trkpt>
   <trkpt lat="-26.2292710" lon="-50.9771450">
    <ele>781.2</ele>
   </trkpt>
   <trkpt lat="-26.2292900" lon="-50.9771000">
    <ele>781.4</ele>
   </trkpt>
   <trkpt lat="-26.2293090" lon="-50.9770560">
    <ele>781.6</ele>
   </trkpt>
   <trkpt lat="-26.2293280" lon="-50.9770100">
    <ele>781.8</ele>
   </trkpt>
   <trkpt lat="-26.2293460" lon="-50.9769640">
    <ele>782.0</ele>
   </trkpt>
   <trkpt lat="-26.2293650" lon="-50.9769150">
    <ele>782.0</ele>
   </trkpt>
   <trkpt lat="-26.2293840" lon="-50.9768650">
    <ele>782.0</ele>
   </trkpt>
   <trkpt lat="-26.2294030" lon="-50.9768150">
    <ele>782.2</ele>
   </trkpt>
   <trkpt lat="-26.2294230" lon="-50.9767650">
    <ele>782.4</ele>
   </trkpt>
   <trkpt lat="-26.2294410" lon="-50.9767150">
    <ele>782.6</ele>
   </trkpt>
   <trkpt lat="-26.2294630" lon="-50.9766670">
    <ele>782.6</ele>
   </trkpt>
   <trkpt lat="-26.2294870" lon="-50.9766180">
    <ele>782.6</ele>
   </trkpt>
   <trkpt lat="-26.2295070" lon="-50.9765710">
    <ele>782.8</ele>
   </trkpt>
   <trkpt lat="-26.2295250" lon="-50.9765230">
    <ele>783.0</ele>
   </trkpt>
   <trkpt lat="-26.2295450" lon="-50.9764760">
    <ele>783.0</ele>
   </trkpt>
   <trkpt lat="-26.2295630" lon="-50.9764280">
    <ele>783.2</ele>
   </trkpt>
   <trkpt lat="-26.2295810" lon="-50.9763800">
    <ele>783.2</ele>
   </trkpt>
   <trkpt lat="-26.2296000" lon="-50.9763350">
    <ele>783.2</ele>
   </trkpt>
   <trkpt lat="-26.2296190" lon="-50.9762930">
    <ele>783.2</ele>
   </trkpt>
   <trkpt lat="-26.2296380" lon="-50.9762530">
    <ele>783.2</ele>
   </trkpt>
   <trkpt lat="-26.2296580" lon="-50.9762120">
    <ele>783.4</ele>
   </trkpt>
   <trkpt lat="-26.2296780" lon="-50.9761690">
    <ele>783.4</ele>
   </trkpt>
   <trkpt lat="-26.2296960" lon="-50.9761240">
    <ele>783.6</ele>
   </trkpt>
   <trkpt lat="-26.2297130" lon="-50.9760780">
    <ele>784.0</ele>
   </trkpt>
   <trkpt lat="-26.2297340" lon="-50.9760340">
    <ele>784.2</ele>
   </trkpt>
   <trkpt lat="-26.2297570" lon="-50.9759910">
    <ele>784.4</ele>
   </trkpt>
   <trkpt lat="-26.2297810" lon="-50.9759510">
    <ele>784.8</ele>
   </trkpt>
   <trkpt lat="-26.2298060" lon="-50.9759110">
    <ele>785.0</ele>
   </trkpt>
   <trkpt lat="-26.2298300" lon="-50.9758680">
    <ele>785.0</ele>
   </trkpt>
   <trkpt lat="-26.2298570" lon="-50.9758300">
    <ele>785.0</ele>
   </trkpt>
   <trkpt lat="-26.2298860" lon="-50.9757920">
    <ele>785.2</ele>
   </trkpt>
   <trkpt lat="-26.2299160" lon="-50.9757550">
    <ele>785.4</ele>
   </trkpt>
   <trkpt lat="-26.2299460" lon="-50.9757180">
    <ele>785.4</ele>
   </trkpt>
   <trkpt lat="-26.2299760" lon="-50.9756810">
    <ele>785.6</ele>
   </trkpt>
   <trkpt lat="-26.2300090" lon="-50.9756450">
    <ele>786.2</ele>
   </trkpt>
   <trkpt lat="-26.2300410" lon="-50.9756090">
    <ele>786.4</ele>
   </trkpt>
   <trkpt lat="-26.2300740" lon="-50.9755720">
    <ele>786.8</ele>
   </trkpt>
   <trkpt lat="-26.2301070" lon="-50.9755370">
    <ele>787.0</ele>
   </trkpt>
   <trkpt lat="-26.2301420" lon="-50.9755040">
    <ele>787.2</ele>
   </trkpt>
   <trkpt lat="-26.2301790" lon="-50.9754740">
    <ele>787.2</ele>
   </trkpt>
   <trkpt lat="-26.2302130" lon="-50.9754460">
    <ele>787.4</ele>
   </trkpt>
   <trkpt lat="-26.2302460" lon="-50.9754180">
    <ele>787.4</ele>
   </trkpt>
   <trkpt lat="-26.2302780" lon="-50.9753860">
    <ele>787.6</ele>
   </trkpt>
   <trkpt lat="-26.2303110" lon="-50.9753550">
    <ele>787.6</ele>
   </trkpt>
   <trkpt lat="-26.2303440" lon="-50.9753250">
    <ele>787.8</ele>
   </trkpt>
   <trkpt lat="-26.2303780" lon="-50.9752960">
    <ele>788.0</ele>
   </trkpt>
   <trkpt lat="-26.2304140" lon="-50.9752700">
    <ele>788.2</ele>
   </trkpt>
   <trkpt lat="-26.2304500" lon="-50.9752410">
    <ele>788.4</ele>
   </trkpt>
   <trkpt lat="-26.2304850" lon="-50.9752110">
    <ele>788.6</ele>
   </trkpt>
   <trkpt lat="-26.2305220" lon="-50.9751810">
    <ele>788.8</ele>
   </trkpt>
   <trkpt lat="-26.2305600" lon="-50.9751550">
    <ele>788.8</ele>
   </trkpt>
   <trkpt lat="-26.2305880" lon="-50.9751340">
    <ele>789.0</ele>
   </trkpt>
   <trkpt lat="-26.2306320" lon="-50.9751040">
    <ele>789.2</ele>
   </trkpt>
   <trkpt lat="-26.2306710" lon="-50.9750810">
    <ele>789.2</ele>
   </trkpt>
   <trkpt lat="-26.2307090" lon="-50.9750540">
    <ele>789.4</ele>
   </trkpt>
   <trkpt lat="-26.2307460" lon="-50.9750270">
    <ele>789.6</ele>
   </trkpt>
   <trkpt lat="-26.2307820" lon="-50.9749990">
    <ele>789.8</ele>
   </trkpt>
   <trkpt lat="-26.2308220" lon="-50.9749730">
    <ele>789.8</ele>
   </trkpt>
   <trkpt lat="-26.2308650" lon="-50.9749480">
    <ele>789.8</ele>
   </trkpt>
   <trkpt lat="-26.2309050" lon="-50.9749210">
    <ele>790.0</ele>
   </trkpt>
   <trkpt lat="-26.2309430" lon="-50.9748900">
    <ele>790.2</ele>
   </trkpt>
   <trkpt lat="-26.2309790" lon="-50.9748570">
    <ele>790.2</ele>
   </trkpt>
   <trkpt lat="-26.2310140" lon="-50.9748230">
    <ele>790.4</ele>
   </trkpt>
   <trkpt lat="-26.2310510" lon="-50.9747900">
    <ele>790.4</ele>
   </trkpt>
   <trkpt lat="-26.2310810" lon="-50.9747640">
    <ele>790.6</ele>
   </trkpt>
   <trkpt lat="-26.2311280" lon="-50.9747280">
    <ele>790.6</ele>
   </trkpt>
   <trkpt lat="-26.2311600" lon="-50.9747030">
    <ele>790.8</ele>
   </trkpt>
   <trkpt lat="-26.2311980" lon="-50.9746720">
    <ele>790.8</ele>
   </trkpt>
   <trkpt lat="-26.2312440" lon="-50.9746360">
    <ele>790.8</ele>
   </trkpt>
   <trkpt lat="-26.2312820" lon="-50.9746070">
    <ele>791.2</ele>
   </trkpt>
   <trkpt lat="-26.2313190" lon="-50.9745760">
    <ele>791.2</ele>
   </trkpt>
   <trkpt lat="-26.2313570" lon="-50.9745470">
    <ele>791.4</ele>
   </trkpt>
   <trkpt lat="-26.2313930" lon="-50.9745140">
    <ele>791.4</ele>
   </trkpt>
   <trkpt lat="-26.2314300" lon="-50.9744770">
    <ele>791.4</ele>
   </trkpt>
   <trkpt lat="-26.2314600" lon="-50.9744460">
    <ele>791.4</ele>
   </trkpt>
   <trkpt lat="-26.2315020" lon="-50.9744080">
    <ele>791.4</ele>
   </trkpt>
   <trkpt lat="-26.2315550" lon="-50.9743590">
    <ele>791.4</ele>
   </trkpt>
   <trkpt lat="-26.2316000" lon="-50.9743120">
    <ele>791.4</ele>
   </trkpt>
   <trkpt lat="-26.2316440" lon="-50.9742610">
    <ele>791.2</ele>
   </trkpt>
   <trkpt lat="-26.2316880" lon="-50.9742110">
    <ele>790.8</ele>
   </trkpt>
   <trkpt lat="-26.2317700" lon="-50.9741010">
    <ele>790.4</ele>
   </trkpt>
   <trkpt lat="-26.2318700" lon="-50.9739230">
    <ele>790.6</ele>
   </trkpt>
   <trkpt lat="-26.2319020" lon="-50.9738490">
    <ele>790.6</ele>
   </trkpt>
   <trkpt lat="-26.2319940" lon="-50.9735410">
    <ele>791.0</ele>
   </trkpt>
   <trkpt lat="-26.2320080" lon="-50.9734930">
    <ele>791.0</ele>
   </trkpt>
   <trkpt lat="-26.2320210" lon="-50.9734260">
    <ele>791.4</ele>
   </trkpt>
   <trkpt lat="-26.2320270" lon="-50.9733810">
    <ele>791.4</ele>
   </trkpt>
   <trkpt lat="-26.2320330" lon="-50.9733210">
    <ele>791.8</ele>
   </trkpt>
   <trkpt lat="-26.2320360" lon="-50.9732630">
    <ele>792.0</ele>
   </trkpt>
   <trkpt lat="-26.2320380" lon="-50.9732050">
    <ele>792.2</ele>
   </trkpt>
   <trkpt lat="-26.2320410" lon="-50.9731470">
    <ele>792.2</ele>
   </trkpt>
   <trkpt lat="-26.2320460" lon="-50.9730860">
    <ele>792.4</ele>
   </trkpt>
   <trkpt lat="-26.2320420" lon="-50.9729060">
    <ele>792.8</ele>
   </trkpt>
   <trkpt lat="-26.2320480" lon="-50.9727810">
    <ele>793.0</ele>
   </trkpt>
   <trkpt lat="-26.2320560" lon="-50.9726040">
    <ele>793.4</ele>
   </trkpt>
   <trkpt lat="-26.2320780" lon="-50.9724230">
    <ele>793.8</ele>
   </trkpt>
   <trkpt lat="-26.2320890" lon="-50.9723660">
    <ele>793.8</ele>
   </trkpt>
   <trkpt lat="-26.2320980" lon="-50.9723090">
    <ele>794.0</ele>
   </trkpt>
   <trkpt lat="-26.2321120" lon="-50.9722540">
    <ele>794.2</ele>
   </trkpt>
   <trkpt lat="-26.2321270" lon="-50.9721990">
    <ele>794.2</ele>
   </trkpt>
   <trkpt lat="-26.2321460" lon="-50.9721450">
    <ele>794.4</ele>
   </trkpt>
   <trkpt lat="-26.2321700" lon="-50.9720910">
    <ele>794.4</ele>
   </trkpt>
   <trkpt lat="-26.2321950" lon="-50.9720350">
    <ele>794.4</ele>
   </trkpt>
   <trkpt lat="-26.2322200" lon="-50.9719760">
    <ele>794.4</ele>
   </trkpt>
   <trkpt lat="-26.2322460" lon="-50.9719170">
    <ele>794.4</ele>
   </trkpt>
   <trkpt lat="-26.2322800" lon="-50.9718560">
    <ele>794.4</ele>
   </trkpt>
   <trkpt lat="-26.2323160" lon="-50.9717930">
    <ele>794.2</ele>
   </trkpt>
   <trkpt lat="-26.2323550" lon="-50.9717330">
    <ele>794.2</ele>
   </trkpt>
   <trkpt lat="-26.2323980" lon="-50.9716790">
    <ele>794.0</ele>
   </trkpt>
   <trkpt lat="-26.2324860" lon="-50.9715900">
    <ele>791.6</ele>
   </trkpt>
   <trkpt lat="-26.2325980" lon="-50.9714870">
    <ele>791.2</ele>
   </trkpt>
   <trkpt lat="-26.2328300" lon="-50.9712640">
    <ele>792.2</ele>
   </trkpt>
   <trkpt lat="-26.2329420" lon="-50.9711540">
    <ele>792.4</ele>
   </trkpt>
   <trkpt lat="-26.2329970" lon="-50.9711030">
    <ele>792.6</ele>
   </trkpt>
   <trkpt lat="-26.2332290" lon="-50.9708850">
    <ele>792.4</ele>
   </trkpt>
   <trkpt lat="-26.2332850" lon="-50.9708370">
    <ele>792.4</ele>
   </trkpt>
   <trkpt lat="-26.2333350" lon="-50.9707850">
    <ele>792.4</ele>
   </trkpt>
   <trkpt lat="-26.2334300" lon="-50.9706800">
    <ele>792.2</ele>
   </trkpt>
   <trkpt lat="-26.2334760" lon="-50.9706300">
    <ele>792.4</ele>
   </trkpt>
   <trkpt lat="-26.2335220" lon="-50.9705810">
    <ele>792.4</ele>
   </trkpt>
   <trkpt lat="-26.2335650" lon="-50.9705330">
    <ele>792.4</ele>
   </trkpt>
   <trkpt lat="-26.2336070" lon="-50.9704840">
    <ele>792.4</ele>
   </trkpt>
   <trkpt lat="-26.2336460" lon="-50.9704380">
    <ele>792.4</ele>
   </trkpt>
   <trkpt lat="-26.2336770" lon="-50.9703860">
    <ele>792.6</ele>
   </trkpt>
   <trkpt lat="-26.2337120" lon="-50.9703380">
    <ele>792.6</ele>
   </trkpt>
   <trkpt lat="-26.2337460" lon="-50.9702880">
    <ele>792.8</ele>
   </trkpt>
   <trkpt lat="-26.2337760" lon="-50.9702360">
    <ele>793.4</ele>
   </trkpt>
   <trkpt lat="-26.2337990" lon="-50.9701810">
    <ele>793.8</ele>
   </trkpt>
   <trkpt lat="-26.2338200" lon="-50.9701260">
    <ele>793.8</ele>
   </trkpt>
   <trkpt lat="-26.2338400" lon="-50.9700710">
    <ele>794.0</ele>
   </trkpt>
   <trkpt lat="-26.2338560" lon="-50.9700140">
    <ele>794.2</ele>
   </trkpt>
   <trkpt lat="-26.2338650" lon="-50.9699540">
    <ele>794.4</ele>
   </trkpt>
   <trkpt lat="-26.2338550" lon="-50.9696130">
    <ele>791.8</ele>
   </trkpt>
   <trkpt lat="-26.2338410" lon="-50.9692760">
    <ele>791.4</ele>
   </trkpt>
   <trkpt lat="-26.2338580" lon="-50.9691900">
    <ele>791.6</ele>
   </trkpt>
   <trkpt lat="-26.2338900" lon="-50.9691090">
    <ele>791.8</ele>
   </trkpt>
   <trkpt lat="-26.2340040" lon="-50.9688780">
    <ele>792.0</ele>
   </trkpt>
   <trkpt lat="-26.2340590" lon="-50.9687050">
    <ele>792.2</ele>
   </trkpt>
   <trkpt lat="-26.2340820" lon="-50.9685380">
    <ele>792.4</ele>
   </trkpt>
   <trkpt lat="-26.2340970" lon="-50.9683680">
    <ele>792.4</ele>
   </trkpt>
   <trkpt lat="-26.2341030" lon="-50.9682880">
    <ele>792.4</ele>
   </trkpt>
   <trkpt lat="-26.2341040" lon="-50.9682090">
    <ele>792.4</ele>
   </trkpt>
   <trkpt lat="-26.2340960" lon="-50.9680480">
    <ele>792.2</ele>
   </trkpt>
   <trkpt lat="-26.2340900" lon="-50.9679690">
    <ele>792.0</ele>
   </trkpt>
   <trkpt lat="-26.2340800" lon="-50.9678920">
    <ele>792.0</ele>
   </trkpt>
   <trkpt lat="-26.2340670" lon="-50.9678190">
    <ele>792.0</ele>
   </trkpt>
   <trkpt lat="-26.2340540" lon="-50.9677520">
    <ele>792.0</ele>
   </trkpt>
   <trkpt lat="-26.2340390" lon="-50.9676820">
    <ele>792.0</ele>
   </trkpt>
   <trkpt lat="-26.2340170" lon="-50.9676150">
    <ele>791.8</ele>
   </trkpt>
   <trkpt lat="-26.2339950" lon="-50.9675500">
    <ele>791.8</ele>
   </trkpt>
   <trkpt lat="-26.2339730" lon="-50.9674850">
    <ele>791.6</ele>
   </trkpt>
   <trkpt lat="-26.2339290" lon="-50.9673560">
    <ele>791.6</ele>
   </trkpt>
   <trkpt lat="-26.2339070" lon="-50.9672940">
    <ele>791.6</ele>
   </trkpt>
   <trkpt lat="-26.2338820" lon="-50.9672350">
    <ele>791.4</ele>
   </trkpt>
   <trkpt lat="-26.2338580" lon="-50.9671770">
    <ele>791.4</ele>
   </trkpt>
   <trkpt lat="-26.2338330" lon="-50.9671180">
    <ele>791.4</ele>
   </trkpt>
   <trkpt lat="-26.2338070" lon="-50.9670600">
    <ele>791.4</ele>
   </trkpt>
   <trkpt lat="-26.2337810" lon="-50.9670020">
    <ele>791.4</ele>
   </trkpt>
   <trkpt lat="-26.2337560" lon="-50.9669420">
    <ele>791.4</ele>
   </trkpt>
   <trkpt lat="-26.2337320" lon="-50.9668830">
    <ele>791.4</ele>
   </trkpt>
   <trkpt lat="-26.2337070" lon="-50.9668250">
    <ele>791.4</ele>
   </trkpt>
   <trkpt lat="-26.2336830" lon="-50.9667650">
    <ele>791.4</ele>
   </trkpt>
   <trkpt lat="-26.2336590" lon="-50.9667050">
    <ele>791.4</ele>
   </trkpt>
   <trkpt lat="-26.2336120" lon="-50.9665960">
    <ele>791.0</ele>
   </trkpt>
   <trkpt lat="-26.2335900" lon="-50.9665430">
    <ele>790.8</ele>
   </trkpt>
   <trkpt lat="-26.2335680" lon="-50.9664900">
    <ele>790.6</ele>
   </trkpt>
   <trkpt lat="-26.2335470" lon="-50.9664380">
    <ele>790.6</ele>
   </trkpt>
   <trkpt lat="-26.2335270" lon="-50.9663840">
    <ele>790.6</ele>
   </trkpt>
   <trkpt lat="-26.2335060" lon="-50.9663310">
    <ele>790.6</ele>
   </trkpt>
   <trkpt lat="-26.2334840" lon="-50.9662790">
    <ele>790.6</ele>
   </trkpt>
   <trkpt lat="-26.2334590" lon="-50.9662290">
    <ele>790.6</ele>
   </trkpt>
   <trkpt lat="-26.2334360" lon="-50.9661760">
    <ele>790.8</ele>
   </trkpt>
   <trkpt lat="-26.2333960" lon="-50.9660720">
    <ele>791.4</ele>
   </trkpt>
   <trkpt lat="-26.2333530" lon="-50.9659650">
    <ele>791.8</ele>
   </trkpt>
   <trkpt lat="-26.2333060" lon="-50.9658610">
    <ele>794.0</ele>
   </trkpt>
   <trkpt lat="-26.2332370" lon="-50.9656990">
    <ele>794.2</ele>
   </trkpt>
   <trkpt lat="-26.2331660" lon="-50.9655250">
    <ele>794.2</ele>
   </trkpt>
   <trkpt lat="-26.2331410" lon="-50.9654650">
    <ele>794.4</ele>
   </trkpt>
   <trkpt lat="-26.2331170" lon="-50.9654040">
    <ele>794.4</ele>
   </trkpt>
   <trkpt lat="-26.2330920" lon="-50.9653430">
    <ele>794.4</ele>
   </trkpt>
   <trkpt lat="-26.2330660" lon="-50.9652820">
    <ele>794.4</ele>
   </trkpt>
   <trkpt lat="-26.2330390" lon="-50.9652190">
    <ele>794.4</ele>
   </trkpt>
   <trkpt lat="-26.2330120" lon="-50.9651560">
    <ele>794.4</ele>
   </trkpt>
   <trkpt lat="-26.2329850" lon="-50.9650920">
    <ele>794.4</ele>
   </trkpt>
   <trkpt lat="-26.2329560" lon="-50.9650280">
    <ele>794.4</ele>
   </trkpt>
   <trkpt lat="-26.2329260" lon="-50.9649660">
    <ele>794.4</ele>
   </trkpt>
   <trkpt lat="-26.2328980" lon="-50.9649020">
    <ele>794.2</ele>
   </trkpt>
   <trkpt lat="-26.2328700" lon="-50.9648350">
    <ele>794.2</ele>
   </trkpt>
   <trkpt lat="-26.2328450" lon="-50.9647690">
    <ele>794.0</ele>
   </trkpt>
   <trkpt lat="-26.2328200" lon="-50.9647020">
    <ele>794.0</ele>
   </trkpt>
   <trkpt lat="-26.2327920" lon="-50.9646410">
    <ele>794.2</ele>
   </trkpt>
   <trkpt lat="-26.2326960" lon="-50.9644120">
    <ele>793.8</ele>
   </trkpt>
   <trkpt lat="-26.2326750" lon="-50.9643530">
    <ele>793.6</ele>
   </trkpt>
   <trkpt lat="-26.2326530" lon="-50.9642930">
    <ele>793.6</ele>
   </trkpt>
   <trkpt lat="-26.2326300" lon="-50.9642300">
    <ele>793.4</ele>
   </trkpt>
   <trkpt lat="-26.2326070" lon="-50.9641680">
    <ele>793.4</ele>
   </trkpt>
   <trkpt lat="-26.2325850" lon="-50.9641070">
    <ele>793.4</ele>
   </trkpt>
   <trkpt lat="-26.2325320" lon="-50.9639190">
    <ele>793.6</ele>
   </trkpt>
   <trkpt lat="-26.2324920" lon="-50.9636800">
    <ele>794.2</ele>
   </trkpt>
   <trkpt lat="-26.2324860" lon="-50.9636250">
    <ele>794.6</ele>
   </trkpt>
   <trkpt lat="-26.2324820" lon="-50.9635720">
    <ele>794.8</ele>
   </trkpt>
   <trkpt lat="-26.2324810" lon="-50.9635190">
    <ele>795.0</ele>
   </trkpt>
   <trkpt lat="-26.2324780" lon="-50.9634660">
    <ele>795.2</ele>
   </trkpt>
   <trkpt lat="-26.2324740" lon="-50.9631640">
    <ele>793.0</ele>
   </trkpt>
   <trkpt lat="-26.2324760" lon="-50.9627690">
    <ele>794.0</ele>
   </trkpt>
   <trkpt lat="-26.2324810" lon="-50.9627030">
    <ele>794.0</ele>
   </trkpt>
   <trkpt lat="-26.2324850" lon="-50.9623000">
    <ele>795.6</ele>
   </trkpt>
   <trkpt lat="-26.2324840" lon="-50.9622300">
    <ele>795.6</ele>
   </trkpt>
   <trkpt lat="-26.2324860" lon="-50.9620190">
    <ele>795.8</ele>
   </trkpt>
   <trkpt lat="-26.2324820" lon="-50.9616830">
    <ele>795.8</ele>
   </trkpt>
   <trkpt lat="-26.2324700" lon="-50.9615580">
    <ele>795.6</ele>
   </trkpt>
   <trkpt lat="-26.2324670" lon="-50.9614970">
    <ele>795.4</ele>
   </trkpt>
   <trkpt lat="-26.2324640" lon="-50.9614380">
    <ele>795.4</ele>
   </trkpt>
   <trkpt lat="-26.2324680" lon="-50.9613790">
    <ele>795.4</ele>
   </trkpt>
   <trkpt lat="-26.2324700" lon="-50.9613230">
    <ele>795.4</ele>
   </trkpt>
   <trkpt lat="-26.2324690" lon="-50.9612120">
    <ele>795.4</ele>
   </trkpt>
   <trkpt lat="-26.2324690" lon="-50.9611530">
    <ele>795.4</ele>
   </trkpt>
   <trkpt lat="-26.2324730" lon="-50.9610960">
    <ele>795.4</ele>
   </trkpt>
   <trkpt lat="-26.2324770" lon="-50.9610400">
    <ele>795.4</ele>
   </trkpt>
   <trkpt lat="-26.2324790" lon="-50.9609860">
    <ele>795.2</ele>
   </trkpt>
   <trkpt lat="-26.2324800" lon="-50.9609330">
    <ele>795.4</ele>
   </trkpt>
   <trkpt lat="-26.2324830" lon="-50.9608810">
    <ele>795.4</ele>
   </trkpt>
   <trkpt lat="-26.2324830" lon="-50.9608260">
    <ele>795.4</ele>
   </trkpt>
   <trkpt lat="-26.2324830" lon="-50.9607740">
    <ele>796.2</ele>
   </trkpt>
   <trkpt lat="-26.2324850" lon="-50.9607210">
    <ele>796.4</ele>
   </trkpt>
   <trkpt lat="-26.2324870" lon="-50.9606710">
    <ele>796.4</ele>
   </trkpt>
   <trkpt lat="-26.2324900" lon="-50.9606210">
    <ele>796.6</ele>
   </trkpt>
   <trkpt lat="-26.2324890" lon="-50.9605720">
    <ele>796.8</ele>
   </trkpt>
   <trkpt lat="-26.2324850" lon="-50.9605210">
    <ele>797.0</ele>
   </trkpt>
   <trkpt lat="-26.2324840" lon="-50.9604140">
    <ele>797.2</ele>
   </trkpt>
   <trkpt lat="-26.2324450" lon="-50.9602390">
    <ele>797.2</ele>
   </trkpt>
   <trkpt lat="-26.2323890" lon="-50.9601140">
    <ele>797.0</ele>
   </trkpt>
   <trkpt lat="-26.2322900" lon="-50.9599280">
    <ele>796.6</ele>
   </trkpt>
   <trkpt lat="-26.2322410" lon="-50.9598690">
    <ele>796.6</ele>
   </trkpt>
   <trkpt lat="-26.2321380" lon="-50.9597520">
    <ele>792.6</ele>
   </trkpt>
   <trkpt lat="-26.2320820" lon="-50.9596940">
    <ele>791.6</ele>
   </trkpt>
   <trkpt lat="-26.2319680" lon="-50.9595700">
    <ele>790.4</ele>
   </trkpt>
   <trkpt lat="-26.2317870" lon="-50.9593970">
    <ele>790.4</ele>
   </trkpt>
   <trkpt lat="-26.2316680" lon="-50.9592820">
    <ele>793.8</ele>
   </trkpt>
   <trkpt lat="-26.2314900" lon="-50.9591170">
    <ele>794.4</ele>
   </trkpt>
   <trkpt lat="-26.2310840" lon="-50.9587060">
    <ele>793.2</ele>
   </trkpt>
   <trkpt lat="-26.2310290" lon="-50.9586400">
    <ele>793.0</ele>
   </trkpt>
   <trkpt lat="-26.2309180" lon="-50.9585200">
    <ele>792.8</ele>
   </trkpt>
   <trkpt lat="-26.2306820" lon="-50.9582820">
    <ele>791.4</ele>
   </trkpt>
   <trkpt lat="-26.2306220" lon="-50.9582160">
    <ele>789.0</ele>
   </trkpt>
   <trkpt lat="-26.2302540" lon="-50.9578270">
    <ele>788.0</ele>
   </trkpt>
   <trkpt lat="-26.2301210" lon="-50.9576910">
    <ele>786.8</ele>
   </trkpt>
   <trkpt lat="-26.2299110" lon="-50.9574810">
    <ele>785.6</ele>
   </trkpt>
   <trkpt lat="-26.2297670" lon="-50.9573430">
    <ele>784.4</ele>
   </trkpt>
   <trkpt lat="-26.2296210" lon="-50.9572110">
    <ele>783.6</ele>
   </trkpt>
   <trkpt lat="-26.2295430" lon="-50.9571460">
    <ele>783.2</ele>
   </trkpt>
   <trkpt lat="-26.2293800" lon="-50.9570210">
    <ele>782.0</ele>
   </trkpt>
   <trkpt lat="-26.2292050" lon="-50.9568890">
    <ele>781.0</ele>
   </trkpt>
   <trkpt lat="-26.2291140" lon="-50.9568220">
    <ele>780.4</ele>
   </trkpt>
   <trkpt lat="-26.2290250" lon="-50.9567520">
    <ele>779.6</ele>
   </trkpt>
   <trkpt lat="-26.2288490" lon="-50.9566200">
    <ele>778.8</ele>
   </trkpt>
   <trkpt lat="-26.2287640" lon="-50.9565570">
    <ele>778.4</ele>
   </trkpt>
   <trkpt lat="-26.2285090" lon="-50.9563670">
    <ele>777.4</ele>
   </trkpt>
   <trkpt lat="-26.2284230" lon="-50.9563000">
    <ele>777.2</ele>
   </trkpt>
   <trkpt lat="-26.2282440" lon="-50.9561630">
    <ele>775.8</ele>
   </trkpt>
   <trkpt lat="-26.2280650" lon="-50.9560110">
    <ele>774.0</ele>
   </trkpt>
   <trkpt lat="-26.2279740" lon="-50.9559320">
    <ele>771.8</ele>
   </trkpt>
   <trkpt lat="-26.2278860" lon="-50.9558470">
    <ele>770.8</ele>
   </trkpt>
   <trkpt lat="-26.2277250" lon="-50.9556680">
    <ele>769.8</ele>
   </trkpt>
   <trkpt lat="-26.2276520" lon="-50.9555730">
    <ele>769.4</ele>
   </trkpt>
   <trkpt lat="-26.2275900" lon="-50.9554740">
    <ele>766.2</ele>
   </trkpt>
   <trkpt lat="-26.2275410" lon="-50.9553700">
    <ele>764.8</ele>
   </trkpt>
   <trkpt lat="-26.2274960" lon="-50.9552650">
    <ele>764.8</ele>
   </trkpt>
   <trkpt lat="-26.2274560" lon="-50.9551680">
    <ele>764.8</ele>
   </trkpt>
   <trkpt lat="-26.2274140" lon="-50.9550720">
    <ele>766.4</ele>
   </trkpt>
   <trkpt lat="-26.2273730" lon="-50.9549780">
    <ele>766.8</ele>
   </trkpt>
   <trkpt lat="-26.2273320" lon="-50.9548860">
    <ele>767.2</ele>
   </trkpt>
   <trkpt lat="-26.2272910" lon="-50.9547960">
    <ele>767.2</ele>
   </trkpt>
   <trkpt lat="-26.2272490" lon="-50.9547070">
    <ele>767.2</ele>
   </trkpt>
   <trkpt lat="-26.2272060" lon="-50.9546210">
    <ele>767.2</ele>
   </trkpt>
   <trkpt lat="-26.2271670" lon="-50.9545360">
    <ele>767.0</ele>
   </trkpt>
   <trkpt lat="-26.2271300" lon="-50.9544540">
    <ele>767.0</ele>
   </trkpt>
   <trkpt lat="-26.2270910" lon="-50.9543760">
    <ele>766.8</ele>
   </trkpt>
   <trkpt lat="-26.2270520" lon="-50.9543000">
    <ele>766.6</ele>
   </trkpt>
   <trkpt lat="-26.2270130" lon="-50.9542230">
    <ele>766.6</ele>
   </trkpt>
   <trkpt lat="-26.2269780" lon="-50.9541480">
    <ele>766.4</ele>
   </trkpt>
   <trkpt lat="-26.2269440" lon="-50.9540750">
    <ele>766.4</ele>
   </trkpt>
   <trkpt lat="-26.2269120" lon="-50.9540040">
    <ele>766.4</ele>
   </trkpt>
   <trkpt lat="-26.2268790" lon="-50.9539330">
    <ele>766.4</ele>
   </trkpt>
   <trkpt lat="-26.2268460" lon="-50.9538620">
    <ele>766.4</ele>
   </trkpt>
   <trkpt lat="-26.2267780" lon="-50.9537250">
    <ele>766.4</ele>
   </trkpt>
   <trkpt lat="-26.2267460" lon="-50.9536560">
    <ele>766.6</ele>
   </trkpt>
   <trkpt lat="-26.2267160" lon="-50.9535860">
    <ele>766.6</ele>
   </trkpt>
   <trkpt lat="-26.2266850" lon="-50.9535200">
    <ele>766.6</ele>
   </trkpt>
   <trkpt lat="-26.2266530" lon="-50.9534530">
    <ele>766.6</ele>
   </trkpt>
   <trkpt lat="-26.2264710" lon="-50.9531140">
    <ele>766.4</ele>
   </trkpt>
   <trkpt lat="-26.2263000" lon="-50.9528210">
    <ele>764.6</ele>
   </trkpt>
   <trkpt lat="-26.2262560" lon="-50.9527490">
    <ele>762.4</ele>
   </trkpt>
   <trkpt lat="-26.2261530" lon="-50.9526080">
    <ele>761.8</ele>
   </trkpt>
   <trkpt lat="-26.2260070" lon="-50.9523780">
    <ele>764.0</ele>
   </trkpt>
   <trkpt lat="-26.2258870" lon="-50.9521240">
    <ele>764.4</ele>
   </trkpt>
   <trkpt lat="-26.2258470" lon="-50.9519400">
    <ele>764.2</ele>
   </trkpt>
   <trkpt lat="-26.2258420" lon="-50.9517550">
    <ele>763.8</ele>
   </trkpt>
   <trkpt lat="-26.2258600" lon="-50.9515730">
    <ele>763.6</ele>
   </trkpt>
   <trkpt lat="-26.2258740" lon="-50.9514850">
    <ele>763.4</ele>
   </trkpt>
   <trkpt lat="-26.2258840" lon="-50.9514000">
    <ele>763.2</ele>
   </trkpt>
   <trkpt lat="-26.2258940" lon="-50.9513150">
    <ele>763.0</ele>
   </trkpt>
   <trkpt lat="-26.2259020" lon="-50.9512320">
    <ele>763.0</ele>
   </trkpt>
   <trkpt lat="-26.2259100" lon="-50.9511500">
    <ele>763.2</ele>
   </trkpt>
   <trkpt lat="-26.2259180" lon="-50.9510700">
    <ele>763.2</ele>
   </trkpt>
   <trkpt lat="-26.2259280" lon="-50.9509940">
    <ele>763.4</ele>
   </trkpt>
   <trkpt lat="-26.2259380" lon="-50.9509200">
    <ele>763.4</ele>
   </trkpt>
   <trkpt lat="-26.2259500" lon="-50.9508480">
    <ele>763.6</ele>
   </trkpt>
   <trkpt lat="-26.2259600" lon="-50.9507760">
    <ele>763.6</ele>
   </trkpt>
   <trkpt lat="-26.2259670" lon="-50.9507050">
    <ele>763.8</ele>
   </trkpt>
   <trkpt lat="-26.2259740" lon="-50.9506360">
    <ele>763.8</ele>
   </trkpt>
   <trkpt lat="-26.2259820" lon="-50.9505690">
    <ele>763.8</ele>
   </trkpt>
   <trkpt lat="-26.2259880" lon="-50.9505050">
    <ele>763.6</ele>
   </trkpt>
   <trkpt lat="-26.2259950" lon="-50.9504430">
    <ele>763.6</ele>
   </trkpt>
   <trkpt lat="-26.2260010" lon="-50.9503810">
    <ele>763.6</ele>
   </trkpt>
   <trkpt lat="-26.2260040" lon="-50.9503210">
    <ele>763.4</ele>
   </trkpt>
   <trkpt lat="-26.2260090" lon="-50.9502660">
    <ele>763.4</ele>
   </trkpt>
   <trkpt lat="-26.2260140" lon="-50.9502160">
    <ele>763.4</ele>
   </trkpt>
   <trkpt lat="-26.2260200" lon="-50.9501660">
    <ele>763.6</ele>
   </trkpt>
   <trkpt lat="-26.2260220" lon="-50.9501230">
    <ele>763.8</ele>
   </trkpt>
   <trkpt lat="-26.2260240" lon="-50.9500800">
    <ele>764.2</ele>
   </trkpt>
   <trkpt lat="-26.2260320" lon="-50.9500370">
    <ele>765.2</ele>
   </trkpt>
   <trkpt lat="-26.2260430" lon="-50.9499970">
    <ele>765.6</ele>
   </trkpt>
   <trkpt lat="-26.2260560" lon="-50.9499620">
    <ele>766.0</ele>
   </trkpt>
   <trkpt lat="-26.2260690" lon="-50.9499270">
    <ele>766.2</ele>
   </trkpt>
   <trkpt lat="-26.2260760" lon="-50.9498840">
    <ele>766.8</ele>
   </trkpt>
   <trkpt lat="-26.2260810" lon="-50.9497900">
    <ele>767.6</ele>
   </trkpt>
   <trkpt lat="-26.2260900" lon="-50.9497460">
    <ele>767.8</ele>
   </trkpt>
   <trkpt lat="-26.2261020" lon="-50.9497050">
    <ele>768.2</ele>
   </trkpt>
   <trkpt lat="-26.2261100" lon="-50.9496640">
    <ele>768.6</ele>
   </trkpt>
   <trkpt lat="-26.2261190" lon="-50.9496250">
    <ele>768.8</ele>
   </trkpt>
   <trkpt lat="-26.2261280" lon="-50.9495820">
    <ele>769.2</ele>
   </trkpt>
   <trkpt lat="-26.2261360" lon="-50.9495390">
    <ele>769.4</ele>
   </trkpt>
   <trkpt lat="-26.2261410" lon="-50.9494940">
    <ele>769.8</ele>
   </trkpt>
   <trkpt lat="-26.2261470" lon="-50.9494470">
    <ele>770.2</ele>
   </trkpt>
   <trkpt lat="-26.2261500" lon="-50.9494050">
    <ele>770.4</ele>
   </trkpt>
   <trkpt lat="-26.2261550" lon="-50.9493630">
    <ele>770.8</ele>
   </trkpt>
   <trkpt lat="-26.2261610" lon="-50.9493210">
    <ele>771.2</ele>
   </trkpt>
   <trkpt lat="-26.2261680" lon="-50.9492780">
    <ele>771.4</ele>
   </trkpt>
   <trkpt lat="-26.2261730" lon="-50.9492360">
    <ele>771.8</ele>
   </trkpt>
   <trkpt lat="-26.2261810" lon="-50.9491960">
    <ele>772.0</ele>
   </trkpt>
   <trkpt lat="-26.2261860" lon="-50.9491530">
    <ele>772.4</ele>
   </trkpt>
   <trkpt lat="-26.2261900" lon="-50.9491090">
    <ele>772.4</ele>
   </trkpt>
   <trkpt lat="-26.2261950" lon="-50.9490710">
    <ele>772.8</ele>
   </trkpt>
   <trkpt lat="-26.2262010" lon="-50.9490390">
    <ele>773.0</ele>
   </trkpt>
   <trkpt lat="-26.2262060" lon="-50.9490030">
    <ele>773.4</ele>
   </trkpt>
   <trkpt lat="-26.2262100" lon="-50.9489670">
    <ele>773.8</ele>
   </trkpt>
   <trkpt lat="-26.2262150" lon="-50.9489320">
    <ele>774.2</ele>
   </trkpt>
   <trkpt lat="-26.2262180" lon="-50.9488980">
    <ele>774.6</ele>
   </trkpt>
   <trkpt lat="-26.2262220" lon="-50.9488640">
    <ele>774.6</ele>
   </trkpt>
   <trkpt lat="-26.2262260" lon="-50.9488290">
    <ele>774.8</ele>
   </trkpt>
   <trkpt lat="-26.2262280" lon="-50.9487920">
    <ele>775.0</ele>
   </trkpt>
   <trkpt lat="-26.2262320" lon="-50.9487560">
    <ele>775.2</ele>
   </trkpt>
   <trkpt lat="-26.2262380" lon="-50.9487230">
    <ele>775.4</ele>
   </trkpt>
   <trkpt lat="-26.2262430" lon="-50.9486890">
    <ele>775.6</ele>
   </trkpt>
   <trkpt lat="-26.2262490" lon="-50.9486520">
    <ele>775.8</ele>
   </trkpt>
   <trkpt lat="-26.2262540" lon="-50.9486170">
    <ele>775.8</ele>
   </trkpt>
   <trkpt lat="-26.2262590" lon="-50.9485810">
    <ele>776.0</ele>
   </trkpt>
   <trkpt lat="-26.2262610" lon="-50.9485450">
    <ele>776.2</ele>
   </trkpt>
   <trkpt lat="-26.2262650" lon="-50.9485080">
    <ele>776.4</ele>
   </trkpt>
   <trkpt lat="-26.2262700" lon="-50.9484700">
    <ele>776.4</ele>
   </trkpt>
   <trkpt lat="-26.2262720" lon="-50.9484340">
    <ele>776.6</ele>
   </trkpt>
   <trkpt lat="-26.2262750" lon="-50.9483970">
    <ele>776.8</ele>
   </trkpt>
   <trkpt lat="-26.2262770" lon="-50.9483590">
    <ele>776.8</ele>
   </trkpt>
   <trkpt lat="-26.2262780" lon="-50.9483220">
    <ele>777.0</ele>
   </trkpt>
   <trkpt lat="-26.2262830" lon="-50.9482850">
    <ele>777.0</ele>
   </trkpt>
   <trkpt lat="-26.2262870" lon="-50.9482490">
    <ele>777.0</ele>
   </trkpt>
   <trkpt lat="-26.2262930" lon="-50.9482130">
    <ele>777.0</ele>
   </trkpt>
   <trkpt lat="-26.2262980" lon="-50.9481750">
    <ele>777.2</ele>
   </trkpt>
   <trkpt lat="-26.2262980" lon="-50.9481330">
    <ele>777.2</ele>
   </trkpt>
   <trkpt lat="-26.2262980" lon="-50.9480920">
    <ele>777.4</ele>
   </trkpt>
   <trkpt lat="-26.2263000" lon="-50.9480500">
    <ele>777.4</ele>
   </trkpt>
   <trkpt lat="-26.2263000" lon="-50.9480070">
    <ele>777.6</ele>
   </trkpt>
   <trkpt lat="-26.2263000" lon="-50.9479650">
    <ele>777.8</ele>
   </trkpt>
   <trkpt lat="-26.2262970" lon="-50.9479230">
    <ele>777.8</ele>
   </trkpt>
   <trkpt lat="-26.2262940" lon="-50.9478800">
    <ele>777.8</ele>
   </trkpt>
   <trkpt lat="-26.2262900" lon="-50.9478360">
    <ele>777.8</ele>
   </trkpt>
   <trkpt lat="-26.2262840" lon="-50.9477910">
    <ele>777.8</ele>
   </trkpt>
   <trkpt lat="-26.2262780" lon="-50.9477470">
    <ele>778.0</ele>
   </trkpt>
   <trkpt lat="-26.2262710" lon="-50.9477010">
    <ele>778.0</ele>
   </trkpt>
   <trkpt lat="-26.2262600" lon="-50.9476500">
    <ele>778.0</ele>
   </trkpt>
   <trkpt lat="-26.2262460" lon="-50.9476030">
    <ele>778.0</ele>
   </trkpt>
   <trkpt lat="-26.2262350" lon="-50.9475550">
    <ele>778.0</ele>
   </trkpt>
   <trkpt lat="-26.2262270" lon="-50.9474980">
    <ele>778.0</ele>
   </trkpt>
   <trkpt lat="-26.2262180" lon="-50.9474370">
    <ele>777.2</ele>
   </trkpt>
   <trkpt lat="-26.2262080" lon="-50.9473820">
    <ele>776.2</ele>
   </trkpt>
   <trkpt lat="-26.2261950" lon="-50.9473250">
    <ele>775.4</ele>
   </trkpt>
   <trkpt lat="-26.2261770" lon="-50.9472670">
    <ele>775.0</ele>
   </trkpt>
   <trkpt lat="-26.2261600" lon="-50.9472040">
    <ele>774.6</ele>
   </trkpt>
   <trkpt lat="-26.2261400" lon="-50.9470650">
    <ele>774.0</ele>
   </trkpt>
   <trkpt lat="-26.2261320" lon="-50.9469920">
    <ele>773.8</ele>
   </trkpt>
   <trkpt lat="-26.2261190" lon="-50.9467710">
    <ele>773.8</ele>
   </trkpt>
   <trkpt lat="-26.2261300" lon="-50.9466170">
    <ele>775.6</ele>
   </trkpt>
   <trkpt lat="-26.2262540" lon="-50.9461810">
    <ele>775.2</ele>
   </trkpt>
   <trkpt lat="-26.2262840" lon="-50.9461070">
    <ele>774.6</ele>
   </trkpt>
   <trkpt lat="-26.2264070" lon="-50.9458670">
    <ele>769.0</ele>
   </trkpt>
   <trkpt lat="-26.2264670" lon="-50.9457890">
    <ele>767.6</ele>
   </trkpt>
   <trkpt lat="-26.2265350" lon="-50.9457110">
    <ele>766.2</ele>
   </trkpt>
   <trkpt lat="-26.2266740" lon="-50.9455390">
    <ele>764.0</ele>
   </trkpt>
   <trkpt lat="-26.2267350" lon="-50.9454340">
    <ele>761.8</ele>
   </trkpt>
   <trkpt lat="-26.2267800" lon="-50.9453120">
    <ele>758.8</ele>
   </trkpt>
   <trkpt lat="-26.2268000" lon="-50.9451780">
    <ele>757.6</ele>
   </trkpt>
   <trkpt lat="-26.2268000" lon="-50.9450410">
    <ele>757.0</ele>
   </trkpt>
   <trkpt lat="-26.2267790" lon="-50.9449100">
    <ele>757.0</ele>
   </trkpt>
   <trkpt lat="-26.2267520" lon="-50.9447880">
    <ele>757.0</ele>
   </trkpt>
   <trkpt lat="-26.2267280" lon="-50.9446710">
    <ele>757.4</ele>
   </trkpt>
   <trkpt lat="-26.2267050" lon="-50.9445520">
    <ele>757.8</ele>
   </trkpt>
   <trkpt lat="-26.2266760" lon="-50.9444360">
    <ele>757.8</ele>
   </trkpt>
   <trkpt lat="-26.2266080" lon="-50.9442090">
    <ele>758.4</ele>
   </trkpt>
   <trkpt lat="-26.2265680" lon="-50.9441060">
    <ele>758.2</ele>
   </trkpt>
   <trkpt lat="-26.2265290" lon="-50.9440130">
    <ele>756.2</ele>
   </trkpt>
   <trkpt lat="-26.2264880" lon="-50.9439180">
    <ele>756.2</ele>
   </trkpt>
   <trkpt lat="-26.2264400" lon="-50.9438260">
    <ele>756.2</ele>
   </trkpt>
   <trkpt lat="-26.2263960" lon="-50.9437560">
    <ele>758.4</ele>
   </trkpt>
   <trkpt lat="-26.2262690" lon="-50.9435760">
    <ele>759.6</ele>
   </trkpt>
   <trkpt lat="-26.2262080" lon="-50.9435030">
    <ele>760.2</ele>
   </trkpt>
   <trkpt lat="-26.2261410" lon="-50.9434300">
    <ele>760.6</ele>
   </trkpt>
   <trkpt lat="-26.2260710" lon="-50.9433580">
    <ele>760.8</ele>
   </trkpt>
   <trkpt lat="-26.2260000" lon="-50.9432960">
    <ele>760.8</ele>
   </trkpt>
   <trkpt lat="-26.2259290" lon="-50.9432360">
    <ele>760.8</ele>
   </trkpt>
   <trkpt lat="-26.2258640" lon="-50.9431810">
    <ele>760.8</ele>
   </trkpt>
   <trkpt lat="-26.2258020" lon="-50.9431220">
    <ele>760.6</ele>
   </trkpt>
   <trkpt lat="-26.2257470" lon="-50.9430660">
    <ele>760.6</ele>
   </trkpt>
   <trkpt lat="-26.2256880" lon="-50.9430150">
    <ele>760.6</ele>
   </trkpt>
   <trkpt lat="-26.2256310" lon="-50.9429680">
    <ele>760.6</ele>
   </trkpt>
   <trkpt lat="-26.2255700" lon="-50.9429230">
    <ele>760.6</ele>
   </trkpt>
   <trkpt lat="-26.2255110" lon="-50.9428770">
    <ele>760.6</ele>
   </trkpt>
   <trkpt lat="-26.2254540" lon="-50.9428330">
    <ele>760.4</ele>
   </trkpt>
   <trkpt lat="-26.2253400" lon="-50.9427520">
    <ele>760.4</ele>
   </trkpt>
   <trkpt lat="-26.2252800" lon="-50.9427120">
    <ele>760.4</ele>
   </trkpt>
   <trkpt lat="-26.2252230" lon="-50.9426750">
    <ele>760.4</ele>
   </trkpt>
   <trkpt lat="-26.2251640" lon="-50.9426380">
    <ele>760.2</ele>
   </trkpt>
   <trkpt lat="-26.2251020" lon="-50.9426030">
    <ele>760.2</ele>
   </trkpt>
   <trkpt lat="-26.2250400" lon="-50.9425690">
    <ele>760.2</ele>
   </trkpt>
   <trkpt lat="-26.2249790" lon="-50.9425340">
    <ele>760.0</ele>
   </trkpt>
   <trkpt lat="-26.2249210" lon="-50.9424980">
    <ele>760.0</ele>
   </trkpt>
   <trkpt lat="-26.2248620" lon="-50.9424600">
    <ele>760.0</ele>
   </trkpt>
   <trkpt lat="-26.2246700" lon="-50.9423490">
    <ele>760.0</ele>
   </trkpt>
   <trkpt lat="-26.2241600" lon="-50.9420780">
    <ele>760.0</ele>
   </trkpt>
   <trkpt lat="-26.2239070" lon="-50.9419470">
    <ele>760.0</ele>
   </trkpt>
   <trkpt lat="-26.2236590" lon="-50.9418220">
    <ele>760.2</ele>
   </trkpt>
   <trkpt lat="-26.2235970" lon="-50.9417910">
    <ele>760.4</ele>
   </trkpt>
   <trkpt lat="-26.2235390" lon="-50.9417610">
    <ele>760.6</ele>
   </trkpt>
   <trkpt lat="-26.2234820" lon="-50.9417330">
    <ele>760.8</ele>
   </trkpt>
   <trkpt lat="-26.2234240" lon="-50.9417050">
    <ele>761.0</ele>
   </trkpt>
   <trkpt lat="-26.2233660" lon="-50.9416760">
    <ele>761.0</ele>
   </trkpt>
   <trkpt lat="-26.2233070" lon="-50.9416490">
    <ele>761.0</ele>
   </trkpt>
   <trkpt lat="-26.2232480" lon="-50.9416230">
    <ele>761.0</ele>
   </trkpt>
   <trkpt lat="-26.2231880" lon="-50.9415950">
    <ele>761.0</ele>
   </trkpt>
   <trkpt lat="-26.2231290" lon="-50.9415630">
    <ele>761.0</ele>
   </trkpt>
   <trkpt lat="-26.2227660" lon="-50.9413800">
    <ele>760.8</ele>
   </trkpt>
   <trkpt lat="-26.2226430" lon="-50.9413410">
    <ele>760.6</ele>
   </trkpt>
   <trkpt lat="-26.2225140" lon="-50.9413270">
    <ele>760.4</ele>
   </trkpt>
   <trkpt lat="-26.2224460" lon="-50.9413290">
    <ele>760.4</ele>
   </trkpt>
   <trkpt lat="-26.2221160" lon="-50.9413850">
    <ele>760.0</ele>
   </trkpt>
   <trkpt lat="-26.2220560" lon="-50.9413970">
    <ele>760.0</ele>
   </trkpt>
   <trkpt lat="-26.2219370" lon="-50.9414110">
    <ele>760.0</ele>
   </trkpt>
   <trkpt lat="-26.2218180" lon="-50.9414340">
    <ele>760.0</ele>
   </trkpt>
   <trkpt lat="-26.2217560" lon="-50.9414480">
    <ele>760.0</ele>
   </trkpt>
   <trkpt lat="-26.2216950" lon="-50.9414580">
    <ele>760.0</ele>
   </trkpt>
   <trkpt lat="-26.2216370" lon="-50.9414690">
    <ele>760.0</ele>
   </trkpt>
   <trkpt lat="-26.2214500" lon="-50.9415130">
    <ele>760.2</ele>
   </trkpt>
   <trkpt lat="-26.2213460" lon="-50.9415290">
    <ele>760.4</ele>
   </trkpt>
   <trkpt lat="-26.2212390" lon="-50.9415490">
    <ele>760.6</ele>
   </trkpt>
   <trkpt lat="-26.2211850" lon="-50.9415570">
    <ele>760.6</ele>
   </trkpt>
   <trkpt lat="-26.2211320" lon="-50.9415640">
    <ele>760.8</ele>
   </trkpt>
   <trkpt lat="-26.2210770" lon="-50.9415720">
    <ele>760.8</ele>
   </trkpt>
   <trkpt lat="-26.2210230" lon="-50.9415800">
    <ele>761.0</ele>
   </trkpt>
   <trkpt lat="-26.2209690" lon="-50.9415900">
    <ele>761.2</ele>
   </trkpt>
   <trkpt lat="-26.2209140" lon="-50.9416010">
    <ele>761.4</ele>
   </trkpt>
   <trkpt lat="-26.2206970" lon="-50.9416400">
    <ele>761.4</ele>
   </trkpt>
   <trkpt lat="-26.2206440" lon="-50.9416340">
    <ele>761.4</ele>
   </trkpt>
   <trkpt lat="-26.2205440" lon="-50.9416070">
    <ele>761.2</ele>
   </trkpt>
   <trkpt lat="-26.2204630" lon="-50.9415600">
    <ele>761.2</ele>
   </trkpt>
   <trkpt lat="-26.2204250" lon="-50.9415340">
    <ele>761.0</ele>
   </trkpt>
   <trkpt lat="-26.2203360" lon="-50.9414880">
    <ele>759.6</ele>
   </trkpt>
   <trkpt lat="-26.2202050" lon="-50.9414280">
    <ele>759.8</ele>
   </trkpt>
   <trkpt lat="-26.2201610" lon="-50.9414090">
    <ele>759.8</ele>
   </trkpt>
   <trkpt lat="-26.2201170" lon="-50.9413880">
    <ele>760.0</ele>
   </trkpt>
   <trkpt lat="-26.2200730" lon="-50.9413680">
    <ele>760.2</ele>
   </trkpt>
   <trkpt lat="-26.2197500" lon="-50.9412080">
    <ele>761.6</ele>
   </trkpt>
   <trkpt lat="-26.2196510" lon="-50.9411580">
    <ele>762.4</ele>
   </trkpt>
   <trkpt lat="-26.2192830" lon="-50.9410100">
    <ele>762.4</ele>
   </trkpt>
   <trkpt lat="-26.2192300" lon="-50.9409890">
    <ele>762.4</ele>
   </trkpt>
   <trkpt lat="-26.2189610" lon="-50.9408620">
    <ele>762.4</ele>
   </trkpt>
   <trkpt lat="-26.2184820" lon="-50.9406380">
    <ele>762.4</ele>
   </trkpt>
   <trkpt lat="-26.2184310" lon="-50.9406140">
    <ele>762.6</ele>
   </trkpt>
   <trkpt lat="-26.2183800" lon="-50.9405920">
    <ele>762.6</ele>
   </trkpt>
   <trkpt lat="-26.2183270" lon="-50.9405710">
    <ele>762.6</ele>
   </trkpt>
   <trkpt lat="-26.2182750" lon="-50.9405500">
    <ele>762.4</ele>
   </trkpt>
   <trkpt lat="-26.2182240" lon="-50.9405240">
    <ele>762.6</ele>
   </trkpt>
   <trkpt lat="-26.2181750" lon="-50.9404980">
    <ele>762.8</ele>
   </trkpt>
   <trkpt lat="-26.2180740" lon="-50.9404490">
    <ele>762.6</ele>
   </trkpt>
   <trkpt lat="-26.2177640" lon="-50.9402870">
    <ele>762.2</ele>
   </trkpt>
   <trkpt lat="-26.2175090" lon="-50.9401690">
    <ele>762.4</ele>
   </trkpt>
   <trkpt lat="-26.2174110" lon="-50.9401120">
    <ele>762.6</ele>
   </trkpt>
   <trkpt lat="-26.2173620" lon="-50.9400850">
    <ele>762.6</ele>
   </trkpt>
   <trkpt lat="-26.2173130" lon="-50.9400600">
    <ele>762.4</ele>
   </trkpt>
   <trkpt lat="-26.2172620" lon="-50.9400360">
    <ele>762.4</ele>
   </trkpt>
   <trkpt lat="-26.2169440" lon="-50.9398920">
    <ele>762.6</ele>
   </trkpt>
   <trkpt lat="-26.2165750" lon="-50.9397120">
    <ele>762.2</ele>
   </trkpt>
   <trkpt lat="-26.2164170" lon="-50.9396320">
    <ele>761.8</ele>
   </trkpt>
   <trkpt lat="-26.2163650" lon="-50.9396060">
    <ele>761.8</ele>
   </trkpt>
   <trkpt lat="-26.2162210" lon="-50.9395270">
    <ele>762.0</ele>
   </trkpt>
   <trkpt lat="-26.2161730" lon="-50.9395040">
    <ele>762.0</ele>
   </trkpt>
   <trkpt lat="-26.2161220" lon="-50.9394790">
    <ele>762.2</ele>
   </trkpt>
   <trkpt lat="-26.2160710" lon="-50.9394540">
    <ele>762.4</ele>
   </trkpt>
   <trkpt lat="-26.2159660" lon="-50.9394050">
    <ele>763.2</ele>
   </trkpt>
   <trkpt lat="-26.2159170" lon="-50.9393810">
    <ele>763.2</ele>
   </trkpt>
   <trkpt lat="-26.2156690" lon="-50.9392620">
    <ele>763.6</ele>
   </trkpt>
   <trkpt lat="-26.2155760" lon="-50.9392140">
    <ele>763.8</ele>
   </trkpt>
   <trkpt lat="-26.2155300" lon="-50.9391900">
    <ele>763.8</ele>
   </trkpt>
   <trkpt lat="-26.2154830" lon="-50.9391680">
    <ele>763.8</ele>
   </trkpt>
   <trkpt lat="-26.2154360" lon="-50.9391460">
    <ele>764.0</ele>
   </trkpt>
   <trkpt lat="-26.2153910" lon="-50.9391230">
    <ele>764.0</ele>
   </trkpt>
   <trkpt lat="-26.2153460" lon="-50.9391020">
    <ele>764.0</ele>
   </trkpt>
   <trkpt lat="-26.2152990" lon="-50.9390830">
    <ele>764.0</ele>
   </trkpt>
   <trkpt lat="-26.2152530" lon="-50.9390620">
    <ele>764.0</ele>
   </trkpt>
   <trkpt lat="-26.2149120" lon="-50.9388970">
    <ele>764.2</ele>
   </trkpt>
   <trkpt lat="-26.2145200" lon="-50.9387100">
    <ele>764.8</ele>
   </trkpt>
   <trkpt lat="-26.2143770" lon="-50.9386470">
    <ele>765.0</ele>
   </trkpt>
   <trkpt lat="-26.2139910" lon="-50.9384520">
    <ele>765.2</ele>
   </trkpt>
   <trkpt lat="-26.2135290" lon="-50.9382180">
    <ele>765.6</ele>
   </trkpt>
   <trkpt lat="-26.2134780" lon="-50.9381920">
    <ele>765.8</ele>
   </trkpt>
   <trkpt lat="-26.2134290" lon="-50.9381650">
    <ele>766.0</ele>
   </trkpt>
   <trkpt lat="-26.2132350" lon="-50.9380730">
    <ele>766.2</ele>
   </trkpt>
   <trkpt lat="-26.2131900" lon="-50.9380510">
    <ele>767.0</ele>
   </trkpt>
   <trkpt lat="-26.2131460" lon="-50.9380280">
    <ele>767.2</ele>
   </trkpt>
   <trkpt lat="-26.2131020" lon="-50.9380090">
    <ele>767.4</ele>
   </trkpt>
   <trkpt lat="-26.2130570" lon="-50.9379910">
    <ele>767.4</ele>
   </trkpt>
   <trkpt lat="-26.2130140" lon="-50.9379750">
    <ele>767.6</ele>
   </trkpt>
   <trkpt lat="-26.2129700" lon="-50.9379560">
    <ele>767.6</ele>
   </trkpt>
   <trkpt lat="-26.2129260" lon="-50.9379390">
    <ele>767.6</ele>
   </trkpt>
   <trkpt lat="-26.2128820" lon="-50.9379200">
    <ele>767.8</ele>
   </trkpt>
   <trkpt lat="-26.2128380" lon="-50.9378990">
    <ele>768.0</ele>
   </trkpt>
   <trkpt lat="-26.2127930" lon="-50.9378800">
    <ele>768.0</ele>
   </trkpt>
   <trkpt lat="-26.2127510" lon="-50.9378600">
    <ele>768.2</ele>
   </trkpt>
   <trkpt lat="-26.2127100" lon="-50.9378380">
    <ele>768.2</ele>
   </trkpt>
   <trkpt lat="-26.2126680" lon="-50.9378180">
    <ele>768.2</ele>
   </trkpt>
   <trkpt lat="-26.2126280" lon="-50.9377980">
    <ele>768.4</ele>
   </trkpt>
   <trkpt lat="-26.2125890" lon="-50.9377790">
    <ele>768.4</ele>
   </trkpt>
   <trkpt lat="-26.2125500" lon="-50.9377630">
    <ele>768.4</ele>
   </trkpt>
   <trkpt lat="-26.2125100" lon="-50.9377440">
    <ele>768.6</ele>
   </trkpt>
   <trkpt lat="-26.2124700" lon="-50.9377250">
    <ele>768.6</ele>
   </trkpt>
   <trkpt lat="-26.2124280" lon="-50.9377080">
    <ele>768.8</ele>
   </trkpt>
   <trkpt lat="-26.2123870" lon="-50.9376900">
    <ele>768.8</ele>
   </trkpt>
   <trkpt lat="-26.2123470" lon="-50.9376710">
    <ele>769.0</ele>
   </trkpt>
   <trkpt lat="-26.2123080" lon="-50.9376530">
    <ele>769.2</ele>
   </trkpt>
   <trkpt lat="-26.2122680" lon="-50.9376380">
    <ele>769.2</ele>
   </trkpt>
   <trkpt lat="-26.2122290" lon="-50.9376240">
    <ele>769.4</ele>
   </trkpt>
   <trkpt lat="-26.2121940" lon="-50.9376060">
    <ele>770.0</ele>
   </trkpt>
   <trkpt lat="-26.2121610" lon="-50.9375870">
    <ele>770.2</ele>
   </trkpt>
   <trkpt lat="-26.2121290" lon="-50.9375700">
    <ele>770.2</ele>
   </trkpt>
   <trkpt lat="-26.2120970" lon="-50.9375540">
    <ele>770.2</ele>
   </trkpt>
   <trkpt lat="-26.2120640" lon="-50.9375410">
    <ele>770.4</ele>
   </trkpt>
   <trkpt lat="-26.2120350" lon="-50.9375280">
    <ele>770.4</ele>
   </trkpt>
   <trkpt lat="-26.2120060" lon="-50.9375160">
    <ele>770.6</ele>
   </trkpt>
   <trkpt lat="-26.2119790" lon="-50.9375030">
    <ele>770.6</ele>
   </trkpt>
   <trkpt lat="-26.2119530" lon="-50.9374900">
    <ele>771.0</ele>
   </trkpt>
   <trkpt lat="-26.2119270" lon="-50.9374760">
    <ele>771.0</ele>
   </trkpt>
   <trkpt lat="-26.2118990" lon="-50.9374610">
    <ele>771.0</ele>
   </trkpt>
   <trkpt lat="-26.2118690" lon="-50.9374450">
    <ele>771.2</ele>
   </trkpt>
   <trkpt lat="-26.2118430" lon="-50.9374300">
    <ele>771.4</ele>
   </trkpt>
   <trkpt lat="-26.2118170" lon="-50.9374170">
    <ele>771.8</ele>
   </trkpt>
   <trkpt lat="-26.2117890" lon="-50.9374070">
    <ele>772.2</ele>
   </trkpt>
   <trkpt lat="-26.2117610" lon="-50.9373980">
    <ele>772.2</ele>
   </trkpt>
   <trkpt lat="-26.2117320" lon="-50.9373920">
    <ele>772.4</ele>
   </trkpt>
   <trkpt lat="-26.2117040" lon="-50.9373820">
    <ele>772.8</ele>
   </trkpt>
   <trkpt lat="-26.2116770" lon="-50.9373720">
    <ele>773.0</ele>
   </trkpt>
   <trkpt lat="-26.2116500" lon="-50.9373610">
    <ele>773.4</ele>
   </trkpt>
   <trkpt lat="-26.2116290" lon="-50.9373500">
    <ele>773.6</ele>
   </trkpt>
   <trkpt lat="-26.2116130" lon="-50.9373390">
    <ele>774.2</ele>
   </trkpt>
   <trkpt lat="-26.2115980" lon="-50.9373270">
    <ele>774.2</ele>
   </trkpt>
   <trkpt lat="-26.2115770" lon="-50.9373160">
    <ele>774.2</ele>
   </trkpt>
   <trkpt lat="-26.2115500" lon="-50.9373040">
    <ele>774.6</ele>
   </trkpt>
   <trkpt lat="-26.2115190" lon="-50.9372910">
    <ele>774.6</ele>
   </trkpt>
   <trkpt lat="-26.2114870" lon="-50.9372750">
    <ele>774.8</ele>
   </trkpt>
   <trkpt lat="-26.2114580" lon="-50.9372610">
    <ele>775.2</ele>
   </trkpt>
   <trkpt lat="-26.2114300" lon="-50.9372440">
    <ele>775.6</ele>
   </trkpt>
   <trkpt lat="-26.2114000" lon="-50.9372320">
    <ele>776.0</ele>
   </trkpt>
   <trkpt lat="-26.2113660" lon="-50.9372230">
    <ele>776.4</ele>
   </trkpt>
   <trkpt lat="-26.2113320" lon="-50.9372150">
    <ele>776.6</ele>
   </trkpt>
   <trkpt lat="-26.2113020" lon="-50.9372060">
    <ele>777.2</ele>
   </trkpt>
   <trkpt lat="-26.2112760" lon="-50.9371910">
    <ele>777.6</ele>
   </trkpt>
   <trkpt lat="-26.2112510" lon="-50.9371790">
    <ele>777.8</ele>
   </trkpt>
   <trkpt lat="-26.2112230" lon="-50.9371680">
    <ele>777.8</ele>
   </trkpt>
   <trkpt lat="-26.2111930" lon="-50.9371600">
    <ele>778.0</ele>
   </trkpt>
   <trkpt lat="-26.2111650" lon="-50.9371540">
    <ele>778.4</ele>
   </trkpt>
   <trkpt lat="-26.2111380" lon="-50.9371430">
    <ele>778.6</ele>
   </trkpt>
   <trkpt lat="-26.2111130" lon="-50.9371270">
    <ele>779.0</ele>
   </trkpt>
   <trkpt lat="-26.2110890" lon="-50.9371110">
    <ele>779.4</ele>
   </trkpt>
   <trkpt lat="-26.2110650" lon="-50.9370960">
    <ele>779.8</ele>
   </trkpt>
   <trkpt lat="-26.2110460" lon="-50.9370780">
    <ele>780.0</ele>
   </trkpt>
   <trkpt lat="-26.2110280" lon="-50.9370600">
    <ele>780.4</ele>
   </trkpt>
   <trkpt lat="-26.2110070" lon="-50.9370480">
    <ele>780.6</ele>
   </trkpt>
   <trkpt lat="-26.2109820" lon="-50.9370360">
    <ele>781.0</ele>
   </trkpt>
   <trkpt lat="-26.2109580" lon="-50.9370220">
    <ele>781.4</ele>
   </trkpt>
   <trkpt lat="-26.2109330" lon="-50.9370080">
    <ele>781.6</ele>
   </trkpt>
   <trkpt lat="-26.2109050" lon="-50.9369950">
    <ele>781.8</ele>
   </trkpt>
   <trkpt lat="-26.2108780" lon="-50.9369780">
    <ele>782.2</ele>
   </trkpt>
   <trkpt lat="-26.2108490" lon="-50.9369610">
    <ele>782.4</ele>
   </trkpt>
   <trkpt lat="-26.2108220" lon="-50.9369470">
    <ele>782.4</ele>
   </trkpt>
   <trkpt lat="-26.2107940" lon="-50.9369350">
    <ele>782.6</ele>
   </trkpt>
   <trkpt lat="-26.2107660" lon="-50.9369240">
    <ele>783.0</ele>
   </trkpt>
   <trkpt lat="-26.2107390" lon="-50.9369140">
    <ele>783.0</ele>
   </trkpt>
   <trkpt lat="-26.2107120" lon="-50.9369080">
    <ele>783.2</ele>
   </trkpt>
   <trkpt lat="-26.2106840" lon="-50.9369030">
    <ele>783.4</ele>
   </trkpt>
   <trkpt lat="-26.2106560" lon="-50.9368980">
    <ele>783.6</ele>
   </trkpt>
   <trkpt lat="-26.2106280" lon="-50.9368920">
    <ele>783.6</ele>
   </trkpt>
   <trkpt lat="-26.2105990" lon="-50.9368870">
    <ele>783.8</ele>
   </trkpt>
   <trkpt lat="-26.2105710" lon="-50.9368820">
    <ele>783.8</ele>
   </trkpt>
   <trkpt lat="-26.2105380" lon="-50.9368770">
    <ele>783.8</ele>
   </trkpt>
   <trkpt lat="-26.2105080" lon="-50.9368720">
    <ele>783.8</ele>
   </trkpt>
   <trkpt lat="-26.2104800" lon="-50.9368650">
    <ele>783.8</ele>
   </trkpt>
   <trkpt lat="-26.2104550" lon="-50.9368580">
    <ele>783.4</ele>
   </trkpt>
   <trkpt lat="-26.2104280" lon="-50.9368530">
    <ele>783.2</ele>
   </trkpt>
   <trkpt lat="-26.2104010" lon="-50.9368510">
    <ele>783.2</ele>
   </trkpt>
   <trkpt lat="-26.2103750" lon="-50.9368470">
    <ele>783.2</ele>
   </trkpt>
   <trkpt lat="-26.2103470" lon="-50.9368470">
    <ele>783.2</ele>
   </trkpt>
   <trkpt lat="-26.2103150" lon="-50.9368500">
    <ele>783.2</ele>
   </trkpt>
   <trkpt lat="-26.2102860" lon="-50.9368520">
    <ele>783.2</ele>
   </trkpt>
   <trkpt lat="-26.2102590" lon="-50.9368530">
    <ele>783.4</ele>
   </trkpt>
   <trkpt lat="-26.2102320" lon="-50.9368540">
    <ele>783.6</ele>
   </trkpt>
   <trkpt lat="-26.2102060" lon="-50.9368570">
    <ele>783.6</ele>
   </trkpt>
   <trkpt lat="-26.2101830" lon="-50.9368590">
    <ele>783.6</ele>
   </trkpt>
   <trkpt lat="-26.2101600" lon="-50.9368610">
    <ele>783.6</ele>
   </trkpt>
   <trkpt lat="-26.2101400" lon="-50.9368610">
    <ele>783.8</ele>
   </trkpt>
   <trkpt lat="-26.2101250" lon="-50.9368620">
    <ele>783.8</ele>
   </trkpt>
   <trkpt lat="-26.2101140" lon="-50.9368640">
    <ele>783.8</ele>
   </trkpt>
   <trkpt lat="-26.2101090" lon="-50.9368650">
    <ele>783.8</ele>
   </trkpt>
   <trkpt lat="-26.2101090" lon="-50.9368650">
    <ele>783.8</ele>
   </trkpt>
   <trkpt lat="-26.2101090" lon="-50.9368650">
    <ele>783.8</ele>
   </trkpt>
   <trkpt lat="-26.2101090" lon="-50.9368650">
    <ele>783.8</ele>
   </trkpt>
   <trkpt lat="-26.2101060" lon="-50.9368690">
    <ele>784.0</ele>
   </trkpt>
   <trkpt lat="-26.2101040" lon="-50.9368820">
    <ele>783.6</ele>
   </trkpt>
   <trkpt lat="-26.2101040" lon="-50.9368820">
    <ele>783.6</ele>
   </trkpt>
   <trkpt lat="-26.2100900" lon="-50.9368580">
    <ele>783.8</ele>
   </trkpt>
   <trkpt lat="-26.2100610" lon="-50.9368080">
    <ele>783.8</ele>
   </trkpt>
   <trkpt lat="-26.2100480" lon="-50.9368040">
    <ele>783.8</ele>
   </trkpt>
   <trkpt lat="-26.2100260" lon="-50.9367990">
    <ele>783.8</ele>
   </trkpt>
   <trkpt lat="-26.2100020" lon="-50.9367940">
    <ele>783.8</ele>
   </trkpt>
   <trkpt lat="-26.2099780" lon="-50.9367890">
    <ele>783.8</ele>
   </trkpt>
   <trkpt lat="-26.2099110" lon="-50.9367720">
    <ele>784.2</ele>
   </trkpt>
   <trkpt lat="-26.2098900" lon="-50.9367590">
    <ele>784.4</ele>
   </trkpt>
   <trkpt lat="-26.2098700" lon="-50.9367460">
    <ele>784.4</ele>
   </trkpt>
   <trkpt lat="-26.2098480" lon="-50.9367390">
    <ele>784.4</ele>
   </trkpt>
   <trkpt lat="-26.2098120" lon="-50.9367380">
    <ele>784.2</ele>
   </trkpt>
   <trkpt lat="-26.2097930" lon="-50.9367380">
    <ele>784.2</ele>
   </trkpt>
   <trkpt lat="-26.2097720" lon="-50.9367360">
    <ele>784.0</ele>
   </trkpt>
   <trkpt lat="-26.2097510" lon="-50.9367320">
    <ele>783.8</ele>
   </trkpt>
   <trkpt lat="-26.2097310" lon="-50.9367280">
    <ele>783.8</ele>
   </trkpt>
   <trkpt lat="-26.2097100" lon="-50.9367230">
    <ele>783.8</ele>
   </trkpt>
   <trkpt lat="-26.2096850" lon="-50.9367170">
    <ele>783.6</ele>
   </trkpt>
   <trkpt lat="-26.2096600" lon="-50.9367100">
    <ele>783.6</ele>
   </trkpt>
   <trkpt lat="-26.2095830" lon="-50.9366980">
    <ele>783.6</ele>
   </trkpt>
   <trkpt lat="-26.2094510" lon="-50.9366430">
    <ele>783.6</ele>
   </trkpt>
   <trkpt lat="-26.2094400" lon="-50.9366130">
    <ele>783.6</ele>
   </trkpt>
   <trkpt lat="-26.2094490" lon="-50.9365190">
    <ele>783.6</ele>
   </trkpt>
   <trkpt lat="-26.2094550" lon="-50.9364820">
    <ele>783.6</ele>
   </trkpt>
   <trkpt lat="-26.2094800" lon="-50.9362690">
    <ele>784.8</ele>
   </trkpt>
   <trkpt lat="-26.2094900" lon="-50.9361670">
    <ele>785.6</ele>
   </trkpt>
   <trkpt lat="-26.2095160" lon="-50.9360110">
    <ele>785.8</ele>
   </trkpt>
   <trkpt lat="-26.2095240" lon="-50.9359640">
    <ele>785.8</ele>
   </trkpt>
   <trkpt lat="-26.2095330" lon="-50.9359170">
    <ele>785.6</ele>
   </trkpt>
   <trkpt lat="-26.2095680" lon="-50.9357180">
    <ele>785.6</ele>
   </trkpt>
   <trkpt lat="-26.2095750" lon="-50.9356640">
    <ele>785.6</ele>
   </trkpt>
   <trkpt lat="-26.2095920" lon="-50.9355600">
    <ele>785.8</ele>
   </trkpt>
   <trkpt lat="-26.2095980" lon="-50.9355070">
    <ele>786.0</ele>
   </trkpt>
   <trkpt lat="-26.2096060" lon="-50.9354500">
    <ele>786.2</ele>
   </trkpt>
   <trkpt lat="-26.2096180" lon="-50.9353360">
    <ele>786.4</ele>
   </trkpt>
   <trkpt lat="-26.2096350" lon="-50.9352270">
    <ele>786.8</ele>
   </trkpt>
   <trkpt lat="-26.2096410" lon="-50.9351720">
    <ele>787.0</ele>
   </trkpt>
   <trkpt lat="-26.2096640" lon="-50.9350210">
    <ele>787.2</ele>
   </trkpt>
   <trkpt lat="-26.2096770" lon="-50.9349240">
    <ele>787.0</ele>
   </trkpt>
   <trkpt lat="-26.2096840" lon="-50.9348770">
    <ele>787.0</ele>
   </trkpt>
   <trkpt lat="-26.2096940" lon="-50.9348280">
    <ele>787.0</ele>
   </trkpt>
   <trkpt lat="-26.2097030" lon="-50.9347800">
    <ele>786.8</ele>
   </trkpt>
   <trkpt lat="-26.2097110" lon="-50.9347290">
    <ele>786.4</ele>
   </trkpt>
   <trkpt lat="-26.2097160" lon="-50.9346760">
    <ele>786.0</ele>
   </trkpt>
   <trkpt lat="-26.2097250" lon="-50.9345750">
    <ele>785.8</ele>
   </trkpt>
   <trkpt lat="-26.2097420" lon="-50.9344690">
    <ele>785.8</ele>
   </trkpt>
   <trkpt lat="-26.2097860" lon="-50.9341190">
    <ele>786.4</ele>
   </trkpt>
   <trkpt lat="-26.2098170" lon="-50.9339710">
    <ele>784.6</ele>
   </trkpt>
   <trkpt lat="-26.2098660" lon="-50.9336770">
    <ele>783.8</ele>
   </trkpt>
   <trkpt lat="-26.2098780" lon="-50.9336060">
    <ele>783.6</ele>
   </trkpt>
   <trkpt lat="-26.2098910" lon="-50.9335320">
    <ele>783.4</ele>
   </trkpt>
   <trkpt lat="-26.2099530" lon="-50.9331220">
    <ele>783.0</ele>
   </trkpt>
   <trkpt lat="-26.2099690" lon="-50.9330670">
    <ele>783.2</ele>
   </trkpt>
   <trkpt lat="-26.2099980" lon="-50.9330310">
    <ele>783.2</ele>
   </trkpt>
   <trkpt lat="-26.2100350" lon="-50.9330120">
    <ele>783.6</ele>
   </trkpt>
   <trkpt lat="-26.2100750" lon="-50.9330110">
    <ele>783.6</ele>
   </trkpt>
   <trkpt lat="-26.2101120" lon="-50.9330160">
    <ele>783.6</ele>
   </trkpt>
   <trkpt lat="-26.2101490" lon="-50.9330230">
    <ele>783.6</ele>
   </trkpt>
   <trkpt lat="-26.2101850" lon="-50.9330320">
    <ele>783.6</ele>
   </trkpt>
   <trkpt lat="-26.2102260" lon="-50.9330410">
    <ele>783.8</ele>
   </trkpt>
   <trkpt lat="-26.2103450" lon="-50.9330700">
    <ele>784.0</ele>
   </trkpt>
   <trkpt lat="-26.2103840" lon="-50.9330780">
    <ele>784.4</ele>
   </trkpt>
   <trkpt lat="-26.2104180" lon="-50.9330840">
    <ele>784.6</ele>
   </trkpt>
   <trkpt lat="-26.2104460" lon="-50.9330900">
    <ele>784.6</ele>
   </trkpt>
   <trkpt lat="-26.2104690" lon="-50.9330950">
    <ele>784.6</ele>
   </trkpt>
   <trkpt lat="-26.2104910" lon="-50.9330960">
    <ele>784.6</ele>
   </trkpt>
   <trkpt lat="-26.2105120" lon="-50.9330980">
    <ele>784.6</ele>
   </trkpt>
   <trkpt lat="-26.2105290" lon="-50.9331030">
    <ele>784.8</ele>
   </trkpt>
   <trkpt lat="-26.2105610" lon="-50.9331110">
    <ele>784.8</ele>
   </trkpt>
   <trkpt lat="-26.2105740" lon="-50.9331150">
    <ele>785.0</ele>
   </trkpt>
   <trkpt lat="-26.2105860" lon="-50.9331180">
    <ele>785.0</ele>
   </trkpt>
   <trkpt lat="-26.2105970" lon="-50.9331240">
    <ele>785.2</ele>
   </trkpt>
   <trkpt lat="-26.2106080" lon="-50.9331290">
    <ele>785.2</ele>
   </trkpt>
   <trkpt lat="-26.2106170" lon="-50.9331310">
    <ele>785.2</ele>
   </trkpt>
   <trkpt lat="-26.2106350" lon="-50.9331470">
    <ele>785.2</ele>
   </trkpt>
   <trkpt lat="-26.2106390" lon="-50.9331550">
    <ele>785.2</ele>
   </trkpt>
   <trkpt lat="-26.2106440" lon="-50.9331580">
    <ele>785.2</ele>
   </trkpt>
   <trkpt lat="-26.2106590" lon="-50.9331480">
    <ele>785.2</ele>
   </trkpt>
   <trkpt lat="-26.2106630" lon="-50.9331520">
    <ele>785.2</ele>
   </trkpt>
   <trkpt lat="-26.2106630" lon="-50.9331520">
    <ele>785.2</ele>
   </trkpt>
   <trkpt lat="-26.2106630" lon="-50.9331520">
    <ele>785.2</ele>
   </trkpt>
   <trkpt lat="-26.2106630" lon="-50.9331520">
    <ele>785.2</ele>
   </trkpt>
   <trkpt lat="-26.2106630" lon="-50.9331520">
    <ele>784.8</ele>
   </trkpt>
   <trkpt lat="-26.2106630" lon="-50.9331520">
    <ele>784.4</ele>
   </trkpt>
   <trkpt lat="-26.2106630" lon="-50.9331520">
    <ele>784.4</ele>
   </trkpt>
   <trkpt lat="-26.2106480" lon="-50.9331410">
    <ele>784.2</ele>
   </trkpt>
   <trkpt lat="-26.2106370" lon="-50.9331390">
    <ele>784.2</ele>
   </trkpt>
   <trkpt lat="-26.2106230" lon="-50.9331370">
    <ele>784.0</ele>
   </trkpt>
   <trkpt lat="-26.2105460" lon="-50.9331150">
    <ele>783.6</ele>
   </trkpt>
   <trkpt lat="-26.2105240" lon="-50.9331060">
    <ele>783.6</ele>
   </trkpt>
   <trkpt lat="-26.2105020" lon="-50.9330940">
    <ele>783.4</ele>
   </trkpt>
   <trkpt lat="-26.2104790" lon="-50.9330820">
    <ele>783.4</ele>
   </trkpt>
   <trkpt lat="-26.2103680" lon="-50.9330380">
    <ele>783.4</ele>
   </trkpt>
   <trkpt lat="-26.2103650" lon="-50.9330340">
    <ele>783.4</ele>
   </trkpt>
   <trkpt lat="-26.2103650" lon="-50.9330340">
    <ele>783.4</ele>
   </trkpt>
   <trkpt lat="-26.2103650" lon="-50.9330340">
    <ele>783.4</ele>
   </trkpt>
   <trkpt lat="-26.2103650" lon="-50.9330340">
    <ele>783.2</ele>
   </trkpt>
   <trkpt lat="-26.2103650" lon="-50.9330340">
    <ele>783.0</ele>
   </trkpt>
   <trkpt lat="-26.2103650" lon="-50.9330340">
    <ele>782.8</ele>
   </trkpt>
   <trkpt lat="-26.2103650" lon="-50.9330340">
    <ele>782.8</ele>
   </trkpt>
   <trkpt lat="-26.2103580" lon="-50.9330360">
    <ele>782.8</ele>
   </trkpt>
   <trkpt lat="-26.2103550" lon="-50.9330680">
    <ele>782.6</ele>
   </trkpt>
   <trkpt lat="-26.2103750" lon="-50.9330860">
    <ele>782.6</ele>
   </trkpt>
   <trkpt lat="-26.2103900" lon="-50.9330880">
    <ele>782.6</ele>
   </trkpt>
   <trkpt lat="-26.2104090" lon="-50.9330900">
    <ele>782.6</ele>
   </trkpt>
   <trkpt lat="-26.2104560" lon="-50.9330810">
    <ele>782.6</ele>
   </trkpt>
   <trkpt lat="-26.2104840" lon="-50.9330770">
    <ele>782.6</ele>
   </trkpt>
   <trkpt lat="-26.2105120" lon="-50.9330750">
    <ele>782.6</ele>
   </trkpt>
   <trkpt lat="-26.2105270" lon="-50.9330820">
    <ele>782.6</ele>
   </trkpt>
   <trkpt lat="-26.2105390" lon="-50.9330920">
    <ele>782.6</ele>
   </trkpt>
   <trkpt lat="-26.2105580" lon="-50.9331150">
    <ele>782.8</ele>
   </trkpt>
   <trkpt lat="-26.2105660" lon="-50.9331250">
    <ele>782.8</ele>
   </trkpt>
   <trkpt lat="-26.2105790" lon="-50.9331310">
    <ele>782.8</ele>
   </trkpt>
   <trkpt lat="-26.2105910" lon="-50.9331340">
    <ele>782.8</ele>
   </trkpt>
   <trkpt lat="-26.2106040" lon="-50.9331370">
    <ele>783.0</ele>
   </trkpt>
   <trkpt lat="-26.2106170" lon="-50.9331400">
    <ele>783.0</ele>
   </trkpt>
   <trkpt lat="-26.2106290" lon="-50.9331420">
    <ele>783.0</ele>
   </trkpt>
   <trkpt lat="-26.2106400" lon="-50.9331440">
    <ele>783.0</ele>
   </trkpt>
   <trkpt lat="-26.2106510" lon="-50.9331440">
    <ele>783.0</ele>
   </trkpt>
   <trkpt lat="-26.2106610" lon="-50.9331390">
    <ele>783.0</ele>
   </trkpt>
   <trkpt lat="-26.2106660" lon="-50.9331340">
    <ele>783.2</ele>
   </trkpt>
   <trkpt lat="-26.2106670" lon="-50.9331270">
    <ele>783.2</ele>
   </trkpt>
   <trkpt lat="-26.2106680" lon="-50.9331240">
    <ele>783.2</ele>
   </trkpt>
   <trkpt lat="-26.2106680" lon="-50.9331240">
    <ele>783.2</ele>
   </trkpt>
   <trkpt lat="-26.2106680" lon="-50.9331240">
    <ele>783.2</ele>
   </trkpt>
   <trkpt lat="-26.2106680" lon="-50.9331240">
    <ele>783.2</ele>
   </trkpt>
   <trkpt lat="-26.2106680" lon="-50.9331240">
    <ele>783.2</ele>
   </trkpt>
   <trkpt lat="-26.2107880" lon="-50.9330660">
    <ele>783.4</ele>
   </trkpt>
   <trkpt lat="-26.2107880" lon="-50.9330660">
    <ele>783.4</ele>
   </trkpt>
   <trkpt lat="-26.2107880" lon="-50.9330660">
    <ele>783.4</ele>
   </trkpt>
   <trkpt lat="-26.2107380" lon="-50.9330570">
    <ele>783.0</ele>
   </trkpt>
   <trkpt lat="-26.2107070" lon="-50.9330620">
    <ele>783.0</ele>
   </trkpt>
   <trkpt lat="-26.2107020" lon="-50.9330700">
    <ele>783.0</ele>
   </trkpt>
   <trkpt lat="-26.2106970" lon="-50.9330790">
    <ele>783.0</ele>
   </trkpt>
   <trkpt lat="-26.2106920" lon="-50.9330830">
    <ele>783.0</ele>
   </trkpt>
   <trkpt lat="-26.2106920" lon="-50.9330830">
    <ele>782.8</ele>
   </trkpt>
   <trkpt lat="-26.2106750" lon="-50.9330910">
    <ele>782.6</ele>
   </trkpt>
   <trkpt lat="-26.2106390" lon="-50.9330910">
    <ele>782.4</ele>
   </trkpt>
   <trkpt lat="-26.2106180" lon="-50.9330900">
    <ele>782.4</ele>
   </trkpt>
   <trkpt lat="-26.2105980" lon="-50.9330930">
    <ele>782.2</ele>
   </trkpt>
   <trkpt lat="-26.2104980" lon="-50.9330980">
    <ele>782.2</ele>
   </trkpt>
   <trkpt lat="-26.2104150" lon="-50.9330870">
    <ele>782.0</ele>
   </trkpt>
   <trkpt lat="-26.2102970" lon="-50.9330680">
    <ele>782.0</ele>
   </trkpt>
   <trkpt lat="-26.2101040" lon="-50.9330280">
    <ele>782.2</ele>
   </trkpt>
   <trkpt lat="-26.2100810" lon="-50.9330200">
    <ele>782.2</ele>
   </trkpt>
   <trkpt lat="-26.2100560" lon="-50.9330150">
    <ele>782.2</ele>
   </trkpt>
   <trkpt lat="-26.2100310" lon="-50.9330140">
    <ele>782.2</ele>
   </trkpt>
   <trkpt lat="-26.2100050" lon="-50.9330210">
    <ele>782.2</ele>
   </trkpt>
   <trkpt lat="-26.2099770" lon="-50.9330320">
    <ele>782.2</ele>
   </trkpt>
   <trkpt lat="-26.2099530" lon="-50.9330520">
    <ele>782.2</ele>
   </trkpt>
   <trkpt lat="-26.2099400" lon="-50.9330790">
    <ele>782.2</ele>
   </trkpt>
   <trkpt lat="-26.2099150" lon="-50.9331740">
    <ele>782.6</ele>
   </trkpt>
   <trkpt lat="-26.2099090" lon="-50.9332100">
    <ele>782.6</ele>
   </trkpt>
   <trkpt lat="-26.2098940" lon="-50.9333410">
    <ele>782.6</ele>
   </trkpt>
   <trkpt lat="-26.2098480" lon="-50.9336480">
    <ele>782.6</ele>
   </trkpt>
   <trkpt lat="-26.2098370" lon="-50.9337290">
    <ele>782.8</ele>
   </trkpt>
   <trkpt lat="-26.2098350" lon="-50.9337690">
    <ele>783.2</ele>
   </trkpt>
   <trkpt lat="-26.2098300" lon="-50.9338100">
    <ele>783.4</ele>
   </trkpt>
   <trkpt lat="-26.2098220" lon="-50.9338520">
    <ele>783.6</ele>
   </trkpt>
   <trkpt lat="-26.2098170" lon="-50.9338940">
    <ele>783.8</ele>
   </trkpt>
   <trkpt lat="-26.2098120" lon="-50.9339370">
    <ele>783.8</ele>
   </trkpt>
   <trkpt lat="-26.2098020" lon="-50.9340210">
    <ele>784.0</ele>
   </trkpt>
   <trkpt lat="-26.2097700" lon="-50.9342910">
    <ele>784.2</ele>
   </trkpt>
   <trkpt lat="-26.2097660" lon="-50.9343270">
    <ele>784.2</ele>
   </trkpt>
   <trkpt lat="-26.2097670" lon="-50.9343630">
    <ele>784.6</ele>
   </trkpt>
   <trkpt lat="-26.2097630" lon="-50.9343990">
    <ele>784.6</ele>
   </trkpt>
   <trkpt lat="-26.2097570" lon="-50.9344340">
    <ele>784.6</ele>
   </trkpt>
   <trkpt lat="-26.2097510" lon="-50.9344690">
    <ele>784.8</ele>
   </trkpt>
   <trkpt lat="-26.2097430" lon="-50.9345000">
    <ele>785.0</ele>
   </trkpt>
   <trkpt lat="-26.2097340" lon="-50.9345360">
    <ele>785.0</ele>
   </trkpt>
   <trkpt lat="-26.2097320" lon="-50.9345710">
    <ele>785.2</ele>
   </trkpt>
   <trkpt lat="-26.2097290" lon="-50.9346070">
    <ele>785.2</ele>
   </trkpt>
   <trkpt lat="-26.2097270" lon="-50.9346410">
    <ele>785.4</ele>
   </trkpt>
   <trkpt lat="-26.2097150" lon="-50.9347140">
    <ele>785.6</ele>
   </trkpt>
   <trkpt lat="-26.2096920" lon="-50.9348640">
    <ele>786.0</ele>
   </trkpt>
   <trkpt lat="-26.2096170" lon="-50.9353490">
    <ele>786.4</ele>
   </trkpt>
   <trkpt lat="-26.2095840" lon="-50.9355470">
    <ele>786.4</ele>
   </trkpt>
   <trkpt lat="-26.2095560" lon="-50.9356690">
    <ele>786.2</ele>
   </trkpt>
   <trkpt lat="-26.2095140" lon="-50.9360230">
    <ele>785.4</ele>
   </trkpt>
   <trkpt lat="-26.2095080" lon="-50.9360770">
    <ele>785.2</ele>
   </trkpt>
   <trkpt lat="-26.2094470" lon="-50.9364200">
    <ele>784.6</ele>
   </trkpt>
   <trkpt lat="-26.2094290" lon="-50.9365390">
    <ele>784.4</ele>
   </trkpt>
   <trkpt lat="-26.2093780" lon="-50.9368530">
    <ele>784.0</ele>
   </trkpt>
   <trkpt lat="-26.2093520" lon="-50.9370580">
    <ele>783.6</ele>
   </trkpt>
   <trkpt lat="-26.2093430" lon="-50.9371250">
    <ele>783.4</ele>
   </trkpt>
   <trkpt lat="-26.2093100" lon="-50.9373300">
    <ele>782.6</ele>
   </trkpt>
   <trkpt lat="-26.2092870" lon="-50.9374560">
    <ele>782.6</ele>
   </trkpt>
   <trkpt lat="-26.2092720" lon="-50.9375890">
    <ele>782.4</ele>
   </trkpt>
   <trkpt lat="-26.2092060" lon="-50.9379970">
    <ele>781.2</ele>
   </trkpt>
   <trkpt lat="-26.2091670" lon="-50.9382960">
    <ele>780.0</ele>
   </trkpt>
   <trkpt lat="-26.2091430" lon="-50.9385240">
    <ele>779.4</ele>
   </trkpt>
   <trkpt lat="-26.2091200" lon="-50.9386800">
    <ele>779.0</ele>
   </trkpt>
   <trkpt lat="-26.2090920" lon="-50.9388440">
    <ele>779.0</ele>
   </trkpt>
   <trkpt lat="-26.2090470" lon="-50.9392840">
    <ele>779.8</ele>
   </trkpt>
   <trkpt lat="-26.2089280" lon="-50.9399000">
    <ele>778.8</ele>
   </trkpt>
   <trkpt lat="-26.2088650" lon="-50.9403310">
    <ele>777.8</ele>
   </trkpt>
   <trkpt lat="-26.2088520" lon="-50.9404150">
    <ele>777.6</ele>
   </trkpt>
   <trkpt lat="-26.2088400" lon="-50.9404980">
    <ele>777.4</ele>
   </trkpt>
   <trkpt lat="-26.2088280" lon="-50.9405790">
    <ele>777.2</ele>
   </trkpt>
   <trkpt lat="-26.2088090" lon="-50.9407470">
    <ele>777.2</ele>
   </trkpt>
   <trkpt lat="-26.2088000" lon="-50.9408270">
    <ele>777.0</ele>
   </trkpt>
   <trkpt lat="-26.2087860" lon="-50.9409110">
    <ele>776.8</ele>
   </trkpt>
   <trkpt lat="-26.2087790" lon="-50.9409930">
    <ele>776.6</ele>
   </trkpt>
   <trkpt lat="-26.2087800" lon="-50.9410770">
    <ele>776.2</ele>
   </trkpt>
   <trkpt lat="-26.2087830" lon="-50.9411610">
    <ele>776.2</ele>
   </trkpt>
   <trkpt lat="-26.2087700" lon="-50.9412420">
    <ele>776.0</ele>
   </trkpt>
   <trkpt lat="-26.2087400" lon="-50.9413170">
    <ele>775.6</ele>
   </trkpt>
   <trkpt lat="-26.2086860" lon="-50.9413800">
    <ele>775.2</ele>
   </trkpt>
   <trkpt lat="-26.2085390" lon="-50.9414250">
    <ele>774.2</ele>
   </trkpt>
   <trkpt lat="-26.2083940" lon="-50.9414050">
    <ele>773.8</ele>
   </trkpt>
   <trkpt lat="-26.2083230" lon="-50.9413870">
    <ele>773.6</ele>
   </trkpt>
   <trkpt lat="-26.2082520" lon="-50.9413780">
    <ele>773.6</ele>
   </trkpt>
   <trkpt lat="-26.2081820" lon="-50.9413790">
    <ele>773.4</ele>
   </trkpt>
   <trkpt lat="-26.2081140" lon="-50.9413680">
    <ele>773.4</ele>
   </trkpt>
   <trkpt lat="-26.2080480" lon="-50.9413520">
    <ele>773.2</ele>
   </trkpt>
   <trkpt lat="-26.2079860" lon="-50.9413460">
    <ele>773.0</ele>
   </trkpt>
   <trkpt lat="-26.2079320" lon="-50.9413560">
    <ele>772.8</ele>
   </trkpt>
   <trkpt lat="-26.2078890" lon="-50.9413910">
    <ele>772.8</ele>
   </trkpt>
   <trkpt lat="-26.2078610" lon="-50.9414350">
    <ele>772.6</ele>
   </trkpt>
   <trkpt lat="-26.2078420" lon="-50.9414870">
    <ele>772.4</ele>
   </trkpt>
   <trkpt lat="-26.2078060" lon="-50.9416140">
    <ele>772.4</ele>
   </trkpt>
   <trkpt lat="-26.2077940" lon="-50.9416850">
    <ele>772.0</ele>
   </trkpt>
   <trkpt lat="-26.2077700" lon="-50.9418310">
    <ele>771.4</ele>
   </trkpt>
   <trkpt lat="-26.2076960" lon="-50.9419510">
    <ele>771.0</ele>
   </trkpt>
   <trkpt lat="-26.2076380" lon="-50.9419990">
    <ele>770.8</ele>
   </trkpt>
   <trkpt lat="-26.2075780" lon="-50.9420390">
    <ele>770.6</ele>
   </trkpt>
   <trkpt lat="-26.2075190" lon="-50.9420770">
    <ele>770.6</ele>
   </trkpt>
   <trkpt lat="-26.2074590" lon="-50.9421210">
    <ele>770.4</ele>
   </trkpt>
   <trkpt lat="-26.2073370" lon="-50.9421970">
    <ele>769.6</ele>
   </trkpt>
   <trkpt lat="-26.2072220" lon="-50.9422720">
    <ele>769.4</ele>
   </trkpt>
   <trkpt lat="-26.2069920" lon="-50.9424250">
    <ele>768.8</ele>
   </trkpt>
   <trkpt lat="-26.2069450" lon="-50.9424680">
    <ele>768.6</ele>
   </trkpt>
   <trkpt lat="-26.2069040" lon="-50.9425160">
    <ele>768.6</ele>
   </trkpt>
   <trkpt lat="-26.2068280" lon="-50.9426220">
    <ele>768.4</ele>
   </trkpt>
   <trkpt lat="-26.2067890" lon="-50.9426770">
    <ele>768.2</ele>
   </trkpt>
   <trkpt lat="-26.2067480" lon="-50.9427340">
    <ele>768.2</ele>
   </trkpt>
   <trkpt lat="-26.2067080" lon="-50.9427920">
    <ele>767.8</ele>
   </trkpt>
   <trkpt lat="-26.2066690" lon="-50.9428500">
    <ele>767.2</ele>
   </trkpt>
   <trkpt lat="-26.2066280" lon="-50.9429020">
    <ele>767.2</ele>
   </trkpt>
   <trkpt lat="-26.2065860" lon="-50.9429540">
    <ele>767.0</ele>
   </trkpt>
   <trkpt lat="-26.2065540" lon="-50.9430120">
    <ele>766.6</ele>
   </trkpt>
   <trkpt lat="-26.2064710" lon="-50.9431990">
    <ele>766.2</ele>
   </trkpt>
   <trkpt lat="-26.2064170" lon="-50.9433270">
    <ele>765.8</ele>
   </trkpt>
   <trkpt lat="-26.2063960" lon="-50.9433920">
    <ele>765.8</ele>
   </trkpt>
   <trkpt lat="-26.2063600" lon="-50.9435200">
    <ele>765.2</ele>
   </trkpt>
   <trkpt lat="-26.2063410" lon="-50.9435860">
    <ele>763.6</ele>
   </trkpt>
   <trkpt lat="-26.2062450" lon="-50.9439010">
    <ele>762.8</ele>
   </trkpt>
   <trkpt lat="-26.2062290" lon="-50.9439660">
    <ele>763.0</ele>
   </trkpt>
   <trkpt lat="-26.2062180" lon="-50.9440320">
    <ele>763.6</ele>
   </trkpt>
   <trkpt lat="-26.2061970" lon="-50.9442480">
    <ele>764.4</ele>
   </trkpt>
   <trkpt lat="-26.2061950" lon="-50.9444430">
    <ele>764.0</ele>
   </trkpt>
   <trkpt lat="-26.2061980" lon="-50.9445090">
    <ele>764.0</ele>
   </trkpt>
   <trkpt lat="-26.2062220" lon="-50.9448490">
    <ele>763.8</ele>
   </trkpt>
   <trkpt lat="-26.2063020" lon="-50.9453840">
    <ele>763.2</ele>
   </trkpt>
   <trkpt lat="-26.2063260" lon="-50.9455190">
    <ele>763.0</ele>
   </trkpt>
   <trkpt lat="-26.2063980" lon="-50.9457790">
    <ele>762.8</ele>
   </trkpt>
   <trkpt lat="-26.2064420" lon="-50.9459050">
    <ele>762.8</ele>
   </trkpt>
   <trkpt lat="-26.2064950" lon="-50.9460230">
    <ele>763.2</ele>
   </trkpt>
   <trkpt lat="-26.2065220" lon="-50.9460830">
    <ele>763.2</ele>
   </trkpt>
   <trkpt lat="-26.2065470" lon="-50.9461400">
    <ele>763.4</ele>
   </trkpt>
   <trkpt lat="-26.2065760" lon="-50.9461950">
    <ele>763.4</ele>
   </trkpt>
   <trkpt lat="-26.2066050" lon="-50.9462500">
    <ele>763.4</ele>
   </trkpt>
   <trkpt lat="-26.2066340" lon="-50.9463050">
    <ele>763.6</ele>
   </trkpt>
   <trkpt lat="-26.2066640" lon="-50.9463590">
    <ele>763.8</ele>
   </trkpt>
   <trkpt lat="-26.2067560" lon="-50.9465340">
    <ele>764.0</ele>
   </trkpt>
   <trkpt lat="-26.2067870" lon="-50.9465950">
    <ele>764.0</ele>
   </trkpt>
   <trkpt lat="-26.2068950" lon="-50.9468420">
    <ele>763.8</ele>
   </trkpt>
   <trkpt lat="-26.2069710" lon="-50.9470320">
    <ele>763.6</ele>
   </trkpt>
   <trkpt lat="-26.2070780" lon="-50.9472940">
    <ele>763.2</ele>
   </trkpt>
   <trkpt lat="-26.2071220" lon="-50.9474990">
    <ele>763.2</ele>
   </trkpt>
   <trkpt lat="-26.2071330" lon="-50.9477720">
    <ele>762.2</ele>
   </trkpt>
   <trkpt lat="-26.2071260" lon="-50.9478410">
    <ele>761.0</ele>
   </trkpt>
   <trkpt lat="-26.2071180" lon="-50.9479110">
    <ele>760.8</ele>
   </trkpt>
   <trkpt lat="-26.2071070" lon="-50.9479780">
    <ele>760.8</ele>
   </trkpt>
   <trkpt lat="-26.2070980" lon="-50.9480450">
    <ele>760.8</ele>
   </trkpt>
   <trkpt lat="-26.2070720" lon="-50.9481780">
    <ele>761.0</ele>
   </trkpt>
   <trkpt lat="-26.2070480" lon="-50.9483780">
    <ele>761.6</ele>
   </trkpt>
   <trkpt lat="-26.2070320" lon="-50.9485790">
    <ele>763.0</ele>
   </trkpt>
   <trkpt lat="-26.2070370" lon="-50.9487800">
    <ele>764.2</ele>
   </trkpt>
   <trkpt lat="-26.2070370" lon="-50.9489100">
    <ele>764.4</ele>
   </trkpt>
   <trkpt lat="-26.2070380" lon="-50.9490420">
    <ele>764.6</ele>
   </trkpt>
   <trkpt lat="-26.2070320" lon="-50.9491780">
    <ele>764.6</ele>
   </trkpt>
   <trkpt lat="-26.2070350" lon="-50.9492410">
    <ele>764.6</ele>
   </trkpt>
   <trkpt lat="-26.2070470" lon="-50.9492970">
    <ele>764.6</ele>
   </trkpt>
   <trkpt lat="-26.2070680" lon="-50.9493470">
    <ele>764.4</ele>
   </trkpt>
   <trkpt lat="-26.2070990" lon="-50.9493870">
    <ele>763.8</ele>
   </trkpt>
   <trkpt lat="-26.2071390" lon="-50.9494080">
    <ele>763.4</ele>
   </trkpt>
   <trkpt lat="-26.2071830" lon="-50.9494130">
    <ele>763.4</ele>
   </trkpt>
   <trkpt lat="-26.2072260" lon="-50.9494090">
    <ele>763.4</ele>
   </trkpt>
   <trkpt lat="-26.2072730" lon="-50.9494000">
    <ele>763.6</ele>
   </trkpt>
   <trkpt lat="-26.2073180" lon="-50.9493880">
    <ele>763.8</ele>
   </trkpt>
   <trkpt lat="-26.2073610" lon="-50.9493770">
    <ele>764.2</ele>
   </trkpt>
   <trkpt lat="-26.2074040" lon="-50.9493640">
    <ele>764.8</ele>
   </trkpt>
   <trkpt lat="-26.2076000" lon="-50.9493080">
    <ele>765.0</ele>
   </trkpt>
   <trkpt lat="-26.2076460" lon="-50.9492940">
    <ele>765.0</ele>
   </trkpt>
   <trkpt lat="-26.2076940" lon="-50.9492870">
    <ele>765.0</ele>
   </trkpt>
   <trkpt lat="-26.2078180" lon="-50.9492690">
    <ele>765.0</ele>
   </trkpt>
   <trkpt lat="-26.2079060" lon="-50.9492490">
    <ele>765.2</ele>
   </trkpt>
   <trkpt lat="-26.2079500" lon="-50.9492370">
    <ele>765.2</ele>
   </trkpt>
   <trkpt lat="-26.2079930" lon="-50.9492270">
    <ele>765.4</ele>
   </trkpt>
   <trkpt lat="-26.2080390" lon="-50.9492170">
    <ele>765.4</ele>
   </trkpt>
   <trkpt lat="-26.2080890" lon="-50.9492050">
    <ele>765.6</ele>
   </trkpt>
   <trkpt lat="-26.2081860" lon="-50.9491820">
    <ele>765.8</ele>
   </trkpt>
   <trkpt lat="-26.2082300" lon="-50.9491760">
    <ele>765.8</ele>
   </trkpt>
   <trkpt lat="-26.2082690" lon="-50.9491700">
    <ele>766.0</ele>
   </trkpt>
   <trkpt lat="-26.2083420" lon="-50.9491560">
    <ele>766.4</ele>
   </trkpt>
   <trkpt lat="-26.2083710" lon="-50.9491500">
    <ele>766.6</ele>
   </trkpt>
   <trkpt lat="-26.2083940" lon="-50.9491450">
    <ele>767.0</ele>
   </trkpt>
   <trkpt lat="-26.2084140" lon="-50.9491410">
    <ele>767.4</ele>
   </trkpt>
   <trkpt lat="-26.2084390" lon="-50.9491380">
    <ele>767.8</ele>
   </trkpt>
   <trkpt lat="-26.2084610" lon="-50.9491340">
    <ele>768.0</ele>
   </trkpt>
   <trkpt lat="-26.2084840" lon="-50.9491290">
    <ele>768.2</ele>
   </trkpt>
   <trkpt lat="-26.2085100" lon="-50.9491260">
    <ele>768.4</ele>
   </trkpt>
   <trkpt lat="-26.2085310" lon="-50.9491230">
    <ele>768.6</ele>
   </trkpt>
   <trkpt lat="-26.2085550" lon="-50.9491190">
    <ele>769.0</ele>
   </trkpt>
   <trkpt lat="-26.2085800" lon="-50.9491170">
    <ele>769.2</ele>
   </trkpt>
   <trkpt lat="-26.2086010" lon="-50.9491160">
    <ele>769.4</ele>
   </trkpt>
   <trkpt lat="-26.2086240" lon="-50.9491110">
    <ele>769.8</ele>
   </trkpt>
   <trkpt lat="-26.2086470" lon="-50.9491050">
    <ele>770.0</ele>
   </trkpt>
   <trkpt lat="-26.2086700" lon="-50.9491010">
    <ele>770.0</ele>
   </trkpt>
   <trkpt lat="-26.2086910" lon="-50.9490970">
    <ele>770.4</ele>
   </trkpt>
   <trkpt lat="-26.2087140" lon="-50.9490950">
    <ele>770.6</ele>
   </trkpt>
   <trkpt lat="-26.2087360" lon="-50.9490910">
    <ele>770.8</ele>
   </trkpt>
   <trkpt lat="-26.2087570" lon="-50.9490850">
    <ele>771.2</ele>
   </trkpt>
   <trkpt lat="-26.2087790" lon="-50.9490830">
    <ele>771.4</ele>
   </trkpt>
   <trkpt lat="-26.2088030" lon="-50.9490810">
    <ele>771.4</ele>
   </trkpt>
   <trkpt lat="-26.2088270" lon="-50.9490780">
    <ele>771.6</ele>
   </trkpt>
   <trkpt lat="-26.2088510" lon="-50.9490750">
    <ele>771.8</ele>
   </trkpt>
   <trkpt lat="-26.2088770" lon="-50.9490710">
    <ele>772.2</ele>
   </trkpt>
   <trkpt lat="-26.2089020" lon="-50.9490630">
    <ele>772.6</ele>
   </trkpt>
   <trkpt lat="-26.2089270" lon="-50.9490580">
    <ele>772.8</ele>
   </trkpt>
   <trkpt lat="-26.2089490" lon="-50.9490530">
    <ele>772.8</ele>
   </trkpt>
   <trkpt lat="-26.2089730" lon="-50.9490490">
    <ele>773.0</ele>
   </trkpt>
   <trkpt lat="-26.2089970" lon="-50.9490430">
    <ele>773.4</ele>
   </trkpt>
   <trkpt lat="-26.2090180" lon="-50.9490390">
    <ele>773.6</ele>
   </trkpt>
   <trkpt lat="-26.2090400" lon="-50.9490340">
    <ele>773.8</ele>
   </trkpt>
   <trkpt lat="-26.2090620" lon="-50.9490310">
    <ele>774.2</ele>
   </trkpt>
   <trkpt lat="-26.2090820" lon="-50.9490270">
    <ele>774.4</ele>
   </trkpt>
   <trkpt lat="-26.2091050" lon="-50.9490210">
    <ele>774.8</ele>
   </trkpt>
   <trkpt lat="-26.2091250" lon="-50.9490180">
    <ele>775.2</ele>
   </trkpt>
   <trkpt lat="-26.2091450" lon="-50.9490160">
    <ele>775.2</ele>
   </trkpt>
   <trkpt lat="-26.2091660" lon="-50.9490150">
    <ele>775.4</ele>
   </trkpt>
   <trkpt lat="-26.2091850" lon="-50.9490140">
    <ele>775.8</ele>
   </trkpt>
   <trkpt lat="-26.2092000" lon="-50.9490120">
    <ele>776.0</ele>
   </trkpt>
   <trkpt lat="-26.2092160" lon="-50.9490100">
    <ele>776.2</ele>
   </trkpt>
   <trkpt lat="-26.2092360" lon="-50.9490050">
    <ele>776.8</ele>
   </trkpt>
   <trkpt lat="-26.2092610" lon="-50.9489980">
    <ele>777.0</ele>
   </trkpt>
   <trkpt lat="-26.2092840" lon="-50.9489900">
    <ele>777.2</ele>
   </trkpt>
   <trkpt lat="-26.2093050" lon="-50.9489820">
    <ele>777.6</ele>
   </trkpt>
   <trkpt lat="-26.2093250" lon="-50.9489780">
    <ele>778.0</ele>
   </trkpt>
   <trkpt lat="-26.2093470" lon="-50.9489720">
    <ele>778.4</ele>
   </trkpt>
   <trkpt lat="-26.2093720" lon="-50.9489650">
    <ele>778.6</ele>
   </trkpt>
   <trkpt lat="-26.2093920" lon="-50.9489640">
    <ele>778.8</ele>
   </trkpt>
   <trkpt lat="-26.2094090" lon="-50.9489670">
    <ele>779.2</ele>
   </trkpt>
   <trkpt lat="-26.2094280" lon="-50.9489660">
    <ele>779.4</ele>
   </trkpt>
   <trkpt lat="-26.2094470" lon="-50.9489600">
    <ele>779.8</ele>
   </trkpt>
   <trkpt lat="-26.2094650" lon="-50.9489570">
    <ele>780.0</ele>
   </trkpt>
   <trkpt lat="-26.2094830" lon="-50.9489540">
    <ele>780.2</ele>
   </trkpt>
   <trkpt lat="-26.2095020" lon="-50.9489510">
    <ele>780.6</ele>
   </trkpt>
   <trkpt lat="-26.2095240" lon="-50.9489450">
    <ele>781.0</ele>
   </trkpt>
   <trkpt lat="-26.2095450" lon="-50.9489410">
    <ele>781.0</ele>
   </trkpt>
   <trkpt lat="-26.2095650" lon="-50.9489380">
    <ele>781.2</ele>
   </trkpt>
   <trkpt lat="-26.2095890" lon="-50.9489340">
    <ele>781.4</ele>
   </trkpt>
   <trkpt lat="-26.2096150" lon="-50.9489290">
    <ele>781.6</ele>
   </trkpt>
   <trkpt lat="-26.2096410" lon="-50.9489260">
    <ele>781.8</ele>
   </trkpt>
   <trkpt lat="-26.2096650" lon="-50.9489200">
    <ele>781.8</ele>
   </trkpt>
   <trkpt lat="-26.2096900" lon="-50.9489140">
    <ele>782.2</ele>
   </trkpt>
   <trkpt lat="-26.2097170" lon="-50.9489100">
    <ele>782.4</ele>
   </trkpt>
   <trkpt lat="-26.2097440" lon="-50.9489050">
    <ele>782.4</ele>
   </trkpt>
   <trkpt lat="-26.2097730" lon="-50.9489000">
    <ele>782.6</ele>
   </trkpt>
   <trkpt lat="-26.2098010" lon="-50.9488920">
    <ele>782.6</ele>
   </trkpt>
   <trkpt lat="-26.2098290" lon="-50.9488850">
    <ele>782.8</ele>
   </trkpt>
   <trkpt lat="-26.2098580" lon="-50.9488810">
    <ele>783.0</ele>
   </trkpt>
   <trkpt lat="-26.2098880" lon="-50.9488750">
    <ele>783.2</ele>
   </trkpt>
   <trkpt lat="-26.2099170" lon="-50.9488710">
    <ele>783.2</ele>
   </trkpt>
   <trkpt lat="-26.2099470" lon="-50.9488660">
    <ele>783.2</ele>
   </trkpt>
   <trkpt lat="-26.2099770" lon="-50.9488650">
    <ele>783.4</ele>
   </trkpt>
   <trkpt lat="-26.2100080" lon="-50.9488610">
    <ele>783.6</ele>
   </trkpt>
   <trkpt lat="-26.2100370" lon="-50.9488570">
    <ele>783.8</ele>
   </trkpt>
   <trkpt lat="-26.2100690" lon="-50.9488520">
    <ele>784.0</ele>
   </trkpt>
   <trkpt lat="-26.2100970" lon="-50.9488460">
    <ele>784.0</ele>
   </trkpt>
   <trkpt lat="-26.2101260" lon="-50.9488370">
    <ele>784.0</ele>
   </trkpt>
   <trkpt lat="-26.2101570" lon="-50.9488290">
    <ele>784.2</ele>
   </trkpt>
   <trkpt lat="-26.2101880" lon="-50.9488220">
    <ele>784.2</ele>
   </trkpt>
   <trkpt lat="-26.2102190" lon="-50.9488180">
    <ele>784.2</ele>
   </trkpt>
   <trkpt lat="-26.2102440" lon="-50.9488140">
    <ele>784.2</ele>
   </trkpt>
   <trkpt lat="-26.2102730" lon="-50.9488080">
    <ele>784.2</ele>
   </trkpt>
   <trkpt lat="-26.2103050" lon="-50.9487980">
    <ele>784.0</ele>
   </trkpt>
   <trkpt lat="-26.2103370" lon="-50.9487900">
    <ele>784.0</ele>
   </trkpt>
   <trkpt lat="-26.2103760" lon="-50.9487820">
    <ele>784.0</ele>
   </trkpt>
   <trkpt lat="-26.2104220" lon="-50.9487750">
    <ele>783.8</ele>
   </trkpt>
   <trkpt lat="-26.2104720" lon="-50.9487670">
    <ele>783.6</ele>
   </trkpt>
   <trkpt lat="-26.2105290" lon="-50.9487590">
    <ele>783.6</ele>
   </trkpt>
   <trkpt lat="-26.2105910" lon="-50.9487500">
    <ele>783.4</ele>
   </trkpt>
   <trkpt lat="-26.2107330" lon="-50.9487300">
    <ele>782.4</ele>
   </trkpt>
   <trkpt lat="-26.2109640" lon="-50.9487070">
    <ele>781.0</ele>
   </trkpt>
   <trkpt lat="-26.2111300" lon="-50.9487190">
    <ele>780.6</ele>
   </trkpt>
   <trkpt lat="-26.2112890" lon="-50.9487860">
    <ele>780.0</ele>
   </trkpt>
   <trkpt lat="-26.2113590" lon="-50.9488390">
    <ele>779.8</ele>
   </trkpt>
   <trkpt lat="-26.2114220" lon="-50.9488970">
    <ele>779.6</ele>
   </trkpt>
   <trkpt lat="-26.2114710" lon="-50.9489630">
    <ele>779.2</ele>
   </trkpt>
   <trkpt lat="-26.2115140" lon="-50.9490330">
    <ele>779.2</ele>
   </trkpt>
   <trkpt lat="-26.2115560" lon="-50.9491010">
    <ele>779.2</ele>
   </trkpt>
   <trkpt lat="-26.2115940" lon="-50.9491660">
    <ele>779.2</ele>
   </trkpt>
   <trkpt lat="-26.2116320" lon="-50.9492300">
    <ele>779.2</ele>
   </trkpt>
   <trkpt lat="-26.2116710" lon="-50.9492920">
    <ele>779.4</ele>
   </trkpt>
   <trkpt lat="-26.2117070" lon="-50.9493550">
    <ele>779.4</ele>
   </trkpt>
   <trkpt lat="-26.2117430" lon="-50.9494160">
    <ele>779.4</ele>
   </trkpt>
   <trkpt lat="-26.2118170" lon="-50.9495300">
    <ele>779.2</ele>
   </trkpt>
   <trkpt lat="-26.2118540" lon="-50.9495850">
    <ele>779.2</ele>
   </trkpt>
   <trkpt lat="-26.2118850" lon="-50.9496390">
    <ele>779.2</ele>
   </trkpt>
   <trkpt lat="-26.2119190" lon="-50.9496900">
    <ele>779.2</ele>
   </trkpt>
   <trkpt lat="-26.2119530" lon="-50.9497410">
    <ele>779.2</ele>
   </trkpt>
   <trkpt lat="-26.2120150" lon="-50.9498370">
    <ele>779.2</ele>
   </trkpt>
   <trkpt lat="-26.2120440" lon="-50.9498840">
    <ele>779.4</ele>
   </trkpt>
   <trkpt lat="-26.2120730" lon="-50.9499260">
    <ele>779.6</ele>
   </trkpt>
   <trkpt lat="-26.2121020" lon="-50.9499640">
    <ele>779.8</ele>
   </trkpt>
   <trkpt lat="-26.2121300" lon="-50.9500000">
    <ele>780.0</ele>
   </trkpt>
   <trkpt lat="-26.2121550" lon="-50.9500340">
    <ele>780.2</ele>
   </trkpt>
   <trkpt lat="-26.2121780" lon="-50.9500690">
    <ele>780.6</ele>
   </trkpt>
   <trkpt lat="-26.2121960" lon="-50.9501040">
    <ele>781.0</ele>
   </trkpt>
   <trkpt lat="-26.2122180" lon="-50.9501360">
    <ele>781.2</ele>
   </trkpt>
   <trkpt lat="-26.2122390" lon="-50.9501680">
    <ele>781.6</ele>
   </trkpt>
   <trkpt lat="-26.2122820" lon="-50.9502360">
    <ele>782.2</ele>
   </trkpt>
   <trkpt lat="-26.2123050" lon="-50.9502710">
    <ele>782.4</ele>
   </trkpt>
   <trkpt lat="-26.2123250" lon="-50.9503050">
    <ele>782.4</ele>
   </trkpt>
   <trkpt lat="-26.2123470" lon="-50.9503420">
    <ele>782.6</ele>
   </trkpt>
   <trkpt lat="-26.2124130" lon="-50.9504490">
    <ele>783.0</ele>
   </trkpt>
   <trkpt lat="-26.2124370" lon="-50.9504860">
    <ele>783.0</ele>
   </trkpt>
   <trkpt lat="-26.2124590" lon="-50.9505220">
    <ele>783.2</ele>
   </trkpt>
   <trkpt lat="-26.2124840" lon="-50.9505580">
    <ele>783.2</ele>
   </trkpt>
   <trkpt lat="-26.2125080" lon="-50.9505950">
    <ele>783.4</ele>
   </trkpt>
   <trkpt lat="-26.2125280" lon="-50.9506290">
    <ele>783.6</ele>
   </trkpt>
   <trkpt lat="-26.2125480" lon="-50.9506650">
    <ele>783.8</ele>
   </trkpt>
   <trkpt lat="-26.2125680" lon="-50.9507010">
    <ele>784.4</ele>
   </trkpt>
   <trkpt lat="-26.2125880" lon="-50.9507350">
    <ele>784.4</ele>
   </trkpt>
   <trkpt lat="-26.2126090" lon="-50.9507690">
    <ele>784.4</ele>
   </trkpt>
   <trkpt lat="-26.2126350" lon="-50.9508020">
    <ele>784.6</ele>
   </trkpt>
   <trkpt lat="-26.2126590" lon="-50.9508370">
    <ele>785.0</ele>
   </trkpt>
   <trkpt lat="-26.2126790" lon="-50.9508720">
    <ele>785.0</ele>
   </trkpt>
   <trkpt lat="-26.2127010" lon="-50.9509110">
    <ele>785.0</ele>
   </trkpt>
   <trkpt lat="-26.2127240" lon="-50.9509510">
    <ele>785.2</ele>
   </trkpt>
   <trkpt lat="-26.2127500" lon="-50.9509920">
    <ele>785.2</ele>
   </trkpt>
   <trkpt lat="-26.2127740" lon="-50.9510310">
    <ele>785.2</ele>
   </trkpt>
   <trkpt lat="-26.2127980" lon="-50.9510710">
    <ele>785.4</ele>
   </trkpt>
   <trkpt lat="-26.2128220" lon="-50.9511090">
    <ele>785.4</ele>
   </trkpt>
   <trkpt lat="-26.2128460" lon="-50.9511490">
    <ele>785.6</ele>
   </trkpt>
   <trkpt lat="-26.2128680" lon="-50.9511900">
    <ele>785.8</ele>
   </trkpt>
   <trkpt lat="-26.2128900" lon="-50.9512320">
    <ele>785.8</ele>
   </trkpt>
   <trkpt lat="-26.2129130" lon="-50.9512710">
    <ele>785.8</ele>
   </trkpt>
   <trkpt lat="-26.2129370" lon="-50.9513110">
    <ele>785.8</ele>
   </trkpt>
   <trkpt lat="-26.2129610" lon="-50.9513520">
    <ele>786.0</ele>
   </trkpt>
   <trkpt lat="-26.2129850" lon="-50.9513900">
    <ele>786.0</ele>
   </trkpt>
   <trkpt lat="-26.2130080" lon="-50.9514310">
    <ele>786.2</ele>
   </trkpt>
   <trkpt lat="-26.2130300" lon="-50.9514680">
    <ele>786.2</ele>
   </trkpt>
   <trkpt lat="-26.2130490" lon="-50.9515020">
    <ele>786.6</ele>
   </trkpt>
   <trkpt lat="-26.2130690" lon="-50.9515310">
    <ele>786.6</ele>
   </trkpt>
   <trkpt lat="-26.2130860" lon="-50.9515570">
    <ele>787.0</ele>
   </trkpt>
   <trkpt lat="-26.2131010" lon="-50.9515820">
    <ele>787.2</ele>
   </trkpt>
   <trkpt lat="-26.2131160" lon="-50.9516030">
    <ele>787.4</ele>
   </trkpt>
   <trkpt lat="-26.2131280" lon="-50.9516240">
    <ele>787.6</ele>
   </trkpt>
   <trkpt lat="-26.2131410" lon="-50.9516420">
    <ele>787.6</ele>
   </trkpt>
   <trkpt lat="-26.2131520" lon="-50.9516600">
    <ele>788.0</ele>
   </trkpt>
   <trkpt lat="-26.2131630" lon="-50.9516770">
    <ele>788.2</ele>
   </trkpt>
   <trkpt lat="-26.2131750" lon="-50.9516930">
    <ele>788.6</ele>
   </trkpt>
   <trkpt lat="-26.2131880" lon="-50.9517110">
    <ele>788.8</ele>
   </trkpt>
   <trkpt lat="-26.2132000" lon="-50.9517290">
    <ele>789.2</ele>
   </trkpt>
   <trkpt lat="-26.2132120" lon="-50.9517440">
    <ele>789.4</ele>
   </trkpt>
   <trkpt lat="-26.2132220" lon="-50.9517630">
    <ele>790.0</ele>
   </trkpt>
   <trkpt lat="-26.2132290" lon="-50.9517820">
    <ele>790.6</ele>
   </trkpt>
   <trkpt lat="-26.2132430" lon="-50.9518020">
    <ele>790.8</ele>
   </trkpt>
   <trkpt lat="-26.2132590" lon="-50.9518230">
    <ele>791.4</ele>
   </trkpt>
   <trkpt lat="-26.2132670" lon="-50.9518430">
    <ele>791.6</ele>
   </trkpt>
   <trkpt lat="-26.2132760" lon="-50.9518630">
    <ele>791.8</ele>
   </trkpt>
   <trkpt lat="-26.2132810" lon="-50.9518820">
    <ele>792.4</ele>
   </trkpt>
   <trkpt lat="-26.2132900" lon="-50.9519010">
    <ele>793.0</ele>
   </trkpt>
   <trkpt lat="-26.2133000" lon="-50.9519220">
    <ele>793.2</ele>
   </trkpt>
   <trkpt lat="-26.2133160" lon="-50.9519430">
    <ele>793.6</ele>
   </trkpt>
   <trkpt lat="-26.2133290" lon="-50.9519620">
    <ele>794.0</ele>
   </trkpt>
   <trkpt lat="-26.2133400" lon="-50.9519800">
    <ele>794.2</ele>
   </trkpt>
   <trkpt lat="-26.2133510" lon="-50.9519970">
    <ele>794.4</ele>
   </trkpt>
   <trkpt lat="-26.2133620" lon="-50.9520150">
    <ele>795.0</ele>
   </trkpt>
   <trkpt lat="-26.2133780" lon="-50.9520370">
    <ele>795.4</ele>
   </trkpt>
   <trkpt lat="-26.2134060" lon="-50.9520640">
    <ele>795.4</ele>
   </trkpt>
   <trkpt lat="-26.2134220" lon="-50.9520890">
    <ele>795.8</ele>
   </trkpt>
   <trkpt lat="-26.2134370" lon="-50.9521090">
    <ele>796.2</ele>
   </trkpt>
   <trkpt lat="-26.2134530" lon="-50.9521330">
    <ele>796.4</ele>
   </trkpt>
   <trkpt lat="-26.2134680" lon="-50.9521550">
    <ele>796.6</ele>
   </trkpt>
   <trkpt lat="-26.2134860" lon="-50.9521780">
    <ele>796.8</ele>
   </trkpt>
   <trkpt lat="-26.2135050" lon="-50.9522030">
    <ele>797.0</ele>
   </trkpt>
   <trkpt lat="-26.2135230" lon="-50.9522200">
    <ele>797.2</ele>
   </trkpt>
   <trkpt lat="-26.2135370" lon="-50.9522450">
    <ele>797.4</ele>
   </trkpt>
   <trkpt lat="-26.2135480" lon="-50.9522660">
    <ele>797.4</ele>
   </trkpt>
   <trkpt lat="-26.2135640" lon="-50.9522850">
    <ele>797.6</ele>
   </trkpt>
   <trkpt lat="-26.2135740" lon="-50.9523060">
    <ele>798.0</ele>
   </trkpt>
   <trkpt lat="-26.2135860" lon="-50.9523270">
    <ele>798.4</ele>
   </trkpt>
   <trkpt lat="-26.2135980" lon="-50.9523470">
    <ele>798.6</ele>
   </trkpt>
   <trkpt lat="-26.2136090" lon="-50.9523680">
    <ele>798.8</ele>
   </trkpt>
   <trkpt lat="-26.2136170" lon="-50.9523870">
    <ele>799.0</ele>
   </trkpt>
   <trkpt lat="-26.2136220" lon="-50.9524030">
    <ele>799.4</ele>
   </trkpt>
   <trkpt lat="-26.2136310" lon="-50.9524210">
    <ele>799.6</ele>
   </trkpt>
   <trkpt lat="-26.2136460" lon="-50.9524430">
    <ele>799.8</ele>
   </trkpt>
   <trkpt lat="-26.2136600" lon="-50.9524650">
    <ele>800.0</ele>
   </trkpt>
   <trkpt lat="-26.2136800" lon="-50.9524870">
    <ele>800.2</ele>
   </trkpt>
   <trkpt lat="-26.2136970" lon="-50.9525100">
    <ele>800.6</ele>
   </trkpt>
   <trkpt lat="-26.2137130" lon="-50.9525330">
    <ele>800.8</ele>
   </trkpt>
   <trkpt lat="-26.2137270" lon="-50.9525550">
    <ele>801.2</ele>
   </trkpt>
   <trkpt lat="-26.2137380" lon="-50.9525780">
    <ele>801.4</ele>
   </trkpt>
   <trkpt lat="-26.2137530" lon="-50.9526030">
    <ele>801.6</ele>
   </trkpt>
   <trkpt lat="-26.2137670" lon="-50.9526280">
    <ele>802.0</ele>
   </trkpt>
   <trkpt lat="-26.2137760" lon="-50.9526520">
    <ele>802.0</ele>
   </trkpt>
   <trkpt lat="-26.2137860" lon="-50.9526760">
    <ele>802.2</ele>
   </trkpt>
   <trkpt lat="-26.2137960" lon="-50.9526950">
    <ele>802.4</ele>
   </trkpt>
   <trkpt lat="-26.2138090" lon="-50.9527160">
    <ele>802.6</ele>
   </trkpt>
   <trkpt lat="-26.2138240" lon="-50.9527340">
    <ele>803.0</ele>
   </trkpt>
   <trkpt lat="-26.2138380" lon="-50.9527510">
    <ele>803.0</ele>
   </trkpt>
   <trkpt lat="-26.2138510" lon="-50.9527700">
    <ele>803.4</ele>
   </trkpt>
   <trkpt lat="-26.2138650" lon="-50.9527890">
    <ele>803.4</ele>
   </trkpt>
   <trkpt lat="-26.2138790" lon="-50.9528040">
    <ele>803.4</ele>
   </trkpt>
   <trkpt lat="-26.2138920" lon="-50.9528230">
    <ele>803.6</ele>
   </trkpt>
   <trkpt lat="-26.2139080" lon="-50.9528430">
    <ele>803.6</ele>
   </trkpt>
   <trkpt lat="-26.2139210" lon="-50.9528640">
    <ele>803.8</ele>
   </trkpt>
   <trkpt lat="-26.2139330" lon="-50.9528860">
    <ele>803.8</ele>
   </trkpt>
   <trkpt lat="-26.2139450" lon="-50.9529100">
    <ele>803.8</ele>
   </trkpt>
   <trkpt lat="-26.2139600" lon="-50.9529340">
    <ele>803.8</ele>
   </trkpt>
   <trkpt lat="-26.2139740" lon="-50.9529580">
    <ele>803.8</ele>
   </trkpt>
   <trkpt lat="-26.2139880" lon="-50.9529810">
    <ele>803.8</ele>
   </trkpt>
   <trkpt lat="-26.2140000" lon="-50.9530100">
    <ele>803.8</ele>
   </trkpt>
   <trkpt lat="-26.2140150" lon="-50.9530380">
    <ele>803.8</ele>
   </trkpt>
   <trkpt lat="-26.2140320" lon="-50.9530690">
    <ele>803.8</ele>
   </trkpt>
   <trkpt lat="-26.2140540" lon="-50.9531010">
    <ele>803.8</ele>
   </trkpt>
   <trkpt lat="-26.2140770" lon="-50.9531330">
    <ele>803.8</ele>
   </trkpt>
   <trkpt lat="-26.2140960" lon="-50.9531670">
    <ele>803.8</ele>
   </trkpt>
   <trkpt lat="-26.2141170" lon="-50.9532010">
    <ele>803.8</ele>
   </trkpt>
   <trkpt lat="-26.2141380" lon="-50.9532360">
    <ele>803.8</ele>
   </trkpt>
   <trkpt lat="-26.2141580" lon="-50.9532670">
    <ele>803.8</ele>
   </trkpt>
   <trkpt lat="-26.2141770" lon="-50.9532990">
    <ele>804.0</ele>
   </trkpt>
   <trkpt lat="-26.2141970" lon="-50.9533320">
    <ele>804.0</ele>
   </trkpt>
   <trkpt lat="-26.2142310" lon="-50.9533960">
    <ele>804.2</ele>
   </trkpt>
   <trkpt lat="-26.2143770" lon="-50.9536340">
    <ele>804.8</ele>
   </trkpt>
   <trkpt lat="-26.2144210" lon="-50.9537050">
    <ele>805.4</ele>
   </trkpt>
   <trkpt lat="-26.2144910" lon="-50.9538020">
    <ele>806.0</ele>
   </trkpt>
   <trkpt lat="-26.2145130" lon="-50.9538330">
    <ele>806.2</ele>
   </trkpt>
   <trkpt lat="-26.2145550" lon="-50.9538970">
    <ele>806.4</ele>
   </trkpt>
   <trkpt lat="-26.2146040" lon="-50.9539660">
    <ele>806.8</ele>
   </trkpt>
   <trkpt lat="-26.2146250" lon="-50.9540020">
    <ele>807.2</ele>
   </trkpt>
   <trkpt lat="-26.2146480" lon="-50.9540370">
    <ele>807.6</ele>
   </trkpt>
   <trkpt lat="-26.2146710" lon="-50.9540730">
    <ele>807.8</ele>
   </trkpt>
   <trkpt lat="-26.2146910" lon="-50.9541070">
    <ele>807.8</ele>
   </trkpt>
   <trkpt lat="-26.2147150" lon="-50.9541410">
    <ele>807.8</ele>
   </trkpt>
   <trkpt lat="-26.2147370" lon="-50.9541760">
    <ele>808.0</ele>
   </trkpt>
   <trkpt lat="-26.2147620" lon="-50.9542130">
    <ele>808.2</ele>
   </trkpt>
   <trkpt lat="-26.2147830" lon="-50.9542490">
    <ele>808.4</ele>
   </trkpt>
   <trkpt lat="-26.2148060" lon="-50.9542820">
    <ele>808.4</ele>
   </trkpt>
   <trkpt lat="-26.2148280" lon="-50.9543190">
    <ele>808.6</ele>
   </trkpt>
   <trkpt lat="-26.2148500" lon="-50.9543530">
    <ele>808.6</ele>
   </trkpt>
   <trkpt lat="-26.2148710" lon="-50.9543900">
    <ele>808.6</ele>
   </trkpt>
   <trkpt lat="-26.2148940" lon="-50.9544270">
    <ele>808.8</ele>
   </trkpt>
   <trkpt lat="-26.2149160" lon="-50.9544590">
    <ele>809.0</ele>
   </trkpt>
   <trkpt lat="-26.2149380" lon="-50.9544930">
    <ele>809.0</ele>
   </trkpt>
   <trkpt lat="-26.2149610" lon="-50.9545270">
    <ele>809.0</ele>
   </trkpt>
   <trkpt lat="-26.2149850" lon="-50.9545640">
    <ele>809.2</ele>
   </trkpt>
   <trkpt lat="-26.2150110" lon="-50.9546040">
    <ele>809.2</ele>
   </trkpt>
   <trkpt lat="-26.2150300" lon="-50.9546390">
    <ele>809.2</ele>
   </trkpt>
   <trkpt lat="-26.2150500" lon="-50.9546780">
    <ele>809.4</ele>
   </trkpt>
   <trkpt lat="-26.2150670" lon="-50.9547180">
    <ele>809.4</ele>
   </trkpt>
   <trkpt lat="-26.2150840" lon="-50.9547620">
    <ele>809.4</ele>
   </trkpt>
   <trkpt lat="-26.2151080" lon="-50.9548030">
    <ele>809.4</ele>
   </trkpt>
   <trkpt lat="-26.2151320" lon="-50.9548400">
    <ele>809.4</ele>
   </trkpt>
   <trkpt lat="-26.2151560" lon="-50.9548800">
    <ele>809.4</ele>
   </trkpt>
   <trkpt lat="-26.2151800" lon="-50.9549230">
    <ele>809.6</ele>
   </trkpt>
   <trkpt lat="-26.2152110" lon="-50.9549690">
    <ele>809.6</ele>
   </trkpt>
   <trkpt lat="-26.2152390" lon="-50.9550150">
    <ele>809.6</ele>
   </trkpt>
   <trkpt lat="-26.2152700" lon="-50.9550620">
    <ele>809.6</ele>
   </trkpt>
   <trkpt lat="-26.2153310" lon="-50.9551600">
    <ele>808.2</ele>
   </trkpt>
   <trkpt lat="-26.2153600" lon="-50.9552110">
    <ele>807.6</ele>
   </trkpt>
   <trkpt lat="-26.2154780" lon="-50.9554160">
    <ele>808.6</ele>
   </trkpt>
   <trkpt lat="-26.2156010" lon="-50.9556290">
    <ele>809.0</ele>
   </trkpt>
   <trkpt lat="-26.2158020" lon="-50.9559350">
    <ele>808.6</ele>
   </trkpt>
   <trkpt lat="-26.2158630" lon="-50.9560420">
    <ele>808.2</ele>
   </trkpt>
   <trkpt lat="-26.2159940" lon="-50.9562780">
    <ele>807.6</ele>
   </trkpt>
   <trkpt lat="-26.2160680" lon="-50.9564070">
    <ele>806.8</ele>
   </trkpt>
   <trkpt lat="-26.2161140" lon="-50.9564800">
    <ele>806.6</ele>
   </trkpt>
   <trkpt lat="-26.2162090" lon="-50.9566400">
    <ele>805.4</ele>
   </trkpt>
   <trkpt lat="-26.2163080" lon="-50.9568070">
    <ele>803.8</ele>
   </trkpt>
   <trkpt lat="-26.2163520" lon="-50.9568880">
    <ele>803.4</ele>
   </trkpt>
   <trkpt lat="-26.2163940" lon="-50.9569650">
    <ele>803.0</ele>
   </trkpt>
   <trkpt lat="-26.2164400" lon="-50.9570390">
    <ele>803.0</ele>
   </trkpt>
   <trkpt lat="-26.2164850" lon="-50.9571080">
    <ele>803.0</ele>
   </trkpt>
   <trkpt lat="-26.2165290" lon="-50.9571740">
    <ele>803.0</ele>
   </trkpt>
   <trkpt lat="-26.2165710" lon="-50.9572390">
    <ele>803.0</ele>
   </trkpt>
   <trkpt lat="-26.2166130" lon="-50.9573000">
    <ele>803.2</ele>
   </trkpt>
   <trkpt lat="-26.2166540" lon="-50.9573590">
    <ele>803.4</ele>
   </trkpt>
   <trkpt lat="-26.2166920" lon="-50.9574160">
    <ele>803.8</ele>
   </trkpt>
   <trkpt lat="-26.2167240" lon="-50.9574720">
    <ele>804.0</ele>
   </trkpt>
   <trkpt lat="-26.2167560" lon="-50.9575270">
    <ele>804.2</ele>
   </trkpt>
   <trkpt lat="-26.2167920" lon="-50.9575840">
    <ele>804.4</ele>
   </trkpt>
   <trkpt lat="-26.2168970" lon="-50.9577500">
    <ele>805.0</ele>
   </trkpt>
   <trkpt lat="-26.2169340" lon="-50.9578030">
    <ele>805.2</ele>
   </trkpt>
   <trkpt lat="-26.2169700" lon="-50.9578540">
    <ele>805.4</ele>
   </trkpt>
   <trkpt lat="-26.2170050" lon="-50.9579070">
    <ele>805.8</ele>
   </trkpt>
   <trkpt lat="-26.2170380" lon="-50.9579600">
    <ele>806.0</ele>
   </trkpt>
   <trkpt lat="-26.2170720" lon="-50.9580110">
    <ele>806.2</ele>
   </trkpt>
   <trkpt lat="-26.2171040" lon="-50.9580640">
    <ele>806.4</ele>
   </trkpt>
   <trkpt lat="-26.2171310" lon="-50.9581150">
    <ele>806.6</ele>
   </trkpt>
   <trkpt lat="-26.2171590" lon="-50.9581660">
    <ele>806.8</ele>
   </trkpt>
   <trkpt lat="-26.2171850" lon="-50.9582140">
    <ele>807.2</ele>
   </trkpt>
   <trkpt lat="-26.2172370" lon="-50.9583010">
    <ele>808.0</ele>
   </trkpt>
   <trkpt lat="-26.2172610" lon="-50.9583420">
    <ele>808.6</ele>
   </trkpt>
   <trkpt lat="-26.2172830" lon="-50.9583880">
    <ele>808.8</ele>
   </trkpt>
   <trkpt lat="-26.2173010" lon="-50.9584330">
    <ele>809.4</ele>
   </trkpt>
   <trkpt lat="-26.2173180" lon="-50.9584820">
    <ele>809.8</ele>
   </trkpt>
   <trkpt lat="-26.2173310" lon="-50.9585310">
    <ele>810.0</ele>
   </trkpt>
   <trkpt lat="-26.2173380" lon="-50.9585810">
    <ele>810.2</ele>
   </trkpt>
   <trkpt lat="-26.2173400" lon="-50.9586330">
    <ele>810.4</ele>
   </trkpt>
   <trkpt lat="-26.2173370" lon="-50.9586830">
    <ele>810.4</ele>
   </trkpt>
   <trkpt lat="-26.2173320" lon="-50.9587310">
    <ele>810.8</ele>
   </trkpt>
   <trkpt lat="-26.2173250" lon="-50.9587790">
    <ele>810.8</ele>
   </trkpt>
   <trkpt lat="-26.2173150" lon="-50.9588270">
    <ele>811.0</ele>
   </trkpt>
   <trkpt lat="-26.2172960" lon="-50.9588770">
    <ele>811.2</ele>
   </trkpt>
   <trkpt lat="-26.2172770" lon="-50.9589260">
    <ele>811.4</ele>
   </trkpt>
   <trkpt lat="-26.2172600" lon="-50.9589750">
    <ele>811.4</ele>
   </trkpt>
   <trkpt lat="-26.2172410" lon="-50.9590250">
    <ele>811.4</ele>
   </trkpt>
   <trkpt lat="-26.2172220" lon="-50.9590740">
    <ele>811.6</ele>
   </trkpt>
   <trkpt lat="-26.2172020" lon="-50.9591230">
    <ele>811.6</ele>
   </trkpt>
   <trkpt lat="-26.2171810" lon="-50.9591750">
    <ele>811.6</ele>
   </trkpt>
   <trkpt lat="-26.2171610" lon="-50.9592260">
    <ele>811.8</ele>
   </trkpt>
   <trkpt lat="-26.2171420" lon="-50.9592770">
    <ele>811.8</ele>
   </trkpt>
   <trkpt lat="-26.2171230" lon="-50.9593290">
    <ele>812.0</ele>
   </trkpt>
   <trkpt lat="-26.2171050" lon="-50.9593800">
    <ele>812.0</ele>
   </trkpt>
   <trkpt lat="-26.2170860" lon="-50.9594320">
    <ele>812.0</ele>
   </trkpt>
   <trkpt lat="-26.2170650" lon="-50.9594830">
    <ele>812.0</ele>
   </trkpt>
   <trkpt lat="-26.2170430" lon="-50.9595340">
    <ele>812.0</ele>
   </trkpt>
   <trkpt lat="-26.2170220" lon="-50.9595860">
    <ele>812.0</ele>
   </trkpt>
   <trkpt lat="-26.2169990" lon="-50.9596390">
    <ele>812.0</ele>
   </trkpt>
   <trkpt lat="-26.2169740" lon="-50.9596930">
    <ele>812.0</ele>
   </trkpt>
   <trkpt lat="-26.2169520" lon="-50.9597460">
    <ele>812.0</ele>
   </trkpt>
   <trkpt lat="-26.2169270" lon="-50.9597980">
    <ele>812.0</ele>
   </trkpt>
   <trkpt lat="-26.2169030" lon="-50.9598490">
    <ele>811.8</ele>
   </trkpt>
   <trkpt lat="-26.2168770" lon="-50.9598980">
    <ele>810.4</ele>
   </trkpt>
   <trkpt lat="-26.2168480" lon="-50.9599410">
    <ele>810.4</ele>
   </trkpt>
   <trkpt lat="-26.2167780" lon="-50.9600310">
    <ele>810.0</ele>
   </trkpt>
   <trkpt lat="-26.2167370" lon="-50.9600750">
    <ele>809.8</ele>
   </trkpt>
   <trkpt lat="-26.2164960" lon="-50.9602710">
    <ele>810.8</ele>
   </trkpt>
   <trkpt lat="-26.2160570" lon="-50.9606190">
    <ele>811.2</ele>
   </trkpt>
   <trkpt lat="-26.2159640" lon="-50.9606910">
    <ele>811.6</ele>
   </trkpt>
   <trkpt lat="-26.2159210" lon="-50.9607260">
    <ele>811.6</ele>
   </trkpt>
   <trkpt lat="-26.2158400" lon="-50.9607900">
    <ele>812.0</ele>
   </trkpt>
   <trkpt lat="-26.2158040" lon="-50.9608220">
    <ele>812.6</ele>
   </trkpt>
   <trkpt lat="-26.2157660" lon="-50.9608570">
    <ele>812.6</ele>
   </trkpt>
   <trkpt lat="-26.2156510" lon="-50.9609450">
    <ele>813.4</ele>
   </trkpt>
   <trkpt lat="-26.2156130" lon="-50.9609730">
    <ele>813.4</ele>
   </trkpt>
   <trkpt lat="-26.2155790" lon="-50.9610040">
    <ele>813.6</ele>
   </trkpt>
   <trkpt lat="-26.2155480" lon="-50.9610340">
    <ele>813.8</ele>
   </trkpt>
   <trkpt lat="-26.2155140" lon="-50.9610610">
    <ele>814.0</ele>
   </trkpt>
   <trkpt lat="-26.2154810" lon="-50.9610860">
    <ele>814.0</ele>
   </trkpt>
   <trkpt lat="-26.2154490" lon="-50.9611090">
    <ele>814.4</ele>
   </trkpt>
   <trkpt lat="-26.2154140" lon="-50.9611330">
    <ele>814.6</ele>
   </trkpt>
   <trkpt lat="-26.2153790" lon="-50.9611520">
    <ele>815.0</ele>
   </trkpt>
   <trkpt lat="-26.2153470" lon="-50.9611730">
    <ele>815.2</ele>
   </trkpt>
   <trkpt lat="-26.2153130" lon="-50.9611930">
    <ele>815.4</ele>
   </trkpt>
   <trkpt lat="-26.2152770" lon="-50.9612130">
    <ele>815.6</ele>
   </trkpt>
   <trkpt lat="-26.2152410" lon="-50.9612300">
    <ele>815.8</ele>
   </trkpt>
   <trkpt lat="-26.2152050" lon="-50.9612450">
    <ele>815.8</ele>
   </trkpt>
   <trkpt lat="-26.2151690" lon="-50.9612620">
    <ele>816.0</ele>
   </trkpt>
   <trkpt lat="-26.2151320" lon="-50.9612810">
    <ele>816.2</ele>
   </trkpt>
   <trkpt lat="-26.2150950" lon="-50.9613010">
    <ele>816.2</ele>
   </trkpt>
   <trkpt lat="-26.2150550" lon="-50.9613210">
    <ele>816.4</ele>
   </trkpt>
   <trkpt lat="-26.2150170" lon="-50.9613390">
    <ele>816.6</ele>
   </trkpt>
   <trkpt lat="-26.2149810" lon="-50.9613590">
    <ele>816.8</ele>
   </trkpt>
   <trkpt lat="-26.2149420" lon="-50.9613780">
    <ele>817.0</ele>
   </trkpt>
   <trkpt lat="-26.2149040" lon="-50.9613970">
    <ele>817.2</ele>
   </trkpt>
   <trkpt lat="-26.2148680" lon="-50.9614140">
    <ele>817.4</ele>
   </trkpt>
   <trkpt lat="-26.2148330" lon="-50.9614320">
    <ele>817.4</ele>
   </trkpt>
   <trkpt lat="-26.2147960" lon="-50.9614460">
    <ele>817.6</ele>
   </trkpt>
   <trkpt lat="-26.2147600" lon="-50.9614610">
    <ele>817.8</ele>
   </trkpt>
   <trkpt lat="-26.2147230" lon="-50.9614750">
    <ele>818.0</ele>
   </trkpt>
   <trkpt lat="-26.2146870" lon="-50.9614910">
    <ele>818.2</ele>
   </trkpt>
   <trkpt lat="-26.2146490" lon="-50.9615080">
    <ele>818.2</ele>
   </trkpt>
   <trkpt lat="-26.2146100" lon="-50.9615270">
    <ele>818.4</ele>
   </trkpt>
   <trkpt lat="-26.2145730" lon="-50.9615440">
    <ele>818.6</ele>
   </trkpt>
   <trkpt lat="-26.2145360" lon="-50.9615620">
    <ele>818.6</ele>
   </trkpt>
   <trkpt lat="-26.2144970" lon="-50.9615790">
    <ele>818.6</ele>
   </trkpt>
   <trkpt lat="-26.2144600" lon="-50.9615980">
    <ele>818.8</ele>
   </trkpt>
   <trkpt lat="-26.2144220" lon="-50.9616180">
    <ele>819.0</ele>
   </trkpt>
   <trkpt lat="-26.2143850" lon="-50.9616380">
    <ele>819.0</ele>
   </trkpt>
   <trkpt lat="-26.2143460" lon="-50.9616540">
    <ele>819.2</ele>
   </trkpt>
   <trkpt lat="-26.2143080" lon="-50.9616700">
    <ele>819.4</ele>
   </trkpt>
   <trkpt lat="-26.2142700" lon="-50.9616860">
    <ele>819.6</ele>
   </trkpt>
   <trkpt lat="-26.2142310" lon="-50.9617030">
    <ele>819.8</ele>
   </trkpt>
   <trkpt lat="-26.2141950" lon="-50.9617210">
    <ele>820.0</ele>
   </trkpt>
   <trkpt lat="-26.2141580" lon="-50.9617410">
    <ele>820.0</ele>
   </trkpt>
   <trkpt lat="-26.2141240" lon="-50.9617630">
    <ele>820.2</ele>
   </trkpt>
   <trkpt lat="-26.2140890" lon="-50.9617830">
    <ele>820.6</ele>
   </trkpt>
   <trkpt lat="-26.2140560" lon="-50.9618020">
    <ele>820.8</ele>
   </trkpt>
   <trkpt lat="-26.2140230" lon="-50.9618230">
    <ele>821.0</ele>
   </trkpt>
   <trkpt lat="-26.2139880" lon="-50.9618460">
    <ele>821.0</ele>
   </trkpt>
   <trkpt lat="-26.2139510" lon="-50.9618670">
    <ele>821.2</ele>
   </trkpt>
   <trkpt lat="-26.2139130" lon="-50.9618860">
    <ele>821.2</ele>
   </trkpt>
   <trkpt lat="-26.2138760" lon="-50.9619060">
    <ele>821.2</ele>
   </trkpt>
   <trkpt lat="-26.2138350" lon="-50.9619260">
    <ele>821.4</ele>
   </trkpt>
   <trkpt lat="-26.2137920" lon="-50.9619500">
    <ele>821.4</ele>
   </trkpt>
   <trkpt lat="-26.2137440" lon="-50.9619750">
    <ele>821.4</ele>
   </trkpt>
   <trkpt lat="-26.2136950" lon="-50.9619990">
    <ele>821.4</ele>
   </trkpt>
   <trkpt lat="-26.2136430" lon="-50.9620240">
    <ele>821.4</ele>
   </trkpt>
   <trkpt lat="-26.2135920" lon="-50.9620500">
    <ele>821.4</ele>
   </trkpt>
   <trkpt lat="-26.2135400" lon="-50.9620770">
    <ele>821.2</ele>
   </trkpt>
   <trkpt lat="-26.2134830" lon="-50.9621020">
    <ele>821.0</ele>
   </trkpt>
   <trkpt lat="-26.2134230" lon="-50.9621280">
    <ele>820.6</ele>
   </trkpt>
   <trkpt lat="-26.2133610" lon="-50.9621620">
    <ele>820.0</ele>
   </trkpt>
   <trkpt lat="-26.2132940" lon="-50.9621950">
    <ele>819.4</ele>
   </trkpt>
   <trkpt lat="-26.2131480" lon="-50.9622630">
    <ele>818.2</ele>
   </trkpt>
   <trkpt lat="-26.2129280" lon="-50.9623620">
    <ele>817.4</ele>
   </trkpt>
   <trkpt lat="-26.2128610" lon="-50.9623940">
    <ele>817.0</ele>
   </trkpt>
   <trkpt lat="-26.2127990" lon="-50.9624270">
    <ele>816.2</ele>
   </trkpt>
   <trkpt lat="-26.2127380" lon="-50.9624570">
    <ele>816.2</ele>
   </trkpt>
   <trkpt lat="-26.2126800" lon="-50.9624850">
    <ele>816.2</ele>
   </trkpt>
   <trkpt lat="-26.2126250" lon="-50.9625110">
    <ele>816.8</ele>
   </trkpt>
   <trkpt lat="-26.2125740" lon="-50.9625370">
    <ele>817.6</ele>
   </trkpt>
   <trkpt lat="-26.2125260" lon="-50.9625610">
    <ele>818.0</ele>
   </trkpt>
   <trkpt lat="-26.2124790" lon="-50.9625820">
    <ele>818.4</ele>
   </trkpt>
   <trkpt lat="-26.2124370" lon="-50.9626020">
    <ele>818.6</ele>
   </trkpt>
   <trkpt lat="-26.2123960" lon="-50.9626240">
    <ele>818.8</ele>
   </trkpt>
   <trkpt lat="-26.2123580" lon="-50.9626480">
    <ele>819.0</ele>
   </trkpt>
   <trkpt lat="-26.2123220" lon="-50.9626700">
    <ele>819.2</ele>
   </trkpt>
   <trkpt lat="-26.2122880" lon="-50.9626910">
    <ele>819.6</ele>
   </trkpt>
   <trkpt lat="-26.2122220" lon="-50.9627340">
    <ele>820.4</ele>
   </trkpt>
   <trkpt lat="-26.2121900" lon="-50.9627580">
    <ele>820.4</ele>
   </trkpt>
   <trkpt lat="-26.2121570" lon="-50.9627840">
    <ele>820.6</ele>
   </trkpt>
   <trkpt lat="-26.2121250" lon="-50.9628100">
    <ele>821.0</ele>
   </trkpt>
   <trkpt lat="-26.2120920" lon="-50.9628380">
    <ele>821.2</ele>
   </trkpt>
   <trkpt lat="-26.2120610" lon="-50.9628650">
    <ele>821.6</ele>
   </trkpt>
   <trkpt lat="-26.2120340" lon="-50.9628970">
    <ele>822.0</ele>
   </trkpt>
   <trkpt lat="-26.2120070" lon="-50.9629380">
    <ele>822.0</ele>
   </trkpt>
   <trkpt lat="-26.2119890" lon="-50.9629680">
    <ele>822.2</ele>
   </trkpt>
   <trkpt lat="-26.2119650" lon="-50.9630040">
    <ele>822.2</ele>
   </trkpt>
   <trkpt lat="-26.2119470" lon="-50.9630410">
    <ele>822.2</ele>
   </trkpt>
   <trkpt lat="-26.2119260" lon="-50.9630810">
    <ele>822.4</ele>
   </trkpt>
   <trkpt lat="-26.2119050" lon="-50.9631220">
    <ele>822.6</ele>
   </trkpt>
   <trkpt lat="-26.2118830" lon="-50.9631620">
    <ele>822.8</ele>
   </trkpt>
   <trkpt lat="-26.2118600" lon="-50.9632010">
    <ele>822.8</ele>
   </trkpt>
   <trkpt lat="-26.2118380" lon="-50.9632390">
    <ele>822.8</ele>
   </trkpt>
   <trkpt lat="-26.2118160" lon="-50.9632780">
    <ele>823.0</ele>
   </trkpt>
   <trkpt lat="-26.2117940" lon="-50.9633150">
    <ele>823.0</ele>
   </trkpt>
   <trkpt lat="-26.2117770" lon="-50.9633550">
    <ele>823.0</ele>
   </trkpt>
   <trkpt lat="-26.2117590" lon="-50.9633970">
    <ele>823.0</ele>
   </trkpt>
   <trkpt lat="-26.2117390" lon="-50.9634350">
    <ele>823.0</ele>
   </trkpt>
   <trkpt lat="-26.2117200" lon="-50.9634740">
    <ele>823.2</ele>
   </trkpt>
   <trkpt lat="-26.2117020" lon="-50.9635120">
    <ele>823.4</ele>
   </trkpt>
   <trkpt lat="-26.2116840" lon="-50.9635510">
    <ele>823.6</ele>
   </trkpt>
   <trkpt lat="-26.2116640" lon="-50.9635880">
    <ele>823.8</ele>
   </trkpt>
   <trkpt lat="-26.2116480" lon="-50.9636240">
    <ele>823.8</ele>
   </trkpt>
   <trkpt lat="-26.2116300" lon="-50.9636600">
    <ele>824.0</ele>
   </trkpt>
   <trkpt lat="-26.2116110" lon="-50.9636980">
    <ele>824.2</ele>
   </trkpt>
   <trkpt lat="-26.2115940" lon="-50.9637360">
    <ele>824.2</ele>
   </trkpt>
   <trkpt lat="-26.2115770" lon="-50.9637730">
    <ele>824.4</ele>
   </trkpt>
   <trkpt lat="-26.2115620" lon="-50.9638100">
    <ele>824.4</ele>
   </trkpt>
   <trkpt lat="-26.2115420" lon="-50.9638460">
    <ele>824.4</ele>
   </trkpt>
   <trkpt lat="-26.2115220" lon="-50.9638820">
    <ele>824.4</ele>
   </trkpt>
   <trkpt lat="-26.2115050" lon="-50.9639190">
    <ele>824.4</ele>
   </trkpt>
   <trkpt lat="-26.2114870" lon="-50.9639570">
    <ele>824.4</ele>
   </trkpt>
   <trkpt lat="-26.2114630" lon="-50.9639950">
    <ele>824.4</ele>
   </trkpt>
   <trkpt lat="-26.2114420" lon="-50.9640350">
    <ele>824.6</ele>
   </trkpt>
   <trkpt lat="-26.2114230" lon="-50.9640760">
    <ele>824.6</ele>
   </trkpt>
   <trkpt lat="-26.2114050" lon="-50.9641180">
    <ele>824.6</ele>
   </trkpt>
   <trkpt lat="-26.2113900" lon="-50.9641610">
    <ele>824.6</ele>
   </trkpt>
   <trkpt lat="-26.2113770" lon="-50.9642040">
    <ele>824.8</ele>
   </trkpt>
   <trkpt lat="-26.2113660" lon="-50.9642460">
    <ele>824.8</ele>
   </trkpt>
   <trkpt lat="-26.2113390" lon="-50.9644050">
    <ele>825.2</ele>
   </trkpt>
   <trkpt lat="-26.2113520" lon="-50.9644340">
    <ele>825.2</ele>
   </trkpt>
   <trkpt lat="-26.2113600" lon="-50.9644720">
    <ele>825.4</ele>
   </trkpt>
   <trkpt lat="-26.2113690" lon="-50.9645120">
    <ele>825.6</ele>
   </trkpt>
   <trkpt lat="-26.2113790" lon="-50.9645470">
    <ele>825.6</ele>
   </trkpt>
   <trkpt lat="-26.2113830" lon="-50.9645790">
    <ele>826.0</ele>
   </trkpt>
   <trkpt lat="-26.2114130" lon="-50.9646600">
    <ele>826.6</ele>
   </trkpt>
   <trkpt lat="-26.2114270" lon="-50.9646860">
    <ele>826.8</ele>
   </trkpt>
   <trkpt lat="-26.2114380" lon="-50.9647110">
    <ele>827.2</ele>
   </trkpt>
   <trkpt lat="-26.2114480" lon="-50.9647410">
    <ele>827.2</ele>
   </trkpt>
   <trkpt lat="-26.2114500" lon="-50.9647720">
    <ele>827.4</ele>
   </trkpt>
   <trkpt lat="-26.2114600" lon="-50.9647960">
    <ele>827.6</ele>
   </trkpt>
   <trkpt lat="-26.2114700" lon="-50.9648230">
    <ele>827.6</ele>
   </trkpt>
   <trkpt lat="-26.2114830" lon="-50.9648460">
    <ele>827.8</ele>
   </trkpt>
   <trkpt lat="-26.2115050" lon="-50.9648710">
    <ele>827.8</ele>
   </trkpt>
   <trkpt lat="-26.2115190" lon="-50.9648860">
    <ele>828.2</ele>
   </trkpt>
   <trkpt lat="-26.2115350" lon="-50.9649090">
    <ele>828.4</ele>
   </trkpt>
   <trkpt lat="-26.2115520" lon="-50.9649300">
    <ele>828.6</ele>
   </trkpt>
   <trkpt lat="-26.2115720" lon="-50.9649510">
    <ele>828.6</ele>
   </trkpt>
   <trkpt lat="-26.2115900" lon="-50.9649750">
    <ele>828.8</ele>
   </trkpt>
   <trkpt lat="-26.2116060" lon="-50.9649970">
    <ele>829.2</ele>
   </trkpt>
   <trkpt lat="-26.2116170" lon="-50.9650180">
    <ele>829.4</ele>
   </trkpt>
   <trkpt lat="-26.2116220" lon="-50.9650360">
    <ele>829.4</ele>
   </trkpt>
   <trkpt lat="-26.2116250" lon="-50.9650510">
    <ele>829.6</ele>
   </trkpt>
   <trkpt lat="-26.2116340" lon="-50.9650650">
    <ele>830.2</ele>
   </trkpt>
   <trkpt lat="-26.2116430" lon="-50.9650840">
    <ele>830.6</ele>
   </trkpt>
   <trkpt lat="-26.2116540" lon="-50.9651050">
    <ele>831.0</ele>
   </trkpt>
   <trkpt lat="-26.2116620" lon="-50.9651260">
    <ele>831.0</ele>
   </trkpt>
   <trkpt lat="-26.2116720" lon="-50.9651480">
    <ele>831.4</ele>
   </trkpt>
   <trkpt lat="-26.2116880" lon="-50.9651670">
    <ele>831.6</ele>
   </trkpt>
   <trkpt lat="-26.2116990" lon="-50.9651830">
    <ele>831.8</ele>
   </trkpt>
   <trkpt lat="-26.2117110" lon="-50.9652010">
    <ele>832.2</ele>
   </trkpt>
   <trkpt lat="-26.2117220" lon="-50.9652170">
    <ele>832.8</ele>
   </trkpt>
   <trkpt lat="-26.2117260" lon="-50.9652360">
    <ele>833.0</ele>
   </trkpt>
   <trkpt lat="-26.2117350" lon="-50.9652550">
    <ele>833.4</ele>
   </trkpt>
   <trkpt lat="-26.2117470" lon="-50.9652750">
    <ele>833.6</ele>
   </trkpt>
   <trkpt lat="-26.2117590" lon="-50.9652970">
    <ele>833.8</ele>
   </trkpt>
   <trkpt lat="-26.2117730" lon="-50.9653180">
    <ele>834.0</ele>
   </trkpt>
   <trkpt lat="-26.2117880" lon="-50.9653420">
    <ele>834.0</ele>
   </trkpt>
   <trkpt lat="-26.2118050" lon="-50.9653680">
    <ele>834.2</ele>
   </trkpt>
   <trkpt lat="-26.2118240" lon="-50.9653960">
    <ele>834.2</ele>
   </trkpt>
   <trkpt lat="-26.2118390" lon="-50.9654220">
    <ele>834.4</ele>
   </trkpt>
   <trkpt lat="-26.2118530" lon="-50.9654470">
    <ele>834.8</ele>
   </trkpt>
   <trkpt lat="-26.2118680" lon="-50.9654760">
    <ele>835.0</ele>
   </trkpt>
   <trkpt lat="-26.2118880" lon="-50.9655020">
    <ele>835.2</ele>
   </trkpt>
   <trkpt lat="-26.2119000" lon="-50.9655200">
    <ele>835.4</ele>
   </trkpt>
   <trkpt lat="-26.2119060" lon="-50.9655400">
    <ele>835.8</ele>
   </trkpt>
   <trkpt lat="-26.2119100" lon="-50.9655610">
    <ele>836.2</ele>
   </trkpt>
   <trkpt lat="-26.2119150" lon="-50.9655820">
    <ele>836.4</ele>
   </trkpt>
   <trkpt lat="-26.2119200" lon="-50.9656020">
    <ele>836.6</ele>
   </trkpt>
   <trkpt lat="-26.2119230" lon="-50.9656260">
    <ele>836.8</ele>
   </trkpt>
   <trkpt lat="-26.2119290" lon="-50.9656500">
    <ele>836.8</ele>
   </trkpt>
   <trkpt lat="-26.2119320" lon="-50.9656750">
    <ele>836.8</ele>
   </trkpt>
   <trkpt lat="-26.2119390" lon="-50.9657030">
    <ele>836.6</ele>
   </trkpt>
   <trkpt lat="-26.2119420" lon="-50.9657280">
    <ele>836.2</ele>
   </trkpt>
   <trkpt lat="-26.2119470" lon="-50.9657570">
    <ele>836.0</ele>
   </trkpt>
   <trkpt lat="-26.2119460" lon="-50.9657850">
    <ele>836.0</ele>
   </trkpt>
   <trkpt lat="-26.2119460" lon="-50.9658140">
    <ele>836.0</ele>
   </trkpt>
   <trkpt lat="-26.2119460" lon="-50.9658440">
    <ele>836.0</ele>
   </trkpt>
   <trkpt lat="-26.2119470" lon="-50.9658730">
    <ele>836.2</ele>
   </trkpt>
   <trkpt lat="-26.2119480" lon="-50.9659040">
    <ele>836.2</ele>
   </trkpt>
   <trkpt lat="-26.2119460" lon="-50.9659360">
    <ele>836.2</ele>
   </trkpt>
   <trkpt lat="-26.2119410" lon="-50.9659650">
    <ele>836.4</ele>
   </trkpt>
   <trkpt lat="-26.2119380" lon="-50.9659960">
    <ele>836.6</ele>
   </trkpt>
   <trkpt lat="-26.2119340" lon="-50.9660250">
    <ele>837.0</ele>
   </trkpt>
   <trkpt lat="-26.2119320" lon="-50.9660570">
    <ele>837.0</ele>
   </trkpt>
   <trkpt lat="-26.2119310" lon="-50.9660890">
    <ele>837.2</ele>
   </trkpt>
   <trkpt lat="-26.2119310" lon="-50.9661200">
    <ele>837.4</ele>
   </trkpt>
   <trkpt lat="-26.2119330" lon="-50.9661560">
    <ele>837.6</ele>
   </trkpt>
   <trkpt lat="-26.2119320" lon="-50.9661880">
    <ele>838.0</ele>
   </trkpt>
   <trkpt lat="-26.2119320" lon="-50.9662150">
    <ele>838.4</ele>
   </trkpt>
   <trkpt lat="-26.2119350" lon="-50.9662420">
    <ele>839.0</ele>
   </trkpt>
   <trkpt lat="-26.2119400" lon="-50.9662660">
    <ele>839.4</ele>
   </trkpt>
   <trkpt lat="-26.2119440" lon="-50.9662900">
    <ele>839.8</ele>
   </trkpt>
   <trkpt lat="-26.2119500" lon="-50.9663140">
    <ele>840.0</ele>
   </trkpt>
   <trkpt lat="-26.2119570" lon="-50.9663410">
    <ele>840.4</ele>
   </trkpt>
   <trkpt lat="-26.2119670" lon="-50.9663630">
    <ele>840.6</ele>
   </trkpt>
   <trkpt lat="-26.2119740" lon="-50.9663850">
    <ele>840.8</ele>
   </trkpt>
   <trkpt lat="-26.2119860" lon="-50.9664050">
    <ele>841.0</ele>
   </trkpt>
   <trkpt lat="-26.2119990" lon="-50.9664230">
    <ele>841.6</ele>
   </trkpt>
   <trkpt lat="-26.2120110" lon="-50.9664420">
    <ele>841.8</ele>
   </trkpt>
   <trkpt lat="-26.2120230" lon="-50.9664590">
    <ele>842.0</ele>
   </trkpt>
   <trkpt lat="-26.2120320" lon="-50.9664800">
    <ele>842.0</ele>
   </trkpt>
   <trkpt lat="-26.2120470" lon="-50.9664970">
    <ele>842.2</ele>
   </trkpt>
   <trkpt lat="-26.2120660" lon="-50.9665140">
    <ele>842.2</ele>
   </trkpt>
   <trkpt lat="-26.2120870" lon="-50.9665350">
    <ele>842.2</ele>
   </trkpt>
   <trkpt lat="-26.2121040" lon="-50.9665530">
    <ele>842.2</ele>
   </trkpt>
   <trkpt lat="-26.2121200" lon="-50.9665720">
    <ele>842.2</ele>
   </trkpt>
   <trkpt lat="-26.2121400" lon="-50.9665900">
    <ele>842.2</ele>
   </trkpt>
   <trkpt lat="-26.2121590" lon="-50.9666090">
    <ele>842.2</ele>
   </trkpt>
   <trkpt lat="-26.2121780" lon="-50.9666330">
    <ele>842.0</ele>
   </trkpt>
   <trkpt lat="-26.2121950" lon="-50.9666570">
    <ele>842.0</ele>
   </trkpt>
   <trkpt lat="-26.2122160" lon="-50.9666840">
    <ele>842.0</ele>
   </trkpt>
   <trkpt lat="-26.2122400" lon="-50.9667160">
    <ele>841.8</ele>
   </trkpt>
   <trkpt lat="-26.2122680" lon="-50.9667490">
    <ele>841.6</ele>
   </trkpt>
   <trkpt lat="-26.2123070" lon="-50.9667880">
    <ele>840.2</ele>
   </trkpt>
   <trkpt lat="-26.2123500" lon="-50.9668360">
    <ele>839.6</ele>
   </trkpt>
   <trkpt lat="-26.2123910" lon="-50.9668890">
    <ele>838.8</ele>
   </trkpt>
   <trkpt lat="-26.2124290" lon="-50.9669490">
    <ele>837.8</ele>
   </trkpt>
   <trkpt lat="-26.2124610" lon="-50.9670130">
    <ele>837.0</ele>
   </trkpt>
   <trkpt lat="-26.2124930" lon="-50.9670810">
    <ele>836.4</ele>
   </trkpt>
   <trkpt lat="-26.2125190" lon="-50.9671600">
    <ele>836.4</ele>
   </trkpt>
   <trkpt lat="-26.2125320" lon="-50.9672140">
    <ele>836.4</ele>
   </trkpt>
   <trkpt lat="-26.2125440" lon="-50.9672820">
    <ele>836.2</ele>
   </trkpt>
   <trkpt lat="-26.2125530" lon="-50.9673490">
    <ele>835.8</ele>
   </trkpt>
   <trkpt lat="-26.2125570" lon="-50.9674180">
    <ele>835.8</ele>
   </trkpt>
   <trkpt lat="-26.2125610" lon="-50.9674890">
    <ele>835.6</ele>
   </trkpt>
   <trkpt lat="-26.2125640" lon="-50.9676350">
    <ele>834.6</ele>
   </trkpt>
   <trkpt lat="-26.2125640" lon="-50.9678990">
    <ele>833.2</ele>
   </trkpt>
   <trkpt lat="-26.2125570" lon="-50.9680080">
    <ele>831.8</ele>
   </trkpt>
   <trkpt lat="-26.2125420" lon="-50.9681180">
    <ele>830.6</ele>
   </trkpt>
   <trkpt lat="-26.2125180" lon="-50.9682320">
    <ele>829.0</ele>
   </trkpt>
   <trkpt lat="-26.2124800" lon="-50.9683480">
    <ele>825.2</ele>
   </trkpt>
   <trkpt lat="-26.2124270" lon="-50.9684690">
    <ele>824.6</ele>
   </trkpt>
   <trkpt lat="-26.2123630" lon="-50.9685900">
    <ele>823.0</ele>
   </trkpt>
   <trkpt lat="-26.2122880" lon="-50.9687050">
    <ele>820.0</ele>
   </trkpt>
   <trkpt lat="-26.2122080" lon="-50.9688170">
    <ele>817.4</ele>
   </trkpt>
   <trkpt lat="-26.2121340" lon="-50.9689020">
    <ele>815.0</ele>
   </trkpt>
   <trkpt lat="-26.2120260" lon="-50.9690280">
    <ele>812.4</ele>
   </trkpt>
   <trkpt lat="-26.2119290" lon="-50.9691310">
    <ele>810.2</ele>
   </trkpt>
   <trkpt lat="-26.2118350" lon="-50.9692330">
    <ele>809.8</ele>
   </trkpt>
   <trkpt lat="-26.2117490" lon="-50.9693430">
    <ele>808.8</ele>
   </trkpt>
   <trkpt lat="-26.2116700" lon="-50.9694560">
    <ele>808.2</ele>
   </trkpt>
   <trkpt lat="-26.2115970" lon="-50.9695900">
    <ele>807.4</ele>
   </trkpt>
   <trkpt lat="-26.2114700" lon="-50.9698560">
    <ele>805.4</ele>
   </trkpt>
   <trkpt lat="-26.2114130" lon="-50.9699900">
    <ele>804.2</ele>
   </trkpt>
   <trkpt lat="-26.2113730" lon="-50.9701270">
    <ele>801.2</ele>
   </trkpt>
   <trkpt lat="-26.2112390" lon="-50.9706630">
    <ele>805.2</ele>
   </trkpt>
   <trkpt lat="-26.2112170" lon="-50.9707650">
    <ele>810.4</ele>
   </trkpt>
   <trkpt lat="-26.2111850" lon="-50.9709160">
    <ele>811.2</ele>
   </trkpt>
   <trkpt lat="-26.2111590" lon="-50.9710370">
    <ele>811.2</ele>
   </trkpt>
   <trkpt lat="-26.2111330" lon="-50.9711550">
    <ele>811.2</ele>
   </trkpt>
   <trkpt lat="-26.2111060" lon="-50.9712680">
    <ele>811.2</ele>
   </trkpt>
   <trkpt lat="-26.2110760" lon="-50.9713770">
    <ele>811.0</ele>
   </trkpt>
   <trkpt lat="-26.2110410" lon="-50.9714870">
    <ele>810.0</ele>
   </trkpt>
   <trkpt lat="-26.2110030" lon="-50.9715980">
    <ele>809.6</ele>
   </trkpt>
   <trkpt lat="-26.2109700" lon="-50.9717100">
    <ele>809.0</ele>
   </trkpt>
   <trkpt lat="-26.2108860" lon="-50.9719330">
    <ele>807.6</ele>
   </trkpt>
   <trkpt lat="-26.2107790" lon="-50.9721480">
    <ele>805.6</ele>
   </trkpt>
   <trkpt lat="-26.2106680" lon="-50.9723680">
    <ele>801.6</ele>
   </trkpt>
   <trkpt lat="-26.2106110" lon="-50.9724830">
    <ele>798.8</ele>
   </trkpt>
   <trkpt lat="-26.2104300" lon="-50.9728480">
    <ele>797.2</ele>
   </trkpt>
   <trkpt lat="-26.2102280" lon="-50.9732320">
    <ele>794.2</ele>
   </trkpt>
   <trkpt lat="-26.2101590" lon="-50.9733610">
    <ele>792.8</ele>
   </trkpt>
   <trkpt lat="-26.2100140" lon="-50.9736180">
    <ele>789.4</ele>
   </trkpt>
   <trkpt lat="-26.2098760" lon="-50.9738740">
    <ele>788.0</ele>
   </trkpt>
   <trkpt lat="-26.2096580" lon="-50.9742540">
    <ele>787.0</ele>
   </trkpt>
   <trkpt lat="-26.2095210" lon="-50.9745110">
    <ele>785.8</ele>
   </trkpt>
   <trkpt lat="-26.2094530" lon="-50.9746390">
    <ele>783.4</ele>
   </trkpt>
   <trkpt lat="-26.2093200" lon="-50.9748870">
    <ele>781.8</ele>
   </trkpt>
   <trkpt lat="-26.2092540" lon="-50.9750080">
    <ele>781.4</ele>
   </trkpt>
   <trkpt lat="-26.2091910" lon="-50.9751210">
    <ele>781.0</ele>
   </trkpt>
   <trkpt lat="-26.2091280" lon="-50.9752340">
    <ele>779.6</ele>
   </trkpt>
   <trkpt lat="-26.2090670" lon="-50.9753420">
    <ele>778.8</ele>
   </trkpt>
   <trkpt lat="-26.2090090" lon="-50.9754490">
    <ele>778.2</ele>
   </trkpt>
   <trkpt lat="-26.2089570" lon="-50.9755530">
    <ele>776.4</ele>
   </trkpt>
   <trkpt lat="-26.2089060" lon="-50.9756530">
    <ele>772.0</ele>
   </trkpt>
   <trkpt lat="-26.2088580" lon="-50.9757450">
    <ele>772.0</ele>
   </trkpt>
   <trkpt lat="-26.2088130" lon="-50.9758360">
    <ele>772.0</ele>
   </trkpt>
   <trkpt lat="-26.2087670" lon="-50.9759240">
    <ele>772.2</ele>
   </trkpt>
   <trkpt lat="-26.2087230" lon="-50.9760090">
    <ele>773.2</ele>
   </trkpt>
   <trkpt lat="-26.2086810" lon="-50.9760890">
    <ele>774.0</ele>
   </trkpt>
   <trkpt lat="-26.2086410" lon="-50.9761710">
    <ele>774.2</ele>
   </trkpt>
   <trkpt lat="-26.2085970" lon="-50.9762480">
    <ele>774.6</ele>
   </trkpt>
   <trkpt lat="-26.2085520" lon="-50.9763230">
    <ele>775.0</ele>
   </trkpt>
   <trkpt lat="-26.2085080" lon="-50.9763980">
    <ele>775.8</ele>
   </trkpt>
   <trkpt lat="-26.2084680" lon="-50.9764720">
    <ele>779.8</ele>
   </trkpt>
   <trkpt lat="-26.2083860" lon="-50.9766180">
    <ele>780.4</ele>
   </trkpt>
   <trkpt lat="-26.2083460" lon="-50.9766910">
    <ele>780.4</ele>
   </trkpt>
   <trkpt lat="-26.2083100" lon="-50.9767610">
    <ele>780.2</ele>
   </trkpt>
   <trkpt lat="-26.2082740" lon="-50.9768330">
    <ele>780.0</ele>
   </trkpt>
   <trkpt lat="-26.2082370" lon="-50.9769020">
    <ele>780.0</ele>
   </trkpt>
   <trkpt lat="-26.2081980" lon="-50.9769660">
    <ele>780.0</ele>
   </trkpt>
   <trkpt lat="-26.2081620" lon="-50.9770340">
    <ele>779.8</ele>
   </trkpt>
   <trkpt lat="-26.2081260" lon="-50.9771000">
    <ele>779.8</ele>
   </trkpt>
   <trkpt lat="-26.2080900" lon="-50.9771620">
    <ele>779.8</ele>
   </trkpt>
   <trkpt lat="-26.2080530" lon="-50.9772250">
    <ele>779.8</ele>
   </trkpt>
   <trkpt lat="-26.2080180" lon="-50.9772870">
    <ele>779.8</ele>
   </trkpt>
   <trkpt lat="-26.2079880" lon="-50.9773510">
    <ele>779.8</ele>
   </trkpt>
   <trkpt lat="-26.2079560" lon="-50.9774130">
    <ele>779.6</ele>
   </trkpt>
   <trkpt lat="-26.2079250" lon="-50.9774740">
    <ele>779.6</ele>
   </trkpt>
   <trkpt lat="-26.2078960" lon="-50.9775350">
    <ele>779.6</ele>
   </trkpt>
   <trkpt lat="-26.2078670" lon="-50.9775960">
    <ele>779.6</ele>
   </trkpt>
   <trkpt lat="-26.2078420" lon="-50.9776560">
    <ele>779.6</ele>
   </trkpt>
   <trkpt lat="-26.2078090" lon="-50.9777170">
    <ele>779.6</ele>
   </trkpt>
   <trkpt lat="-26.2077790" lon="-50.9777760">
    <ele>779.8</ele>
   </trkpt>
   <trkpt lat="-26.2077500" lon="-50.9778340">
    <ele>779.8</ele>
   </trkpt>
   <trkpt lat="-26.2077210" lon="-50.9778910">
    <ele>779.8</ele>
   </trkpt>
   <trkpt lat="-26.2076920" lon="-50.9779460">
    <ele>779.8</ele>
   </trkpt>
   <trkpt lat="-26.2076650" lon="-50.9780000">
    <ele>779.8</ele>
   </trkpt>
   <trkpt lat="-26.2076390" lon="-50.9780550">
    <ele>780.0</ele>
   </trkpt>
   <trkpt lat="-26.2076110" lon="-50.9781090">
    <ele>780.2</ele>
   </trkpt>
   <trkpt lat="-26.2075770" lon="-50.9781620">
    <ele>780.2</ele>
   </trkpt>
   <trkpt lat="-26.2075430" lon="-50.9782140">
    <ele>780.2</ele>
   </trkpt>
   <trkpt lat="-26.2075090" lon="-50.9782680">
    <ele>780.2</ele>
   </trkpt>
   <trkpt lat="-26.2074160" lon="-50.9784370">
    <ele>780.2</ele>
   </trkpt>
   <trkpt lat="-26.2073490" lon="-50.9785520">
    <ele>779.6</ele>
   </trkpt>
   <trkpt lat="-26.2072910" lon="-50.9786690">
    <ele>779.2</ele>
   </trkpt>
   <trkpt lat="-26.2072650" lon="-50.9787270">
    <ele>778.0</ele>
   </trkpt>
   <trkpt lat="-26.2072370" lon="-50.9787820">
    <ele>777.8</ele>
   </trkpt>
   <trkpt lat="-26.2071780" lon="-50.9788950">
    <ele>777.0</ele>
   </trkpt>
   <trkpt lat="-26.2069890" lon="-50.9792460">
    <ele>776.8</ele>
   </trkpt>
   <trkpt lat="-26.2068000" lon="-50.9795910">
    <ele>776.0</ele>
   </trkpt>
   <trkpt lat="-26.2067700" lon="-50.9796480">
    <ele>776.2</ele>
   </trkpt>
   <trkpt lat="-26.2067110" lon="-50.9797600">
    <ele>778.6</ele>
   </trkpt>
   <trkpt lat="-26.2066540" lon="-50.9798680">
    <ele>778.8</ele>
   </trkpt>
   <trkpt lat="-26.2066210" lon="-50.9799190">
    <ele>778.8</ele>
   </trkpt>
   <trkpt lat="-26.2065940" lon="-50.9799740">
    <ele>779.0</ele>
   </trkpt>
   <trkpt lat="-26.2065660" lon="-50.9800270">
    <ele>779.0</ele>
   </trkpt>
   <trkpt lat="-26.2065380" lon="-50.9800800">
    <ele>779.0</ele>
   </trkpt>
   <trkpt lat="-26.2065110" lon="-50.9801330">
    <ele>779.2</ele>
   </trkpt>
   <trkpt lat="-26.2064840" lon="-50.9801820">
    <ele>779.4</ele>
   </trkpt>
   <trkpt lat="-26.2064570" lon="-50.9802290">
    <ele>779.4</ele>
   </trkpt>
   <trkpt lat="-26.2064050" lon="-50.9803240">
    <ele>779.6</ele>
   </trkpt>
   <trkpt lat="-26.2063770" lon="-50.9803710">
    <ele>779.8</ele>
   </trkpt>
   <trkpt lat="-26.2063510" lon="-50.9804170">
    <ele>779.8</ele>
   </trkpt>
   <trkpt lat="-26.2063270" lon="-50.9804630">
    <ele>780.0</ele>
   </trkpt>
   <trkpt lat="-26.2063030" lon="-50.9805080">
    <ele>780.0</ele>
   </trkpt>
   <trkpt lat="-26.2062790" lon="-50.9805550">
    <ele>780.0</ele>
   </trkpt>
   <trkpt lat="-26.2062550" lon="-50.9806000">
    <ele>780.0</ele>
   </trkpt>
   <trkpt lat="-26.2062300" lon="-50.9806460">
    <ele>780.0</ele>
   </trkpt>
   <trkpt lat="-26.2061510" lon="-50.9808000">
    <ele>780.0</ele>
   </trkpt>
   <trkpt lat="-26.2059840" lon="-50.9810880">
    <ele>779.2</ele>
   </trkpt>
   <trkpt lat="-26.2059490" lon="-50.9811550">
    <ele>776.4</ele>
   </trkpt>
   <trkpt lat="-26.2058150" lon="-50.9814290">
    <ele>775.8</ele>
   </trkpt>
   <trkpt lat="-26.2057440" lon="-50.9815540">
    <ele>775.8</ele>
   </trkpt>
   <trkpt lat="-26.2056090" lon="-50.9817970">
    <ele>775.6</ele>
   </trkpt>
   <trkpt lat="-26.2055760" lon="-50.9818590">
    <ele>775.6</ele>
   </trkpt>
   <trkpt lat="-26.2055440" lon="-50.9819170">
    <ele>775.6</ele>
   </trkpt>
   <trkpt lat="-26.2055150" lon="-50.9819730">
    <ele>775.6</ele>
   </trkpt>
   <trkpt lat="-26.2054870" lon="-50.9820290">
    <ele>775.6</ele>
   </trkpt>
   <trkpt lat="-26.2054610" lon="-50.9820860">
    <ele>775.6</ele>
   </trkpt>
   <trkpt lat="-26.2054300" lon="-50.9821400">
    <ele>775.4</ele>
   </trkpt>
   <trkpt lat="-26.2053990" lon="-50.9821940">
    <ele>775.2</ele>
   </trkpt>
   <trkpt lat="-26.2053680" lon="-50.9822490">
    <ele>775.2</ele>
   </trkpt>
   <trkpt lat="-26.2051300" lon="-50.9826880">
    <ele>776.0</ele>
   </trkpt>
   <trkpt lat="-26.2049910" lon="-50.9829490">
    <ele>775.8</ele>
   </trkpt>
   <trkpt lat="-26.2048790" lon="-50.9831620">
    <ele>775.4</ele>
   </trkpt>
   <trkpt lat="-26.2046010" lon="-50.9836520">
    <ele>774.2</ele>
   </trkpt>
   <trkpt lat="-26.2044950" lon="-50.9838550">
    <ele>773.8</ele>
   </trkpt>
   <trkpt lat="-26.2043040" lon="-50.9842000">
    <ele>773.0</ele>
   </trkpt>
   <trkpt lat="-26.2040740" lon="-50.9846130">
    <ele>772.8</ele>
   </trkpt>
   <trkpt lat="-26.2037880" lon="-50.9851440">
    <ele>772.0</ele>
   </trkpt>
   <trkpt lat="-26.2037520" lon="-50.9852070">
    <ele>772.0</ele>
   </trkpt>
   <trkpt lat="-26.2037160" lon="-50.9852720">
    <ele>772.0</ele>
   </trkpt>
   <trkpt lat="-26.2035680" lon="-50.9855320">
    <ele>771.8</ele>
   </trkpt>
   <trkpt lat="-26.2034950" lon="-50.9856560">
    <ele>771.6</ele>
   </trkpt>
   <trkpt lat="-26.2032830" lon="-50.9860430">
    <ele>771.4</ele>
   </trkpt>
   <trkpt lat="-26.2031040" lon="-50.9863620">
    <ele>771.0</ele>
   </trkpt>
   <trkpt lat="-26.2030710" lon="-50.9864290">
    <ele>771.0</ele>
   </trkpt>
   <trkpt lat="-26.2027960" lon="-50.9869480">
    <ele>770.0</ele>
   </trkpt>
   <trkpt lat="-26.2024940" lon="-50.9875280">
    <ele>769.8</ele>
   </trkpt>
   <trkpt lat="-26.2024590" lon="-50.9875920">
    <ele>769.8</ele>
   </trkpt>
   <trkpt lat="-26.2024240" lon="-50.9876560">
    <ele>769.6</ele>
   </trkpt>
   <trkpt lat="-26.2021550" lon="-50.9881780">
    <ele>769.6</ele>
   </trkpt>
   <trkpt lat="-26.2021220" lon="-50.9882440">
    <ele>769.6</ele>
   </trkpt>
   <trkpt lat="-26.2020860" lon="-50.9883060">
    <ele>769.4</ele>
   </trkpt>
   <trkpt lat="-26.2019510" lon="-50.9885320">
    <ele>770.0</ele>
   </trkpt>
   <trkpt lat="-26.2019220" lon="-50.9885870">
    <ele>770.0</ele>
   </trkpt>
   <trkpt lat="-26.2018910" lon="-50.9886440">
    <ele>770.0</ele>
   </trkpt>
   <trkpt lat="-26.2018620" lon="-50.9886990">
    <ele>769.6</ele>
   </trkpt>
   <trkpt lat="-26.2018310" lon="-50.9887550">
    <ele>769.0</ele>
   </trkpt>
   <trkpt lat="-26.2018000" lon="-50.9888110">
    <ele>768.8</ele>
   </trkpt>
   <trkpt lat="-26.2017680" lon="-50.9888670">
    <ele>768.8</ele>
   </trkpt>
   <trkpt lat="-26.2016130" lon="-50.9891540">
    <ele>769.2</ele>
   </trkpt>
   <trkpt lat="-26.2013370" lon="-50.9896010">
    <ele>769.0</ele>
   </trkpt>
   <trkpt lat="-26.2012650" lon="-50.9897070">
    <ele>767.0</ele>
   </trkpt>
   <trkpt lat="-26.2012280" lon="-50.9897550">
    <ele>767.0</ele>
   </trkpt>
   <trkpt lat="-26.2011550" lon="-50.9898470">
    <ele>767.0</ele>
   </trkpt>
   <trkpt lat="-26.2011180" lon="-50.9898950">
    <ele>768.2</ele>
   </trkpt>
   <trkpt lat="-26.2010750" lon="-50.9899400">
    <ele>768.4</ele>
   </trkpt>
   <trkpt lat="-26.2010310" lon="-50.9899830">
    <ele>768.4</ele>
   </trkpt>
   <trkpt lat="-26.2009860" lon="-50.9900280">
    <ele>768.4</ele>
   </trkpt>
   <trkpt lat="-26.2008410" lon="-50.9901690">
    <ele>768.2</ele>
   </trkpt>
   <trkpt lat="-26.2004480" lon="-50.9905110">
    <ele>768.0</ele>
   </trkpt>
   <trkpt lat="-26.2004010" lon="-50.9905550">
    <ele>768.0</ele>
   </trkpt>
   <trkpt lat="-26.2003010" lon="-50.9906430">
    <ele>768.0</ele>
   </trkpt>
   <trkpt lat="-26.2001040" lon="-50.9908020">
    <ele>767.8</ele>
   </trkpt>
   <trkpt lat="-26.2000070" lon="-50.9908840">
    <ele>768.2</ele>
   </trkpt>
   <trkpt lat="-26.1999130" lon="-50.9909640">
    <ele>768.0</ele>
   </trkpt>
   <trkpt lat="-26.1998660" lon="-50.9910060">
    <ele>768.0</ele>
   </trkpt>
   <trkpt lat="-26.1998190" lon="-50.9910510">
    <ele>768.0</ele>
   </trkpt>
   <trkpt lat="-26.1997740" lon="-50.9910950">
    <ele>768.0</ele>
   </trkpt>
   <trkpt lat="-26.1997310" lon="-50.9911380">
    <ele>767.8</ele>
   </trkpt>
   <trkpt lat="-26.1996850" lon="-50.9911800">
    <ele>767.8</ele>
   </trkpt>
   <trkpt lat="-26.1995990" lon="-50.9912590">
    <ele>767.8</ele>
   </trkpt>
   <trkpt lat="-26.1995110" lon="-50.9913340">
    <ele>767.8</ele>
   </trkpt>
   <trkpt lat="-26.1994250" lon="-50.9913990">
    <ele>768.0</ele>
   </trkpt>
   <trkpt lat="-26.1993800" lon="-50.9914350">
    <ele>768.0</ele>
   </trkpt>
   <trkpt lat="-26.1993350" lon="-50.9914700">
    <ele>768.0</ele>
   </trkpt>
   <trkpt lat="-26.1992930" lon="-50.9915060">
    <ele>768.0</ele>
   </trkpt>
   <trkpt lat="-26.1992150" lon="-50.9915800">
    <ele>768.2</ele>
   </trkpt>
   <trkpt lat="-26.1991790" lon="-50.9916140">
    <ele>768.4</ele>
   </trkpt>
   <trkpt lat="-26.1991470" lon="-50.9916450">
    <ele>768.4</ele>
   </trkpt>
   <trkpt lat="-26.1991170" lon="-50.9916720">
    <ele>768.4</ele>
   </trkpt>
   <trkpt lat="-26.1990930" lon="-50.9917000">
    <ele>768.4</ele>
   </trkpt>
   <trkpt lat="-26.1990760" lon="-50.9917320">
    <ele>768.6</ele>
   </trkpt>
   <trkpt lat="-26.1990660" lon="-50.9917670">
    <ele>768.6</ele>
   </trkpt>
   <trkpt lat="-26.1990610" lon="-50.9917990">
    <ele>768.6</ele>
   </trkpt>
   <trkpt lat="-26.1990570" lon="-50.9918330">
    <ele>768.6</ele>
   </trkpt>
   <trkpt lat="-26.1990600" lon="-50.9918710">
    <ele>768.6</ele>
   </trkpt>
   <trkpt lat="-26.1990700" lon="-50.9919080">
    <ele>768.6</ele>
   </trkpt>
   <trkpt lat="-26.1990820" lon="-50.9919420">
    <ele>768.8</ele>
   </trkpt>
   <trkpt lat="-26.1990940" lon="-50.9919770">
    <ele>768.6</ele>
   </trkpt>
   <trkpt lat="-26.1991080" lon="-50.9920120">
    <ele>768.6</ele>
   </trkpt>
   <trkpt lat="-26.1991240" lon="-50.9920470">
    <ele>768.2</ele>
   </trkpt>
   <trkpt lat="-26.1991950" lon="-50.9921980">
    <ele>768.2</ele>
   </trkpt>
   <trkpt lat="-26.1993060" lon="-50.9924140">
    <ele>769.0</ele>
   </trkpt>
   <trkpt lat="-26.1993270" lon="-50.9924840">
    <ele>769.2</ele>
   </trkpt>
   <trkpt lat="-26.1993780" lon="-50.9926080">
    <ele>770.6</ele>
   </trkpt>
   <trkpt lat="-26.1994150" lon="-50.9926910">
    <ele>771.0</ele>
   </trkpt>
   <trkpt lat="-26.1994900" lon="-50.9928600">
    <ele>771.4</ele>
   </trkpt>
   <trkpt lat="-26.1995090" lon="-50.9929000">
    <ele>771.6</ele>
   </trkpt>
   <trkpt lat="-26.1995280" lon="-50.9929420">
    <ele>771.6</ele>
   </trkpt>
   <trkpt lat="-26.1995470" lon="-50.9929830">
    <ele>771.6</ele>
   </trkpt>
   <trkpt lat="-26.1995640" lon="-50.9930250">
    <ele>771.8</ele>
   </trkpt>
   <trkpt lat="-26.1995810" lon="-50.9930680">
    <ele>771.8</ele>
   </trkpt>
   <trkpt lat="-26.1995990" lon="-50.9931100">
    <ele>771.8</ele>
   </trkpt>
   <trkpt lat="-26.1996200" lon="-50.9931530">
    <ele>771.8</ele>
   </trkpt>
   <trkpt lat="-26.1996410" lon="-50.9931950">
    <ele>771.8</ele>
   </trkpt>
   <trkpt lat="-26.1996600" lon="-50.9932380">
    <ele>771.8</ele>
   </trkpt>
   <trkpt lat="-26.1996800" lon="-50.9932830">
    <ele>771.8</ele>
   </trkpt>
   <trkpt lat="-26.1997000" lon="-50.9933290">
    <ele>771.8</ele>
   </trkpt>
   <trkpt lat="-26.1997200" lon="-50.9933730">
    <ele>772.0</ele>
   </trkpt>
   <trkpt lat="-26.1997420" lon="-50.9934200">
    <ele>772.0</ele>
   </trkpt>
   <trkpt lat="-26.1997580" lon="-50.9934660">
    <ele>772.0</ele>
   </trkpt>
   <trkpt lat="-26.1997740" lon="-50.9935120">
    <ele>772.2</ele>
   </trkpt>
   <trkpt lat="-26.1997940" lon="-50.9935550">
    <ele>772.2</ele>
   </trkpt>
   <trkpt lat="-26.1998280" lon="-50.9936430">
    <ele>772.2</ele>
   </trkpt>
   <trkpt lat="-26.1998910" lon="-50.9937680">
    <ele>772.8</ele>
   </trkpt>
   <trkpt lat="-26.1999100" lon="-50.9938100">
    <ele>772.8</ele>
   </trkpt>
   <trkpt lat="-26.1999320" lon="-50.9938480">
    <ele>772.8</ele>
   </trkpt>
   <trkpt lat="-26.1999810" lon="-50.9939280">
    <ele>772.6</ele>
   </trkpt>
   <trkpt lat="-26.2000100" lon="-50.9940270">
    <ele>772.4</ele>
   </trkpt>
   <trkpt lat="-26.2000510" lon="-50.9941240">
    <ele>772.2</ele>
   </trkpt>
   <trkpt lat="-26.2001070" lon="-50.9943370">
    <ele>771.8</ele>
   </trkpt>
   <trkpt lat="-26.2001190" lon="-50.9943910">
    <ele>771.4</ele>
   </trkpt>
   <trkpt lat="-26.2001670" lon="-50.9945990">
    <ele>772.0</ele>
   </trkpt>
   <trkpt lat="-26.2001790" lon="-50.9946490">
    <ele>771.6</ele>
   </trkpt>
   <trkpt lat="-26.2002110" lon="-50.9947450">
    <ele>771.2</ele>
   </trkpt>
   <trkpt lat="-26.2002280" lon="-50.9947960">
    <ele>771.2</ele>
   </trkpt>
   <trkpt lat="-26.2002470" lon="-50.9948490">
    <ele>771.2</ele>
   </trkpt>
   <trkpt lat="-26.2002630" lon="-50.9948990">
    <ele>771.2</ele>
   </trkpt>
   <trkpt lat="-26.2002710" lon="-50.9949460">
    <ele>771.2</ele>
   </trkpt>
   <trkpt lat="-26.2002760" lon="-50.9950340">
    <ele>771.4</ele>
   </trkpt>
   <trkpt lat="-26.2002750" lon="-50.9950730">
    <ele>771.4</ele>
   </trkpt>
   <trkpt lat="-26.2002770" lon="-50.9951110">
    <ele>771.4</ele>
   </trkpt>
   <trkpt lat="-26.2002820" lon="-50.9951480">
    <ele>771.4</ele>
   </trkpt>
   <trkpt lat="-26.2002860" lon="-50.9951950">
    <ele>771.4</ele>
   </trkpt>
   <trkpt lat="-26.2002880" lon="-50.9952410">
    <ele>771.4</ele>
   </trkpt>
   <trkpt lat="-26.2002980" lon="-50.9953460">
    <ele>771.8</ele>
   </trkpt>
   <trkpt lat="-26.2003090" lon="-50.9954050">
    <ele>773.0</ele>
   </trkpt>
   <trkpt lat="-26.2003120" lon="-50.9954640">
    <ele>773.4</ele>
   </trkpt>
   <trkpt lat="-26.2003180" lon="-50.9957070">
    <ele>773.4</ele>
   </trkpt>
   <trkpt lat="-26.2003170" lon="-50.9957690">
    <ele>773.4</ele>
   </trkpt>
   <trkpt lat="-26.2003150" lon="-50.9959070">
    <ele>773.2</ele>
   </trkpt>
   <trkpt lat="-26.2003170" lon="-50.9959750">
    <ele>772.8</ele>
   </trkpt>
   <trkpt lat="-26.2003160" lon="-50.9961010">
    <ele>772.6</ele>
   </trkpt>
   <trkpt lat="-26.2003150" lon="-50.9962880">
    <ele>772.6</ele>
   </trkpt>
   <trkpt lat="-26.2003350" lon="-50.9966090">
    <ele>772.6</ele>
   </trkpt>
   <trkpt lat="-26.2003400" lon="-50.9966730">
    <ele>772.6</ele>
   </trkpt>
   <trkpt lat="-26.2003480" lon="-50.9969130">
    <ele>772.4</ele>
   </trkpt>
   <trkpt lat="-26.2003530" lon="-50.9969730">
    <ele>772.4</ele>
   </trkpt>
   <trkpt lat="-26.2003560" lon="-50.9970370">
    <ele>772.2</ele>
   </trkpt>
   <trkpt lat="-26.2003600" lon="-50.9970950">
    <ele>772.2</ele>
   </trkpt>
   <trkpt lat="-26.2003620" lon="-50.9971540">
    <ele>772.2</ele>
   </trkpt>
   <trkpt lat="-26.2003600" lon="-50.9972110">
    <ele>772.2</ele>
   </trkpt>
   <trkpt lat="-26.2003550" lon="-50.9972700">
    <ele>772.2</ele>
   </trkpt>
   <trkpt lat="-26.2003440" lon="-50.9973270">
    <ele>772.2</ele>
   </trkpt>
   <trkpt lat="-26.2003430" lon="-50.9973810">
    <ele>772.2</ele>
   </trkpt>
   <trkpt lat="-26.2003460" lon="-50.9974300">
    <ele>772.0</ele>
   </trkpt>
   <trkpt lat="-26.2003490" lon="-50.9974560">
    <ele>771.2</ele>
   </trkpt>
   <trkpt lat="-26.2003520" lon="-50.9974860">
    <ele>771.2</ele>
   </trkpt>
   <trkpt lat="-26.2003530" lon="-50.9975170">
    <ele>771.2</ele>
   </trkpt>
   <trkpt lat="-26.2003540" lon="-50.9975500">
    <ele>771.2</ele>
   </trkpt>
   <trkpt lat="-26.2003660" lon="-50.9976790">
    <ele>772.2</ele>
   </trkpt>
   <trkpt lat="-26.2003670" lon="-50.9977040">
    <ele>772.2</ele>
   </trkpt>
   <trkpt lat="-26.2003650" lon="-50.9977310">
    <ele>772.4</ele>
   </trkpt>
   <trkpt lat="-26.2003480" lon="-50.9978920">
    <ele>772.4</ele>
   </trkpt>
   <trkpt lat="-26.2003430" lon="-50.9979220">
    <ele>772.4</ele>
   </trkpt>
   <trkpt lat="-26.2003460" lon="-50.9979510">
    <ele>772.4</ele>
   </trkpt>
   <trkpt lat="-26.2003480" lon="-50.9979800">
    <ele>772.6</ele>
   </trkpt>
   <trkpt lat="-26.2003510" lon="-50.9980070">
    <ele>772.6</ele>
   </trkpt>
   <trkpt lat="-26.2003600" lon="-50.9980360">
    <ele>772.6</ele>
   </trkpt>
   <trkpt lat="-26.2003570" lon="-50.9980920">
    <ele>772.8</ele>
   </trkpt>
   <trkpt lat="-26.2003550" lon="-50.9981200">
    <ele>772.8</ele>
   </trkpt>
   <trkpt lat="-26.2003550" lon="-50.9981500">
    <ele>773.0</ele>
   </trkpt>
   <trkpt lat="-26.2003530" lon="-50.9981830">
    <ele>773.0</ele>
   </trkpt>
   <trkpt lat="-26.2003510" lon="-50.9982170">
    <ele>773.0</ele>
   </trkpt>
   <trkpt lat="-26.2003620" lon="-50.9983830">
    <ele>773.8</ele>
   </trkpt>
   <trkpt lat="-26.2003670" lon="-50.9985540">
    <ele>774.2</ele>
   </trkpt>
   <trkpt lat="-26.2003710" lon="-50.9986810">
    <ele>775.0</ele>
   </trkpt>
   <trkpt lat="-26.2003720" lon="-50.9987100">
    <ele>775.2</ele>
   </trkpt>
   <trkpt lat="-26.2003730" lon="-50.9987380">
    <ele>775.4</ele>
   </trkpt>
   <trkpt lat="-26.2003770" lon="-50.9987650">
    <ele>775.4</ele>
   </trkpt>
   <trkpt lat="-26.2003790" lon="-50.9987940">
    <ele>775.4</ele>
   </trkpt>
   <trkpt lat="-26.2003810" lon="-50.9988210">
    <ele>775.6</ele>
   </trkpt>
   <trkpt lat="-26.2003820" lon="-50.9988490">
    <ele>775.6</ele>
   </trkpt>
   <trkpt lat="-26.2003840" lon="-50.9988770">
    <ele>775.6</ele>
   </trkpt>
   <trkpt lat="-26.2003830" lon="-50.9989050">
    <ele>775.8</ele>
   </trkpt>
   <trkpt lat="-26.2003820" lon="-50.9989340">
    <ele>776.0</ele>
   </trkpt>
   <trkpt lat="-26.2003840" lon="-50.9989650">
    <ele>776.2</ele>
   </trkpt>
   <trkpt lat="-26.2003850" lon="-50.9989960">
    <ele>776.2</ele>
   </trkpt>
   <trkpt lat="-26.2003870" lon="-50.9990270">
    <ele>776.6</ele>
   </trkpt>
   <trkpt lat="-26.2003870" lon="-50.9990570">
    <ele>776.8</ele>
   </trkpt>
   <trkpt lat="-26.2003890" lon="-50.9990860">
    <ele>776.8</ele>
   </trkpt>
   <trkpt lat="-26.2003900" lon="-50.9991170">
    <ele>777.0</ele>
   </trkpt>
   <trkpt lat="-26.2003900" lon="-50.9991470">
    <ele>777.4</ele>
   </trkpt>
   <trkpt lat="-26.2003900" lon="-50.9991730">
    <ele>777.6</ele>
   </trkpt>
   <trkpt lat="-26.2003910" lon="-50.9992010">
    <ele>777.6</ele>
   </trkpt>
   <trkpt lat="-26.2003910" lon="-50.9992310">
    <ele>777.8</ele>
   </trkpt>
   <trkpt lat="-26.2003900" lon="-50.9992610">
    <ele>778.0</ele>
   </trkpt>
   <trkpt lat="-26.2003880" lon="-50.9992910">
    <ele>778.2</ele>
   </trkpt>
   <trkpt lat="-26.2003880" lon="-50.9993230">
    <ele>778.4</ele>
   </trkpt>
   <trkpt lat="-26.2003910" lon="-50.9993550">
    <ele>778.6</ele>
   </trkpt>
   <trkpt lat="-26.2003920" lon="-50.9993850">
    <ele>778.8</ele>
   </trkpt>
   <trkpt lat="-26.2003930" lon="-50.9994160">
    <ele>779.4</ele>
   </trkpt>
   <trkpt lat="-26.2003950" lon="-50.9994470">
    <ele>779.6</ele>
   </trkpt>
   <trkpt lat="-26.2003940" lon="-50.9994770">
    <ele>779.8</ele>
   </trkpt>
   <trkpt lat="-26.2003930" lon="-50.9995030">
    <ele>779.8</ele>
   </trkpt>
   <trkpt lat="-26.2003950" lon="-50.9995310">
    <ele>780.0</ele>
   </trkpt>
   <trkpt lat="-26.2003970" lon="-50.9995600">
    <ele>780.0</ele>
   </trkpt>
   <trkpt lat="-26.2003970" lon="-50.9995890">
    <ele>780.2</ele>
   </trkpt>
   <trkpt lat="-26.2003960" lon="-50.9996200">
    <ele>780.2</ele>
   </trkpt>
   <trkpt lat="-26.2003960" lon="-50.9996530">
    <ele>780.4</ele>
   </trkpt>
   <trkpt lat="-26.2003980" lon="-50.9996830">
    <ele>780.6</ele>
   </trkpt>
   <trkpt lat="-26.2004000" lon="-50.9997120">
    <ele>780.8</ele>
   </trkpt>
   <trkpt lat="-26.2004010" lon="-50.9997430">
    <ele>780.8</ele>
   </trkpt>
   <trkpt lat="-26.2004030" lon="-50.9997730">
    <ele>781.2</ele>
   </trkpt>
   <trkpt lat="-26.2004040" lon="-50.9998030">
    <ele>781.2</ele>
   </trkpt>
   <trkpt lat="-26.2004040" lon="-50.9998320">
    <ele>781.6</ele>
   </trkpt>
   <trkpt lat="-26.2004040" lon="-50.9998620">
    <ele>781.8</ele>
   </trkpt>
   <trkpt lat="-26.2004050" lon="-50.9998930">
    <ele>781.8</ele>
   </trkpt>
   <trkpt lat="-26.2004060" lon="-50.9999220">
    <ele>782.0</ele>
   </trkpt>
   <trkpt lat="-26.2004070" lon="-50.9999490">
    <ele>782.2</ele>
   </trkpt>
   <trkpt lat="-26.2004070" lon="-50.9999760">
    <ele>782.4</ele>
   </trkpt>
   <trkpt lat="-26.2004090" lon="-51.0000030">
    <ele>782.6</ele>
   </trkpt>
   <trkpt lat="-26.2004120" lon="-51.0000330">
    <ele>782.6</ele>
   </trkpt>
   <trkpt lat="-26.2004120" lon="-51.0000630">
    <ele>782.8</ele>
   </trkpt>
   <trkpt lat="-26.2004110" lon="-51.0000940">
    <ele>783.0</ele>
   </trkpt>
   <trkpt lat="-26.2004100" lon="-51.0001240">
    <ele>783.2</ele>
   </trkpt>
   <trkpt lat="-26.2004120" lon="-51.0001530">
    <ele>783.2</ele>
   </trkpt>
   <trkpt lat="-26.2004190" lon="-51.0001830">
    <ele>783.2</ele>
   </trkpt>
   <trkpt lat="-26.2004220" lon="-51.0002130">
    <ele>783.2</ele>
   </trkpt>
   <trkpt lat="-26.2004240" lon="-51.0002410">
    <ele>783.4</ele>
   </trkpt>
   <trkpt lat="-26.2004260" lon="-51.0002650">
    <ele>783.8</ele>
   </trkpt>
   <trkpt lat="-26.2004260" lon="-51.0002890">
    <ele>783.8</ele>
   </trkpt>
   <trkpt lat="-26.2004290" lon="-51.0003110">
    <ele>784.2</ele>
   </trkpt>
   <trkpt lat="-26.2004310" lon="-51.0003360">
    <ele>784.4</ele>
   </trkpt>
   <trkpt lat="-26.2004310" lon="-51.0003620">
    <ele>784.4</ele>
   </trkpt>
   <trkpt lat="-26.2004340" lon="-51.0003880">
    <ele>784.6</ele>
   </trkpt>
   <trkpt lat="-26.2004330" lon="-51.0004120">
    <ele>785.0</ele>
   </trkpt>
   <trkpt lat="-26.2004330" lon="-51.0004350">
    <ele>785.0</ele>
   </trkpt>
   <trkpt lat="-26.2004350" lon="-51.0004590">
    <ele>785.2</ele>
   </trkpt>
   <trkpt lat="-26.2004370" lon="-51.0004850">
    <ele>785.2</ele>
   </trkpt>
   <trkpt lat="-26.2004380" lon="-51.0005110">
    <ele>785.6</ele>
   </trkpt>
   <trkpt lat="-26.2004370" lon="-51.0005370">
    <ele>785.6</ele>
   </trkpt>
   <trkpt lat="-26.2004340" lon="-51.0005660">
    <ele>785.6</ele>
   </trkpt>
   <trkpt lat="-26.2004320" lon="-51.0005950">
    <ele>785.8</ele>
   </trkpt>
   <trkpt lat="-26.2004300" lon="-51.0006220">
    <ele>785.8</ele>
   </trkpt>
   <trkpt lat="-26.2004270" lon="-51.0006490">
    <ele>785.8</ele>
   </trkpt>
   <trkpt lat="-26.2004230" lon="-51.0006740">
    <ele>786.0</ele>
   </trkpt>
   <trkpt lat="-26.2004240" lon="-51.0007010">
    <ele>786.2</ele>
   </trkpt>
   <trkpt lat="-26.2004230" lon="-51.0007270">
    <ele>786.2</ele>
   </trkpt>
   <trkpt lat="-26.2004230" lon="-51.0007540">
    <ele>786.6</ele>
   </trkpt>
   <trkpt lat="-26.2004230" lon="-51.0007830">
    <ele>786.6</ele>
   </trkpt>
   <trkpt lat="-26.2004240" lon="-51.0008140">
    <ele>786.8</ele>
   </trkpt>
   <trkpt lat="-26.2004230" lon="-51.0008460">
    <ele>786.8</ele>
   </trkpt>
   <trkpt lat="-26.2004200" lon="-51.0008750">
    <ele>787.0</ele>
   </trkpt>
   <trkpt lat="-26.2004170" lon="-51.0009040">
    <ele>787.2</ele>
   </trkpt>
   <trkpt lat="-26.2004170" lon="-51.0009350">
    <ele>787.6</ele>
   </trkpt>
   <trkpt lat="-26.2004160" lon="-51.0009630">
    <ele>787.6</ele>
   </trkpt>
   <trkpt lat="-26.2004130" lon="-51.0009900">
    <ele>787.8</ele>
   </trkpt>
   <trkpt lat="-26.2004100" lon="-51.0010180">
    <ele>788.0</ele>
   </trkpt>
   <trkpt lat="-26.2004060" lon="-51.0010450">
    <ele>788.0</ele>
   </trkpt>
   <trkpt lat="-26.2004070" lon="-51.0010730">
    <ele>788.4</ele>
   </trkpt>
   <trkpt lat="-26.2004090" lon="-51.0010990">
    <ele>788.6</ele>
   </trkpt>
   <trkpt lat="-26.2004070" lon="-51.0011230">
    <ele>788.6</ele>
   </trkpt>
   <trkpt lat="-26.2004030" lon="-51.0011420">
    <ele>788.8</ele>
   </trkpt>
   <trkpt lat="-26.2003990" lon="-51.0011630">
    <ele>789.0</ele>
   </trkpt>
   <trkpt lat="-26.2003940" lon="-51.0011880">
    <ele>789.4</ele>
   </trkpt>
   <trkpt lat="-26.2003870" lon="-51.0012040">
    <ele>789.6</ele>
   </trkpt>
   <trkpt lat="-26.2003780" lon="-51.0012260">
    <ele>790.2</ele>
   </trkpt>
   <trkpt lat="-26.2003690" lon="-51.0012480">
    <ele>790.2</ele>
   </trkpt>
   <trkpt lat="-26.2003650" lon="-51.0012740">
    <ele>790.4</ele>
   </trkpt>
   <trkpt lat="-26.2003560" lon="-51.0013020">
    <ele>790.4</ele>
   </trkpt>
   <trkpt lat="-26.2003500" lon="-51.0013350">
    <ele>790.4</ele>
   </trkpt>
   <trkpt lat="-26.2003430" lon="-51.0013600">
    <ele>790.6</ele>
   </trkpt>
   <trkpt lat="-26.2003320" lon="-51.0013890">
    <ele>790.6</ele>
   </trkpt>
   <trkpt lat="-26.2003180" lon="-51.0014230">
    <ele>790.8</ele>
   </trkpt>
   <trkpt lat="-26.2003090" lon="-51.0014480">
    <ele>791.0</ele>
   </trkpt>
   <trkpt lat="-26.2002970" lon="-51.0014810">
    <ele>791.2</ele>
   </trkpt>
   <trkpt lat="-26.2002820" lon="-51.0015180">
    <ele>791.8</ele>
   </trkpt>
   <trkpt lat="-26.2002660" lon="-51.0015490">
    <ele>792.0</ele>
   </trkpt>
   <trkpt lat="-26.2002530" lon="-51.0015710">
    <ele>792.0</ele>
   </trkpt>
   <trkpt lat="-26.2002400" lon="-51.0016050">
    <ele>792.2</ele>
   </trkpt>
   <trkpt lat="-26.2002300" lon="-51.0016330">
    <ele>792.2</ele>
   </trkpt>
   <trkpt lat="-26.2002220" lon="-51.0016550">
    <ele>792.4</ele>
   </trkpt>
   <trkpt lat="-26.2002060" lon="-51.0016870">
    <ele>792.6</ele>
   </trkpt>
   <trkpt lat="-26.2001950" lon="-51.0017100">
    <ele>793.0</ele>
   </trkpt>
   <trkpt lat="-26.2001840" lon="-51.0017290">
    <ele>793.2</ele>
   </trkpt>
   <trkpt lat="-26.2001670" lon="-51.0017570">
    <ele>793.4</ele>
   </trkpt>
   <trkpt lat="-26.2001540" lon="-51.0017760">
    <ele>793.8</ele>
   </trkpt>
   <trkpt lat="-26.2001420" lon="-51.0018000">
    <ele>793.8</ele>
   </trkpt>
   <trkpt lat="-26.2001310" lon="-51.0018280">
    <ele>794.0</ele>
   </trkpt>
   <trkpt lat="-26.2001240" lon="-51.0018490">
    <ele>794.0</ele>
   </trkpt>
   <trkpt lat="-26.2001140" lon="-51.0018690">
    <ele>794.4</ele>
   </trkpt>
   <trkpt lat="-26.2000960" lon="-51.0018920">
    <ele>794.4</ele>
   </trkpt>
   <trkpt lat="-26.2000780" lon="-51.0019110">
    <ele>794.6</ele>
   </trkpt>
   <trkpt lat="-26.2000690" lon="-51.0019240">
    <ele>794.6</ele>
   </trkpt>
   <trkpt lat="-26.2000550" lon="-51.0019410">
    <ele>794.8</ele>
   </trkpt>
   <trkpt lat="-26.2000390" lon="-51.0019610">
    <ele>795.2</ele>
   </trkpt>
   <trkpt lat="-26.2000290" lon="-51.0019780">
    <ele>795.2</ele>
   </trkpt>
   <trkpt lat="-26.2000080" lon="-51.0019980">
    <ele>795.4</ele>
   </trkpt>
   <trkpt lat="-26.1999900" lon="-51.0020130">
    <ele>795.6</ele>
   </trkpt>
   <trkpt lat="-26.1999770" lon="-51.0020270">
    <ele>795.8</ele>
   </trkpt>
   <trkpt lat="-26.1999610" lon="-51.0020460">
    <ele>795.8</ele>
   </trkpt>
   <trkpt lat="-26.1999470" lon="-51.0020640">
    <ele>795.8</ele>
   </trkpt>
   <trkpt lat="-26.1999360" lon="-51.0020810">
    <ele>796.2</ele>
   </trkpt>
   <trkpt lat="-26.1999150" lon="-51.0021000">
    <ele>796.4</ele>
   </trkpt>
   <trkpt lat="-26.1999000" lon="-51.0021180">
    <ele>796.4</ele>
   </trkpt>
   <trkpt lat="-26.1998830" lon="-51.0021380">
    <ele>796.6</ele>
   </trkpt>
   <trkpt lat="-26.1998610" lon="-51.0021610">
    <ele>796.6</ele>
   </trkpt>
   <trkpt lat="-26.1998430" lon="-51.0021810">
    <ele>796.8</ele>
   </trkpt>
   <trkpt lat="-26.1998290" lon="-51.0021980">
    <ele>797.0</ele>
   </trkpt>
   <trkpt lat="-26.1998170" lon="-51.0022170">
    <ele>797.2</ele>
   </trkpt>
   <trkpt lat="-26.1998000" lon="-51.0022360">
    <ele>797.4</ele>
   </trkpt>
   <trkpt lat="-26.1997850" lon="-51.0022530">
    <ele>797.4</ele>
   </trkpt>
   <trkpt lat="-26.1997670" lon="-51.0022730">
    <ele>797.6</ele>
   </trkpt>
   <trkpt lat="-26.1997420" lon="-51.0022980">
    <ele>797.8</ele>
   </trkpt>
   <trkpt lat="-26.1997320" lon="-51.0023200">
    <ele>797.8</ele>
   </trkpt>
   <trkpt lat="-26.1997140" lon="-51.0023430">
    <ele>797.8</ele>
   </trkpt>
   <trkpt lat="-26.1996830" lon="-51.0023680">
    <ele>797.8</ele>
   </trkpt>
   <trkpt lat="-26.1996590" lon="-51.0023900">
    <ele>798.0</ele>
   </trkpt>
   <trkpt lat="-26.1996400" lon="-51.0024060">
    <ele>798.0</ele>
   </trkpt>
   <trkpt lat="-26.1996140" lon="-51.0024290">
    <ele>798.2</ele>
   </trkpt>
   <trkpt lat="-26.1995980" lon="-51.0024470">
    <ele>798.2</ele>
   </trkpt>
   <trkpt lat="-26.1995780" lon="-51.0024640">
    <ele>798.2</ele>
   </trkpt>
   <trkpt lat="-26.1995570" lon="-51.0024850">
    <ele>798.4</ele>
   </trkpt>
   <trkpt lat="-26.1995330" lon="-51.0025090">
    <ele>798.6</ele>
   </trkpt>
   <trkpt lat="-26.1995160" lon="-51.0025240">
    <ele>798.6</ele>
   </trkpt>
   <trkpt lat="-26.1994940" lon="-51.0025410">
    <ele>798.8</ele>
   </trkpt>
   <trkpt lat="-26.1994690" lon="-51.0025640">
    <ele>799.0</ele>
   </trkpt>
   <trkpt lat="-26.1994520" lon="-51.0025800">
    <ele>799.0</ele>
   </trkpt>
   <trkpt lat="-26.1994330" lon="-51.0026000">
    <ele>799.0</ele>
   </trkpt>
   <trkpt lat="-26.1994110" lon="-51.0026210">
    <ele>799.0</ele>
   </trkpt>
   <trkpt lat="-26.1993850" lon="-51.0026400">
    <ele>799.2</ele>
   </trkpt>
   <trkpt lat="-26.1993640" lon="-51.0026560">
    <ele>799.2</ele>
   </trkpt>
   <trkpt lat="-26.1993450" lon="-51.0026750">
    <ele>799.4</ele>
   </trkpt>
   <trkpt lat="-26.1993250" lon="-51.0027010">
    <ele>799.4</ele>
   </trkpt>
   <trkpt lat="-26.1993100" lon="-51.0027180">
    <ele>799.6</ele>
   </trkpt>
   <trkpt lat="-26.1992910" lon="-51.0027370">
    <ele>800.2</ele>
   </trkpt>
   <trkpt lat="-26.1992660" lon="-51.0027600">
    <ele>800.4</ele>
   </trkpt>
   <trkpt lat="-26.1992470" lon="-51.0027740">
    <ele>800.6</ele>
   </trkpt>
   <trkpt lat="-26.1992290" lon="-51.0027930">
    <ele>800.8</ele>
   </trkpt>
   <trkpt lat="-26.1992080" lon="-51.0028180">
    <ele>801.0</ele>
   </trkpt>
   <trkpt lat="-26.1991950" lon="-51.0028350">
    <ele>801.2</ele>
   </trkpt>
   <trkpt lat="-26.1991700" lon="-51.0028590">
    <ele>801.2</ele>
   </trkpt>
   <trkpt lat="-26.1991520" lon="-51.0028800">
    <ele>801.4</ele>
   </trkpt>
   <trkpt lat="-26.1991440" lon="-51.0028990">
    <ele>801.4</ele>
   </trkpt>
   <trkpt lat="-26.1991260" lon="-51.0029220">
    <ele>801.6</ele>
   </trkpt>
   <trkpt lat="-26.1991080" lon="-51.0029440">
    <ele>802.0</ele>
   </trkpt>
   <trkpt lat="-26.1990890" lon="-51.0029630">
    <ele>802.0</ele>
   </trkpt>
   <trkpt lat="-26.1990700" lon="-51.0029800">
    <ele>802.2</ele>
   </trkpt>
   <trkpt lat="-26.1990540" lon="-51.0029990">
    <ele>802.4</ele>
   </trkpt>
   <trkpt lat="-26.1990410" lon="-51.0030250">
    <ele>802.6</ele>
   </trkpt>
   <trkpt lat="-26.1990270" lon="-51.0030520">
    <ele>802.6</ele>
   </trkpt>
   <trkpt lat="-26.1990070" lon="-51.0030770">
    <ele>802.8</ele>
   </trkpt>
   <trkpt lat="-26.1989940" lon="-51.0030900">
    <ele>803.0</ele>
   </trkpt>
   <trkpt lat="-26.1989840" lon="-51.0031090">
    <ele>803.2</ele>
   </trkpt>
   <trkpt lat="-26.1989710" lon="-51.0031330">
    <ele>803.4</ele>
   </trkpt>
   <trkpt lat="-26.1989670" lon="-51.0031580">
    <ele>803.6</ele>
   </trkpt>
   <trkpt lat="-26.1989510" lon="-51.0031830">
    <ele>803.8</ele>
   </trkpt>
   <trkpt lat="-26.1989400" lon="-51.0032070">
    <ele>804.2</ele>
   </trkpt>
   <trkpt lat="-26.1989270" lon="-51.0032350">
    <ele>804.2</ele>
   </trkpt>
   <trkpt lat="-26.1989130" lon="-51.0032600">
    <ele>804.6</ele>
   </trkpt>
   <trkpt lat="-26.1989010" lon="-51.0032810">
    <ele>804.6</ele>
   </trkpt>
   <trkpt lat="-26.1988870" lon="-51.0033000">
    <ele>805.0</ele>
   </trkpt>
   <trkpt lat="-26.1988750" lon="-51.0033220">
    <ele>805.0</ele>
   </trkpt>
   <trkpt lat="-26.1988640" lon="-51.0033440">
    <ele>805.2</ele>
   </trkpt>
   <trkpt lat="-26.1988480" lon="-51.0033640">
    <ele>805.4</ele>
   </trkpt>
   <trkpt lat="-26.1988340" lon="-51.0033870">
    <ele>805.6</ele>
   </trkpt>
   <trkpt lat="-26.1988280" lon="-51.0034080">
    <ele>805.8</ele>
   </trkpt>
   <trkpt lat="-26.1988190" lon="-51.0034220">
    <ele>806.2</ele>
   </trkpt>
   <trkpt lat="-26.1988130" lon="-51.0034440">
    <ele>806.4</ele>
   </trkpt>
   <trkpt lat="-26.1988100" lon="-51.0034660">
    <ele>806.8</ele>
   </trkpt>
   <trkpt lat="-26.1988110" lon="-51.0034880">
    <ele>807.0</ele>
   </trkpt>
   <trkpt lat="-26.1988080" lon="-51.0035120">
    <ele>807.0</ele>
   </trkpt>
   <trkpt lat="-26.1988070" lon="-51.0035410">
    <ele>807.4</ele>
   </trkpt>
   <trkpt lat="-26.1988060" lon="-51.0035620">
    <ele>807.4</ele>
   </trkpt>
   <trkpt lat="-26.1988040" lon="-51.0035840">
    <ele>807.6</ele>
   </trkpt>
   <trkpt lat="-26.1988030" lon="-51.0036120">
    <ele>807.8</ele>
   </trkpt>
   <trkpt lat="-26.1988020" lon="-51.0036420">
    <ele>808.0</ele>
   </trkpt>
   <trkpt lat="-26.1988030" lon="-51.0036730">
    <ele>808.2</ele>
   </trkpt>
   <trkpt lat="-26.1988040" lon="-51.0037020">
    <ele>808.6</ele>
   </trkpt>
   <trkpt lat="-26.1988080" lon="-51.0037350">
    <ele>808.8</ele>
   </trkpt>
   <trkpt lat="-26.1988130" lon="-51.0037730">
    <ele>809.0</ele>
   </trkpt>
   <trkpt lat="-26.1988130" lon="-51.0037970">
    <ele>809.2</ele>
   </trkpt>
   <trkpt lat="-26.1988160" lon="-51.0038270">
    <ele>809.2</ele>
   </trkpt>
   <trkpt lat="-26.1988220" lon="-51.0038570">
    <ele>809.2</ele>
   </trkpt>
   <trkpt lat="-26.1988280" lon="-51.0038870">
    <ele>809.4</ele>
   </trkpt>
   <trkpt lat="-26.1988360" lon="-51.0039160">
    <ele>809.8</ele>
   </trkpt>
   <trkpt lat="-26.1988480" lon="-51.0039420">
    <ele>810.0</ele>
   </trkpt>
   <trkpt lat="-26.1988620" lon="-51.0039730">
    <ele>810.2</ele>
   </trkpt>
   <trkpt lat="-26.1988750" lon="-51.0040060">
    <ele>810.4</ele>
   </trkpt>
   <trkpt lat="-26.1988900" lon="-51.0040390">
    <ele>810.4</ele>
   </trkpt>
   <trkpt lat="-26.1989060" lon="-51.0040670">
    <ele>810.4</ele>
   </trkpt>
   <trkpt lat="-26.1989220" lon="-51.0040920">
    <ele>810.6</ele>
   </trkpt>
   <trkpt lat="-26.1989380" lon="-51.0041200">
    <ele>810.6</ele>
   </trkpt>
   <trkpt lat="-26.1989540" lon="-51.0041490">
    <ele>810.6</ele>
   </trkpt>
   <trkpt lat="-26.1989780" lon="-51.0041840">
    <ele>810.8</ele>
   </trkpt>
   <trkpt lat="-26.1989990" lon="-51.0042190">
    <ele>811.0</ele>
   </trkpt>
   <trkpt lat="-26.1990150" lon="-51.0042620">
    <ele>811.0</ele>
   </trkpt>
   <trkpt lat="-26.1990320" lon="-51.0042990">
    <ele>811.0</ele>
   </trkpt>
   <trkpt lat="-26.1990600" lon="-51.0043300">
    <ele>811.0</ele>
   </trkpt>
   <trkpt lat="-26.1990890" lon="-51.0043570">
    <ele>811.0</ele>
   </trkpt>
   <trkpt lat="-26.1991170" lon="-51.0043840">
    <ele>811.0</ele>
   </trkpt>
   <trkpt lat="-26.1991400" lon="-51.0044090">
    <ele>811.0</ele>
   </trkpt>
   <trkpt lat="-26.1991640" lon="-51.0044340">
    <ele>811.0</ele>
   </trkpt>
   <trkpt lat="-26.1991910" lon="-51.0044640">
    <ele>810.8</ele>
   </trkpt>
   <trkpt lat="-26.1992270" lon="-51.0044930">
    <ele>810.8</ele>
   </trkpt>
   <trkpt lat="-26.1992650" lon="-51.0045190">
    <ele>810.4</ele>
   </trkpt>
   <trkpt lat="-26.1992990" lon="-51.0045520">
    <ele>809.4</ele>
   </trkpt>
   <trkpt lat="-26.1993360" lon="-51.0045820">
    <ele>809.0</ele>
   </trkpt>
   <trkpt lat="-26.1993810" lon="-51.0046090">
    <ele>808.8</ele>
   </trkpt>
   <trkpt lat="-26.1994770" lon="-51.0046510">
    <ele>808.6</ele>
   </trkpt>
   <trkpt lat="-26.1995190" lon="-51.0046660">
    <ele>808.6</ele>
   </trkpt>
   <trkpt lat="-26.1996810" lon="-51.0046990">
    <ele>808.4</ele>
   </trkpt>
   <trkpt lat="-26.1997860" lon="-51.0047070">
    <ele>808.4</ele>
   </trkpt>
   <trkpt lat="-26.2001900" lon="-51.0046890">
    <ele>808.2</ele>
   </trkpt>
   <trkpt lat="-26.2002480" lon="-51.0046840">
    <ele>808.0</ele>
   </trkpt>
   <trkpt lat="-26.2003040" lon="-51.0046810">
    <ele>807.8</ele>
   </trkpt>
   <trkpt lat="-26.2004830" lon="-51.0046970">
    <ele>806.8</ele>
   </trkpt>
   <trkpt lat="-26.2005510" lon="-51.0047080">
    <ele>806.6</ele>
   </trkpt>
   <trkpt lat="-26.2006940" lon="-51.0047510">
    <ele>805.4</ele>
   </trkpt>
   <trkpt lat="-26.2009220" lon="-51.0048500">
    <ele>804.6</ele>
   </trkpt>
   <trkpt lat="-26.2010110" lon="-51.0048950">
    <ele>803.8</ele>
   </trkpt>
   <trkpt lat="-26.2010970" lon="-51.0049430">
    <ele>800.2</ele>
   </trkpt>
   <trkpt lat="-26.2011750" lon="-51.0050010">
    <ele>800.0</ele>
   </trkpt>
   <trkpt lat="-26.2013840" lon="-51.0052360">
    <ele>800.2</ele>
   </trkpt>
   <trkpt lat="-26.2014430" lon="-51.0053200">
    <ele>799.6</ele>
   </trkpt>
   <trkpt lat="-26.2014990" lon="-51.0054070">
    <ele>798.6</ele>
   </trkpt>
   <trkpt lat="-26.2015920" lon="-51.0055990">
    <ele>799.2</ele>
   </trkpt>
   <trkpt lat="-26.2016250" lon="-51.0057000">
    <ele>798.6</ele>
   </trkpt>
   <trkpt lat="-26.2016500" lon="-51.0058020">
    <ele>798.0</ele>
   </trkpt>
   <trkpt lat="-26.2017070" lon="-51.0062110">
    <ele>797.6</ele>
   </trkpt>
   <trkpt lat="-26.2017860" lon="-51.0068120">
    <ele>796.2</ele>
   </trkpt>
   <trkpt lat="-26.2018040" lon="-51.0069150">
    <ele>795.8</ele>
   </trkpt>
   <trkpt lat="-26.2018370" lon="-51.0071310">
    <ele>795.0</ele>
   </trkpt>
   <trkpt lat="-26.2018530" lon="-51.0073540">
    <ele>793.2</ele>
   </trkpt>
   <trkpt lat="-26.2018790" lon="-51.0075740">
    <ele>791.2</ele>
   </trkpt>
   <trkpt lat="-26.2018910" lon="-51.0076890">
    <ele>789.2</ele>
   </trkpt>
   <trkpt lat="-26.2019220" lon="-51.0080250">
    <ele>788.4</ele>
   </trkpt>
   <trkpt lat="-26.2019870" lon="-51.0085730">
    <ele>788.2</ele>
   </trkpt>
   <trkpt lat="-26.2020010" lon="-51.0086750">
    <ele>788.2</ele>
   </trkpt>
   <trkpt lat="-26.2020130" lon="-51.0087780">
    <ele>787.8</ele>
   </trkpt>
   <trkpt lat="-26.2020250" lon="-51.0088690">
    <ele>787.6</ele>
   </trkpt>
   <trkpt lat="-26.2020350" lon="-51.0089640">
    <ele>787.2</ele>
   </trkpt>
   <trkpt lat="-26.2020410" lon="-51.0090610">
    <ele>787.0</ele>
   </trkpt>
   <trkpt lat="-26.2020670" lon="-51.0093450">
    <ele>786.4</ele>
   </trkpt>
   <trkpt lat="-26.2020760" lon="-51.0095510">
    <ele>785.6</ele>
   </trkpt>
   <trkpt lat="-26.2021030" lon="-51.0097710">
    <ele>784.6</ele>
   </trkpt>
   <trkpt lat="-26.2021180" lon="-51.0098790">
    <ele>784.0</ele>
   </trkpt>
   <trkpt lat="-26.2021330" lon="-51.0099900">
    <ele>782.2</ele>
   </trkpt>
   <trkpt lat="-26.2021470" lon="-51.0100930">
    <ele>780.0</ele>
   </trkpt>
   <trkpt lat="-26.2022070" lon="-51.0106400">
    <ele>778.8</ele>
   </trkpt>
   <trkpt lat="-26.2022380" lon="-51.0109560">
    <ele>777.4</ele>
   </trkpt>
   <trkpt lat="-26.2022640" lon="-51.0111600">
    <ele>776.6</ele>
   </trkpt>
   <trkpt lat="-26.2022730" lon="-51.0112520">
    <ele>775.0</ele>
   </trkpt>
   <trkpt lat="-26.2022900" lon="-51.0113480">
    <ele>773.6</ele>
   </trkpt>
   <trkpt lat="-26.2023110" lon="-51.0114480">
    <ele>772.8</ele>
   </trkpt>
   <trkpt lat="-26.2023270" lon="-51.0115460">
    <ele>772.2</ele>
   </trkpt>
   <trkpt lat="-26.2023350" lon="-51.0117490">
    <ele>772.2</ele>
   </trkpt>
   <trkpt lat="-26.2023520" lon="-51.0118520">
    <ele>772.2</ele>
   </trkpt>
   <trkpt lat="-26.2023810" lon="-51.0120420">
    <ele>772.6</ele>
   </trkpt>
   <trkpt lat="-26.2024060" lon="-51.0122160">
    <ele>774.2</ele>
   </trkpt>
   <trkpt lat="-26.2024150" lon="-51.0123930">
    <ele>775.4</ele>
   </trkpt>
   <trkpt lat="-26.2024150" lon="-51.0124770">
    <ele>776.0</ele>
   </trkpt>
   <trkpt lat="-26.2024110" lon="-51.0125610">
    <ele>776.6</ele>
   </trkpt>
   <trkpt lat="-26.2024000" lon="-51.0127420">
    <ele>776.6</ele>
   </trkpt>
   <trkpt lat="-26.2023860" lon="-51.0129020">
    <ele>776.6</ele>
   </trkpt>
   <trkpt lat="-26.2023780" lon="-51.0129820">
    <ele>776.6</ele>
   </trkpt>
   <trkpt lat="-26.2023700" lon="-51.0130640">
    <ele>776.6</ele>
   </trkpt>
   <trkpt lat="-26.2023600" lon="-51.0131430">
    <ele>776.4</ele>
   </trkpt>
   <trkpt lat="-26.2023450" lon="-51.0132160">
    <ele>776.4</ele>
   </trkpt>
   <trkpt lat="-26.2023240" lon="-51.0132900">
    <ele>776.4</ele>
   </trkpt>
   <trkpt lat="-26.2023060" lon="-51.0133650">
    <ele>775.6</ele>
   </trkpt>
   <trkpt lat="-26.2022880" lon="-51.0134420">
    <ele>775.2</ele>
   </trkpt>
   <trkpt lat="-26.2022660" lon="-51.0135140">
    <ele>775.0</ele>
   </trkpt>
   <trkpt lat="-26.2022450" lon="-51.0135840">
    <ele>775.0</ele>
   </trkpt>
   <trkpt lat="-26.2022230" lon="-51.0136530">
    <ele>775.0</ele>
   </trkpt>
   <trkpt lat="-26.2021980" lon="-51.0137150">
    <ele>775.2</ele>
   </trkpt>
   <trkpt lat="-26.2021730" lon="-51.0137790">
    <ele>775.2</ele>
   </trkpt>
   <trkpt lat="-26.2021480" lon="-51.0138410">
    <ele>775.4</ele>
   </trkpt>
   <trkpt lat="-26.2021230" lon="-51.0138980">
    <ele>775.4</ele>
   </trkpt>
   <trkpt lat="-26.2021000" lon="-51.0139510">
    <ele>775.6</ele>
   </trkpt>
   <trkpt lat="-26.2020740" lon="-51.0140020">
    <ele>776.0</ele>
   </trkpt>
   <trkpt lat="-26.2020430" lon="-51.0140490">
    <ele>776.4</ele>
   </trkpt>
   <trkpt lat="-26.2020120" lon="-51.0140920">
    <ele>776.6</ele>
   </trkpt>
   <trkpt lat="-26.2019870" lon="-51.0141370">
    <ele>776.6</ele>
   </trkpt>
   <trkpt lat="-26.2019640" lon="-51.0141790">
    <ele>776.6</ele>
   </trkpt>
   <trkpt lat="-26.2019390" lon="-51.0142260">
    <ele>776.4</ele>
   </trkpt>
   <trkpt lat="-26.2019170" lon="-51.0142710">
    <ele>776.4</ele>
   </trkpt>
   <trkpt lat="-26.2018940" lon="-51.0143140">
    <ele>776.4</ele>
   </trkpt>
   <trkpt lat="-26.2018390" lon="-51.0143890">
    <ele>776.8</ele>
   </trkpt>
   <trkpt lat="-26.2017850" lon="-51.0144520">
    <ele>777.4</ele>
   </trkpt>
   <trkpt lat="-26.2017640" lon="-51.0144770">
    <ele>778.0</ele>
   </trkpt>
   <trkpt lat="-26.2017440" lon="-51.0144960">
    <ele>778.6</ele>
   </trkpt>
   <trkpt lat="-26.2017270" lon="-51.0145120">
    <ele>778.8</ele>
   </trkpt>
   <trkpt lat="-26.2017120" lon="-51.0145260">
    <ele>779.0</ele>
   </trkpt>
   <trkpt lat="-26.2016960" lon="-51.0145370">
    <ele>779.2</ele>
   </trkpt>
   <trkpt lat="-26.2016850" lon="-51.0145490">
    <ele>779.4</ele>
   </trkpt>
   <trkpt lat="-26.2016770" lon="-51.0145620">
    <ele>779.6</ele>
   </trkpt>
   <trkpt lat="-26.2016740" lon="-51.0145660">
    <ele>779.8</ele>
   </trkpt>
   <trkpt lat="-26.2016740" lon="-51.0145660">
    <ele>780.2</ele>
   </trkpt>
   <trkpt lat="-26.2016780" lon="-51.0145700">
    <ele>780.4</ele>
   </trkpt>
   <trkpt lat="-26.2016910" lon="-51.0145840">
    <ele>780.6</ele>
   </trkpt>
   <trkpt lat="-26.2016910" lon="-51.0145840">
    <ele>780.6</ele>
   </trkpt>
   <trkpt lat="-26.2016910" lon="-51.0145840">
    <ele>780.4</ele>
   </trkpt>
   <trkpt lat="-26.2016910" lon="-51.0145840">
    <ele>780.4</ele>
   </trkpt>
   <trkpt lat="-26.2016910" lon="-51.0145840">
    <ele>780.2</ele>
   </trkpt>
   <trkpt lat="-26.2016910" lon="-51.0145840">
    <ele>780.2</ele>
   </trkpt>
   <trkpt lat="-26.2016910" lon="-51.0145860">
    <ele>780.2</ele>
   </trkpt>
   <trkpt lat="-26.2016890" lon="-51.0145850">
    <ele>780.2</ele>
   </trkpt>
   <trkpt lat="-26.2016890" lon="-51.0145850">
    <ele>780.0</ele>
   </trkpt>
   <trkpt lat="-26.2016890" lon="-51.0145850">
    <ele>780.0</ele>
   </trkpt>
   <trkpt lat="-26.2016890" lon="-51.0145850">
    <ele>780.0</ele>
   </trkpt>
   <trkpt lat="-26.2016890" lon="-51.0145850">
    <ele>780.0</ele>
   </trkpt>
   <trkpt lat="-26.2016890" lon="-51.0145850">
    <ele>780.0</ele>
   </trkpt>
   <trkpt lat="-26.2016890" lon="-51.0145850">
    <ele>780.0</ele>
   </trkpt>
   <trkpt lat="-26.2016890" lon="-51.0145850">
    <ele>780.0</ele>
   </trkpt>
   <trkpt lat="-26.2016890" lon="-51.0145850">
    <ele>780.0</ele>
   </trkpt>
   <trkpt lat="-26.2016890" lon="-51.0145850">
    <ele>780.0</ele>
   </trkpt>
   <trkpt lat="-26.2016890" lon="-51.0145850">
    <ele>780.0</ele>
   </trkpt>
   <trkpt lat="-26.2016890" lon="-51.0145940">
    <ele>780.0</ele>
   </trkpt>
   <trkpt lat="-26.2016810" lon="-51.0146250">
    <ele>780.2</ele>
   </trkpt>
   <trkpt lat="-26.2016810" lon="-51.0146250">
    <ele>780.2</ele>
   </trkpt>
   <trkpt lat="-26.2016810" lon="-51.0146250">
    <ele>780.2</ele>
   </trkpt>
   <trkpt lat="-26.2016810" lon="-51.0146250">
    <ele>780.2</ele>
   </trkpt>
   <trkpt lat="-26.2016810" lon="-51.0146250">
    <ele>780.2</ele>
   </trkpt>
   <trkpt lat="-26.2016780" lon="-51.0146270">
    <ele>780.2</ele>
   </trkpt>
   <trkpt lat="-26.2016640" lon="-51.0146430">
    <ele>780.2</ele>
   </trkpt>
   <trkpt lat="-26.2016520" lon="-51.0146730">
    <ele>780.2</ele>
   </trkpt>
   <trkpt lat="-26.2016460" lon="-51.0146870">
    <ele>780.2</ele>
   </trkpt>
   <trkpt lat="-26.2016340" lon="-51.0147010">
    <ele>780.2</ele>
   </trkpt>
   <trkpt lat="-26.2016120" lon="-51.0147350">
    <ele>780.2</ele>
   </trkpt>
   <trkpt lat="-26.2016060" lon="-51.0147530">
    <ele>780.4</ele>
   </trkpt>
   <trkpt lat="-26.2015660" lon="-51.0148960">
    <ele>781.4</ele>
   </trkpt>
   <trkpt lat="-26.2014980" lon="-51.0150140">
    <ele>782.0</ele>
   </trkpt>
   <trkpt lat="-26.2014790" lon="-51.0150650">
    <ele>782.2</ele>
   </trkpt>
   <trkpt lat="-26.2014460" lon="-51.0151470">
    <ele>782.4</ele>
   </trkpt>
   <trkpt lat="-26.2014110" lon="-51.0152000">
    <ele>782.8</ele>
   </trkpt>
   <trkpt lat="-26.2013920" lon="-51.0152280">
    <ele>783.0</ele>
   </trkpt>
   <trkpt lat="-26.2013720" lon="-51.0152840">
    <ele>783.2</ele>
   </trkpt>
   <trkpt lat="-26.2013610" lon="-51.0153070">
    <ele>783.4</ele>
   </trkpt>
   <trkpt lat="-26.2013480" lon="-51.0153290">
    <ele>783.6</ele>
   </trkpt>
   <trkpt lat="-26.2013360" lon="-51.0153530">
    <ele>783.6</ele>
   </trkpt>
   <trkpt lat="-26.2013230" lon="-51.0153780">
    <ele>783.6</ele>
   </trkpt>
   <trkpt lat="-26.2013090" lon="-51.0154010">
    <ele>784.0</ele>
   </trkpt>
   <trkpt lat="-26.2012950" lon="-51.0154210">
    <ele>784.2</ele>
   </trkpt>
   <trkpt lat="-26.2012790" lon="-51.0154460">
    <ele>784.4</ele>
   </trkpt>
   <trkpt lat="-26.2012650" lon="-51.0154710">
    <ele>784.4</ele>
   </trkpt>
   <trkpt lat="-26.2012510" lon="-51.0154950">
    <ele>784.4</ele>
   </trkpt>
   <trkpt lat="-26.2012370" lon="-51.0155200">
    <ele>784.8</ele>
   </trkpt>
   <trkpt lat="-26.2012240" lon="-51.0155460">
    <ele>785.0</ele>
   </trkpt>
   <trkpt lat="-26.2012090" lon="-51.0155720">
    <ele>785.2</ele>
   </trkpt>
   <trkpt lat="-26.2011950" lon="-51.0156000">
    <ele>785.4</ele>
   </trkpt>
   <trkpt lat="-26.2011820" lon="-51.0156280">
    <ele>785.6</ele>
   </trkpt>
   <trkpt lat="-26.2011710" lon="-51.0156570">
    <ele>785.6</ele>
   </trkpt>
   <trkpt lat="-26.2011590" lon="-51.0156870">
    <ele>786.0</ele>
   </trkpt>
   <trkpt lat="-26.2011480" lon="-51.0157160">
    <ele>786.0</ele>
   </trkpt>
   <trkpt lat="-26.2011370" lon="-51.0157450">
    <ele>786.2</ele>
   </trkpt>
   <trkpt lat="-26.2011280" lon="-51.0157770">
    <ele>786.4</ele>
   </trkpt>
   <trkpt lat="-26.2011180" lon="-51.0158080">
    <ele>786.4</ele>
   </trkpt>
   <trkpt lat="-26.2011050" lon="-51.0158390">
    <ele>786.6</ele>
   </trkpt>
   <trkpt lat="-26.2010960" lon="-51.0158710">
    <ele>786.6</ele>
   </trkpt>
   <trkpt lat="-26.2010860" lon="-51.0159030">
    <ele>787.0</ele>
   </trkpt>
   <trkpt lat="-26.2010770" lon="-51.0159350">
    <ele>787.2</ele>
   </trkpt>
   <trkpt lat="-26.2010660" lon="-51.0159680">
    <ele>787.4</ele>
   </trkpt>
   <trkpt lat="-26.2010580" lon="-51.0160010">
    <ele>787.6</ele>
   </trkpt>
   <trkpt lat="-26.2010490" lon="-51.0160340">
    <ele>787.8</ele>
   </trkpt>
   <trkpt lat="-26.2010420" lon="-51.0160710">
    <ele>788.2</ele>
   </trkpt>
   <trkpt lat="-26.2010340" lon="-51.0161080">
    <ele>788.4</ele>
   </trkpt>
   <trkpt lat="-26.2010280" lon="-51.0161450">
    <ele>788.6</ele>
   </trkpt>
   <trkpt lat="-26.2010230" lon="-51.0161820">
    <ele>788.8</ele>
   </trkpt>
   <trkpt lat="-26.2010170" lon="-51.0162190">
    <ele>789.0</ele>
   </trkpt>
   <trkpt lat="-26.2010120" lon="-51.0162560">
    <ele>789.2</ele>
   </trkpt>
   <trkpt lat="-26.2010080" lon="-51.0162920">
    <ele>789.2</ele>
   </trkpt>
   <trkpt lat="-26.2010020" lon="-51.0163280">
    <ele>789.4</ele>
   </trkpt>
   <trkpt lat="-26.2009980" lon="-51.0163630">
    <ele>789.4</ele>
   </trkpt>
   <trkpt lat="-26.2009970" lon="-51.0163980">
    <ele>789.6</ele>
   </trkpt>
   <trkpt lat="-26.2009930" lon="-51.0164350">
    <ele>789.6</ele>
   </trkpt>
   <trkpt lat="-26.2009920" lon="-51.0164710">
    <ele>789.8</ele>
   </trkpt>
   <trkpt lat="-26.2009950" lon="-51.0165090">
    <ele>789.8</ele>
   </trkpt>
   <trkpt lat="-26.2009980" lon="-51.0165470">
    <ele>790.0</ele>
   </trkpt>
   <trkpt lat="-26.2010010" lon="-51.0165870">
    <ele>790.0</ele>
   </trkpt>
   <trkpt lat="-26.2010010" lon="-51.0166290">
    <ele>790.0</ele>
   </trkpt>
   <trkpt lat="-26.2010000" lon="-51.0166690">
    <ele>790.0</ele>
   </trkpt>
   <trkpt lat="-26.2009990" lon="-51.0167110">
    <ele>790.2</ele>
   </trkpt>
   <trkpt lat="-26.2010020" lon="-51.0167560">
    <ele>790.0</ele>
   </trkpt>
   <trkpt lat="-26.2010060" lon="-51.0168020">
    <ele>790.0</ele>
   </trkpt>
   <trkpt lat="-26.2010130" lon="-51.0168510">
    <ele>790.0</ele>
   </trkpt>
   <trkpt lat="-26.2010210" lon="-51.0168990">
    <ele>790.0</ele>
   </trkpt>
   <trkpt lat="-26.2010300" lon="-51.0169500">
    <ele>790.0</ele>
   </trkpt>
   <trkpt lat="-26.2010380" lon="-51.0170010">
    <ele>789.8</ele>
   </trkpt>
   <trkpt lat="-26.2010480" lon="-51.0170550">
    <ele>789.8</ele>
   </trkpt>
   <trkpt lat="-26.2010610" lon="-51.0171120">
    <ele>789.0</ele>
   </trkpt>
   <trkpt lat="-26.2010910" lon="-51.0172250">
    <ele>788.6</ele>
   </trkpt>
   <trkpt lat="-26.2012190" lon="-51.0175360">
    <ele>789.0</ele>
   </trkpt>
   <trkpt lat="-26.2012420" lon="-51.0176040">
    <ele>788.0</ele>
   </trkpt>
   <trkpt lat="-26.2012670" lon="-51.0176720">
    <ele>784.4</ele>
   </trkpt>
   <trkpt lat="-26.2012960" lon="-51.0177420">
    <ele>784.2</ele>
   </trkpt>
   <trkpt lat="-26.2013910" lon="-51.0179520">
    <ele>783.6</ele>
   </trkpt>
   <trkpt lat="-26.2014580" lon="-51.0180920">
    <ele>783.2</ele>
   </trkpt>
   <trkpt lat="-26.2016570" lon="-51.0185260">
    <ele>784.2</ele>
   </trkpt>
   <trkpt lat="-26.2016910" lon="-51.0185980">
    <ele>785.6</ele>
   </trkpt>
   <trkpt lat="-26.2018400" lon="-51.0189140">
    <ele>785.6</ele>
   </trkpt>
   <trkpt lat="-26.2019450" lon="-51.0191380">
    <ele>784.2</ele>
   </trkpt>
   <trkpt lat="-26.2020230" lon="-51.0192930">
    <ele>784.0</ele>
   </trkpt>
   <trkpt lat="-26.2022510" lon="-51.0198060">
    <ele>783.8</ele>
   </trkpt>
   <trkpt lat="-26.2022830" lon="-51.0198780">
    <ele>783.6</ele>
   </trkpt>
   <trkpt lat="-26.2023150" lon="-51.0199480">
    <ele>783.4</ele>
   </trkpt>
   <trkpt lat="-26.2023470" lon="-51.0200170">
    <ele>783.4</ele>
   </trkpt>
   <trkpt lat="-26.2023790" lon="-51.0200850">
    <ele>783.4</ele>
   </trkpt>
   <trkpt lat="-26.2024100" lon="-51.0201530">
    <ele>783.2</ele>
   </trkpt>
   <trkpt lat="-26.2024400" lon="-51.0202210">
    <ele>783.2</ele>
   </trkpt>
   <trkpt lat="-26.2025050" lon="-51.0203500">
    <ele>783.2</ele>
   </trkpt>
   <trkpt lat="-26.2025360" lon="-51.0204180">
    <ele>783.2</ele>
   </trkpt>
   <trkpt lat="-26.2025660" lon="-51.0204860">
    <ele>783.2</ele>
   </trkpt>
   <trkpt lat="-26.2025920" lon="-51.0205560">
    <ele>783.2</ele>
   </trkpt>
   <trkpt lat="-26.2027080" lon="-51.0208360">
    <ele>783.0</ele>
   </trkpt>
   <trkpt lat="-26.2027390" lon="-51.0209070">
    <ele>783.0</ele>
   </trkpt>
   <trkpt lat="-26.2029510" lon="-51.0214010">
    <ele>782.6</ele>
   </trkpt>
   <trkpt lat="-26.2032140" lon="-51.0219600">
    <ele>782.2</ele>
   </trkpt>
   <trkpt lat="-26.2032440" lon="-51.0220320">
    <ele>782.2</ele>
   </trkpt>
   <trkpt lat="-26.2032750" lon="-51.0221030">
    <ele>782.0</ele>
   </trkpt>
   <trkpt lat="-26.2035090" lon="-51.0226060">
    <ele>781.6</ele>
   </trkpt>
   <trkpt lat="-26.2038490" lon="-51.0230910">
    <ele>781.0</ele>
   </trkpt>
   <trkpt lat="-26.2042000" lon="-51.0235640">
    <ele>780.2</ele>
   </trkpt>
   <trkpt lat="-26.2043220" lon="-51.0237110">
    <ele>780.0</ele>
   </trkpt>
   <trkpt lat="-26.2046380" lon="-51.0241440">
    <ele>775.4</ele>
   </trkpt>
   <trkpt lat="-26.2049200" lon="-51.0245210">
    <ele>774.2</ele>
   </trkpt>
   <trkpt lat="-26.2050400" lon="-51.0246740">
    <ele>773.4</ele>
   </trkpt>
   <trkpt lat="-26.2050970" lon="-51.0247530">
    <ele>772.6</ele>
   </trkpt>
   <trkpt lat="-26.2051560" lon="-51.0248320">
    <ele>772.0</ele>
   </trkpt>
   <trkpt lat="-26.2052120" lon="-51.0249080">
    <ele>771.8</ele>
   </trkpt>
   <trkpt lat="-26.2053700" lon="-51.0251240">
    <ele>772.0</ele>
   </trkpt>
   <trkpt lat="-26.2054190" lon="-51.0251920">
    <ele>772.0</ele>
   </trkpt>
   <trkpt lat="-26.2054670" lon="-51.0252580">
    <ele>774.6</ele>
   </trkpt>
   <trkpt lat="-26.2055150" lon="-51.0253240">
    <ele>776.0</ele>
   </trkpt>
   <trkpt lat="-26.2055610" lon="-51.0253900">
    <ele>776.0</ele>
   </trkpt>
   <trkpt lat="-26.2056080" lon="-51.0254540">
    <ele>776.2</ele>
   </trkpt>
   <trkpt lat="-26.2056540" lon="-51.0255120">
    <ele>776.2</ele>
   </trkpt>
   <trkpt lat="-26.2056970" lon="-51.0255690">
    <ele>776.0</ele>
   </trkpt>
   <trkpt lat="-26.2057340" lon="-51.0256240">
    <ele>776.2</ele>
   </trkpt>
   <trkpt lat="-26.2057710" lon="-51.0256750">
    <ele>776.2</ele>
   </trkpt>
   <trkpt lat="-26.2058100" lon="-51.0257220">
    <ele>776.2</ele>
   </trkpt>
   <trkpt lat="-26.2058460" lon="-51.0257680">
    <ele>776.2</ele>
   </trkpt>
   <trkpt lat="-26.2058790" lon="-51.0258130">
    <ele>776.4</ele>
   </trkpt>
   <trkpt lat="-26.2059100" lon="-51.0258580">
    <ele>776.6</ele>
   </trkpt>
   <trkpt lat="-26.2059410" lon="-51.0259010">
    <ele>776.8</ele>
   </trkpt>
   <trkpt lat="-26.2059710" lon="-51.0259410">
    <ele>776.8</ele>
   </trkpt>
   <trkpt lat="-26.2059990" lon="-51.0259810">
    <ele>777.2</ele>
   </trkpt>
   <trkpt lat="-26.2060260" lon="-51.0260200">
    <ele>777.2</ele>
   </trkpt>
   <trkpt lat="-26.2060580" lon="-51.0260550">
    <ele>777.6</ele>
   </trkpt>
   <trkpt lat="-26.2060880" lon="-51.0260880">
    <ele>777.8</ele>
   </trkpt>
   <trkpt lat="-26.2061190" lon="-51.0261230">
    <ele>778.2</ele>
   </trkpt>
   <trkpt lat="-26.2061480" lon="-51.0261580">
    <ele>778.4</ele>
   </trkpt>
   <trkpt lat="-26.2061760" lon="-51.0261940">
    <ele>778.8</ele>
   </trkpt>
   <trkpt lat="-26.2062050" lon="-51.0262290">
    <ele>778.8</ele>
   </trkpt>
   <trkpt lat="-26.2062350" lon="-51.0262620">
    <ele>779.0</ele>
   </trkpt>
   <trkpt lat="-26.2062650" lon="-51.0262960">
    <ele>779.2</ele>
   </trkpt>
   <trkpt lat="-26.2062950" lon="-51.0263270">
    <ele>779.6</ele>
   </trkpt>
   <trkpt lat="-26.2063280" lon="-51.0263560">
    <ele>779.6</ele>
   </trkpt>
   <trkpt lat="-26.2063630" lon="-51.0263810">
    <ele>780.0</ele>
   </trkpt>
   <trkpt lat="-26.2063970" lon="-51.0264100">
    <ele>780.0</ele>
   </trkpt>
   <trkpt lat="-26.2064240" lon="-51.0264350">
    <ele>780.4</ele>
   </trkpt>
   <trkpt lat="-26.2064600" lon="-51.0264750">
    <ele>780.6</ele>
   </trkpt>
   <trkpt lat="-26.2064870" lon="-51.0265100">
    <ele>780.8</ele>
   </trkpt>
   <trkpt lat="-26.2065110" lon="-51.0265400">
    <ele>780.8</ele>
   </trkpt>
   <trkpt lat="-26.2065390" lon="-51.0265750">
    <ele>781.0</ele>
   </trkpt>
   <trkpt lat="-26.2065700" lon="-51.0266200">
    <ele>781.0</ele>
   </trkpt>
   <trkpt lat="-26.2065850" lon="-51.0266520">
    <ele>781.0</ele>
   </trkpt>
   <trkpt lat="-26.2066150" lon="-51.0266960">
    <ele>781.0</ele>
   </trkpt>
   <trkpt lat="-26.2066470" lon="-51.0267280">
    <ele>781.0</ele>
   </trkpt>
   <trkpt lat="-26.2066680" lon="-51.0267580">
    <ele>781.2</ele>
   </trkpt>
   <trkpt lat="-26.2066910" lon="-51.0267960">
    <ele>781.2</ele>
   </trkpt>
   <trkpt lat="-26.2067170" lon="-51.0268310">
    <ele>781.4</ele>
   </trkpt>
   <trkpt lat="-26.2067430" lon="-51.0268680">
    <ele>781.4</ele>
   </trkpt>
   <trkpt lat="-26.2067700" lon="-51.0269050">
    <ele>781.6</ele>
   </trkpt>
   <trkpt lat="-26.2067960" lon="-51.0269410">
    <ele>781.6</ele>
   </trkpt>
   <trkpt lat="-26.2068230" lon="-51.0269760">
    <ele>781.8</ele>
   </trkpt>
   <trkpt lat="-26.2068510" lon="-51.0270120">
    <ele>781.8</ele>
   </trkpt>
   <trkpt lat="-26.2068800" lon="-51.0270450">
    <ele>782.2</ele>
   </trkpt>
   <trkpt lat="-26.2069040" lon="-51.0270790">
    <ele>782.4</ele>
   </trkpt>
   <trkpt lat="-26.2069270" lon="-51.0271130">
    <ele>782.6</ele>
   </trkpt>
   <trkpt lat="-26.2069500" lon="-51.0271470">
    <ele>783.0</ele>
   </trkpt>
   <trkpt lat="-26.2069780" lon="-51.0271870">
    <ele>783.2</ele>
   </trkpt>
   <trkpt lat="-26.2070020" lon="-51.0272330">
    <ele>783.4</ele>
   </trkpt>
   <trkpt lat="-26.2070270" lon="-51.0272820">
    <ele>783.8</ele>
   </trkpt>
   <trkpt lat="-26.2070440" lon="-51.0273160">
    <ele>784.0</ele>
   </trkpt>
   <trkpt lat="-26.2070610" lon="-51.0273640">
    <ele>784.2</ele>
   </trkpt>
   <trkpt lat="-26.2070750" lon="-51.0274000">
    <ele>784.4</ele>
   </trkpt>
   <trkpt lat="-26.2070940" lon="-51.0274420">
    <ele>784.8</ele>
   </trkpt>
   <trkpt lat="-26.2071140" lon="-51.0274810">
    <ele>785.0</ele>
   </trkpt>
   <trkpt lat="-26.2071280" lon="-51.0275190">
    <ele>785.4</ele>
   </trkpt>
   <trkpt lat="-26.2071420" lon="-51.0275820">
    <ele>785.6</ele>
   </trkpt>
   <trkpt lat="-26.2071520" lon="-51.0276330">
    <ele>785.6</ele>
   </trkpt>
   <trkpt lat="-26.2071630" lon="-51.0276830">
    <ele>785.8</ele>
   </trkpt>
   <trkpt lat="-26.2071770" lon="-51.0277330">
    <ele>785.8</ele>
   </trkpt>
   <trkpt lat="-26.2071900" lon="-51.0277840">
    <ele>785.8</ele>
   </trkpt>
   <trkpt lat="-26.2072030" lon="-51.0278360">
    <ele>786.0</ele>
   </trkpt>
   <trkpt lat="-26.2072120" lon="-51.0278940">
    <ele>786.0</ele>
   </trkpt>
   <trkpt lat="-26.2072190" lon="-51.0279540">
    <ele>786.0</ele>
   </trkpt>
   <trkpt lat="-26.2072270" lon="-51.0280150">
    <ele>786.0</ele>
   </trkpt>
   <trkpt lat="-26.2072270" lon="-51.0280800">
    <ele>786.0</ele>
   </trkpt>
   <trkpt lat="-26.2072190" lon="-51.0281470">
    <ele>785.6</ele>
   </trkpt>
   <trkpt lat="-26.2072140" lon="-51.0282170">
    <ele>785.6</ele>
   </trkpt>
   <trkpt lat="-26.2072110" lon="-51.0282900">
    <ele>785.4</ele>
   </trkpt>
   <trkpt lat="-26.2072080" lon="-51.0283450">
    <ele>785.2</ele>
   </trkpt>
   <trkpt lat="-26.2072120" lon="-51.0284310">
    <ele>785.2</ele>
   </trkpt>
   <trkpt lat="-26.2072160" lon="-51.0285020">
    <ele>785.0</ele>
   </trkpt>
   <trkpt lat="-26.2072150" lon="-51.0285780">
    <ele>784.8</ele>
   </trkpt>
   <trkpt lat="-26.2072000" lon="-51.0286710">
    <ele>784.8</ele>
   </trkpt>
   <trkpt lat="-26.2071890" lon="-51.0287350">
    <ele>784.8</ele>
   </trkpt>
   <trkpt lat="-26.2071790" lon="-51.0289420">
    <ele>784.2</ele>
   </trkpt>
   <trkpt lat="-26.2071710" lon="-51.0291780">
    <ele>783.8</ele>
   </trkpt>
   <trkpt lat="-26.2071410" lon="-51.0294200">
    <ele>783.2</ele>
   </trkpt>
   <trkpt lat="-26.2071250" lon="-51.0296570">
    <ele>783.0</ele>
   </trkpt>
   <trkpt lat="-26.2071200" lon="-51.0298260">
    <ele>783.0</ele>
   </trkpt>
   <trkpt lat="-26.2070930" lon="-51.0300840">
    <ele>782.2</ele>
   </trkpt>
   <trkpt lat="-26.2070890" lon="-51.0301650">
    <ele>782.0</ele>
   </trkpt>
   <trkpt lat="-26.2070760" lon="-51.0303390">
    <ele>781.8</ele>
   </trkpt>
   <trkpt lat="-26.2070550" lon="-51.0308100">
    <ele>780.8</ele>
   </trkpt>
   <trkpt lat="-26.2070490" lon="-51.0309040">
    <ele>780.4</ele>
   </trkpt>
   <trkpt lat="-26.2070510" lon="-51.0309830">
    <ele>779.8</ele>
   </trkpt>
   <trkpt lat="-26.2070640" lon="-51.0310660">
    <ele>779.6</ele>
   </trkpt>
   <trkpt lat="-26.2070890" lon="-51.0311490">
    <ele>779.4</ele>
   </trkpt>
   <trkpt lat="-26.2071240" lon="-51.0312250">
    <ele>779.4</ele>
   </trkpt>
   <trkpt lat="-26.2071740" lon="-51.0312920">
    <ele>779.2</ele>
   </trkpt>
   <trkpt lat="-26.2072350" lon="-51.0313450">
    <ele>779.2</ele>
   </trkpt>
   <trkpt lat="-26.2072980" lon="-51.0313870">
    <ele>779.0</ele>
   </trkpt>
   <trkpt lat="-26.2073610" lon="-51.0314210">
    <ele>778.8</ele>
   </trkpt>
   <trkpt lat="-26.2074250" lon="-51.0314430">
    <ele>778.6</ele>
   </trkpt>
   <trkpt lat="-26.2074960" lon="-51.0314520">
    <ele>778.6</ele>
   </trkpt>
   <trkpt lat="-26.2075690" lon="-51.0314520">
    <ele>778.4</ele>
   </trkpt>
   <trkpt lat="-26.2076430" lon="-51.0314360">
    <ele>777.8</ele>
   </trkpt>
   <trkpt lat="-26.2077130" lon="-51.0314130">
    <ele>777.0</ele>
   </trkpt>
   <trkpt lat="-26.2077750" lon="-51.0313860">
    <ele>776.6</ele>
   </trkpt>
   <trkpt lat="-26.2078320" lon="-51.0313530">
    <ele>776.2</ele>
   </trkpt>
   <trkpt lat="-26.2078910" lon="-51.0313300">
    <ele>776.2</ele>
   </trkpt>
   <trkpt lat="-26.2079460" lon="-51.0313170">
    <ele>776.6</ele>
   </trkpt>
   <trkpt lat="-26.2079960" lon="-51.0313110">
    <ele>777.0</ele>
   </trkpt>
   <trkpt lat="-26.2080460" lon="-51.0313070">
    <ele>777.4</ele>
   </trkpt>
   <trkpt lat="-26.2080960" lon="-51.0313030">
    <ele>777.4</ele>
   </trkpt>
   <trkpt lat="-26.2081450" lon="-51.0312960">
    <ele>777.8</ele>
   </trkpt>
   <trkpt lat="-26.2081900" lon="-51.0312930">
    <ele>778.0</ele>
   </trkpt>
   <trkpt lat="-26.2082350" lon="-51.0312980">
    <ele>778.4</ele>
   </trkpt>
   <trkpt lat="-26.2082730" lon="-51.0313030">
    <ele>778.6</ele>
   </trkpt>
   <trkpt lat="-26.2083120" lon="-51.0313110">
    <ele>778.8</ele>
   </trkpt>
   <trkpt lat="-26.2083550" lon="-51.0313180">
    <ele>778.8</ele>
   </trkpt>
   <trkpt lat="-26.2083970" lon="-51.0313320">
    <ele>779.0</ele>
   </trkpt>
   <trkpt lat="-26.2084390" lon="-51.0313470">
    <ele>779.0</ele>
   </trkpt>
   <trkpt lat="-26.2084780" lon="-51.0313570">
    <ele>779.0</ele>
   </trkpt>
   <trkpt lat="-26.2085170" lon="-51.0313690">
    <ele>779.2</ele>
   </trkpt>
   <trkpt lat="-26.2085560" lon="-51.0313850">
    <ele>779.4</ele>
   </trkpt>
   <trkpt lat="-26.2085930" lon="-51.0313970">
    <ele>779.6</ele>
   </trkpt>
   <trkpt lat="-26.2086310" lon="-51.0314140">
    <ele>779.8</ele>
   </trkpt>
   <trkpt lat="-26.2086710" lon="-51.0314350">
    <ele>780.0</ele>
   </trkpt>
   <trkpt lat="-26.2087130" lon="-51.0314540">
    <ele>780.2</ele>
   </trkpt>
   <trkpt lat="-26.2087960" lon="-51.0314900">
    <ele>781.2</ele>
   </trkpt>
   <trkpt lat="-26.2088360" lon="-51.0315110">
    <ele>781.6</ele>
   </trkpt>
   <trkpt lat="-26.2089080" lon="-51.0315690">
    <ele>782.0</ele>
   </trkpt>
   <trkpt lat="-26.2089460" lon="-51.0316010">
    <ele>782.0</ele>
   </trkpt>
   <trkpt lat="-26.2089900" lon="-51.0316350">
    <ele>782.0</ele>
   </trkpt>
   <trkpt lat="-26.2090370" lon="-51.0316720">
    <ele>782.0</ele>
   </trkpt>
   <trkpt lat="-26.2090860" lon="-51.0317130">
    <ele>781.8</ele>
   </trkpt>
   <trkpt lat="-26.2091370" lon="-51.0317500">
    <ele>781.4</ele>
   </trkpt>
   <trkpt lat="-26.2091910" lon="-51.0317840">
    <ele>780.8</ele>
   </trkpt>
   <trkpt lat="-26.2092500" lon="-51.0318170">
    <ele>780.4</ele>
   </trkpt>
   <trkpt lat="-26.2093120" lon="-51.0318450">
    <ele>780.4</ele>
   </trkpt>
   <trkpt lat="-26.2093730" lon="-51.0318640">
    <ele>780.2</ele>
   </trkpt>
   <trkpt lat="-26.2094390" lon="-51.0318750">
    <ele>780.0</ele>
   </trkpt>
   <trkpt lat="-26.2095070" lon="-51.0318830">
    <ele>779.2</ele>
   </trkpt>
   <trkpt lat="-26.2095750" lon="-51.0318930">
    <ele>777.2</ele>
   </trkpt>
   <trkpt lat="-26.2098290" lon="-51.0319290">
    <ele>777.0</ele>
   </trkpt>
   <trkpt lat="-26.2098760" lon="-51.0319360">
    <ele>777.0</ele>
   </trkpt>
   <trkpt lat="-26.2099090" lon="-51.0319410">
    <ele>777.6</ele>
   </trkpt>
   <trkpt lat="-26.2099340" lon="-51.0319410">
    <ele>778.2</ele>
   </trkpt>
   <trkpt lat="-26.2099550" lon="-51.0319370">
    <ele>778.6</ele>
   </trkpt>
   <trkpt lat="-26.2099740" lon="-51.0319320">
    <ele>778.6</ele>
   </trkpt>
   <trkpt lat="-26.2099940" lon="-51.0319350">
    <ele>778.8</ele>
   </trkpt>
   <trkpt lat="-26.2100180" lon="-51.0319370">
    <ele>778.8</ele>
   </trkpt>
   <trkpt lat="-26.2101330" lon="-51.0319610">
    <ele>779.0</ele>
   </trkpt>
   <trkpt lat="-26.2102940" lon="-51.0320730">
    <ele>779.0</ele>
   </trkpt>
   <trkpt lat="-26.2103690" lon="-51.0321430">
    <ele>779.2</ele>
   </trkpt>
   <trkpt lat="-26.2104400" lon="-51.0321940">
    <ele>779.4</ele>
   </trkpt>
   <trkpt lat="-26.2105220" lon="-51.0322620">
    <ele>780.0</ele>
   </trkpt>
   <trkpt lat="-26.2106450" lon="-51.0323750">
    <ele>780.4</ele>
   </trkpt>
   <trkpt lat="-26.2108110" lon="-51.0324970">
    <ele>780.8</ele>
   </trkpt>
   <trkpt lat="-26.2110520" lon="-51.0326550">
    <ele>780.8</ele>
   </trkpt>
   <trkpt lat="-26.2111470" lon="-51.0327190">
    <ele>780.8</ele>
   </trkpt>
   <trkpt lat="-26.2113350" lon="-51.0328570">
    <ele>780.8</ele>
   </trkpt>
   <trkpt lat="-26.2114310" lon="-51.0329350">
    <ele>780.6</ele>
   </trkpt>
   <trkpt lat="-26.2114750" lon="-51.0329780">
    <ele>780.6</ele>
   </trkpt>
   <trkpt lat="-26.2115200" lon="-51.0330190">
    <ele>779.4</ele>
   </trkpt>
   <trkpt lat="-26.2116520" lon="-51.0331570">
    <ele>779.2</ele>
   </trkpt>
   <trkpt lat="-26.2117280" lon="-51.0332670">
    <ele>780.6</ele>
   </trkpt>
   <trkpt lat="-26.2118640" lon="-51.0335910">
    <ele>780.6</ele>
   </trkpt>
   <trkpt lat="-26.2118860" lon="-51.0336590">
    <ele>780.4</ele>
   </trkpt>
   <trkpt lat="-26.2119130" lon="-51.0337250">
    <ele>780.0</ele>
   </trkpt>
   <trkpt lat="-26.2119960" lon="-51.0338360">
    <ele>779.6</ele>
   </trkpt>
   <trkpt lat="-26.2120510" lon="-51.0338730">
    <ele>779.6</ele>
   </trkpt>
   <trkpt lat="-26.2121090" lon="-51.0338980">
    <ele>778.6</ele>
   </trkpt>
   <trkpt lat="-26.2121750" lon="-51.0339150">
    <ele>777.2</ele>
   </trkpt>
   <trkpt lat="-26.2122490" lon="-51.0339280">
    <ele>776.8</ele>
   </trkpt>
   <trkpt lat="-26.2123240" lon="-51.0339350">
    <ele>775.4</ele>
   </trkpt>
   <trkpt lat="-26.2125680" lon="-51.0339560">
    <ele>773.6</ele>
   </trkpt>
   <trkpt lat="-26.2127270" lon="-51.0339790">
    <ele>771.8</ele>
   </trkpt>
   <trkpt lat="-26.2128090" lon="-51.0339940">
    <ele>771.6</ele>
   </trkpt>
   <trkpt lat="-26.2130300" lon="-51.0340340">
    <ele>771.8</ele>
   </trkpt>
   <trkpt lat="-26.2132550" lon="-51.0340610">
    <ele>771.8</ele>
   </trkpt>
   <trkpt lat="-26.2133430" lon="-51.0340840">
    <ele>771.8</ele>
   </trkpt>
   <trkpt lat="-26.2134120" lon="-51.0341070">
    <ele>771.8</ele>
   </trkpt>
   <trkpt lat="-26.2134810" lon="-51.0341260">
    <ele>771.8</ele>
   </trkpt>
   <trkpt lat="-26.2135330" lon="-51.0341390">
    <ele>771.8</ele>
   </trkpt>
   <trkpt lat="-26.2135970" lon="-51.0341570">
    <ele>771.8</ele>
   </trkpt>
   <trkpt lat="-26.2136620" lon="-51.0341760">
    <ele>772.0</ele>
   </trkpt>
   <trkpt lat="-26.2137250" lon="-51.0341980">
    <ele>772.2</ele>
   </trkpt>
   <trkpt lat="-26.2137890" lon="-51.0342190">
    <ele>772.4</ele>
   </trkpt>
   <trkpt lat="-26.2138550" lon="-51.0342280">
    <ele>772.2</ele>
   </trkpt>
   <trkpt lat="-26.2139220" lon="-51.0342280">
    <ele>772.4</ele>
   </trkpt>
   <trkpt lat="-26.2139890" lon="-51.0342230">
    <ele>772.6</ele>
   </trkpt>
   <trkpt lat="-26.2140560" lon="-51.0342090">
    <ele>772.6</ele>
   </trkpt>
   <trkpt lat="-26.2141170" lon="-51.0341830">
    <ele>772.6</ele>
   </trkpt>
   <trkpt lat="-26.2141820" lon="-51.0341360">
    <ele>772.6</ele>
   </trkpt>
   <trkpt lat="-26.2142300" lon="-51.0340920">
    <ele>772.6</ele>
   </trkpt>
   <trkpt lat="-26.2142770" lon="-51.0340470">
    <ele>772.8</ele>
   </trkpt>
   <trkpt lat="-26.2143720" lon="-51.0339610">
    <ele>773.4</ele>
   </trkpt>
   <trkpt lat="-26.2144180" lon="-51.0339240">
    <ele>774.4</ele>
   </trkpt>
   <trkpt lat="-26.2144710" lon="-51.0338920">
    <ele>774.6</ele>
   </trkpt>
   <trkpt lat="-26.2145210" lon="-51.0338590">
    <ele>774.8</ele>
   </trkpt>
   <trkpt lat="-26.2145680" lon="-51.0338260">
    <ele>775.0</ele>
   </trkpt>
   <trkpt lat="-26.2146140" lon="-51.0337970">
    <ele>775.0</ele>
   </trkpt>
   <trkpt lat="-26.2146630" lon="-51.0337740">
    <ele>775.0</ele>
   </trkpt>
   <trkpt lat="-26.2147140" lon="-51.0337550">
    <ele>775.2</ele>
   </trkpt>
   <trkpt lat="-26.2147670" lon="-51.0337400">
    <ele>775.2</ele>
   </trkpt>
   <trkpt lat="-26.2148210" lon="-51.0337310">
    <ele>775.4</ele>
   </trkpt>
   <trkpt lat="-26.2148740" lon="-51.0337220">
    <ele>775.6</ele>
   </trkpt>
   <trkpt lat="-26.2149270" lon="-51.0337100">
    <ele>775.8</ele>
   </trkpt>
   <trkpt lat="-26.2149790" lon="-51.0336930">
    <ele>775.8</ele>
   </trkpt>
   <trkpt lat="-26.2150250" lon="-51.0336780">
    <ele>776.0</ele>
   </trkpt>
   <trkpt lat="-26.2150690" lon="-51.0336580">
    <ele>776.2</ele>
   </trkpt>
   <trkpt lat="-26.2151120" lon="-51.0336390">
    <ele>776.4</ele>
   </trkpt>
   <trkpt lat="-26.2151550" lon="-51.0336210">
    <ele>776.6</ele>
   </trkpt>
   <trkpt lat="-26.2151900" lon="-51.0336040">
    <ele>776.8</ele>
   </trkpt>
   <trkpt lat="-26.2152270" lon="-51.0335890">
    <ele>776.8</ele>
   </trkpt>
   <trkpt lat="-26.2152620" lon="-51.0335720">
    <ele>777.2</ele>
   </trkpt>
   <trkpt lat="-26.2152930" lon="-51.0335530">
    <ele>777.6</ele>
   </trkpt>
   <trkpt lat="-26.2153190" lon="-51.0335320">
    <ele>777.8</ele>
   </trkpt>
   <trkpt lat="-26.2153490" lon="-51.0335110">
    <ele>778.2</ele>
   </trkpt>
   <trkpt lat="-26.2153770" lon="-51.0334910">
    <ele>778.8</ele>
   </trkpt>
   <trkpt lat="-26.2154050" lon="-51.0334720">
    <ele>779.0</ele>
   </trkpt>
   <trkpt lat="-26.2154310" lon="-51.0334500">
    <ele>779.2</ele>
   </trkpt>
   <trkpt lat="-26.2154630" lon="-51.0334340">
    <ele>779.4</ele>
   </trkpt>
   <trkpt lat="-26.2154900" lon="-51.0334130">
    <ele>779.6</ele>
   </trkpt>
   <trkpt lat="-26.2155130" lon="-51.0333920">
    <ele>779.6</ele>
   </trkpt>
   <trkpt lat="-26.2155290" lon="-51.0333700">
    <ele>779.8</ele>
   </trkpt>
   <trkpt lat="-26.2155530" lon="-51.0333520">
    <ele>780.0</ele>
   </trkpt>
   <trkpt lat="-26.2155760" lon="-51.0333360">
    <ele>780.4</ele>
   </trkpt>
   <trkpt lat="-26.2155980" lon="-51.0333180">
    <ele>780.6</ele>
   </trkpt>
   <trkpt lat="-26.2156190" lon="-51.0333000">
    <ele>780.8</ele>
   </trkpt>
   <trkpt lat="-26.2156420" lon="-51.0332830">
    <ele>781.0</ele>
   </trkpt>
   <trkpt lat="-26.2156660" lon="-51.0332670">
    <ele>781.2</ele>
   </trkpt>
   <trkpt lat="-26.2156840" lon="-51.0332500">
    <ele>781.4</ele>
   </trkpt>
   <trkpt lat="-26.2157040" lon="-51.0332320">
    <ele>781.6</ele>
   </trkpt>
   <trkpt lat="-26.2157240" lon="-51.0332150">
    <ele>781.8</ele>
   </trkpt>
   <trkpt lat="-26.2157480" lon="-51.0331980">
    <ele>781.8</ele>
   </trkpt>
   <trkpt lat="-26.2157760" lon="-51.0331800">
    <ele>782.0</ele>
   </trkpt>
   <trkpt lat="-26.2158060" lon="-51.0331650">
    <ele>782.0</ele>
   </trkpt>
   <trkpt lat="-26.2158350" lon="-51.0331460">
    <ele>782.2</ele>
   </trkpt>
   <trkpt lat="-26.2158640" lon="-51.0331260">
    <ele>782.4</ele>
   </trkpt>
   <trkpt lat="-26.2158960" lon="-51.0331090">
    <ele>782.4</ele>
   </trkpt>
   <trkpt lat="-26.2159290" lon="-51.0330860">
    <ele>783.0</ele>
   </trkpt>
   <trkpt lat="-26.2159630" lon="-51.0330630">
    <ele>783.2</ele>
   </trkpt>
   <trkpt lat="-26.2159960" lon="-51.0330390">
    <ele>783.2</ele>
   </trkpt>
   <trkpt lat="-26.2160270" lon="-51.0330140">
    <ele>783.4</ele>
   </trkpt>
   <trkpt lat="-26.2160600" lon="-51.0329840">
    <ele>783.4</ele>
   </trkpt>
   <trkpt lat="-26.2160920" lon="-51.0329500">
    <ele>783.4</ele>
   </trkpt>
   <trkpt lat="-26.2161280" lon="-51.0329140">
    <ele>783.4</ele>
   </trkpt>
   <trkpt lat="-26.2161680" lon="-51.0328840">
    <ele>783.2</ele>
   </trkpt>
   <trkpt lat="-26.2162040" lon="-51.0328490">
    <ele>783.2</ele>
   </trkpt>
   <trkpt lat="-26.2162400" lon="-51.0328100">
    <ele>783.0</ele>
   </trkpt>
   <trkpt lat="-26.2162770" lon="-51.0327740">
    <ele>783.0</ele>
   </trkpt>
   <trkpt lat="-26.2163190" lon="-51.0327340">
    <ele>782.8</ele>
   </trkpt>
   <trkpt lat="-26.2163630" lon="-51.0326930">
    <ele>782.8</ele>
   </trkpt>
   <trkpt lat="-26.2163990" lon="-51.0326480">
    <ele>782.4</ele>
   </trkpt>
   <trkpt lat="-26.2164450" lon="-51.0326060">
    <ele>782.2</ele>
   </trkpt>
   <trkpt lat="-26.2164880" lon="-51.0325620">
    <ele>782.2</ele>
   </trkpt>
   <trkpt lat="-26.2165340" lon="-51.0325060">
    <ele>782.2</ele>
   </trkpt>
   <trkpt lat="-26.2165710" lon="-51.0324610">
    <ele>782.0</ele>
   </trkpt>
   <trkpt lat="-26.2166240" lon="-51.0324140">
    <ele>782.0</ele>
   </trkpt>
   <trkpt lat="-26.2167360" lon="-51.0323380">
    <ele>782.0</ele>
   </trkpt>
   <trkpt lat="-26.2167960" lon="-51.0323090">
    <ele>782.0</ele>
   </trkpt>
   <trkpt lat="-26.2169210" lon="-51.0322840">
    <ele>782.0</ele>
   </trkpt>
   <trkpt lat="-26.2169840" lon="-51.0322820">
    <ele>782.0</ele>
   </trkpt>
   <trkpt lat="-26.2170450" lon="-51.0322870">
    <ele>782.0</ele>
   </trkpt>
   <trkpt lat="-26.2171670" lon="-51.0323290">
    <ele>782.0</ele>
   </trkpt>
   <trkpt lat="-26.2172860" lon="-51.0323910">
    <ele>782.0</ele>
   </trkpt>
   <trkpt lat="-26.2174060" lon="-51.0324720">
    <ele>780.6</ele>
   </trkpt>
   <trkpt lat="-26.2174510" lon="-51.0325170">
    <ele>780.0</ele>
   </trkpt>
   <trkpt lat="-26.2174750" lon="-51.0325690">
    <ele>779.8</ele>
   </trkpt>
   <trkpt lat="-26.2174970" lon="-51.0326210">
    <ele>779.8</ele>
   </trkpt>
   <trkpt lat="-26.2175170" lon="-51.0326750">
    <ele>780.0</ele>
   </trkpt>
   <trkpt lat="-26.2175420" lon="-51.0327320">
    <ele>780.2</ele>
   </trkpt>
   <trkpt lat="-26.2176280" lon="-51.0328760">
    <ele>781.4</ele>
   </trkpt>
   <trkpt lat="-26.2176610" lon="-51.0329190">
    <ele>782.4</ele>
   </trkpt>
   <trkpt lat="-26.2176950" lon="-51.0329600">
    <ele>782.6</ele>
   </trkpt>
   <trkpt lat="-26.2177270" lon="-51.0330040">
    <ele>782.6</ele>
   </trkpt>
   <trkpt lat="-26.2177560" lon="-51.0330490">
    <ele>782.6</ele>
   </trkpt>
   <trkpt lat="-26.2177870" lon="-51.0330890">
    <ele>782.6</ele>
   </trkpt>
   <trkpt lat="-26.2178180" lon="-51.0331230">
    <ele>782.4</ele>
   </trkpt>
   <trkpt lat="-26.2178490" lon="-51.0331520">
    <ele>782.2</ele>
   </trkpt>
   <trkpt lat="-26.2178750" lon="-51.0331800">
    <ele>782.2</ele>
   </trkpt>
   <trkpt lat="-26.2179020" lon="-51.0332010">
    <ele>782.2</ele>
   </trkpt>
   <trkpt lat="-26.2179270" lon="-51.0332170">
    <ele>782.2</ele>
   </trkpt>
   <trkpt lat="-26.2179450" lon="-51.0332310">
    <ele>782.4</ele>
   </trkpt>
   <trkpt lat="-26.2179610" lon="-51.0332420">
    <ele>782.4</ele>
   </trkpt>
   <trkpt lat="-26.2179780" lon="-51.0332510">
    <ele>782.6</ele>
   </trkpt>
   <trkpt lat="-26.2179950" lon="-51.0332620">
    <ele>782.6</ele>
   </trkpt>
   <trkpt lat="-26.2180120" lon="-51.0332760">
    <ele>782.8</ele>
   </trkpt>
   <trkpt lat="-26.2180520" lon="-51.0332980">
    <ele>783.0</ele>
   </trkpt>
   <trkpt lat="-26.2181290" lon="-51.0333460">
    <ele>783.4</ele>
   </trkpt>
   <trkpt lat="-26.2181870" lon="-51.0333830">
    <ele>783.6</ele>
   </trkpt>
   <trkpt lat="-26.2182430" lon="-51.0334100">
    <ele>783.8</ele>
   </trkpt>
   <trkpt lat="-26.2182720" lon="-51.0334230">
    <ele>784.2</ele>
   </trkpt>
   <trkpt lat="-26.2183670" lon="-51.0334590">
    <ele>784.6</ele>
   </trkpt>
   <trkpt lat="-26.2183980" lon="-51.0334800">
    <ele>784.6</ele>
   </trkpt>
   <trkpt lat="-26.2184610" lon="-51.0335170">
    <ele>784.8</ele>
   </trkpt>
   <trkpt lat="-26.2184940" lon="-51.0335350">
    <ele>784.8</ele>
   </trkpt>
   <trkpt lat="-26.2185240" lon="-51.0335510">
    <ele>784.8</ele>
   </trkpt>
   <trkpt lat="-26.2185540" lon="-51.0335670">
    <ele>784.8</ele>
   </trkpt>
   <trkpt lat="-26.2185870" lon="-51.0335840">
    <ele>784.8</ele>
   </trkpt>
   <trkpt lat="-26.2186120" lon="-51.0336030">
    <ele>784.8</ele>
   </trkpt>
   <trkpt lat="-26.2186380" lon="-51.0336220">
    <ele>784.8</ele>
   </trkpt>
   <trkpt lat="-26.2186650" lon="-51.0336410">
    <ele>784.8</ele>
   </trkpt>
   <trkpt lat="-26.2186910" lon="-51.0336590">
    <ele>785.0</ele>
   </trkpt>
   <trkpt lat="-26.2187210" lon="-51.0336730">
    <ele>785.0</ele>
   </trkpt>
   <trkpt lat="-26.2187780" lon="-51.0337040">
    <ele>785.2</ele>
   </trkpt>
   <trkpt lat="-26.2188960" lon="-51.0337710">
    <ele>785.6</ele>
   </trkpt>
   <trkpt lat="-26.2189370" lon="-51.0337930">
    <ele>785.6</ele>
   </trkpt>
   <trkpt lat="-26.2189760" lon="-51.0338120">
    <ele>785.8</ele>
   </trkpt>
   <trkpt lat="-26.2190530" lon="-51.0338550">
    <ele>785.8</ele>
   </trkpt>
   <trkpt lat="-26.2192400" lon="-51.0339780">
    <ele>786.2</ele>
   </trkpt>
   <trkpt lat="-26.2193060" lon="-51.0340190">
    <ele>786.2</ele>
   </trkpt>
   <trkpt lat="-26.2193380" lon="-51.0340410">
    <ele>786.4</ele>
   </trkpt>
   <trkpt lat="-26.2194050" lon="-51.0340830">
    <ele>786.6</ele>
   </trkpt>
   <trkpt lat="-26.2194380" lon="-51.0341060">
    <ele>786.6</ele>
   </trkpt>
   <trkpt lat="-26.2194690" lon="-51.0341280">
    <ele>786.6</ele>
   </trkpt>
   <trkpt lat="-26.2195040" lon="-51.0341490">
    <ele>786.6</ele>
   </trkpt>
   <trkpt lat="-26.2195400" lon="-51.0341700">
    <ele>787.0</ele>
   </trkpt>
   <trkpt lat="-26.2195770" lon="-51.0341960">
    <ele>787.2</ele>
   </trkpt>
   <trkpt lat="-26.2196090" lon="-51.0342230">
    <ele>787.4</ele>
   </trkpt>
   <trkpt lat="-26.2196660" lon="-51.0342770">
    <ele>787.8</ele>
   </trkpt>
   <trkpt lat="-26.2197570" lon="-51.0343410">
    <ele>788.4</ele>
   </trkpt>
   <trkpt lat="-26.2197830" lon="-51.0343640">
    <ele>788.8</ele>
   </trkpt>
   <trkpt lat="-26.2198070" lon="-51.0343880">
    <ele>789.4</ele>
   </trkpt>
   <trkpt lat="-26.2198320" lon="-51.0344060">
    <ele>789.6</ele>
   </trkpt>
   <trkpt lat="-26.2198590" lon="-51.0344210">
    <ele>789.8</ele>
   </trkpt>
   <trkpt lat="-26.2198900" lon="-51.0344400">
    <ele>790.0</ele>
   </trkpt>
   <trkpt lat="-26.2199190" lon="-51.0344560">
    <ele>790.2</ele>
   </trkpt>
   <trkpt lat="-26.2199490" lon="-51.0344690">
    <ele>790.4</ele>
   </trkpt>
   <trkpt lat="-26.2199840" lon="-51.0344760">
    <ele>790.6</ele>
   </trkpt>
   <trkpt lat="-26.2200190" lon="-51.0344870">
    <ele>791.0</ele>
   </trkpt>
   <trkpt lat="-26.2200550" lon="-51.0344910">
    <ele>791.4</ele>
   </trkpt>
   <trkpt lat="-26.2200870" lon="-51.0345100">
    <ele>791.6</ele>
   </trkpt>
   <trkpt lat="-26.2201210" lon="-51.0345230">
    <ele>791.8</ele>
   </trkpt>
   <trkpt lat="-26.2201500" lon="-51.0345370">
    <ele>792.2</ele>
   </trkpt>
   <trkpt lat="-26.2201910" lon="-51.0345480">
    <ele>792.8</ele>
   </trkpt>
   <trkpt lat="-26.2202170" lon="-51.0345420">
    <ele>793.0</ele>
   </trkpt>
   <trkpt lat="-26.2202470" lon="-51.0345480">
    <ele>793.2</ele>
   </trkpt>
   <trkpt lat="-26.2202810" lon="-51.0345500">
    <ele>793.4</ele>
   </trkpt>
   <trkpt lat="-26.2203150" lon="-51.0345510">
    <ele>793.6</ele>
   </trkpt>
   <trkpt lat="-26.2203450" lon="-51.0345570">
    <ele>793.8</ele>
   </trkpt>
   <trkpt lat="-26.2203740" lon="-51.0345610">
    <ele>794.0</ele>
   </trkpt>
   <trkpt lat="-26.2204050" lon="-51.0345640">
    <ele>794.2</ele>
   </trkpt>
   <trkpt lat="-26.2204360" lon="-51.0345620">
    <ele>794.2</ele>
   </trkpt>
   <trkpt lat="-26.2204730" lon="-51.0345590">
    <ele>794.6</ele>
   </trkpt>
   <trkpt lat="-26.2205090" lon="-51.0345570">
    <ele>794.8</ele>
   </trkpt>
   <trkpt lat="-26.2205440" lon="-51.0345510">
    <ele>795.0</ele>
   </trkpt>
   <trkpt lat="-26.2205810" lon="-51.0345480">
    <ele>795.2</ele>
   </trkpt>
   <trkpt lat="-26.2206190" lon="-51.0345390">
    <ele>795.2</ele>
   </trkpt>
   <trkpt lat="-26.2206500" lon="-51.0345280">
    <ele>795.4</ele>
   </trkpt>
   <trkpt lat="-26.2206800" lon="-51.0345120">
    <ele>795.4</ele>
   </trkpt>
   <trkpt lat="-26.2207130" lon="-51.0345000">
    <ele>795.6</ele>
   </trkpt>
   <trkpt lat="-26.2207460" lon="-51.0344860">
    <ele>795.8</ele>
   </trkpt>
   <trkpt lat="-26.2207780" lon="-51.0344700">
    <ele>796.0</ele>
   </trkpt>
   <trkpt lat="-26.2208100" lon="-51.0344500">
    <ele>796.0</ele>
   </trkpt>
   <trkpt lat="-26.2208400" lon="-51.0344330">
    <ele>796.2</ele>
   </trkpt>
   <trkpt lat="-26.2208690" lon="-51.0344160">
    <ele>796.2</ele>
   </trkpt>
   <trkpt lat="-26.2208940" lon="-51.0343960">
    <ele>796.4</ele>
   </trkpt>
   <trkpt lat="-26.2209260" lon="-51.0343770">
    <ele>796.6</ele>
   </trkpt>
   <trkpt lat="-26.2209510" lon="-51.0343580">
    <ele>796.8</ele>
   </trkpt>
   <trkpt lat="-26.2209780" lon="-51.0343400">
    <ele>797.0</ele>
   </trkpt>
   <trkpt lat="-26.2210040" lon="-51.0343220">
    <ele>797.4</ele>
   </trkpt>
   <trkpt lat="-26.2210340" lon="-51.0343080">
    <ele>797.4</ele>
   </trkpt>
   <trkpt lat="-26.2210670" lon="-51.0342990">
    <ele>797.6</ele>
   </trkpt>
   <trkpt lat="-26.2211010" lon="-51.0342890">
    <ele>797.8</ele>
   </trkpt>
   <trkpt lat="-26.2211370" lon="-51.0342770">
    <ele>797.8</ele>
   </trkpt>
   <trkpt lat="-26.2211730" lon="-51.0342640">
    <ele>798.0</ele>
   </trkpt>
   <trkpt lat="-26.2212090" lon="-51.0342580">
    <ele>798.2</ele>
   </trkpt>
   <trkpt lat="-26.2212430" lon="-51.0342610">
    <ele>798.4</ele>
   </trkpt>
   <trkpt lat="-26.2212760" lon="-51.0342570">
    <ele>798.6</ele>
   </trkpt>
   <trkpt lat="-26.2213080" lon="-51.0342480">
    <ele>798.8</ele>
   </trkpt>
   <trkpt lat="-26.2213400" lon="-51.0342370">
    <ele>799.0</ele>
   </trkpt>
   <trkpt lat="-26.2213720" lon="-51.0342250">
    <ele>799.2</ele>
   </trkpt>
   <trkpt lat="-26.2214010" lon="-51.0342130">
    <ele>799.4</ele>
   </trkpt>
   <trkpt lat="-26.2214300" lon="-51.0341980">
    <ele>799.8</ele>
   </trkpt>
   <trkpt lat="-26.2214590" lon="-51.0341810">
    <ele>800.0</ele>
   </trkpt>
   <trkpt lat="-26.2214910" lon="-51.0341670">
    <ele>800.0</ele>
   </trkpt>
   <trkpt lat="-26.2215240" lon="-51.0341540">
    <ele>800.4</ele>
   </trkpt>
   <trkpt lat="-26.2215530" lon="-51.0341380">
    <ele>800.6</ele>
   </trkpt>
   <trkpt lat="-26.2215840" lon="-51.0341230">
    <ele>801.0</ele>
   </trkpt>
   <trkpt lat="-26.2216140" lon="-51.0341040">
    <ele>801.2</ele>
   </trkpt>
   <trkpt lat="-26.2216470" lon="-51.0340860">
    <ele>801.2</ele>
   </trkpt>
   <trkpt lat="-26.2216780" lon="-51.0340720">
    <ele>801.4</ele>
   </trkpt>
   <trkpt lat="-26.2217130" lon="-51.0340650">
    <ele>801.8</ele>
   </trkpt>
   <trkpt lat="-26.2217430" lon="-51.0340530">
    <ele>801.8</ele>
   </trkpt>
   <trkpt lat="-26.2217770" lon="-51.0340440">
    <ele>802.0</ele>
   </trkpt>
   <trkpt lat="-26.2218120" lon="-51.0340420">
    <ele>802.0</ele>
   </trkpt>
   <trkpt lat="-26.2218500" lon="-51.0340390">
    <ele>802.0</ele>
   </trkpt>
   <trkpt lat="-26.2218910" lon="-51.0340430">
    <ele>802.0</ele>
   </trkpt>
   <trkpt lat="-26.2219320" lon="-51.0340440">
    <ele>801.6</ele>
   </trkpt>
   <trkpt lat="-26.2219800" lon="-51.0340490">
    <ele>801.6</ele>
   </trkpt>
   <trkpt lat="-26.2220320" lon="-51.0340580">
    <ele>800.8</ele>
   </trkpt>
   <trkpt lat="-26.2220860" lon="-51.0340610">
    <ele>800.2</ele>
   </trkpt>
   <trkpt lat="-26.2221430" lon="-51.0340650">
    <ele>799.4</ele>
   </trkpt>
   <trkpt lat="-26.2221990" lon="-51.0340720">
    <ele>799.0</ele>
   </trkpt>
   <trkpt lat="-26.2222600" lon="-51.0340760">
    <ele>798.6</ele>
   </trkpt>
   <trkpt lat="-26.2223260" lon="-51.0340830">
    <ele>798.2</ele>
   </trkpt>
   <trkpt lat="-26.2223970" lon="-51.0340920">
    <ele>798.2</ele>
   </trkpt>
   <trkpt lat="-26.2227570" lon="-51.0341250">
    <ele>797.8</ele>
   </trkpt>
   <trkpt lat="-26.2228350" lon="-51.0341340">
    <ele>796.2</ele>
   </trkpt>
   <trkpt lat="-26.2229150" lon="-51.0341430">
    <ele>794.8</ele>
   </trkpt>
   <trkpt lat="-26.2230990" lon="-51.0341600">
    <ele>793.2</ele>
   </trkpt>
   <trkpt lat="-26.2232680" lon="-51.0342040">
    <ele>791.6</ele>
   </trkpt>
   <trkpt lat="-26.2234480" lon="-51.0342470">
    <ele>790.4</ele>
   </trkpt>
   <trkpt lat="-26.2235440" lon="-51.0342630">
    <ele>789.4</ele>
   </trkpt>
   <trkpt lat="-26.2236400" lon="-51.0342790">
    <ele>788.6</ele>
   </trkpt>
   <trkpt lat="-26.2237410" lon="-51.0342880">
    <ele>788.2</ele>
   </trkpt>
   <trkpt lat="-26.2238420" lon="-51.0342810">
    <ele>787.0</ele>
   </trkpt>
   <trkpt lat="-26.2240480" lon="-51.0342480">
    <ele>785.6</ele>
   </trkpt>
   <trkpt lat="-26.2241550" lon="-51.0342210">
    <ele>785.0</ele>
   </trkpt>
   <trkpt lat="-26.2242580" lon="-51.0341920">
    <ele>784.6</ele>
   </trkpt>
   <trkpt lat="-26.2243620" lon="-51.0341740">
    <ele>784.2</ele>
   </trkpt>
   <trkpt lat="-26.2245570" lon="-51.0341750">
    <ele>783.4</ele>
   </trkpt>
   <trkpt lat="-26.2246550" lon="-51.0341900">
    <ele>783.0</ele>
   </trkpt>
   <trkpt lat="-26.2247430" lon="-51.0342250">
    <ele>783.0</ele>
   </trkpt>
   <trkpt lat="-26.2248260" lon="-51.0342580">
    <ele>783.4</ele>
   </trkpt>
   <trkpt lat="-26.2249080" lon="-51.0342900">
    <ele>784.4</ele>
   </trkpt>
   <trkpt lat="-26.2249850" lon="-51.0343250">
    <ele>787.2</ele>
   </trkpt>
   <trkpt lat="-26.2250620" lon="-51.0343580">
    <ele>787.2</ele>
   </trkpt>
   <trkpt lat="-26.2251360" lon="-51.0343900">
    <ele>787.2</ele>
   </trkpt>
   <trkpt lat="-26.2252100" lon="-51.0344200">
    <ele>787.2</ele>
   </trkpt>
   <trkpt lat="-26.2252810" lon="-51.0344490">
    <ele>787.2</ele>
   </trkpt>
   <trkpt lat="-26.2253460" lon="-51.0344800">
    <ele>786.8</ele>
   </trkpt>
   <trkpt lat="-26.2254090" lon="-51.0345160">
    <ele>786.4</ele>
   </trkpt>
   <trkpt lat="-26.2254650" lon="-51.0345610">
    <ele>786.4</ele>
   </trkpt>
   <trkpt lat="-26.2255110" lon="-51.0346150">
    <ele>786.4</ele>
   </trkpt>
   <trkpt lat="-26.2255460" lon="-51.0346750">
    <ele>786.4</ele>
   </trkpt>
   <trkpt lat="-26.2255700" lon="-51.0347380">
    <ele>786.4</ele>
   </trkpt>
   <trkpt lat="-26.2255830" lon="-51.0348020">
    <ele>786.2</ele>
   </trkpt>
   <trkpt lat="-26.2255830" lon="-51.0348630">
    <ele>786.2</ele>
   </trkpt>
   <trkpt lat="-26.2255740" lon="-51.0349190">
    <ele>786.2</ele>
   </trkpt>
   <trkpt lat="-26.2255580" lon="-51.0349690">
    <ele>786.2</ele>
   </trkpt>
   <trkpt lat="-26.2255380" lon="-51.0350150">
    <ele>786.2</ele>
   </trkpt>
   <trkpt lat="-26.2255130" lon="-51.0350540">
    <ele>786.2</ele>
   </trkpt>
   <trkpt lat="-26.2254900" lon="-51.0350880">
    <ele>786.0</ele>
   </trkpt>
   <trkpt lat="-26.2254700" lon="-51.0351140">
    <ele>786.0</ele>
   </trkpt>
   <trkpt lat="-26.2254540" lon="-51.0351400">
    <ele>785.0</ele>
   </trkpt>
   <trkpt lat="-26.2254440" lon="-51.0351640">
    <ele>785.0</ele>
   </trkpt>
   <trkpt lat="-26.2254420" lon="-51.0351740">
    <ele>785.0</ele>
   </trkpt>
   <trkpt lat="-26.2254420" lon="-51.0351740">
    <ele>785.2</ele>
   </trkpt>
   <trkpt lat="-26.2254460" lon="-51.0351730">
    <ele>784.2</ele>
   </trkpt>
   <trkpt lat="-26.2254460" lon="-51.0351730">
    <ele>784.0</ele>
   </trkpt>
   <trkpt lat="-26.2254320" lon="-51.0351890">
    <ele>784.0</ele>
   </trkpt>
   <trkpt lat="-26.2254080" lon="-51.0352100">
    <ele>783.8</ele>
   </trkpt>
   <trkpt lat="-26.2253190" lon="-51.0353410">
    <ele>782.8</ele>
   </trkpt>
   <trkpt lat="-26.2252220" lon="-51.0355010">
    <ele>782.2</ele>
   </trkpt>
   <trkpt lat="-26.2251420" lon="-51.0356350">
    <ele>782.0</ele>
   </trkpt>
   <trkpt lat="-26.2250980" lon="-51.0357120">
    <ele>782.2</ele>
   </trkpt>
   <trkpt lat="-26.2248230" lon="-51.0361710">
    <ele>783.0</ele>
   </trkpt>
   <trkpt lat="-26.2246840" lon="-51.0364120">
    <ele>783.8</ele>
   </trkpt>
   <trkpt lat="-26.2246260" lon="-51.0365120">
    <ele>785.4</ele>
   </trkpt>
   <trkpt lat="-26.2245960" lon="-51.0365590">
    <ele>785.6</ele>
   </trkpt>
   <trkpt lat="-26.2244590" lon="-51.0367820">
    <ele>784.8</ele>
   </trkpt>
   <trkpt lat="-26.2244330" lon="-51.0368280">
    <ele>784.6</ele>
   </trkpt>
   <trkpt lat="-26.2244060" lon="-51.0368750">
    <ele>784.6</ele>
   </trkpt>
   <trkpt lat="-26.2243760" lon="-51.0369230">
    <ele>784.6</ele>
   </trkpt>
   <trkpt lat="-26.2242840" lon="-51.0370800">
    <ele>784.4</ele>
   </trkpt>
   <trkpt lat="-26.2242080" lon="-51.0372340">
    <ele>784.4</ele>
   </trkpt>
   <trkpt lat="-26.2241810" lon="-51.0372900">
    <ele>784.2</ele>
   </trkpt>
   <trkpt lat="-26.2241560" lon="-51.0373480">
    <ele>784.2</ele>
   </trkpt>
   <trkpt lat="-26.2240200" lon="-51.0378020">
    <ele>783.8</ele>
   </trkpt>
   <trkpt lat="-26.2240040" lon="-51.0382260">
    <ele>784.6</ele>
   </trkpt>
   <trkpt lat="-26.2240250" lon="-51.0384130">
    <ele>783.8</ele>
   </trkpt>
   <trkpt lat="-26.2240340" lon="-51.0384810">
    <ele>783.8</ele>
   </trkpt>
   <trkpt lat="-26.2240880" lon="-51.0388370">
    <ele>783.8</ele>
   </trkpt>
   <trkpt lat="-26.2241280" lon="-51.0390430">
    <ele>783.2</ele>
   </trkpt>
   <trkpt lat="-26.2242070" lon="-51.0393330">
    <ele>782.8</ele>
   </trkpt>
   <trkpt lat="-26.2243810" lon="-51.0398320">
    <ele>782.6</ele>
   </trkpt>
   <trkpt lat="-26.2244120" lon="-51.0399090">
    <ele>782.6</ele>
   </trkpt>
   <trkpt lat="-26.2244380" lon="-51.0399690">
    <ele>782.6</ele>
   </trkpt>
   <trkpt lat="-26.2245330" lon="-51.0401930">
    <ele>782.6</ele>
   </trkpt>
   <trkpt lat="-26.2245620" lon="-51.0402650">
    <ele>782.6</ele>
   </trkpt>
   <trkpt lat="-26.2245900" lon="-51.0403330">
    <ele>782.4</ele>
   </trkpt>
   <trkpt lat="-26.2246230" lon="-51.0404100">
    <ele>782.4</ele>
   </trkpt>
   <trkpt lat="-26.2246470" lon="-51.0404580">
    <ele>782.4</ele>
   </trkpt>
   <trkpt lat="-26.2246780" lon="-51.0405150">
    <ele>782.4</ele>
   </trkpt>
   <trkpt lat="-26.2247180" lon="-51.0405820">
    <ele>782.6</ele>
   </trkpt>
   <trkpt lat="-26.2247520" lon="-51.0406370">
    <ele>782.6</ele>
   </trkpt>
   <trkpt lat="-26.2248240" lon="-51.0407440">
    <ele>782.6</ele>
   </trkpt>
   <trkpt lat="-26.2251290" lon="-51.0410620">
    <ele>782.0</ele>
   </trkpt>
   <trkpt lat="-26.2254390" lon="-51.0412910">
    <ele>782.0</ele>
   </trkpt>
   <trkpt lat="-26.2256900" lon="-51.0414730">
    <ele>782.0</ele>
   </trkpt>
   <trkpt lat="-26.2257700" lon="-51.0415330">
    <ele>781.8</ele>
   </trkpt>
   <trkpt lat="-26.2258470" lon="-51.0415880">
    <ele>781.8</ele>
   </trkpt>
   <trkpt lat="-26.2259220" lon="-51.0416430">
    <ele>778.4</ele>
   </trkpt>
   <trkpt lat="-26.2259930" lon="-51.0416980">
    <ele>778.4</ele>
   </trkpt>
   <trkpt lat="-26.2260620" lon="-51.0417520">
    <ele>778.2</ele>
   </trkpt>
   <trkpt lat="-26.2261290" lon="-51.0418050">
    <ele>778.2</ele>
   </trkpt>
   <trkpt lat="-26.2261930" lon="-51.0418560">
    <ele>778.4</ele>
   </trkpt>
   <trkpt lat="-26.2262560" lon="-51.0419070">
    <ele>778.4</ele>
   </trkpt>
   <trkpt lat="-26.2263170" lon="-51.0419560">
    <ele>778.6</ele>
   </trkpt>
   <trkpt lat="-26.2263740" lon="-51.0420060">
    <ele>779.0</ele>
   </trkpt>
   <trkpt lat="-26.2264310" lon="-51.0420560">
    <ele>779.2</ele>
   </trkpt>
   <trkpt lat="-26.2264850" lon="-51.0421070">
    <ele>779.4</ele>
   </trkpt>
   <trkpt lat="-26.2265370" lon="-51.0421580">
    <ele>779.6</ele>
   </trkpt>
   <trkpt lat="-26.2265980" lon="-51.0422190">
    <ele>779.8</ele>
   </trkpt>
   <trkpt lat="-26.2266950" lon="-51.0423030">
    <ele>780.2</ele>
   </trkpt>
   <trkpt lat="-26.2267460" lon="-51.0423500">
    <ele>780.2</ele>
   </trkpt>
   <trkpt lat="-26.2267980" lon="-51.0423950">
    <ele>780.2</ele>
   </trkpt>
   <trkpt lat="-26.2268490" lon="-51.0424380">
    <ele>780.0</ele>
   </trkpt>
   <trkpt lat="-26.2269110" lon="-51.0424910">
    <ele>780.0</ele>
   </trkpt>
   <trkpt lat="-26.2269530" lon="-51.0425260">
    <ele>780.0</ele>
   </trkpt>
   <trkpt lat="-26.2270040" lon="-51.0425700">
    <ele>780.0</ele>
   </trkpt>
   <trkpt lat="-26.2270560" lon="-51.0426130">
    <ele>780.0</ele>
   </trkpt>
   <trkpt lat="-26.2271070" lon="-51.0426580">
    <ele>780.0</ele>
   </trkpt>
   <trkpt lat="-26.2271580" lon="-51.0427020">
    <ele>779.8</ele>
   </trkpt>
   <trkpt lat="-26.2272070" lon="-51.0427480">
    <ele>779.8</ele>
   </trkpt>
   <trkpt lat="-26.2272560" lon="-51.0427920">
    <ele>779.8</ele>
   </trkpt>
   <trkpt lat="-26.2273050" lon="-51.0428360">
    <ele>779.8</ele>
   </trkpt>
   <trkpt lat="-26.2273550" lon="-51.0428800">
    <ele>779.8</ele>
   </trkpt>
   <trkpt lat="-26.2274030" lon="-51.0429230">
    <ele>779.8</ele>
   </trkpt>
   <trkpt lat="-26.2274520" lon="-51.0429650">
    <ele>780.0</ele>
   </trkpt>
   <trkpt lat="-26.2275450" lon="-51.0430560">
    <ele>780.8</ele>
   </trkpt>
   <trkpt lat="-26.2276350" lon="-51.0431570">
    <ele>781.0</ele>
   </trkpt>
   <trkpt lat="-26.2279450" lon="-51.0435130">
    <ele>780.8</ele>
   </trkpt>
   <trkpt lat="-26.2280660" lon="-51.0437360">
    <ele>780.6</ele>
   </trkpt>
   <trkpt lat="-26.2281040" lon="-51.0438100">
    <ele>780.8</ele>
   </trkpt>
   <trkpt lat="-26.2281440" lon="-51.0439030">
    <ele>780.8</ele>
   </trkpt>
   <trkpt lat="-26.2281900" lon="-51.0440450">
    <ele>781.0</ele>
   </trkpt>
   <trkpt lat="-26.2282280" lon="-51.0442200">
    <ele>781.0</ele>
   </trkpt>
   <trkpt lat="-26.2283370" lon="-51.0445730">
    <ele>779.8</ele>
   </trkpt>
   <trkpt lat="-26.2283700" lon="-51.0446650">
    <ele>779.8</ele>
   </trkpt>
   <trkpt lat="-26.2284450" lon="-51.0448710">
    <ele>778.6</ele>
   </trkpt>
   <trkpt lat="-26.2285190" lon="-51.0451380">
    <ele>777.6</ele>
   </trkpt>
   <trkpt lat="-26.2285270" lon="-51.0452090">
    <ele>777.6</ele>
   </trkpt>
   <trkpt lat="-26.2285510" lon="-51.0454850">
    <ele>779.6</ele>
   </trkpt>
   <trkpt lat="-26.2285450" lon="-51.0455770">
    <ele>779.8</ele>
   </trkpt>
   <trkpt lat="-26.2285300" lon="-51.0456830">
    <ele>779.6</ele>
   </trkpt>
   <trkpt lat="-26.2285180" lon="-51.0457740">
    <ele>779.8</ele>
   </trkpt>
   <trkpt lat="-26.2285060" lon="-51.0458630">
    <ele>779.8</ele>
   </trkpt>
   <trkpt lat="-26.2284910" lon="-51.0459490">
    <ele>779.8</ele>
   </trkpt>
   <trkpt lat="-26.2284730" lon="-51.0460310">
    <ele>779.8</ele>
   </trkpt>
   <trkpt lat="-26.2284540" lon="-51.0461130">
    <ele>779.8</ele>
   </trkpt>
   <trkpt lat="-26.2284310" lon="-51.0461920">
    <ele>779.8</ele>
   </trkpt>
   <trkpt lat="-26.2284020" lon="-51.0462690">
    <ele>779.8</ele>
   </trkpt>
   <trkpt lat="-26.2283720" lon="-51.0463510">
    <ele>779.6</ele>
   </trkpt>
   <trkpt lat="-26.2283210" lon="-51.0465060">
    <ele>778.4</ele>
   </trkpt>
   <trkpt lat="-26.2281800" lon="-51.0469540">
    <ele>778.2</ele>
   </trkpt>
   <trkpt lat="-26.2280520" lon="-51.0473770">
    <ele>777.2</ele>
   </trkpt>
   <trkpt lat="-26.2279330" lon="-51.0477550">
    <ele>776.4</ele>
   </trkpt>
   <trkpt lat="-26.2278060" lon="-51.0481280">
    <ele>776.2</ele>
   </trkpt>
   <trkpt lat="-26.2277740" lon="-51.0482170">
    <ele>775.4</ele>
   </trkpt>
   <trkpt lat="-26.2277430" lon="-51.0483060">
    <ele>775.4</ele>
   </trkpt>
   <trkpt lat="-26.2275620" lon="-51.0488250">
    <ele>775.8</ele>
   </trkpt>
   <trkpt lat="-26.2275030" lon="-51.0490000">
    <ele>773.8</ele>
   </trkpt>
   <trkpt lat="-26.2274750" lon="-51.0490860">
    <ele>773.6</ele>
   </trkpt>
   <trkpt lat="-26.2274460" lon="-51.0491700">
    <ele>773.4</ele>
   </trkpt>
   <trkpt lat="-26.2273620" lon="-51.0494030">
    <ele>773.2</ele>
   </trkpt>
   <trkpt lat="-26.2273370" lon="-51.0494800">
    <ele>773.0</ele>
   </trkpt>
   <trkpt lat="-26.2273110" lon="-51.0495570">
    <ele>772.8</ele>
   </trkpt>
   <trkpt lat="-26.2272840" lon="-51.0496340">
    <ele>772.8</ele>
   </trkpt>
   <trkpt lat="-26.2272580" lon="-51.0497120">
    <ele>772.8</ele>
   </trkpt>
   <trkpt lat="-26.2272320" lon="-51.0497910">
    <ele>773.0</ele>
   </trkpt>
   <trkpt lat="-26.2272070" lon="-51.0498730">
    <ele>773.2</ele>
   </trkpt>
   <trkpt lat="-26.2270340" lon="-51.0503570">
    <ele>773.4</ele>
   </trkpt>
   <trkpt lat="-26.2270050" lon="-51.0504410">
    <ele>773.4</ele>
   </trkpt>
   <trkpt lat="-26.2269740" lon="-51.0505250">
    <ele>772.6</ele>
   </trkpt>
   <trkpt lat="-26.2269150" lon="-51.0506930">
    <ele>771.6</ele>
   </trkpt>
   <trkpt lat="-26.2268120" lon="-51.0510220">
    <ele>770.8</ele>
   </trkpt>
   <trkpt lat="-26.2267380" lon="-51.0512540">
    <ele>771.4</ele>
   </trkpt>
   <trkpt lat="-26.2267150" lon="-51.0513270">
    <ele>771.8</ele>
   </trkpt>
   <trkpt lat="-26.2266930" lon="-51.0513970">
    <ele>772.0</ele>
   </trkpt>
   <trkpt lat="-26.2266710" lon="-51.0514630">
    <ele>772.0</ele>
   </trkpt>
   <trkpt lat="-26.2266480" lon="-51.0515250">
    <ele>772.0</ele>
   </trkpt>
   <trkpt lat="-26.2266260" lon="-51.0515850">
    <ele>772.2</ele>
   </trkpt>
   <trkpt lat="-26.2266060" lon="-51.0516460">
    <ele>772.2</ele>
   </trkpt>
   <trkpt lat="-26.2265860" lon="-51.0517040">
    <ele>772.6</ele>
   </trkpt>
   <trkpt lat="-26.2265650" lon="-51.0517600">
    <ele>774.2</ele>
   </trkpt>
   <trkpt lat="-26.2264870" lon="-51.0519450">
    <ele>774.4</ele>
   </trkpt>
   <trkpt lat="-26.2263830" lon="-51.0521400">
    <ele>773.4</ele>
   </trkpt>
   <trkpt lat="-26.2263460" lon="-51.0522100">
    <ele>773.0</ele>
   </trkpt>
   <trkpt lat="-26.2261380" lon="-51.0526020">
    <ele>772.4</ele>
   </trkpt>
   <trkpt lat="-26.2260240" lon="-51.0528550">
    <ele>772.0</ele>
   </trkpt>
   <trkpt lat="-26.2259880" lon="-51.0529330">
    <ele>771.6</ele>
   </trkpt>
   <trkpt lat="-26.2259540" lon="-51.0530120">
    <ele>771.0</ele>
   </trkpt>
   <trkpt lat="-26.2259250" lon="-51.0530910">
    <ele>771.0</ele>
   </trkpt>
   <trkpt lat="-26.2259000" lon="-51.0531710">
    <ele>770.4</ele>
   </trkpt>
   <trkpt lat="-26.2258880" lon="-51.0532550">
    <ele>770.0</ele>
   </trkpt>
   <trkpt lat="-26.2258790" lon="-51.0533410">
    <ele>769.8</ele>
   </trkpt>
   <trkpt lat="-26.2258770" lon="-51.0534260">
    <ele>770.0</ele>
   </trkpt>
   <trkpt lat="-26.2258820" lon="-51.0535090">
    <ele>770.4</ele>
   </trkpt>
   <trkpt lat="-26.2259100" lon="-51.0536780">
    <ele>770.6</ele>
   </trkpt>
   <trkpt lat="-26.2259380" lon="-51.0537660">
    <ele>770.6</ele>
   </trkpt>
   <trkpt lat="-26.2259750" lon="-51.0538530">
    <ele>770.8</ele>
   </trkpt>
   <trkpt lat="-26.2261100" lon="-51.0540840">
    <ele>770.4</ele>
   </trkpt>
   <trkpt lat="-26.2261520" lon="-51.0541570">
    <ele>770.4</ele>
   </trkpt>
   <trkpt lat="-26.2261970" lon="-51.0542280">
    <ele>770.4</ele>
   </trkpt>
   <trkpt lat="-26.2262410" lon="-51.0542960">
    <ele>770.2</ele>
   </trkpt>
   <trkpt lat="-26.2263760" lon="-51.0544960">
    <ele>770.2</ele>
   </trkpt>
   <trkpt lat="-26.2264200" lon="-51.0545590">
    <ele>770.2</ele>
   </trkpt>
   <trkpt lat="-26.2264650" lon="-51.0546200">
    <ele>770.0</ele>
   </trkpt>
   <trkpt lat="-26.2268650" lon="-51.0551380">
    <ele>769.2</ele>
   </trkpt>
   <trkpt lat="-26.2269080" lon="-51.0552110">
    <ele>768.0</ele>
   </trkpt>
   <trkpt lat="-26.2269680" lon="-51.0553710">
    <ele>767.6</ele>
   </trkpt>
   <trkpt lat="-26.2269910" lon="-51.0555310">
    <ele>767.4</ele>
   </trkpt>
   <trkpt lat="-26.2270000" lon="-51.0556840">
    <ele>767.2</ele>
   </trkpt>
   <trkpt lat="-26.2270040" lon="-51.0557550">
    <ele>767.2</ele>
   </trkpt>
   <trkpt lat="-26.2270060" lon="-51.0558240">
    <ele>767.2</ele>
   </trkpt>
   <trkpt lat="-26.2270060" lon="-51.0558890">
    <ele>767.0</ele>
   </trkpt>
   <trkpt lat="-26.2270040" lon="-51.0559590">
    <ele>767.0</ele>
   </trkpt>
   <trkpt lat="-26.2269980" lon="-51.0560270">
    <ele>767.0</ele>
   </trkpt>
   <trkpt lat="-26.2269780" lon="-51.0562310">
    <ele>767.0</ele>
   </trkpt>
   <trkpt lat="-26.2269700" lon="-51.0562960">
    <ele>767.0</ele>
   </trkpt>
   <trkpt lat="-26.2269620" lon="-51.0563610">
    <ele>766.8</ele>
   </trkpt>
   <trkpt lat="-26.2269390" lon="-51.0565590">
    <ele>766.0</ele>
   </trkpt>
   <trkpt lat="-26.2269040" lon="-51.0568760">
    <ele>765.0</ele>
   </trkpt>
   <trkpt lat="-26.2268990" lon="-51.0569630">
    <ele>764.8</ele>
   </trkpt>
   <trkpt lat="-26.2268880" lon="-51.0571260">
    <ele>765.6</ele>
   </trkpt>
   <trkpt lat="-26.2268830" lon="-51.0571990">
    <ele>766.0</ele>
   </trkpt>
   <trkpt lat="-26.2268780" lon="-51.0572750">
    <ele>766.6</ele>
   </trkpt>
   <trkpt lat="-26.2268720" lon="-51.0573490">
    <ele>767.6</ele>
   </trkpt>
   <trkpt lat="-26.2268670" lon="-51.0574210">
    <ele>768.6</ele>
   </trkpt>
   <trkpt lat="-26.2268580" lon="-51.0574910">
    <ele>769.2</ele>
   </trkpt>
   <trkpt lat="-26.2268500" lon="-51.0575630">
    <ele>770.0</ele>
   </trkpt>
   <trkpt lat="-26.2268430" lon="-51.0576340">
    <ele>770.6</ele>
   </trkpt>
   <trkpt lat="-26.2268390" lon="-51.0577050">
    <ele>770.6</ele>
   </trkpt>
   <trkpt lat="-26.2268330" lon="-51.0577730">
    <ele>770.6</ele>
   </trkpt>
   <trkpt lat="-26.2268270" lon="-51.0578430">
    <ele>770.8</ele>
   </trkpt>
   <trkpt lat="-26.2268180" lon="-51.0579150">
    <ele>770.6</ele>
   </trkpt>
   <trkpt lat="-26.2268080" lon="-51.0579900">
    <ele>770.4</ele>
   </trkpt>
   <trkpt lat="-26.2267940" lon="-51.0580720">
    <ele>769.8</ele>
   </trkpt>
   <trkpt lat="-26.2267760" lon="-51.0581550">
    <ele>769.4</ele>
   </trkpt>
   <trkpt lat="-26.2267590" lon="-51.0582350">
    <ele>768.6</ele>
   </trkpt>
   <trkpt lat="-26.2267520" lon="-51.0583150">
    <ele>768.6</ele>
   </trkpt>
   <trkpt lat="-26.2267480" lon="-51.0583870">
    <ele>768.8</ele>
   </trkpt>
   <trkpt lat="-26.2267410" lon="-51.0584560">
    <ele>769.0</ele>
   </trkpt>
   <trkpt lat="-26.2267350" lon="-51.0585240">
    <ele>769.4</ele>
   </trkpt>
   <trkpt lat="-26.2267300" lon="-51.0585900">
    <ele>769.6</ele>
   </trkpt>
   <trkpt lat="-26.2267230" lon="-51.0586510">
    <ele>769.6</ele>
   </trkpt>
   <trkpt lat="-26.2267170" lon="-51.0587110">
    <ele>769.6</ele>
   </trkpt>
   <trkpt lat="-26.2267100" lon="-51.0587710">
    <ele>769.6</ele>
   </trkpt>
   <trkpt lat="-26.2266960" lon="-51.0588990">
    <ele>769.4</ele>
   </trkpt>
   <trkpt lat="-26.2266520" lon="-51.0594070">
    <ele>767.2</ele>
   </trkpt>
   <trkpt lat="-26.2266410" lon="-51.0594830">
    <ele>766.8</ele>
   </trkpt>
   <trkpt lat="-26.2266310" lon="-51.0595610">
    <ele>766.4</ele>
   </trkpt>
   <trkpt lat="-26.2266220" lon="-51.0596390">
    <ele>766.2</ele>
   </trkpt>
   <trkpt lat="-26.2265990" lon="-51.0599360">
    <ele>767.4</ele>
   </trkpt>
   <trkpt lat="-26.2265760" lon="-51.0601430">
    <ele>767.6</ele>
   </trkpt>
   <trkpt lat="-26.2265660" lon="-51.0602060">
    <ele>767.8</ele>
   </trkpt>
   <trkpt lat="-26.2265570" lon="-51.0602730">
    <ele>767.8</ele>
   </trkpt>
   <trkpt lat="-26.2265490" lon="-51.0603410">
    <ele>768.0</ele>
   </trkpt>
   <trkpt lat="-26.2265310" lon="-51.0605420">
    <ele>768.0</ele>
   </trkpt>
   <trkpt lat="-26.2265410" lon="-51.0606890">
    <ele>768.0</ele>
   </trkpt>
   <trkpt lat="-26.2265230" lon="-51.0610040">
    <ele>766.4</ele>
   </trkpt>
   <trkpt lat="-26.2265210" lon="-51.0611670">
    <ele>766.2</ele>
   </trkpt>
   <trkpt lat="-26.2265220" lon="-51.0612500">
    <ele>766.2</ele>
   </trkpt>
   <trkpt lat="-26.2265270" lon="-51.0614100">
    <ele>768.0</ele>
   </trkpt>
   <trkpt lat="-26.2265340" lon="-51.0615650">
    <ele>769.4</ele>
   </trkpt>
   <trkpt lat="-26.2265430" lon="-51.0617090">
    <ele>769.8</ele>
   </trkpt>
   <trkpt lat="-26.2265460" lon="-51.0617840">
    <ele>769.8</ele>
   </trkpt>
   <trkpt lat="-26.2265490" lon="-51.0618630">
    <ele>769.8</ele>
   </trkpt>
   <trkpt lat="-26.2265770" lon="-51.0621200">
    <ele>768.4</ele>
   </trkpt>
   <trkpt lat="-26.2265900" lon="-51.0622150">
    <ele>767.6</ele>
   </trkpt>
   <trkpt lat="-26.2266210" lon="-51.0624010">
    <ele>767.4</ele>
   </trkpt>
   <trkpt lat="-26.2266550" lon="-51.0625880">
    <ele>767.8</ele>
   </trkpt>
   <trkpt lat="-26.2266700" lon="-51.0626820">
    <ele>767.6</ele>
   </trkpt>
   <trkpt lat="-26.2266860" lon="-51.0627740">
    <ele>767.8</ele>
   </trkpt>
   <trkpt lat="-26.2267030" lon="-51.0628670">
    <ele>767.6</ele>
   </trkpt>
   <trkpt lat="-26.2267530" lon="-51.0631340">
    <ele>767.6</ele>
   </trkpt>
   <trkpt lat="-26.2267730" lon="-51.0632180">
    <ele>767.6</ele>
   </trkpt>
   <trkpt lat="-26.2267900" lon="-51.0632980">
    <ele>767.6</ele>
   </trkpt>
   <trkpt lat="-26.2268070" lon="-51.0633770">
    <ele>767.6</ele>
   </trkpt>
   <trkpt lat="-26.2268230" lon="-51.0634560">
    <ele>767.6</ele>
   </trkpt>
   <trkpt lat="-26.2268990" lon="-51.0637780">
    <ele>767.4</ele>
   </trkpt>
   <trkpt lat="-26.2269130" lon="-51.0638570">
    <ele>767.4</ele>
   </trkpt>
   <trkpt lat="-26.2269250" lon="-51.0639340">
    <ele>767.4</ele>
   </trkpt>
   <trkpt lat="-26.2269430" lon="-51.0640110">
    <ele>767.4</ele>
   </trkpt>
   <trkpt lat="-26.2269630" lon="-51.0640820">
    <ele>767.6</ele>
   </trkpt>
   <trkpt lat="-26.2269810" lon="-51.0641520">
    <ele>767.8</ele>
   </trkpt>
   <trkpt lat="-26.2269950" lon="-51.0642240">
    <ele>767.8</ele>
   </trkpt>
   <trkpt lat="-26.2270040" lon="-51.0642990">
    <ele>767.8</ele>
   </trkpt>
   <trkpt lat="-26.2270170" lon="-51.0643540">
    <ele>767.8</ele>
   </trkpt>
   <trkpt lat="-26.2270380" lon="-51.0644400">
    <ele>768.0</ele>
   </trkpt>
   <trkpt lat="-26.2270560" lon="-51.0645120">
    <ele>768.0</ele>
   </trkpt>
   <trkpt lat="-26.2270720" lon="-51.0645850">
    <ele>768.0</ele>
   </trkpt>
   <trkpt lat="-26.2270910" lon="-51.0646620">
    <ele>767.8</ele>
   </trkpt>
   <trkpt lat="-26.2271260" lon="-51.0648190">
    <ele>767.6</ele>
   </trkpt>
   <trkpt lat="-26.2271740" lon="-51.0651270">
    <ele>767.4</ele>
   </trkpt>
   <trkpt lat="-26.2271860" lon="-51.0651960">
    <ele>767.4</ele>
   </trkpt>
   <trkpt lat="-26.2272400" lon="-51.0654740">
    <ele>766.4</ele>
   </trkpt>
   <trkpt lat="-26.2272530" lon="-51.0655420">
    <ele>766.2</ele>
   </trkpt>
   <trkpt lat="-26.2272690" lon="-51.0656110">
    <ele>766.2</ele>
   </trkpt>
   <trkpt lat="-26.2272860" lon="-51.0656770">
    <ele>766.2</ele>
   </trkpt>
   <trkpt lat="-26.2273000" lon="-51.0657430">
    <ele>766.2</ele>
   </trkpt>
   <trkpt lat="-26.2273130" lon="-51.0658070">
    <ele>766.2</ele>
   </trkpt>
   <trkpt lat="-26.2273330" lon="-51.0659350">
    <ele>766.0</ele>
   </trkpt>
   <trkpt lat="-26.2273370" lon="-51.0659930">
    <ele>766.0</ele>
   </trkpt>
   <trkpt lat="-26.2273370" lon="-51.0660470">
    <ele>764.6</ele>
   </trkpt>
   <trkpt lat="-26.2273250" lon="-51.0660970">
    <ele>764.4</ele>
   </trkpt>
   <trkpt lat="-26.2273070" lon="-51.0661460">
    <ele>763.8</ele>
   </trkpt>
   <trkpt lat="-26.2272860" lon="-51.0661970">
    <ele>763.8</ele>
   </trkpt>
   <trkpt lat="-26.2272690" lon="-51.0662510">
    <ele>763.8</ele>
   </trkpt>
   <trkpt lat="-26.2272620" lon="-51.0663660">
    <ele>763.6</ele>
   </trkpt>
   <trkpt lat="-26.2272710" lon="-51.0664210">
    <ele>763.6</ele>
   </trkpt>
   <trkpt lat="-26.2272800" lon="-51.0664760">
    <ele>763.8</ele>
   </trkpt>
   <trkpt lat="-26.2273400" lon="-51.0667010">
    <ele>764.2</ele>
   </trkpt>
   <trkpt lat="-26.2274100" lon="-51.0667980">
    <ele>764.4</ele>
   </trkpt>
   <trkpt lat="-26.2274570" lon="-51.0668370">
    <ele>764.2</ele>
   </trkpt>
   <trkpt lat="-26.2275030" lon="-51.0668820">
    <ele>764.2</ele>
   </trkpt>
   <trkpt lat="-26.2275500" lon="-51.0670010">
    <ele>764.4</ele>
   </trkpt>
   <trkpt lat="-26.2275620" lon="-51.0670680">
    <ele>764.6</ele>
   </trkpt>
   <trkpt lat="-26.2275740" lon="-51.0671390">
    <ele>765.4</ele>
   </trkpt>
   <trkpt lat="-26.2275850" lon="-51.0672110">
    <ele>765.6</ele>
   </trkpt>
   <trkpt lat="-26.2276130" lon="-51.0673500">
    <ele>766.8</ele>
   </trkpt>
   <trkpt lat="-26.2276270" lon="-51.0674170">
    <ele>767.0</ele>
   </trkpt>
   <trkpt lat="-26.2277480" lon="-51.0679990">
    <ele>766.8</ele>
   </trkpt>
   <trkpt lat="-26.2277640" lon="-51.0680630">
    <ele>766.6</ele>
   </trkpt>
   <trkpt lat="-26.2278530" lon="-51.0684620">
    <ele>766.8</ele>
   </trkpt>
   <trkpt lat="-26.2279690" lon="-51.0689990">
    <ele>767.0</ele>
   </trkpt>
   <trkpt lat="-26.2280070" lon="-51.0691930">
    <ele>767.2</ele>
   </trkpt>
   <trkpt lat="-26.2280180" lon="-51.0692570">
    <ele>767.2</ele>
   </trkpt>
   <trkpt lat="-26.2280400" lon="-51.0693860">
    <ele>767.2</ele>
   </trkpt>
   <trkpt lat="-26.2280530" lon="-51.0694530">
    <ele>767.2</ele>
   </trkpt>
   <trkpt lat="-26.2280650" lon="-51.0695200">
    <ele>767.2</ele>
   </trkpt>
   <trkpt lat="-26.2281650" lon="-51.0701070">
    <ele>766.6</ele>
   </trkpt>
   <trkpt lat="-26.2282650" lon="-51.0706260">
    <ele>766.4</ele>
   </trkpt>
   <trkpt lat="-26.2282920" lon="-51.0707630">
    <ele>766.2</ele>
   </trkpt>
   <trkpt lat="-26.2283060" lon="-51.0708320">
    <ele>766.0</ele>
   </trkpt>
   <trkpt lat="-26.2283200" lon="-51.0709010">
    <ele>766.0</ele>
   </trkpt>
   <trkpt lat="-26.2283350" lon="-51.0709700">
    <ele>766.0</ele>
   </trkpt>
   <trkpt lat="-26.2283500" lon="-51.0710390">
    <ele>766.0</ele>
   </trkpt>
   <trkpt lat="-26.2283630" lon="-51.0711070">
    <ele>766.2</ele>
   </trkpt>
   <trkpt lat="-26.2283730" lon="-51.0711740">
    <ele>766.2</ele>
   </trkpt>
   <trkpt lat="-26.2283790" lon="-51.0712410">
    <ele>766.0</ele>
   </trkpt>
   <trkpt lat="-26.2283820" lon="-51.0713090">
    <ele>766.0</ele>
   </trkpt>
   <trkpt lat="-26.2283520" lon="-51.0714350">
    <ele>765.4</ele>
   </trkpt>
   <trkpt lat="-26.2283120" lon="-51.0714810">
    <ele>765.0</ele>
   </trkpt>
   <trkpt lat="-26.2282650" lon="-51.0715160">
    <ele>764.0</ele>
   </trkpt>
   <trkpt lat="-26.2282280" lon="-51.0715560">
    <ele>764.0</ele>
   </trkpt>
   <trkpt lat="-26.2282120" lon="-51.0716080">
    <ele>763.8</ele>
   </trkpt>
   <trkpt lat="-26.2282060" lon="-51.0716600">
    <ele>763.8</ele>
   </trkpt>
   <trkpt lat="-26.2282020" lon="-51.0717160">
    <ele>763.8</ele>
   </trkpt>
   <trkpt lat="-26.2281990" lon="-51.0717760">
    <ele>763.8</ele>
   </trkpt>
   <trkpt lat="-26.2281930" lon="-51.0718380">
    <ele>764.2</ele>
   </trkpt>
   <trkpt lat="-26.2281850" lon="-51.0719000">
    <ele>764.2</ele>
   </trkpt>
   <trkpt lat="-26.2281630" lon="-51.0721630">
    <ele>762.8</ele>
   </trkpt>
   <trkpt lat="-26.2281510" lon="-51.0723000">
    <ele>761.6</ele>
   </trkpt>
   <trkpt lat="-26.2281350" lon="-51.0724440">
    <ele>761.4</ele>
   </trkpt>
   <trkpt lat="-26.2281280" lon="-51.0725900">
    <ele>761.2</ele>
   </trkpt>
   <trkpt lat="-26.2281450" lon="-51.0728340">
    <ele>761.2</ele>
   </trkpt>
   <trkpt lat="-26.2281450" lon="-51.0730770">
    <ele>762.2</ele>
   </trkpt>
   <trkpt lat="-26.2281250" lon="-51.0731460">
    <ele>762.4</ele>
   </trkpt>
   <trkpt lat="-26.2280970" lon="-51.0732020">
    <ele>762.8</ele>
   </trkpt>
   <trkpt lat="-26.2280670" lon="-51.0732440">
    <ele>763.6</ele>
   </trkpt>
   <trkpt lat="-26.2280390" lon="-51.0732920">
    <ele>763.8</ele>
   </trkpt>
   <trkpt lat="-26.2280060" lon="-51.0733400">
    <ele>764.2</ele>
   </trkpt>
   <trkpt lat="-26.2279770" lon="-51.0733850">
    <ele>765.6</ele>
   </trkpt>
   <trkpt lat="-26.2279480" lon="-51.0734300">
    <ele>766.0</ele>
   </trkpt>
   <trkpt lat="-26.2279170" lon="-51.0734740">
    <ele>766.0</ele>
   </trkpt>
   <trkpt lat="-26.2278880" lon="-51.0735180">
    <ele>766.2</ele>
   </trkpt>
   <trkpt lat="-26.2278580" lon="-51.0735670">
    <ele>766.4</ele>
   </trkpt>
   <trkpt lat="-26.2277960" lon="-51.0736620">
    <ele>766.6</ele>
   </trkpt>
   <trkpt lat="-26.2277640" lon="-51.0737080">
    <ele>766.6</ele>
   </trkpt>
   <trkpt lat="-26.2277330" lon="-51.0737560">
    <ele>766.8</ele>
   </trkpt>
   <trkpt lat="-26.2277020" lon="-51.0738040">
    <ele>766.8</ele>
   </trkpt>
   <trkpt lat="-26.2276690" lon="-51.0738540">
    <ele>767.0</ele>
   </trkpt>
   <trkpt lat="-26.2276360" lon="-51.0739040">
    <ele>767.0</ele>
   </trkpt>
   <trkpt lat="-26.2276050" lon="-51.0739570">
    <ele>767.6</ele>
   </trkpt>
   <trkpt lat="-26.2275760" lon="-51.0740070">
    <ele>768.4</ele>
   </trkpt>
   <trkpt lat="-26.2275450" lon="-51.0740560">
    <ele>768.4</ele>
   </trkpt>
   <trkpt lat="-26.2275120" lon="-51.0741040">
    <ele>768.4</ele>
   </trkpt>
   <trkpt lat="-26.2274820" lon="-51.0741490">
    <ele>768.6</ele>
   </trkpt>
   <trkpt lat="-26.2274540" lon="-51.0742020">
    <ele>768.4</ele>
   </trkpt>
   <trkpt lat="-26.2274230" lon="-51.0742560">
    <ele>768.4</ele>
   </trkpt>
   <trkpt lat="-26.2273890" lon="-51.0743110">
    <ele>768.4</ele>
   </trkpt>
   <trkpt lat="-26.2273540" lon="-51.0743610">
    <ele>768.4</ele>
   </trkpt>
   <trkpt lat="-26.2273200" lon="-51.0744120">
    <ele>768.2</ele>
   </trkpt>
   <trkpt lat="-26.2272870" lon="-51.0744640">
    <ele>768.4</ele>
   </trkpt>
   <trkpt lat="-26.2272570" lon="-51.0745170">
    <ele>768.4</ele>
   </trkpt>
   <trkpt lat="-26.2272270" lon="-51.0745700">
    <ele>768.4</ele>
   </trkpt>
   <trkpt lat="-26.2271930" lon="-51.0746200">
    <ele>768.4</ele>
   </trkpt>
   <trkpt lat="-26.2271580" lon="-51.0746730">
    <ele>768.4</ele>
   </trkpt>
   <trkpt lat="-26.2271210" lon="-51.0747290">
    <ele>768.4</ele>
   </trkpt>
   <trkpt lat="-26.2270850" lon="-51.0747860">
    <ele>768.4</ele>
   </trkpt>
   <trkpt lat="-26.2270520" lon="-51.0748460">
    <ele>768.6</ele>
   </trkpt>
   <trkpt lat="-26.2270170" lon="-51.0749040">
    <ele>768.6</ele>
   </trkpt>
   <trkpt lat="-26.2269860" lon="-51.0749640">
    <ele>768.6</ele>
   </trkpt>
   <trkpt lat="-26.2269600" lon="-51.0750250">
    <ele>768.6</ele>
   </trkpt>
   <trkpt lat="-26.2269340" lon="-51.0750880">
    <ele>768.6</ele>
   </trkpt>
   <trkpt lat="-26.2268870" lon="-51.0752130">
    <ele>768.8</ele>
   </trkpt>
   <trkpt lat="-26.2268410" lon="-51.0754200">
    <ele>768.8</ele>
   </trkpt>
   <trkpt lat="-26.2268290" lon="-51.0755610">
    <ele>768.8</ele>
   </trkpt>
   <trkpt lat="-26.2268560" lon="-51.0759870">
    <ele>768.8</ele>
   </trkpt>
   <trkpt lat="-26.2268660" lon="-51.0760540">
    <ele>769.0</ele>
   </trkpt>
   <trkpt lat="-26.2268770" lon="-51.0761200">
    <ele>769.0</ele>
   </trkpt>
   <trkpt lat="-26.2268910" lon="-51.0761880">
    <ele>769.0</ele>
   </trkpt>
   <trkpt lat="-26.2269020" lon="-51.0762440">
    <ele>769.0</ele>
   </trkpt>
   <trkpt lat="-26.2269210" lon="-51.0763250">
    <ele>769.0</ele>
   </trkpt>
   <trkpt lat="-26.2269350" lon="-51.0763930">
    <ele>768.8</ele>
   </trkpt>
   <trkpt lat="-26.2269480" lon="-51.0764590">
    <ele>768.6</ele>
   </trkpt>
   <trkpt lat="-26.2269640" lon="-51.0765280">
    <ele>768.2</ele>
   </trkpt>
   <trkpt lat="-26.2270670" lon="-51.0770270">
    <ele>768.6</ele>
   </trkpt>
   <trkpt lat="-26.2271750" lon="-51.0775520">
    <ele>769.0</ele>
   </trkpt>
   <trkpt lat="-26.2272560" lon="-51.0780290">
    <ele>768.8</ele>
   </trkpt>
   <trkpt lat="-26.2273310" lon="-51.0783810">
    <ele>768.0</ele>
   </trkpt>
   <trkpt lat="-26.2273520" lon="-51.0784730">
    <ele>767.4</ele>
   </trkpt>
   <trkpt lat="-26.2273700" lon="-51.0785630">
    <ele>765.8</ele>
   </trkpt>
   <trkpt lat="-26.2273880" lon="-51.0786520">
    <ele>765.6</ele>
   </trkpt>
   <trkpt lat="-26.2275110" lon="-51.0792480">
    <ele>765.8</ele>
   </trkpt>
   <trkpt lat="-26.2275810" lon="-51.0795950">
    <ele>765.8</ele>
   </trkpt>
   <trkpt lat="-26.2276240" lon="-51.0798500">
    <ele>766.4</ele>
   </trkpt>
   <trkpt lat="-26.2276600" lon="-51.0800150">
    <ele>767.0</ele>
   </trkpt>
   <trkpt lat="-26.2276980" lon="-51.0801810">
    <ele>767.8</ele>
   </trkpt>
   <trkpt lat="-26.2277160" lon="-51.0802620">
    <ele>767.6</ele>
   </trkpt>
   <trkpt lat="-26.2277290" lon="-51.0803400">
    <ele>767.8</ele>
   </trkpt>
   <trkpt lat="-26.2277420" lon="-51.0804170">
    <ele>768.2</ele>
   </trkpt>
   <trkpt lat="-26.2277560" lon="-51.0804930">
    <ele>768.6</ele>
   </trkpt>
   <trkpt lat="-26.2277720" lon="-51.0805670">
    <ele>768.8</ele>
   </trkpt>
   <trkpt lat="-26.2278150" lon="-51.0807840">
    <ele>769.0</ele>
   </trkpt>
   <trkpt lat="-26.2278290" lon="-51.0808550">
    <ele>769.6</ele>
   </trkpt>
   <trkpt lat="-26.2278460" lon="-51.0809250">
    <ele>769.6</ele>
   </trkpt>
   <trkpt lat="-26.2278620" lon="-51.0809950">
    <ele>769.2</ele>
   </trkpt>
   <trkpt lat="-26.2278740" lon="-51.0810510">
    <ele>768.8</ele>
   </trkpt>
   <trkpt lat="-26.2278840" lon="-51.0810960">
    <ele>768.6</ele>
   </trkpt>
   <trkpt lat="-26.2278960" lon="-51.0811340">
    <ele>768.6</ele>
   </trkpt>
   <trkpt lat="-26.2279130" lon="-51.0811660">
    <ele>768.8</ele>
   </trkpt>
   <trkpt lat="-26.2279320" lon="-51.0811920">
    <ele>768.8</ele>
   </trkpt>
   <trkpt lat="-26.2279500" lon="-51.0812120">
    <ele>768.8</ele>
   </trkpt>
   <trkpt lat="-26.2279710" lon="-51.0812340">
    <ele>768.8</ele>
   </trkpt>
   <trkpt lat="-26.2279810" lon="-51.0812650">
    <ele>769.0</ele>
   </trkpt>
   <trkpt lat="-26.2279660" lon="-51.0812910">
    <ele>769.0</ele>
   </trkpt>
   <trkpt lat="-26.2278610" lon="-51.0813820">
    <ele>769.0</ele>
   </trkpt>
   <trkpt lat="-26.2277830" lon="-51.0814860">
    <ele>768.8</ele>
   </trkpt>
   <trkpt lat="-26.2276230" lon="-51.0816050">
    <ele>768.2</ele>
   </trkpt>
   <trkpt lat="-26.2275010" lon="-51.0816720">
    <ele>770.0</ele>
   </trkpt>
   <trkpt lat="-26.2274400" lon="-51.0817030">
    <ele>771.2</ele>
   </trkpt>
   <trkpt lat="-26.2273080" lon="-51.0817710">
    <ele>771.2</ele>
   </trkpt>
   <trkpt lat="-26.2271130" lon="-51.0818730">
    <ele>771.2</ele>
   </trkpt>
   <trkpt lat="-26.2269900" lon="-51.0819490">
    <ele>771.2</ele>
   </trkpt>
   <trkpt lat="-26.2269290" lon="-51.0819860">
    <ele>771.2</ele>
   </trkpt>
   <trkpt lat="-26.2268690" lon="-51.0820260">
    <ele>771.2</ele>
   </trkpt>
   <trkpt lat="-26.2268070" lon="-51.0820720">
    <ele>771.0</ele>
   </trkpt>
   <trkpt lat="-26.2267430" lon="-51.0821120">
    <ele>771.0</ele>
   </trkpt>
   <trkpt lat="-26.2266810" lon="-51.0821520">
    <ele>770.8</ele>
   </trkpt>
   <trkpt lat="-26.2266140" lon="-51.0821840">
    <ele>770.6</ele>
   </trkpt>
   <trkpt lat="-26.2265450" lon="-51.0822150">
    <ele>770.6</ele>
   </trkpt>
   <trkpt lat="-26.2262380" lon="-51.0823830">
    <ele>770.4</ele>
   </trkpt>
   <trkpt lat="-26.2261790" lon="-51.0824140">
    <ele>770.2</ele>
   </trkpt>
   <trkpt lat="-26.2261190" lon="-51.0824370">
    <ele>769.2</ele>
   </trkpt>
   <trkpt lat="-26.2260590" lon="-51.0824630">
    <ele>769.2</ele>
   </trkpt>
   <trkpt lat="-26.2260040" lon="-51.0824890">
    <ele>768.4</ele>
   </trkpt>
   <trkpt lat="-26.2259500" lon="-51.0825180">
    <ele>768.2</ele>
   </trkpt>
   <trkpt lat="-26.2258970" lon="-51.0825510">
    <ele>768.2</ele>
   </trkpt>
   <trkpt lat="-26.2258460" lon="-51.0825820">
    <ele>768.0</ele>
   </trkpt>
   <trkpt lat="-26.2257930" lon="-51.0826100">
    <ele>768.0</ele>
   </trkpt>
   <trkpt lat="-26.2257360" lon="-51.0826390">
    <ele>768.2</ele>
   </trkpt>
   <trkpt lat="-26.2256820" lon="-51.0826700">
    <ele>767.8</ele>
   </trkpt>
   <trkpt lat="-26.2256260" lon="-51.0827040">
    <ele>767.6</ele>
   </trkpt>
   <trkpt lat="-26.2254080" lon="-51.0828410">
    <ele>767.0</ele>
   </trkpt>
   <trkpt lat="-26.2251330" lon="-51.0829810">
    <ele>768.0</ele>
   </trkpt>
   <trkpt lat="-26.2250790" lon="-51.0830100">
    <ele>768.4</ele>
   </trkpt>
   <trkpt lat="-26.2250260" lon="-51.0830370">
    <ele>768.6</ele>
   </trkpt>
   <trkpt lat="-26.2249740" lon="-51.0830650">
    <ele>769.2</ele>
   </trkpt>
   <trkpt lat="-26.2248670" lon="-51.0831280">
    <ele>769.6</ele>
   </trkpt>
   <trkpt lat="-26.2246530" lon="-51.0832490">
    <ele>768.4</ele>
   </trkpt>
   <trkpt lat="-26.2245970" lon="-51.0832800">
    <ele>767.4</ele>
   </trkpt>
   <trkpt lat="-26.2244300" lon="-51.0833670">
    <ele>768.0</ele>
   </trkpt>
   <trkpt lat="-26.2243780" lon="-51.0833980">
    <ele>768.6</ele>
   </trkpt>
   <trkpt lat="-26.2240600" lon="-51.0835670">
    <ele>769.0</ele>
   </trkpt>
   <trkpt lat="-26.2240110" lon="-51.0835960">
    <ele>769.0</ele>
   </trkpt>
   <trkpt lat="-26.2239650" lon="-51.0836230">
    <ele>769.0</ele>
   </trkpt>
   <trkpt lat="-26.2238660" lon="-51.0836800">
    <ele>769.0</ele>
   </trkpt>
   <trkpt lat="-26.2238170" lon="-51.0837080">
    <ele>769.2</ele>
   </trkpt>
   <trkpt lat="-26.2237680" lon="-51.0837370">
    <ele>769.2</ele>
   </trkpt>
   <trkpt lat="-26.2237180" lon="-51.0837660">
    <ele>769.2</ele>
   </trkpt>
   <trkpt lat="-26.2236690" lon="-51.0837940">
    <ele>769.2</ele>
   </trkpt>
   <trkpt lat="-26.2236210" lon="-51.0838270">
    <ele>769.2</ele>
   </trkpt>
   <trkpt lat="-26.2235690" lon="-51.0838620">
    <ele>769.0</ele>
   </trkpt>
   <trkpt lat="-26.2232630" lon="-51.0840200">
    <ele>768.4</ele>
   </trkpt>
   <trkpt lat="-26.2230080" lon="-51.0841700">
    <ele>768.0</ele>
   </trkpt>
   <trkpt lat="-26.2229460" lon="-51.0842030">
    <ele>768.0</ele>
   </trkpt>
   <trkpt lat="-26.2228850" lon="-51.0842370">
    <ele>767.8</ele>
   </trkpt>
   <trkpt lat="-26.2228250" lon="-51.0842690">
    <ele>767.8</ele>
   </trkpt>
   <trkpt lat="-26.2227680" lon="-51.0843000">
    <ele>767.8</ele>
   </trkpt>
   <trkpt lat="-26.2227120" lon="-51.0843260">
    <ele>767.8</ele>
   </trkpt>
   <trkpt lat="-26.2226600" lon="-51.0843520">
    <ele>767.6</ele>
   </trkpt>
   <trkpt lat="-26.2226100" lon="-51.0843770">
    <ele>767.4</ele>
   </trkpt>
   <trkpt lat="-26.2225590" lon="-51.0844060">
    <ele>766.8</ele>
   </trkpt>
   <trkpt lat="-26.2225070" lon="-51.0844340">
    <ele>766.0</ele>
   </trkpt>
   <trkpt lat="-26.2221370" lon="-51.0846560">
    <ele>765.2</ele>
   </trkpt>
   <trkpt lat="-26.2220690" lon="-51.0847020">
    <ele>764.4</ele>
   </trkpt>
   <trkpt lat="-26.2220140" lon="-51.0847440">
    <ele>764.0</ele>
   </trkpt>
   <trkpt lat="-26.2219670" lon="-51.0847790">
    <ele>762.2</ele>
   </trkpt>
   <trkpt lat="-26.2219280" lon="-51.0848160">
    <ele>762.2</ele>
   </trkpt>
   <trkpt lat="-26.2219000" lon="-51.0848640">
    <ele>762.2</ele>
   </trkpt>
   <trkpt lat="-26.2218800" lon="-51.0849160">
    <ele>762.2</ele>
   </trkpt>
   <trkpt lat="-26.2218590" lon="-51.0849700">
    <ele>763.0</ele>
   </trkpt>
   <trkpt lat="-26.2218380" lon="-51.0850280">
    <ele>763.6</ele>
   </trkpt>
   <trkpt lat="-26.2217570" lon="-51.0852580">
    <ele>763.6</ele>
   </trkpt>
   <trkpt lat="-26.2217370" lon="-51.0853120">
    <ele>762.6</ele>
   </trkpt>
   <trkpt lat="-26.2216430" lon="-51.0856030">
    <ele>764.0</ele>
   </trkpt>
   <trkpt lat="-26.2215760" lon="-51.0858380">
    <ele>764.2</ele>
   </trkpt>
   <trkpt lat="-26.2215110" lon="-51.0860090">
    <ele>764.4</ele>
   </trkpt>
   <trkpt lat="-26.2214500" lon="-51.0861770">
    <ele>764.4</ele>
   </trkpt>
   <trkpt lat="-26.2214100" lon="-51.0862920">
    <ele>764.4</ele>
   </trkpt>
   <trkpt lat="-26.2213930" lon="-51.0863490">
    <ele>764.2</ele>
   </trkpt>
   <trkpt lat="-26.2213130" lon="-51.0867030">
    <ele>764.2</ele>
   </trkpt>
   <trkpt lat="-26.2213100" lon="-51.0868210">
    <ele>764.2</ele>
   </trkpt>
   <trkpt lat="-26.2213160" lon="-51.0868770">
    <ele>764.0</ele>
   </trkpt>
   <trkpt lat="-26.2213430" lon="-51.0869890">
    <ele>763.4</ele>
   </trkpt>
   <trkpt lat="-26.2213640" lon="-51.0870410">
    <ele>763.2</ele>
   </trkpt>
   <trkpt lat="-26.2213890" lon="-51.0870930">
    <ele>763.2</ele>
   </trkpt>
   <trkpt lat="-26.2214130" lon="-51.0871430">
    <ele>764.0</ele>
   </trkpt>
   <trkpt lat="-26.2214410" lon="-51.0871910">
    <ele>764.6</ele>
   </trkpt>
   <trkpt lat="-26.2214700" lon="-51.0872400">
    <ele>764.8</ele>
   </trkpt>
   <trkpt lat="-26.2215240" lon="-51.0873360">
    <ele>764.8</ele>
   </trkpt>
   <trkpt lat="-26.2215530" lon="-51.0873850">
    <ele>764.6</ele>
   </trkpt>
   <trkpt lat="-26.2215830" lon="-51.0874310">
    <ele>764.6</ele>
   </trkpt>
   <trkpt lat="-26.2216440" lon="-51.0875250">
    <ele>764.6</ele>
   </trkpt>
   <trkpt lat="-26.2216720" lon="-51.0875730">
    <ele>764.6</ele>
   </trkpt>
   <trkpt lat="-26.2217030" lon="-51.0876170">
    <ele>765.4</ele>
   </trkpt>
   <trkpt lat="-26.2217360" lon="-51.0876550">
    <ele>765.8</ele>
   </trkpt>
   <trkpt lat="-26.2217680" lon="-51.0876960">
    <ele>766.0</ele>
   </trkpt>
   <trkpt lat="-26.2217970" lon="-51.0877370">
    <ele>766.0</ele>
   </trkpt>
   <trkpt lat="-26.2218540" lon="-51.0878190">
    <ele>765.8</ele>
   </trkpt>
   <trkpt lat="-26.2218930" lon="-51.0878310">
    <ele>765.6</ele>
   </trkpt>
   <trkpt lat="-26.2219400" lon="-51.0878160">
    <ele>765.4</ele>
   </trkpt>
   <trkpt lat="-26.2219860" lon="-51.0877840">
    <ele>764.4</ele>
   </trkpt>
   <trkpt lat="-26.2220650" lon="-51.0877030">
    <ele>763.8</ele>
   </trkpt>
   <trkpt lat="-26.2221010" lon="-51.0876610">
    <ele>763.8</ele>
   </trkpt>
   <trkpt lat="-26.2223790" lon="-51.0874300">
    <ele>764.8</ele>
   </trkpt>
   <trkpt lat="-26.2224180" lon="-51.0874000">
    <ele>764.8</ele>
   </trkpt>
   <trkpt lat="-26.2224580" lon="-51.0873700">
    <ele>765.0</ele>
   </trkpt>
   <trkpt lat="-26.2224970" lon="-51.0873400">
    <ele>765.4</ele>
   </trkpt>
   <trkpt lat="-26.2225290" lon="-51.0873050">
    <ele>765.4</ele>
   </trkpt>
   <trkpt lat="-26.2225520" lon="-51.0872660">
    <ele>765.6</ele>
   </trkpt>
   <trkpt lat="-26.2225670" lon="-51.0872280">
    <ele>765.6</ele>
   </trkpt>
   <trkpt lat="-26.2225650" lon="-51.0871890">
    <ele>765.6</ele>
   </trkpt>
   <trkpt lat="-26.2225180" lon="-51.0871130">
    <ele>765.6</ele>
   </trkpt>
   <trkpt lat="-26.2224890" lon="-51.0870790">
    <ele>765.6</ele>
   </trkpt>
   <trkpt lat="-26.2224600" lon="-51.0870440">
    <ele>765.6</ele>
   </trkpt>
   <trkpt lat="-26.2224320" lon="-51.0870060">
    <ele>765.8</ele>
   </trkpt>
   <trkpt lat="-26.2223440" lon="-51.0868370">
    <ele>765.8</ele>
   </trkpt>
   <trkpt lat="-26.2222630" lon="-51.0867210">
    <ele>765.4</ele>
   </trkpt>
   <trkpt lat="-26.2222050" lon="-51.0866560">
    <ele>765.0</ele>
   </trkpt>
   <trkpt lat="-26.2221450" lon="-51.0865910">
    <ele>765.0</ele>
   </trkpt>
   <trkpt lat="-26.2221240" lon="-51.0865620">
    <ele>765.0</ele>
   </trkpt>
   <trkpt lat="-26.2221110" lon="-51.0865450">
    <ele>765.0</ele>
   </trkpt>
   <trkpt lat="-26.2221090" lon="-51.0865390">
    <ele>765.0</ele>
   </trkpt>
   <trkpt lat="-26.2221100" lon="-51.0865410">
    <ele>765.4</ele>
   </trkpt>
   <trkpt lat="-26.2221100" lon="-51.0865410">
    <ele>765.4</ele>
   </trkpt>
   <trkpt lat="-26.2221100" lon="-51.0865410">
    <ele>765.4</ele>
   </trkpt>
  </trkseg>
 </trk>
</gpx>
