<?xml version="1.0" encoding="UTF-8"?>
<gpx xmlns:xsi="http://www.w3.org/2001/XMLSchema-instance" xsi:schemaLocation="http://www.topografix.com/GPX/1/1 http://www.topografix.com/GPX/1/1/gpx.xsd" creator="StravaGPX" version="1.1" xmlns="http://www.topografix.com/GPX/1/1">
 <trk>
  <name>Centro - Morro da Antena - Bicicross</name>
  <type>cycling</type>
  <trkseg>
   <trkpt lat="-26.2222320" lon="-51.0865410">
    <ele>752.2</ele>
   </trkpt>
   <trkpt lat="-26.2222320" lon="-51.0865410">
    <ele>752.6</ele>
   </trkpt>
   <trkpt lat="-26.2222240" lon="-51.0865530">
    <ele>752.6</ele>
   </trkpt>
   <trkpt lat="-26.2222240" lon="-51.0865530">
    <ele>752.8</ele>
   </trkpt>
   <trkpt lat="-26.2222340" lon="-51.0865560">
    <ele>752.8</ele>
   </trkpt>
   <trkpt lat="-26.2220880" lon="-51.0864200">
    <ele>751.8</ele>
   </trkpt>
   <trkpt lat="-26.2220740" lon="-51.0863930">
    <ele>751.8</ele>
   </trkpt>
   <trkpt lat="-26.2220600" lon="-51.0863670">
    <ele>751.6</ele>
   </trkpt>
   <trkpt lat="-26.2220440" lon="-51.0863450">
    <ele>751.6</ele>
   </trkpt>
   <trkpt lat="-26.2220280" lon="-51.0863240">
    <ele>751.6</ele>
   </trkpt>
   <trkpt lat="-26.2220080" lon="-51.0863210">
    <ele>751.6</ele>
   </trkpt>
   <trkpt lat="-26.2219890" lon="-51.0863180">
    <ele>751.6</ele>
   </trkpt>
   <trkpt lat="-26.2219690" lon="-51.0863160">
    <ele>751.8</ele>
   </trkpt>
   <trkpt lat="-26.2218940" lon="-51.0863140">
    <ele>751.8</ele>
   </trkpt>
   <trkpt lat="-26.2218770" lon="-51.0863210">
    <ele>751.8</ele>
   </trkpt>
   <trkpt lat="-26.2218600" lon="-51.0863270">
    <ele>751.8</ele>
   </trkpt>
   <trkpt lat="-26.2217980" lon="-51.0863370">
    <ele>751.8</ele>
   </trkpt>
   <trkpt lat="-26.2217980" lon="-51.0863370">
    <ele>751.8</ele>
   </trkpt>
   <trkpt lat="-26.2217750" lon="-51.0863530">
    <ele>751.8</ele>
   </trkpt>
   <trkpt lat="-26.2217440" lon="-51.0863660">
    <ele>751.8</ele>
   </trkpt>
   <trkpt lat="-26.2216780" lon="-51.0863980">
    <ele>751.8</ele>
   </trkpt>
   <trkpt lat="-26.2216780" lon="-51.0863980">
    <ele>751.8</ele>
   </trkpt>
   <trkpt lat="-26.2216500" lon="-51.0864010">
    <ele>751.6</ele>
   </trkpt>
   <trkpt lat="-26.2216180" lon="-51.0863990">
    <ele>751.6</ele>
   </trkpt>
   <trkpt lat="-26.2215830" lon="-51.0863900">
    <ele>751.2</ele>
   </trkpt>
   <trkpt lat="-26.2215830" lon="-51.0863900">
    <ele>751.0</ele>
   </trkpt>
   <trkpt lat="-26.2215800" lon="-51.0863840">
    <ele>750.8</ele>
   </trkpt>
   <trkpt lat="-26.2215710" lon="-51.0863670">
    <ele>750.8</ele>
   </trkpt>
   <trkpt lat="-26.2215590" lon="-51.0863300">
    <ele>750.8</ele>
   </trkpt>
   <trkpt lat="-26.2215590" lon="-51.0863300">
    <ele>750.8</ele>
   </trkpt>
   <trkpt lat="-26.2215540" lon="-51.0863030">
    <ele>750.8</ele>
   </trkpt>
   <trkpt lat="-26.2215440" lon="-51.0862540">
    <ele>750.6</ele>
   </trkpt>
   <trkpt lat="-26.2215440" lon="-51.0862540">
    <ele>750.6</ele>
   </trkpt>
   <trkpt lat="-26.2215380" lon="-51.0862380">
    <ele>750.6</ele>
   </trkpt>
   <trkpt lat="-26.2215350" lon="-51.0862220">
    <ele>750.6</ele>
   </trkpt>
   <trkpt lat="-26.2215240" lon="-51.0862030">
    <ele>750.6</ele>
   </trkpt>
   <trkpt lat="-26.2215240" lon="-51.0862030">
    <ele>750.6</ele>
   </trkpt>
   <trkpt lat="-26.2215190" lon="-51.0861850">
    <ele>750.6</ele>
   </trkpt>
   <trkpt lat="-26.2215030" lon="-51.0861860">
    <ele>750.8</ele>
   </trkpt>
   <trkpt lat="-26.2214600" lon="-51.0861990">
    <ele>750.8</ele>
   </trkpt>
   <trkpt lat="-26.2214560" lon="-51.0862000">
    <ele>750.8</ele>
   </trkpt>
   <trkpt lat="-26.2214680" lon="-51.0862020">
    <ele>750.6</ele>
   </trkpt>
   <trkpt lat="-26.2214810" lon="-51.0862030">
    <ele>750.6</ele>
   </trkpt>
   <trkpt lat="-26.2214930" lon="-51.0862050">
    <ele>750.6</ele>
   </trkpt>
   <trkpt lat="-26.2214990" lon="-51.0861980">
    <ele>750.6</ele>
   </trkpt>
   <trkpt lat="-26.2215060" lon="-51.0861830">
    <ele>750.6</ele>
   </trkpt>
   <trkpt lat="-26.2215140" lon="-51.0861670">
    <ele>750.6</ele>
   </trkpt>
   <trkpt lat="-26.2215210" lon="-51.0861520">
    <ele>750.6</ele>
   </trkpt>
   <trkpt lat="-26.2215290" lon="-51.0861360">
    <ele>750.6</ele>
   </trkpt>
   <trkpt lat="-26.2215360" lon="-51.0861210">
    <ele>750.6</ele>
   </trkpt>
   <trkpt lat="-26.2215430" lon="-51.0861050">
    <ele>750.6</ele>
   </trkpt>
   <trkpt lat="-26.2215510" lon="-51.0860900">
    <ele>750.6</ele>
   </trkpt>
   <trkpt lat="-26.2215580" lon="-51.0860750">
    <ele>750.6</ele>
   </trkpt>
   <trkpt lat="-26.2215660" lon="-51.0860590">
    <ele>750.6</ele>
   </trkpt>
   <trkpt lat="-26.2215730" lon="-51.0860440">
    <ele>750.8</ele>
   </trkpt>
   <trkpt lat="-26.2215810" lon="-51.0860280">
    <ele>750.8</ele>
   </trkpt>
   <trkpt lat="-26.2215880" lon="-51.0860130">
    <ele>750.8</ele>
   </trkpt>
   <trkpt lat="-26.2215880" lon="-51.0860130">
    <ele>750.8</ele>
   </trkpt>
   <trkpt lat="-26.2215970" lon="-51.0859830">
    <ele>750.8</ele>
   </trkpt>
   <trkpt lat="-26.2216250" lon="-51.0859160">
    <ele>750.8</ele>
   </trkpt>
   <trkpt lat="-26.2216350" lon="-51.0858940">
    <ele>750.8</ele>
   </trkpt>
   <trkpt lat="-26.2216450" lon="-51.0858720">
    <ele>750.8</ele>
   </trkpt>
   <trkpt lat="-26.2216450" lon="-51.0858720">
    <ele>750.8</ele>
   </trkpt>
   <trkpt lat="-26.2216560" lon="-51.0858520">
    <ele>750.8</ele>
   </trkpt>
   <trkpt lat="-26.2216830" lon="-51.0858350">
    <ele>751.0</ele>
   </trkpt>
   <trkpt lat="-26.2217070" lon="-51.0858180">
    <ele>751.0</ele>
   </trkpt>
   <trkpt lat="-26.2217310" lon="-51.0858020">
    <ele>751.0</ele>
   </trkpt>
   <trkpt lat="-26.2217470" lon="-51.0857840">
    <ele>751.0</ele>
   </trkpt>
   <trkpt lat="-26.2217630" lon="-51.0857660">
    <ele>751.0</ele>
   </trkpt>
   <trkpt lat="-26.2217630" lon="-51.0857660">
    <ele>751.0</ele>
   </trkpt>
   <trkpt lat="-26.2217770" lon="-51.0857440">
    <ele>751.0</ele>
   </trkpt>
   <trkpt lat="-26.2217950" lon="-51.0857050">
    <ele>751.0</ele>
   </trkpt>
   <trkpt lat="-26.2218190" lon="-51.0856460">
    <ele>751.0</ele>
   </trkpt>
   <trkpt lat="-26.2218190" lon="-51.0856460">
    <ele>750.8</ele>
   </trkpt>
   <trkpt lat="-26.2218330" lon="-51.0856150">
    <ele>750.8</ele>
   </trkpt>
   <trkpt lat="-26.2218490" lon="-51.0855940">
    <ele>750.8</ele>
   </trkpt>
   <trkpt lat="-26.2218630" lon="-51.0855670">
    <ele>750.8</ele>
   </trkpt>
   <trkpt lat="-26.2218690" lon="-51.0855160">
    <ele>750.8</ele>
   </trkpt>
   <trkpt lat="-26.2218690" lon="-51.0855160">
    <ele>750.8</ele>
   </trkpt>
   <trkpt lat="-26.2218780" lon="-51.0854960">
    <ele>750.8</ele>
   </trkpt>
   <trkpt lat="-26.2219000" lon="-51.0854360">
    <ele>750.8</ele>
   </trkpt>
   <trkpt lat="-26.2219000" lon="-51.0854360">
    <ele>750.8</ele>
   </trkpt>
   <trkpt lat="-26.2219140" lon="-51.0854050">
    <ele>750.8</ele>
   </trkpt>
   <trkpt lat="-26.2219290" lon="-51.0853730">
    <ele>750.8</ele>
   </trkpt>
   <trkpt lat="-26.2219510" lon="-51.0853070">
    <ele>750.8</ele>
   </trkpt>
   <trkpt lat="-26.2219530" lon="-51.0852850">
    <ele>750.8</ele>
   </trkpt>
   <trkpt lat="-26.2219550" lon="-51.0852620">
    <ele>750.8</ele>
   </trkpt>
   <trkpt lat="-26.2219640" lon="-51.0852330">
    <ele>750.8</ele>
   </trkpt>
   <trkpt lat="-26.2219820" lon="-51.0851920">
    <ele>750.8</ele>
   </trkpt>
   <trkpt lat="-26.2219820" lon="-51.0851920">
    <ele>750.8</ele>
   </trkpt>
   <trkpt lat="-26.2219970" lon="-51.0851680">
    <ele>750.8</ele>
   </trkpt>
   <trkpt lat="-26.2220060" lon="-51.0851530">
    <ele>750.8</ele>
   </trkpt>
   <trkpt lat="-26.2220260" lon="-51.0851050">
    <ele>750.8</ele>
   </trkpt>
   <trkpt lat="-26.2220330" lon="-51.0850850">
    <ele>750.8</ele>
   </trkpt>
   <trkpt lat="-26.2220400" lon="-51.0850650">
    <ele>750.6</ele>
   </trkpt>
   <trkpt lat="-26.2220400" lon="-51.0850650">
    <ele>750.6</ele>
   </trkpt>
   <trkpt lat="-26.2220350" lon="-51.0850580">
    <ele>750.6</ele>
   </trkpt>
   <trkpt lat="-26.2220410" lon="-51.0850220">
    <ele>750.6</ele>
   </trkpt>
   <trkpt lat="-26.2220440" lon="-51.0850030">
    <ele>750.6</ele>
   </trkpt>
   <trkpt lat="-26.2220480" lon="-51.0849830">
    <ele>750.6</ele>
   </trkpt>
   <trkpt lat="-26.2220600" lon="-51.0849470">
    <ele>750.6</ele>
   </trkpt>
   <trkpt lat="-26.2220930" lon="-51.0848910">
    <ele>750.8</ele>
   </trkpt>
   <trkpt lat="-26.2221070" lon="-51.0848770">
    <ele>751.0</ele>
   </trkpt>
   <trkpt lat="-26.2221210" lon="-51.0848620">
    <ele>751.0</ele>
   </trkpt>
   <trkpt lat="-26.2221510" lon="-51.0848220">
    <ele>751.0</ele>
   </trkpt>
   <trkpt lat="-26.2221670" lon="-51.0847940">
    <ele>751.0</ele>
   </trkpt>
   <trkpt lat="-26.2221670" lon="-51.0847940">
    <ele>751.0</ele>
   </trkpt>
   <trkpt lat="-26.2221880" lon="-51.0847720">
    <ele>751.2</ele>
   </trkpt>
   <trkpt lat="-26.2222140" lon="-51.0847550">
    <ele>751.2</ele>
   </trkpt>
   <trkpt lat="-26.2222670" lon="-51.0847250">
    <ele>751.2</ele>
   </trkpt>
   <trkpt lat="-26.2222900" lon="-51.0847100">
    <ele>751.2</ele>
   </trkpt>
   <trkpt lat="-26.2223120" lon="-51.0846950">
    <ele>751.4</ele>
   </trkpt>
   <trkpt lat="-26.2223350" lon="-51.0846800">
    <ele>751.4</ele>
   </trkpt>
   <trkpt lat="-26.2223550" lon="-51.0846770">
    <ele>751.4</ele>
   </trkpt>
   <trkpt lat="-26.2223760" lon="-51.0846730">
    <ele>751.6</ele>
   </trkpt>
   <trkpt lat="-26.2224050" lon="-51.0846800">
    <ele>751.6</ele>
   </trkpt>
   <trkpt lat="-26.2224050" lon="-51.0846800">
    <ele>751.8</ele>
   </trkpt>
   <trkpt lat="-26.2224290" lon="-51.0846680">
    <ele>751.8</ele>
   </trkpt>
   <trkpt lat="-26.2224770" lon="-51.0846430">
    <ele>752.0</ele>
   </trkpt>
   <trkpt lat="-26.2224940" lon="-51.0846340">
    <ele>752.2</ele>
   </trkpt>
   <trkpt lat="-26.2225110" lon="-51.0846240">
    <ele>752.4</ele>
   </trkpt>
   <trkpt lat="-26.2225270" lon="-51.0846150">
    <ele>752.4</ele>
   </trkpt>
   <trkpt lat="-26.2225760" lon="-51.0845620">
    <ele>752.6</ele>
   </trkpt>
   <trkpt lat="-26.2225920" lon="-51.0845550">
    <ele>752.6</ele>
   </trkpt>
   <trkpt lat="-26.2226070" lon="-51.0845490">
    <ele>752.6</ele>
   </trkpt>
   <trkpt lat="-26.2226220" lon="-51.0845430">
    <ele>752.6</ele>
   </trkpt>
   <trkpt lat="-26.2226460" lon="-51.0845310">
    <ele>752.6</ele>
   </trkpt>
   <trkpt lat="-26.2226900" lon="-51.0845050">
    <ele>752.6</ele>
   </trkpt>
   <trkpt lat="-26.2226900" lon="-51.0845050">
    <ele>752.6</ele>
   </trkpt>
   <trkpt lat="-26.2227160" lon="-51.0844780">
    <ele>752.6</ele>
   </trkpt>
   <trkpt lat="-26.2227310" lon="-51.0844670">
    <ele>752.6</ele>
   </trkpt>
   <trkpt lat="-26.2227750" lon="-51.0844360">
    <ele>752.6</ele>
   </trkpt>
   <trkpt lat="-26.2227960" lon="-51.0844370">
    <ele>752.8</ele>
   </trkpt>
   <trkpt lat="-26.2228170" lon="-51.0844380">
    <ele>752.8</ele>
   </trkpt>
   <trkpt lat="-26.2228390" lon="-51.0844400">
    <ele>752.8</ele>
   </trkpt>
   <trkpt lat="-26.2228660" lon="-51.0844070">
    <ele>753.0</ele>
   </trkpt>
   <trkpt lat="-26.2229200" lon="-51.0843710">
    <ele>753.0</ele>
   </trkpt>
   <trkpt lat="-26.2229360" lon="-51.0843610">
    <ele>753.0</ele>
   </trkpt>
   <trkpt lat="-26.2229530" lon="-51.0843510">
    <ele>753.0</ele>
   </trkpt>
   <trkpt lat="-26.2229700" lon="-51.0843420">
    <ele>753.2</ele>
   </trkpt>
   <trkpt lat="-26.2229860" lon="-51.0843320">
    <ele>753.2</ele>
   </trkpt>
   <trkpt lat="-26.2230260" lon="-51.0843100">
    <ele>753.2</ele>
   </trkpt>
   <trkpt lat="-26.2230500" lon="-51.0843000">
    <ele>753.4</ele>
   </trkpt>
   <trkpt lat="-26.2230730" lon="-51.0842900">
    <ele>753.4</ele>
   </trkpt>
   <trkpt lat="-26.2231010" lon="-51.0842810">
    <ele>753.4</ele>
   </trkpt>
   <trkpt lat="-26.2231290" lon="-51.0842720">
    <ele>753.6</ele>
   </trkpt>
   <trkpt lat="-26.2231490" lon="-51.0842540">
    <ele>753.6</ele>
   </trkpt>
   <trkpt lat="-26.2231680" lon="-51.0842360">
    <ele>753.8</ele>
   </trkpt>
   <trkpt lat="-26.2231880" lon="-51.0842190">
    <ele>753.8</ele>
   </trkpt>
   <trkpt lat="-26.2232110" lon="-51.0842110">
    <ele>754.0</ele>
   </trkpt>
   <trkpt lat="-26.2232680" lon="-51.0841990">
    <ele>754.0</ele>
   </trkpt>
   <trkpt lat="-26.2232830" lon="-51.0841870">
    <ele>754.0</ele>
   </trkpt>
   <trkpt lat="-26.2232980" lon="-51.0841740">
    <ele>754.2</ele>
   </trkpt>
   <trkpt lat="-26.2233450" lon="-51.0841380">
    <ele>754.2</ele>
   </trkpt>
   <trkpt lat="-26.2234020" lon="-51.0841000">
    <ele>754.4</ele>
   </trkpt>
   <trkpt lat="-26.2234200" lon="-51.0840890">
    <ele>754.4</ele>
   </trkpt>
   <trkpt lat="-26.2234380" lon="-51.0840770">
    <ele>754.6</ele>
   </trkpt>
   <trkpt lat="-26.2234560" lon="-51.0840650">
    <ele>754.6</ele>
   </trkpt>
   <trkpt lat="-26.2234930" lon="-51.0840730">
    <ele>754.8</ele>
   </trkpt>
   <trkpt lat="-26.2235510" lon="-51.0840160">
    <ele>754.8</ele>
   </trkpt>
   <trkpt lat="-26.2235660" lon="-51.0840060">
    <ele>755.0</ele>
   </trkpt>
   <trkpt lat="-26.2235810" lon="-51.0839950">
    <ele>755.2</ele>
   </trkpt>
   <trkpt lat="-26.2235960" lon="-51.0839850">
    <ele>755.4</ele>
   </trkpt>
   <trkpt lat="-26.2236110" lon="-51.0839740">
    <ele>755.4</ele>
   </trkpt>
   <trkpt lat="-26.2236270" lon="-51.0839640">
    <ele>755.6</ele>
   </trkpt>
   <trkpt lat="-26.2236420" lon="-51.0839530">
    <ele>755.8</ele>
   </trkpt>
   <trkpt lat="-26.2236570" lon="-51.0839430">
    <ele>755.8</ele>
   </trkpt>
   <trkpt lat="-26.2236720" lon="-51.0839320">
    <ele>755.8</ele>
   </trkpt>
   <trkpt lat="-26.2236880" lon="-51.0839220">
    <ele>755.8</ele>
   </trkpt>
   <trkpt lat="-26.2238450" lon="-51.0838200">
    <ele>755.8</ele>
   </trkpt>
   <trkpt lat="-26.2238650" lon="-51.0838120">
    <ele>755.8</ele>
   </trkpt>
   <trkpt lat="-26.2238860" lon="-51.0838050">
    <ele>755.8</ele>
   </trkpt>
   <trkpt lat="-26.2239300" lon="-51.0837830">
    <ele>755.8</ele>
   </trkpt>
   <trkpt lat="-26.2239980" lon="-51.0837510">
    <ele>755.8</ele>
   </trkpt>
   <trkpt lat="-26.2240150" lon="-51.0837390">
    <ele>755.8</ele>
   </trkpt>
   <trkpt lat="-26.2240320" lon="-51.0837280">
    <ele>755.8</ele>
   </trkpt>
   <trkpt lat="-26.2240550" lon="-51.0837140">
    <ele>755.6</ele>
   </trkpt>
   <trkpt lat="-26.2241280" lon="-51.0837040">
    <ele>755.6</ele>
   </trkpt>
   <trkpt lat="-26.2241650" lon="-51.0836840">
    <ele>755.6</ele>
   </trkpt>
   <trkpt lat="-26.2242030" lon="-51.0836630">
    <ele>755.6</ele>
   </trkpt>
   <trkpt lat="-26.2242270" lon="-51.0836500">
    <ele>755.4</ele>
   </trkpt>
   <trkpt lat="-26.2242510" lon="-51.0836360">
    <ele>755.4</ele>
   </trkpt>
   <trkpt lat="-26.2242760" lon="-51.0836230">
    <ele>755.4</ele>
   </trkpt>
   <trkpt lat="-26.2243090" lon="-51.0836000">
    <ele>755.4</ele>
   </trkpt>
   <trkpt lat="-26.2243850" lon="-51.0835520">
    <ele>755.4</ele>
   </trkpt>
   <trkpt lat="-26.2244040" lon="-51.0835420">
    <ele>755.4</ele>
   </trkpt>
   <trkpt lat="-26.2244220" lon="-51.0835320">
    <ele>755.4</ele>
   </trkpt>
   <trkpt lat="-26.2244700" lon="-51.0835240">
    <ele>755.4</ele>
   </trkpt>
   <trkpt lat="-26.2245170" lon="-51.0834940">
    <ele>755.4</ele>
   </trkpt>
   <trkpt lat="-26.2245900" lon="-51.0834840">
    <ele>755.4</ele>
   </trkpt>
   <trkpt lat="-26.2246100" lon="-51.0834720">
    <ele>755.4</ele>
   </trkpt>
   <trkpt lat="-26.2246310" lon="-51.0834590">
    <ele>755.4</ele>
   </trkpt>
   <trkpt lat="-26.2246730" lon="-51.0834360">
    <ele>755.4</ele>
   </trkpt>
   <trkpt lat="-26.2247620" lon="-51.0833770">
    <ele>755.4</ele>
   </trkpt>
   <trkpt lat="-26.2247940" lon="-51.0833630">
    <ele>755.4</ele>
   </trkpt>
   <trkpt lat="-26.2248270" lon="-51.0833490">
    <ele>755.4</ele>
   </trkpt>
   <trkpt lat="-26.2248790" lon="-51.0833240">
    <ele>755.6</ele>
   </trkpt>
   <trkpt lat="-26.2249240" lon="-51.0832940">
    <ele>755.6</ele>
   </trkpt>
   <trkpt lat="-26.2249990" lon="-51.0832350">
    <ele>755.6</ele>
   </trkpt>
   <trkpt lat="-26.2250170" lon="-51.0832250">
    <ele>755.6</ele>
   </trkpt>
   <trkpt lat="-26.2250340" lon="-51.0832160">
    <ele>755.6</ele>
   </trkpt>
   <trkpt lat="-26.2250730" lon="-51.0831850">
    <ele>755.6</ele>
   </trkpt>
   <trkpt lat="-26.2251180" lon="-51.0831780">
    <ele>755.6</ele>
   </trkpt>
   <trkpt lat="-26.2252040" lon="-51.0831340">
    <ele>755.8</ele>
   </trkpt>
   <trkpt lat="-26.2252210" lon="-51.0831250">
    <ele>755.8</ele>
   </trkpt>
   <trkpt lat="-26.2252370" lon="-51.0831160">
    <ele>755.8</ele>
   </trkpt>
   <trkpt lat="-26.2252720" lon="-51.0830930">
    <ele>756.0</ele>
   </trkpt>
   <trkpt lat="-26.2253140" lon="-51.0830720">
    <ele>756.0</ele>
   </trkpt>
   <trkpt lat="-26.2253910" lon="-51.0830130">
    <ele>756.0</ele>
   </trkpt>
   <trkpt lat="-26.2254120" lon="-51.0830000">
    <ele>756.0</ele>
   </trkpt>
   <trkpt lat="-26.2254330" lon="-51.0829860">
    <ele>756.2</ele>
   </trkpt>
   <trkpt lat="-26.2254770" lon="-51.0829500">
    <ele>756.2</ele>
   </trkpt>
   <trkpt lat="-26.2255580" lon="-51.0829180">
    <ele>756.2</ele>
   </trkpt>
   <trkpt lat="-26.2256000" lon="-51.0828940">
    <ele>756.4</ele>
   </trkpt>
   <trkpt lat="-26.2256420" lon="-51.0828710">
    <ele>756.4</ele>
   </trkpt>
   <trkpt lat="-26.2256420" lon="-51.0828710">
    <ele>756.4</ele>
   </trkpt>
   <trkpt lat="-26.2256730" lon="-51.0828650">
    <ele>756.4</ele>
   </trkpt>
   <trkpt lat="-26.2257450" lon="-51.0828040">
    <ele>756.4</ele>
   </trkpt>
   <trkpt lat="-26.2257450" lon="-51.0828040">
    <ele>756.6</ele>
   </trkpt>
   <trkpt lat="-26.2257760" lon="-51.0827960">
    <ele>756.6</ele>
   </trkpt>
   <trkpt lat="-26.2258090" lon="-51.0827630">
    <ele>756.6</ele>
   </trkpt>
   <trkpt lat="-26.2258480" lon="-51.0827340">
    <ele>756.6</ele>
   </trkpt>
   <trkpt lat="-26.2259140" lon="-51.0827130">
    <ele>756.8</ele>
   </trkpt>
   <trkpt lat="-26.2259320" lon="-51.0826980">
    <ele>756.8</ele>
   </trkpt>
   <trkpt lat="-26.2259490" lon="-51.0826830">
    <ele>756.8</ele>
   </trkpt>
   <trkpt lat="-26.2259860" lon="-51.0826770">
    <ele>756.8</ele>
   </trkpt>
   <trkpt lat="-26.2260800" lon="-51.0826210">
    <ele>756.8</ele>
   </trkpt>
   <trkpt lat="-26.2261050" lon="-51.0826090">
    <ele>756.8</ele>
   </trkpt>
   <trkpt lat="-26.2261290" lon="-51.0825960">
    <ele>756.8</ele>
   </trkpt>
   <trkpt lat="-26.2261540" lon="-51.0825840">
    <ele>757.0</ele>
   </trkpt>
   <trkpt lat="-26.2261850" lon="-51.0825690">
    <ele>757.0</ele>
   </trkpt>
   <trkpt lat="-26.2262650" lon="-51.0825380">
    <ele>757.0</ele>
   </trkpt>
   <trkpt lat="-26.2262910" lon="-51.0825210">
    <ele>757.0</ele>
   </trkpt>
   <trkpt lat="-26.2263160" lon="-51.0825030">
    <ele>757.2</ele>
   </trkpt>
   <trkpt lat="-26.2263410" lon="-51.0824860">
    <ele>757.2</ele>
   </trkpt>
   <trkpt lat="-26.2263840" lon="-51.0824580">
    <ele>757.2</ele>
   </trkpt>
   <trkpt lat="-26.2264570" lon="-51.0824290">
    <ele>757.4</ele>
   </trkpt>
   <trkpt lat="-26.2264960" lon="-51.0824060">
    <ele>757.4</ele>
   </trkpt>
   <trkpt lat="-26.2265350" lon="-51.0823830">
    <ele>757.4</ele>
   </trkpt>
   <trkpt lat="-26.2265570" lon="-51.0823670">
    <ele>757.4</ele>
   </trkpt>
   <trkpt lat="-26.2265790" lon="-51.0823520">
    <ele>757.4</ele>
   </trkpt>
   <trkpt lat="-26.2266410" lon="-51.0823130">
    <ele>757.2</ele>
   </trkpt>
   <trkpt lat="-26.2266820" lon="-51.0822890">
    <ele>757.2</ele>
   </trkpt>
   <trkpt lat="-26.2267230" lon="-51.0822660">
    <ele>757.2</ele>
   </trkpt>
   <trkpt lat="-26.2267480" lon="-51.0822480">
    <ele>757.2</ele>
   </trkpt>
   <trkpt lat="-26.2267720" lon="-51.0822310">
    <ele>757.0</ele>
   </trkpt>
   <trkpt lat="-26.2267970" lon="-51.0822140">
    <ele>757.0</ele>
   </trkpt>
   <trkpt lat="-26.2268290" lon="-51.0822060">
    <ele>757.2</ele>
   </trkpt>
   <trkpt lat="-26.2268910" lon="-51.0821570">
    <ele>757.2</ele>
   </trkpt>
   <trkpt lat="-26.2269130" lon="-51.0821420">
    <ele>757.4</ele>
   </trkpt>
   <trkpt lat="-26.2269340" lon="-51.0821280">
    <ele>757.6</ele>
   </trkpt>
   <trkpt lat="-26.2269760" lon="-51.0821000">
    <ele>757.8</ele>
   </trkpt>
   <trkpt lat="-26.2270300" lon="-51.0820520">
    <ele>757.8</ele>
   </trkpt>
   <trkpt lat="-26.2271160" lon="-51.0820060">
    <ele>757.8</ele>
   </trkpt>
   <trkpt lat="-26.2271360" lon="-51.0820020">
    <ele>757.8</ele>
   </trkpt>
   <trkpt lat="-26.2271560" lon="-51.0819980">
    <ele>757.6</ele>
   </trkpt>
   <trkpt lat="-26.2272320" lon="-51.0819820">
    <ele>757.4</ele>
   </trkpt>
   <trkpt lat="-26.2272680" lon="-51.0819590">
    <ele>757.4</ele>
   </trkpt>
   <trkpt lat="-26.2272680" lon="-51.0819590">
    <ele>757.2</ele>
   </trkpt>
   <trkpt lat="-26.2272920" lon="-51.0819370">
    <ele>757.2</ele>
   </trkpt>
   <trkpt lat="-26.2273170" lon="-51.0819210">
    <ele>757.2</ele>
   </trkpt>
   <trkpt lat="-26.2274190" lon="-51.0818740">
    <ele>757.2</ele>
   </trkpt>
   <trkpt lat="-26.2274740" lon="-51.0818810">
    <ele>757.2</ele>
   </trkpt>
   <trkpt lat="-26.2274930" lon="-51.0818780">
    <ele>757.2</ele>
   </trkpt>
   <trkpt lat="-26.2275130" lon="-51.0818760">
    <ele>757.4</ele>
   </trkpt>
   <trkpt lat="-26.2275600" lon="-51.0818540">
    <ele>757.4</ele>
   </trkpt>
   <trkpt lat="-26.2276570" lon="-51.0818030">
    <ele>757.4</ele>
   </trkpt>
   <trkpt lat="-26.2276780" lon="-51.0817920">
    <ele>757.4</ele>
   </trkpt>
   <trkpt lat="-26.2277000" lon="-51.0817800">
    <ele>757.4</ele>
   </trkpt>
   <trkpt lat="-26.2277460" lon="-51.0817620">
    <ele>757.2</ele>
   </trkpt>
   <trkpt lat="-26.2278410" lon="-51.0817310">
    <ele>757.2</ele>
   </trkpt>
   <trkpt lat="-26.2278670" lon="-51.0817240">
    <ele>757.2</ele>
   </trkpt>
   <trkpt lat="-26.2278930" lon="-51.0817180">
    <ele>757.2</ele>
   </trkpt>
   <trkpt lat="-26.2279190" lon="-51.0817110">
    <ele>757.4</ele>
   </trkpt>
   <trkpt lat="-26.2279670" lon="-51.0817020">
    <ele>757.4</ele>
   </trkpt>
   <trkpt lat="-26.2280410" lon="-51.0816790">
    <ele>757.6</ele>
   </trkpt>
   <trkpt lat="-26.2280680" lon="-51.0816600">
    <ele>757.8</ele>
   </trkpt>
   <trkpt lat="-26.2280940" lon="-51.0816410">
    <ele>757.8</ele>
   </trkpt>
   <trkpt lat="-26.2281200" lon="-51.0816220">
    <ele>757.8</ele>
   </trkpt>
   <trkpt lat="-26.2281580" lon="-51.0815820">
    <ele>757.8</ele>
   </trkpt>
   <trkpt lat="-26.2282240" lon="-51.0815070">
    <ele>758.0</ele>
   </trkpt>
   <trkpt lat="-26.2282450" lon="-51.0814880">
    <ele>758.0</ele>
   </trkpt>
   <trkpt lat="-26.2282670" lon="-51.0814690">
    <ele>758.0</ele>
   </trkpt>
   <trkpt lat="-26.2282880" lon="-51.0814500">
    <ele>758.2</ele>
   </trkpt>
   <trkpt lat="-26.2283180" lon="-51.0814260">
    <ele>758.4</ele>
   </trkpt>
   <trkpt lat="-26.2283840" lon="-51.0813930">
    <ele>758.8</ele>
   </trkpt>
   <trkpt lat="-26.2284030" lon="-51.0813800">
    <ele>759.2</ele>
   </trkpt>
   <trkpt lat="-26.2284230" lon="-51.0813670">
    <ele>759.4</ele>
   </trkpt>
   <trkpt lat="-26.2284430" lon="-51.0813540">
    <ele>759.6</ele>
   </trkpt>
   <trkpt lat="-26.2284730" lon="-51.0813340">
    <ele>759.8</ele>
   </trkpt>
   <trkpt lat="-26.2285250" lon="-51.0813010">
    <ele>760.2</ele>
   </trkpt>
   <trkpt lat="-26.2285430" lon="-51.0812920">
    <ele>760.4</ele>
   </trkpt>
   <trkpt lat="-26.2285620" lon="-51.0812820">
    <ele>760.6</ele>
   </trkpt>
   <trkpt lat="-26.2285810" lon="-51.0812730">
    <ele>760.8</ele>
   </trkpt>
   <trkpt lat="-26.2286040" lon="-51.0812620">
    <ele>761.0</ele>
   </trkpt>
   <trkpt lat="-26.2286670" lon="-51.0812250">
    <ele>761.2</ele>
   </trkpt>
   <trkpt lat="-26.2286850" lon="-51.0812140">
    <ele>761.4</ele>
   </trkpt>
   <trkpt lat="-26.2287030" lon="-51.0812030">
    <ele>761.6</ele>
   </trkpt>
   <trkpt lat="-26.2287210" lon="-51.0811920">
    <ele>761.8</ele>
   </trkpt>
   <trkpt lat="-26.2287610" lon="-51.0811700">
    <ele>762.0</ele>
   </trkpt>
   <trkpt lat="-26.2288300" lon="-51.0811460">
    <ele>762.2</ele>
   </trkpt>
   <trkpt lat="-26.2288530" lon="-51.0811340">
    <ele>762.4</ele>
   </trkpt>
   <trkpt lat="-26.2288750" lon="-51.0811220">
    <ele>762.6</ele>
   </trkpt>
   <trkpt lat="-26.2288980" lon="-51.0811100">
    <ele>762.6</ele>
   </trkpt>
   <trkpt lat="-26.2289330" lon="-51.0810940">
    <ele>762.6</ele>
   </trkpt>
   <trkpt lat="-26.2289980" lon="-51.0810570">
    <ele>762.8</ele>
   </trkpt>
   <trkpt lat="-26.2290420" lon="-51.0810340">
    <ele>762.6</ele>
   </trkpt>
   <trkpt lat="-26.2290660" lon="-51.0810220">
    <ele>762.6</ele>
   </trkpt>
   <trkpt lat="-26.2290890" lon="-51.0810110">
    <ele>762.6</ele>
   </trkpt>
   <trkpt lat="-26.2291610" lon="-51.0809740">
    <ele>762.6</ele>
   </trkpt>
   <trkpt lat="-26.2291850" lon="-51.0809600">
    <ele>762.4</ele>
   </trkpt>
   <trkpt lat="-26.2292880" lon="-51.0808980">
    <ele>762.2</ele>
   </trkpt>
   <trkpt lat="-26.2293420" lon="-51.0808600">
    <ele>762.0</ele>
   </trkpt>
   <trkpt lat="-26.2293710" lon="-51.0808460">
    <ele>761.6</ele>
   </trkpt>
   <trkpt lat="-26.2294010" lon="-51.0808320">
    <ele>761.2</ele>
   </trkpt>
   <trkpt lat="-26.2294610" lon="-51.0808020">
    <ele>761.0</ele>
   </trkpt>
   <trkpt lat="-26.2295830" lon="-51.0807200">
    <ele>760.8</ele>
   </trkpt>
   <trkpt lat="-26.2296480" lon="-51.0806840">
    <ele>760.6</ele>
   </trkpt>
   <trkpt lat="-26.2296840" lon="-51.0806650">
    <ele>760.4</ele>
   </trkpt>
   <trkpt lat="-26.2297210" lon="-51.0806450">
    <ele>760.0</ele>
   </trkpt>
   <trkpt lat="-26.2297940" lon="-51.0805970">
    <ele>759.6</ele>
   </trkpt>
   <trkpt lat="-26.2299480" lon="-51.0805320">
    <ele>759.4</ele>
   </trkpt>
   <trkpt lat="-26.2300160" lon="-51.0804950">
    <ele>759.0</ele>
   </trkpt>
   <trkpt lat="-26.2300520" lon="-51.0804760">
    <ele>758.8</ele>
   </trkpt>
   <trkpt lat="-26.2300890" lon="-51.0804570">
    <ele>758.4</ele>
   </trkpt>
   <trkpt lat="-26.2301560" lon="-51.0804130">
    <ele>758.4</ele>
   </trkpt>
   <trkpt lat="-26.2302920" lon="-51.0803670">
    <ele>758.2</ele>
   </trkpt>
   <trkpt lat="-26.2303510" lon="-51.0803230">
    <ele>758.0</ele>
   </trkpt>
   <trkpt lat="-26.2303800" lon="-51.0803010">
    <ele>758.0</ele>
   </trkpt>
   <trkpt lat="-26.2304100" lon="-51.0802790">
    <ele>757.8</ele>
   </trkpt>
   <trkpt lat="-26.2304650" lon="-51.0802320">
    <ele>757.8</ele>
   </trkpt>
   <trkpt lat="-26.2305780" lon="-51.0801640">
    <ele>757.8</ele>
   </trkpt>
   <trkpt lat="-26.2306300" lon="-51.0801420">
    <ele>757.8</ele>
   </trkpt>
   <trkpt lat="-26.2306560" lon="-51.0801310">
    <ele>758.0</ele>
   </trkpt>
   <trkpt lat="-26.2306820" lon="-51.0801200">
    <ele>758.2</ele>
   </trkpt>
   <trkpt lat="-26.2307770" lon="-51.0800750">
    <ele>758.6</ele>
   </trkpt>
   <trkpt lat="-26.2308200" lon="-51.0800530">
    <ele>758.8</ele>
   </trkpt>
   <trkpt lat="-26.2308480" lon="-51.0800430">
    <ele>758.8</ele>
   </trkpt>
   <trkpt lat="-26.2308760" lon="-51.0800330">
    <ele>759.0</ele>
   </trkpt>
   <trkpt lat="-26.2309040" lon="-51.0800230">
    <ele>759.2</ele>
   </trkpt>
   <trkpt lat="-26.2309510" lon="-51.0799930">
    <ele>759.4</ele>
   </trkpt>
   <trkpt lat="-26.2310160" lon="-51.0799380">
    <ele>759.6</ele>
   </trkpt>
   <trkpt lat="-26.2310370" lon="-51.0799280">
    <ele>759.8</ele>
   </trkpt>
   <trkpt lat="-26.2310580" lon="-51.0799190">
    <ele>760.2</ele>
   </trkpt>
   <trkpt lat="-26.2310790" lon="-51.0799090">
    <ele>760.4</ele>
   </trkpt>
   <trkpt lat="-26.2311120" lon="-51.0798990">
    <ele>760.8</ele>
   </trkpt>
   <trkpt lat="-26.2311690" lon="-51.0798790">
    <ele>761.0</ele>
   </trkpt>
   <trkpt lat="-26.2311820" lon="-51.0798690">
    <ele>761.4</ele>
   </trkpt>
   <trkpt lat="-26.2311950" lon="-51.0798590">
    <ele>761.6</ele>
   </trkpt>
   <trkpt lat="-26.2312070" lon="-51.0798480">
    <ele>762.0</ele>
   </trkpt>
   <trkpt lat="-26.2312280" lon="-51.0798330">
    <ele>762.4</ele>
   </trkpt>
   <trkpt lat="-26.2312760" lon="-51.0798150">
    <ele>762.6</ele>
   </trkpt>
   <trkpt lat="-26.2312940" lon="-51.0797960">
    <ele>763.0</ele>
   </trkpt>
   <trkpt lat="-26.2313120" lon="-51.0797780">
    <ele>763.2</ele>
   </trkpt>
   <trkpt lat="-26.2313310" lon="-51.0797590">
    <ele>763.6</ele>
   </trkpt>
   <trkpt lat="-26.2313550" lon="-51.0797350">
    <ele>764.0</ele>
   </trkpt>
   <trkpt lat="-26.2313890" lon="-51.0797130">
    <ele>764.4</ele>
   </trkpt>
   <trkpt lat="-26.2314080" lon="-51.0797010">
    <ele>764.6</ele>
   </trkpt>
   <trkpt lat="-26.2314270" lon="-51.0796880">
    <ele>765.0</ele>
   </trkpt>
   <trkpt lat="-26.2314270" lon="-51.0796880">
    <ele>765.2</ele>
   </trkpt>
   <trkpt lat="-26.2314510" lon="-51.0796970">
    <ele>765.6</ele>
   </trkpt>
   <trkpt lat="-26.2314940" lon="-51.0796870">
    <ele>766.0</ele>
   </trkpt>
   <trkpt lat="-26.2315110" lon="-51.0796830">
    <ele>766.2</ele>
   </trkpt>
   <trkpt lat="-26.2315280" lon="-51.0796790">
    <ele>766.6</ele>
   </trkpt>
   <trkpt lat="-26.2315450" lon="-51.0796750">
    <ele>766.8</ele>
   </trkpt>
   <trkpt lat="-26.2315620" lon="-51.0796700">
    <ele>767.2</ele>
   </trkpt>
   <trkpt lat="-26.2316120" lon="-51.0796570">
    <ele>767.6</ele>
   </trkpt>
   <trkpt lat="-26.2316120" lon="-51.0796570">
    <ele>767.8</ele>
   </trkpt>
   <trkpt lat="-26.2316360" lon="-51.0796510">
    <ele>768.2</ele>
   </trkpt>
   <trkpt lat="-26.2316990" lon="-51.0796280">
    <ele>768.4</ele>
   </trkpt>
   <trkpt lat="-26.2317290" lon="-51.0796210">
    <ele>768.8</ele>
   </trkpt>
   <trkpt lat="-26.2317550" lon="-51.0796020">
    <ele>769.0</ele>
   </trkpt>
   <trkpt lat="-26.2317810" lon="-51.0795840">
    <ele>769.4</ele>
   </trkpt>
   <trkpt lat="-26.2318070" lon="-51.0795650">
    <ele>769.6</ele>
   </trkpt>
   <trkpt lat="-26.2318310" lon="-51.0795490">
    <ele>770.0</ele>
   </trkpt>
   <trkpt lat="-26.2318550" lon="-51.0795330">
    <ele>770.2</ele>
   </trkpt>
   <trkpt lat="-26.2318710" lon="-51.0795300">
    <ele>770.4</ele>
   </trkpt>
   <trkpt lat="-26.2318880" lon="-51.0795270">
    <ele>770.6</ele>
   </trkpt>
   <trkpt lat="-26.2319040" lon="-51.0795250">
    <ele>770.8</ele>
   </trkpt>
   <trkpt lat="-26.2319480" lon="-51.0794900">
    <ele>771.0</ele>
   </trkpt>
   <trkpt lat="-26.2319640" lon="-51.0794840">
    <ele>771.2</ele>
   </trkpt>
   <trkpt lat="-26.2319800" lon="-51.0794780">
    <ele>771.4</ele>
   </trkpt>
   <trkpt lat="-26.2319960" lon="-51.0794730">
    <ele>771.6</ele>
   </trkpt>
   <trkpt lat="-26.2320460" lon="-51.0794390">
    <ele>771.8</ele>
   </trkpt>
   <trkpt lat="-26.2320660" lon="-51.0794270">
    <ele>771.8</ele>
   </trkpt>
   <trkpt lat="-26.2320850" lon="-51.0794150">
    <ele>771.8</ele>
   </trkpt>
   <trkpt lat="-26.2321050" lon="-51.0794030">
    <ele>771.8</ele>
   </trkpt>
   <trkpt lat="-26.2321350" lon="-51.0793850">
    <ele>771.8</ele>
   </trkpt>
   <trkpt lat="-26.2322020" lon="-51.0793280">
    <ele>771.8</ele>
   </trkpt>
   <trkpt lat="-26.2322350" lon="-51.0793170">
    <ele>771.8</ele>
   </trkpt>
   <trkpt lat="-26.2322680" lon="-51.0793060">
    <ele>772.0</ele>
   </trkpt>
   <trkpt lat="-26.2322870" lon="-51.0792920">
    <ele>772.0</ele>
   </trkpt>
   <trkpt lat="-26.2323060" lon="-51.0792770">
    <ele>772.0</ele>
   </trkpt>
   <trkpt lat="-26.2323250" lon="-51.0792630">
    <ele>772.0</ele>
   </trkpt>
   <trkpt lat="-26.2324020" lon="-51.0792340">
    <ele>772.2</ele>
   </trkpt>
   <trkpt lat="-26.2324220" lon="-51.0792240">
    <ele>772.2</ele>
   </trkpt>
   <trkpt lat="-26.2324420" lon="-51.0792150">
    <ele>772.2</ele>
   </trkpt>
   <trkpt lat="-26.2324620" lon="-51.0792060">
    <ele>772.2</ele>
   </trkpt>
   <trkpt lat="-26.2325440" lon="-51.0791700">
    <ele>772.2</ele>
   </trkpt>
   <trkpt lat="-26.2325640" lon="-51.0791620">
    <ele>772.2</ele>
   </trkpt>
   <trkpt lat="-26.2326050" lon="-51.0791460">
    <ele>772.2</ele>
   </trkpt>
   <trkpt lat="-26.2326850" lon="-51.0791050">
    <ele>772.2</ele>
   </trkpt>
   <trkpt lat="-26.2327140" lon="-51.0790970">
    <ele>772.2</ele>
   </trkpt>
   <trkpt lat="-26.2327420" lon="-51.0790890">
    <ele>772.2</ele>
   </trkpt>
   <trkpt lat="-26.2327700" lon="-51.0790810">
    <ele>772.2</ele>
   </trkpt>
   <trkpt lat="-26.2328240" lon="-51.0790560">
    <ele>772.2</ele>
   </trkpt>
   <trkpt lat="-26.2329110" lon="-51.0790330">
    <ele>772.2</ele>
   </trkpt>
   <trkpt lat="-26.2329550" lon="-51.0790260">
    <ele>772.2</ele>
   </trkpt>
   <trkpt lat="-26.2329990" lon="-51.0790260">
    <ele>772.2</ele>
   </trkpt>
   <trkpt lat="-26.2330420" lon="-51.0790270">
    <ele>772.2</ele>
   </trkpt>
   <trkpt lat="-26.2330650" lon="-51.0790300">
    <ele>772.2</ele>
   </trkpt>
   <trkpt lat="-26.2330870" lon="-51.0790330">
    <ele>772.2</ele>
   </trkpt>
   <trkpt lat="-26.2331790" lon="-51.0790460">
    <ele>772.2</ele>
   </trkpt>
   <trkpt lat="-26.2332330" lon="-51.0790910">
    <ele>772.4</ele>
   </trkpt>
   <trkpt lat="-26.2332580" lon="-51.0790960">
    <ele>772.4</ele>
   </trkpt>
   <trkpt lat="-26.2332840" lon="-51.0791020">
    <ele>772.6</ele>
   </trkpt>
   <trkpt lat="-26.2333090" lon="-51.0791070">
    <ele>772.6</ele>
   </trkpt>
   <trkpt lat="-26.2333860" lon="-51.0791240">
    <ele>772.6</ele>
   </trkpt>
   <trkpt lat="-26.2334670" lon="-51.0791430">
    <ele>772.8</ele>
   </trkpt>
   <trkpt lat="-26.2334890" lon="-51.0791490">
    <ele>772.8</ele>
   </trkpt>
   <trkpt lat="-26.2335110" lon="-51.0791560">
    <ele>773.0</ele>
   </trkpt>
   <trkpt lat="-26.2335330" lon="-51.0791620">
    <ele>773.0</ele>
   </trkpt>
   <trkpt lat="-26.2336210" lon="-51.0791870">
    <ele>773.2</ele>
   </trkpt>
   <trkpt lat="-26.2336420" lon="-51.0791930">
    <ele>773.2</ele>
   </trkpt>
   <trkpt lat="-26.2337260" lon="-51.0792050">
    <ele>773.2</ele>
   </trkpt>
   <trkpt lat="-26.2337530" lon="-51.0792090">
    <ele>773.4</ele>
   </trkpt>
   <trkpt lat="-26.2337800" lon="-51.0792130">
    <ele>773.4</ele>
   </trkpt>
   <trkpt lat="-26.2338070" lon="-51.0792180">
    <ele>773.4</ele>
   </trkpt>
   <trkpt lat="-26.2339130" lon="-51.0792320">
    <ele>773.4</ele>
   </trkpt>
   <trkpt lat="-26.2339380" lon="-51.0792340">
    <ele>773.4</ele>
   </trkpt>
   <trkpt lat="-26.2340340" lon="-51.0792600">
    <ele>773.4</ele>
   </trkpt>
   <trkpt lat="-26.2340790" lon="-51.0792600">
    <ele>773.6</ele>
   </trkpt>
   <trkpt lat="-26.2341040" lon="-51.0792650">
    <ele>773.6</ele>
   </trkpt>
   <trkpt lat="-26.2341290" lon="-51.0792700">
    <ele>773.6</ele>
   </trkpt>
   <trkpt lat="-26.2342000" lon="-51.0792870">
    <ele>773.4</ele>
   </trkpt>
   <trkpt lat="-26.2342210" lon="-51.0792930">
    <ele>773.4</ele>
   </trkpt>
   <trkpt lat="-26.2342590" lon="-51.0793040">
    <ele>773.4</ele>
   </trkpt>
   <trkpt lat="-26.2343420" lon="-51.0793190">
    <ele>773.4</ele>
   </trkpt>
   <trkpt lat="-26.2343620" lon="-51.0793210">
    <ele>773.4</ele>
   </trkpt>
   <trkpt lat="-26.2343830" lon="-51.0793230">
    <ele>773.6</ele>
   </trkpt>
   <trkpt lat="-26.2344030" lon="-51.0793250">
    <ele>773.6</ele>
   </trkpt>
   <trkpt lat="-26.2344860" lon="-51.0793370">
    <ele>773.8</ele>
   </trkpt>
   <trkpt lat="-26.2345080" lon="-51.0793440">
    <ele>773.8</ele>
   </trkpt>
   <trkpt lat="-26.2345940" lon="-51.0793610">
    <ele>774.0</ele>
   </trkpt>
   <trkpt lat="-26.2346180" lon="-51.0793650">
    <ele>774.0</ele>
   </trkpt>
   <trkpt lat="-26.2346410" lon="-51.0793700">
    <ele>774.2</ele>
   </trkpt>
   <trkpt lat="-26.2346820" lon="-51.0793980">
    <ele>774.4</ele>
   </trkpt>
   <trkpt lat="-26.2347090" lon="-51.0794080">
    <ele>774.6</ele>
   </trkpt>
   <trkpt lat="-26.2347850" lon="-51.0794020">
    <ele>774.8</ele>
   </trkpt>
   <trkpt lat="-26.2348310" lon="-51.0793950">
    <ele>775.0</ele>
   </trkpt>
   <trkpt lat="-26.2348770" lon="-51.0793870">
    <ele>775.2</ele>
   </trkpt>
   <trkpt lat="-26.2349020" lon="-51.0793800">
    <ele>775.2</ele>
   </trkpt>
   <trkpt lat="-26.2349280" lon="-51.0793730">
    <ele>775.4</ele>
   </trkpt>
   <trkpt lat="-26.2350180" lon="-51.0793370">
    <ele>775.4</ele>
   </trkpt>
   <trkpt lat="-26.2350430" lon="-51.0793310">
    <ele>775.4</ele>
   </trkpt>
   <trkpt lat="-26.2350680" lon="-51.0793240">
    <ele>775.4</ele>
   </trkpt>
   <trkpt lat="-26.2350920" lon="-51.0793180">
    <ele>775.4</ele>
   </trkpt>
   <trkpt lat="-26.2351920" lon="-51.0792910">
    <ele>775.6</ele>
   </trkpt>
   <trkpt lat="-26.2352170" lon="-51.0792820">
    <ele>775.6</ele>
   </trkpt>
   <trkpt lat="-26.2353090" lon="-51.0792600">
    <ele>775.8</ele>
   </trkpt>
   <trkpt lat="-26.2353330" lon="-51.0792490">
    <ele>776.0</ele>
   </trkpt>
   <trkpt lat="-26.2353580" lon="-51.0792380">
    <ele>776.0</ele>
   </trkpt>
   <trkpt lat="-26.2354110" lon="-51.0792370">
    <ele>776.2</ele>
   </trkpt>
   <trkpt lat="-26.2355160" lon="-51.0792260">
    <ele>776.2</ele>
   </trkpt>
   <trkpt lat="-26.2355640" lon="-51.0792150">
    <ele>776.4</ele>
   </trkpt>
   <trkpt lat="-26.2355860" lon="-51.0792110">
    <ele>776.6</ele>
   </trkpt>
   <trkpt lat="-26.2356070" lon="-51.0792060">
    <ele>776.6</ele>
   </trkpt>
   <trkpt lat="-26.2356510" lon="-51.0791950">
    <ele>776.8</ele>
   </trkpt>
   <trkpt lat="-26.2356960" lon="-51.0791730">
    <ele>777.0</ele>
   </trkpt>
   <trkpt lat="-26.2357880" lon="-51.0791640">
    <ele>777.2</ele>
   </trkpt>
   <trkpt lat="-26.2358190" lon="-51.0791600">
    <ele>777.4</ele>
   </trkpt>
   <trkpt lat="-26.2358500" lon="-51.0791560">
    <ele>777.4</ele>
   </trkpt>
   <trkpt lat="-26.2358800" lon="-51.0791520">
    <ele>777.6</ele>
   </trkpt>
   <trkpt lat="-26.2359230" lon="-51.0791440">
    <ele>777.8</ele>
   </trkpt>
   <trkpt lat="-26.2360120" lon="-51.0791200">
    <ele>778.0</ele>
   </trkpt>
   <trkpt lat="-26.2360330" lon="-51.0791150">
    <ele>778.2</ele>
   </trkpt>
   <trkpt lat="-26.2360540" lon="-51.0791110">
    <ele>778.2</ele>
   </trkpt>
   <trkpt lat="-26.2360750" lon="-51.0791060">
    <ele>778.4</ele>
   </trkpt>
   <trkpt lat="-26.2361580" lon="-51.0790870">
    <ele>778.6</ele>
   </trkpt>
   <trkpt lat="-26.2361790" lon="-51.0790810">
    <ele>779.0</ele>
   </trkpt>
   <trkpt lat="-26.2362200" lon="-51.0790760">
    <ele>779.2</ele>
   </trkpt>
   <trkpt lat="-26.2363000" lon="-51.0790660">
    <ele>779.4</ele>
   </trkpt>
   <trkpt lat="-26.2363240" lon="-51.0790570">
    <ele>779.6</ele>
   </trkpt>
   <trkpt lat="-26.2363480" lon="-51.0790480">
    <ele>779.8</ele>
   </trkpt>
   <trkpt lat="-26.2363730" lon="-51.0790390">
    <ele>780.0</ele>
   </trkpt>
   <trkpt lat="-26.2364160" lon="-51.0790330">
    <ele>780.2</ele>
   </trkpt>
   <trkpt lat="-26.2364560" lon="-51.0790310">
    <ele>780.4</ele>
   </trkpt>
   <trkpt lat="-26.2365330" lon="-51.0790100">
    <ele>780.6</ele>
   </trkpt>
   <trkpt lat="-26.2365610" lon="-51.0790070">
    <ele>780.6</ele>
   </trkpt>
   <trkpt lat="-26.2365890" lon="-51.0790050">
    <ele>780.8</ele>
   </trkpt>
   <trkpt lat="-26.2366180" lon="-51.0790020">
    <ele>780.8</ele>
   </trkpt>
   <trkpt lat="-26.2366690" lon="-51.0789800">
    <ele>781.0</ele>
   </trkpt>
   <trkpt lat="-26.2367450" lon="-51.0789500">
    <ele>781.2</ele>
   </trkpt>
   <trkpt lat="-26.2367840" lon="-51.0789290">
    <ele>781.2</ele>
   </trkpt>
   <trkpt lat="-26.2368220" lon="-51.0789090">
    <ele>781.2</ele>
   </trkpt>
   <trkpt lat="-26.2368590" lon="-51.0789050">
    <ele>781.2</ele>
   </trkpt>
   <trkpt lat="-26.2368590" lon="-51.0789050">
    <ele>781.2</ele>
   </trkpt>
   <trkpt lat="-26.2368940" lon="-51.0788970">
    <ele>781.4</ele>
   </trkpt>
   <trkpt lat="-26.2369310" lon="-51.0788800">
    <ele>781.4</ele>
   </trkpt>
   <trkpt lat="-26.2369710" lon="-51.0788670">
    <ele>781.6</ele>
   </trkpt>
   <trkpt lat="-26.2370130" lon="-51.0788560">
    <ele>781.8</ele>
   </trkpt>
   <trkpt lat="-26.2370980" lon="-51.0788650">
    <ele>781.8</ele>
   </trkpt>
   <trkpt lat="-26.2371220" lon="-51.0788630">
    <ele>782.0</ele>
   </trkpt>
   <trkpt lat="-26.2371470" lon="-51.0788600">
    <ele>782.2</ele>
   </trkpt>
   <trkpt lat="-26.2371880" lon="-51.0788700">
    <ele>782.4</ele>
   </trkpt>
   <trkpt lat="-26.2372250" lon="-51.0788820">
    <ele>782.8</ele>
   </trkpt>
   <trkpt lat="-26.2372930" lon="-51.0789170">
    <ele>782.8</ele>
   </trkpt>
   <trkpt lat="-26.2373120" lon="-51.0789190">
    <ele>783.2</ele>
   </trkpt>
   <trkpt lat="-26.2373320" lon="-51.0789200">
    <ele>783.4</ele>
   </trkpt>
   <trkpt lat="-26.2373680" lon="-51.0789290">
    <ele>783.8</ele>
   </trkpt>
   <trkpt lat="-26.2374030" lon="-51.0789410">
    <ele>784.2</ele>
   </trkpt>
   <trkpt lat="-26.2374680" lon="-51.0789770">
    <ele>784.4</ele>
   </trkpt>
   <trkpt lat="-26.2374870" lon="-51.0789880">
    <ele>784.8</ele>
   </trkpt>
   <trkpt lat="-26.2375050" lon="-51.0790000">
    <ele>785.0</ele>
   </trkpt>
   <trkpt lat="-26.2375430" lon="-51.0790120">
    <ele>785.4</ele>
   </trkpt>
   <trkpt lat="-26.2375810" lon="-51.0790200">
    <ele>785.4</ele>
   </trkpt>
   <trkpt lat="-26.2376650" lon="-51.0790220">
    <ele>785.4</ele>
   </trkpt>
   <trkpt lat="-26.2376880" lon="-51.0790230">
    <ele>785.4</ele>
   </trkpt>
   <trkpt lat="-26.2377100" lon="-51.0790250">
    <ele>785.4</ele>
   </trkpt>
   <trkpt lat="-26.2377520" lon="-51.0790300">
    <ele>785.4</ele>
   </trkpt>
   <trkpt lat="-26.2378000" lon="-51.0790390">
    <ele>785.2</ele>
   </trkpt>
   <trkpt lat="-26.2378600" lon="-51.0790620">
    <ele>785.0</ele>
   </trkpt>
   <trkpt lat="-26.2379880" lon="-51.0791460">
    <ele>784.6</ele>
   </trkpt>
   <trkpt lat="-26.2380270" lon="-51.0791700">
    <ele>784.0</ele>
   </trkpt>
   <trkpt lat="-26.2380660" lon="-51.0791940">
    <ele>783.4</ele>
   </trkpt>
   <trkpt lat="-26.2381050" lon="-51.0792170">
    <ele>782.6</ele>
   </trkpt>
   <trkpt lat="-26.2382750" lon="-51.0793090">
    <ele>781.4</ele>
   </trkpt>
   <trkpt lat="-26.2383280" lon="-51.0793290">
    <ele>780.4</ele>
   </trkpt>
   <trkpt lat="-26.2384340" lon="-51.0793700">
    <ele>779.2</ele>
   </trkpt>
   <trkpt lat="-26.2385460" lon="-51.0793990">
    <ele>777.8</ele>
   </trkpt>
   <trkpt lat="-26.2387070" lon="-51.0794240">
    <ele>776.4</ele>
   </trkpt>
   <trkpt lat="-26.2387570" lon="-51.0794190">
    <ele>775.2</ele>
   </trkpt>
   <trkpt lat="-26.2388060" lon="-51.0794140">
    <ele>774.4</ele>
   </trkpt>
   <trkpt lat="-26.2389550" lon="-51.0794000">
    <ele>773.8</ele>
   </trkpt>
   <trkpt lat="-26.2390570" lon="-51.0793640">
    <ele>773.4</ele>
   </trkpt>
   <trkpt lat="-26.2392100" lon="-51.0792480">
    <ele>773.0</ele>
   </trkpt>
   <trkpt lat="-26.2392450" lon="-51.0792300">
    <ele>773.0</ele>
   </trkpt>
   <trkpt lat="-26.2392790" lon="-51.0792120">
    <ele>773.0</ele>
   </trkpt>
   <trkpt lat="-26.2393140" lon="-51.0791940">
    <ele>773.0</ele>
   </trkpt>
   <trkpt lat="-26.2394590" lon="-51.0791090">
    <ele>773.0</ele>
   </trkpt>
   <trkpt lat="-26.2394990" lon="-51.0790790">
    <ele>772.8</ele>
   </trkpt>
   <trkpt lat="-26.2395730" lon="-51.0790340">
    <ele>772.8</ele>
   </trkpt>
   <trkpt lat="-26.2397180" lon="-51.0789460">
    <ele>772.8</ele>
   </trkpt>
   <trkpt lat="-26.2397550" lon="-51.0789190">
    <ele>772.6</ele>
   </trkpt>
   <trkpt lat="-26.2397920" lon="-51.0788910">
    <ele>772.6</ele>
   </trkpt>
   <trkpt lat="-26.2398290" lon="-51.0788640">
    <ele>772.6</ele>
   </trkpt>
   <trkpt lat="-26.2399390" lon="-51.0787810">
    <ele>772.4</ele>
   </trkpt>
   <trkpt lat="-26.2400090" lon="-51.0787220">
    <ele>772.4</ele>
   </trkpt>
   <trkpt lat="-26.2401200" lon="-51.0785990">
    <ele>772.4</ele>
   </trkpt>
   <trkpt lat="-26.2401380" lon="-51.0785590">
    <ele>772.4</ele>
   </trkpt>
   <trkpt lat="-26.2401570" lon="-51.0785200">
    <ele>772.4</ele>
   </trkpt>
   <trkpt lat="-26.2401760" lon="-51.0784810">
    <ele>772.2</ele>
   </trkpt>
   <trkpt lat="-26.2402390" lon="-51.0783150">
    <ele>771.8</ele>
   </trkpt>
   <trkpt lat="-26.2402470" lon="-51.0782660">
    <ele>771.2</ele>
   </trkpt>
   <trkpt lat="-26.2402670" lon="-51.0781150">
    <ele>770.8</ele>
   </trkpt>
   <trkpt lat="-26.2402710" lon="-51.0780620">
    <ele>770.2</ele>
   </trkpt>
   <trkpt lat="-26.2403090" lon="-51.0778620">
    <ele>769.8</ele>
   </trkpt>
   <trkpt lat="-26.2403130" lon="-51.0778060">
    <ele>769.0</ele>
   </trkpt>
   <trkpt lat="-26.2403170" lon="-51.0777500">
    <ele>768.6</ele>
   </trkpt>
   <trkpt lat="-26.2403280" lon="-51.0775760">
    <ele>767.8</ele>
   </trkpt>
   <trkpt lat="-26.2403310" lon="-51.0775120">
    <ele>767.2</ele>
   </trkpt>
   <trkpt lat="-26.2403370" lon="-51.0773860">
    <ele>765.8</ele>
   </trkpt>
   <trkpt lat="-26.2403520" lon="-51.0772690">
    <ele>764.4</ele>
   </trkpt>
   <trkpt lat="-26.2403830" lon="-51.0770900">
    <ele>763.2</ele>
   </trkpt>
   <trkpt lat="-26.2403980" lon="-51.0770280">
    <ele>762.2</ele>
   </trkpt>
   <trkpt lat="-26.2404140" lon="-51.0769660">
    <ele>761.2</ele>
   </trkpt>
   <trkpt lat="-26.2404600" lon="-51.0767810">
    <ele>759.8</ele>
   </trkpt>
   <trkpt lat="-26.2405290" lon="-51.0766640">
    <ele>758.6</ele>
   </trkpt>
   <trkpt lat="-26.2406480" lon="-51.0764990">
    <ele>757.6</ele>
   </trkpt>
   <trkpt lat="-26.2406990" lon="-51.0764530">
    <ele>756.6</ele>
   </trkpt>
   <trkpt lat="-26.2408480" lon="-51.0763060">
    <ele>756.0</ele>
   </trkpt>
   <trkpt lat="-26.2408950" lon="-51.0762530">
    <ele>755.6</ele>
   </trkpt>
   <trkpt lat="-26.2409890" lon="-51.0761470">
    <ele>755.4</ele>
   </trkpt>
   <trkpt lat="-26.2410820" lon="-51.0760390">
    <ele>755.2</ele>
   </trkpt>
   <trkpt lat="-26.2412210" lon="-51.0758860">
    <ele>755.2</ele>
   </trkpt>
   <trkpt lat="-26.2412690" lon="-51.0758410">
    <ele>754.6</ele>
   </trkpt>
   <trkpt lat="-26.2414080" lon="-51.0757170">
    <ele>754.2</ele>
   </trkpt>
   <trkpt lat="-26.2414530" lon="-51.0756810">
    <ele>754.0</ele>
   </trkpt>
   <trkpt lat="-26.2415430" lon="-51.0756100">
    <ele>754.0</ele>
   </trkpt>
   <trkpt lat="-26.2417020" lon="-51.0754680">
    <ele>754.4</ele>
   </trkpt>
   <trkpt lat="-26.2417380" lon="-51.0754310">
    <ele>754.8</ele>
   </trkpt>
   <trkpt lat="-26.2417740" lon="-51.0753950">
    <ele>755.0</ele>
   </trkpt>
   <trkpt lat="-26.2418100" lon="-51.0753590">
    <ele>755.0</ele>
   </trkpt>
   <trkpt lat="-26.2419170" lon="-51.0752490">
    <ele>755.0</ele>
   </trkpt>
   <trkpt lat="-26.2419820" lon="-51.0751700">
    <ele>755.0</ele>
   </trkpt>
   <trkpt lat="-26.2421080" lon="-51.0750450">
    <ele>755.0</ele>
   </trkpt>
   <trkpt lat="-26.2421370" lon="-51.0750190">
    <ele>755.2</ele>
   </trkpt>
   <trkpt lat="-26.2421670" lon="-51.0749930">
    <ele>755.4</ele>
   </trkpt>
   <trkpt lat="-26.2422250" lon="-51.0749480">
    <ele>755.8</ele>
   </trkpt>
   <trkpt lat="-26.2422850" lon="-51.0748840">
    <ele>756.0</ele>
   </trkpt>
   <trkpt lat="-26.2423930" lon="-51.0747850">
    <ele>756.4</ele>
   </trkpt>
   <trkpt lat="-26.2424220" lon="-51.0747600">
    <ele>756.6</ele>
   </trkpt>
   <trkpt lat="-26.2424510" lon="-51.0747350">
    <ele>756.8</ele>
   </trkpt>
   <trkpt lat="-26.2424800" lon="-51.0747110">
    <ele>757.0</ele>
   </trkpt>
   <trkpt lat="-26.2425980" lon="-51.0746130">
    <ele>757.0</ele>
   </trkpt>
   <trkpt lat="-26.2426290" lon="-51.0745900">
    <ele>757.2</ele>
   </trkpt>
   <trkpt lat="-26.2426840" lon="-51.0745390">
    <ele>757.2</ele>
   </trkpt>
   <trkpt lat="-26.2428030" lon="-51.0744280">
    <ele>757.2</ele>
   </trkpt>
   <trkpt lat="-26.2428320" lon="-51.0744020">
    <ele>757.2</ele>
   </trkpt>
   <trkpt lat="-26.2428610" lon="-51.0743760">
    <ele>757.2</ele>
   </trkpt>
   <trkpt lat="-26.2428900" lon="-51.0743500">
    <ele>757.2</ele>
   </trkpt>
   <trkpt lat="-26.2429770" lon="-51.0742710">
    <ele>757.2</ele>
   </trkpt>
   <trkpt lat="-26.2430420" lon="-51.0742450">
    <ele>757.2</ele>
   </trkpt>
   <trkpt lat="-26.2431800" lon="-51.0741660">
    <ele>757.0</ele>
   </trkpt>
   <trkpt lat="-26.2432170" lon="-51.0741420">
    <ele>756.8</ele>
   </trkpt>
   <trkpt lat="-26.2432540" lon="-51.0741190">
    <ele>756.4</ele>
   </trkpt>
   <trkpt lat="-26.2432920" lon="-51.0740950">
    <ele>756.4</ele>
   </trkpt>
   <trkpt lat="-26.2434030" lon="-51.0740250">
    <ele>756.2</ele>
   </trkpt>
   <trkpt lat="-26.2435490" lon="-51.0739370">
    <ele>756.0</ele>
   </trkpt>
   <trkpt lat="-26.2436210" lon="-51.0738970">
    <ele>755.8</ele>
   </trkpt>
   <trkpt lat="-26.2436580" lon="-51.0738790">
    <ele>755.8</ele>
   </trkpt>
   <trkpt lat="-26.2436950" lon="-51.0738600">
    <ele>755.6</ele>
   </trkpt>
   <trkpt lat="-26.2437670" lon="-51.0738280">
    <ele>755.4</ele>
   </trkpt>
   <trkpt lat="-26.2438390" lon="-51.0737910">
    <ele>755.2</ele>
   </trkpt>
   <trkpt lat="-26.2439930" lon="-51.0737170">
    <ele>754.8</ele>
   </trkpt>
   <trkpt lat="-26.2440430" lon="-51.0736960">
    <ele>754.6</ele>
   </trkpt>
   <trkpt lat="-26.2440930" lon="-51.0736740">
    <ele>754.4</ele>
   </trkpt>
   <trkpt lat="-26.2441940" lon="-51.0736320">
    <ele>754.4</ele>
   </trkpt>
   <trkpt lat="-26.2442270" lon="-51.0736210">
    <ele>754.4</ele>
   </trkpt>
   <trkpt lat="-26.2442600" lon="-51.0736110">
    <ele>754.4</ele>
   </trkpt>
   <trkpt lat="-26.2443260" lon="-51.0735810">
    <ele>754.4</ele>
   </trkpt>
   <trkpt lat="-26.2444000" lon="-51.0735570">
    <ele>754.4</ele>
   </trkpt>
   <trkpt lat="-26.2444680" lon="-51.0735150">
    <ele>754.4</ele>
   </trkpt>
   <trkpt lat="-26.2445980" lon="-51.0734610">
    <ele>754.4</ele>
   </trkpt>
   <trkpt lat="-26.2446320" lon="-51.0734470">
    <ele>754.4</ele>
   </trkpt>
   <trkpt lat="-26.2446650" lon="-51.0734340">
    <ele>754.2</ele>
   </trkpt>
   <trkpt lat="-26.2447280" lon="-51.0734110">
    <ele>754.2</ele>
   </trkpt>
   <trkpt lat="-26.2447900" lon="-51.0733910">
    <ele>754.4</ele>
   </trkpt>
   <trkpt lat="-26.2448460" lon="-51.0733620">
    <ele>754.6</ele>
   </trkpt>
   <trkpt lat="-26.2449690" lon="-51.0733220">
    <ele>754.6</ele>
   </trkpt>
   <trkpt lat="-26.2449990" lon="-51.0733070">
    <ele>754.8</ele>
   </trkpt>
   <trkpt lat="-26.2450290" lon="-51.0732920">
    <ele>755.0</ele>
   </trkpt>
   <trkpt lat="-26.2451570" lon="-51.0732250">
    <ele>755.0</ele>
   </trkpt>
   <trkpt lat="-26.2452150" lon="-51.0732040">
    <ele>755.0</ele>
   </trkpt>
   <trkpt lat="-26.2453380" lon="-51.0731570">
    <ele>755.0</ele>
   </trkpt>
   <trkpt lat="-26.2453670" lon="-51.0731440">
    <ele>755.0</ele>
   </trkpt>
   <trkpt lat="-26.2453960" lon="-51.0731310">
    <ele>755.0</ele>
   </trkpt>
   <trkpt lat="-26.2454550" lon="-51.0731050">
    <ele>755.0</ele>
   </trkpt>
   <trkpt lat="-26.2455190" lon="-51.0730830">
    <ele>755.0</ele>
   </trkpt>
   <trkpt lat="-26.2456320" lon="-51.0730400">
    <ele>755.0</ele>
   </trkpt>
   <trkpt lat="-26.2457440" lon="-51.0729970">
    <ele>755.0</ele>
   </trkpt>
   <trkpt lat="-26.2457700" lon="-51.0729860">
    <ele>755.2</ele>
   </trkpt>
   <trkpt lat="-26.2457960" lon="-51.0729750">
    <ele>755.4</ele>
   </trkpt>
   <trkpt lat="-26.2458800" lon="-51.0729430">
    <ele>755.4</ele>
   </trkpt>
   <trkpt lat="-26.2459120" lon="-51.0729330">
    <ele>755.6</ele>
   </trkpt>
   <trkpt lat="-26.2459730" lon="-51.0729140">
    <ele>755.8</ele>
   </trkpt>
   <trkpt lat="-26.2460980" lon="-51.0728930">
    <ele>756.0</ele>
   </trkpt>
   <trkpt lat="-26.2461290" lon="-51.0728810">
    <ele>756.2</ele>
   </trkpt>
   <trkpt lat="-26.2461600" lon="-51.0728690">
    <ele>756.4</ele>
   </trkpt>
   <trkpt lat="-26.2461900" lon="-51.0728580">
    <ele>756.6</ele>
   </trkpt>
   <trkpt lat="-26.2462830" lon="-51.0728230">
    <ele>756.6</ele>
   </trkpt>
   <trkpt lat="-26.2463370" lon="-51.0727950">
    <ele>756.6</ele>
   </trkpt>
   <trkpt lat="-26.2464600" lon="-51.0727500">
    <ele>756.4</ele>
   </trkpt>
   <trkpt lat="-26.2465240" lon="-51.0727230">
    <ele>756.4</ele>
   </trkpt>
   <trkpt lat="-26.2465580" lon="-51.0727110">
    <ele>756.4</ele>
   </trkpt>
   <trkpt lat="-26.2465910" lon="-51.0726990">
    <ele>756.2</ele>
   </trkpt>
   <trkpt lat="-26.2466910" lon="-51.0726610">
    <ele>756.2</ele>
   </trkpt>
   <trkpt lat="-26.2467240" lon="-51.0726470">
    <ele>756.2</ele>
   </trkpt>
   <trkpt lat="-26.2468020" lon="-51.0726320">
    <ele>756.2</ele>
   </trkpt>
   <trkpt lat="-26.2469290" lon="-51.0725920">
    <ele>756.2</ele>
   </trkpt>
   <trkpt lat="-26.2469650" lon="-51.0725780">
    <ele>756.2</ele>
   </trkpt>
   <trkpt lat="-26.2470000" lon="-51.0725650">
    <ele>756.2</ele>
   </trkpt>
   <trkpt lat="-26.2470360" lon="-51.0725520">
    <ele>756.2</ele>
   </trkpt>
   <trkpt lat="-26.2471780" lon="-51.0724920">
    <ele>756.2</ele>
   </trkpt>
   <trkpt lat="-26.2472130" lon="-51.0724710">
    <ele>756.2</ele>
   </trkpt>
   <trkpt lat="-26.2472800" lon="-51.0724510">
    <ele>756.2</ele>
   </trkpt>
   <trkpt lat="-26.2474110" lon="-51.0724100">
    <ele>756.0</ele>
   </trkpt>
   <trkpt lat="-26.2474460" lon="-51.0724110">
    <ele>755.8</ele>
   </trkpt>
   <trkpt lat="-26.2474800" lon="-51.0724110">
    <ele>755.6</ele>
   </trkpt>
   <trkpt lat="-26.2475150" lon="-51.0724110">
    <ele>755.6</ele>
   </trkpt>
   <trkpt lat="-26.2476180" lon="-51.0724120">
    <ele>755.6</ele>
   </trkpt>
   <trkpt lat="-26.2476890" lon="-51.0724100">
    <ele>755.6</ele>
   </trkpt>
   <trkpt lat="-26.2478240" lon="-51.0724020">
    <ele>755.8</ele>
   </trkpt>
   <trkpt lat="-26.2478580" lon="-51.0724020">
    <ele>756.0</ele>
   </trkpt>
   <trkpt lat="-26.2478920" lon="-51.0724020">
    <ele>756.0</ele>
   </trkpt>
   <trkpt lat="-26.2480390" lon="-51.0723800">
    <ele>756.2</ele>
   </trkpt>
   <trkpt lat="-26.2480700" lon="-51.0723790">
    <ele>756.2</ele>
   </trkpt>
   <trkpt lat="-26.2481010" lon="-51.0723780">
    <ele>756.2</ele>
   </trkpt>
   <trkpt lat="-26.2481860" lon="-51.0723660">
    <ele>756.2</ele>
   </trkpt>
   <trkpt lat="-26.2482460" lon="-51.0723570">
    <ele>756.4</ele>
   </trkpt>
   <trkpt lat="-26.2483060" lon="-51.0723550">
    <ele>756.4</ele>
   </trkpt>
   <trkpt lat="-26.2484440" lon="-51.0723370">
    <ele>756.6</ele>
   </trkpt>
   <trkpt lat="-26.2484780" lon="-51.0723330">
    <ele>756.8</ele>
   </trkpt>
   <trkpt lat="-26.2485110" lon="-51.0723290">
    <ele>756.8</ele>
   </trkpt>
   <trkpt lat="-26.2485760" lon="-51.0723280">
    <ele>756.8</ele>
   </trkpt>
   <trkpt lat="-26.2486460" lon="-51.0723210">
    <ele>756.8</ele>
   </trkpt>
   <trkpt lat="-26.2487130" lon="-51.0723190">
    <ele>756.8</ele>
   </trkpt>
   <trkpt lat="-26.2488500" lon="-51.0723090">
    <ele>757.0</ele>
   </trkpt>
   <trkpt lat="-26.2488870" lon="-51.0723010">
    <ele>757.0</ele>
   </trkpt>
   <trkpt lat="-26.2489240" lon="-51.0722930">
    <ele>757.0</ele>
   </trkpt>
   <trkpt lat="-26.2489830" lon="-51.0722920">
    <ele>757.2</ele>
   </trkpt>
   <trkpt lat="-26.2491120" lon="-51.0722710">
    <ele>757.2</ele>
   </trkpt>
   <trkpt lat="-26.2491800" lon="-51.0722540">
    <ele>757.2</ele>
   </trkpt>
   <trkpt lat="-26.2492120" lon="-51.0722470">
    <ele>757.2</ele>
   </trkpt>
   <trkpt lat="-26.2492440" lon="-51.0722400">
    <ele>757.2</ele>
   </trkpt>
   <trkpt lat="-26.2493390" lon="-51.0722200">
    <ele>757.2</ele>
   </trkpt>
   <trkpt lat="-26.2493690" lon="-51.0722120">
    <ele>757.2</ele>
   </trkpt>
   <trkpt lat="-26.2494200" lon="-51.0721590">
    <ele>757.0</ele>
   </trkpt>
   <trkpt lat="-26.2494620" lon="-51.0719970">
    <ele>757.2</ele>
   </trkpt>
   <trkpt lat="-26.2494540" lon="-51.0719100">
    <ele>757.0</ele>
   </trkpt>
   <trkpt lat="-26.2494420" lon="-51.0718720">
    <ele>756.8</ele>
   </trkpt>
   <trkpt lat="-26.2494300" lon="-51.0718340">
    <ele>756.4</ele>
   </trkpt>
   <trkpt lat="-26.2494170" lon="-51.0717960">
    <ele>756.0</ele>
   </trkpt>
   <trkpt lat="-26.2493810" lon="-51.0716820">
    <ele>755.6</ele>
   </trkpt>
   <trkpt lat="-26.2493500" lon="-51.0716010">
    <ele>755.4</ele>
   </trkpt>
   <trkpt lat="-26.2492840" lon="-51.0714550">
    <ele>755.4</ele>
   </trkpt>
   <trkpt lat="-26.2492590" lon="-51.0713870">
    <ele>755.0</ele>
   </trkpt>
   <trkpt lat="-26.2492460" lon="-51.0713520">
    <ele>754.6</ele>
   </trkpt>
   <trkpt lat="-26.2492330" lon="-51.0713180">
    <ele>754.2</ele>
   </trkpt>
   <trkpt lat="-26.2491950" lon="-51.0712100">
    <ele>754.0</ele>
   </trkpt>
   <trkpt lat="-26.2491830" lon="-51.0711720">
    <ele>753.8</ele>
   </trkpt>
   <trkpt lat="-26.2491370" lon="-51.0710210">
    <ele>753.6</ele>
   </trkpt>
   <trkpt lat="-26.2491090" lon="-51.0709470">
    <ele>753.6</ele>
   </trkpt>
   <trkpt lat="-26.2490970" lon="-51.0709090">
    <ele>753.6</ele>
   </trkpt>
   <trkpt lat="-26.2490850" lon="-51.0708720">
    <ele>753.6</ele>
   </trkpt>
   <trkpt lat="-26.2490730" lon="-51.0708340">
    <ele>753.6</ele>
   </trkpt>
   <trkpt lat="-26.2490360" lon="-51.0707210">
    <ele>753.4</ele>
   </trkpt>
   <trkpt lat="-26.2490110" lon="-51.0706510">
    <ele>753.2</ele>
   </trkpt>
   <trkpt lat="-26.2489520" lon="-51.0705170">
    <ele>753.0</ele>
   </trkpt>
   <trkpt lat="-26.2489400" lon="-51.0704820">
    <ele>752.8</ele>
   </trkpt>
   <trkpt lat="-26.2489280" lon="-51.0704470">
    <ele>752.8</ele>
   </trkpt>
   <trkpt lat="-26.2489150" lon="-51.0704120">
    <ele>752.8</ele>
   </trkpt>
   <trkpt lat="-26.2488780" lon="-51.0703080">
    <ele>752.6</ele>
   </trkpt>
   <trkpt lat="-26.2488440" lon="-51.0702420">
    <ele>752.4</ele>
   </trkpt>
   <trkpt lat="-26.2488170" lon="-51.0701760">
    <ele>752.2</ele>
   </trkpt>
   <trkpt lat="-26.2487730" lon="-51.0700390">
    <ele>752.2</ele>
   </trkpt>
   <trkpt lat="-26.2487630" lon="-51.0700090">
    <ele>752.2</ele>
   </trkpt>
   <trkpt lat="-26.2487540" lon="-51.0699780">
    <ele>752.2</ele>
   </trkpt>
   <trkpt lat="-26.2487440" lon="-51.0699480">
    <ele>752.2</ele>
   </trkpt>
   <trkpt lat="-26.2487160" lon="-51.0698570">
    <ele>752.2</ele>
   </trkpt>
   <trkpt lat="-26.2487280" lon="-51.0697910">
    <ele>752.2</ele>
   </trkpt>
   <trkpt lat="-26.2488190" lon="-51.0697230">
    <ele>752.2</ele>
   </trkpt>
   <trkpt lat="-26.2488480" lon="-51.0697130">
    <ele>752.2</ele>
   </trkpt>
   <trkpt lat="-26.2488760" lon="-51.0697030">
    <ele>752.4</ele>
   </trkpt>
   <trkpt lat="-26.2489580" lon="-51.0696670">
    <ele>752.4</ele>
   </trkpt>
   <trkpt lat="-26.2489840" lon="-51.0696510">
    <ele>752.2</ele>
   </trkpt>
   <trkpt lat="-26.2490560" lon="-51.0695990">
    <ele>752.2</ele>
   </trkpt>
   <trkpt lat="-26.2490770" lon="-51.0695800">
    <ele>752.0</ele>
   </trkpt>
   <trkpt lat="-26.2491650" lon="-51.0695280">
    <ele>752.0</ele>
   </trkpt>
   <trkpt lat="-26.2492020" lon="-51.0695080">
    <ele>752.0</ele>
   </trkpt>
   <trkpt lat="-26.2492390" lon="-51.0694810">
    <ele>752.0</ele>
   </trkpt>
   <trkpt lat="-26.2492390" lon="-51.0694810">
    <ele>751.8</ele>
   </trkpt>
   <trkpt lat="-26.2492650" lon="-51.0694690">
    <ele>751.8</ele>
   </trkpt>
   <trkpt lat="-26.2492830" lon="-51.0694660">
    <ele>751.8</ele>
   </trkpt>
   <trkpt lat="-26.2493020" lon="-51.0694480">
    <ele>751.6</ele>
   </trkpt>
   <trkpt lat="-26.2493010" lon="-51.0694470">
    <ele>751.6</ele>
   </trkpt>
   <trkpt lat="-26.2493010" lon="-51.0694470">
    <ele>751.8</ele>
   </trkpt>
   <trkpt lat="-26.2493020" lon="-51.0694330">
    <ele>751.8</ele>
   </trkpt>
   <trkpt lat="-26.2492990" lon="-51.0694330">
    <ele>751.8</ele>
   </trkpt>
   <trkpt lat="-26.2492910" lon="-51.0694310">
    <ele>751.8</ele>
   </trkpt>
   <trkpt lat="-26.2492870" lon="-51.0694300">
    <ele>751.8</ele>
   </trkpt>
   <trkpt lat="-26.2492870" lon="-51.0694300">
    <ele>751.8</ele>
   </trkpt>
   <trkpt lat="-26.2492820" lon="-51.0694300">
    <ele>751.8</ele>
   </trkpt>
   <trkpt lat="-26.2492820" lon="-51.0694320">
    <ele>751.8</ele>
   </trkpt>
   <trkpt lat="-26.2495430" lon="-51.0694590">
    <ele>751.8</ele>
   </trkpt>
   <trkpt lat="-26.2495700" lon="-51.0694720">
    <ele>752.0</ele>
   </trkpt>
   <trkpt lat="-26.2495700" lon="-51.0694720">
    <ele>752.0</ele>
   </trkpt>
   <trkpt lat="-26.2495910" lon="-51.0694940">
    <ele>752.2</ele>
   </trkpt>
   <trkpt lat="-26.2496060" lon="-51.0695220">
    <ele>752.2</ele>
   </trkpt>
   <trkpt lat="-26.2496190" lon="-51.0695570">
    <ele>752.4</ele>
   </trkpt>
   <trkpt lat="-26.2496290" lon="-51.0695900">
    <ele>752.4</ele>
   </trkpt>
   <trkpt lat="-26.2496460" lon="-51.0696590">
    <ele>752.4</ele>
   </trkpt>
   <trkpt lat="-26.2496570" lon="-51.0696920">
    <ele>752.4</ele>
   </trkpt>
   <trkpt lat="-26.2496670" lon="-51.0697250">
    <ele>752.4</ele>
   </trkpt>
   <trkpt lat="-26.2496670" lon="-51.0697250">
    <ele>752.4</ele>
   </trkpt>
   <trkpt lat="-26.2496780" lon="-51.0697610">
    <ele>752.4</ele>
   </trkpt>
   <trkpt lat="-26.2496930" lon="-51.0698350">
    <ele>752.4</ele>
   </trkpt>
   <trkpt lat="-26.2497060" lon="-51.0698770">
    <ele>752.4</ele>
   </trkpt>
   <trkpt lat="-26.2497180" lon="-51.0699180">
    <ele>752.4</ele>
   </trkpt>
   <trkpt lat="-26.2497280" lon="-51.0699470">
    <ele>752.6</ele>
   </trkpt>
   <trkpt lat="-26.2497390" lon="-51.0699760">
    <ele>752.6</ele>
   </trkpt>
   <trkpt lat="-26.2497490" lon="-51.0700050">
    <ele>752.6</ele>
   </trkpt>
   <trkpt lat="-26.2497750" lon="-51.0700650">
    <ele>752.6</ele>
   </trkpt>
   <trkpt lat="-26.2497860" lon="-51.0700880">
    <ele>752.6</ele>
   </trkpt>
   <trkpt lat="-26.2497960" lon="-51.0701110">
    <ele>752.6</ele>
   </trkpt>
   <trkpt lat="-26.2498070" lon="-51.0701350">
    <ele>752.4</ele>
   </trkpt>
   <trkpt lat="-26.2498310" lon="-51.0701740">
    <ele>752.4</ele>
   </trkpt>
   <trkpt lat="-26.2498370" lon="-51.0702140">
    <ele>752.4</ele>
   </trkpt>
   <trkpt lat="-26.2498840" lon="-51.0702760">
    <ele>752.4</ele>
   </trkpt>
   <trkpt lat="-26.2499130" lon="-51.0702890">
    <ele>752.4</ele>
   </trkpt>
   <trkpt lat="-26.2499410" lon="-51.0703020">
    <ele>752.2</ele>
   </trkpt>
   <trkpt lat="-26.2499700" lon="-51.0703150">
    <ele>752.2</ele>
   </trkpt>
   <trkpt lat="-26.2499700" lon="-51.0703150">
    <ele>752.2</ele>
   </trkpt>
   <trkpt lat="-26.2499960" lon="-51.0703250">
    <ele>752.0</ele>
   </trkpt>
   <trkpt lat="-26.2500330" lon="-51.0703250">
    <ele>752.0</ele>
   </trkpt>
   <trkpt lat="-26.2500950" lon="-51.0703070">
    <ele>752.0</ele>
   </trkpt>
   <trkpt lat="-26.2501160" lon="-51.0702970">
    <ele>752.0</ele>
   </trkpt>
   <trkpt lat="-26.2501370" lon="-51.0702860">
    <ele>752.0</ele>
   </trkpt>
   <trkpt lat="-26.2501580" lon="-51.0702760">
    <ele>752.0</ele>
   </trkpt>
   <trkpt lat="-26.2501910" lon="-51.0702620">
    <ele>752.2</ele>
   </trkpt>
   <trkpt lat="-26.2502190" lon="-51.0702480">
    <ele>752.2</ele>
   </trkpt>
   <trkpt lat="-26.2502800" lon="-51.0702280">
    <ele>752.2</ele>
   </trkpt>
   <trkpt lat="-26.2503010" lon="-51.0702210">
    <ele>752.4</ele>
   </trkpt>
   <trkpt lat="-26.2503220" lon="-51.0702140">
    <ele>752.4</ele>
   </trkpt>
   <trkpt lat="-26.2503430" lon="-51.0702080">
    <ele>752.4</ele>
   </trkpt>
   <trkpt lat="-26.2503680" lon="-51.0701970">
    <ele>752.2</ele>
   </trkpt>
   <trkpt lat="-26.2504040" lon="-51.0701830">
    <ele>752.2</ele>
   </trkpt>
   <trkpt lat="-26.2504580" lon="-51.0701720">
    <ele>752.2</ele>
   </trkpt>
   <trkpt lat="-26.2504820" lon="-51.0701700">
    <ele>752.2</ele>
   </trkpt>
   <trkpt lat="-26.2505050" lon="-51.0701680">
    <ele>752.2</ele>
   </trkpt>
   <trkpt lat="-26.2505290" lon="-51.0701660">
    <ele>752.2</ele>
   </trkpt>
   <trkpt lat="-26.2505650" lon="-51.0701580">
    <ele>752.0</ele>
   </trkpt>
   <trkpt lat="-26.2505860" lon="-51.0701530">
    <ele>752.0</ele>
   </trkpt>
   <trkpt lat="-26.2506060" lon="-51.0701480">
    <ele>752.0</ele>
   </trkpt>
   <trkpt lat="-26.2506270" lon="-51.0701430">
    <ele>752.0</ele>
   </trkpt>
   <trkpt lat="-26.2506470" lon="-51.0701380">
    <ele>752.0</ele>
   </trkpt>
   <trkpt lat="-26.2506680" lon="-51.0701330">
    <ele>752.0</ele>
   </trkpt>
   <trkpt lat="-26.2506880" lon="-51.0701280">
    <ele>752.0</ele>
   </trkpt>
   <trkpt lat="-26.2507080" lon="-51.0701220">
    <ele>752.0</ele>
   </trkpt>
   <trkpt lat="-26.2507290" lon="-51.0701170">
    <ele>752.0</ele>
   </trkpt>
   <trkpt lat="-26.2507490" lon="-51.0701120">
    <ele>752.2</ele>
   </trkpt>
   <trkpt lat="-26.2507700" lon="-51.0701070">
    <ele>752.2</ele>
   </trkpt>
   <trkpt lat="-26.2507900" lon="-51.0701020">
    <ele>750.4</ele>
   </trkpt>
   <trkpt lat="-26.2508110" lon="-51.0700970">
    <ele>750.4</ele>
   </trkpt>
   <trkpt lat="-26.2508290" lon="-51.0701180">
    <ele>750.4</ele>
   </trkpt>
   <trkpt lat="-26.2508410" lon="-51.0701500">
    <ele>750.4</ele>
   </trkpt>
   <trkpt lat="-26.2508530" lon="-51.0701820">
    <ele>750.4</ele>
   </trkpt>
   <trkpt lat="-26.2508620" lon="-51.0702040">
    <ele>750.4</ele>
   </trkpt>
   <trkpt lat="-26.2508710" lon="-51.0702260">
    <ele>750.4</ele>
   </trkpt>
   <trkpt lat="-26.2508800" lon="-51.0702480">
    <ele>750.4</ele>
   </trkpt>
   <trkpt lat="-26.2509010" lon="-51.0702770">
    <ele>750.4</ele>
   </trkpt>
   <trkpt lat="-26.2509170" lon="-51.0703080">
    <ele>750.6</ele>
   </trkpt>
   <trkpt lat="-26.2509450" lon="-51.0703740">
    <ele>750.6</ele>
   </trkpt>
   <trkpt lat="-26.2509630" lon="-51.0703970">
    <ele>750.6</ele>
   </trkpt>
   <trkpt lat="-26.2509700" lon="-51.0704230">
    <ele>750.8</ele>
   </trkpt>
   <trkpt lat="-26.2509770" lon="-51.0704480">
    <ele>750.8</ele>
   </trkpt>
   <trkpt lat="-26.2509830" lon="-51.0704730">
    <ele>750.8</ele>
   </trkpt>
   <trkpt lat="-26.2509900" lon="-51.0704990">
    <ele>750.8</ele>
   </trkpt>
   <trkpt lat="-26.2510180" lon="-51.0705680">
    <ele>750.8</ele>
   </trkpt>
   <trkpt lat="-26.2510220" lon="-51.0705980">
    <ele>750.8</ele>
   </trkpt>
   <trkpt lat="-26.2510350" lon="-51.0706330">
    <ele>750.8</ele>
   </trkpt>
   <trkpt lat="-26.2510470" lon="-51.0706680">
    <ele>750.8</ele>
   </trkpt>
   <trkpt lat="-26.2510470" lon="-51.0706680">
    <ele>750.8</ele>
   </trkpt>
   <trkpt lat="-26.2510570" lon="-51.0707040">
    <ele>750.8</ele>
   </trkpt>
   <trkpt lat="-26.2510770" lon="-51.0707370">
    <ele>750.8</ele>
   </trkpt>
   <trkpt lat="-26.2510990" lon="-51.0708250">
    <ele>750.8</ele>
   </trkpt>
   <trkpt lat="-26.2511010" lon="-51.0708480">
    <ele>750.8</ele>
   </trkpt>
   <trkpt lat="-26.2511040" lon="-51.0708720">
    <ele>750.8</ele>
   </trkpt>
   <trkpt lat="-26.2511060" lon="-51.0708950">
    <ele>750.8</ele>
   </trkpt>
   <trkpt lat="-26.2511090" lon="-51.0709280">
    <ele>751.0</ele>
   </trkpt>
   <trkpt lat="-26.2511230" lon="-51.0709610">
    <ele>751.0</ele>
   </trkpt>
   <trkpt lat="-26.2511470" lon="-51.0710230">
    <ele>751.0</ele>
   </trkpt>
   <trkpt lat="-26.2511470" lon="-51.0710580">
    <ele>751.0</ele>
   </trkpt>
   <trkpt lat="-26.2511630" lon="-51.0710920">
    <ele>751.0</ele>
   </trkpt>
   <trkpt lat="-26.2511780" lon="-51.0711260">
    <ele>751.0</ele>
   </trkpt>
   <trkpt lat="-26.2511860" lon="-51.0711440">
    <ele>751.0</ele>
   </trkpt>
   <trkpt lat="-26.2511940" lon="-51.0711620">
    <ele>751.0</ele>
   </trkpt>
   <trkpt lat="-26.2512220" lon="-51.0711960">
    <ele>751.2</ele>
   </trkpt>
   <trkpt lat="-26.2512400" lon="-51.0712390">
    <ele>751.2</ele>
   </trkpt>
   <trkpt lat="-26.2512800" lon="-51.0713120">
    <ele>751.4</ele>
   </trkpt>
   <trkpt lat="-26.2512800" lon="-51.0713120">
    <ele>751.6</ele>
   </trkpt>
   <trkpt lat="-26.2512900" lon="-51.0713360">
    <ele>751.6</ele>
   </trkpt>
   <trkpt lat="-26.2513230" lon="-51.0713810">
    <ele>751.6</ele>
   </trkpt>
   <trkpt lat="-26.2513410" lon="-51.0714110">
    <ele>751.6</ele>
   </trkpt>
   <trkpt lat="-26.2513630" lon="-51.0714650">
    <ele>751.6</ele>
   </trkpt>
   <trkpt lat="-26.2513720" lon="-51.0714910">
    <ele>751.8</ele>
   </trkpt>
   <trkpt lat="-26.2513810" lon="-51.0715170">
    <ele>751.8</ele>
   </trkpt>
   <trkpt lat="-26.2513900" lon="-51.0715440">
    <ele>752.0</ele>
   </trkpt>
   <trkpt lat="-26.2514100" lon="-51.0715780">
    <ele>752.0</ele>
   </trkpt>
   <trkpt lat="-26.2514350" lon="-51.0716130">
    <ele>752.0</ele>
   </trkpt>
   <trkpt lat="-26.2514440" lon="-51.0716520">
    <ele>752.0</ele>
   </trkpt>
   <trkpt lat="-26.2514840" lon="-51.0717330">
    <ele>752.0</ele>
   </trkpt>
   <trkpt lat="-26.2515020" lon="-51.0717530">
    <ele>751.8</ele>
   </trkpt>
   <trkpt lat="-26.2515190" lon="-51.0717740">
    <ele>751.8</ele>
   </trkpt>
   <trkpt lat="-26.2515650" lon="-51.0718330">
    <ele>751.8</ele>
   </trkpt>
   <trkpt lat="-26.2515750" lon="-51.0718500">
    <ele>751.8</ele>
   </trkpt>
   <trkpt lat="-26.2515930" lon="-51.0718770">
    <ele>751.8</ele>
   </trkpt>
   <trkpt lat="-26.2516110" lon="-51.0719140">
    <ele>751.8</ele>
   </trkpt>
   <trkpt lat="-26.2516710" lon="-51.0720070">
    <ele>751.8</ele>
   </trkpt>
   <trkpt lat="-26.2516860" lon="-51.0720270">
    <ele>751.8</ele>
   </trkpt>
   <trkpt lat="-26.2517000" lon="-51.0720480">
    <ele>751.8</ele>
   </trkpt>
   <trkpt lat="-26.2517360" lon="-51.0720910">
    <ele>751.8</ele>
   </trkpt>
   <trkpt lat="-26.2517620" lon="-51.0721360">
    <ele>751.8</ele>
   </trkpt>
   <trkpt lat="-26.2517920" lon="-51.0722150">
    <ele>751.8</ele>
   </trkpt>
   <trkpt lat="-26.2518130" lon="-51.0722620">
    <ele>751.8</ele>
   </trkpt>
   <trkpt lat="-26.2518240" lon="-51.0722870">
    <ele>751.8</ele>
   </trkpt>
   <trkpt lat="-26.2518360" lon="-51.0723120">
    <ele>751.8</ele>
   </trkpt>
   <trkpt lat="-26.2518730" lon="-51.0723830">
    <ele>751.8</ele>
   </trkpt>
   <trkpt lat="-26.2518870" lon="-51.0724050">
    <ele>751.8</ele>
   </trkpt>
   <trkpt lat="-26.2519170" lon="-51.0724570">
    <ele>752.0</ele>
   </trkpt>
   <trkpt lat="-26.2519710" lon="-51.0725410">
    <ele>752.0</ele>
   </trkpt>
   <trkpt lat="-26.2519900" lon="-51.0725770">
    <ele>752.0</ele>
   </trkpt>
   <trkpt lat="-26.2520090" lon="-51.0726130">
    <ele>752.0</ele>
   </trkpt>
   <trkpt lat="-26.2520230" lon="-51.0726310">
    <ele>752.2</ele>
   </trkpt>
   <trkpt lat="-26.2520370" lon="-51.0726490">
    <ele>752.4</ele>
   </trkpt>
   <trkpt lat="-26.2520570" lon="-51.0726930">
    <ele>752.4</ele>
   </trkpt>
   <trkpt lat="-26.2520980" lon="-51.0727750">
    <ele>752.6</ele>
   </trkpt>
   <trkpt lat="-26.2521100" lon="-51.0727960">
    <ele>752.6</ele>
   </trkpt>
   <trkpt lat="-26.2521220" lon="-51.0728160">
    <ele>752.8</ele>
   </trkpt>
   <trkpt lat="-26.2521340" lon="-51.0728370">
    <ele>752.8</ele>
   </trkpt>
   <trkpt lat="-26.2521820" lon="-51.0729180">
    <ele>753.0</ele>
   </trkpt>
   <trkpt lat="-26.2521930" lon="-51.0729370">
    <ele>753.0</ele>
   </trkpt>
   <trkpt lat="-26.2522280" lon="-51.0730150">
    <ele>753.2</ele>
   </trkpt>
   <trkpt lat="-26.2522470" lon="-51.0730440">
    <ele>753.4</ele>
   </trkpt>
   <trkpt lat="-26.2522660" lon="-51.0730730">
    <ele>753.4</ele>
   </trkpt>
   <trkpt lat="-26.2522850" lon="-51.0731020">
    <ele>753.4</ele>
   </trkpt>
   <trkpt lat="-26.2523070" lon="-51.0731400">
    <ele>753.4</ele>
   </trkpt>
   <trkpt lat="-26.2523190" lon="-51.0731870">
    <ele>753.4</ele>
   </trkpt>
   <trkpt lat="-26.2523770" lon="-51.0733030">
    <ele>753.6</ele>
   </trkpt>
   <trkpt lat="-26.2523930" lon="-51.0733220">
    <ele>753.6</ele>
   </trkpt>
   <trkpt lat="-26.2524100" lon="-51.0733400">
    <ele>753.6</ele>
   </trkpt>
   <trkpt lat="-26.2524470" lon="-51.0733820">
    <ele>753.8</ele>
   </trkpt>
   <trkpt lat="-26.2524650" lon="-51.0734150">
    <ele>753.8</ele>
   </trkpt>
   <trkpt lat="-26.2524930" lon="-51.0734520">
    <ele>754.0</ele>
   </trkpt>
   <trkpt lat="-26.2525250" lon="-51.0735260">
    <ele>754.2</ele>
   </trkpt>
   <trkpt lat="-26.2525310" lon="-51.0735450">
    <ele>754.4</ele>
   </trkpt>
   <trkpt lat="-26.2525370" lon="-51.0735640">
    <ele>754.8</ele>
   </trkpt>
   <trkpt lat="-26.2525830" lon="-51.0736390">
    <ele>755.0</ele>
   </trkpt>
   <trkpt lat="-26.2525950" lon="-51.0736590">
    <ele>755.2</ele>
   </trkpt>
   <trkpt lat="-26.2526070" lon="-51.0736790">
    <ele>755.2</ele>
   </trkpt>
   <trkpt lat="-26.2526210" lon="-51.0737160">
    <ele>755.4</ele>
   </trkpt>
   <trkpt lat="-26.2526400" lon="-51.0737550">
    <ele>755.4</ele>
   </trkpt>
   <trkpt lat="-26.2526870" lon="-51.0738310">
    <ele>755.4</ele>
   </trkpt>
   <trkpt lat="-26.2526980" lon="-51.0738490">
    <ele>755.6</ele>
   </trkpt>
   <trkpt lat="-26.2527080" lon="-51.0738660">
    <ele>755.6</ele>
   </trkpt>
   <trkpt lat="-26.2527330" lon="-51.0739030">
    <ele>755.6</ele>
   </trkpt>
   <trkpt lat="-26.2527640" lon="-51.0739350">
    <ele>755.6</ele>
   </trkpt>
   <trkpt lat="-26.2527940" lon="-51.0739640">
    <ele>755.6</ele>
   </trkpt>
   <trkpt lat="-26.2528690" lon="-51.0740120">
    <ele>755.8</ele>
   </trkpt>
   <trkpt lat="-26.2528900" lon="-51.0740200">
    <ele>755.8</ele>
   </trkpt>
   <trkpt lat="-26.2529100" lon="-51.0740290">
    <ele>755.8</ele>
   </trkpt>
   <trkpt lat="-26.2529540" lon="-51.0740420">
    <ele>755.8</ele>
   </trkpt>
   <trkpt lat="-26.2530020" lon="-51.0740570">
    <ele>755.8</ele>
   </trkpt>
   <trkpt lat="-26.2530470" lon="-51.0740730">
    <ele>755.8</ele>
   </trkpt>
   <trkpt lat="-26.2530940" lon="-51.0740870">
    <ele>755.6</ele>
   </trkpt>
   <trkpt lat="-26.2531800" lon="-51.0741110">
    <ele>755.6</ele>
   </trkpt>
   <trkpt lat="-26.2532090" lon="-51.0741130">
    <ele>755.6</ele>
   </trkpt>
   <trkpt lat="-26.2532380" lon="-51.0741160">
    <ele>755.6</ele>
   </trkpt>
   <trkpt lat="-26.2532890" lon="-51.0741250">
    <ele>755.6</ele>
   </trkpt>
   <trkpt lat="-26.2533890" lon="-51.0741580">
    <ele>755.6</ele>
   </trkpt>
   <trkpt lat="-26.2534370" lon="-51.0741610">
    <ele>755.6</ele>
   </trkpt>
   <trkpt lat="-26.2534620" lon="-51.0741660">
    <ele>755.8</ele>
   </trkpt>
   <trkpt lat="-26.2534870" lon="-51.0741710">
    <ele>756.0</ele>
   </trkpt>
   <trkpt lat="-26.2535130" lon="-51.0741770">
    <ele>756.0</ele>
   </trkpt>
   <trkpt lat="-26.2535890" lon="-51.0741930">
    <ele>756.0</ele>
   </trkpt>
   <trkpt lat="-26.2536290" lon="-51.0741880">
    <ele>756.0</ele>
   </trkpt>
   <trkpt lat="-26.2537190" lon="-51.0741190">
    <ele>756.2</ele>
   </trkpt>
   <trkpt lat="-26.2537710" lon="-51.0741220">
    <ele>756.2</ele>
   </trkpt>
   <trkpt lat="-26.2537960" lon="-51.0741340">
    <ele>756.2</ele>
   </trkpt>
   <trkpt lat="-26.2538210" lon="-51.0741450">
    <ele>756.4</ele>
   </trkpt>
   <trkpt lat="-26.2538950" lon="-51.0741740">
    <ele>756.4</ele>
   </trkpt>
   <trkpt lat="-26.2539190" lon="-51.0741800">
    <ele>756.6</ele>
   </trkpt>
   <trkpt lat="-26.2539660" lon="-51.0742080">
    <ele>756.6</ele>
   </trkpt>
   <trkpt lat="-26.2540220" lon="-51.0742830">
    <ele>756.8</ele>
   </trkpt>
   <trkpt lat="-26.2540480" lon="-51.0742900">
    <ele>756.8</ele>
   </trkpt>
   <trkpt lat="-26.2540740" lon="-51.0742960">
    <ele>757.0</ele>
   </trkpt>
   <trkpt lat="-26.2540990" lon="-51.0743030">
    <ele>757.2</ele>
   </trkpt>
   <trkpt lat="-26.2541770" lon="-51.0743220">
    <ele>757.2</ele>
   </trkpt>
   <trkpt lat="-26.2542210" lon="-51.0743470">
    <ele>757.4</ele>
   </trkpt>
   <trkpt lat="-26.2543140" lon="-51.0743830">
    <ele>757.4</ele>
   </trkpt>
   <trkpt lat="-26.2543580" lon="-51.0744020">
    <ele>757.6</ele>
   </trkpt>
   <trkpt lat="-26.2543820" lon="-51.0744070">
    <ele>757.6</ele>
   </trkpt>
   <trkpt lat="-26.2544060" lon="-51.0744120">
    <ele>757.8</ele>
   </trkpt>
   <trkpt lat="-26.2544310" lon="-51.0744170">
    <ele>757.8</ele>
   </trkpt>
   <trkpt lat="-26.2545040" lon="-51.0744310">
    <ele>757.8</ele>
   </trkpt>
   <trkpt lat="-26.2545880" lon="-51.0744440">
    <ele>758.0</ele>
   </trkpt>
   <trkpt lat="-26.2546060" lon="-51.0744570">
    <ele>758.0</ele>
   </trkpt>
   <trkpt lat="-26.2546240" lon="-51.0744700">
    <ele>758.0</ele>
   </trkpt>
   <trkpt lat="-26.2546410" lon="-51.0744830">
    <ele>758.0</ele>
   </trkpt>
   <trkpt lat="-26.2547210" lon="-51.0745310">
    <ele>758.2</ele>
   </trkpt>
   <trkpt lat="-26.2547480" lon="-51.0745410">
    <ele>758.2</ele>
   </trkpt>
   <trkpt lat="-26.2547960" lon="-51.0745760">
    <ele>758.4</ele>
   </trkpt>
   <trkpt lat="-26.2548760" lon="-51.0745830">
    <ele>758.4</ele>
   </trkpt>
   <trkpt lat="-26.2549150" lon="-51.0745970">
    <ele>758.6</ele>
   </trkpt>
   <trkpt lat="-26.2549540" lon="-51.0746100">
    <ele>758.8</ele>
   </trkpt>
   <trkpt lat="-26.2549740" lon="-51.0746230">
    <ele>758.8</ele>
   </trkpt>
   <trkpt lat="-26.2549930" lon="-51.0746350">
    <ele>759.0</ele>
   </trkpt>
   <trkpt lat="-26.2550300" lon="-51.0746540">
    <ele>759.0</ele>
   </trkpt>
   <trkpt lat="-26.2551110" lon="-51.0746700">
    <ele>759.2</ele>
   </trkpt>
   <trkpt lat="-26.2551710" lon="-51.0746970">
    <ele>759.4</ele>
   </trkpt>
   <trkpt lat="-26.2552070" lon="-51.0747060">
    <ele>759.6</ele>
   </trkpt>
   <trkpt lat="-26.2552420" lon="-51.0747160">
    <ele>759.6</ele>
   </trkpt>
   <trkpt lat="-26.2552780" lon="-51.0747280">
    <ele>759.8</ele>
   </trkpt>
   <trkpt lat="-26.2553540" lon="-51.0747310">
    <ele>760.0</ele>
   </trkpt>
   <trkpt lat="-26.2554130" lon="-51.0747440">
    <ele>760.2</ele>
   </trkpt>
   <trkpt lat="-26.2554410" lon="-51.0747450">
    <ele>760.4</ele>
   </trkpt>
   <trkpt lat="-26.2554690" lon="-51.0747470">
    <ele>760.6</ele>
   </trkpt>
   <trkpt lat="-26.2555180" lon="-51.0747580">
    <ele>760.8</ele>
   </trkpt>
   <trkpt lat="-26.2556100" lon="-51.0747950">
    <ele>761.0</ele>
   </trkpt>
   <trkpt lat="-26.2556730" lon="-51.0748120">
    <ele>761.2</ele>
   </trkpt>
   <trkpt lat="-26.2556730" lon="-51.0748120">
    <ele>761.4</ele>
   </trkpt>
   <trkpt lat="-26.2557050" lon="-51.0748270">
    <ele>761.6</ele>
   </trkpt>
   <trkpt lat="-26.2557420" lon="-51.0748570">
    <ele>761.8</ele>
   </trkpt>
   <trkpt lat="-26.2557910" lon="-51.0749170">
    <ele>762.2</ele>
   </trkpt>
   <trkpt lat="-26.2557890" lon="-51.0749500">
    <ele>762.6</ele>
   </trkpt>
   <trkpt lat="-26.2557840" lon="-51.0749750">
    <ele>763.0</ele>
   </trkpt>
   <trkpt lat="-26.2557780" lon="-51.0749990">
    <ele>763.4</ele>
   </trkpt>
   <trkpt lat="-26.2557760" lon="-51.0750410">
    <ele>763.8</ele>
   </trkpt>
   <trkpt lat="-26.2557660" lon="-51.0751390">
    <ele>764.2</ele>
   </trkpt>
   <trkpt lat="-26.2557900" lon="-51.0751740">
    <ele>764.2</ele>
   </trkpt>
   <trkpt lat="-26.2558240" lon="-51.0752080">
    <ele>764.4</ele>
   </trkpt>
   <trkpt lat="-26.2558570" lon="-51.0752420">
    <ele>764.4</ele>
   </trkpt>
   <trkpt lat="-26.2558550" lon="-51.0752650">
    <ele>764.4</ele>
   </trkpt>
   <trkpt lat="-26.2558540" lon="-51.0752880">
    <ele>764.4</ele>
   </trkpt>
   <trkpt lat="-26.2558110" lon="-51.0753770">
    <ele>764.4</ele>
   </trkpt>
   <trkpt lat="-26.2557940" lon="-51.0753990">
    <ele>764.4</ele>
   </trkpt>
   <trkpt lat="-26.2557760" lon="-51.0754210">
    <ele>764.4</ele>
   </trkpt>
   <trkpt lat="-26.2557580" lon="-51.0754440">
    <ele>764.4</ele>
   </trkpt>
   <trkpt lat="-26.2557040" lon="-51.0755100">
    <ele>764.4</ele>
   </trkpt>
   <trkpt lat="-26.2556710" lon="-51.0755610">
    <ele>764.4</ele>
   </trkpt>
   <trkpt lat="-26.2556290" lon="-51.0756390">
    <ele>764.4</ele>
   </trkpt>
   <trkpt lat="-26.2556110" lon="-51.0756660">
    <ele>764.6</ele>
   </trkpt>
   <trkpt lat="-26.2555930" lon="-51.0756930">
    <ele>764.6</ele>
   </trkpt>
   <trkpt lat="-26.2555810" lon="-51.0757100">
    <ele>764.6</ele>
   </trkpt>
   <trkpt lat="-26.2555690" lon="-51.0757280">
    <ele>764.6</ele>
   </trkpt>
   <trkpt lat="-26.2555370" lon="-51.0758200">
    <ele>764.6</ele>
   </trkpt>
   <trkpt lat="-26.2555280" lon="-51.0758460">
    <ele>764.6</ele>
   </trkpt>
   <trkpt lat="-26.2555200" lon="-51.0758720">
    <ele>764.8</ele>
   </trkpt>
   <trkpt lat="-26.2555110" lon="-51.0758990">
    <ele>764.8</ele>
   </trkpt>
   <trkpt lat="-26.2555140" lon="-51.0759330">
    <ele>764.8</ele>
   </trkpt>
   <trkpt lat="-26.2554920" lon="-51.0759670">
    <ele>764.8</ele>
   </trkpt>
   <trkpt lat="-26.2554600" lon="-51.0760550">
    <ele>765.0</ele>
   </trkpt>
   <trkpt lat="-26.2554480" lon="-51.0760800">
    <ele>765.0</ele>
   </trkpt>
   <trkpt lat="-26.2554370" lon="-51.0761050">
    <ele>765.0</ele>
   </trkpt>
   <trkpt lat="-26.2554030" lon="-51.0761770">
    <ele>765.0</ele>
   </trkpt>
   <trkpt lat="-26.2553920" lon="-51.0761990">
    <ele>765.0</ele>
   </trkpt>
   <trkpt lat="-26.2553770" lon="-51.0762420">
    <ele>765.0</ele>
   </trkpt>
   <trkpt lat="-26.2553240" lon="-51.0763390">
    <ele>765.0</ele>
   </trkpt>
   <trkpt lat="-26.2553110" lon="-51.0763630">
    <ele>765.0</ele>
   </trkpt>
   <trkpt lat="-26.2552980" lon="-51.0763870">
    <ele>765.2</ele>
   </trkpt>
   <trkpt lat="-26.2552850" lon="-51.0764110">
    <ele>765.2</ele>
   </trkpt>
   <trkpt lat="-26.2552470" lon="-51.0764840">
    <ele>765.4</ele>
   </trkpt>
   <trkpt lat="-26.2552200" lon="-51.0765380">
    <ele>765.4</ele>
   </trkpt>
   <trkpt lat="-26.2551590" lon="-51.0766470">
    <ele>765.2</ele>
   </trkpt>
   <trkpt lat="-26.2551280" lon="-51.0766980">
    <ele>765.0</ele>
   </trkpt>
   <trkpt lat="-26.2551160" lon="-51.0767250">
    <ele>764.8</ele>
   </trkpt>
   <trkpt lat="-26.2551030" lon="-51.0767510">
    <ele>764.8</ele>
   </trkpt>
   <trkpt lat="-26.2550820" lon="-51.0767980">
    <ele>764.8</ele>
   </trkpt>
   <trkpt lat="-26.2550400" lon="-51.0768870">
    <ele>764.8</ele>
   </trkpt>
   <trkpt lat="-26.2550290" lon="-51.0769180">
    <ele>764.8</ele>
   </trkpt>
   <trkpt lat="-26.2550180" lon="-51.0769480">
    <ele>764.8</ele>
   </trkpt>
   <trkpt lat="-26.2550070" lon="-51.0769790">
    <ele>764.8</ele>
   </trkpt>
   <trkpt lat="-26.2549830" lon="-51.0770300">
    <ele>765.0</ele>
   </trkpt>
   <trkpt lat="-26.2549530" lon="-51.0771210">
    <ele>765.0</ele>
   </trkpt>
   <trkpt lat="-26.2549400" lon="-51.0771460">
    <ele>765.0</ele>
   </trkpt>
   <trkpt lat="-26.2549280" lon="-51.0771710">
    <ele>765.0</ele>
   </trkpt>
   <trkpt lat="-26.2548880" lon="-51.0772540">
    <ele>765.2</ele>
   </trkpt>
   <trkpt lat="-26.2548730" lon="-51.0772860">
    <ele>765.2</ele>
   </trkpt>
   <trkpt lat="-26.2548580" lon="-51.0773190">
    <ele>765.2</ele>
   </trkpt>
   <trkpt lat="-26.2548220" lon="-51.0774070">
    <ele>765.2</ele>
   </trkpt>
   <trkpt lat="-26.2547970" lon="-51.0774520">
    <ele>765.2</ele>
   </trkpt>
   <trkpt lat="-26.2547730" lon="-51.0774970">
    <ele>765.2</ele>
   </trkpt>
   <trkpt lat="-26.2547610" lon="-51.0775220">
    <ele>765.2</ele>
   </trkpt>
   <trkpt lat="-26.2547480" lon="-51.0775470">
    <ele>765.4</ele>
   </trkpt>
   <trkpt lat="-26.2547360" lon="-51.0775720">
    <ele>765.6</ele>
   </trkpt>
   <trkpt lat="-26.2546990" lon="-51.0776480">
    <ele>765.8</ele>
   </trkpt>
   <trkpt lat="-26.2546410" lon="-51.0777350">
    <ele>766.0</ele>
   </trkpt>
   <trkpt lat="-26.2546200" lon="-51.0777780">
    <ele>766.0</ele>
   </trkpt>
   <trkpt lat="-26.2545990" lon="-51.0778210">
    <ele>766.2</ele>
   </trkpt>
   <trkpt lat="-26.2545840" lon="-51.0778510">
    <ele>766.4</ele>
   </trkpt>
   <trkpt lat="-26.2545690" lon="-51.0778810">
    <ele>766.4</ele>
   </trkpt>
   <trkpt lat="-26.2545540" lon="-51.0779100">
    <ele>766.6</ele>
   </trkpt>
   <trkpt lat="-26.2545120" lon="-51.0779910">
    <ele>766.8</ele>
   </trkpt>
   <trkpt lat="-26.2545050" lon="-51.0780080">
    <ele>767.0</ele>
   </trkpt>
   <trkpt lat="-26.2544970" lon="-51.0780250">
    <ele>767.0</ele>
   </trkpt>
   <trkpt lat="-26.2544890" lon="-51.0780420">
    <ele>767.2</ele>
   </trkpt>
   <trkpt lat="-26.2544560" lon="-51.0781150">
    <ele>767.4</ele>
   </trkpt>
   <trkpt lat="-26.2544450" lon="-51.0781360">
    <ele>767.6</ele>
   </trkpt>
   <trkpt lat="-26.2544290" lon="-51.0781880">
    <ele>767.6</ele>
   </trkpt>
   <trkpt lat="-26.2543810" lon="-51.0782780">
    <ele>767.8</ele>
   </trkpt>
   <trkpt lat="-26.2543710" lon="-51.0783070">
    <ele>768.0</ele>
   </trkpt>
   <trkpt lat="-26.2543620" lon="-51.0783370">
    <ele>768.0</ele>
   </trkpt>
   <trkpt lat="-26.2543520" lon="-51.0783660">
    <ele>768.2</ele>
   </trkpt>
   <trkpt lat="-26.2543370" lon="-51.0784080">
    <ele>768.4</ele>
   </trkpt>
   <trkpt lat="-26.2543190" lon="-51.0784530">
    <ele>768.6</ele>
   </trkpt>
   <trkpt lat="-26.2542780" lon="-51.0785500">
    <ele>768.6</ele>
   </trkpt>
   <trkpt lat="-26.2542620" lon="-51.0785790">
    <ele>768.8</ele>
   </trkpt>
   <trkpt lat="-26.2542470" lon="-51.0786090">
    <ele>768.8</ele>
   </trkpt>
   <trkpt lat="-26.2542310" lon="-51.0786380">
    <ele>769.0</ele>
   </trkpt>
   <trkpt lat="-26.2542060" lon="-51.0786830">
    <ele>769.2</ele>
   </trkpt>
   <trkpt lat="-26.2541910" lon="-51.0787270">
    <ele>769.6</ele>
   </trkpt>
   <trkpt lat="-26.2541590" lon="-51.0788140">
    <ele>769.8</ele>
   </trkpt>
   <trkpt lat="-26.2541280" lon="-51.0788610">
    <ele>770.0</ele>
   </trkpt>
   <trkpt lat="-26.2541150" lon="-51.0788960">
    <ele>770.2</ele>
   </trkpt>
   <trkpt lat="-26.2541020" lon="-51.0789310">
    <ele>770.4</ele>
   </trkpt>
   <trkpt lat="-26.2540870" lon="-51.0789530">
    <ele>770.6</ele>
   </trkpt>
   <trkpt lat="-26.2540720" lon="-51.0789740">
    <ele>770.8</ele>
   </trkpt>
   <trkpt lat="-26.2540580" lon="-51.0790230">
    <ele>771.0</ele>
   </trkpt>
   <trkpt lat="-26.2540150" lon="-51.0791140">
    <ele>771.4</ele>
   </trkpt>
   <trkpt lat="-26.2540030" lon="-51.0791370">
    <ele>771.6</ele>
   </trkpt>
   <trkpt lat="-26.2539900" lon="-51.0791600">
    <ele>771.8</ele>
   </trkpt>
   <trkpt lat="-26.2539770" lon="-51.0791840">
    <ele>771.8</ele>
   </trkpt>
   <trkpt lat="-26.2539550" lon="-51.0792280">
    <ele>771.8</ele>
   </trkpt>
   <trkpt lat="-26.2539340" lon="-51.0792700">
    <ele>772.0</ele>
   </trkpt>
   <trkpt lat="-26.2538800" lon="-51.0793520">
    <ele>772.0</ele>
   </trkpt>
   <trkpt lat="-26.2538660" lon="-51.0793750">
    <ele>772.0</ele>
   </trkpt>
   <trkpt lat="-26.2538520" lon="-51.0793970">
    <ele>772.2</ele>
   </trkpt>
   <trkpt lat="-26.2538380" lon="-51.0794190">
    <ele>772.4</ele>
   </trkpt>
   <trkpt lat="-26.2537760" lon="-51.0795070">
    <ele>772.4</ele>
   </trkpt>
   <trkpt lat="-26.2537570" lon="-51.0795270">
    <ele>772.6</ele>
   </trkpt>
   <trkpt lat="-26.2536940" lon="-51.0796180">
    <ele>772.8</ele>
   </trkpt>
   <trkpt lat="-26.2536640" lon="-51.0796530">
    <ele>772.8</ele>
   </trkpt>
   <trkpt lat="-26.2536350" lon="-51.0796880">
    <ele>773.0</ele>
   </trkpt>
   <trkpt lat="-26.2536220" lon="-51.0797060">
    <ele>773.0</ele>
   </trkpt>
   <trkpt lat="-26.2536100" lon="-51.0797240">
    <ele>773.2</ele>
   </trkpt>
   <trkpt lat="-26.2535490" lon="-51.0798210">
    <ele>773.2</ele>
   </trkpt>
   <trkpt lat="-26.2535330" lon="-51.0798390">
    <ele>773.2</ele>
   </trkpt>
   <trkpt lat="-26.2535170" lon="-51.0798570">
    <ele>773.2</ele>
   </trkpt>
   <trkpt lat="-26.2535020" lon="-51.0798750">
    <ele>773.2</ele>
   </trkpt>
   <trkpt lat="-26.2534420" lon="-51.0799500">
    <ele>773.2</ele>
   </trkpt>
   <trkpt lat="-26.2534300" lon="-51.0799700">
    <ele>773.4</ele>
   </trkpt>
   <trkpt lat="-26.2533660" lon="-51.0800540">
    <ele>773.4</ele>
   </trkpt>
   <trkpt lat="-26.2533510" lon="-51.0800730">
    <ele>773.6</ele>
   </trkpt>
   <trkpt lat="-26.2533350" lon="-51.0800920">
    <ele>773.8</ele>
   </trkpt>
   <trkpt lat="-26.2533190" lon="-51.0801100">
    <ele>774.0</ele>
   </trkpt>
   <trkpt lat="-26.2532570" lon="-51.0801850">
    <ele>774.0</ele>
   </trkpt>
   <trkpt lat="-26.2532430" lon="-51.0802020">
    <ele>774.0</ele>
   </trkpt>
   <trkpt lat="-26.2531770" lon="-51.0802900">
    <ele>774.0</ele>
   </trkpt>
   <trkpt lat="-26.2531590" lon="-51.0803100">
    <ele>774.0</ele>
   </trkpt>
   <trkpt lat="-26.2531400" lon="-51.0803290">
    <ele>774.2</ele>
   </trkpt>
   <trkpt lat="-26.2531210" lon="-51.0803490">
    <ele>774.2</ele>
   </trkpt>
   <trkpt lat="-26.2530450" lon="-51.0804260">
    <ele>774.2</ele>
   </trkpt>
   <trkpt lat="-26.2530250" lon="-51.0804440">
    <ele>774.0</ele>
   </trkpt>
   <trkpt lat="-26.2529820" lon="-51.0804780">
    <ele>774.0</ele>
   </trkpt>
   <trkpt lat="-26.2529090" lon="-51.0805380">
    <ele>774.0</ele>
   </trkpt>
   <trkpt lat="-26.2528840" lon="-51.0805580">
    <ele>774.0</ele>
   </trkpt>
   <trkpt lat="-26.2528600" lon="-51.0805790">
    <ele>774.2</ele>
   </trkpt>
   <trkpt lat="-26.2528360" lon="-51.0806000">
    <ele>774.2</ele>
   </trkpt>
   <trkpt lat="-26.2528040" lon="-51.0806290">
    <ele>774.4</ele>
   </trkpt>
   <trkpt lat="-26.2527710" lon="-51.0806620">
    <ele>774.6</ele>
   </trkpt>
   <trkpt lat="-26.2526990" lon="-51.0807370">
    <ele>774.6</ele>
   </trkpt>
   <trkpt lat="-26.2526820" lon="-51.0807540">
    <ele>774.8</ele>
   </trkpt>
   <trkpt lat="-26.2526650" lon="-51.0807720">
    <ele>774.8</ele>
   </trkpt>
   <trkpt lat="-26.2526480" lon="-51.0807900">
    <ele>775.0</ele>
   </trkpt>
   <trkpt lat="-26.2525790" lon="-51.0808600">
    <ele>775.0</ele>
   </trkpt>
   <trkpt lat="-26.2525610" lon="-51.0808770">
    <ele>775.0</ele>
   </trkpt>
   <trkpt lat="-26.2524910" lon="-51.0809380">
    <ele>775.0</ele>
   </trkpt>
   <trkpt lat="-26.2524750" lon="-51.0809540">
    <ele>775.0</ele>
   </trkpt>
   <trkpt lat="-26.2524600" lon="-51.0809690">
    <ele>775.0</ele>
   </trkpt>
   <trkpt lat="-26.2524440" lon="-51.0809850">
    <ele>775.0</ele>
   </trkpt>
   <trkpt lat="-26.2523780" lon="-51.0810500">
    <ele>775.0</ele>
   </trkpt>
   <trkpt lat="-26.2523590" lon="-51.0810680">
    <ele>775.0</ele>
   </trkpt>
   <trkpt lat="-26.2523160" lon="-51.0811120">
    <ele>775.0</ele>
   </trkpt>
   <trkpt lat="-26.2522240" lon="-51.0811850">
    <ele>775.0</ele>
   </trkpt>
   <trkpt lat="-26.2522040" lon="-51.0812030">
    <ele>775.2</ele>
   </trkpt>
   <trkpt lat="-26.2521840" lon="-51.0812210">
    <ele>775.2</ele>
   </trkpt>
   <trkpt lat="-26.2521640" lon="-51.0812380">
    <ele>775.4</ele>
   </trkpt>
   <trkpt lat="-26.2521030" lon="-51.0812910">
    <ele>775.4</ele>
   </trkpt>
   <trkpt lat="-26.2520640" lon="-51.0813200">
    <ele>775.6</ele>
   </trkpt>
   <trkpt lat="-26.2519950" lon="-51.0814010">
    <ele>775.6</ele>
   </trkpt>
   <trkpt lat="-26.2519760" lon="-51.0814210">
    <ele>775.8</ele>
   </trkpt>
   <trkpt lat="-26.2519570" lon="-51.0814420">
    <ele>776.0</ele>
   </trkpt>
   <trkpt lat="-26.2519370" lon="-51.0814620">
    <ele>776.2</ele>
   </trkpt>
   <trkpt lat="-26.2518610" lon="-51.0815410">
    <ele>776.2</ele>
   </trkpt>
   <trkpt lat="-26.2518430" lon="-51.0815580">
    <ele>776.2</ele>
   </trkpt>
   <trkpt lat="-26.2518120" lon="-51.0815860">
    <ele>776.4</ele>
   </trkpt>
   <trkpt lat="-26.2517360" lon="-51.0816880">
    <ele>776.4</ele>
   </trkpt>
   <trkpt lat="-26.2517040" lon="-51.0817270">
    <ele>776.4</ele>
   </trkpt>
   <trkpt lat="-26.2516720" lon="-51.0817670">
    <ele>776.4</ele>
   </trkpt>
   <trkpt lat="-26.2516460" lon="-51.0818050">
    <ele>776.4</ele>
   </trkpt>
   <trkpt lat="-26.2516210" lon="-51.0818430">
    <ele>776.4</ele>
   </trkpt>
   <trkpt lat="-26.2515940" lon="-51.0818860">
    <ele>776.4</ele>
   </trkpt>
   <trkpt lat="-26.2515660" lon="-51.0819300">
    <ele>776.2</ele>
   </trkpt>
   <trkpt lat="-26.2515490" lon="-51.0819530">
    <ele>776.2</ele>
   </trkpt>
   <trkpt lat="-26.2515310" lon="-51.0819770">
    <ele>776.2</ele>
   </trkpt>
   <trkpt lat="-26.2515140" lon="-51.0820000">
    <ele>776.2</ele>
   </trkpt>
   <trkpt lat="-26.2514420" lon="-51.0821010">
    <ele>776.2</ele>
   </trkpt>
   <trkpt lat="-26.2514230" lon="-51.0821320">
    <ele>776.2</ele>
   </trkpt>
   <trkpt lat="-26.2513530" lon="-51.0822270">
    <ele>776.2</ele>
   </trkpt>
   <trkpt lat="-26.2513370" lon="-51.0822530">
    <ele>776.0</ele>
   </trkpt>
   <trkpt lat="-26.2513200" lon="-51.0822790">
    <ele>776.0</ele>
   </trkpt>
   <trkpt lat="-26.2513030" lon="-51.0823050">
    <ele>776.0</ele>
   </trkpt>
   <trkpt lat="-26.2512360" lon="-51.0824070">
    <ele>776.0</ele>
   </trkpt>
   <trkpt lat="-26.2512190" lon="-51.0824310">
    <ele>775.8</ele>
   </trkpt>
   <trkpt lat="-26.2511510" lon="-51.0825380">
    <ele>775.8</ele>
   </trkpt>
   <trkpt lat="-26.2511250" lon="-51.0825730">
    <ele>775.8</ele>
   </trkpt>
   <trkpt lat="-26.2511000" lon="-51.0826080">
    <ele>775.6</ele>
   </trkpt>
   <trkpt lat="-26.2510740" lon="-51.0826430">
    <ele>775.6</ele>
   </trkpt>
   <trkpt lat="-26.2509980" lon="-51.0827490">
    <ele>775.6</ele>
   </trkpt>
   <trkpt lat="-26.2509800" lon="-51.0827790">
    <ele>775.6</ele>
   </trkpt>
   <trkpt lat="-26.2509630" lon="-51.0828090">
    <ele>775.4</ele>
   </trkpt>
   <trkpt lat="-26.2509110" lon="-51.0829010">
    <ele>775.2</ele>
   </trkpt>
   <trkpt lat="-26.2508940" lon="-51.0829310">
    <ele>775.2</ele>
   </trkpt>
   <trkpt lat="-26.2508770" lon="-51.0829620">
    <ele>774.8</ele>
   </trkpt>
   <trkpt lat="-26.2508260" lon="-51.0830540">
    <ele>774.6</ele>
   </trkpt>
   <trkpt lat="-26.2507950" lon="-51.0831140">
    <ele>774.4</ele>
   </trkpt>
   <trkpt lat="-26.2507190" lon="-51.0832210">
    <ele>774.2</ele>
   </trkpt>
   <trkpt lat="-26.2506840" lon="-51.0832780">
    <ele>774.2</ele>
   </trkpt>
   <trkpt lat="-26.2506640" lon="-51.0833050">
    <ele>774.0</ele>
   </trkpt>
   <trkpt lat="-26.2506440" lon="-51.0833320">
    <ele>773.8</ele>
   </trkpt>
   <trkpt lat="-26.2506230" lon="-51.0833590">
    <ele>773.6</ele>
   </trkpt>
   <trkpt lat="-26.2505630" lon="-51.0834390">
    <ele>773.6</ele>
   </trkpt>
   <trkpt lat="-26.2505290" lon="-51.0834910">
    <ele>773.4</ele>
   </trkpt>
   <trkpt lat="-26.2504840" lon="-51.0836300">
    <ele>773.2</ele>
   </trkpt>
   <trkpt lat="-26.2504680" lon="-51.0836580">
    <ele>773.0</ele>
   </trkpt>
   <trkpt lat="-26.2504510" lon="-51.0836850">
    <ele>773.0</ele>
   </trkpt>
   <trkpt lat="-26.2504340" lon="-51.0837130">
    <ele>772.8</ele>
   </trkpt>
   <trkpt lat="-26.2503840" lon="-51.0837960">
    <ele>772.8</ele>
   </trkpt>
   <trkpt lat="-26.2503520" lon="-51.0838510">
    <ele>773.0</ele>
   </trkpt>
   <trkpt lat="-26.2503280" lon="-51.0839000">
    <ele>773.0</ele>
   </trkpt>
   <trkpt lat="-26.2502640" lon="-51.0840180">
    <ele>772.8</ele>
   </trkpt>
   <trkpt lat="-26.2502670" lon="-51.0840500">
    <ele>772.8</ele>
   </trkpt>
   <trkpt lat="-26.2502690" lon="-51.0840830">
    <ele>772.6</ele>
   </trkpt>
   <trkpt lat="-26.2502720" lon="-51.0841150">
    <ele>772.6</ele>
   </trkpt>
   <trkpt lat="-26.2502790" lon="-51.0842130">
    <ele>772.4</ele>
   </trkpt>
   <trkpt lat="-26.2503060" lon="-51.0842860">
    <ele>772.2</ele>
   </trkpt>
   <trkpt lat="-26.2503150" lon="-51.0844360">
    <ele>772.0</ele>
   </trkpt>
   <trkpt lat="-26.2503300" lon="-51.0844670">
    <ele>771.8</ele>
   </trkpt>
   <trkpt lat="-26.2503450" lon="-51.0844970">
    <ele>771.4</ele>
   </trkpt>
   <trkpt lat="-26.2503590" lon="-51.0845280">
    <ele>771.2</ele>
   </trkpt>
   <trkpt lat="-26.2504250" lon="-51.0846540">
    <ele>771.0</ele>
   </trkpt>
   <trkpt lat="-26.2504460" lon="-51.0846870">
    <ele>770.6</ele>
   </trkpt>
   <trkpt lat="-26.2504940" lon="-51.0847430">
    <ele>770.6</ele>
   </trkpt>
   <trkpt lat="-26.2505870" lon="-51.0848640">
    <ele>770.6</ele>
   </trkpt>
   <trkpt lat="-26.2506160" lon="-51.0848880">
    <ele>770.4</ele>
   </trkpt>
   <trkpt lat="-26.2506440" lon="-51.0849120">
    <ele>770.2</ele>
   </trkpt>
   <trkpt lat="-26.2506730" lon="-51.0849350">
    <ele>769.8</ele>
   </trkpt>
   <trkpt lat="-26.2507590" lon="-51.0850070">
    <ele>769.4</ele>
   </trkpt>
   <trkpt lat="-26.2508930" lon="-51.0851030">
    <ele>769.0</ele>
   </trkpt>
   <trkpt lat="-26.2509470" lon="-51.0851380">
    <ele>768.4</ele>
   </trkpt>
   <trkpt lat="-26.2510010" lon="-51.0851730">
    <ele>768.0</ele>
   </trkpt>
   <trkpt lat="-26.2511090" lon="-51.0852440">
    <ele>767.6</ele>
   </trkpt>
   <trkpt lat="-26.2511510" lon="-51.0852700">
    <ele>767.0</ele>
   </trkpt>
   <trkpt lat="-26.2511930" lon="-51.0852970">
    <ele>766.6</ele>
   </trkpt>
   <trkpt lat="-26.2512700" lon="-51.0853410">
    <ele>766.2</ele>
   </trkpt>
   <trkpt lat="-26.2513560" lon="-51.0853900">
    <ele>765.8</ele>
   </trkpt>
   <trkpt lat="-26.2515040" lon="-51.0854900">
    <ele>765.6</ele>
   </trkpt>
   <trkpt lat="-26.2515390" lon="-51.0855120">
    <ele>765.6</ele>
   </trkpt>
   <trkpt lat="-26.2515750" lon="-51.0855340">
    <ele>765.4</ele>
   </trkpt>
   <trkpt lat="-26.2516110" lon="-51.0855560">
    <ele>765.2</ele>
   </trkpt>
   <trkpt lat="-26.2517170" lon="-51.0856220">
    <ele>765.0</ele>
   </trkpt>
   <trkpt lat="-26.2517900" lon="-51.0856610">
    <ele>765.0</ele>
   </trkpt>
   <trkpt lat="-26.2519170" lon="-51.0857430">
    <ele>764.8</ele>
   </trkpt>
   <trkpt lat="-26.2519440" lon="-51.0857630">
    <ele>764.8</ele>
   </trkpt>
   <trkpt lat="-26.2519710" lon="-51.0857830">
    <ele>764.8</ele>
   </trkpt>
   <trkpt lat="-26.2519980" lon="-51.0858030">
    <ele>764.8</ele>
   </trkpt>
   <trkpt lat="-26.2520990" lon="-51.0858810">
    <ele>764.8</ele>
   </trkpt>
   <trkpt lat="-26.2521200" lon="-51.0858980">
    <ele>765.0</ele>
   </trkpt>
   <trkpt lat="-26.2521660" lon="-51.0859360">
    <ele>765.0</ele>
   </trkpt>
   <trkpt lat="-26.2522580" lon="-51.0860130">
    <ele>765.2</ele>
   </trkpt>
   <trkpt lat="-26.2522850" lon="-51.0860280">
    <ele>765.2</ele>
   </trkpt>
   <trkpt lat="-26.2523120" lon="-51.0860430">
    <ele>765.2</ele>
   </trkpt>
   <trkpt lat="-26.2523380" lon="-51.0860580">
    <ele>765.4</ele>
   </trkpt>
   <trkpt lat="-26.2524180" lon="-51.0861030">
    <ele>765.4</ele>
   </trkpt>
   <trkpt lat="-26.2524720" lon="-51.0861470">
    <ele>765.6</ele>
   </trkpt>
   <trkpt lat="-26.2525650" lon="-51.0862200">
    <ele>765.6</ele>
   </trkpt>
   <trkpt lat="-26.2526120" lon="-51.0862570">
    <ele>765.6</ele>
   </trkpt>
   <trkpt lat="-26.2526360" lon="-51.0862720">
    <ele>765.6</ele>
   </trkpt>
   <trkpt lat="-26.2526600" lon="-51.0862870">
    <ele>765.6</ele>
   </trkpt>
   <trkpt lat="-26.2527310" lon="-51.0863360">
    <ele>765.8</ele>
   </trkpt>
   <trkpt lat="-26.2527550" lon="-51.0863540">
    <ele>765.8</ele>
   </trkpt>
   <trkpt lat="-26.2528140" lon="-51.0863850">
    <ele>765.8</ele>
   </trkpt>
   <trkpt lat="-26.2529110" lon="-51.0864470">
    <ele>766.0</ele>
   </trkpt>
   <trkpt lat="-26.2529360" lon="-51.0864630">
    <ele>766.2</ele>
   </trkpt>
   <trkpt lat="-26.2529610" lon="-51.0864790">
    <ele>766.2</ele>
   </trkpt>
   <trkpt lat="-26.2529860" lon="-51.0864950">
    <ele>766.2</ele>
   </trkpt>
   <trkpt lat="-26.2530610" lon="-51.0865420">
    <ele>766.4</ele>
   </trkpt>
   <trkpt lat="-26.2531260" lon="-51.0865850">
    <ele>766.4</ele>
   </trkpt>
   <trkpt lat="-26.2532330" lon="-51.0866570">
    <ele>766.4</ele>
   </trkpt>
   <trkpt lat="-26.2532600" lon="-51.0866730">
    <ele>766.4</ele>
   </trkpt>
   <trkpt lat="-26.2532860" lon="-51.0866890">
    <ele>766.6</ele>
   </trkpt>
   <trkpt lat="-26.2533590" lon="-51.0867410">
    <ele>766.6</ele>
   </trkpt>
   <trkpt lat="-26.2533790" lon="-51.0867610">
    <ele>766.8</ele>
   </trkpt>
   <trkpt lat="-26.2534180" lon="-51.0867930">
    <ele>767.0</ele>
   </trkpt>
   <trkpt lat="-26.2535070" lon="-51.0868410">
    <ele>767.0</ele>
   </trkpt>
   <trkpt lat="-26.2535320" lon="-51.0868580">
    <ele>767.2</ele>
   </trkpt>
   <trkpt lat="-26.2535580" lon="-51.0868740">
    <ele>767.4</ele>
   </trkpt>
   <trkpt lat="-26.2535830" lon="-51.0868900">
    <ele>767.6</ele>
   </trkpt>
   <trkpt lat="-26.2536600" lon="-51.0869390">
    <ele>767.8</ele>
   </trkpt>
   <trkpt lat="-26.2537070" lon="-51.0869640">
    <ele>768.0</ele>
   </trkpt>
   <trkpt lat="-26.2538070" lon="-51.0870190">
    <ele>768.2</ele>
   </trkpt>
   <trkpt lat="-26.2538310" lon="-51.0870360">
    <ele>768.4</ele>
   </trkpt>
   <trkpt lat="-26.2538560" lon="-51.0870530">
    <ele>768.8</ele>
   </trkpt>
   <trkpt lat="-26.2538800" lon="-51.0870700">
    <ele>769.4</ele>
   </trkpt>
   <trkpt lat="-26.2539730" lon="-51.0871370">
    <ele>770.0</ele>
   </trkpt>
   <trkpt lat="-26.2539930" lon="-51.0871530">
    <ele>770.6</ele>
   </trkpt>
   <trkpt lat="-26.2540260" lon="-51.0871900">
    <ele>771.0</ele>
   </trkpt>
   <trkpt lat="-26.2541040" lon="-51.0872440">
    <ele>771.6</ele>
   </trkpt>
   <trkpt lat="-26.2541480" lon="-51.0872690">
    <ele>772.2</ele>
   </trkpt>
   <trkpt lat="-26.2541920" lon="-51.0872950">
    <ele>772.6</ele>
   </trkpt>
   <trkpt lat="-26.2542120" lon="-51.0873090">
    <ele>773.2</ele>
   </trkpt>
   <trkpt lat="-26.2542310" lon="-51.0873240">
    <ele>773.6</ele>
   </trkpt>
   <trkpt lat="-26.2542840" lon="-51.0873570">
    <ele>774.2</ele>
   </trkpt>
   <trkpt lat="-26.2543300" lon="-51.0873770">
    <ele>774.8</ele>
   </trkpt>
   <trkpt lat="-26.2543620" lon="-51.0874040">
    <ele>775.4</ele>
   </trkpt>
   <trkpt lat="-26.2544340" lon="-51.0874540">
    <ele>775.8</ele>
   </trkpt>
   <trkpt lat="-26.2544760" lon="-51.0874820">
    <ele>776.0</ele>
   </trkpt>
   <trkpt lat="-26.2545170" lon="-51.0875100">
    <ele>776.2</ele>
   </trkpt>
   <trkpt lat="-26.2545380" lon="-51.0875250">
    <ele>776.2</ele>
   </trkpt>
   <trkpt lat="-26.2545600" lon="-51.0875390">
    <ele>776.2</ele>
   </trkpt>
   <trkpt lat="-26.2545910" lon="-51.0875730">
    <ele>776.2</ele>
   </trkpt>
   <trkpt lat="-26.2546660" lon="-51.0876400">
    <ele>776.2</ele>
   </trkpt>
   <trkpt lat="-26.2546960" lon="-51.0876700">
    <ele>776.2</ele>
   </trkpt>
   <trkpt lat="-26.2547250" lon="-51.0877010">
    <ele>776.0</ele>
   </trkpt>
   <trkpt lat="-26.2547460" lon="-51.0877200">
    <ele>775.8</ele>
   </trkpt>
   <trkpt lat="-26.2547660" lon="-51.0877390">
    <ele>775.8</ele>
   </trkpt>
   <trkpt lat="-26.2548030" lon="-51.0877950">
    <ele>775.8</ele>
   </trkpt>
   <trkpt lat="-26.2548270" lon="-51.0878490">
    <ele>775.6</ele>
   </trkpt>
   <trkpt lat="-26.2548670" lon="-51.0879740">
    <ele>775.6</ele>
   </trkpt>
   <trkpt lat="-26.2548850" lon="-51.0880110">
    <ele>775.4</ele>
   </trkpt>
   <trkpt lat="-26.2549030" lon="-51.0880470">
    <ele>774.8</ele>
   </trkpt>
   <trkpt lat="-26.2549290" lon="-51.0881200">
    <ele>774.0</ele>
   </trkpt>
   <trkpt lat="-26.2549560" lon="-51.0881930">
    <ele>773.0</ele>
   </trkpt>
   <trkpt lat="-26.2550090" lon="-51.0883390">
    <ele>772.0</ele>
   </trkpt>
   <trkpt lat="-26.2550530" lon="-51.0884530">
    <ele>770.8</ele>
   </trkpt>
   <trkpt lat="-26.2551230" lon="-51.0886230">
    <ele>770.0</ele>
   </trkpt>
   <trkpt lat="-26.2551480" lon="-51.0886770">
    <ele>769.4</ele>
   </trkpt>
   <trkpt lat="-26.2552250" lon="-51.0888360">
    <ele>768.8</ele>
   </trkpt>
   <trkpt lat="-26.2552510" lon="-51.0888850">
    <ele>768.6</ele>
   </trkpt>
   <trkpt lat="-26.2553030" lon="-51.0889840">
    <ele>768.4</ele>
   </trkpt>
   <trkpt lat="-26.2554180" lon="-51.0891590">
    <ele>768.0</ele>
   </trkpt>
   <trkpt lat="-26.2554430" lon="-51.0892000">
    <ele>767.6</ele>
   </trkpt>
   <trkpt lat="-26.2554670" lon="-51.0892410">
    <ele>767.0</ele>
   </trkpt>
   <trkpt lat="-26.2554910" lon="-51.0892820">
    <ele>766.8</ele>
   </trkpt>
   <trkpt lat="-26.2555860" lon="-51.0894440">
    <ele>766.4</ele>
   </trkpt>
   <trkpt lat="-26.2556080" lon="-51.0894840">
    <ele>766.2</ele>
   </trkpt>
   <trkpt lat="-26.2556520" lon="-51.0895570">
    <ele>765.8</ele>
   </trkpt>
   <trkpt lat="-26.2557710" lon="-51.0897000">
    <ele>765.6</ele>
   </trkpt>
   <trkpt lat="-26.2557950" lon="-51.0897340">
    <ele>765.4</ele>
   </trkpt>
   <trkpt lat="-26.2558190" lon="-51.0897680">
    <ele>765.4</ele>
   </trkpt>
   <trkpt lat="-26.2558840" lon="-51.0898660">
    <ele>765.4</ele>
   </trkpt>
   <trkpt lat="-26.2559020" lon="-51.0898960">
    <ele>765.4</ele>
   </trkpt>
   <trkpt lat="-26.2559380" lon="-51.0899660">
    <ele>765.2</ele>
   </trkpt>
   <trkpt lat="-26.2560360" lon="-51.0900700">
    <ele>765.2</ele>
   </trkpt>
   <trkpt lat="-26.2560570" lon="-51.0900980">
    <ele>765.2</ele>
   </trkpt>
   <trkpt lat="-26.2560780" lon="-51.0901250">
    <ele>765.0</ele>
   </trkpt>
   <trkpt lat="-26.2560990" lon="-51.0901520">
    <ele>765.0</ele>
   </trkpt>
   <trkpt lat="-26.2561630" lon="-51.0902350">
    <ele>764.8</ele>
   </trkpt>
   <trkpt lat="-26.2562000" lon="-51.0902850">
    <ele>765.0</ele>
   </trkpt>
   <trkpt lat="-26.2562370" lon="-51.0903320">
    <ele>765.0</ele>
   </trkpt>
   <trkpt lat="-26.2563090" lon="-51.0904490">
    <ele>765.0</ele>
   </trkpt>
   <trkpt lat="-26.2563240" lon="-51.0904800">
    <ele>765.0</ele>
   </trkpt>
   <trkpt lat="-26.2563390" lon="-51.0905110">
    <ele>765.0</ele>
   </trkpt>
   <trkpt lat="-26.2563870" lon="-51.0905990">
    <ele>765.2</ele>
   </trkpt>
   <trkpt lat="-26.2564040" lon="-51.0906250">
    <ele>765.0</ele>
   </trkpt>
   <trkpt lat="-26.2564430" lon="-51.0906810">
    <ele>765.0</ele>
   </trkpt>
   <trkpt lat="-26.2565340" lon="-51.0908020">
    <ele>765.0</ele>
   </trkpt>
   <trkpt lat="-26.2565660" lon="-51.0908410">
    <ele>765.0</ele>
   </trkpt>
   <trkpt lat="-26.2565970" lon="-51.0908810">
    <ele>764.8</ele>
   </trkpt>
   <trkpt lat="-26.2566590" lon="-51.0909600">
    <ele>764.6</ele>
   </trkpt>
   <trkpt lat="-26.2566860" lon="-51.0909860">
    <ele>764.6</ele>
   </trkpt>
   <trkpt lat="-26.2567120" lon="-51.0910120">
    <ele>764.6</ele>
   </trkpt>
   <trkpt lat="-26.2567660" lon="-51.0910580">
    <ele>764.6</ele>
   </trkpt>
   <trkpt lat="-26.2568050" lon="-51.0911040">
    <ele>764.6</ele>
   </trkpt>
   <trkpt lat="-26.2569030" lon="-51.0911760">
    <ele>764.6</ele>
   </trkpt>
   <trkpt lat="-26.2569280" lon="-51.0911960">
    <ele>764.6</ele>
   </trkpt>
   <trkpt lat="-26.2569540" lon="-51.0912150">
    <ele>764.6</ele>
   </trkpt>
   <trkpt lat="-26.2570030" lon="-51.0912440">
    <ele>764.8</ele>
   </trkpt>
   <trkpt lat="-26.2570520" lon="-51.0912640">
    <ele>765.0</ele>
   </trkpt>
   <trkpt lat="-26.2570960" lon="-51.0912750">
    <ele>765.0</ele>
   </trkpt>
   <trkpt lat="-26.2571460" lon="-51.0912830">
    <ele>765.0</ele>
   </trkpt>
   <trkpt lat="-26.2572670" lon="-51.0912900">
    <ele>765.2</ele>
   </trkpt>
   <trkpt lat="-26.2572940" lon="-51.0912890">
    <ele>765.2</ele>
   </trkpt>
   <trkpt lat="-26.2573200" lon="-51.0912880">
    <ele>765.2</ele>
   </trkpt>
   <trkpt lat="-26.2573730" lon="-51.0912810">
    <ele>765.2</ele>
   </trkpt>
   <trkpt lat="-26.2574310" lon="-51.0912760">
    <ele>765.2</ele>
   </trkpt>
   <trkpt lat="-26.2574910" lon="-51.0912870">
    <ele>765.2</ele>
   </trkpt>
   <trkpt lat="-26.2575940" lon="-51.0912820">
    <ele>765.4</ele>
   </trkpt>
   <trkpt lat="-26.2576230" lon="-51.0912770">
    <ele>765.4</ele>
   </trkpt>
   <trkpt lat="-26.2576530" lon="-51.0912720">
    <ele>765.6</ele>
   </trkpt>
   <trkpt lat="-26.2577080" lon="-51.0912630">
    <ele>765.6</ele>
   </trkpt>
   <trkpt lat="-26.2577630" lon="-51.0912670">
    <ele>765.6</ele>
   </trkpt>
   <trkpt lat="-26.2578710" lon="-51.0912520">
    <ele>765.8</ele>
   </trkpt>
   <trkpt lat="-26.2579300" lon="-51.0912600">
    <ele>766.0</ele>
   </trkpt>
   <trkpt lat="-26.2579560" lon="-51.0912600">
    <ele>766.2</ele>
   </trkpt>
   <trkpt lat="-26.2579820" lon="-51.0912610">
    <ele>766.4</ele>
   </trkpt>
   <trkpt lat="-26.2580080" lon="-51.0912610">
    <ele>766.4</ele>
   </trkpt>
   <trkpt lat="-26.2580860" lon="-51.0912630">
    <ele>766.6</ele>
   </trkpt>
   <trkpt lat="-26.2581420" lon="-51.0912480">
    <ele>767.0</ele>
   </trkpt>
   <trkpt lat="-26.2582570" lon="-51.0912170">
    <ele>767.2</ele>
   </trkpt>
   <trkpt lat="-26.2582880" lon="-51.0912130">
    <ele>767.4</ele>
   </trkpt>
   <trkpt lat="-26.2583190" lon="-51.0912080">
    <ele>767.6</ele>
   </trkpt>
   <trkpt lat="-26.2583500" lon="-51.0912040">
    <ele>767.8</ele>
   </trkpt>
   <trkpt lat="-26.2583890" lon="-51.0912040">
    <ele>768.0</ele>
   </trkpt>
   <trkpt lat="-26.2584320" lon="-51.0912020">
    <ele>768.4</ele>
   </trkpt>
   <trkpt lat="-26.2584700" lon="-51.0912060">
    <ele>768.6</ele>
   </trkpt>
   <trkpt lat="-26.2585550" lon="-51.0912010">
    <ele>768.8</ele>
   </trkpt>
   <trkpt lat="-26.2585750" lon="-51.0912040">
    <ele>769.2</ele>
   </trkpt>
   <trkpt lat="-26.2585950" lon="-51.0912070">
    <ele>769.4</ele>
   </trkpt>
   <trkpt lat="-26.2586440" lon="-51.0912120">
    <ele>769.6</ele>
   </trkpt>
   <trkpt lat="-26.2586930" lon="-51.0912170">
    <ele>770.0</ele>
   </trkpt>
   <trkpt lat="-26.2587790" lon="-51.0912460">
    <ele>770.2</ele>
   </trkpt>
   <trkpt lat="-26.2588010" lon="-51.0912650">
    <ele>770.4</ele>
   </trkpt>
   <trkpt lat="-26.2588230" lon="-51.0912850">
    <ele>770.6</ele>
   </trkpt>
   <trkpt lat="-26.2588450" lon="-51.0913050">
    <ele>770.6</ele>
   </trkpt>
   <trkpt lat="-26.2588790" lon="-51.0913340">
    <ele>770.8</ele>
   </trkpt>
   <trkpt lat="-26.2589130" lon="-51.0913570">
    <ele>771.0</ele>
   </trkpt>
   <trkpt lat="-26.2589720" lon="-51.0914280">
    <ele>771.2</ele>
   </trkpt>
   <trkpt lat="-26.2589940" lon="-51.0914520">
    <ele>771.2</ele>
   </trkpt>
   <trkpt lat="-26.2590170" lon="-51.0914760">
    <ele>771.4</ele>
   </trkpt>
   <trkpt lat="-26.2590390" lon="-51.0915000">
    <ele>771.6</ele>
   </trkpt>
   <trkpt lat="-26.2590730" lon="-51.0915390">
    <ele>771.6</ele>
   </trkpt>
   <trkpt lat="-26.2591070" lon="-51.0915810">
    <ele>771.8</ele>
   </trkpt>
   <trkpt lat="-26.2591430" lon="-51.0916150">
    <ele>771.8</ele>
   </trkpt>
   <trkpt lat="-26.2592240" lon="-51.0916930">
    <ele>771.8</ele>
   </trkpt>
   <trkpt lat="-26.2592440" lon="-51.0917060">
    <ele>771.6</ele>
   </trkpt>
   <trkpt lat="-26.2592640" lon="-51.0917190">
    <ele>771.6</ele>
   </trkpt>
   <trkpt lat="-26.2593080" lon="-51.0917390">
    <ele>771.4</ele>
   </trkpt>
   <trkpt lat="-26.2593690" lon="-51.0917480">
    <ele>771.4</ele>
   </trkpt>
   <trkpt lat="-26.2594600" lon="-51.0917480">
    <ele>771.2</ele>
   </trkpt>
   <trkpt lat="-26.2595040" lon="-51.0917400">
    <ele>771.2</ele>
   </trkpt>
   <trkpt lat="-26.2595450" lon="-51.0917320">
    <ele>771.2</ele>
   </trkpt>
   <trkpt lat="-26.2595860" lon="-51.0917250">
    <ele>771.2</ele>
   </trkpt>
   <trkpt lat="-26.2596080" lon="-51.0917210">
    <ele>771.2</ele>
   </trkpt>
   <trkpt lat="-26.2596310" lon="-51.0917180">
    <ele>771.2</ele>
   </trkpt>
   <trkpt lat="-26.2596800" lon="-51.0917170">
    <ele>771.4</ele>
   </trkpt>
   <trkpt lat="-26.2597680" lon="-51.0917130">
    <ele>771.4</ele>
   </trkpt>
   <trkpt lat="-26.2598170" lon="-51.0917070">
    <ele>771.4</ele>
   </trkpt>
   <trkpt lat="-26.2598430" lon="-51.0917050">
    <ele>771.4</ele>
   </trkpt>
   <trkpt lat="-26.2598700" lon="-51.0917030">
    <ele>771.6</ele>
   </trkpt>
   <trkpt lat="-26.2599240" lon="-51.0917020">
    <ele>771.6</ele>
   </trkpt>
   <trkpt lat="-26.2599580" lon="-51.0917000">
    <ele>772.0</ele>
   </trkpt>
   <trkpt lat="-26.2599960" lon="-51.0916930">
    <ele>772.2</ele>
   </trkpt>
   <trkpt lat="-26.2600700" lon="-51.0916840">
    <ele>772.4</ele>
   </trkpt>
   <trkpt lat="-26.2601130" lon="-51.0916940">
    <ele>772.6</ele>
   </trkpt>
   <trkpt lat="-26.2601130" lon="-51.0916940">
    <ele>772.8</ele>
   </trkpt>
   <trkpt lat="-26.2601480" lon="-51.0916960">
    <ele>772.8</ele>
   </trkpt>
   <trkpt lat="-26.2601950" lon="-51.0917000">
    <ele>773.0</ele>
   </trkpt>
   <trkpt lat="-26.2602320" lon="-51.0916880">
    <ele>773.0</ele>
   </trkpt>
   <trkpt lat="-26.2603040" lon="-51.0916810">
    <ele>773.2</ele>
   </trkpt>
   <trkpt lat="-26.2603430" lon="-51.0916770">
    <ele>773.6</ele>
   </trkpt>
   <trkpt lat="-26.2603600" lon="-51.0916700">
    <ele>773.8</ele>
   </trkpt>
   <trkpt lat="-26.2603780" lon="-51.0916630">
    <ele>774.0</ele>
   </trkpt>
   <trkpt lat="-26.2604310" lon="-51.0916440">
    <ele>774.2</ele>
   </trkpt>
   <trkpt lat="-26.2604570" lon="-51.0916500">
    <ele>774.4</ele>
   </trkpt>
   <trkpt lat="-26.2604840" lon="-51.0916570">
    <ele>774.8</ele>
   </trkpt>
   <trkpt lat="-26.2605050" lon="-51.0916530">
    <ele>774.8</ele>
   </trkpt>
   <trkpt lat="-26.2605260" lon="-51.0916490">
    <ele>775.0</ele>
   </trkpt>
   <trkpt lat="-26.2605470" lon="-51.0916450">
    <ele>775.4</ele>
   </trkpt>
   <trkpt lat="-26.2605700" lon="-51.0916440">
    <ele>775.6</ele>
   </trkpt>
   <trkpt lat="-26.2606090" lon="-51.0916290">
    <ele>775.8</ele>
   </trkpt>
   <trkpt lat="-26.2606620" lon="-51.0916230">
    <ele>776.2</ele>
   </trkpt>
   <trkpt lat="-26.2606810" lon="-51.0916240">
    <ele>776.4</ele>
   </trkpt>
   <trkpt lat="-26.2607000" lon="-51.0916240">
    <ele>776.6</ele>
   </trkpt>
   <trkpt lat="-26.2607000" lon="-51.0916240">
    <ele>776.8</ele>
   </trkpt>
   <trkpt lat="-26.2607160" lon="-51.0916280">
    <ele>777.0</ele>
   </trkpt>
   <trkpt lat="-26.2607570" lon="-51.0916240">
    <ele>777.2</ele>
   </trkpt>
   <trkpt lat="-26.2607750" lon="-51.0916220">
    <ele>777.4</ele>
   </trkpt>
   <trkpt lat="-26.2607930" lon="-51.0916200">
    <ele>777.6</ele>
   </trkpt>
   <trkpt lat="-26.2608110" lon="-51.0916180">
    <ele>778.0</ele>
   </trkpt>
   <trkpt lat="-26.2608380" lon="-51.0916140">
    <ele>778.2</ele>
   </trkpt>
   <trkpt lat="-26.2608550" lon="-51.0916160">
    <ele>778.4</ele>
   </trkpt>
   <trkpt lat="-26.2608780" lon="-51.0916190">
    <ele>778.6</ele>
   </trkpt>
   <trkpt lat="-26.2609250" lon="-51.0916130">
    <ele>778.8</ele>
   </trkpt>
   <trkpt lat="-26.2609460" lon="-51.0916100">
    <ele>779.0</ele>
   </trkpt>
   <trkpt lat="-26.2609660" lon="-51.0916080">
    <ele>779.2</ele>
   </trkpt>
   <trkpt lat="-26.2609660" lon="-51.0916080">
    <ele>779.4</ele>
   </trkpt>
   <trkpt lat="-26.2609840" lon="-51.0916100">
    <ele>779.6</ele>
   </trkpt>
   <trkpt lat="-26.2610030" lon="-51.0916110">
    <ele>779.8</ele>
   </trkpt>
   <trkpt lat="-26.2610480" lon="-51.0916080">
    <ele>780.2</ele>
   </trkpt>
   <trkpt lat="-26.2610700" lon="-51.0916070">
    <ele>780.4</ele>
   </trkpt>
   <trkpt lat="-26.2610920" lon="-51.0916070">
    <ele>780.6</ele>
   </trkpt>
   <trkpt lat="-26.2610920" lon="-51.0916070">
    <ele>781.0</ele>
   </trkpt>
   <trkpt lat="-26.2611170" lon="-51.0916030">
    <ele>781.2</ele>
   </trkpt>
   <trkpt lat="-26.2611370" lon="-51.0916030">
    <ele>781.2</ele>
   </trkpt>
   <trkpt lat="-26.2611810" lon="-51.0916000">
    <ele>781.4</ele>
   </trkpt>
   <trkpt lat="-26.2612040" lon="-51.0915970">
    <ele>781.6</ele>
   </trkpt>
   <trkpt lat="-26.2612270" lon="-51.0915940">
    <ele>781.8</ele>
   </trkpt>
   <trkpt lat="-26.2612270" lon="-51.0915940">
    <ele>782.2</ele>
   </trkpt>
   <trkpt lat="-26.2612500" lon="-51.0915850">
    <ele>782.6</ele>
   </trkpt>
   <trkpt lat="-26.2612870" lon="-51.0915810">
    <ele>782.8</ele>
   </trkpt>
   <trkpt lat="-26.2612870" lon="-51.0915810">
    <ele>783.2</ele>
   </trkpt>
   <trkpt lat="-26.2613210" lon="-51.0915860">
    <ele>783.4</ele>
   </trkpt>
   <trkpt lat="-26.2613430" lon="-51.0915770">
    <ele>783.6</ele>
   </trkpt>
   <trkpt lat="-26.2613560" lon="-51.0915760">
    <ele>783.8</ele>
   </trkpt>
   <trkpt lat="-26.2613690" lon="-51.0915750">
    <ele>783.8</ele>
   </trkpt>
   <trkpt lat="-26.2613830" lon="-51.0915730">
    <ele>784.0</ele>
   </trkpt>
   <trkpt lat="-26.2614110" lon="-51.0915670">
    <ele>784.2</ele>
   </trkpt>
   <trkpt lat="-26.2614610" lon="-51.0915630">
    <ele>784.4</ele>
   </trkpt>
   <trkpt lat="-26.2614610" lon="-51.0915630">
    <ele>784.6</ele>
   </trkpt>
   <trkpt lat="-26.2614960" lon="-51.0915620">
    <ele>784.8</ele>
   </trkpt>
   <trkpt lat="-26.2615080" lon="-51.0915590">
    <ele>785.0</ele>
   </trkpt>
   <trkpt lat="-26.2615200" lon="-51.0915560">
    <ele>785.2</ele>
   </trkpt>
   <trkpt lat="-26.2615330" lon="-51.0915530">
    <ele>785.4</ele>
   </trkpt>
   <trkpt lat="-26.2615720" lon="-51.0915510">
    <ele>785.8</ele>
   </trkpt>
   <trkpt lat="-26.2615910" lon="-51.0915550">
    <ele>786.0</ele>
   </trkpt>
   <trkpt lat="-26.2616100" lon="-51.0915580">
    <ele>786.2</ele>
   </trkpt>
   <trkpt lat="-26.2616240" lon="-51.0915540">
    <ele>786.4</ele>
   </trkpt>
   <trkpt lat="-26.2616380" lon="-51.0915500">
    <ele>786.8</ele>
   </trkpt>
   <trkpt lat="-26.2616520" lon="-51.0915450">
    <ele>787.0</ele>
   </trkpt>
   <trkpt lat="-26.2616720" lon="-51.0915470">
    <ele>787.4</ele>
   </trkpt>
   <trkpt lat="-26.2617060" lon="-51.0915350">
    <ele>787.6</ele>
   </trkpt>
   <trkpt lat="-26.2617200" lon="-51.0915350">
    <ele>787.8</ele>
   </trkpt>
   <trkpt lat="-26.2617350" lon="-51.0915360">
    <ele>788.2</ele>
   </trkpt>
   <trkpt lat="-26.2617500" lon="-51.0915370">
    <ele>788.4</ele>
   </trkpt>
   <trkpt lat="-26.2617500" lon="-51.0915370">
    <ele>788.6</ele>
   </trkpt>
   <trkpt lat="-26.2617680" lon="-51.0915340">
    <ele>788.8</ele>
   </trkpt>
   <trkpt lat="-26.2617990" lon="-51.0915350">
    <ele>789.2</ele>
   </trkpt>
   <trkpt lat="-26.2617990" lon="-51.0915350">
    <ele>789.4</ele>
   </trkpt>
   <trkpt lat="-26.2617990" lon="-51.0915350">
    <ele>789.6</ele>
   </trkpt>
   <trkpt lat="-26.2618240" lon="-51.0915510">
    <ele>789.8</ele>
   </trkpt>
   <trkpt lat="-26.2618440" lon="-51.0915440">
    <ele>790.0</ele>
   </trkpt>
   <trkpt lat="-26.2618590" lon="-51.0915410">
    <ele>790.4</ele>
   </trkpt>
   <trkpt lat="-26.2618850" lon="-51.0915370">
    <ele>790.6</ele>
   </trkpt>
   <trkpt lat="-26.2618850" lon="-51.0915370">
    <ele>790.8</ele>
   </trkpt>
   <trkpt lat="-26.2619110" lon="-51.0915330">
    <ele>791.0</ele>
   </trkpt>
   <trkpt lat="-26.2619110" lon="-51.0915330">
    <ele>791.4</ele>
   </trkpt>
   <trkpt lat="-26.2619270" lon="-51.0915310">
    <ele>791.8</ele>
   </trkpt>
   <trkpt lat="-26.2619560" lon="-51.0915340">
    <ele>792.0</ele>
   </trkpt>
   <trkpt lat="-26.2619560" lon="-51.0915340">
    <ele>792.2</ele>
   </trkpt>
   <trkpt lat="-26.2619640" lon="-51.0915420">
    <ele>792.6</ele>
   </trkpt>
   <trkpt lat="-26.2619770" lon="-51.0915410">
    <ele>792.8</ele>
   </trkpt>
   <trkpt lat="-26.2619970" lon="-51.0915390">
    <ele>793.0</ele>
   </trkpt>
   <trkpt lat="-26.2620200" lon="-51.0915390">
    <ele>793.2</ele>
   </trkpt>
   <trkpt lat="-26.2620200" lon="-51.0915390">
    <ele>793.6</ele>
   </trkpt>
   <trkpt lat="-26.2620200" lon="-51.0915390">
    <ele>794.0</ele>
   </trkpt>
   <trkpt lat="-26.2620350" lon="-51.0915480">
    <ele>794.2</ele>
   </trkpt>
   <trkpt lat="-26.2620470" lon="-51.0915560">
    <ele>794.4</ele>
   </trkpt>
   <trkpt lat="-26.2620590" lon="-51.0915610">
    <ele>794.8</ele>
   </trkpt>
   <trkpt lat="-26.2620870" lon="-51.0915660">
    <ele>795.0</ele>
   </trkpt>
   <trkpt lat="-26.2620870" lon="-51.0915660">
    <ele>795.2</ele>
   </trkpt>
   <trkpt lat="-26.2621020" lon="-51.0915700">
    <ele>795.6</ele>
   </trkpt>
   <trkpt lat="-26.2621140" lon="-51.0915740">
    <ele>795.8</ele>
   </trkpt>
   <trkpt lat="-26.2621260" lon="-51.0915810">
    <ele>796.0</ele>
   </trkpt>
   <trkpt lat="-26.2621390" lon="-51.0915860">
    <ele>796.2</ele>
   </trkpt>
   <trkpt lat="-26.2621620" lon="-51.0916000">
    <ele>796.4</ele>
   </trkpt>
   <trkpt lat="-26.2621620" lon="-51.0916000">
    <ele>796.8</ele>
   </trkpt>
   <trkpt lat="-26.2621720" lon="-51.0916080">
    <ele>797.0</ele>
   </trkpt>
   <trkpt lat="-26.2621820" lon="-51.0916180">
    <ele>797.2</ele>
   </trkpt>
   <trkpt lat="-26.2621940" lon="-51.0916240">
    <ele>797.4</ele>
   </trkpt>
   <trkpt lat="-26.2622060" lon="-51.0916290">
    <ele>797.6</ele>
   </trkpt>
   <trkpt lat="-26.2622300" lon="-51.0916240">
    <ele>797.6</ele>
   </trkpt>
   <trkpt lat="-26.2622420" lon="-51.0916190">
    <ele>797.8</ele>
   </trkpt>
   <trkpt lat="-26.2622420" lon="-51.0916190">
    <ele>798.2</ele>
   </trkpt>
   <trkpt lat="-26.2622660" lon="-51.0916180">
    <ele>798.4</ele>
   </trkpt>
   <trkpt lat="-26.2622660" lon="-51.0916180">
    <ele>798.6</ele>
   </trkpt>
   <trkpt lat="-26.2622790" lon="-51.0916160">
    <ele>798.6</ele>
   </trkpt>
   <trkpt lat="-26.2623040" lon="-51.0916140">
    <ele>798.8</ele>
   </trkpt>
   <trkpt lat="-26.2623040" lon="-51.0916140">
    <ele>799.0</ele>
   </trkpt>
   <trkpt lat="-26.2623280" lon="-51.0916080">
    <ele>799.2</ele>
   </trkpt>
   <trkpt lat="-26.2623280" lon="-51.0916080">
    <ele>799.4</ele>
   </trkpt>
   <trkpt lat="-26.2623400" lon="-51.0916050">
    <ele>799.6</ele>
   </trkpt>
   <trkpt lat="-26.2623640" lon="-51.0916010">
    <ele>799.8</ele>
   </trkpt>
   <trkpt lat="-26.2623640" lon="-51.0916010">
    <ele>800.0</ele>
   </trkpt>
   <trkpt lat="-26.2623850" lon="-51.0915980">
    <ele>800.2</ele>
   </trkpt>
   <trkpt lat="-26.2623850" lon="-51.0915980">
    <ele>800.4</ele>
   </trkpt>
   <trkpt lat="-26.2623940" lon="-51.0915890">
    <ele>800.8</ele>
   </trkpt>
   <trkpt lat="-26.2624050" lon="-51.0915840">
    <ele>801.0</ele>
   </trkpt>
   <trkpt lat="-26.2624180" lon="-51.0915720">
    <ele>801.2</ele>
   </trkpt>
   <trkpt lat="-26.2624360" lon="-51.0915500">
    <ele>801.6</ele>
   </trkpt>
   <trkpt lat="-26.2624360" lon="-51.0915500">
    <ele>801.8</ele>
   </trkpt>
   <trkpt lat="-26.2624360" lon="-51.0915500">
    <ele>802.2</ele>
   </trkpt>
   <trkpt lat="-26.2624600" lon="-51.0915370">
    <ele>802.4</ele>
   </trkpt>
   <trkpt lat="-26.2624600" lon="-51.0915370">
    <ele>802.6</ele>
   </trkpt>
   <trkpt lat="-26.2624740" lon="-51.0915300">
    <ele>802.8</ele>
   </trkpt>
   <trkpt lat="-26.2624900" lon="-51.0915280">
    <ele>803.0</ele>
   </trkpt>
   <trkpt lat="-26.2625220" lon="-51.0915360">
    <ele>803.4</ele>
   </trkpt>
   <trkpt lat="-26.2625220" lon="-51.0915360">
    <ele>803.6</ele>
   </trkpt>
   <trkpt lat="-26.2625430" lon="-51.0915120">
    <ele>803.8</ele>
   </trkpt>
   <trkpt lat="-26.2625430" lon="-51.0915120">
    <ele>804.0</ele>
   </trkpt>
   <trkpt lat="-26.2625450" lon="-51.0915030">
    <ele>804.2</ele>
   </trkpt>
   <trkpt lat="-26.2625550" lon="-51.0914880">
    <ele>804.6</ele>
   </trkpt>
   <trkpt lat="-26.2625800" lon="-51.0914790">
    <ele>804.8</ele>
   </trkpt>
   <trkpt lat="-26.2625800" lon="-51.0914790">
    <ele>805.0</ele>
   </trkpt>
   <trkpt lat="-26.2625800" lon="-51.0914790">
    <ele>805.4</ele>
   </trkpt>
   <trkpt lat="-26.2626030" lon="-51.0914760">
    <ele>805.6</ele>
   </trkpt>
   <trkpt lat="-26.2626220" lon="-51.0914760">
    <ele>805.8</ele>
   </trkpt>
   <trkpt lat="-26.2626350" lon="-51.0914720">
    <ele>806.2</ele>
   </trkpt>
   <trkpt lat="-26.2626600" lon="-51.0914450">
    <ele>806.4</ele>
   </trkpt>
   <trkpt lat="-26.2626600" lon="-51.0914450">
    <ele>806.6</ele>
   </trkpt>
   <trkpt lat="-26.2626600" lon="-51.0914450">
    <ele>807.0</ele>
   </trkpt>
   <trkpt lat="-26.2626730" lon="-51.0914230">
    <ele>807.2</ele>
   </trkpt>
   <trkpt lat="-26.2626730" lon="-51.0914230">
    <ele>807.4</ele>
   </trkpt>
   <trkpt lat="-26.2626890" lon="-51.0914120">
    <ele>807.8</ele>
   </trkpt>
   <trkpt lat="-26.2627000" lon="-51.0913990">
    <ele>808.0</ele>
   </trkpt>
   <trkpt lat="-26.2627190" lon="-51.0913950">
    <ele>808.2</ele>
   </trkpt>
   <trkpt lat="-26.2627190" lon="-51.0913950">
    <ele>808.4</ele>
   </trkpt>
   <trkpt lat="-26.2627320" lon="-51.0913930">
    <ele>808.6</ele>
   </trkpt>
   <trkpt lat="-26.2627430" lon="-51.0913890">
    <ele>809.0</ele>
   </trkpt>
   <trkpt lat="-26.2627500" lon="-51.0913820">
    <ele>809.2</ele>
   </trkpt>
   <trkpt lat="-26.2627780" lon="-51.0913540">
    <ele>809.4</ele>
   </trkpt>
   <trkpt lat="-26.2627780" lon="-51.0913540">
    <ele>809.6</ele>
   </trkpt>
   <trkpt lat="-26.2627960" lon="-51.0913280">
    <ele>810.0</ele>
   </trkpt>
   <trkpt lat="-26.2627960" lon="-51.0913280">
    <ele>810.2</ele>
   </trkpt>
   <trkpt lat="-26.2628100" lon="-51.0913190">
    <ele>810.4</ele>
   </trkpt>
   <trkpt lat="-26.2628310" lon="-51.0913290">
    <ele>810.8</ele>
   </trkpt>
   <trkpt lat="-26.2628310" lon="-51.0913290">
    <ele>811.0</ele>
   </trkpt>
   <trkpt lat="-26.2628590" lon="-51.0913110">
    <ele>811.2</ele>
   </trkpt>
   <trkpt lat="-26.2628590" lon="-51.0913110">
    <ele>811.6</ele>
   </trkpt>
   <trkpt lat="-26.2628760" lon="-51.0913140">
    <ele>812.0</ele>
   </trkpt>
   <trkpt lat="-26.2628840" lon="-51.0913090">
    <ele>812.2</ele>
   </trkpt>
   <trkpt lat="-26.2629020" lon="-51.0912930">
    <ele>812.6</ele>
   </trkpt>
   <trkpt lat="-26.2629020" lon="-51.0912930">
    <ele>812.8</ele>
   </trkpt>
   <trkpt lat="-26.2629260" lon="-51.0912800">
    <ele>813.2</ele>
   </trkpt>
   <trkpt lat="-26.2629260" lon="-51.0912800">
    <ele>813.6</ele>
   </trkpt>
   <trkpt lat="-26.2629550" lon="-51.0912850">
    <ele>814.0</ele>
   </trkpt>
   <trkpt lat="-26.2629600" lon="-51.0912950">
    <ele>814.2</ele>
   </trkpt>
   <trkpt lat="-26.2629650" lon="-51.0913060">
    <ele>814.2</ele>
   </trkpt>
   <trkpt lat="-26.2629710" lon="-51.0913170">
    <ele>814.4</ele>
   </trkpt>
   <trkpt lat="-26.2629760" lon="-51.0913270">
    <ele>814.6</ele>
   </trkpt>
   <trkpt lat="-26.2629810" lon="-51.0913380">
    <ele>814.6</ele>
   </trkpt>
   <trkpt lat="-26.2629810" lon="-51.0913380">
    <ele>814.6</ele>
   </trkpt>
   <trkpt lat="-26.2629920" lon="-51.0913610">
    <ele>814.6</ele>
   </trkpt>
   <trkpt lat="-26.2630000" lon="-51.0913750">
    <ele>814.8</ele>
   </trkpt>
   <trkpt lat="-26.2630070" lon="-51.0913890">
    <ele>814.8</ele>
   </trkpt>
   <trkpt lat="-26.2630140" lon="-51.0914030">
    <ele>814.8</ele>
   </trkpt>
   <trkpt lat="-26.2630140" lon="-51.0914030">
    <ele>815.0</ele>
   </trkpt>
   <trkpt lat="-26.2630370" lon="-51.0914200">
    <ele>815.0</ele>
   </trkpt>
   <trkpt lat="-26.2630370" lon="-51.0914200">
    <ele>815.0</ele>
   </trkpt>
   <trkpt lat="-26.2630370" lon="-51.0914200">
    <ele>815.2</ele>
   </trkpt>
   <trkpt lat="-26.2630550" lon="-51.0914440">
    <ele>815.2</ele>
   </trkpt>
   <trkpt lat="-26.2630550" lon="-51.0914440">
    <ele>815.2</ele>
   </trkpt>
   <trkpt lat="-26.2630480" lon="-51.0914340">
    <ele>815.2</ele>
   </trkpt>
   <trkpt lat="-26.2630520" lon="-51.0914300">
    <ele>815.2</ele>
   </trkpt>
   <trkpt lat="-26.2630520" lon="-51.0914300">
    <ele>815.2</ele>
   </trkpt>
   <trkpt lat="-26.2630430" lon="-51.0914330">
    <ele>815.2</ele>
   </trkpt>
   <trkpt lat="-26.2630430" lon="-51.0914330">
    <ele>815.2</ele>
   </trkpt>
   <trkpt lat="-26.2630360" lon="-51.0914380">
    <ele>815.2</ele>
   </trkpt>
   <trkpt lat="-26.2630380" lon="-51.0914390">
    <ele>815.2</ele>
   </trkpt>
   <trkpt lat="-26.2630350" lon="-51.0914430">
    <ele>815.2</ele>
   </trkpt>
   <trkpt lat="-26.2631610" lon="-51.0914970">
    <ele>815.8</ele>
   </trkpt>
   <trkpt lat="-26.2631770" lon="-51.0914840">
    <ele>816.0</ele>
   </trkpt>
   <trkpt lat="-26.2631770" lon="-51.0914840">
    <ele>816.4</ele>
   </trkpt>
   <trkpt lat="-26.2631810" lon="-51.0914880">
    <ele>816.6</ele>
   </trkpt>
   <trkpt lat="-26.2631810" lon="-51.0914880">
    <ele>816.8</ele>
   </trkpt>
   <trkpt lat="-26.2631810" lon="-51.0914880">
    <ele>817.2</ele>
   </trkpt>
   <trkpt lat="-26.2631980" lon="-51.0914760">
    <ele>817.4</ele>
   </trkpt>
   <trkpt lat="-26.2632100" lon="-51.0914820">
    <ele>817.6</ele>
   </trkpt>
   <trkpt lat="-26.2632100" lon="-51.0914790">
    <ele>818.0</ele>
   </trkpt>
   <trkpt lat="-26.2632300" lon="-51.0914790">
    <ele>818.2</ele>
   </trkpt>
   <trkpt lat="-26.2632300" lon="-51.0914790">
    <ele>818.4</ele>
   </trkpt>
   <trkpt lat="-26.2632300" lon="-51.0914790">
    <ele>818.8</ele>
   </trkpt>
   <trkpt lat="-26.2637670" lon="-51.0911330">
    <ele>840.2</ele>
   </trkpt>
   <trkpt lat="-26.2637670" lon="-51.0911330">
    <ele>840.2</ele>
   </trkpt>
   <trkpt lat="-26.2637850" lon="-51.0911110">
    <ele>840.4</ele>
   </trkpt>
   <trkpt lat="-26.2637850" lon="-51.0911110">
    <ele>840.6</ele>
   </trkpt>
   <trkpt lat="-26.2637910" lon="-51.0911040">
    <ele>840.6</ele>
   </trkpt>
   <trkpt lat="-26.2638020" lon="-51.0910990">
    <ele>840.6</ele>
   </trkpt>
   <trkpt lat="-26.2638470" lon="-51.0911030">
    <ele>840.6</ele>
   </trkpt>
   <trkpt lat="-26.2638660" lon="-51.0911000">
    <ele>840.6</ele>
   </trkpt>
   <trkpt lat="-26.2638850" lon="-51.0910970">
    <ele>840.8</ele>
   </trkpt>
   <trkpt lat="-26.2638850" lon="-51.0910970">
    <ele>840.8</ele>
   </trkpt>
   <trkpt lat="-26.2639040" lon="-51.0910960">
    <ele>841.0</ele>
   </trkpt>
   <trkpt lat="-26.2639280" lon="-51.0910890">
    <ele>841.2</ele>
   </trkpt>
   <trkpt lat="-26.2639740" lon="-51.0910860">
    <ele>841.2</ele>
   </trkpt>
   <trkpt lat="-26.2639870" lon="-51.0910850">
    <ele>841.4</ele>
   </trkpt>
   <trkpt lat="-26.2640000" lon="-51.0910850">
    <ele>841.6</ele>
   </trkpt>
   <trkpt lat="-26.2640130" lon="-51.0910850">
    <ele>841.6</ele>
   </trkpt>
   <trkpt lat="-26.2640360" lon="-51.0910900">
    <ele>841.8</ele>
   </trkpt>
   <trkpt lat="-26.2640500" lon="-51.0910880">
    <ele>841.8</ele>
   </trkpt>
   <trkpt lat="-26.2640680" lon="-51.0910840">
    <ele>842.0</ele>
   </trkpt>
   <trkpt lat="-26.2641100" lon="-51.0910720">
    <ele>842.0</ele>
   </trkpt>
   <trkpt lat="-26.2641100" lon="-51.0910720">
    <ele>842.2</ele>
   </trkpt>
   <trkpt lat="-26.2641370" lon="-51.0910500">
    <ele>842.2</ele>
   </trkpt>
   <trkpt lat="-26.2641370" lon="-51.0910500">
    <ele>842.4</ele>
   </trkpt>
   <trkpt lat="-26.2641570" lon="-51.0910380">
    <ele>842.6</ele>
   </trkpt>
   <trkpt lat="-26.2641740" lon="-51.0910290">
    <ele>842.8</ele>
   </trkpt>
   <trkpt lat="-26.2642040" lon="-51.0910060">
    <ele>843.0</ele>
   </trkpt>
   <trkpt lat="-26.2642210" lon="-51.0909910">
    <ele>843.0</ele>
   </trkpt>
   <trkpt lat="-26.2642380" lon="-51.0909770">
    <ele>843.0</ele>
   </trkpt>
   <trkpt lat="-26.2642550" lon="-51.0909630">
    <ele>843.0</ele>
   </trkpt>
   <trkpt lat="-26.2642550" lon="-51.0909630">
    <ele>843.0</ele>
   </trkpt>
   <trkpt lat="-26.2642740" lon="-51.0909490">
    <ele>843.0</ele>
   </trkpt>
   <trkpt lat="-26.2642940" lon="-51.0909300">
    <ele>843.0</ele>
   </trkpt>
   <trkpt lat="-26.2643300" lon="-51.0909040">
    <ele>843.0</ele>
   </trkpt>
   <trkpt lat="-26.2643430" lon="-51.0908870">
    <ele>843.0</ele>
   </trkpt>
   <trkpt lat="-26.2643570" lon="-51.0908690">
    <ele>843.2</ele>
   </trkpt>
   <trkpt lat="-26.2643570" lon="-51.0908690">
    <ele>843.2</ele>
   </trkpt>
   <trkpt lat="-26.2643690" lon="-51.0908500">
    <ele>843.2</ele>
   </trkpt>
   <trkpt lat="-26.2643910" lon="-51.0908320">
    <ele>843.2</ele>
   </trkpt>
   <trkpt lat="-26.2644120" lon="-51.0907820">
    <ele>843.4</ele>
   </trkpt>
   <trkpt lat="-26.2644230" lon="-51.0907610">
    <ele>843.4</ele>
   </trkpt>
   <trkpt lat="-26.2644340" lon="-51.0907410">
    <ele>843.4</ele>
   </trkpt>
   <trkpt lat="-26.2644450" lon="-51.0907210">
    <ele>843.6</ele>
   </trkpt>
   <trkpt lat="-26.2644450" lon="-51.0907210">
    <ele>843.6</ele>
   </trkpt>
   <trkpt lat="-26.2644570" lon="-51.0906980">
    <ele>843.8</ele>
   </trkpt>
   <trkpt lat="-26.2644710" lon="-51.0906800">
    <ele>843.8</ele>
   </trkpt>
   <trkpt lat="-26.2644960" lon="-51.0906430">
    <ele>844.0</ele>
   </trkpt>
   <trkpt lat="-26.2644960" lon="-51.0906430">
    <ele>844.2</ele>
   </trkpt>
   <trkpt lat="-26.2645090" lon="-51.0906170">
    <ele>844.2</ele>
   </trkpt>
   <trkpt lat="-26.2645090" lon="-51.0906170">
    <ele>844.4</ele>
   </trkpt>
   <trkpt lat="-26.2645220" lon="-51.0906060">
    <ele>844.4</ele>
   </trkpt>
   <trkpt lat="-26.2645340" lon="-51.0905930">
    <ele>844.4</ele>
   </trkpt>
   <trkpt lat="-26.2645440" lon="-51.0905750">
    <ele>844.6</ele>
   </trkpt>
   <trkpt lat="-26.2645730" lon="-51.0905260">
    <ele>844.6</ele>
   </trkpt>
   <trkpt lat="-26.2645730" lon="-51.0905260">
    <ele>844.6</ele>
   </trkpt>
   <trkpt lat="-26.2645890" lon="-51.0905060">
    <ele>844.6</ele>
   </trkpt>
   <trkpt lat="-26.2645890" lon="-51.0905060">
    <ele>844.6</ele>
   </trkpt>
   <trkpt lat="-26.2645970" lon="-51.0905000">
    <ele>844.6</ele>
   </trkpt>
   <trkpt lat="-26.2645950" lon="-51.0904900">
    <ele>844.6</ele>
   </trkpt>
   <trkpt lat="-26.2645950" lon="-51.0904900">
    <ele>844.6</ele>
   </trkpt>
   <trkpt lat="-26.2645950" lon="-51.0904900">
    <ele>844.6</ele>
   </trkpt>
   <trkpt lat="-26.2645680" lon="-51.0904670">
    <ele>844.6</ele>
   </trkpt>
   <trkpt lat="-26.2645680" lon="-51.0904670">
    <ele>844.6</ele>
   </trkpt>
   <trkpt lat="-26.2645540" lon="-51.0904500">
    <ele>844.6</ele>
   </trkpt>
   <trkpt lat="-26.2645440" lon="-51.0903640">
    <ele>844.6</ele>
   </trkpt>
   <trkpt lat="-26.2645410" lon="-51.0902900">
    <ele>849.0</ele>
   </trkpt>
   <trkpt lat="-26.2645380" lon="-51.0902160">
    <ele>849.0</ele>
   </trkpt>
   <trkpt lat="-26.2645340" lon="-51.0901420">
    <ele>849.2</ele>
   </trkpt>
   <trkpt lat="-26.2645310" lon="-51.0900680">
    <ele>849.4</ele>
   </trkpt>
   <trkpt lat="-26.2645240" lon="-51.0900340">
    <ele>849.6</ele>
   </trkpt>
   <trkpt lat="-26.2645000" lon="-51.0900110">
    <ele>849.8</ele>
   </trkpt>
   <trkpt lat="-26.2644820" lon="-51.0900000">
    <ele>850.0</ele>
   </trkpt>
   <trkpt lat="-26.2644810" lon="-51.0899660">
    <ele>850.0</ele>
   </trkpt>
   <trkpt lat="-26.2644800" lon="-51.0899330">
    <ele>849.8</ele>
   </trkpt>
   <trkpt lat="-26.2644800" lon="-51.0899330">
    <ele>849.4</ele>
   </trkpt>
   <trkpt lat="-26.2644870" lon="-51.0898950">
    <ele>849.2</ele>
   </trkpt>
   <trkpt lat="-26.2644860" lon="-51.0898750">
    <ele>849.0</ele>
   </trkpt>
   <trkpt lat="-26.2644850" lon="-51.0898550">
    <ele>849.0</ele>
   </trkpt>
   <trkpt lat="-26.2644770" lon="-51.0898370">
    <ele>848.8</ele>
   </trkpt>
   <trkpt lat="-26.2644680" lon="-51.0898200">
    <ele>848.8</ele>
   </trkpt>
   <trkpt lat="-26.2644590" lon="-51.0898030">
    <ele>848.6</ele>
   </trkpt>
   <trkpt lat="-26.2644610" lon="-51.0897670">
    <ele>848.4</ele>
   </trkpt>
   <trkpt lat="-26.2644590" lon="-51.0897370">
    <ele>848.2</ele>
   </trkpt>
   <trkpt lat="-26.2644570" lon="-51.0897070">
    <ele>848.0</ele>
   </trkpt>
   <trkpt lat="-26.2644570" lon="-51.0897070">
    <ele>847.8</ele>
   </trkpt>
   <trkpt lat="-26.2644570" lon="-51.0897070">
    <ele>847.6</ele>
   </trkpt>
   <trkpt lat="-26.2643270" lon="-51.0895110">
    <ele>848.0</ele>
   </trkpt>
   <trkpt lat="-26.2643140" lon="-51.0894890">
    <ele>848.2</ele>
   </trkpt>
   <trkpt lat="-26.2643010" lon="-51.0894670">
    <ele>848.4</ele>
   </trkpt>
   <trkpt lat="-26.2643010" lon="-51.0894670">
    <ele>848.6</ele>
   </trkpt>
   <trkpt lat="-26.2642870" lon="-51.0894380">
    <ele>848.8</ele>
   </trkpt>
   <trkpt lat="-26.2642620" lon="-51.0894100">
    <ele>849.0</ele>
   </trkpt>
   <trkpt lat="-26.2642470" lon="-51.0893940">
    <ele>849.4</ele>
   </trkpt>
   <trkpt lat="-26.2642310" lon="-51.0893610">
    <ele>849.6</ele>
   </trkpt>
   <trkpt lat="-26.2642420" lon="-51.0893230">
    <ele>849.8</ele>
   </trkpt>
   <trkpt lat="-26.2642420" lon="-51.0893230">
    <ele>850.0</ele>
   </trkpt>
   <trkpt lat="-26.2642420" lon="-51.0893230">
    <ele>850.4</ele>
   </trkpt>
   <trkpt lat="-26.2642600" lon="-51.0892920">
    <ele>850.6</ele>
   </trkpt>
   <trkpt lat="-26.2642730" lon="-51.0892690">
    <ele>850.8</ele>
   </trkpt>
   <trkpt lat="-26.2642900" lon="-51.0892490">
    <ele>851.0</ele>
   </trkpt>
   <trkpt lat="-26.2643070" lon="-51.0892350">
    <ele>851.2</ele>
   </trkpt>
   <trkpt lat="-26.2643300" lon="-51.0892070">
    <ele>851.4</ele>
   </trkpt>
   <trkpt lat="-26.2643460" lon="-51.0891940">
    <ele>851.6</ele>
   </trkpt>
   <trkpt lat="-26.2643620" lon="-51.0891810">
    <ele>851.8</ele>
   </trkpt>
   <trkpt lat="-26.2643620" lon="-51.0891810">
    <ele>852.0</ele>
   </trkpt>
   <trkpt lat="-26.2643620" lon="-51.0891650">
    <ele>852.0</ele>
   </trkpt>
   <trkpt lat="-26.2643730" lon="-51.0891450">
    <ele>852.2</ele>
   </trkpt>
   <trkpt lat="-26.2643790" lon="-51.0891400">
    <ele>852.2</ele>
   </trkpt>
   <trkpt lat="-26.2643790" lon="-51.0891400">
    <ele>852.2</ele>
   </trkpt>
   <trkpt lat="-26.2643790" lon="-51.0891400">
    <ele>852.2</ele>
   </trkpt>
   <trkpt lat="-26.2643690" lon="-51.0891470">
    <ele>852.2</ele>
   </trkpt>
   <trkpt lat="-26.2643770" lon="-51.0891400">
    <ele>852.2</ele>
   </trkpt>
   <trkpt lat="-26.2643870" lon="-51.0891250">
    <ele>852.2</ele>
   </trkpt>
   <trkpt lat="-26.2643950" lon="-51.0891130">
    <ele>852.4</ele>
   </trkpt>
   <trkpt lat="-26.2644020" lon="-51.0890750">
    <ele>852.6</ele>
   </trkpt>
   <trkpt lat="-26.2644020" lon="-51.0890750">
    <ele>852.8</ele>
   </trkpt>
   <trkpt lat="-26.2644440" lon="-51.0889760">
    <ele>854.4</ele>
   </trkpt>
   <trkpt lat="-26.2644390" lon="-51.0889740">
    <ele>854.4</ele>
   </trkpt>
   <trkpt lat="-26.2644390" lon="-51.0889740">
    <ele>854.4</ele>
   </trkpt>
   <trkpt lat="-26.2644360" lon="-51.0889720">
    <ele>854.4</ele>
   </trkpt>
   <trkpt lat="-26.2644440" lon="-51.0889620">
    <ele>854.4</ele>
   </trkpt>
   <trkpt lat="-26.2644550" lon="-51.0889570">
    <ele>854.4</ele>
   </trkpt>
   <trkpt lat="-26.2644550" lon="-51.0889570">
    <ele>854.4</ele>
   </trkpt>
   <trkpt lat="-26.2644580" lon="-51.0889550">
    <ele>854.4</ele>
   </trkpt>
   <trkpt lat="-26.2643900" lon="-51.0891830">
    <ele>852.6</ele>
   </trkpt>
   <trkpt lat="-26.2643650" lon="-51.0892020">
    <ele>852.4</ele>
   </trkpt>
   <trkpt lat="-26.2643450" lon="-51.0892030">
    <ele>852.2</ele>
   </trkpt>
   <trkpt lat="-26.2643220" lon="-51.0892280">
    <ele>852.0</ele>
   </trkpt>
   <trkpt lat="-26.2642890" lon="-51.0892400">
    <ele>851.8</ele>
   </trkpt>
   <trkpt lat="-26.2642890" lon="-51.0892400">
    <ele>851.4</ele>
   </trkpt>
   <trkpt lat="-26.2642810" lon="-51.0892710">
    <ele>851.2</ele>
   </trkpt>
   <trkpt lat="-26.2642820" lon="-51.0893130">
    <ele>850.8</ele>
   </trkpt>
   <trkpt lat="-26.2642920" lon="-51.0893630">
    <ele>850.4</ele>
   </trkpt>
   <trkpt lat="-26.2643370" lon="-51.0894490">
    <ele>850.0</ele>
   </trkpt>
   <trkpt lat="-26.2643460" lon="-51.0894710">
    <ele>849.8</ele>
   </trkpt>
   <trkpt lat="-26.2643540" lon="-51.0894930">
    <ele>849.6</ele>
   </trkpt>
   <trkpt lat="-26.2643710" lon="-51.0895290">
    <ele>849.4</ele>
   </trkpt>
   <trkpt lat="-26.2643980" lon="-51.0895540">
    <ele>849.0</ele>
   </trkpt>
   <trkpt lat="-26.2644140" lon="-51.0895960">
    <ele>849.0</ele>
   </trkpt>
   <trkpt lat="-26.2644260" lon="-51.0896880">
    <ele>849.0</ele>
   </trkpt>
   <trkpt lat="-26.2644120" lon="-51.0897170">
    <ele>849.2</ele>
   </trkpt>
   <trkpt lat="-26.2643980" lon="-51.0897450">
    <ele>849.4</ele>
   </trkpt>
   <trkpt lat="-26.2643980" lon="-51.0897450">
    <ele>849.4</ele>
   </trkpt>
   <trkpt lat="-26.2644200" lon="-51.0897460">
    <ele>849.6</ele>
   </trkpt>
   <trkpt lat="-26.2644100" lon="-51.0897500">
    <ele>849.6</ele>
   </trkpt>
   <trkpt lat="-26.2644190" lon="-51.0897540">
    <ele>849.6</ele>
   </trkpt>
   <trkpt lat="-26.2644190" lon="-51.0897540">
    <ele>849.6</ele>
   </trkpt>
   <trkpt lat="-26.2644300" lon="-51.0897620">
    <ele>849.6</ele>
   </trkpt>
   <trkpt lat="-26.2644300" lon="-51.0897620">
    <ele>849.6</ele>
   </trkpt>
   <trkpt lat="-26.2644400" lon="-51.0897810">
    <ele>849.6</ele>
   </trkpt>
   <trkpt lat="-26.2644400" lon="-51.0897860">
    <ele>849.6</ele>
   </trkpt>
   <trkpt lat="-26.2644380" lon="-51.0897860">
    <ele>849.6</ele>
   </trkpt>
   <trkpt lat="-26.2645180" lon="-51.0900650">
    <ele>850.6</ele>
   </trkpt>
   <trkpt lat="-26.2645180" lon="-51.0900650">
    <ele>850.6</ele>
   </trkpt>
   <trkpt lat="-26.2645260" lon="-51.0900840">
    <ele>850.4</ele>
   </trkpt>
   <trkpt lat="-26.2645480" lon="-51.0901630">
    <ele>850.2</ele>
   </trkpt>
   <trkpt lat="-26.2645480" lon="-51.0901630">
    <ele>850.0</ele>
   </trkpt>
   <trkpt lat="-26.2645520" lon="-51.0901820">
    <ele>849.8</ele>
   </trkpt>
   <trkpt lat="-26.2645640" lon="-51.0901980">
    <ele>849.6</ele>
   </trkpt>
   <trkpt lat="-26.2645750" lon="-51.0902680">
    <ele>849.2</ele>
   </trkpt>
   <trkpt lat="-26.2645780" lon="-51.0902970">
    <ele>848.4</ele>
   </trkpt>
   <trkpt lat="-26.2645810" lon="-51.0903270">
    <ele>847.6</ele>
   </trkpt>
   <trkpt lat="-26.2645840" lon="-51.0903560">
    <ele>847.0</ele>
   </trkpt>
   <trkpt lat="-26.2645930" lon="-51.0903750">
    <ele>846.6</ele>
   </trkpt>
   <trkpt lat="-26.2646110" lon="-51.0903960">
    <ele>846.4</ele>
   </trkpt>
   <trkpt lat="-26.2646400" lon="-51.0903930">
    <ele>846.4</ele>
   </trkpt>
   <trkpt lat="-26.2646640" lon="-51.0903910">
    <ele>846.4</ele>
   </trkpt>
   <trkpt lat="-26.2646920" lon="-51.0903810">
    <ele>846.6</ele>
   </trkpt>
   <trkpt lat="-26.2647200" lon="-51.0903710">
    <ele>846.6</ele>
   </trkpt>
   <trkpt lat="-26.2647200" lon="-51.0903710">
    <ele>846.8</ele>
   </trkpt>
   <trkpt lat="-26.2647400" lon="-51.0903670">
    <ele>847.0</ele>
   </trkpt>
   <trkpt lat="-26.2647700" lon="-51.0903560">
    <ele>847.2</ele>
   </trkpt>
   <trkpt lat="-26.2648440" lon="-51.0903790">
    <ele>849.0</ele>
   </trkpt>
   <trkpt lat="-26.2648590" lon="-51.0903990">
    <ele>849.4</ele>
   </trkpt>
   <trkpt lat="-26.2648670" lon="-51.0903990">
    <ele>849.8</ele>
   </trkpt>
   <trkpt lat="-26.2648930" lon="-51.0904090">
    <ele>850.0</ele>
   </trkpt>
   <trkpt lat="-26.2648930" lon="-51.0904090">
    <ele>850.0</ele>
   </trkpt>
   <trkpt lat="-26.2649090" lon="-51.0904240">
    <ele>850.2</ele>
   </trkpt>
   <trkpt lat="-26.2649180" lon="-51.0904350">
    <ele>850.4</ele>
   </trkpt>
   <trkpt lat="-26.2649550" lon="-51.0904570">
    <ele>850.6</ele>
   </trkpt>
   <trkpt lat="-26.2649550" lon="-51.0904570">
    <ele>850.8</ele>
   </trkpt>
   <trkpt lat="-26.2649790" lon="-51.0904680">
    <ele>850.8</ele>
   </trkpt>
   <trkpt lat="-26.2650050" lon="-51.0904650">
    <ele>851.0</ele>
   </trkpt>
   <trkpt lat="-26.2650190" lon="-51.0904640">
    <ele>851.0</ele>
   </trkpt>
   <trkpt lat="-26.2650560" lon="-51.0904730">
    <ele>851.2</ele>
   </trkpt>
   <trkpt lat="-26.2650560" lon="-51.0904730">
    <ele>851.2</ele>
   </trkpt>
   <trkpt lat="-26.2650560" lon="-51.0904730">
    <ele>851.2</ele>
   </trkpt>
   <trkpt lat="-26.2650910" lon="-51.0904800">
    <ele>851.4</ele>
   </trkpt>
   <trkpt lat="-26.2651010" lon="-51.0904850">
    <ele>851.4</ele>
   </trkpt>
   <trkpt lat="-26.2650970" lon="-51.0905050">
    <ele>851.6</ele>
   </trkpt>
   <trkpt lat="-26.2651470" lon="-51.0905120">
    <ele>851.6</ele>
   </trkpt>
   <trkpt lat="-26.2651520" lon="-51.0905260">
    <ele>851.8</ele>
   </trkpt>
   <trkpt lat="-26.2651580" lon="-51.0905400">
    <ele>852.0</ele>
   </trkpt>
   <trkpt lat="-26.2651640" lon="-51.0905550">
    <ele>852.0</ele>
   </trkpt>
   <trkpt lat="-26.2651640" lon="-51.0905550">
    <ele>852.2</ele>
   </trkpt>
   <trkpt lat="-26.2651820" lon="-51.0905630">
    <ele>852.2</ele>
   </trkpt>
   <trkpt lat="-26.2651870" lon="-51.0905600">
    <ele>852.4</ele>
   </trkpt>
   <trkpt lat="-26.2652190" lon="-51.0905490">
    <ele>852.4</ele>
   </trkpt>
   <trkpt lat="-26.2652190" lon="-51.0905490">
    <ele>852.2</ele>
   </trkpt>
   <trkpt lat="-26.2652190" lon="-51.0905490">
    <ele>852.2</ele>
   </trkpt>
   <trkpt lat="-26.2652370" lon="-51.0905350">
    <ele>852.2</ele>
   </trkpt>
   <trkpt lat="-26.2652380" lon="-51.0905430">
    <ele>852.2</ele>
   </trkpt>
   <trkpt lat="-26.2652350" lon="-51.0905440">
    <ele>852.2</ele>
   </trkpt>
   <trkpt lat="-26.2652280" lon="-51.0905280">
    <ele>852.2</ele>
   </trkpt>
   <trkpt lat="-26.2652280" lon="-51.0905280">
    <ele>852.2</ele>
   </trkpt>
   <trkpt lat="-26.2654110" lon="-51.0906370">
    <ele>853.2</ele>
   </trkpt>
   <trkpt lat="-26.2654290" lon="-51.0906440">
    <ele>853.2</ele>
   </trkpt>
   <trkpt lat="-26.2654480" lon="-51.0906570">
    <ele>853.2</ele>
   </trkpt>
   <trkpt lat="-26.2654780" lon="-51.0906660">
    <ele>853.4</ele>
   </trkpt>
   <trkpt lat="-26.2654960" lon="-51.0906790">
    <ele>853.4</ele>
   </trkpt>
   <trkpt lat="-26.2655130" lon="-51.0906910">
    <ele>853.4</ele>
   </trkpt>
   <trkpt lat="-26.2655130" lon="-51.0906910">
    <ele>853.4</ele>
   </trkpt>
   <trkpt lat="-26.2655400" lon="-51.0906840">
    <ele>853.6</ele>
   </trkpt>
   <trkpt lat="-26.2655310" lon="-51.0906850">
    <ele>853.6</ele>
   </trkpt>
   <trkpt lat="-26.2655460" lon="-51.0906980">
    <ele>853.8</ele>
   </trkpt>
   <trkpt lat="-26.2655870" lon="-51.0907240">
    <ele>854.0</ele>
   </trkpt>
   <trkpt lat="-26.2656000" lon="-51.0907300">
    <ele>854.0</ele>
   </trkpt>
   <trkpt lat="-26.2656120" lon="-51.0907360">
    <ele>854.2</ele>
   </trkpt>
   <trkpt lat="-26.2656250" lon="-51.0907420">
    <ele>854.2</ele>
   </trkpt>
   <trkpt lat="-26.2656370" lon="-51.0907480">
    <ele>854.4</ele>
   </trkpt>
   <trkpt lat="-26.2656600" lon="-51.0907560">
    <ele>854.4</ele>
   </trkpt>
   <trkpt lat="-26.2656960" lon="-51.0907820">
    <ele>854.6</ele>
   </trkpt>
   <trkpt lat="-26.2657060" lon="-51.0908060">
    <ele>854.6</ele>
   </trkpt>
   <trkpt lat="-26.2657160" lon="-51.0908300">
    <ele>854.8</ele>
   </trkpt>
   <trkpt lat="-26.2657160" lon="-51.0908300">
    <ele>854.8</ele>
   </trkpt>
   <trkpt lat="-26.2657280" lon="-51.0908390">
    <ele>855.0</ele>
   </trkpt>
   <trkpt lat="-26.2657330" lon="-51.0908600">
    <ele>855.2</ele>
   </trkpt>
   <trkpt lat="-26.2657440" lon="-51.0908920">
    <ele>855.2</ele>
   </trkpt>
   <trkpt lat="-26.2657440" lon="-51.0908920">
    <ele>855.4</ele>
   </trkpt>
   <trkpt lat="-26.2657440" lon="-51.0908920">
    <ele>855.6</ele>
   </trkpt>
   <trkpt lat="-26.2657670" lon="-51.0909180">
    <ele>856.0</ele>
   </trkpt>
   <trkpt lat="-26.2657670" lon="-51.0909180">
    <ele>856.2</ele>
   </trkpt>
   <trkpt lat="-26.2657910" lon="-51.0909450">
    <ele>856.4</ele>
   </trkpt>
   <trkpt lat="-26.2658080" lon="-51.0909470">
    <ele>856.6</ele>
   </trkpt>
   <trkpt lat="-26.2658300" lon="-51.0909640">
    <ele>857.0</ele>
   </trkpt>
   <trkpt lat="-26.2658300" lon="-51.0909640">
    <ele>857.4</ele>
   </trkpt>
   <trkpt lat="-26.2658570" lon="-51.0909870">
    <ele>857.8</ele>
   </trkpt>
   <trkpt lat="-26.2658570" lon="-51.0909870">
    <ele>858.2</ele>
   </trkpt>
   <trkpt lat="-26.2658660" lon="-51.0910000">
    <ele>858.4</ele>
   </trkpt>
   <trkpt lat="-26.2658930" lon="-51.0909930">
    <ele>858.8</ele>
   </trkpt>
   <trkpt lat="-26.2659200" lon="-51.0909950">
    <ele>859.0</ele>
   </trkpt>
   <trkpt lat="-26.2659200" lon="-51.0909950">
    <ele>859.4</ele>
   </trkpt>
   <trkpt lat="-26.2659200" lon="-51.0909950">
    <ele>859.6</ele>
   </trkpt>
   <trkpt lat="-26.2659460" lon="-51.0909940">
    <ele>860.0</ele>
   </trkpt>
   <trkpt lat="-26.2659460" lon="-51.0909940">
    <ele>860.4</ele>
   </trkpt>
   <trkpt lat="-26.2659650" lon="-51.0909900">
    <ele>860.6</ele>
   </trkpt>
   <trkpt lat="-26.2659630" lon="-51.0909970">
    <ele>860.6</ele>
   </trkpt>
   <trkpt lat="-26.2659790" lon="-51.0910280">
    <ele>860.8</ele>
   </trkpt>
   <trkpt lat="-26.2659790" lon="-51.0910280">
    <ele>860.8</ele>
   </trkpt>
   <trkpt lat="-26.2659980" lon="-51.0910160">
    <ele>861.0</ele>
   </trkpt>
   <trkpt lat="-26.2659980" lon="-51.0910160">
    <ele>861.0</ele>
   </trkpt>
   <trkpt lat="-26.2660130" lon="-51.0910130">
    <ele>861.2</ele>
   </trkpt>
   <trkpt lat="-26.2660130" lon="-51.0910130">
    <ele>861.4</ele>
   </trkpt>
   <trkpt lat="-26.2665970" lon="-51.0905130">
    <ele>876.0</ele>
   </trkpt>
   <trkpt lat="-26.2666030" lon="-51.0904990">
    <ele>876.4</ele>
   </trkpt>
   <trkpt lat="-26.2666090" lon="-51.0904860">
    <ele>876.8</ele>
   </trkpt>
   <trkpt lat="-26.2666150" lon="-51.0904730">
    <ele>877.2</ele>
   </trkpt>
   <trkpt lat="-26.2666270" lon="-51.0904510">
    <ele>877.6</ele>
   </trkpt>
   <trkpt lat="-26.2666350" lon="-51.0904240">
    <ele>878.0</ele>
   </trkpt>
   <trkpt lat="-26.2666300" lon="-51.0904060">
    <ele>878.4</ele>
   </trkpt>
   <trkpt lat="-26.2666320" lon="-51.0903680">
    <ele>878.8</ele>
   </trkpt>
   <trkpt lat="-26.2666220" lon="-51.0903440">
    <ele>879.0</ele>
   </trkpt>
   <trkpt lat="-26.2666130" lon="-51.0903190">
    <ele>879.2</ele>
   </trkpt>
   <trkpt lat="-26.2666130" lon="-51.0903190">
    <ele>879.4</ele>
   </trkpt>
   <trkpt lat="-26.2666220" lon="-51.0903060">
    <ele>879.6</ele>
   </trkpt>
   <trkpt lat="-26.2666220" lon="-51.0902950">
    <ele>879.8</ele>
   </trkpt>
   <trkpt lat="-26.2666320" lon="-51.0902730">
    <ele>880.2</ele>
   </trkpt>
   <trkpt lat="-26.2666220" lon="-51.0902300">
    <ele>880.4</ele>
   </trkpt>
   <trkpt lat="-26.2666220" lon="-51.0902300">
    <ele>880.6</ele>
   </trkpt>
   <trkpt lat="-26.2666200" lon="-51.0902120">
    <ele>880.8</ele>
   </trkpt>
   <trkpt lat="-26.2666110" lon="-51.0901880">
    <ele>881.0</ele>
   </trkpt>
   <trkpt lat="-26.2666200" lon="-51.0901760">
    <ele>881.2</ele>
   </trkpt>
   <trkpt lat="-26.2666310" lon="-51.0901680">
    <ele>881.6</ele>
   </trkpt>
   <trkpt lat="-26.2666260" lon="-51.0901400">
    <ele>881.8</ele>
   </trkpt>
   <trkpt lat="-26.2666260" lon="-51.0901400">
    <ele>881.8</ele>
   </trkpt>
   <trkpt lat="-26.2666250" lon="-51.0901180">
    <ele>882.0</ele>
   </trkpt>
   <trkpt lat="-26.2666250" lon="-51.0901180">
    <ele>882.2</ele>
   </trkpt>
   <trkpt lat="-26.2666140" lon="-51.0901080">
    <ele>882.4</ele>
   </trkpt>
   <trkpt lat="-26.2666010" lon="-51.0900860">
    <ele>882.8</ele>
   </trkpt>
   <trkpt lat="-26.2665800" lon="-51.0900630">
    <ele>883.2</ele>
   </trkpt>
   <trkpt lat="-26.2665800" lon="-51.0900630">
    <ele>883.4</ele>
   </trkpt>
   <trkpt lat="-26.2665800" lon="-51.0900630">
    <ele>883.8</ele>
   </trkpt>
   <trkpt lat="-26.2665820" lon="-51.0900580">
    <ele>884.0</ele>
   </trkpt>
   <trkpt lat="-26.2665850" lon="-51.0900470">
    <ele>884.2</ele>
   </trkpt>
   <trkpt lat="-26.2665770" lon="-51.0900430">
    <ele>884.2</ele>
   </trkpt>
   <trkpt lat="-26.2665560" lon="-51.0900270">
    <ele>884.0</ele>
   </trkpt>
   <trkpt lat="-26.2665560" lon="-51.0900270">
    <ele>884.0</ele>
   </trkpt>
   <trkpt lat="-26.2665580" lon="-51.0900160">
    <ele>884.0</ele>
   </trkpt>
   <trkpt lat="-26.2663120" lon="-51.0899730">
    <ele>890.4</ele>
   </trkpt>
   <trkpt lat="-26.2662980" lon="-51.0899890">
    <ele>890.6</ele>
   </trkpt>
   <trkpt lat="-26.2662850" lon="-51.0899960">
    <ele>890.8</ele>
   </trkpt>
   <trkpt lat="-26.2662850" lon="-51.0899960">
    <ele>890.8</ele>
   </trkpt>
   <trkpt lat="-26.2662850" lon="-51.0899960">
    <ele>891.0</ele>
   </trkpt>
   <trkpt lat="-26.2662710" lon="-51.0900080">
    <ele>891.2</ele>
   </trkpt>
   <trkpt lat="-26.2662570" lon="-51.0900130">
    <ele>891.4</ele>
   </trkpt>
   <trkpt lat="-26.2662340" lon="-51.0900190">
    <ele>891.6</ele>
   </trkpt>
   <trkpt lat="-26.2662020" lon="-51.0900360">
    <ele>891.6</ele>
   </trkpt>
   <trkpt lat="-26.2662020" lon="-51.0900360">
    <ele>891.8</ele>
   </trkpt>
   <trkpt lat="-26.2662020" lon="-51.0900360">
    <ele>892.0</ele>
   </trkpt>
   <trkpt lat="-26.2661700" lon="-51.0900310">
    <ele>892.2</ele>
   </trkpt>
   <trkpt lat="-26.2661500" lon="-51.0900320">
    <ele>892.2</ele>
   </trkpt>
   <trkpt lat="-26.2661340" lon="-51.0900390">
    <ele>892.4</ele>
   </trkpt>
   <trkpt lat="-26.2661100" lon="-51.0900150">
    <ele>892.4</ele>
   </trkpt>
   <trkpt lat="-26.2661100" lon="-51.0900150">
    <ele>892.4</ele>
   </trkpt>
   <trkpt lat="-26.2661100" lon="-51.0900150">
    <ele>892.6</ele>
   </trkpt>
   <trkpt lat="-26.2660840" lon="-51.0900020">
    <ele>892.8</ele>
   </trkpt>
   <trkpt lat="-26.2660430" lon="-51.0900110">
    <ele>892.8</ele>
   </trkpt>
   <trkpt lat="-26.2660140" lon="-51.0899870">
    <ele>893.0</ele>
   </trkpt>
   <trkpt lat="-26.2659900" lon="-51.0899770">
    <ele>893.0</ele>
   </trkpt>
   <trkpt lat="-26.2659790" lon="-51.0899700">
    <ele>893.0</ele>
   </trkpt>
   <trkpt lat="-26.2659680" lon="-51.0899640">
    <ele>893.2</ele>
   </trkpt>
   <trkpt lat="-26.2659570" lon="-51.0899570">
    <ele>893.2</ele>
   </trkpt>
   <trkpt lat="-26.2659660" lon="-51.0899390">
    <ele>893.4</ele>
   </trkpt>
   <trkpt lat="-26.2659760" lon="-51.0899100">
    <ele>893.4</ele>
   </trkpt>
   <trkpt lat="-26.2659510" lon="-51.0898540">
    <ele>893.4</ele>
   </trkpt>
   <trkpt lat="-26.2659510" lon="-51.0898540">
    <ele>893.4</ele>
   </trkpt>
   <trkpt lat="-26.2659510" lon="-51.0898540">
    <ele>893.6</ele>
   </trkpt>
   <trkpt lat="-26.2659520" lon="-51.0898260">
    <ele>893.8</ele>
   </trkpt>
   <trkpt lat="-26.2659530" lon="-51.0898250">
    <ele>893.8</ele>
   </trkpt>
   <trkpt lat="-26.2659790" lon="-51.0898090">
    <ele>894.0</ele>
   </trkpt>
   <trkpt lat="-26.2659950" lon="-51.0897970">
    <ele>894.2</ele>
   </trkpt>
   <trkpt lat="-26.2660120" lon="-51.0897860">
    <ele>894.6</ele>
   </trkpt>
   <trkpt lat="-26.2660270" lon="-51.0897660">
    <ele>894.8</ele>
   </trkpt>
   <trkpt lat="-26.2660210" lon="-51.0897310">
    <ele>895.2</ele>
   </trkpt>
   <trkpt lat="-26.2660150" lon="-51.0896960">
    <ele>895.4</ele>
   </trkpt>
   <trkpt lat="-26.2660150" lon="-51.0896960">
    <ele>895.6</ele>
   </trkpt>
   <trkpt lat="-26.2660060" lon="-51.0896880">
    <ele>896.0</ele>
   </trkpt>
   <trkpt lat="-26.2659990" lon="-51.0896630">
    <ele>896.2</ele>
   </trkpt>
   <trkpt lat="-26.2660050" lon="-51.0896200">
    <ele>896.4</ele>
   </trkpt>
   <trkpt lat="-26.2660050" lon="-51.0896200">
    <ele>896.6</ele>
   </trkpt>
   <trkpt lat="-26.2659940" lon="-51.0895900">
    <ele>896.8</ele>
   </trkpt>
   <trkpt lat="-26.2659970" lon="-51.0895740">
    <ele>897.0</ele>
   </trkpt>
   <trkpt lat="-26.2659940" lon="-51.0895440">
    <ele>897.4</ele>
   </trkpt>
   <trkpt lat="-26.2659820" lon="-51.0895300">
    <ele>897.6</ele>
   </trkpt>
   <trkpt lat="-26.2659820" lon="-51.0895300">
    <ele>897.8</ele>
   </trkpt>
   <trkpt lat="-26.2659630" lon="-51.0895120">
    <ele>898.0</ele>
   </trkpt>
   <trkpt lat="-26.2659580" lon="-51.0894930">
    <ele>898.2</ele>
   </trkpt>
   <trkpt lat="-26.2659670" lon="-51.0894830">
    <ele>898.4</ele>
   </trkpt>
   <trkpt lat="-26.2659640" lon="-51.0894620">
    <ele>898.6</ele>
   </trkpt>
   <trkpt lat="-26.2659750" lon="-51.0894430">
    <ele>899.0</ele>
   </trkpt>
   <trkpt lat="-26.2659860" lon="-51.0894240">
    <ele>899.4</ele>
   </trkpt>
   <trkpt lat="-26.2659860" lon="-51.0894240">
    <ele>899.6</ele>
   </trkpt>
   <trkpt lat="-26.2660000" lon="-51.0894110">
    <ele>900.0</ele>
   </trkpt>
   <trkpt lat="-26.2660050" lon="-51.0893900">
    <ele>900.4</ele>
   </trkpt>
   <trkpt lat="-26.2660150" lon="-51.0893480">
    <ele>900.6</ele>
   </trkpt>
   <trkpt lat="-26.2660150" lon="-51.0893480">
    <ele>900.8</ele>
   </trkpt>
   <trkpt lat="-26.2659940" lon="-51.0891860">
    <ele>902.8</ele>
   </trkpt>
   <trkpt lat="-26.2660010" lon="-51.0891680">
    <ele>903.0</ele>
   </trkpt>
   <trkpt lat="-26.2659970" lon="-51.0891520">
    <ele>903.2</ele>
   </trkpt>
   <trkpt lat="-26.2659970" lon="-51.0891520">
    <ele>903.2</ele>
   </trkpt>
   <trkpt lat="-26.2660020" lon="-51.0891300">
    <ele>903.4</ele>
   </trkpt>
   <trkpt lat="-26.2660190" lon="-51.0891180">
    <ele>903.6</ele>
   </trkpt>
   <trkpt lat="-26.2660460" lon="-51.0890830">
    <ele>903.8</ele>
   </trkpt>
   <trkpt lat="-26.2660460" lon="-51.0890830">
    <ele>904.0</ele>
   </trkpt>
   <trkpt lat="-26.2660460" lon="-51.0890830">
    <ele>904.2</ele>
   </trkpt>
   <trkpt lat="-26.2660610" lon="-51.0890630">
    <ele>904.4</ele>
   </trkpt>
   <trkpt lat="-26.2660750" lon="-51.0890510">
    <ele>904.6</ele>
   </trkpt>
   <trkpt lat="-26.2660700" lon="-51.0890330">
    <ele>904.8</ele>
   </trkpt>
   <trkpt lat="-26.2660860" lon="-51.0889900">
    <ele>905.0</ele>
   </trkpt>
   <trkpt lat="-26.2660860" lon="-51.0889720">
    <ele>905.0</ele>
   </trkpt>
   <trkpt lat="-26.2660860" lon="-51.0889550">
    <ele>905.2</ele>
   </trkpt>
   <trkpt lat="-26.2660860" lon="-51.0889380">
    <ele>905.4</ele>
   </trkpt>
   <trkpt lat="-26.2660930" lon="-51.0889050">
    <ele>905.4</ele>
   </trkpt>
   <trkpt lat="-26.2661060" lon="-51.0888890">
    <ele>905.6</ele>
   </trkpt>
   <trkpt lat="-26.2661310" lon="-51.0888630">
    <ele>905.8</ele>
   </trkpt>
   <trkpt lat="-26.2661310" lon="-51.0888630">
    <ele>906.0</ele>
   </trkpt>
   <trkpt lat="-26.2661310" lon="-51.0888630">
    <ele>906.2</ele>
   </trkpt>
   <trkpt lat="-26.2661350" lon="-51.0888290">
    <ele>906.2</ele>
   </trkpt>
   <trkpt lat="-26.2661340" lon="-51.0888300">
    <ele>906.4</ele>
   </trkpt>
   <trkpt lat="-26.2661330" lon="-51.0888180">
    <ele>906.4</ele>
   </trkpt>
   <trkpt lat="-26.2661340" lon="-51.0887950">
    <ele>906.4</ele>
   </trkpt>
   <trkpt lat="-26.2661340" lon="-51.0887950">
    <ele>906.4</ele>
   </trkpt>
   <trkpt lat="-26.2661330" lon="-51.0887970">
    <ele>906.4</ele>
   </trkpt>
   <trkpt lat="-26.2660950" lon="-51.0884670">
    <ele>914.2</ele>
   </trkpt>
   <trkpt lat="-26.2660790" lon="-51.0884520">
    <ele>914.4</ele>
   </trkpt>
   <trkpt lat="-26.2660660" lon="-51.0884340">
    <ele>914.4</ele>
   </trkpt>
   <trkpt lat="-26.2660550" lon="-51.0884230">
    <ele>914.6</ele>
   </trkpt>
   <trkpt lat="-26.2660440" lon="-51.0884130">
    <ele>914.6</ele>
   </trkpt>
   <trkpt lat="-26.2660330" lon="-51.0884020">
    <ele>914.6</ele>
   </trkpt>
   <trkpt lat="-26.2660330" lon="-51.0884020">
    <ele>914.8</ele>
   </trkpt>
   <trkpt lat="-26.2660510" lon="-51.0883270">
    <ele>916.2</ele>
   </trkpt>
   <trkpt lat="-26.2660510" lon="-51.0883270">
    <ele>916.4</ele>
   </trkpt>
   <trkpt lat="-26.2660530" lon="-51.0883190">
    <ele>916.8</ele>
   </trkpt>
   <trkpt lat="-26.2660610" lon="-51.0882800">
    <ele>917.4</ele>
   </trkpt>
   <trkpt lat="-26.2660610" lon="-51.0882800">
    <ele>917.8</ele>
   </trkpt>
   <trkpt lat="-26.2660650" lon="-51.0882680">
    <ele>918.4</ele>
   </trkpt>
   <trkpt lat="-26.2660640" lon="-51.0882600">
    <ele>918.8</ele>
   </trkpt>
   <trkpt lat="-26.2661950" lon="-51.0874280">
    <ele>927.8</ele>
   </trkpt>
   <trkpt lat="-26.2661950" lon="-51.0874280">
    <ele>928.0</ele>
   </trkpt>
   <trkpt lat="-26.2662190" lon="-51.0874060">
    <ele>928.2</ele>
   </trkpt>
   <trkpt lat="-26.2662190" lon="-51.0873630">
    <ele>928.2</ele>
   </trkpt>
   <trkpt lat="-26.2662190" lon="-51.0873630">
    <ele>928.2</ele>
   </trkpt>
   <trkpt lat="-26.2662250" lon="-51.0873620">
    <ele>928.2</ele>
   </trkpt>
   <trkpt lat="-26.2662380" lon="-51.0873350">
    <ele>928.4</ele>
   </trkpt>
   <trkpt lat="-26.2662570" lon="-51.0873310">
    <ele>928.6</ele>
   </trkpt>
   <trkpt lat="-26.2662760" lon="-51.0873270">
    <ele>928.8</ele>
   </trkpt>
   <trkpt lat="-26.2662950" lon="-51.0873230">
    <ele>928.8</ele>
   </trkpt>
   <trkpt lat="-26.2663130" lon="-51.0873190">
    <ele>929.0</ele>
   </trkpt>
   <trkpt lat="-26.2663320" lon="-51.0873150">
    <ele>929.0</ele>
   </trkpt>
   <trkpt lat="-26.2663510" lon="-51.0873120">
    <ele>929.2</ele>
   </trkpt>
   <trkpt lat="-26.2663510" lon="-51.0873120">
    <ele>929.2</ele>
   </trkpt>
   <trkpt lat="-26.2663510" lon="-51.0873120">
    <ele>929.4</ele>
   </trkpt>
   <trkpt lat="-26.2664920" lon="-51.0872710">
    <ele>929.8</ele>
   </trkpt>
   <trkpt lat="-26.2665200" lon="-51.0872620">
    <ele>930.0</ele>
   </trkpt>
   <trkpt lat="-26.2665330" lon="-51.0872580">
    <ele>930.0</ele>
   </trkpt>
   <trkpt lat="-26.2665730" lon="-51.0872420">
    <ele>930.0</ele>
   </trkpt>
   <trkpt lat="-26.2665730" lon="-51.0872420">
    <ele>930.0</ele>
   </trkpt>
   <trkpt lat="-26.2665730" lon="-51.0872420">
    <ele>930.0</ele>
   </trkpt>
   <trkpt lat="-26.2665710" lon="-51.0872200">
    <ele>930.0</ele>
   </trkpt>
   <trkpt lat="-26.2665890" lon="-51.0872000">
    <ele>930.0</ele>
   </trkpt>
   <trkpt lat="-26.2666060" lon="-51.0871870">
    <ele>930.0</ele>
   </trkpt>
   <trkpt lat="-26.2666170" lon="-51.0871770">
    <ele>930.0</ele>
   </trkpt>
   <trkpt lat="-26.2666270" lon="-51.0871670">
    <ele>930.0</ele>
   </trkpt>
   <trkpt lat="-26.2666370" lon="-51.0871570">
    <ele>930.0</ele>
   </trkpt>
   <trkpt lat="-26.2666320" lon="-51.0871420">
    <ele>930.0</ele>
   </trkpt>
   <trkpt lat="-26.2666470" lon="-51.0871240">
    <ele>930.2</ele>
   </trkpt>
   <trkpt lat="-26.2666470" lon="-51.0871240">
    <ele>930.2</ele>
   </trkpt>
   <trkpt lat="-26.2665820" lon="-51.0869920">
    <ele>930.6</ele>
   </trkpt>
   <trkpt lat="-26.2665870" lon="-51.0869610">
    <ele>930.6</ele>
   </trkpt>
   <trkpt lat="-26.2665870" lon="-51.0869610">
    <ele>930.6</ele>
   </trkpt>
   <trkpt lat="-26.2665900" lon="-51.0869460">
    <ele>930.6</ele>
   </trkpt>
   <trkpt lat="-26.2665890" lon="-51.0869340">
    <ele>930.4</ele>
   </trkpt>
   <trkpt lat="-26.2665850" lon="-51.0869270">
    <ele>930.6</ele>
   </trkpt>
   <trkpt lat="-26.2665850" lon="-51.0869270">
    <ele>930.6</ele>
   </trkpt>
   <trkpt lat="-26.2665850" lon="-51.0869270">
    <ele>930.6</ele>
   </trkpt>
   <trkpt lat="-26.2665630" lon="-51.0869020">
    <ele>930.6</ele>
   </trkpt>
   <trkpt lat="-26.2665560" lon="-51.0868830">
    <ele>930.6</ele>
   </trkpt>
   <trkpt lat="-26.2665490" lon="-51.0868640">
    <ele>930.8</ele>
   </trkpt>
   <trkpt lat="-26.2665430" lon="-51.0868300">
    <ele>930.8</ele>
   </trkpt>
   <trkpt lat="-26.2664390" lon="-51.0867560">
    <ele>932.8</ele>
   </trkpt>
   <trkpt lat="-26.2664260" lon="-51.0867180">
    <ele>933.0</ele>
   </trkpt>
   <trkpt lat="-26.2664260" lon="-51.0867180">
    <ele>933.2</ele>
   </trkpt>
   <trkpt lat="-26.2664260" lon="-51.0867180">
    <ele>933.4</ele>
   </trkpt>
   <trkpt lat="-26.2664250" lon="-51.0867120">
    <ele>933.4</ele>
   </trkpt>
   <trkpt lat="-26.2664160" lon="-51.0866870">
    <ele>933.4</ele>
   </trkpt>
   <trkpt lat="-26.2664050" lon="-51.0866510">
    <ele>933.4</ele>
   </trkpt>
   <trkpt lat="-26.2664050" lon="-51.0866510">
    <ele>933.4</ele>
   </trkpt>
   <trkpt lat="-26.2663830" lon="-51.0866310">
    <ele>933.6</ele>
   </trkpt>
   <trkpt lat="-26.2663830" lon="-51.0866110">
    <ele>933.8</ele>
   </trkpt>
   <trkpt lat="-26.2663850" lon="-51.0865880">
    <ele>934.0</ele>
   </trkpt>
   <trkpt lat="-26.2663930" lon="-51.0865710">
    <ele>934.2</ele>
   </trkpt>
   <trkpt lat="-26.2663930" lon="-51.0865710">
    <ele>934.4</ele>
   </trkpt>
   <trkpt lat="-26.2664110" lon="-51.0865490">
    <ele>934.6</ele>
   </trkpt>
   <trkpt lat="-26.2664110" lon="-51.0865490">
    <ele>934.6</ele>
   </trkpt>
   <trkpt lat="-26.2664220" lon="-51.0865250">
    <ele>934.8</ele>
   </trkpt>
   <trkpt lat="-26.2664600" lon="-51.0864880">
    <ele>935.0</ele>
   </trkpt>
   <trkpt lat="-26.2664600" lon="-51.0864880">
    <ele>935.2</ele>
   </trkpt>
   <trkpt lat="-26.2664600" lon="-51.0864880">
    <ele>935.4</ele>
   </trkpt>
   <trkpt lat="-26.2664690" lon="-51.0864690">
    <ele>935.6</ele>
   </trkpt>
   <trkpt lat="-26.2664930" lon="-51.0864510">
    <ele>936.0</ele>
   </trkpt>
   <trkpt lat="-26.2665120" lon="-51.0864360">
    <ele>936.0</ele>
   </trkpt>
   <trkpt lat="-26.2665180" lon="-51.0864440">
    <ele>936.2</ele>
   </trkpt>
   <trkpt lat="-26.2665270" lon="-51.0864420">
    <ele>936.4</ele>
   </trkpt>
   <trkpt lat="-26.2665370" lon="-51.0864390">
    <ele>936.4</ele>
   </trkpt>
   <trkpt lat="-26.2665460" lon="-51.0864360">
    <ele>936.4</ele>
   </trkpt>
   <trkpt lat="-26.2665880" lon="-51.0864410">
    <ele>936.4</ele>
   </trkpt>
   <trkpt lat="-26.2666180" lon="-51.0864450">
    <ele>936.6</ele>
   </trkpt>
   <trkpt lat="-26.2666180" lon="-51.0864450">
    <ele>936.6</ele>
   </trkpt>
   <trkpt lat="-26.2666480" lon="-51.0864460">
    <ele>936.6</ele>
   </trkpt>
   <trkpt lat="-26.2666740" lon="-51.0864450">
    <ele>936.8</ele>
   </trkpt>
   <trkpt lat="-26.2666740" lon="-51.0864450">
    <ele>936.8</ele>
   </trkpt>
   <trkpt lat="-26.2668260" lon="-51.0864270">
    <ele>937.6</ele>
   </trkpt>
   <trkpt lat="-26.2668550" lon="-51.0864100">
    <ele>937.6</ele>
   </trkpt>
   <trkpt lat="-26.2668840" lon="-51.0863940">
    <ele>937.8</ele>
   </trkpt>
   <trkpt lat="-26.2668840" lon="-51.0863940">
    <ele>938.0</ele>
   </trkpt>
   <trkpt lat="-26.2668840" lon="-51.0863940">
    <ele>938.4</ele>
   </trkpt>
   <trkpt lat="-26.2669090" lon="-51.0863720">
    <ele>938.6</ele>
   </trkpt>
   <trkpt lat="-26.2669470" lon="-51.0863610">
    <ele>939.0</ele>
   </trkpt>
   <trkpt lat="-26.2669690" lon="-51.0863490">
    <ele>939.2</ele>
   </trkpt>
   <trkpt lat="-26.2669920" lon="-51.0863360">
    <ele>939.4</ele>
   </trkpt>
   <trkpt lat="-26.2669920" lon="-51.0863360">
    <ele>939.4</ele>
   </trkpt>
   <trkpt lat="-26.2670010" lon="-51.0863350">
    <ele>939.4</ele>
   </trkpt>
   <trkpt lat="-26.2670130" lon="-51.0863230">
    <ele>939.4</ele>
   </trkpt>
   <trkpt lat="-26.2670090" lon="-51.0862940">
    <ele>939.6</ele>
   </trkpt>
   <trkpt lat="-26.2670090" lon="-51.0862940">
    <ele>939.6</ele>
   </trkpt>
   <trkpt lat="-26.2669920" lon="-51.0862810">
    <ele>939.8</ele>
   </trkpt>
   <trkpt lat="-26.2669660" lon="-51.0862650">
    <ele>940.0</ele>
   </trkpt>
   <trkpt lat="-26.2669500" lon="-51.0862450">
    <ele>940.2</ele>
   </trkpt>
   <trkpt lat="-26.2669330" lon="-51.0862140">
    <ele>940.4</ele>
   </trkpt>
   <trkpt lat="-26.2669330" lon="-51.0862140">
    <ele>940.6</ele>
   </trkpt>
   <trkpt lat="-26.2669330" lon="-51.0862140">
    <ele>940.8</ele>
   </trkpt>
   <trkpt lat="-26.2669500" lon="-51.0861860">
    <ele>940.8</ele>
   </trkpt>
   <trkpt lat="-26.2669570" lon="-51.0861760">
    <ele>941.0</ele>
   </trkpt>
   <trkpt lat="-26.2669440" lon="-51.0861740">
    <ele>941.0</ele>
   </trkpt>
   <trkpt lat="-26.2669500" lon="-51.0861700">
    <ele>941.0</ele>
   </trkpt>
   <trkpt lat="-26.2669500" lon="-51.0861700">
    <ele>941.0</ele>
   </trkpt>
   <trkpt lat="-26.2669500" lon="-51.0861700">
    <ele>941.0</ele>
   </trkpt>
   <trkpt lat="-26.2669960" lon="-51.0858670">
    <ele>944.8</ele>
   </trkpt>
   <trkpt lat="-26.2669680" lon="-51.0858510">
    <ele>945.0</ele>
   </trkpt>
   <trkpt lat="-26.2669680" lon="-51.0858510">
    <ele>945.2</ele>
   </trkpt>
   <trkpt lat="-26.2669790" lon="-51.0858190">
    <ele>945.4</ele>
   </trkpt>
   <trkpt lat="-26.2669790" lon="-51.0858190">
    <ele>945.8</ele>
   </trkpt>
   <trkpt lat="-26.2669830" lon="-51.0858010">
    <ele>946.2</ele>
   </trkpt>
   <trkpt lat="-26.2669980" lon="-51.0858050">
    <ele>946.6</ele>
   </trkpt>
   <trkpt lat="-26.2669650" lon="-51.0857790">
    <ele>946.8</ele>
   </trkpt>
   <trkpt lat="-26.2669650" lon="-51.0857790">
    <ele>947.0</ele>
   </trkpt>
   <trkpt lat="-26.2669640" lon="-51.0857440">
    <ele>947.2</ele>
   </trkpt>
   <trkpt lat="-26.2669640" lon="-51.0857440">
    <ele>947.6</ele>
   </trkpt>
   <trkpt lat="-26.2669670" lon="-51.0857210">
    <ele>947.8</ele>
   </trkpt>
   <trkpt lat="-26.2669780" lon="-51.0856910">
    <ele>948.0</ele>
   </trkpt>
   <trkpt lat="-26.2669820" lon="-51.0856650">
    <ele>948.2</ele>
   </trkpt>
   <trkpt lat="-26.2669710" lon="-51.0856450">
    <ele>948.4</ele>
   </trkpt>
   <trkpt lat="-26.2669590" lon="-51.0856240">
    <ele>948.4</ele>
   </trkpt>
   <trkpt lat="-26.2669590" lon="-51.0856240">
    <ele>948.6</ele>
   </trkpt>
   <trkpt lat="-26.2669530" lon="-51.0856240">
    <ele>948.6</ele>
   </trkpt>
   <trkpt lat="-26.2669460" lon="-51.0856150">
    <ele>948.8</ele>
   </trkpt>
   <trkpt lat="-26.2669240" lon="-51.0855900">
    <ele>949.0</ele>
   </trkpt>
   <trkpt lat="-26.2669240" lon="-51.0855900">
    <ele>949.0</ele>
   </trkpt>
   <trkpt lat="-26.2669240" lon="-51.0855900">
    <ele>949.0</ele>
   </trkpt>
   <trkpt lat="-26.2669030" lon="-51.0855750">
    <ele>949.2</ele>
   </trkpt>
   <trkpt lat="-26.2668850" lon="-51.0855630">
    <ele>949.2</ele>
   </trkpt>
   <trkpt lat="-26.2666130" lon="-51.0854400">
    <ele>948.8</ele>
   </trkpt>
   <trkpt lat="-26.2665520" lon="-51.0854230">
    <ele>949.0</ele>
   </trkpt>
   <trkpt lat="-26.2665310" lon="-51.0854220">
    <ele>949.2</ele>
   </trkpt>
   <trkpt lat="-26.2665070" lon="-51.0854270">
    <ele>949.4</ele>
   </trkpt>
   <trkpt lat="-26.2664850" lon="-51.0854240">
    <ele>949.4</ele>
   </trkpt>
   <trkpt lat="-26.2664630" lon="-51.0854200">
    <ele>949.6</ele>
   </trkpt>
   <trkpt lat="-26.2664490" lon="-51.0854360">
    <ele>949.8</ele>
   </trkpt>
   <trkpt lat="-26.2664310" lon="-51.0854400">
    <ele>950.0</ele>
   </trkpt>
   <trkpt lat="-26.2664130" lon="-51.0854450">
    <ele>950.2</ele>
   </trkpt>
   <trkpt lat="-26.2664000" lon="-51.0854800">
    <ele>950.2</ele>
   </trkpt>
   <trkpt lat="-26.2663670" lon="-51.0854850">
    <ele>950.2</ele>
   </trkpt>
   <trkpt lat="-26.2663420" lon="-51.0855200">
    <ele>950.2</ele>
   </trkpt>
   <trkpt lat="-26.2663280" lon="-51.0855240">
    <ele>950.4</ele>
   </trkpt>
   <trkpt lat="-26.2663140" lon="-51.0855280">
    <ele>950.6</ele>
   </trkpt>
   <trkpt lat="-26.2662990" lon="-51.0855320">
    <ele>950.8</ele>
   </trkpt>
   <trkpt lat="-26.2662580" lon="-51.0855210">
    <ele>951.0</ele>
   </trkpt>
   <trkpt lat="-26.2662300" lon="-51.0855030">
    <ele>951.4</ele>
   </trkpt>
   <trkpt lat="-26.2661880" lon="-51.0855000">
    <ele>952.0</ele>
   </trkpt>
   <trkpt lat="-26.2661490" lon="-51.0854930">
    <ele>952.4</ele>
   </trkpt>
   <trkpt lat="-26.2661100" lon="-51.0854850">
    <ele>953.0</ele>
   </trkpt>
   <trkpt lat="-26.2661100" lon="-51.0854850">
    <ele>953.6</ele>
   </trkpt>
   <trkpt lat="-26.2660900" lon="-51.0854700">
    <ele>954.2</ele>
   </trkpt>
   <trkpt lat="-26.2660700" lon="-51.0854550">
    <ele>954.6</ele>
   </trkpt>
   <trkpt lat="-26.2660320" lon="-51.0854430">
    <ele>955.2</ele>
   </trkpt>
   <trkpt lat="-26.2660320" lon="-51.0854430">
    <ele>955.6</ele>
   </trkpt>
   <trkpt lat="-26.2660320" lon="-51.0854430">
    <ele>956.0</ele>
   </trkpt>
   <trkpt lat="-26.2659990" lon="-51.0854390">
    <ele>956.2</ele>
   </trkpt>
   <trkpt lat="-26.2659920" lon="-51.0854460">
    <ele>956.6</ele>
   </trkpt>
   <trkpt lat="-26.2659860" lon="-51.0854370">
    <ele>956.8</ele>
   </trkpt>
   <trkpt lat="-26.2659600" lon="-51.0854240">
    <ele>957.2</ele>
   </trkpt>
   <trkpt lat="-26.2659600" lon="-51.0854240">
    <ele>957.4</ele>
   </trkpt>
   <trkpt lat="-26.2659310" lon="-51.0854220">
    <ele>957.8</ele>
   </trkpt>
   <trkpt lat="-26.2659310" lon="-51.0854220">
    <ele>958.0</ele>
   </trkpt>
   <trkpt lat="-26.2659150" lon="-51.0854130">
    <ele>958.4</ele>
   </trkpt>
   <trkpt lat="-26.2659160" lon="-51.0854020">
    <ele>958.6</ele>
   </trkpt>
   <trkpt lat="-26.2659060" lon="-51.0853950">
    <ele>959.0</ele>
   </trkpt>
   <trkpt lat="-26.2658640" lon="-51.0853710">
    <ele>959.2</ele>
   </trkpt>
   <trkpt lat="-26.2658640" lon="-51.0853710">
    <ele>959.4</ele>
   </trkpt>
   <trkpt lat="-26.2658490" lon="-51.0853380">
    <ele>959.8</ele>
   </trkpt>
   <trkpt lat="-26.2658350" lon="-51.0853360">
    <ele>960.0</ele>
   </trkpt>
   <trkpt lat="-26.2658290" lon="-51.0853400">
    <ele>960.2</ele>
   </trkpt>
   <trkpt lat="-26.2658030" lon="-51.0853240">
    <ele>960.4</ele>
   </trkpt>
   <trkpt lat="-26.2657990" lon="-51.0853100">
    <ele>960.6</ele>
   </trkpt>
   <trkpt lat="-26.2657950" lon="-51.0852950">
    <ele>960.8</ele>
   </trkpt>
   <trkpt lat="-26.2657900" lon="-51.0852810">
    <ele>961.0</ele>
   </trkpt>
   <trkpt lat="-26.2657810" lon="-51.0852760">
    <ele>961.4</ele>
   </trkpt>
   <trkpt lat="-26.2657700" lon="-51.0852760">
    <ele>961.6</ele>
   </trkpt>
   <trkpt lat="-26.2657740" lon="-51.0852790">
    <ele>961.8</ele>
   </trkpt>
   <trkpt lat="-26.2657740" lon="-51.0852790">
    <ele>962.0</ele>
   </trkpt>
   <trkpt lat="-26.2657740" lon="-51.0852790">
    <ele>962.0</ele>
   </trkpt>
   <trkpt lat="-26.2657720" lon="-51.0852810">
    <ele>962.0</ele>
   </trkpt>
   <trkpt lat="-26.2657720" lon="-51.0852810">
    <ele>962.2</ele>
   </trkpt>
   <trkpt lat="-26.2657740" lon="-51.0852860">
    <ele>962.2</ele>
   </trkpt>
   <trkpt lat="-26.2657630" lon="-51.0852830">
    <ele>962.4</ele>
   </trkpt>
   <trkpt lat="-26.2657280" lon="-51.0852730">
    <ele>962.4</ele>
   </trkpt>
   <trkpt lat="-26.2652150" lon="-51.0846960">
    <ele>969.0</ele>
   </trkpt>
   <trkpt lat="-26.2651800" lon="-51.0846710">
    <ele>968.0</ele>
   </trkpt>
   <trkpt lat="-26.2650710" lon="-51.0845830">
    <ele>967.2</ele>
   </trkpt>
   <trkpt lat="-26.2649770" lon="-51.0845310">
    <ele>966.4</ele>
   </trkpt>
   <trkpt lat="-26.2649320" lon="-51.0844880">
    <ele>965.6</ele>
   </trkpt>
   <trkpt lat="-26.2648860" lon="-51.0844450">
    <ele>964.6</ele>
   </trkpt>
   <trkpt lat="-26.2647530" lon="-51.0843120">
    <ele>963.2</ele>
   </trkpt>
   <trkpt lat="-26.2647110" lon="-51.0842640">
    <ele>961.8</ele>
   </trkpt>
   <trkpt lat="-26.2646690" lon="-51.0842160">
    <ele>960.6</ele>
   </trkpt>
   <trkpt lat="-26.2645440" lon="-51.0840730">
    <ele>959.2</ele>
   </trkpt>
   <trkpt lat="-26.2644630" lon="-51.0839710">
    <ele>957.6</ele>
   </trkpt>
   <trkpt lat="-26.2643550" lon="-51.0838630">
    <ele>956.2</ele>
   </trkpt>
   <trkpt lat="-26.2642940" lon="-51.0837430">
    <ele>955.4</ele>
   </trkpt>
   <trkpt lat="-26.2641920" lon="-51.0835610">
    <ele>954.6</ele>
   </trkpt>
   <trkpt lat="-26.2641520" lon="-51.0834990">
    <ele>953.4</ele>
   </trkpt>
   <trkpt lat="-26.2640360" lon="-51.0833120">
    <ele>951.6</ele>
   </trkpt>
   <trkpt lat="-26.2639990" lon="-51.0832510">
    <ele>950.4</ele>
   </trkpt>
   <trkpt lat="-26.2639260" lon="-51.0831290">
    <ele>949.0</ele>
   </trkpt>
   <trkpt lat="-26.2638030" lon="-51.0830050">
    <ele>947.8</ele>
   </trkpt>
   <trkpt lat="-26.2636190" lon="-51.0828310">
    <ele>946.2</ele>
   </trkpt>
   <trkpt lat="-26.2635560" lon="-51.0827820">
    <ele>944.8</ele>
   </trkpt>
   <trkpt lat="-26.2634940" lon="-51.0827330">
    <ele>943.4</ele>
   </trkpt>
   <trkpt lat="-26.2633070" lon="-51.0825850">
    <ele>942.0</ele>
   </trkpt>
   <trkpt lat="-26.2632100" lon="-51.0825100">
    <ele>940.8</ele>
   </trkpt>
   <trkpt lat="-26.2631210" lon="-51.0824400">
    <ele>939.4</ele>
   </trkpt>
   <trkpt lat="-26.2629920" lon="-51.0823330">
    <ele>938.2</ele>
   </trkpt>
   <trkpt lat="-26.2629740" lon="-51.0823100">
    <ele>936.6</ele>
   </trkpt>
   <trkpt lat="-26.2629560" lon="-51.0822880">
    <ele>935.2</ele>
   </trkpt>
   <trkpt lat="-26.2629190" lon="-51.0822420">
    <ele>933.8</ele>
   </trkpt>
   <trkpt lat="-26.2628910" lon="-51.0822210">
    <ele>933.0</ele>
   </trkpt>
   <trkpt lat="-26.2628230" lon="-51.0822090">
    <ele>932.2</ele>
   </trkpt>
   <trkpt lat="-26.2627350" lon="-51.0821550">
    <ele>931.8</ele>
   </trkpt>
   <trkpt lat="-26.2627210" lon="-51.0821280">
    <ele>931.4</ele>
   </trkpt>
   <trkpt lat="-26.2627070" lon="-51.0821020">
    <ele>931.2</ele>
   </trkpt>
   <trkpt lat="-26.2626930" lon="-51.0820750">
    <ele>930.8</ele>
   </trkpt>
   <trkpt lat="-26.2626950" lon="-51.0820330">
    <ele>930.6</ele>
   </trkpt>
   <trkpt lat="-26.2626950" lon="-51.0820250">
    <ele>930.4</ele>
   </trkpt>
   <trkpt lat="-26.2627090" lon="-51.0820190">
    <ele>930.2</ele>
   </trkpt>
   <trkpt lat="-26.2627480" lon="-51.0820140">
    <ele>930.2</ele>
   </trkpt>
   <trkpt lat="-26.2627480" lon="-51.0820140">
    <ele>930.2</ele>
   </trkpt>
   <trkpt lat="-26.2627620" lon="-51.0820150">
    <ele>930.4</ele>
   </trkpt>
   <trkpt lat="-26.2627760" lon="-51.0820140">
    <ele>930.8</ele>
   </trkpt>
   <trkpt lat="-26.2627970" lon="-51.0820180">
    <ele>931.4</ele>
   </trkpt>
   <trkpt lat="-26.2628280" lon="-51.0820220">
    <ele>932.0</ele>
   </trkpt>
   <trkpt lat="-26.2628280" lon="-51.0820220">
    <ele>932.4</ele>
   </trkpt>
   <trkpt lat="-26.2628460" lon="-51.0820160">
    <ele>932.8</ele>
   </trkpt>
   <trkpt lat="-26.2628450" lon="-51.0820100">
    <ele>933.2</ele>
   </trkpt>
   <trkpt lat="-26.2628450" lon="-51.0820010">
    <ele>933.8</ele>
   </trkpt>
   <trkpt lat="-26.2628570" lon="-51.0819900">
    <ele>934.2</ele>
   </trkpt>
   <trkpt lat="-26.2628630" lon="-51.0819780">
    <ele>934.4</ele>
   </trkpt>
   <trkpt lat="-26.2628630" lon="-51.0819780">
    <ele>934.6</ele>
   </trkpt>
   <trkpt lat="-26.2628640" lon="-51.0819640">
    <ele>935.0</ele>
   </trkpt>
   <trkpt lat="-26.2628600" lon="-51.0819530">
    <ele>935.2</ele>
   </trkpt>
   <trkpt lat="-26.2628760" lon="-51.0819400">
    <ele>935.4</ele>
   </trkpt>
   <trkpt lat="-26.2628900" lon="-51.0819150">
    <ele>935.6</ele>
   </trkpt>
   <trkpt lat="-26.2628900" lon="-51.0819150">
    <ele>935.8</ele>
   </trkpt>
   <trkpt lat="-26.2628930" lon="-51.0819070">
    <ele>936.0</ele>
   </trkpt>
   <trkpt lat="-26.2628900" lon="-51.0818960">
    <ele>936.0</ele>
   </trkpt>
   <trkpt lat="-26.2628780" lon="-51.0818920">
    <ele>936.2</ele>
   </trkpt>
   <trkpt lat="-26.2628750" lon="-51.0818800">
    <ele>936.4</ele>
   </trkpt>
   <trkpt lat="-26.2628510" lon="-51.0818610">
    <ele>936.6</ele>
   </trkpt>
   <trkpt lat="-26.2628510" lon="-51.0818610">
    <ele>936.6</ele>
   </trkpt>
   <trkpt lat="-26.2628500" lon="-51.0818540">
    <ele>936.8</ele>
   </trkpt>
   <trkpt lat="-26.2628580" lon="-51.0818400">
    <ele>936.8</ele>
   </trkpt>
   <trkpt lat="-26.2628610" lon="-51.0818280">
    <ele>936.8</ele>
   </trkpt>
   <trkpt lat="-26.2628530" lon="-51.0818070">
    <ele>936.8</ele>
   </trkpt>
   <trkpt lat="-26.2628470" lon="-51.0817750">
    <ele>937.0</ele>
   </trkpt>
   <trkpt lat="-26.2628410" lon="-51.0817420">
    <ele>937.0</ele>
   </trkpt>
   <trkpt lat="-26.2628350" lon="-51.0817100">
    <ele>937.0</ele>
   </trkpt>
   <trkpt lat="-26.2628280" lon="-51.0816780">
    <ele>937.2</ele>
   </trkpt>
   <trkpt lat="-26.2628220" lon="-51.0816450">
    <ele>937.2</ele>
   </trkpt>
   <trkpt lat="-26.2628160" lon="-51.0816130">
    <ele>937.0</ele>
   </trkpt>
   <trkpt lat="-26.2628100" lon="-51.0815810">
    <ele>937.0</ele>
   </trkpt>
   <trkpt lat="-26.2628040" lon="-51.0815480">
    <ele>937.0</ele>
   </trkpt>
   <trkpt lat="-26.2627980" lon="-51.0815160">
    <ele>937.0</ele>
   </trkpt>
   <trkpt lat="-26.2627920" lon="-51.0814840">
    <ele>937.0</ele>
   </trkpt>
   <trkpt lat="-26.2627860" lon="-51.0814510">
    <ele>937.0</ele>
   </trkpt>
   <trkpt lat="-26.2627800" lon="-51.0814190">
    <ele>930.2</ele>
   </trkpt>
   <trkpt lat="-26.2627740" lon="-51.0813870">
    <ele>929.2</ele>
   </trkpt>
   <trkpt lat="-26.2626970" lon="-51.0812850">
    <ele>928.2</ele>
   </trkpt>
   <trkpt lat="-26.2626670" lon="-51.0812520">
    <ele>927.4</ele>
   </trkpt>
   <trkpt lat="-26.2626150" lon="-51.0811990">
    <ele>926.6</ele>
   </trkpt>
   <trkpt lat="-26.2625740" lon="-51.0811470">
    <ele>925.8</ele>
   </trkpt>
   <trkpt lat="-26.2625430" lon="-51.0811070">
    <ele>925.0</ele>
   </trkpt>
   <trkpt lat="-26.2625200" lon="-51.0810790">
    <ele>924.2</ele>
   </trkpt>
   <trkpt lat="-26.2624560" lon="-51.0810120">
    <ele>923.6</ele>
   </trkpt>
   <trkpt lat="-26.2624390" lon="-51.0809890">
    <ele>923.2</ele>
   </trkpt>
   <trkpt lat="-26.2624230" lon="-51.0809660">
    <ele>923.0</ele>
   </trkpt>
   <trkpt lat="-26.2623870" lon="-51.0809200">
    <ele>923.0</ele>
   </trkpt>
   <trkpt lat="-26.2623550" lon="-51.0808730">
    <ele>923.0</ele>
   </trkpt>
   <trkpt lat="-26.2623180" lon="-51.0808350">
    <ele>923.4</ele>
   </trkpt>
   <trkpt lat="-26.2622440" lon="-51.0807440">
    <ele>924.0</ele>
   </trkpt>
   <trkpt lat="-26.2622240" lon="-51.0807200">
    <ele>924.0</ele>
   </trkpt>
   <trkpt lat="-26.2622050" lon="-51.0806950">
    <ele>924.0</ele>
   </trkpt>
   <trkpt lat="-26.2621850" lon="-51.0806700">
    <ele>923.4</ele>
   </trkpt>
   <trkpt lat="-26.2621260" lon="-51.0805960">
    <ele>922.8</ele>
   </trkpt>
   <trkpt lat="-26.2621060" lon="-51.0805390">
    <ele>922.2</ele>
   </trkpt>
   <trkpt lat="-26.2621260" lon="-51.0804920">
    <ele>922.0</ele>
   </trkpt>
   <trkpt lat="-26.2621110" lon="-51.0804170">
    <ele>922.0</ele>
   </trkpt>
   <trkpt lat="-26.2621130" lon="-51.0803810">
    <ele>922.0</ele>
   </trkpt>
   <trkpt lat="-26.2621140" lon="-51.0803450">
    <ele>922.0</ele>
   </trkpt>
   <trkpt lat="-26.2621060" lon="-51.0803250">
    <ele>922.2</ele>
   </trkpt>
   <trkpt lat="-26.2620990" lon="-51.0803050">
    <ele>922.4</ele>
   </trkpt>
   <trkpt lat="-26.2620790" lon="-51.0802730">
    <ele>922.4</ele>
   </trkpt>
   <trkpt lat="-26.2620460" lon="-51.0802350">
    <ele>922.4</ele>
   </trkpt>
   <trkpt lat="-26.2620410" lon="-51.0802220">
    <ele>922.0</ele>
   </trkpt>
   <trkpt lat="-26.2620370" lon="-51.0802090">
    <ele>921.6</ele>
   </trkpt>
   <trkpt lat="-26.2620320" lon="-51.0801960">
    <ele>920.6</ele>
   </trkpt>
   <trkpt lat="-26.2620220" lon="-51.0801790">
    <ele>919.6</ele>
   </trkpt>
   <trkpt lat="-26.2620000" lon="-51.0801630">
    <ele>918.6</ele>
   </trkpt>
   <trkpt lat="-26.2619640" lon="-51.0801390">
    <ele>917.6</ele>
   </trkpt>
   <trkpt lat="-26.2619520" lon="-51.0801150">
    <ele>916.6</ele>
   </trkpt>
   <trkpt lat="-26.2619400" lon="-51.0800900">
    <ele>915.4</ele>
   </trkpt>
   <trkpt lat="-26.2619400" lon="-51.0800900">
    <ele>914.4</ele>
   </trkpt>
   <trkpt lat="-26.2619180" lon="-51.0800700">
    <ele>913.0</ele>
   </trkpt>
   <trkpt lat="-26.2618790" lon="-51.0800580">
    <ele>911.8</ele>
   </trkpt>
   <trkpt lat="-26.2618100" lon="-51.0800180">
    <ele>910.6</ele>
   </trkpt>
   <trkpt lat="-26.2617720" lon="-51.0799940">
    <ele>909.2</ele>
   </trkpt>
   <trkpt lat="-26.2617330" lon="-51.0799710">
    <ele>908.0</ele>
   </trkpt>
   <trkpt lat="-26.2617180" lon="-51.0799540">
    <ele>906.8</ele>
   </trkpt>
   <trkpt lat="-26.2617020" lon="-51.0799370">
    <ele>905.6</ele>
   </trkpt>
   <trkpt lat="-26.2616970" lon="-51.0799170">
    <ele>904.6</ele>
   </trkpt>
   <trkpt lat="-26.2616700" lon="-51.0798690">
    <ele>903.6</ele>
   </trkpt>
   <trkpt lat="-26.2616420" lon="-51.0798410">
    <ele>903.0</ele>
   </trkpt>
   <trkpt lat="-26.2616130" lon="-51.0798130">
    <ele>902.4</ele>
   </trkpt>
   <trkpt lat="-26.2615850" lon="-51.0797950">
    <ele>901.6</ele>
   </trkpt>
   <trkpt lat="-26.2615570" lon="-51.0797770">
    <ele>900.6</ele>
   </trkpt>
   <trkpt lat="-26.2615280" lon="-51.0797600">
    <ele>899.4</ele>
   </trkpt>
   <trkpt lat="-26.2615060" lon="-51.0797460">
    <ele>898.0</ele>
   </trkpt>
   <trkpt lat="-26.2614830" lon="-51.0797310">
    <ele>896.8</ele>
   </trkpt>
   <trkpt lat="-26.2613960" lon="-51.0796680">
    <ele>895.8</ele>
   </trkpt>
   <trkpt lat="-26.2613680" lon="-51.0796290">
    <ele>895.0</ele>
   </trkpt>
   <trkpt lat="-26.2613410" lon="-51.0795890">
    <ele>894.4</ele>
   </trkpt>
   <trkpt lat="-26.2613410" lon="-51.0795890">
    <ele>893.8</ele>
   </trkpt>
   <trkpt lat="-26.2613300" lon="-51.0795680">
    <ele>893.4</ele>
   </trkpt>
   <trkpt lat="-26.2613050" lon="-51.0795480">
    <ele>892.8</ele>
   </trkpt>
   <trkpt lat="-26.2612370" lon="-51.0795100">
    <ele>892.0</ele>
   </trkpt>
   <trkpt lat="-26.2612130" lon="-51.0795030">
    <ele>891.2</ele>
   </trkpt>
   <trkpt lat="-26.2611890" lon="-51.0794960">
    <ele>890.2</ele>
   </trkpt>
   <trkpt lat="-26.2611240" lon="-51.0794940">
    <ele>889.2</ele>
   </trkpt>
   <trkpt lat="-26.2611070" lon="-51.0795050">
    <ele>888.0</ele>
   </trkpt>
   <trkpt lat="-26.2610260" lon="-51.0794670">
    <ele>887.2</ele>
   </trkpt>
   <trkpt lat="-26.2610010" lon="-51.0794630">
    <ele>886.4</ele>
   </trkpt>
   <trkpt lat="-26.2609760" lon="-51.0794580">
    <ele>885.8</ele>
   </trkpt>
   <trkpt lat="-26.2609510" lon="-51.0794540">
    <ele>884.8</ele>
   </trkpt>
   <trkpt lat="-26.2608550" lon="-51.0794320">
    <ele>884.0</ele>
   </trkpt>
   <trkpt lat="-26.2608330" lon="-51.0794250">
    <ele>883.0</ele>
   </trkpt>
   <trkpt lat="-26.2608010" lon="-51.0794190">
    <ele>881.8</ele>
   </trkpt>
   <trkpt lat="-26.2607550" lon="-51.0793960">
    <ele>880.6</ele>
   </trkpt>
   <trkpt lat="-26.2607030" lon="-51.0793780">
    <ele>879.6</ele>
   </trkpt>
   <trkpt lat="-26.2606500" lon="-51.0793600">
    <ele>878.8</ele>
   </trkpt>
   <trkpt lat="-26.2605980" lon="-51.0793410">
    <ele>878.2</ele>
   </trkpt>
   <trkpt lat="-26.2605460" lon="-51.0793230">
    <ele>878.0</ele>
   </trkpt>
   <trkpt lat="-26.2604940" lon="-51.0793050">
    <ele>877.8</ele>
   </trkpt>
   <trkpt lat="-26.2604420" lon="-51.0792870">
    <ele>877.8</ele>
   </trkpt>
   <trkpt lat="-26.2603900" lon="-51.0792680">
    <ele>877.8</ele>
   </trkpt>
   <trkpt lat="-26.2603370" lon="-51.0792500">
    <ele>877.8</ele>
   </trkpt>
   <trkpt lat="-26.2602850" lon="-51.0792320">
    <ele>869.0</ele>
   </trkpt>
   <trkpt lat="-26.2602330" lon="-51.0792140">
    <ele>868.0</ele>
   </trkpt>
   <trkpt lat="-26.2601570" lon="-51.0792720">
    <ele>866.8</ele>
   </trkpt>
   <trkpt lat="-26.2601360" lon="-51.0792750">
    <ele>865.8</ele>
   </trkpt>
   <trkpt lat="-26.2601150" lon="-51.0792780">
    <ele>864.8</ele>
   </trkpt>
   <trkpt lat="-26.2599990" lon="-51.0792940">
    <ele>863.6</ele>
   </trkpt>
   <trkpt lat="-26.2599990" lon="-51.0792940">
    <ele>862.2</ele>
   </trkpt>
   <trkpt lat="-26.2599990" lon="-51.0792940">
    <ele>860.8</ele>
   </trkpt>
   <trkpt lat="-26.2599710" lon="-51.0792840">
    <ele>859.6</ele>
   </trkpt>
   <trkpt lat="-26.2599440" lon="-51.0792900">
    <ele>858.6</ele>
   </trkpt>
   <trkpt lat="-26.2599180" lon="-51.0792950">
    <ele>858.0</ele>
   </trkpt>
   <trkpt lat="-26.2598720" lon="-51.0792650">
    <ele>857.6</ele>
   </trkpt>
   <trkpt lat="-26.2598320" lon="-51.0792520">
    <ele>857.2</ele>
   </trkpt>
   <trkpt lat="-26.2598100" lon="-51.0792340">
    <ele>856.8</ele>
   </trkpt>
   <trkpt lat="-26.2597870" lon="-51.0792150">
    <ele>856.4</ele>
   </trkpt>
   <trkpt lat="-26.2597650" lon="-51.0791960">
    <ele>855.8</ele>
   </trkpt>
   <trkpt lat="-26.2597080" lon="-51.0791740">
    <ele>855.4</ele>
   </trkpt>
   <trkpt lat="-26.2596640" lon="-51.0791380">
    <ele>854.8</ele>
   </trkpt>
   <trkpt lat="-26.2595990" lon="-51.0790450">
    <ele>854.6</ele>
   </trkpt>
   <trkpt lat="-26.2595740" lon="-51.0790190">
    <ele>854.4</ele>
   </trkpt>
   <trkpt lat="-26.2595490" lon="-51.0789930">
    <ele>854.2</ele>
   </trkpt>
   <trkpt lat="-26.2595240" lon="-51.0789660">
    <ele>853.8</ele>
   </trkpt>
   <trkpt lat="-26.2594490" lon="-51.0788880">
    <ele>853.6</ele>
   </trkpt>
   <trkpt lat="-26.2594250" lon="-51.0788430">
    <ele>853.2</ele>
   </trkpt>
   <trkpt lat="-26.2594070" lon="-51.0788100">
    <ele>852.8</ele>
   </trkpt>
   <trkpt lat="-26.2593760" lon="-51.0787520">
    <ele>852.2</ele>
   </trkpt>
   <trkpt lat="-26.2593590" lon="-51.0787320">
    <ele>851.6</ele>
   </trkpt>
   <trkpt lat="-26.2593420" lon="-51.0787120">
    <ele>851.0</ele>
   </trkpt>
   <trkpt lat="-26.2593250" lon="-51.0786910">
    <ele>850.4</ele>
   </trkpt>
   <trkpt lat="-26.2592770" lon="-51.0786660">
    <ele>849.4</ele>
   </trkpt>
   <trkpt lat="-26.2592180" lon="-51.0786230">
    <ele>848.2</ele>
   </trkpt>
   <trkpt lat="-26.2591930" lon="-51.0785540">
    <ele>847.0</ele>
   </trkpt>
   <trkpt lat="-26.2591670" lon="-51.0784750">
    <ele>846.2</ele>
   </trkpt>
   <trkpt lat="-26.2591510" lon="-51.0784610">
    <ele>845.4</ele>
   </trkpt>
   <trkpt lat="-26.2591340" lon="-51.0784470">
    <ele>844.6</ele>
   </trkpt>
   <trkpt lat="-26.2591180" lon="-51.0784080">
    <ele>843.8</ele>
   </trkpt>
   <trkpt lat="-26.2591140" lon="-51.0783760">
    <ele>842.8</ele>
   </trkpt>
   <trkpt lat="-26.2590960" lon="-51.0783250">
    <ele>842.0</ele>
   </trkpt>
   <trkpt lat="-26.2590650" lon="-51.0782820">
    <ele>841.0</ele>
   </trkpt>
   <trkpt lat="-26.2590460" lon="-51.0782580">
    <ele>840.2</ele>
   </trkpt>
   <trkpt lat="-26.2590260" lon="-51.0782340">
    <ele>839.2</ele>
   </trkpt>
   <trkpt lat="-26.2590260" lon="-51.0782340">
    <ele>838.4</ele>
   </trkpt>
   <trkpt lat="-26.2590430" lon="-51.0782050">
    <ele>837.6</ele>
   </trkpt>
   <trkpt lat="-26.2589990" lon="-51.0781620">
    <ele>836.8</ele>
   </trkpt>
   <trkpt lat="-26.2590010" lon="-51.0781450">
    <ele>836.0</ele>
   </trkpt>
   <trkpt lat="-26.2590020" lon="-51.0781270">
    <ele>835.2</ele>
   </trkpt>
   <trkpt lat="-26.2590040" lon="-51.0781100">
    <ele>834.4</ele>
   </trkpt>
   <trkpt lat="-26.2589800" lon="-51.0780860">
    <ele>833.6</ele>
   </trkpt>
   <trkpt lat="-26.2589450" lon="-51.0780480">
    <ele>832.6</ele>
   </trkpt>
   <trkpt lat="-26.2589450" lon="-51.0780480">
    <ele>831.8</ele>
   </trkpt>
   <trkpt lat="-26.2589680" lon="-51.0780180">
    <ele>830.8</ele>
   </trkpt>
   <trkpt lat="-26.2589510" lon="-51.0780040">
    <ele>830.0</ele>
   </trkpt>
   <trkpt lat="-26.2589490" lon="-51.0779870">
    <ele>829.0</ele>
   </trkpt>
   <trkpt lat="-26.2589260" lon="-51.0779730">
    <ele>828.2</ele>
   </trkpt>
   <trkpt lat="-26.2589090" lon="-51.0779680">
    <ele>827.4</ele>
   </trkpt>
   <trkpt lat="-26.2588910" lon="-51.0779630">
    <ele>826.6</ele>
   </trkpt>
   <trkpt lat="-26.2588910" lon="-51.0779630">
    <ele>825.8</ele>
   </trkpt>
   <trkpt lat="-26.2588860" lon="-51.0779510">
    <ele>825.2</ele>
   </trkpt>
   <trkpt lat="-26.2588450" lon="-51.0779340">
    <ele>824.2</ele>
   </trkpt>
   <trkpt lat="-26.2588330" lon="-51.0779270">
    <ele>823.4</ele>
   </trkpt>
   <trkpt lat="-26.2588210" lon="-51.0779270">
    <ele>822.4</ele>
   </trkpt>
   <trkpt lat="-26.2588080" lon="-51.0779270">
    <ele>821.6</ele>
   </trkpt>
   <trkpt lat="-26.2571440" lon="-51.0777820">
    <ele>790.2</ele>
   </trkpt>
   <trkpt lat="-26.2571250" lon="-51.0777740">
    <ele>790.0</ele>
   </trkpt>
   <trkpt lat="-26.2571180" lon="-51.0777620">
    <ele>789.8</ele>
   </trkpt>
   <trkpt lat="-26.2571080" lon="-51.0777560">
    <ele>789.6</ele>
   </trkpt>
   <trkpt lat="-26.2571080" lon="-51.0777560">
    <ele>789.4</ele>
   </trkpt>
   <trkpt lat="-26.2571080" lon="-51.0777560">
    <ele>789.4</ele>
   </trkpt>
   <trkpt lat="-26.2571060" lon="-51.0777350">
    <ele>789.2</ele>
   </trkpt>
   <trkpt lat="-26.2571080" lon="-51.0777150">
    <ele>789.0</ele>
   </trkpt>
   <trkpt lat="-26.2570930" lon="-51.0776750">
    <ele>788.8</ele>
   </trkpt>
   <trkpt lat="-26.2570930" lon="-51.0776750">
    <ele>788.6</ele>
   </trkpt>
   <trkpt lat="-26.2570690" lon="-51.0776630">
    <ele>788.4</ele>
   </trkpt>
   <trkpt lat="-26.2570690" lon="-51.0776630">
    <ele>788.2</ele>
   </trkpt>
   <trkpt lat="-26.2570180" lon="-51.0775890">
    <ele>787.2</ele>
   </trkpt>
   <trkpt lat="-26.2570030" lon="-51.0775800">
    <ele>787.0</ele>
   </trkpt>
   <trkpt lat="-26.2570060" lon="-51.0775710">
    <ele>787.0</ele>
   </trkpt>
   <trkpt lat="-26.2569980" lon="-51.0775540">
    <ele>786.8</ele>
   </trkpt>
   <trkpt lat="-26.2569980" lon="-51.0775540">
    <ele>786.8</ele>
   </trkpt>
   <trkpt lat="-26.2569940" lon="-51.0775460">
    <ele>786.8</ele>
   </trkpt>
   <trkpt lat="-26.2569940" lon="-51.0775290">
    <ele>786.6</ele>
   </trkpt>
   <trkpt lat="-26.2569930" lon="-51.0775210">
    <ele>786.6</ele>
   </trkpt>
   <trkpt lat="-26.2569710" lon="-51.0774840">
    <ele>786.4</ele>
   </trkpt>
   <trkpt lat="-26.2569710" lon="-51.0774840">
    <ele>786.4</ele>
   </trkpt>
   <trkpt lat="-26.2569590" lon="-51.0774580">
    <ele>786.4</ele>
   </trkpt>
   <trkpt lat="-26.2569550" lon="-51.0774400">
    <ele>786.2</ele>
   </trkpt>
   <trkpt lat="-26.2569670" lon="-51.0774240">
    <ele>786.2</ele>
   </trkpt>
   <trkpt lat="-26.2569680" lon="-51.0773950">
    <ele>786.2</ele>
   </trkpt>
   <trkpt lat="-26.2569680" lon="-51.0773950">
    <ele>786.0</ele>
   </trkpt>
   <trkpt lat="-26.2569390" lon="-51.0773860">
    <ele>786.0</ele>
   </trkpt>
   <trkpt lat="-26.2569680" lon="-51.0773640">
    <ele>786.0</ele>
   </trkpt>
   <trkpt lat="-26.2569880" lon="-51.0773640">
    <ele>785.8</ele>
   </trkpt>
   <trkpt lat="-26.2569840" lon="-51.0773440">
    <ele>785.8</ele>
   </trkpt>
   <trkpt lat="-26.2569840" lon="-51.0773440">
    <ele>785.6</ele>
   </trkpt>
   <trkpt lat="-26.2570020" lon="-51.0773190">
    <ele>785.4</ele>
   </trkpt>
   <trkpt lat="-26.2570020" lon="-51.0773190">
    <ele>785.4</ele>
   </trkpt>
   <trkpt lat="-26.2570020" lon="-51.0773070">
    <ele>785.2</ele>
   </trkpt>
   <trkpt lat="-26.2570020" lon="-51.0772680">
    <ele>785.0</ele>
   </trkpt>
   <trkpt lat="-26.2569830" lon="-51.0772610">
    <ele>785.0</ele>
   </trkpt>
   <trkpt lat="-26.2569640" lon="-51.0772550">
    <ele>785.0</ele>
   </trkpt>
   <trkpt lat="-26.2569640" lon="-51.0772550">
    <ele>784.8</ele>
   </trkpt>
   <trkpt lat="-26.2569650" lon="-51.0772440">
    <ele>784.8</ele>
   </trkpt>
   <trkpt lat="-26.2569640" lon="-51.0772360">
    <ele>784.6</ele>
   </trkpt>
   <trkpt lat="-26.2569500" lon="-51.0772120">
    <ele>784.4</ele>
   </trkpt>
   <trkpt lat="-26.2569310" lon="-51.0772100">
    <ele>784.4</ele>
   </trkpt>
   <trkpt lat="-26.2569110" lon="-51.0772080">
    <ele>784.2</ele>
   </trkpt>
   <trkpt lat="-26.2568980" lon="-51.0772060">
    <ele>784.0</ele>
   </trkpt>
   <trkpt lat="-26.2568770" lon="-51.0771920">
    <ele>784.0</ele>
   </trkpt>
   <trkpt lat="-26.2568600" lon="-51.0772030">
    <ele>783.8</ele>
   </trkpt>
   <trkpt lat="-26.2568430" lon="-51.0772140">
    <ele>783.6</ele>
   </trkpt>
   <trkpt lat="-26.2568250" lon="-51.0772250">
    <ele>783.4</ele>
   </trkpt>
   <trkpt lat="-26.2568080" lon="-51.0772360">
    <ele>783.4</ele>
   </trkpt>
   <trkpt lat="-26.2568080" lon="-51.0772360">
    <ele>783.2</ele>
   </trkpt>
   <trkpt lat="-26.2568070" lon="-51.0772400">
    <ele>783.2</ele>
   </trkpt>
   <trkpt lat="-26.2567690" lon="-51.0772480">
    <ele>783.2</ele>
   </trkpt>
   <trkpt lat="-26.2567690" lon="-51.0772480">
    <ele>783.2</ele>
   </trkpt>
   <trkpt lat="-26.2567430" lon="-51.0772510">
    <ele>783.2</ele>
   </trkpt>
   <trkpt lat="-26.2567120" lon="-51.0772690">
    <ele>783.2</ele>
   </trkpt>
   <trkpt lat="-26.2567040" lon="-51.0772780">
    <ele>783.2</ele>
   </trkpt>
   <trkpt lat="-26.2567050" lon="-51.0772900">
    <ele>783.2</ele>
   </trkpt>
   <trkpt lat="-26.2567050" lon="-51.0772900">
    <ele>783.2</ele>
   </trkpt>
   <trkpt lat="-26.2566730" lon="-51.0772990">
    <ele>783.2</ele>
   </trkpt>
   <trkpt lat="-26.2566480" lon="-51.0772970">
    <ele>783.2</ele>
   </trkpt>
   <trkpt lat="-26.2566350" lon="-51.0773030">
    <ele>783.2</ele>
   </trkpt>
   <trkpt lat="-26.2566060" lon="-51.0773240">
    <ele>783.2</ele>
   </trkpt>
   <trkpt lat="-26.2566060" lon="-51.0773240">
    <ele>783.2</ele>
   </trkpt>
   <trkpt lat="-26.2565940" lon="-51.0773100">
    <ele>783.2</ele>
   </trkpt>
   <trkpt lat="-26.2565840" lon="-51.0773150">
    <ele>783.2</ele>
   </trkpt>
   <trkpt lat="-26.2565570" lon="-51.0773260">
    <ele>783.2</ele>
   </trkpt>
   <trkpt lat="-26.2565570" lon="-51.0773260">
    <ele>783.2</ele>
   </trkpt>
   <trkpt lat="-26.2565500" lon="-51.0773320">
    <ele>783.2</ele>
   </trkpt>
   <trkpt lat="-26.2565470" lon="-51.0773500">
    <ele>783.2</ele>
   </trkpt>
   <trkpt lat="-26.2565370" lon="-51.0773590">
    <ele>783.2</ele>
   </trkpt>
   <trkpt lat="-26.2565010" lon="-51.0773620">
    <ele>783.2</ele>
   </trkpt>
   <trkpt lat="-26.2565010" lon="-51.0773620">
    <ele>783.2</ele>
   </trkpt>
   <trkpt lat="-26.2564840" lon="-51.0773630">
    <ele>783.2</ele>
   </trkpt>
   <trkpt lat="-26.2564750" lon="-51.0773780">
    <ele>783.0</ele>
   </trkpt>
   <trkpt lat="-26.2564580" lon="-51.0773820">
    <ele>783.0</ele>
   </trkpt>
   <trkpt lat="-26.2564290" lon="-51.0774030">
    <ele>783.0</ele>
   </trkpt>
   <trkpt lat="-26.2564290" lon="-51.0774030">
    <ele>783.0</ele>
   </trkpt>
   <trkpt lat="-26.2564000" lon="-51.0774090">
    <ele>783.0</ele>
   </trkpt>
   <trkpt lat="-26.2563830" lon="-51.0774260">
    <ele>783.0</ele>
   </trkpt>
   <trkpt lat="-26.2563880" lon="-51.0774320">
    <ele>783.0</ele>
   </trkpt>
   <trkpt lat="-26.2564170" lon="-51.0774270">
    <ele>783.0</ele>
   </trkpt>
   <trkpt lat="-26.2564170" lon="-51.0774270">
    <ele>783.0</ele>
   </trkpt>
   <trkpt lat="-26.2564290" lon="-51.0774190">
    <ele>783.0</ele>
   </trkpt>
   <trkpt lat="-26.2564290" lon="-51.0774190">
    <ele>783.0</ele>
   </trkpt>
   <trkpt lat="-26.2564080" lon="-51.0774030">
    <ele>783.0</ele>
   </trkpt>
   <trkpt lat="-26.2563890" lon="-51.0774250">
    <ele>782.8</ele>
   </trkpt>
   <trkpt lat="-26.2563960" lon="-51.0774210">
    <ele>782.8</ele>
   </trkpt>
   <trkpt lat="-26.2564020" lon="-51.0774170">
    <ele>782.8</ele>
   </trkpt>
   <trkpt lat="-26.2564090" lon="-51.0774130">
    <ele>782.8</ele>
   </trkpt>
   <trkpt lat="-26.2564150" lon="-51.0774080">
    <ele>782.8</ele>
   </trkpt>
   <trkpt lat="-26.2564230" lon="-51.0774050">
    <ele>782.8</ele>
   </trkpt>
   <trkpt lat="-26.2564230" lon="-51.0774050">
    <ele>782.8</ele>
   </trkpt>
   <trkpt lat="-26.2564020" lon="-51.0774080">
    <ele>782.8</ele>
   </trkpt>
   <trkpt lat="-26.2563820" lon="-51.0774140">
    <ele>782.8</ele>
   </trkpt>
   <trkpt lat="-26.2562350" lon="-51.0775020">
    <ele>782.8</ele>
   </trkpt>
   <trkpt lat="-26.2562270" lon="-51.0775040">
    <ele>782.8</ele>
   </trkpt>
   <trkpt lat="-26.2562210" lon="-51.0775160">
    <ele>782.8</ele>
   </trkpt>
   <trkpt lat="-26.2562120" lon="-51.0775330">
    <ele>782.8</ele>
   </trkpt>
   <trkpt lat="-26.2562040" lon="-51.0775470">
    <ele>782.8</ele>
   </trkpt>
   <trkpt lat="-26.2561950" lon="-51.0775620">
    <ele>782.8</ele>
   </trkpt>
   <trkpt lat="-26.2561870" lon="-51.0775760">
    <ele>782.8</ele>
   </trkpt>
   <trkpt lat="-26.2561480" lon="-51.0775950">
    <ele>782.6</ele>
   </trkpt>
   <trkpt lat="-26.2561340" lon="-51.0776140">
    <ele>782.6</ele>
   </trkpt>
   <trkpt lat="-26.2561230" lon="-51.0776230">
    <ele>782.6</ele>
   </trkpt>
   <trkpt lat="-26.2561130" lon="-51.0776330">
    <ele>782.6</ele>
   </trkpt>
   <trkpt lat="-26.2561130" lon="-51.0776330">
    <ele>782.6</ele>
   </trkpt>
   <trkpt lat="-26.2561130" lon="-51.0776330">
    <ele>782.6</ele>
   </trkpt>
   <trkpt lat="-26.2561070" lon="-51.0776430">
    <ele>782.6</ele>
   </trkpt>
   <trkpt lat="-26.2561060" lon="-51.0776490">
    <ele>782.6</ele>
   </trkpt>
   <trkpt lat="-26.2560730" lon="-51.0776740">
    <ele>782.6</ele>
   </trkpt>
   <trkpt lat="-26.2560730" lon="-51.0776740">
    <ele>782.6</ele>
   </trkpt>
   <trkpt lat="-26.2560660" lon="-51.0776820">
    <ele>782.6</ele>
   </trkpt>
   <trkpt lat="-26.2560640" lon="-51.0777000">
    <ele>782.6</ele>
   </trkpt>
   <trkpt lat="-26.2560540" lon="-51.0777090">
    <ele>782.4</ele>
   </trkpt>
   <trkpt lat="-26.2560370" lon="-51.0777130">
    <ele>782.4</ele>
   </trkpt>
   <trkpt lat="-26.2560370" lon="-51.0777130">
    <ele>782.4</ele>
   </trkpt>
   <trkpt lat="-26.2560320" lon="-51.0777250">
    <ele>782.4</ele>
   </trkpt>
   <trkpt lat="-26.2560230" lon="-51.0777270">
    <ele>782.4</ele>
   </trkpt>
   <trkpt lat="-26.2560270" lon="-51.0777430">
    <ele>782.4</ele>
   </trkpt>
   <trkpt lat="-26.2560030" lon="-51.0777590">
    <ele>782.4</ele>
   </trkpt>
   <trkpt lat="-26.2560030" lon="-51.0777590">
    <ele>782.2</ele>
   </trkpt>
   <trkpt lat="-26.2559930" lon="-51.0777790">
    <ele>782.2</ele>
   </trkpt>
   <trkpt lat="-26.2559820" lon="-51.0777870">
    <ele>782.2</ele>
   </trkpt>
   <trkpt lat="-26.2559740" lon="-51.0778040">
    <ele>782.2</ele>
   </trkpt>
   <trkpt lat="-26.2559320" lon="-51.0778180">
    <ele>782.2</ele>
   </trkpt>
   <trkpt lat="-26.2559320" lon="-51.0778180">
    <ele>782.2</ele>
   </trkpt>
   <trkpt lat="-26.2559170" lon="-51.0778430">
    <ele>782.2</ele>
   </trkpt>
   <trkpt lat="-26.2559010" lon="-51.0778540">
    <ele>782.2</ele>
   </trkpt>
   <trkpt lat="-26.2558800" lon="-51.0778570">
    <ele>782.0</ele>
   </trkpt>
   <trkpt lat="-26.2558800" lon="-51.0778570">
    <ele>782.0</ele>
   </trkpt>
   <trkpt lat="-26.2558530" lon="-51.0778640">
    <ele>782.0</ele>
   </trkpt>
   <trkpt lat="-26.2558530" lon="-51.0778640">
    <ele>782.0</ele>
   </trkpt>
   <trkpt lat="-26.2558420" lon="-51.0778710">
    <ele>782.0</ele>
   </trkpt>
   <trkpt lat="-26.2558310" lon="-51.0778810">
    <ele>782.0</ele>
   </trkpt>
   <trkpt lat="-26.2557910" lon="-51.0778860">
    <ele>782.0</ele>
   </trkpt>
   <trkpt lat="-26.2557910" lon="-51.0778860">
    <ele>782.0</ele>
   </trkpt>
   <trkpt lat="-26.2557980" lon="-51.0779000">
    <ele>781.8</ele>
   </trkpt>
   <trkpt lat="-26.2557920" lon="-51.0779040">
    <ele>781.8</ele>
   </trkpt>
   <trkpt lat="-26.2557910" lon="-51.0779160">
    <ele>781.8</ele>
   </trkpt>
   <trkpt lat="-26.2557950" lon="-51.0779260">
    <ele>781.8</ele>
   </trkpt>
   <trkpt lat="-26.2557950" lon="-51.0779260">
    <ele>781.8</ele>
   </trkpt>
   <trkpt lat="-26.2557730" lon="-51.0779280">
    <ele>781.8</ele>
   </trkpt>
   <trkpt lat="-26.2557660" lon="-51.0779360">
    <ele>781.8</ele>
   </trkpt>
   <trkpt lat="-26.2557690" lon="-51.0779610">
    <ele>781.8</ele>
   </trkpt>
   <trkpt lat="-26.2557650" lon="-51.0780080">
    <ele>782.0</ele>
   </trkpt>
   <trkpt lat="-26.2557650" lon="-51.0780080">
    <ele>782.0</ele>
   </trkpt>
   <trkpt lat="-26.2557680" lon="-51.0780090">
    <ele>781.8</ele>
   </trkpt>
   <trkpt lat="-26.2557650" lon="-51.0780080">
    <ele>781.8</ele>
   </trkpt>
   <trkpt lat="-26.2557730" lon="-51.0780000">
    <ele>781.8</ele>
   </trkpt>
   <trkpt lat="-26.2557780" lon="-51.0779940">
    <ele>781.6</ele>
   </trkpt>
   <trkpt lat="-26.2557780" lon="-51.0779940">
    <ele>781.6</ele>
   </trkpt>
   <trkpt lat="-26.2557910" lon="-51.0780000">
    <ele>781.6</ele>
   </trkpt>
   <trkpt lat="-26.2557860" lon="-51.0780010">
    <ele>781.6</ele>
   </trkpt>
   <trkpt lat="-26.2557790" lon="-51.0779980">
    <ele>781.6</ele>
   </trkpt>
   <trkpt lat="-26.2557440" lon="-51.0781310">
    <ele>782.0</ele>
   </trkpt>
   <trkpt lat="-26.2557290" lon="-51.0781440">
    <ele>782.2</ele>
   </trkpt>
   <trkpt lat="-26.2557290" lon="-51.0781530">
    <ele>782.2</ele>
   </trkpt>
   <trkpt lat="-26.2557190" lon="-51.0781700">
    <ele>782.4</ele>
   </trkpt>
   <trkpt lat="-26.2557190" lon="-51.0781700">
    <ele>782.4</ele>
   </trkpt>
   <trkpt lat="-26.2556930" lon="-51.0781920">
    <ele>782.4</ele>
   </trkpt>
   <trkpt lat="-26.2556930" lon="-51.0781920">
    <ele>782.4</ele>
   </trkpt>
   <trkpt lat="-26.2556930" lon="-51.0781920">
    <ele>782.6</ele>
   </trkpt>
   <trkpt lat="-26.2556810" lon="-51.0782180">
    <ele>782.6</ele>
   </trkpt>
   <trkpt lat="-26.2556800" lon="-51.0782440">
    <ele>782.6</ele>
   </trkpt>
   <trkpt lat="-26.2556800" lon="-51.0782440">
    <ele>782.6</ele>
   </trkpt>
   <trkpt lat="-26.2556920" lon="-51.0782560">
    <ele>782.8</ele>
   </trkpt>
   <trkpt lat="-26.2556900" lon="-51.0782720">
    <ele>782.8</ele>
   </trkpt>
   <trkpt lat="-26.2556750" lon="-51.0782930">
    <ele>783.0</ele>
   </trkpt>
   <trkpt lat="-26.2556750" lon="-51.0783300">
    <ele>783.2</ele>
   </trkpt>
   <trkpt lat="-26.2556750" lon="-51.0783300">
    <ele>783.2</ele>
   </trkpt>
   <trkpt lat="-26.2556730" lon="-51.0783370">
    <ele>783.2</ele>
   </trkpt>
   <trkpt lat="-26.2556780" lon="-51.0783490">
    <ele>783.2</ele>
   </trkpt>
   <trkpt lat="-26.2556860" lon="-51.0783670">
    <ele>783.4</ele>
   </trkpt>
   <trkpt lat="-26.2556630" lon="-51.0783920">
    <ele>783.4</ele>
   </trkpt>
   <trkpt lat="-26.2556630" lon="-51.0783920">
    <ele>783.4</ele>
   </trkpt>
   <trkpt lat="-26.2556500" lon="-51.0784070">
    <ele>783.4</ele>
   </trkpt>
   <trkpt lat="-26.2556440" lon="-51.0784210">
    <ele>783.4</ele>
   </trkpt>
   <trkpt lat="-26.2556290" lon="-51.0784240">
    <ele>783.4</ele>
   </trkpt>
   <trkpt lat="-26.2556200" lon="-51.0784560">
    <ele>783.4</ele>
   </trkpt>
   <trkpt lat="-26.2556200" lon="-51.0784560">
    <ele>783.6</ele>
   </trkpt>
   <trkpt lat="-26.2556090" lon="-51.0784730">
    <ele>783.6</ele>
   </trkpt>
   <trkpt lat="-26.2555970" lon="-51.0784830">
    <ele>783.6</ele>
   </trkpt>
   <trkpt lat="-26.2555920" lon="-51.0784940">
    <ele>783.6</ele>
   </trkpt>
   <trkpt lat="-26.2555810" lon="-51.0785130">
    <ele>783.8</ele>
   </trkpt>
   <trkpt lat="-26.2555810" lon="-51.0785130">
    <ele>783.8</ele>
   </trkpt>
   <trkpt lat="-26.2555680" lon="-51.0785230">
    <ele>784.0</ele>
   </trkpt>
   <trkpt lat="-26.2555670" lon="-51.0785410">
    <ele>784.0</ele>
   </trkpt>
   <trkpt lat="-26.2555740" lon="-51.0785600">
    <ele>784.2</ele>
   </trkpt>
   <trkpt lat="-26.2555710" lon="-51.0785640">
    <ele>784.2</ele>
   </trkpt>
   <trkpt lat="-26.2555610" lon="-51.0785900">
    <ele>784.2</ele>
   </trkpt>
   <trkpt lat="-26.2555610" lon="-51.0785900">
    <ele>784.2</ele>
   </trkpt>
   <trkpt lat="-26.2555530" lon="-51.0786030">
    <ele>784.4</ele>
   </trkpt>
   <trkpt lat="-26.2555540" lon="-51.0786140">
    <ele>784.4</ele>
   </trkpt>
   <trkpt lat="-26.2555430" lon="-51.0786290">
    <ele>784.6</ele>
   </trkpt>
   <trkpt lat="-26.2555310" lon="-51.0786420">
    <ele>784.6</ele>
   </trkpt>
   <trkpt lat="-26.2555350" lon="-51.0786650">
    <ele>784.6</ele>
   </trkpt>
   <trkpt lat="-26.2555350" lon="-51.0786650">
    <ele>784.8</ele>
   </trkpt>
   <trkpt lat="-26.2555270" lon="-51.0786840">
    <ele>784.8</ele>
   </trkpt>
   <trkpt lat="-26.2555230" lon="-51.0786940">
    <ele>784.8</ele>
   </trkpt>
   <trkpt lat="-26.2555170" lon="-51.0787070">
    <ele>784.8</ele>
   </trkpt>
   <trkpt lat="-26.2555070" lon="-51.0787390">
    <ele>784.8</ele>
   </trkpt>
   <trkpt lat="-26.2555070" lon="-51.0787390">
    <ele>784.8</ele>
   </trkpt>
   <trkpt lat="-26.2555090" lon="-51.0787550">
    <ele>784.8</ele>
   </trkpt>
   <trkpt lat="-26.2555000" lon="-51.0787690">
    <ele>784.8</ele>
   </trkpt>
   <trkpt lat="-26.2554850" lon="-51.0787940">
    <ele>784.8</ele>
   </trkpt>
   <trkpt lat="-26.2554850" lon="-51.0787940">
    <ele>784.8</ele>
   </trkpt>
   <trkpt lat="-26.2554850" lon="-51.0787940">
    <ele>784.8</ele>
   </trkpt>
   <trkpt lat="-26.2554780" lon="-51.0788140">
    <ele>784.8</ele>
   </trkpt>
   <trkpt lat="-26.2554740" lon="-51.0788290">
    <ele>785.0</ele>
   </trkpt>
   <trkpt lat="-26.2554620" lon="-51.0788630">
    <ele>785.0</ele>
   </trkpt>
   <trkpt lat="-26.2554470" lon="-51.0788770">
    <ele>785.0</ele>
   </trkpt>
   <trkpt lat="-26.2554470" lon="-51.0788770">
    <ele>785.0</ele>
   </trkpt>
   <trkpt lat="-26.2554220" lon="-51.0788760">
    <ele>785.2</ele>
   </trkpt>
   <trkpt lat="-26.2554220" lon="-51.0788760">
    <ele>785.2</ele>
   </trkpt>
   <trkpt lat="-26.2554230" lon="-51.0788740">
    <ele>785.2</ele>
   </trkpt>
   <trkpt lat="-26.2554140" lon="-51.0788960">
    <ele>785.2</ele>
   </trkpt>
   <trkpt lat="-26.2554000" lon="-51.0789100">
    <ele>785.2</ele>
   </trkpt>
   <trkpt lat="-26.2553860" lon="-51.0789240">
    <ele>785.2</ele>
   </trkpt>
   <trkpt lat="-26.2553860" lon="-51.0789240">
    <ele>785.4</ele>
   </trkpt>
   <trkpt lat="-26.2553890" lon="-51.0789340">
    <ele>785.4</ele>
   </trkpt>
   <trkpt lat="-26.2553750" lon="-51.0789480">
    <ele>785.4</ele>
   </trkpt>
   <trkpt lat="-26.2553750" lon="-51.0789730">
    <ele>785.4</ele>
   </trkpt>
   <trkpt lat="-26.2553750" lon="-51.0789730">
    <ele>785.4</ele>
   </trkpt>
   <trkpt lat="-26.2553730" lon="-51.0789830">
    <ele>785.4</ele>
   </trkpt>
   <trkpt lat="-26.2553460" lon="-51.0789980">
    <ele>785.4</ele>
   </trkpt>
   <trkpt lat="-26.2553460" lon="-51.0789980">
    <ele>785.4</ele>
   </trkpt>
   <trkpt lat="-26.2553380" lon="-51.0790130">
    <ele>785.4</ele>
   </trkpt>
   <trkpt lat="-26.2553380" lon="-51.0790130">
    <ele>785.4</ele>
   </trkpt>
   <trkpt lat="-26.2553450" lon="-51.0790110">
    <ele>785.4</ele>
   </trkpt>
   <trkpt lat="-26.2553360" lon="-51.0790270">
    <ele>785.2</ele>
   </trkpt>
   <trkpt lat="-26.2553320" lon="-51.0790450">
    <ele>785.2</ele>
   </trkpt>
   <trkpt lat="-26.2553260" lon="-51.0790910">
    <ele>785.2</ele>
   </trkpt>
   <trkpt lat="-26.2553260" lon="-51.0790910">
    <ele>785.2</ele>
   </trkpt>
   <trkpt lat="-26.2553080" lon="-51.0791010">
    <ele>785.2</ele>
   </trkpt>
   <trkpt lat="-26.2553060" lon="-51.0791130">
    <ele>785.2</ele>
   </trkpt>
   <trkpt lat="-26.2553090" lon="-51.0791240">
    <ele>785.2</ele>
   </trkpt>
   <trkpt lat="-26.2553190" lon="-51.0791490">
    <ele>785.2</ele>
   </trkpt>
   <trkpt lat="-26.2553190" lon="-51.0791490">
    <ele>785.0</ele>
   </trkpt>
   <trkpt lat="-26.2553000" lon="-51.0791690">
    <ele>785.0</ele>
   </trkpt>
   <trkpt lat="-26.2552840" lon="-51.0791740">
    <ele>785.0</ele>
   </trkpt>
   <trkpt lat="-26.2552760" lon="-51.0791870">
    <ele>785.0</ele>
   </trkpt>
   <trkpt lat="-26.2552580" lon="-51.0792090">
    <ele>785.0</ele>
   </trkpt>
   <trkpt lat="-26.2552580" lon="-51.0792090">
    <ele>785.0</ele>
   </trkpt>
   <trkpt lat="-26.2552700" lon="-51.0792210">
    <ele>785.0</ele>
   </trkpt>
   <trkpt lat="-26.2552540" lon="-51.0792360">
    <ele>785.0</ele>
   </trkpt>
   <trkpt lat="-26.2552390" lon="-51.0792520">
    <ele>785.0</ele>
   </trkpt>
   <trkpt lat="-26.2552170" lon="-51.0792970">
    <ele>785.2</ele>
   </trkpt>
   <trkpt lat="-26.2552170" lon="-51.0792970">
    <ele>785.2</ele>
   </trkpt>
   <trkpt lat="-26.2552170" lon="-51.0792970">
    <ele>785.2</ele>
   </trkpt>
   <trkpt lat="-26.2552060" lon="-51.0793120">
    <ele>785.2</ele>
   </trkpt>
   <trkpt lat="-26.2552180" lon="-51.0793240">
    <ele>785.2</ele>
   </trkpt>
   <trkpt lat="-26.2552170" lon="-51.0793500">
    <ele>785.4</ele>
   </trkpt>
   <trkpt lat="-26.2552170" lon="-51.0793500">
    <ele>785.4</ele>
   </trkpt>
   <trkpt lat="-26.2552170" lon="-51.0793500">
    <ele>785.4</ele>
   </trkpt>
   <trkpt lat="-26.2552140" lon="-51.0793670">
    <ele>785.4</ele>
   </trkpt>
   <trkpt lat="-26.2551930" lon="-51.0793710">
    <ele>785.4</ele>
   </trkpt>
   <trkpt lat="-26.2551680" lon="-51.0794020">
    <ele>785.4</ele>
   </trkpt>
   <trkpt lat="-26.2551680" lon="-51.0794020">
    <ele>785.4</ele>
   </trkpt>
   <trkpt lat="-26.2551680" lon="-51.0794020">
    <ele>785.4</ele>
   </trkpt>
   <trkpt lat="-26.2551440" lon="-51.0794290">
    <ele>785.6</ele>
   </trkpt>
   <trkpt lat="-26.2551210" lon="-51.0794560">
    <ele>785.6</ele>
   </trkpt>
   <trkpt lat="-26.2551150" lon="-51.0794580">
    <ele>785.6</ele>
   </trkpt>
   <trkpt lat="-26.2550970" lon="-51.0794860">
    <ele>785.6</ele>
   </trkpt>
   <trkpt lat="-26.2550970" lon="-51.0794860">
    <ele>785.6</ele>
   </trkpt>
   <trkpt lat="-26.2550930" lon="-51.0795050">
    <ele>785.6</ele>
   </trkpt>
   <trkpt lat="-26.2550900" lon="-51.0795200">
    <ele>785.6</ele>
   </trkpt>
   <trkpt lat="-26.2550820" lon="-51.0795410">
    <ele>785.8</ele>
   </trkpt>
   <trkpt lat="-26.2550640" lon="-51.0795590">
    <ele>785.8</ele>
   </trkpt>
   <trkpt lat="-26.2550640" lon="-51.0795590">
    <ele>785.8</ele>
   </trkpt>
   <trkpt lat="-26.2550480" lon="-51.0795860">
    <ele>786.0</ele>
   </trkpt>
   <trkpt lat="-26.2550480" lon="-51.0795860">
    <ele>786.0</ele>
   </trkpt>
   <trkpt lat="-26.2550470" lon="-51.0796030">
    <ele>786.2</ele>
   </trkpt>
   <trkpt lat="-26.2550570" lon="-51.0796370">
    <ele>786.2</ele>
   </trkpt>
   <trkpt lat="-26.2550570" lon="-51.0796370">
    <ele>786.2</ele>
   </trkpt>
   <trkpt lat="-26.2550550" lon="-51.0796760">
    <ele>786.4</ele>
   </trkpt>
   <trkpt lat="-26.2550550" lon="-51.0796760">
    <ele>786.4</ele>
   </trkpt>
   <trkpt lat="-26.2550550" lon="-51.0796760">
    <ele>786.4</ele>
   </trkpt>
   <trkpt lat="-26.2550420" lon="-51.0796950">
    <ele>786.4</ele>
   </trkpt>
   <trkpt lat="-26.2550400" lon="-51.0797090">
    <ele>786.4</ele>
   </trkpt>
   <trkpt lat="-26.2550330" lon="-51.0797480">
    <ele>786.4</ele>
   </trkpt>
   <trkpt lat="-26.2550330" lon="-51.0797480">
    <ele>786.4</ele>
   </trkpt>
   <trkpt lat="-26.2550000" lon="-51.0797580">
    <ele>786.4</ele>
   </trkpt>
   <trkpt lat="-26.2550000" lon="-51.0797580">
    <ele>786.4</ele>
   </trkpt>
   <trkpt lat="-26.2549890" lon="-51.0797640">
    <ele>786.4</ele>
   </trkpt>
   <trkpt lat="-26.2550020" lon="-51.0797710">
    <ele>786.6</ele>
   </trkpt>
   <trkpt lat="-26.2550020" lon="-51.0797710">
    <ele>786.6</ele>
   </trkpt>
   <trkpt lat="-26.2549800" lon="-51.0797920">
    <ele>786.6</ele>
   </trkpt>
   <trkpt lat="-26.2549800" lon="-51.0797920">
    <ele>786.8</ele>
   </trkpt>
   <trkpt lat="-26.2549780" lon="-51.0798100">
    <ele>786.8</ele>
   </trkpt>
   <trkpt lat="-26.2549760" lon="-51.0798260">
    <ele>786.8</ele>
   </trkpt>
   <trkpt lat="-26.2549630" lon="-51.0798650">
    <ele>786.8</ele>
   </trkpt>
   <trkpt lat="-26.2549630" lon="-51.0798650">
    <ele>786.8</ele>
   </trkpt>
   <trkpt lat="-26.2549520" lon="-51.0798860">
    <ele>786.8</ele>
   </trkpt>
   <trkpt lat="-26.2549370" lon="-51.0798920">
    <ele>786.8</ele>
   </trkpt>
   <trkpt lat="-26.2549260" lon="-51.0799010">
    <ele>786.8</ele>
   </trkpt>
   <trkpt lat="-26.2549420" lon="-51.0799380">
    <ele>787.0</ele>
   </trkpt>
   <trkpt lat="-26.2549420" lon="-51.0799380">
    <ele>787.0</ele>
   </trkpt>
   <trkpt lat="-26.2549270" lon="-51.0799540">
    <ele>787.0</ele>
   </trkpt>
   <trkpt lat="-26.2549250" lon="-51.0799630">
    <ele>787.0</ele>
   </trkpt>
   <trkpt lat="-26.2549180" lon="-51.0799800">
    <ele>787.2</ele>
   </trkpt>
   <trkpt lat="-26.2549040" lon="-51.0799980">
    <ele>787.2</ele>
   </trkpt>
   <trkpt lat="-26.2549040" lon="-51.0799980">
    <ele>787.2</ele>
   </trkpt>
   <trkpt lat="-26.2548850" lon="-51.0800070">
    <ele>787.4</ele>
   </trkpt>
   <trkpt lat="-26.2548850" lon="-51.0800070">
    <ele>787.4</ele>
   </trkpt>
   <trkpt lat="-26.2548730" lon="-51.0800320">
    <ele>787.4</ele>
   </trkpt>
   <trkpt lat="-26.2548820" lon="-51.0800590">
    <ele>787.6</ele>
   </trkpt>
   <trkpt lat="-26.2548820" lon="-51.0800590">
    <ele>787.6</ele>
   </trkpt>
   <trkpt lat="-26.2548820" lon="-51.0800590">
    <ele>787.6</ele>
   </trkpt>
   <trkpt lat="-26.2548770" lon="-51.0800650">
    <ele>787.8</ele>
   </trkpt>
   <trkpt lat="-26.2548800" lon="-51.0800810">
    <ele>788.0</ele>
   </trkpt>
   <trkpt lat="-26.2548820" lon="-51.0800950">
    <ele>788.0</ele>
   </trkpt>
   <trkpt lat="-26.2548620" lon="-51.0801400">
    <ele>788.2</ele>
   </trkpt>
   <trkpt lat="-26.2548600" lon="-51.0801560">
    <ele>788.2</ele>
   </trkpt>
   <trkpt lat="-26.2548570" lon="-51.0801710">
    <ele>788.2</ele>
   </trkpt>
   <trkpt lat="-26.2548540" lon="-51.0801870">
    <ele>788.4</ele>
   </trkpt>
   <trkpt lat="-26.2548560" lon="-51.0802000">
    <ele>788.4</ele>
   </trkpt>
   <trkpt lat="-26.2548680" lon="-51.0802080">
    <ele>788.4</ele>
   </trkpt>
   <trkpt lat="-26.2548650" lon="-51.0802180">
    <ele>788.4</ele>
   </trkpt>
   <trkpt lat="-26.2548540" lon="-51.0802540">
    <ele>788.4</ele>
   </trkpt>
   <trkpt lat="-26.2548540" lon="-51.0802540">
    <ele>788.4</ele>
   </trkpt>
   <trkpt lat="-26.2548530" lon="-51.0802680">
    <ele>788.4</ele>
   </trkpt>
   <trkpt lat="-26.2548360" lon="-51.0802850">
    <ele>788.4</ele>
   </trkpt>
   <trkpt lat="-26.2548460" lon="-51.0802970">
    <ele>788.4</ele>
   </trkpt>
   <trkpt lat="-26.2548380" lon="-51.0803280">
    <ele>788.6</ele>
   </trkpt>
   <trkpt lat="-26.2548380" lon="-51.0803280">
    <ele>788.8</ele>
   </trkpt>
   <trkpt lat="-26.2548380" lon="-51.0803280">
    <ele>788.8</ele>
   </trkpt>
   <trkpt lat="-26.2548390" lon="-51.0803680">
    <ele>789.0</ele>
   </trkpt>
   <trkpt lat="-26.2548220" lon="-51.0803790">
    <ele>789.0</ele>
   </trkpt>
   <trkpt lat="-26.2548100" lon="-51.0803960">
    <ele>789.0</ele>
   </trkpt>
   <trkpt lat="-26.2548300" lon="-51.0804230">
    <ele>789.0</ele>
   </trkpt>
   <trkpt lat="-26.2548300" lon="-51.0804230">
    <ele>789.0</ele>
   </trkpt>
   <trkpt lat="-26.2548400" lon="-51.0804410">
    <ele>789.0</ele>
   </trkpt>
   <trkpt lat="-26.2548410" lon="-51.0804430">
    <ele>789.0</ele>
   </trkpt>
   <trkpt lat="-26.2548490" lon="-51.0804540">
    <ele>789.2</ele>
   </trkpt>
   <trkpt lat="-26.2548310" lon="-51.0804950">
    <ele>789.2</ele>
   </trkpt>
   <trkpt lat="-26.2548240" lon="-51.0805050">
    <ele>789.4</ele>
   </trkpt>
   <trkpt lat="-26.2548240" lon="-51.0805050">
    <ele>789.4</ele>
   </trkpt>
   <trkpt lat="-26.2548060" lon="-51.0805230">
    <ele>789.6</ele>
   </trkpt>
   <trkpt lat="-26.2548060" lon="-51.0805230">
    <ele>789.6</ele>
   </trkpt>
   <trkpt lat="-26.2548050" lon="-51.0805390">
    <ele>789.8</ele>
   </trkpt>
   <trkpt lat="-26.2547970" lon="-51.0805530">
    <ele>790.0</ele>
   </trkpt>
   <trkpt lat="-26.2547930" lon="-51.0805670">
    <ele>790.0</ele>
   </trkpt>
   <trkpt lat="-26.2547870" lon="-51.0805930">
    <ele>790.2</ele>
   </trkpt>
   <trkpt lat="-26.2547870" lon="-51.0805930">
    <ele>790.2</ele>
   </trkpt>
   <trkpt lat="-26.2547830" lon="-51.0806080">
    <ele>790.2</ele>
   </trkpt>
   <trkpt lat="-26.2547810" lon="-51.0806220">
    <ele>790.2</ele>
   </trkpt>
   <trkpt lat="-26.2547800" lon="-51.0806370">
    <ele>790.4</ele>
   </trkpt>
   <trkpt lat="-26.2547750" lon="-51.0806510">
    <ele>790.4</ele>
   </trkpt>
   <trkpt lat="-26.2547720" lon="-51.0806660">
    <ele>790.6</ele>
   </trkpt>
   <trkpt lat="-26.2547690" lon="-51.0806930">
    <ele>790.6</ele>
   </trkpt>
   <trkpt lat="-26.2547690" lon="-51.0806930">
    <ele>790.6</ele>
   </trkpt>
   <trkpt lat="-26.2547680" lon="-51.0807060">
    <ele>790.6</ele>
   </trkpt>
   <trkpt lat="-26.2547660" lon="-51.0807220">
    <ele>790.4</ele>
   </trkpt>
   <trkpt lat="-26.2547630" lon="-51.0807520">
    <ele>790.4</ele>
   </trkpt>
   <trkpt lat="-26.2547630" lon="-51.0807520">
    <ele>790.2</ele>
   </trkpt>
   <trkpt lat="-26.2547610" lon="-51.0807650">
    <ele>790.2</ele>
   </trkpt>
   <trkpt lat="-26.2547580" lon="-51.0807780">
    <ele>790.0</ele>
   </trkpt>
   <trkpt lat="-26.2547560" lon="-51.0807910">
    <ele>789.8</ele>
   </trkpt>
   <trkpt lat="-26.2547530" lon="-51.0808050">
    <ele>789.8</ele>
   </trkpt>
   <trkpt lat="-26.2547450" lon="-51.0808300">
    <ele>789.6</ele>
   </trkpt>
   <trkpt lat="-26.2547450" lon="-51.0808300">
    <ele>789.6</ele>
   </trkpt>
   <trkpt lat="-26.2547410" lon="-51.0808440">
    <ele>789.6</ele>
   </trkpt>
   <trkpt lat="-26.2547380" lon="-51.0808570">
    <ele>789.6</ele>
   </trkpt>
   <trkpt lat="-26.2547380" lon="-51.0808710">
    <ele>789.6</ele>
   </trkpt>
   <trkpt lat="-26.2547370" lon="-51.0808850">
    <ele>789.4</ele>
   </trkpt>
   <trkpt lat="-26.2547310" lon="-51.0809110">
    <ele>789.4</ele>
   </trkpt>
   <trkpt lat="-26.2547310" lon="-51.0809110">
    <ele>789.2</ele>
   </trkpt>
   <trkpt lat="-26.2547280" lon="-51.0809230">
    <ele>789.0</ele>
   </trkpt>
   <trkpt lat="-26.2547240" lon="-51.0809360">
    <ele>789.0</ele>
   </trkpt>
   <trkpt lat="-26.2547230" lon="-51.0809470">
    <ele>789.0</ele>
   </trkpt>
   <trkpt lat="-26.2547170" lon="-51.0809580">
    <ele>789.0</ele>
   </trkpt>
   <trkpt lat="-26.2547160" lon="-51.0809840">
    <ele>788.8</ele>
   </trkpt>
   <trkpt lat="-26.2547160" lon="-51.0809840">
    <ele>788.8</ele>
   </trkpt>
   <trkpt lat="-26.2547160" lon="-51.0809990">
    <ele>788.8</ele>
   </trkpt>
   <trkpt lat="-26.2547070" lon="-51.0810090">
    <ele>788.8</ele>
   </trkpt>
   <trkpt lat="-26.2547060" lon="-51.0810210">
    <ele>788.8</ele>
   </trkpt>
   <trkpt lat="-26.2546950" lon="-51.0810500">
    <ele>788.6</ele>
   </trkpt>
   <trkpt lat="-26.2546950" lon="-51.0810500">
    <ele>788.6</ele>
   </trkpt>
   <trkpt lat="-26.2546950" lon="-51.0810500">
    <ele>788.6</ele>
   </trkpt>
   <trkpt lat="-26.2546820" lon="-51.0810790">
    <ele>788.4</ele>
   </trkpt>
   <trkpt lat="-26.2546840" lon="-51.0810950">
    <ele>788.4</ele>
   </trkpt>
   <trkpt lat="-26.2546760" lon="-51.0811130">
    <ele>788.4</ele>
   </trkpt>
   <trkpt lat="-26.2546720" lon="-51.0811390">
    <ele>788.4</ele>
   </trkpt>
   <trkpt lat="-26.2546720" lon="-51.0811390">
    <ele>788.2</ele>
   </trkpt>
   <trkpt lat="-26.2546760" lon="-51.0811540">
    <ele>788.2</ele>
   </trkpt>
   <trkpt lat="-26.2546740" lon="-51.0811680">
    <ele>788.0</ele>
   </trkpt>
   <trkpt lat="-26.2546760" lon="-51.0811820">
    <ele>788.0</ele>
   </trkpt>
   <trkpt lat="-26.2546650" lon="-51.0812100">
    <ele>787.8</ele>
   </trkpt>
   <trkpt lat="-26.2546650" lon="-51.0812100">
    <ele>787.8</ele>
   </trkpt>
   <trkpt lat="-26.2546520" lon="-51.0812360">
    <ele>787.6</ele>
   </trkpt>
   <trkpt lat="-26.2546520" lon="-51.0812360">
    <ele>787.6</ele>
   </trkpt>
   <trkpt lat="-26.2546420" lon="-51.0812510">
    <ele>787.6</ele>
   </trkpt>
   <trkpt lat="-26.2546250" lon="-51.0812790">
    <ele>787.6</ele>
   </trkpt>
   <trkpt lat="-26.2546240" lon="-51.0812920">
    <ele>787.6</ele>
   </trkpt>
   <trkpt lat="-26.2546240" lon="-51.0813040">
    <ele>787.4</ele>
   </trkpt>
   <trkpt lat="-26.2546230" lon="-51.0813170">
    <ele>787.4</ele>
   </trkpt>
   <trkpt lat="-26.2546230" lon="-51.0813300">
    <ele>787.2</ele>
   </trkpt>
   <trkpt lat="-26.2546230" lon="-51.0813300">
    <ele>787.0</ele>
   </trkpt>
   <trkpt lat="-26.2546120" lon="-51.0813570">
    <ele>787.0</ele>
   </trkpt>
   <trkpt lat="-26.2546140" lon="-51.0813710">
    <ele>786.8</ele>
   </trkpt>
   <trkpt lat="-26.2546140" lon="-51.0813710">
    <ele>786.8</ele>
   </trkpt>
   <trkpt lat="-26.2546160" lon="-51.0813890">
    <ele>786.6</ele>
   </trkpt>
   <trkpt lat="-26.2546200" lon="-51.0814030">
    <ele>786.6</ele>
   </trkpt>
   <trkpt lat="-26.2546160" lon="-51.0814260">
    <ele>786.6</ele>
   </trkpt>
   <trkpt lat="-26.2546160" lon="-51.0814260">
    <ele>786.4</ele>
   </trkpt>
   <trkpt lat="-26.2546160" lon="-51.0814260">
    <ele>786.4</ele>
   </trkpt>
   <trkpt lat="-26.2546080" lon="-51.0814550">
    <ele>786.2</ele>
   </trkpt>
   <trkpt lat="-26.2545930" lon="-51.0814700">
    <ele>786.2</ele>
   </trkpt>
   <trkpt lat="-26.2545910" lon="-51.0815010">
    <ele>786.0</ele>
   </trkpt>
   <trkpt lat="-26.2545910" lon="-51.0815010">
    <ele>786.0</ele>
   </trkpt>
   <trkpt lat="-26.2545910" lon="-51.0815010">
    <ele>786.0</ele>
   </trkpt>
   <trkpt lat="-26.2545910" lon="-51.0815010">
    <ele>785.8</ele>
   </trkpt>
   <trkpt lat="-26.2545750" lon="-51.0815340">
    <ele>785.8</ele>
   </trkpt>
   <trkpt lat="-26.2545800" lon="-51.0815650">
    <ele>785.8</ele>
   </trkpt>
   <trkpt lat="-26.2545800" lon="-51.0815650">
    <ele>785.8</ele>
   </trkpt>
   <trkpt lat="-26.2545650" lon="-51.0815940">
    <ele>785.6</ele>
   </trkpt>
   <trkpt lat="-26.2545650" lon="-51.0815940">
    <ele>785.6</ele>
   </trkpt>
   <trkpt lat="-26.2545610" lon="-51.0816040">
    <ele>785.4</ele>
   </trkpt>
   <trkpt lat="-26.2545710" lon="-51.0816320">
    <ele>785.4</ele>
   </trkpt>
   <trkpt lat="-26.2545710" lon="-51.0816320">
    <ele>785.4</ele>
   </trkpt>
   <trkpt lat="-26.2545660" lon="-51.0816580">
    <ele>785.2</ele>
   </trkpt>
   <trkpt lat="-26.2545660" lon="-51.0816580">
    <ele>785.2</ele>
   </trkpt>
   <trkpt lat="-26.2545740" lon="-51.0816680">
    <ele>785.0</ele>
   </trkpt>
   <trkpt lat="-26.2545580" lon="-51.0816980">
    <ele>785.0</ele>
   </trkpt>
   <trkpt lat="-26.2545580" lon="-51.0816980">
    <ele>784.8</ele>
   </trkpt>
   <trkpt lat="-26.2545640" lon="-51.0817090">
    <ele>784.8</ele>
   </trkpt>
   <trkpt lat="-26.2545640" lon="-51.0817090">
    <ele>784.6</ele>
   </trkpt>
   <trkpt lat="-26.2545550" lon="-51.0817410">
    <ele>784.6</ele>
   </trkpt>
   <trkpt lat="-26.2545410" lon="-51.0817720">
    <ele>784.4</ele>
   </trkpt>
   <trkpt lat="-26.2545410" lon="-51.0817720">
    <ele>784.4</ele>
   </trkpt>
   <trkpt lat="-26.2545340" lon="-51.0817850">
    <ele>784.4</ele>
   </trkpt>
   <trkpt lat="-26.2545320" lon="-51.0817950">
    <ele>784.4</ele>
   </trkpt>
   <trkpt lat="-26.2545260" lon="-51.0818130">
    <ele>784.2</ele>
   </trkpt>
   <trkpt lat="-26.2545100" lon="-51.0818360">
    <ele>784.2</ele>
   </trkpt>
   <trkpt lat="-26.2545100" lon="-51.0818360">
    <ele>784.0</ele>
   </trkpt>
   <trkpt lat="-26.2545190" lon="-51.0818510">
    <ele>784.0</ele>
   </trkpt>
   <trkpt lat="-26.2545190" lon="-51.0818670">
    <ele>783.8</ele>
   </trkpt>
   <trkpt lat="-26.2545200" lon="-51.0818820">
    <ele>783.6</ele>
   </trkpt>
   <trkpt lat="-26.2545100" lon="-51.0819030">
    <ele>783.6</ele>
   </trkpt>
   <trkpt lat="-26.2545100" lon="-51.0819030">
    <ele>783.4</ele>
   </trkpt>
   <trkpt lat="-26.2545000" lon="-51.0819150">
    <ele>783.2</ele>
   </trkpt>
   <trkpt lat="-26.2545010" lon="-51.0819220">
    <ele>783.2</ele>
   </trkpt>
   <trkpt lat="-26.2544910" lon="-51.0819360">
    <ele>783.0</ele>
   </trkpt>
   <trkpt lat="-26.2544890" lon="-51.0819650">
    <ele>783.0</ele>
   </trkpt>
   <trkpt lat="-26.2544890" lon="-51.0819650">
    <ele>782.8</ele>
   </trkpt>
   <trkpt lat="-26.2544870" lon="-51.0819880">
    <ele>782.8</ele>
   </trkpt>
   <trkpt lat="-26.2544870" lon="-51.0819880">
    <ele>782.6</ele>
   </trkpt>
   <trkpt lat="-26.2544870" lon="-51.0820040">
    <ele>782.6</ele>
   </trkpt>
   <trkpt lat="-26.2544690" lon="-51.0820180">
    <ele>782.4</ele>
   </trkpt>
   <trkpt lat="-26.2544600" lon="-51.0820480">
    <ele>782.4</ele>
   </trkpt>
   <trkpt lat="-26.2544600" lon="-51.0820480">
    <ele>782.2</ele>
   </trkpt>
   <trkpt lat="-26.2544590" lon="-51.0820640">
    <ele>782.0</ele>
   </trkpt>
   <trkpt lat="-26.2544630" lon="-51.0820770">
    <ele>781.8</ele>
   </trkpt>
   <trkpt lat="-26.2544600" lon="-51.0820900">
    <ele>781.8</ele>
   </trkpt>
   <trkpt lat="-26.2544560" lon="-51.0821180">
    <ele>781.6</ele>
   </trkpt>
   <trkpt lat="-26.2544560" lon="-51.0821180">
    <ele>781.6</ele>
   </trkpt>
   <trkpt lat="-26.2544500" lon="-51.0821360">
    <ele>781.4</ele>
   </trkpt>
   <trkpt lat="-26.2544500" lon="-51.0821540">
    <ele>781.2</ele>
   </trkpt>
   <trkpt lat="-26.2544470" lon="-51.0821740">
    <ele>781.2</ele>
   </trkpt>
   <trkpt lat="-26.2544290" lon="-51.0821980">
    <ele>781.0</ele>
   </trkpt>
   <trkpt lat="-26.2544290" lon="-51.0821980">
    <ele>781.0</ele>
   </trkpt>
   <trkpt lat="-26.2544310" lon="-51.0822310">
    <ele>780.8</ele>
   </trkpt>
   <trkpt lat="-26.2544310" lon="-51.0822310">
    <ele>780.8</ele>
   </trkpt>
   <trkpt lat="-26.2544310" lon="-51.0822310">
    <ele>780.6</ele>
   </trkpt>
   <trkpt lat="-26.2544350" lon="-51.0822640">
    <ele>780.6</ele>
   </trkpt>
   <trkpt lat="-26.2544340" lon="-51.0822780">
    <ele>780.4</ele>
   </trkpt>
   <trkpt lat="-26.2544350" lon="-51.0822940">
    <ele>780.2</ele>
   </trkpt>
   <trkpt lat="-26.2544340" lon="-51.0823100">
    <ele>780.0</ele>
   </trkpt>
   <trkpt lat="-26.2544190" lon="-51.0823380">
    <ele>780.0</ele>
   </trkpt>
   <trkpt lat="-26.2544190" lon="-51.0823380">
    <ele>779.8</ele>
   </trkpt>
   <trkpt lat="-26.2544150" lon="-51.0823540">
    <ele>779.8</ele>
   </trkpt>
   <trkpt lat="-26.2544030" lon="-51.0823670">
    <ele>779.8</ele>
   </trkpt>
   <trkpt lat="-26.2544010" lon="-51.0823940">
    <ele>779.6</ele>
   </trkpt>
   <trkpt lat="-26.2544010" lon="-51.0823940">
    <ele>779.6</ele>
   </trkpt>
   <trkpt lat="-26.2543990" lon="-51.0824020">
    <ele>779.4</ele>
   </trkpt>
   <trkpt lat="-26.2543880" lon="-51.0824140">
    <ele>779.4</ele>
   </trkpt>
   <trkpt lat="-26.2543850" lon="-51.0824260">
    <ele>779.2</ele>
   </trkpt>
   <trkpt lat="-26.2543850" lon="-51.0824450">
    <ele>779.2</ele>
   </trkpt>
   <trkpt lat="-26.2543780" lon="-51.0824830">
    <ele>779.0</ele>
   </trkpt>
   <trkpt lat="-26.2543780" lon="-51.0824830">
    <ele>779.0</ele>
   </trkpt>
   <trkpt lat="-26.2543720" lon="-51.0824930">
    <ele>779.0</ele>
   </trkpt>
   <trkpt lat="-26.2543720" lon="-51.0825060">
    <ele>778.8</ele>
   </trkpt>
   <trkpt lat="-26.2543760" lon="-51.0825240">
    <ele>778.8</ele>
   </trkpt>
   <trkpt lat="-26.2543720" lon="-51.0825440">
    <ele>778.8</ele>
   </trkpt>
   <trkpt lat="-26.2543670" lon="-51.0825540">
    <ele>778.8</ele>
   </trkpt>
   <trkpt lat="-26.2543620" lon="-51.0825630">
    <ele>778.6</ele>
   </trkpt>
   <trkpt lat="-26.2543570" lon="-51.0825730">
    <ele>778.6</ele>
   </trkpt>
   <trkpt lat="-26.2543510" lon="-51.0825830">
    <ele>778.6</ele>
   </trkpt>
   <trkpt lat="-26.2543510" lon="-51.0826020">
    <ele>778.4</ele>
   </trkpt>
   <trkpt lat="-26.2543470" lon="-51.0826310">
    <ele>778.4</ele>
   </trkpt>
   <trkpt lat="-26.2543470" lon="-51.0826310">
    <ele>778.4</ele>
   </trkpt>
   <trkpt lat="-26.2543500" lon="-51.0826580">
    <ele>778.2</ele>
   </trkpt>
   <trkpt lat="-26.2543500" lon="-51.0826580">
    <ele>778.2</ele>
   </trkpt>
   <trkpt lat="-26.2543440" lon="-51.0826700">
    <ele>778.0</ele>
   </trkpt>
   <trkpt lat="-26.2543510" lon="-51.0826840">
    <ele>778.0</ele>
   </trkpt>
   <trkpt lat="-26.2543500" lon="-51.0826960">
    <ele>777.8</ele>
   </trkpt>
   <trkpt lat="-26.2543470" lon="-51.0827360">
    <ele>777.8</ele>
   </trkpt>
   <trkpt lat="-26.2543470" lon="-51.0827360">
    <ele>777.6</ele>
   </trkpt>
   <trkpt lat="-26.2543470" lon="-51.0827360">
    <ele>777.6</ele>
   </trkpt>
   <trkpt lat="-26.2543480" lon="-51.0827650">
    <ele>777.6</ele>
   </trkpt>
   <trkpt lat="-26.2543580" lon="-51.0827690">
    <ele>777.4</ele>
   </trkpt>
   <trkpt lat="-26.2543750" lon="-51.0827890">
    <ele>777.4</ele>
   </trkpt>
   <trkpt lat="-26.2543910" lon="-51.0827990">
    <ele>777.4</ele>
   </trkpt>
   <trkpt lat="-26.2544060" lon="-51.0828090">
    <ele>777.4</ele>
   </trkpt>
   <trkpt lat="-26.2544060" lon="-51.0828090">
    <ele>777.4</ele>
   </trkpt>
   <trkpt lat="-26.2544210" lon="-51.0828180">
    <ele>777.4</ele>
   </trkpt>
   <trkpt lat="-26.2544370" lon="-51.0828340">
    <ele>777.4</ele>
   </trkpt>
   <trkpt lat="-26.2544370" lon="-51.0828340">
    <ele>777.4</ele>
   </trkpt>
   <trkpt lat="-26.2544600" lon="-51.0828470">
    <ele>777.4</ele>
   </trkpt>
   <trkpt lat="-26.2544600" lon="-51.0828470">
    <ele>777.4</ele>
   </trkpt>
   <trkpt lat="-26.2544690" lon="-51.0828560">
    <ele>777.4</ele>
   </trkpt>
   <trkpt lat="-26.2544970" lon="-51.0828720">
    <ele>777.4</ele>
   </trkpt>
   <trkpt lat="-26.2544970" lon="-51.0828720">
    <ele>777.4</ele>
   </trkpt>
   <trkpt lat="-26.2544970" lon="-51.0828720">
    <ele>777.4</ele>
   </trkpt>
   <trkpt lat="-26.2545090" lon="-51.0828920">
    <ele>777.4</ele>
   </trkpt>
   <trkpt lat="-26.2545160" lon="-51.0829080">
    <ele>777.4</ele>
   </trkpt>
   <trkpt lat="-26.2545290" lon="-51.0829230">
    <ele>777.4</ele>
   </trkpt>
   <trkpt lat="-26.2545290" lon="-51.0829230">
    <ele>777.4</ele>
   </trkpt>
   <trkpt lat="-26.2545350" lon="-51.0829270">
    <ele>777.6</ele>
   </trkpt>
   <trkpt lat="-26.2545320" lon="-51.0829410">
    <ele>777.6</ele>
   </trkpt>
   <trkpt lat="-26.2545400" lon="-51.0829500">
    <ele>777.6</ele>
   </trkpt>
   <trkpt lat="-26.2545600" lon="-51.0829650">
    <ele>777.6</ele>
   </trkpt>
   <trkpt lat="-26.2545600" lon="-51.0829650">
    <ele>777.8</ele>
   </trkpt>
   <trkpt lat="-26.2545690" lon="-51.0829800">
    <ele>778.0</ele>
   </trkpt>
   <trkpt lat="-26.2545690" lon="-51.0829800">
    <ele>778.0</ele>
   </trkpt>
   <trkpt lat="-26.2545790" lon="-51.0829850">
    <ele>778.2</ele>
   </trkpt>
   <trkpt lat="-26.2545920" lon="-51.0829940">
    <ele>778.2</ele>
   </trkpt>
   <trkpt lat="-26.2545970" lon="-51.0830070">
    <ele>778.2</ele>
   </trkpt>
   <trkpt lat="-26.2546140" lon="-51.0830200">
    <ele>778.2</ele>
   </trkpt>
   <trkpt lat="-26.2546510" lon="-51.0830300">
    <ele>778.2</ele>
   </trkpt>
   <trkpt lat="-26.2546510" lon="-51.0830300">
    <ele>778.2</ele>
   </trkpt>
   <trkpt lat="-26.2546570" lon="-51.0830370">
    <ele>778.2</ele>
   </trkpt>
   <trkpt lat="-26.2546510" lon="-51.0830540">
    <ele>778.2</ele>
   </trkpt>
   <trkpt lat="-26.2546500" lon="-51.0830690">
    <ele>778.2</ele>
   </trkpt>
   <trkpt lat="-26.2546700" lon="-51.0830960">
    <ele>778.2</ele>
   </trkpt>
   <trkpt lat="-26.2546700" lon="-51.0830960">
    <ele>778.2</ele>
   </trkpt>
   <trkpt lat="-26.2546790" lon="-51.0831010">
    <ele>778.2</ele>
   </trkpt>
   <trkpt lat="-26.2546900" lon="-51.0831100">
    <ele>778.2</ele>
   </trkpt>
   <trkpt lat="-26.2547160" lon="-51.0831340">
    <ele>778.2</ele>
   </trkpt>
   <trkpt lat="-26.2547160" lon="-51.0831340">
    <ele>778.2</ele>
   </trkpt>
   <trkpt lat="-26.2547210" lon="-51.0831470">
    <ele>778.2</ele>
   </trkpt>
   <trkpt lat="-26.2547310" lon="-51.0831580">
    <ele>778.2</ele>
   </trkpt>
   <trkpt lat="-26.2547420" lon="-51.0831650">
    <ele>778.0</ele>
   </trkpt>
   <trkpt lat="-26.2547770" lon="-51.0831870">
    <ele>778.0</ele>
   </trkpt>
   <trkpt lat="-26.2547770" lon="-51.0831870">
    <ele>778.0</ele>
   </trkpt>
   <trkpt lat="-26.2547790" lon="-51.0831960">
    <ele>778.0</ele>
   </trkpt>
   <trkpt lat="-26.2547910" lon="-51.0832030">
    <ele>778.0</ele>
   </trkpt>
   <trkpt lat="-26.2548050" lon="-51.0832130">
    <ele>778.0</ele>
   </trkpt>
   <trkpt lat="-26.2548290" lon="-51.0832300">
    <ele>778.0</ele>
   </trkpt>
   <trkpt lat="-26.2548290" lon="-51.0832300">
    <ele>778.2</ele>
   </trkpt>
   <trkpt lat="-26.2548420" lon="-51.0832330">
    <ele>778.2</ele>
   </trkpt>
   <trkpt lat="-26.2548420" lon="-51.0832420">
    <ele>778.2</ele>
   </trkpt>
   <trkpt lat="-26.2548540" lon="-51.0832460">
    <ele>778.2</ele>
   </trkpt>
   <trkpt lat="-26.2548670" lon="-51.0832660">
    <ele>778.2</ele>
   </trkpt>
   <trkpt lat="-26.2548670" lon="-51.0832660">
    <ele>778.2</ele>
   </trkpt>
   <trkpt lat="-26.2548840" lon="-51.0832860">
    <ele>778.2</ele>
   </trkpt>
   <trkpt lat="-26.2548840" lon="-51.0832860">
    <ele>778.4</ele>
   </trkpt>
   <trkpt lat="-26.2549010" lon="-51.0833010">
    <ele>778.4</ele>
   </trkpt>
   <trkpt lat="-26.2549070" lon="-51.0833090">
    <ele>778.4</ele>
   </trkpt>
   <trkpt lat="-26.2549250" lon="-51.0833270">
    <ele>778.4</ele>
   </trkpt>
   <trkpt lat="-26.2549250" lon="-51.0833270">
    <ele>778.4</ele>
   </trkpt>
   <trkpt lat="-26.2549430" lon="-51.0833420">
    <ele>778.4</ele>
   </trkpt>
   <trkpt lat="-26.2549430" lon="-51.0833420">
    <ele>778.6</ele>
   </trkpt>
   <trkpt lat="-26.2549480" lon="-51.0833500">
    <ele>778.6</ele>
   </trkpt>
   <trkpt lat="-26.2549540" lon="-51.0833600">
    <ele>778.6</ele>
   </trkpt>
   <trkpt lat="-26.2549790" lon="-51.0833820">
    <ele>778.6</ele>
   </trkpt>
   <trkpt lat="-26.2549790" lon="-51.0833820">
    <ele>778.8</ele>
   </trkpt>
   <trkpt lat="-26.2549870" lon="-51.0834040">
    <ele>778.8</ele>
   </trkpt>
   <trkpt lat="-26.2549870" lon="-51.0834040">
    <ele>778.8</ele>
   </trkpt>
   <trkpt lat="-26.2549930" lon="-51.0834050">
    <ele>778.8</ele>
   </trkpt>
   <trkpt lat="-26.2550040" lon="-51.0834120">
    <ele>778.8</ele>
   </trkpt>
   <trkpt lat="-26.2550210" lon="-51.0834250">
    <ele>779.0</ele>
   </trkpt>
   <trkpt lat="-26.2550210" lon="-51.0834250">
    <ele>779.0</ele>
   </trkpt>
   <trkpt lat="-26.2550210" lon="-51.0834250">
    <ele>779.0</ele>
   </trkpt>
   <trkpt lat="-26.2550440" lon="-51.0834490">
    <ele>779.0</ele>
   </trkpt>
   <trkpt lat="-26.2550510" lon="-51.0834510">
    <ele>779.2</ele>
   </trkpt>
   <trkpt lat="-26.2550540" lon="-51.0834520">
    <ele>779.2</ele>
   </trkpt>
   <trkpt lat="-26.2550590" lon="-51.0834630">
    <ele>779.2</ele>
   </trkpt>
   <trkpt lat="-26.2550710" lon="-51.0834830">
    <ele>779.2</ele>
   </trkpt>
   <trkpt lat="-26.2550710" lon="-51.0834830">
    <ele>779.4</ele>
   </trkpt>
   <trkpt lat="-26.2551020" lon="-51.0835010">
    <ele>779.4</ele>
   </trkpt>
   <trkpt lat="-26.2551020" lon="-51.0835010">
    <ele>779.4</ele>
   </trkpt>
   <trkpt lat="-26.2551150" lon="-51.0835110">
    <ele>779.4</ele>
   </trkpt>
   <trkpt lat="-26.2551350" lon="-51.0835130">
    <ele>779.4</ele>
   </trkpt>
   <trkpt lat="-26.2551350" lon="-51.0835130">
    <ele>779.6</ele>
   </trkpt>
   <trkpt lat="-26.2551610" lon="-51.0835330">
    <ele>779.6</ele>
   </trkpt>
   <trkpt lat="-26.2551730" lon="-51.0835360">
    <ele>779.6</ele>
   </trkpt>
   <trkpt lat="-26.2551780" lon="-51.0835530">
    <ele>779.6</ele>
   </trkpt>
   <trkpt lat="-26.2551780" lon="-51.0835530">
    <ele>779.8</ele>
   </trkpt>
   <trkpt lat="-26.2551970" lon="-51.0835640">
    <ele>779.8</ele>
   </trkpt>
   <trkpt lat="-26.2552060" lon="-51.0835690">
    <ele>779.8</ele>
   </trkpt>
   <trkpt lat="-26.2552230" lon="-51.0835860">
    <ele>780.0</ele>
   </trkpt>
   <trkpt lat="-26.2552320" lon="-51.0835950">
    <ele>780.0</ele>
   </trkpt>
   <trkpt lat="-26.2552320" lon="-51.0835950">
    <ele>780.0</ele>
   </trkpt>
   <trkpt lat="-26.2552420" lon="-51.0836100">
    <ele>780.2</ele>
   </trkpt>
   <trkpt lat="-26.2552470" lon="-51.0836170">
    <ele>780.2</ele>
   </trkpt>
   <trkpt lat="-26.2552590" lon="-51.0836310">
    <ele>780.2</ele>
   </trkpt>
   <trkpt lat="-26.2552770" lon="-51.0836330">
    <ele>780.4</ele>
   </trkpt>
   <trkpt lat="-26.2552770" lon="-51.0836330">
    <ele>780.4</ele>
   </trkpt>
   <trkpt lat="-26.2552830" lon="-51.0836380">
    <ele>780.4</ele>
   </trkpt>
   <trkpt lat="-26.2552960" lon="-51.0836430">
    <ele>780.4</ele>
   </trkpt>
   <trkpt lat="-26.2553150" lon="-51.0836670">
    <ele>780.6</ele>
   </trkpt>
   <trkpt lat="-26.2553150" lon="-51.0836670">
    <ele>780.6</ele>
   </trkpt>
   <trkpt lat="-26.2553380" lon="-51.0836790">
    <ele>780.8</ele>
   </trkpt>
   <trkpt lat="-26.2553380" lon="-51.0836790">
    <ele>780.8</ele>
   </trkpt>
   <trkpt lat="-26.2553430" lon="-51.0836810">
    <ele>780.8</ele>
   </trkpt>
   <trkpt lat="-26.2553510" lon="-51.0836930">
    <ele>781.0</ele>
   </trkpt>
   <trkpt lat="-26.2553700" lon="-51.0837160">
    <ele>781.0</ele>
   </trkpt>
   <trkpt lat="-26.2553700" lon="-51.0837160">
    <ele>781.0</ele>
   </trkpt>
   <trkpt lat="-26.2553800" lon="-51.0837210">
    <ele>781.2</ele>
   </trkpt>
   <trkpt lat="-26.2553920" lon="-51.0837320">
    <ele>781.2</ele>
   </trkpt>
   <trkpt lat="-26.2553960" lon="-51.0837410">
    <ele>781.2</ele>
   </trkpt>
   <trkpt lat="-26.2554190" lon="-51.0837610">
    <ele>781.4</ele>
   </trkpt>
   <trkpt lat="-26.2554190" lon="-51.0837610">
    <ele>781.4</ele>
   </trkpt>
   <trkpt lat="-26.2554250" lon="-51.0837730">
    <ele>781.4</ele>
   </trkpt>
   <trkpt lat="-26.2554290" lon="-51.0837810">
    <ele>781.6</ele>
   </trkpt>
   <trkpt lat="-26.2554390" lon="-51.0838050">
    <ele>781.6</ele>
   </trkpt>
   <trkpt lat="-26.2554390" lon="-51.0838050">
    <ele>781.6</ele>
   </trkpt>
   <trkpt lat="-26.2554390" lon="-51.0838050">
    <ele>781.8</ele>
   </trkpt>
   <trkpt lat="-26.2554520" lon="-51.0838220">
    <ele>781.8</ele>
   </trkpt>
   <trkpt lat="-26.2554740" lon="-51.0838210">
    <ele>782.0</ele>
   </trkpt>
   <trkpt lat="-26.2554880" lon="-51.0838340">
    <ele>782.0</ele>
   </trkpt>
   <trkpt lat="-26.2554880" lon="-51.0838340">
    <ele>782.0</ele>
   </trkpt>
   <trkpt lat="-26.2554880" lon="-51.0838340">
    <ele>782.2</ele>
   </trkpt>
   <trkpt lat="-26.2555100" lon="-51.0838400">
    <ele>782.2</ele>
   </trkpt>
   <trkpt lat="-26.2555370" lon="-51.0838530">
    <ele>782.4</ele>
   </trkpt>
   <trkpt lat="-26.2555580" lon="-51.0838600">
    <ele>782.4</ele>
   </trkpt>
   <trkpt lat="-26.2555580" lon="-51.0838600">
    <ele>782.4</ele>
   </trkpt>
   <trkpt lat="-26.2555580" lon="-51.0838600">
    <ele>782.6</ele>
   </trkpt>
   <trkpt lat="-26.2555800" lon="-51.0838760">
    <ele>782.6</ele>
   </trkpt>
   <trkpt lat="-26.2555910" lon="-51.0838880">
    <ele>782.8</ele>
   </trkpt>
   <trkpt lat="-26.2556080" lon="-51.0839020">
    <ele>782.8</ele>
   </trkpt>
   <trkpt lat="-26.2556300" lon="-51.0839190">
    <ele>783.0</ele>
   </trkpt>
   <trkpt lat="-26.2556300" lon="-51.0839190">
    <ele>783.0</ele>
   </trkpt>
   <trkpt lat="-26.2556300" lon="-51.0839260">
    <ele>783.0</ele>
   </trkpt>
   <trkpt lat="-26.2556450" lon="-51.0839330">
    <ele>783.2</ele>
   </trkpt>
   <trkpt lat="-26.2556580" lon="-51.0839390">
    <ele>783.2</ele>
   </trkpt>
   <trkpt lat="-26.2556690" lon="-51.0839470">
    <ele>783.4</ele>
   </trkpt>
   <trkpt lat="-26.2556690" lon="-51.0839470">
    <ele>783.4</ele>
   </trkpt>
   <trkpt lat="-26.2556760" lon="-51.0839600">
    <ele>783.4</ele>
   </trkpt>
   <trkpt lat="-26.2556850" lon="-51.0839680">
    <ele>783.6</ele>
   </trkpt>
   <trkpt lat="-26.2556940" lon="-51.0839800">
    <ele>783.6</ele>
   </trkpt>
   <trkpt lat="-26.2557220" lon="-51.0839980">
    <ele>783.6</ele>
   </trkpt>
   <trkpt lat="-26.2557220" lon="-51.0839980">
    <ele>783.8</ele>
   </trkpt>
   <trkpt lat="-26.2557220" lon="-51.0839980">
    <ele>783.8</ele>
   </trkpt>
   <trkpt lat="-26.2557450" lon="-51.0840010">
    <ele>783.8</ele>
   </trkpt>
   <trkpt lat="-26.2557720" lon="-51.0840060">
    <ele>783.8</ele>
   </trkpt>
   <trkpt lat="-26.2557720" lon="-51.0840060">
    <ele>784.0</ele>
   </trkpt>
   <trkpt lat="-26.2557930" lon="-51.0839960">
    <ele>784.0</ele>
   </trkpt>
   <trkpt lat="-26.2557930" lon="-51.0839960">
    <ele>784.2</ele>
   </trkpt>
   <trkpt lat="-26.2557930" lon="-51.0839960">
    <ele>784.2</ele>
   </trkpt>
   <trkpt lat="-26.2557930" lon="-51.0839960">
    <ele>784.2</ele>
   </trkpt>
   <trkpt lat="-26.2558160" lon="-51.0839790">
    <ele>784.2</ele>
   </trkpt>
   <trkpt lat="-26.2558050" lon="-51.0839650">
    <ele>784.0</ele>
   </trkpt>
   <trkpt lat="-26.2557820" lon="-51.0839570">
    <ele>784.0</ele>
   </trkpt>
   <trkpt lat="-26.2557580" lon="-51.0839480">
    <ele>784.0</ele>
   </trkpt>
   <trkpt lat="-26.2557340" lon="-51.0839400">
    <ele>784.0</ele>
   </trkpt>
   <trkpt lat="-26.2557100" lon="-51.0839320">
    <ele>784.0</ele>
   </trkpt>
   <trkpt lat="-26.2556860" lon="-51.0839240">
    <ele>784.0</ele>
   </trkpt>
   <trkpt lat="-26.2556630" lon="-51.0839160">
    <ele>783.8</ele>
   </trkpt>
   <trkpt lat="-26.2556390" lon="-51.0839080">
    <ele>783.8</ele>
   </trkpt>
   <trkpt lat="-26.2556150" lon="-51.0839000">
    <ele>783.8</ele>
   </trkpt>
   <trkpt lat="-26.2555910" lon="-51.0838920">
    <ele>783.8</ele>
   </trkpt>
   <trkpt lat="-26.2555670" lon="-51.0838840">
    <ele>783.8</ele>
   </trkpt>
   <trkpt lat="-26.2555430" lon="-51.0838760">
    <ele>784.2</ele>
   </trkpt>
   <trkpt lat="-26.2555200" lon="-51.0838680">
    <ele>784.0</ele>
   </trkpt>
   <trkpt lat="-26.2554960" lon="-51.0838500">
    <ele>783.8</ele>
   </trkpt>
   <trkpt lat="-26.2554720" lon="-51.0838330">
    <ele>783.6</ele>
   </trkpt>
   <trkpt lat="-26.2554280" lon="-51.0837960">
    <ele>783.4</ele>
   </trkpt>
   <trkpt lat="-26.2553800" lon="-51.0837590">
    <ele>783.2</ele>
   </trkpt>
   <trkpt lat="-26.2552990" lon="-51.0836670">
    <ele>783.0</ele>
   </trkpt>
   <trkpt lat="-26.2552760" lon="-51.0836430">
    <ele>782.8</ele>
   </trkpt>
   <trkpt lat="-26.2552540" lon="-51.0836190">
    <ele>782.6</ele>
   </trkpt>
   <trkpt lat="-26.2551790" lon="-51.0835470">
    <ele>782.2</ele>
   </trkpt>
   <trkpt lat="-26.2551510" lon="-51.0835230">
    <ele>782.0</ele>
   </trkpt>
   <trkpt lat="-26.2550860" lon="-51.0834750">
    <ele>781.6</ele>
   </trkpt>
   <trkpt lat="-26.2549780" lon="-51.0833690">
    <ele>781.2</ele>
   </trkpt>
   <trkpt lat="-26.2549500" lon="-51.0833430">
    <ele>781.0</ele>
   </trkpt>
   <trkpt lat="-26.2549220" lon="-51.0833170">
    <ele>780.6</ele>
   </trkpt>
   <trkpt lat="-26.2548950" lon="-51.0832910">
    <ele>780.4</ele>
   </trkpt>
   <trkpt lat="-26.2548120" lon="-51.0832120">
    <ele>780.2</ele>
   </trkpt>
   <trkpt lat="-26.2547540" lon="-51.0831690">
    <ele>780.0</ele>
   </trkpt>
   <trkpt lat="-26.2547030" lon="-51.0831180">
    <ele>779.8</ele>
   </trkpt>
   <trkpt lat="-26.2545900" lon="-51.0830200">
    <ele>779.4</ele>
   </trkpt>
   <trkpt lat="-26.2545650" lon="-51.0829950">
    <ele>779.2</ele>
   </trkpt>
   <trkpt lat="-26.2545390" lon="-51.0829700">
    <ele>779.0</ele>
   </trkpt>
   <trkpt lat="-26.2544590" lon="-51.0828930">
    <ele>778.8</ele>
   </trkpt>
   <trkpt lat="-26.2544310" lon="-51.0828660">
    <ele>778.6</ele>
   </trkpt>
   <trkpt lat="-26.2543780" lon="-51.0828230">
    <ele>778.4</ele>
   </trkpt>
   <trkpt lat="-26.2542820" lon="-51.0827420">
    <ele>778.2</ele>
   </trkpt>
   <trkpt lat="-26.2542640" lon="-51.0827210">
    <ele>778.0</ele>
   </trkpt>
   <trkpt lat="-26.2542470" lon="-51.0827010">
    <ele>777.8</ele>
   </trkpt>
   <trkpt lat="-26.2542290" lon="-51.0826800">
    <ele>777.8</ele>
   </trkpt>
   <trkpt lat="-26.2541770" lon="-51.0826190">
    <ele>777.8</ele>
   </trkpt>
   <trkpt lat="-26.2541450" lon="-51.0825860">
    <ele>777.8</ele>
   </trkpt>
   <trkpt lat="-26.2541070" lon="-51.0825500">
    <ele>778.0</ele>
   </trkpt>
   <trkpt lat="-26.2540360" lon="-51.0824910">
    <ele>778.2</ele>
   </trkpt>
   <trkpt lat="-26.2540150" lon="-51.0824720">
    <ele>778.4</ele>
   </trkpt>
   <trkpt lat="-26.2539930" lon="-51.0824520">
    <ele>778.6</ele>
   </trkpt>
   <trkpt lat="-26.2539710" lon="-51.0824330">
    <ele>778.8</ele>
   </trkpt>
   <trkpt lat="-26.2539280" lon="-51.0824080">
    <ele>779.2</ele>
   </trkpt>
   <trkpt lat="-26.2539010" lon="-51.0823830">
    <ele>779.2</ele>
   </trkpt>
   <trkpt lat="-26.2538720" lon="-51.0823660">
    <ele>779.4</ele>
   </trkpt>
   <trkpt lat="-26.2538240" lon="-51.0823270">
    <ele>779.4</ele>
   </trkpt>
   <trkpt lat="-26.2538010" lon="-51.0823140">
    <ele>779.4</ele>
   </trkpt>
   <trkpt lat="-26.2537770" lon="-51.0823000">
    <ele>779.4</ele>
   </trkpt>
   <trkpt lat="-26.2537450" lon="-51.0822660">
    <ele>779.2</ele>
   </trkpt>
   <trkpt lat="-26.2537140" lon="-51.0822250">
    <ele>778.8</ele>
   </trkpt>
   <trkpt lat="-26.2536640" lon="-51.0821830">
    <ele>778.6</ele>
   </trkpt>
   <trkpt lat="-26.2535630" lon="-51.0820870">
    <ele>778.2</ele>
   </trkpt>
   <trkpt lat="-26.2534980" lon="-51.0820390">
    <ele>777.8</ele>
   </trkpt>
   <trkpt lat="-26.2534670" lon="-51.0820120">
    <ele>777.4</ele>
   </trkpt>
   <trkpt lat="-26.2534350" lon="-51.0819850">
    <ele>777.0</ele>
   </trkpt>
   <trkpt lat="-26.2533370" lon="-51.0819000">
    <ele>776.6</ele>
   </trkpt>
   <trkpt lat="-26.2533020" lon="-51.0818690">
    <ele>776.0</ele>
   </trkpt>
   <trkpt lat="-26.2532460" lon="-51.0818040">
    <ele>775.8</ele>
   </trkpt>
   <trkpt lat="-26.2531730" lon="-51.0817400">
    <ele>775.4</ele>
   </trkpt>
   <trkpt lat="-26.2531060" lon="-51.0816740">
    <ele>774.8</ele>
   </trkpt>
   <trkpt lat="-26.2529800" lon="-51.0815440">
    <ele>774.2</ele>
   </trkpt>
   <trkpt lat="-26.2529470" lon="-51.0815170">
    <ele>773.6</ele>
   </trkpt>
   <trkpt lat="-26.2529140" lon="-51.0814900">
    <ele>773.4</ele>
   </trkpt>
   <trkpt lat="-26.2528630" lon="-51.0814390">
    <ele>773.4</ele>
   </trkpt>
   <trkpt lat="-26.2528130" lon="-51.0813950">
    <ele>773.4</ele>
   </trkpt>
   <trkpt lat="-26.2527180" lon="-51.0813310">
    <ele>773.6</ele>
   </trkpt>
   <trkpt lat="-26.2526880" lon="-51.0813290">
    <ele>773.8</ele>
   </trkpt>
   <trkpt lat="-26.2526580" lon="-51.0813270">
    <ele>774.0</ele>
   </trkpt>
   <trkpt lat="-26.2526270" lon="-51.0813250">
    <ele>774.0</ele>
   </trkpt>
   <trkpt lat="-26.2525790" lon="-51.0813430">
    <ele>774.2</ele>
   </trkpt>
   <trkpt lat="-26.2525360" lon="-51.0813720">
    <ele>774.2</ele>
   </trkpt>
   <trkpt lat="-26.2524860" lon="-51.0813920">
    <ele>774.4</ele>
   </trkpt>
   <trkpt lat="-26.2524090" lon="-51.0814290">
    <ele>774.4</ele>
   </trkpt>
   <trkpt lat="-26.2523770" lon="-51.0814610">
    <ele>774.4</ele>
   </trkpt>
   <trkpt lat="-26.2523450" lon="-51.0814920">
    <ele>774.4</ele>
   </trkpt>
   <trkpt lat="-26.2523290" lon="-51.0815030">
    <ele>774.4</ele>
   </trkpt>
   <trkpt lat="-26.2523120" lon="-51.0815150">
    <ele>774.4</ele>
   </trkpt>
   <trkpt lat="-26.2522900" lon="-51.0815320">
    <ele>774.4</ele>
   </trkpt>
   <trkpt lat="-26.2522510" lon="-51.0815560">
    <ele>774.4</ele>
   </trkpt>
   <trkpt lat="-26.2522320" lon="-51.0815490">
    <ele>774.2</ele>
   </trkpt>
   <trkpt lat="-26.2522130" lon="-51.0815430">
    <ele>774.2</ele>
   </trkpt>
   <trkpt lat="-26.2521940" lon="-51.0815360">
    <ele>774.2</ele>
   </trkpt>
   <trkpt lat="-26.2521940" lon="-51.0815360">
    <ele>774.0</ele>
   </trkpt>
   <trkpt lat="-26.2521720" lon="-51.0815120">
    <ele>774.0</ele>
   </trkpt>
   <trkpt lat="-26.2521470" lon="-51.0814900">
    <ele>773.8</ele>
   </trkpt>
   <trkpt lat="-26.2520870" lon="-51.0814280">
    <ele>773.8</ele>
   </trkpt>
   <trkpt lat="-26.2520690" lon="-51.0814170">
    <ele>773.8</ele>
   </trkpt>
   <trkpt lat="-26.2520510" lon="-51.0814070">
    <ele>774.0</ele>
   </trkpt>
   <trkpt lat="-26.2520330" lon="-51.0813960">
    <ele>774.4</ele>
   </trkpt>
   <trkpt lat="-26.2520010" lon="-51.0814050">
    <ele>774.8</ele>
   </trkpt>
   <trkpt lat="-26.2519780" lon="-51.0814200">
    <ele>775.0</ele>
   </trkpt>
   <trkpt lat="-26.2519250" lon="-51.0814630">
    <ele>775.2</ele>
   </trkpt>
   <trkpt lat="-26.2519100" lon="-51.0814830">
    <ele>775.4</ele>
   </trkpt>
   <trkpt lat="-26.2518950" lon="-51.0815020">
    <ele>775.4</ele>
   </trkpt>
   <trkpt lat="-26.2518800" lon="-51.0815220">
    <ele>775.6</ele>
   </trkpt>
   <trkpt lat="-26.2518340" lon="-51.0815820">
    <ele>775.6</ele>
   </trkpt>
   <trkpt lat="-26.2518040" lon="-51.0816150">
    <ele>775.6</ele>
   </trkpt>
   <trkpt lat="-26.2517660" lon="-51.0816460">
    <ele>775.6</ele>
   </trkpt>
   <trkpt lat="-26.2517150" lon="-51.0816870">
    <ele>775.8</ele>
   </trkpt>
   <trkpt lat="-26.2517150" lon="-51.0816870">
    <ele>775.8</ele>
   </trkpt>
   <trkpt lat="-26.2516850" lon="-51.0817010">
    <ele>775.8</ele>
   </trkpt>
   <trkpt lat="-26.2516670" lon="-51.0816970">
    <ele>775.8</ele>
   </trkpt>
   <trkpt lat="-26.2516490" lon="-51.0816930">
    <ele>775.6</ele>
   </trkpt>
   <trkpt lat="-26.2516250" lon="-51.0816800">
    <ele>775.6</ele>
   </trkpt>
   <trkpt lat="-26.2515440" lon="-51.0817010">
    <ele>775.6</ele>
   </trkpt>
   <trkpt lat="-26.2515270" lon="-51.0817160">
    <ele>775.8</ele>
   </trkpt>
   <trkpt lat="-26.2515090" lon="-51.0817310">
    <ele>776.0</ele>
   </trkpt>
   <trkpt lat="-26.2514910" lon="-51.0817470">
    <ele>776.0</ele>
   </trkpt>
   <trkpt lat="-26.2514190" lon="-51.0818120">
    <ele>776.0</ele>
   </trkpt>
   <trkpt lat="-26.2514010" lon="-51.0818320">
    <ele>776.0</ele>
   </trkpt>
   <trkpt lat="-26.2513600" lon="-51.0818790">
    <ele>776.0</ele>
   </trkpt>
   <trkpt lat="-26.2512860" lon="-51.0819670">
    <ele>776.0</ele>
   </trkpt>
   <trkpt lat="-26.2512550" lon="-51.0820060">
    <ele>775.8</ele>
   </trkpt>
   <trkpt lat="-26.2512270" lon="-51.0820480">
    <ele>775.8</ele>
   </trkpt>
   <trkpt lat="-26.2511990" lon="-51.0820900">
    <ele>775.8</ele>
   </trkpt>
   <trkpt lat="-26.2511860" lon="-51.0821130">
    <ele>775.8</ele>
   </trkpt>
   <trkpt lat="-26.2511720" lon="-51.0821350">
    <ele>775.8</ele>
   </trkpt>
   <trkpt lat="-26.2511400" lon="-51.0821810">
    <ele>775.6</ele>
   </trkpt>
   <trkpt lat="-26.2510720" lon="-51.0822890">
    <ele>775.6</ele>
   </trkpt>
   <trkpt lat="-26.2510550" lon="-51.0823120">
    <ele>775.4</ele>
   </trkpt>
   <trkpt lat="-26.2510380" lon="-51.0823350">
    <ele>775.4</ele>
   </trkpt>
   <trkpt lat="-26.2510210" lon="-51.0823580">
    <ele>775.2</ele>
   </trkpt>
   <trkpt lat="-26.2509700" lon="-51.0824280">
    <ele>775.2</ele>
   </trkpt>
   <trkpt lat="-26.2509440" lon="-51.0824830">
    <ele>775.0</ele>
   </trkpt>
   <trkpt lat="-26.2509110" lon="-51.0825330">
    <ele>774.8</ele>
   </trkpt>
   <trkpt lat="-26.2508420" lon="-51.0826310">
    <ele>774.8</ele>
   </trkpt>
   <trkpt lat="-26.2508220" lon="-51.0826530">
    <ele>774.8</ele>
   </trkpt>
   <trkpt lat="-26.2508010" lon="-51.0826760">
    <ele>774.6</ele>
   </trkpt>
   <trkpt lat="-26.2507410" lon="-51.0827420">
    <ele>774.4</ele>
   </trkpt>
   <trkpt lat="-26.2507220" lon="-51.0827620">
    <ele>774.2</ele>
   </trkpt>
   <trkpt lat="-26.2506850" lon="-51.0828030">
    <ele>774.0</ele>
   </trkpt>
   <trkpt lat="-26.2506570" lon="-51.0828380">
    <ele>773.8</ele>
   </trkpt>
   <trkpt lat="-26.2506080" lon="-51.0828900">
    <ele>773.6</ele>
   </trkpt>
   <trkpt lat="-26.2506080" lon="-51.0828900">
    <ele>773.4</ele>
   </trkpt>
   <trkpt lat="-26.2505960" lon="-51.0829000">
    <ele>773.2</ele>
   </trkpt>
   <trkpt lat="-26.2505960" lon="-51.0829000">
    <ele>773.0</ele>
   </trkpt>
   <trkpt lat="-26.2505750" lon="-51.0828940">
    <ele>773.0</ele>
   </trkpt>
   <trkpt lat="-26.2505650" lon="-51.0829310">
    <ele>772.8</ele>
   </trkpt>
   <trkpt lat="-26.2505450" lon="-51.0829730">
    <ele>772.8</ele>
   </trkpt>
   <trkpt lat="-26.2505250" lon="-51.0830140">
    <ele>772.8</ele>
   </trkpt>
   <trkpt lat="-26.2505050" lon="-51.0830560">
    <ele>772.8</ele>
   </trkpt>
   <trkpt lat="-26.2504850" lon="-51.0830970">
    <ele>772.6</ele>
   </trkpt>
   <trkpt lat="-26.2504660" lon="-51.0831390">
    <ele>772.6</ele>
   </trkpt>
   <trkpt lat="-26.2504460" lon="-51.0831800">
    <ele>772.6</ele>
   </trkpt>
   <trkpt lat="-26.2504260" lon="-51.0832220">
    <ele>771.2</ele>
   </trkpt>
   <trkpt lat="-26.2504060" lon="-51.0832630">
    <ele>771.0</ele>
   </trkpt>
   <trkpt lat="-26.2503860" lon="-51.0833050">
    <ele>771.0</ele>
   </trkpt>
   <trkpt lat="-26.2503660" lon="-51.0833460">
    <ele>770.8</ele>
   </trkpt>
   <trkpt lat="-26.2503160" lon="-51.0834280">
    <ele>770.8</ele>
   </trkpt>
   <trkpt lat="-26.2503010" lon="-51.0834580">
    <ele>770.8</ele>
   </trkpt>
   <trkpt lat="-26.2502850" lon="-51.0834890">
    <ele>770.6</ele>
   </trkpt>
   <trkpt lat="-26.2502690" lon="-51.0835190">
    <ele>770.6</ele>
   </trkpt>
   <trkpt lat="-26.2502450" lon="-51.0835540">
    <ele>770.6</ele>
   </trkpt>
   <trkpt lat="-26.2502210" lon="-51.0835890">
    <ele>770.6</ele>
   </trkpt>
   <trkpt lat="-26.2501720" lon="-51.0836590">
    <ele>770.6</ele>
   </trkpt>
   <trkpt lat="-26.2500880" lon="-51.0837460">
    <ele>770.6</ele>
   </trkpt>
   <trkpt lat="-26.2500650" lon="-51.0837680">
    <ele>770.6</ele>
   </trkpt>
   <trkpt lat="-26.2500420" lon="-51.0837890">
    <ele>770.6</ele>
   </trkpt>
   <trkpt lat="-26.2500190" lon="-51.0838110">
    <ele>770.6</ele>
   </trkpt>
   <trkpt lat="-26.2499490" lon="-51.0838760">
    <ele>770.6</ele>
   </trkpt>
   <trkpt lat="-26.2499290" lon="-51.0839290">
    <ele>770.6</ele>
   </trkpt>
   <trkpt lat="-26.2498920" lon="-51.0840590">
    <ele>770.8</ele>
   </trkpt>
   <trkpt lat="-26.2498710" lon="-51.0840880">
    <ele>771.0</ele>
   </trkpt>
   <trkpt lat="-26.2498500" lon="-51.0841170">
    <ele>771.0</ele>
   </trkpt>
   <trkpt lat="-26.2498300" lon="-51.0841460">
    <ele>771.0</ele>
   </trkpt>
   <trkpt lat="-26.2497680" lon="-51.0842330">
    <ele>770.8</ele>
   </trkpt>
   <trkpt lat="-26.2497250" lon="-51.0842910">
    <ele>770.6</ele>
   </trkpt>
   <trkpt lat="-26.2496740" lon="-51.0843490">
    <ele>770.6</ele>
   </trkpt>
   <trkpt lat="-26.2495890" lon="-51.0844490">
    <ele>770.4</ele>
   </trkpt>
   <trkpt lat="-26.2495660" lon="-51.0844740">
    <ele>770.4</ele>
   </trkpt>
   <trkpt lat="-26.2495430" lon="-51.0844990">
    <ele>770.4</ele>
   </trkpt>
   <trkpt lat="-26.2495200" lon="-51.0845240">
    <ele>770.4</ele>
   </trkpt>
   <trkpt lat="-26.2494500" lon="-51.0845990">
    <ele>770.4</ele>
   </trkpt>
   <trkpt lat="-26.2494050" lon="-51.0846460">
    <ele>770.4</ele>
   </trkpt>
   <trkpt lat="-26.2493010" lon="-51.0847370">
    <ele>770.6</ele>
   </trkpt>
   <trkpt lat="-26.2492780" lon="-51.0847600">
    <ele>770.6</ele>
   </trkpt>
   <trkpt lat="-26.2492550" lon="-51.0847830">
    <ele>770.6</ele>
   </trkpt>
   <trkpt lat="-26.2492320" lon="-51.0848070">
    <ele>770.6</ele>
   </trkpt>
   <trkpt lat="-26.2491360" lon="-51.0849000">
    <ele>770.8</ele>
   </trkpt>
   <trkpt lat="-26.2491100" lon="-51.0849230">
    <ele>770.8</ele>
   </trkpt>
   <trkpt lat="-26.2490850" lon="-51.0849760">
    <ele>770.6</ele>
   </trkpt>
   <trkpt lat="-26.2489920" lon="-51.0850750">
    <ele>770.6</ele>
   </trkpt>
   <trkpt lat="-26.2489680" lon="-51.0851000">
    <ele>770.4</ele>
   </trkpt>
   <trkpt lat="-26.2489440" lon="-51.0851240">
    <ele>770.2</ele>
   </trkpt>
   <trkpt lat="-26.2489200" lon="-51.0851490">
    <ele>770.0</ele>
   </trkpt>
   <trkpt lat="-26.2488480" lon="-51.0852220">
    <ele>770.0</ele>
   </trkpt>
   <trkpt lat="-26.2487940" lon="-51.0852640">
    <ele>770.0</ele>
   </trkpt>
   <trkpt lat="-26.2487410" lon="-51.0853070">
    <ele>769.8</ele>
   </trkpt>
   <trkpt lat="-26.2486390" lon="-51.0854010">
    <ele>769.6</ele>
   </trkpt>
   <trkpt lat="-26.2486100" lon="-51.0854210">
    <ele>769.6</ele>
   </trkpt>
   <trkpt lat="-26.2485800" lon="-51.0854410">
    <ele>769.4</ele>
   </trkpt>
   <trkpt lat="-26.2484970" lon="-51.0855030">
    <ele>769.4</ele>
   </trkpt>
   <trkpt lat="-26.2484720" lon="-51.0855250">
    <ele>769.4</ele>
   </trkpt>
   <trkpt lat="-26.2483490" lon="-51.0855990">
    <ele>769.4</ele>
   </trkpt>
   <trkpt lat="-26.2483030" lon="-51.0856220">
    <ele>769.4</ele>
   </trkpt>
   <trkpt lat="-26.2482560" lon="-51.0856460">
    <ele>769.4</ele>
   </trkpt>
   <trkpt lat="-26.2481630" lon="-51.0856920">
    <ele>769.2</ele>
   </trkpt>
   <trkpt lat="-26.2481340" lon="-51.0857060">
    <ele>769.0</ele>
   </trkpt>
   <trkpt lat="-26.2481050" lon="-51.0857200">
    <ele>768.8</ele>
   </trkpt>
   <trkpt lat="-26.2480080" lon="-51.0857590">
    <ele>768.6</ele>
   </trkpt>
   <trkpt lat="-26.2479690" lon="-51.0857710">
    <ele>768.4</ele>
   </trkpt>
   <trkpt lat="-26.2478980" lon="-51.0857950">
    <ele>768.2</ele>
   </trkpt>
   <trkpt lat="-26.2477580" lon="-51.0858530">
    <ele>768.0</ele>
   </trkpt>
   <trkpt lat="-26.2477190" lon="-51.0858680">
    <ele>767.8</ele>
   </trkpt>
   <trkpt lat="-26.2476790" lon="-51.0858840">
    <ele>767.8</ele>
   </trkpt>
   <trkpt lat="-26.2475670" lon="-51.0859310">
    <ele>767.6</ele>
   </trkpt>
   <trkpt lat="-26.2475350" lon="-51.0859460">
    <ele>767.6</ele>
   </trkpt>
   <trkpt lat="-26.2474590" lon="-51.0859700">
    <ele>767.2</ele>
   </trkpt>
   <trkpt lat="-26.2473020" lon="-51.0860480">
    <ele>766.8</ele>
   </trkpt>
   <trkpt lat="-26.2472660" lon="-51.0860640">
    <ele>766.4</ele>
   </trkpt>
   <trkpt lat="-26.2472300" lon="-51.0860800">
    <ele>766.4</ele>
   </trkpt>
   <trkpt lat="-26.2471230" lon="-51.0861260">
    <ele>766.4</ele>
   </trkpt>
   <trkpt lat="-26.2470860" lon="-51.0861410">
    <ele>766.2</ele>
   </trkpt>
   <trkpt lat="-26.2470110" lon="-51.0861770">
    <ele>766.2</ele>
   </trkpt>
   <trkpt lat="-26.2469290" lon="-51.0862050">
    <ele>765.8</ele>
   </trkpt>
   <trkpt lat="-26.2467740" lon="-51.0862680">
    <ele>765.4</ele>
   </trkpt>
   <trkpt lat="-26.2467370" lon="-51.0862830">
    <ele>765.2</ele>
   </trkpt>
   <trkpt lat="-26.2466990" lon="-51.0862980">
    <ele>765.0</ele>
   </trkpt>
   <trkpt lat="-26.2466610" lon="-51.0863130">
    <ele>764.4</ele>
   </trkpt>
   <trkpt lat="-26.2465480" lon="-51.0863580">
    <ele>763.8</ele>
   </trkpt>
   <trkpt lat="-26.2464780" lon="-51.0863870">
    <ele>763.6</ele>
   </trkpt>
   <trkpt lat="-26.2463350" lon="-51.0864450">
    <ele>763.6</ele>
   </trkpt>
   <trkpt lat="-26.2463000" lon="-51.0864590">
    <ele>763.6</ele>
   </trkpt>
   <trkpt lat="-26.2462640" lon="-51.0864730">
    <ele>763.6</ele>
   </trkpt>
   <trkpt lat="-26.2462290" lon="-51.0864870">
    <ele>763.6</ele>
   </trkpt>
   <trkpt lat="-26.2461230" lon="-51.0865300">
    <ele>763.4</ele>
   </trkpt>
   <trkpt lat="-26.2460590" lon="-51.0865510">
    <ele>763.4</ele>
   </trkpt>
   <trkpt lat="-26.2459920" lon="-51.0865760">
    <ele>763.2</ele>
   </trkpt>
   <trkpt lat="-26.2458620" lon="-51.0866260">
    <ele>763.2</ele>
   </trkpt>
   <trkpt lat="-26.2458270" lon="-51.0866400">
    <ele>763.0</ele>
   </trkpt>
   <trkpt lat="-26.2457920" lon="-51.0866530">
    <ele>762.8</ele>
   </trkpt>
   <trkpt lat="-26.2457570" lon="-51.0866670">
    <ele>762.8</ele>
   </trkpt>
   <trkpt lat="-26.2456520" lon="-51.0867080">
    <ele>762.8</ele>
   </trkpt>
   <trkpt lat="-26.2455880" lon="-51.0867190">
    <ele>762.8</ele>
   </trkpt>
   <trkpt lat="-26.2455200" lon="-51.0867430">
    <ele>762.8</ele>
   </trkpt>
   <trkpt lat="-26.2454050" lon="-51.0867820">
    <ele>762.6</ele>
   </trkpt>
   <trkpt lat="-26.2453720" lon="-51.0867910">
    <ele>762.4</ele>
   </trkpt>
   <trkpt lat="-26.2453380" lon="-51.0868010">
    <ele>762.2</ele>
   </trkpt>
   <trkpt lat="-26.2452410" lon="-51.0868290">
    <ele>762.0</ele>
   </trkpt>
   <trkpt lat="-26.2452110" lon="-51.0868380">
    <ele>761.8</ele>
   </trkpt>
   <trkpt lat="-26.2451440" lon="-51.0868710">
    <ele>761.6</ele>
   </trkpt>
   <trkpt lat="-26.2449950" lon="-51.0869170">
    <ele>761.6</ele>
   </trkpt>
   <trkpt lat="-26.2449680" lon="-51.0869320">
    <ele>761.6</ele>
   </trkpt>
   <trkpt lat="-26.2449400" lon="-51.0869480">
    <ele>761.6</ele>
   </trkpt>
   <trkpt lat="-26.2449130" lon="-51.0869630">
    <ele>761.4</ele>
   </trkpt>
   <trkpt lat="-26.2448300" lon="-51.0870080">
    <ele>761.4</ele>
   </trkpt>
   <trkpt lat="-26.2447610" lon="-51.0870340">
    <ele>761.2</ele>
   </trkpt>
   <trkpt lat="-26.2446910" lon="-51.0870520">
    <ele>761.0</ele>
   </trkpt>
   <trkpt lat="-26.2445430" lon="-51.0870650">
    <ele>761.0</ele>
   </trkpt>
   <trkpt lat="-26.2445030" lon="-51.0870600">
    <ele>761.0</ele>
   </trkpt>
   <trkpt lat="-26.2444630" lon="-51.0870550">
    <ele>761.0</ele>
   </trkpt>
   <trkpt lat="-26.2444120" lon="-51.0870390">
    <ele>761.0</ele>
   </trkpt>
   <trkpt lat="-26.2443370" lon="-51.0870320">
    <ele>761.0</ele>
   </trkpt>
   <trkpt lat="-26.2442180" lon="-51.0870110">
    <ele>761.0</ele>
   </trkpt>
   <trkpt lat="-26.2441750" lon="-51.0870140">
    <ele>761.0</ele>
   </trkpt>
   <trkpt lat="-26.2441320" lon="-51.0870170">
    <ele>761.0</ele>
   </trkpt>
   <trkpt lat="-26.2440450" lon="-51.0870240">
    <ele>761.0</ele>
   </trkpt>
   <trkpt lat="-26.2440110" lon="-51.0870150">
    <ele>761.2</ele>
   </trkpt>
   <trkpt lat="-26.2439770" lon="-51.0870060">
    <ele>761.4</ele>
   </trkpt>
   <trkpt lat="-26.2439580" lon="-51.0870020">
    <ele>761.4</ele>
   </trkpt>
   <trkpt lat="-26.2439380" lon="-51.0869980">
    <ele>761.4</ele>
   </trkpt>
   <trkpt lat="-26.2438970" lon="-51.0869960">
    <ele>761.4</ele>
   </trkpt>
   <trkpt lat="-26.2438950" lon="-51.0870130">
    <ele>761.6</ele>
   </trkpt>
   <trkpt lat="-26.2438800" lon="-51.0870420">
    <ele>761.6</ele>
   </trkpt>
   <trkpt lat="-26.2438690" lon="-51.0870710">
    <ele>761.8</ele>
   </trkpt>
   <trkpt lat="-26.2438580" lon="-51.0871000">
    <ele>761.8</ele>
   </trkpt>
   <trkpt lat="-26.2438250" lon="-51.0871990">
    <ele>761.8</ele>
   </trkpt>
   <trkpt lat="-26.2438130" lon="-51.0872410">
    <ele>761.8</ele>
   </trkpt>
   <trkpt lat="-26.2438270" lon="-51.0873020">
    <ele>761.6</ele>
   </trkpt>
   <trkpt lat="-26.2437900" lon="-51.0873830">
    <ele>761.4</ele>
   </trkpt>
   <trkpt lat="-26.2437300" lon="-51.0874480">
    <ele>761.4</ele>
   </trkpt>
   <trkpt lat="-26.2437010" lon="-51.0874520">
    <ele>761.2</ele>
   </trkpt>
   <trkpt lat="-26.2436720" lon="-51.0874570">
    <ele>761.0</ele>
   </trkpt>
   <trkpt lat="-26.2436440" lon="-51.0874610">
    <ele>761.0</ele>
   </trkpt>
   <trkpt lat="-26.2435760" lon="-51.0874680">
    <ele>761.0</ele>
   </trkpt>
   <trkpt lat="-26.2435530" lon="-51.0874390">
    <ele>761.0</ele>
   </trkpt>
   <trkpt lat="-26.2434910" lon="-51.0874000">
    <ele>761.0</ele>
   </trkpt>
   <trkpt lat="-26.2434680" lon="-51.0873970">
    <ele>761.0</ele>
   </trkpt>
   <trkpt lat="-26.2434460" lon="-51.0873940">
    <ele>761.0</ele>
   </trkpt>
   <trkpt lat="-26.2434230" lon="-51.0873910">
    <ele>761.0</ele>
   </trkpt>
   <trkpt lat="-26.2433240" lon="-51.0873800">
    <ele>761.0</ele>
   </trkpt>
   <trkpt lat="-26.2432940" lon="-51.0873780">
    <ele>761.0</ele>
   </trkpt>
   <trkpt lat="-26.2432190" lon="-51.0873790">
    <ele>760.8</ele>
   </trkpt>
   <trkpt lat="-26.2431050" lon="-51.0873640">
    <ele>760.8</ele>
   </trkpt>
   <trkpt lat="-26.2430640" lon="-51.0873670">
    <ele>760.8</ele>
   </trkpt>
   <trkpt lat="-26.2430220" lon="-51.0873700">
    <ele>760.6</ele>
   </trkpt>
   <trkpt lat="-26.2429030" lon="-51.0873810">
    <ele>760.6</ele>
   </trkpt>
   <trkpt lat="-26.2428660" lon="-51.0873860">
    <ele>760.6</ele>
   </trkpt>
   <trkpt lat="-26.2427930" lon="-51.0873980">
    <ele>760.4</ele>
   </trkpt>
   <trkpt lat="-26.2426440" lon="-51.0874240">
    <ele>760.4</ele>
   </trkpt>
   <trkpt lat="-26.2426200" lon="-51.0874220">
    <ele>760.4</ele>
   </trkpt>
   <trkpt lat="-26.2425970" lon="-51.0874210">
    <ele>760.2</ele>
   </trkpt>
   <trkpt lat="-26.2425730" lon="-51.0874190">
    <ele>760.2</ele>
   </trkpt>
   <trkpt lat="-26.2424770" lon="-51.0874090">
    <ele>760.2</ele>
   </trkpt>
   <trkpt lat="-26.2424530" lon="-51.0874040">
    <ele>760.2</ele>
   </trkpt>
   <trkpt lat="-26.2424030" lon="-51.0873820">
    <ele>760.2</ele>
   </trkpt>
   <trkpt lat="-26.2422740" lon="-51.0873760">
    <ele>760.2</ele>
   </trkpt>
   <trkpt lat="-26.2422470" lon="-51.0873720">
    <ele>760.4</ele>
   </trkpt>
   <trkpt lat="-26.2422190" lon="-51.0873670">
    <ele>760.4</ele>
   </trkpt>
   <trkpt lat="-26.2421910" lon="-51.0873620">
    <ele>760.4</ele>
   </trkpt>
   <trkpt lat="-26.2421070" lon="-51.0873480">
    <ele>760.4</ele>
   </trkpt>
   <trkpt lat="-26.2420620" lon="-51.0873290">
    <ele>760.4</ele>
   </trkpt>
   <trkpt lat="-26.2420120" lon="-51.0873140">
    <ele>760.2</ele>
   </trkpt>
   <trkpt lat="-26.2419310" lon="-51.0873450">
    <ele>760.0</ele>
   </trkpt>
   <trkpt lat="-26.2418060" lon="-51.0873650">
    <ele>760.0</ele>
   </trkpt>
   <trkpt lat="-26.2417610" lon="-51.0873530">
    <ele>760.0</ele>
   </trkpt>
   <trkpt lat="-26.2416710" lon="-51.0873280">
    <ele>760.0</ele>
   </trkpt>
   <trkpt lat="-26.2416090" lon="-51.0873120">
    <ele>760.2</ele>
   </trkpt>
   <trkpt lat="-26.2415240" lon="-51.0873250">
    <ele>760.2</ele>
   </trkpt>
   <trkpt lat="-26.2414000" lon="-51.0873090">
    <ele>760.2</ele>
   </trkpt>
   <trkpt lat="-26.2413600" lon="-51.0873040">
    <ele>760.2</ele>
   </trkpt>
   <trkpt lat="-26.2413200" lon="-51.0872980">
    <ele>760.4</ele>
   </trkpt>
   <trkpt lat="-26.2412800" lon="-51.0872930">
    <ele>760.4</ele>
   </trkpt>
   <trkpt lat="-26.2411600" lon="-51.0872770">
    <ele>760.4</ele>
   </trkpt>
   <trkpt lat="-26.2411300" lon="-51.0872670">
    <ele>760.6</ele>
   </trkpt>
   <trkpt lat="-26.2411010" lon="-51.0872580">
    <ele>760.6</ele>
   </trkpt>
   <trkpt lat="-26.2410480" lon="-51.0872360">
    <ele>760.6</ele>
   </trkpt>
   <trkpt lat="-26.2409300" lon="-51.0872140">
    <ele>760.8</ele>
   </trkpt>
   <trkpt lat="-26.2409020" lon="-51.0872110">
    <ele>761.0</ele>
   </trkpt>
   <trkpt lat="-26.2408730" lon="-51.0872070">
    <ele>761.0</ele>
   </trkpt>
   <trkpt lat="-26.2408450" lon="-51.0872040">
    <ele>761.2</ele>
   </trkpt>
   <trkpt lat="-26.2407590" lon="-51.0871950">
    <ele>761.2</ele>
   </trkpt>
   <trkpt lat="-26.2407210" lon="-51.0871750">
    <ele>761.2</ele>
   </trkpt>
   <trkpt lat="-26.2405980" lon="-51.0871350">
    <ele>761.0</ele>
   </trkpt>
   <trkpt lat="-26.2405680" lon="-51.0871300">
    <ele>761.0</ele>
   </trkpt>
   <trkpt lat="-26.2405370" lon="-51.0871250">
    <ele>761.0</ele>
   </trkpt>
   <trkpt lat="-26.2405070" lon="-51.0871210">
    <ele>761.0</ele>
   </trkpt>
   <trkpt lat="-26.2404160" lon="-51.0871060">
    <ele>761.0</ele>
   </trkpt>
   <trkpt lat="-26.2403630" lon="-51.0870960">
    <ele>761.0</ele>
   </trkpt>
   <trkpt lat="-26.2403070" lon="-51.0870790">
    <ele>761.0</ele>
   </trkpt>
   <trkpt lat="-26.2401890" lon="-51.0870490">
    <ele>761.0</ele>
   </trkpt>
   <trkpt lat="-26.2401590" lon="-51.0870450">
    <ele>761.0</ele>
   </trkpt>
   <trkpt lat="-26.2401290" lon="-51.0870400">
    <ele>761.0</ele>
   </trkpt>
   <trkpt lat="-26.2400990" lon="-51.0870350">
    <ele>761.0</ele>
   </trkpt>
   <trkpt lat="-26.2400090" lon="-51.0870210">
    <ele>761.0</ele>
   </trkpt>
   <trkpt lat="-26.2399510" lon="-51.0870040">
    <ele>761.0</ele>
   </trkpt>
   <trkpt lat="-26.2398430" lon="-51.0869770">
    <ele>761.0</ele>
   </trkpt>
   <trkpt lat="-26.2398190" lon="-51.0869690">
    <ele>761.2</ele>
   </trkpt>
   <trkpt lat="-26.2397950" lon="-51.0869620">
    <ele>761.2</ele>
   </trkpt>
   <trkpt lat="-26.2397720" lon="-51.0869540">
    <ele>761.2</ele>
   </trkpt>
   <trkpt lat="-26.2397000" lon="-51.0869320">
    <ele>761.2</ele>
   </trkpt>
   <trkpt lat="-26.2396520" lon="-51.0869060">
    <ele>761.0</ele>
   </trkpt>
   <trkpt lat="-26.2396050" lon="-51.0868870">
    <ele>761.0</ele>
   </trkpt>
   <trkpt lat="-26.2394740" lon="-51.0868830">
    <ele>760.8</ele>
   </trkpt>
   <trkpt lat="-26.2394470" lon="-51.0868830">
    <ele>760.8</ele>
   </trkpt>
   <trkpt lat="-26.2394210" lon="-51.0868840">
    <ele>760.8</ele>
   </trkpt>
   <trkpt lat="-26.2393940" lon="-51.0868840">
    <ele>760.6</ele>
   </trkpt>
   <trkpt lat="-26.2393140" lon="-51.0868860">
    <ele>760.4</ele>
   </trkpt>
   <trkpt lat="-26.2392570" lon="-51.0868860">
    <ele>760.4</ele>
   </trkpt>
   <trkpt lat="-26.2391340" lon="-51.0868790">
    <ele>760.4</ele>
   </trkpt>
   <trkpt lat="-26.2390790" lon="-51.0868660">
    <ele>760.2</ele>
   </trkpt>
   <trkpt lat="-26.2390510" lon="-51.0868590">
    <ele>760.2</ele>
   </trkpt>
   <trkpt lat="-26.2390240" lon="-51.0868510">
    <ele>760.2</ele>
   </trkpt>
   <trkpt lat="-26.2389390" lon="-51.0868320">
    <ele>760.2</ele>
   </trkpt>
   <trkpt lat="-26.2389090" lon="-51.0868290">
    <ele>760.2</ele>
   </trkpt>
   <trkpt lat="-26.2388510" lon="-51.0868150">
    <ele>760.4</ele>
   </trkpt>
   <trkpt lat="-26.2387340" lon="-51.0867870">
    <ele>760.6</ele>
   </trkpt>
   <trkpt lat="-26.2387050" lon="-51.0867790">
    <ele>760.6</ele>
   </trkpt>
   <trkpt lat="-26.2386760" lon="-51.0867710">
    <ele>760.6</ele>
   </trkpt>
   <trkpt lat="-26.2386480" lon="-51.0867630">
    <ele>760.6</ele>
   </trkpt>
   <trkpt lat="-26.2385330" lon="-51.0867340">
    <ele>760.6</ele>
   </trkpt>
   <trkpt lat="-26.2385050" lon="-51.0867280">
    <ele>760.6</ele>
   </trkpt>
   <trkpt lat="-26.2384330" lon="-51.0867070">
    <ele>760.6</ele>
   </trkpt>
   <trkpt lat="-26.2383020" lon="-51.0866970">
    <ele>760.6</ele>
   </trkpt>
   <trkpt lat="-26.2382720" lon="-51.0866920">
    <ele>760.6</ele>
   </trkpt>
   <trkpt lat="-26.2382420" lon="-51.0866860">
    <ele>760.6</ele>
   </trkpt>
   <trkpt lat="-26.2382120" lon="-51.0866810">
    <ele>760.6</ele>
   </trkpt>
   <trkpt lat="-26.2381220" lon="-51.0866650">
    <ele>760.6</ele>
   </trkpt>
   <trkpt lat="-26.2380620" lon="-51.0866550">
    <ele>760.8</ele>
   </trkpt>
   <trkpt lat="-26.2380000" lon="-51.0866590">
    <ele>760.8</ele>
   </trkpt>
   <trkpt lat="-26.2378790" lon="-51.0866570">
    <ele>760.8</ele>
   </trkpt>
   <trkpt lat="-26.2378360" lon="-51.0866520">
    <ele>760.8</ele>
   </trkpt>
   <trkpt lat="-26.2377940" lon="-51.0866460">
    <ele>760.8</ele>
   </trkpt>
   <trkpt lat="-26.2377080" lon="-51.0866360">
    <ele>761.0</ele>
   </trkpt>
   <trkpt lat="-26.2376560" lon="-51.0866310">
    <ele>761.0</ele>
   </trkpt>
   <trkpt lat="-26.2376250" lon="-51.0866270">
    <ele>761.0</ele>
   </trkpt>
   <trkpt lat="-26.2375940" lon="-51.0866240">
    <ele>761.0</ele>
   </trkpt>
   <trkpt lat="-26.2374790" lon="-51.0866000">
    <ele>761.0</ele>
   </trkpt>
   <trkpt lat="-26.2374510" lon="-51.0865950">
    <ele>761.0</ele>
   </trkpt>
   <trkpt lat="-26.2374240" lon="-51.0865910">
    <ele>761.0</ele>
   </trkpt>
   <trkpt lat="-26.2373430" lon="-51.0865770">
    <ele>761.0</ele>
   </trkpt>
   <trkpt lat="-26.2373160" lon="-51.0865740">
    <ele>761.0</ele>
   </trkpt>
   <trkpt lat="-26.2372610" lon="-51.0865630">
    <ele>760.8</ele>
   </trkpt>
   <trkpt lat="-26.2372140" lon="-51.0865480">
    <ele>760.8</ele>
   </trkpt>
   <trkpt lat="-26.2371180" lon="-51.0865280">
    <ele>760.6</ele>
   </trkpt>
   <trkpt lat="-26.2370890" lon="-51.0865220">
    <ele>760.6</ele>
   </trkpt>
   <trkpt lat="-26.2370600" lon="-51.0865150">
    <ele>760.4</ele>
   </trkpt>
   <trkpt lat="-26.2370320" lon="-51.0865090">
    <ele>760.4</ele>
   </trkpt>
   <trkpt lat="-26.2369450" lon="-51.0864890">
    <ele>760.4</ele>
   </trkpt>
   <trkpt lat="-26.2368940" lon="-51.0864770">
    <ele>760.4</ele>
   </trkpt>
   <trkpt lat="-26.2368350" lon="-51.0864620">
    <ele>760.4</ele>
   </trkpt>
   <trkpt lat="-26.2367130" lon="-51.0864390">
    <ele>760.4</ele>
   </trkpt>
   <trkpt lat="-26.2366790" lon="-51.0864360">
    <ele>760.4</ele>
   </trkpt>
   <trkpt lat="-26.2366450" lon="-51.0864320">
    <ele>760.4</ele>
   </trkpt>
   <trkpt lat="-26.2365530" lon="-51.0864190">
    <ele>760.4</ele>
   </trkpt>
   <trkpt lat="-26.2365280" lon="-51.0864120">
    <ele>760.4</ele>
   </trkpt>
   <trkpt lat="-26.2364650" lon="-51.0864050">
    <ele>760.2</ele>
   </trkpt>
   <trkpt lat="-26.2363460" lon="-51.0863890">
    <ele>760.2</ele>
   </trkpt>
   <trkpt lat="-26.2363170" lon="-51.0863830">
    <ele>760.2</ele>
   </trkpt>
   <trkpt lat="-26.2362870" lon="-51.0863780">
    <ele>760.4</ele>
   </trkpt>
   <trkpt lat="-26.2362580" lon="-51.0863720">
    <ele>760.4</ele>
   </trkpt>
   <trkpt lat="-26.2361380" lon="-51.0863510">
    <ele>760.4</ele>
   </trkpt>
   <trkpt lat="-26.2361060" lon="-51.0863470">
    <ele>760.4</ele>
   </trkpt>
   <trkpt lat="-26.2360460" lon="-51.0863400">
    <ele>760.4</ele>
   </trkpt>
   <trkpt lat="-26.2359270" lon="-51.0863180">
    <ele>760.4</ele>
   </trkpt>
   <trkpt lat="-26.2358940" lon="-51.0863160">
    <ele>760.2</ele>
   </trkpt>
   <trkpt lat="-26.2358620" lon="-51.0863150">
    <ele>760.2</ele>
   </trkpt>
   <trkpt lat="-26.2357620" lon="-51.0863080">
    <ele>760.0</ele>
   </trkpt>
   <trkpt lat="-26.2357260" lon="-51.0863050">
    <ele>760.0</ele>
   </trkpt>
   <trkpt lat="-26.2356710" lon="-51.0862930">
    <ele>759.8</ele>
   </trkpt>
   <trkpt lat="-26.2355440" lon="-51.0862750">
    <ele>759.8</ele>
   </trkpt>
   <trkpt lat="-26.2355150" lon="-51.0862680">
    <ele>759.6</ele>
   </trkpt>
   <trkpt lat="-26.2354860" lon="-51.0862610">
    <ele>759.4</ele>
   </trkpt>
   <trkpt lat="-26.2354580" lon="-51.0862540">
    <ele>759.4</ele>
   </trkpt>
   <trkpt lat="-26.2353390" lon="-51.0862280">
    <ele>759.4</ele>
   </trkpt>
   <trkpt lat="-26.2353060" lon="-51.0862230">
    <ele>759.6</ele>
   </trkpt>
   <trkpt lat="-26.2352450" lon="-51.0862080">
    <ele>759.6</ele>
   </trkpt>
   <trkpt lat="-26.2351250" lon="-51.0861880">
    <ele>759.6</ele>
   </trkpt>
   <trkpt lat="-26.2350970" lon="-51.0861780">
    <ele>759.6</ele>
   </trkpt>
   <trkpt lat="-26.2350700" lon="-51.0861690">
    <ele>759.6</ele>
   </trkpt>
   <trkpt lat="-26.2350420" lon="-51.0861600">
    <ele>759.6</ele>
   </trkpt>
   <trkpt lat="-26.2349580" lon="-51.0861330">
    <ele>759.6</ele>
   </trkpt>
   <trkpt lat="-26.2349060" lon="-51.0861200">
    <ele>759.8</ele>
   </trkpt>
   <trkpt lat="-26.2347940" lon="-51.0861050">
    <ele>759.8</ele>
   </trkpt>
   <trkpt lat="-26.2347680" lon="-51.0860970">
    <ele>759.6</ele>
   </trkpt>
   <trkpt lat="-26.2347410" lon="-51.0860890">
    <ele>759.6</ele>
   </trkpt>
   <trkpt lat="-26.2347140" lon="-51.0860800">
    <ele>759.6</ele>
   </trkpt>
   <trkpt lat="-26.2346020" lon="-51.0860510">
    <ele>759.4</ele>
   </trkpt>
   <trkpt lat="-26.2345700" lon="-51.0860470">
    <ele>759.4</ele>
   </trkpt>
   <trkpt lat="-26.2345050" lon="-51.0860330">
    <ele>759.4</ele>
   </trkpt>
   <trkpt lat="-26.2344020" lon="-51.0859980">
    <ele>759.4</ele>
   </trkpt>
   <trkpt lat="-26.2343560" lon="-51.0859830">
    <ele>759.4</ele>
   </trkpt>
   <trkpt lat="-26.2343100" lon="-51.0859680">
    <ele>759.4</ele>
   </trkpt>
   <trkpt lat="-26.2342570" lon="-51.0859570">
    <ele>759.6</ele>
   </trkpt>
   <trkpt lat="-26.2342290" lon="-51.0859600">
    <ele>759.6</ele>
   </trkpt>
   <trkpt lat="-26.2342010" lon="-51.0859630">
    <ele>759.6</ele>
   </trkpt>
   <trkpt lat="-26.2341430" lon="-51.0859770">
    <ele>759.6</ele>
   </trkpt>
   <trkpt lat="-26.2340890" lon="-51.0859850">
    <ele>759.6</ele>
   </trkpt>
   <trkpt lat="-26.2340140" lon="-51.0860150">
    <ele>759.6</ele>
   </trkpt>
   <trkpt lat="-26.2339910" lon="-51.0860350">
    <ele>759.4</ele>
   </trkpt>
   <trkpt lat="-26.2339670" lon="-51.0860540">
    <ele>759.2</ele>
   </trkpt>
   <trkpt lat="-26.2339430" lon="-51.0860740">
    <ele>759.0</ele>
   </trkpt>
   <trkpt lat="-26.2339190" lon="-51.0860940">
    <ele>759.0</ele>
   </trkpt>
   <trkpt lat="-26.2338950" lon="-51.0861130">
    <ele>759.0</ele>
   </trkpt>
   <trkpt lat="-26.2338710" lon="-51.0861330">
    <ele>758.8</ele>
   </trkpt>
   <trkpt lat="-26.2338480" lon="-51.0861520">
    <ele>758.8</ele>
   </trkpt>
   <trkpt lat="-26.2338240" lon="-51.0861720">
    <ele>759.0</ele>
   </trkpt>
   <trkpt lat="-26.2338000" lon="-51.0861920">
    <ele>759.0</ele>
   </trkpt>
   <trkpt lat="-26.2335850" lon="-51.0863680">
    <ele>758.8</ele>
   </trkpt>
   <trkpt lat="-26.2335190" lon="-51.0864250">
    <ele>758.8</ele>
   </trkpt>
   <trkpt lat="-26.2334300" lon="-51.0864660">
    <ele>758.8</ele>
   </trkpt>
   <trkpt lat="-26.2334070" lon="-51.0864860">
    <ele>758.8</ele>
   </trkpt>
   <trkpt lat="-26.2333850" lon="-51.0865070">
    <ele>758.6</ele>
   </trkpt>
   <trkpt lat="-26.2333630" lon="-51.0865270">
    <ele>758.6</ele>
   </trkpt>
   <trkpt lat="-26.2332710" lon="-51.0866070">
    <ele>758.6</ele>
   </trkpt>
   <trkpt lat="-26.2332470" lon="-51.0866250">
    <ele>758.6</ele>
   </trkpt>
   <trkpt lat="-26.2331940" lon="-51.0866610">
    <ele>758.4</ele>
   </trkpt>
   <trkpt lat="-26.2330930" lon="-51.0867470">
    <ele>758.4</ele>
   </trkpt>
   <trkpt lat="-26.2330610" lon="-51.0867710">
    <ele>758.4</ele>
   </trkpt>
   <trkpt lat="-26.2330280" lon="-51.0867950">
    <ele>758.4</ele>
   </trkpt>
   <trkpt lat="-26.2329950" lon="-51.0868190">
    <ele>758.4</ele>
   </trkpt>
   <trkpt lat="-26.2328970" lon="-51.0868910">
    <ele>758.2</ele>
   </trkpt>
   <trkpt lat="-26.2328680" lon="-51.0869210">
    <ele>758.2</ele>
   </trkpt>
   <trkpt lat="-26.2328140" lon="-51.0869480">
    <ele>758.0</ele>
   </trkpt>
   <trkpt lat="-26.2328090" lon="-51.0869550">
    <ele>757.8</ele>
   </trkpt>
   <trkpt lat="-26.2328050" lon="-51.0869610">
    <ele>757.8</ele>
   </trkpt>
   <trkpt lat="-26.2328000" lon="-51.0869680">
    <ele>757.6</ele>
   </trkpt>
   <trkpt lat="-26.2327960" lon="-51.0869750">
    <ele>757.6</ele>
   </trkpt>
   <trkpt lat="-26.2327910" lon="-51.0869820">
    <ele>757.6</ele>
   </trkpt>
   <trkpt lat="-26.2327860" lon="-51.0869890">
    <ele>757.6</ele>
   </trkpt>
   <trkpt lat="-26.2327820" lon="-51.0869960">
    <ele>757.8</ele>
   </trkpt>
   <trkpt lat="-26.2327490" lon="-51.0870210">
    <ele>757.8</ele>
   </trkpt>
   <trkpt lat="-26.2327170" lon="-51.0870470">
    <ele>757.8</ele>
   </trkpt>
   <trkpt lat="-26.2326900" lon="-51.0870660">
    <ele>758.0</ele>
   </trkpt>
   <trkpt lat="-26.2326630" lon="-51.0870840">
    <ele>758.0</ele>
   </trkpt>
   <trkpt lat="-26.2326360" lon="-51.0871120">
    <ele>758.2</ele>
   </trkpt>
   <trkpt lat="-26.2325400" lon="-51.0871790">
    <ele>758.2</ele>
   </trkpt>
   <trkpt lat="-26.2325160" lon="-51.0872010">
    <ele>758.2</ele>
   </trkpt>
   <trkpt lat="-26.2324910" lon="-51.0872230">
    <ele>758.2</ele>
   </trkpt>
   <trkpt lat="-26.2324660" lon="-51.0872450">
    <ele>758.2</ele>
   </trkpt>
   <trkpt lat="-26.2324280" lon="-51.0872780">
    <ele>758.4</ele>
   </trkpt>
   <trkpt lat="-26.2323640" lon="-51.0873060">
    <ele>758.4</ele>
   </trkpt>
   <trkpt lat="-26.2322700" lon="-51.0873590">
    <ele>758.4</ele>
   </trkpt>
   <trkpt lat="-26.2322320" lon="-51.0874010">
    <ele>758.2</ele>
   </trkpt>
   <trkpt lat="-26.2322130" lon="-51.0874210">
    <ele>758.2</ele>
   </trkpt>
   <trkpt lat="-26.2321940" lon="-51.0874400">
    <ele>758.0</ele>
   </trkpt>
   <trkpt lat="-26.2321320" lon="-51.0874960">
    <ele>758.0</ele>
   </trkpt>
   <trkpt lat="-26.2321070" lon="-51.0875140">
    <ele>758.0</ele>
   </trkpt>
   <trkpt lat="-26.2320530" lon="-51.0875370">
    <ele>758.0</ele>
   </trkpt>
   <trkpt lat="-26.2319780" lon="-51.0875680">
    <ele>758.0</ele>
   </trkpt>
   <trkpt lat="-26.2318740" lon="-51.0876150">
    <ele>758.0</ele>
   </trkpt>
   <trkpt lat="-26.2318460" lon="-51.0876320">
    <ele>758.0</ele>
   </trkpt>
   <trkpt lat="-26.2318180" lon="-51.0876480">
    <ele>758.0</ele>
   </trkpt>
   <trkpt lat="-26.2317340" lon="-51.0876970">
    <ele>757.8</ele>
   </trkpt>
   <trkpt lat="-26.2316160" lon="-51.0877780">
    <ele>757.8</ele>
   </trkpt>
   <trkpt lat="-26.2315850" lon="-51.0877990">
    <ele>757.8</ele>
   </trkpt>
   <trkpt lat="-26.2315540" lon="-51.0878210">
    <ele>757.8</ele>
   </trkpt>
   <trkpt lat="-26.2314980" lon="-51.0878540">
    <ele>757.6</ele>
   </trkpt>
   <trkpt lat="-26.2313900" lon="-51.0879250">
    <ele>757.6</ele>
   </trkpt>
   <trkpt lat="-26.2313400" lon="-51.0879510">
    <ele>757.6</ele>
   </trkpt>
   <trkpt lat="-26.2313220" lon="-51.0879740">
    <ele>757.6</ele>
   </trkpt>
   <trkpt lat="-26.2313030" lon="-51.0879960">
    <ele>757.6</ele>
   </trkpt>
   <trkpt lat="-26.2312850" lon="-51.0880190">
    <ele>757.4</ele>
   </trkpt>
   <trkpt lat="-26.2312010" lon="-51.0881080">
    <ele>757.6</ele>
   </trkpt>
   <trkpt lat="-26.2311710" lon="-51.0881290">
    <ele>757.6</ele>
   </trkpt>
   <trkpt lat="-26.2311060" lon="-51.0881720">
    <ele>757.6</ele>
   </trkpt>
   <trkpt lat="-26.2309890" lon="-51.0882700">
    <ele>757.6</ele>
   </trkpt>
   <trkpt lat="-26.2309630" lon="-51.0882840">
    <ele>757.6</ele>
   </trkpt>
   <trkpt lat="-26.2309360" lon="-51.0882980">
    <ele>757.4</ele>
   </trkpt>
   <trkpt lat="-26.2309100" lon="-51.0883130">
    <ele>757.4</ele>
   </trkpt>
   <trkpt lat="-26.2308320" lon="-51.0883550">
    <ele>757.2</ele>
   </trkpt>
   <trkpt lat="-26.2307800" lon="-51.0883820">
    <ele>757.0</ele>
   </trkpt>
   <trkpt lat="-26.2306900" lon="-51.0884580">
    <ele>757.0</ele>
   </trkpt>
   <trkpt lat="-26.2306630" lon="-51.0884740">
    <ele>756.8</ele>
   </trkpt>
   <trkpt lat="-26.2306350" lon="-51.0884900">
    <ele>756.8</ele>
   </trkpt>
   <trkpt lat="-26.2306080" lon="-51.0885070">
    <ele>756.8</ele>
   </trkpt>
   <trkpt lat="-26.2305250" lon="-51.0885550">
    <ele>756.8</ele>
   </trkpt>
   <trkpt lat="-26.2304760" lon="-51.0885960">
    <ele>756.8</ele>
   </trkpt>
   <trkpt lat="-26.2304220" lon="-51.0886370">
    <ele>756.6</ele>
   </trkpt>
   <trkpt lat="-26.2303250" lon="-51.0887150">
    <ele>756.6</ele>
   </trkpt>
   <trkpt lat="-26.2303000" lon="-51.0887370">
    <ele>756.6</ele>
   </trkpt>
   <trkpt lat="-26.2302750" lon="-51.0887590">
    <ele>756.6</ele>
   </trkpt>
   <trkpt lat="-26.2302510" lon="-51.0887800">
    <ele>756.6</ele>
   </trkpt>
   <trkpt lat="-26.2301770" lon="-51.0888460">
    <ele>756.6</ele>
   </trkpt>
   <trkpt lat="-26.2301290" lon="-51.0888760">
    <ele>756.8</ele>
   </trkpt>
   <trkpt lat="-26.2300460" lon="-51.0889590">
    <ele>756.8</ele>
   </trkpt>
   <trkpt lat="-26.2300140" lon="-51.0889810">
    <ele>756.6</ele>
   </trkpt>
   <trkpt lat="-26.2299830" lon="-51.0890040">
    <ele>756.6</ele>
   </trkpt>
   <trkpt lat="-26.2299510" lon="-51.0890260">
    <ele>756.6</ele>
   </trkpt>
   <trkpt lat="-26.2298280" lon="-51.0891120">
    <ele>756.6</ele>
   </trkpt>
   <trkpt lat="-26.2298010" lon="-51.0891320">
    <ele>756.8</ele>
   </trkpt>
   <trkpt lat="-26.2297520" lon="-51.0891740">
    <ele>756.8</ele>
   </trkpt>
   <trkpt lat="-26.2296630" lon="-51.0892490">
    <ele>756.8</ele>
   </trkpt>
   <trkpt lat="-26.2296350" lon="-51.0892660">
    <ele>756.8</ele>
   </trkpt>
   <trkpt lat="-26.2296060" lon="-51.0892830">
    <ele>756.6</ele>
   </trkpt>
   <trkpt lat="-26.2295780" lon="-51.0892990">
    <ele>756.4</ele>
   </trkpt>
   <trkpt lat="-26.2294670" lon="-51.0893660">
    <ele>756.4</ele>
   </trkpt>
   <trkpt lat="-26.2294410" lon="-51.0893820">
    <ele>756.2</ele>
   </trkpt>
   <trkpt lat="-26.2293980" lon="-51.0894190">
    <ele>756.2</ele>
   </trkpt>
   <trkpt lat="-26.2292730" lon="-51.0895050">
    <ele>756.0</ele>
   </trkpt>
   <trkpt lat="-26.2292470" lon="-51.0895240">
    <ele>756.0</ele>
   </trkpt>
   <trkpt lat="-26.2292210" lon="-51.0895430">
    <ele>756.0</ele>
   </trkpt>
   <trkpt lat="-26.2291950" lon="-51.0895630">
    <ele>756.0</ele>
   </trkpt>
   <trkpt lat="-26.2291170" lon="-51.0896210">
    <ele>755.8</ele>
   </trkpt>
   <trkpt lat="-26.2290640" lon="-51.0896670">
    <ele>755.8</ele>
   </trkpt>
   <trkpt lat="-26.2289600" lon="-51.0897650">
    <ele>755.8</ele>
   </trkpt>
   <trkpt lat="-26.2289330" lon="-51.0897870">
    <ele>756.0</ele>
   </trkpt>
   <trkpt lat="-26.2289050" lon="-51.0898090">
    <ele>756.0</ele>
   </trkpt>
   <trkpt lat="-26.2288780" lon="-51.0898310">
    <ele>756.0</ele>
   </trkpt>
   <trkpt lat="-26.2287950" lon="-51.0898980">
    <ele>756.0</ele>
   </trkpt>
   <trkpt lat="-26.2287380" lon="-51.0899400">
    <ele>756.0</ele>
   </trkpt>
   <trkpt lat="-26.2286820" lon="-51.0899770">
    <ele>756.0</ele>
   </trkpt>
   <trkpt lat="-26.2285550" lon="-51.0900610">
    <ele>756.0</ele>
   </trkpt>
   <trkpt lat="-26.2285000" lon="-51.0900930">
    <ele>756.0</ele>
   </trkpt>
   <trkpt lat="-26.2284720" lon="-51.0901110">
    <ele>756.0</ele>
   </trkpt>
   <trkpt lat="-26.2284440" lon="-51.0901280">
    <ele>756.0</ele>
   </trkpt>
   <trkpt lat="-26.2283850" lon="-51.0901550">
    <ele>756.0</ele>
   </trkpt>
   <trkpt lat="-26.2283280" lon="-51.0901980">
    <ele>756.0</ele>
   </trkpt>
   <trkpt lat="-26.2282710" lon="-51.0902380">
    <ele>755.8</ele>
   </trkpt>
   <trkpt lat="-26.2281630" lon="-51.0903210">
    <ele>755.8</ele>
   </trkpt>
   <trkpt lat="-26.2281350" lon="-51.0903420">
    <ele>755.6</ele>
   </trkpt>
   <trkpt lat="-26.2281080" lon="-51.0903620">
    <ele>755.6</ele>
   </trkpt>
   <trkpt lat="-26.2280230" lon="-51.0904210">
    <ele>755.6</ele>
   </trkpt>
   <trkpt lat="-26.2279940" lon="-51.0904400">
    <ele>755.6</ele>
   </trkpt>
   <trkpt lat="-26.2279320" lon="-51.0904750">
    <ele>755.8</ele>
   </trkpt>
   <trkpt lat="-26.2278770" lon="-51.0905100">
    <ele>755.8</ele>
   </trkpt>
   <trkpt lat="-26.2277860" lon="-51.0906020">
    <ele>755.8</ele>
   </trkpt>
   <trkpt lat="-26.2277610" lon="-51.0906210">
    <ele>755.8</ele>
   </trkpt>
   <trkpt lat="-26.2277360" lon="-51.0906400">
    <ele>755.8</ele>
   </trkpt>
   <trkpt lat="-26.2276850" lon="-51.0906780">
    <ele>755.6</ele>
   </trkpt>
   <trkpt lat="-26.2276310" lon="-51.0907190">
    <ele>755.6</ele>
   </trkpt>
   <trkpt lat="-26.2275770" lon="-51.0907590">
    <ele>755.6</ele>
   </trkpt>
   <trkpt lat="-26.2274700" lon="-51.0908390">
    <ele>755.6</ele>
   </trkpt>
   <trkpt lat="-26.2274440" lon="-51.0908590">
    <ele>755.8</ele>
   </trkpt>
   <trkpt lat="-26.2274180" lon="-51.0908780">
    <ele>755.8</ele>
   </trkpt>
   <trkpt lat="-26.2273400" lon="-51.0909380">
    <ele>755.8</ele>
   </trkpt>
   <trkpt lat="-26.2273140" lon="-51.0909600">
    <ele>756.0</ele>
   </trkpt>
   <trkpt lat="-26.2272660" lon="-51.0910050">
    <ele>756.0</ele>
   </trkpt>
   <trkpt lat="-26.2272130" lon="-51.0910410">
    <ele>756.2</ele>
   </trkpt>
   <trkpt lat="-26.2271200" lon="-51.0911190">
    <ele>756.4</ele>
   </trkpt>
   <trkpt lat="-26.2270970" lon="-51.0911380">
    <ele>756.4</ele>
   </trkpt>
   <trkpt lat="-26.2270730" lon="-51.0911570">
    <ele>756.6</ele>
   </trkpt>
   <trkpt lat="-26.2270500" lon="-51.0911760">
    <ele>756.6</ele>
   </trkpt>
   <trkpt lat="-26.2269800" lon="-51.0912320">
    <ele>756.6</ele>
   </trkpt>
   <trkpt lat="-26.2269300" lon="-51.0912770">
    <ele>756.6</ele>
   </trkpt>
   <trkpt lat="-26.2268800" lon="-51.0913180">
    <ele>756.6</ele>
   </trkpt>
   <trkpt lat="-26.2267880" lon="-51.0913880">
    <ele>756.6</ele>
   </trkpt>
   <trkpt lat="-26.2267680" lon="-51.0914060">
    <ele>756.6</ele>
   </trkpt>
   <trkpt lat="-26.2267480" lon="-51.0914250">
    <ele>756.4</ele>
   </trkpt>
   <trkpt lat="-26.2267280" lon="-51.0914430">
    <ele>756.4</ele>
   </trkpt>
   <trkpt lat="-26.2266680" lon="-51.0914990">
    <ele>756.4</ele>
   </trkpt>
   <trkpt lat="-26.2266180" lon="-51.0915390">
    <ele>756.4</ele>
   </trkpt>
   <trkpt lat="-26.2265290" lon="-51.0916110">
    <ele>756.4</ele>
   </trkpt>
   <trkpt lat="-26.2264790" lon="-51.0916480">
    <ele>756.4</ele>
   </trkpt>
   <trkpt lat="-26.2264570" lon="-51.0916630">
    <ele>756.4</ele>
   </trkpt>
   <trkpt lat="-26.2264340" lon="-51.0916780">
    <ele>756.2</ele>
   </trkpt>
   <trkpt lat="-26.2263640" lon="-51.0917270">
    <ele>756.2</ele>
   </trkpt>
   <trkpt lat="-26.2263400" lon="-51.0917460">
    <ele>756.0</ele>
   </trkpt>
   <trkpt lat="-26.2262840" lon="-51.0917820">
    <ele>755.8</ele>
   </trkpt>
   <trkpt lat="-26.2261910" lon="-51.0918580">
    <ele>755.8</ele>
   </trkpt>
   <trkpt lat="-26.2261620" lon="-51.0918790">
    <ele>755.8</ele>
   </trkpt>
   <trkpt lat="-26.2261330" lon="-51.0919000">
    <ele>755.6</ele>
   </trkpt>
   <trkpt lat="-26.2261050" lon="-51.0919210">
    <ele>755.6</ele>
   </trkpt>
   <trkpt lat="-26.2260180" lon="-51.0919840">
    <ele>755.6</ele>
   </trkpt>
   <trkpt lat="-26.2259640" lon="-51.0920330">
    <ele>755.4</ele>
   </trkpt>
   <trkpt lat="-26.2258980" lon="-51.0920750">
    <ele>755.4</ele>
   </trkpt>
   <trkpt lat="-26.2257990" lon="-51.0921420">
    <ele>755.4</ele>
   </trkpt>
   <trkpt lat="-26.2257710" lon="-51.0921580">
    <ele>755.2</ele>
   </trkpt>
   <trkpt lat="-26.2257430" lon="-51.0921740">
    <ele>755.0</ele>
   </trkpt>
   <trkpt lat="-26.2256630" lon="-51.0922250">
    <ele>754.8</ele>
   </trkpt>
   <trkpt lat="-26.2256380" lon="-51.0922440">
    <ele>754.6</ele>
   </trkpt>
   <trkpt lat="-26.2255880" lon="-51.0922760">
    <ele>754.6</ele>
   </trkpt>
   <trkpt lat="-26.2254770" lon="-51.0923540">
    <ele>754.4</ele>
   </trkpt>
   <trkpt lat="-26.2254190" lon="-51.0923920">
    <ele>754.4</ele>
   </trkpt>
   <trkpt lat="-26.2253930" lon="-51.0924120">
    <ele>754.4</ele>
   </trkpt>
   <trkpt lat="-26.2253670" lon="-51.0924310">
    <ele>754.4</ele>
   </trkpt>
   <trkpt lat="-26.2252910" lon="-51.0924930">
    <ele>754.4</ele>
   </trkpt>
   <trkpt lat="-26.2252670" lon="-51.0925150">
    <ele>754.0</ele>
   </trkpt>
   <trkpt lat="-26.2251530" lon="-51.0925900">
    <ele>753.8</ele>
   </trkpt>
   <trkpt lat="-26.2251250" lon="-51.0926080">
    <ele>753.6</ele>
   </trkpt>
   <trkpt lat="-26.2250960" lon="-51.0926260">
    <ele>753.2</ele>
   </trkpt>
   <trkpt lat="-26.2250190" lon="-51.0926870">
    <ele>753.0</ele>
   </trkpt>
   <trkpt lat="-26.2250000" lon="-51.0927120">
    <ele>752.8</ele>
   </trkpt>
   <trkpt lat="-26.2249810" lon="-51.0927370">
    <ele>752.8</ele>
   </trkpt>
   <trkpt lat="-26.2249220" lon="-51.0928120">
    <ele>752.6</ele>
   </trkpt>
   <trkpt lat="-26.2249280" lon="-51.0928700">
    <ele>752.6</ele>
   </trkpt>
   <trkpt lat="-26.2249430" lon="-51.0929300">
    <ele>752.4</ele>
   </trkpt>
   <trkpt lat="-26.2249750" lon="-51.0930450">
    <ele>752.4</ele>
   </trkpt>
   <trkpt lat="-26.2249920" lon="-51.0930930">
    <ele>752.2</ele>
   </trkpt>
   <trkpt lat="-26.2250090" lon="-51.0931420">
    <ele>752.2</ele>
   </trkpt>
   <trkpt lat="-26.2250210" lon="-51.0931670">
    <ele>752.2</ele>
   </trkpt>
   <trkpt lat="-26.2250320" lon="-51.0931920">
    <ele>752.2</ele>
   </trkpt>
   <trkpt lat="-26.2250490" lon="-51.0932470">
    <ele>752.2</ele>
   </trkpt>
   <trkpt lat="-26.2250700" lon="-51.0933540">
    <ele>752.2</ele>
   </trkpt>
   <trkpt lat="-26.2250650" lon="-51.0933840">
    <ele>752.2</ele>
   </trkpt>
   <trkpt lat="-26.2250600" lon="-51.0934140">
    <ele>752.2</ele>
   </trkpt>
   <trkpt lat="-26.2250550" lon="-51.0934440">
    <ele>752.4</ele>
   </trkpt>
   <trkpt lat="-26.2250220" lon="-51.0934770">
    <ele>752.4</ele>
   </trkpt>
   <trkpt lat="-26.2249900" lon="-51.0935110">
    <ele>752.4</ele>
   </trkpt>
   <trkpt lat="-26.2249570" lon="-51.0935440">
    <ele>752.4</ele>
   </trkpt>
   <trkpt lat="-26.2249240" lon="-51.0935780">
    <ele>752.4</ele>
   </trkpt>
   <trkpt lat="-26.2248920" lon="-51.0936110">
    <ele>752.4</ele>
   </trkpt>
   <trkpt lat="-26.2248590" lon="-51.0936450">
    <ele>752.4</ele>
   </trkpt>
   <trkpt lat="-26.2248270" lon="-51.0936780">
    <ele>752.4</ele>
   </trkpt>
   <trkpt lat="-26.2247940" lon="-51.0937120">
    <ele>752.4</ele>
   </trkpt>
   <trkpt lat="-26.2247610" lon="-51.0937450">
    <ele>752.4</ele>
   </trkpt>
   <trkpt lat="-26.2247290" lon="-51.0937790">
    <ele>752.4</ele>
   </trkpt>
   <trkpt lat="-26.2246960" lon="-51.0938120">
    <ele>752.4</ele>
   </trkpt>
   <trkpt lat="-26.2246630" lon="-51.0938460">
    <ele>752.4</ele>
   </trkpt>
   <trkpt lat="-26.2246310" lon="-51.0938790">
    <ele>752.4</ele>
   </trkpt>
   <trkpt lat="-26.2246440" lon="-51.0939050">
    <ele>752.4</ele>
   </trkpt>
   <trkpt lat="-26.2246580" lon="-51.0939320">
    <ele>752.4</ele>
   </trkpt>
   <trkpt lat="-26.2247180" lon="-51.0939440">
    <ele>752.2</ele>
   </trkpt>
   <trkpt lat="-26.2247730" lon="-51.0939200">
    <ele>752.4</ele>
   </trkpt>
   <trkpt lat="-26.2248810" lon="-51.0938270">
    <ele>752.4</ele>
   </trkpt>
   <trkpt lat="-26.2249130" lon="-51.0938040">
    <ele>752.4</ele>
   </trkpt>
   <trkpt lat="-26.2249450" lon="-51.0937820">
    <ele>752.4</ele>
   </trkpt>
   <trkpt lat="-26.2249770" lon="-51.0937590">
    <ele>752.4</ele>
   </trkpt>
   <trkpt lat="-26.2250740" lon="-51.0936910">
    <ele>752.4</ele>
   </trkpt>
   <trkpt lat="-26.2251230" lon="-51.0936470">
    <ele>752.4</ele>
   </trkpt>
   <trkpt lat="-26.2251720" lon="-51.0936130">
    <ele>752.4</ele>
   </trkpt>
   <trkpt lat="-26.2251590" lon="-51.0935460">
    <ele>752.4</ele>
   </trkpt>
   <trkpt lat="-26.2251150" lon="-51.0935630">
    <ele>752.6</ele>
   </trkpt>
   <trkpt lat="-26.2250700" lon="-51.0935790">
    <ele>752.4</ele>
   </trkpt>
   <trkpt lat="-26.2250450" lon="-51.0936020">
    <ele>752.6</ele>
   </trkpt>
   <trkpt lat="-26.2250200" lon="-51.0936250">
    <ele>752.6</ele>
   </trkpt>
   <trkpt lat="-26.2249690" lon="-51.0936810">
    <ele>752.6</ele>
   </trkpt>
   <trkpt lat="-26.2248530" lon="-51.0937730">
    <ele>752.6</ele>
   </trkpt>
   <trkpt lat="-26.2248290" lon="-51.0937730">
    <ele>752.8</ele>
   </trkpt>
   <trkpt lat="-26.2248050" lon="-51.0937740">
    <ele>752.8</ele>
   </trkpt>
   <trkpt lat="-26.2247810" lon="-51.0937750">
    <ele>752.8</ele>
   </trkpt>
   <trkpt lat="-26.2247080" lon="-51.0937770">
    <ele>752.8</ele>
   </trkpt>
   <trkpt lat="-26.2247220" lon="-51.0937610">
    <ele>752.6</ele>
   </trkpt>
   <trkpt lat="-26.2247370" lon="-51.0937440">
    <ele>752.4</ele>
   </trkpt>
   <trkpt lat="-26.2247850" lon="-51.0937220">
    <ele>752.2</ele>
   </trkpt>
   <trkpt lat="-26.2248550" lon="-51.0936790">
    <ele>752.0</ele>
   </trkpt>
   <trkpt lat="-26.2249520" lon="-51.0936150">
    <ele>752.2</ele>
   </trkpt>
   <trkpt lat="-26.2249800" lon="-51.0935940">
    <ele>752.4</ele>
   </trkpt>
   <trkpt lat="-26.2250640" lon="-51.0935310">
    <ele>752.2</ele>
   </trkpt>
   <trkpt lat="-26.2250920" lon="-51.0935100">
    <ele>752.2</ele>
   </trkpt>
   <trkpt lat="-26.2251360" lon="-51.0934670">
    <ele>752.2</ele>
   </trkpt>
   <trkpt lat="-26.2251120" lon="-51.0934050">
    <ele>751.8</ele>
   </trkpt>
   <trkpt lat="-26.2250980" lon="-51.0934030">
    <ele>751.6</ele>
   </trkpt>
   <trkpt lat="-26.2250840" lon="-51.0934010">
    <ele>751.6</ele>
   </trkpt>
   <trkpt lat="-26.2250690" lon="-51.0933990">
    <ele>751.6</ele>
   </trkpt>
   <trkpt lat="-26.2250410" lon="-51.0934420">
    <ele>751.8</ele>
   </trkpt>
   <trkpt lat="-26.2250120" lon="-51.0934850">
    <ele>751.8</ele>
   </trkpt>
   <trkpt lat="-26.2249840" lon="-51.0935280">
    <ele>752.0</ele>
   </trkpt>
   <trkpt lat="-26.2249550" lon="-51.0935710">
    <ele>752.0</ele>
   </trkpt>
   <trkpt lat="-26.2249260" lon="-51.0936150">
    <ele>752.0</ele>
   </trkpt>
   <trkpt lat="-26.2248980" lon="-51.0936580">
    <ele>752.0</ele>
   </trkpt>
   <trkpt lat="-26.2248690" lon="-51.0937010">
    <ele>752.0</ele>
   </trkpt>
   <trkpt lat="-26.2248410" lon="-51.0937440">
    <ele>752.0</ele>
   </trkpt>
   <trkpt lat="-26.2248120" lon="-51.0937880">
    <ele>752.0</ele>
   </trkpt>
   <trkpt lat="-26.2247840" lon="-51.0938310">
    <ele>751.8</ele>
   </trkpt>
   <trkpt lat="-26.2247550" lon="-51.0938740">
    <ele>751.8</ele>
   </trkpt>
   <trkpt lat="-26.2247260" lon="-51.0939170">
    <ele>751.6</ele>
   </trkpt>
   <trkpt lat="-26.2247980" lon="-51.0938870">
    <ele>751.6</ele>
   </trkpt>
   <trkpt lat="-26.2248100" lon="-51.0938650">
    <ele>751.4</ele>
   </trkpt>
   <trkpt lat="-26.2248230" lon="-51.0938420">
    <ele>751.4</ele>
   </trkpt>
   <trkpt lat="-26.2248610" lon="-51.0937730">
    <ele>751.4</ele>
   </trkpt>
   <trkpt lat="-26.2248730" lon="-51.0937290">
    <ele>751.2</ele>
   </trkpt>
   <trkpt lat="-26.2248920" lon="-51.0936580">
    <ele>751.0</ele>
   </trkpt>
   <trkpt lat="-26.2249140" lon="-51.0936420">
    <ele>750.8</ele>
   </trkpt>
   <trkpt lat="-26.2249360" lon="-51.0936260">
    <ele>750.8</ele>
   </trkpt>
   <trkpt lat="-26.2249570" lon="-51.0936090">
    <ele>750.8</ele>
   </trkpt>
   <trkpt lat="-26.2249830" lon="-51.0936020">
    <ele>750.6</ele>
   </trkpt>
   <trkpt lat="-26.2250090" lon="-51.0935960">
    <ele>750.6</ele>
   </trkpt>
   <trkpt lat="-26.2250230" lon="-51.0935650">
    <ele>750.6</ele>
   </trkpt>
   <trkpt lat="-26.2250820" lon="-51.0935190">
    <ele>750.8</ele>
   </trkpt>
   <trkpt lat="-26.2250980" lon="-51.0935000">
    <ele>750.6</ele>
   </trkpt>
   <trkpt lat="-26.2251140" lon="-51.0934820">
    <ele>750.6</ele>
   </trkpt>
   <trkpt lat="-26.2251300" lon="-51.0934630">
    <ele>750.6</ele>
   </trkpt>
   <trkpt lat="-26.2251270" lon="-51.0934360">
    <ele>750.6</ele>
   </trkpt>
   <trkpt lat="-26.2251030" lon="-51.0934250">
    <ele>750.6</ele>
   </trkpt>
   <trkpt lat="-26.2250550" lon="-51.0934590">
    <ele>750.6</ele>
   </trkpt>
   <trkpt lat="-26.2250210" lon="-51.0934890">
    <ele>750.8</ele>
   </trkpt>
   <trkpt lat="-26.2249860" lon="-51.0935190">
    <ele>751.0</ele>
   </trkpt>
   <trkpt lat="-26.2249520" lon="-51.0935490">
    <ele>751.0</ele>
   </trkpt>
   <trkpt lat="-26.2249180" lon="-51.0935790">
    <ele>751.2</ele>
   </trkpt>
   <trkpt lat="-26.2248830" lon="-51.0936080">
    <ele>751.2</ele>
   </trkpt>
   <trkpt lat="-26.2248490" lon="-51.0936380">
    <ele>751.4</ele>
   </trkpt>
   <trkpt lat="-26.2248150" lon="-51.0936680">
    <ele>751.4</ele>
   </trkpt>
   <trkpt lat="-26.2247800" lon="-51.0936980">
    <ele>751.4</ele>
   </trkpt>
   <trkpt lat="-26.2247460" lon="-51.0937280">
    <ele>751.4</ele>
   </trkpt>
   <trkpt lat="-26.2247120" lon="-51.0937580">
    <ele>751.4</ele>
   </trkpt>
   <trkpt lat="-26.2246770" lon="-51.0937870">
    <ele>751.4</ele>
   </trkpt>
   <trkpt lat="-26.2246430" lon="-51.0938170">
    <ele>751.4</ele>
   </trkpt>
   <trkpt lat="-26.2246770" lon="-51.0938820">
    <ele>751.2</ele>
   </trkpt>
   <trkpt lat="-26.2247090" lon="-51.0938850">
    <ele>751.4</ele>
   </trkpt>
   <trkpt lat="-26.2248490" lon="-51.0938290">
    <ele>751.4</ele>
   </trkpt>
   <trkpt lat="-26.2248760" lon="-51.0938080">
    <ele>751.4</ele>
   </trkpt>
   <trkpt lat="-26.2249030" lon="-51.0937870">
    <ele>751.6</ele>
   </trkpt>
   <trkpt lat="-26.2249300" lon="-51.0937660">
    <ele>751.6</ele>
   </trkpt>
   <trkpt lat="-26.2250100" lon="-51.0937030">
    <ele>751.6</ele>
   </trkpt>
   <trkpt lat="-26.2250800" lon="-51.0936570">
    <ele>751.6</ele>
   </trkpt>
   <trkpt lat="-26.2251230" lon="-51.0936120">
    <ele>751.6</ele>
   </trkpt>
   <trkpt lat="-26.2251900" lon="-51.0935340">
    <ele>751.4</ele>
   </trkpt>
   <trkpt lat="-26.2251430" lon="-51.0935410">
    <ele>751.4</ele>
   </trkpt>
   <trkpt lat="-26.2250950" lon="-51.0935470">
    <ele>751.4</ele>
   </trkpt>
   <trkpt lat="-26.2250730" lon="-51.0935740">
    <ele>751.6</ele>
   </trkpt>
   <trkpt lat="-26.2250520" lon="-51.0936000">
    <ele>751.6</ele>
   </trkpt>
   <trkpt lat="-26.2250100" lon="-51.0936470">
    <ele>751.6</ele>
   </trkpt>
   <trkpt lat="-26.2248960" lon="-51.0937320">
    <ele>751.6</ele>
   </trkpt>
   <trkpt lat="-26.2248680" lon="-51.0937510">
    <ele>751.6</ele>
   </trkpt>
   <trkpt lat="-26.2248390" lon="-51.0937710">
    <ele>751.8</ele>
   </trkpt>
   <trkpt lat="-26.2248110" lon="-51.0937900">
    <ele>751.8</ele>
   </trkpt>
   <trkpt lat="-26.2247250" lon="-51.0938480">
    <ele>751.8</ele>
   </trkpt>
   <trkpt lat="-26.2246810" lon="-51.0938320">
    <ele>751.8</ele>
   </trkpt>
   <trkpt lat="-26.2246800" lon="-51.0937920">
    <ele>751.6</ele>
   </trkpt>
   <trkpt lat="-26.2247660" lon="-51.0937440">
    <ele>751.4</ele>
   </trkpt>
   <trkpt lat="-26.2247890" lon="-51.0937320">
    <ele>751.0</ele>
   </trkpt>
   <trkpt lat="-26.2248130" lon="-51.0937200">
    <ele>750.8</ele>
   </trkpt>
   <trkpt lat="-26.2248370" lon="-51.0937080">
    <ele>750.6</ele>
   </trkpt>
   <trkpt lat="-26.2249080" lon="-51.0936720">
    <ele>750.4</ele>
   </trkpt>
   <trkpt lat="-26.2249420" lon="-51.0936480">
    <ele>750.4</ele>
   </trkpt>
   <trkpt lat="-26.2250220" lon="-51.0935900">
    <ele>750.4</ele>
   </trkpt>
   <trkpt lat="-26.2250630" lon="-51.0935620">
    <ele>750.4</ele>
   </trkpt>
   <trkpt lat="-26.2250930" lon="-51.0935230">
    <ele>750.2</ele>
   </trkpt>
   <trkpt lat="-26.2251230" lon="-51.0934850">
    <ele>750.4</ele>
   </trkpt>
   <trkpt lat="-26.2251230" lon="-51.0934850">
    <ele>750.4</ele>
   </trkpt>
   <trkpt lat="-26.2251130" lon="-51.0934580">
    <ele>750.4</ele>
   </trkpt>
   <trkpt lat="-26.2250880" lon="-51.0934440">
    <ele>750.4</ele>
   </trkpt>
   <trkpt lat="-26.2250750" lon="-51.0934500">
    <ele>750.6</ele>
   </trkpt>
   <trkpt lat="-26.2250750" lon="-51.0934500">
    <ele>750.8</ele>
   </trkpt>
   <trkpt lat="-26.2250750" lon="-51.0934500">
    <ele>751.0</ele>
   </trkpt>
   <trkpt lat="-26.2250600" lon="-51.0934620">
    <ele>751.2</ele>
   </trkpt>
   <trkpt lat="-26.2250600" lon="-51.0934620">
    <ele>751.2</ele>
   </trkpt>
   <trkpt lat="-26.2250510" lon="-51.0934520">
    <ele>751.2</ele>
   </trkpt>
   <trkpt lat="-26.2250510" lon="-51.0934520">
    <ele>751.2</ele>
   </trkpt>
   <trkpt lat="-26.2250480" lon="-51.0934530">
    <ele>751.2</ele>
   </trkpt>
   <trkpt lat="-26.2250330" lon="-51.0934450">
    <ele>751.2</ele>
   </trkpt>
   <trkpt lat="-26.2250330" lon="-51.0934450">
    <ele>751.2</ele>
   </trkpt>
   <trkpt lat="-26.2246940" lon="-51.0937160">
    <ele>751.6</ele>
   </trkpt>
   <trkpt lat="-26.2246650" lon="-51.0937480">
    <ele>751.4</ele>
   </trkpt>
   <trkpt lat="-26.2246370" lon="-51.0937990">
    <ele>751.2</ele>
   </trkpt>
   <trkpt lat="-26.2246440" lon="-51.0938940">
    <ele>751.2</ele>
   </trkpt>
   <trkpt lat="-26.2246650" lon="-51.0939130">
    <ele>751.2</ele>
   </trkpt>
   <trkpt lat="-26.2246860" lon="-51.0939310">
    <ele>751.2</ele>
   </trkpt>
   <trkpt lat="-26.2247490" lon="-51.0939290">
    <ele>751.2</ele>
   </trkpt>
   <trkpt lat="-26.2248500" lon="-51.0938660">
    <ele>751.2</ele>
   </trkpt>
   <trkpt lat="-26.2248780" lon="-51.0938460">
    <ele>751.2</ele>
   </trkpt>
   <trkpt lat="-26.2249070" lon="-51.0938250">
    <ele>751.2</ele>
   </trkpt>
   <trkpt lat="-26.2249350" lon="-51.0938050">
    <ele>751.2</ele>
   </trkpt>
   <trkpt lat="-26.2250200" lon="-51.0937430">
    <ele>751.0</ele>
   </trkpt>
   <trkpt lat="-26.2250800" lon="-51.0937090">
    <ele>750.8</ele>
   </trkpt>
   <trkpt lat="-26.2251650" lon="-51.0936500">
    <ele>750.8</ele>
   </trkpt>
   <trkpt lat="-26.2251700" lon="-51.0936180">
    <ele>750.8</ele>
   </trkpt>
   <trkpt lat="-26.2251740" lon="-51.0935860">
    <ele>750.8</ele>
   </trkpt>
   <trkpt lat="-26.2251790" lon="-51.0935540">
    <ele>750.8</ele>
   </trkpt>
   <trkpt lat="-26.2251520" lon="-51.0935580">
    <ele>751.0</ele>
   </trkpt>
   <trkpt lat="-26.2251260" lon="-51.0935630">
    <ele>751.2</ele>
   </trkpt>
   <trkpt lat="-26.2250720" lon="-51.0936090">
    <ele>751.4</ele>
   </trkpt>
   <trkpt lat="-26.2249770" lon="-51.0936780">
    <ele>751.6</ele>
   </trkpt>
   <trkpt lat="-26.2249540" lon="-51.0936960">
    <ele>751.8</ele>
   </trkpt>
   <trkpt lat="-26.2249300" lon="-51.0937140">
    <ele>751.8</ele>
   </trkpt>
   <trkpt lat="-26.2249070" lon="-51.0937320">
    <ele>751.8</ele>
   </trkpt>
   <trkpt lat="-26.2248360" lon="-51.0937870">
    <ele>751.8</ele>
   </trkpt>
   <trkpt lat="-26.2247770" lon="-51.0938260">
    <ele>751.8</ele>
   </trkpt>
   <trkpt lat="-26.2247340" lon="-51.0938430">
    <ele>751.4</ele>
   </trkpt>
   <trkpt lat="-26.2246930" lon="-51.0937760">
    <ele>751.2</ele>
   </trkpt>
   <trkpt lat="-26.2247190" lon="-51.0937530">
    <ele>751.0</ele>
   </trkpt>
   <trkpt lat="-26.2247450" lon="-51.0937290">
    <ele>750.8</ele>
   </trkpt>
   <trkpt lat="-26.2247660" lon="-51.0937170">
    <ele>750.8</ele>
   </trkpt>
   <trkpt lat="-26.2247880" lon="-51.0937050">
    <ele>750.8</ele>
   </trkpt>
   <trkpt lat="-26.2248270" lon="-51.0936790">
    <ele>750.8</ele>
   </trkpt>
   <trkpt lat="-26.2249260" lon="-51.0936170">
    <ele>750.8</ele>
   </trkpt>
   <trkpt lat="-26.2249510" lon="-51.0936020">
    <ele>750.6</ele>
   </trkpt>
   <trkpt lat="-26.2249770" lon="-51.0935880">
    <ele>750.6</ele>
   </trkpt>
   <trkpt lat="-26.2250430" lon="-51.0935440">
    <ele>750.6</ele>
   </trkpt>
   <trkpt lat="-26.2250590" lon="-51.0935300">
    <ele>750.6</ele>
   </trkpt>
   <trkpt lat="-26.2250920" lon="-51.0934960">
    <ele>750.4</ele>
   </trkpt>
   <trkpt lat="-26.2251310" lon="-51.0934670">
    <ele>750.4</ele>
   </trkpt>
   <trkpt lat="-26.2251230" lon="-51.0934140">
    <ele>750.4</ele>
   </trkpt>
   <trkpt lat="-26.2251010" lon="-51.0934130">
    <ele>750.4</ele>
   </trkpt>
   <trkpt lat="-26.2250790" lon="-51.0934120">
    <ele>750.4</ele>
   </trkpt>
   <trkpt lat="-26.2250790" lon="-51.0934120">
    <ele>750.4</ele>
   </trkpt>
   <trkpt lat="-26.2250600" lon="-51.0934100">
    <ele>750.8</ele>
   </trkpt>
   <trkpt lat="-26.2250500" lon="-51.0934190">
    <ele>751.0</ele>
   </trkpt>
   <trkpt lat="-26.2250500" lon="-51.0934190">
    <ele>751.0</ele>
   </trkpt>
   <trkpt lat="-26.2250500" lon="-51.0934190">
    <ele>751.2</ele>
   </trkpt>
   <trkpt lat="-26.2250680" lon="-51.0934260">
    <ele>751.2</ele>
   </trkpt>
   <trkpt lat="-26.2250280" lon="-51.0934780">
    <ele>751.2</ele>
   </trkpt>
   <trkpt lat="-26.2249880" lon="-51.0935300">
    <ele>751.2</ele>
   </trkpt>
   <trkpt lat="-26.2249490" lon="-51.0935820">
    <ele>751.2</ele>
   </trkpt>
   <trkpt lat="-26.2249090" lon="-51.0936340">
    <ele>751.2</ele>
   </trkpt>
   <trkpt lat="-26.2248690" lon="-51.0936860">
    <ele>751.2</ele>
   </trkpt>
   <trkpt lat="-26.2248290" lon="-51.0937380">
    <ele>751.4</ele>
   </trkpt>
   <trkpt lat="-26.2247890" lon="-51.0937900">
    <ele>751.2</ele>
   </trkpt>
   <trkpt lat="-26.2247500" lon="-51.0938420">
    <ele>751.2</ele>
   </trkpt>
   <trkpt lat="-26.2247100" lon="-51.0938940">
    <ele>751.2</ele>
   </trkpt>
   <trkpt lat="-26.2247950" lon="-51.0938930">
    <ele>751.2</ele>
   </trkpt>
   <trkpt lat="-26.2248990" lon="-51.0938040">
    <ele>751.4</ele>
   </trkpt>
   <trkpt lat="-26.2249250" lon="-51.0937820">
    <ele>751.4</ele>
   </trkpt>
   <trkpt lat="-26.2249510" lon="-51.0937610">
    <ele>751.4</ele>
   </trkpt>
   <trkpt lat="-26.2250120" lon="-51.0936860">
    <ele>751.4</ele>
   </trkpt>
   <trkpt lat="-26.2250200" lon="-51.0936550">
    <ele>751.4</ele>
   </trkpt>
   <trkpt lat="-26.2250450" lon="-51.0935970">
    <ele>751.2</ele>
   </trkpt>
   <trkpt lat="-26.2250940" lon="-51.0935090">
    <ele>751.0</ele>
   </trkpt>
   <trkpt lat="-26.2250960" lon="-51.0934860">
    <ele>751.0</ele>
   </trkpt>
   <trkpt lat="-26.2250990" lon="-51.0934630">
    <ele>750.8</ele>
   </trkpt>
   <trkpt lat="-26.2251010" lon="-51.0934400">
    <ele>750.6</ele>
   </trkpt>
   <trkpt lat="-26.2251010" lon="-51.0934400">
    <ele>750.2</ele>
   </trkpt>
   <trkpt lat="-26.2250940" lon="-51.0934370">
    <ele>750.2</ele>
   </trkpt>
   <trkpt lat="-26.2250700" lon="-51.0934430">
    <ele>750.2</ele>
   </trkpt>
   <trkpt lat="-26.2250700" lon="-51.0934430">
    <ele>750.4</ele>
   </trkpt>
   <trkpt lat="-26.2250500" lon="-51.0934400">
    <ele>750.8</ele>
   </trkpt>
   <trkpt lat="-26.2250200" lon="-51.0934620">
    <ele>751.0</ele>
   </trkpt>
   <trkpt lat="-26.2249900" lon="-51.0934840">
    <ele>751.0</ele>
   </trkpt>
   <trkpt lat="-26.2249600" lon="-51.0935060">
    <ele>751.0</ele>
   </trkpt>
   <trkpt lat="-26.2249300" lon="-51.0935280">
    <ele>751.2</ele>
   </trkpt>
   <trkpt lat="-26.2249000" lon="-51.0935500">
    <ele>751.2</ele>
   </trkpt>
   <trkpt lat="-26.2248700" lon="-51.0935720">
    <ele>751.2</ele>
   </trkpt>
   <trkpt lat="-26.2248400" lon="-51.0935940">
    <ele>751.2</ele>
   </trkpt>
   <trkpt lat="-26.2248100" lon="-51.0936160">
    <ele>751.2</ele>
   </trkpt>
   <trkpt lat="-26.2247800" lon="-51.0936380">
    <ele>751.2</ele>
   </trkpt>
   <trkpt lat="-26.2247500" lon="-51.0936590">
    <ele>751.0</ele>
   </trkpt>
   <trkpt lat="-26.2247200" lon="-51.0936810">
    <ele>751.2</ele>
   </trkpt>
   <trkpt lat="-26.2246900" lon="-51.0937030">
    <ele>751.4</ele>
   </trkpt>
   <trkpt lat="-26.2246530" lon="-51.0937570">
    <ele>751.4</ele>
   </trkpt>
   <trkpt lat="-26.2246270" lon="-51.0938140">
    <ele>751.2</ele>
   </trkpt>
   <trkpt lat="-26.2246440" lon="-51.0938760">
    <ele>751.2</ele>
   </trkpt>
   <trkpt lat="-26.2247520" lon="-51.0939180">
    <ele>751.0</ele>
   </trkpt>
   <trkpt lat="-26.2247840" lon="-51.0939000">
    <ele>751.0</ele>
   </trkpt>
   <trkpt lat="-26.2248150" lon="-51.0938830">
    <ele>751.0</ele>
   </trkpt>
   <trkpt lat="-26.2248460" lon="-51.0938660">
    <ele>751.2</ele>
   </trkpt>
   <trkpt lat="-26.2249400" lon="-51.0938150">
    <ele>751.2</ele>
   </trkpt>
   <trkpt lat="-26.2250060" lon="-51.0937730">
    <ele>751.4</ele>
   </trkpt>
   <trkpt lat="-26.2250670" lon="-51.0937240">
    <ele>751.6</ele>
   </trkpt>
   <trkpt lat="-26.2251790" lon="-51.0936270">
    <ele>751.6</ele>
   </trkpt>
   <trkpt lat="-26.2251940" lon="-51.0936020">
    <ele>751.6</ele>
   </trkpt>
   <trkpt lat="-26.2252090" lon="-51.0935780">
    <ele>751.6</ele>
   </trkpt>
   <trkpt lat="-26.2251880" lon="-51.0935510">
    <ele>751.6</ele>
   </trkpt>
   <trkpt lat="-26.2251670" lon="-51.0935250">
    <ele>751.6</ele>
   </trkpt>
   <trkpt lat="-26.2251220" lon="-51.0935130">
    <ele>751.4</ele>
   </trkpt>
   <trkpt lat="-26.2250410" lon="-51.0934860">
    <ele>751.0</ele>
   </trkpt>
   <trkpt lat="-26.2250320" lon="-51.0934740">
    <ele>750.8</ele>
   </trkpt>
   <trkpt lat="-26.2250220" lon="-51.0934630">
    <ele>750.8</ele>
   </trkpt>
   <trkpt lat="-26.2250120" lon="-51.0934520">
    <ele>750.6</ele>
   </trkpt>
   <trkpt lat="-26.2249850" lon="-51.0934390">
    <ele>750.6</ele>
   </trkpt>
   <trkpt lat="-26.2249790" lon="-51.0934410">
    <ele>750.6</ele>
   </trkpt>
   <trkpt lat="-26.2249730" lon="-51.0934430">
    <ele>750.4</ele>
   </trkpt>
   <trkpt lat="-26.2249610" lon="-51.0934440">
    <ele>750.4</ele>
   </trkpt>
   <trkpt lat="-26.2249610" lon="-51.0934440">
    <ele>750.4</ele>
   </trkpt>
   <trkpt lat="-26.2249630" lon="-51.0934460">
    <ele>750.4</ele>
   </trkpt>
   <trkpt lat="-26.2249630" lon="-51.0934460">
    <ele>750.4</ele>
   </trkpt>
   <trkpt lat="-26.2249620" lon="-51.0934540">
    <ele>750.4</ele>
   </trkpt>
   <trkpt lat="-26.2249780" lon="-51.0934570">
    <ele>750.4</ele>
   </trkpt>
   <trkpt lat="-26.2249780" lon="-51.0934570">
    <ele>750.4</ele>
   </trkpt>
   <trkpt lat="-26.2249780" lon="-51.0934570">
    <ele>750.4</ele>
   </trkpt>
   <trkpt lat="-26.2249900" lon="-51.0934700">
    <ele>750.4</ele>
   </trkpt>
   <trkpt lat="-26.2250320" lon="-51.0935020">
    <ele>750.4</ele>
   </trkpt>
   <trkpt lat="-26.2250320" lon="-51.0935020">
    <ele>750.4</ele>
   </trkpt>
   <trkpt lat="-26.2250400" lon="-51.0934920">
    <ele>750.4</ele>
   </trkpt>
   <trkpt lat="-26.2250600" lon="-51.0934640">
    <ele>750.4</ele>
   </trkpt>
   <trkpt lat="-26.2250600" lon="-51.0934640">
    <ele>750.6</ele>
   </trkpt>
   <trkpt lat="-26.2250590" lon="-51.0934630">
    <ele>750.6</ele>
   </trkpt>
   <trkpt lat="-26.2250510" lon="-51.0934560">
    <ele>750.8</ele>
   </trkpt>
   <trkpt lat="-26.2250550" lon="-51.0934740">
    <ele>750.8</ele>
   </trkpt>
   <trkpt lat="-26.2250550" lon="-51.0934740">
    <ele>750.8</ele>
   </trkpt>
   <trkpt lat="-26.2250550" lon="-51.0934740">
    <ele>750.8</ele>
   </trkpt>
   <trkpt lat="-26.2250530" lon="-51.0934940">
    <ele>750.8</ele>
   </trkpt>
   <trkpt lat="-26.2250460" lon="-51.0934900">
    <ele>750.8</ele>
   </trkpt>
   <trkpt lat="-26.2250380" lon="-51.0934900">
    <ele>750.8</ele>
   </trkpt>
   <trkpt lat="-26.2247940" lon="-51.0936120">
    <ele>751.4</ele>
   </trkpt>
   <trkpt lat="-26.2247840" lon="-51.0936210">
    <ele>751.6</ele>
   </trkpt>
   <trkpt lat="-26.2247840" lon="-51.0936210">
    <ele>751.6</ele>
   </trkpt>
   <trkpt lat="-26.2247840" lon="-51.0936210">
    <ele>751.6</ele>
   </trkpt>
   <trkpt lat="-26.2247900" lon="-51.0936270">
    <ele>751.6</ele>
   </trkpt>
   <trkpt lat="-26.2247900" lon="-51.0936270">
    <ele>751.6</ele>
   </trkpt>
   <trkpt lat="-26.2247830" lon="-51.0936510">
    <ele>751.6</ele>
   </trkpt>
   <trkpt lat="-26.2247830" lon="-51.0936510">
    <ele>751.6</ele>
   </trkpt>
   <trkpt lat="-26.2247850" lon="-51.0936750">
    <ele>751.6</ele>
   </trkpt>
   <trkpt lat="-26.2248370" lon="-51.0937200">
    <ele>751.6</ele>
   </trkpt>
   <trkpt lat="-26.2248920" lon="-51.0937660">
    <ele>751.6</ele>
   </trkpt>
   <trkpt lat="-26.2249460" lon="-51.0938120">
    <ele>751.8</ele>
   </trkpt>
   <trkpt lat="-26.2250210" lon="-51.0937600">
    <ele>752.0</ele>
   </trkpt>
   <trkpt lat="-26.2250390" lon="-51.0937460">
    <ele>751.8</ele>
   </trkpt>
   <trkpt lat="-26.2250560" lon="-51.0937320">
    <ele>751.8</ele>
   </trkpt>
   <trkpt lat="-26.2250580" lon="-51.0937320">
    <ele>751.4</ele>
   </trkpt>
   <trkpt lat="-26.2250590" lon="-51.0937280">
    <ele>751.2</ele>
   </trkpt>
   <trkpt lat="-26.2250710" lon="-51.0937120">
    <ele>751.0</ele>
   </trkpt>
   <trkpt lat="-26.2250500" lon="-51.0937330">
    <ele>751.0</ele>
   </trkpt>
   <trkpt lat="-26.2250360" lon="-51.0937380">
    <ele>751.0</ele>
   </trkpt>
   <trkpt lat="-26.2250230" lon="-51.0937420">
    <ele>751.0</ele>
   </trkpt>
   <trkpt lat="-26.2250020" lon="-51.0937450">
    <ele>751.0</ele>
   </trkpt>
   <trkpt lat="-26.2249810" lon="-51.0937480">
    <ele>751.0</ele>
   </trkpt>
   <trkpt lat="-26.2249650" lon="-51.0937550">
    <ele>751.0</ele>
   </trkpt>
   <trkpt lat="-26.2247940" lon="-51.0938860">
    <ele>751.0</ele>
   </trkpt>
   <trkpt lat="-26.2247870" lon="-51.0939180">
    <ele>751.0</ele>
   </trkpt>
   <trkpt lat="-26.2247900" lon="-51.0939220">
    <ele>751.0</ele>
   </trkpt>
   <trkpt lat="-26.2247820" lon="-51.0939220">
    <ele>751.0</ele>
   </trkpt>
   <trkpt lat="-26.2247820" lon="-51.0939220">
    <ele>751.0</ele>
   </trkpt>
   <trkpt lat="-26.2247800" lon="-51.0939210">
    <ele>750.8</ele>
   </trkpt>
   <trkpt lat="-26.2247830" lon="-51.0939170">
    <ele>750.8</ele>
   </trkpt>
   <trkpt lat="-26.2248010" lon="-51.0939350">
    <ele>751.0</ele>
   </trkpt>
   <trkpt lat="-26.2248010" lon="-51.0939350">
    <ele>751.0</ele>
   </trkpt>
   <trkpt lat="-26.2248080" lon="-51.0939270">
    <ele>751.0</ele>
   </trkpt>
   <trkpt lat="-26.2248120" lon="-51.0939240">
    <ele>751.0</ele>
   </trkpt>
   <trkpt lat="-26.2246980" lon="-51.0937510">
    <ele>751.4</ele>
   </trkpt>
   <trkpt lat="-26.2247210" lon="-51.0937330">
    <ele>751.4</ele>
   </trkpt>
   <trkpt lat="-26.2247470" lon="-51.0937130">
    <ele>751.4</ele>
   </trkpt>
   <trkpt lat="-26.2247710" lon="-51.0936950">
    <ele>751.6</ele>
   </trkpt>
   <trkpt lat="-26.2247870" lon="-51.0936810">
    <ele>751.8</ele>
   </trkpt>
   <trkpt lat="-26.2248030" lon="-51.0936730">
    <ele>752.0</ele>
   </trkpt>
   <trkpt lat="-26.2248190" lon="-51.0936650">
    <ele>752.4</ele>
   </trkpt>
   <trkpt lat="-26.2248150" lon="-51.0936490">
    <ele>752.6</ele>
   </trkpt>
   <trkpt lat="-26.2248100" lon="-51.0936340">
    <ele>752.6</ele>
   </trkpt>
   <trkpt lat="-26.2248050" lon="-51.0936180">
    <ele>752.6</ele>
   </trkpt>
   <trkpt lat="-26.2247900" lon="-51.0936020">
    <ele>752.8</ele>
   </trkpt>
   <trkpt lat="-26.2247790" lon="-51.0936040">
    <ele>752.8</ele>
   </trkpt>
   <trkpt lat="-26.2247790" lon="-51.0936040">
    <ele>752.8</ele>
   </trkpt>
   <trkpt lat="-26.2247620" lon="-51.0936210">
    <ele>752.8</ele>
   </trkpt>
   <trkpt lat="-26.2247710" lon="-51.0936190">
    <ele>752.8</ele>
   </trkpt>
   <trkpt lat="-26.2247880" lon="-51.0936310">
    <ele>752.8</ele>
   </trkpt>
   <trkpt lat="-26.2247880" lon="-51.0936310">
    <ele>752.8</ele>
   </trkpt>
   <trkpt lat="-26.2248000" lon="-51.0936290">
    <ele>752.6</ele>
   </trkpt>
   <trkpt lat="-26.2248000" lon="-51.0936290">
    <ele>752.6</ele>
   </trkpt>
   <trkpt lat="-26.2248000" lon="-51.0936290">
    <ele>752.6</ele>
   </trkpt>
   <trkpt lat="-26.2247930" lon="-51.0936270">
    <ele>752.6</ele>
   </trkpt>
   <trkpt lat="-26.2247890" lon="-51.0936300">
    <ele>752.8</ele>
   </trkpt>
   <trkpt lat="-26.2249570" lon="-51.0937860">
    <ele>752.8</ele>
   </trkpt>
   <trkpt lat="-26.2249900" lon="-51.0937630">
    <ele>753.0</ele>
   </trkpt>
   <trkpt lat="-26.2250220" lon="-51.0937400">
    <ele>753.2</ele>
   </trkpt>
   <trkpt lat="-26.2251170" lon="-51.0936710">
    <ele>753.4</ele>
   </trkpt>
   <trkpt lat="-26.2251460" lon="-51.0936480">
    <ele>753.2</ele>
   </trkpt>
   <trkpt lat="-26.2251990" lon="-51.0935700">
    <ele>753.2</ele>
   </trkpt>
   <trkpt lat="-26.2251940" lon="-51.0935380">
    <ele>753.0</ele>
   </trkpt>
   <trkpt lat="-26.2251580" lon="-51.0935200">
    <ele>752.8</ele>
   </trkpt>
   <trkpt lat="-26.2251300" lon="-51.0935040">
    <ele>752.6</ele>
   </trkpt>
   <trkpt lat="-26.2251300" lon="-51.0935040">
    <ele>752.2</ele>
   </trkpt>
   <trkpt lat="-26.2251240" lon="-51.0934950">
    <ele>752.0</ele>
   </trkpt>
   <trkpt lat="-26.2251240" lon="-51.0934950">
    <ele>751.8</ele>
   </trkpt>
   <trkpt lat="-26.2251220" lon="-51.0935010">
    <ele>751.8</ele>
   </trkpt>
   <trkpt lat="-26.2251280" lon="-51.0935120">
    <ele>751.8</ele>
   </trkpt>
   <trkpt lat="-26.2251280" lon="-51.0935120">
    <ele>751.8</ele>
   </trkpt>
   <trkpt lat="-26.2251300" lon="-51.0935100">
    <ele>751.8</ele>
   </trkpt>
   <trkpt lat="-26.2251300" lon="-51.0935100">
    <ele>751.8</ele>
   </trkpt>
   <trkpt lat="-26.2251220" lon="-51.0935090">
    <ele>751.8</ele>
   </trkpt>
   <trkpt lat="-26.2251240" lon="-51.0935040">
    <ele>751.8</ele>
   </trkpt>
   <trkpt lat="-26.2251240" lon="-51.0935040">
    <ele>751.8</ele>
   </trkpt>
   <trkpt lat="-26.2250570" lon="-51.0932850">
    <ele>751.2</ele>
   </trkpt>
   <trkpt lat="-26.2250670" lon="-51.0932720">
    <ele>751.2</ele>
   </trkpt>
   <trkpt lat="-26.2250630" lon="-51.0932520">
    <ele>751.2</ele>
   </trkpt>
   <trkpt lat="-26.2250560" lon="-51.0932180">
    <ele>751.4</ele>
   </trkpt>
   <trkpt lat="-26.2250560" lon="-51.0932180">
    <ele>751.4</ele>
   </trkpt>
   <trkpt lat="-26.2250420" lon="-51.0932030">
    <ele>751.4</ele>
   </trkpt>
   <trkpt lat="-26.2250330" lon="-51.0931830">
    <ele>751.4</ele>
   </trkpt>
   <trkpt lat="-26.2250280" lon="-51.0931740">
    <ele>751.4</ele>
   </trkpt>
   <trkpt lat="-26.2250070" lon="-51.0931310">
    <ele>751.4</ele>
   </trkpt>
   <trkpt lat="-26.2250070" lon="-51.0931310">
    <ele>751.4</ele>
   </trkpt>
   <trkpt lat="-26.2250010" lon="-51.0931080">
    <ele>751.4</ele>
   </trkpt>
   <trkpt lat="-26.2249870" lon="-51.0930830">
    <ele>751.4</ele>
   </trkpt>
   <trkpt lat="-26.2249710" lon="-51.0930550">
    <ele>751.4</ele>
   </trkpt>
   <trkpt lat="-26.2249480" lon="-51.0930130">
    <ele>751.6</ele>
   </trkpt>
   <trkpt lat="-26.2249480" lon="-51.0930130">
    <ele>751.6</ele>
   </trkpt>
   <trkpt lat="-26.2249280" lon="-51.0929930">
    <ele>751.6</ele>
   </trkpt>
   <trkpt lat="-26.2249150" lon="-51.0929730">
    <ele>751.6</ele>
   </trkpt>
   <trkpt lat="-26.2249020" lon="-51.0929480">
    <ele>751.6</ele>
   </trkpt>
   <trkpt lat="-26.2248760" lon="-51.0929050">
    <ele>751.6</ele>
   </trkpt>
   <trkpt lat="-26.2248760" lon="-51.0929050">
    <ele>751.6</ele>
   </trkpt>
   <trkpt lat="-26.2248620" lon="-51.0928780">
    <ele>751.6</ele>
   </trkpt>
   <trkpt lat="-26.2248550" lon="-51.0928550">
    <ele>751.8</ele>
   </trkpt>
   <trkpt lat="-26.2248400" lon="-51.0928360">
    <ele>751.8</ele>
   </trkpt>
   <trkpt lat="-26.2248130" lon="-51.0927770">
    <ele>751.8</ele>
   </trkpt>
   <trkpt lat="-26.2248130" lon="-51.0927770">
    <ele>751.8</ele>
   </trkpt>
   <trkpt lat="-26.2247950" lon="-51.0927490">
    <ele>751.8</ele>
   </trkpt>
   <trkpt lat="-26.2247780" lon="-51.0927160">
    <ele>751.8</ele>
   </trkpt>
   <trkpt lat="-26.2247570" lon="-51.0926760">
    <ele>751.8</ele>
   </trkpt>
   <trkpt lat="-26.2247400" lon="-51.0926430">
    <ele>751.8</ele>
   </trkpt>
   <trkpt lat="-26.2246930" lon="-51.0925860">
    <ele>752.0</ele>
   </trkpt>
   <trkpt lat="-26.2246930" lon="-51.0925860">
    <ele>752.0</ele>
   </trkpt>
   <trkpt lat="-26.2246760" lon="-51.0925540">
    <ele>752.0</ele>
   </trkpt>
   <trkpt lat="-26.2246550" lon="-51.0925120">
    <ele>752.0</ele>
   </trkpt>
   <trkpt lat="-26.2246420" lon="-51.0924630">
    <ele>752.0</ele>
   </trkpt>
   <trkpt lat="-26.2246250" lon="-51.0924270">
    <ele>752.0</ele>
   </trkpt>
   <trkpt lat="-26.2245730" lon="-51.0923740">
    <ele>752.0</ele>
   </trkpt>
   <trkpt lat="-26.2245640" lon="-51.0923530">
    <ele>752.0</ele>
   </trkpt>
   <trkpt lat="-26.2245540" lon="-51.0923320">
    <ele>752.0</ele>
   </trkpt>
   <trkpt lat="-26.2245370" lon="-51.0922940">
    <ele>752.0</ele>
   </trkpt>
   <trkpt lat="-26.2245150" lon="-51.0922530">
    <ele>752.2</ele>
   </trkpt>
   <trkpt lat="-26.2244950" lon="-51.0922160">
    <ele>752.2</ele>
   </trkpt>
   <trkpt lat="-26.2244690" lon="-51.0921780">
    <ele>752.2</ele>
   </trkpt>
   <trkpt lat="-26.2244280" lon="-51.0921030">
    <ele>752.2</ele>
   </trkpt>
   <trkpt lat="-26.2244280" lon="-51.0921030">
    <ele>752.4</ele>
   </trkpt>
   <trkpt lat="-26.2244070" lon="-51.0920740">
    <ele>752.4</ele>
   </trkpt>
   <trkpt lat="-26.2243770" lon="-51.0920520">
    <ele>752.4</ele>
   </trkpt>
   <trkpt lat="-26.2243570" lon="-51.0920220">
    <ele>752.4</ele>
   </trkpt>
   <trkpt lat="-26.2243350" lon="-51.0919880">
    <ele>752.4</ele>
   </trkpt>
   <trkpt lat="-26.2243140" lon="-51.0919570">
    <ele>752.4</ele>
   </trkpt>
   <trkpt lat="-26.2242820" lon="-51.0918910">
    <ele>752.4</ele>
   </trkpt>
   <trkpt lat="-26.2242820" lon="-51.0918910">
    <ele>752.6</ele>
   </trkpt>
   <trkpt lat="-26.2242680" lon="-51.0918590">
    <ele>752.6</ele>
   </trkpt>
   <trkpt lat="-26.2242500" lon="-51.0918250">
    <ele>752.6</ele>
   </trkpt>
   <trkpt lat="-26.2242250" lon="-51.0917930">
    <ele>752.8</ele>
   </trkpt>
   <trkpt lat="-26.2242080" lon="-51.0917670">
    <ele>752.8</ele>
   </trkpt>
   <trkpt lat="-26.2241650" lon="-51.0917000">
    <ele>752.8</ele>
   </trkpt>
   <trkpt lat="-26.2241410" lon="-51.0916640">
    <ele>752.6</ele>
   </trkpt>
   <trkpt lat="-26.2241160" lon="-51.0916280">
    <ele>752.6</ele>
   </trkpt>
   <trkpt lat="-26.2240890" lon="-51.0915830">
    <ele>752.6</ele>
   </trkpt>
   <trkpt lat="-26.2240770" lon="-51.0915680">
    <ele>752.6</ele>
   </trkpt>
   <trkpt lat="-26.2240650" lon="-51.0915520">
    <ele>752.6</ele>
   </trkpt>
   <trkpt lat="-26.2240390" lon="-51.0915210">
    <ele>752.8</ele>
   </trkpt>
   <trkpt lat="-26.2240290" lon="-51.0914820">
    <ele>752.8</ele>
   </trkpt>
   <trkpt lat="-26.2239840" lon="-51.0914170">
    <ele>752.8</ele>
   </trkpt>
   <trkpt lat="-26.2239740" lon="-51.0913980">
    <ele>752.8</ele>
   </trkpt>
   <trkpt lat="-26.2239630" lon="-51.0913790">
    <ele>753.0</ele>
   </trkpt>
   <trkpt lat="-26.2239430" lon="-51.0913490">
    <ele>753.0</ele>
   </trkpt>
   <trkpt lat="-26.2239240" lon="-51.0913070">
    <ele>753.0</ele>
   </trkpt>
   <trkpt lat="-26.2239010" lon="-51.0912730">
    <ele>753.2</ele>
   </trkpt>
   <trkpt lat="-26.2238850" lon="-51.0912440">
    <ele>753.2</ele>
   </trkpt>
   <trkpt lat="-26.2238530" lon="-51.0911860">
    <ele>753.2</ele>
   </trkpt>
   <trkpt lat="-26.2238440" lon="-51.0911640">
    <ele>753.4</ele>
   </trkpt>
   <trkpt lat="-26.2238360" lon="-51.0911420">
    <ele>753.4</ele>
   </trkpt>
   <trkpt lat="-26.2238080" lon="-51.0911020">
    <ele>753.4</ele>
   </trkpt>
   <trkpt lat="-26.2237890" lon="-51.0910640">
    <ele>753.4</ele>
   </trkpt>
   <trkpt lat="-26.2237600" lon="-51.0910260">
    <ele>753.4</ele>
   </trkpt>
   <trkpt lat="-26.2237070" lon="-51.0909520">
    <ele>753.4</ele>
   </trkpt>
   <trkpt lat="-26.2236970" lon="-51.0909320">
    <ele>753.4</ele>
   </trkpt>
   <trkpt lat="-26.2236870" lon="-51.0909130">
    <ele>753.6</ele>
   </trkpt>
   <trkpt lat="-26.2236660" lon="-51.0908800">
    <ele>753.6</ele>
   </trkpt>
   <trkpt lat="-26.2236430" lon="-51.0908460">
    <ele>753.6</ele>
   </trkpt>
   <trkpt lat="-26.2235950" lon="-51.0907700">
    <ele>753.6</ele>
   </trkpt>
   <trkpt lat="-26.2235740" lon="-51.0907350">
    <ele>753.6</ele>
   </trkpt>
   <trkpt lat="-26.2235530" lon="-51.0907000">
    <ele>753.6</ele>
   </trkpt>
   <trkpt lat="-26.2235530" lon="-51.0907000">
    <ele>753.6</ele>
   </trkpt>
   <trkpt lat="-26.2235320" lon="-51.0906680">
    <ele>753.8</ele>
   </trkpt>
   <trkpt lat="-26.2235140" lon="-51.0906340">
    <ele>753.8</ele>
   </trkpt>
   <trkpt lat="-26.2234930" lon="-51.0906000">
    <ele>753.8</ele>
   </trkpt>
   <trkpt lat="-26.2234530" lon="-51.0905300">
    <ele>753.8</ele>
   </trkpt>
   <trkpt lat="-26.2234310" lon="-51.0904920">
    <ele>754.0</ele>
   </trkpt>
   <trkpt lat="-26.2234310" lon="-51.0904920">
    <ele>754.0</ele>
   </trkpt>
   <trkpt lat="-26.2234100" lon="-51.0904620">
    <ele>754.0</ele>
   </trkpt>
   <trkpt lat="-26.2233810" lon="-51.0904240">
    <ele>754.0</ele>
   </trkpt>
   <trkpt lat="-26.2233630" lon="-51.0903870">
    <ele>754.0</ele>
   </trkpt>
   <trkpt lat="-26.2233190" lon="-51.0903060">
    <ele>754.0</ele>
   </trkpt>
   <trkpt lat="-26.2233060" lon="-51.0902800">
    <ele>754.0</ele>
   </trkpt>
   <trkpt lat="-26.2232940" lon="-51.0902540">
    <ele>754.0</ele>
   </trkpt>
   <trkpt lat="-26.2232810" lon="-51.0902280">
    <ele>754.0</ele>
   </trkpt>
   <trkpt lat="-26.2232550" lon="-51.0901890">
    <ele>754.0</ele>
   </trkpt>
   <trkpt lat="-26.2232380" lon="-51.0901480">
    <ele>754.0</ele>
   </trkpt>
   <trkpt lat="-26.2232140" lon="-51.0901100">
    <ele>754.2</ele>
   </trkpt>
   <trkpt lat="-26.2231640" lon="-51.0900430">
    <ele>754.2</ele>
   </trkpt>
   <trkpt lat="-26.2231380" lon="-51.0900140">
    <ele>754.2</ele>
   </trkpt>
   <trkpt lat="-26.2231230" lon="-51.0899940">
    <ele>754.4</ele>
   </trkpt>
   <trkpt lat="-26.2231080" lon="-51.0899740">
    <ele>754.4</ele>
   </trkpt>
   <trkpt lat="-26.2230800" lon="-51.0899300">
    <ele>754.4</ele>
   </trkpt>
   <trkpt lat="-26.2230560" lon="-51.0898910">
    <ele>754.4</ele>
   </trkpt>
   <trkpt lat="-26.2230110" lon="-51.0898090">
    <ele>754.4</ele>
   </trkpt>
   <trkpt lat="-26.2229830" lon="-51.0897680">
    <ele>754.4</ele>
   </trkpt>
   <trkpt lat="-26.2229550" lon="-51.0897270">
    <ele>754.4</ele>
   </trkpt>
   <trkpt lat="-26.2229430" lon="-51.0897060">
    <ele>754.2</ele>
   </trkpt>
   <trkpt lat="-26.2229310" lon="-51.0896840">
    <ele>754.4</ele>
   </trkpt>
   <trkpt lat="-26.2229010" lon="-51.0896410">
    <ele>754.4</ele>
   </trkpt>
   <trkpt lat="-26.2228770" lon="-51.0896010">
    <ele>754.4</ele>
   </trkpt>
   <trkpt lat="-26.2228250" lon="-51.0895200">
    <ele>754.4</ele>
   </trkpt>
   <trkpt lat="-26.2228060" lon="-51.0894900">
    <ele>754.4</ele>
   </trkpt>
   <trkpt lat="-26.2227870" lon="-51.0894600">
    <ele>754.2</ele>
   </trkpt>
   <trkpt lat="-26.2227680" lon="-51.0894300">
    <ele>754.2</ele>
   </trkpt>
   <trkpt lat="-26.2227110" lon="-51.0893410">
    <ele>754.4</ele>
   </trkpt>
   <trkpt lat="-26.2226820" lon="-51.0892950">
    <ele>754.4</ele>
   </trkpt>
   <trkpt lat="-26.2226700" lon="-51.0892760">
    <ele>754.4</ele>
   </trkpt>
   <trkpt lat="-26.2226580" lon="-51.0892570">
    <ele>754.4</ele>
   </trkpt>
   <trkpt lat="-26.2226330" lon="-51.0892160">
    <ele>754.4</ele>
   </trkpt>
   <trkpt lat="-26.2225730" lon="-51.0891340">
    <ele>754.2</ele>
   </trkpt>
   <trkpt lat="-26.2225560" lon="-51.0891070">
    <ele>754.2</ele>
   </trkpt>
   <trkpt lat="-26.2225390" lon="-51.0890800">
    <ele>754.0</ele>
   </trkpt>
   <trkpt lat="-26.2225220" lon="-51.0890530">
    <ele>754.0</ele>
   </trkpt>
   <trkpt lat="-26.2225050" lon="-51.0890040">
    <ele>753.8</ele>
   </trkpt>
   <trkpt lat="-26.2224710" lon="-51.0889620">
    <ele>753.8</ele>
   </trkpt>
   <trkpt lat="-26.2224140" lon="-51.0888670">
    <ele>753.8</ele>
   </trkpt>
   <trkpt lat="-26.2223880" lon="-51.0888210">
    <ele>753.8</ele>
   </trkpt>
   <trkpt lat="-26.2223610" lon="-51.0887740">
    <ele>753.8</ele>
   </trkpt>
   <trkpt lat="-26.2223470" lon="-51.0887480">
    <ele>753.8</ele>
   </trkpt>
   <trkpt lat="-26.2223320" lon="-51.0887210">
    <ele>753.8</ele>
   </trkpt>
   <trkpt lat="-26.2223170" lon="-51.0886940">
    <ele>753.8</ele>
   </trkpt>
   <trkpt lat="-26.2222740" lon="-51.0886140">
    <ele>753.8</ele>
   </trkpt>
   <trkpt lat="-26.2222160" lon="-51.0885120">
    <ele>753.8</ele>
   </trkpt>
   <trkpt lat="-26.2221980" lon="-51.0884890">
    <ele>753.8</ele>
   </trkpt>
   <trkpt lat="-26.2221790" lon="-51.0884650">
    <ele>753.8</ele>
   </trkpt>
   <trkpt lat="-26.2221300" lon="-51.0883930">
    <ele>753.6</ele>
   </trkpt>
   <trkpt lat="-26.2221180" lon="-51.0883670">
    <ele>753.6</ele>
   </trkpt>
   <trkpt lat="-26.2220890" lon="-51.0883220">
    <ele>753.6</ele>
   </trkpt>
   <trkpt lat="-26.2220340" lon="-51.0882240">
    <ele>753.6</ele>
   </trkpt>
   <trkpt lat="-26.2220220" lon="-51.0881960">
    <ele>753.6</ele>
   </trkpt>
   <trkpt lat="-26.2220100" lon="-51.0881680">
    <ele>753.4</ele>
   </trkpt>
   <trkpt lat="-26.2219720" lon="-51.0880780">
    <ele>753.4</ele>
   </trkpt>
   <trkpt lat="-26.2219580" lon="-51.0880450">
    <ele>753.4</ele>
   </trkpt>
   <trkpt lat="-26.2219440" lon="-51.0880120">
    <ele>753.4</ele>
   </trkpt>
   <trkpt lat="-26.2219310" lon="-51.0879570">
    <ele>753.4</ele>
   </trkpt>
   <trkpt lat="-26.2219840" lon="-51.0878630">
    <ele>753.4</ele>
   </trkpt>
   <trkpt lat="-26.2220060" lon="-51.0878380">
    <ele>753.4</ele>
   </trkpt>
   <trkpt lat="-26.2220280" lon="-51.0878140">
    <ele>753.4</ele>
   </trkpt>
   <trkpt lat="-26.2220930" lon="-51.0877540">
    <ele>753.6</ele>
   </trkpt>
   <trkpt lat="-26.2221130" lon="-51.0877420">
    <ele>753.6</ele>
   </trkpt>
   <trkpt lat="-26.2221560" lon="-51.0877020">
    <ele>753.8</ele>
   </trkpt>
   <trkpt lat="-26.2221800" lon="-51.0876560">
    <ele>753.8</ele>
   </trkpt>
   <trkpt lat="-26.2222480" lon="-51.0876000">
    <ele>753.8</ele>
   </trkpt>
   <trkpt lat="-26.2222870" lon="-51.0875820">
    <ele>753.8</ele>
   </trkpt>
   <trkpt lat="-26.2223250" lon="-51.0875640">
    <ele>754.0</ele>
   </trkpt>
   <trkpt lat="-26.2223250" lon="-51.0875640">
    <ele>754.0</ele>
   </trkpt>
   <trkpt lat="-26.2223520" lon="-51.0875560">
    <ele>754.2</ele>
   </trkpt>
   <trkpt lat="-26.2223760" lon="-51.0875180">
    <ele>754.2</ele>
   </trkpt>
   <trkpt lat="-26.2224460" lon="-51.0874690">
    <ele>754.4</ele>
   </trkpt>
   <trkpt lat="-26.2224760" lon="-51.0874430">
    <ele>754.4</ele>
   </trkpt>
   <trkpt lat="-26.2225050" lon="-51.0874170">
    <ele>754.6</ele>
   </trkpt>
   <trkpt lat="-26.2225220" lon="-51.0873960">
    <ele>754.6</ele>
   </trkpt>
   <trkpt lat="-26.2225390" lon="-51.0873750">
    <ele>754.6</ele>
   </trkpt>
   <trkpt lat="-26.2225560" lon="-51.0873540">
    <ele>754.6</ele>
   </trkpt>
   <trkpt lat="-26.2225920" lon="-51.0873160">
    <ele>754.8</ele>
   </trkpt>
   <trkpt lat="-26.2225750" lon="-51.0872450">
    <ele>754.8</ele>
   </trkpt>
   <trkpt lat="-26.2225540" lon="-51.0872120">
    <ele>754.8</ele>
   </trkpt>
   <trkpt lat="-26.2225330" lon="-51.0871790">
    <ele>755.0</ele>
   </trkpt>
   <trkpt lat="-26.2225330" lon="-51.0871790">
    <ele>755.0</ele>
   </trkpt>
   <trkpt lat="-26.2225260" lon="-51.0871590">
    <ele>755.0</ele>
   </trkpt>
   <trkpt lat="-26.2225030" lon="-51.0871300">
    <ele>755.0</ele>
   </trkpt>
   <trkpt lat="-26.2224560" lon="-51.0870550">
    <ele>754.8</ele>
   </trkpt>
   <trkpt lat="-26.2224450" lon="-51.0870390">
    <ele>754.8</ele>
   </trkpt>
   <trkpt lat="-26.2224340" lon="-51.0870230">
    <ele>754.8</ele>
   </trkpt>
   <trkpt lat="-26.2224220" lon="-51.0870060">
    <ele>754.8</ele>
   </trkpt>
   <trkpt lat="-26.2223780" lon="-51.0869410">
    <ele>754.8</ele>
   </trkpt>
   <trkpt lat="-26.2223670" lon="-51.0869240">
    <ele>754.6</ele>
   </trkpt>
   <trkpt lat="-26.2223570" lon="-51.0869070">
    <ele>754.6</ele>
   </trkpt>
   <trkpt lat="-26.2223350" lon="-51.0868790">
    <ele>754.6</ele>
   </trkpt>
   <trkpt lat="-26.2222990" lon="-51.0868150">
    <ele>754.6</ele>
   </trkpt>
   <trkpt lat="-26.2222790" lon="-51.0867750">
    <ele>754.4</ele>
   </trkpt>
   <trkpt lat="-26.2222600" lon="-51.0867360">
    <ele>754.4</ele>
   </trkpt>
   <trkpt lat="-26.2222480" lon="-51.0867170">
    <ele>754.2</ele>
   </trkpt>
   <trkpt lat="-26.2222360" lon="-51.0866980">
    <ele>754.2</ele>
   </trkpt>
   <trkpt lat="-26.2222230" lon="-51.0866480">
    <ele>754.0</ele>
   </trkpt>
   <trkpt lat="-26.2221870" lon="-51.0865980">
    <ele>754.0</ele>
   </trkpt>
   <trkpt lat="-26.2221850" lon="-51.0865910">
    <ele>753.8</ele>
   </trkpt>
   <trkpt lat="-26.2221830" lon="-51.0865850">
    <ele>753.8</ele>
   </trkpt>
   <trkpt lat="-26.2221810" lon="-51.0865780">
    <ele>753.6</ele>
   </trkpt>
   <trkpt lat="-26.2221790" lon="-51.0865720">
    <ele>753.6</ele>
   </trkpt>
   <trkpt lat="-26.2221770" lon="-51.0865650">
    <ele>753.6</ele>
   </trkpt>
   <trkpt lat="-26.2221750" lon="-51.0865580">
    <ele>753.6</ele>
   </trkpt>
   <trkpt lat="-26.2221730" lon="-51.0865520">
    <ele>753.6</ele>
   </trkpt>
   <trkpt lat="-26.2221710" lon="-51.0865450">
    <ele>753.6</ele>
   </trkpt>
   <trkpt lat="-26.2221560" lon="-51.0865360">
    <ele>753.6</ele>
   </trkpt>
   <trkpt lat="-26.2221490" lon="-51.0865290">
    <ele>753.6</ele>
   </trkpt>
   <trkpt lat="-26.2221460" lon="-51.0865360">
    <ele>753.6</ele>
   </trkpt>
   <trkpt lat="-26.2221460" lon="-51.0865360">
    <ele>753.6</ele>
   </trkpt>
   <trkpt lat="-26.2221460" lon="-51.0865360">
    <ele>753.6</ele>
   </trkpt>
  </trkseg>
 </trk>
</gpx>
