<?xml version="1.0" encoding="UTF-8"?>
<gpx xmlns:xsi="http://www.w3.org/2001/XMLSchema-instance" xsi:schemaLocation="http://www.topografix.com/GPX/1/1 http://www.topografix.com/GPX/1/1/gpx.xsd" creator="StravaGPX" version="1.1" xmlns="http://www.topografix.com/GPX/1/1">
 <trk>
  <name>Pedalada matinal</name>
  <type>cycling</type>
  <trkseg>
   <trkpt lat="-26.2288330" lon="-51.0975850">
    <ele>752.3</ele>
   </trkpt>
   <trkpt lat="-26.2287920" lon="-51.0976180">
    <ele>752.0</ele>
   </trkpt>
   <trkpt lat="-26.2287540" lon="-51.0976420">
    <ele>751.8</ele>
   </trkpt>
   <trkpt lat="-26.2287050" lon="-51.0976820">
    <ele>751.4</ele>
   </trkpt>
   <trkpt lat="-26.2286600" lon="-51.0977150">
    <ele>751.1</ele>
   </trkpt>
   <trkpt lat="-26.2286190" lon="-51.0977380">
    <ele>750.8</ele>
   </trkpt>
   <trkpt lat="-26.2285830" lon="-51.0977650">
    <ele>750.5</ele>
   </trkpt>
   <trkpt lat="-26.2285420" lon="-51.0977950">
    <ele>750.3</ele>
   </trkpt>
   <trkpt lat="-26.2285030" lon="-51.0978200">
    <ele>750.0</ele>
   </trkpt>
   <trkpt lat="-26.2284700" lon="-51.0978490">
    <ele>749.7</ele>
   </trkpt>
   <trkpt lat="-26.2284300" lon="-51.0978930">
    <ele>749.4</ele>
   </trkpt>
   <trkpt lat="-26.2283820" lon="-51.0979150">
    <ele>749.1</ele>
   </trkpt>
   <trkpt lat="-26.2283390" lon="-51.0979490">
    <ele>748.8</ele>
   </trkpt>
   <trkpt lat="-26.2282910" lon="-51.0979780">
    <ele>748.5</ele>
   </trkpt>
   <trkpt lat="-26.2282450" lon="-51.0980060">
    <ele>748.1</ele>
   </trkpt>
   <trkpt lat="-26.2282040" lon="-51.0980410">
    <ele>747.8</ele>
   </trkpt>
   <trkpt lat="-26.2281660" lon="-51.0980660">
    <ele>747.6</ele>
   </trkpt>
   <trkpt lat="-26.2281360" lon="-51.0980930">
    <ele>747.3</ele>
   </trkpt>
   <trkpt lat="-26.2281140" lon="-51.0981430">
    <ele>747.1</ele>
   </trkpt>
   <trkpt lat="-26.2281230" lon="-51.0981900">
    <ele>747.1</ele>
   </trkpt>
   <trkpt lat="-26.2281450" lon="-51.0982420">
    <ele>747.1</ele>
   </trkpt>
   <trkpt lat="-26.2281700" lon="-51.0982790">
    <ele>747.1</ele>
   </trkpt>
   <trkpt lat="-26.2282020" lon="-51.0983050">
    <ele>747.1</ele>
   </trkpt>
   <trkpt lat="-26.2282360" lon="-51.0983380">
    <ele>747.2</ele>
   </trkpt>
   <trkpt lat="-26.2282560" lon="-51.0983750">
    <ele>747.2</ele>
   </trkpt>
   <trkpt lat="-26.2282850" lon="-51.0983980">
    <ele>747.2</ele>
   </trkpt>
   <trkpt lat="-26.2283110" lon="-51.0984330">
    <ele>747.3</ele>
   </trkpt>
   <trkpt lat="-26.2283440" lon="-51.0984650">
    <ele>747.3</ele>
   </trkpt>
   <trkpt lat="-26.2283720" lon="-51.0985040">
    <ele>747.4</ele>
   </trkpt>
   <trkpt lat="-26.2283950" lon="-51.0985690">
    <ele>747.5</ele>
   </trkpt>
   <trkpt lat="-26.2284170" lon="-51.0986100">
    <ele>747.6</ele>
   </trkpt>
   <trkpt lat="-26.2283850" lon="-51.0986450">
    <ele>747.9</ele>
   </trkpt>
   <trkpt lat="-26.2283130" lon="-51.0986500">
    <ele>747.9</ele>
   </trkpt>
   <trkpt lat="-26.2282710" lon="-51.0986310">
    <ele>747.9</ele>
   </trkpt>
   <trkpt lat="-26.2282260" lon="-51.0986290">
    <ele>747.9</ele>
   </trkpt>
   <trkpt lat="-26.2281730" lon="-51.0986300">
    <ele>748.0</ele>
   </trkpt>
   <trkpt lat="-26.2281210" lon="-51.0986270">
    <ele>748.0</ele>
   </trkpt>
   <trkpt lat="-26.2280650" lon="-51.0986200">
    <ele>748.1</ele>
   </trkpt>
   <trkpt lat="-26.2280060" lon="-51.0986220">
    <ele>748.1</ele>
   </trkpt>
   <trkpt lat="-26.2279770" lon="-51.0986160">
    <ele>748.1</ele>
   </trkpt>
   <trkpt lat="-26.2279190" lon="-51.0986150">
    <ele>748.2</ele>
   </trkpt>
   <trkpt lat="-26.2278650" lon="-51.0986030">
    <ele>748.2</ele>
   </trkpt>
   <trkpt lat="-26.2278080" lon="-51.0986090">
    <ele>748.2</ele>
   </trkpt>
   <trkpt lat="-26.2277590" lon="-51.0986010">
    <ele>748.2</ele>
   </trkpt>
   <trkpt lat="-26.2277110" lon="-51.0985990">
    <ele>748.3</ele>
   </trkpt>
   <trkpt lat="-26.2276670" lon="-51.0985900">
    <ele>748.3</ele>
   </trkpt>
   <trkpt lat="-26.2275970" lon="-51.0985820">
    <ele>748.3</ele>
   </trkpt>
   <trkpt lat="-26.2275450" lon="-51.0985790">
    <ele>748.3</ele>
   </trkpt>
   <trkpt lat="-26.2275040" lon="-51.0985780">
    <ele>748.3</ele>
   </trkpt>
   <trkpt lat="-26.2274580" lon="-51.0985810">
    <ele>748.3</ele>
   </trkpt>
   <trkpt lat="-26.2274240" lon="-51.0985710">
    <ele>748.3</ele>
   </trkpt>
   <trkpt lat="-26.2273560" lon="-51.0985660">
    <ele>748.3</ele>
   </trkpt>
   <trkpt lat="-26.2272860" lon="-51.0985550">
    <ele>748.3</ele>
   </trkpt>
   <trkpt lat="-26.2272350" lon="-51.0985560">
    <ele>748.3</ele>
   </trkpt>
   <trkpt lat="-26.2271780" lon="-51.0985590">
    <ele>748.3</ele>
   </trkpt>
   <trkpt lat="-26.2271240" lon="-51.0985540">
    <ele>748.3</ele>
   </trkpt>
   <trkpt lat="-26.2270670" lon="-51.0985480">
    <ele>748.3</ele>
   </trkpt>
   <trkpt lat="-26.2270220" lon="-51.0985470">
    <ele>748.3</ele>
   </trkpt>
   <trkpt lat="-26.2269640" lon="-51.0985400">
    <ele>748.3</ele>
   </trkpt>
   <trkpt lat="-26.2269110" lon="-51.0985370">
    <ele>748.3</ele>
   </trkpt>
   <trkpt lat="-26.2268580" lon="-51.0985400">
    <ele>748.2</ele>
   </trkpt>
   <trkpt lat="-26.2268060" lon="-51.0985370">
    <ele>748.2</ele>
   </trkpt>
   <trkpt lat="-26.2267530" lon="-51.0985370">
    <ele>748.2</ele>
   </trkpt>
   <trkpt lat="-26.2266990" lon="-51.0985310">
    <ele>748.2</ele>
   </trkpt>
   <trkpt lat="-26.2266440" lon="-51.0985240">
    <ele>748.2</ele>
   </trkpt>
   <trkpt lat="-26.2265930" lon="-51.0985130">
    <ele>748.2</ele>
   </trkpt>
   <trkpt lat="-26.2265420" lon="-51.0985070">
    <ele>748.2</ele>
   </trkpt>
   <trkpt lat="-26.2264950" lon="-51.0985000">
    <ele>748.2</ele>
   </trkpt>
   <trkpt lat="-26.2264470" lon="-51.0984920">
    <ele>748.2</ele>
   </trkpt>
   <trkpt lat="-26.2263880" lon="-51.0984880">
    <ele>748.2</ele>
   </trkpt>
   <trkpt lat="-26.2263280" lon="-51.0984880">
    <ele>748.2</ele>
   </trkpt>
   <trkpt lat="-26.2262720" lon="-51.0984840">
    <ele>748.2</ele>
   </trkpt>
   <trkpt lat="-26.2262150" lon="-51.0984790">
    <ele>748.3</ele>
   </trkpt>
   <trkpt lat="-26.2261640" lon="-51.0984730">
    <ele>748.3</ele>
   </trkpt>
   <trkpt lat="-26.2261080" lon="-51.0984710">
    <ele>748.3</ele>
   </trkpt>
   <trkpt lat="-26.2260470" lon="-51.0984630">
    <ele>748.3</ele>
   </trkpt>
   <trkpt lat="-26.2259900" lon="-51.0984550">
    <ele>748.4</ele>
   </trkpt>
   <trkpt lat="-26.2259310" lon="-51.0984510">
    <ele>748.4</ele>
   </trkpt>
   <trkpt lat="-26.2258730" lon="-51.0984480">
    <ele>748.4</ele>
   </trkpt>
   <trkpt lat="-26.2258100" lon="-51.0984430">
    <ele>748.4</ele>
   </trkpt>
   <trkpt lat="-26.2257550" lon="-51.0984350">
    <ele>748.4</ele>
   </trkpt>
   <trkpt lat="-26.2256920" lon="-51.0984280">
    <ele>748.5</ele>
   </trkpt>
   <trkpt lat="-26.2256500" lon="-51.0984160">
    <ele>748.5</ele>
   </trkpt>
   <trkpt lat="-26.2255870" lon="-51.0984130">
    <ele>748.5</ele>
   </trkpt>
   <trkpt lat="-26.2255340" lon="-51.0984170">
    <ele>748.5</ele>
   </trkpt>
   <trkpt lat="-26.2254860" lon="-51.0984130">
    <ele>748.5</ele>
   </trkpt>
   <trkpt lat="-26.2254170" lon="-51.0983970">
    <ele>748.5</ele>
   </trkpt>
   <trkpt lat="-26.2253430" lon="-51.0983860">
    <ele>748.5</ele>
   </trkpt>
   <trkpt lat="-26.2252800" lon="-51.0983920">
    <ele>748.6</ele>
   </trkpt>
   <trkpt lat="-26.2252180" lon="-51.0983860">
    <ele>748.6</ele>
   </trkpt>
   <trkpt lat="-26.2251560" lon="-51.0983830">
    <ele>748.6</ele>
   </trkpt>
   <trkpt lat="-26.2251070" lon="-51.0983800">
    <ele>748.6</ele>
   </trkpt>
   <trkpt lat="-26.2250390" lon="-51.0983810">
    <ele>748.6</ele>
   </trkpt>
   <trkpt lat="-26.2249770" lon="-51.0983820">
    <ele>748.6</ele>
   </trkpt>
   <trkpt lat="-26.2249170" lon="-51.0983840">
    <ele>748.6</ele>
   </trkpt>
   <trkpt lat="-26.2248580" lon="-51.0983800">
    <ele>748.6</ele>
   </trkpt>
   <trkpt lat="-26.2247970" lon="-51.0983670">
    <ele>748.6</ele>
   </trkpt>
   <trkpt lat="-26.2247380" lon="-51.0983610">
    <ele>748.6</ele>
   </trkpt>
   <trkpt lat="-26.2246890" lon="-51.0983460">
    <ele>748.6</ele>
   </trkpt>
   <trkpt lat="-26.2246350" lon="-51.0983380">
    <ele>748.6</ele>
   </trkpt>
   <trkpt lat="-26.2245770" lon="-51.0983230">
    <ele>748.6</ele>
   </trkpt>
   <trkpt lat="-26.2245190" lon="-51.0983120">
    <ele>748.6</ele>
   </trkpt>
   <trkpt lat="-26.2244550" lon="-51.0983000">
    <ele>748.7</ele>
   </trkpt>
   <trkpt lat="-26.2244130" lon="-51.0982880">
    <ele>748.7</ele>
   </trkpt>
   <trkpt lat="-26.2243650" lon="-51.0982730">
    <ele>748.7</ele>
   </trkpt>
   <trkpt lat="-26.2243220" lon="-51.0982320">
    <ele>748.7</ele>
   </trkpt>
   <trkpt lat="-26.2242770" lon="-51.0981860">
    <ele>748.7</ele>
   </trkpt>
   <trkpt lat="-26.2242460" lon="-51.0981440">
    <ele>748.7</ele>
   </trkpt>
   <trkpt lat="-26.2242250" lon="-51.0980990">
    <ele>748.7</ele>
   </trkpt>
   <trkpt lat="-26.2242120" lon="-51.0980340">
    <ele>748.7</ele>
   </trkpt>
   <trkpt lat="-26.2241940" lon="-51.0979640">
    <ele>748.7</ele>
   </trkpt>
   <trkpt lat="-26.2241690" lon="-51.0979120">
    <ele>748.7</ele>
   </trkpt>
   <trkpt lat="-26.2241400" lon="-51.0978540">
    <ele>748.7</ele>
   </trkpt>
   <trkpt lat="-26.2241320" lon="-51.0977960">
    <ele>748.8</ele>
   </trkpt>
   <trkpt lat="-26.2241060" lon="-51.0977410">
    <ele>748.8</ele>
   </trkpt>
   <trkpt lat="-26.2240780" lon="-51.0976880">
    <ele>748.8</ele>
   </trkpt>
   <trkpt lat="-26.2240610" lon="-51.0976090">
    <ele>748.8</ele>
   </trkpt>
   <trkpt lat="-26.2240360" lon="-51.0975450">
    <ele>748.8</ele>
   </trkpt>
   <trkpt lat="-26.2240110" lon="-51.0974960">
    <ele>748.8</ele>
   </trkpt>
   <trkpt lat="-26.2239730" lon="-51.0974310">
    <ele>748.8</ele>
   </trkpt>
   <trkpt lat="-26.2239430" lon="-51.0973770">
    <ele>748.8</ele>
   </trkpt>
   <trkpt lat="-26.2239160" lon="-51.0973130">
    <ele>748.8</ele>
   </trkpt>
   <trkpt lat="-26.2239010" lon="-51.0972460">
    <ele>748.8</ele>
   </trkpt>
   <trkpt lat="-26.2238710" lon="-51.0971850">
    <ele>748.8</ele>
   </trkpt>
   <trkpt lat="-26.2238440" lon="-51.0971360">
    <ele>748.8</ele>
   </trkpt>
   <trkpt lat="-26.2238140" lon="-51.0970750">
    <ele>748.8</ele>
   </trkpt>
   <trkpt lat="-26.2237900" lon="-51.0970150">
    <ele>748.8</ele>
   </trkpt>
   <trkpt lat="-26.2237680" lon="-51.0969350">
    <ele>748.8</ele>
   </trkpt>
   <trkpt lat="-26.2237430" lon="-51.0968730">
    <ele>748.8</ele>
   </trkpt>
   <trkpt lat="-26.2237280" lon="-51.0967930">
    <ele>748.8</ele>
   </trkpt>
   <trkpt lat="-26.2237040" lon="-51.0967270">
    <ele>748.8</ele>
   </trkpt>
   <trkpt lat="-26.2236770" lon="-51.0966650">
    <ele>748.8</ele>
   </trkpt>
   <trkpt lat="-26.2236510" lon="-51.0966130">
    <ele>748.8</ele>
   </trkpt>
   <trkpt lat="-26.2236280" lon="-51.0965500">
    <ele>748.8</ele>
   </trkpt>
   <trkpt lat="-26.2235960" lon="-51.0964890">
    <ele>748.8</ele>
   </trkpt>
   <trkpt lat="-26.2235650" lon="-51.0964370">
    <ele>748.8</ele>
   </trkpt>
   <trkpt lat="-26.2235470" lon="-51.0963620">
    <ele>748.8</ele>
   </trkpt>
   <trkpt lat="-26.2235230" lon="-51.0962880">
    <ele>748.8</ele>
   </trkpt>
   <trkpt lat="-26.2235040" lon="-51.0962270">
    <ele>748.7</ele>
   </trkpt>
   <trkpt lat="-26.2234650" lon="-51.0961510">
    <ele>748.7</ele>
   </trkpt>
   <trkpt lat="-26.2234400" lon="-51.0960880">
    <ele>748.7</ele>
   </trkpt>
   <trkpt lat="-26.2234230" lon="-51.0960180">
    <ele>748.7</ele>
   </trkpt>
   <trkpt lat="-26.2233920" lon="-51.0959590">
    <ele>748.7</ele>
   </trkpt>
   <trkpt lat="-26.2233620" lon="-51.0958850">
    <ele>748.7</ele>
   </trkpt>
   <trkpt lat="-26.2233340" lon="-51.0958240">
    <ele>748.7</ele>
   </trkpt>
   <trkpt lat="-26.2233050" lon="-51.0957530">
    <ele>748.7</ele>
   </trkpt>
   <trkpt lat="-26.2232830" lon="-51.0956860">
    <ele>748.7</ele>
   </trkpt>
   <trkpt lat="-26.2232580" lon="-51.0956170">
    <ele>748.7</ele>
   </trkpt>
   <trkpt lat="-26.2232310" lon="-51.0955490">
    <ele>748.7</ele>
   </trkpt>
   <trkpt lat="-26.2232090" lon="-51.0954910">
    <ele>748.7</ele>
   </trkpt>
   <trkpt lat="-26.2231800" lon="-51.0954250">
    <ele>748.8</ele>
   </trkpt>
   <trkpt lat="-26.2231620" lon="-51.0953540">
    <ele>748.8</ele>
   </trkpt>
   <trkpt lat="-26.2231360" lon="-51.0953010">
    <ele>748.8</ele>
   </trkpt>
   <trkpt lat="-26.2231240" lon="-51.0952250">
    <ele>748.8</ele>
   </trkpt>
   <trkpt lat="-26.2230930" lon="-51.0951630">
    <ele>748.8</ele>
   </trkpt>
   <trkpt lat="-26.2230680" lon="-51.0951000">
    <ele>748.9</ele>
   </trkpt>
   <trkpt lat="-26.2230450" lon="-51.0950250">
    <ele>748.9</ele>
   </trkpt>
   <trkpt lat="-26.2230210" lon="-51.0949700">
    <ele>748.9</ele>
   </trkpt>
   <trkpt lat="-26.2229890" lon="-51.0949020">
    <ele>748.9</ele>
   </trkpt>
   <trkpt lat="-26.2229640" lon="-51.0948450">
    <ele>749.0</ele>
   </trkpt>
   <trkpt lat="-26.2229460" lon="-51.0947840">
    <ele>749.0</ele>
   </trkpt>
   <trkpt lat="-26.2229220" lon="-51.0947200">
    <ele>749.0</ele>
   </trkpt>
   <trkpt lat="-26.2229020" lon="-51.0946750">
    <ele>749.0</ele>
   </trkpt>
   <trkpt lat="-26.2228840" lon="-51.0946180">
    <ele>749.1</ele>
   </trkpt>
   <trkpt lat="-26.2228570" lon="-51.0945510">
    <ele>749.1</ele>
   </trkpt>
   <trkpt lat="-26.2228320" lon="-51.0944900">
    <ele>749.2</ele>
   </trkpt>
   <trkpt lat="-26.2228000" lon="-51.0944310">
    <ele>749.3</ele>
   </trkpt>
   <trkpt lat="-26.2227610" lon="-51.0943800">
    <ele>749.3</ele>
   </trkpt>
   <trkpt lat="-26.2227200" lon="-51.0943320">
    <ele>749.4</ele>
   </trkpt>
   <trkpt lat="-26.2226630" lon="-51.0943360">
    <ele>749.3</ele>
   </trkpt>
   <trkpt lat="-26.2226000" lon="-51.0943810">
    <ele>749.2</ele>
   </trkpt>
   <trkpt lat="-26.2225440" lon="-51.0944200">
    <ele>749.2</ele>
   </trkpt>
   <trkpt lat="-26.2224880" lon="-51.0944800">
    <ele>749.3</ele>
   </trkpt>
   <trkpt lat="-26.2224400" lon="-51.0945210">
    <ele>749.4</ele>
   </trkpt>
   <trkpt lat="-26.2223960" lon="-51.0945610">
    <ele>749.5</ele>
   </trkpt>
   <trkpt lat="-26.2223470" lon="-51.0945990">
    <ele>749.7</ele>
   </trkpt>
   <trkpt lat="-26.2223070" lon="-51.0946350">
    <ele>749.8</ele>
   </trkpt>
   <trkpt lat="-26.2222650" lon="-51.0946710">
    <ele>749.9</ele>
   </trkpt>
   <trkpt lat="-26.2222130" lon="-51.0947000">
    <ele>750.0</ele>
   </trkpt>
   <trkpt lat="-26.2221650" lon="-51.0947320">
    <ele>750.1</ele>
   </trkpt>
   <trkpt lat="-26.2221260" lon="-51.0947780">
    <ele>750.3</ele>
   </trkpt>
   <trkpt lat="-26.2220890" lon="-51.0948110">
    <ele>750.4</ele>
   </trkpt>
   <trkpt lat="-26.2220350" lon="-51.0948540">
    <ele>750.5</ele>
   </trkpt>
   <trkpt lat="-26.2219870" lon="-51.0948760">
    <ele>750.6</ele>
   </trkpt>
   <trkpt lat="-26.2219340" lon="-51.0948930">
    <ele>750.7</ele>
   </trkpt>
   <trkpt lat="-26.2218980" lon="-51.0948690">
    <ele>750.8</ele>
   </trkpt>
   <trkpt lat="-26.2218650" lon="-51.0948380">
    <ele>750.8</ele>
   </trkpt>
   <trkpt lat="-26.2218300" lon="-51.0947850">
    <ele>750.8</ele>
   </trkpt>
   <trkpt lat="-26.2218110" lon="-51.0947110">
    <ele>750.7</ele>
   </trkpt>
   <trkpt lat="-26.2217880" lon="-51.0946540">
    <ele>750.6</ele>
   </trkpt>
   <trkpt lat="-26.2217680" lon="-51.0946040">
    <ele>750.6</ele>
   </trkpt>
   <trkpt lat="-26.2217510" lon="-51.0945340">
    <ele>750.5</ele>
   </trkpt>
   <trkpt lat="-26.2217280" lon="-51.0944850">
    <ele>750.4</ele>
   </trkpt>
   <trkpt lat="-26.2217040" lon="-51.0944260">
    <ele>750.3</ele>
   </trkpt>
   <trkpt lat="-26.2216880" lon="-51.0943440">
    <ele>750.2</ele>
   </trkpt>
   <trkpt lat="-26.2216670" lon="-51.0942780">
    <ele>750.1</ele>
   </trkpt>
   <trkpt lat="-26.2216260" lon="-51.0942150">
    <ele>750.0</ele>
   </trkpt>
   <trkpt lat="-26.2216170" lon="-51.0941720">
    <ele>750.0</ele>
   </trkpt>
   <trkpt lat="-26.2215930" lon="-51.0941220">
    <ele>749.9</ele>
   </trkpt>
   <trkpt lat="-26.2215790" lon="-51.0940600">
    <ele>749.9</ele>
   </trkpt>
   <trkpt lat="-26.2215620" lon="-51.0940100">
    <ele>749.9</ele>
   </trkpt>
   <trkpt lat="-26.2215380" lon="-51.0939650">
    <ele>749.9</ele>
   </trkpt>
   <trkpt lat="-26.2215070" lon="-51.0939050">
    <ele>749.8</ele>
   </trkpt>
   <trkpt lat="-26.2214960" lon="-51.0938650">
    <ele>749.5</ele>
   </trkpt>
   <trkpt lat="-26.2214850" lon="-51.0938260">
    <ele>749.5</ele>
   </trkpt>
   <trkpt lat="-26.2214520" lon="-51.0938390">
    <ele>749.5</ele>
   </trkpt>
   <trkpt lat="-26.2213990" lon="-51.0938750">
    <ele>749.5</ele>
   </trkpt>
   <trkpt lat="-26.2213620" lon="-51.0938900">
    <ele>749.5</ele>
   </trkpt>
   <trkpt lat="-26.2213170" lon="-51.0939400">
    <ele>749.5</ele>
   </trkpt>
   <trkpt lat="-26.2212840" lon="-51.0939730">
    <ele>749.5</ele>
   </trkpt>
   <trkpt lat="-26.2212340" lon="-51.0940030">
    <ele>749.5</ele>
   </trkpt>
   <trkpt lat="-26.2211920" lon="-51.0940210">
    <ele>749.5</ele>
   </trkpt>
   <trkpt lat="-26.2211360" lon="-51.0940550">
    <ele>749.5</ele>
   </trkpt>
   <trkpt lat="-26.2210920" lon="-51.0940920">
    <ele>749.5</ele>
   </trkpt>
   <trkpt lat="-26.2210400" lon="-51.0941320">
    <ele>749.5</ele>
   </trkpt>
   <trkpt lat="-26.2209910" lon="-51.0941560">
    <ele>749.5</ele>
   </trkpt>
   <trkpt lat="-26.2209570" lon="-51.0941890">
    <ele>749.5</ele>
   </trkpt>
   <trkpt lat="-26.2209060" lon="-51.0942220">
    <ele>749.5</ele>
   </trkpt>
   <trkpt lat="-26.2208630" lon="-51.0942560">
    <ele>749.5</ele>
   </trkpt>
   <trkpt lat="-26.2208180" lon="-51.0942780">
    <ele>749.5</ele>
   </trkpt>
   <trkpt lat="-26.2207680" lon="-51.0943160">
    <ele>749.5</ele>
   </trkpt>
   <trkpt lat="-26.2207220" lon="-51.0943470">
    <ele>749.5</ele>
   </trkpt>
   <trkpt lat="-26.2206800" lon="-51.0943850">
    <ele>749.4</ele>
   </trkpt>
   <trkpt lat="-26.2206260" lon="-51.0944180">
    <ele>749.4</ele>
   </trkpt>
   <trkpt lat="-26.2205790" lon="-51.0944520">
    <ele>749.4</ele>
   </trkpt>
   <trkpt lat="-26.2205320" lon="-51.0944800">
    <ele>749.4</ele>
   </trkpt>
   <trkpt lat="-26.2204830" lon="-51.0945140">
    <ele>749.4</ele>
   </trkpt>
   <trkpt lat="-26.2204250" lon="-51.0945370">
    <ele>749.4</ele>
   </trkpt>
   <trkpt lat="-26.2203940" lon="-51.0945780">
    <ele>749.5</ele>
   </trkpt>
   <trkpt lat="-26.2203490" lon="-51.0946110">
    <ele>749.5</ele>
   </trkpt>
   <trkpt lat="-26.2203040" lon="-51.0946600">
    <ele>749.6</ele>
   </trkpt>
   <trkpt lat="-26.2202450" lon="-51.0946850">
    <ele>749.6</ele>
   </trkpt>
   <trkpt lat="-26.2202040" lon="-51.0947230">
    <ele>749.7</ele>
   </trkpt>
   <trkpt lat="-26.2201540" lon="-51.0947440">
    <ele>749.8</ele>
   </trkpt>
   <trkpt lat="-26.2201060" lon="-51.0948040">
    <ele>749.9</ele>
   </trkpt>
   <trkpt lat="-26.2200680" lon="-51.0948420">
    <ele>749.9</ele>
   </trkpt>
   <trkpt lat="-26.2200210" lon="-51.0948800">
    <ele>750.0</ele>
   </trkpt>
   <trkpt lat="-26.2199780" lon="-51.0948820">
    <ele>750.1</ele>
   </trkpt>
   <trkpt lat="-26.2199240" lon="-51.0949420">
    <ele>750.2</ele>
   </trkpt>
   <trkpt lat="-26.2198440" lon="-51.0949730">
    <ele>750.3</ele>
   </trkpt>
   <trkpt lat="-26.2198010" lon="-51.0950010">
    <ele>750.4</ele>
   </trkpt>
   <trkpt lat="-26.2197540" lon="-51.0950370">
    <ele>750.4</ele>
   </trkpt>
   <trkpt lat="-26.2197060" lon="-51.0950730">
    <ele>750.5</ele>
   </trkpt>
   <trkpt lat="-26.2196660" lon="-51.0951160">
    <ele>750.5</ele>
   </trkpt>
   <trkpt lat="-26.2196360" lon="-51.0951470">
    <ele>750.6</ele>
   </trkpt>
   <trkpt lat="-26.2195860" lon="-51.0951830">
    <ele>750.6</ele>
   </trkpt>
   <trkpt lat="-26.2195360" lon="-51.0952120">
    <ele>750.7</ele>
   </trkpt>
   <trkpt lat="-26.2194930" lon="-51.0952620">
    <ele>750.8</ele>
   </trkpt>
   <trkpt lat="-26.2194150" lon="-51.0952960">
    <ele>751.0</ele>
   </trkpt>
   <trkpt lat="-26.2193610" lon="-51.0953190">
    <ele>751.0</ele>
   </trkpt>
   <trkpt lat="-26.2193300" lon="-51.0953450">
    <ele>751.1</ele>
   </trkpt>
   <trkpt lat="-26.2192890" lon="-51.0953820">
    <ele>751.2</ele>
   </trkpt>
   <trkpt lat="-26.2192650" lon="-51.0954330">
    <ele>751.2</ele>
   </trkpt>
   <trkpt lat="-26.2192130" lon="-51.0954800">
    <ele>751.3</ele>
   </trkpt>
   <trkpt lat="-26.2191640" lon="-51.0955170">
    <ele>751.4</ele>
   </trkpt>
   <trkpt lat="-26.2190840" lon="-51.0955910">
    <ele>751.6</ele>
   </trkpt>
   <trkpt lat="-26.2190470" lon="-51.0956330">
    <ele>751.7</ele>
   </trkpt>
   <trkpt lat="-26.2190170" lon="-51.0956620">
    <ele>751.8</ele>
   </trkpt>
   <trkpt lat="-26.2189790" lon="-51.0956940">
    <ele>751.9</ele>
   </trkpt>
   <trkpt lat="-26.2189000" lon="-51.0957270">
    <ele>752.0</ele>
   </trkpt>
   <trkpt lat="-26.2188270" lon="-51.0957800">
    <ele>752.1</ele>
   </trkpt>
   <trkpt lat="-26.2187820" lon="-51.0958150">
    <ele>752.2</ele>
   </trkpt>
   <trkpt lat="-26.2187520" lon="-51.0958430">
    <ele>752.2</ele>
   </trkpt>
   <trkpt lat="-26.2186710" lon="-51.0958690">
    <ele>752.3</ele>
   </trkpt>
   <trkpt lat="-26.2186160" lon="-51.0959070">
    <ele>752.4</ele>
   </trkpt>
   <trkpt lat="-26.2185740" lon="-51.0959140">
    <ele>752.4</ele>
   </trkpt>
   <trkpt lat="-26.2185580" lon="-51.0959230">
    <ele>752.5</ele>
   </trkpt>
   <trkpt lat="-26.2185220" lon="-51.0959700">
    <ele>752.5</ele>
   </trkpt>
   <trkpt lat="-26.2184880" lon="-51.0959980">
    <ele>752.6</ele>
   </trkpt>
   <trkpt lat="-26.2184500" lon="-51.0960310">
    <ele>752.7</ele>
   </trkpt>
   <trkpt lat="-26.2184020" lon="-51.0960520">
    <ele>752.7</ele>
   </trkpt>
   <trkpt lat="-26.2183670" lon="-51.0960740">
    <ele>752.8</ele>
   </trkpt>
   <trkpt lat="-26.2183260" lon="-51.0961060">
    <ele>752.8</ele>
   </trkpt>
   <trkpt lat="-26.2182860" lon="-51.0961540">
    <ele>752.9</ele>
   </trkpt>
   <trkpt lat="-26.2182490" lon="-51.0962010">
    <ele>752.9</ele>
   </trkpt>
   <trkpt lat="-26.2181980" lon="-51.0962380">
    <ele>753.0</ele>
   </trkpt>
   <trkpt lat="-26.2181580" lon="-51.0962760">
    <ele>753.0</ele>
   </trkpt>
   <trkpt lat="-26.2181180" lon="-51.0963050">
    <ele>753.1</ele>
   </trkpt>
   <trkpt lat="-26.2180690" lon="-51.0963340">
    <ele>753.1</ele>
   </trkpt>
   <trkpt lat="-26.2180280" lon="-51.0963700">
    <ele>753.1</ele>
   </trkpt>
   <trkpt lat="-26.2179790" lon="-51.0964000">
    <ele>753.1</ele>
   </trkpt>
   <trkpt lat="-26.2179340" lon="-51.0964240">
    <ele>753.1</ele>
   </trkpt>
   <trkpt lat="-26.2178890" lon="-51.0964560">
    <ele>753.1</ele>
   </trkpt>
   <trkpt lat="-26.2178410" lon="-51.0964890">
    <ele>753.2</ele>
   </trkpt>
   <trkpt lat="-26.2177950" lon="-51.0965270">
    <ele>753.2</ele>
   </trkpt>
   <trkpt lat="-26.2177490" lon="-51.0965680">
    <ele>753.2</ele>
   </trkpt>
   <trkpt lat="-26.2177000" lon="-51.0965970">
    <ele>753.2</ele>
   </trkpt>
   <trkpt lat="-26.2176530" lon="-51.0966390">
    <ele>753.2</ele>
   </trkpt>
   <trkpt lat="-26.2176030" lon="-51.0966840">
    <ele>753.2</ele>
   </trkpt>
   <trkpt lat="-26.2175590" lon="-51.0967190">
    <ele>753.2</ele>
   </trkpt>
   <trkpt lat="-26.2175140" lon="-51.0967640">
    <ele>753.2</ele>
   </trkpt>
   <trkpt lat="-26.2174710" lon="-51.0968010">
    <ele>753.3</ele>
   </trkpt>
   <trkpt lat="-26.2174240" lon="-51.0968410">
    <ele>753.3</ele>
   </trkpt>
   <trkpt lat="-26.2173800" lon="-51.0968810">
    <ele>753.3</ele>
   </trkpt>
   <trkpt lat="-26.2173260" lon="-51.0969180">
    <ele>753.4</ele>
   </trkpt>
   <trkpt lat="-26.2172850" lon="-51.0969500">
    <ele>753.4</ele>
   </trkpt>
   <trkpt lat="-26.2172390" lon="-51.0969830">
    <ele>753.5</ele>
   </trkpt>
   <trkpt lat="-26.2171970" lon="-51.0970200">
    <ele>753.5</ele>
   </trkpt>
   <trkpt lat="-26.2171500" lon="-51.0970640">
    <ele>753.5</ele>
   </trkpt>
   <trkpt lat="-26.2171020" lon="-51.0970990">
    <ele>753.5</ele>
   </trkpt>
   <trkpt lat="-26.2170530" lon="-51.0971380">
    <ele>753.5</ele>
   </trkpt>
   <trkpt lat="-26.2170090" lon="-51.0971730">
    <ele>753.6</ele>
   </trkpt>
   <trkpt lat="-26.2169660" lon="-51.0972040">
    <ele>753.6</ele>
   </trkpt>
   <trkpt lat="-26.2169180" lon="-51.0972420">
    <ele>753.6</ele>
   </trkpt>
   <trkpt lat="-26.2168670" lon="-51.0972730">
    <ele>753.6</ele>
   </trkpt>
   <trkpt lat="-26.2168240" lon="-51.0973050">
    <ele>753.7</ele>
   </trkpt>
   <trkpt lat="-26.2167730" lon="-51.0973400">
    <ele>753.7</ele>
   </trkpt>
   <trkpt lat="-26.2167310" lon="-51.0973700">
    <ele>753.7</ele>
   </trkpt>
   <trkpt lat="-26.2166880" lon="-51.0973890">
    <ele>753.7</ele>
   </trkpt>
   <trkpt lat="-26.2166450" lon="-51.0974400">
    <ele>753.8</ele>
   </trkpt>
   <trkpt lat="-26.2165930" lon="-51.0974740">
    <ele>753.8</ele>
   </trkpt>
   <trkpt lat="-26.2165480" lon="-51.0975040">
    <ele>753.8</ele>
   </trkpt>
   <trkpt lat="-26.2165030" lon="-51.0975390">
    <ele>753.8</ele>
   </trkpt>
   <trkpt lat="-26.2164470" lon="-51.0975690">
    <ele>753.9</ele>
   </trkpt>
   <trkpt lat="-26.2163960" lon="-51.0976050">
    <ele>753.9</ele>
   </trkpt>
   <trkpt lat="-26.2163450" lon="-51.0976480">
    <ele>753.9</ele>
   </trkpt>
   <trkpt lat="-26.2163310" lon="-51.0977190">
    <ele>753.9</ele>
   </trkpt>
   <trkpt lat="-26.2163630" lon="-51.0977820">
    <ele>754.0</ele>
   </trkpt>
   <trkpt lat="-26.2163840" lon="-51.0978340">
    <ele>754.0</ele>
   </trkpt>
   <trkpt lat="-26.2164310" lon="-51.0978700">
    <ele>754.0</ele>
   </trkpt>
   <trkpt lat="-26.2164590" lon="-51.0979110">
    <ele>754.1</ele>
   </trkpt>
   <trkpt lat="-26.2164860" lon="-51.0979430">
    <ele>754.1</ele>
   </trkpt>
   <trkpt lat="-26.2165030" lon="-51.0979810">
    <ele>754.1</ele>
   </trkpt>
   <trkpt lat="-26.2165360" lon="-51.0980200">
    <ele>754.2</ele>
   </trkpt>
   <trkpt lat="-26.2165740" lon="-51.0980620">
    <ele>754.2</ele>
   </trkpt>
   <trkpt lat="-26.2166280" lon="-51.0980840">
    <ele>754.2</ele>
   </trkpt>
   <trkpt lat="-26.2166620" lon="-51.0981270">
    <ele>754.3</ele>
   </trkpt>
   <trkpt lat="-26.2166950" lon="-51.0981580">
    <ele>754.3</ele>
   </trkpt>
   <trkpt lat="-26.2167560" lon="-51.0981990">
    <ele>754.3</ele>
   </trkpt>
   <trkpt lat="-26.2167940" lon="-51.0982550">
    <ele>754.4</ele>
   </trkpt>
   <trkpt lat="-26.2168330" lon="-51.0982920">
    <ele>754.4</ele>
   </trkpt>
   <trkpt lat="-26.2168480" lon="-51.0983450">
    <ele>754.5</ele>
   </trkpt>
   <trkpt lat="-26.2169020" lon="-51.0983910">
    <ele>754.5</ele>
   </trkpt>
   <trkpt lat="-26.2169440" lon="-51.0984260">
    <ele>754.5</ele>
   </trkpt>
   <trkpt lat="-26.2169860" lon="-51.0984500">
    <ele>754.6</ele>
   </trkpt>
   <trkpt lat="-26.2170160" lon="-51.0984920">
    <ele>754.6</ele>
   </trkpt>
   <trkpt lat="-26.2170650" lon="-51.0985170">
    <ele>754.6</ele>
   </trkpt>
   <trkpt lat="-26.2171200" lon="-51.0985390">
    <ele>754.7</ele>
   </trkpt>
   <trkpt lat="-26.2171600" lon="-51.0985710">
    <ele>754.7</ele>
   </trkpt>
   <trkpt lat="-26.2171930" lon="-51.0986080">
    <ele>754.8</ele>
   </trkpt>
   <trkpt lat="-26.2172340" lon="-51.0986590">
    <ele>754.8</ele>
   </trkpt>
   <trkpt lat="-26.2172650" lon="-51.0986890">
    <ele>754.8</ele>
   </trkpt>
   <trkpt lat="-26.2173170" lon="-51.0987160">
    <ele>754.9</ele>
   </trkpt>
   <trkpt lat="-26.2173580" lon="-51.0987540">
    <ele>754.9</ele>
   </trkpt>
   <trkpt lat="-26.2173830" lon="-51.0987890">
    <ele>754.9</ele>
   </trkpt>
   <trkpt lat="-26.2174380" lon="-51.0988250">
    <ele>755.0</ele>
   </trkpt>
   <trkpt lat="-26.2174630" lon="-51.0988580">
    <ele>755.0</ele>
   </trkpt>
   <trkpt lat="-26.2174960" lon="-51.0988930">
    <ele>755.0</ele>
   </trkpt>
   <trkpt lat="-26.2175430" lon="-51.0989310">
    <ele>755.1</ele>
   </trkpt>
   <trkpt lat="-26.2175730" lon="-51.0989770">
    <ele>755.1</ele>
   </trkpt>
   <trkpt lat="-26.2175930" lon="-51.0990100">
    <ele>755.1</ele>
   </trkpt>
   <trkpt lat="-26.2176220" lon="-51.0990460">
    <ele>755.2</ele>
   </trkpt>
   <trkpt lat="-26.2176640" lon="-51.0990770">
    <ele>755.2</ele>
   </trkpt>
   <trkpt lat="-26.2177060" lon="-51.0991160">
    <ele>755.2</ele>
   </trkpt>
   <trkpt lat="-26.2177450" lon="-51.0991510">
    <ele>755.3</ele>
   </trkpt>
   <trkpt lat="-26.2177600" lon="-51.0991920">
    <ele>755.3</ele>
   </trkpt>
   <trkpt lat="-26.2177640" lon="-51.0992110">
    <ele>755.3</ele>
   </trkpt>
   <trkpt lat="-26.2178050" lon="-51.0992430">
    <ele>755.3</ele>
   </trkpt>
   <trkpt lat="-26.2178470" lon="-51.0992870">
    <ele>755.4</ele>
   </trkpt>
   <trkpt lat="-26.2178950" lon="-51.0993180">
    <ele>755.4</ele>
   </trkpt>
   <trkpt lat="-26.2179440" lon="-51.0993560">
    <ele>755.5</ele>
   </trkpt>
   <trkpt lat="-26.2179800" lon="-51.0993970">
    <ele>755.5</ele>
   </trkpt>
   <trkpt lat="-26.2180210" lon="-51.0994430">
    <ele>755.5</ele>
   </trkpt>
   <trkpt lat="-26.2180490" lon="-51.0994740">
    <ele>755.6</ele>
   </trkpt>
   <trkpt lat="-26.2180840" lon="-51.0995200">
    <ele>755.6</ele>
   </trkpt>
   <trkpt lat="-26.2181180" lon="-51.0995580">
    <ele>755.6</ele>
   </trkpt>
   <trkpt lat="-26.2181490" lon="-51.0996010">
    <ele>755.7</ele>
   </trkpt>
   <trkpt lat="-26.2181810" lon="-51.0996350">
    <ele>755.7</ele>
   </trkpt>
   <trkpt lat="-26.2182190" lon="-51.0996810">
    <ele>755.7</ele>
   </trkpt>
   <trkpt lat="-26.2182700" lon="-51.0997290">
    <ele>755.8</ele>
   </trkpt>
   <trkpt lat="-26.2183260" lon="-51.0997830">
    <ele>755.8</ele>
   </trkpt>
   <trkpt lat="-26.2183750" lon="-51.0998330">
    <ele>755.9</ele>
   </trkpt>
   <trkpt lat="-26.2184320" lon="-51.0998930">
    <ele>755.9</ele>
   </trkpt>
   <trkpt lat="-26.2184730" lon="-51.0999410">
    <ele>756.0</ele>
   </trkpt>
   <trkpt lat="-26.2185210" lon="-51.0999850">
    <ele>756.0</ele>
   </trkpt>
   <trkpt lat="-26.2185680" lon="-51.1000380">
    <ele>756.1</ele>
   </trkpt>
   <trkpt lat="-26.2186270" lon="-51.1000680">
    <ele>756.1</ele>
   </trkpt>
   <trkpt lat="-26.2186780" lon="-51.1001180">
    <ele>756.2</ele>
   </trkpt>
   <trkpt lat="-26.2187250" lon="-51.1001770">
    <ele>756.2</ele>
   </trkpt>
   <trkpt lat="-26.2187880" lon="-51.1002190">
    <ele>756.3</ele>
   </trkpt>
   <trkpt lat="-26.2188650" lon="-51.1002850">
    <ele>756.3</ele>
   </trkpt>
   <trkpt lat="-26.2189220" lon="-51.1003720">
    <ele>756.4</ele>
   </trkpt>
   <trkpt lat="-26.2189710" lon="-51.1004590">
    <ele>756.5</ele>
   </trkpt>
   <trkpt lat="-26.2190160" lon="-51.1005630">
    <ele>756.5</ele>
   </trkpt>
   <trkpt lat="-26.2190830" lon="-51.1006270">
    <ele>756.6</ele>
   </trkpt>
   <trkpt lat="-26.2191590" lon="-51.1007010">
    <ele>756.7</ele>
   </trkpt>
   <trkpt lat="-26.2192250" lon="-51.1007570">
    <ele>756.7</ele>
   </trkpt>
   <trkpt lat="-26.2192760" lon="-51.1008170">
    <ele>756.8</ele>
   </trkpt>
   <trkpt lat="-26.2193390" lon="-51.1008830">
    <ele>756.8</ele>
   </trkpt>
   <trkpt lat="-26.2194140" lon="-51.1009630">
    <ele>756.9</ele>
   </trkpt>
   <trkpt lat="-26.2194660" lon="-51.1010190">
    <ele>756.9</ele>
   </trkpt>
   <trkpt lat="-26.2194950" lon="-51.1010750">
    <ele>757.0</ele>
   </trkpt>
   <trkpt lat="-26.2195480" lon="-51.1011240">
    <ele>757.0</ele>
   </trkpt>
   <trkpt lat="-26.2196140" lon="-51.1011720">
    <ele>757.1</ele>
   </trkpt>
   <trkpt lat="-26.2196710" lon="-51.1012250">
    <ele>757.1</ele>
   </trkpt>
   <trkpt lat="-26.2197430" lon="-51.1012750">
    <ele>757.2</ele>
   </trkpt>
   <trkpt lat="-26.2198180" lon="-51.1013390">
    <ele>757.3</ele>
   </trkpt>
   <trkpt lat="-26.2198670" lon="-51.1013900">
    <ele>757.3</ele>
   </trkpt>
   <trkpt lat="-26.2199240" lon="-51.1014340">
    <ele>757.4</ele>
   </trkpt>
   <trkpt lat="-26.2199740" lon="-51.1014700">
    <ele>757.4</ele>
   </trkpt>
   <trkpt lat="-26.2199950" lon="-51.1015400">
    <ele>757.4</ele>
   </trkpt>
   <trkpt lat="-26.2200410" lon="-51.1015890">
    <ele>757.5</ele>
   </trkpt>
   <trkpt lat="-26.2200850" lon="-51.1016510">
    <ele>757.5</ele>
   </trkpt>
   <trkpt lat="-26.2201340" lon="-51.1017040">
    <ele>757.6</ele>
   </trkpt>
   <trkpt lat="-26.2201650" lon="-51.1017500">
    <ele>757.6</ele>
   </trkpt>
   <trkpt lat="-26.2202160" lon="-51.1017940">
    <ele>757.7</ele>
   </trkpt>
   <trkpt lat="-26.2202630" lon="-51.1018350">
    <ele>757.7</ele>
   </trkpt>
   <trkpt lat="-26.2203050" lon="-51.1018820">
    <ele>757.7</ele>
   </trkpt>
   <trkpt lat="-26.2203340" lon="-51.1019280">
    <ele>757.8</ele>
   </trkpt>
   <trkpt lat="-26.2203680" lon="-51.1019720">
    <ele>757.8</ele>
   </trkpt>
   <trkpt lat="-26.2203880" lon="-51.1020680">
    <ele>757.9</ele>
   </trkpt>
   <trkpt lat="-26.2203800" lon="-51.1021820">
    <ele>757.9</ele>
   </trkpt>
   <trkpt lat="-26.2203730" lon="-51.1022670">
    <ele>758.0</ele>
   </trkpt>
   <trkpt lat="-26.2203980" lon="-51.1023560">
    <ele>758.1</ele>
   </trkpt>
   <trkpt lat="-26.2204360" lon="-51.1024090">
    <ele>758.1</ele>
   </trkpt>
   <trkpt lat="-26.2204480" lon="-51.1024720">
    <ele>758.1</ele>
   </trkpt>
   <trkpt lat="-26.2204480" lon="-51.1025110">
    <ele>758.2</ele>
   </trkpt>
   <trkpt lat="-26.2205030" lon="-51.1026000">
    <ele>758.2</ele>
   </trkpt>
   <trkpt lat="-26.2205380" lon="-51.1026600">
    <ele>758.3</ele>
   </trkpt>
   <trkpt lat="-26.2205510" lon="-51.1027100">
    <ele>758.3</ele>
   </trkpt>
   <trkpt lat="-26.2205550" lon="-51.1027720">
    <ele>758.3</ele>
   </trkpt>
   <trkpt lat="-26.2205410" lon="-51.1028260">
    <ele>758.4</ele>
   </trkpt>
   <trkpt lat="-26.2205500" lon="-51.1028810">
    <ele>758.4</ele>
   </trkpt>
   <trkpt lat="-26.2205510" lon="-51.1029200">
    <ele>758.4</ele>
   </trkpt>
   <trkpt lat="-26.2205490" lon="-51.1029740">
    <ele>758.5</ele>
   </trkpt>
   <trkpt lat="-26.2205490" lon="-51.1030270">
    <ele>758.5</ele>
   </trkpt>
   <trkpt lat="-26.2205500" lon="-51.1030830">
    <ele>758.5</ele>
   </trkpt>
   <trkpt lat="-26.2205540" lon="-51.1031260">
    <ele>758.6</ele>
   </trkpt>
   <trkpt lat="-26.2205540" lon="-51.1031720">
    <ele>758.6</ele>
   </trkpt>
   <trkpt lat="-26.2205580" lon="-51.1032090">
    <ele>758.6</ele>
   </trkpt>
   <trkpt lat="-26.2205650" lon="-51.1032480">
    <ele>758.6</ele>
   </trkpt>
   <trkpt lat="-26.2205630" lon="-51.1032930">
    <ele>758.7</ele>
   </trkpt>
   <trkpt lat="-26.2205690" lon="-51.1033350">
    <ele>758.7</ele>
   </trkpt>
   <trkpt lat="-26.2205750" lon="-51.1033700">
    <ele>758.7</ele>
   </trkpt>
   <trkpt lat="-26.2205780" lon="-51.1034040">
    <ele>758.7</ele>
   </trkpt>
   <trkpt lat="-26.2205800" lon="-51.1034560">
    <ele>758.8</ele>
   </trkpt>
   <trkpt lat="-26.2205810" lon="-51.1034990">
    <ele>758.8</ele>
   </trkpt>
   <trkpt lat="-26.2205830" lon="-51.1035460">
    <ele>758.8</ele>
   </trkpt>
   <trkpt lat="-26.2205910" lon="-51.1035940">
    <ele>758.9</ele>
   </trkpt>
   <trkpt lat="-26.2205960" lon="-51.1036260">
    <ele>758.9</ele>
   </trkpt>
   <trkpt lat="-26.2205930" lon="-51.1036700">
    <ele>758.9</ele>
   </trkpt>
   <trkpt lat="-26.2205920" lon="-51.1037210">
    <ele>758.9</ele>
   </trkpt>
   <trkpt lat="-26.2205900" lon="-51.1037660">
    <ele>759.0</ele>
   </trkpt>
   <trkpt lat="-26.2205870" lon="-51.1038090">
    <ele>759.0</ele>
   </trkpt>
   <trkpt lat="-26.2205920" lon="-51.1038530">
    <ele>759.0</ele>
   </trkpt>
   <trkpt lat="-26.2205910" lon="-51.1038980">
    <ele>759.0</ele>
   </trkpt>
   <trkpt lat="-26.2205980" lon="-51.1039420">
    <ele>759.1</ele>
   </trkpt>
   <trkpt lat="-26.2205960" lon="-51.1039790">
    <ele>759.1</ele>
   </trkpt>
   <trkpt lat="-26.2205920" lon="-51.1040380">
    <ele>759.1</ele>
   </trkpt>
   <trkpt lat="-26.2205960" lon="-51.1040850">
    <ele>759.2</ele>
   </trkpt>
   <trkpt lat="-26.2206020" lon="-51.1041340">
    <ele>759.2</ele>
   </trkpt>
   <trkpt lat="-26.2206040" lon="-51.1041730">
    <ele>759.2</ele>
   </trkpt>
   <trkpt lat="-26.2206080" lon="-51.1042290">
    <ele>759.2</ele>
   </trkpt>
   <trkpt lat="-26.2206080" lon="-51.1042900">
    <ele>759.3</ele>
   </trkpt>
   <trkpt lat="-26.2206100" lon="-51.1043430">
    <ele>759.3</ele>
   </trkpt>
   <trkpt lat="-26.2206130" lon="-51.1044010">
    <ele>759.4</ele>
   </trkpt>
   <trkpt lat="-26.2206180" lon="-51.1044640">
    <ele>759.4</ele>
   </trkpt>
   <trkpt lat="-26.2206200" lon="-51.1045310">
    <ele>759.4</ele>
   </trkpt>
   <trkpt lat="-26.2206240" lon="-51.1045900">
    <ele>759.5</ele>
   </trkpt>
   <trkpt lat="-26.2206310" lon="-51.1046540">
    <ele>759.5</ele>
   </trkpt>
   <trkpt lat="-26.2206450" lon="-51.1047240">
    <ele>759.6</ele>
   </trkpt>
   <trkpt lat="-26.2206510" lon="-51.1047800">
    <ele>759.6</ele>
   </trkpt>
   <trkpt lat="-26.2206660" lon="-51.1048550">
    <ele>759.6</ele>
   </trkpt>
   <trkpt lat="-26.2206850" lon="-51.1049270">
    <ele>759.7</ele>
   </trkpt>
   <trkpt lat="-26.2207050" lon="-51.1049890">
    <ele>759.7</ele>
   </trkpt>
   <trkpt lat="-26.2207260" lon="-51.1050600">
    <ele>759.7</ele>
   </trkpt>
   <trkpt lat="-26.2207560" lon="-51.1051240">
    <ele>759.6</ele>
   </trkpt>
   <trkpt lat="-26.2207910" lon="-51.1051680">
    <ele>759.6</ele>
   </trkpt>
   <trkpt lat="-26.2208280" lon="-51.1052180">
    <ele>759.6</ele>
   </trkpt>
   <trkpt lat="-26.2208610" lon="-51.1052770">
    <ele>759.5</ele>
   </trkpt>
   <trkpt lat="-26.2208920" lon="-51.1053370">
    <ele>759.5</ele>
   </trkpt>
   <trkpt lat="-26.2209270" lon="-51.1053910">
    <ele>759.5</ele>
   </trkpt>
   <trkpt lat="-26.2209660" lon="-51.1054430">
    <ele>759.5</ele>
   </trkpt>
   <trkpt lat="-26.2210120" lon="-51.1055020">
    <ele>759.5</ele>
   </trkpt>
   <trkpt lat="-26.2210580" lon="-51.1055310">
    <ele>759.4</ele>
   </trkpt>
   <trkpt lat="-26.2211020" lon="-51.1055710">
    <ele>759.4</ele>
   </trkpt>
   <trkpt lat="-26.2211510" lon="-51.1056170">
    <ele>759.4</ele>
   </trkpt>
   <trkpt lat="-26.2211930" lon="-51.1056740">
    <ele>759.4</ele>
   </trkpt>
   <trkpt lat="-26.2212300" lon="-51.1057340">
    <ele>759.3</ele>
   </trkpt>
   <trkpt lat="-26.2212580" lon="-51.1057810">
    <ele>759.3</ele>
   </trkpt>
   <trkpt lat="-26.2212900" lon="-51.1058410">
    <ele>759.3</ele>
   </trkpt>
   <trkpt lat="-26.2213110" lon="-51.1059050">
    <ele>759.3</ele>
   </trkpt>
   <trkpt lat="-26.2213360" lon="-51.1059710">
    <ele>759.3</ele>
   </trkpt>
   <trkpt lat="-26.2213590" lon="-51.1060320">
    <ele>759.3</ele>
   </trkpt>
   <trkpt lat="-26.2213800" lon="-51.1060960">
    <ele>759.3</ele>
   </trkpt>
   <trkpt lat="-26.2213900" lon="-51.1061580">
    <ele>759.3</ele>
   </trkpt>
   <trkpt lat="-26.2213790" lon="-51.1062160">
    <ele>759.3</ele>
   </trkpt>
   <trkpt lat="-26.2213780" lon="-51.1062830">
    <ele>759.3</ele>
   </trkpt>
   <trkpt lat="-26.2213700" lon="-51.1063540">
    <ele>759.4</ele>
   </trkpt>
   <trkpt lat="-26.2213570" lon="-51.1064330">
    <ele>759.5</ele>
   </trkpt>
   <trkpt lat="-26.2213320" lon="-51.1064930">
    <ele>759.6</ele>
   </trkpt>
   <trkpt lat="-26.2213050" lon="-51.1065460">
    <ele>759.7</ele>
   </trkpt>
   <trkpt lat="-26.2212700" lon="-51.1066110">
    <ele>759.9</ele>
   </trkpt>
   <trkpt lat="-26.2212420" lon="-51.1066790">
    <ele>760.1</ele>
   </trkpt>
   <trkpt lat="-26.2212010" lon="-51.1067310">
    <ele>760.2</ele>
   </trkpt>
   <trkpt lat="-26.2211730" lon="-51.1067910">
    <ele>760.3</ele>
   </trkpt>
   <trkpt lat="-26.2211560" lon="-51.1068420">
    <ele>760.4</ele>
   </trkpt>
   <trkpt lat="-26.2211260" lon="-51.1069240">
    <ele>760.6</ele>
   </trkpt>
   <trkpt lat="-26.2210970" lon="-51.1069800">
    <ele>760.7</ele>
   </trkpt>
   <trkpt lat="-26.2210690" lon="-51.1070350">
    <ele>760.9</ele>
   </trkpt>
   <trkpt lat="-26.2210420" lon="-51.1070840">
    <ele>761.0</ele>
   </trkpt>
   <trkpt lat="-26.2210200" lon="-51.1071470">
    <ele>761.1</ele>
   </trkpt>
   <trkpt lat="-26.2209950" lon="-51.1072070">
    <ele>761.2</ele>
   </trkpt>
   <trkpt lat="-26.2209770" lon="-51.1072590">
    <ele>761.2</ele>
   </trkpt>
   <trkpt lat="-26.2209610" lon="-51.1073000">
    <ele>761.3</ele>
   </trkpt>
   <trkpt lat="-26.2209460" lon="-51.1073650">
    <ele>761.4</ele>
   </trkpt>
   <trkpt lat="-26.2209250" lon="-51.1074280">
    <ele>761.5</ele>
   </trkpt>
   <trkpt lat="-26.2209090" lon="-51.1074940">
    <ele>761.6</ele>
   </trkpt>
   <trkpt lat="-26.2208950" lon="-51.1075440">
    <ele>761.7</ele>
   </trkpt>
   <trkpt lat="-26.2208780" lon="-51.1075970">
    <ele>761.7</ele>
   </trkpt>
   <trkpt lat="-26.2208650" lon="-51.1076500">
    <ele>761.8</ele>
   </trkpt>
   <trkpt lat="-26.2208500" lon="-51.1077190">
    <ele>761.9</ele>
   </trkpt>
   <trkpt lat="-26.2208400" lon="-51.1077780">
    <ele>762.0</ele>
   </trkpt>
   <trkpt lat="-26.2208290" lon="-51.1078570">
    <ele>762.1</ele>
   </trkpt>
   <trkpt lat="-26.2208170" lon="-51.1079190">
    <ele>762.2</ele>
   </trkpt>
   <trkpt lat="-26.2208060" lon="-51.1079720">
    <ele>762.3</ele>
   </trkpt>
   <trkpt lat="-26.2207990" lon="-51.1080160">
    <ele>762.3</ele>
   </trkpt>
   <trkpt lat="-26.2208000" lon="-51.1080920">
    <ele>762.4</ele>
   </trkpt>
   <trkpt lat="-26.2207850" lon="-51.1081560">
    <ele>762.4</ele>
   </trkpt>
   <trkpt lat="-26.2207840" lon="-51.1082210">
    <ele>762.5</ele>
   </trkpt>
   <trkpt lat="-26.2207770" lon="-51.1082860">
    <ele>762.5</ele>
   </trkpt>
   <trkpt lat="-26.2207700" lon="-51.1083370">
    <ele>762.4</ele>
   </trkpt>
   <trkpt lat="-26.2207680" lon="-51.1083960">
    <ele>762.3</ele>
   </trkpt>
   <trkpt lat="-26.2207620" lon="-51.1084550">
    <ele>762.1</ele>
   </trkpt>
   <trkpt lat="-26.2207480" lon="-51.1084890">
    <ele>762.0</ele>
   </trkpt>
   <trkpt lat="-26.2207530" lon="-51.1085540">
    <ele>761.7</ele>
   </trkpt>
   <trkpt lat="-26.2207630" lon="-51.1086140">
    <ele>761.4</ele>
   </trkpt>
   <trkpt lat="-26.2207690" lon="-51.1086860">
    <ele>761.0</ele>
   </trkpt>
   <trkpt lat="-26.2207750" lon="-51.1087500">
    <ele>760.6</ele>
   </trkpt>
   <trkpt lat="-26.2207840" lon="-51.1088220">
    <ele>760.1</ele>
   </trkpt>
   <trkpt lat="-26.2208270" lon="-51.1089160">
    <ele>759.5</ele>
   </trkpt>
   <trkpt lat="-26.2208450" lon="-51.1090060">
    <ele>759.0</ele>
   </trkpt>
   <trkpt lat="-26.2208670" lon="-51.1090980">
    <ele>758.5</ele>
   </trkpt>
   <trkpt lat="-26.2208940" lon="-51.1091980">
    <ele>758.1</ele>
   </trkpt>
   <trkpt lat="-26.2208990" lon="-51.1092950">
    <ele>757.8</ele>
   </trkpt>
   <trkpt lat="-26.2209020" lon="-51.1093880">
    <ele>757.6</ele>
   </trkpt>
   <trkpt lat="-26.2208690" lon="-51.1094760">
    <ele>757.4</ele>
   </trkpt>
   <trkpt lat="-26.2207930" lon="-51.1095460">
    <ele>757.3</ele>
   </trkpt>
   <trkpt lat="-26.2207240" lon="-51.1096220">
    <ele>757.2</ele>
   </trkpt>
   <trkpt lat="-26.2206520" lon="-51.1096800">
    <ele>757.1</ele>
   </trkpt>
   <trkpt lat="-26.2205840" lon="-51.1097060">
    <ele>757.1</ele>
   </trkpt>
   <trkpt lat="-26.2205120" lon="-51.1097420">
    <ele>757.0</ele>
   </trkpt>
   <trkpt lat="-26.2204390" lon="-51.1097630">
    <ele>756.9</ele>
   </trkpt>
   <trkpt lat="-26.2203660" lon="-51.1097970">
    <ele>756.8</ele>
   </trkpt>
   <trkpt lat="-26.2202950" lon="-51.1098130">
    <ele>756.8</ele>
   </trkpt>
   <trkpt lat="-26.2202300" lon="-51.1098290">
    <ele>756.9</ele>
   </trkpt>
   <trkpt lat="-26.2201500" lon="-51.1098650">
    <ele>756.9</ele>
   </trkpt>
   <trkpt lat="-26.2200750" lon="-51.1098790">
    <ele>757.0</ele>
   </trkpt>
   <trkpt lat="-26.2199950" lon="-51.1098830">
    <ele>757.1</ele>
   </trkpt>
   <trkpt lat="-26.2199270" lon="-51.1099070">
    <ele>757.1</ele>
   </trkpt>
   <trkpt lat="-26.2198500" lon="-51.1099360">
    <ele>757.2</ele>
   </trkpt>
   <trkpt lat="-26.2197780" lon="-51.1099540">
    <ele>757.2</ele>
   </trkpt>
   <trkpt lat="-26.2197180" lon="-51.1099740">
    <ele>757.2</ele>
   </trkpt>
   <trkpt lat="-26.2196460" lon="-51.1100000">
    <ele>757.2</ele>
   </trkpt>
   <trkpt lat="-26.2195770" lon="-51.1100310">
    <ele>757.0</ele>
   </trkpt>
   <trkpt lat="-26.2195010" lon="-51.1100450">
    <ele>756.8</ele>
   </trkpt>
   <trkpt lat="-26.2194350" lon="-51.1100790">
    <ele>756.5</ele>
   </trkpt>
   <trkpt lat="-26.2193680" lon="-51.1101190">
    <ele>756.1</ele>
   </trkpt>
   <trkpt lat="-26.2193000" lon="-51.1101670">
    <ele>755.7</ele>
   </trkpt>
   <trkpt lat="-26.2192360" lon="-51.1102280">
    <ele>755.3</ele>
   </trkpt>
   <trkpt lat="-26.2191770" lon="-51.1102970">
    <ele>754.8</ele>
   </trkpt>
   <trkpt lat="-26.2191250" lon="-51.1103670">
    <ele>754.4</ele>
   </trkpt>
   <trkpt lat="-26.2190730" lon="-51.1104560">
    <ele>753.9</ele>
   </trkpt>
   <trkpt lat="-26.2190130" lon="-51.1105190">
    <ele>753.6</ele>
   </trkpt>
   <trkpt lat="-26.2189660" lon="-51.1106000">
    <ele>753.3</ele>
   </trkpt>
   <trkpt lat="-26.2189120" lon="-51.1106710">
    <ele>753.1</ele>
   </trkpt>
   <trkpt lat="-26.2188090" lon="-51.1106960">
    <ele>752.9</ele>
   </trkpt>
   <trkpt lat="-26.2187400" lon="-51.1107220">
    <ele>752.8</ele>
   </trkpt>
   <trkpt lat="-26.2186690" lon="-51.1108210">
    <ele>752.7</ele>
   </trkpt>
   <trkpt lat="-26.2185850" lon="-51.1108510">
    <ele>752.7</ele>
   </trkpt>
   <trkpt lat="-26.2185060" lon="-51.1108830">
    <ele>752.7</ele>
   </trkpt>
   <trkpt lat="-26.2184180" lon="-51.1108940">
    <ele>752.6</ele>
   </trkpt>
   <trkpt lat="-26.2183370" lon="-51.1108950">
    <ele>752.6</ele>
   </trkpt>
   <trkpt lat="-26.2182540" lon="-51.1109150">
    <ele>752.6</ele>
   </trkpt>
   <trkpt lat="-26.2181730" lon="-51.1109200">
    <ele>752.6</ele>
   </trkpt>
   <trkpt lat="-26.2180900" lon="-51.1109120">
    <ele>752.6</ele>
   </trkpt>
   <trkpt lat="-26.2180100" lon="-51.1109100">
    <ele>752.6</ele>
   </trkpt>
   <trkpt lat="-26.2179270" lon="-51.1109230">
    <ele>752.7</ele>
   </trkpt>
   <trkpt lat="-26.2178530" lon="-51.1109230">
    <ele>752.7</ele>
   </trkpt>
   <trkpt lat="-26.2177780" lon="-51.1109240">
    <ele>752.8</ele>
   </trkpt>
   <trkpt lat="-26.2177060" lon="-51.1109200">
    <ele>752.8</ele>
   </trkpt>
   <trkpt lat="-26.2176280" lon="-51.1109210">
    <ele>752.9</ele>
   </trkpt>
   <trkpt lat="-26.2175410" lon="-51.1109220">
    <ele>753.0</ele>
   </trkpt>
   <trkpt lat="-26.2174630" lon="-51.1109260">
    <ele>753.2</ele>
   </trkpt>
   <trkpt lat="-26.2173890" lon="-51.1109340">
    <ele>753.3</ele>
   </trkpt>
   <trkpt lat="-26.2173120" lon="-51.1109430">
    <ele>753.4</ele>
   </trkpt>
   <trkpt lat="-26.2172310" lon="-51.1109540">
    <ele>753.5</ele>
   </trkpt>
   <trkpt lat="-26.2171680" lon="-51.1109550">
    <ele>753.5</ele>
   </trkpt>
   <trkpt lat="-26.2171020" lon="-51.1109500">
    <ele>753.6</ele>
   </trkpt>
   <trkpt lat="-26.2170520" lon="-51.1109530">
    <ele>753.6</ele>
   </trkpt>
   <trkpt lat="-26.2169890" lon="-51.1109730">
    <ele>753.6</ele>
   </trkpt>
   <trkpt lat="-26.2169360" lon="-51.1109770">
    <ele>753.7</ele>
   </trkpt>
   <trkpt lat="-26.2168780" lon="-51.1109840">
    <ele>753.7</ele>
   </trkpt>
   <trkpt lat="-26.2168030" lon="-51.1110000">
    <ele>753.7</ele>
   </trkpt>
   <trkpt lat="-26.2167270" lon="-51.1110310">
    <ele>753.7</ele>
   </trkpt>
   <trkpt lat="-26.2166620" lon="-51.1110250">
    <ele>753.7</ele>
   </trkpt>
   <trkpt lat="-26.2166030" lon="-51.1110510">
    <ele>753.8</ele>
   </trkpt>
   <trkpt lat="-26.2165500" lon="-51.1110900">
    <ele>753.8</ele>
   </trkpt>
   <trkpt lat="-26.2165030" lon="-51.1111180">
    <ele>753.8</ele>
   </trkpt>
   <trkpt lat="-26.2164470" lon="-51.1111650">
    <ele>753.8</ele>
   </trkpt>
   <trkpt lat="-26.2163970" lon="-51.1111920">
    <ele>753.9</ele>
   </trkpt>
   <trkpt lat="-26.2163410" lon="-51.1112250">
    <ele>753.9</ele>
   </trkpt>
   <trkpt lat="-26.2162900" lon="-51.1112480">
    <ele>754.0</ele>
   </trkpt>
   <trkpt lat="-26.2162350" lon="-51.1112730">
    <ele>754.1</ele>
   </trkpt>
   <trkpt lat="-26.2161840" lon="-51.1112900">
    <ele>754.2</ele>
   </trkpt>
   <trkpt lat="-26.2161320" lon="-51.1113110">
    <ele>754.3</ele>
   </trkpt>
   <trkpt lat="-26.2160750" lon="-51.1113490">
    <ele>754.4</ele>
   </trkpt>
   <trkpt lat="-26.2160220" lon="-51.1113680">
    <ele>754.4</ele>
   </trkpt>
   <trkpt lat="-26.2159700" lon="-51.1113950">
    <ele>754.5</ele>
   </trkpt>
   <trkpt lat="-26.2159140" lon="-51.1114270">
    <ele>754.6</ele>
   </trkpt>
   <trkpt lat="-26.2158680" lon="-51.1114550">
    <ele>754.6</ele>
   </trkpt>
   <trkpt lat="-26.2158120" lon="-51.1114940">
    <ele>754.7</ele>
   </trkpt>
   <trkpt lat="-26.2157500" lon="-51.1115160">
    <ele>754.8</ele>
   </trkpt>
   <trkpt lat="-26.2157010" lon="-51.1115450">
    <ele>754.8</ele>
   </trkpt>
   <trkpt lat="-26.2156540" lon="-51.1115790">
    <ele>754.9</ele>
   </trkpt>
   <trkpt lat="-26.2156010" lon="-51.1116040">
    <ele>755.0</ele>
   </trkpt>
   <trkpt lat="-26.2155460" lon="-51.1116300">
    <ele>755.0</ele>
   </trkpt>
   <trkpt lat="-26.2155000" lon="-51.1116570">
    <ele>755.1</ele>
   </trkpt>
   <trkpt lat="-26.2154440" lon="-51.1116900">
    <ele>755.2</ele>
   </trkpt>
   <trkpt lat="-26.2153900" lon="-51.1117270">
    <ele>755.3</ele>
   </trkpt>
   <trkpt lat="-26.2153430" lon="-51.1117470">
    <ele>755.4</ele>
   </trkpt>
   <trkpt lat="-26.2152940" lon="-51.1117730">
    <ele>755.5</ele>
   </trkpt>
   <trkpt lat="-26.2152490" lon="-51.1118030">
    <ele>755.6</ele>
   </trkpt>
   <trkpt lat="-26.2151950" lon="-51.1118180">
    <ele>755.7</ele>
   </trkpt>
   <trkpt lat="-26.2151430" lon="-51.1118420">
    <ele>755.7</ele>
   </trkpt>
   <trkpt lat="-26.2150990" lon="-51.1118660">
    <ele>755.8</ele>
   </trkpt>
   <trkpt lat="-26.2150580" lon="-51.1118940">
    <ele>755.8</ele>
   </trkpt>
   <trkpt lat="-26.2150160" lon="-51.1119210">
    <ele>755.8</ele>
   </trkpt>
   <trkpt lat="-26.2149620" lon="-51.1119520">
    <ele>755.8</ele>
   </trkpt>
   <trkpt lat="-26.2149000" lon="-51.1119880">
    <ele>755.7</ele>
   </trkpt>
   <trkpt lat="-26.2148610" lon="-51.1120130">
    <ele>755.6</ele>
   </trkpt>
   <trkpt lat="-26.2148070" lon="-51.1120370">
    <ele>755.5</ele>
   </trkpt>
   <trkpt lat="-26.2147570" lon="-51.1120690">
    <ele>755.4</ele>
   </trkpt>
   <trkpt lat="-26.2147060" lon="-51.1120970">
    <ele>755.3</ele>
   </trkpt>
   <trkpt lat="-26.2146520" lon="-51.1121280">
    <ele>755.1</ele>
   </trkpt>
   <trkpt lat="-26.2145940" lon="-51.1121600">
    <ele>754.9</ele>
   </trkpt>
   <trkpt lat="-26.2145280" lon="-51.1121990">
    <ele>754.7</ele>
   </trkpt>
   <trkpt lat="-26.2144730" lon="-51.1122300">
    <ele>754.5</ele>
   </trkpt>
   <trkpt lat="-26.2144110" lon="-51.1122600">
    <ele>754.2</ele>
   </trkpt>
   <trkpt lat="-26.2143480" lon="-51.1122930">
    <ele>753.9</ele>
   </trkpt>
   <trkpt lat="-26.2142820" lon="-51.1123370">
    <ele>753.7</ele>
   </trkpt>
   <trkpt lat="-26.2142220" lon="-51.1123710">
    <ele>753.4</ele>
   </trkpt>
   <trkpt lat="-26.2141530" lon="-51.1124050">
    <ele>753.2</ele>
   </trkpt>
   <trkpt lat="-26.2140910" lon="-51.1124450">
    <ele>753.0</ele>
   </trkpt>
   <trkpt lat="-26.2140270" lon="-51.1124710">
    <ele>752.9</ele>
   </trkpt>
   <trkpt lat="-26.2139460" lon="-51.1125190">
    <ele>752.7</ele>
   </trkpt>
   <trkpt lat="-26.2138850" lon="-51.1125520">
    <ele>752.5</ele>
   </trkpt>
   <trkpt lat="-26.2138210" lon="-51.1125830">
    <ele>752.4</ele>
   </trkpt>
   <trkpt lat="-26.2136890" lon="-51.1126580">
    <ele>752.1</ele>
   </trkpt>
   <trkpt lat="-26.2136230" lon="-51.1126840">
    <ele>752.1</ele>
   </trkpt>
   <trkpt lat="-26.2135560" lon="-51.1127230">
    <ele>752.0</ele>
   </trkpt>
   <trkpt lat="-26.2134930" lon="-51.1127580">
    <ele>752.0</ele>
   </trkpt>
   <trkpt lat="-26.2134350" lon="-51.1127880">
    <ele>752.0</ele>
   </trkpt>
   <trkpt lat="-26.2133680" lon="-51.1128110">
    <ele>752.0</ele>
   </trkpt>
   <trkpt lat="-26.2133010" lon="-51.1128430">
    <ele>752.0</ele>
   </trkpt>
   <trkpt lat="-26.2132410" lon="-51.1128780">
    <ele>752.1</ele>
   </trkpt>
   <trkpt lat="-26.2131810" lon="-51.1129100">
    <ele>752.1</ele>
   </trkpt>
   <trkpt lat="-26.2131180" lon="-51.1129470">
    <ele>752.1</ele>
   </trkpt>
   <trkpt lat="-26.2130580" lon="-51.1129760">
    <ele>752.2</ele>
   </trkpt>
   <trkpt lat="-26.2129880" lon="-51.1130070">
    <ele>752.2</ele>
   </trkpt>
   <trkpt lat="-26.2129290" lon="-51.1130390">
    <ele>752.3</ele>
   </trkpt>
   <trkpt lat="-26.2128630" lon="-51.1130750">
    <ele>752.3</ele>
   </trkpt>
   <trkpt lat="-26.2128080" lon="-51.1131000">
    <ele>752.4</ele>
   </trkpt>
   <trkpt lat="-26.2127530" lon="-51.1131240">
    <ele>752.4</ele>
   </trkpt>
   <trkpt lat="-26.2126970" lon="-51.1131560">
    <ele>752.5</ele>
   </trkpt>
   <trkpt lat="-26.2126430" lon="-51.1131950">
    <ele>752.5</ele>
   </trkpt>
   <trkpt lat="-26.2125900" lon="-51.1132270">
    <ele>752.5</ele>
   </trkpt>
   <trkpt lat="-26.2125370" lon="-51.1132480">
    <ele>752.5</ele>
   </trkpt>
   <trkpt lat="-26.2124800" lon="-51.1132790">
    <ele>752.6</ele>
   </trkpt>
   <trkpt lat="-26.2124170" lon="-51.1133160">
    <ele>752.6</ele>
   </trkpt>
   <trkpt lat="-26.2123570" lon="-51.1133520">
    <ele>752.7</ele>
   </trkpt>
   <trkpt lat="-26.2123080" lon="-51.1133830">
    <ele>752.7</ele>
   </trkpt>
   <trkpt lat="-26.2122480" lon="-51.1134080">
    <ele>752.8</ele>
   </trkpt>
   <trkpt lat="-26.2121870" lon="-51.1134270">
    <ele>752.8</ele>
   </trkpt>
   <trkpt lat="-26.2121320" lon="-51.1134590">
    <ele>752.8</ele>
   </trkpt>
   <trkpt lat="-26.2120710" lon="-51.1134920">
    <ele>752.9</ele>
   </trkpt>
   <trkpt lat="-26.2120140" lon="-51.1135430">
    <ele>752.9</ele>
   </trkpt>
   <trkpt lat="-26.2119650" lon="-51.1135690">
    <ele>753.0</ele>
   </trkpt>
   <trkpt lat="-26.2119160" lon="-51.1136070">
    <ele>753.1</ele>
   </trkpt>
   <trkpt lat="-26.2118650" lon="-51.1136320">
    <ele>753.2</ele>
   </trkpt>
   <trkpt lat="-26.2118120" lon="-51.1136750">
    <ele>753.2</ele>
   </trkpt>
   <trkpt lat="-26.2117620" lon="-51.1137070">
    <ele>753.3</ele>
   </trkpt>
   <trkpt lat="-26.2117180" lon="-51.1137450">
    <ele>753.4</ele>
   </trkpt>
   <trkpt lat="-26.2116670" lon="-51.1137900">
    <ele>753.4</ele>
   </trkpt>
   <trkpt lat="-26.2116270" lon="-51.1138340">
    <ele>753.5</ele>
   </trkpt>
   <trkpt lat="-26.2115890" lon="-51.1138910">
    <ele>753.5</ele>
   </trkpt>
   <trkpt lat="-26.2115520" lon="-51.1139420">
    <ele>753.6</ele>
   </trkpt>
   <trkpt lat="-26.2115120" lon="-51.1139960">
    <ele>753.6</ele>
   </trkpt>
   <trkpt lat="-26.2114530" lon="-51.1140790">
    <ele>753.6</ele>
   </trkpt>
   <trkpt lat="-26.2114190" lon="-51.1141310">
    <ele>753.6</ele>
   </trkpt>
   <trkpt lat="-26.2113770" lon="-51.1141830">
    <ele>753.7</ele>
   </trkpt>
   <trkpt lat="-26.2113290" lon="-51.1142370">
    <ele>753.8</ele>
   </trkpt>
   <trkpt lat="-26.2112850" lon="-51.1142880">
    <ele>753.9</ele>
   </trkpt>
   <trkpt lat="-26.2112510" lon="-51.1143320">
    <ele>753.9</ele>
   </trkpt>
   <trkpt lat="-26.2112160" lon="-51.1143710">
    <ele>754.0</ele>
   </trkpt>
   <trkpt lat="-26.2111840" lon="-51.1144270">
    <ele>754.1</ele>
   </trkpt>
   <trkpt lat="-26.2111440" lon="-51.1144840">
    <ele>754.2</ele>
   </trkpt>
   <trkpt lat="-26.2111060" lon="-51.1145560">
    <ele>754.3</ele>
   </trkpt>
   <trkpt lat="-26.2110670" lon="-51.1146070">
    <ele>754.4</ele>
   </trkpt>
   <trkpt lat="-26.2110290" lon="-51.1146500">
    <ele>754.5</ele>
   </trkpt>
   <trkpt lat="-26.2109900" lon="-51.1146980">
    <ele>754.7</ele>
   </trkpt>
   <trkpt lat="-26.2109600" lon="-51.1147610">
    <ele>754.8</ele>
   </trkpt>
   <trkpt lat="-26.2109180" lon="-51.1148010">
    <ele>755.0</ele>
   </trkpt>
   <trkpt lat="-26.2108930" lon="-51.1148580">
    <ele>755.1</ele>
   </trkpt>
   <trkpt lat="-26.2108660" lon="-51.1148930">
    <ele>755.2</ele>
   </trkpt>
   <trkpt lat="-26.2108150" lon="-51.1149490">
    <ele>755.4</ele>
   </trkpt>
   <trkpt lat="-26.2108070" lon="-51.1149970">
    <ele>755.6</ele>
   </trkpt>
   <trkpt lat="-26.2107610" lon="-51.1150490">
    <ele>755.8</ele>
   </trkpt>
   <trkpt lat="-26.2107220" lon="-51.1150800">
    <ele>755.9</ele>
   </trkpt>
   <trkpt lat="-26.2106950" lon="-51.1151190">
    <ele>756.1</ele>
   </trkpt>
   <trkpt lat="-26.2106620" lon="-51.1151810">
    <ele>756.3</ele>
   </trkpt>
   <trkpt lat="-26.2106340" lon="-51.1152350">
    <ele>756.4</ele>
   </trkpt>
   <trkpt lat="-26.2106060" lon="-51.1152790">
    <ele>756.5</ele>
   </trkpt>
   <trkpt lat="-26.2105580" lon="-51.1153050">
    <ele>756.5</ele>
   </trkpt>
   <trkpt lat="-26.2105300" lon="-51.1153330">
    <ele>756.6</ele>
   </trkpt>
   <trkpt lat="-26.2104970" lon="-51.1153820">
    <ele>756.6</ele>
   </trkpt>
   <trkpt lat="-26.2104670" lon="-51.1154040">
    <ele>756.6</ele>
   </trkpt>
   <trkpt lat="-26.2104320" lon="-51.1154420">
    <ele>756.5</ele>
   </trkpt>
   <trkpt lat="-26.2103960" lon="-51.1154770">
    <ele>756.5</ele>
   </trkpt>
   <trkpt lat="-26.2103520" lon="-51.1155250">
    <ele>756.4</ele>
   </trkpt>
   <trkpt lat="-26.2103100" lon="-51.1155600">
    <ele>756.3</ele>
   </trkpt>
   <trkpt lat="-26.2102680" lon="-51.1156060">
    <ele>756.2</ele>
   </trkpt>
   <trkpt lat="-26.2102190" lon="-51.1156520">
    <ele>756.1</ele>
   </trkpt>
   <trkpt lat="-26.2101630" lon="-51.1156920">
    <ele>756.0</ele>
   </trkpt>
   <trkpt lat="-26.2101180" lon="-51.1157330">
    <ele>755.9</ele>
   </trkpt>
   <trkpt lat="-26.2100580" lon="-51.1157690">
    <ele>755.7</ele>
   </trkpt>
   <trkpt lat="-26.2100010" lon="-51.1158050">
    <ele>755.6</ele>
   </trkpt>
   <trkpt lat="-26.2099450" lon="-51.1158360">
    <ele>755.5</ele>
   </trkpt>
   <trkpt lat="-26.2098910" lon="-51.1158640">
    <ele>755.5</ele>
   </trkpt>
   <trkpt lat="-26.2098260" lon="-51.1158800">
    <ele>755.5</ele>
   </trkpt>
   <trkpt lat="-26.2097740" lon="-51.1158970">
    <ele>755.5</ele>
   </trkpt>
   <trkpt lat="-26.2097120" lon="-51.1159110">
    <ele>755.5</ele>
   </trkpt>
   <trkpt lat="-26.2096550" lon="-51.1159270">
    <ele>755.6</ele>
   </trkpt>
   <trkpt lat="-26.2096100" lon="-51.1159410">
    <ele>755.7</ele>
   </trkpt>
   <trkpt lat="-26.2095590" lon="-51.1159460">
    <ele>755.8</ele>
   </trkpt>
   <trkpt lat="-26.2095140" lon="-51.1159470">
    <ele>755.9</ele>
   </trkpt>
   <trkpt lat="-26.2094690" lon="-51.1159450">
    <ele>755.9</ele>
   </trkpt>
   <trkpt lat="-26.2094170" lon="-51.1159330">
    <ele>755.9</ele>
   </trkpt>
   <trkpt lat="-26.2093710" lon="-51.1159200">
    <ele>756.0</ele>
   </trkpt>
   <trkpt lat="-26.2093250" lon="-51.1158890">
    <ele>756.0</ele>
   </trkpt>
   <trkpt lat="-26.2092840" lon="-51.1158500">
    <ele>756.0</ele>
   </trkpt>
   <trkpt lat="-26.2092480" lon="-51.1158100">
    <ele>756.1</ele>
   </trkpt>
   <trkpt lat="-26.2092140" lon="-51.1157650">
    <ele>756.1</ele>
   </trkpt>
   <trkpt lat="-26.2091770" lon="-51.1157150">
    <ele>756.2</ele>
   </trkpt>
   <trkpt lat="-26.2091570" lon="-51.1156570">
    <ele>756.2</ele>
   </trkpt>
   <trkpt lat="-26.2091230" lon="-51.1156030">
    <ele>756.3</ele>
   </trkpt>
   <trkpt lat="-26.2091040" lon="-51.1155400">
    <ele>756.4</ele>
   </trkpt>
   <trkpt lat="-26.2090480" lon="-51.1154210">
    <ele>756.4</ele>
   </trkpt>
   <trkpt lat="-26.2090290" lon="-51.1153630">
    <ele>756.5</ele>
   </trkpt>
   <trkpt lat="-26.2090010" lon="-51.1153100">
    <ele>756.5</ele>
   </trkpt>
   <trkpt lat="-26.2089790" lon="-51.1152500">
    <ele>756.5</ele>
   </trkpt>
   <trkpt lat="-26.2089560" lon="-51.1151940">
    <ele>756.6</ele>
   </trkpt>
   <trkpt lat="-26.2089320" lon="-51.1151450">
    <ele>756.6</ele>
   </trkpt>
   <trkpt lat="-26.2089070" lon="-51.1150930">
    <ele>756.7</ele>
   </trkpt>
   <trkpt lat="-26.2088810" lon="-51.1150400">
    <ele>756.8</ele>
   </trkpt>
   <trkpt lat="-26.2088580" lon="-51.1149910">
    <ele>756.8</ele>
   </trkpt>
   <trkpt lat="-26.2088350" lon="-51.1149460">
    <ele>756.9</ele>
   </trkpt>
   <trkpt lat="-26.2088150" lon="-51.1148940">
    <ele>757.0</ele>
   </trkpt>
   <trkpt lat="-26.2087990" lon="-51.1148480">
    <ele>757.0</ele>
   </trkpt>
   <trkpt lat="-26.2087820" lon="-51.1148020">
    <ele>757.1</ele>
   </trkpt>
   <trkpt lat="-26.2087680" lon="-51.1147510">
    <ele>757.2</ele>
   </trkpt>
   <trkpt lat="-26.2087520" lon="-51.1147070">
    <ele>757.3</ele>
   </trkpt>
   <trkpt lat="-26.2087370" lon="-51.1146690">
    <ele>757.3</ele>
   </trkpt>
   <trkpt lat="-26.2087020" lon="-51.1146270">
    <ele>757.4</ele>
   </trkpt>
   <trkpt lat="-26.2086720" lon="-51.1145990">
    <ele>757.5</ele>
   </trkpt>
   <trkpt lat="-26.2086320" lon="-51.1145940">
    <ele>757.5</ele>
   </trkpt>
   <trkpt lat="-26.2085860" lon="-51.1145960">
    <ele>757.6</ele>
   </trkpt>
   <trkpt lat="-26.2085460" lon="-51.1146100">
    <ele>757.6</ele>
   </trkpt>
   <trkpt lat="-26.2085040" lon="-51.1146270">
    <ele>757.7</ele>
   </trkpt>
   <trkpt lat="-26.2084740" lon="-51.1146480">
    <ele>757.7</ele>
   </trkpt>
   <trkpt lat="-26.2084000" lon="-51.1146670">
    <ele>757.7</ele>
   </trkpt>
   <trkpt lat="-26.2083490" lon="-51.1146810">
    <ele>757.8</ele>
   </trkpt>
   <trkpt lat="-26.2083140" lon="-51.1147010">
    <ele>757.8</ele>
   </trkpt>
   <trkpt lat="-26.2082730" lon="-51.1147200">
    <ele>757.8</ele>
   </trkpt>
   <trkpt lat="-26.2082450" lon="-51.1147230">
    <ele>757.8</ele>
   </trkpt>
   <trkpt lat="-26.2081920" lon="-51.1147350">
    <ele>757.8</ele>
   </trkpt>
   <trkpt lat="-26.2081310" lon="-51.1147580">
    <ele>757.9</ele>
   </trkpt>
   <trkpt lat="-26.2080760" lon="-51.1147440">
    <ele>757.9</ele>
   </trkpt>
   <trkpt lat="-26.2080240" lon="-51.1147070">
    <ele>758.1</ele>
   </trkpt>
   <trkpt lat="-26.2079850" lon="-51.1146600">
    <ele>758.2</ele>
   </trkpt>
   <trkpt lat="-26.2079540" lon="-51.1146030">
    <ele>758.3</ele>
   </trkpt>
   <trkpt lat="-26.2079380" lon="-51.1145450">
    <ele>758.4</ele>
   </trkpt>
   <trkpt lat="-26.2079160" lon="-51.1144920">
    <ele>758.5</ele>
   </trkpt>
   <trkpt lat="-26.2078840" lon="-51.1144430">
    <ele>758.7</ele>
   </trkpt>
   <trkpt lat="-26.2078570" lon="-51.1143890">
    <ele>758.8</ele>
   </trkpt>
   <trkpt lat="-26.2078320" lon="-51.1143300">
    <ele>759.0</ele>
   </trkpt>
   <trkpt lat="-26.2078040" lon="-51.1142900">
    <ele>759.1</ele>
   </trkpt>
   <trkpt lat="-26.2077750" lon="-51.1142430">
    <ele>759.2</ele>
   </trkpt>
   <trkpt lat="-26.2077370" lon="-51.1142050">
    <ele>759.3</ele>
   </trkpt>
   <trkpt lat="-26.2077070" lon="-51.1141600">
    <ele>759.4</ele>
   </trkpt>
   <trkpt lat="-26.2076780" lon="-51.1141150">
    <ele>759.6</ele>
   </trkpt>
   <trkpt lat="-26.2076550" lon="-51.1140690">
    <ele>759.7</ele>
   </trkpt>
   <trkpt lat="-26.2076220" lon="-51.1140250">
    <ele>759.8</ele>
   </trkpt>
   <trkpt lat="-26.2075860" lon="-51.1139750">
    <ele>759.9</ele>
   </trkpt>
   <trkpt lat="-26.2075590" lon="-51.1139260">
    <ele>759.9</ele>
   </trkpt>
   <trkpt lat="-26.2075280" lon="-51.1138830">
    <ele>760.0</ele>
   </trkpt>
   <trkpt lat="-26.2074950" lon="-51.1138410">
    <ele>760.0</ele>
   </trkpt>
   <trkpt lat="-26.2074660" lon="-51.1138020">
    <ele>760.1</ele>
   </trkpt>
   <trkpt lat="-26.2074330" lon="-51.1137600">
    <ele>760.2</ele>
   </trkpt>
   <trkpt lat="-26.2073990" lon="-51.1137200">
    <ele>760.3</ele>
   </trkpt>
   <trkpt lat="-26.2073650" lon="-51.1136890">
    <ele>760.3</ele>
   </trkpt>
   <trkpt lat="-26.2073310" lon="-51.1136500">
    <ele>760.4</ele>
   </trkpt>
   <trkpt lat="-26.2073010" lon="-51.1136100">
    <ele>760.6</ele>
   </trkpt>
   <trkpt lat="-26.2072590" lon="-51.1135740">
    <ele>760.7</ele>
   </trkpt>
   <trkpt lat="-26.2072190" lon="-51.1135390">
    <ele>760.9</ele>
   </trkpt>
   <trkpt lat="-26.2071760" lon="-51.1135110">
    <ele>761.0</ele>
   </trkpt>
   <trkpt lat="-26.2071370" lon="-51.1134780">
    <ele>761.2</ele>
   </trkpt>
   <trkpt lat="-26.2071100" lon="-51.1134440">
    <ele>761.3</ele>
   </trkpt>
   <trkpt lat="-26.2070660" lon="-51.1134130">
    <ele>761.5</ele>
   </trkpt>
   <trkpt lat="-26.2070170" lon="-51.1133810">
    <ele>761.6</ele>
   </trkpt>
   <trkpt lat="-26.2069730" lon="-51.1133550">
    <ele>761.7</ele>
   </trkpt>
   <trkpt lat="-26.2069300" lon="-51.1133210">
    <ele>761.8</ele>
   </trkpt>
   <trkpt lat="-26.2068850" lon="-51.1132970">
    <ele>762.0</ele>
   </trkpt>
   <trkpt lat="-26.2068400" lon="-51.1132740">
    <ele>762.1</ele>
   </trkpt>
   <trkpt lat="-26.2068020" lon="-51.1132490">
    <ele>762.3</ele>
   </trkpt>
   <trkpt lat="-26.2067560" lon="-51.1132270">
    <ele>762.4</ele>
   </trkpt>
   <trkpt lat="-26.2067110" lon="-51.1132120">
    <ele>762.6</ele>
   </trkpt>
   <trkpt lat="-26.2066700" lon="-51.1131930">
    <ele>762.7</ele>
   </trkpt>
   <trkpt lat="-26.2066270" lon="-51.1131770">
    <ele>762.8</ele>
   </trkpt>
   <trkpt lat="-26.2066000" lon="-51.1131620">
    <ele>762.9</ele>
   </trkpt>
   <trkpt lat="-26.2065590" lon="-51.1131470">
    <ele>763.0</ele>
   </trkpt>
   <trkpt lat="-26.2065230" lon="-51.1131350">
    <ele>763.1</ele>
   </trkpt>
   <trkpt lat="-26.2064860" lon="-51.1131240">
    <ele>763.2</ele>
   </trkpt>
   <trkpt lat="-26.2064550" lon="-51.1131130">
    <ele>763.3</ele>
   </trkpt>
   <trkpt lat="-26.2064140" lon="-51.1131060">
    <ele>763.4</ele>
   </trkpt>
   <trkpt lat="-26.2063760" lon="-51.1130980">
    <ele>763.5</ele>
   </trkpt>
   <trkpt lat="-26.2063450" lon="-51.1130880">
    <ele>763.6</ele>
   </trkpt>
   <trkpt lat="-26.2063030" lon="-51.1130770">
    <ele>763.7</ele>
   </trkpt>
   <trkpt lat="-26.2062710" lon="-51.1130710">
    <ele>763.7</ele>
   </trkpt>
   <trkpt lat="-26.2062360" lon="-51.1130630">
    <ele>763.8</ele>
   </trkpt>
   <trkpt lat="-26.2062010" lon="-51.1130560">
    <ele>763.9</ele>
   </trkpt>
   <trkpt lat="-26.2061660" lon="-51.1130450">
    <ele>764.0</ele>
   </trkpt>
   <trkpt lat="-26.2061300" lon="-51.1130450">
    <ele>764.1</ele>
   </trkpt>
   <trkpt lat="-26.2060840" lon="-51.1130380">
    <ele>764.2</ele>
   </trkpt>
   <trkpt lat="-26.2060430" lon="-51.1130320">
    <ele>764.3</ele>
   </trkpt>
   <trkpt lat="-26.2060040" lon="-51.1130260">
    <ele>764.4</ele>
   </trkpt>
   <trkpt lat="-26.2059650" lon="-51.1130220">
    <ele>764.5</ele>
   </trkpt>
   <trkpt lat="-26.2059230" lon="-51.1130170">
    <ele>764.6</ele>
   </trkpt>
   <trkpt lat="-26.2058800" lon="-51.1130130">
    <ele>764.7</ele>
   </trkpt>
   <trkpt lat="-26.2058370" lon="-51.1130130">
    <ele>764.9</ele>
   </trkpt>
   <trkpt lat="-26.2057960" lon="-51.1130200">
    <ele>765.0</ele>
   </trkpt>
   <trkpt lat="-26.2057560" lon="-51.1130260">
    <ele>765.1</ele>
   </trkpt>
   <trkpt lat="-26.2057110" lon="-51.1130240">
    <ele>765.2</ele>
   </trkpt>
   <trkpt lat="-26.2056660" lon="-51.1130280">
    <ele>765.3</ele>
   </trkpt>
   <trkpt lat="-26.2056250" lon="-51.1130310">
    <ele>765.5</ele>
   </trkpt>
   <trkpt lat="-26.2055860" lon="-51.1130330">
    <ele>765.6</ele>
   </trkpt>
   <trkpt lat="-26.2055370" lon="-51.1130390">
    <ele>765.7</ele>
   </trkpt>
   <trkpt lat="-26.2054910" lon="-51.1130440">
    <ele>765.8</ele>
   </trkpt>
   <trkpt lat="-26.2054470" lon="-51.1130500">
    <ele>766.0</ele>
   </trkpt>
   <trkpt lat="-26.2054030" lon="-51.1130540">
    <ele>766.1</ele>
   </trkpt>
   <trkpt lat="-26.2053680" lon="-51.1130550">
    <ele>766.2</ele>
   </trkpt>
   <trkpt lat="-26.2053160" lon="-51.1130600">
    <ele>766.3</ele>
   </trkpt>
   <trkpt lat="-26.2052770" lon="-51.1130620">
    <ele>766.5</ele>
   </trkpt>
   <trkpt lat="-26.2052340" lon="-51.1130670">
    <ele>766.6</ele>
   </trkpt>
   <trkpt lat="-26.2051850" lon="-51.1130720">
    <ele>766.7</ele>
   </trkpt>
   <trkpt lat="-26.2051410" lon="-51.1130750">
    <ele>766.8</ele>
   </trkpt>
   <trkpt lat="-26.2050920" lon="-51.1130750">
    <ele>767.0</ele>
   </trkpt>
   <trkpt lat="-26.2050530" lon="-51.1130790">
    <ele>767.1</ele>
   </trkpt>
   <trkpt lat="-26.2050120" lon="-51.1130850">
    <ele>767.2</ele>
   </trkpt>
   <trkpt lat="-26.2049700" lon="-51.1130890">
    <ele>767.3</ele>
   </trkpt>
   <trkpt lat="-26.2049220" lon="-51.1130920">
    <ele>767.4</ele>
   </trkpt>
   <trkpt lat="-26.2048760" lon="-51.1130980">
    <ele>767.6</ele>
   </trkpt>
   <trkpt lat="-26.2048400" lon="-51.1130990">
    <ele>767.7</ele>
   </trkpt>
   <trkpt lat="-26.2047970" lon="-51.1131000">
    <ele>767.8</ele>
   </trkpt>
   <trkpt lat="-26.2047590" lon="-51.1131040">
    <ele>767.9</ele>
   </trkpt>
   <trkpt lat="-26.2047240" lon="-51.1131040">
    <ele>768.0</ele>
   </trkpt>
   <trkpt lat="-26.2046870" lon="-51.1131040">
    <ele>768.1</ele>
   </trkpt>
   <trkpt lat="-26.2046340" lon="-51.1131220">
    <ele>768.2</ele>
   </trkpt>
   <trkpt lat="-26.2045570" lon="-51.1131140">
    <ele>768.4</ele>
   </trkpt>
   <trkpt lat="-26.2045120" lon="-51.1131150">
    <ele>768.5</ele>
   </trkpt>
   <trkpt lat="-26.2044650" lon="-51.1131160">
    <ele>768.6</ele>
   </trkpt>
   <trkpt lat="-26.2044240" lon="-51.1131170">
    <ele>768.7</ele>
   </trkpt>
   <trkpt lat="-26.2043850" lon="-51.1131190">
    <ele>768.8</ele>
   </trkpt>
   <trkpt lat="-26.2043450" lon="-51.1131200">
    <ele>769.0</ele>
   </trkpt>
   <trkpt lat="-26.2043060" lon="-51.1131280">
    <ele>769.1</ele>
   </trkpt>
   <trkpt lat="-26.2042610" lon="-51.1131350">
    <ele>769.2</ele>
   </trkpt>
   <trkpt lat="-26.2042190" lon="-51.1131380">
    <ele>769.4</ele>
   </trkpt>
   <trkpt lat="-26.2041710" lon="-51.1131390">
    <ele>769.5</ele>
   </trkpt>
   <trkpt lat="-26.2041280" lon="-51.1131560">
    <ele>769.7</ele>
   </trkpt>
   <trkpt lat="-26.2040910" lon="-51.1131510">
    <ele>769.7</ele>
   </trkpt>
   <trkpt lat="-26.2040510" lon="-51.1131480">
    <ele>769.8</ele>
   </trkpt>
   <trkpt lat="-26.2040130" lon="-51.1131460">
    <ele>769.9</ele>
   </trkpt>
   <trkpt lat="-26.2039670" lon="-51.1131510">
    <ele>770.0</ele>
   </trkpt>
   <trkpt lat="-26.2039200" lon="-51.1131550">
    <ele>770.0</ele>
   </trkpt>
   <trkpt lat="-26.2038710" lon="-51.1131600">
    <ele>770.1</ele>
   </trkpt>
   <trkpt lat="-26.2038230" lon="-51.1131550">
    <ele>770.1</ele>
   </trkpt>
   <trkpt lat="-26.2037780" lon="-51.1131590">
    <ele>770.2</ele>
   </trkpt>
   <trkpt lat="-26.2037300" lon="-51.1131610">
    <ele>770.3</ele>
   </trkpt>
   <trkpt lat="-26.2036900" lon="-51.1131650">
    <ele>770.3</ele>
   </trkpt>
   <trkpt lat="-26.2036460" lon="-51.1131680">
    <ele>770.4</ele>
   </trkpt>
   <trkpt lat="-26.2035970" lon="-51.1131700">
    <ele>770.4</ele>
   </trkpt>
   <trkpt lat="-26.2035540" lon="-51.1131680">
    <ele>770.5</ele>
   </trkpt>
   <trkpt lat="-26.2035060" lon="-51.1131660">
    <ele>770.5</ele>
   </trkpt>
   <trkpt lat="-26.2034560" lon="-51.1131690">
    <ele>770.5</ele>
   </trkpt>
   <trkpt lat="-26.2034110" lon="-51.1131630">
    <ele>770.5</ele>
   </trkpt>
   <trkpt lat="-26.2033610" lon="-51.1131550">
    <ele>770.5</ele>
   </trkpt>
   <trkpt lat="-26.2033190" lon="-51.1131460">
    <ele>770.4</ele>
   </trkpt>
   <trkpt lat="-26.2032750" lon="-51.1131330">
    <ele>770.4</ele>
   </trkpt>
   <trkpt lat="-26.2032350" lon="-51.1131220">
    <ele>770.4</ele>
   </trkpt>
   <trkpt lat="-26.2031830" lon="-51.1131220">
    <ele>770.3</ele>
   </trkpt>
   <trkpt lat="-26.2031330" lon="-51.1131240">
    <ele>770.3</ele>
   </trkpt>
   <trkpt lat="-26.2030740" lon="-51.1131310">
    <ele>770.3</ele>
   </trkpt>
   <trkpt lat="-26.2030470" lon="-51.1131400">
    <ele>770.3</ele>
   </trkpt>
   <trkpt lat="-26.2030010" lon="-51.1131340">
    <ele>770.3</ele>
   </trkpt>
   <trkpt lat="-26.2029350" lon="-51.1131340">
    <ele>770.3</ele>
   </trkpt>
   <trkpt lat="-26.2028840" lon="-51.1131220">
    <ele>770.2</ele>
   </trkpt>
   <trkpt lat="-26.2028340" lon="-51.1131150">
    <ele>770.2</ele>
   </trkpt>
   <trkpt lat="-26.2027770" lon="-51.1131110">
    <ele>770.1</ele>
   </trkpt>
   <trkpt lat="-26.2027250" lon="-51.1131180">
    <ele>770.0</ele>
   </trkpt>
   <trkpt lat="-26.2026810" lon="-51.1131410">
    <ele>770.0</ele>
   </trkpt>
   <trkpt lat="-26.2026370" lon="-51.1131830">
    <ele>769.8</ele>
   </trkpt>
   <trkpt lat="-26.2025970" lon="-51.1132220">
    <ele>769.7</ele>
   </trkpt>
   <trkpt lat="-26.2025670" lon="-51.1132660">
    <ele>769.5</ele>
   </trkpt>
   <trkpt lat="-26.2025440" lon="-51.1133190">
    <ele>769.4</ele>
   </trkpt>
   <trkpt lat="-26.2025230" lon="-51.1133820">
    <ele>769.2</ele>
   </trkpt>
   <trkpt lat="-26.2025010" lon="-51.1134430">
    <ele>769.0</ele>
   </trkpt>
   <trkpt lat="-26.2024770" lon="-51.1135110">
    <ele>768.9</ele>
   </trkpt>
   <trkpt lat="-26.2024490" lon="-51.1135810">
    <ele>768.6</ele>
   </trkpt>
   <trkpt lat="-26.2024170" lon="-51.1136380">
    <ele>768.4</ele>
   </trkpt>
   <trkpt lat="-26.2023770" lon="-51.1136920">
    <ele>768.2</ele>
   </trkpt>
   <trkpt lat="-26.2023260" lon="-51.1137530">
    <ele>768.0</ele>
   </trkpt>
   <trkpt lat="-26.2022700" lon="-51.1138000">
    <ele>767.7</ele>
   </trkpt>
   <trkpt lat="-26.2022040" lon="-51.1138350">
    <ele>767.5</ele>
   </trkpt>
   <trkpt lat="-26.2021380" lon="-51.1138730">
    <ele>767.3</ele>
   </trkpt>
   <trkpt lat="-26.2020590" lon="-51.1139120">
    <ele>767.0</ele>
   </trkpt>
   <trkpt lat="-26.2019890" lon="-51.1139220">
    <ele>766.8</ele>
   </trkpt>
   <trkpt lat="-26.2019090" lon="-51.1139370">
    <ele>766.6</ele>
   </trkpt>
   <trkpt lat="-26.2018320" lon="-51.1139410">
    <ele>766.4</ele>
   </trkpt>
   <trkpt lat="-26.2017540" lon="-51.1139420">
    <ele>766.2</ele>
   </trkpt>
   <trkpt lat="-26.2016870" lon="-51.1139380">
    <ele>766.0</ele>
   </trkpt>
   <trkpt lat="-26.2016170" lon="-51.1139340">
    <ele>765.8</ele>
   </trkpt>
   <trkpt lat="-26.2015330" lon="-51.1139280">
    <ele>765.5</ele>
   </trkpt>
   <trkpt lat="-26.2014620" lon="-51.1139240">
    <ele>765.3</ele>
   </trkpt>
   <trkpt lat="-26.2013930" lon="-51.1139180">
    <ele>765.0</ele>
   </trkpt>
   <trkpt lat="-26.2013150" lon="-51.1139080">
    <ele>764.8</ele>
   </trkpt>
   <trkpt lat="-26.2012440" lon="-51.1138970">
    <ele>764.6</ele>
   </trkpt>
   <trkpt lat="-26.2011660" lon="-51.1138970">
    <ele>764.3</ele>
   </trkpt>
   <trkpt lat="-26.2010900" lon="-51.1138990">
    <ele>764.1</ele>
   </trkpt>
   <trkpt lat="-26.2010180" lon="-51.1139000">
    <ele>763.9</ele>
   </trkpt>
   <trkpt lat="-26.2009420" lon="-51.1139020">
    <ele>763.6</ele>
   </trkpt>
   <trkpt lat="-26.2008690" lon="-51.1139090">
    <ele>763.4</ele>
   </trkpt>
   <trkpt lat="-26.2007880" lon="-51.1139160">
    <ele>763.2</ele>
   </trkpt>
   <trkpt lat="-26.2006980" lon="-51.1139170">
    <ele>763.1</ele>
   </trkpt>
   <trkpt lat="-26.2006280" lon="-51.1139150">
    <ele>762.9</ele>
   </trkpt>
   <trkpt lat="-26.2005510" lon="-51.1139190">
    <ele>762.8</ele>
   </trkpt>
   <trkpt lat="-26.2004820" lon="-51.1139380">
    <ele>762.6</ele>
   </trkpt>
   <trkpt lat="-26.2004130" lon="-51.1139480">
    <ele>762.5</ele>
   </trkpt>
   <trkpt lat="-26.2003260" lon="-51.1139650">
    <ele>762.4</ele>
   </trkpt>
   <trkpt lat="-26.2002460" lon="-51.1139810">
    <ele>762.4</ele>
   </trkpt>
   <trkpt lat="-26.2001730" lon="-51.1139870">
    <ele>762.3</ele>
   </trkpt>
   <trkpt lat="-26.2001000" lon="-51.1139940">
    <ele>762.3</ele>
   </trkpt>
   <trkpt lat="-26.2000290" lon="-51.1140150">
    <ele>762.2</ele>
   </trkpt>
   <trkpt lat="-26.1999510" lon="-51.1140270">
    <ele>762.2</ele>
   </trkpt>
   <trkpt lat="-26.1998660" lon="-51.1140450">
    <ele>762.1</ele>
   </trkpt>
   <trkpt lat="-26.1997950" lon="-51.1140600">
    <ele>762.1</ele>
   </trkpt>
   <trkpt lat="-26.1997210" lon="-51.1140750">
    <ele>762.0</ele>
   </trkpt>
   <trkpt lat="-26.1996520" lon="-51.1140790">
    <ele>761.9</ele>
   </trkpt>
   <trkpt lat="-26.1995760" lon="-51.1140950">
    <ele>761.8</ele>
   </trkpt>
   <trkpt lat="-26.1995240" lon="-51.1141250">
    <ele>761.7</ele>
   </trkpt>
   <trkpt lat="-26.1994640" lon="-51.1141450">
    <ele>761.7</ele>
   </trkpt>
   <trkpt lat="-26.1993690" lon="-51.1141670">
    <ele>761.6</ele>
   </trkpt>
   <trkpt lat="-26.1992770" lon="-51.1142040">
    <ele>761.6</ele>
   </trkpt>
   <trkpt lat="-26.1992050" lon="-51.1142240">
    <ele>761.6</ele>
   </trkpt>
   <trkpt lat="-26.1991360" lon="-51.1142230">
    <ele>761.6</ele>
   </trkpt>
   <trkpt lat="-26.1990520" lon="-51.1142230">
    <ele>761.6</ele>
   </trkpt>
   <trkpt lat="-26.1989800" lon="-51.1142280">
    <ele>761.6</ele>
   </trkpt>
   <trkpt lat="-26.1989200" lon="-51.1142350">
    <ele>761.7</ele>
   </trkpt>
   <trkpt lat="-26.1988520" lon="-51.1142490">
    <ele>761.7</ele>
   </trkpt>
   <trkpt lat="-26.1987870" lon="-51.1142580">
    <ele>761.8</ele>
   </trkpt>
   <trkpt lat="-26.1987210" lon="-51.1142730">
    <ele>761.8</ele>
   </trkpt>
   <trkpt lat="-26.1986550" lon="-51.1142920">
    <ele>761.9</ele>
   </trkpt>
   <trkpt lat="-26.1985940" lon="-51.1142980">
    <ele>762.0</ele>
   </trkpt>
   <trkpt lat="-26.1985300" lon="-51.1143100">
    <ele>762.1</ele>
   </trkpt>
   <trkpt lat="-26.1984690" lon="-51.1143200">
    <ele>762.2</ele>
   </trkpt>
   <trkpt lat="-26.1984050" lon="-51.1143380">
    <ele>762.3</ele>
   </trkpt>
   <trkpt lat="-26.1983470" lon="-51.1143530">
    <ele>762.4</ele>
   </trkpt>
   <trkpt lat="-26.1982990" lon="-51.1143460">
    <ele>762.4</ele>
   </trkpt>
   <trkpt lat="-26.1982420" lon="-51.1143560">
    <ele>762.5</ele>
   </trkpt>
   <trkpt lat="-26.1981800" lon="-51.1143660">
    <ele>762.6</ele>
   </trkpt>
   <trkpt lat="-26.1981290" lon="-51.1143750">
    <ele>762.6</ele>
   </trkpt>
   <trkpt lat="-26.1980670" lon="-51.1143850">
    <ele>762.6</ele>
   </trkpt>
   <trkpt lat="-26.1980090" lon="-51.1143920">
    <ele>762.6</ele>
   </trkpt>
   <trkpt lat="-26.1979520" lon="-51.1143990">
    <ele>762.6</ele>
   </trkpt>
   <trkpt lat="-26.1978950" lon="-51.1144090">
    <ele>762.5</ele>
   </trkpt>
   <trkpt lat="-26.1978370" lon="-51.1144260">
    <ele>762.5</ele>
   </trkpt>
   <trkpt lat="-26.1977810" lon="-51.1144390">
    <ele>762.5</ele>
   </trkpt>
   <trkpt lat="-26.1977200" lon="-51.1144480">
    <ele>762.5</ele>
   </trkpt>
   <trkpt lat="-26.1976500" lon="-51.1144610">
    <ele>762.4</ele>
   </trkpt>
   <trkpt lat="-26.1975830" lon="-51.1144640">
    <ele>762.4</ele>
   </trkpt>
   <trkpt lat="-26.1975280" lon="-51.1144790">
    <ele>762.3</ele>
   </trkpt>
   <trkpt lat="-26.1974570" lon="-51.1144850">
    <ele>762.2</ele>
   </trkpt>
   <trkpt lat="-26.1974000" lon="-51.1144920">
    <ele>762.1</ele>
   </trkpt>
   <trkpt lat="-26.1973500" lon="-51.1144970">
    <ele>762.0</ele>
   </trkpt>
   <trkpt lat="-26.1972920" lon="-51.1145080">
    <ele>761.8</ele>
   </trkpt>
   <trkpt lat="-26.1972230" lon="-51.1145160">
    <ele>761.7</ele>
   </trkpt>
   <trkpt lat="-26.1971600" lon="-51.1145200">
    <ele>761.6</ele>
   </trkpt>
   <trkpt lat="-26.1971000" lon="-51.1145310">
    <ele>761.5</ele>
   </trkpt>
   <trkpt lat="-26.1970340" lon="-51.1145350">
    <ele>761.3</ele>
   </trkpt>
   <trkpt lat="-26.1969730" lon="-51.1145350">
    <ele>761.2</ele>
   </trkpt>
   <trkpt lat="-26.1968880" lon="-51.1145210">
    <ele>761.0</ele>
   </trkpt>
   <trkpt lat="-26.1968030" lon="-51.1145030">
    <ele>760.9</ele>
   </trkpt>
   <trkpt lat="-26.1967800" lon="-51.1145270">
    <ele>760.8</ele>
   </trkpt>
   <trkpt lat="-26.1967360" lon="-51.1145110">
    <ele>760.7</ele>
   </trkpt>
   <trkpt lat="-26.1966530" lon="-51.1145350">
    <ele>760.5</ele>
   </trkpt>
   <trkpt lat="-26.1965770" lon="-51.1145490">
    <ele>760.2</ele>
   </trkpt>
   <trkpt lat="-26.1965060" lon="-51.1145500">
    <ele>760.0</ele>
   </trkpt>
   <trkpt lat="-26.1964380" lon="-51.1145590">
    <ele>759.7</ele>
   </trkpt>
   <trkpt lat="-26.1963640" lon="-51.1145650">
    <ele>759.4</ele>
   </trkpt>
   <trkpt lat="-26.1962860" lon="-51.1145710">
    <ele>759.2</ele>
   </trkpt>
   <trkpt lat="-26.1962100" lon="-51.1145790">
    <ele>758.9</ele>
   </trkpt>
   <trkpt lat="-26.1961310" lon="-51.1145870">
    <ele>758.6</ele>
   </trkpt>
   <trkpt lat="-26.1960550" lon="-51.1145970">
    <ele>758.4</ele>
   </trkpt>
   <trkpt lat="-26.1959770" lon="-51.1146070">
    <ele>758.2</ele>
   </trkpt>
   <trkpt lat="-26.1959030" lon="-51.1146140">
    <ele>758.1</ele>
   </trkpt>
   <trkpt lat="-26.1957450" lon="-51.1146500">
    <ele>757.7</ele>
   </trkpt>
   <trkpt lat="-26.1956700" lon="-51.1146620">
    <ele>757.5</ele>
   </trkpt>
   <trkpt lat="-26.1955980" lon="-51.1146700">
    <ele>757.3</ele>
   </trkpt>
   <trkpt lat="-26.1955200" lon="-51.1146840">
    <ele>757.1</ele>
   </trkpt>
   <trkpt lat="-26.1954460" lon="-51.1147000">
    <ele>757.0</ele>
   </trkpt>
   <trkpt lat="-26.1953790" lon="-51.1147170">
    <ele>756.8</ele>
   </trkpt>
   <trkpt lat="-26.1953020" lon="-51.1147460">
    <ele>756.6</ele>
   </trkpt>
   <trkpt lat="-26.1952470" lon="-51.1147780">
    <ele>756.5</ele>
   </trkpt>
   <trkpt lat="-26.1951760" lon="-51.1148150">
    <ele>756.3</ele>
   </trkpt>
   <trkpt lat="-26.1951090" lon="-51.1148480">
    <ele>756.2</ele>
   </trkpt>
   <trkpt lat="-26.1950460" lon="-51.1148780">
    <ele>756.0</ele>
   </trkpt>
   <trkpt lat="-26.1949850" lon="-51.1149130">
    <ele>755.9</ele>
   </trkpt>
   <trkpt lat="-26.1949110" lon="-51.1149600">
    <ele>755.7</ele>
   </trkpt>
   <trkpt lat="-26.1948370" lon="-51.1150130">
    <ele>755.5</ele>
   </trkpt>
   <trkpt lat="-26.1947780" lon="-51.1150440">
    <ele>755.4</ele>
   </trkpt>
   <trkpt lat="-26.1947100" lon="-51.1150900">
    <ele>755.2</ele>
   </trkpt>
   <trkpt lat="-26.1946450" lon="-51.1151340">
    <ele>755.0</ele>
   </trkpt>
   <trkpt lat="-26.1945860" lon="-51.1151850">
    <ele>754.8</ele>
   </trkpt>
   <trkpt lat="-26.1945400" lon="-51.1152390">
    <ele>754.6</ele>
   </trkpt>
   <trkpt lat="-26.1944890" lon="-51.1152950">
    <ele>754.4</ele>
   </trkpt>
   <trkpt lat="-26.1944460" lon="-51.1153460">
    <ele>754.3</ele>
   </trkpt>
   <trkpt lat="-26.1944050" lon="-51.1153910">
    <ele>754.2</ele>
   </trkpt>
   <trkpt lat="-26.1943480" lon="-51.1154340">
    <ele>754.0</ele>
   </trkpt>
   <trkpt lat="-26.1942950" lon="-51.1154710">
    <ele>753.8</ele>
   </trkpt>
   <trkpt lat="-26.1942510" lon="-51.1155290">
    <ele>753.6</ele>
   </trkpt>
   <trkpt lat="-26.1941970" lon="-51.1155900">
    <ele>753.3</ele>
   </trkpt>
   <trkpt lat="-26.1941400" lon="-51.1156470">
    <ele>753.1</ele>
   </trkpt>
   <trkpt lat="-26.1940910" lon="-51.1157060">
    <ele>753.0</ele>
   </trkpt>
   <trkpt lat="-26.1940500" lon="-51.1157800">
    <ele>752.8</ele>
   </trkpt>
   <trkpt lat="-26.1940040" lon="-51.1158430">
    <ele>752.6</ele>
   </trkpt>
   <trkpt lat="-26.1939590" lon="-51.1159130">
    <ele>752.4</ele>
   </trkpt>
   <trkpt lat="-26.1939190" lon="-51.1159800">
    <ele>752.3</ele>
   </trkpt>
   <trkpt lat="-26.1938750" lon="-51.1160580">
    <ele>752.1</ele>
   </trkpt>
   <trkpt lat="-26.1938530" lon="-51.1161360">
    <ele>751.9</ele>
   </trkpt>
   <trkpt lat="-26.1938200" lon="-51.1162070">
    <ele>751.8</ele>
   </trkpt>
   <trkpt lat="-26.1937900" lon="-51.1162750">
    <ele>751.7</ele>
   </trkpt>
   <trkpt lat="-26.1937660" lon="-51.1163710">
    <ele>751.5</ele>
   </trkpt>
   <trkpt lat="-26.1937410" lon="-51.1164610">
    <ele>751.4</ele>
   </trkpt>
   <trkpt lat="-26.1937170" lon="-51.1165540">
    <ele>751.3</ele>
   </trkpt>
   <trkpt lat="-26.1937010" lon="-51.1166400">
    <ele>751.3</ele>
   </trkpt>
   <trkpt lat="-26.1936940" lon="-51.1167480">
    <ele>751.2</ele>
   </trkpt>
   <trkpt lat="-26.1936810" lon="-51.1168440">
    <ele>751.2</ele>
   </trkpt>
   <trkpt lat="-26.1936660" lon="-51.1169270">
    <ele>751.2</ele>
   </trkpt>
   <trkpt lat="-26.1936510" lon="-51.1170250">
    <ele>751.2</ele>
   </trkpt>
   <trkpt lat="-26.1936310" lon="-51.1171040">
    <ele>751.2</ele>
   </trkpt>
   <trkpt lat="-26.1936160" lon="-51.1171940">
    <ele>751.2</ele>
   </trkpt>
   <trkpt lat="-26.1935950" lon="-51.1172820">
    <ele>751.2</ele>
   </trkpt>
   <trkpt lat="-26.1935800" lon="-51.1173640">
    <ele>751.3</ele>
   </trkpt>
   <trkpt lat="-26.1935690" lon="-51.1174530">
    <ele>751.3</ele>
   </trkpt>
   <trkpt lat="-26.1935500" lon="-51.1175000">
    <ele>751.3</ele>
   </trkpt>
   <trkpt lat="-26.1935330" lon="-51.1175770">
    <ele>751.3</ele>
   </trkpt>
   <trkpt lat="-26.1935180" lon="-51.1176530">
    <ele>751.4</ele>
   </trkpt>
   <trkpt lat="-26.1935020" lon="-51.1177350">
    <ele>751.4</ele>
   </trkpt>
   <trkpt lat="-26.1934840" lon="-51.1177940">
    <ele>751.4</ele>
   </trkpt>
   <trkpt lat="-26.1934640" lon="-51.1178630">
    <ele>751.5</ele>
   </trkpt>
   <trkpt lat="-26.1934480" lon="-51.1179400">
    <ele>751.5</ele>
   </trkpt>
   <trkpt lat="-26.1934200" lon="-51.1180170">
    <ele>751.5</ele>
   </trkpt>
   <trkpt lat="-26.1934040" lon="-51.1180760">
    <ele>751.5</ele>
   </trkpt>
   <trkpt lat="-26.1933840" lon="-51.1181560">
    <ele>751.5</ele>
   </trkpt>
   <trkpt lat="-26.1933600" lon="-51.1182280">
    <ele>751.5</ele>
   </trkpt>
   <trkpt lat="-26.1933280" lon="-51.1183080">
    <ele>751.5</ele>
   </trkpt>
   <trkpt lat="-26.1933030" lon="-51.1183730">
    <ele>751.4</ele>
   </trkpt>
   <trkpt lat="-26.1932730" lon="-51.1184460">
    <ele>751.4</ele>
   </trkpt>
   <trkpt lat="-26.1932390" lon="-51.1185180">
    <ele>751.4</ele>
   </trkpt>
   <trkpt lat="-26.1932110" lon="-51.1185810">
    <ele>751.3</ele>
   </trkpt>
   <trkpt lat="-26.1931650" lon="-51.1186450">
    <ele>751.3</ele>
   </trkpt>
   <trkpt lat="-26.1931310" lon="-51.1187220">
    <ele>751.3</ele>
   </trkpt>
   <trkpt lat="-26.1930890" lon="-51.1187830">
    <ele>751.3</ele>
   </trkpt>
   <trkpt lat="-26.1930500" lon="-51.1188540">
    <ele>751.3</ele>
   </trkpt>
   <trkpt lat="-26.1930160" lon="-51.1189100">
    <ele>751.3</ele>
   </trkpt>
   <trkpt lat="-26.1929710" lon="-51.1189690">
    <ele>751.3</ele>
   </trkpt>
   <trkpt lat="-26.1929290" lon="-51.1190280">
    <ele>751.3</ele>
   </trkpt>
   <trkpt lat="-26.1928800" lon="-51.1190800">
    <ele>751.3</ele>
   </trkpt>
   <trkpt lat="-26.1928330" lon="-51.1191390">
    <ele>751.4</ele>
   </trkpt>
   <trkpt lat="-26.1927880" lon="-51.1191970">
    <ele>751.4</ele>
   </trkpt>
   <trkpt lat="-26.1927430" lon="-51.1192490">
    <ele>751.4</ele>
   </trkpt>
   <trkpt lat="-26.1926920" lon="-51.1193140">
    <ele>751.5</ele>
   </trkpt>
   <trkpt lat="-26.1926630" lon="-51.1193710">
    <ele>751.6</ele>
   </trkpt>
   <trkpt lat="-26.1926210" lon="-51.1194260">
    <ele>751.7</ele>
   </trkpt>
   <trkpt lat="-26.1925770" lon="-51.1194770">
    <ele>751.8</ele>
   </trkpt>
   <trkpt lat="-26.1925310" lon="-51.1195210">
    <ele>751.8</ele>
   </trkpt>
   <trkpt lat="-26.1924970" lon="-51.1195690">
    <ele>751.8</ele>
   </trkpt>
   <trkpt lat="-26.1924530" lon="-51.1196320">
    <ele>751.9</ele>
   </trkpt>
   <trkpt lat="-26.1924070" lon="-51.1196780">
    <ele>751.9</ele>
   </trkpt>
   <trkpt lat="-26.1923680" lon="-51.1197230">
    <ele>752.0</ele>
   </trkpt>
   <trkpt lat="-26.1923310" lon="-51.1197800">
    <ele>752.1</ele>
   </trkpt>
   <trkpt lat="-26.1922890" lon="-51.1198330">
    <ele>752.2</ele>
   </trkpt>
   <trkpt lat="-26.1922510" lon="-51.1198860">
    <ele>752.3</ele>
   </trkpt>
   <trkpt lat="-26.1922120" lon="-51.1199350">
    <ele>752.3</ele>
   </trkpt>
   <trkpt lat="-26.1921730" lon="-51.1199870">
    <ele>752.4</ele>
   </trkpt>
   <trkpt lat="-26.1921340" lon="-51.1200360">
    <ele>752.4</ele>
   </trkpt>
   <trkpt lat="-26.1920930" lon="-51.1200860">
    <ele>752.4</ele>
   </trkpt>
   <trkpt lat="-26.1920480" lon="-51.1201340">
    <ele>752.4</ele>
   </trkpt>
   <trkpt lat="-26.1920140" lon="-51.1201870">
    <ele>752.5</ele>
   </trkpt>
   <trkpt lat="-26.1919740" lon="-51.1202330">
    <ele>752.5</ele>
   </trkpt>
   <trkpt lat="-26.1919340" lon="-51.1202840">
    <ele>752.5</ele>
   </trkpt>
   <trkpt lat="-26.1918980" lon="-51.1203260">
    <ele>752.5</ele>
   </trkpt>
   <trkpt lat="-26.1918530" lon="-51.1203820">
    <ele>752.6</ele>
   </trkpt>
   <trkpt lat="-26.1918180" lon="-51.1204330">
    <ele>752.7</ele>
   </trkpt>
   <trkpt lat="-26.1917800" lon="-51.1204830">
    <ele>752.8</ele>
   </trkpt>
   <trkpt lat="-26.1917540" lon="-51.1205270">
    <ele>752.9</ele>
   </trkpt>
   <trkpt lat="-26.1917160" lon="-51.1205730">
    <ele>752.9</ele>
   </trkpt>
   <trkpt lat="-26.1916790" lon="-51.1206230">
    <ele>753.0</ele>
   </trkpt>
   <trkpt lat="-26.1916350" lon="-51.1206680">
    <ele>753.1</ele>
   </trkpt>
   <trkpt lat="-26.1915980" lon="-51.1207060">
    <ele>753.1</ele>
   </trkpt>
   <trkpt lat="-26.1915610" lon="-51.1207520">
    <ele>753.2</ele>
   </trkpt>
   <trkpt lat="-26.1915060" lon="-51.1208320">
    <ele>753.3</ele>
   </trkpt>
   <trkpt lat="-26.1914720" lon="-51.1208720">
    <ele>753.4</ele>
   </trkpt>
   <trkpt lat="-26.1914470" lon="-51.1209040">
    <ele>753.5</ele>
   </trkpt>
   <trkpt lat="-26.1914160" lon="-51.1209460">
    <ele>753.6</ele>
   </trkpt>
   <trkpt lat="-26.1913760" lon="-51.1209690">
    <ele>753.6</ele>
   </trkpt>
   <trkpt lat="-26.1913490" lon="-51.1210120">
    <ele>753.7</ele>
   </trkpt>
   <trkpt lat="-26.1913200" lon="-51.1210560">
    <ele>753.7</ele>
   </trkpt>
   <trkpt lat="-26.1912850" lon="-51.1211070">
    <ele>753.8</ele>
   </trkpt>
   <trkpt lat="-26.1912480" lon="-51.1211440">
    <ele>753.8</ele>
   </trkpt>
   <trkpt lat="-26.1912080" lon="-51.1211820">
    <ele>753.8</ele>
   </trkpt>
   <trkpt lat="-26.1911670" lon="-51.1212210">
    <ele>753.8</ele>
   </trkpt>
   <trkpt lat="-26.1911270" lon="-51.1212560">
    <ele>753.9</ele>
   </trkpt>
   <trkpt lat="-26.1910960" lon="-51.1213000">
    <ele>753.9</ele>
   </trkpt>
   <trkpt lat="-26.1910540" lon="-51.1213350">
    <ele>753.9</ele>
   </trkpt>
   <trkpt lat="-26.1910250" lon="-51.1213760">
    <ele>753.9</ele>
   </trkpt>
   <trkpt lat="-26.1909920" lon="-51.1214110">
    <ele>753.9</ele>
   </trkpt>
   <trkpt lat="-26.1909440" lon="-51.1214490">
    <ele>753.9</ele>
   </trkpt>
   <trkpt lat="-26.1909020" lon="-51.1214910">
    <ele>753.9</ele>
   </trkpt>
   <trkpt lat="-26.1908640" lon="-51.1215270">
    <ele>753.9</ele>
   </trkpt>
   <trkpt lat="-26.1908110" lon="-51.1215680">
    <ele>753.9</ele>
   </trkpt>
   <trkpt lat="-26.1907790" lon="-51.1216050">
    <ele>753.8</ele>
   </trkpt>
   <trkpt lat="-26.1907380" lon="-51.1216500">
    <ele>753.8</ele>
   </trkpt>
   <trkpt lat="-26.1906980" lon="-51.1216840">
    <ele>753.8</ele>
   </trkpt>
   <trkpt lat="-26.1906590" lon="-51.1217190">
    <ele>753.8</ele>
   </trkpt>
   <trkpt lat="-26.1906200" lon="-51.1217590">
    <ele>753.8</ele>
   </trkpt>
   <trkpt lat="-26.1905700" lon="-51.1218060">
    <ele>753.8</ele>
   </trkpt>
   <trkpt lat="-26.1905140" lon="-51.1218440">
    <ele>753.8</ele>
   </trkpt>
   <trkpt lat="-26.1904760" lon="-51.1218760">
    <ele>753.8</ele>
   </trkpt>
   <trkpt lat="-26.1904270" lon="-51.1219100">
    <ele>753.9</ele>
   </trkpt>
   <trkpt lat="-26.1903870" lon="-51.1219450">
    <ele>753.9</ele>
   </trkpt>
   <trkpt lat="-26.1903490" lon="-51.1219820">
    <ele>753.9</ele>
   </trkpt>
   <trkpt lat="-26.1903000" lon="-51.1220240">
    <ele>753.9</ele>
   </trkpt>
   <trkpt lat="-26.1902590" lon="-51.1220540">
    <ele>753.9</ele>
   </trkpt>
   <trkpt lat="-26.1902080" lon="-51.1220890">
    <ele>754.0</ele>
   </trkpt>
   <trkpt lat="-26.1901720" lon="-51.1221250">
    <ele>754.0</ele>
   </trkpt>
   <trkpt lat="-26.1901460" lon="-51.1221570">
    <ele>754.0</ele>
   </trkpt>
   <trkpt lat="-26.1901080" lon="-51.1221940">
    <ele>754.0</ele>
   </trkpt>
   <trkpt lat="-26.1900630" lon="-51.1222340">
    <ele>754.1</ele>
   </trkpt>
   <trkpt lat="-26.1900280" lon="-51.1222680">
    <ele>754.1</ele>
   </trkpt>
   <trkpt lat="-26.1899920" lon="-51.1222970">
    <ele>754.1</ele>
   </trkpt>
   <trkpt lat="-26.1899570" lon="-51.1223270">
    <ele>754.1</ele>
   </trkpt>
   <trkpt lat="-26.1899130" lon="-51.1223650">
    <ele>754.1</ele>
   </trkpt>
   <trkpt lat="-26.1898720" lon="-51.1223980">
    <ele>754.1</ele>
   </trkpt>
   <trkpt lat="-26.1898320" lon="-51.1224320">
    <ele>754.1</ele>
   </trkpt>
   <trkpt lat="-26.1897940" lon="-51.1224650">
    <ele>754.2</ele>
   </trkpt>
   <trkpt lat="-26.1897470" lon="-51.1225000">
    <ele>754.2</ele>
   </trkpt>
   <trkpt lat="-26.1897030" lon="-51.1225300">
    <ele>754.2</ele>
   </trkpt>
   <trkpt lat="-26.1896610" lon="-51.1225610">
    <ele>754.2</ele>
   </trkpt>
   <trkpt lat="-26.1896400" lon="-51.1225950">
    <ele>754.2</ele>
   </trkpt>
   <trkpt lat="-26.1896100" lon="-51.1226290">
    <ele>754.2</ele>
   </trkpt>
   <trkpt lat="-26.1895640" lon="-51.1226650">
    <ele>754.2</ele>
   </trkpt>
   <trkpt lat="-26.1895330" lon="-51.1226930">
    <ele>754.2</ele>
   </trkpt>
   <trkpt lat="-26.1894870" lon="-51.1227320">
    <ele>754.2</ele>
   </trkpt>
   <trkpt lat="-26.1894510" lon="-51.1227530">
    <ele>754.2</ele>
   </trkpt>
   <trkpt lat="-26.1894110" lon="-51.1227760">
    <ele>754.3</ele>
   </trkpt>
   <trkpt lat="-26.1893770" lon="-51.1228120">
    <ele>754.3</ele>
   </trkpt>
   <trkpt lat="-26.1893460" lon="-51.1228550">
    <ele>754.3</ele>
   </trkpt>
   <trkpt lat="-26.1893070" lon="-51.1228920">
    <ele>754.2</ele>
   </trkpt>
   <trkpt lat="-26.1892780" lon="-51.1229230">
    <ele>754.2</ele>
   </trkpt>
   <trkpt lat="-26.1892300" lon="-51.1229570">
    <ele>754.2</ele>
   </trkpt>
   <trkpt lat="-26.1891880" lon="-51.1229900">
    <ele>754.2</ele>
   </trkpt>
   <trkpt lat="-26.1891520" lon="-51.1230230">
    <ele>754.2</ele>
   </trkpt>
   <trkpt lat="-26.1891110" lon="-51.1230510">
    <ele>754.1</ele>
   </trkpt>
   <trkpt lat="-26.1890680" lon="-51.1230950">
    <ele>754.1</ele>
   </trkpt>
   <trkpt lat="-26.1890350" lon="-51.1231380">
    <ele>754.1</ele>
   </trkpt>
   <trkpt lat="-26.1889930" lon="-51.1231730">
    <ele>754.1</ele>
   </trkpt>
   <trkpt lat="-26.1889520" lon="-51.1232130">
    <ele>754.1</ele>
   </trkpt>
   <trkpt lat="-26.1889110" lon="-51.1232510">
    <ele>754.1</ele>
   </trkpt>
   <trkpt lat="-26.1888580" lon="-51.1232900">
    <ele>754.1</ele>
   </trkpt>
   <trkpt lat="-26.1888270" lon="-51.1233310">
    <ele>754.0</ele>
   </trkpt>
   <trkpt lat="-26.1887810" lon="-51.1233670">
    <ele>754.0</ele>
   </trkpt>
   <trkpt lat="-26.1887330" lon="-51.1234050">
    <ele>754.0</ele>
   </trkpt>
   <trkpt lat="-26.1886890" lon="-51.1234460">
    <ele>753.9</ele>
   </trkpt>
   <trkpt lat="-26.1886490" lon="-51.1234850">
    <ele>753.9</ele>
   </trkpt>
   <trkpt lat="-26.1886020" lon="-51.1235230">
    <ele>753.9</ele>
   </trkpt>
   <trkpt lat="-26.1885620" lon="-51.1235610">
    <ele>753.9</ele>
   </trkpt>
   <trkpt lat="-26.1885230" lon="-51.1235990">
    <ele>753.9</ele>
   </trkpt>
   <trkpt lat="-26.1884820" lon="-51.1236400">
    <ele>753.9</ele>
   </trkpt>
   <trkpt lat="-26.1884290" lon="-51.1236780">
    <ele>753.9</ele>
   </trkpt>
   <trkpt lat="-26.1883880" lon="-51.1237170">
    <ele>753.9</ele>
   </trkpt>
   <trkpt lat="-26.1883390" lon="-51.1237580">
    <ele>754.0</ele>
   </trkpt>
   <trkpt lat="-26.1882930" lon="-51.1237990">
    <ele>754.0</ele>
   </trkpt>
   <trkpt lat="-26.1882540" lon="-51.1238330">
    <ele>754.1</ele>
   </trkpt>
   <trkpt lat="-26.1882140" lon="-51.1238730">
    <ele>754.1</ele>
   </trkpt>
   <trkpt lat="-26.1881780" lon="-51.1239090">
    <ele>754.2</ele>
   </trkpt>
   <trkpt lat="-26.1881300" lon="-51.1239470">
    <ele>754.3</ele>
   </trkpt>
   <trkpt lat="-26.1880850" lon="-51.1239840">
    <ele>754.3</ele>
   </trkpt>
   <trkpt lat="-26.1880490" lon="-51.1240220">
    <ele>754.4</ele>
   </trkpt>
   <trkpt lat="-26.1880080" lon="-51.1240620">
    <ele>754.4</ele>
   </trkpt>
   <trkpt lat="-26.1879640" lon="-51.1240930">
    <ele>754.4</ele>
   </trkpt>
   <trkpt lat="-26.1879130" lon="-51.1241250">
    <ele>754.5</ele>
   </trkpt>
   <trkpt lat="-26.1878700" lon="-51.1241680">
    <ele>754.5</ele>
   </trkpt>
   <trkpt lat="-26.1878450" lon="-51.1241990">
    <ele>754.5</ele>
   </trkpt>
   <trkpt lat="-26.1878010" lon="-51.1242310">
    <ele>754.6</ele>
   </trkpt>
   <trkpt lat="-26.1877590" lon="-51.1242720">
    <ele>754.6</ele>
   </trkpt>
   <trkpt lat="-26.1877110" lon="-51.1243090">
    <ele>754.6</ele>
   </trkpt>
   <trkpt lat="-26.1876720" lon="-51.1243410">
    <ele>754.7</ele>
   </trkpt>
   <trkpt lat="-26.1876280" lon="-51.1243700">
    <ele>754.7</ele>
   </trkpt>
   <trkpt lat="-26.1875880" lon="-51.1244000">
    <ele>754.7</ele>
   </trkpt>
   <trkpt lat="-26.1875410" lon="-51.1244420">
    <ele>754.7</ele>
   </trkpt>
   <trkpt lat="-26.1874960" lon="-51.1244800">
    <ele>754.7</ele>
   </trkpt>
   <trkpt lat="-26.1874460" lon="-51.1245180">
    <ele>754.7</ele>
   </trkpt>
   <trkpt lat="-26.1874060" lon="-51.1245580">
    <ele>754.7</ele>
   </trkpt>
   <trkpt lat="-26.1873600" lon="-51.1245990">
    <ele>754.7</ele>
   </trkpt>
   <trkpt lat="-26.1873130" lon="-51.1246420">
    <ele>754.7</ele>
   </trkpt>
   <trkpt lat="-26.1872680" lon="-51.1246860">
    <ele>754.7</ele>
   </trkpt>
   <trkpt lat="-26.1872180" lon="-51.1247280">
    <ele>754.8</ele>
   </trkpt>
   <trkpt lat="-26.1871770" lon="-51.1247740">
    <ele>754.8</ele>
   </trkpt>
   <trkpt lat="-26.1871270" lon="-51.1248160">
    <ele>754.8</ele>
   </trkpt>
   <trkpt lat="-26.1870820" lon="-51.1248590">
    <ele>754.9</ele>
   </trkpt>
   <trkpt lat="-26.1870350" lon="-51.1248940">
    <ele>754.9</ele>
   </trkpt>
   <trkpt lat="-26.1869860" lon="-51.1249250">
    <ele>755.0</ele>
   </trkpt>
   <trkpt lat="-26.1869500" lon="-51.1249640">
    <ele>755.0</ele>
   </trkpt>
   <trkpt lat="-26.1868530" lon="-51.1250560">
    <ele>755.2</ele>
   </trkpt>
   <trkpt lat="-26.1868050" lon="-51.1250930">
    <ele>755.2</ele>
   </trkpt>
   <trkpt lat="-26.1867680" lon="-51.1251370">
    <ele>755.3</ele>
   </trkpt>
   <trkpt lat="-26.1867170" lon="-51.1251770">
    <ele>755.4</ele>
   </trkpt>
   <trkpt lat="-26.1866750" lon="-51.1252140">
    <ele>755.5</ele>
   </trkpt>
   <trkpt lat="-26.1866370" lon="-51.1252470">
    <ele>755.6</ele>
   </trkpt>
   <trkpt lat="-26.1866010" lon="-51.1252830">
    <ele>755.7</ele>
   </trkpt>
   <trkpt lat="-26.1865590" lon="-51.1253180">
    <ele>755.8</ele>
   </trkpt>
   <trkpt lat="-26.1865060" lon="-51.1253550">
    <ele>755.8</ele>
   </trkpt>
   <trkpt lat="-26.1864700" lon="-51.1253890">
    <ele>755.9</ele>
   </trkpt>
   <trkpt lat="-26.1864270" lon="-51.1254350">
    <ele>755.9</ele>
   </trkpt>
   <trkpt lat="-26.1863940" lon="-51.1254740">
    <ele>756.0</ele>
   </trkpt>
   <trkpt lat="-26.1863540" lon="-51.1255120">
    <ele>756.0</ele>
   </trkpt>
   <trkpt lat="-26.1863130" lon="-51.1255470">
    <ele>756.0</ele>
   </trkpt>
   <trkpt lat="-26.1862660" lon="-51.1255850">
    <ele>756.0</ele>
   </trkpt>
   <trkpt lat="-26.1862280" lon="-51.1256180">
    <ele>756.0</ele>
   </trkpt>
   <trkpt lat="-26.1861850" lon="-51.1256570">
    <ele>756.0</ele>
   </trkpt>
   <trkpt lat="-26.1861470" lon="-51.1256900">
    <ele>755.9</ele>
   </trkpt>
   <trkpt lat="-26.1860990" lon="-51.1257310">
    <ele>755.9</ele>
   </trkpt>
   <trkpt lat="-26.1860610" lon="-51.1257740">
    <ele>755.9</ele>
   </trkpt>
   <trkpt lat="-26.1860160" lon="-51.1258080">
    <ele>755.9</ele>
   </trkpt>
   <trkpt lat="-26.1859690" lon="-51.1258410">
    <ele>755.8</ele>
   </trkpt>
   <trkpt lat="-26.1859390" lon="-51.1258870">
    <ele>755.8</ele>
   </trkpt>
   <trkpt lat="-26.1858940" lon="-51.1259210">
    <ele>755.8</ele>
   </trkpt>
   <trkpt lat="-26.1858380" lon="-51.1259600">
    <ele>755.8</ele>
   </trkpt>
   <trkpt lat="-26.1858000" lon="-51.1260020">
    <ele>755.8</ele>
   </trkpt>
   <trkpt lat="-26.1857610" lon="-51.1260280">
    <ele>755.7</ele>
   </trkpt>
   <trkpt lat="-26.1857180" lon="-51.1260650">
    <ele>755.7</ele>
   </trkpt>
   <trkpt lat="-26.1856730" lon="-51.1261100">
    <ele>755.6</ele>
   </trkpt>
   <trkpt lat="-26.1856320" lon="-51.1261500">
    <ele>755.6</ele>
   </trkpt>
   <trkpt lat="-26.1855870" lon="-51.1261860">
    <ele>755.5</ele>
   </trkpt>
   <trkpt lat="-26.1855430" lon="-51.1262200">
    <ele>755.4</ele>
   </trkpt>
   <trkpt lat="-26.1854990" lon="-51.1262600">
    <ele>755.3</ele>
   </trkpt>
   <trkpt lat="-26.1854560" lon="-51.1262940">
    <ele>755.3</ele>
   </trkpt>
   <trkpt lat="-26.1854130" lon="-51.1263360">
    <ele>755.2</ele>
   </trkpt>
   <trkpt lat="-26.1853460" lon="-51.1263640">
    <ele>755.1</ele>
   </trkpt>
   <trkpt lat="-26.1852950" lon="-51.1264030">
    <ele>755.1</ele>
   </trkpt>
   <trkpt lat="-26.1852530" lon="-51.1264370">
    <ele>755.0</ele>
   </trkpt>
   <trkpt lat="-26.1852030" lon="-51.1264740">
    <ele>754.9</ele>
   </trkpt>
   <trkpt lat="-26.1851520" lon="-51.1265060">
    <ele>754.9</ele>
   </trkpt>
   <trkpt lat="-26.1851030" lon="-51.1265400">
    <ele>754.8</ele>
   </trkpt>
   <trkpt lat="-26.1850550" lon="-51.1265810">
    <ele>754.8</ele>
   </trkpt>
   <trkpt lat="-26.1850070" lon="-51.1266160">
    <ele>754.7</ele>
   </trkpt>
   <trkpt lat="-26.1849530" lon="-51.1266530">
    <ele>754.7</ele>
   </trkpt>
   <trkpt lat="-26.1849090" lon="-51.1266870">
    <ele>754.7</ele>
   </trkpt>
   <trkpt lat="-26.1848600" lon="-51.1267150">
    <ele>754.6</ele>
   </trkpt>
   <trkpt lat="-26.1848060" lon="-51.1267510">
    <ele>754.6</ele>
   </trkpt>
   <trkpt lat="-26.1847680" lon="-51.1267840">
    <ele>754.6</ele>
   </trkpt>
   <trkpt lat="-26.1847160" lon="-51.1268160">
    <ele>754.6</ele>
   </trkpt>
   <trkpt lat="-26.1846800" lon="-51.1268570">
    <ele>754.6</ele>
   </trkpt>
   <trkpt lat="-26.1846250" lon="-51.1268910">
    <ele>754.7</ele>
   </trkpt>
   <trkpt lat="-26.1845830" lon="-51.1269270">
    <ele>754.7</ele>
   </trkpt>
   <trkpt lat="-26.1845350" lon="-51.1269610">
    <ele>754.8</ele>
   </trkpt>
   <trkpt lat="-26.1844910" lon="-51.1269890">
    <ele>754.9</ele>
   </trkpt>
   <trkpt lat="-26.1844500" lon="-51.1270240">
    <ele>755.0</ele>
   </trkpt>
   <trkpt lat="-26.1843990" lon="-51.1270550">
    <ele>755.1</ele>
   </trkpt>
   <trkpt lat="-26.1843680" lon="-51.1270860">
    <ele>755.2</ele>
   </trkpt>
   <trkpt lat="-26.1843300" lon="-51.1271310">
    <ele>755.3</ele>
   </trkpt>
   <trkpt lat="-26.1842920" lon="-51.1271650">
    <ele>755.5</ele>
   </trkpt>
   <trkpt lat="-26.1842600" lon="-51.1272010">
    <ele>755.6</ele>
   </trkpt>
   <trkpt lat="-26.1842310" lon="-51.1272430">
    <ele>755.7</ele>
   </trkpt>
   <trkpt lat="-26.1841940" lon="-51.1272900">
    <ele>755.9</ele>
   </trkpt>
   <trkpt lat="-26.1841620" lon="-51.1273290">
    <ele>756.1</ele>
   </trkpt>
   <trkpt lat="-26.1841330" lon="-51.1273800">
    <ele>756.3</ele>
   </trkpt>
   <trkpt lat="-26.1841080" lon="-51.1274270">
    <ele>756.4</ele>
   </trkpt>
   <trkpt lat="-26.1840790" lon="-51.1274760">
    <ele>756.6</ele>
   </trkpt>
   <trkpt lat="-26.1840510" lon="-51.1275200">
    <ele>756.7</ele>
   </trkpt>
   <trkpt lat="-26.1840260" lon="-51.1275680">
    <ele>756.9</ele>
   </trkpt>
   <trkpt lat="-26.1840070" lon="-51.1276190">
    <ele>756.9</ele>
   </trkpt>
   <trkpt lat="-26.1839880" lon="-51.1276610">
    <ele>757.0</ele>
   </trkpt>
   <trkpt lat="-26.1839730" lon="-51.1277070">
    <ele>757.1</ele>
   </trkpt>
   <trkpt lat="-26.1839630" lon="-51.1277540">
    <ele>757.2</ele>
   </trkpt>
   <trkpt lat="-26.1839530" lon="-51.1278020">
    <ele>757.3</ele>
   </trkpt>
   <trkpt lat="-26.1839520" lon="-51.1279100">
    <ele>757.4</ele>
   </trkpt>
   <trkpt lat="-26.1839330" lon="-51.1279560">
    <ele>757.5</ele>
   </trkpt>
   <trkpt lat="-26.1839280" lon="-51.1279780">
    <ele>757.5</ele>
   </trkpt>
   <trkpt lat="-26.1839180" lon="-51.1280290">
    <ele>757.6</ele>
   </trkpt>
   <trkpt lat="-26.1839100" lon="-51.1280870">
    <ele>757.7</ele>
   </trkpt>
   <trkpt lat="-26.1839040" lon="-51.1281350">
    <ele>757.7</ele>
   </trkpt>
   <trkpt lat="-26.1838980" lon="-51.1281890">
    <ele>757.6</ele>
   </trkpt>
   <trkpt lat="-26.1838900" lon="-51.1282460">
    <ele>757.6</ele>
   </trkpt>
   <trkpt lat="-26.1838680" lon="-51.1282850">
    <ele>757.5</ele>
   </trkpt>
   <trkpt lat="-26.1838620" lon="-51.1283690">
    <ele>757.4</ele>
   </trkpt>
   <trkpt lat="-26.1838730" lon="-51.1284470">
    <ele>757.2</ele>
   </trkpt>
   <trkpt lat="-26.1838720" lon="-51.1285160">
    <ele>757.0</ele>
   </trkpt>
   <trkpt lat="-26.1838630" lon="-51.1285660">
    <ele>756.9</ele>
   </trkpt>
   <trkpt lat="-26.1838540" lon="-51.1286270">
    <ele>756.7</ele>
   </trkpt>
   <trkpt lat="-26.1838440" lon="-51.1286920">
    <ele>756.4</ele>
   </trkpt>
   <trkpt lat="-26.1838350" lon="-51.1287570">
    <ele>756.2</ele>
   </trkpt>
   <trkpt lat="-26.1838260" lon="-51.1288190">
    <ele>756.0</ele>
   </trkpt>
   <trkpt lat="-26.1838120" lon="-51.1289050">
    <ele>755.6</ele>
   </trkpt>
   <trkpt lat="-26.1838090" lon="-51.1289800">
    <ele>755.2</ele>
   </trkpt>
   <trkpt lat="-26.1838160" lon="-51.1290600">
    <ele>754.9</ele>
   </trkpt>
   <trkpt lat="-26.1837900" lon="-51.1291290">
    <ele>754.6</ele>
   </trkpt>
   <trkpt lat="-26.1837870" lon="-51.1292030">
    <ele>754.3</ele>
   </trkpt>
   <trkpt lat="-26.1837640" lon="-51.1292820">
    <ele>753.9</ele>
   </trkpt>
   <trkpt lat="-26.1837620" lon="-51.1293660">
    <ele>753.6</ele>
   </trkpt>
   <trkpt lat="-26.1837440" lon="-51.1294640">
    <ele>753.3</ele>
   </trkpt>
   <trkpt lat="-26.1837440" lon="-51.1295510">
    <ele>753.1</ele>
   </trkpt>
   <trkpt lat="-26.1837480" lon="-51.1296430">
    <ele>752.9</ele>
   </trkpt>
   <trkpt lat="-26.1837350" lon="-51.1297280">
    <ele>752.6</ele>
   </trkpt>
   <trkpt lat="-26.1837290" lon="-51.1298190">
    <ele>752.4</ele>
   </trkpt>
   <trkpt lat="-26.1837160" lon="-51.1299050">
    <ele>752.3</ele>
   </trkpt>
   <trkpt lat="-26.1837050" lon="-51.1299940">
    <ele>752.2</ele>
   </trkpt>
   <trkpt lat="-26.1836940" lon="-51.1300760">
    <ele>752.1</ele>
   </trkpt>
   <trkpt lat="-26.1836960" lon="-51.1301670">
    <ele>751.9</ele>
   </trkpt>
   <trkpt lat="-26.1836770" lon="-51.1302400">
    <ele>751.9</ele>
   </trkpt>
   <trkpt lat="-26.1836790" lon="-51.1303210">
    <ele>751.8</ele>
   </trkpt>
   <trkpt lat="-26.1836640" lon="-51.1304140">
    <ele>751.7</ele>
   </trkpt>
   <trkpt lat="-26.1836560" lon="-51.1304880">
    <ele>751.6</ele>
   </trkpt>
   <trkpt lat="-26.1836530" lon="-51.1305620">
    <ele>751.6</ele>
   </trkpt>
   <trkpt lat="-26.1836430" lon="-51.1306460">
    <ele>751.5</ele>
   </trkpt>
   <trkpt lat="-26.1836320" lon="-51.1307220">
    <ele>751.5</ele>
   </trkpt>
   <trkpt lat="-26.1836230" lon="-51.1308020">
    <ele>751.5</ele>
   </trkpt>
   <trkpt lat="-26.1836170" lon="-51.1308810">
    <ele>751.4</ele>
   </trkpt>
   <trkpt lat="-26.1836100" lon="-51.1309560">
    <ele>751.4</ele>
   </trkpt>
   <trkpt lat="-26.1836060" lon="-51.1310380">
    <ele>751.3</ele>
   </trkpt>
   <trkpt lat="-26.1836300" lon="-51.1311450">
    <ele>751.3</ele>
   </trkpt>
   <trkpt lat="-26.1836210" lon="-51.1312140">
    <ele>751.3</ele>
   </trkpt>
   <trkpt lat="-26.1836050" lon="-51.1312910">
    <ele>751.3</ele>
   </trkpt>
   <trkpt lat="-26.1835890" lon="-51.1313560">
    <ele>751.3</ele>
   </trkpt>
   <trkpt lat="-26.1835820" lon="-51.1314260">
    <ele>751.3</ele>
   </trkpt>
   <trkpt lat="-26.1835700" lon="-51.1315070">
    <ele>751.3</ele>
   </trkpt>
   <trkpt lat="-26.1835570" lon="-51.1315860">
    <ele>751.3</ele>
   </trkpt>
   <trkpt lat="-26.1835530" lon="-51.1316640">
    <ele>751.3</ele>
   </trkpt>
   <trkpt lat="-26.1835450" lon="-51.1317320">
    <ele>751.3</ele>
   </trkpt>
   <trkpt lat="-26.1835330" lon="-51.1318070">
    <ele>751.3</ele>
   </trkpt>
   <trkpt lat="-26.1835250" lon="-51.1318840">
    <ele>751.3</ele>
   </trkpt>
   <trkpt lat="-26.1835200" lon="-51.1319570">
    <ele>751.3</ele>
   </trkpt>
   <trkpt lat="-26.1835140" lon="-51.1320320">
    <ele>751.3</ele>
   </trkpt>
   <trkpt lat="-26.1835090" lon="-51.1321080">
    <ele>751.3</ele>
   </trkpt>
   <trkpt lat="-26.1834960" lon="-51.1321760">
    <ele>751.3</ele>
   </trkpt>
   <trkpt lat="-26.1834880" lon="-51.1322450">
    <ele>751.3</ele>
   </trkpt>
   <trkpt lat="-26.1834800" lon="-51.1323220">
    <ele>751.3</ele>
   </trkpt>
   <trkpt lat="-26.1834630" lon="-51.1324600">
    <ele>751.3</ele>
   </trkpt>
   <trkpt lat="-26.1834600" lon="-51.1325200">
    <ele>751.4</ele>
   </trkpt>
   <trkpt lat="-26.1834500" lon="-51.1325940">
    <ele>751.4</ele>
   </trkpt>
   <trkpt lat="-26.1834460" lon="-51.1326770">
    <ele>751.4</ele>
   </trkpt>
   <trkpt lat="-26.1834450" lon="-51.1327280">
    <ele>751.5</ele>
   </trkpt>
   <trkpt lat="-26.1834300" lon="-51.1327930">
    <ele>751.5</ele>
   </trkpt>
   <trkpt lat="-26.1834100" lon="-51.1328560">
    <ele>751.6</ele>
   </trkpt>
   <trkpt lat="-26.1834070" lon="-51.1329310">
    <ele>751.6</ele>
   </trkpt>
   <trkpt lat="-26.1833930" lon="-51.1329970">
    <ele>751.7</ele>
   </trkpt>
   <trkpt lat="-26.1833890" lon="-51.1330590">
    <ele>751.7</ele>
   </trkpt>
   <trkpt lat="-26.1833760" lon="-51.1331260">
    <ele>751.8</ele>
   </trkpt>
   <trkpt lat="-26.1833800" lon="-51.1331900">
    <ele>751.8</ele>
   </trkpt>
   <trkpt lat="-26.1833780" lon="-51.1332560">
    <ele>751.9</ele>
   </trkpt>
   <trkpt lat="-26.1833650" lon="-51.1332960">
    <ele>751.9</ele>
   </trkpt>
   <trkpt lat="-26.1833750" lon="-51.1333740">
    <ele>752.0</ele>
   </trkpt>
   <trkpt lat="-26.1833650" lon="-51.1334380">
    <ele>752.0</ele>
   </trkpt>
   <trkpt lat="-26.1833600" lon="-51.1334990">
    <ele>752.1</ele>
   </trkpt>
   <trkpt lat="-26.1833510" lon="-51.1335690">
    <ele>752.1</ele>
   </trkpt>
   <trkpt lat="-26.1833310" lon="-51.1336210">
    <ele>752.2</ele>
   </trkpt>
   <trkpt lat="-26.1833360" lon="-51.1336740">
    <ele>752.2</ele>
   </trkpt>
   <trkpt lat="-26.1833220" lon="-51.1337290">
    <ele>752.3</ele>
   </trkpt>
   <trkpt lat="-26.1833120" lon="-51.1337880">
    <ele>752.4</ele>
   </trkpt>
   <trkpt lat="-26.1832910" lon="-51.1338320">
    <ele>752.4</ele>
   </trkpt>
   <trkpt lat="-26.1832830" lon="-51.1338910">
    <ele>752.4</ele>
   </trkpt>
   <trkpt lat="-26.1832850" lon="-51.1339610">
    <ele>752.4</ele>
   </trkpt>
   <trkpt lat="-26.1832780" lon="-51.1340110">
    <ele>752.5</ele>
   </trkpt>
   <trkpt lat="-26.1832850" lon="-51.1340860">
    <ele>752.5</ele>
   </trkpt>
   <trkpt lat="-26.1832780" lon="-51.1341450">
    <ele>752.5</ele>
   </trkpt>
   <trkpt lat="-26.1832740" lon="-51.1342020">
    <ele>752.6</ele>
   </trkpt>
   <trkpt lat="-26.1832740" lon="-51.1342600">
    <ele>752.6</ele>
   </trkpt>
   <trkpt lat="-26.1832780" lon="-51.1343190">
    <ele>752.6</ele>
   </trkpt>
   <trkpt lat="-26.1832770" lon="-51.1343840">
    <ele>752.5</ele>
   </trkpt>
   <trkpt lat="-26.1832670" lon="-51.1344310">
    <ele>752.5</ele>
   </trkpt>
   <trkpt lat="-26.1832620" lon="-51.1344890">
    <ele>752.5</ele>
   </trkpt>
   <trkpt lat="-26.1832660" lon="-51.1345520">
    <ele>752.5</ele>
   </trkpt>
   <trkpt lat="-26.1832630" lon="-51.1346140">
    <ele>752.6</ele>
   </trkpt>
   <trkpt lat="-26.1832620" lon="-51.1346740">
    <ele>752.6</ele>
   </trkpt>
   <trkpt lat="-26.1832710" lon="-51.1347370">
    <ele>752.6</ele>
   </trkpt>
   <trkpt lat="-26.1832650" lon="-51.1347910">
    <ele>752.6</ele>
   </trkpt>
   <trkpt lat="-26.1832710" lon="-51.1348480">
    <ele>752.6</ele>
   </trkpt>
   <trkpt lat="-26.1832640" lon="-51.1348970">
    <ele>752.7</ele>
   </trkpt>
   <trkpt lat="-26.1832700" lon="-51.1349550">
    <ele>752.7</ele>
   </trkpt>
   <trkpt lat="-26.1833050" lon="-51.1350290">
    <ele>752.8</ele>
   </trkpt>
   <trkpt lat="-26.1833170" lon="-51.1350980">
    <ele>752.8</ele>
   </trkpt>
   <trkpt lat="-26.1833300" lon="-51.1351560">
    <ele>752.8</ele>
   </trkpt>
   <trkpt lat="-26.1833410" lon="-51.1352120">
    <ele>752.8</ele>
   </trkpt>
   <trkpt lat="-26.1833560" lon="-51.1352710">
    <ele>752.8</ele>
   </trkpt>
   <trkpt lat="-26.1833670" lon="-51.1353330">
    <ele>752.8</ele>
   </trkpt>
   <trkpt lat="-26.1833870" lon="-51.1354050">
    <ele>752.9</ele>
   </trkpt>
   <trkpt lat="-26.1834040" lon="-51.1354640">
    <ele>752.9</ele>
   </trkpt>
   <trkpt lat="-26.1834120" lon="-51.1355210">
    <ele>752.9</ele>
   </trkpt>
   <trkpt lat="-26.1834160" lon="-51.1355770">
    <ele>752.9</ele>
   </trkpt>
   <trkpt lat="-26.1834250" lon="-51.1356320">
    <ele>753.0</ele>
   </trkpt>
   <trkpt lat="-26.1834320" lon="-51.1356890">
    <ele>753.0</ele>
   </trkpt>
   <trkpt lat="-26.1834320" lon="-51.1357450">
    <ele>753.0</ele>
   </trkpt>
   <trkpt lat="-26.1834430" lon="-51.1358120">
    <ele>753.1</ele>
   </trkpt>
   <trkpt lat="-26.1834480" lon="-51.1358830">
    <ele>753.1</ele>
   </trkpt>
   <trkpt lat="-26.1834670" lon="-51.1359530">
    <ele>753.2</ele>
   </trkpt>
   <trkpt lat="-26.1834740" lon="-51.1360080">
    <ele>753.2</ele>
   </trkpt>
   <trkpt lat="-26.1834940" lon="-51.1360760">
    <ele>753.2</ele>
   </trkpt>
   <trkpt lat="-26.1834970" lon="-51.1361360">
    <ele>753.3</ele>
   </trkpt>
   <trkpt lat="-26.1835100" lon="-51.1362050">
    <ele>753.3</ele>
   </trkpt>
   <trkpt lat="-26.1835230" lon="-51.1362720">
    <ele>753.3</ele>
   </trkpt>
   <trkpt lat="-26.1835230" lon="-51.1363260">
    <ele>753.3</ele>
   </trkpt>
   <trkpt lat="-26.1835250" lon="-51.1363760">
    <ele>753.3</ele>
   </trkpt>
   <trkpt lat="-26.1835290" lon="-51.1364500">
    <ele>753.3</ele>
   </trkpt>
   <trkpt lat="-26.1835420" lon="-51.1365210">
    <ele>753.3</ele>
   </trkpt>
   <trkpt lat="-26.1835530" lon="-51.1365910">
    <ele>753.4</ele>
   </trkpt>
   <trkpt lat="-26.1835690" lon="-51.1366620">
    <ele>753.4</ele>
   </trkpt>
   <trkpt lat="-26.1835730" lon="-51.1367170">
    <ele>753.4</ele>
   </trkpt>
   <trkpt lat="-26.1835820" lon="-51.1367840">
    <ele>753.5</ele>
   </trkpt>
   <trkpt lat="-26.1835970" lon="-51.1368440">
    <ele>753.5</ele>
   </trkpt>
   <trkpt lat="-26.1835990" lon="-51.1369170">
    <ele>753.5</ele>
   </trkpt>
   <trkpt lat="-26.1836090" lon="-51.1369740">
    <ele>753.5</ele>
   </trkpt>
   <trkpt lat="-26.1836180" lon="-51.1370320">
    <ele>753.5</ele>
   </trkpt>
   <trkpt lat="-26.1836230" lon="-51.1370930">
    <ele>753.6</ele>
   </trkpt>
   <trkpt lat="-26.1836220" lon="-51.1371510">
    <ele>753.6</ele>
   </trkpt>
   <trkpt lat="-26.1836250" lon="-51.1372120">
    <ele>753.6</ele>
   </trkpt>
   <trkpt lat="-26.1836270" lon="-51.1372430">
    <ele>753.6</ele>
   </trkpt>
   <trkpt lat="-26.1836260" lon="-51.1372940">
    <ele>753.6</ele>
   </trkpt>
   <trkpt lat="-26.1836200" lon="-51.1373570">
    <ele>753.6</ele>
   </trkpt>
   <trkpt lat="-26.1836230" lon="-51.1374000">
    <ele>753.6</ele>
   </trkpt>
   <trkpt lat="-26.1836180" lon="-51.1374330">
    <ele>753.7</ele>
   </trkpt>
   <trkpt lat="-26.1836250" lon="-51.1374890">
    <ele>753.7</ele>
   </trkpt>
   <trkpt lat="-26.1836290" lon="-51.1375520">
    <ele>753.7</ele>
   </trkpt>
   <trkpt lat="-26.1836300" lon="-51.1376460">
    <ele>753.7</ele>
   </trkpt>
   <trkpt lat="-26.1836240" lon="-51.1376910">
    <ele>753.7</ele>
   </trkpt>
   <trkpt lat="-26.1836170" lon="-51.1377430">
    <ele>753.8</ele>
   </trkpt>
   <trkpt lat="-26.1836250" lon="-51.1378160">
    <ele>753.8</ele>
   </trkpt>
   <trkpt lat="-26.1836150" lon="-51.1378770">
    <ele>753.8</ele>
   </trkpt>
   <trkpt lat="-26.1836190" lon="-51.1379480">
    <ele>753.8</ele>
   </trkpt>
   <trkpt lat="-26.1836210" lon="-51.1380230">
    <ele>753.8</ele>
   </trkpt>
   <trkpt lat="-26.1836150" lon="-51.1380820">
    <ele>753.8</ele>
   </trkpt>
   <trkpt lat="-26.1836200" lon="-51.1381350">
    <ele>753.9</ele>
   </trkpt>
   <trkpt lat="-26.1836060" lon="-51.1381910">
    <ele>753.9</ele>
   </trkpt>
   <trkpt lat="-26.1836140" lon="-51.1382650">
    <ele>753.8</ele>
   </trkpt>
   <trkpt lat="-26.1836190" lon="-51.1383230">
    <ele>753.8</ele>
   </trkpt>
   <trkpt lat="-26.1836200" lon="-51.1384190">
    <ele>753.8</ele>
   </trkpt>
   <trkpt lat="-26.1835930" lon="-51.1384950">
    <ele>753.8</ele>
   </trkpt>
   <trkpt lat="-26.1835760" lon="-51.1385430">
    <ele>753.8</ele>
   </trkpt>
   <trkpt lat="-26.1835580" lon="-51.1386000">
    <ele>753.7</ele>
   </trkpt>
   <trkpt lat="-26.1835600" lon="-51.1386760">
    <ele>753.7</ele>
   </trkpt>
   <trkpt lat="-26.1835580" lon="-51.1387420">
    <ele>753.7</ele>
   </trkpt>
   <trkpt lat="-26.1835700" lon="-51.1388050">
    <ele>753.7</ele>
   </trkpt>
   <trkpt lat="-26.1835650" lon="-51.1388890">
    <ele>753.6</ele>
   </trkpt>
   <trkpt lat="-26.1835680" lon="-51.1389670">
    <ele>753.6</ele>
   </trkpt>
   <trkpt lat="-26.1835570" lon="-51.1390200">
    <ele>753.6</ele>
   </trkpt>
   <trkpt lat="-26.1835370" lon="-51.1391010">
    <ele>753.6</ele>
   </trkpt>
   <trkpt lat="-26.1835300" lon="-51.1391770">
    <ele>753.6</ele>
   </trkpt>
   <trkpt lat="-26.1835050" lon="-51.1392370">
    <ele>753.6</ele>
   </trkpt>
   <trkpt lat="-26.1835050" lon="-51.1393610">
    <ele>753.6</ele>
   </trkpt>
   <trkpt lat="-26.1834890" lon="-51.1394060">
    <ele>753.6</ele>
   </trkpt>
   <trkpt lat="-26.1834610" lon="-51.1394610">
    <ele>753.6</ele>
   </trkpt>
   <trkpt lat="-26.1834360" lon="-51.1395100">
    <ele>753.6</ele>
   </trkpt>
   <trkpt lat="-26.1834230" lon="-51.1395820">
    <ele>753.6</ele>
   </trkpt>
   <trkpt lat="-26.1833950" lon="-51.1396610">
    <ele>753.7</ele>
   </trkpt>
   <trkpt lat="-26.1833740" lon="-51.1397260">
    <ele>753.8</ele>
   </trkpt>
   <trkpt lat="-26.1833580" lon="-51.1397910">
    <ele>753.8</ele>
   </trkpt>
   <trkpt lat="-26.1833400" lon="-51.1398600">
    <ele>753.9</ele>
   </trkpt>
   <trkpt lat="-26.1833250" lon="-51.1399290">
    <ele>754.0</ele>
   </trkpt>
   <trkpt lat="-26.1832980" lon="-51.1399910">
    <ele>754.1</ele>
   </trkpt>
   <trkpt lat="-26.1832710" lon="-51.1400270">
    <ele>754.1</ele>
   </trkpt>
   <trkpt lat="-26.1832480" lon="-51.1400830">
    <ele>754.2</ele>
   </trkpt>
   <trkpt lat="-26.1832280" lon="-51.1401590">
    <ele>754.2</ele>
   </trkpt>
   <trkpt lat="-26.1832170" lon="-51.1401990">
    <ele>754.3</ele>
   </trkpt>
   <trkpt lat="-26.1832060" lon="-51.1402760">
    <ele>754.4</ele>
   </trkpt>
   <trkpt lat="-26.1831810" lon="-51.1403070">
    <ele>754.4</ele>
   </trkpt>
   <trkpt lat="-26.1831860" lon="-51.1403890">
    <ele>754.5</ele>
   </trkpt>
   <trkpt lat="-26.1831630" lon="-51.1404350">
    <ele>754.6</ele>
   </trkpt>
   <trkpt lat="-26.1831490" lon="-51.1405050">
    <ele>754.7</ele>
   </trkpt>
   <trkpt lat="-26.1831470" lon="-51.1405700">
    <ele>754.8</ele>
   </trkpt>
   <trkpt lat="-26.1831250" lon="-51.1406130">
    <ele>754.8</ele>
   </trkpt>
   <trkpt lat="-26.1830960" lon="-51.1406470">
    <ele>754.9</ele>
   </trkpt>
   <trkpt lat="-26.1830840" lon="-51.1407070">
    <ele>754.9</ele>
   </trkpt>
   <trkpt lat="-26.1830630" lon="-51.1407770">
    <ele>755.0</ele>
   </trkpt>
   <trkpt lat="-26.1830240" lon="-51.1409100">
    <ele>755.1</ele>
   </trkpt>
   <trkpt lat="-26.1830160" lon="-51.1409720">
    <ele>755.1</ele>
   </trkpt>
   <trkpt lat="-26.1830070" lon="-51.1410310">
    <ele>755.1</ele>
   </trkpt>
   <trkpt lat="-26.1829730" lon="-51.1410910">
    <ele>755.2</ele>
   </trkpt>
   <trkpt lat="-26.1829450" lon="-51.1411420">
    <ele>755.2</ele>
   </trkpt>
   <trkpt lat="-26.1829300" lon="-51.1411910">
    <ele>755.2</ele>
   </trkpt>
   <trkpt lat="-26.1829160" lon="-51.1412550">
    <ele>755.2</ele>
   </trkpt>
   <trkpt lat="-26.1829020" lon="-51.1413050">
    <ele>755.2</ele>
   </trkpt>
   <trkpt lat="-26.1828820" lon="-51.1413760">
    <ele>755.2</ele>
   </trkpt>
   <trkpt lat="-26.1828650" lon="-51.1414280">
    <ele>755.2</ele>
   </trkpt>
   <trkpt lat="-26.1828470" lon="-51.1414960">
    <ele>755.2</ele>
   </trkpt>
   <trkpt lat="-26.1828210" lon="-51.1415490">
    <ele>755.2</ele>
   </trkpt>
   <trkpt lat="-26.1828050" lon="-51.1415940">
    <ele>755.2</ele>
   </trkpt>
   <trkpt lat="-26.1827870" lon="-51.1416560">
    <ele>755.2</ele>
   </trkpt>
   <trkpt lat="-26.1827680" lon="-51.1417250">
    <ele>755.2</ele>
   </trkpt>
   <trkpt lat="-26.1827390" lon="-51.1417780">
    <ele>755.2</ele>
   </trkpt>
   <trkpt lat="-26.1827210" lon="-51.1418360">
    <ele>755.1</ele>
   </trkpt>
   <trkpt lat="-26.1826990" lon="-51.1418850">
    <ele>755.1</ele>
   </trkpt>
   <trkpt lat="-26.1826710" lon="-51.1419510">
    <ele>755.1</ele>
   </trkpt>
   <trkpt lat="-26.1826440" lon="-51.1419970">
    <ele>755.0</ele>
   </trkpt>
   <trkpt lat="-26.1826280" lon="-51.1420540">
    <ele>755.0</ele>
   </trkpt>
   <trkpt lat="-26.1825950" lon="-51.1421070">
    <ele>755.0</ele>
   </trkpt>
   <trkpt lat="-26.1825720" lon="-51.1421850">
    <ele>754.9</ele>
   </trkpt>
   <trkpt lat="-26.1825660" lon="-51.1422580">
    <ele>754.9</ele>
   </trkpt>
   <trkpt lat="-26.1825420" lon="-51.1423330">
    <ele>754.9</ele>
   </trkpt>
   <trkpt lat="-26.1825340" lon="-51.1423960">
    <ele>754.9</ele>
   </trkpt>
   <trkpt lat="-26.1825190" lon="-51.1424560">
    <ele>754.8</ele>
   </trkpt>
   <trkpt lat="-26.1824940" lon="-51.1425220">
    <ele>754.8</ele>
   </trkpt>
   <trkpt lat="-26.1824740" lon="-51.1425960">
    <ele>754.7</ele>
   </trkpt>
   <trkpt lat="-26.1824550" lon="-51.1426630">
    <ele>754.6</ele>
   </trkpt>
   <trkpt lat="-26.1824190" lon="-51.1427200">
    <ele>754.5</ele>
   </trkpt>
   <trkpt lat="-26.1824030" lon="-51.1427940">
    <ele>754.4</ele>
   </trkpt>
   <trkpt lat="-26.1823780" lon="-51.1428630">
    <ele>754.3</ele>
   </trkpt>
   <trkpt lat="-26.1823520" lon="-51.1429280">
    <ele>754.3</ele>
   </trkpt>
   <trkpt lat="-26.1823280" lon="-51.1429930">
    <ele>754.2</ele>
   </trkpt>
   <trkpt lat="-26.1823070" lon="-51.1430480">
    <ele>754.2</ele>
   </trkpt>
   <trkpt lat="-26.1822980" lon="-51.1430930">
    <ele>754.2</ele>
   </trkpt>
   <trkpt lat="-26.1822720" lon="-51.1431650">
    <ele>754.2</ele>
   </trkpt>
   <trkpt lat="-26.1822580" lon="-51.1432340">
    <ele>754.1</ele>
   </trkpt>
   <trkpt lat="-26.1822360" lon="-51.1433070">
    <ele>754.1</ele>
   </trkpt>
   <trkpt lat="-26.1822350" lon="-51.1433810">
    <ele>754.0</ele>
   </trkpt>
   <trkpt lat="-26.1822170" lon="-51.1434500">
    <ele>753.9</ele>
   </trkpt>
   <trkpt lat="-26.1821780" lon="-51.1435090">
    <ele>753.8</ele>
   </trkpt>
   <trkpt lat="-26.1821440" lon="-51.1435500">
    <ele>753.7</ele>
   </trkpt>
   <trkpt lat="-26.1821180" lon="-51.1435990">
    <ele>753.7</ele>
   </trkpt>
   <trkpt lat="-26.1820930" lon="-51.1436530">
    <ele>753.6</ele>
   </trkpt>
   <trkpt lat="-26.1820670" lon="-51.1437030">
    <ele>753.6</ele>
   </trkpt>
   <trkpt lat="-26.1820370" lon="-51.1437570">
    <ele>753.5</ele>
   </trkpt>
   <trkpt lat="-26.1820200" lon="-51.1438290">
    <ele>753.4</ele>
   </trkpt>
   <trkpt lat="-26.1819910" lon="-51.1438830">
    <ele>753.4</ele>
   </trkpt>
   <trkpt lat="-26.1819640" lon="-51.1439420">
    <ele>753.3</ele>
   </trkpt>
   <trkpt lat="-26.1819420" lon="-51.1440330">
    <ele>753.2</ele>
   </trkpt>
   <trkpt lat="-26.1819190" lon="-51.1440970">
    <ele>753.2</ele>
   </trkpt>
   <trkpt lat="-26.1818990" lon="-51.1441530">
    <ele>753.2</ele>
   </trkpt>
   <trkpt lat="-26.1818660" lon="-51.1442020">
    <ele>753.2</ele>
   </trkpt>
   <trkpt lat="-26.1818360" lon="-51.1442560">
    <ele>753.1</ele>
   </trkpt>
   <trkpt lat="-26.1818490" lon="-51.1443220">
    <ele>753.1</ele>
   </trkpt>
   <trkpt lat="-26.1818280" lon="-51.1443860">
    <ele>753.1</ele>
   </trkpt>
   <trkpt lat="-26.1818050" lon="-51.1444430">
    <ele>753.1</ele>
   </trkpt>
   <trkpt lat="-26.1817790" lon="-51.1444850">
    <ele>753.2</ele>
   </trkpt>
   <trkpt lat="-26.1817560" lon="-51.1445290">
    <ele>753.2</ele>
   </trkpt>
   <trkpt lat="-26.1817360" lon="-51.1445800">
    <ele>753.3</ele>
   </trkpt>
   <trkpt lat="-26.1817230" lon="-51.1446290">
    <ele>753.4</ele>
   </trkpt>
   <trkpt lat="-26.1817000" lon="-51.1446670">
    <ele>753.5</ele>
   </trkpt>
   <trkpt lat="-26.1816780" lon="-51.1447100">
    <ele>753.6</ele>
   </trkpt>
   <trkpt lat="-26.1816470" lon="-51.1447530">
    <ele>753.7</ele>
   </trkpt>
   <trkpt lat="-26.1816320" lon="-51.1447960">
    <ele>753.8</ele>
   </trkpt>
   <trkpt lat="-26.1816090" lon="-51.1448200">
    <ele>753.9</ele>
   </trkpt>
   <trkpt lat="-26.1815790" lon="-51.1448610">
    <ele>754.1</ele>
   </trkpt>
   <trkpt lat="-26.1815580" lon="-51.1449030">
    <ele>754.2</ele>
   </trkpt>
   <trkpt lat="-26.1815460" lon="-51.1449470">
    <ele>754.4</ele>
   </trkpt>
   <trkpt lat="-26.1815300" lon="-51.1449930">
    <ele>754.6</ele>
   </trkpt>
   <trkpt lat="-26.1815150" lon="-51.1450350">
    <ele>754.8</ele>
   </trkpt>
   <trkpt lat="-26.1814940" lon="-51.1450750">
    <ele>755.0</ele>
   </trkpt>
   <trkpt lat="-26.1814790" lon="-51.1451210">
    <ele>755.3</ele>
   </trkpt>
   <trkpt lat="-26.1814610" lon="-51.1451760">
    <ele>755.5</ele>
   </trkpt>
   <trkpt lat="-26.1814410" lon="-51.1452240">
    <ele>755.8</ele>
   </trkpt>
   <trkpt lat="-26.1814180" lon="-51.1452780">
    <ele>756.1</ele>
   </trkpt>
   <trkpt lat="-26.1813910" lon="-51.1453430">
    <ele>756.4</ele>
   </trkpt>
   <trkpt lat="-26.1813570" lon="-51.1453940">
    <ele>756.8</ele>
   </trkpt>
   <trkpt lat="-26.1813330" lon="-51.1454530">
    <ele>757.1</ele>
   </trkpt>
   <trkpt lat="-26.1813070" lon="-51.1454990">
    <ele>757.5</ele>
   </trkpt>
   <trkpt lat="-26.1812780" lon="-51.1455410">
    <ele>757.8</ele>
   </trkpt>
   <trkpt lat="-26.1812560" lon="-51.1455880">
    <ele>758.1</ele>
   </trkpt>
   <trkpt lat="-26.1812350" lon="-51.1456370">
    <ele>758.4</ele>
   </trkpt>
   <trkpt lat="-26.1812140" lon="-51.1456790">
    <ele>758.7</ele>
   </trkpt>
   <trkpt lat="-26.1811880" lon="-51.1457040">
    <ele>758.9</ele>
   </trkpt>
   <trkpt lat="-26.1811760" lon="-51.1457360">
    <ele>759.1</ele>
   </trkpt>
   <trkpt lat="-26.1811550" lon="-51.1457910">
    <ele>759.4</ele>
   </trkpt>
   <trkpt lat="-26.1811480" lon="-51.1458350">
    <ele>759.7</ele>
   </trkpt>
   <trkpt lat="-26.1811370" lon="-51.1459070">
    <ele>760.1</ele>
   </trkpt>
   <trkpt lat="-26.1811140" lon="-51.1459460">
    <ele>760.3</ele>
   </trkpt>
   <trkpt lat="-26.1810850" lon="-51.1459710">
    <ele>760.5</ele>
   </trkpt>
   <trkpt lat="-26.1810680" lon="-51.1460180">
    <ele>760.9</ele>
   </trkpt>
   <trkpt lat="-26.1810460" lon="-51.1460620">
    <ele>761.2</ele>
   </trkpt>
   <trkpt lat="-26.1810200" lon="-51.1461170">
    <ele>761.6</ele>
   </trkpt>
   <trkpt lat="-26.1809950" lon="-51.1461530">
    <ele>761.9</ele>
   </trkpt>
   <trkpt lat="-26.1809740" lon="-51.1461950">
    <ele>762.2</ele>
   </trkpt>
   <trkpt lat="-26.1809540" lon="-51.1462440">
    <ele>762.6</ele>
   </trkpt>
   <trkpt lat="-26.1809340" lon="-51.1462930">
    <ele>763.0</ele>
   </trkpt>
   <trkpt lat="-26.1809070" lon="-51.1463420">
    <ele>763.4</ele>
   </trkpt>
   <trkpt lat="-26.1808930" lon="-51.1463970">
    <ele>763.8</ele>
   </trkpt>
   <trkpt lat="-26.1808710" lon="-51.1464350">
    <ele>764.1</ele>
   </trkpt>
   <trkpt lat="-26.1808590" lon="-51.1464860">
    <ele>764.5</ele>
   </trkpt>
   <trkpt lat="-26.1808380" lon="-51.1465260">
    <ele>764.8</ele>
   </trkpt>
   <trkpt lat="-26.1808120" lon="-51.1465700">
    <ele>765.2</ele>
   </trkpt>
   <trkpt lat="-26.1807880" lon="-51.1466090">
    <ele>765.6</ele>
   </trkpt>
   <trkpt lat="-26.1807690" lon="-51.1466470">
    <ele>765.9</ele>
   </trkpt>
   <trkpt lat="-26.1807510" lon="-51.1466840">
    <ele>766.2</ele>
   </trkpt>
   <trkpt lat="-26.1807340" lon="-51.1467140">
    <ele>766.5</ele>
   </trkpt>
   <trkpt lat="-26.1807130" lon="-51.1467460">
    <ele>766.8</ele>
   </trkpt>
   <trkpt lat="-26.1807000" lon="-51.1467820">
    <ele>767.1</ele>
   </trkpt>
   <trkpt lat="-26.1806920" lon="-51.1468160">
    <ele>767.4</ele>
   </trkpt>
   <trkpt lat="-26.1806710" lon="-51.1468450">
    <ele>767.7</ele>
   </trkpt>
   <trkpt lat="-26.1806510" lon="-51.1468900">
    <ele>768.1</ele>
   </trkpt>
   <trkpt lat="-26.1806260" lon="-51.1469150">
    <ele>768.4</ele>
   </trkpt>
   <trkpt lat="-26.1806010" lon="-51.1470020">
    <ele>769.1</ele>
   </trkpt>
   <trkpt lat="-26.1805830" lon="-51.1470250">
    <ele>769.3</ele>
   </trkpt>
   <trkpt lat="-26.1805660" lon="-51.1470540">
    <ele>769.6</ele>
   </trkpt>
   <trkpt lat="-26.1805360" lon="-51.1470840">
    <ele>769.9</ele>
   </trkpt>
   <trkpt lat="-26.1805200" lon="-51.1470970">
    <ele>770.1</ele>
   </trkpt>
   <trkpt lat="-26.1804960" lon="-51.1471240">
    <ele>770.4</ele>
   </trkpt>
   <trkpt lat="-26.1804780" lon="-51.1471580">
    <ele>770.7</ele>
   </trkpt>
   <trkpt lat="-26.1804570" lon="-51.1471820">
    <ele>771.0</ele>
   </trkpt>
   <trkpt lat="-26.1804380" lon="-51.1472150">
    <ele>771.3</ele>
   </trkpt>
   <trkpt lat="-26.1804160" lon="-51.1472420">
    <ele>771.6</ele>
   </trkpt>
   <trkpt lat="-26.1803950" lon="-51.1472650">
    <ele>771.9</ele>
   </trkpt>
   <trkpt lat="-26.1803780" lon="-51.1472960">
    <ele>772.2</ele>
   </trkpt>
   <trkpt lat="-26.1803540" lon="-51.1473180">
    <ele>772.5</ele>
   </trkpt>
   <trkpt lat="-26.1803340" lon="-51.1473410">
    <ele>772.8</ele>
   </trkpt>
   <trkpt lat="-26.1803100" lon="-51.1473680">
    <ele>773.2</ele>
   </trkpt>
   <trkpt lat="-26.1802870" lon="-51.1473960">
    <ele>773.5</ele>
   </trkpt>
   <trkpt lat="-26.1802770" lon="-51.1474040">
    <ele>773.6</ele>
   </trkpt>
   <trkpt lat="-26.1802430" lon="-51.1474150">
    <ele>773.9</ele>
   </trkpt>
   <trkpt lat="-26.1802290" lon="-51.1474150">
    <ele>774.0</ele>
   </trkpt>
   <trkpt lat="-26.1802050" lon="-51.1474320">
    <ele>774.3</ele>
   </trkpt>
   <trkpt lat="-26.1801810" lon="-51.1474490">
    <ele>774.6</ele>
   </trkpt>
   <trkpt lat="-26.1801570" lon="-51.1474610">
    <ele>774.8</ele>
   </trkpt>
   <trkpt lat="-26.1801540" lon="-51.1474630">
    <ele>774.9</ele>
   </trkpt>
   <trkpt lat="-26.1801390" lon="-51.1474690">
    <ele>775.0</ele>
   </trkpt>
   <trkpt lat="-26.1801270" lon="-51.1474780">
    <ele>775.1</ele>
   </trkpt>
   <trkpt lat="-26.1801070" lon="-51.1474810">
    <ele>775.3</ele>
   </trkpt>
   <trkpt lat="-26.1800950" lon="-51.1474840">
    <ele>775.4</ele>
   </trkpt>
   <trkpt lat="-26.1800720" lon="-51.1474920">
    <ele>775.6</ele>
   </trkpt>
   <trkpt lat="-26.1800600" lon="-51.1474950">
    <ele>775.7</ele>
   </trkpt>
   <trkpt lat="-26.1800390" lon="-51.1474980">
    <ele>775.9</ele>
   </trkpt>
   <trkpt lat="-26.1800310" lon="-51.1474980">
    <ele>776.0</ele>
   </trkpt>
   <trkpt lat="-26.1800010" lon="-51.1475190">
    <ele>776.3</ele>
   </trkpt>
   <trkpt lat="-26.1799780" lon="-51.1475330">
    <ele>776.6</ele>
   </trkpt>
   <trkpt lat="-26.1799670" lon="-51.1475360">
    <ele>776.7</ele>
   </trkpt>
   <trkpt lat="-26.1799540" lon="-51.1475360">
    <ele>776.8</ele>
   </trkpt>
   <trkpt lat="-26.1799350" lon="-51.1475360">
    <ele>777.0</ele>
   </trkpt>
   <trkpt lat="-26.1799040" lon="-51.1475380">
    <ele>777.3</ele>
   </trkpt>
   <trkpt lat="-26.1798940" lon="-51.1475370">
    <ele>777.4</ele>
   </trkpt>
   <trkpt lat="-26.1798690" lon="-51.1475360">
    <ele>777.6</ele>
   </trkpt>
   <trkpt lat="-26.1798580" lon="-51.1475460">
    <ele>777.7</ele>
   </trkpt>
   <trkpt lat="-26.1798380" lon="-51.1475370">
    <ele>777.9</ele>
   </trkpt>
   <trkpt lat="-26.1798250" lon="-51.1475330">
    <ele>778.1</ele>
   </trkpt>
   <trkpt lat="-26.1797830" lon="-51.1475390">
    <ele>778.5</ele>
   </trkpt>
   <trkpt lat="-26.1797600" lon="-51.1475410">
    <ele>778.7</ele>
   </trkpt>
   <trkpt lat="-26.1797250" lon="-51.1475460">
    <ele>779.0</ele>
   </trkpt>
   <trkpt lat="-26.1797120" lon="-51.1475480">
    <ele>779.1</ele>
   </trkpt>
   <trkpt lat="-26.1796790" lon="-51.1475420">
    <ele>779.4</ele>
   </trkpt>
   <trkpt lat="-26.1796670" lon="-51.1475380">
    <ele>779.6</ele>
   </trkpt>
   <trkpt lat="-26.1796300" lon="-51.1475350">
    <ele>779.9</ele>
   </trkpt>
   <trkpt lat="-26.1796150" lon="-51.1475340">
    <ele>780.0</ele>
   </trkpt>
   <trkpt lat="-26.1796060" lon="-51.1475230">
    <ele>780.2</ele>
   </trkpt>
   <trkpt lat="-26.1795820" lon="-51.1475200">
    <ele>780.4</ele>
   </trkpt>
   <trkpt lat="-26.1795430" lon="-51.1475210">
    <ele>780.7</ele>
   </trkpt>
   <trkpt lat="-26.1795290" lon="-51.1475160">
    <ele>780.9</ele>
   </trkpt>
   <trkpt lat="-26.1794960" lon="-51.1475070">
    <ele>781.2</ele>
   </trkpt>
   <trkpt lat="-26.1794830" lon="-51.1475030">
    <ele>781.3</ele>
   </trkpt>
   <trkpt lat="-26.1794580" lon="-51.1474960">
    <ele>781.5</ele>
   </trkpt>
   <trkpt lat="-26.1794440" lon="-51.1474910">
    <ele>781.7</ele>
   </trkpt>
   <trkpt lat="-26.1794130" lon="-51.1474950">
    <ele>782.0</ele>
   </trkpt>
   <trkpt lat="-26.1793990" lon="-51.1474920">
    <ele>782.1</ele>
   </trkpt>
   <trkpt lat="-26.1793730" lon="-51.1474810">
    <ele>782.3</ele>
   </trkpt>
   <trkpt lat="-26.1793600" lon="-51.1474750">
    <ele>782.4</ele>
   </trkpt>
   <trkpt lat="-26.1793230" lon="-51.1474720">
    <ele>782.8</ele>
   </trkpt>
   <trkpt lat="-26.1793090" lon="-51.1474680">
    <ele>782.9</ele>
   </trkpt>
   <trkpt lat="-26.1792860" lon="-51.1474510">
    <ele>783.1</ele>
   </trkpt>
   <trkpt lat="-26.1792760" lon="-51.1474420">
    <ele>783.2</ele>
   </trkpt>
   <trkpt lat="-26.1792460" lon="-51.1474410">
    <ele>783.5</ele>
   </trkpt>
   <trkpt lat="-26.1792310" lon="-51.1474380">
    <ele>783.6</ele>
   </trkpt>
   <trkpt lat="-26.1792020" lon="-51.1474310">
    <ele>783.8</ele>
   </trkpt>
   <trkpt lat="-26.1791850" lon="-51.1474270">
    <ele>784.0</ele>
   </trkpt>
   <trkpt lat="-26.1791620" lon="-51.1474180">
    <ele>784.2</ele>
   </trkpt>
   <trkpt lat="-26.1791520" lon="-51.1474100">
    <ele>784.3</ele>
   </trkpt>
   <trkpt lat="-26.1791220" lon="-51.1474000">
    <ele>784.6</ele>
   </trkpt>
   <trkpt lat="-26.1791080" lon="-51.1473940">
    <ele>784.7</ele>
   </trkpt>
   <trkpt lat="-26.1790810" lon="-51.1473850">
    <ele>785.0</ele>
   </trkpt>
   <trkpt lat="-26.1790670" lon="-51.1473820">
    <ele>785.1</ele>
   </trkpt>
   <trkpt lat="-26.1790350" lon="-51.1473860">
    <ele>785.3</ele>
   </trkpt>
   <trkpt lat="-26.1789980" lon="-51.1473740">
    <ele>785.6</ele>
   </trkpt>
   <trkpt lat="-26.1789690" lon="-51.1473650">
    <ele>785.9</ele>
   </trkpt>
   <trkpt lat="-26.1789500" lon="-51.1473590">
    <ele>786.0</ele>
   </trkpt>
   <trkpt lat="-26.1789420" lon="-51.1473580">
    <ele>786.1</ele>
   </trkpt>
   <trkpt lat="-26.1789210" lon="-51.1473410">
    <ele>786.2</ele>
   </trkpt>
   <trkpt lat="-26.1789050" lon="-51.1473230">
    <ele>786.4</ele>
   </trkpt>
   <trkpt lat="-26.1788940" lon="-51.1473130">
    <ele>786.5</ele>
   </trkpt>
   <trkpt lat="-26.1788910" lon="-51.1473060">
    <ele>786.5</ele>
   </trkpt>
   <trkpt lat="-26.1788660" lon="-51.1472930">
    <ele>786.7</ele>
   </trkpt>
   <trkpt lat="-26.1788220" lon="-51.1472850">
    <ele>787.0</ele>
   </trkpt>
   <trkpt lat="-26.1788040" lon="-51.1472850">
    <ele>787.2</ele>
   </trkpt>
   <trkpt lat="-26.1787680" lon="-51.1472880">
    <ele>787.4</ele>
   </trkpt>
   <trkpt lat="-26.1787360" lon="-51.1472710">
    <ele>787.6</ele>
   </trkpt>
   <trkpt lat="-26.1787000" lon="-51.1472650">
    <ele>787.9</ele>
   </trkpt>
   <trkpt lat="-26.1786860" lon="-51.1472580">
    <ele>788.0</ele>
   </trkpt>
   <trkpt lat="-26.1786590" lon="-51.1472390">
    <ele>788.2</ele>
   </trkpt>
   <trkpt lat="-26.1786180" lon="-51.1472240">
    <ele>788.5</ele>
   </trkpt>
   <trkpt lat="-26.1785830" lon="-51.1472120">
    <ele>788.7</ele>
   </trkpt>
   <trkpt lat="-26.1785450" lon="-51.1472030">
    <ele>788.9</ele>
   </trkpt>
   <trkpt lat="-26.1785190" lon="-51.1471880">
    <ele>789.1</ele>
   </trkpt>
   <trkpt lat="-26.1784850" lon="-51.1471740">
    <ele>789.3</ele>
   </trkpt>
   <trkpt lat="-26.1784450" lon="-51.1471620">
    <ele>789.5</ele>
   </trkpt>
   <trkpt lat="-26.1784140" lon="-51.1471560">
    <ele>789.7</ele>
   </trkpt>
   <trkpt lat="-26.1783760" lon="-51.1471390">
    <ele>789.9</ele>
   </trkpt>
   <trkpt lat="-26.1783600" lon="-51.1471340">
    <ele>790.0</ele>
   </trkpt>
   <trkpt lat="-26.1783340" lon="-51.1471100">
    <ele>790.2</ele>
   </trkpt>
   <trkpt lat="-26.1783050" lon="-51.1470920">
    <ele>790.3</ele>
   </trkpt>
   <trkpt lat="-26.1782690" lon="-51.1470810">
    <ele>790.5</ele>
   </trkpt>
   <trkpt lat="-26.1782380" lon="-51.1470760">
    <ele>790.7</ele>
   </trkpt>
   <trkpt lat="-26.1782000" lon="-51.1470730">
    <ele>790.9</ele>
   </trkpt>
   <trkpt lat="-26.1781870" lon="-51.1470700">
    <ele>790.9</ele>
   </trkpt>
   <trkpt lat="-26.1781500" lon="-51.1470620">
    <ele>791.1</ele>
   </trkpt>
   <trkpt lat="-26.1781380" lon="-51.1470590">
    <ele>791.1</ele>
   </trkpt>
   <trkpt lat="-26.1781010" lon="-51.1470500">
    <ele>791.2</ele>
   </trkpt>
   <trkpt lat="-26.1780880" lon="-51.1470460">
    <ele>791.3</ele>
   </trkpt>
   <trkpt lat="-26.1780580" lon="-51.1470470">
    <ele>791.4</ele>
   </trkpt>
   <trkpt lat="-26.1780500" lon="-51.1470490">
    <ele>791.4</ele>
   </trkpt>
   <trkpt lat="-26.1780360" lon="-51.1470340">
    <ele>791.4</ele>
   </trkpt>
   <trkpt lat="-26.1780250" lon="-51.1470230">
    <ele>791.5</ele>
   </trkpt>
   <trkpt lat="-26.1780090" lon="-51.1470170">
    <ele>791.5</ele>
   </trkpt>
   <trkpt lat="-26.1779950" lon="-51.1470120">
    <ele>791.5</ele>
   </trkpt>
   <trkpt lat="-26.1779570" lon="-51.1469970">
    <ele>791.6</ele>
   </trkpt>
   <trkpt lat="-26.1779430" lon="-51.1469900">
    <ele>791.6</ele>
   </trkpt>
   <trkpt lat="-26.1778930" lon="-51.1469770">
    <ele>791.8</ele>
   </trkpt>
   <trkpt lat="-26.1778640" lon="-51.1469570">
    <ele>791.8</ele>
   </trkpt>
   <trkpt lat="-26.1778510" lon="-51.1469520">
    <ele>791.9</ele>
   </trkpt>
   <trkpt lat="-26.1778160" lon="-51.1469430">
    <ele>791.9</ele>
   </trkpt>
   <trkpt lat="-26.1777790" lon="-51.1469230">
    <ele>792.0</ele>
   </trkpt>
   <trkpt lat="-26.1777640" lon="-51.1469180">
    <ele>792.0</ele>
   </trkpt>
   <trkpt lat="-26.1777350" lon="-51.1469170">
    <ele>792.1</ele>
   </trkpt>
   <trkpt lat="-26.1776980" lon="-51.1469020">
    <ele>792.1</ele>
   </trkpt>
   <trkpt lat="-26.1776750" lon="-51.1468740">
    <ele>792.2</ele>
   </trkpt>
   <trkpt lat="-26.1776420" lon="-51.1468610">
    <ele>792.2</ele>
   </trkpt>
   <trkpt lat="-26.1776120" lon="-51.1468460">
    <ele>792.2</ele>
   </trkpt>
   <trkpt lat="-26.1775820" lon="-51.1468340">
    <ele>792.2</ele>
   </trkpt>
   <trkpt lat="-26.1775490" lon="-51.1468180">
    <ele>792.2</ele>
   </trkpt>
   <trkpt lat="-26.1775660" lon="-51.1468070">
    <ele>792.2</ele>
   </trkpt>
   <trkpt lat="-26.1775270" lon="-51.1468170">
    <ele>792.2</ele>
   </trkpt>
   <trkpt lat="-26.1775230" lon="-51.1468270">
    <ele>792.2</ele>
   </trkpt>
   <trkpt lat="-26.1775000" lon="-51.1468010">
    <ele>792.2</ele>
   </trkpt>
   <trkpt lat="-26.1774850" lon="-51.1467790">
    <ele>792.2</ele>
   </trkpt>
   <trkpt lat="-26.1774530" lon="-51.1467530">
    <ele>792.1</ele>
   </trkpt>
   <trkpt lat="-26.1774300" lon="-51.1467370">
    <ele>792.0</ele>
   </trkpt>
   <trkpt lat="-26.1773620" lon="-51.1467190">
    <ele>791.9</ele>
   </trkpt>
   <trkpt lat="-26.1772990" lon="-51.1466950">
    <ele>791.8</ele>
   </trkpt>
   <trkpt lat="-26.1772320" lon="-51.1466810">
    <ele>791.6</ele>
   </trkpt>
   <trkpt lat="-26.1771820" lon="-51.1466530">
    <ele>791.4</ele>
   </trkpt>
   <trkpt lat="-26.1771290" lon="-51.1466290">
    <ele>791.2</ele>
   </trkpt>
   <trkpt lat="-26.1770840" lon="-51.1465950">
    <ele>791.0</ele>
   </trkpt>
   <trkpt lat="-26.1770390" lon="-51.1465700">
    <ele>790.8</ele>
   </trkpt>
   <trkpt lat="-26.1769880" lon="-51.1465350">
    <ele>790.5</ele>
   </trkpt>
   <trkpt lat="-26.1769330" lon="-51.1465210">
    <ele>790.2</ele>
   </trkpt>
   <trkpt lat="-26.1768760" lon="-51.1464980">
    <ele>789.9</ele>
   </trkpt>
   <trkpt lat="-26.1767710" lon="-51.1464550">
    <ele>789.4</ele>
   </trkpt>
   <trkpt lat="-26.1766930" lon="-51.1464240">
    <ele>789.0</ele>
   </trkpt>
   <trkpt lat="-26.1766090" lon="-51.1463840">
    <ele>788.5</ele>
   </trkpt>
   <trkpt lat="-26.1765430" lon="-51.1463440">
    <ele>788.1</ele>
   </trkpt>
   <trkpt lat="-26.1764740" lon="-51.1463070">
    <ele>787.7</ele>
   </trkpt>
   <trkpt lat="-26.1764000" lon="-51.1462790">
    <ele>787.3</ele>
   </trkpt>
   <trkpt lat="-26.1763290" lon="-51.1462390">
    <ele>786.8</ele>
   </trkpt>
   <trkpt lat="-26.1762430" lon="-51.1461970">
    <ele>786.2</ele>
   </trkpt>
   <trkpt lat="-26.1761630" lon="-51.1461610">
    <ele>785.6</ele>
   </trkpt>
   <trkpt lat="-26.1760850" lon="-51.1461270">
    <ele>785.2</ele>
   </trkpt>
   <trkpt lat="-26.1760090" lon="-51.1460880">
    <ele>784.7</ele>
   </trkpt>
   <trkpt lat="-26.1759390" lon="-51.1460430">
    <ele>784.3</ele>
   </trkpt>
   <trkpt lat="-26.1758610" lon="-51.1460010">
    <ele>784.0</ele>
   </trkpt>
   <trkpt lat="-26.1757730" lon="-51.1459560">
    <ele>783.6</ele>
   </trkpt>
   <trkpt lat="-26.1756970" lon="-51.1459130">
    <ele>783.3</ele>
   </trkpt>
   <trkpt lat="-26.1756210" lon="-51.1458680">
    <ele>783.1</ele>
   </trkpt>
   <trkpt lat="-26.1755460" lon="-51.1458310">
    <ele>783.0</ele>
   </trkpt>
   <trkpt lat="-26.1754670" lon="-51.1457860">
    <ele>783.0</ele>
   </trkpt>
   <trkpt lat="-26.1753880" lon="-51.1457460">
    <ele>783.0</ele>
   </trkpt>
   <trkpt lat="-26.1753160" lon="-51.1457050">
    <ele>783.1</ele>
   </trkpt>
   <trkpt lat="-26.1752280" lon="-51.1456530">
    <ele>783.2</ele>
   </trkpt>
   <trkpt lat="-26.1751530" lon="-51.1456120">
    <ele>783.4</ele>
   </trkpt>
   <trkpt lat="-26.1750710" lon="-51.1455660">
    <ele>783.5</ele>
   </trkpt>
   <trkpt lat="-26.1749920" lon="-51.1455290">
    <ele>783.7</ele>
   </trkpt>
   <trkpt lat="-26.1749180" lon="-51.1454910">
    <ele>783.9</ele>
   </trkpt>
   <trkpt lat="-26.1748370" lon="-51.1454500">
    <ele>784.1</ele>
   </trkpt>
   <trkpt lat="-26.1747670" lon="-51.1454090">
    <ele>784.3</ele>
   </trkpt>
   <trkpt lat="-26.1746940" lon="-51.1453700">
    <ele>784.6</ele>
   </trkpt>
   <trkpt lat="-26.1746200" lon="-51.1453370">
    <ele>784.8</ele>
   </trkpt>
   <trkpt lat="-26.1745650" lon="-51.1453470">
    <ele>785.0</ele>
   </trkpt>
   <trkpt lat="-26.1745010" lon="-51.1453430">
    <ele>785.2</ele>
   </trkpt>
   <trkpt lat="-26.1744230" lon="-51.1452630">
    <ele>785.5</ele>
   </trkpt>
   <trkpt lat="-26.1743550" lon="-51.1452210">
    <ele>785.7</ele>
   </trkpt>
   <trkpt lat="-26.1742890" lon="-51.1451870">
    <ele>785.8</ele>
   </trkpt>
   <trkpt lat="-26.1742300" lon="-51.1451620">
    <ele>786.0</ele>
   </trkpt>
   <trkpt lat="-26.1741760" lon="-51.1451300">
    <ele>786.1</ele>
   </trkpt>
   <trkpt lat="-26.1741220" lon="-51.1450900">
    <ele>786.3</ele>
   </trkpt>
   <trkpt lat="-26.1740660" lon="-51.1450550">
    <ele>786.4</ele>
   </trkpt>
   <trkpt lat="-26.1740010" lon="-51.1450260">
    <ele>786.5</ele>
   </trkpt>
   <trkpt lat="-26.1739450" lon="-51.1449980">
    <ele>786.6</ele>
   </trkpt>
   <trkpt lat="-26.1739040" lon="-51.1449630">
    <ele>786.7</ele>
   </trkpt>
   <trkpt lat="-26.1738410" lon="-51.1449250">
    <ele>786.8</ele>
   </trkpt>
   <trkpt lat="-26.1737790" lon="-51.1449030">
    <ele>786.9</ele>
   </trkpt>
   <trkpt lat="-26.1737120" lon="-51.1448840">
    <ele>786.9</ele>
   </trkpt>
   <trkpt lat="-26.1736560" lon="-51.1448510">
    <ele>786.9</ele>
   </trkpt>
   <trkpt lat="-26.1736070" lon="-51.1448240">
    <ele>786.9</ele>
   </trkpt>
   <trkpt lat="-26.1735440" lon="-51.1447920">
    <ele>786.9</ele>
   </trkpt>
   <trkpt lat="-26.1734900" lon="-51.1447600">
    <ele>786.9</ele>
   </trkpt>
   <trkpt lat="-26.1734360" lon="-51.1447380">
    <ele>786.8</ele>
   </trkpt>
   <trkpt lat="-26.1733790" lon="-51.1447040">
    <ele>786.8</ele>
   </trkpt>
   <trkpt lat="-26.1733250" lon="-51.1446820">
    <ele>786.7</ele>
   </trkpt>
   <trkpt lat="-26.1732670" lon="-51.1446530">
    <ele>786.6</ele>
   </trkpt>
   <trkpt lat="-26.1732130" lon="-51.1446220">
    <ele>786.4</ele>
   </trkpt>
   <trkpt lat="-26.1731590" lon="-51.1445980">
    <ele>786.3</ele>
   </trkpt>
   <trkpt lat="-26.1731050" lon="-51.1445670">
    <ele>786.2</ele>
   </trkpt>
   <trkpt lat="-26.1730540" lon="-51.1445380">
    <ele>786.0</ele>
   </trkpt>
   <trkpt lat="-26.1730000" lon="-51.1445040">
    <ele>785.8</ele>
   </trkpt>
   <trkpt lat="-26.1729460" lon="-51.1444740">
    <ele>785.7</ele>
   </trkpt>
   <trkpt lat="-26.1728870" lon="-51.1444420">
    <ele>785.5</ele>
   </trkpt>
   <trkpt lat="-26.1728260" lon="-51.1444090">
    <ele>785.3</ele>
   </trkpt>
   <trkpt lat="-26.1727660" lon="-51.1443790">
    <ele>785.2</ele>
   </trkpt>
   <trkpt lat="-26.1727060" lon="-51.1443540">
    <ele>785.0</ele>
   </trkpt>
   <trkpt lat="-26.1726480" lon="-51.1443210">
    <ele>784.8</ele>
   </trkpt>
   <trkpt lat="-26.1725830" lon="-51.1442920">
    <ele>784.6</ele>
   </trkpt>
   <trkpt lat="-26.1725250" lon="-51.1442540">
    <ele>784.5</ele>
   </trkpt>
   <trkpt lat="-26.1724690" lon="-51.1442170">
    <ele>784.3</ele>
   </trkpt>
   <trkpt lat="-26.1724050" lon="-51.1441810">
    <ele>784.1</ele>
   </trkpt>
   <trkpt lat="-26.1723390" lon="-51.1441470">
    <ele>784.0</ele>
   </trkpt>
   <trkpt lat="-26.1722760" lon="-51.1441020">
    <ele>783.7</ele>
   </trkpt>
   <trkpt lat="-26.1722170" lon="-51.1440550">
    <ele>783.5</ele>
   </trkpt>
   <trkpt lat="-26.1721610" lon="-51.1440060">
    <ele>783.3</ele>
   </trkpt>
   <trkpt lat="-26.1721160" lon="-51.1439800">
    <ele>783.1</ele>
   </trkpt>
   <trkpt lat="-26.1720710" lon="-51.1439200">
    <ele>782.9</ele>
   </trkpt>
   <trkpt lat="-26.1720180" lon="-51.1438480">
    <ele>782.7</ele>
   </trkpt>
   <trkpt lat="-26.1719740" lon="-51.1437800">
    <ele>782.5</ele>
   </trkpt>
   <trkpt lat="-26.1719390" lon="-51.1437220">
    <ele>782.3</ele>
   </trkpt>
   <trkpt lat="-26.1719010" lon="-51.1436490">
    <ele>782.1</ele>
   </trkpt>
   <trkpt lat="-26.1718740" lon="-51.1435760">
    <ele>781.9</ele>
   </trkpt>
   <trkpt lat="-26.1718450" lon="-51.1435030">
    <ele>781.7</ele>
   </trkpt>
   <trkpt lat="-26.1718180" lon="-51.1434230">
    <ele>781.5</ele>
   </trkpt>
   <trkpt lat="-26.1717870" lon="-51.1432730">
    <ele>781.1</ele>
   </trkpt>
   <trkpt lat="-26.1717800" lon="-51.1431920">
    <ele>780.8</ele>
   </trkpt>
   <trkpt lat="-26.1717630" lon="-51.1431140">
    <ele>780.5</ele>
   </trkpt>
   <trkpt lat="-26.1717470" lon="-51.1430320">
    <ele>780.2</ele>
   </trkpt>
   <trkpt lat="-26.1717230" lon="-51.1428670">
    <ele>779.7</ele>
   </trkpt>
   <trkpt lat="-26.1717130" lon="-51.1427870">
    <ele>779.5</ele>
   </trkpt>
   <trkpt lat="-26.1717120" lon="-51.1426970">
    <ele>779.1</ele>
   </trkpt>
   <trkpt lat="-26.1716960" lon="-51.1426020">
    <ele>778.7</ele>
   </trkpt>
   <trkpt lat="-26.1716790" lon="-51.1425040">
    <ele>778.3</ele>
   </trkpt>
   <trkpt lat="-26.1716670" lon="-51.1424050">
    <ele>778.0</ele>
   </trkpt>
   <trkpt lat="-26.1716510" lon="-51.1423110">
    <ele>777.7</ele>
   </trkpt>
   <trkpt lat="-26.1716400" lon="-51.1422130">
    <ele>777.3</ele>
   </trkpt>
   <trkpt lat="-26.1716250" lon="-51.1421090">
    <ele>776.9</ele>
   </trkpt>
   <trkpt lat="-26.1716120" lon="-51.1420110">
    <ele>776.5</ele>
   </trkpt>
   <trkpt lat="-26.1716010" lon="-51.1419080">
    <ele>776.2</ele>
   </trkpt>
   <trkpt lat="-26.1715870" lon="-51.1417980">
    <ele>775.7</ele>
   </trkpt>
   <trkpt lat="-26.1715770" lon="-51.1417030">
    <ele>775.4</ele>
   </trkpt>
   <trkpt lat="-26.1715610" lon="-51.1415980">
    <ele>775.0</ele>
   </trkpt>
   <trkpt lat="-26.1715500" lon="-51.1414950">
    <ele>774.7</ele>
   </trkpt>
   <trkpt lat="-26.1715420" lon="-51.1413940">
    <ele>774.4</ele>
   </trkpt>
   <trkpt lat="-26.1715280" lon="-51.1412880">
    <ele>774.0</ele>
   </trkpt>
   <trkpt lat="-26.1715190" lon="-51.1411880">
    <ele>773.6</ele>
   </trkpt>
   <trkpt lat="-26.1715040" lon="-51.1410830">
    <ele>773.1</ele>
   </trkpt>
   <trkpt lat="-26.1714910" lon="-51.1409840">
    <ele>772.7</ele>
   </trkpt>
   <trkpt lat="-26.1714780" lon="-51.1408830">
    <ele>772.3</ele>
   </trkpt>
   <trkpt lat="-26.1714590" lon="-51.1407780">
    <ele>771.8</ele>
   </trkpt>
   <trkpt lat="-26.1714440" lon="-51.1406780">
    <ele>771.4</ele>
   </trkpt>
   <trkpt lat="-26.1714250" lon="-51.1405790">
    <ele>770.9</ele>
   </trkpt>
   <trkpt lat="-26.1714070" lon="-51.1404730">
    <ele>770.5</ele>
   </trkpt>
   <trkpt lat="-26.1713760" lon="-51.1403700">
    <ele>770.1</ele>
   </trkpt>
   <trkpt lat="-26.1713480" lon="-51.1402780">
    <ele>769.7</ele>
   </trkpt>
   <trkpt lat="-26.1713100" lon="-51.1401800">
    <ele>769.3</ele>
   </trkpt>
   <trkpt lat="-26.1712800" lon="-51.1400810">
    <ele>768.9</ele>
   </trkpt>
   <trkpt lat="-26.1712380" lon="-51.1399870">
    <ele>768.5</ele>
   </trkpt>
   <trkpt lat="-26.1711900" lon="-51.1398950">
    <ele>768.2</ele>
   </trkpt>
   <trkpt lat="-26.1711370" lon="-51.1398060">
    <ele>767.8</ele>
   </trkpt>
   <trkpt lat="-26.1710840" lon="-51.1397230">
    <ele>767.6</ele>
   </trkpt>
   <trkpt lat="-26.1710280" lon="-51.1396440">
    <ele>767.4</ele>
   </trkpt>
   <trkpt lat="-26.1709740" lon="-51.1395520">
    <ele>767.0</ele>
   </trkpt>
   <trkpt lat="-26.1709140" lon="-51.1394600">
    <ele>766.6</ele>
   </trkpt>
   <trkpt lat="-26.1708640" lon="-51.1393720">
    <ele>766.1</ele>
   </trkpt>
   <trkpt lat="-26.1708070" lon="-51.1392840">
    <ele>765.5</ele>
   </trkpt>
   <trkpt lat="-26.1707510" lon="-51.1391940">
    <ele>764.9</ele>
   </trkpt>
   <trkpt lat="-26.1706920" lon="-51.1391040">
    <ele>764.3</ele>
   </trkpt>
   <trkpt lat="-26.1706320" lon="-51.1390140">
    <ele>763.8</ele>
   </trkpt>
   <trkpt lat="-26.1705720" lon="-51.1389220">
    <ele>763.3</ele>
   </trkpt>
   <trkpt lat="-26.1705110" lon="-51.1388280">
    <ele>762.8</ele>
   </trkpt>
   <trkpt lat="-26.1704540" lon="-51.1387350">
    <ele>762.3</ele>
   </trkpt>
   <trkpt lat="-26.1703950" lon="-51.1386390">
    <ele>761.8</ele>
   </trkpt>
   <trkpt lat="-26.1703340" lon="-51.1385450">
    <ele>761.4</ele>
   </trkpt>
   <trkpt lat="-26.1702780" lon="-51.1384560">
    <ele>761.0</ele>
   </trkpt>
   <trkpt lat="-26.1702250" lon="-51.1383700">
    <ele>760.7</ele>
   </trkpt>
   <trkpt lat="-26.1701670" lon="-51.1382770">
    <ele>760.5</ele>
   </trkpt>
   <trkpt lat="-26.1701110" lon="-51.1381910">
    <ele>760.3</ele>
   </trkpt>
   <trkpt lat="-26.1700580" lon="-51.1381040">
    <ele>760.1</ele>
   </trkpt>
   <trkpt lat="-26.1700070" lon="-51.1380170">
    <ele>760.0</ele>
   </trkpt>
   <trkpt lat="-26.1699500" lon="-51.1379310">
    <ele>760.0</ele>
   </trkpt>
   <trkpt lat="-26.1699010" lon="-51.1378500">
    <ele>759.9</ele>
   </trkpt>
   <trkpt lat="-26.1698470" lon="-51.1377720">
    <ele>759.8</ele>
   </trkpt>
   <trkpt lat="-26.1697980" lon="-51.1376960">
    <ele>759.8</ele>
   </trkpt>
   <trkpt lat="-26.1697510" lon="-51.1376200">
    <ele>759.8</ele>
   </trkpt>
   <trkpt lat="-26.1697050" lon="-51.1375570">
    <ele>759.7</ele>
   </trkpt>
   <trkpt lat="-26.1696550" lon="-51.1374710">
    <ele>759.7</ele>
   </trkpt>
   <trkpt lat="-26.1696010" lon="-51.1373950">
    <ele>759.7</ele>
   </trkpt>
   <trkpt lat="-26.1695580" lon="-51.1373220">
    <ele>759.7</ele>
   </trkpt>
   <trkpt lat="-26.1695100" lon="-51.1372480">
    <ele>759.8</ele>
   </trkpt>
   <trkpt lat="-26.1694650" lon="-51.1371730">
    <ele>759.8</ele>
   </trkpt>
   <trkpt lat="-26.1694190" lon="-51.1371010">
    <ele>759.8</ele>
   </trkpt>
   <trkpt lat="-26.1693750" lon="-51.1370330">
    <ele>759.8</ele>
   </trkpt>
   <trkpt lat="-26.1693350" lon="-51.1369650">
    <ele>759.8</ele>
   </trkpt>
   <trkpt lat="-26.1692900" lon="-51.1369080">
    <ele>759.8</ele>
   </trkpt>
   <trkpt lat="-26.1692520" lon="-51.1368400">
    <ele>759.8</ele>
   </trkpt>
   <trkpt lat="-26.1692060" lon="-51.1367720">
    <ele>759.8</ele>
   </trkpt>
   <trkpt lat="-26.1691660" lon="-51.1367070">
    <ele>759.9</ele>
   </trkpt>
   <trkpt lat="-26.1691250" lon="-51.1366460">
    <ele>759.9</ele>
   </trkpt>
   <trkpt lat="-26.1690840" lon="-51.1365840">
    <ele>760.0</ele>
   </trkpt>
   <trkpt lat="-26.1690450" lon="-51.1365250">
    <ele>760.0</ele>
   </trkpt>
   <trkpt lat="-26.1690100" lon="-51.1364630">
    <ele>760.1</ele>
   </trkpt>
   <trkpt lat="-26.1689750" lon="-51.1364040">
    <ele>760.1</ele>
   </trkpt>
   <trkpt lat="-26.1689360" lon="-51.1363450">
    <ele>760.1</ele>
   </trkpt>
   <trkpt lat="-26.1688980" lon="-51.1362840">
    <ele>760.1</ele>
   </trkpt>
   <trkpt lat="-26.1688590" lon="-51.1362240">
    <ele>760.1</ele>
   </trkpt>
   <trkpt lat="-26.1688220" lon="-51.1361630">
    <ele>760.1</ele>
   </trkpt>
   <trkpt lat="-26.1687890" lon="-51.1361050">
    <ele>760.1</ele>
   </trkpt>
   <trkpt lat="-26.1687490" lon="-51.1360500">
    <ele>760.0</ele>
   </trkpt>
   <trkpt lat="-26.1687110" lon="-51.1359960">
    <ele>760.0</ele>
   </trkpt>
   <trkpt lat="-26.1686780" lon="-51.1359440">
    <ele>760.0</ele>
   </trkpt>
   <trkpt lat="-26.1686470" lon="-51.1358850">
    <ele>760.0</ele>
   </trkpt>
   <trkpt lat="-26.1686130" lon="-51.1358280">
    <ele>759.9</ele>
   </trkpt>
   <trkpt lat="-26.1685780" lon="-51.1357810">
    <ele>759.9</ele>
   </trkpt>
   <trkpt lat="-26.1685450" lon="-51.1357190">
    <ele>759.9</ele>
   </trkpt>
   <trkpt lat="-26.1685100" lon="-51.1356620">
    <ele>759.9</ele>
   </trkpt>
   <trkpt lat="-26.1684720" lon="-51.1356000">
    <ele>759.9</ele>
   </trkpt>
   <trkpt lat="-26.1684310" lon="-51.1355460">
    <ele>759.9</ele>
   </trkpt>
   <trkpt lat="-26.1683910" lon="-51.1354970">
    <ele>759.9</ele>
   </trkpt>
   <trkpt lat="-26.1683610" lon="-51.1354510">
    <ele>759.8</ele>
   </trkpt>
   <trkpt lat="-26.1683290" lon="-51.1353960">
    <ele>759.8</ele>
   </trkpt>
   <trkpt lat="-26.1683020" lon="-51.1353470">
    <ele>759.8</ele>
   </trkpt>
   <trkpt lat="-26.1682720" lon="-51.1353030">
    <ele>759.8</ele>
   </trkpt>
   <trkpt lat="-26.1682420" lon="-51.1352480">
    <ele>759.7</ele>
   </trkpt>
   <trkpt lat="-26.1682100" lon="-51.1352000">
    <ele>759.7</ele>
   </trkpt>
   <trkpt lat="-26.1681760" lon="-51.1351440">
    <ele>759.7</ele>
   </trkpt>
   <trkpt lat="-26.1681450" lon="-51.1350900">
    <ele>759.7</ele>
   </trkpt>
   <trkpt lat="-26.1681080" lon="-51.1350340">
    <ele>759.7</ele>
   </trkpt>
   <trkpt lat="-26.1680740" lon="-51.1349780">
    <ele>759.7</ele>
   </trkpt>
   <trkpt lat="-26.1680400" lon="-51.1349220">
    <ele>759.7</ele>
   </trkpt>
   <trkpt lat="-26.1680070" lon="-51.1348690">
    <ele>759.7</ele>
   </trkpt>
   <trkpt lat="-26.1679740" lon="-51.1348120">
    <ele>759.7</ele>
   </trkpt>
   <trkpt lat="-26.1679310" lon="-51.1347540">
    <ele>759.7</ele>
   </trkpt>
   <trkpt lat="-26.1678980" lon="-51.1346980">
    <ele>759.7</ele>
   </trkpt>
   <trkpt lat="-26.1678600" lon="-51.1346430">
    <ele>759.6</ele>
   </trkpt>
   <trkpt lat="-26.1678220" lon="-51.1345860">
    <ele>759.4</ele>
   </trkpt>
   <trkpt lat="-26.1677860" lon="-51.1345310">
    <ele>759.0</ele>
   </trkpt>
   <trkpt lat="-26.1677460" lon="-51.1344740">
    <ele>758.7</ele>
   </trkpt>
   <trkpt lat="-26.1677080" lon="-51.1344140">
    <ele>758.6</ele>
   </trkpt>
   <trkpt lat="-26.1676710" lon="-51.1343550">
    <ele>758.5</ele>
   </trkpt>
   <trkpt lat="-26.1676380" lon="-51.1342980">
    <ele>758.5</ele>
   </trkpt>
   <trkpt lat="-26.1676020" lon="-51.1342370">
    <ele>758.4</ele>
   </trkpt>
   <trkpt lat="-26.1675630" lon="-51.1341810">
    <ele>758.4</ele>
   </trkpt>
   <trkpt lat="-26.1675260" lon="-51.1341210">
    <ele>758.4</ele>
   </trkpt>
   <trkpt lat="-26.1674820" lon="-51.1340640">
    <ele>758.4</ele>
   </trkpt>
   <trkpt lat="-26.1674430" lon="-51.1340060">
    <ele>758.3</ele>
   </trkpt>
   <trkpt lat="-26.1674060" lon="-51.1339430">
    <ele>758.3</ele>
   </trkpt>
   <trkpt lat="-26.1673720" lon="-51.1338780">
    <ele>758.2</ele>
   </trkpt>
   <trkpt lat="-26.1673330" lon="-51.1338160">
    <ele>758.2</ele>
   </trkpt>
   <trkpt lat="-26.1672950" lon="-51.1337570">
    <ele>758.1</ele>
   </trkpt>
   <trkpt lat="-26.1672600" lon="-51.1336950">
    <ele>758.1</ele>
   </trkpt>
   <trkpt lat="-26.1672220" lon="-51.1336320">
    <ele>758.0</ele>
   </trkpt>
   <trkpt lat="-26.1671770" lon="-51.1335710">
    <ele>757.9</ele>
   </trkpt>
   <trkpt lat="-26.1671410" lon="-51.1335120">
    <ele>757.9</ele>
   </trkpt>
   <trkpt lat="-26.1670990" lon="-51.1334530">
    <ele>757.8</ele>
   </trkpt>
   <trkpt lat="-26.1670610" lon="-51.1333930">
    <ele>757.7</ele>
   </trkpt>
   <trkpt lat="-26.1670200" lon="-51.1333320">
    <ele>757.7</ele>
   </trkpt>
   <trkpt lat="-26.1669840" lon="-51.1332700">
    <ele>757.6</ele>
   </trkpt>
   <trkpt lat="-26.1669460" lon="-51.1332120">
    <ele>757.6</ele>
   </trkpt>
   <trkpt lat="-26.1669040" lon="-51.1331540">
    <ele>757.5</ele>
   </trkpt>
   <trkpt lat="-26.1668700" lon="-51.1330910">
    <ele>757.5</ele>
   </trkpt>
   <trkpt lat="-26.1668290" lon="-51.1330270">
    <ele>757.4</ele>
   </trkpt>
   <trkpt lat="-26.1667900" lon="-51.1329660">
    <ele>757.4</ele>
   </trkpt>
   <trkpt lat="-26.1667490" lon="-51.1329030">
    <ele>757.4</ele>
   </trkpt>
   <trkpt lat="-26.1667110" lon="-51.1328410">
    <ele>757.3</ele>
   </trkpt>
   <trkpt lat="-26.1666730" lon="-51.1327800">
    <ele>757.3</ele>
   </trkpt>
   <trkpt lat="-26.1666340" lon="-51.1327170">
    <ele>757.2</ele>
   </trkpt>
   <trkpt lat="-26.1666030" lon="-51.1326540">
    <ele>757.1</ele>
   </trkpt>
   <trkpt lat="-26.1665640" lon="-51.1325870">
    <ele>757.1</ele>
   </trkpt>
   <trkpt lat="-26.1665210" lon="-51.1325230">
    <ele>757.0</ele>
   </trkpt>
   <trkpt lat="-26.1664870" lon="-51.1324630">
    <ele>757.1</ele>
   </trkpt>
   <trkpt lat="-26.1664470" lon="-51.1324050">
    <ele>757.1</ele>
   </trkpt>
   <trkpt lat="-26.1664220" lon="-51.1323510">
    <ele>757.1</ele>
   </trkpt>
   <trkpt lat="-26.1663710" lon="-51.1322920">
    <ele>757.1</ele>
   </trkpt>
   <trkpt lat="-26.1663300" lon="-51.1322270">
    <ele>757.1</ele>
   </trkpt>
   <trkpt lat="-26.1662910" lon="-51.1321620">
    <ele>757.1</ele>
   </trkpt>
   <trkpt lat="-26.1662510" lon="-51.1321000">
    <ele>757.1</ele>
   </trkpt>
   <trkpt lat="-26.1662090" lon="-51.1320360">
    <ele>757.0</ele>
   </trkpt>
   <trkpt lat="-26.1661700" lon="-51.1319740">
    <ele>756.9</ele>
   </trkpt>
   <trkpt lat="-26.1661270" lon="-51.1319120">
    <ele>756.8</ele>
   </trkpt>
   <trkpt lat="-26.1660410" lon="-51.1317890">
    <ele>756.5</ele>
   </trkpt>
   <trkpt lat="-26.1659970" lon="-51.1317280">
    <ele>756.5</ele>
   </trkpt>
   <trkpt lat="-26.1659550" lon="-51.1316750">
    <ele>756.4</ele>
   </trkpt>
   <trkpt lat="-26.1659050" lon="-51.1316230">
    <ele>756.4</ele>
   </trkpt>
   <trkpt lat="-26.1658520" lon="-51.1315730">
    <ele>756.4</ele>
   </trkpt>
   <trkpt lat="-26.1658040" lon="-51.1315170">
    <ele>756.4</ele>
   </trkpt>
   <trkpt lat="-26.1657620" lon="-51.1314770">
    <ele>756.4</ele>
   </trkpt>
   <trkpt lat="-26.1657170" lon="-51.1314390">
    <ele>756.3</ele>
   </trkpt>
   <trkpt lat="-26.1656750" lon="-51.1314060">
    <ele>756.3</ele>
   </trkpt>
   <trkpt lat="-26.1656340" lon="-51.1313710">
    <ele>756.3</ele>
   </trkpt>
   <trkpt lat="-26.1655960" lon="-51.1313170">
    <ele>756.2</ele>
   </trkpt>
   <trkpt lat="-26.1655570" lon="-51.1312890">
    <ele>756.2</ele>
   </trkpt>
   <trkpt lat="-26.1655230" lon="-51.1313160">
    <ele>756.3</ele>
   </trkpt>
   <trkpt lat="-26.1655200" lon="-51.1313590">
    <ele>756.3</ele>
   </trkpt>
   <trkpt lat="-26.1655640" lon="-51.1313990">
    <ele>756.3</ele>
   </trkpt>
   <trkpt lat="-26.1655990" lon="-51.1314190">
    <ele>756.3</ele>
   </trkpt>
   <trkpt lat="-26.1656430" lon="-51.1314550">
    <ele>756.3</ele>
   </trkpt>
   <trkpt lat="-26.1656790" lon="-51.1314790">
    <ele>756.4</ele>
   </trkpt>
   <trkpt lat="-26.1657200" lon="-51.1315070">
    <ele>756.4</ele>
   </trkpt>
   <trkpt lat="-26.1657530" lon="-51.1315310">
    <ele>756.4</ele>
   </trkpt>
   <trkpt lat="-26.1657840" lon="-51.1315610">
    <ele>756.4</ele>
   </trkpt>
   <trkpt lat="-26.1658180" lon="-51.1315840">
    <ele>756.4</ele>
   </trkpt>
   <trkpt lat="-26.1658400" lon="-51.1316340">
    <ele>756.4</ele>
   </trkpt>
   <trkpt lat="-26.1658720" lon="-51.1316660">
    <ele>756.4</ele>
   </trkpt>
   <trkpt lat="-26.1659000" lon="-51.1317060">
    <ele>756.4</ele>
   </trkpt>
   <trkpt lat="-26.1659240" lon="-51.1317530">
    <ele>756.5</ele>
   </trkpt>
   <trkpt lat="-26.1659290" lon="-51.1318070">
    <ele>756.3</ele>
   </trkpt>
   <trkpt lat="-26.1659200" lon="-51.1318630">
    <ele>756.1</ele>
   </trkpt>
   <trkpt lat="-26.1659000" lon="-51.1319110">
    <ele>755.9</ele>
   </trkpt>
   <trkpt lat="-26.1658780" lon="-51.1319580">
    <ele>755.6</ele>
   </trkpt>
   <trkpt lat="-26.1658500" lon="-51.1320060">
    <ele>755.4</ele>
   </trkpt>
   <trkpt lat="-26.1658190" lon="-51.1320530">
    <ele>755.2</ele>
   </trkpt>
   <trkpt lat="-26.1657830" lon="-51.1320980">
    <ele>755.0</ele>
   </trkpt>
   <trkpt lat="-26.1657480" lon="-51.1321370">
    <ele>754.9</ele>
   </trkpt>
   <trkpt lat="-26.1657120" lon="-51.1321850">
    <ele>754.7</ele>
   </trkpt>
   <trkpt lat="-26.1656740" lon="-51.1322360">
    <ele>754.6</ele>
   </trkpt>
   <trkpt lat="-26.1656280" lon="-51.1322810">
    <ele>754.5</ele>
   </trkpt>
   <trkpt lat="-26.1655800" lon="-51.1323330">
    <ele>754.5</ele>
   </trkpt>
   <trkpt lat="-26.1655440" lon="-51.1323910">
    <ele>754.4</ele>
   </trkpt>
   <trkpt lat="-26.1655010" lon="-51.1324490">
    <ele>754.4</ele>
   </trkpt>
   <trkpt lat="-26.1654600" lon="-51.1324990">
    <ele>754.3</ele>
   </trkpt>
   <trkpt lat="-26.1654180" lon="-51.1325600">
    <ele>754.3</ele>
   </trkpt>
   <trkpt lat="-26.1653810" lon="-51.1326080">
    <ele>754.2</ele>
   </trkpt>
   <trkpt lat="-26.1653450" lon="-51.1326520">
    <ele>754.2</ele>
   </trkpt>
   <trkpt lat="-26.1653090" lon="-51.1326920">
    <ele>754.1</ele>
   </trkpt>
   <trkpt lat="-26.1652750" lon="-51.1327410">
    <ele>754.0</ele>
   </trkpt>
   <trkpt lat="-26.1652450" lon="-51.1327930">
    <ele>753.9</ele>
   </trkpt>
   <trkpt lat="-26.1652070" lon="-51.1328340">
    <ele>753.8</ele>
   </trkpt>
   <trkpt lat="-26.1651770" lon="-51.1328820">
    <ele>753.8</ele>
   </trkpt>
   <trkpt lat="-26.1651430" lon="-51.1329250">
    <ele>753.7</ele>
   </trkpt>
   <trkpt lat="-26.1650950" lon="-51.1329650">
    <ele>753.7</ele>
   </trkpt>
   <trkpt lat="-26.1650620" lon="-51.1330120">
    <ele>753.6</ele>
   </trkpt>
   <trkpt lat="-26.1650300" lon="-51.1330620">
    <ele>753.6</ele>
   </trkpt>
   <trkpt lat="-26.1649980" lon="-51.1331080">
    <ele>753.5</ele>
   </trkpt>
   <trkpt lat="-26.1649650" lon="-51.1331560">
    <ele>753.5</ele>
   </trkpt>
   <trkpt lat="-26.1649290" lon="-51.1332060">
    <ele>753.4</ele>
   </trkpt>
   <trkpt lat="-26.1648910" lon="-51.1332580">
    <ele>753.2</ele>
   </trkpt>
   <trkpt lat="-26.1648520" lon="-51.1333150">
    <ele>753.1</ele>
   </trkpt>
   <trkpt lat="-26.1648170" lon="-51.1333670">
    <ele>753.0</ele>
   </trkpt>
   <trkpt lat="-26.1647710" lon="-51.1334210">
    <ele>752.9</ele>
   </trkpt>
   <trkpt lat="-26.1647460" lon="-51.1334740">
    <ele>752.9</ele>
   </trkpt>
   <trkpt lat="-26.1647010" lon="-51.1335290">
    <ele>752.9</ele>
   </trkpt>
   <trkpt lat="-26.1646550" lon="-51.1335920">
    <ele>752.9</ele>
   </trkpt>
   <trkpt lat="-26.1646130" lon="-51.1336470">
    <ele>752.8</ele>
   </trkpt>
   <trkpt lat="-26.1645710" lon="-51.1336980">
    <ele>752.8</ele>
   </trkpt>
   <trkpt lat="-26.1645420" lon="-51.1337570">
    <ele>752.8</ele>
   </trkpt>
   <trkpt lat="-26.1645050" lon="-51.1338100">
    <ele>752.7</ele>
   </trkpt>
   <trkpt lat="-26.1644550" lon="-51.1338660">
    <ele>752.6</ele>
   </trkpt>
   <trkpt lat="-26.1644100" lon="-51.1339140">
    <ele>752.5</ele>
   </trkpt>
   <trkpt lat="-26.1643670" lon="-51.1339650">
    <ele>752.5</ele>
   </trkpt>
   <trkpt lat="-26.1643290" lon="-51.1340200">
    <ele>752.4</ele>
   </trkpt>
   <trkpt lat="-26.1642960" lon="-51.1340750">
    <ele>752.3</ele>
   </trkpt>
   <trkpt lat="-26.1642580" lon="-51.1341240">
    <ele>752.3</ele>
   </trkpt>
   <trkpt lat="-26.1642210" lon="-51.1341750">
    <ele>752.2</ele>
   </trkpt>
   <trkpt lat="-26.1641900" lon="-51.1342230">
    <ele>752.2</ele>
   </trkpt>
   <trkpt lat="-26.1641540" lon="-51.1342680">
    <ele>752.1</ele>
   </trkpt>
   <trkpt lat="-26.1641180" lon="-51.1343100">
    <ele>752.1</ele>
   </trkpt>
   <trkpt lat="-26.1640830" lon="-51.1343570">
    <ele>752.0</ele>
   </trkpt>
   <trkpt lat="-26.1640490" lon="-51.1344020">
    <ele>751.9</ele>
   </trkpt>
   <trkpt lat="-26.1640100" lon="-51.1344550">
    <ele>751.8</ele>
   </trkpt>
   <trkpt lat="-26.1639640" lon="-51.1345100">
    <ele>751.7</ele>
   </trkpt>
   <trkpt lat="-26.1639340" lon="-51.1345560">
    <ele>751.7</ele>
   </trkpt>
   <trkpt lat="-26.1638940" lon="-51.1346070">
    <ele>751.7</ele>
   </trkpt>
   <trkpt lat="-26.1638600" lon="-51.1346660">
    <ele>751.7</ele>
   </trkpt>
   <trkpt lat="-26.1638290" lon="-51.1347170">
    <ele>751.6</ele>
   </trkpt>
   <trkpt lat="-26.1637860" lon="-51.1347640">
    <ele>751.6</ele>
   </trkpt>
   <trkpt lat="-26.1637470" lon="-51.1348120">
    <ele>751.5</ele>
   </trkpt>
   <trkpt lat="-26.1637170" lon="-51.1348660">
    <ele>751.4</ele>
   </trkpt>
   <trkpt lat="-26.1636850" lon="-51.1349180">
    <ele>751.4</ele>
   </trkpt>
   <trkpt lat="-26.1636500" lon="-51.1349610">
    <ele>751.3</ele>
   </trkpt>
   <trkpt lat="-26.1636020" lon="-51.1350020">
    <ele>751.2</ele>
   </trkpt>
   <trkpt lat="-26.1635650" lon="-51.1350440">
    <ele>751.2</ele>
   </trkpt>
   <trkpt lat="-26.1635360" lon="-51.1350930">
    <ele>751.1</ele>
   </trkpt>
   <trkpt lat="-26.1634970" lon="-51.1351470">
    <ele>751.0</ele>
   </trkpt>
   <trkpt lat="-26.1634610" lon="-51.1352030">
    <ele>751.0</ele>
   </trkpt>
   <trkpt lat="-26.1634280" lon="-51.1352590">
    <ele>751.0</ele>
   </trkpt>
   <trkpt lat="-26.1633980" lon="-51.1353120">
    <ele>751.0</ele>
   </trkpt>
   <trkpt lat="-26.1633620" lon="-51.1353670">
    <ele>750.9</ele>
   </trkpt>
   <trkpt lat="-26.1633190" lon="-51.1354100">
    <ele>750.9</ele>
   </trkpt>
   <trkpt lat="-26.1632810" lon="-51.1354580">
    <ele>750.9</ele>
   </trkpt>
   <trkpt lat="-26.1632490" lon="-51.1355000">
    <ele>750.9</ele>
   </trkpt>
   <trkpt lat="-26.1632100" lon="-51.1355530">
    <ele>750.8</ele>
   </trkpt>
   <trkpt lat="-26.1631720" lon="-51.1356040">
    <ele>750.7</ele>
   </trkpt>
   <trkpt lat="-26.1631360" lon="-51.1356480">
    <ele>750.7</ele>
   </trkpt>
   <trkpt lat="-26.1630990" lon="-51.1357060">
    <ele>750.6</ele>
   </trkpt>
   <trkpt lat="-26.1630620" lon="-51.1357600">
    <ele>750.6</ele>
   </trkpt>
   <trkpt lat="-26.1630270" lon="-51.1358090">
    <ele>750.6</ele>
   </trkpt>
   <trkpt lat="-26.1629900" lon="-51.1358570">
    <ele>750.6</ele>
   </trkpt>
   <trkpt lat="-26.1629520" lon="-51.1359110">
    <ele>750.5</ele>
   </trkpt>
   <trkpt lat="-26.1629100" lon="-51.1359670">
    <ele>750.5</ele>
   </trkpt>
   <trkpt lat="-26.1628650" lon="-51.1360110">
    <ele>750.5</ele>
   </trkpt>
   <trkpt lat="-26.1628250" lon="-51.1360630">
    <ele>750.5</ele>
   </trkpt>
   <trkpt lat="-26.1627590" lon="-51.1361880">
    <ele>750.5</ele>
   </trkpt>
   <trkpt lat="-26.1627220" lon="-51.1362390">
    <ele>750.5</ele>
   </trkpt>
   <trkpt lat="-26.1626890" lon="-51.1362920">
    <ele>750.5</ele>
   </trkpt>
   <trkpt lat="-26.1626500" lon="-51.1363450">
    <ele>750.4</ele>
   </trkpt>
   <trkpt lat="-26.1626100" lon="-51.1363940">
    <ele>750.3</ele>
   </trkpt>
   <trkpt lat="-26.1625810" lon="-51.1364480">
    <ele>750.3</ele>
   </trkpt>
   <trkpt lat="-26.1625490" lon="-51.1364990">
    <ele>750.2</ele>
   </trkpt>
   <trkpt lat="-26.1625090" lon="-51.1365500">
    <ele>750.2</ele>
   </trkpt>
   <trkpt lat="-26.1624680" lon="-51.1366010">
    <ele>750.2</ele>
   </trkpt>
   <trkpt lat="-26.1624360" lon="-51.1366510">
    <ele>750.2</ele>
   </trkpt>
   <trkpt lat="-26.1623970" lon="-51.1367020">
    <ele>750.2</ele>
   </trkpt>
   <trkpt lat="-26.1623640" lon="-51.1367520">
    <ele>750.2</ele>
   </trkpt>
   <trkpt lat="-26.1623280" lon="-51.1368010">
    <ele>750.2</ele>
   </trkpt>
   <trkpt lat="-26.1622910" lon="-51.1368460">
    <ele>750.2</ele>
   </trkpt>
   <trkpt lat="-26.1622540" lon="-51.1368920">
    <ele>750.2</ele>
   </trkpt>
   <trkpt lat="-26.1622190" lon="-51.1369450">
    <ele>750.2</ele>
   </trkpt>
   <trkpt lat="-26.1621850" lon="-51.1369990">
    <ele>750.1</ele>
   </trkpt>
   <trkpt lat="-26.1621520" lon="-51.1370470">
    <ele>750.1</ele>
   </trkpt>
   <trkpt lat="-26.1621180" lon="-51.1371000">
    <ele>750.1</ele>
   </trkpt>
   <trkpt lat="-26.1620820" lon="-51.1371480">
    <ele>750.0</ele>
   </trkpt>
   <trkpt lat="-26.1620530" lon="-51.1372010">
    <ele>750.0</ele>
   </trkpt>
   <trkpt lat="-26.1620170" lon="-51.1372480">
    <ele>750.0</ele>
   </trkpt>
   <trkpt lat="-26.1619870" lon="-51.1372940">
    <ele>750.0</ele>
   </trkpt>
   <trkpt lat="-26.1619540" lon="-51.1373400">
    <ele>750.1</ele>
   </trkpt>
   <trkpt lat="-26.1619210" lon="-51.1373870">
    <ele>750.1</ele>
   </trkpt>
   <trkpt lat="-26.1618890" lon="-51.1374300">
    <ele>750.2</ele>
   </trkpt>
   <trkpt lat="-26.1618630" lon="-51.1374850">
    <ele>750.2</ele>
   </trkpt>
   <trkpt lat="-26.1618270" lon="-51.1375290">
    <ele>750.3</ele>
   </trkpt>
   <trkpt lat="-26.1617940" lon="-51.1375800">
    <ele>750.3</ele>
   </trkpt>
   <trkpt lat="-26.1617610" lon="-51.1376230">
    <ele>750.3</ele>
   </trkpt>
   <trkpt lat="-26.1617280" lon="-51.1376660">
    <ele>750.3</ele>
   </trkpt>
   <trkpt lat="-26.1616990" lon="-51.1377160">
    <ele>750.3</ele>
   </trkpt>
   <trkpt lat="-26.1616740" lon="-51.1377610">
    <ele>750.3</ele>
   </trkpt>
   <trkpt lat="-26.1616390" lon="-51.1378000">
    <ele>750.4</ele>
   </trkpt>
   <trkpt lat="-26.1616200" lon="-51.1378430">
    <ele>750.5</ele>
   </trkpt>
   <trkpt lat="-26.1615940" lon="-51.1378820">
    <ele>750.5</ele>
   </trkpt>
   <trkpt lat="-26.1615770" lon="-51.1379250">
    <ele>750.6</ele>
   </trkpt>
   <trkpt lat="-26.1615510" lon="-51.1379710">
    <ele>750.7</ele>
   </trkpt>
   <trkpt lat="-26.1615280" lon="-51.1380190">
    <ele>750.8</ele>
   </trkpt>
   <trkpt lat="-26.1615070" lon="-51.1380610">
    <ele>750.8</ele>
   </trkpt>
   <trkpt lat="-26.1614910" lon="-51.1381020">
    <ele>750.9</ele>
   </trkpt>
   <trkpt lat="-26.1614780" lon="-51.1381440">
    <ele>750.9</ele>
   </trkpt>
   <trkpt lat="-26.1614560" lon="-51.1381740">
    <ele>751.0</ele>
   </trkpt>
   <trkpt lat="-26.1614390" lon="-51.1382140">
    <ele>751.1</ele>
   </trkpt>
   <trkpt lat="-26.1614270" lon="-51.1382710">
    <ele>751.2</ele>
   </trkpt>
   <trkpt lat="-26.1614260" lon="-51.1383360">
    <ele>751.3</ele>
   </trkpt>
   <trkpt lat="-26.1614110" lon="-51.1383780">
    <ele>751.4</ele>
   </trkpt>
   <trkpt lat="-26.1614000" lon="-51.1384260">
    <ele>751.5</ele>
   </trkpt>
   <trkpt lat="-26.1613910" lon="-51.1384680">
    <ele>751.5</ele>
   </trkpt>
   <trkpt lat="-26.1613830" lon="-51.1385160">
    <ele>751.6</ele>
   </trkpt>
   <trkpt lat="-26.1613810" lon="-51.1385710">
    <ele>751.7</ele>
   </trkpt>
   <trkpt lat="-26.1613840" lon="-51.1386220">
    <ele>751.8</ele>
   </trkpt>
   <trkpt lat="-26.1613830" lon="-51.1386750">
    <ele>751.8</ele>
   </trkpt>
   <trkpt lat="-26.1613900" lon="-51.1387290">
    <ele>751.9</ele>
   </trkpt>
   <trkpt lat="-26.1613960" lon="-51.1387770">
    <ele>752.0</ele>
   </trkpt>
   <trkpt lat="-26.1614050" lon="-51.1388180">
    <ele>752.1</ele>
   </trkpt>
   <trkpt lat="-26.1614190" lon="-51.1388660">
    <ele>752.2</ele>
   </trkpt>
   <trkpt lat="-26.1614270" lon="-51.1389030">
    <ele>752.2</ele>
   </trkpt>
   <trkpt lat="-26.1614280" lon="-51.1389460">
    <ele>752.2</ele>
   </trkpt>
   <trkpt lat="-26.1614290" lon="-51.1389860">
    <ele>752.2</ele>
   </trkpt>
   <trkpt lat="-26.1614300" lon="-51.1390320">
    <ele>752.2</ele>
   </trkpt>
   <trkpt lat="-26.1614370" lon="-51.1390830">
    <ele>752.1</ele>
   </trkpt>
   <trkpt lat="-26.1614350" lon="-51.1391350">
    <ele>752.1</ele>
   </trkpt>
   <trkpt lat="-26.1614420" lon="-51.1392000">
    <ele>751.9</ele>
   </trkpt>
   <trkpt lat="-26.1614310" lon="-51.1392610">
    <ele>751.8</ele>
   </trkpt>
   <trkpt lat="-26.1614130" lon="-51.1393260">
    <ele>751.7</ele>
   </trkpt>
   <trkpt lat="-26.1613970" lon="-51.1393870">
    <ele>751.5</ele>
   </trkpt>
   <trkpt lat="-26.1613800" lon="-51.1394480">
    <ele>751.4</ele>
   </trkpt>
   <trkpt lat="-26.1613630" lon="-51.1395100">
    <ele>751.3</ele>
   </trkpt>
   <trkpt lat="-26.1613470" lon="-51.1395740">
    <ele>751.1</ele>
   </trkpt>
   <trkpt lat="-26.1613250" lon="-51.1396310">
    <ele>751.1</ele>
   </trkpt>
   <trkpt lat="-26.1612980" lon="-51.1396900">
    <ele>751.1</ele>
   </trkpt>
   <trkpt lat="-26.1612650" lon="-51.1397420">
    <ele>751.2</ele>
   </trkpt>
   <trkpt lat="-26.1612310" lon="-51.1397970">
    <ele>751.3</ele>
   </trkpt>
   <trkpt lat="-26.1611900" lon="-51.1398400">
    <ele>751.3</ele>
   </trkpt>
   <trkpt lat="-26.1611540" lon="-51.1398850">
    <ele>751.4</ele>
   </trkpt>
   <trkpt lat="-26.1611170" lon="-51.1399200">
    <ele>751.5</ele>
   </trkpt>
   <trkpt lat="-26.1610820" lon="-51.1399530">
    <ele>751.6</ele>
   </trkpt>
   <trkpt lat="-26.1610410" lon="-51.1399700">
    <ele>751.6</ele>
   </trkpt>
   <trkpt lat="-26.1609980" lon="-51.1399870">
    <ele>751.7</ele>
   </trkpt>
   <trkpt lat="-26.1609540" lon="-51.1400090">
    <ele>751.8</ele>
   </trkpt>
   <trkpt lat="-26.1609210" lon="-51.1400420">
    <ele>751.9</ele>
   </trkpt>
   <trkpt lat="-26.1608820" lon="-51.1400680">
    <ele>752.0</ele>
   </trkpt>
   <trkpt lat="-26.1608520" lon="-51.1400850">
    <ele>752.2</ele>
   </trkpt>
   <trkpt lat="-26.1608230" lon="-51.1400990">
    <ele>752.3</ele>
   </trkpt>
   <trkpt lat="-26.1607910" lon="-51.1401110">
    <ele>752.5</ele>
   </trkpt>
   <trkpt lat="-26.1607640" lon="-51.1401290">
    <ele>752.7</ele>
   </trkpt>
   <trkpt lat="-26.1607320" lon="-51.1401440">
    <ele>752.8</ele>
   </trkpt>
   <trkpt lat="-26.1606970" lon="-51.1401570">
    <ele>753.0</ele>
   </trkpt>
   <trkpt lat="-26.1606690" lon="-51.1401710">
    <ele>753.0</ele>
   </trkpt>
   <trkpt lat="-26.1606320" lon="-51.1401850">
    <ele>753.1</ele>
   </trkpt>
   <trkpt lat="-26.1605940" lon="-51.1402040">
    <ele>753.2</ele>
   </trkpt>
   <trkpt lat="-26.1605600" lon="-51.1402260">
    <ele>753.3</ele>
   </trkpt>
   <trkpt lat="-26.1605200" lon="-51.1402420">
    <ele>753.4</ele>
   </trkpt>
   <trkpt lat="-26.1604870" lon="-51.1402560">
    <ele>753.4</ele>
   </trkpt>
   <trkpt lat="-26.1604490" lon="-51.1402780">
    <ele>753.5</ele>
   </trkpt>
   <trkpt lat="-26.1604120" lon="-51.1403020">
    <ele>753.6</ele>
   </trkpt>
   <trkpt lat="-26.1603730" lon="-51.1403220">
    <ele>753.6</ele>
   </trkpt>
   <trkpt lat="-26.1603410" lon="-51.1403370">
    <ele>753.7</ele>
   </trkpt>
   <trkpt lat="-26.1603040" lon="-51.1403580">
    <ele>753.7</ele>
   </trkpt>
   <trkpt lat="-26.1602680" lon="-51.1403800">
    <ele>753.7</ele>
   </trkpt>
   <trkpt lat="-26.1602330" lon="-51.1404030">
    <ele>753.8</ele>
   </trkpt>
   <trkpt lat="-26.1601930" lon="-51.1404250">
    <ele>753.8</ele>
   </trkpt>
   <trkpt lat="-26.1601520" lon="-51.1404510">
    <ele>753.8</ele>
   </trkpt>
   <trkpt lat="-26.1601120" lon="-51.1404700">
    <ele>753.9</ele>
   </trkpt>
   <trkpt lat="-26.1600660" lon="-51.1404940">
    <ele>753.9</ele>
   </trkpt>
   <trkpt lat="-26.1600250" lon="-51.1405160">
    <ele>753.9</ele>
   </trkpt>
   <trkpt lat="-26.1599790" lon="-51.1405410">
    <ele>753.9</ele>
   </trkpt>
   <trkpt lat="-26.1599410" lon="-51.1405660">
    <ele>753.9</ele>
   </trkpt>
   <trkpt lat="-26.1599060" lon="-51.1405950">
    <ele>754.0</ele>
   </trkpt>
   <trkpt lat="-26.1598660" lon="-51.1406220">
    <ele>754.0</ele>
   </trkpt>
   <trkpt lat="-26.1598310" lon="-51.1406540">
    <ele>754.0</ele>
   </trkpt>
   <trkpt lat="-26.1597930" lon="-51.1406800">
    <ele>754.0</ele>
   </trkpt>
   <trkpt lat="-26.1597660" lon="-51.1407110">
    <ele>754.0</ele>
   </trkpt>
   <trkpt lat="-26.1597290" lon="-51.1407450">
    <ele>754.0</ele>
   </trkpt>
   <trkpt lat="-26.1597000" lon="-51.1407750">
    <ele>754.1</ele>
   </trkpt>
   <trkpt lat="-26.1596730" lon="-51.1408040">
    <ele>754.1</ele>
   </trkpt>
   <trkpt lat="-26.1596410" lon="-51.1408430">
    <ele>754.1</ele>
   </trkpt>
   <trkpt lat="-26.1596050" lon="-51.1408790">
    <ele>754.1</ele>
   </trkpt>
   <trkpt lat="-26.1595750" lon="-51.1409130">
    <ele>754.2</ele>
   </trkpt>
   <trkpt lat="-26.1595460" lon="-51.1409490">
    <ele>754.2</ele>
   </trkpt>
   <trkpt lat="-26.1595170" lon="-51.1409860">
    <ele>754.3</ele>
   </trkpt>
   <trkpt lat="-26.1594880" lon="-51.1410170">
    <ele>754.3</ele>
   </trkpt>
   <trkpt lat="-26.1594590" lon="-51.1410490">
    <ele>754.3</ele>
   </trkpt>
   <trkpt lat="-26.1594310" lon="-51.1410860">
    <ele>754.4</ele>
   </trkpt>
   <trkpt lat="-26.1594020" lon="-51.1411230">
    <ele>754.4</ele>
   </trkpt>
   <trkpt lat="-26.1593750" lon="-51.1411630">
    <ele>754.5</ele>
   </trkpt>
   <trkpt lat="-26.1593510" lon="-51.1411990">
    <ele>754.5</ele>
   </trkpt>
   <trkpt lat="-26.1593270" lon="-51.1412370">
    <ele>754.5</ele>
   </trkpt>
   <trkpt lat="-26.1593080" lon="-51.1412770">
    <ele>754.6</ele>
   </trkpt>
   <trkpt lat="-26.1592900" lon="-51.1413180">
    <ele>754.6</ele>
   </trkpt>
   <trkpt lat="-26.1592660" lon="-51.1413640">
    <ele>754.6</ele>
   </trkpt>
   <trkpt lat="-26.1592540" lon="-51.1414150">
    <ele>754.5</ele>
   </trkpt>
   <trkpt lat="-26.1592380" lon="-51.1414650">
    <ele>754.5</ele>
   </trkpt>
   <trkpt lat="-26.1592230" lon="-51.1415190">
    <ele>754.4</ele>
   </trkpt>
   <trkpt lat="-26.1592060" lon="-51.1415730">
    <ele>754.2</ele>
   </trkpt>
   <trkpt lat="-26.1591960" lon="-51.1416260">
    <ele>754.1</ele>
   </trkpt>
   <trkpt lat="-26.1591900" lon="-51.1416860">
    <ele>754.0</ele>
   </trkpt>
   <trkpt lat="-26.1591780" lon="-51.1417440">
    <ele>753.9</ele>
   </trkpt>
   <trkpt lat="-26.1591620" lon="-51.1418670">
    <ele>753.7</ele>
   </trkpt>
   <trkpt lat="-26.1591550" lon="-51.1419280">
    <ele>753.6</ele>
   </trkpt>
   <trkpt lat="-26.1591490" lon="-51.1419950">
    <ele>753.5</ele>
   </trkpt>
   <trkpt lat="-26.1591380" lon="-51.1420570">
    <ele>753.4</ele>
   </trkpt>
   <trkpt lat="-26.1591260" lon="-51.1421200">
    <ele>753.4</ele>
   </trkpt>
   <trkpt lat="-26.1591140" lon="-51.1421830">
    <ele>753.4</ele>
   </trkpt>
   <trkpt lat="-26.1590960" lon="-51.1422480">
    <ele>753.4</ele>
   </trkpt>
   <trkpt lat="-26.1590750" lon="-51.1423040">
    <ele>753.5</ele>
   </trkpt>
   <trkpt lat="-26.1590440" lon="-51.1423600">
    <ele>753.5</ele>
   </trkpt>
   <trkpt lat="-26.1590120" lon="-51.1424110">
    <ele>753.6</ele>
   </trkpt>
   <trkpt lat="-26.1589680" lon="-51.1424510">
    <ele>753.6</ele>
   </trkpt>
   <trkpt lat="-26.1589210" lon="-51.1424780">
    <ele>753.6</ele>
   </trkpt>
   <trkpt lat="-26.1588770" lon="-51.1425080">
    <ele>753.7</ele>
   </trkpt>
   <trkpt lat="-26.1588360" lon="-51.1425320">
    <ele>753.7</ele>
   </trkpt>
   <trkpt lat="-26.1587950" lon="-51.1425580">
    <ele>753.8</ele>
   </trkpt>
   <trkpt lat="-26.1587510" lon="-51.1425760">
    <ele>753.8</ele>
   </trkpt>
   <trkpt lat="-26.1587080" lon="-51.1425890">
    <ele>753.9</ele>
   </trkpt>
   <trkpt lat="-26.1586590" lon="-51.1425980">
    <ele>753.9</ele>
   </trkpt>
   <trkpt lat="-26.1586150" lon="-51.1426080">
    <ele>754.0</ele>
   </trkpt>
   <trkpt lat="-26.1585690" lon="-51.1426120">
    <ele>754.0</ele>
   </trkpt>
   <trkpt lat="-26.1585220" lon="-51.1426160">
    <ele>754.0</ele>
   </trkpt>
   <trkpt lat="-26.1584760" lon="-51.1426190">
    <ele>754.1</ele>
   </trkpt>
   <trkpt lat="-26.1584180" lon="-51.1426210">
    <ele>754.1</ele>
   </trkpt>
   <trkpt lat="-26.1583720" lon="-51.1426250">
    <ele>754.1</ele>
   </trkpt>
   <trkpt lat="-26.1583250" lon="-51.1426260">
    <ele>754.0</ele>
   </trkpt>
   <trkpt lat="-26.1582790" lon="-51.1426260">
    <ele>754.0</ele>
   </trkpt>
   <trkpt lat="-26.1582310" lon="-51.1426290">
    <ele>754.0</ele>
   </trkpt>
   <trkpt lat="-26.1581800" lon="-51.1426270">
    <ele>754.1</ele>
   </trkpt>
   <trkpt lat="-26.1581270" lon="-51.1426280">
    <ele>754.1</ele>
   </trkpt>
   <trkpt lat="-26.1580780" lon="-51.1426290">
    <ele>754.2</ele>
   </trkpt>
   <trkpt lat="-26.1580300" lon="-51.1426300">
    <ele>754.3</ele>
   </trkpt>
   <trkpt lat="-26.1579830" lon="-51.1426280">
    <ele>754.4</ele>
   </trkpt>
   <trkpt lat="-26.1579350" lon="-51.1426280">
    <ele>754.5</ele>
   </trkpt>
   <trkpt lat="-26.1578890" lon="-51.1426280">
    <ele>754.5</ele>
   </trkpt>
   <trkpt lat="-26.1578400" lon="-51.1426310">
    <ele>754.6</ele>
   </trkpt>
   <trkpt lat="-26.1577860" lon="-51.1426340">
    <ele>754.8</ele>
   </trkpt>
   <trkpt lat="-26.1577430" lon="-51.1426310">
    <ele>754.9</ele>
   </trkpt>
   <trkpt lat="-26.1576940" lon="-51.1426330">
    <ele>755.0</ele>
   </trkpt>
   <trkpt lat="-26.1576520" lon="-51.1426330">
    <ele>755.1</ele>
   </trkpt>
   <trkpt lat="-26.1576010" lon="-51.1426360">
    <ele>755.3</ele>
   </trkpt>
   <trkpt lat="-26.1575580" lon="-51.1426430">
    <ele>755.4</ele>
   </trkpt>
   <trkpt lat="-26.1575120" lon="-51.1426540">
    <ele>755.5</ele>
   </trkpt>
   <trkpt lat="-26.1574700" lon="-51.1426750">
    <ele>755.6</ele>
   </trkpt>
   <trkpt lat="-26.1574290" lon="-51.1426980">
    <ele>755.7</ele>
   </trkpt>
   <trkpt lat="-26.1573950" lon="-51.1427210">
    <ele>755.8</ele>
   </trkpt>
   <trkpt lat="-26.1573620" lon="-51.1427510">
    <ele>755.9</ele>
   </trkpt>
   <trkpt lat="-26.1573340" lon="-51.1427850">
    <ele>756.0</ele>
   </trkpt>
   <trkpt lat="-26.1573130" lon="-51.1428260">
    <ele>756.2</ele>
   </trkpt>
   <trkpt lat="-26.1572890" lon="-51.1428610">
    <ele>756.3</ele>
   </trkpt>
   <trkpt lat="-26.1572790" lon="-51.1428980">
    <ele>756.4</ele>
   </trkpt>
   <trkpt lat="-26.1572710" lon="-51.1429340">
    <ele>756.6</ele>
   </trkpt>
   <trkpt lat="-26.1572600" lon="-51.1429750">
    <ele>756.8</ele>
   </trkpt>
   <trkpt lat="-26.1572510" lon="-51.1430160">
    <ele>756.9</ele>
   </trkpt>
   <trkpt lat="-26.1572420" lon="-51.1430540">
    <ele>757.1</ele>
   </trkpt>
   <trkpt lat="-26.1572340" lon="-51.1430980">
    <ele>757.2</ele>
   </trkpt>
   <trkpt lat="-26.1572260" lon="-51.1431420">
    <ele>757.3</ele>
   </trkpt>
   <trkpt lat="-26.1572190" lon="-51.1431880">
    <ele>757.4</ele>
   </trkpt>
   <trkpt lat="-26.1572120" lon="-51.1432290">
    <ele>757.5</ele>
   </trkpt>
   <trkpt lat="-26.1572000" lon="-51.1432730">
    <ele>757.6</ele>
   </trkpt>
   <trkpt lat="-26.1571850" lon="-51.1433140">
    <ele>757.7</ele>
   </trkpt>
   <trkpt lat="-26.1571700" lon="-51.1433480">
    <ele>757.9</ele>
   </trkpt>
   <trkpt lat="-26.1571500" lon="-51.1433870">
    <ele>758.0</ele>
   </trkpt>
   <trkpt lat="-26.1571250" lon="-51.1434190">
    <ele>758.1</ele>
   </trkpt>
   <trkpt lat="-26.1571030" lon="-51.1434550">
    <ele>758.3</ele>
   </trkpt>
   <trkpt lat="-26.1570850" lon="-51.1435000">
    <ele>758.4</ele>
   </trkpt>
   <trkpt lat="-26.1570570" lon="-51.1435280">
    <ele>758.5</ele>
   </trkpt>
   <trkpt lat="-26.1570350" lon="-51.1435580">
    <ele>758.7</ele>
   </trkpt>
   <trkpt lat="-26.1570120" lon="-51.1435950">
    <ele>758.8</ele>
   </trkpt>
   <trkpt lat="-26.1569860" lon="-51.1436200">
    <ele>758.9</ele>
   </trkpt>
   <trkpt lat="-26.1569570" lon="-51.1436450">
    <ele>759.1</ele>
   </trkpt>
   <trkpt lat="-26.1569290" lon="-51.1436760">
    <ele>759.3</ele>
   </trkpt>
   <trkpt lat="-26.1569000" lon="-51.1437020">
    <ele>759.5</ele>
   </trkpt>
   <trkpt lat="-26.1568690" lon="-51.1437180">
    <ele>759.7</ele>
   </trkpt>
   <trkpt lat="-26.1568350" lon="-51.1437330">
    <ele>759.9</ele>
   </trkpt>
   <trkpt lat="-26.1568010" lon="-51.1437460">
    <ele>760.0</ele>
   </trkpt>
   <trkpt lat="-26.1567710" lon="-51.1437580">
    <ele>760.2</ele>
   </trkpt>
   <trkpt lat="-26.1567440" lon="-51.1437630">
    <ele>760.4</ele>
   </trkpt>
   <trkpt lat="-26.1567120" lon="-51.1437730">
    <ele>760.5</ele>
   </trkpt>
   <trkpt lat="-26.1566780" lon="-51.1437730">
    <ele>760.7</ele>
   </trkpt>
   <trkpt lat="-26.1566290" lon="-51.1437800">
    <ele>760.9</ele>
   </trkpt>
   <trkpt lat="-26.1566080" lon="-51.1437820">
    <ele>761.0</ele>
   </trkpt>
   <trkpt lat="-26.1565870" lon="-51.1437840">
    <ele>761.1</ele>
   </trkpt>
   <trkpt lat="-26.1565550" lon="-51.1437900">
    <ele>761.2</ele>
   </trkpt>
   <trkpt lat="-26.1565220" lon="-51.1437990">
    <ele>761.3</ele>
   </trkpt>
   <trkpt lat="-26.1564900" lon="-51.1438090">
    <ele>761.4</ele>
   </trkpt>
   <trkpt lat="-26.1564530" lon="-51.1438240">
    <ele>761.5</ele>
   </trkpt>
   <trkpt lat="-26.1564210" lon="-51.1438380">
    <ele>761.6</ele>
   </trkpt>
   <trkpt lat="-26.1563910" lon="-51.1438580">
    <ele>761.8</ele>
   </trkpt>
   <trkpt lat="-26.1563580" lon="-51.1438760">
    <ele>761.9</ele>
   </trkpt>
   <trkpt lat="-26.1563310" lon="-51.1438950">
    <ele>762.1</ele>
   </trkpt>
   <trkpt lat="-26.1562960" lon="-51.1439130">
    <ele>762.2</ele>
   </trkpt>
   <trkpt lat="-26.1562660" lon="-51.1439350">
    <ele>762.4</ele>
   </trkpt>
   <trkpt lat="-26.1562360" lon="-51.1439630">
    <ele>762.6</ele>
   </trkpt>
   <trkpt lat="-26.1562050" lon="-51.1439840">
    <ele>762.7</ele>
   </trkpt>
   <trkpt lat="-26.1561760" lon="-51.1440040">
    <ele>762.9</ele>
   </trkpt>
   <trkpt lat="-26.1561410" lon="-51.1440210">
    <ele>763.1</ele>
   </trkpt>
   <trkpt lat="-26.1561080" lon="-51.1440400">
    <ele>763.3</ele>
   </trkpt>
   <trkpt lat="-26.1560840" lon="-51.1440600">
    <ele>763.5</ele>
   </trkpt>
   <trkpt lat="-26.1560540" lon="-51.1440720">
    <ele>763.7</ele>
   </trkpt>
   <trkpt lat="-26.1560210" lon="-51.1440790">
    <ele>763.9</ele>
   </trkpt>
   <trkpt lat="-26.1559930" lon="-51.1440880">
    <ele>764.1</ele>
   </trkpt>
   <trkpt lat="-26.1559640" lon="-51.1441000">
    <ele>764.3</ele>
   </trkpt>
   <trkpt lat="-26.1559370" lon="-51.1441120">
    <ele>764.4</ele>
   </trkpt>
   <trkpt lat="-26.1559080" lon="-51.1441190">
    <ele>764.6</ele>
   </trkpt>
   <trkpt lat="-26.1558690" lon="-51.1441360">
    <ele>764.9</ele>
   </trkpt>
   <trkpt lat="-26.1558520" lon="-51.1441400">
    <ele>765.0</ele>
   </trkpt>
   <trkpt lat="-26.1558280" lon="-51.1441580">
    <ele>765.1</ele>
   </trkpt>
   <trkpt lat="-26.1557960" lon="-51.1441700">
    <ele>765.3</ele>
   </trkpt>
   <trkpt lat="-26.1557650" lon="-51.1441840">
    <ele>765.4</ele>
   </trkpt>
   <trkpt lat="-26.1557350" lon="-51.1442040">
    <ele>765.6</ele>
   </trkpt>
   <trkpt lat="-26.1557100" lon="-51.1442210">
    <ele>765.7</ele>
   </trkpt>
   <trkpt lat="-26.1556790" lon="-51.1442430">
    <ele>765.9</ele>
   </trkpt>
   <trkpt lat="-26.1556510" lon="-51.1442560">
    <ele>766.1</ele>
   </trkpt>
   <trkpt lat="-26.1556200" lon="-51.1442710">
    <ele>766.2</ele>
   </trkpt>
   <trkpt lat="-26.1555880" lon="-51.1442890">
    <ele>766.4</ele>
   </trkpt>
   <trkpt lat="-26.1555580" lon="-51.1443080">
    <ele>766.6</ele>
   </trkpt>
   <trkpt lat="-26.1555280" lon="-51.1443260">
    <ele>766.7</ele>
   </trkpt>
   <trkpt lat="-26.1554950" lon="-51.1443400">
    <ele>766.9</ele>
   </trkpt>
   <trkpt lat="-26.1554730" lon="-51.1443460">
    <ele>767.0</ele>
   </trkpt>
   <trkpt lat="-26.1554330" lon="-51.1443570">
    <ele>767.2</ele>
   </trkpt>
   <trkpt lat="-26.1553920" lon="-51.1443700">
    <ele>767.3</ele>
   </trkpt>
   <trkpt lat="-26.1553580" lon="-51.1443760">
    <ele>767.4</ele>
   </trkpt>
   <trkpt lat="-26.1553180" lon="-51.1443830">
    <ele>767.5</ele>
   </trkpt>
   <trkpt lat="-26.1552800" lon="-51.1443910">
    <ele>767.6</ele>
   </trkpt>
   <trkpt lat="-26.1552510" lon="-51.1443970">
    <ele>767.6</ele>
   </trkpt>
   <trkpt lat="-26.1552150" lon="-51.1444150">
    <ele>767.7</ele>
   </trkpt>
   <trkpt lat="-26.1551770" lon="-51.1444330">
    <ele>767.8</ele>
   </trkpt>
   <trkpt lat="-26.1551450" lon="-51.1444560">
    <ele>767.8</ele>
   </trkpt>
   <trkpt lat="-26.1551180" lon="-51.1444820">
    <ele>767.8</ele>
   </trkpt>
   <trkpt lat="-26.1550980" lon="-51.1445160">
    <ele>767.9</ele>
   </trkpt>
   <trkpt lat="-26.1550830" lon="-51.1445540">
    <ele>767.9</ele>
   </trkpt>
   <trkpt lat="-26.1550700" lon="-51.1445900">
    <ele>767.9</ele>
   </trkpt>
   <trkpt lat="-26.1550560" lon="-51.1446300">
    <ele>767.9</ele>
   </trkpt>
   <trkpt lat="-26.1550530" lon="-51.1446700">
    <ele>767.9</ele>
   </trkpt>
   <trkpt lat="-26.1550620" lon="-51.1447440">
    <ele>767.8</ele>
   </trkpt>
   <trkpt lat="-26.1550930" lon="-51.1448070">
    <ele>767.8</ele>
   </trkpt>
   <trkpt lat="-26.1551270" lon="-51.1448470">
    <ele>767.7</ele>
   </trkpt>
   <trkpt lat="-26.1551610" lon="-51.1448880">
    <ele>767.7</ele>
   </trkpt>
   <trkpt lat="-26.1551950" lon="-51.1449240">
    <ele>767.6</ele>
   </trkpt>
   <trkpt lat="-26.1552340" lon="-51.1449590">
    <ele>767.6</ele>
   </trkpt>
   <trkpt lat="-26.1552710" lon="-51.1449950">
    <ele>767.6</ele>
   </trkpt>
   <trkpt lat="-26.1553110" lon="-51.1450350">
    <ele>767.5</ele>
   </trkpt>
   <trkpt lat="-26.1553500" lon="-51.1450710">
    <ele>767.5</ele>
   </trkpt>
   <trkpt lat="-26.1553930" lon="-51.1451100">
    <ele>767.4</ele>
   </trkpt>
   <trkpt lat="-26.1554330" lon="-51.1451490">
    <ele>767.4</ele>
   </trkpt>
   <trkpt lat="-26.1554720" lon="-51.1451890">
    <ele>767.3</ele>
   </trkpt>
   <trkpt lat="-26.1555140" lon="-51.1452190">
    <ele>767.3</ele>
   </trkpt>
   <trkpt lat="-26.1555440" lon="-51.1452660">
    <ele>767.2</ele>
   </trkpt>
   <trkpt lat="-26.1555800" lon="-51.1453090">
    <ele>767.2</ele>
   </trkpt>
   <trkpt lat="-26.1556110" lon="-51.1453470">
    <ele>767.2</ele>
   </trkpt>
   <trkpt lat="-26.1556440" lon="-51.1453910">
    <ele>767.1</ele>
   </trkpt>
   <trkpt lat="-26.1556740" lon="-51.1454360">
    <ele>767.1</ele>
   </trkpt>
   <trkpt lat="-26.1557040" lon="-51.1454810">
    <ele>767.1</ele>
   </trkpt>
   <trkpt lat="-26.1557310" lon="-51.1455240">
    <ele>767.1</ele>
   </trkpt>
   <trkpt lat="-26.1557600" lon="-51.1455680">
    <ele>767.0</ele>
   </trkpt>
   <trkpt lat="-26.1557840" lon="-51.1456100">
    <ele>767.0</ele>
   </trkpt>
   <trkpt lat="-26.1558070" lon="-51.1456610">
    <ele>766.9</ele>
   </trkpt>
   <trkpt lat="-26.1558340" lon="-51.1457090">
    <ele>766.8</ele>
   </trkpt>
   <trkpt lat="-26.1558610" lon="-51.1457530">
    <ele>766.7</ele>
   </trkpt>
   <trkpt lat="-26.1558820" lon="-51.1458130">
    <ele>766.7</ele>
   </trkpt>
   <trkpt lat="-26.1559110" lon="-51.1458550">
    <ele>766.6</ele>
   </trkpt>
   <trkpt lat="-26.1559380" lon="-51.1459010">
    <ele>766.4</ele>
   </trkpt>
   <trkpt lat="-26.1559650" lon="-51.1459510">
    <ele>766.3</ele>
   </trkpt>
   <trkpt lat="-26.1559980" lon="-51.1460020">
    <ele>766.0</ele>
   </trkpt>
   <trkpt lat="-26.1560270" lon="-51.1460530">
    <ele>765.8</ele>
   </trkpt>
   <trkpt lat="-26.1560550" lon="-51.1461050">
    <ele>765.5</ele>
   </trkpt>
   <trkpt lat="-26.1560840" lon="-51.1461570">
    <ele>765.2</ele>
   </trkpt>
   <trkpt lat="-26.1561140" lon="-51.1462050">
    <ele>765.0</ele>
   </trkpt>
   <trkpt lat="-26.1561410" lon="-51.1462570">
    <ele>764.8</ele>
   </trkpt>
   <trkpt lat="-26.1561750" lon="-51.1463120">
    <ele>764.5</ele>
   </trkpt>
   <trkpt lat="-26.1562110" lon="-51.1463700">
    <ele>764.2</ele>
   </trkpt>
   <trkpt lat="-26.1562400" lon="-51.1464290">
    <ele>764.0</ele>
   </trkpt>
   <trkpt lat="-26.1562670" lon="-51.1464870">
    <ele>763.7</ele>
   </trkpt>
   <trkpt lat="-26.1562900" lon="-51.1465520">
    <ele>763.5</ele>
   </trkpt>
   <trkpt lat="-26.1563150" lon="-51.1466110">
    <ele>763.3</ele>
   </trkpt>
   <trkpt lat="-26.1563360" lon="-51.1466720">
    <ele>763.0</ele>
   </trkpt>
   <trkpt lat="-26.1563470" lon="-51.1467390">
    <ele>762.8</ele>
   </trkpt>
   <trkpt lat="-26.1563470" lon="-51.1468080">
    <ele>762.6</ele>
   </trkpt>
   <trkpt lat="-26.1563470" lon="-51.1468800">
    <ele>762.4</ele>
   </trkpt>
   <trkpt lat="-26.1563390" lon="-51.1469440">
    <ele>762.3</ele>
   </trkpt>
   <trkpt lat="-26.1563180" lon="-51.1470070">
    <ele>762.2</ele>
   </trkpt>
   <trkpt lat="-26.1562780" lon="-51.1470650">
    <ele>762.1</ele>
   </trkpt>
   <trkpt lat="-26.1562420" lon="-51.1471190">
    <ele>762.0</ele>
   </trkpt>
   <trkpt lat="-26.1561910" lon="-51.1471560">
    <ele>761.9</ele>
   </trkpt>
   <trkpt lat="-26.1561460" lon="-51.1471950">
    <ele>761.9</ele>
   </trkpt>
   <trkpt lat="-26.1560950" lon="-51.1472230">
    <ele>761.8</ele>
   </trkpt>
   <trkpt lat="-26.1560400" lon="-51.1472490">
    <ele>761.8</ele>
   </trkpt>
   <trkpt lat="-26.1559860" lon="-51.1472710">
    <ele>761.8</ele>
   </trkpt>
   <trkpt lat="-26.1559250" lon="-51.1472820">
    <ele>761.7</ele>
   </trkpt>
   <trkpt lat="-26.1558650" lon="-51.1472940">
    <ele>761.7</ele>
   </trkpt>
   <trkpt lat="-26.1558160" lon="-51.1472940">
    <ele>761.7</ele>
   </trkpt>
   <trkpt lat="-26.1557590" lon="-51.1472940">
    <ele>761.8</ele>
   </trkpt>
   <trkpt lat="-26.1556990" lon="-51.1472900">
    <ele>761.8</ele>
   </trkpt>
   <trkpt lat="-26.1556440" lon="-51.1472810">
    <ele>761.9</ele>
   </trkpt>
   <trkpt lat="-26.1555950" lon="-51.1472690">
    <ele>761.9</ele>
   </trkpt>
   <trkpt lat="-26.1555490" lon="-51.1472540">
    <ele>761.9</ele>
   </trkpt>
   <trkpt lat="-26.1555030" lon="-51.1472350">
    <ele>762.0</ele>
   </trkpt>
   <trkpt lat="-26.1554610" lon="-51.1472130">
    <ele>762.1</ele>
   </trkpt>
   <trkpt lat="-26.1554220" lon="-51.1471890">
    <ele>762.2</ele>
   </trkpt>
   <trkpt lat="-26.1553820" lon="-51.1471640">
    <ele>762.3</ele>
   </trkpt>
   <trkpt lat="-26.1553510" lon="-51.1471370">
    <ele>762.3</ele>
   </trkpt>
   <trkpt lat="-26.1553170" lon="-51.1471150">
    <ele>762.5</ele>
   </trkpt>
   <trkpt lat="-26.1552900" lon="-51.1470820">
    <ele>762.6</ele>
   </trkpt>
   <trkpt lat="-26.1552670" lon="-51.1470520">
    <ele>762.7</ele>
   </trkpt>
   <trkpt lat="-26.1552440" lon="-51.1470220">
    <ele>762.8</ele>
   </trkpt>
   <trkpt lat="-26.1552240" lon="-51.1469930">
    <ele>763.0</ele>
   </trkpt>
   <trkpt lat="-26.1552060" lon="-51.1469640">
    <ele>763.1</ele>
   </trkpt>
   <trkpt lat="-26.1551770" lon="-51.1469350">
    <ele>763.3</ele>
   </trkpt>
   <trkpt lat="-26.1551550" lon="-51.1469080">
    <ele>763.4</ele>
   </trkpt>
   <trkpt lat="-26.1551360" lon="-51.1468830">
    <ele>763.6</ele>
   </trkpt>
   <trkpt lat="-26.1551210" lon="-51.1468560">
    <ele>763.8</ele>
   </trkpt>
   <trkpt lat="-26.1551000" lon="-51.1468230">
    <ele>764.0</ele>
   </trkpt>
   <trkpt lat="-26.1550760" lon="-51.1467950">
    <ele>764.2</ele>
   </trkpt>
   <trkpt lat="-26.1550530" lon="-51.1467630">
    <ele>764.5</ele>
   </trkpt>
   <trkpt lat="-26.1550260" lon="-51.1467350">
    <ele>764.7</ele>
   </trkpt>
   <trkpt lat="-26.1550030" lon="-51.1467100">
    <ele>765.0</ele>
   </trkpt>
   <trkpt lat="-26.1549780" lon="-51.1466920">
    <ele>765.2</ele>
   </trkpt>
   <trkpt lat="-26.1549540" lon="-51.1466720">
    <ele>765.4</ele>
   </trkpt>
   <trkpt lat="-26.1549310" lon="-51.1466570">
    <ele>765.6</ele>
   </trkpt>
   <trkpt lat="-26.1548940" lon="-51.1466380">
    <ele>766.0</ele>
   </trkpt>
   <trkpt lat="-26.1548800" lon="-51.1466330">
    <ele>766.1</ele>
   </trkpt>
   <trkpt lat="-26.1548410" lon="-51.1466250">
    <ele>766.4</ele>
   </trkpt>
   <trkpt lat="-26.1548280" lon="-51.1466230">
    <ele>766.5</ele>
   </trkpt>
   <trkpt lat="-26.1547970" lon="-51.1466200">
    <ele>766.7</ele>
   </trkpt>
   <trkpt lat="-26.1547650" lon="-51.1466260">
    <ele>766.9</ele>
   </trkpt>
   <trkpt lat="-26.1547320" lon="-51.1466370">
    <ele>767.2</ele>
   </trkpt>
   <trkpt lat="-26.1547060" lon="-51.1466520">
    <ele>767.4</ele>
   </trkpt>
   <trkpt lat="-26.1546800" lon="-51.1466660">
    <ele>767.6</ele>
   </trkpt>
   <trkpt lat="-26.1546510" lon="-51.1466820">
    <ele>767.8</ele>
   </trkpt>
   <trkpt lat="-26.1546220" lon="-51.1466950">
    <ele>768.0</ele>
   </trkpt>
   <trkpt lat="-26.1546040" lon="-51.1467290">
    <ele>768.3</ele>
   </trkpt>
   <trkpt lat="-26.1545780" lon="-51.1467520">
    <ele>768.5</ele>
   </trkpt>
   <trkpt lat="-26.1545550" lon="-51.1467780">
    <ele>768.7</ele>
   </trkpt>
   <trkpt lat="-26.1545310" lon="-51.1468100">
    <ele>768.9</ele>
   </trkpt>
   <trkpt lat="-26.1545090" lon="-51.1468380">
    <ele>769.1</ele>
   </trkpt>
   <trkpt lat="-26.1544920" lon="-51.1468680">
    <ele>769.3</ele>
   </trkpt>
   <trkpt lat="-26.1544760" lon="-51.1468940">
    <ele>769.5</ele>
   </trkpt>
   <trkpt lat="-26.1544520" lon="-51.1469250">
    <ele>769.7</ele>
   </trkpt>
   <trkpt lat="-26.1544360" lon="-51.1469550">
    <ele>769.9</ele>
   </trkpt>
   <trkpt lat="-26.1544150" lon="-51.1469810">
    <ele>770.1</ele>
   </trkpt>
   <trkpt lat="-26.1543990" lon="-51.1470140">
    <ele>770.2</ele>
   </trkpt>
   <trkpt lat="-26.1543760" lon="-51.1470420">
    <ele>770.4</ele>
   </trkpt>
   <trkpt lat="-26.1543570" lon="-51.1470720">
    <ele>770.5</ele>
   </trkpt>
   <trkpt lat="-26.1543390" lon="-51.1471000">
    <ele>770.6</ele>
   </trkpt>
   <trkpt lat="-26.1543190" lon="-51.1471340">
    <ele>770.7</ele>
   </trkpt>
   <trkpt lat="-26.1543030" lon="-51.1471720">
    <ele>770.9</ele>
   </trkpt>
   <trkpt lat="-26.1542870" lon="-51.1472070">
    <ele>771.0</ele>
   </trkpt>
   <trkpt lat="-26.1542680" lon="-51.1472420">
    <ele>771.1</ele>
   </trkpt>
   <trkpt lat="-26.1542500" lon="-51.1472770">
    <ele>771.2</ele>
   </trkpt>
   <trkpt lat="-26.1542290" lon="-51.1473110">
    <ele>771.4</ele>
   </trkpt>
   <trkpt lat="-26.1542080" lon="-51.1473400">
    <ele>771.5</ele>
   </trkpt>
   <trkpt lat="-26.1541880" lon="-51.1473700">
    <ele>771.6</ele>
   </trkpt>
   <trkpt lat="-26.1541680" lon="-51.1474030">
    <ele>771.7</ele>
   </trkpt>
   <trkpt lat="-26.1541550" lon="-51.1474360">
    <ele>771.8</ele>
   </trkpt>
   <trkpt lat="-26.1541100" lon="-51.1475040">
    <ele>772.0</ele>
   </trkpt>
   <trkpt lat="-26.1540900" lon="-51.1475350">
    <ele>772.1</ele>
   </trkpt>
   <trkpt lat="-26.1540670" lon="-51.1475670">
    <ele>772.2</ele>
   </trkpt>
   <trkpt lat="-26.1540430" lon="-51.1475980">
    <ele>772.3</ele>
   </trkpt>
   <trkpt lat="-26.1540200" lon="-51.1476220">
    <ele>772.4</ele>
   </trkpt>
   <trkpt lat="-26.1539940" lon="-51.1476490">
    <ele>772.5</ele>
   </trkpt>
   <trkpt lat="-26.1539710" lon="-51.1476810">
    <ele>772.7</ele>
   </trkpt>
   <trkpt lat="-26.1539470" lon="-51.1477060">
    <ele>772.8</ele>
   </trkpt>
   <trkpt lat="-26.1539240" lon="-51.1477280">
    <ele>772.9</ele>
   </trkpt>
   <trkpt lat="-26.1538870" lon="-51.1477590">
    <ele>773.1</ele>
   </trkpt>
   <trkpt lat="-26.1538640" lon="-51.1477850">
    <ele>773.2</ele>
   </trkpt>
   <trkpt lat="-26.1538390" lon="-51.1478140">
    <ele>773.4</ele>
   </trkpt>
   <trkpt lat="-26.1538160" lon="-51.1478390">
    <ele>773.5</ele>
   </trkpt>
   <trkpt lat="-26.1537890" lon="-51.1478620">
    <ele>773.7</ele>
   </trkpt>
   <trkpt lat="-26.1537590" lon="-51.1478800">
    <ele>773.8</ele>
   </trkpt>
   <trkpt lat="-26.1537330" lon="-51.1479010">
    <ele>774.0</ele>
   </trkpt>
   <trkpt lat="-26.1537060" lon="-51.1479240">
    <ele>774.2</ele>
   </trkpt>
   <trkpt lat="-26.1536770" lon="-51.1479430">
    <ele>774.4</ele>
   </trkpt>
   <trkpt lat="-26.1536490" lon="-51.1479660">
    <ele>774.6</ele>
   </trkpt>
   <trkpt lat="-26.1536210" lon="-51.1479710">
    <ele>774.8</ele>
   </trkpt>
   <trkpt lat="-26.1535910" lon="-51.1479880">
    <ele>775.0</ele>
   </trkpt>
   <trkpt lat="-26.1535530" lon="-51.1480080">
    <ele>775.3</ele>
   </trkpt>
   <trkpt lat="-26.1535370" lon="-51.1480120">
    <ele>775.4</ele>
   </trkpt>
   <trkpt lat="-26.1535080" lon="-51.1480310">
    <ele>775.6</ele>
   </trkpt>
   <trkpt lat="-26.1534870" lon="-51.1480520">
    <ele>775.8</ele>
   </trkpt>
   <trkpt lat="-26.1534600" lon="-51.1480720">
    <ele>776.0</ele>
   </trkpt>
   <trkpt lat="-26.1534380" lon="-51.1480910">
    <ele>776.2</ele>
   </trkpt>
   <trkpt lat="-26.1534160" lon="-51.1481090">
    <ele>776.3</ele>
   </trkpt>
   <trkpt lat="-26.1533870" lon="-51.1481380">
    <ele>776.6</ele>
   </trkpt>
   <trkpt lat="-26.1533760" lon="-51.1481460">
    <ele>776.6</ele>
   </trkpt>
   <trkpt lat="-26.1533540" lon="-51.1481640">
    <ele>776.8</ele>
   </trkpt>
   <trkpt lat="-26.1533190" lon="-51.1481810">
    <ele>777.0</ele>
   </trkpt>
   <trkpt lat="-26.1533080" lon="-51.1481840">
    <ele>777.1</ele>
   </trkpt>
   <trkpt lat="-26.1532740" lon="-51.1482030">
    <ele>777.3</ele>
   </trkpt>
   <trkpt lat="-26.1532620" lon="-51.1482080">
    <ele>777.4</ele>
   </trkpt>
   <trkpt lat="-26.1532310" lon="-51.1482300">
    <ele>777.6</ele>
   </trkpt>
   <trkpt lat="-26.1532210" lon="-51.1482370">
    <ele>777.7</ele>
   </trkpt>
   <trkpt lat="-26.1532020" lon="-51.1482550">
    <ele>777.9</ele>
   </trkpt>
   <trkpt lat="-26.1531890" lon="-51.1482620">
    <ele>777.9</ele>
   </trkpt>
   <trkpt lat="-26.1531710" lon="-51.1482830">
    <ele>778.1</ele>
   </trkpt>
   <trkpt lat="-26.1531600" lon="-51.1482910">
    <ele>778.2</ele>
   </trkpt>
   <trkpt lat="-26.1531370" lon="-51.1483070">
    <ele>778.3</ele>
   </trkpt>
   <trkpt lat="-26.1531100" lon="-51.1483310">
    <ele>778.5</ele>
   </trkpt>
   <trkpt lat="-26.1530960" lon="-51.1483430">
    <ele>778.6</ele>
   </trkpt>
   <trkpt lat="-26.1530750" lon="-51.1483560">
    <ele>778.7</ele>
   </trkpt>
   <trkpt lat="-26.1530640" lon="-51.1483630">
    <ele>778.7</ele>
   </trkpt>
   <trkpt lat="-26.1530420" lon="-51.1483900">
    <ele>778.9</ele>
   </trkpt>
   <trkpt lat="-26.1530350" lon="-51.1484010">
    <ele>778.9</ele>
   </trkpt>
   <trkpt lat="-26.1530130" lon="-51.1484250">
    <ele>779.0</ele>
   </trkpt>
   <trkpt lat="-26.1529940" lon="-51.1484500">
    <ele>779.2</ele>
   </trkpt>
   <trkpt lat="-26.1529840" lon="-51.1484610">
    <ele>779.2</ele>
   </trkpt>
   <trkpt lat="-26.1529680" lon="-51.1485030">
    <ele>779.4</ele>
   </trkpt>
   <trkpt lat="-26.1529340" lon="-51.1485440">
    <ele>779.5</ele>
   </trkpt>
   <trkpt lat="-26.1529150" lon="-51.1485780">
    <ele>779.6</ele>
   </trkpt>
   <trkpt lat="-26.1528970" lon="-51.1486150">
    <ele>779.7</ele>
   </trkpt>
   <trkpt lat="-26.1528790" lon="-51.1486440">
    <ele>779.8</ele>
   </trkpt>
   <trkpt lat="-26.1528500" lon="-51.1486670">
    <ele>779.8</ele>
   </trkpt>
   <trkpt lat="-26.1528260" lon="-51.1487000">
    <ele>779.9</ele>
   </trkpt>
   <trkpt lat="-26.1528060" lon="-51.1487280">
    <ele>780.0</ele>
   </trkpt>
   <trkpt lat="-26.1527790" lon="-51.1487570">
    <ele>780.0</ele>
   </trkpt>
   <trkpt lat="-26.1527580" lon="-51.1487870">
    <ele>780.1</ele>
   </trkpt>
   <trkpt lat="-26.1527360" lon="-51.1488170">
    <ele>780.2</ele>
   </trkpt>
   <trkpt lat="-26.1527150" lon="-51.1488470">
    <ele>780.3</ele>
   </trkpt>
   <trkpt lat="-26.1526930" lon="-51.1488770">
    <ele>780.3</ele>
   </trkpt>
   <trkpt lat="-26.1526750" lon="-51.1489150">
    <ele>780.4</ele>
   </trkpt>
   <trkpt lat="-26.1526540" lon="-51.1489410">
    <ele>780.4</ele>
   </trkpt>
   <trkpt lat="-26.1526320" lon="-51.1489720">
    <ele>780.4</ele>
   </trkpt>
   <trkpt lat="-26.1526100" lon="-51.1490050">
    <ele>780.5</ele>
   </trkpt>
   <trkpt lat="-26.1525860" lon="-51.1490370">
    <ele>780.5</ele>
   </trkpt>
   <trkpt lat="-26.1525630" lon="-51.1490670">
    <ele>780.6</ele>
   </trkpt>
   <trkpt lat="-26.1525420" lon="-51.1490980">
    <ele>780.6</ele>
   </trkpt>
   <trkpt lat="-26.1525110" lon="-51.1491190">
    <ele>780.7</ele>
   </trkpt>
   <trkpt lat="-26.1524870" lon="-51.1491510">
    <ele>780.7</ele>
   </trkpt>
   <trkpt lat="-26.1524640" lon="-51.1491840">
    <ele>780.7</ele>
   </trkpt>
   <trkpt lat="-26.1524410" lon="-51.1492160">
    <ele>780.7</ele>
   </trkpt>
   <trkpt lat="-26.1524180" lon="-51.1492510">
    <ele>780.8</ele>
   </trkpt>
   <trkpt lat="-26.1523950" lon="-51.1492850">
    <ele>780.8</ele>
   </trkpt>
   <trkpt lat="-26.1523730" lon="-51.1493210">
    <ele>780.8</ele>
   </trkpt>
   <trkpt lat="-26.1523440" lon="-51.1493450">
    <ele>780.7</ele>
   </trkpt>
   <trkpt lat="-26.1523190" lon="-51.1493820">
    <ele>780.7</ele>
   </trkpt>
   <trkpt lat="-26.1523010" lon="-51.1494270">
    <ele>780.7</ele>
   </trkpt>
   <trkpt lat="-26.1522710" lon="-51.1494580">
    <ele>780.7</ele>
   </trkpt>
   <trkpt lat="-26.1522470" lon="-51.1494870">
    <ele>780.6</ele>
   </trkpt>
   <trkpt lat="-26.1522180" lon="-51.1495270">
    <ele>780.6</ele>
   </trkpt>
   <trkpt lat="-26.1521890" lon="-51.1495650">
    <ele>780.6</ele>
   </trkpt>
   <trkpt lat="-26.1521650" lon="-51.1496090">
    <ele>780.6</ele>
   </trkpt>
   <trkpt lat="-26.1521350" lon="-51.1496490">
    <ele>780.6</ele>
   </trkpt>
   <trkpt lat="-26.1521090" lon="-51.1496890">
    <ele>780.6</ele>
   </trkpt>
   <trkpt lat="-26.1520790" lon="-51.1497180">
    <ele>780.6</ele>
   </trkpt>
   <trkpt lat="-26.1520480" lon="-51.1497550">
    <ele>780.6</ele>
   </trkpt>
   <trkpt lat="-26.1520250" lon="-51.1497930">
    <ele>780.6</ele>
   </trkpt>
   <trkpt lat="-26.1519970" lon="-51.1498300">
    <ele>780.6</ele>
   </trkpt>
   <trkpt lat="-26.1519640" lon="-51.1498690">
    <ele>780.6</ele>
   </trkpt>
   <trkpt lat="-26.1519370" lon="-51.1499020">
    <ele>780.7</ele>
   </trkpt>
   <trkpt lat="-26.1519100" lon="-51.1499350">
    <ele>780.8</ele>
   </trkpt>
   <trkpt lat="-26.1518840" lon="-51.1499760">
    <ele>780.9</ele>
   </trkpt>
   <trkpt lat="-26.1518500" lon="-51.1499960">
    <ele>781.0</ele>
   </trkpt>
   <trkpt lat="-26.1518230" lon="-51.1500330">
    <ele>781.0</ele>
   </trkpt>
   <trkpt lat="-26.1517930" lon="-51.1500620">
    <ele>781.1</ele>
   </trkpt>
   <trkpt lat="-26.1517680" lon="-51.1500920">
    <ele>781.1</ele>
   </trkpt>
   <trkpt lat="-26.1517420" lon="-51.1501250">
    <ele>781.1</ele>
   </trkpt>
   <trkpt lat="-26.1517160" lon="-51.1501590">
    <ele>781.1</ele>
   </trkpt>
   <trkpt lat="-26.1516860" lon="-51.1501810">
    <ele>781.1</ele>
   </trkpt>
   <trkpt lat="-26.1516550" lon="-51.1502100">
    <ele>781.0</ele>
   </trkpt>
   <trkpt lat="-26.1516260" lon="-51.1502490">
    <ele>781.0</ele>
   </trkpt>
   <trkpt lat="-26.1515900" lon="-51.1502820">
    <ele>780.9</ele>
   </trkpt>
   <trkpt lat="-26.1515580" lon="-51.1503160">
    <ele>780.9</ele>
   </trkpt>
   <trkpt lat="-26.1515140" lon="-51.1503280">
    <ele>780.8</ele>
   </trkpt>
   <trkpt lat="-26.1514710" lon="-51.1503430">
    <ele>780.7</ele>
   </trkpt>
   <trkpt lat="-26.1514360" lon="-51.1503840">
    <ele>780.7</ele>
   </trkpt>
   <trkpt lat="-26.1513820" lon="-51.1503910">
    <ele>780.6</ele>
   </trkpt>
   <trkpt lat="-26.1513400" lon="-51.1504220">
    <ele>780.6</ele>
   </trkpt>
   <trkpt lat="-26.1512960" lon="-51.1504460">
    <ele>780.7</ele>
   </trkpt>
   <trkpt lat="-26.1512470" lon="-51.1504720">
    <ele>780.7</ele>
   </trkpt>
   <trkpt lat="-26.1511300" lon="-51.1504490">
    <ele>780.9</ele>
   </trkpt>
   <trkpt lat="-26.1510820" lon="-51.1504350">
    <ele>781.0</ele>
   </trkpt>
   <trkpt lat="-26.1510450" lon="-51.1504270">
    <ele>781.0</ele>
   </trkpt>
   <trkpt lat="-26.1510080" lon="-51.1504120">
    <ele>781.0</ele>
   </trkpt>
   <trkpt lat="-26.1509870" lon="-51.1504080">
    <ele>781.0</ele>
   </trkpt>
   <trkpt lat="-26.1509530" lon="-51.1504030">
    <ele>780.9</ele>
   </trkpt>
   <trkpt lat="-26.1509170" lon="-51.1503960">
    <ele>780.8</ele>
   </trkpt>
   <trkpt lat="-26.1508770" lon="-51.1503880">
    <ele>780.7</ele>
   </trkpt>
   <trkpt lat="-26.1508390" lon="-51.1503820">
    <ele>780.6</ele>
   </trkpt>
   <trkpt lat="-26.1507970" lon="-51.1503820">
    <ele>780.4</ele>
   </trkpt>
   <trkpt lat="-26.1507490" lon="-51.1503820">
    <ele>780.2</ele>
   </trkpt>
   <trkpt lat="-26.1507030" lon="-51.1503860">
    <ele>780.0</ele>
   </trkpt>
   <trkpt lat="-26.1506560" lon="-51.1503860">
    <ele>779.8</ele>
   </trkpt>
   <trkpt lat="-26.1506000" lon="-51.1503950">
    <ele>779.5</ele>
   </trkpt>
   <trkpt lat="-26.1505490" lon="-51.1504030">
    <ele>779.2</ele>
   </trkpt>
   <trkpt lat="-26.1504940" lon="-51.1504190">
    <ele>778.9</ele>
   </trkpt>
   <trkpt lat="-26.1504430" lon="-51.1504500">
    <ele>778.5</ele>
   </trkpt>
   <trkpt lat="-26.1503900" lon="-51.1504780">
    <ele>778.2</ele>
   </trkpt>
   <trkpt lat="-26.1503390" lon="-51.1505100">
    <ele>777.9</ele>
   </trkpt>
   <trkpt lat="-26.1502930" lon="-51.1505420">
    <ele>777.6</ele>
   </trkpt>
   <trkpt lat="-26.1502480" lon="-51.1505780">
    <ele>777.3</ele>
   </trkpt>
   <trkpt lat="-26.1501980" lon="-51.1506280">
    <ele>776.9</ele>
   </trkpt>
   <trkpt lat="-26.1501570" lon="-51.1506720">
    <ele>776.6</ele>
   </trkpt>
   <trkpt lat="-26.1501180" lon="-51.1507150">
    <ele>776.3</ele>
   </trkpt>
   <trkpt lat="-26.1500830" lon="-51.1507620">
    <ele>776.0</ele>
   </trkpt>
   <trkpt lat="-26.1500440" lon="-51.1508200">
    <ele>775.6</ele>
   </trkpt>
   <trkpt lat="-26.1500140" lon="-51.1508800">
    <ele>775.2</ele>
   </trkpt>
   <trkpt lat="-26.1499830" lon="-51.1509370">
    <ele>774.9</ele>
   </trkpt>
   <trkpt lat="-26.1499500" lon="-51.1509990">
    <ele>774.6</ele>
   </trkpt>
   <trkpt lat="-26.1499180" lon="-51.1510620">
    <ele>774.3</ele>
   </trkpt>
   <trkpt lat="-26.1498870" lon="-51.1511250">
    <ele>774.1</ele>
   </trkpt>
   <trkpt lat="-26.1498590" lon="-51.1511820">
    <ele>773.8</ele>
   </trkpt>
   <trkpt lat="-26.1498290" lon="-51.1512420">
    <ele>773.5</ele>
   </trkpt>
   <trkpt lat="-26.1497960" lon="-51.1512960">
    <ele>773.3</ele>
   </trkpt>
   <trkpt lat="-26.1497700" lon="-51.1513600">
    <ele>773.1</ele>
   </trkpt>
   <trkpt lat="-26.1497360" lon="-51.1514180">
    <ele>772.9</ele>
   </trkpt>
   <trkpt lat="-26.1497080" lon="-51.1514770">
    <ele>772.7</ele>
   </trkpt>
   <trkpt lat="-26.1496820" lon="-51.1515350">
    <ele>772.5</ele>
   </trkpt>
   <trkpt lat="-26.1496570" lon="-51.1515950">
    <ele>772.3</ele>
   </trkpt>
   <trkpt lat="-26.1496300" lon="-51.1516540">
    <ele>772.1</ele>
   </trkpt>
   <trkpt lat="-26.1495990" lon="-51.1517060">
    <ele>771.9</ele>
   </trkpt>
   <trkpt lat="-26.1495700" lon="-51.1517630">
    <ele>771.6</ele>
   </trkpt>
   <trkpt lat="-26.1495440" lon="-51.1518150">
    <ele>771.4</ele>
   </trkpt>
   <trkpt lat="-26.1495230" lon="-51.1518660">
    <ele>771.2</ele>
   </trkpt>
   <trkpt lat="-26.1494980" lon="-51.1519190">
    <ele>770.9</ele>
   </trkpt>
   <trkpt lat="-26.1494730" lon="-51.1519720">
    <ele>770.6</ele>
   </trkpt>
   <trkpt lat="-26.1494480" lon="-51.1520250">
    <ele>770.3</ele>
   </trkpt>
   <trkpt lat="-26.1494200" lon="-51.1520790">
    <ele>770.0</ele>
   </trkpt>
   <trkpt lat="-26.1493900" lon="-51.1521310">
    <ele>769.7</ele>
   </trkpt>
   <trkpt lat="-26.1493590" lon="-51.1521840">
    <ele>769.3</ele>
   </trkpt>
   <trkpt lat="-26.1493300" lon="-51.1522450">
    <ele>769.0</ele>
   </trkpt>
   <trkpt lat="-26.1493030" lon="-51.1523100">
    <ele>768.6</ele>
   </trkpt>
   <trkpt lat="-26.1492740" lon="-51.1523740">
    <ele>768.2</ele>
   </trkpt>
   <trkpt lat="-26.1492440" lon="-51.1524370">
    <ele>767.9</ele>
   </trkpt>
   <trkpt lat="-26.1492130" lon="-51.1525020">
    <ele>767.6</ele>
   </trkpt>
   <trkpt lat="-26.1491840" lon="-51.1525650">
    <ele>767.3</ele>
   </trkpt>
   <trkpt lat="-26.1491500" lon="-51.1526280">
    <ele>767.0</ele>
   </trkpt>
   <trkpt lat="-26.1491180" lon="-51.1526910">
    <ele>766.7</ele>
   </trkpt>
   <trkpt lat="-26.1490850" lon="-51.1527530">
    <ele>766.3</ele>
   </trkpt>
   <trkpt lat="-26.1490510" lon="-51.1528150">
    <ele>766.0</ele>
   </trkpt>
   <trkpt lat="-26.1490190" lon="-51.1528810">
    <ele>765.8</ele>
   </trkpt>
   <trkpt lat="-26.1489880" lon="-51.1529380">
    <ele>765.5</ele>
   </trkpt>
   <trkpt lat="-26.1489620" lon="-51.1530030">
    <ele>765.2</ele>
   </trkpt>
   <trkpt lat="-26.1489330" lon="-51.1530690">
    <ele>764.8</ele>
   </trkpt>
   <trkpt lat="-26.1489070" lon="-51.1531320">
    <ele>764.4</ele>
   </trkpt>
   <trkpt lat="-26.1488730" lon="-51.1531920">
    <ele>764.0</ele>
   </trkpt>
   <trkpt lat="-26.1488400" lon="-51.1532510">
    <ele>763.8</ele>
   </trkpt>
   <trkpt lat="-26.1488070" lon="-51.1533090">
    <ele>763.6</ele>
   </trkpt>
   <trkpt lat="-26.1487730" lon="-51.1533630">
    <ele>763.5</ele>
   </trkpt>
   <trkpt lat="-26.1487390" lon="-51.1534200">
    <ele>763.5</ele>
   </trkpt>
   <trkpt lat="-26.1487010" lon="-51.1534680">
    <ele>763.5</ele>
   </trkpt>
   <trkpt lat="-26.1486630" lon="-51.1535210">
    <ele>763.4</ele>
   </trkpt>
   <trkpt lat="-26.1486220" lon="-51.1535630">
    <ele>763.3</ele>
   </trkpt>
   <trkpt lat="-26.1485820" lon="-51.1536100">
    <ele>763.2</ele>
   </trkpt>
   <trkpt lat="-26.1485460" lon="-51.1536540">
    <ele>763.1</ele>
   </trkpt>
   <trkpt lat="-26.1485090" lon="-51.1537010">
    <ele>762.9</ele>
   </trkpt>
   <trkpt lat="-26.1484680" lon="-51.1537480">
    <ele>762.8</ele>
   </trkpt>
   <trkpt lat="-26.1484290" lon="-51.1537910">
    <ele>762.6</ele>
   </trkpt>
   <trkpt lat="-26.1483930" lon="-51.1538380">
    <ele>762.4</ele>
   </trkpt>
   <trkpt lat="-26.1483550" lon="-51.1538840">
    <ele>762.3</ele>
   </trkpt>
   <trkpt lat="-26.1483170" lon="-51.1539290">
    <ele>762.2</ele>
   </trkpt>
   <trkpt lat="-26.1482790" lon="-51.1539760">
    <ele>762.1</ele>
   </trkpt>
   <trkpt lat="-26.1482410" lon="-51.1540170">
    <ele>762.0</ele>
   </trkpt>
   <trkpt lat="-26.1482030" lon="-51.1540620">
    <ele>762.0</ele>
   </trkpt>
   <trkpt lat="-26.1481620" lon="-51.1541010">
    <ele>761.9</ele>
   </trkpt>
   <trkpt lat="-26.1481230" lon="-51.1541470">
    <ele>761.9</ele>
   </trkpt>
   <trkpt lat="-26.1480870" lon="-51.1541890">
    <ele>761.8</ele>
   </trkpt>
   <trkpt lat="-26.1480550" lon="-51.1542350">
    <ele>761.8</ele>
   </trkpt>
   <trkpt lat="-26.1480190" lon="-51.1542790">
    <ele>761.7</ele>
   </trkpt>
   <trkpt lat="-26.1479830" lon="-51.1543160">
    <ele>761.6</ele>
   </trkpt>
   <trkpt lat="-26.1479490" lon="-51.1543570">
    <ele>761.5</ele>
   </trkpt>
   <trkpt lat="-26.1479150" lon="-51.1543990">
    <ele>761.4</ele>
   </trkpt>
   <trkpt lat="-26.1478810" lon="-51.1544380">
    <ele>761.2</ele>
   </trkpt>
   <trkpt lat="-26.1478460" lon="-51.1544770">
    <ele>761.0</ele>
   </trkpt>
   <trkpt lat="-26.1478150" lon="-51.1545220">
    <ele>760.9</ele>
   </trkpt>
   <trkpt lat="-26.1477830" lon="-51.1545670">
    <ele>760.7</ele>
   </trkpt>
   <trkpt lat="-26.1477520" lon="-51.1546070">
    <ele>760.6</ele>
   </trkpt>
   <trkpt lat="-26.1477190" lon="-51.1546430">
    <ele>760.6</ele>
   </trkpt>
   <trkpt lat="-26.1476780" lon="-51.1546730">
    <ele>760.6</ele>
   </trkpt>
   <trkpt lat="-26.1476390" lon="-51.1547070">
    <ele>760.6</ele>
   </trkpt>
   <trkpt lat="-26.1476050" lon="-51.1547440">
    <ele>760.7</ele>
   </trkpt>
   <trkpt lat="-26.1475740" lon="-51.1547800">
    <ele>760.8</ele>
   </trkpt>
   <trkpt lat="-26.1475420" lon="-51.1548210">
    <ele>760.9</ele>
   </trkpt>
   <trkpt lat="-26.1475110" lon="-51.1548600">
    <ele>761.0</ele>
   </trkpt>
   <trkpt lat="-26.1474790" lon="-51.1549020">
    <ele>761.1</ele>
   </trkpt>
   <trkpt lat="-26.1474500" lon="-51.1549450">
    <ele>761.1</ele>
   </trkpt>
   <trkpt lat="-26.1474220" lon="-51.1549850">
    <ele>761.2</ele>
   </trkpt>
   <trkpt lat="-26.1473990" lon="-51.1550210">
    <ele>761.2</ele>
   </trkpt>
   <trkpt lat="-26.1473790" lon="-51.1550640">
    <ele>761.3</ele>
   </trkpt>
   <trkpt lat="-26.1473470" lon="-51.1551480">
    <ele>761.4</ele>
   </trkpt>
   <trkpt lat="-26.1473340" lon="-51.1551890">
    <ele>761.5</ele>
   </trkpt>
   <trkpt lat="-26.1473220" lon="-51.1552290">
    <ele>761.6</ele>
   </trkpt>
   <trkpt lat="-26.1473130" lon="-51.1552700">
    <ele>761.6</ele>
   </trkpt>
   <trkpt lat="-26.1473050" lon="-51.1553080">
    <ele>761.7</ele>
   </trkpt>
   <trkpt lat="-26.1472990" lon="-51.1553470">
    <ele>761.8</ele>
   </trkpt>
   <trkpt lat="-26.1472900" lon="-51.1553920">
    <ele>761.9</ele>
   </trkpt>
   <trkpt lat="-26.1472850" lon="-51.1554330">
    <ele>762.0</ele>
   </trkpt>
   <trkpt lat="-26.1472800" lon="-51.1554740">
    <ele>762.1</ele>
   </trkpt>
   <trkpt lat="-26.1472750" lon="-51.1555130">
    <ele>762.1</ele>
   </trkpt>
   <trkpt lat="-26.1472740" lon="-51.1555550">
    <ele>762.2</ele>
   </trkpt>
   <trkpt lat="-26.1472730" lon="-51.1555980">
    <ele>762.3</ele>
   </trkpt>
   <trkpt lat="-26.1472750" lon="-51.1556410">
    <ele>762.4</ele>
   </trkpt>
   <trkpt lat="-26.1472740" lon="-51.1556840">
    <ele>762.6</ele>
   </trkpt>
   <trkpt lat="-26.1472760" lon="-51.1557220">
    <ele>762.7</ele>
   </trkpt>
   <trkpt lat="-26.1472790" lon="-51.1557690">
    <ele>762.9</ele>
   </trkpt>
   <trkpt lat="-26.1472820" lon="-51.1558080">
    <ele>763.0</ele>
   </trkpt>
   <trkpt lat="-26.1472840" lon="-51.1558510">
    <ele>763.1</ele>
   </trkpt>
   <trkpt lat="-26.1472870" lon="-51.1558920">
    <ele>763.3</ele>
   </trkpt>
   <trkpt lat="-26.1472910" lon="-51.1559320">
    <ele>763.4</ele>
   </trkpt>
   <trkpt lat="-26.1472970" lon="-51.1559700">
    <ele>763.5</ele>
   </trkpt>
   <trkpt lat="-26.1472950" lon="-51.1560120">
    <ele>763.6</ele>
   </trkpt>
   <trkpt lat="-26.1472960" lon="-51.1560490">
    <ele>763.7</ele>
   </trkpt>
   <trkpt lat="-26.1473000" lon="-51.1560930">
    <ele>763.8</ele>
   </trkpt>
   <trkpt lat="-26.1473030" lon="-51.1561320">
    <ele>764.0</ele>
   </trkpt>
   <trkpt lat="-26.1473070" lon="-51.1561710">
    <ele>764.1</ele>
   </trkpt>
   <trkpt lat="-26.1473070" lon="-51.1562030">
    <ele>764.2</ele>
   </trkpt>
   <trkpt lat="-26.1473050" lon="-51.1562400">
    <ele>764.4</ele>
   </trkpt>
   <trkpt lat="-26.1473050" lon="-51.1562760">
    <ele>764.5</ele>
   </trkpt>
   <trkpt lat="-26.1473080" lon="-51.1563200">
    <ele>764.6</ele>
   </trkpt>
   <trkpt lat="-26.1473090" lon="-51.1563660">
    <ele>764.8</ele>
   </trkpt>
   <trkpt lat="-26.1473090" lon="-51.1564070">
    <ele>764.9</ele>
   </trkpt>
   <trkpt lat="-26.1473160" lon="-51.1564500">
    <ele>765.0</ele>
   </trkpt>
   <trkpt lat="-26.1473230" lon="-51.1564840">
    <ele>765.1</ele>
   </trkpt>
   <trkpt lat="-26.1473210" lon="-51.1565180">
    <ele>765.2</ele>
   </trkpt>
   <trkpt lat="-26.1473260" lon="-51.1565520">
    <ele>765.3</ele>
   </trkpt>
   <trkpt lat="-26.1473280" lon="-51.1565840">
    <ele>765.4</ele>
   </trkpt>
   <trkpt lat="-26.1473240" lon="-51.1566240">
    <ele>765.5</ele>
   </trkpt>
   <trkpt lat="-26.1473210" lon="-51.1566610">
    <ele>765.6</ele>
   </trkpt>
   <trkpt lat="-26.1473230" lon="-51.1567070">
    <ele>765.7</ele>
   </trkpt>
   <trkpt lat="-26.1473250" lon="-51.1567500">
    <ele>765.8</ele>
   </trkpt>
   <trkpt lat="-26.1473260" lon="-51.1567920">
    <ele>765.9</ele>
   </trkpt>
   <trkpt lat="-26.1473290" lon="-51.1568310">
    <ele>766.1</ele>
   </trkpt>
   <trkpt lat="-26.1473280" lon="-51.1568740">
    <ele>766.2</ele>
   </trkpt>
   <trkpt lat="-26.1473240" lon="-51.1569130">
    <ele>766.4</ele>
   </trkpt>
   <trkpt lat="-26.1473260" lon="-51.1569560">
    <ele>766.5</ele>
   </trkpt>
   <trkpt lat="-26.1473300" lon="-51.1569980">
    <ele>766.7</ele>
   </trkpt>
   <trkpt lat="-26.1473300" lon="-51.1570370">
    <ele>766.9</ele>
   </trkpt>
   <trkpt lat="-26.1473310" lon="-51.1570720">
    <ele>767.0</ele>
   </trkpt>
   <trkpt lat="-26.1473330" lon="-51.1571100">
    <ele>767.1</ele>
   </trkpt>
   <trkpt lat="-26.1473340" lon="-51.1571500">
    <ele>767.2</ele>
   </trkpt>
   <trkpt lat="-26.1473320" lon="-51.1571900">
    <ele>767.3</ele>
   </trkpt>
   <trkpt lat="-26.1473320" lon="-51.1572270">
    <ele>767.4</ele>
   </trkpt>
   <trkpt lat="-26.1473330" lon="-51.1572650">
    <ele>767.5</ele>
   </trkpt>
   <trkpt lat="-26.1473280" lon="-51.1573000">
    <ele>767.5</ele>
   </trkpt>
   <trkpt lat="-26.1473250" lon="-51.1573400">
    <ele>767.6</ele>
   </trkpt>
   <trkpt lat="-26.1473210" lon="-51.1573760">
    <ele>767.7</ele>
   </trkpt>
   <trkpt lat="-26.1473190" lon="-51.1574120">
    <ele>767.8</ele>
   </trkpt>
   <trkpt lat="-26.1473140" lon="-51.1574500">
    <ele>767.9</ele>
   </trkpt>
   <trkpt lat="-26.1473060" lon="-51.1574890">
    <ele>768.1</ele>
   </trkpt>
   <trkpt lat="-26.1472980" lon="-51.1575330">
    <ele>768.2</ele>
   </trkpt>
   <trkpt lat="-26.1472900" lon="-51.1575730">
    <ele>768.3</ele>
   </trkpt>
   <trkpt lat="-26.1472770" lon="-51.1576120">
    <ele>768.5</ele>
   </trkpt>
   <trkpt lat="-26.1472640" lon="-51.1576450">
    <ele>768.6</ele>
   </trkpt>
   <trkpt lat="-26.1472490" lon="-51.1576830">
    <ele>768.7</ele>
   </trkpt>
   <trkpt lat="-26.1472350" lon="-51.1577200">
    <ele>768.9</ele>
   </trkpt>
   <trkpt lat="-26.1472160" lon="-51.1577610">
    <ele>769.0</ele>
   </trkpt>
   <trkpt lat="-26.1472010" lon="-51.1578020">
    <ele>769.1</ele>
   </trkpt>
   <trkpt lat="-26.1471780" lon="-51.1578400">
    <ele>769.3</ele>
   </trkpt>
   <trkpt lat="-26.1471600" lon="-51.1578780">
    <ele>769.4</ele>
   </trkpt>
   <trkpt lat="-26.1471370" lon="-51.1579130">
    <ele>769.5</ele>
   </trkpt>
   <trkpt lat="-26.1471130" lon="-51.1579440">
    <ele>769.6</ele>
   </trkpt>
   <trkpt lat="-26.1470880" lon="-51.1579790">
    <ele>769.7</ele>
   </trkpt>
   <trkpt lat="-26.1470620" lon="-51.1580120">
    <ele>769.9</ele>
   </trkpt>
   <trkpt lat="-26.1470360" lon="-51.1580450">
    <ele>770.0</ele>
   </trkpt>
   <trkpt lat="-26.1470090" lon="-51.1580720">
    <ele>770.1</ele>
   </trkpt>
   <trkpt lat="-26.1469820" lon="-51.1581020">
    <ele>770.3</ele>
   </trkpt>
   <trkpt lat="-26.1469530" lon="-51.1581350">
    <ele>770.4</ele>
   </trkpt>
   <trkpt lat="-26.1469230" lon="-51.1581680">
    <ele>770.6</ele>
   </trkpt>
   <trkpt lat="-26.1468880" lon="-51.1581930">
    <ele>770.7</ele>
   </trkpt>
   <trkpt lat="-26.1468610" lon="-51.1582160">
    <ele>770.7</ele>
   </trkpt>
   <trkpt lat="-26.1468320" lon="-51.1582340">
    <ele>770.8</ele>
   </trkpt>
   <trkpt lat="-26.1468010" lon="-51.1582530">
    <ele>770.8</ele>
   </trkpt>
   <trkpt lat="-26.1467710" lon="-51.1582720">
    <ele>770.8</ele>
   </trkpt>
   <trkpt lat="-26.1467390" lon="-51.1582840">
    <ele>770.8</ele>
   </trkpt>
   <trkpt lat="-26.1467040" lon="-51.1583030">
    <ele>770.9</ele>
   </trkpt>
   <trkpt lat="-26.1466710" lon="-51.1583190">
    <ele>770.9</ele>
   </trkpt>
   <trkpt lat="-26.1466370" lon="-51.1583370">
    <ele>770.9</ele>
   </trkpt>
   <trkpt lat="-26.1466000" lon="-51.1583500">
    <ele>771.0</ele>
   </trkpt>
   <trkpt lat="-26.1465660" lon="-51.1583630">
    <ele>771.0</ele>
   </trkpt>
   <trkpt lat="-26.1465320" lon="-51.1583810">
    <ele>771.0</ele>
   </trkpt>
   <trkpt lat="-26.1464980" lon="-51.1583970">
    <ele>771.0</ele>
   </trkpt>
   <trkpt lat="-26.1464570" lon="-51.1584130">
    <ele>771.0</ele>
   </trkpt>
   <trkpt lat="-26.1464160" lon="-51.1584290">
    <ele>771.0</ele>
   </trkpt>
   <trkpt lat="-26.1463760" lon="-51.1584470">
    <ele>771.0</ele>
   </trkpt>
   <trkpt lat="-26.1463340" lon="-51.1584630">
    <ele>771.0</ele>
   </trkpt>
   <trkpt lat="-26.1462940" lon="-51.1584790">
    <ele>771.0</ele>
   </trkpt>
   <trkpt lat="-26.1462540" lon="-51.1584940">
    <ele>771.0</ele>
   </trkpt>
   <trkpt lat="-26.1462130" lon="-51.1585090">
    <ele>771.0</ele>
   </trkpt>
   <trkpt lat="-26.1461740" lon="-51.1585250">
    <ele>771.0</ele>
   </trkpt>
   <trkpt lat="-26.1461350" lon="-51.1585420">
    <ele>770.9</ele>
   </trkpt>
   <trkpt lat="-26.1460990" lon="-51.1585610">
    <ele>770.9</ele>
   </trkpt>
   <trkpt lat="-26.1460580" lon="-51.1585790">
    <ele>770.9</ele>
   </trkpt>
   <trkpt lat="-26.1460190" lon="-51.1585960">
    <ele>770.9</ele>
   </trkpt>
   <trkpt lat="-26.1459740" lon="-51.1586070">
    <ele>770.8</ele>
   </trkpt>
   <trkpt lat="-26.1459330" lon="-51.1586300">
    <ele>770.7</ele>
   </trkpt>
   <trkpt lat="-26.1458880" lon="-51.1586420">
    <ele>770.6</ele>
   </trkpt>
   <trkpt lat="-26.1458420" lon="-51.1586620">
    <ele>770.5</ele>
   </trkpt>
   <trkpt lat="-26.1457940" lon="-51.1586790">
    <ele>770.3</ele>
   </trkpt>
   <trkpt lat="-26.1457470" lon="-51.1586960">
    <ele>770.2</ele>
   </trkpt>
   <trkpt lat="-26.1457000" lon="-51.1587080">
    <ele>770.1</ele>
   </trkpt>
   <trkpt lat="-26.1456540" lon="-51.1587260">
    <ele>770.0</ele>
   </trkpt>
   <trkpt lat="-26.1456050" lon="-51.1587360">
    <ele>769.9</ele>
   </trkpt>
   <trkpt lat="-26.1455570" lon="-51.1587470">
    <ele>769.9</ele>
   </trkpt>
   <trkpt lat="-26.1455080" lon="-51.1587580">
    <ele>769.8</ele>
   </trkpt>
   <trkpt lat="-26.1454570" lon="-51.1587720">
    <ele>769.7</ele>
   </trkpt>
   <trkpt lat="-26.1454080" lon="-51.1587860">
    <ele>769.6</ele>
   </trkpt>
   <trkpt lat="-26.1453580" lon="-51.1588030">
    <ele>769.5</ele>
   </trkpt>
   <trkpt lat="-26.1453090" lon="-51.1588200">
    <ele>769.5</ele>
   </trkpt>
   <trkpt lat="-26.1452600" lon="-51.1588300">
    <ele>769.5</ele>
   </trkpt>
   <trkpt lat="-26.1452140" lon="-51.1588390">
    <ele>769.5</ele>
   </trkpt>
   <trkpt lat="-26.1451670" lon="-51.1588540">
    <ele>769.5</ele>
   </trkpt>
   <trkpt lat="-26.1451190" lon="-51.1588690">
    <ele>769.5</ele>
   </trkpt>
   <trkpt lat="-26.1450680" lon="-51.1588810">
    <ele>769.5</ele>
   </trkpt>
   <trkpt lat="-26.1450200" lon="-51.1588950">
    <ele>769.5</ele>
   </trkpt>
   <trkpt lat="-26.1449660" lon="-51.1589130">
    <ele>769.5</ele>
   </trkpt>
   <trkpt lat="-26.1449190" lon="-51.1589250">
    <ele>769.5</ele>
   </trkpt>
   <trkpt lat="-26.1448720" lon="-51.1589400">
    <ele>769.5</ele>
   </trkpt>
   <trkpt lat="-26.1448240" lon="-51.1589570">
    <ele>769.5</ele>
   </trkpt>
   <trkpt lat="-26.1447770" lon="-51.1589780">
    <ele>769.5</ele>
   </trkpt>
   <trkpt lat="-26.1447310" lon="-51.1590020">
    <ele>769.5</ele>
   </trkpt>
   <trkpt lat="-26.1446850" lon="-51.1590220">
    <ele>769.6</ele>
   </trkpt>
   <trkpt lat="-26.1446420" lon="-51.1590410">
    <ele>769.7</ele>
   </trkpt>
   <trkpt lat="-26.1445970" lon="-51.1590660">
    <ele>769.7</ele>
   </trkpt>
   <trkpt lat="-26.1445150" lon="-51.1591140">
    <ele>769.9</ele>
   </trkpt>
   <trkpt lat="-26.1444730" lon="-51.1591390">
    <ele>770.0</ele>
   </trkpt>
   <trkpt lat="-26.1444340" lon="-51.1591620">
    <ele>770.0</ele>
   </trkpt>
   <trkpt lat="-26.1443920" lon="-51.1591850">
    <ele>770.1</ele>
   </trkpt>
   <trkpt lat="-26.1443570" lon="-51.1592150">
    <ele>770.2</ele>
   </trkpt>
   <trkpt lat="-26.1443190" lon="-51.1592400">
    <ele>770.2</ele>
   </trkpt>
   <trkpt lat="-26.1442810" lon="-51.1592690">
    <ele>770.3</ele>
   </trkpt>
   <trkpt lat="-26.1442470" lon="-51.1592950">
    <ele>770.4</ele>
   </trkpt>
   <trkpt lat="-26.1442090" lon="-51.1593210">
    <ele>770.5</ele>
   </trkpt>
   <trkpt lat="-26.1441680" lon="-51.1593440">
    <ele>770.6</ele>
   </trkpt>
   <trkpt lat="-26.1441280" lon="-51.1593740">
    <ele>770.6</ele>
   </trkpt>
   <trkpt lat="-26.1440900" lon="-51.1594000">
    <ele>770.7</ele>
   </trkpt>
   <trkpt lat="-26.1440510" lon="-51.1594250">
    <ele>770.8</ele>
   </trkpt>
   <trkpt lat="-26.1440130" lon="-51.1594550">
    <ele>770.9</ele>
   </trkpt>
   <trkpt lat="-26.1439790" lon="-51.1594820">
    <ele>770.9</ele>
   </trkpt>
   <trkpt lat="-26.1439430" lon="-51.1595100">
    <ele>771.0</ele>
   </trkpt>
   <trkpt lat="-26.1439100" lon="-51.1595390">
    <ele>771.1</ele>
   </trkpt>
   <trkpt lat="-26.1438790" lon="-51.1595660">
    <ele>771.1</ele>
   </trkpt>
   <trkpt lat="-26.1438480" lon="-51.1595920">
    <ele>771.2</ele>
   </trkpt>
   <trkpt lat="-26.1438150" lon="-51.1596110">
    <ele>771.3</ele>
   </trkpt>
   <trkpt lat="-26.1437800" lon="-51.1596310">
    <ele>771.3</ele>
   </trkpt>
   <trkpt lat="-26.1437430" lon="-51.1596520">
    <ele>771.3</ele>
   </trkpt>
   <trkpt lat="-26.1437110" lon="-51.1596740">
    <ele>771.4</ele>
   </trkpt>
   <trkpt lat="-26.1436770" lon="-51.1596970">
    <ele>771.4</ele>
   </trkpt>
   <trkpt lat="-26.1436430" lon="-51.1597240">
    <ele>771.4</ele>
   </trkpt>
   <trkpt lat="-26.1436070" lon="-51.1597460">
    <ele>771.4</ele>
   </trkpt>
   <trkpt lat="-26.1435670" lon="-51.1597680">
    <ele>771.4</ele>
   </trkpt>
   <trkpt lat="-26.1435260" lon="-51.1597920">
    <ele>771.4</ele>
   </trkpt>
   <trkpt lat="-26.1434840" lon="-51.1598130">
    <ele>771.3</ele>
   </trkpt>
   <trkpt lat="-26.1434410" lon="-51.1598330">
    <ele>771.3</ele>
   </trkpt>
   <trkpt lat="-26.1433980" lon="-51.1598590">
    <ele>771.2</ele>
   </trkpt>
   <trkpt lat="-26.1433510" lon="-51.1598780">
    <ele>771.1</ele>
   </trkpt>
   <trkpt lat="-26.1433040" lon="-51.1598940">
    <ele>771.0</ele>
   </trkpt>
   <trkpt lat="-26.1432600" lon="-51.1599060">
    <ele>770.8</ele>
   </trkpt>
   <trkpt lat="-26.1432090" lon="-51.1599250">
    <ele>770.6</ele>
   </trkpt>
   <trkpt lat="-26.1431580" lon="-51.1599420">
    <ele>770.4</ele>
   </trkpt>
   <trkpt lat="-26.1431090" lon="-51.1599580">
    <ele>770.2</ele>
   </trkpt>
   <trkpt lat="-26.1430550" lon="-51.1599720">
    <ele>770.0</ele>
   </trkpt>
   <trkpt lat="-26.1430010" lon="-51.1599850">
    <ele>769.8</ele>
   </trkpt>
   <trkpt lat="-26.1429500" lon="-51.1599990">
    <ele>769.6</ele>
   </trkpt>
   <trkpt lat="-26.1428920" lon="-51.1600170">
    <ele>769.4</ele>
   </trkpt>
   <trkpt lat="-26.1428370" lon="-51.1600330">
    <ele>769.1</ele>
   </trkpt>
   <trkpt lat="-26.1427840" lon="-51.1600440">
    <ele>769.0</ele>
   </trkpt>
   <trkpt lat="-26.1427280" lon="-51.1600600">
    <ele>768.8</ele>
   </trkpt>
   <trkpt lat="-26.1426740" lon="-51.1600750">
    <ele>768.7</ele>
   </trkpt>
   <trkpt lat="-26.1426170" lon="-51.1600910">
    <ele>768.5</ele>
   </trkpt>
   <trkpt lat="-26.1425600" lon="-51.1601060">
    <ele>768.4</ele>
   </trkpt>
   <trkpt lat="-26.1425070" lon="-51.1601190">
    <ele>768.2</ele>
   </trkpt>
   <trkpt lat="-26.1424510" lon="-51.1601360">
    <ele>768.1</ele>
   </trkpt>
   <trkpt lat="-26.1423940" lon="-51.1601490">
    <ele>767.9</ele>
   </trkpt>
   <trkpt lat="-26.1423390" lon="-51.1601630">
    <ele>767.8</ele>
   </trkpt>
   <trkpt lat="-26.1422850" lon="-51.1601740">
    <ele>767.7</ele>
   </trkpt>
   <trkpt lat="-26.1422280" lon="-51.1601900">
    <ele>767.6</ele>
   </trkpt>
   <trkpt lat="-26.1421620" lon="-51.1602050">
    <ele>767.4</ele>
   </trkpt>
   <trkpt lat="-26.1421040" lon="-51.1602210">
    <ele>767.3</ele>
   </trkpt>
   <trkpt lat="-26.1420430" lon="-51.1602330">
    <ele>767.1</ele>
   </trkpt>
   <trkpt lat="-26.1419760" lon="-51.1602490">
    <ele>766.9</ele>
   </trkpt>
   <trkpt lat="-26.1419160" lon="-51.1602700">
    <ele>766.8</ele>
   </trkpt>
   <trkpt lat="-26.1418500" lon="-51.1602920">
    <ele>766.6</ele>
   </trkpt>
   <trkpt lat="-26.1417860" lon="-51.1603080">
    <ele>766.5</ele>
   </trkpt>
   <trkpt lat="-26.1417240" lon="-51.1603240">
    <ele>766.3</ele>
   </trkpt>
   <trkpt lat="-26.1416600" lon="-51.1603460">
    <ele>766.2</ele>
   </trkpt>
   <trkpt lat="-26.1415970" lon="-51.1603650">
    <ele>766.1</ele>
   </trkpt>
   <trkpt lat="-26.1415330" lon="-51.1603830">
    <ele>766.0</ele>
   </trkpt>
   <trkpt lat="-26.1414690" lon="-51.1604040">
    <ele>765.9</ele>
   </trkpt>
   <trkpt lat="-26.1414060" lon="-51.1604280">
    <ele>765.9</ele>
   </trkpt>
   <trkpt lat="-26.1413470" lon="-51.1604510">
    <ele>765.9</ele>
   </trkpt>
   <trkpt lat="-26.1412960" lon="-51.1604800">
    <ele>765.9</ele>
   </trkpt>
   <trkpt lat="-26.1412400" lon="-51.1605110">
    <ele>765.8</ele>
   </trkpt>
   <trkpt lat="-26.1411830" lon="-51.1605370">
    <ele>765.8</ele>
   </trkpt>
   <trkpt lat="-26.1411260" lon="-51.1605690">
    <ele>765.7</ele>
   </trkpt>
   <trkpt lat="-26.1410720" lon="-51.1606020">
    <ele>765.6</ele>
   </trkpt>
   <trkpt lat="-26.1410210" lon="-51.1606410">
    <ele>765.5</ele>
   </trkpt>
   <trkpt lat="-26.1409710" lon="-51.1606780">
    <ele>765.4</ele>
   </trkpt>
   <trkpt lat="-26.1409190" lon="-51.1607220">
    <ele>765.4</ele>
   </trkpt>
   <trkpt lat="-26.1408690" lon="-51.1607560">
    <ele>765.3</ele>
   </trkpt>
   <trkpt lat="-26.1408220" lon="-51.1607940">
    <ele>765.2</ele>
   </trkpt>
   <trkpt lat="-26.1407810" lon="-51.1608390">
    <ele>765.2</ele>
   </trkpt>
   <trkpt lat="-26.1407380" lon="-51.1608840">
    <ele>765.1</ele>
   </trkpt>
   <trkpt lat="-26.1406980" lon="-51.1609390">
    <ele>765.0</ele>
   </trkpt>
   <trkpt lat="-26.1406590" lon="-51.1609880">
    <ele>765.0</ele>
   </trkpt>
   <trkpt lat="-26.1406200" lon="-51.1610450">
    <ele>764.8</ele>
   </trkpt>
   <trkpt lat="-26.1405760" lon="-51.1611040">
    <ele>764.7</ele>
   </trkpt>
   <trkpt lat="-26.1405340" lon="-51.1611560">
    <ele>764.6</ele>
   </trkpt>
   <trkpt lat="-26.1404950" lon="-51.1612090">
    <ele>764.6</ele>
   </trkpt>
   <trkpt lat="-26.1404530" lon="-51.1612600">
    <ele>764.6</ele>
   </trkpt>
   <trkpt lat="-26.1404150" lon="-51.1613130">
    <ele>764.5</ele>
   </trkpt>
   <trkpt lat="-26.1403770" lon="-51.1613660">
    <ele>764.5</ele>
   </trkpt>
   <trkpt lat="-26.1403380" lon="-51.1614130">
    <ele>764.4</ele>
   </trkpt>
   <trkpt lat="-26.1402940" lon="-51.1614710">
    <ele>764.3</ele>
   </trkpt>
   <trkpt lat="-26.1402550" lon="-51.1615220">
    <ele>764.2</ele>
   </trkpt>
   <trkpt lat="-26.1402200" lon="-51.1615930">
    <ele>764.1</ele>
   </trkpt>
   <trkpt lat="-26.1401800" lon="-51.1616540">
    <ele>764.3</ele>
   </trkpt>
   <trkpt lat="-26.1401390" lon="-51.1617130">
    <ele>764.5</ele>
   </trkpt>
   <trkpt lat="-26.1400980" lon="-51.1617650">
    <ele>764.7</ele>
   </trkpt>
   <trkpt lat="-26.1400580" lon="-51.1618200">
    <ele>764.8</ele>
   </trkpt>
   <trkpt lat="-26.1400200" lon="-51.1618730">
    <ele>764.8</ele>
   </trkpt>
   <trkpt lat="-26.1399860" lon="-51.1619160">
    <ele>764.8</ele>
   </trkpt>
   <trkpt lat="-26.1399490" lon="-51.1619710">
    <ele>764.7</ele>
   </trkpt>
   <trkpt lat="-26.1399090" lon="-51.1620160">
    <ele>764.6</ele>
   </trkpt>
   <trkpt lat="-26.1398740" lon="-51.1620660">
    <ele>764.5</ele>
   </trkpt>
   <trkpt lat="-26.1398390" lon="-51.1621150">
    <ele>764.4</ele>
   </trkpt>
   <trkpt lat="-26.1397990" lon="-51.1621630">
    <ele>764.3</ele>
   </trkpt>
   <trkpt lat="-26.1397560" lon="-51.1622060">
    <ele>764.2</ele>
   </trkpt>
   <trkpt lat="-26.1397130" lon="-51.1622510">
    <ele>764.1</ele>
   </trkpt>
   <trkpt lat="-26.1396810" lon="-51.1623050">
    <ele>764.0</ele>
   </trkpt>
   <trkpt lat="-26.1396410" lon="-51.1623530">
    <ele>764.0</ele>
   </trkpt>
   <trkpt lat="-26.1396100" lon="-51.1624080">
    <ele>764.0</ele>
   </trkpt>
   <trkpt lat="-26.1395780" lon="-51.1624570">
    <ele>763.9</ele>
   </trkpt>
   <trkpt lat="-26.1395330" lon="-51.1625080">
    <ele>763.9</ele>
   </trkpt>
   <trkpt lat="-26.1395000" lon="-51.1625540">
    <ele>763.9</ele>
   </trkpt>
   <trkpt lat="-26.1394650" lon="-51.1626000">
    <ele>763.9</ele>
   </trkpt>
   <trkpt lat="-26.1394240" lon="-51.1626440">
    <ele>763.9</ele>
   </trkpt>
   <trkpt lat="-26.1393880" lon="-51.1626920">
    <ele>763.9</ele>
   </trkpt>
   <trkpt lat="-26.1393160" lon="-51.1627760">
    <ele>763.9</ele>
   </trkpt>
   <trkpt lat="-26.1392870" lon="-51.1628150">
    <ele>763.9</ele>
   </trkpt>
   <trkpt lat="-26.1392510" lon="-51.1628630">
    <ele>763.9</ele>
   </trkpt>
   <trkpt lat="-26.1392070" lon="-51.1629030">
    <ele>763.9</ele>
   </trkpt>
   <trkpt lat="-26.1391810" lon="-51.1629400">
    <ele>764.0</ele>
   </trkpt>
   <trkpt lat="-26.1391400" lon="-51.1629800">
    <ele>764.0</ele>
   </trkpt>
   <trkpt lat="-26.1391100" lon="-51.1630250">
    <ele>764.0</ele>
   </trkpt>
   <trkpt lat="-26.1390750" lon="-51.1630680">
    <ele>764.0</ele>
   </trkpt>
   <trkpt lat="-26.1390460" lon="-51.1631200">
    <ele>764.1</ele>
   </trkpt>
   <trkpt lat="-26.1390200" lon="-51.1631670">
    <ele>764.2</ele>
   </trkpt>
   <trkpt lat="-26.1389910" lon="-51.1632090">
    <ele>764.2</ele>
   </trkpt>
   <trkpt lat="-26.1389650" lon="-51.1632610">
    <ele>764.3</ele>
   </trkpt>
   <trkpt lat="-26.1389490" lon="-51.1633160">
    <ele>764.4</ele>
   </trkpt>
   <trkpt lat="-26.1389330" lon="-51.1633680">
    <ele>764.5</ele>
   </trkpt>
   <trkpt lat="-26.1389160" lon="-51.1634230">
    <ele>764.5</ele>
   </trkpt>
   <trkpt lat="-26.1389060" lon="-51.1634740">
    <ele>764.6</ele>
   </trkpt>
   <trkpt lat="-26.1388880" lon="-51.1635220">
    <ele>764.7</ele>
   </trkpt>
   <trkpt lat="-26.1388740" lon="-51.1635790">
    <ele>764.7</ele>
   </trkpt>
   <trkpt lat="-26.1388680" lon="-51.1636090">
    <ele>764.8</ele>
   </trkpt>
   <trkpt lat="-26.1388480" lon="-51.1636470">
    <ele>764.8</ele>
   </trkpt>
   <trkpt lat="-26.1388330" lon="-51.1636890">
    <ele>764.8</ele>
   </trkpt>
   <trkpt lat="-26.1388050" lon="-51.1637530">
    <ele>764.7</ele>
   </trkpt>
   <trkpt lat="-26.1387980" lon="-51.1638050">
    <ele>764.6</ele>
   </trkpt>
   <trkpt lat="-26.1387900" lon="-51.1638630">
    <ele>764.5</ele>
   </trkpt>
   <trkpt lat="-26.1387820" lon="-51.1639200">
    <ele>764.4</ele>
   </trkpt>
   <trkpt lat="-26.1387720" lon="-51.1639860">
    <ele>764.3</ele>
   </trkpt>
   <trkpt lat="-26.1387860" lon="-51.1640490">
    <ele>764.2</ele>
   </trkpt>
   <trkpt lat="-26.1387430" lon="-51.1641230">
    <ele>764.1</ele>
   </trkpt>
   <trkpt lat="-26.1387320" lon="-51.1641790">
    <ele>764.0</ele>
   </trkpt>
   <trkpt lat="-26.1387170" lon="-51.1642320">
    <ele>764.0</ele>
   </trkpt>
   <trkpt lat="-26.1386980" lon="-51.1642910">
    <ele>763.8</ele>
   </trkpt>
   <trkpt lat="-26.1386880" lon="-51.1643500">
    <ele>763.7</ele>
   </trkpt>
   <trkpt lat="-26.1386690" lon="-51.1644090">
    <ele>763.6</ele>
   </trkpt>
   <trkpt lat="-26.1386590" lon="-51.1644540">
    <ele>763.6</ele>
   </trkpt>
   <trkpt lat="-26.1386400" lon="-51.1645130">
    <ele>763.5</ele>
   </trkpt>
   <trkpt lat="-26.1386260" lon="-51.1645530">
    <ele>763.5</ele>
   </trkpt>
   <trkpt lat="-26.1386130" lon="-51.1646000">
    <ele>763.6</ele>
   </trkpt>
   <trkpt lat="-26.1385930" lon="-51.1646470">
    <ele>763.6</ele>
   </trkpt>
   <trkpt lat="-26.1385700" lon="-51.1647000">
    <ele>763.6</ele>
   </trkpt>
   <trkpt lat="-26.1385480" lon="-51.1647420">
    <ele>763.5</ele>
   </trkpt>
   <trkpt lat="-26.1385340" lon="-51.1647820">
    <ele>763.5</ele>
   </trkpt>
   <trkpt lat="-26.1385140" lon="-51.1648310">
    <ele>763.5</ele>
   </trkpt>
   <trkpt lat="-26.1384840" lon="-51.1648730">
    <ele>763.4</ele>
   </trkpt>
   <trkpt lat="-26.1384680" lon="-51.1649270">
    <ele>763.4</ele>
   </trkpt>
   <trkpt lat="-26.1384360" lon="-51.1649710">
    <ele>763.3</ele>
   </trkpt>
   <trkpt lat="-26.1384330" lon="-51.1650170">
    <ele>763.3</ele>
   </trkpt>
   <trkpt lat="-26.1384090" lon="-51.1650590">
    <ele>763.3</ele>
   </trkpt>
   <trkpt lat="-26.1383760" lon="-51.1651040">
    <ele>763.2</ele>
   </trkpt>
   <trkpt lat="-26.1383610" lon="-51.1651560">
    <ele>763.1</ele>
   </trkpt>
   <trkpt lat="-26.1383370" lon="-51.1652040">
    <ele>763.0</ele>
   </trkpt>
   <trkpt lat="-26.1383230" lon="-51.1652610">
    <ele>762.9</ele>
   </trkpt>
   <trkpt lat="-26.1383000" lon="-51.1653330">
    <ele>762.7</ele>
   </trkpt>
   <trkpt lat="-26.1382670" lon="-51.1653900">
    <ele>762.6</ele>
   </trkpt>
   <trkpt lat="-26.1382410" lon="-51.1654490">
    <ele>762.4</ele>
   </trkpt>
   <trkpt lat="-26.1382110" lon="-51.1655000">
    <ele>762.3</ele>
   </trkpt>
   <trkpt lat="-26.1381760" lon="-51.1655490">
    <ele>762.1</ele>
   </trkpt>
   <trkpt lat="-26.1381430" lon="-51.1656060">
    <ele>761.9</ele>
   </trkpt>
   <trkpt lat="-26.1381160" lon="-51.1656520">
    <ele>761.8</ele>
   </trkpt>
   <trkpt lat="-26.1380800" lon="-51.1657020">
    <ele>761.6</ele>
   </trkpt>
   <trkpt lat="-26.1380500" lon="-51.1657440">
    <ele>761.5</ele>
   </trkpt>
   <trkpt lat="-26.1380080" lon="-51.1657760">
    <ele>761.4</ele>
   </trkpt>
   <trkpt lat="-26.1379640" lon="-51.1658120">
    <ele>761.3</ele>
   </trkpt>
   <trkpt lat="-26.1379130" lon="-51.1658410">
    <ele>761.2</ele>
   </trkpt>
   <trkpt lat="-26.1378460" lon="-51.1658490">
    <ele>761.0</ele>
   </trkpt>
   <trkpt lat="-26.1377880" lon="-51.1658590">
    <ele>760.8</ele>
   </trkpt>
   <trkpt lat="-26.1377410" lon="-51.1658570">
    <ele>760.7</ele>
   </trkpt>
   <trkpt lat="-26.1376730" lon="-51.1658340">
    <ele>760.6</ele>
   </trkpt>
   <trkpt lat="-26.1376250" lon="-51.1658250">
    <ele>760.5</ele>
   </trkpt>
   <trkpt lat="-26.1375620" lon="-51.1658060">
    <ele>760.4</ele>
   </trkpt>
   <trkpt lat="-26.1375030" lon="-51.1657920">
    <ele>760.2</ele>
   </trkpt>
   <trkpt lat="-26.1374500" lon="-51.1657760">
    <ele>760.1</ele>
   </trkpt>
   <trkpt lat="-26.1373890" lon="-51.1657570">
    <ele>760.0</ele>
   </trkpt>
   <trkpt lat="-26.1373300" lon="-51.1657450">
    <ele>759.9</ele>
   </trkpt>
   <trkpt lat="-26.1372600" lon="-51.1657370">
    <ele>759.9</ele>
   </trkpt>
   <trkpt lat="-26.1371950" lon="-51.1657380">
    <ele>759.8</ele>
   </trkpt>
   <trkpt lat="-26.1371350" lon="-51.1657430">
    <ele>759.8</ele>
   </trkpt>
   <trkpt lat="-26.1370790" lon="-51.1657570">
    <ele>759.7</ele>
   </trkpt>
   <trkpt lat="-26.1370220" lon="-51.1657770">
    <ele>759.7</ele>
   </trkpt>
   <trkpt lat="-26.1369630" lon="-51.1657940">
    <ele>759.7</ele>
   </trkpt>
   <trkpt lat="-26.1369080" lon="-51.1658170">
    <ele>759.6</ele>
   </trkpt>
   <trkpt lat="-26.1368590" lon="-51.1658370">
    <ele>759.6</ele>
   </trkpt>
   <trkpt lat="-26.1368040" lon="-51.1658600">
    <ele>759.6</ele>
   </trkpt>
   <trkpt lat="-26.1367370" lon="-51.1658890">
    <ele>759.6</ele>
   </trkpt>
   <trkpt lat="-26.1367020" lon="-51.1659100">
    <ele>759.5</ele>
   </trkpt>
   <trkpt lat="-26.1366570" lon="-51.1659400">
    <ele>759.5</ele>
   </trkpt>
   <trkpt lat="-26.1366010" lon="-51.1659700">
    <ele>759.5</ele>
   </trkpt>
   <trkpt lat="-26.1365480" lon="-51.1659990">
    <ele>759.5</ele>
   </trkpt>
   <trkpt lat="-26.1364970" lon="-51.1660290">
    <ele>759.5</ele>
   </trkpt>
   <trkpt lat="-26.1364420" lon="-51.1660590">
    <ele>759.4</ele>
   </trkpt>
   <trkpt lat="-26.1363990" lon="-51.1660880">
    <ele>759.4</ele>
   </trkpt>
   <trkpt lat="-26.1363490" lon="-51.1661140">
    <ele>759.4</ele>
   </trkpt>
   <trkpt lat="-26.1362990" lon="-51.1661420">
    <ele>759.5</ele>
   </trkpt>
   <trkpt lat="-26.1362540" lon="-51.1661670">
    <ele>759.5</ele>
   </trkpt>
   <trkpt lat="-26.1362030" lon="-51.1661920">
    <ele>759.6</ele>
   </trkpt>
   <trkpt lat="-26.1361560" lon="-51.1662190">
    <ele>759.6</ele>
   </trkpt>
   <trkpt lat="-26.1361170" lon="-51.1662430">
    <ele>759.6</ele>
   </trkpt>
   <trkpt lat="-26.1360710" lon="-51.1662640">
    <ele>759.6</ele>
   </trkpt>
   <trkpt lat="-26.1360180" lon="-51.1662840">
    <ele>759.6</ele>
   </trkpt>
   <trkpt lat="-26.1359740" lon="-51.1663110">
    <ele>759.6</ele>
   </trkpt>
   <trkpt lat="-26.1359370" lon="-51.1663350">
    <ele>759.7</ele>
   </trkpt>
   <trkpt lat="-26.1358940" lon="-51.1663560">
    <ele>759.7</ele>
   </trkpt>
   <trkpt lat="-26.1358590" lon="-51.1663780">
    <ele>759.7</ele>
   </trkpt>
   <trkpt lat="-26.1358190" lon="-51.1664000">
    <ele>759.8</ele>
   </trkpt>
   <trkpt lat="-26.1357800" lon="-51.1664170">
    <ele>759.8</ele>
   </trkpt>
   <trkpt lat="-26.1357410" lon="-51.1664380">
    <ele>759.9</ele>
   </trkpt>
   <trkpt lat="-26.1356950" lon="-51.1664560">
    <ele>760.0</ele>
   </trkpt>
   <trkpt lat="-26.1356580" lon="-51.1664760">
    <ele>760.1</ele>
   </trkpt>
   <trkpt lat="-26.1356170" lon="-51.1664950">
    <ele>760.2</ele>
   </trkpt>
   <trkpt lat="-26.1355860" lon="-51.1665140">
    <ele>760.3</ele>
   </trkpt>
   <trkpt lat="-26.1355500" lon="-51.1665260">
    <ele>760.4</ele>
   </trkpt>
   <trkpt lat="-26.1355110" lon="-51.1665530">
    <ele>760.6</ele>
   </trkpt>
   <trkpt lat="-26.1354960" lon="-51.1665690">
    <ele>760.7</ele>
   </trkpt>
   <trkpt lat="-26.1354680" lon="-51.1666040">
    <ele>760.8</ele>
   </trkpt>
   <trkpt lat="-26.1354470" lon="-51.1666350">
    <ele>760.9</ele>
   </trkpt>
   <trkpt lat="-26.1354250" lon="-51.1666650">
    <ele>761.0</ele>
   </trkpt>
   <trkpt lat="-26.1354010" lon="-51.1666940">
    <ele>761.1</ele>
   </trkpt>
   <trkpt lat="-26.1353770" lon="-51.1667260">
    <ele>761.2</ele>
   </trkpt>
   <trkpt lat="-26.1353560" lon="-51.1667550">
    <ele>761.3</ele>
   </trkpt>
   <trkpt lat="-26.1353450" lon="-51.1668080">
    <ele>761.4</ele>
   </trkpt>
   <trkpt lat="-26.1353340" lon="-51.1668520">
    <ele>761.5</ele>
   </trkpt>
   <trkpt lat="-26.1353200" lon="-51.1668870">
    <ele>761.7</ele>
   </trkpt>
   <trkpt lat="-26.1353060" lon="-51.1669230">
    <ele>761.8</ele>
   </trkpt>
   <trkpt lat="-26.1352870" lon="-51.1669620">
    <ele>762.1</ele>
   </trkpt>
   <trkpt lat="-26.1352720" lon="-51.1669960">
    <ele>762.3</ele>
   </trkpt>
   <trkpt lat="-26.1352540" lon="-51.1670350">
    <ele>762.5</ele>
   </trkpt>
   <trkpt lat="-26.1352500" lon="-51.1670690">
    <ele>762.7</ele>
   </trkpt>
   <trkpt lat="-26.1352250" lon="-51.1671020">
    <ele>763.0</ele>
   </trkpt>
   <trkpt lat="-26.1352110" lon="-51.1671330">
    <ele>763.2</ele>
   </trkpt>
   <trkpt lat="-26.1351820" lon="-51.1671640">
    <ele>763.4</ele>
   </trkpt>
   <trkpt lat="-26.1351640" lon="-51.1671740">
    <ele>763.6</ele>
   </trkpt>
   <trkpt lat="-26.1351500" lon="-51.1672140">
    <ele>763.8</ele>
   </trkpt>
   <trkpt lat="-26.1351410" lon="-51.1672240">
    <ele>763.9</ele>
   </trkpt>
   <trkpt lat="-26.1351430" lon="-51.1672710">
    <ele>764.3</ele>
   </trkpt>
   <trkpt lat="-26.1351230" lon="-51.1672910">
    <ele>764.5</ele>
   </trkpt>
   <trkpt lat="-26.1351160" lon="-51.1673380">
    <ele>764.9</ele>
   </trkpt>
   <trkpt lat="-26.1351170" lon="-51.1673580">
    <ele>765.1</ele>
   </trkpt>
   <trkpt lat="-26.1350950" lon="-51.1673900">
    <ele>765.5</ele>
   </trkpt>
   <trkpt lat="-26.1350870" lon="-51.1674020">
    <ele>765.7</ele>
   </trkpt>
   <trkpt lat="-26.1350670" lon="-51.1674440">
    <ele>766.2</ele>
   </trkpt>
   <trkpt lat="-26.1350490" lon="-51.1674580">
    <ele>766.4</ele>
   </trkpt>
   <trkpt lat="-26.1350390" lon="-51.1674650">
    <ele>766.5</ele>
   </trkpt>
   <trkpt lat="-26.1350390" lon="-51.1674880">
    <ele>766.8</ele>
   </trkpt>
   <trkpt lat="-26.1350380" lon="-51.1675230">
    <ele>767.1</ele>
   </trkpt>
   <trkpt lat="-26.1350360" lon="-51.1675570">
    <ele>767.4</ele>
   </trkpt>
   <trkpt lat="-26.1350360" lon="-51.1675890">
    <ele>767.7</ele>
   </trkpt>
   <trkpt lat="-26.1350460" lon="-51.1676190">
    <ele>768.0</ele>
   </trkpt>
   <trkpt lat="-26.1350440" lon="-51.1676490">
    <ele>768.2</ele>
   </trkpt>
   <trkpt lat="-26.1350390" lon="-51.1676600">
    <ele>768.4</ele>
   </trkpt>
   <trkpt lat="-26.1350290" lon="-51.1676750">
    <ele>768.5</ele>
   </trkpt>
   <trkpt lat="-26.1350200" lon="-51.1676890">
    <ele>768.7</ele>
   </trkpt>
   <trkpt lat="-26.1350140" lon="-51.1677050">
    <ele>768.8</ele>
   </trkpt>
   <trkpt lat="-26.1350040" lon="-51.1677240">
    <ele>769.0</ele>
   </trkpt>
   <trkpt lat="-26.1350010" lon="-51.1677380">
    <ele>769.1</ele>
   </trkpt>
   <trkpt lat="-26.1349970" lon="-51.1677550">
    <ele>769.2</ele>
   </trkpt>
   <trkpt lat="-26.1349810" lon="-51.1677950">
    <ele>769.6</ele>
   </trkpt>
   <trkpt lat="-26.1349760" lon="-51.1678100">
    <ele>769.7</ele>
   </trkpt>
   <trkpt lat="-26.1349650" lon="-51.1678200">
    <ele>769.8</ele>
   </trkpt>
   <trkpt lat="-26.1349520" lon="-51.1678370">
    <ele>770.0</ele>
   </trkpt>
   <trkpt lat="-26.1349350" lon="-51.1678640">
    <ele>770.2</ele>
   </trkpt>
   <trkpt lat="-26.1349270" lon="-51.1678700">
    <ele>770.3</ele>
   </trkpt>
   <trkpt lat="-26.1349130" lon="-51.1679030">
    <ele>770.5</ele>
   </trkpt>
   <trkpt lat="-26.1349140" lon="-51.1679120">
    <ele>770.6</ele>
   </trkpt>
   <trkpt lat="-26.1349140" lon="-51.1679210">
    <ele>770.6</ele>
   </trkpt>
   <trkpt lat="-26.1348840" lon="-51.1679530">
    <ele>770.9</ele>
   </trkpt>
   <trkpt lat="-26.1348610" lon="-51.1679700">
    <ele>771.1</ele>
   </trkpt>
   <trkpt lat="-26.1348540" lon="-51.1679850">
    <ele>771.2</ele>
   </trkpt>
   <trkpt lat="-26.1348340" lon="-51.1680140">
    <ele>771.3</ele>
   </trkpt>
   <trkpt lat="-26.1348250" lon="-51.1680200">
    <ele>771.4</ele>
   </trkpt>
   <trkpt lat="-26.1348030" lon="-51.1680420">
    <ele>771.5</ele>
   </trkpt>
   <trkpt lat="-26.1347900" lon="-51.1680500">
    <ele>771.6</ele>
   </trkpt>
   <trkpt lat="-26.1347830" lon="-51.1680830">
    <ele>771.7</ele>
   </trkpt>
   <trkpt lat="-26.1347840" lon="-51.1681010">
    <ele>771.8</ele>
   </trkpt>
   <trkpt lat="-26.1347520" lon="-51.1681240">
    <ele>771.9</ele>
   </trkpt>
   <trkpt lat="-26.1347330" lon="-51.1681360">
    <ele>772.0</ele>
   </trkpt>
   <trkpt lat="-26.1347090" lon="-51.1681480">
    <ele>772.1</ele>
   </trkpt>
   <trkpt lat="-26.1346960" lon="-51.1681530">
    <ele>772.1</ele>
   </trkpt>
   <trkpt lat="-26.1346740" lon="-51.1681790">
    <ele>772.2</ele>
   </trkpt>
   <trkpt lat="-26.1346660" lon="-51.1681840">
    <ele>772.3</ele>
   </trkpt>
   <trkpt lat="-26.1346590" lon="-51.1682250">
    <ele>772.4</ele>
   </trkpt>
   <trkpt lat="-26.1346450" lon="-51.1682750">
    <ele>772.7</ele>
   </trkpt>
   <trkpt lat="-26.1346450" lon="-51.1683040">
    <ele>772.8</ele>
   </trkpt>
   <trkpt lat="-26.1346360" lon="-51.1683340">
    <ele>773.0</ele>
   </trkpt>
   <trkpt lat="-26.1346210" lon="-51.1683690">
    <ele>773.2</ele>
   </trkpt>
   <trkpt lat="-26.1346090" lon="-51.1684040">
    <ele>773.4</ele>
   </trkpt>
   <trkpt lat="-26.1345710" lon="-51.1684180">
    <ele>773.6</ele>
   </trkpt>
   <trkpt lat="-26.1345570" lon="-51.1684440">
    <ele>773.8</ele>
   </trkpt>
   <trkpt lat="-26.1345460" lon="-51.1684480">
    <ele>773.9</ele>
   </trkpt>
   <trkpt lat="-26.1345200" lon="-51.1684590">
    <ele>774.0</ele>
   </trkpt>
   <trkpt lat="-26.1345110" lon="-51.1684620">
    <ele>774.1</ele>
   </trkpt>
   <trkpt lat="-26.1345130" lon="-51.1684970">
    <ele>774.3</ele>
   </trkpt>
   <trkpt lat="-26.1344970" lon="-51.1685300">
    <ele>774.5</ele>
   </trkpt>
   <trkpt lat="-26.1344830" lon="-51.1685590">
    <ele>774.7</ele>
   </trkpt>
   <trkpt lat="-26.1344750" lon="-51.1685660">
    <ele>774.8</ele>
   </trkpt>
   <trkpt lat="-26.1344540" lon="-51.1685890">
    <ele>775.1</ele>
   </trkpt>
   <trkpt lat="-26.1344360" lon="-51.1686170">
    <ele>775.3</ele>
   </trkpt>
   <trkpt lat="-26.1344130" lon="-51.1686440">
    <ele>775.6</ele>
   </trkpt>
   <trkpt lat="-26.1344090" lon="-51.1686510">
    <ele>775.7</ele>
   </trkpt>
   <trkpt lat="-26.1343910" lon="-51.1686820">
    <ele>776.0</ele>
   </trkpt>
   <trkpt lat="-26.1343810" lon="-51.1686940">
    <ele>776.1</ele>
   </trkpt>
   <trkpt lat="-26.1343730" lon="-51.1687020">
    <ele>776.2</ele>
   </trkpt>
   <trkpt lat="-26.1343530" lon="-51.1687120">
    <ele>776.4</ele>
   </trkpt>
   <trkpt lat="-26.1343330" lon="-51.1687470">
    <ele>776.8</ele>
   </trkpt>
   <trkpt lat="-26.1343230" lon="-51.1687600">
    <ele>776.9</ele>
   </trkpt>
   <trkpt lat="-26.1343000" lon="-51.1687680">
    <ele>777.2</ele>
   </trkpt>
   <trkpt lat="-26.1342770" lon="-51.1687730">
    <ele>777.4</ele>
   </trkpt>
   <trkpt lat="-26.1342800" lon="-51.1688160">
    <ele>777.8</ele>
   </trkpt>
   <trkpt lat="-26.1343010" lon="-51.1688370">
    <ele>778.1</ele>
   </trkpt>
   <trkpt lat="-26.1342870" lon="-51.1688630">
    <ele>778.3</ele>
   </trkpt>
   <trkpt lat="-26.1342820" lon="-51.1688740">
    <ele>778.4</ele>
   </trkpt>
   <trkpt lat="-26.1342650" lon="-51.1689070">
    <ele>778.8</ele>
   </trkpt>
   <trkpt lat="-26.1342540" lon="-51.1689150">
    <ele>778.9</ele>
   </trkpt>
   <trkpt lat="-26.1342580" lon="-51.1689490">
    <ele>779.2</ele>
   </trkpt>
   <trkpt lat="-26.1342550" lon="-51.1689650">
    <ele>779.3</ele>
   </trkpt>
   <trkpt lat="-26.1342360" lon="-51.1689870">
    <ele>779.5</ele>
   </trkpt>
   <trkpt lat="-26.1342250" lon="-51.1689920">
    <ele>779.6</ele>
   </trkpt>
   <trkpt lat="-26.1341930" lon="-51.1690110">
    <ele>780.0</ele>
   </trkpt>
   <trkpt lat="-26.1341840" lon="-51.1690180">
    <ele>780.1</ele>
   </trkpt>
   <trkpt lat="-26.1341740" lon="-51.1690320">
    <ele>780.2</ele>
   </trkpt>
   <trkpt lat="-26.1341630" lon="-51.1690430">
    <ele>780.3</ele>
   </trkpt>
   <trkpt lat="-26.1341520" lon="-51.1690540">
    <ele>780.4</ele>
   </trkpt>
   <trkpt lat="-26.1341350" lon="-51.1690830">
    <ele>780.7</ele>
   </trkpt>
   <trkpt lat="-26.1341280" lon="-51.1690890">
    <ele>780.7</ele>
   </trkpt>
   <trkpt lat="-26.1341080" lon="-51.1691180">
    <ele>781.0</ele>
   </trkpt>
   <trkpt lat="-26.1341010" lon="-51.1691290">
    <ele>781.1</ele>
   </trkpt>
   <trkpt lat="-26.1340980" lon="-51.1691430">
    <ele>781.2</ele>
   </trkpt>
   <trkpt lat="-26.1340960" lon="-51.1691580">
    <ele>781.3</ele>
   </trkpt>
   <trkpt lat="-26.1340750" lon="-51.1691790">
    <ele>781.5</ele>
   </trkpt>
   <trkpt lat="-26.1340680" lon="-51.1691850">
    <ele>781.6</ele>
   </trkpt>
   <trkpt lat="-26.1340460" lon="-51.1692140">
    <ele>781.8</ele>
   </trkpt>
   <trkpt lat="-26.1340390" lon="-51.1692240">
    <ele>781.9</ele>
   </trkpt>
   <trkpt lat="-26.1340050" lon="-51.1692410">
    <ele>782.1</ele>
   </trkpt>
   <trkpt lat="-26.1339940" lon="-51.1692480">
    <ele>782.2</ele>
   </trkpt>
   <trkpt lat="-26.1339750" lon="-51.1692740">
    <ele>782.4</ele>
   </trkpt>
   <trkpt lat="-26.1339660" lon="-51.1692840">
    <ele>782.5</ele>
   </trkpt>
   <trkpt lat="-26.1339750" lon="-51.1693310">
    <ele>782.8</ele>
   </trkpt>
   <trkpt lat="-26.1339430" lon="-51.1693470">
    <ele>783.1</ele>
   </trkpt>
   <trkpt lat="-26.1339200" lon="-51.1693780">
    <ele>783.3</ele>
   </trkpt>
   <trkpt lat="-26.1339150" lon="-51.1693940">
    <ele>783.3</ele>
   </trkpt>
   <trkpt lat="-26.1338980" lon="-51.1694210">
    <ele>783.5</ele>
   </trkpt>
   <trkpt lat="-26.1338760" lon="-51.1694480">
    <ele>783.7</ele>
   </trkpt>
   <trkpt lat="-26.1338690" lon="-51.1694540">
    <ele>783.7</ele>
   </trkpt>
   <trkpt lat="-26.1338460" lon="-51.1694710">
    <ele>783.9</ele>
   </trkpt>
   <trkpt lat="-26.1338350" lon="-51.1694750">
    <ele>783.9</ele>
   </trkpt>
   <trkpt lat="-26.1338320" lon="-51.1695120">
    <ele>784.1</ele>
   </trkpt>
   <trkpt lat="-26.1338300" lon="-51.1695240">
    <ele>784.2</ele>
   </trkpt>
   <trkpt lat="-26.1338310" lon="-51.1695550">
    <ele>784.3</ele>
   </trkpt>
   <trkpt lat="-26.1338230" lon="-51.1695870">
    <ele>784.4</ele>
   </trkpt>
   <trkpt lat="-26.1338090" lon="-51.1695980">
    <ele>784.5</ele>
   </trkpt>
   <trkpt lat="-26.1338030" lon="-51.1696180">
    <ele>784.6</ele>
   </trkpt>
   <trkpt lat="-26.1337820" lon="-51.1696430">
    <ele>784.8</ele>
   </trkpt>
   <trkpt lat="-26.1337740" lon="-51.1696540">
    <ele>784.9</ele>
   </trkpt>
   <trkpt lat="-26.1337670" lon="-51.1696810">
    <ele>785.0</ele>
   </trkpt>
   <trkpt lat="-26.1337560" lon="-51.1696970">
    <ele>785.1</ele>
   </trkpt>
   <trkpt lat="-26.1337250" lon="-51.1696990">
    <ele>785.3</ele>
   </trkpt>
   <trkpt lat="-26.1337010" lon="-51.1697290">
    <ele>785.5</ele>
   </trkpt>
   <trkpt lat="-26.1336780" lon="-51.1697510">
    <ele>785.7</ele>
   </trkpt>
   <trkpt lat="-26.1336690" lon="-51.1697620">
    <ele>785.8</ele>
   </trkpt>
   <trkpt lat="-26.1336670" lon="-51.1698040">
    <ele>786.0</ele>
   </trkpt>
   <trkpt lat="-26.1336640" lon="-51.1698160">
    <ele>786.1</ele>
   </trkpt>
   <trkpt lat="-26.1336400" lon="-51.1698490">
    <ele>786.3</ele>
   </trkpt>
   <trkpt lat="-26.1336190" lon="-51.1698830">
    <ele>786.5</ele>
   </trkpt>
   <trkpt lat="-26.1335880" lon="-51.1699050">
    <ele>786.8</ele>
   </trkpt>
   <trkpt lat="-26.1335870" lon="-51.1699250">
    <ele>786.9</ele>
   </trkpt>
   <trkpt lat="-26.1335880" lon="-51.1699430">
    <ele>787.0</ele>
   </trkpt>
   <trkpt lat="-26.1335880" lon="-51.1699600">
    <ele>787.1</ele>
   </trkpt>
   <trkpt lat="-26.1335660" lon="-51.1699880">
    <ele>787.3</ele>
   </trkpt>
   <trkpt lat="-26.1335600" lon="-51.1699950">
    <ele>787.4</ele>
   </trkpt>
   <trkpt lat="-26.1335510" lon="-51.1700360">
    <ele>787.6</ele>
   </trkpt>
   <trkpt lat="-26.1335290" lon="-51.1700600">
    <ele>787.9</ele>
   </trkpt>
   <trkpt lat="-26.1335240" lon="-51.1700770">
    <ele>788.0</ele>
   </trkpt>
   <trkpt lat="-26.1335100" lon="-51.1701200">
    <ele>788.3</ele>
   </trkpt>
   <trkpt lat="-26.1334960" lon="-51.1701560">
    <ele>788.6</ele>
   </trkpt>
   <trkpt lat="-26.1334850" lon="-51.1701940">
    <ele>788.8</ele>
   </trkpt>
   <trkpt lat="-26.1334800" lon="-51.1702050">
    <ele>788.9</ele>
   </trkpt>
   <trkpt lat="-26.1334600" lon="-51.1702390">
    <ele>789.2</ele>
   </trkpt>
   <trkpt lat="-26.1334530" lon="-51.1702470">
    <ele>789.3</ele>
   </trkpt>
   <trkpt lat="-26.1334300" lon="-51.1702660">
    <ele>789.5</ele>
   </trkpt>
   <trkpt lat="-26.1334030" lon="-51.1702760">
    <ele>789.7</ele>
   </trkpt>
   <trkpt lat="-26.1333960" lon="-51.1703160">
    <ele>790.0</ele>
   </trkpt>
   <trkpt lat="-26.1333790" lon="-51.1703410">
    <ele>790.3</ele>
   </trkpt>
   <trkpt lat="-26.1333590" lon="-51.1703730">
    <ele>790.6</ele>
   </trkpt>
   <trkpt lat="-26.1333500" lon="-51.1703890">
    <ele>790.7</ele>
   </trkpt>
   <trkpt lat="-26.1333290" lon="-51.1704160">
    <ele>791.0</ele>
   </trkpt>
   <trkpt lat="-26.1333290" lon="-51.1704280">
    <ele>791.1</ele>
   </trkpt>
   <trkpt lat="-26.1332970" lon="-51.1704380">
    <ele>791.4</ele>
   </trkpt>
   <trkpt lat="-26.1332730" lon="-51.1704650">
    <ele>791.7</ele>
   </trkpt>
   <trkpt lat="-26.1332480" lon="-51.1704900">
    <ele>791.9</ele>
   </trkpt>
   <trkpt lat="-26.1332370" lon="-51.1704960">
    <ele>792.0</ele>
   </trkpt>
   <trkpt lat="-26.1332210" lon="-51.1705310">
    <ele>792.3</ele>
   </trkpt>
   <trkpt lat="-26.1332070" lon="-51.1705450">
    <ele>792.4</ele>
   </trkpt>
   <trkpt lat="-26.1331990" lon="-51.1705610">
    <ele>792.5</ele>
   </trkpt>
   <trkpt lat="-26.1331900" lon="-51.1705740">
    <ele>792.6</ele>
   </trkpt>
   <trkpt lat="-26.1331690" lon="-51.1705930">
    <ele>792.8</ele>
   </trkpt>
   <trkpt lat="-26.1331610" lon="-51.1706020">
    <ele>792.9</ele>
   </trkpt>
   <trkpt lat="-26.1331340" lon="-51.1706340">
    <ele>793.1</ele>
   </trkpt>
   <trkpt lat="-26.1331260" lon="-51.1706480">
    <ele>793.2</ele>
   </trkpt>
   <trkpt lat="-26.1331050" lon="-51.1706630">
    <ele>793.4</ele>
   </trkpt>
   <trkpt lat="-26.1330940" lon="-51.1706710">
    <ele>793.5</ele>
   </trkpt>
   <trkpt lat="-26.1330690" lon="-51.1706960">
    <ele>793.7</ele>
   </trkpt>
   <trkpt lat="-26.1330620" lon="-51.1707040">
    <ele>793.8</ele>
   </trkpt>
   <trkpt lat="-26.1330450" lon="-51.1707170">
    <ele>793.9</ele>
   </trkpt>
   <trkpt lat="-26.1330310" lon="-51.1707260">
    <ele>794.0</ele>
   </trkpt>
   <trkpt lat="-26.1330090" lon="-51.1707530">
    <ele>794.2</ele>
   </trkpt>
   <trkpt lat="-26.1329970" lon="-51.1707620">
    <ele>794.2</ele>
   </trkpt>
   <trkpt lat="-26.1329800" lon="-51.1707920">
    <ele>794.4</ele>
   </trkpt>
   <trkpt lat="-26.1329750" lon="-51.1708100">
    <ele>794.5</ele>
   </trkpt>
   <trkpt lat="-26.1329430" lon="-51.1708280">
    <ele>794.7</ele>
   </trkpt>
   <trkpt lat="-26.1329300" lon="-51.1708380">
    <ele>794.8</ele>
   </trkpt>
   <trkpt lat="-26.1329140" lon="-51.1708600">
    <ele>795.0</ele>
   </trkpt>
   <trkpt lat="-26.1329050" lon="-51.1708700">
    <ele>795.0</ele>
   </trkpt>
   <trkpt lat="-26.1328780" lon="-51.1709120">
    <ele>795.3</ele>
   </trkpt>
   <trkpt lat="-26.1328610" lon="-51.1709270">
    <ele>795.4</ele>
   </trkpt>
   <trkpt lat="-26.1328460" lon="-51.1709530">
    <ele>795.5</ele>
   </trkpt>
   <trkpt lat="-26.1328130" lon="-51.1709620">
    <ele>795.6</ele>
   </trkpt>
   <trkpt lat="-26.1327840" lon="-51.1709910">
    <ele>795.8</ele>
   </trkpt>
   <trkpt lat="-26.1327620" lon="-51.1710360">
    <ele>795.9</ele>
   </trkpt>
   <trkpt lat="-26.1327260" lon="-51.1710560">
    <ele>796.0</ele>
   </trkpt>
   <trkpt lat="-26.1326830" lon="-51.1710770">
    <ele>796.0</ele>
   </trkpt>
   <trkpt lat="-26.1326900" lon="-51.1710950">
    <ele>796.0</ele>
   </trkpt>
   <trkpt lat="-26.1326690" lon="-51.1711050">
    <ele>796.1</ele>
   </trkpt>
   <trkpt lat="-26.1326520" lon="-51.1711340">
    <ele>796.1</ele>
   </trkpt>
   <trkpt lat="-26.1326400" lon="-51.1711430">
    <ele>796.1</ele>
   </trkpt>
   <trkpt lat="-26.1326100" lon="-51.1711610">
    <ele>796.1</ele>
   </trkpt>
   <trkpt lat="-26.1325910" lon="-51.1711730">
    <ele>796.1</ele>
   </trkpt>
   <trkpt lat="-26.1325700" lon="-51.1711830">
    <ele>796.1</ele>
   </trkpt>
   <trkpt lat="-26.1325480" lon="-51.1711930">
    <ele>796.0</ele>
   </trkpt>
   <trkpt lat="-26.1325060" lon="-51.1712020">
    <ele>796.0</ele>
   </trkpt>
   <trkpt lat="-26.1324880" lon="-51.1712100">
    <ele>796.0</ele>
   </trkpt>
   <trkpt lat="-26.1324410" lon="-51.1712300">
    <ele>795.9</ele>
   </trkpt>
   <trkpt lat="-26.1324390" lon="-51.1712750">
    <ele>795.8</ele>
   </trkpt>
   <trkpt lat="-26.1324120" lon="-51.1713240">
    <ele>795.6</ele>
   </trkpt>
   <trkpt lat="-26.1323790" lon="-51.1713510">
    <ele>795.5</ele>
   </trkpt>
   <trkpt lat="-26.1323560" lon="-51.1713800">
    <ele>795.4</ele>
   </trkpt>
   <trkpt lat="-26.1323600" lon="-51.1713940">
    <ele>795.3</ele>
   </trkpt>
   <trkpt lat="-26.1323380" lon="-51.1714120">
    <ele>795.2</ele>
   </trkpt>
   <trkpt lat="-26.1323000" lon="-51.1714320">
    <ele>795.0</ele>
   </trkpt>
   <trkpt lat="-26.1322590" lon="-51.1714430">
    <ele>794.8</ele>
   </trkpt>
   <trkpt lat="-26.1322440" lon="-51.1714540">
    <ele>794.7</ele>
   </trkpt>
   <trkpt lat="-26.1321960" lon="-51.1714790">
    <ele>794.4</ele>
   </trkpt>
   <trkpt lat="-26.1321260" lon="-51.1715450">
    <ele>793.8</ele>
   </trkpt>
   <trkpt lat="-26.1320540" lon="-51.1716500">
    <ele>793.1</ele>
   </trkpt>
   <trkpt lat="-26.1319950" lon="-51.1717250">
    <ele>792.6</ele>
   </trkpt>
   <trkpt lat="-26.1319350" lon="-51.1717860">
    <ele>792.2</ele>
   </trkpt>
   <trkpt lat="-26.1318590" lon="-51.1718520">
    <ele>791.8</ele>
   </trkpt>
   <trkpt lat="-26.1317880" lon="-51.1719160">
    <ele>791.3</ele>
   </trkpt>
   <trkpt lat="-26.1317340" lon="-51.1719940">
    <ele>790.7</ele>
   </trkpt>
   <trkpt lat="-26.1316800" lon="-51.1720510">
    <ele>790.2</ele>
   </trkpt>
   <trkpt lat="-26.1316350" lon="-51.1721040">
    <ele>789.8</ele>
   </trkpt>
   <trkpt lat="-26.1315930" lon="-51.1721570">
    <ele>789.5</ele>
   </trkpt>
   <trkpt lat="-26.1315330" lon="-51.1722140">
    <ele>789.1</ele>
   </trkpt>
   <trkpt lat="-26.1314720" lon="-51.1722870">
    <ele>788.8</ele>
   </trkpt>
   <trkpt lat="-26.1314070" lon="-51.1723450">
    <ele>788.6</ele>
   </trkpt>
   <trkpt lat="-26.1313590" lon="-51.1724070">
    <ele>788.3</ele>
   </trkpt>
   <trkpt lat="-26.1313330" lon="-51.1724690">
    <ele>788.1</ele>
   </trkpt>
   <trkpt lat="-26.1313040" lon="-51.1725350">
    <ele>787.8</ele>
   </trkpt>
   <trkpt lat="-26.1312720" lon="-51.1725930">
    <ele>787.5</ele>
   </trkpt>
   <trkpt lat="-26.1312700" lon="-51.1726590">
    <ele>787.3</ele>
   </trkpt>
   <trkpt lat="-26.1312420" lon="-51.1727340">
    <ele>787.0</ele>
   </trkpt>
   <trkpt lat="-26.1312190" lon="-51.1728030">
    <ele>786.8</ele>
   </trkpt>
   <trkpt lat="-26.1312170" lon="-51.1728830">
    <ele>786.6</ele>
   </trkpt>
   <trkpt lat="-26.1312530" lon="-51.1729880">
    <ele>786.4</ele>
   </trkpt>
   <trkpt lat="-26.1312620" lon="-51.1730530">
    <ele>786.3</ele>
   </trkpt>
   <trkpt lat="-26.1312530" lon="-51.1731290">
    <ele>786.1</ele>
   </trkpt>
   <trkpt lat="-26.1312940" lon="-51.1732120">
    <ele>786.0</ele>
   </trkpt>
   <trkpt lat="-26.1313310" lon="-51.1733940">
    <ele>785.6</ele>
   </trkpt>
   <trkpt lat="-26.1313400" lon="-51.1735060">
    <ele>785.4</ele>
   </trkpt>
   <trkpt lat="-26.1313430" lon="-51.1736030">
    <ele>785.1</ele>
   </trkpt>
   <trkpt lat="-26.1313350" lon="-51.1736860">
    <ele>785.0</ele>
   </trkpt>
   <trkpt lat="-26.1313250" lon="-51.1737730">
    <ele>784.8</ele>
   </trkpt>
   <trkpt lat="-26.1313110" lon="-51.1738610">
    <ele>784.6</ele>
   </trkpt>
   <trkpt lat="-26.1313020" lon="-51.1739500">
    <ele>784.4</ele>
   </trkpt>
   <trkpt lat="-26.1313010" lon="-51.1740660">
    <ele>784.1</ele>
   </trkpt>
   <trkpt lat="-26.1312910" lon="-51.1741620">
    <ele>783.9</ele>
   </trkpt>
   <trkpt lat="-26.1312850" lon="-51.1742430">
    <ele>783.6</ele>
   </trkpt>
   <trkpt lat="-26.1312680" lon="-51.1743160">
    <ele>783.3</ele>
   </trkpt>
   <trkpt lat="-26.1312510" lon="-51.1743990">
    <ele>783.0</ele>
   </trkpt>
   <trkpt lat="-26.1312270" lon="-51.1744770">
    <ele>782.8</ele>
   </trkpt>
   <trkpt lat="-26.1312040" lon="-51.1745440">
    <ele>782.6</ele>
   </trkpt>
   <trkpt lat="-26.1311570" lon="-51.1746230">
    <ele>782.3</ele>
   </trkpt>
   <trkpt lat="-26.1311170" lon="-51.1747020">
    <ele>782.0</ele>
   </trkpt>
   <trkpt lat="-26.1310780" lon="-51.1747790">
    <ele>782.0</ele>
   </trkpt>
   <trkpt lat="-26.1310530" lon="-51.1748570">
    <ele>781.9</ele>
   </trkpt>
   <trkpt lat="-26.1310470" lon="-51.1749380">
    <ele>781.7</ele>
   </trkpt>
   <trkpt lat="-26.1310210" lon="-51.1750230">
    <ele>781.5</ele>
   </trkpt>
   <trkpt lat="-26.1310060" lon="-51.1751100">
    <ele>781.3</ele>
   </trkpt>
   <trkpt lat="-26.1309630" lon="-51.1751770">
    <ele>781.2</ele>
   </trkpt>
   <trkpt lat="-26.1309360" lon="-51.1752770">
    <ele>781.0</ele>
   </trkpt>
   <trkpt lat="-26.1308950" lon="-51.1753470">
    <ele>780.9</ele>
   </trkpt>
   <trkpt lat="-26.1308470" lon="-51.1754120">
    <ele>780.8</ele>
   </trkpt>
   <trkpt lat="-26.1307970" lon="-51.1754640">
    <ele>780.6</ele>
   </trkpt>
   <trkpt lat="-26.1307500" lon="-51.1755190">
    <ele>780.6</ele>
   </trkpt>
   <trkpt lat="-26.1307060" lon="-51.1755600">
    <ele>780.5</ele>
   </trkpt>
   <trkpt lat="-26.1306030" lon="-51.1755400">
    <ele>780.3</ele>
   </trkpt>
   <trkpt lat="-26.1305480" lon="-51.1755770">
    <ele>780.3</ele>
   </trkpt>
   <trkpt lat="-26.1304720" lon="-51.1755850">
    <ele>780.1</ele>
   </trkpt>
   <trkpt lat="-26.1304170" lon="-51.1755990">
    <ele>780.0</ele>
   </trkpt>
   <trkpt lat="-26.1303550" lon="-51.1756150">
    <ele>779.9</ele>
   </trkpt>
   <trkpt lat="-26.1302960" lon="-51.1756320">
    <ele>779.8</ele>
   </trkpt>
   <trkpt lat="-26.1302320" lon="-51.1756230">
    <ele>779.6</ele>
   </trkpt>
   <trkpt lat="-26.1301480" lon="-51.1756230">
    <ele>779.5</ele>
   </trkpt>
   <trkpt lat="-26.1300850" lon="-51.1756270">
    <ele>779.3</ele>
   </trkpt>
   <trkpt lat="-26.1299990" lon="-51.1756070">
    <ele>779.2</ele>
   </trkpt>
   <trkpt lat="-26.1299290" lon="-51.1755960">
    <ele>779.1</ele>
   </trkpt>
   <trkpt lat="-26.1298620" lon="-51.1755930">
    <ele>779.0</ele>
   </trkpt>
   <trkpt lat="-26.1297930" lon="-51.1755970">
    <ele>778.8</ele>
   </trkpt>
   <trkpt lat="-26.1297200" lon="-51.1755950">
    <ele>778.7</ele>
   </trkpt>
   <trkpt lat="-26.1296500" lon="-51.1756130">
    <ele>778.7</ele>
   </trkpt>
   <trkpt lat="-26.1295960" lon="-51.1756410">
    <ele>778.7</ele>
   </trkpt>
   <trkpt lat="-26.1295240" lon="-51.1756790">
    <ele>778.7</ele>
   </trkpt>
   <trkpt lat="-26.1294510" lon="-51.1757100">
    <ele>778.6</ele>
   </trkpt>
   <trkpt lat="-26.1294040" lon="-51.1757570">
    <ele>778.6</ele>
   </trkpt>
   <trkpt lat="-26.1293630" lon="-51.1758130">
    <ele>778.6</ele>
   </trkpt>
   <trkpt lat="-26.1293320" lon="-51.1758720">
    <ele>778.5</ele>
   </trkpt>
   <trkpt lat="-26.1292960" lon="-51.1759310">
    <ele>778.5</ele>
   </trkpt>
   <trkpt lat="-26.1292490" lon="-51.1759860">
    <ele>778.4</ele>
   </trkpt>
   <trkpt lat="-26.1292110" lon="-51.1760380">
    <ele>778.3</ele>
   </trkpt>
   <trkpt lat="-26.1292280" lon="-51.1761310">
    <ele>778.3</ele>
   </trkpt>
   <trkpt lat="-26.1292170" lon="-51.1762070">
    <ele>778.3</ele>
   </trkpt>
   <trkpt lat="-26.1291910" lon="-51.1762670">
    <ele>778.3</ele>
   </trkpt>
   <trkpt lat="-26.1291820" lon="-51.1763250">
    <ele>778.3</ele>
   </trkpt>
   <trkpt lat="-26.1291400" lon="-51.1763740">
    <ele>778.3</ele>
   </trkpt>
   <trkpt lat="-26.1291260" lon="-51.1764650">
    <ele>778.2</ele>
   </trkpt>
   <trkpt lat="-26.1290970" lon="-51.1765160">
    <ele>778.1</ele>
   </trkpt>
   <trkpt lat="-26.1290780" lon="-51.1765760">
    <ele>778.1</ele>
   </trkpt>
   <trkpt lat="-26.1290600" lon="-51.1766390">
    <ele>778.1</ele>
   </trkpt>
   <trkpt lat="-26.1290330" lon="-51.1766830">
    <ele>778.0</ele>
   </trkpt>
   <trkpt lat="-26.1290060" lon="-51.1767490">
    <ele>778.0</ele>
   </trkpt>
   <trkpt lat="-26.1289670" lon="-51.1768230">
    <ele>777.9</ele>
   </trkpt>
   <trkpt lat="-26.1289470" lon="-51.1768920">
    <ele>777.9</ele>
   </trkpt>
   <trkpt lat="-26.1289290" lon="-51.1769630">
    <ele>777.8</ele>
   </trkpt>
   <trkpt lat="-26.1289100" lon="-51.1770340">
    <ele>777.7</ele>
   </trkpt>
   <trkpt lat="-26.1288340" lon="-51.1770880">
    <ele>777.5</ele>
   </trkpt>
   <trkpt lat="-26.1288000" lon="-51.1771400">
    <ele>777.5</ele>
   </trkpt>
   <trkpt lat="-26.1287560" lon="-51.1771920">
    <ele>777.4</ele>
   </trkpt>
   <trkpt lat="-26.1287050" lon="-51.1772210">
    <ele>777.4</ele>
   </trkpt>
   <trkpt lat="-26.1286460" lon="-51.1772500">
    <ele>777.4</ele>
   </trkpt>
   <trkpt lat="-26.1286020" lon="-51.1772860">
    <ele>777.4</ele>
   </trkpt>
   <trkpt lat="-26.1285450" lon="-51.1773180">
    <ele>777.4</ele>
   </trkpt>
   <trkpt lat="-26.1284860" lon="-51.1773340">
    <ele>777.4</ele>
   </trkpt>
   <trkpt lat="-26.1284270" lon="-51.1773480">
    <ele>777.3</ele>
   </trkpt>
   <trkpt lat="-26.1283740" lon="-51.1773630">
    <ele>777.3</ele>
   </trkpt>
   <trkpt lat="-26.1283210" lon="-51.1773950">
    <ele>777.3</ele>
   </trkpt>
   <trkpt lat="-26.1282500" lon="-51.1774200">
    <ele>777.3</ele>
   </trkpt>
   <trkpt lat="-26.1281830" lon="-51.1774380">
    <ele>777.3</ele>
   </trkpt>
   <trkpt lat="-26.1281230" lon="-51.1774690">
    <ele>777.2</ele>
   </trkpt>
   <trkpt lat="-26.1280790" lon="-51.1774920">
    <ele>777.1</ele>
   </trkpt>
   <trkpt lat="-26.1280250" lon="-51.1775320">
    <ele>777.0</ele>
   </trkpt>
   <trkpt lat="-26.1279770" lon="-51.1775750">
    <ele>776.8</ele>
   </trkpt>
   <trkpt lat="-26.1279340" lon="-51.1776220">
    <ele>776.6</ele>
   </trkpt>
   <trkpt lat="-26.1278880" lon="-51.1776900">
    <ele>776.3</ele>
   </trkpt>
   <trkpt lat="-26.1279010" lon="-51.1777940">
    <ele>775.8</ele>
   </trkpt>
   <trkpt lat="-26.1278920" lon="-51.1778740">
    <ele>775.3</ele>
   </trkpt>
   <trkpt lat="-26.1279010" lon="-51.1779730">
    <ele>774.7</ele>
   </trkpt>
   <trkpt lat="-26.1279010" lon="-51.1780470">
    <ele>774.3</ele>
   </trkpt>
   <trkpt lat="-26.1278920" lon="-51.1781270">
    <ele>774.0</ele>
   </trkpt>
   <trkpt lat="-26.1278890" lon="-51.1782070">
    <ele>773.7</ele>
   </trkpt>
   <trkpt lat="-26.1278760" lon="-51.1782950">
    <ele>773.4</ele>
   </trkpt>
   <trkpt lat="-26.1278730" lon="-51.1783850">
    <ele>772.9</ele>
   </trkpt>
   <trkpt lat="-26.1278590" lon="-51.1784730">
    <ele>772.5</ele>
   </trkpt>
   <trkpt lat="-26.1278430" lon="-51.1785610">
    <ele>772.1</ele>
   </trkpt>
   <trkpt lat="-26.1278210" lon="-51.1786370">
    <ele>771.8</ele>
   </trkpt>
   <trkpt lat="-26.1277960" lon="-51.1787070">
    <ele>771.6</ele>
   </trkpt>
   <trkpt lat="-26.1277510" lon="-51.1788090">
    <ele>771.3</ele>
   </trkpt>
   <trkpt lat="-26.1277160" lon="-51.1788790">
    <ele>771.1</ele>
   </trkpt>
   <trkpt lat="-26.1276700" lon="-51.1789430">
    <ele>771.0</ele>
   </trkpt>
   <trkpt lat="-26.1276270" lon="-51.1790110">
    <ele>770.9</ele>
   </trkpt>
   <trkpt lat="-26.1275610" lon="-51.1790330">
    <ele>770.8</ele>
   </trkpt>
   <trkpt lat="-26.1275370" lon="-51.1791020">
    <ele>770.7</ele>
   </trkpt>
   <trkpt lat="-26.1274850" lon="-51.1791370">
    <ele>770.6</ele>
   </trkpt>
   <trkpt lat="-26.1274350" lon="-51.1791480">
    <ele>770.6</ele>
   </trkpt>
   <trkpt lat="-26.1273900" lon="-51.1791820">
    <ele>770.5</ele>
   </trkpt>
   <trkpt lat="-26.1273030" lon="-51.1791660">
    <ele>770.4</ele>
   </trkpt>
   <trkpt lat="-26.1272320" lon="-51.1791940">
    <ele>770.3</ele>
   </trkpt>
   <trkpt lat="-26.1271840" lon="-51.1792650">
    <ele>770.2</ele>
   </trkpt>
   <trkpt lat="-26.1271350" lon="-51.1793160">
    <ele>770.1</ele>
   </trkpt>
   <trkpt lat="-26.1270890" lon="-51.1793490">
    <ele>770.1</ele>
   </trkpt>
   <trkpt lat="-26.1270600" lon="-51.1794080">
    <ele>770.0</ele>
   </trkpt>
   <trkpt lat="-26.1269870" lon="-51.1794520">
    <ele>770.0</ele>
   </trkpt>
   <trkpt lat="-26.1269180" lon="-51.1795030">
    <ele>769.8</ele>
   </trkpt>
   <trkpt lat="-26.1268000" lon="-51.1794440">
    <ele>769.5</ele>
   </trkpt>
   <trkpt lat="-26.1267490" lon="-51.1794970">
    <ele>769.3</ele>
   </trkpt>
   <trkpt lat="-26.1267040" lon="-51.1795760">
    <ele>769.1</ele>
   </trkpt>
   <trkpt lat="-26.1266430" lon="-51.1796410">
    <ele>768.9</ele>
   </trkpt>
   <trkpt lat="-26.1266200" lon="-51.1797270">
    <ele>768.7</ele>
   </trkpt>
   <trkpt lat="-26.1266000" lon="-51.1798330">
    <ele>768.5</ele>
   </trkpt>
   <trkpt lat="-26.1265510" lon="-51.1798870">
    <ele>768.2</ele>
   </trkpt>
   <trkpt lat="-26.1265360" lon="-51.1799580">
    <ele>767.9</ele>
   </trkpt>
   <trkpt lat="-26.1265130" lon="-51.1800310">
    <ele>767.7</ele>
   </trkpt>
   <trkpt lat="-26.1264860" lon="-51.1801340">
    <ele>767.6</ele>
   </trkpt>
   <trkpt lat="-26.1264550" lon="-51.1802270">
    <ele>767.7</ele>
   </trkpt>
   <trkpt lat="-26.1264420" lon="-51.1803090">
    <ele>767.5</ele>
   </trkpt>
   <trkpt lat="-26.1264030" lon="-51.1803680">
    <ele>767.4</ele>
   </trkpt>
   <trkpt lat="-26.1263680" lon="-51.1804270">
    <ele>767.2</ele>
   </trkpt>
   <trkpt lat="-26.1263170" lon="-51.1804980">
    <ele>767.0</ele>
   </trkpt>
   <trkpt lat="-26.1262740" lon="-51.1806310">
    <ele>766.5</ele>
   </trkpt>
   <trkpt lat="-26.1262670" lon="-51.1807110">
    <ele>766.3</ele>
   </trkpt>
   <trkpt lat="-26.1262480" lon="-51.1807590">
    <ele>766.1</ele>
   </trkpt>
   <trkpt lat="-26.1262410" lon="-51.1808250">
    <ele>765.9</ele>
   </trkpt>
   <trkpt lat="-26.1262170" lon="-51.1809000">
    <ele>765.7</ele>
   </trkpt>
   <trkpt lat="-26.1262130" lon="-51.1809640">
    <ele>765.6</ele>
   </trkpt>
   <trkpt lat="-26.1262620" lon="-51.1810440">
    <ele>765.4</ele>
   </trkpt>
   <trkpt lat="-26.1262640" lon="-51.1811200">
    <ele>765.2</ele>
   </trkpt>
   <trkpt lat="-26.1262550" lon="-51.1811880">
    <ele>765.1</ele>
   </trkpt>
   <trkpt lat="-26.1262510" lon="-51.1812600">
    <ele>764.9</ele>
   </trkpt>
   <trkpt lat="-26.1262840" lon="-51.1813670">
    <ele>764.7</ele>
   </trkpt>
   <trkpt lat="-26.1262760" lon="-51.1814290">
    <ele>764.6</ele>
   </trkpt>
   <trkpt lat="-26.1262850" lon="-51.1814750">
    <ele>764.5</ele>
   </trkpt>
   <trkpt lat="-26.1262950" lon="-51.1815560">
    <ele>764.3</ele>
   </trkpt>
   <trkpt lat="-26.1263050" lon="-51.1816160">
    <ele>764.2</ele>
   </trkpt>
   <trkpt lat="-26.1263210" lon="-51.1816730">
    <ele>764.0</ele>
   </trkpt>
   <trkpt lat="-26.1263500" lon="-51.1817220">
    <ele>764.1</ele>
   </trkpt>
   <trkpt lat="-26.1263740" lon="-51.1817800">
    <ele>764.2</ele>
   </trkpt>
   <trkpt lat="-26.1263930" lon="-51.1818480">
    <ele>764.2</ele>
   </trkpt>
   <trkpt lat="-26.1264280" lon="-51.1819230">
    <ele>764.3</ele>
   </trkpt>
   <trkpt lat="-26.1264690" lon="-51.1819740">
    <ele>764.3</ele>
   </trkpt>
   <trkpt lat="-26.1265100" lon="-51.1820400">
    <ele>764.3</ele>
   </trkpt>
   <trkpt lat="-26.1265560" lon="-51.1820910">
    <ele>764.2</ele>
   </trkpt>
   <trkpt lat="-26.1265990" lon="-51.1821660">
    <ele>764.1</ele>
   </trkpt>
   <trkpt lat="-26.1266620" lon="-51.1821980">
    <ele>764.1</ele>
   </trkpt>
   <trkpt lat="-26.1266960" lon="-51.1822220">
    <ele>764.0</ele>
   </trkpt>
   <trkpt lat="-26.1267550" lon="-51.1822620">
    <ele>763.8</ele>
   </trkpt>
   <trkpt lat="-26.1268210" lon="-51.1823040">
    <ele>763.6</ele>
   </trkpt>
   <trkpt lat="-26.1268850" lon="-51.1823470">
    <ele>763.4</ele>
   </trkpt>
   <trkpt lat="-26.1269370" lon="-51.1824000">
    <ele>763.2</ele>
   </trkpt>
   <trkpt lat="-26.1269750" lon="-51.1824710">
    <ele>763.0</ele>
   </trkpt>
   <trkpt lat="-26.1270370" lon="-51.1825350">
    <ele>762.8</ele>
   </trkpt>
   <trkpt lat="-26.1270840" lon="-51.1825890">
    <ele>762.7</ele>
   </trkpt>
   <trkpt lat="-26.1271040" lon="-51.1826790">
    <ele>762.6</ele>
   </trkpt>
   <trkpt lat="-26.1271040" lon="-51.1827600">
    <ele>762.4</ele>
   </trkpt>
   <trkpt lat="-26.1271210" lon="-51.1828510">
    <ele>762.3</ele>
   </trkpt>
   <trkpt lat="-26.1271360" lon="-51.1829270">
    <ele>762.2</ele>
   </trkpt>
   <trkpt lat="-26.1271490" lon="-51.1830190">
    <ele>762.1</ele>
   </trkpt>
   <trkpt lat="-26.1271530" lon="-51.1831080">
    <ele>762.0</ele>
   </trkpt>
   <trkpt lat="-26.1271560" lon="-51.1831950">
    <ele>762.0</ele>
   </trkpt>
   <trkpt lat="-26.1271620" lon="-51.1832860">
    <ele>762.1</ele>
   </trkpt>
   <trkpt lat="-26.1271580" lon="-51.1833650">
    <ele>762.2</ele>
   </trkpt>
   <trkpt lat="-26.1271650" lon="-51.1834390">
    <ele>762.4</ele>
   </trkpt>
   <trkpt lat="-26.1271590" lon="-51.1835170">
    <ele>762.5</ele>
   </trkpt>
   <trkpt lat="-26.1271590" lon="-51.1835960">
    <ele>762.6</ele>
   </trkpt>
   <trkpt lat="-26.1271530" lon="-51.1836650">
    <ele>762.8</ele>
   </trkpt>
   <trkpt lat="-26.1271540" lon="-51.1837360">
    <ele>762.9</ele>
   </trkpt>
   <trkpt lat="-26.1271450" lon="-51.1838100">
    <ele>763.0</ele>
   </trkpt>
   <trkpt lat="-26.1271380" lon="-51.1838870">
    <ele>763.1</ele>
   </trkpt>
   <trkpt lat="-26.1271280" lon="-51.1839450">
    <ele>763.2</ele>
   </trkpt>
   <trkpt lat="-26.1271380" lon="-51.1840300">
    <ele>763.4</ele>
   </trkpt>
   <trkpt lat="-26.1271270" lon="-51.1840980">
    <ele>763.6</ele>
   </trkpt>
   <trkpt lat="-26.1271180" lon="-51.1841630">
    <ele>763.8</ele>
   </trkpt>
   <trkpt lat="-26.1271110" lon="-51.1842320">
    <ele>763.9</ele>
   </trkpt>
   <trkpt lat="-26.1271130" lon="-51.1842980">
    <ele>764.1</ele>
   </trkpt>
   <trkpt lat="-26.1271010" lon="-51.1843700">
    <ele>764.3</ele>
   </trkpt>
   <trkpt lat="-26.1271050" lon="-51.1844420">
    <ele>764.5</ele>
   </trkpt>
   <trkpt lat="-26.1271010" lon="-51.1845190">
    <ele>764.6</ele>
   </trkpt>
   <trkpt lat="-26.1270840" lon="-51.1845840">
    <ele>764.8</ele>
   </trkpt>
   <trkpt lat="-26.1270760" lon="-51.1846530">
    <ele>764.9</ele>
   </trkpt>
   <trkpt lat="-26.1270770" lon="-51.1847230">
    <ele>765.0</ele>
   </trkpt>
   <trkpt lat="-26.1270730" lon="-51.1847830">
    <ele>765.2</ele>
   </trkpt>
   <trkpt lat="-26.1270700" lon="-51.1848390">
    <ele>765.3</ele>
   </trkpt>
   <trkpt lat="-26.1270510" lon="-51.1848960">
    <ele>765.4</ele>
   </trkpt>
   <trkpt lat="-26.1270450" lon="-51.1849620">
    <ele>765.6</ele>
   </trkpt>
   <trkpt lat="-26.1270340" lon="-51.1850210">
    <ele>765.7</ele>
   </trkpt>
   <trkpt lat="-26.1270270" lon="-51.1850700">
    <ele>765.8</ele>
   </trkpt>
   <trkpt lat="-26.1270210" lon="-51.1851230">
    <ele>766.0</ele>
   </trkpt>
   <trkpt lat="-26.1270130" lon="-51.1851760">
    <ele>766.2</ele>
   </trkpt>
   <trkpt lat="-26.1270170" lon="-51.1852230">
    <ele>766.3</ele>
   </trkpt>
   <trkpt lat="-26.1270340" lon="-51.1852470">
    <ele>766.5</ele>
   </trkpt>
   <trkpt lat="-26.1270370" lon="-51.1852980">
    <ele>766.7</ele>
   </trkpt>
   <trkpt lat="-26.1270410" lon="-51.1853230">
    <ele>766.8</ele>
   </trkpt>
   <trkpt lat="-26.1270130" lon="-51.1853300">
    <ele>766.9</ele>
   </trkpt>
   <trkpt lat="-26.1270040" lon="-51.1853630">
    <ele>767.1</ele>
   </trkpt>
   <trkpt lat="-26.1269890" lon="-51.1854070">
    <ele>767.3</ele>
   </trkpt>
   <trkpt lat="-26.1269800" lon="-51.1854250">
    <ele>767.4</ele>
   </trkpt>
   <trkpt lat="-26.1269780" lon="-51.1854600">
    <ele>767.6</ele>
   </trkpt>
   <trkpt lat="-26.1269600" lon="-51.1855090">
    <ele>768.0</ele>
   </trkpt>
   <trkpt lat="-26.1269700" lon="-51.1855570">
    <ele>768.3</ele>
   </trkpt>
   <trkpt lat="-26.1269650" lon="-51.1856050">
    <ele>768.7</ele>
   </trkpt>
   <trkpt lat="-26.1269590" lon="-51.1856500">
    <ele>768.9</ele>
   </trkpt>
   <trkpt lat="-26.1269320" lon="-51.1856930">
    <ele>769.2</ele>
   </trkpt>
   <trkpt lat="-26.1269280" lon="-51.1857490">
    <ele>769.6</ele>
   </trkpt>
   <trkpt lat="-26.1269240" lon="-51.1858000">
    <ele>769.9</ele>
   </trkpt>
   <trkpt lat="-26.1269120" lon="-51.1858450">
    <ele>770.2</ele>
   </trkpt>
   <trkpt lat="-26.1269030" lon="-51.1858860">
    <ele>770.5</ele>
   </trkpt>
   <trkpt lat="-26.1268780" lon="-51.1859250">
    <ele>770.8</ele>
   </trkpt>
   <trkpt lat="-26.1268970" lon="-51.1859780">
    <ele>771.1</ele>
   </trkpt>
   <trkpt lat="-26.1268920" lon="-51.1860260">
    <ele>771.3</ele>
   </trkpt>
   <trkpt lat="-26.1268850" lon="-51.1860730">
    <ele>771.5</ele>
   </trkpt>
   <trkpt lat="-26.1268830" lon="-51.1861200">
    <ele>771.7</ele>
   </trkpt>
   <trkpt lat="-26.1268890" lon="-51.1861910">
    <ele>772.0</ele>
   </trkpt>
   <trkpt lat="-26.1268820" lon="-51.1862460">
    <ele>772.1</ele>
   </trkpt>
   <trkpt lat="-26.1269120" lon="-51.1863300">
    <ele>772.3</ele>
   </trkpt>
   <trkpt lat="-26.1269410" lon="-51.1864040">
    <ele>772.6</ele>
   </trkpt>
   <trkpt lat="-26.1269570" lon="-51.1864590">
    <ele>772.7</ele>
   </trkpt>
   <trkpt lat="-26.1269670" lon="-51.1865150">
    <ele>772.9</ele>
   </trkpt>
   <trkpt lat="-26.1269830" lon="-51.1865720">
    <ele>773.2</ele>
   </trkpt>
   <trkpt lat="-26.1270040" lon="-51.1866270">
    <ele>773.3</ele>
   </trkpt>
   <trkpt lat="-26.1270260" lon="-51.1866780">
    <ele>773.4</ele>
   </trkpt>
   <trkpt lat="-26.1270560" lon="-51.1867200">
    <ele>773.5</ele>
   </trkpt>
   <trkpt lat="-26.1270580" lon="-51.1867580">
    <ele>773.6</ele>
   </trkpt>
   <trkpt lat="-26.1270890" lon="-51.1867900">
    <ele>773.7</ele>
   </trkpt>
   <trkpt lat="-26.1271360" lon="-51.1868170">
    <ele>773.8</ele>
   </trkpt>
   <trkpt lat="-26.1271680" lon="-51.1868620">
    <ele>773.7</ele>
   </trkpt>
   <trkpt lat="-26.1271870" lon="-51.1869140">
    <ele>773.7</ele>
   </trkpt>
   <trkpt lat="-26.1272130" lon="-51.1869590">
    <ele>773.7</ele>
   </trkpt>
   <trkpt lat="-26.1272300" lon="-51.1869840">
    <ele>773.7</ele>
   </trkpt>
   <trkpt lat="-26.1272340" lon="-51.1869950">
    <ele>773.7</ele>
   </trkpt>
   <trkpt lat="-26.1272440" lon="-51.1870150">
    <ele>773.7</ele>
   </trkpt>
   <trkpt lat="-26.1272600" lon="-51.1870240">
    <ele>773.7</ele>
   </trkpt>
   <trkpt lat="-26.1272660" lon="-51.1870310">
    <ele>773.7</ele>
   </trkpt>
   <trkpt lat="-26.1272570" lon="-51.1870210">
    <ele>773.7</ele>
   </trkpt>
   <trkpt lat="-26.1272580" lon="-51.1870200">
    <ele>773.7</ele>
   </trkpt>
   <trkpt lat="-26.1272680" lon="-51.1869860">
    <ele>773.7</ele>
   </trkpt>
   <trkpt lat="-26.1272540" lon="-51.1869850">
    <ele>773.7</ele>
   </trkpt>
   <trkpt lat="-26.1272480" lon="-51.1869790">
    <ele>773.7</ele>
   </trkpt>
   <trkpt lat="-26.1272410" lon="-51.1869740">
    <ele>773.7</ele>
   </trkpt>
   <trkpt lat="-26.1272340" lon="-51.1869690">
    <ele>773.7</ele>
   </trkpt>
   <trkpt lat="-26.1272100" lon="-51.1869450">
    <ele>773.7</ele>
   </trkpt>
   <trkpt lat="-26.1272010" lon="-51.1869380">
    <ele>773.7</ele>
   </trkpt>
   <trkpt lat="-26.1271760" lon="-51.1869070">
    <ele>773.7</ele>
   </trkpt>
   <trkpt lat="-26.1271650" lon="-51.1868960">
    <ele>773.7</ele>
   </trkpt>
   <trkpt lat="-26.1271370" lon="-51.1868620">
    <ele>773.8</ele>
   </trkpt>
   <trkpt lat="-26.1271080" lon="-51.1868380">
    <ele>773.8</ele>
   </trkpt>
   <trkpt lat="-26.1270940" lon="-51.1868240">
    <ele>773.8</ele>
   </trkpt>
   <trkpt lat="-26.1270860" lon="-51.1868160">
    <ele>773.7</ele>
   </trkpt>
   <trkpt lat="-26.1270520" lon="-51.1867730">
    <ele>773.6</ele>
   </trkpt>
   <trkpt lat="-26.1270590" lon="-51.1867700">
    <ele>773.6</ele>
   </trkpt>
   <trkpt lat="-26.1270530" lon="-51.1867550">
    <ele>773.5</ele>
   </trkpt>
   <trkpt lat="-26.1270470" lon="-51.1867410">
    <ele>773.5</ele>
   </trkpt>
   <trkpt lat="-26.1270410" lon="-51.1867270">
    <ele>773.5</ele>
   </trkpt>
   <trkpt lat="-26.1270280" lon="-51.1866890">
    <ele>773.4</ele>
   </trkpt>
   <trkpt lat="-26.1270220" lon="-51.1866760">
    <ele>773.4</ele>
   </trkpt>
   <trkpt lat="-26.1270170" lon="-51.1866450">
    <ele>773.3</ele>
   </trkpt>
   <trkpt lat="-26.1269910" lon="-51.1866260">
    <ele>773.3</ele>
   </trkpt>
   <trkpt lat="-26.1269820" lon="-51.1866270">
    <ele>773.2</ele>
   </trkpt>
   <trkpt lat="-26.1269450" lon="-51.1866490">
    <ele>773.2</ele>
   </trkpt>
   <trkpt lat="-26.1269180" lon="-51.1866600">
    <ele>773.2</ele>
   </trkpt>
   <trkpt lat="-26.1269090" lon="-51.1866640">
    <ele>773.2</ele>
   </trkpt>
   <trkpt lat="-26.1269090" lon="-51.1866690">
    <ele>773.2</ele>
   </trkpt>
   <trkpt lat="-26.1268960" lon="-51.1866850">
    <ele>773.2</ele>
   </trkpt>
   <trkpt lat="-26.1268900" lon="-51.1866880">
    <ele>773.2</ele>
   </trkpt>
   <trkpt lat="-26.1268910" lon="-51.1866860">
    <ele>773.2</ele>
   </trkpt>
   <trkpt lat="-26.1268780" lon="-51.1867000">
    <ele>773.2</ele>
   </trkpt>
   <trkpt lat="-26.1268970" lon="-51.1867230">
    <ele>773.2</ele>
   </trkpt>
   <trkpt lat="-26.1268830" lon="-51.1867530">
    <ele>773.2</ele>
   </trkpt>
   <trkpt lat="-26.1268730" lon="-51.1867660">
    <ele>773.2</ele>
   </trkpt>
   <trkpt lat="-26.1268570" lon="-51.1867960">
    <ele>773.2</ele>
   </trkpt>
   <trkpt lat="-26.1268500" lon="-51.1868040">
    <ele>773.2</ele>
   </trkpt>
   <trkpt lat="-26.1268310" lon="-51.1868280">
    <ele>773.2</ele>
   </trkpt>
   <trkpt lat="-26.1268030" lon="-51.1868600">
    <ele>773.2</ele>
   </trkpt>
   <trkpt lat="-26.1267990" lon="-51.1868940">
    <ele>773.2</ele>
   </trkpt>
   <trkpt lat="-26.1267730" lon="-51.1869340">
    <ele>773.2</ele>
   </trkpt>
   <trkpt lat="-26.1267670" lon="-51.1869580">
    <ele>773.2</ele>
   </trkpt>
   <trkpt lat="-26.1267530" lon="-51.1869870">
    <ele>773.2</ele>
   </trkpt>
   <trkpt lat="-26.1267510" lon="-51.1870000">
    <ele>773.2</ele>
   </trkpt>
   <trkpt lat="-26.1267240" lon="-51.1870310">
    <ele>773.2</ele>
   </trkpt>
   <trkpt lat="-26.1267090" lon="-51.1870410">
    <ele>773.3</ele>
   </trkpt>
   <trkpt lat="-26.1266790" lon="-51.1870580">
    <ele>773.3</ele>
   </trkpt>
   <trkpt lat="-26.1266720" lon="-51.1870680">
    <ele>773.3</ele>
   </trkpt>
   <trkpt lat="-26.1266160" lon="-51.1870840">
    <ele>773.3</ele>
   </trkpt>
   <trkpt lat="-26.1266020" lon="-51.1871480">
    <ele>773.3</ele>
   </trkpt>
   <trkpt lat="-26.1265950" lon="-51.1871810">
    <ele>773.3</ele>
   </trkpt>
   <trkpt lat="-26.1265900" lon="-51.1871910">
    <ele>773.3</ele>
   </trkpt>
   <trkpt lat="-26.1265630" lon="-51.1872120">
    <ele>773.3</ele>
   </trkpt>
   <trkpt lat="-26.1265570" lon="-51.1872420">
    <ele>773.3</ele>
   </trkpt>
   <trkpt lat="-26.1265140" lon="-51.1872730">
    <ele>773.3</ele>
   </trkpt>
   <trkpt lat="-26.1264780" lon="-51.1873020">
    <ele>773.3</ele>
   </trkpt>
   <trkpt lat="-26.1264790" lon="-51.1873510">
    <ele>773.3</ele>
   </trkpt>
   <trkpt lat="-26.1264800" lon="-51.1873750">
    <ele>773.3</ele>
   </trkpt>
   <trkpt lat="-26.1264990" lon="-51.1874420">
    <ele>773.3</ele>
   </trkpt>
   <trkpt lat="-26.1264810" lon="-51.1874720">
    <ele>773.3</ele>
   </trkpt>
   <trkpt lat="-26.1264770" lon="-51.1875080">
    <ele>773.4</ele>
   </trkpt>
   <trkpt lat="-26.1264760" lon="-51.1875180">
    <ele>773.4</ele>
   </trkpt>
   <trkpt lat="-26.1264540" lon="-51.1875490">
    <ele>773.4</ele>
   </trkpt>
   <trkpt lat="-26.1264450" lon="-51.1875590">
    <ele>773.4</ele>
   </trkpt>
   <trkpt lat="-26.1264360" lon="-51.1875800">
    <ele>773.4</ele>
   </trkpt>
   <trkpt lat="-26.1264350" lon="-51.1875890">
    <ele>773.4</ele>
   </trkpt>
   <trkpt lat="-26.1264330" lon="-51.1875990">
    <ele>773.4</ele>
   </trkpt>
   <trkpt lat="-26.1264250" lon="-51.1876220">
    <ele>773.4</ele>
   </trkpt>
   <trkpt lat="-26.1264160" lon="-51.1876280">
    <ele>773.4</ele>
   </trkpt>
   <trkpt lat="-26.1264060" lon="-51.1876350">
    <ele>773.4</ele>
   </trkpt>
   <trkpt lat="-26.1263960" lon="-51.1876410">
    <ele>773.4</ele>
   </trkpt>
   <trkpt lat="-26.1263680" lon="-51.1876480">
    <ele>773.4</ele>
   </trkpt>
   <trkpt lat="-26.1263530" lon="-51.1876500">
    <ele>773.4</ele>
   </trkpt>
   <trkpt lat="-26.1263260" lon="-51.1876770">
    <ele>773.4</ele>
   </trkpt>
   <trkpt lat="-26.1262920" lon="-51.1876980">
    <ele>773.4</ele>
   </trkpt>
   <trkpt lat="-26.1262680" lon="-51.1877190">
    <ele>773.4</ele>
   </trkpt>
   <trkpt lat="-26.1262440" lon="-51.1877480">
    <ele>773.4</ele>
   </trkpt>
   <trkpt lat="-26.1262220" lon="-51.1877620">
    <ele>773.4</ele>
   </trkpt>
   <trkpt lat="-26.1262080" lon="-51.1877650">
    <ele>773.4</ele>
   </trkpt>
   <trkpt lat="-26.1261860" lon="-51.1877610">
    <ele>773.4</ele>
   </trkpt>
   <trkpt lat="-26.1261810" lon="-51.1877580">
    <ele>773.5</ele>
   </trkpt>
   <trkpt lat="-26.1261770" lon="-51.1877570">
    <ele>773.6</ele>
   </trkpt>
   <trkpt lat="-26.1262060" lon="-51.1877530">
    <ele>772.9</ele>
   </trkpt>
   <trkpt lat="-26.1262060" lon="-51.1877460">
    <ele>772.2</ele>
   </trkpt>
   <trkpt lat="-26.1262050" lon="-51.1877570">
    <ele>773.0</ele>
   </trkpt>
   <trkpt lat="-26.1262050" lon="-51.1877580">
    <ele>773.1</ele>
   </trkpt>
   <trkpt lat="-26.1262040" lon="-51.1877590">
    <ele>773.2</ele>
   </trkpt>
   <trkpt lat="-26.1262040" lon="-51.1877600">
    <ele>773.3</ele>
   </trkpt>
   <trkpt lat="-26.1262040" lon="-51.1877610">
    <ele>773.3</ele>
   </trkpt>
   <trkpt lat="-26.1262040" lon="-51.1877620">
    <ele>773.4</ele>
   </trkpt>
   <trkpt lat="-26.1262040" lon="-51.1877630">
    <ele>773.5</ele>
   </trkpt>
   <trkpt lat="-26.1262040" lon="-51.1877640">
    <ele>773.5</ele>
   </trkpt>
   <trkpt lat="-26.1262030" lon="-51.1877650">
    <ele>773.6</ele>
   </trkpt>
   <trkpt lat="-26.1262030" lon="-51.1877660">
    <ele>773.7</ele>
   </trkpt>
   <trkpt lat="-26.1262030" lon="-51.1877670">
    <ele>773.8</ele>
   </trkpt>
   <trkpt lat="-26.1261950" lon="-51.1877800">
    <ele>774.6</ele>
   </trkpt>
   <trkpt lat="-26.1261880" lon="-51.1877960">
    <ele>775.7</ele>
   </trkpt>
   <trkpt lat="-26.1261800" lon="-51.1878110">
    <ele>775.8</ele>
   </trkpt>
   <trkpt lat="-26.1261720" lon="-51.1878270">
    <ele>775.9</ele>
   </trkpt>
   <trkpt lat="-26.1261650" lon="-51.1878420">
    <ele>777.2</ele>
   </trkpt>
   <trkpt lat="-26.1261570" lon="-51.1878580">
    <ele>778.0</ele>
   </trkpt>
   <trkpt lat="-26.1261500" lon="-51.1878730">
    <ele>778.1</ele>
   </trkpt>
   <trkpt lat="-26.1261420" lon="-51.1878890">
    <ele>779.4</ele>
   </trkpt>
   <trkpt lat="-26.1261340" lon="-51.1879040">
    <ele>779.5</ele>
   </trkpt>
   <trkpt lat="-26.1261270" lon="-51.1879200">
    <ele>779.6</ele>
   </trkpt>
   <trkpt lat="-26.1261190" lon="-51.1879350">
    <ele>781.6</ele>
   </trkpt>
   <trkpt lat="-26.1261290" lon="-51.1878890">
    <ele>779.7</ele>
   </trkpt>
   <trkpt lat="-26.1261500" lon="-51.1878820">
    <ele>779.8</ele>
   </trkpt>
   <trkpt lat="-26.1261510" lon="-51.1878700">
    <ele>778.6</ele>
   </trkpt>
   <trkpt lat="-26.1261510" lon="-51.1878570">
    <ele>778.7</ele>
   </trkpt>
   <trkpt lat="-26.1261690" lon="-51.1878300">
    <ele>776.8</ele>
   </trkpt>
   <trkpt lat="-26.1261710" lon="-51.1878140">
    <ele>776.8</ele>
   </trkpt>
   <trkpt lat="-26.1261460" lon="-51.1878030">
    <ele>777.6</ele>
   </trkpt>
   <trkpt lat="-26.1261410" lon="-51.1877940">
    <ele>777.7</ele>
   </trkpt>
   <trkpt lat="-26.1261390" lon="-51.1878050">
    <ele>777.8</ele>
   </trkpt>
   <trkpt lat="-26.1261390" lon="-51.1878030">
    <ele>777.9</ele>
   </trkpt>
   <trkpt lat="-26.1260140" lon="-51.1877980">
    <ele>781.3</ele>
   </trkpt>
   <trkpt lat="-26.1259950" lon="-51.1877890">
    <ele>782.2</ele>
   </trkpt>
   <trkpt lat="-26.1260010" lon="-51.1877780">
    <ele>782.2</ele>
   </trkpt>
   <trkpt lat="-26.1260310" lon="-51.1877640">
    <ele>780.6</ele>
   </trkpt>
   <trkpt lat="-26.1260510" lon="-51.1877780">
    <ele>778.9</ele>
   </trkpt>
   <trkpt lat="-26.1260670" lon="-51.1877960">
    <ele>780.0</ele>
   </trkpt>
   <trkpt lat="-26.1260690" lon="-51.1878260">
    <ele>780.1</ele>
   </trkpt>
   <trkpt lat="-26.1260860" lon="-51.1878170">
    <ele>779.2</ele>
   </trkpt>
   <trkpt lat="-26.1260830" lon="-51.1878090">
    <ele>779.3</ele>
   </trkpt>
   <trkpt lat="-26.1260780" lon="-51.1878160">
    <ele>780.3</ele>
   </trkpt>
   <trkpt lat="-26.1260740" lon="-51.1878550">
    <ele>781.6</ele>
   </trkpt>
   <trkpt lat="-26.1260600" lon="-51.1878580">
    <ele>781.7</ele>
   </trkpt>
   <trkpt lat="-26.1260500" lon="-51.1878490">
    <ele>781.7</ele>
   </trkpt>
   <trkpt lat="-26.1260340" lon="-51.1878490">
    <ele>783.3</ele>
   </trkpt>
   <trkpt lat="-26.1260570" lon="-51.1879030">
    <ele>783.1</ele>
   </trkpt>
   <trkpt lat="-26.1260740" lon="-51.1879050">
    <ele>783.2</ele>
   </trkpt>
   <trkpt lat="-26.1260900" lon="-51.1879020">
    <ele>782.3</ele>
   </trkpt>
   <trkpt lat="-26.1260780" lon="-51.1878900">
    <ele>783.3</ele>
   </trkpt>
   <trkpt lat="-26.1260670" lon="-51.1878840">
    <ele>783.4</ele>
   </trkpt>
   <trkpt lat="-26.1260550" lon="-51.1878790">
    <ele>783.5</ele>
   </trkpt>
   <trkpt lat="-26.1260520" lon="-51.1878720">
    <ele>782.3</ele>
   </trkpt>
   <trkpt lat="-26.1260600" lon="-51.1878740">
    <ele>782.4</ele>
   </trkpt>
   <trkpt lat="-26.1260800" lon="-51.1878860">
    <ele>783.7</ele>
   </trkpt>
   <trkpt lat="-26.1260650" lon="-51.1878920">
    <ele>783.8</ele>
   </trkpt>
   <trkpt lat="-26.1260660" lon="-51.1879020">
    <ele>783.8</ele>
   </trkpt>
   <trkpt lat="-26.1260650" lon="-51.1878900">
    <ele>783.9</ele>
   </trkpt>
   <trkpt lat="-26.1260610" lon="-51.1878810">
    <ele>784.0</ele>
   </trkpt>
   <trkpt lat="-26.1260620" lon="-51.1878790">
    <ele>784.0</ele>
   </trkpt>
   <trkpt lat="-26.1260730" lon="-51.1878830">
    <ele>784.1</ele>
   </trkpt>
   <trkpt lat="-26.1260790" lon="-51.1878850">
    <ele>784.2</ele>
   </trkpt>
   <trkpt lat="-26.1260870" lon="-51.1878850">
    <ele>783.4</ele>
   </trkpt>
   <trkpt lat="-26.1260830" lon="-51.1878830">
    <ele>783.4</ele>
   </trkpt>
   <trkpt lat="-26.1260810" lon="-51.1878820">
    <ele>784.4</ele>
   </trkpt>
   <trkpt lat="-26.1260780" lon="-51.1878810">
    <ele>784.5</ele>
   </trkpt>
   <trkpt lat="-26.1260750" lon="-51.1878810">
    <ele>784.6</ele>
   </trkpt>
   <trkpt lat="-26.1260730" lon="-51.1878800">
    <ele>784.6</ele>
   </trkpt>
   <trkpt lat="-26.1260700" lon="-51.1878790">
    <ele>784.7</ele>
   </trkpt>
   <trkpt lat="-26.1260690" lon="-51.1878770">
    <ele>783.6</ele>
   </trkpt>
   <trkpt lat="-26.1260630" lon="-51.1878850">
    <ele>784.8</ele>
   </trkpt>
   <trkpt lat="-26.1260560" lon="-51.1878930">
    <ele>784.9</ele>
   </trkpt>
   <trkpt lat="-26.1260500" lon="-51.1879010">
    <ele>785.0</ele>
   </trkpt>
   <trkpt lat="-26.1260440" lon="-51.1879090">
    <ele>785.1</ele>
   </trkpt>
   <trkpt lat="-26.1260390" lon="-51.1879180">
    <ele>786.6</ele>
   </trkpt>
   <trkpt lat="-26.1260420" lon="-51.1879100">
    <ele>786.6</ele>
   </trkpt>
   <trkpt lat="-26.1260440" lon="-51.1879030">
    <ele>785.3</ele>
   </trkpt>
   <trkpt lat="-26.1260470" lon="-51.1878960">
    <ele>785.4</ele>
   </trkpt>
   <trkpt lat="-26.1260490" lon="-51.1878890">
    <ele>785.4</ele>
   </trkpt>
   <trkpt lat="-26.1260520" lon="-51.1878810">
    <ele>785.5</ele>
   </trkpt>
   <trkpt lat="-26.1260540" lon="-51.1878740">
    <ele>784.4</ele>
   </trkpt>
   <trkpt lat="-26.1260250" lon="-51.1878100">
    <ele>784.9</ele>
   </trkpt>
   <trkpt lat="-26.1260240" lon="-51.1878340">
    <ele>784.9</ele>
   </trkpt>
   <trkpt lat="-26.1260140" lon="-51.1878540">
    <ele>786.1</ele>
   </trkpt>
   <trkpt lat="-26.1260030" lon="-51.1878750">
    <ele>787.7</ele>
   </trkpt>
   <trkpt lat="-26.1259920" lon="-51.1878950">
    <ele>788.8</ele>
   </trkpt>
   <trkpt lat="-26.1259810" lon="-51.1879530">
    <ele>789.8</ele>
   </trkpt>
   <trkpt lat="-26.1259550" lon="-51.1879710">
    <ele>792.5</ele>
   </trkpt>
   <trkpt lat="-26.1259610" lon="-51.1879960">
    <ele>792.6</ele>
   </trkpt>
   <trkpt lat="-26.1259560" lon="-51.1880050">
    <ele>792.6</ele>
   </trkpt>
   <trkpt lat="-26.1260340" lon="-51.1879330">
    <ele>788.8</ele>
   </trkpt>
   <trkpt lat="-26.1260690" lon="-51.1879300">
    <ele>787.6</ele>
   </trkpt>
   <trkpt lat="-26.1260820" lon="-51.1879290">
    <ele>786.8</ele>
   </trkpt>
   <trkpt lat="-26.1260910" lon="-51.1879290">
    <ele>786.9</ele>
   </trkpt>
   <trkpt lat="-26.1260930" lon="-51.1879270">
    <ele>787.0</ele>
   </trkpt>
   <trkpt lat="-26.1261140" lon="-51.1879320">
    <ele>787.0</ele>
   </trkpt>
   <trkpt lat="-26.1261160" lon="-51.1879310">
    <ele>787.1</ele>
   </trkpt>
   <trkpt lat="-26.1261330" lon="-51.1879380">
    <ele>786.4</ele>
   </trkpt>
   <trkpt lat="-26.1261260" lon="-51.1879210">
    <ele>786.5</ele>
   </trkpt>
   <trkpt lat="-26.1261310" lon="-51.1879170">
    <ele>785.3</ele>
   </trkpt>
   <trkpt lat="-26.1261440" lon="-51.1879160">
    <ele>785.4</ele>
   </trkpt>
   <trkpt lat="-26.1261720" lon="-51.1879050">
    <ele>784.7</ele>
   </trkpt>
   <trkpt lat="-26.1261890" lon="-51.1878900">
    <ele>784.8</ele>
   </trkpt>
   <trkpt lat="-26.1261770" lon="-51.1879020">
    <ele>784.9</ele>
   </trkpt>
   <trkpt lat="-26.1261720" lon="-51.1879070">
    <ele>784.9</ele>
   </trkpt>
   <trkpt lat="-26.1261660" lon="-51.1879130">
    <ele>785.0</ele>
   </trkpt>
   <trkpt lat="-26.1261610" lon="-51.1879180">
    <ele>785.1</ele>
   </trkpt>
   <trkpt lat="-26.1261500" lon="-51.1879110">
    <ele>785.9</ele>
   </trkpt>
   <trkpt lat="-26.1261500" lon="-51.1879110">
    <ele>786.0</ele>
   </trkpt>
   <trkpt lat="-26.1261350" lon="-51.1879140">
    <ele>786.1</ele>
   </trkpt>
   <trkpt lat="-26.1261360" lon="-51.1879300">
    <ele>787.4</ele>
   </trkpt>
   <trkpt lat="-26.1261090" lon="-51.1878860">
    <ele>787.0</ele>
   </trkpt>
   <trkpt lat="-26.1260820" lon="-51.1880780">
    <ele>793.3</ele>
   </trkpt>
   <trkpt lat="-26.1260180" lon="-51.1879780">
    <ele>792.0</ele>
   </trkpt>
   <trkpt lat="-26.1260220" lon="-51.1879810">
    <ele>792.0</ele>
   </trkpt>
   <trkpt lat="-26.1260300" lon="-51.1879760">
    <ele>792.1</ele>
   </trkpt>
   <trkpt lat="-26.1260350" lon="-51.1879730">
    <ele>792.2</ele>
   </trkpt>
   <trkpt lat="-26.1260370" lon="-51.1879480">
    <ele>790.8</ele>
   </trkpt>
   <trkpt lat="-26.1260330" lon="-51.1879420">
    <ele>790.9</ele>
   </trkpt>
   <trkpt lat="-26.1260330" lon="-51.1879270">
    <ele>790.9</ele>
   </trkpt>
   <trkpt lat="-26.1260340" lon="-51.1879170">
    <ele>789.9</ele>
   </trkpt>
   <trkpt lat="-26.1260360" lon="-51.1879070">
    <ele>790.0</ele>
   </trkpt>
   <trkpt lat="-26.1260370" lon="-51.1878960">
    <ele>790.1</ele>
   </trkpt>
   <trkpt lat="-26.1260390" lon="-51.1878860">
    <ele>790.1</ele>
   </trkpt>
   <trkpt lat="-26.1260400" lon="-51.1878760">
    <ele>789.1</ele>
   </trkpt>
   <trkpt lat="-26.1260420" lon="-51.1878660">
    <ele>789.2</ele>
   </trkpt>
   <trkpt lat="-26.1260270" lon="-51.1878430">
    <ele>789.3</ele>
   </trkpt>
   <trkpt lat="-26.1260180" lon="-51.1878280">
    <ele>788.2</ele>
   </trkpt>
   <trkpt lat="-26.1260080" lon="-51.1878140">
    <ele>788.3</ele>
   </trkpt>
   <trkpt lat="-26.1259990" lon="-51.1877990">
    <ele>790.0</ele>
   </trkpt>
   <trkpt lat="-26.1259900" lon="-51.1877840">
    <ele>789.3</ele>
   </trkpt>
   <trkpt lat="-26.1260360" lon="-51.1878510">
    <ele>789.6</ele>
   </trkpt>
   <trkpt lat="-26.1260210" lon="-51.1877960">
    <ele>788.6</ele>
   </trkpt>
   <trkpt lat="-26.1260150" lon="-51.1877630">
    <ele>787.7</ele>
   </trkpt>
   <trkpt lat="-26.1260020" lon="-51.1877400">
    <ele>788.9</ele>
   </trkpt>
   <trkpt lat="-26.1259950" lon="-51.1877400">
    <ele>789.0</ele>
   </trkpt>
   <trkpt lat="-26.1260140" lon="-51.1877830">
    <ele>788.0</ele>
   </trkpt>
   <trkpt lat="-26.1260130" lon="-51.1878290">
    <ele>789.0</ele>
   </trkpt>
   <trkpt lat="-26.1260110" lon="-51.1878290">
    <ele>789.0</ele>
   </trkpt>
   <trkpt lat="-26.1260110" lon="-51.1878330">
    <ele>789.1</ele>
   </trkpt>
   <trkpt lat="-26.1260050" lon="-51.1878280">
    <ele>789.2</ele>
   </trkpt>
   <trkpt lat="-26.1260050" lon="-51.1878280">
    <ele>789.3</ele>
   </trkpt>
   <trkpt lat="-26.1259870" lon="-51.1878150">
    <ele>791.0</ele>
   </trkpt>
   <trkpt lat="-26.1260060" lon="-51.1878480">
    <ele>790.5</ele>
   </trkpt>
   <trkpt lat="-26.1260140" lon="-51.1878880">
    <ele>791.7</ele>
   </trkpt>
   <trkpt lat="-26.1260130" lon="-51.1878870">
    <ele>791.7</ele>
   </trkpt>
   <trkpt lat="-26.1260600" lon="-51.1879210">
    <ele>791.6</ele>
   </trkpt>
   <trkpt lat="-26.1260660" lon="-51.1878960">
    <ele>790.5</ele>
   </trkpt>
   <trkpt lat="-26.1260690" lon="-51.1878890">
    <ele>790.5</ele>
   </trkpt>
   <trkpt lat="-26.1260540" lon="-51.1879140">
    <ele>790.6</ele>
   </trkpt>
   <trkpt lat="-26.1260620" lon="-51.1879140">
    <ele>790.7</ele>
   </trkpt>
   <trkpt lat="-26.1260510" lon="-51.1879130">
    <ele>790.8</ele>
   </trkpt>
   <trkpt lat="-26.1260540" lon="-51.1879220">
    <ele>792.1</ele>
   </trkpt>
   <trkpt lat="-26.1260540" lon="-51.1879230">
    <ele>792.1</ele>
   </trkpt>
   <trkpt lat="-26.1260550" lon="-51.1879230">
    <ele>792.2</ele>
   </trkpt>
   <trkpt lat="-26.1260510" lon="-51.1879210">
    <ele>792.3</ele>
   </trkpt>
   <trkpt lat="-26.1260510" lon="-51.1879250">
    <ele>792.3</ele>
   </trkpt>
   <trkpt lat="-26.1260540" lon="-51.1879230">
    <ele>792.4</ele>
   </trkpt>
   <trkpt lat="-26.1260580" lon="-51.1879200">
    <ele>791.3</ele>
   </trkpt>
   <trkpt lat="-26.1260610" lon="-51.1879170">
    <ele>791.3</ele>
   </trkpt>
   <trkpt lat="-26.1260650" lon="-51.1879150">
    <ele>791.4</ele>
   </trkpt>
   <trkpt lat="-26.1260690" lon="-51.1879120">
    <ele>791.5</ele>
   </trkpt>
   <trkpt lat="-26.1260720" lon="-51.1879090">
    <ele>791.6</ele>
   </trkpt>
   <trkpt lat="-26.1260760" lon="-51.1879060">
    <ele>791.6</ele>
   </trkpt>
   <trkpt lat="-26.1260790" lon="-51.1879040">
    <ele>791.7</ele>
   </trkpt>
   <trkpt lat="-26.1260830" lon="-51.1879010">
    <ele>790.9</ele>
   </trkpt>
   <trkpt lat="-26.1260840" lon="-51.1878990">
    <ele>791.0</ele>
   </trkpt>
   <trkpt lat="-26.1260550" lon="-51.1879250">
    <ele>793.1</ele>
   </trkpt>
   <trkpt lat="-26.1260620" lon="-51.1879090">
    <ele>792.0</ele>
   </trkpt>
   <trkpt lat="-26.1260710" lon="-51.1879090">
    <ele>792.1</ele>
   </trkpt>
   <trkpt lat="-26.1260790" lon="-51.1879080">
    <ele>792.2</ele>
   </trkpt>
   <trkpt lat="-26.1260880" lon="-51.1879080">
    <ele>791.3</ele>
   </trkpt>
   <trkpt lat="-26.1260960" lon="-51.1879070">
    <ele>791.4</ele>
   </trkpt>
   <trkpt lat="-26.1260540" lon="-51.1879210">
    <ele>793.6</ele>
   </trkpt>
   <trkpt lat="-26.1260450" lon="-51.1879070">
    <ele>792.4</ele>
   </trkpt>
   <trkpt lat="-26.1260440" lon="-51.1879030">
    <ele>792.5</ele>
   </trkpt>
   <trkpt lat="-26.1260390" lon="-51.1878970">
    <ele>794.0</ele>
   </trkpt>
   <trkpt lat="-26.1260420" lon="-51.1878990">
    <ele>794.1</ele>
   </trkpt>
   <trkpt lat="-26.1260390" lon="-51.1878840">
    <ele>794.1</ele>
   </trkpt>
   <trkpt lat="-26.1260410" lon="-51.1878770">
    <ele>793.1</ele>
   </trkpt>
   <trkpt lat="-26.1260300" lon="-51.1878460">
    <ele>793.2</ele>
   </trkpt>
   <trkpt lat="-26.1259950" lon="-51.1878470">
    <ele>794.8</ele>
   </trkpt>
   <trkpt lat="-26.1259890" lon="-51.1878270">
    <ele>793.9</ele>
   </trkpt>
   <trkpt lat="-26.1259690" lon="-51.1878160">
    <ele>794.0</ele>
   </trkpt>
   <trkpt lat="-26.1259480" lon="-51.1878050">
    <ele>795.7</ele>
   </trkpt>
   <trkpt lat="-26.1259270" lon="-51.1877950">
    <ele>797.5</ele>
   </trkpt>
   <trkpt lat="-26.1259070" lon="-51.1877840">
    <ele>796.8</ele>
   </trkpt>
   <trkpt lat="-26.1258860" lon="-51.1877730">
    <ele>798.6</ele>
   </trkpt>
   <trkpt lat="-26.1258620" lon="-51.1877470">
    <ele>798.0</ele>
   </trkpt>
   <trkpt lat="-26.1258570" lon="-51.1877350">
    <ele>798.1</ele>
   </trkpt>
   <trkpt lat="-26.1258520" lon="-51.1877230">
    <ele>798.2</ele>
   </trkpt>
   <trkpt lat="-26.1258470" lon="-51.1877110">
    <ele>801.1</ele>
   </trkpt>
   <trkpt lat="-26.1258490" lon="-51.1877140">
    <ele>801.1</ele>
   </trkpt>
   <trkpt lat="-26.1258640" lon="-51.1877160">
    <ele>798.4</ele>
   </trkpt>
   <trkpt lat="-26.1258810" lon="-51.1877240">
    <ele>798.5</ele>
   </trkpt>
   <trkpt lat="-26.1258860" lon="-51.1877230">
    <ele>798.6</ele>
   </trkpt>
   <trkpt lat="-26.1258520" lon="-51.1877040">
    <ele>798.0</ele>
   </trkpt>
   <trkpt lat="-26.1258460" lon="-51.1876940">
    <ele>800.9</ele>
   </trkpt>
   <trkpt lat="-26.1258440" lon="-51.1876840">
    <ele>800.9</ele>
   </trkpt>
   <trkpt lat="-26.1258480" lon="-51.1876770">
    <ele>801.0</ele>
   </trkpt>
   <trkpt lat="-26.1258470" lon="-51.1876720">
    <ele>801.1</ele>
   </trkpt>
   <trkpt lat="-26.1258480" lon="-51.1876700">
    <ele>801.2</ele>
   </trkpt>
   <trkpt lat="-26.1259950" lon="-51.1879370">
    <ele>798.3</ele>
   </trkpt>
   <trkpt lat="-26.1260280" lon="-51.1879390">
    <ele>797.1</ele>
   </trkpt>
   <trkpt lat="-26.1260440" lon="-51.1879200">
    <ele>794.6</ele>
   </trkpt>
   <trkpt lat="-26.1260450" lon="-51.1879120">
    <ele>794.7</ele>
   </trkpt>
   <trkpt lat="-26.1260470" lon="-51.1879050">
    <ele>794.8</ele>
   </trkpt>
   <trkpt lat="-26.1260480" lon="-51.1878970">
    <ele>794.9</ele>
   </trkpt>
   <trkpt lat="-26.1260500" lon="-51.1878900">
    <ele>794.9</ele>
   </trkpt>
   <trkpt lat="-26.1260530" lon="-51.1878550">
    <ele>793.8</ele>
   </trkpt>
   <trkpt lat="-26.1260290" lon="-51.1878400">
    <ele>795.4</ele>
   </trkpt>
   <trkpt lat="-26.1260240" lon="-51.1878220">
    <ele>794.4</ele>
   </trkpt>
   <trkpt lat="-26.1260390" lon="-51.1878490">
    <ele>795.5</ele>
   </trkpt>
   <trkpt lat="-26.1260380" lon="-51.1878700">
    <ele>795.6</ele>
   </trkpt>
   <trkpt lat="-26.1260360" lon="-51.1878900">
    <ele>796.8</ele>
   </trkpt>
   <trkpt lat="-26.1260340" lon="-51.1878740">
    <ele>795.8</ele>
   </trkpt>
   <trkpt lat="-26.1260500" lon="-51.1878550">
    <ele>794.3</ele>
   </trkpt>
   <trkpt lat="-26.1260670" lon="-51.1878370">
    <ele>794.4</ele>
   </trkpt>
   <trkpt lat="-26.1260830" lon="-51.1878180">
    <ele>792.3</ele>
   </trkpt>
   <trkpt lat="-26.1261060" lon="-51.1878360">
    <ele>793.6</ele>
   </trkpt>
   <trkpt lat="-26.1261070" lon="-51.1878420">
    <ele>793.7</ele>
   </trkpt>
   <trkpt lat="-26.1261110" lon="-51.1878410">
    <ele>793.7</ele>
   </trkpt>
   <trkpt lat="-26.1261140" lon="-51.1878310">
    <ele>792.6</ele>
   </trkpt>
   <trkpt lat="-26.1261340" lon="-51.1878200">
    <ele>791.9</ele>
   </trkpt>
   <trkpt lat="-26.1261540" lon="-51.1878310">
    <ele>792.0</ele>
   </trkpt>
   <trkpt lat="-26.1261640" lon="-51.1878180">
    <ele>791.3</ele>
   </trkpt>
   <trkpt lat="-26.1261730" lon="-51.1878090">
    <ele>791.4</ele>
   </trkpt>
   <trkpt lat="-26.1261770" lon="-51.1877890">
    <ele>790.4</ele>
   </trkpt>
   <trkpt lat="-26.1261740" lon="-51.1877530">
    <ele>790.4</ele>
   </trkpt>
   <trkpt lat="-26.1261700" lon="-51.1877200">
    <ele>789.8</ele>
   </trkpt>
   <trkpt lat="-26.1261920" lon="-51.1877270">
    <ele>789.9</ele>
   </trkpt>
   <trkpt lat="-26.1261910" lon="-51.1877490">
    <ele>790.7</ele>
   </trkpt>
   <trkpt lat="-26.1261810" lon="-51.1877510">
    <ele>790.7</ele>
   </trkpt>
   <trkpt lat="-26.1261890" lon="-51.1877440">
    <ele>790.1</ele>
   </trkpt>
   <trkpt lat="-26.1261720" lon="-51.1877320">
    <ele>790.2</ele>
   </trkpt>
   <trkpt lat="-26.1261760" lon="-51.1877300">
    <ele>790.3</ele>
   </trkpt>
   <trkpt lat="-26.1261720" lon="-51.1877260">
    <ele>790.4</ele>
   </trkpt>
   <trkpt lat="-26.1261690" lon="-51.1877310">
    <ele>790.4</ele>
   </trkpt>
   <trkpt lat="-26.1261680" lon="-51.1877400">
    <ele>790.5</ele>
   </trkpt>
   <trkpt lat="-26.1261670" lon="-51.1877490">
    <ele>791.3</ele>
   </trkpt>
   <trkpt lat="-26.1261660" lon="-51.1877580">
    <ele>791.3</ele>
   </trkpt>
   <trkpt lat="-26.1261650" lon="-51.1877670">
    <ele>791.4</ele>
   </trkpt>
   <trkpt lat="-26.1261640" lon="-51.1877750">
    <ele>791.5</ele>
   </trkpt>
   <trkpt lat="-26.1261630" lon="-51.1877840">
    <ele>791.5</ele>
   </trkpt>
   <trkpt lat="-26.1261620" lon="-51.1877930">
    <ele>792.7</ele>
   </trkpt>
   <trkpt lat="-26.1261610" lon="-51.1878020">
    <ele>792.7</ele>
   </trkpt>
   <trkpt lat="-26.1261600" lon="-51.1878110">
    <ele>792.8</ele>
   </trkpt>
   <trkpt lat="-26.1261590" lon="-51.1878200">
    <ele>792.9</ele>
   </trkpt>
   <trkpt lat="-26.1261700" lon="-51.1878170">
    <ele>793.0</ele>
   </trkpt>
   <trkpt lat="-26.1261830" lon="-51.1878070">
    <ele>793.0</ele>
   </trkpt>
   <trkpt lat="-26.1261730" lon="-51.1877840">
    <ele>792.1</ele>
   </trkpt>
   <trkpt lat="-26.1261720" lon="-51.1877840">
    <ele>792.1</ele>
   </trkpt>
   <trkpt lat="-26.1261700" lon="-51.1877840">
    <ele>792.2</ele>
   </trkpt>
   <trkpt lat="-26.1261690" lon="-51.1877840">
    <ele>792.3</ele>
   </trkpt>
   <trkpt lat="-26.1261680" lon="-51.1877840">
    <ele>792.3</ele>
   </trkpt>
   <trkpt lat="-26.1261670" lon="-51.1877840">
    <ele>792.4</ele>
   </trkpt>
   <trkpt lat="-26.1261660" lon="-51.1877840">
    <ele>792.5</ele>
   </trkpt>
   <trkpt lat="-26.1261640" lon="-51.1877840">
    <ele>792.6</ele>
   </trkpt>
   <trkpt lat="-26.1261630" lon="-51.1877840">
    <ele>792.6</ele>
   </trkpt>
   <trkpt lat="-26.1261620" lon="-51.1877840">
    <ele>792.7</ele>
   </trkpt>
   <trkpt lat="-26.1261380" lon="-51.1877990">
    <ele>794.6</ele>
   </trkpt>
   <trkpt lat="-26.1261600" lon="-51.1878530">
    <ele>795.2</ele>
   </trkpt>
   <trkpt lat="-26.1261630" lon="-51.1878530">
    <ele>795.2</ele>
   </trkpt>
   <trkpt lat="-26.1261610" lon="-51.1878430">
    <ele>795.3</ele>
   </trkpt>
   <trkpt lat="-26.1261660" lon="-51.1878370">
    <ele>795.4</ele>
   </trkpt>
   <trkpt lat="-26.1261720" lon="-51.1878150">
    <ele>794.2</ele>
   </trkpt>
   <trkpt lat="-26.1261740" lon="-51.1878260">
    <ele>794.3</ele>
   </trkpt>
   <trkpt lat="-26.1261620" lon="-51.1878200">
    <ele>794.4</ele>
   </trkpt>
   <trkpt lat="-26.1261610" lon="-51.1878200">
    <ele>794.4</ele>
   </trkpt>
   <trkpt lat="-26.1261610" lon="-51.1878200">
    <ele>794.5</ele>
   </trkpt>
   <trkpt lat="-26.1261610" lon="-51.1878200">
    <ele>794.6</ele>
   </trkpt>
   <trkpt lat="-26.1261480" lon="-51.1878690">
    <ele>796.6</ele>
   </trkpt>
   <trkpt lat="-26.1261560" lon="-51.1878550">
    <ele>796.7</ele>
   </trkpt>
   <trkpt lat="-26.1261610" lon="-51.1878360">
    <ele>796.0</ele>
   </trkpt>
   <trkpt lat="-26.1261540" lon="-51.1878390">
    <ele>796.9</ele>
   </trkpt>
   <trkpt lat="-26.1261360" lon="-51.1878420">
    <ele>796.9</ele>
   </trkpt>
   <trkpt lat="-26.1261290" lon="-51.1878410">
    <ele>797.0</ele>
   </trkpt>
   <trkpt lat="-26.1261180" lon="-51.1878600">
    <ele>797.8</ele>
   </trkpt>
   <trkpt lat="-26.1261160" lon="-51.1878720">
    <ele>797.9</ele>
   </trkpt>
   <trkpt lat="-26.1261150" lon="-51.1878840">
    <ele>799.2</ele>
   </trkpt>
   <trkpt lat="-26.1261580" lon="-51.1878320">
    <ele>796.1</ele>
   </trkpt>
   <trkpt lat="-26.1261640" lon="-51.1878320">
    <ele>795.4</ele>
   </trkpt>
   <trkpt lat="-26.1261690" lon="-51.1878270">
    <ele>795.4</ele>
   </trkpt>
   <trkpt lat="-26.1261740" lon="-51.1878210">
    <ele>795.5</ele>
   </trkpt>
   <trkpt lat="-26.1261780" lon="-51.1878150">
    <ele>795.6</ele>
   </trkpt>
   <trkpt lat="-26.1261830" lon="-51.1878100">
    <ele>795.7</ele>
   </trkpt>
   <trkpt lat="-26.1261880" lon="-51.1878040">
    <ele>795.7</ele>
   </trkpt>
   <trkpt lat="-26.1262420" lon="-51.1877630">
    <ele>793.4</ele>
   </trkpt>
   <trkpt lat="-26.1262800" lon="-51.1877370">
    <ele>792.1</ele>
   </trkpt>
   <trkpt lat="-26.1263150" lon="-51.1877090">
    <ele>791.6</ele>
   </trkpt>
   <trkpt lat="-26.1263450" lon="-51.1876900">
    <ele>790.8</ele>
   </trkpt>
   <trkpt lat="-26.1263540" lon="-51.1876530">
    <ele>789.2</ele>
   </trkpt>
   <trkpt lat="-26.1263660" lon="-51.1876210">
    <ele>789.3</ele>
   </trkpt>
   <trkpt lat="-26.1263800" lon="-51.1876100">
    <ele>788.4</ele>
   </trkpt>
   <trkpt lat="-26.1263850" lon="-51.1876060">
    <ele>788.5</ele>
   </trkpt>
   <trkpt lat="-26.1263890" lon="-51.1876010">
    <ele>788.6</ele>
   </trkpt>
   <trkpt lat="-26.1263940" lon="-51.1875970">
    <ele>788.1</ele>
   </trkpt>
   <trkpt lat="-26.1263980" lon="-51.1875920">
    <ele>788.2</ele>
   </trkpt>
   <trkpt lat="-26.1264120" lon="-51.1875670">
    <ele>787.4</ele>
   </trkpt>
   <trkpt lat="-26.1264130" lon="-51.1875630">
    <ele>787.5</ele>
   </trkpt>
   <trkpt lat="-26.1264130" lon="-51.1875590">
    <ele>787.6</ele>
   </trkpt>
   <trkpt lat="-26.1264130" lon="-51.1875550">
    <ele>787.7</ele>
   </trkpt>
   <trkpt lat="-26.1264140" lon="-51.1875510">
    <ele>787.7</ele>
   </trkpt>
   <trkpt lat="-26.1264140" lon="-51.1875470">
    <ele>787.8</ele>
   </trkpt>
   <trkpt lat="-26.1264370" lon="-51.1875170">
    <ele>786.4</ele>
   </trkpt>
   <trkpt lat="-26.1264450" lon="-51.1874930">
    <ele>786.5</ele>
   </trkpt>
   <trkpt lat="-26.1264500" lon="-51.1874470">
    <ele>785.0</ele>
   </trkpt>
   <trkpt lat="-26.1264660" lon="-51.1874070">
    <ele>785.1</ele>
   </trkpt>
   <trkpt lat="-26.1264940" lon="-51.1873600">
    <ele>783.2</ele>
   </trkpt>
   <trkpt lat="-26.1265100" lon="-51.1873120">
    <ele>781.5</ele>
   </trkpt>
   <trkpt lat="-26.1265170" lon="-51.1872580">
    <ele>781.0</ele>
   </trkpt>
   <trkpt lat="-26.1265500" lon="-51.1872510">
    <ele>780.2</ele>
   </trkpt>
   <trkpt lat="-26.1265690" lon="-51.1872130">
    <ele>779.9</ele>
   </trkpt>
   <trkpt lat="-26.1266100" lon="-51.1871780">
    <ele>778.8</ele>
   </trkpt>
   <trkpt lat="-26.1266300" lon="-51.1871610">
    <ele>778.0</ele>
   </trkpt>
   <trkpt lat="-26.1266220" lon="-51.1871930">
    <ele>778.5</ele>
   </trkpt>
   <trkpt lat="-26.1266310" lon="-51.1871730">
    <ele>778.2</ele>
   </trkpt>
   <trkpt lat="-26.1266330" lon="-51.1871560">
    <ele>778.2</ele>
   </trkpt>
   <trkpt lat="-26.1266590" lon="-51.1871430">
    <ele>777.9</ele>
   </trkpt>
   <trkpt lat="-26.1266670" lon="-51.1871090">
    <ele>777.0</ele>
   </trkpt>
   <trkpt lat="-26.1266920" lon="-51.1870800">
    <ele>776.7</ele>
   </trkpt>
   <trkpt lat="-26.1267040" lon="-51.1870650">
    <ele>776.1</ele>
   </trkpt>
   <trkpt lat="-26.1267890" lon="-51.1870770">
    <ele>775.1</ele>
   </trkpt>
   <trkpt lat="-26.1267780" lon="-51.1870660">
    <ele>775.2</ele>
   </trkpt>
   <trkpt lat="-26.1267940" lon="-51.1870450">
    <ele>774.9</ele>
   </trkpt>
   <trkpt lat="-26.1268020" lon="-51.1869970">
    <ele>774.5</ele>
   </trkpt>
   <trkpt lat="-26.1268140" lon="-51.1869640">
    <ele>773.5</ele>
   </trkpt>
   <trkpt lat="-26.1268340" lon="-51.1869680">
    <ele>773.5</ele>
   </trkpt>
   <trkpt lat="-26.1268290" lon="-51.1869540">
    <ele>773.6</ele>
   </trkpt>
   <trkpt lat="-26.1268310" lon="-51.1869820">
    <ele>774.2</ele>
   </trkpt>
   <trkpt lat="-26.1268340" lon="-51.1869620">
    <ele>773.7</ele>
   </trkpt>
   <trkpt lat="-26.1268330" lon="-51.1869600">
    <ele>773.8</ele>
   </trkpt>
   <trkpt lat="-26.1268300" lon="-51.1869540">
    <ele>773.9</ele>
   </trkpt>
   <trkpt lat="-26.1268210" lon="-51.1869270">
    <ele>773.6</ele>
   </trkpt>
   <trkpt lat="-26.1267980" lon="-51.1869020">
    <ele>774.4</ele>
   </trkpt>
   <trkpt lat="-26.1268290" lon="-51.1868160">
    <ele>773.2</ele>
   </trkpt>
   <trkpt lat="-26.1268540" lon="-51.1867960">
    <ele>773.2</ele>
   </trkpt>
   <trkpt lat="-26.1268590" lon="-51.1867930">
    <ele>773.2</ele>
   </trkpt>
   <trkpt lat="-26.1268600" lon="-51.1867970">
    <ele>773.2</ele>
   </trkpt>
   <trkpt lat="-26.1268410" lon="-51.1867970">
    <ele>773.2</ele>
   </trkpt>
   <trkpt lat="-26.1268400" lon="-51.1867930">
    <ele>773.2</ele>
   </trkpt>
   <trkpt lat="-26.1268380" lon="-51.1867850">
    <ele>773.2</ele>
   </trkpt>
   <trkpt lat="-26.1268340" lon="-51.1867650">
    <ele>773.2</ele>
   </trkpt>
   <trkpt lat="-26.1268670" lon="-51.1867520">
    <ele>773.2</ele>
   </trkpt>
   <trkpt lat="-26.1268560" lon="-51.1867300">
    <ele>773.2</ele>
   </trkpt>
   <trkpt lat="-26.1268600" lon="-51.1867150">
    <ele>773.2</ele>
   </trkpt>
   <trkpt lat="-26.1268640" lon="-51.1867020">
    <ele>773.2</ele>
   </trkpt>
   <trkpt lat="-26.1268670" lon="-51.1866990">
    <ele>773.2</ele>
   </trkpt>
   <trkpt lat="-26.1268660" lon="-51.1866900">
    <ele>773.2</ele>
   </trkpt>
   <trkpt lat="-26.1268840" lon="-51.1866850">
    <ele>773.2</ele>
   </trkpt>
   <trkpt lat="-26.1268640" lon="-51.1867330">
    <ele>773.2</ele>
   </trkpt>
   <trkpt lat="-26.1268640" lon="-51.1867690">
    <ele>773.2</ele>
   </trkpt>
   <trkpt lat="-26.1268570" lon="-51.1867840">
    <ele>773.2</ele>
   </trkpt>
   <trkpt lat="-26.1268540" lon="-51.1868060">
    <ele>773.2</ele>
   </trkpt>
   <trkpt lat="-26.1268520" lon="-51.1868440">
    <ele>773.3</ele>
   </trkpt>
   <trkpt lat="-26.1268300" lon="-51.1868650">
    <ele>773.3</ele>
   </trkpt>
   <trkpt lat="-26.1268230" lon="-51.1868770">
    <ele>773.3</ele>
   </trkpt>
   <trkpt lat="-26.1268150" lon="-51.1868900">
    <ele>773.3</ele>
   </trkpt>
   <trkpt lat="-26.1268020" lon="-51.1869190">
    <ele>773.3</ele>
   </trkpt>
   <trkpt lat="-26.1267910" lon="-51.1869230">
    <ele>773.3</ele>
   </trkpt>
   <trkpt lat="-26.1267800" lon="-51.1869450">
    <ele>773.3</ele>
   </trkpt>
   <trkpt lat="-26.1267500" lon="-51.1869740">
    <ele>773.3</ele>
   </trkpt>
   <trkpt lat="-26.1267300" lon="-51.1870090">
    <ele>773.3</ele>
   </trkpt>
   <trkpt lat="-26.1267220" lon="-51.1870190">
    <ele>773.3</ele>
   </trkpt>
   <trkpt lat="-26.1267040" lon="-51.1870460">
    <ele>773.3</ele>
   </trkpt>
   <trkpt lat="-26.1266980" lon="-51.1870580">
    <ele>773.3</ele>
   </trkpt>
   <trkpt lat="-26.1266780" lon="-51.1870760">
    <ele>773.3</ele>
   </trkpt>
   <trkpt lat="-26.1266700" lon="-51.1870830">
    <ele>773.3</ele>
   </trkpt>
   <trkpt lat="-26.1266330" lon="-51.1871180">
    <ele>773.3</ele>
   </trkpt>
   <trkpt lat="-26.1266140" lon="-51.1871310">
    <ele>773.3</ele>
   </trkpt>
   <trkpt lat="-26.1266040" lon="-51.1871610">
    <ele>773.3</ele>
   </trkpt>
   <trkpt lat="-26.1266030" lon="-51.1872080">
    <ele>773.3</ele>
   </trkpt>
   <trkpt lat="-26.1265950" lon="-51.1872390">
    <ele>773.3</ele>
   </trkpt>
   <trkpt lat="-26.1265880" lon="-51.1872490">
    <ele>773.3</ele>
   </trkpt>
   <trkpt lat="-26.1265740" lon="-51.1872840">
    <ele>773.3</ele>
   </trkpt>
   <trkpt lat="-26.1265690" lon="-51.1873380">
    <ele>773.3</ele>
   </trkpt>
   <trkpt lat="-26.1265630" lon="-51.1873640">
    <ele>773.3</ele>
   </trkpt>
   <trkpt lat="-26.1265490" lon="-51.1873900">
    <ele>773.3</ele>
   </trkpt>
   <trkpt lat="-26.1265150" lon="-51.1874170">
    <ele>773.3</ele>
   </trkpt>
   <trkpt lat="-26.1264890" lon="-51.1874550">
    <ele>773.3</ele>
   </trkpt>
   <trkpt lat="-26.1264640" lon="-51.1874870">
    <ele>773.4</ele>
   </trkpt>
   <trkpt lat="-26.1264660" lon="-51.1875050">
    <ele>773.4</ele>
   </trkpt>
   <trkpt lat="-26.1264720" lon="-51.1875130">
    <ele>773.4</ele>
   </trkpt>
   <trkpt lat="-26.1264760" lon="-51.1875190">
    <ele>773.4</ele>
   </trkpt>
   <trkpt lat="-26.1264760" lon="-51.1875180">
    <ele>773.4</ele>
   </trkpt>
   <trkpt lat="-26.1264760" lon="-51.1875230">
    <ele>773.4</ele>
   </trkpt>
   <trkpt lat="-26.1264750" lon="-51.1875320">
    <ele>773.4</ele>
   </trkpt>
   <trkpt lat="-26.1264760" lon="-51.1875420">
    <ele>773.4</ele>
   </trkpt>
   <trkpt lat="-26.1264770" lon="-51.1875440">
    <ele>773.4</ele>
   </trkpt>
   <trkpt lat="-26.1264770" lon="-51.1875460">
    <ele>773.4</ele>
   </trkpt>
   <trkpt lat="-26.1264760" lon="-51.1875550">
    <ele>773.4</ele>
   </trkpt>
   <trkpt lat="-26.1264760" lon="-51.1875590">
    <ele>773.4</ele>
   </trkpt>
   <trkpt lat="-26.1264830" lon="-51.1875900">
    <ele>773.4</ele>
   </trkpt>
   <trkpt lat="-26.1264850" lon="-51.1875880">
    <ele>773.4</ele>
   </trkpt>
   <trkpt lat="-26.1264750" lon="-51.1875830">
    <ele>773.4</ele>
   </trkpt>
   <trkpt lat="-26.1264700" lon="-51.1875790">
    <ele>773.4</ele>
   </trkpt>
   <trkpt lat="-26.1264680" lon="-51.1875710">
    <ele>773.4</ele>
   </trkpt>
   <trkpt lat="-26.1264690" lon="-51.1875650">
    <ele>773.4</ele>
   </trkpt>
   <trkpt lat="-26.1264650" lon="-51.1875500">
    <ele>773.4</ele>
   </trkpt>
   <trkpt lat="-26.1264600" lon="-51.1875370">
    <ele>773.3</ele>
   </trkpt>
   <trkpt lat="-26.1264560" lon="-51.1875250">
    <ele>773.3</ele>
   </trkpt>
   <trkpt lat="-26.1265210" lon="-51.1874800">
    <ele>773.3</ele>
   </trkpt>
   <trkpt lat="-26.1265200" lon="-51.1874630">
    <ele>773.3</ele>
   </trkpt>
   <trkpt lat="-26.1265440" lon="-51.1874630">
    <ele>773.3</ele>
   </trkpt>
   <trkpt lat="-26.1265170" lon="-51.1874870">
    <ele>773.3</ele>
   </trkpt>
   <trkpt lat="-26.1265070" lon="-51.1874710">
    <ele>773.3</ele>
   </trkpt>
   <trkpt lat="-26.1265180" lon="-51.1874740">
    <ele>773.3</ele>
   </trkpt>
   <trkpt lat="-26.1265230" lon="-51.1874770">
    <ele>773.3</ele>
   </trkpt>
   <trkpt lat="-26.1265180" lon="-51.1874620">
    <ele>773.3</ele>
   </trkpt>
   <trkpt lat="-26.1265140" lon="-51.1874610">
    <ele>773.3</ele>
   </trkpt>
   <trkpt lat="-26.1265130" lon="-51.1874500">
    <ele>773.3</ele>
   </trkpt>
   <trkpt lat="-26.1265140" lon="-51.1874200">
    <ele>773.3</ele>
   </trkpt>
   <trkpt lat="-26.1265090" lon="-51.1874180">
    <ele>773.3</ele>
   </trkpt>
   <trkpt lat="-26.1265110" lon="-51.1874070">
    <ele>773.3</ele>
   </trkpt>
   <trkpt lat="-26.1265200" lon="-51.1874430">
    <ele>773.3</ele>
   </trkpt>
   <trkpt lat="-26.1265070" lon="-51.1874470">
    <ele>773.3</ele>
   </trkpt>
   <trkpt lat="-26.1265080" lon="-51.1874810">
    <ele>773.3</ele>
   </trkpt>
   <trkpt lat="-26.1265110" lon="-51.1874900">
    <ele>773.3</ele>
   </trkpt>
   <trkpt lat="-26.1265080" lon="-51.1874640">
    <ele>773.3</ele>
   </trkpt>
   <trkpt lat="-26.1264980" lon="-51.1874510">
    <ele>773.3</ele>
   </trkpt>
   <trkpt lat="-26.1264800" lon="-51.1874360">
    <ele>773.3</ele>
   </trkpt>
   <trkpt lat="-26.1264890" lon="-51.1874310">
    <ele>773.3</ele>
   </trkpt>
   <trkpt lat="-26.1264840" lon="-51.1874390">
    <ele>773.3</ele>
   </trkpt>
   <trkpt lat="-26.1264870" lon="-51.1874350">
    <ele>773.3</ele>
   </trkpt>
   <trkpt lat="-26.1265100" lon="-51.1874720">
    <ele>773.3</ele>
   </trkpt>
   <trkpt lat="-26.1264950" lon="-51.1874640">
    <ele>773.3</ele>
   </trkpt>
   <trkpt lat="-26.1264900" lon="-51.1874710">
    <ele>773.3</ele>
   </trkpt>
   <trkpt lat="-26.1264880" lon="-51.1874620">
    <ele>773.3</ele>
   </trkpt>
   <trkpt lat="-26.1264910" lon="-51.1874540">
    <ele>773.3</ele>
   </trkpt>
   <trkpt lat="-26.1264970" lon="-51.1874590">
    <ele>773.3</ele>
   </trkpt>
   <trkpt lat="-26.1264900" lon="-51.1874610">
    <ele>773.3</ele>
   </trkpt>
   <trkpt lat="-26.1264810" lon="-51.1874750">
    <ele>773.3</ele>
   </trkpt>
   <trkpt lat="-26.1264770" lon="-51.1874810">
    <ele>773.3</ele>
   </trkpt>
   <trkpt lat="-26.1264810" lon="-51.1874800">
    <ele>773.3</ele>
   </trkpt>
   <trkpt lat="-26.1264730" lon="-51.1874990">
    <ele>773.3</ele>
   </trkpt>
   <trkpt lat="-26.1264800" lon="-51.1874860">
    <ele>773.3</ele>
   </trkpt>
   <trkpt lat="-26.1264900" lon="-51.1874680">
    <ele>773.3</ele>
   </trkpt>
   <trkpt lat="-26.1264950" lon="-51.1874430">
    <ele>773.3</ele>
   </trkpt>
   <trkpt lat="-26.1264990" lon="-51.1874170">
    <ele>773.3</ele>
   </trkpt>
   <trkpt lat="-26.1265030" lon="-51.1873910">
    <ele>773.3</ele>
   </trkpt>
   <trkpt lat="-26.1265130" lon="-51.1873510">
    <ele>773.3</ele>
   </trkpt>
   <trkpt lat="-26.1265340" lon="-51.1873100">
    <ele>773.3</ele>
   </trkpt>
   <trkpt lat="-26.1265420" lon="-51.1872510">
    <ele>773.2</ele>
   </trkpt>
   <trkpt lat="-26.1265570" lon="-51.1872030">
    <ele>773.2</ele>
   </trkpt>
   <trkpt lat="-26.1265860" lon="-51.1871660">
    <ele>773.2</ele>
   </trkpt>
   <trkpt lat="-26.1266250" lon="-51.1871160">
    <ele>773.2</ele>
   </trkpt>
   <trkpt lat="-26.1266780" lon="-51.1870610">
    <ele>773.2</ele>
   </trkpt>
   <trkpt lat="-26.1267130" lon="-51.1870120">
    <ele>773.2</ele>
   </trkpt>
   <trkpt lat="-26.1267270" lon="-51.1869290">
    <ele>773.2</ele>
   </trkpt>
   <trkpt lat="-26.1267600" lon="-51.1868660">
    <ele>773.2</ele>
   </trkpt>
   <trkpt lat="-26.1268000" lon="-51.1867940">
    <ele>773.2</ele>
   </trkpt>
   <trkpt lat="-26.1268430" lon="-51.1867480">
    <ele>773.2</ele>
   </trkpt>
   <trkpt lat="-26.1268820" lon="-51.1866880">
    <ele>773.2</ele>
   </trkpt>
   <trkpt lat="-26.1269150" lon="-51.1866250">
    <ele>773.2</ele>
   </trkpt>
   <trkpt lat="-26.1269500" lon="-51.1865450">
    <ele>773.0</ele>
   </trkpt>
   <trkpt lat="-26.1269620" lon="-51.1864730">
    <ele>772.8</ele>
   </trkpt>
   <trkpt lat="-26.1269490" lon="-51.1863980">
    <ele>772.5</ele>
   </trkpt>
   <trkpt lat="-26.1269360" lon="-51.1863300">
    <ele>772.3</ele>
   </trkpt>
   <trkpt lat="-26.1269290" lon="-51.1862580">
    <ele>772.2</ele>
   </trkpt>
   <trkpt lat="-26.1269270" lon="-51.1862040">
    <ele>772.0</ele>
   </trkpt>
   <trkpt lat="-26.1269190" lon="-51.1861510">
    <ele>771.8</ele>
   </trkpt>
   <trkpt lat="-26.1269190" lon="-51.1861010">
    <ele>771.6</ele>
   </trkpt>
   <trkpt lat="-26.1269270" lon="-51.1860450">
    <ele>771.4</ele>
   </trkpt>
   <trkpt lat="-26.1269280" lon="-51.1860060">
    <ele>771.2</ele>
   </trkpt>
   <trkpt lat="-26.1269340" lon="-51.1860000">
    <ele>771.2</ele>
   </trkpt>
   <trkpt lat="-26.1269350" lon="-51.1859950">
    <ele>771.2</ele>
   </trkpt>
   <trkpt lat="-26.1269370" lon="-51.1859890">
    <ele>771.1</ele>
   </trkpt>
   <trkpt lat="-26.1269390" lon="-51.1859840">
    <ele>771.1</ele>
   </trkpt>
   <trkpt lat="-26.1269400" lon="-51.1859790">
    <ele>771.1</ele>
   </trkpt>
   <trkpt lat="-26.1269420" lon="-51.1859740">
    <ele>771.0</ele>
   </trkpt>
   <trkpt lat="-26.1269440" lon="-51.1859690">
    <ele>771.0</ele>
   </trkpt>
   <trkpt lat="-26.1269460" lon="-51.1859640">
    <ele>771.0</ele>
   </trkpt>
   <trkpt lat="-26.1269470" lon="-51.1859580">
    <ele>770.9</ele>
   </trkpt>
   <trkpt lat="-26.1269490" lon="-51.1859530">
    <ele>770.9</ele>
   </trkpt>
   <trkpt lat="-26.1269510" lon="-51.1859480">
    <ele>770.9</ele>
   </trkpt>
   <trkpt lat="-26.1269520" lon="-51.1859430">
    <ele>770.9</ele>
   </trkpt>
   <trkpt lat="-26.1269540" lon="-51.1859380">
    <ele>770.8</ele>
   </trkpt>
   <trkpt lat="-26.1269560" lon="-51.1859320">
    <ele>770.8</ele>
   </trkpt>
   <trkpt lat="-26.1269570" lon="-51.1859270">
    <ele>770.8</ele>
   </trkpt>
   <trkpt lat="-26.1269590" lon="-51.1859220">
    <ele>770.7</ele>
   </trkpt>
   <trkpt lat="-26.1269610" lon="-51.1858930">
    <ele>770.5</ele>
   </trkpt>
   <trkpt lat="-26.1269590" lon="-51.1858810">
    <ele>770.5</ele>
   </trkpt>
   <trkpt lat="-26.1269570" lon="-51.1858480">
    <ele>770.2</ele>
   </trkpt>
   <trkpt lat="-26.1269610" lon="-51.1858110">
    <ele>770.0</ele>
   </trkpt>
   <trkpt lat="-26.1269650" lon="-51.1857610">
    <ele>769.6</ele>
   </trkpt>
   <trkpt lat="-26.1269700" lon="-51.1857150">
    <ele>769.4</ele>
   </trkpt>
   <trkpt lat="-26.1269770" lon="-51.1856750">
    <ele>769.1</ele>
   </trkpt>
   <trkpt lat="-26.1269840" lon="-51.1856180">
    <ele>768.8</ele>
   </trkpt>
   <trkpt lat="-26.1269900" lon="-51.1855720">
    <ele>768.5</ele>
   </trkpt>
   <trkpt lat="-26.1269920" lon="-51.1855230">
    <ele>768.1</ele>
   </trkpt>
   <trkpt lat="-26.1269950" lon="-51.1854740">
    <ele>767.8</ele>
   </trkpt>
   <trkpt lat="-26.1269980" lon="-51.1854220">
    <ele>767.4</ele>
   </trkpt>
   <trkpt lat="-26.1270110" lon="-51.1853800">
    <ele>767.2</ele>
   </trkpt>
   <trkpt lat="-26.1270170" lon="-51.1853280">
    <ele>766.9</ele>
   </trkpt>
   <trkpt lat="-26.1270280" lon="-51.1852830">
    <ele>766.7</ele>
   </trkpt>
   <trkpt lat="-26.1270320" lon="-51.1852230">
    <ele>766.5</ele>
   </trkpt>
   <trkpt lat="-26.1270430" lon="-51.1851720">
    <ele>766.3</ele>
   </trkpt>
   <trkpt lat="-26.1270490" lon="-51.1851160">
    <ele>766.1</ele>
   </trkpt>
   <trkpt lat="-26.1270620" lon="-51.1850650">
    <ele>765.9</ele>
   </trkpt>
   <trkpt lat="-26.1270750" lon="-51.1850120">
    <ele>765.8</ele>
   </trkpt>
   <trkpt lat="-26.1270730" lon="-51.1849580">
    <ele>765.6</ele>
   </trkpt>
   <trkpt lat="-26.1270780" lon="-51.1849100">
    <ele>765.5</ele>
   </trkpt>
   <trkpt lat="-26.1270870" lon="-51.1848490">
    <ele>765.4</ele>
   </trkpt>
   <trkpt lat="-26.1270910" lon="-51.1847890">
    <ele>765.2</ele>
   </trkpt>
   <trkpt lat="-26.1270950" lon="-51.1847380">
    <ele>765.1</ele>
   </trkpt>
   <trkpt lat="-26.1270980" lon="-51.1846800">
    <ele>765.0</ele>
   </trkpt>
   <trkpt lat="-26.1271020" lon="-51.1846230">
    <ele>764.9</ele>
   </trkpt>
   <trkpt lat="-26.1271080" lon="-51.1845630">
    <ele>764.8</ele>
   </trkpt>
   <trkpt lat="-26.1271130" lon="-51.1845000">
    <ele>764.6</ele>
   </trkpt>
   <trkpt lat="-26.1271190" lon="-51.1844370">
    <ele>764.5</ele>
   </trkpt>
   <trkpt lat="-26.1271240" lon="-51.1843830">
    <ele>764.4</ele>
   </trkpt>
   <trkpt lat="-26.1271260" lon="-51.1843240">
    <ele>764.2</ele>
   </trkpt>
   <trkpt lat="-26.1271350" lon="-51.1842650">
    <ele>764.1</ele>
   </trkpt>
   <trkpt lat="-26.1271380" lon="-51.1842080">
    <ele>763.9</ele>
   </trkpt>
   <trkpt lat="-26.1271450" lon="-51.1841490">
    <ele>763.8</ele>
   </trkpt>
   <trkpt lat="-26.1271500" lon="-51.1840910">
    <ele>763.6</ele>
   </trkpt>
   <trkpt lat="-26.1271550" lon="-51.1840270">
    <ele>763.5</ele>
   </trkpt>
   <trkpt lat="-26.1271650" lon="-51.1839640">
    <ele>763.3</ele>
   </trkpt>
   <trkpt lat="-26.1271710" lon="-51.1838990">
    <ele>763.2</ele>
   </trkpt>
   <trkpt lat="-26.1271750" lon="-51.1838360">
    <ele>763.0</ele>
   </trkpt>
   <trkpt lat="-26.1271740" lon="-51.1837680">
    <ele>762.9</ele>
   </trkpt>
   <trkpt lat="-26.1271820" lon="-51.1837020">
    <ele>762.8</ele>
   </trkpt>
   <trkpt lat="-26.1271860" lon="-51.1836330">
    <ele>762.7</ele>
   </trkpt>
   <trkpt lat="-26.1271880" lon="-51.1835720">
    <ele>762.6</ele>
   </trkpt>
   <trkpt lat="-26.1271910" lon="-51.1835090">
    <ele>762.5</ele>
   </trkpt>
   <trkpt lat="-26.1271940" lon="-51.1834460">
    <ele>762.4</ele>
   </trkpt>
   <trkpt lat="-26.1271940" lon="-51.1833840">
    <ele>762.3</ele>
   </trkpt>
   <trkpt lat="-26.1271910" lon="-51.1833200">
    <ele>762.2</ele>
   </trkpt>
   <trkpt lat="-26.1271920" lon="-51.1832540">
    <ele>762.1</ele>
   </trkpt>
   <trkpt lat="-26.1271870" lon="-51.1831850">
    <ele>762.0</ele>
   </trkpt>
   <trkpt lat="-26.1271830" lon="-51.1831230">
    <ele>762.0</ele>
   </trkpt>
   <trkpt lat="-26.1271770" lon="-51.1830630">
    <ele>762.1</ele>
   </trkpt>
   <trkpt lat="-26.1271650" lon="-51.1830030">
    <ele>762.1</ele>
   </trkpt>
   <trkpt lat="-26.1271580" lon="-51.1829440">
    <ele>762.2</ele>
   </trkpt>
   <trkpt lat="-26.1271500" lon="-51.1828890">
    <ele>762.3</ele>
   </trkpt>
   <trkpt lat="-26.1271360" lon="-51.1828350">
    <ele>762.3</ele>
   </trkpt>
   <trkpt lat="-26.1271290" lon="-51.1827790">
    <ele>762.4</ele>
   </trkpt>
   <trkpt lat="-26.1271120" lon="-51.1827390">
    <ele>762.5</ele>
   </trkpt>
   <trkpt lat="-26.1270940" lon="-51.1826870">
    <ele>762.6</ele>
   </trkpt>
   <trkpt lat="-26.1270760" lon="-51.1826450">
    <ele>762.6</ele>
   </trkpt>
   <trkpt lat="-26.1270560" lon="-51.1826180">
    <ele>762.7</ele>
   </trkpt>
   <trkpt lat="-26.1270340" lon="-51.1825790">
    <ele>762.8</ele>
   </trkpt>
   <trkpt lat="-26.1270090" lon="-51.1825370">
    <ele>762.8</ele>
   </trkpt>
   <trkpt lat="-26.1269830" lon="-51.1824950">
    <ele>763.0</ele>
   </trkpt>
   <trkpt lat="-26.1269550" lon="-51.1824600">
    <ele>763.1</ele>
   </trkpt>
   <trkpt lat="-26.1269300" lon="-51.1824290">
    <ele>763.2</ele>
   </trkpt>
   <trkpt lat="-26.1268990" lon="-51.1824020">
    <ele>763.3</ele>
   </trkpt>
   <trkpt lat="-26.1268670" lon="-51.1823830">
    <ele>763.4</ele>
   </trkpt>
   <trkpt lat="-26.1268380" lon="-51.1823550">
    <ele>763.5</ele>
   </trkpt>
   <trkpt lat="-26.1268100" lon="-51.1823230">
    <ele>763.6</ele>
   </trkpt>
   <trkpt lat="-26.1267880" lon="-51.1822880">
    <ele>763.7</ele>
   </trkpt>
   <trkpt lat="-26.1267550" lon="-51.1822600">
    <ele>763.8</ele>
   </trkpt>
   <trkpt lat="-26.1267260" lon="-51.1822340">
    <ele>763.9</ele>
   </trkpt>
   <trkpt lat="-26.1267000" lon="-51.1822080">
    <ele>764.0</ele>
   </trkpt>
   <trkpt lat="-26.1266730" lon="-51.1821870">
    <ele>764.1</ele>
   </trkpt>
   <trkpt lat="-26.1266490" lon="-51.1821610">
    <ele>764.1</ele>
   </trkpt>
   <trkpt lat="-26.1266200" lon="-51.1821350">
    <ele>764.2</ele>
   </trkpt>
   <trkpt lat="-26.1265980" lon="-51.1821090">
    <ele>764.2</ele>
   </trkpt>
   <trkpt lat="-26.1265700" lon="-51.1820660">
    <ele>764.3</ele>
   </trkpt>
   <trkpt lat="-26.1265450" lon="-51.1820370">
    <ele>764.3</ele>
   </trkpt>
   <trkpt lat="-26.1265220" lon="-51.1820180">
    <ele>764.3</ele>
   </trkpt>
   <trkpt lat="-26.1264970" lon="-51.1819850">
    <ele>764.3</ele>
   </trkpt>
   <trkpt lat="-26.1264760" lon="-51.1819510">
    <ele>764.3</ele>
   </trkpt>
   <trkpt lat="-26.1264530" lon="-51.1819100">
    <ele>764.3</ele>
   </trkpt>
   <trkpt lat="-26.1264340" lon="-51.1818680">
    <ele>764.3</ele>
   </trkpt>
   <trkpt lat="-26.1264180" lon="-51.1818340">
    <ele>764.2</ele>
   </trkpt>
   <trkpt lat="-26.1263940" lon="-51.1817990">
    <ele>764.2</ele>
   </trkpt>
   <trkpt lat="-26.1263780" lon="-51.1817660">
    <ele>764.1</ele>
   </trkpt>
   <trkpt lat="-26.1263690" lon="-51.1817280">
    <ele>764.1</ele>
   </trkpt>
   <trkpt lat="-26.1263520" lon="-51.1816870">
    <ele>764.0</ele>
   </trkpt>
   <trkpt lat="-26.1263390" lon="-51.1816520">
    <ele>764.0</ele>
   </trkpt>
   <trkpt lat="-26.1263280" lon="-51.1816140">
    <ele>764.1</ele>
   </trkpt>
   <trkpt lat="-26.1263210" lon="-51.1815690">
    <ele>764.3</ele>
   </trkpt>
   <trkpt lat="-26.1263100" lon="-51.1815360">
    <ele>764.3</ele>
   </trkpt>
   <trkpt lat="-26.1263050" lon="-51.1814890">
    <ele>764.5</ele>
   </trkpt>
   <trkpt lat="-26.1263000" lon="-51.1814440">
    <ele>764.6</ele>
   </trkpt>
   <trkpt lat="-26.1262950" lon="-51.1814260">
    <ele>764.6</ele>
   </trkpt>
   <trkpt lat="-26.1262870" lon="-51.1813950">
    <ele>764.6</ele>
   </trkpt>
   <trkpt lat="-26.1262890" lon="-51.1813610">
    <ele>764.7</ele>
   </trkpt>
   <trkpt lat="-26.1262770" lon="-51.1813190">
    <ele>764.8</ele>
   </trkpt>
   <trkpt lat="-26.1262720" lon="-51.1812840">
    <ele>764.9</ele>
   </trkpt>
   <trkpt lat="-26.1262750" lon="-51.1812360">
    <ele>765.0</ele>
   </trkpt>
   <trkpt lat="-26.1262730" lon="-51.1811900">
    <ele>765.1</ele>
   </trkpt>
   <trkpt lat="-26.1262780" lon="-51.1811540">
    <ele>765.2</ele>
   </trkpt>
   <trkpt lat="-26.1262810" lon="-51.1811110">
    <ele>765.3</ele>
   </trkpt>
   <trkpt lat="-26.1262880" lon="-51.1810670">
    <ele>765.4</ele>
   </trkpt>
   <trkpt lat="-26.1262900" lon="-51.1810200">
    <ele>765.5</ele>
   </trkpt>
   <trkpt lat="-26.1262910" lon="-51.1809810">
    <ele>765.6</ele>
   </trkpt>
   <trkpt lat="-26.1262930" lon="-51.1809410">
    <ele>765.6</ele>
   </trkpt>
   <trkpt lat="-26.1263030" lon="-51.1808980">
    <ele>765.7</ele>
   </trkpt>
   <trkpt lat="-26.1263120" lon="-51.1808570">
    <ele>765.9</ele>
   </trkpt>
   <trkpt lat="-26.1263210" lon="-51.1808240">
    <ele>766.0</ele>
   </trkpt>
   <trkpt lat="-26.1263290" lon="-51.1807780">
    <ele>766.1</ele>
   </trkpt>
   <trkpt lat="-26.1263400" lon="-51.1807370">
    <ele>766.3</ele>
   </trkpt>
   <trkpt lat="-26.1263450" lon="-51.1807070">
    <ele>766.4</ele>
   </trkpt>
   <trkpt lat="-26.1263570" lon="-51.1806660">
    <ele>766.5</ele>
   </trkpt>
   <trkpt lat="-26.1263710" lon="-51.1806330">
    <ele>766.6</ele>
   </trkpt>
   <trkpt lat="-26.1263890" lon="-51.1805980">
    <ele>766.8</ele>
   </trkpt>
   <trkpt lat="-26.1263970" lon="-51.1805680">
    <ele>766.9</ele>
   </trkpt>
   <trkpt lat="-26.1264090" lon="-51.1805220">
    <ele>767.0</ele>
   </trkpt>
   <trkpt lat="-26.1264120" lon="-51.1804860">
    <ele>767.1</ele>
   </trkpt>
   <trkpt lat="-26.1264430" lon="-51.1804520">
    <ele>767.2</ele>
   </trkpt>
   <trkpt lat="-26.1264530" lon="-51.1804130">
    <ele>767.3</ele>
   </trkpt>
   <trkpt lat="-26.1264650" lon="-51.1803700">
    <ele>767.5</ele>
   </trkpt>
   <trkpt lat="-26.1264820" lon="-51.1803350">
    <ele>767.5</ele>
   </trkpt>
   <trkpt lat="-26.1264950" lon="-51.1802880">
    <ele>767.6</ele>
   </trkpt>
   <trkpt lat="-26.1265080" lon="-51.1802680">
    <ele>767.6</ele>
   </trkpt>
   <trkpt lat="-26.1265350" lon="-51.1802330">
    <ele>767.7</ele>
   </trkpt>
   <trkpt lat="-26.1265430" lon="-51.1801980">
    <ele>767.6</ele>
   </trkpt>
   <trkpt lat="-26.1265540" lon="-51.1801690">
    <ele>767.6</ele>
   </trkpt>
   <trkpt lat="-26.1265660" lon="-51.1801390">
    <ele>767.6</ele>
   </trkpt>
   <trkpt lat="-26.1265940" lon="-51.1801010">
    <ele>767.7</ele>
   </trkpt>
   <trkpt lat="-26.1266050" lon="-51.1800830">
    <ele>767.7</ele>
   </trkpt>
   <trkpt lat="-26.1266360" lon="-51.1800320">
    <ele>767.9</ele>
   </trkpt>
   <trkpt lat="-26.1266590" lon="-51.1799870">
    <ele>768.1</ele>
   </trkpt>
   <trkpt lat="-26.1266800" lon="-51.1799590">
    <ele>768.3</ele>
   </trkpt>
   <trkpt lat="-26.1267000" lon="-51.1799160">
    <ele>768.4</ele>
   </trkpt>
   <trkpt lat="-26.1267260" lon="-51.1798890">
    <ele>768.6</ele>
   </trkpt>
   <trkpt lat="-26.1267500" lon="-51.1798690">
    <ele>768.6</ele>
   </trkpt>
   <trkpt lat="-26.1267780" lon="-51.1798290">
    <ele>768.8</ele>
   </trkpt>
   <trkpt lat="-26.1268080" lon="-51.1797900">
    <ele>768.9</ele>
   </trkpt>
   <trkpt lat="-26.1268300" lon="-51.1797550">
    <ele>768.9</ele>
   </trkpt>
   <trkpt lat="-26.1268520" lon="-51.1797230">
    <ele>769.0</ele>
   </trkpt>
   <trkpt lat="-26.1268800" lon="-51.1796920">
    <ele>769.1</ele>
   </trkpt>
   <trkpt lat="-26.1269060" lon="-51.1796520">
    <ele>769.3</ele>
   </trkpt>
   <trkpt lat="-26.1269330" lon="-51.1796210">
    <ele>769.4</ele>
   </trkpt>
   <trkpt lat="-26.1269610" lon="-51.1796030">
    <ele>769.5</ele>
   </trkpt>
   <trkpt lat="-26.1269840" lon="-51.1795810">
    <ele>769.6</ele>
   </trkpt>
   <trkpt lat="-26.1270170" lon="-51.1795430">
    <ele>769.7</ele>
   </trkpt>
   <trkpt lat="-26.1270470" lon="-51.1795070">
    <ele>769.8</ele>
   </trkpt>
   <trkpt lat="-26.1270780" lon="-51.1794800">
    <ele>769.9</ele>
   </trkpt>
   <trkpt lat="-26.1271160" lon="-51.1794640">
    <ele>770.0</ele>
   </trkpt>
   <trkpt lat="-26.1271480" lon="-51.1794400">
    <ele>770.0</ele>
   </trkpt>
   <trkpt lat="-26.1271720" lon="-51.1794010">
    <ele>770.0</ele>
   </trkpt>
   <trkpt lat="-26.1272130" lon="-51.1793530">
    <ele>770.1</ele>
   </trkpt>
   <trkpt lat="-26.1272510" lon="-51.1793220">
    <ele>770.1</ele>
   </trkpt>
   <trkpt lat="-26.1272830" lon="-51.1792710">
    <ele>770.2</ele>
   </trkpt>
   <trkpt lat="-26.1273200" lon="-51.1792350">
    <ele>770.2</ele>
   </trkpt>
   <trkpt lat="-26.1273450" lon="-51.1792100">
    <ele>770.3</ele>
   </trkpt>
   <trkpt lat="-26.1273800" lon="-51.1791850">
    <ele>770.4</ele>
   </trkpt>
   <trkpt lat="-26.1274090" lon="-51.1791570">
    <ele>770.4</ele>
   </trkpt>
   <trkpt lat="-26.1274320" lon="-51.1791220">
    <ele>770.5</ele>
   </trkpt>
   <trkpt lat="-26.1274640" lon="-51.1790990">
    <ele>770.5</ele>
   </trkpt>
   <trkpt lat="-26.1275070" lon="-51.1790600">
    <ele>770.6</ele>
   </trkpt>
   <trkpt lat="-26.1275370" lon="-51.1790160">
    <ele>770.6</ele>
   </trkpt>
   <trkpt lat="-26.1275740" lon="-51.1789820">
    <ele>770.7</ele>
   </trkpt>
   <trkpt lat="-26.1276190" lon="-51.1789470">
    <ele>770.7</ele>
   </trkpt>
   <trkpt lat="-26.1276450" lon="-51.1788950">
    <ele>770.8</ele>
   </trkpt>
   <trkpt lat="-26.1276730" lon="-51.1788550">
    <ele>770.9</ele>
   </trkpt>
   <trkpt lat="-26.1277250" lon="-51.1788040">
    <ele>771.0</ele>
   </trkpt>
   <trkpt lat="-26.1277480" lon="-51.1787520">
    <ele>771.1</ele>
   </trkpt>
   <trkpt lat="-26.1277660" lon="-51.1786950">
    <ele>771.3</ele>
   </trkpt>
   <trkpt lat="-26.1277740" lon="-51.1786260">
    <ele>771.4</ele>
   </trkpt>
   <trkpt lat="-26.1278060" lon="-51.1785650">
    <ele>771.6</ele>
   </trkpt>
   <trkpt lat="-26.1278320" lon="-51.1785140">
    <ele>771.8</ele>
   </trkpt>
   <trkpt lat="-26.1278530" lon="-51.1784710">
    <ele>772.0</ele>
   </trkpt>
   <trkpt lat="-26.1278710" lon="-51.1784110">
    <ele>772.3</ele>
   </trkpt>
   <trkpt lat="-26.1278730" lon="-51.1783520">
    <ele>772.5</ele>
   </trkpt>
   <trkpt lat="-26.1278800" lon="-51.1783000">
    <ele>772.8</ele>
   </trkpt>
   <trkpt lat="-26.1278970" lon="-51.1782460">
    <ele>773.1</ele>
   </trkpt>
   <trkpt lat="-26.1279070" lon="-51.1782020">
    <ele>773.3</ele>
   </trkpt>
   <trkpt lat="-26.1279080" lon="-51.1781490">
    <ele>773.5</ele>
   </trkpt>
   <trkpt lat="-26.1279200" lon="-51.1781150">
    <ele>773.7</ele>
   </trkpt>
   <trkpt lat="-26.1279160" lon="-51.1780780">
    <ele>773.8</ele>
   </trkpt>
   <trkpt lat="-26.1279130" lon="-51.1779850">
    <ele>774.2</ele>
   </trkpt>
   <trkpt lat="-26.1279220" lon="-51.1779530">
    <ele>774.3</ele>
   </trkpt>
   <trkpt lat="-26.1279280" lon="-51.1779160">
    <ele>774.5</ele>
   </trkpt>
   <trkpt lat="-26.1279390" lon="-51.1778830">
    <ele>774.7</ele>
   </trkpt>
   <trkpt lat="-26.1279460" lon="-51.1778660">
    <ele>774.8</ele>
   </trkpt>
   <trkpt lat="-26.1279450" lon="-51.1778330">
    <ele>775.0</ele>
   </trkpt>
   <trkpt lat="-26.1279470" lon="-51.1777940">
    <ele>775.3</ele>
   </trkpt>
   <trkpt lat="-26.1279610" lon="-51.1777580">
    <ele>775.6</ele>
   </trkpt>
   <trkpt lat="-26.1279830" lon="-51.1777240">
    <ele>775.8</ele>
   </trkpt>
   <trkpt lat="-26.1280010" lon="-51.1776910">
    <ele>776.0</ele>
   </trkpt>
   <trkpt lat="-26.1280270" lon="-51.1776770">
    <ele>776.2</ele>
   </trkpt>
   <trkpt lat="-26.1280460" lon="-51.1776500">
    <ele>776.3</ele>
   </trkpt>
   <trkpt lat="-26.1280590" lon="-51.1776180">
    <ele>776.5</ele>
   </trkpt>
   <trkpt lat="-26.1280840" lon="-51.1776010">
    <ele>776.6</ele>
   </trkpt>
   <trkpt lat="-26.1281160" lon="-51.1775760">
    <ele>776.8</ele>
   </trkpt>
   <trkpt lat="-26.1281290" lon="-51.1775650">
    <ele>776.8</ele>
   </trkpt>
   <trkpt lat="-26.1281550" lon="-51.1775440">
    <ele>776.9</ele>
   </trkpt>
   <trkpt lat="-26.1281810" lon="-51.1775300">
    <ele>777.0</ele>
   </trkpt>
   <trkpt lat="-26.1282070" lon="-51.1775140">
    <ele>777.1</ele>
   </trkpt>
   <trkpt lat="-26.1282380" lon="-51.1775030">
    <ele>777.1</ele>
   </trkpt>
   <trkpt lat="-26.1282700" lon="-51.1774920">
    <ele>777.2</ele>
   </trkpt>
   <trkpt lat="-26.1283000" lon="-51.1774700">
    <ele>777.2</ele>
   </trkpt>
   <trkpt lat="-26.1283320" lon="-51.1774580">
    <ele>777.2</ele>
   </trkpt>
   <trkpt lat="-26.1283650" lon="-51.1774500">
    <ele>777.3</ele>
   </trkpt>
   <trkpt lat="-26.1284010" lon="-51.1774380">
    <ele>777.3</ele>
   </trkpt>
   <trkpt lat="-26.1284390" lon="-51.1774250">
    <ele>777.3</ele>
   </trkpt>
   <trkpt lat="-26.1284730" lon="-51.1774110">
    <ele>777.3</ele>
   </trkpt>
   <trkpt lat="-26.1285090" lon="-51.1773910">
    <ele>777.3</ele>
   </trkpt>
   <trkpt lat="-26.1285450" lon="-51.1773680">
    <ele>777.3</ele>
   </trkpt>
   <trkpt lat="-26.1285840" lon="-51.1773420">
    <ele>777.4</ele>
   </trkpt>
   <trkpt lat="-26.1286200" lon="-51.1773080">
    <ele>777.4</ele>
   </trkpt>
   <trkpt lat="-26.1286580" lon="-51.1772880">
    <ele>777.4</ele>
   </trkpt>
   <trkpt lat="-26.1286940" lon="-51.1772560">
    <ele>777.4</ele>
   </trkpt>
   <trkpt lat="-26.1287270" lon="-51.1772420">
    <ele>777.4</ele>
   </trkpt>
   <trkpt lat="-26.1287660" lon="-51.1772130">
    <ele>777.4</ele>
   </trkpt>
   <trkpt lat="-26.1287910" lon="-51.1771860">
    <ele>777.4</ele>
   </trkpt>
   <trkpt lat="-26.1288190" lon="-51.1771550">
    <ele>777.4</ele>
   </trkpt>
   <trkpt lat="-26.1288500" lon="-51.1771260">
    <ele>777.5</ele>
   </trkpt>
   <trkpt lat="-26.1288800" lon="-51.1770890">
    <ele>777.5</ele>
   </trkpt>
   <trkpt lat="-26.1289030" lon="-51.1770510">
    <ele>777.5</ele>
   </trkpt>
   <trkpt lat="-26.1289280" lon="-51.1770130">
    <ele>777.6</ele>
   </trkpt>
   <trkpt lat="-26.1289590" lon="-51.1769720">
    <ele>777.6</ele>
   </trkpt>
   <trkpt lat="-26.1289790" lon="-51.1769330">
    <ele>777.7</ele>
   </trkpt>
   <trkpt lat="-26.1290080" lon="-51.1768910">
    <ele>777.8</ele>
   </trkpt>
   <trkpt lat="-26.1290280" lon="-51.1768300">
    <ele>777.9</ele>
   </trkpt>
   <trkpt lat="-26.1290450" lon="-51.1767930">
    <ele>777.9</ele>
   </trkpt>
   <trkpt lat="-26.1290700" lon="-51.1767610">
    <ele>777.9</ele>
   </trkpt>
   <trkpt lat="-26.1290860" lon="-51.1767120">
    <ele>778.0</ele>
   </trkpt>
   <trkpt lat="-26.1290980" lon="-51.1766490">
    <ele>778.0</ele>
   </trkpt>
   <trkpt lat="-26.1291200" lon="-51.1766060">
    <ele>778.1</ele>
   </trkpt>
   <trkpt lat="-26.1291370" lon="-51.1765660">
    <ele>778.1</ele>
   </trkpt>
   <trkpt lat="-26.1291600" lon="-51.1765150">
    <ele>778.1</ele>
   </trkpt>
   <trkpt lat="-26.1291760" lon="-51.1764750">
    <ele>778.2</ele>
   </trkpt>
   <trkpt lat="-26.1291850" lon="-51.1764430">
    <ele>778.2</ele>
   </trkpt>
   <trkpt lat="-26.1291990" lon="-51.1763770">
    <ele>778.2</ele>
   </trkpt>
   <trkpt lat="-26.1292150" lon="-51.1763280">
    <ele>778.3</ele>
   </trkpt>
   <trkpt lat="-26.1292310" lon="-51.1762880">
    <ele>778.3</ele>
   </trkpt>
   <trkpt lat="-26.1292480" lon="-51.1762450">
    <ele>778.3</ele>
   </trkpt>
   <trkpt lat="-26.1292660" lon="-51.1761990">
    <ele>778.3</ele>
   </trkpt>
   <trkpt lat="-26.1292700" lon="-51.1761510">
    <ele>778.3</ele>
   </trkpt>
   <trkpt lat="-26.1292790" lon="-51.1761070">
    <ele>778.3</ele>
   </trkpt>
   <trkpt lat="-26.1293020" lon="-51.1760610">
    <ele>778.3</ele>
   </trkpt>
   <trkpt lat="-26.1293230" lon="-51.1760200">
    <ele>778.4</ele>
   </trkpt>
   <trkpt lat="-26.1293440" lon="-51.1759800">
    <ele>778.4</ele>
   </trkpt>
   <trkpt lat="-26.1293630" lon="-51.1759400">
    <ele>778.4</ele>
   </trkpt>
   <trkpt lat="-26.1293920" lon="-51.1758950">
    <ele>778.5</ele>
   </trkpt>
   <trkpt lat="-26.1294220" lon="-51.1758590">
    <ele>778.5</ele>
   </trkpt>
   <trkpt lat="-26.1294560" lon="-51.1758280">
    <ele>778.6</ele>
   </trkpt>
   <trkpt lat="-26.1294990" lon="-51.1757960">
    <ele>778.6</ele>
   </trkpt>
   <trkpt lat="-26.1295290" lon="-51.1757680">
    <ele>778.6</ele>
   </trkpt>
   <trkpt lat="-26.1295600" lon="-51.1757380">
    <ele>778.6</ele>
   </trkpt>
   <trkpt lat="-26.1296010" lon="-51.1757130">
    <ele>778.7</ele>
   </trkpt>
   <trkpt lat="-26.1296360" lon="-51.1756970">
    <ele>778.7</ele>
   </trkpt>
   <trkpt lat="-26.1296750" lon="-51.1756800">
    <ele>778.7</ele>
   </trkpt>
   <trkpt lat="-26.1297130" lon="-51.1756610">
    <ele>778.7</ele>
   </trkpt>
   <trkpt lat="-26.1297430" lon="-51.1756540">
    <ele>778.7</ele>
   </trkpt>
   <trkpt lat="-26.1297800" lon="-51.1756600">
    <ele>778.7</ele>
   </trkpt>
   <trkpt lat="-26.1298130" lon="-51.1756550">
    <ele>778.7</ele>
   </trkpt>
   <trkpt lat="-26.1298460" lon="-51.1756530">
    <ele>778.8</ele>
   </trkpt>
   <trkpt lat="-26.1298810" lon="-51.1756540">
    <ele>778.8</ele>
   </trkpt>
   <trkpt lat="-26.1299170" lon="-51.1756520">
    <ele>778.9</ele>
   </trkpt>
   <trkpt lat="-26.1299500" lon="-51.1756520">
    <ele>779.0</ele>
   </trkpt>
   <trkpt lat="-26.1299780" lon="-51.1756620">
    <ele>779.0</ele>
   </trkpt>
   <trkpt lat="-26.1300100" lon="-51.1756670">
    <ele>779.1</ele>
   </trkpt>
   <trkpt lat="-26.1300440" lon="-51.1756600">
    <ele>779.1</ele>
   </trkpt>
   <trkpt lat="-26.1300770" lon="-51.1756500">
    <ele>779.2</ele>
   </trkpt>
   <trkpt lat="-26.1301150" lon="-51.1756650">
    <ele>779.3</ele>
   </trkpt>
   <trkpt lat="-26.1301310" lon="-51.1756720">
    <ele>779.3</ele>
   </trkpt>
   <trkpt lat="-26.1301680" lon="-51.1756790">
    <ele>779.3</ele>
   </trkpt>
   <trkpt lat="-26.1302080" lon="-51.1756820">
    <ele>779.4</ele>
   </trkpt>
   <trkpt lat="-26.1302490" lon="-51.1756730">
    <ele>779.5</ele>
   </trkpt>
   <trkpt lat="-26.1302890" lon="-51.1756700">
    <ele>779.6</ele>
   </trkpt>
   <trkpt lat="-26.1303360" lon="-51.1756670">
    <ele>779.7</ele>
   </trkpt>
   <trkpt lat="-26.1303790" lon="-51.1756410">
    <ele>779.8</ele>
   </trkpt>
   <trkpt lat="-26.1304240" lon="-51.1756290">
    <ele>779.9</ele>
   </trkpt>
   <trkpt lat="-26.1304640" lon="-51.1756210">
    <ele>780.0</ele>
   </trkpt>
   <trkpt lat="-26.1304870" lon="-51.1755890">
    <ele>780.1</ele>
   </trkpt>
   <trkpt lat="-26.1305350" lon="-51.1755840">
    <ele>780.2</ele>
   </trkpt>
   <trkpt lat="-26.1305780" lon="-51.1755730">
    <ele>780.2</ele>
   </trkpt>
   <trkpt lat="-26.1306130" lon="-51.1755580">
    <ele>780.3</ele>
   </trkpt>
   <trkpt lat="-26.1306470" lon="-51.1755290">
    <ele>780.4</ele>
   </trkpt>
   <trkpt lat="-26.1306890" lon="-51.1755020">
    <ele>780.4</ele>
   </trkpt>
   <trkpt lat="-26.1307260" lon="-51.1754790">
    <ele>780.5</ele>
   </trkpt>
   <trkpt lat="-26.1307600" lon="-51.1754580">
    <ele>780.5</ele>
   </trkpt>
   <trkpt lat="-26.1307920" lon="-51.1754410">
    <ele>780.6</ele>
   </trkpt>
   <trkpt lat="-26.1308280" lon="-51.1754010">
    <ele>780.7</ele>
   </trkpt>
   <trkpt lat="-26.1308580" lon="-51.1753780">
    <ele>780.7</ele>
   </trkpt>
   <trkpt lat="-26.1308870" lon="-51.1753390">
    <ele>780.8</ele>
   </trkpt>
   <trkpt lat="-26.1309170" lon="-51.1753160">
    <ele>780.9</ele>
   </trkpt>
   <trkpt lat="-26.1309510" lon="-51.1752830">
    <ele>781.0</ele>
   </trkpt>
   <trkpt lat="-26.1309600" lon="-51.1752460">
    <ele>781.0</ele>
   </trkpt>
   <trkpt lat="-26.1309930" lon="-51.1752020">
    <ele>781.1</ele>
   </trkpt>
   <trkpt lat="-26.1310170" lon="-51.1751650">
    <ele>781.2</ele>
   </trkpt>
   <trkpt lat="-26.1310310" lon="-51.1751190">
    <ele>781.3</ele>
   </trkpt>
   <trkpt lat="-26.1310450" lon="-51.1750770">
    <ele>781.4</ele>
   </trkpt>
   <trkpt lat="-26.1310570" lon="-51.1750410">
    <ele>781.4</ele>
   </trkpt>
   <trkpt lat="-26.1310640" lon="-51.1749770">
    <ele>781.6</ele>
   </trkpt>
   <trkpt lat="-26.1310750" lon="-51.1749290">
    <ele>781.7</ele>
   </trkpt>
   <trkpt lat="-26.1310900" lon="-51.1748870">
    <ele>781.8</ele>
   </trkpt>
   <trkpt lat="-26.1311040" lon="-51.1748360">
    <ele>781.9</ele>
   </trkpt>
   <trkpt lat="-26.1311090" lon="-51.1748100">
    <ele>781.9</ele>
   </trkpt>
   <trkpt lat="-26.1311130" lon="-51.1747570">
    <ele>782.0</ele>
   </trkpt>
   <trkpt lat="-26.1311300" lon="-51.1747070">
    <ele>782.0</ele>
   </trkpt>
   <trkpt lat="-26.1311470" lon="-51.1746810">
    <ele>782.1</ele>
   </trkpt>
   <trkpt lat="-26.1311600" lon="-51.1746450">
    <ele>782.2</ele>
   </trkpt>
   <trkpt lat="-26.1311750" lon="-51.1746070">
    <ele>782.4</ele>
   </trkpt>
   <trkpt lat="-26.1311870" lon="-51.1745450">
    <ele>782.6</ele>
   </trkpt>
   <trkpt lat="-26.1312080" lon="-51.1745140">
    <ele>782.7</ele>
   </trkpt>
   <trkpt lat="-26.1312100" lon="-51.1744920">
    <ele>782.8</ele>
   </trkpt>
   <trkpt lat="-26.1312090" lon="-51.1744560">
    <ele>782.9</ele>
   </trkpt>
   <trkpt lat="-26.1312270" lon="-51.1744220">
    <ele>783.0</ele>
   </trkpt>
   <trkpt lat="-26.1312300" lon="-51.1743880">
    <ele>783.1</ele>
   </trkpt>
   <trkpt lat="-26.1312390" lon="-51.1743570">
    <ele>783.2</ele>
   </trkpt>
   <trkpt lat="-26.1312430" lon="-51.1743270">
    <ele>783.4</ele>
   </trkpt>
   <trkpt lat="-26.1312510" lon="-51.1742870">
    <ele>783.5</ele>
   </trkpt>
   <trkpt lat="-26.1312480" lon="-51.1742530">
    <ele>783.6</ele>
   </trkpt>
   <trkpt lat="-26.1312600" lon="-51.1741990">
    <ele>783.8</ele>
   </trkpt>
   <trkpt lat="-26.1312660" lon="-51.1741520">
    <ele>784.0</ele>
   </trkpt>
   <trkpt lat="-26.1312670" lon="-51.1741140">
    <ele>784.1</ele>
   </trkpt>
   <trkpt lat="-26.1312770" lon="-51.1740610">
    <ele>784.2</ele>
   </trkpt>
   <trkpt lat="-26.1312790" lon="-51.1740120">
    <ele>784.4</ele>
   </trkpt>
   <trkpt lat="-26.1312850" lon="-51.1739600">
    <ele>784.5</ele>
   </trkpt>
   <trkpt lat="-26.1312940" lon="-51.1739100">
    <ele>784.6</ele>
   </trkpt>
   <trkpt lat="-26.1313010" lon="-51.1738720">
    <ele>784.7</ele>
   </trkpt>
   <trkpt lat="-26.1313050" lon="-51.1738250">
    <ele>784.8</ele>
   </trkpt>
   <trkpt lat="-26.1313060" lon="-51.1737800">
    <ele>784.9</ele>
   </trkpt>
   <trkpt lat="-26.1313170" lon="-51.1737420">
    <ele>785.0</ele>
   </trkpt>
   <trkpt lat="-26.1313240" lon="-51.1737000">
    <ele>785.1</ele>
   </trkpt>
   <trkpt lat="-26.1313220" lon="-51.1736590">
    <ele>785.1</ele>
   </trkpt>
   <trkpt lat="-26.1313190" lon="-51.1736160">
    <ele>785.2</ele>
   </trkpt>
   <trkpt lat="-26.1313210" lon="-51.1735810">
    <ele>785.3</ele>
   </trkpt>
   <trkpt lat="-26.1313270" lon="-51.1735490">
    <ele>785.4</ele>
   </trkpt>
   <trkpt lat="-26.1313230" lon="-51.1734990">
    <ele>785.5</ele>
   </trkpt>
   <trkpt lat="-26.1313200" lon="-51.1734550">
    <ele>785.6</ele>
   </trkpt>
   <trkpt lat="-26.1313160" lon="-51.1734100">
    <ele>785.7</ele>
   </trkpt>
   <trkpt lat="-26.1313120" lon="-51.1733680">
    <ele>785.8</ele>
   </trkpt>
   <trkpt lat="-26.1313110" lon="-51.1733300">
    <ele>785.9</ele>
   </trkpt>
   <trkpt lat="-26.1313100" lon="-51.1732870">
    <ele>786.0</ele>
   </trkpt>
   <trkpt lat="-26.1313080" lon="-51.1732560">
    <ele>786.0</ele>
   </trkpt>
   <trkpt lat="-26.1313060" lon="-51.1732110">
    <ele>786.1</ele>
   </trkpt>
   <trkpt lat="-26.1312960" lon="-51.1731710">
    <ele>786.2</ele>
   </trkpt>
   <trkpt lat="-26.1312900" lon="-51.1731390">
    <ele>786.2</ele>
   </trkpt>
   <trkpt lat="-26.1312910" lon="-51.1730930">
    <ele>786.3</ele>
   </trkpt>
   <trkpt lat="-26.1312870" lon="-51.1730600">
    <ele>786.4</ele>
   </trkpt>
   <trkpt lat="-26.1312780" lon="-51.1730300">
    <ele>786.5</ele>
   </trkpt>
   <trkpt lat="-26.1312900" lon="-51.1729980">
    <ele>786.5</ele>
   </trkpt>
   <trkpt lat="-26.1312920" lon="-51.1729820">
    <ele>786.6</ele>
   </trkpt>
   <trkpt lat="-26.1312940" lon="-51.1729200">
    <ele>786.7</ele>
   </trkpt>
   <trkpt lat="-26.1312900" lon="-51.1728760">
    <ele>786.8</ele>
   </trkpt>
   <trkpt lat="-26.1312870" lon="-51.1728390">
    <ele>786.9</ele>
   </trkpt>
   <trkpt lat="-26.1312860" lon="-51.1728080">
    <ele>787.0</ele>
   </trkpt>
   <trkpt lat="-26.1312950" lon="-51.1727690">
    <ele>787.2</ele>
   </trkpt>
   <trkpt lat="-26.1313010" lon="-51.1727230">
    <ele>787.3</ele>
   </trkpt>
   <trkpt lat="-26.1313140" lon="-51.1726810">
    <ele>787.5</ele>
   </trkpt>
   <trkpt lat="-26.1313160" lon="-51.1726610">
    <ele>787.6</ele>
   </trkpt>
   <trkpt lat="-26.1313180" lon="-51.1726310">
    <ele>787.7</ele>
   </trkpt>
   <trkpt lat="-26.1313330" lon="-51.1726050">
    <ele>787.8</ele>
   </trkpt>
   <trkpt lat="-26.1313420" lon="-51.1725830">
    <ele>787.9</ele>
   </trkpt>
   <trkpt lat="-26.1313510" lon="-51.1725610">
    <ele>788.0</ele>
   </trkpt>
   <trkpt lat="-26.1313650" lon="-51.1725270">
    <ele>788.1</ele>
   </trkpt>
   <trkpt lat="-26.1313740" lon="-51.1724950">
    <ele>788.3</ele>
   </trkpt>
   <trkpt lat="-26.1313960" lon="-51.1724600">
    <ele>788.4</ele>
   </trkpt>
   <trkpt lat="-26.1314100" lon="-51.1724180">
    <ele>788.6</ele>
   </trkpt>
   <trkpt lat="-26.1314200" lon="-51.1723830">
    <ele>788.7</ele>
   </trkpt>
   <trkpt lat="-26.1314420" lon="-51.1723570">
    <ele>788.8</ele>
   </trkpt>
   <trkpt lat="-26.1314490" lon="-51.1723430">
    <ele>788.8</ele>
   </trkpt>
   <trkpt lat="-26.1314740" lon="-51.1723160">
    <ele>788.9</ele>
   </trkpt>
   <trkpt lat="-26.1314810" lon="-51.1723030">
    <ele>789.0</ele>
   </trkpt>
   <trkpt lat="-26.1314970" lon="-51.1722720">
    <ele>789.1</ele>
   </trkpt>
   <trkpt lat="-26.1315070" lon="-51.1722590">
    <ele>789.2</ele>
   </trkpt>
   <trkpt lat="-26.1315290" lon="-51.1722200">
    <ele>789.3</ele>
   </trkpt>
   <trkpt lat="-26.1315390" lon="-51.1722070">
    <ele>789.4</ele>
   </trkpt>
   <trkpt lat="-26.1315610" lon="-51.1721850">
    <ele>789.6</ele>
   </trkpt>
   <trkpt lat="-26.1315660" lon="-51.1721790">
    <ele>789.6</ele>
   </trkpt>
   <trkpt lat="-26.1315820" lon="-51.1721620">
    <ele>789.8</ele>
   </trkpt>
   <trkpt lat="-26.1315910" lon="-51.1721550">
    <ele>789.8</ele>
   </trkpt>
   <trkpt lat="-26.1316160" lon="-51.1721250">
    <ele>790.0</ele>
   </trkpt>
   <trkpt lat="-26.1316260" lon="-51.1721140">
    <ele>790.1</ele>
   </trkpt>
   <trkpt lat="-26.1316500" lon="-51.1720860">
    <ele>790.4</ele>
   </trkpt>
   <trkpt lat="-26.1316570" lon="-51.1720720">
    <ele>790.5</ele>
   </trkpt>
   <trkpt lat="-26.1316750" lon="-51.1720440">
    <ele>790.7</ele>
   </trkpt>
   <trkpt lat="-26.1317000" lon="-51.1720110">
    <ele>790.9</ele>
   </trkpt>
   <trkpt lat="-26.1317080" lon="-51.1719970">
    <ele>791.0</ele>
   </trkpt>
   <trkpt lat="-26.1317390" lon="-51.1719640">
    <ele>791.3</ele>
   </trkpt>
   <trkpt lat="-26.1317510" lon="-51.1719520">
    <ele>791.4</ele>
   </trkpt>
   <trkpt lat="-26.1317880" lon="-51.1719110">
    <ele>791.7</ele>
   </trkpt>
   <trkpt lat="-26.1318060" lon="-51.1718880">
    <ele>791.8</ele>
   </trkpt>
   <trkpt lat="-26.1318240" lon="-51.1718590">
    <ele>792.0</ele>
   </trkpt>
   <trkpt lat="-26.1318460" lon="-51.1718380">
    <ele>792.1</ele>
   </trkpt>
   <trkpt lat="-26.1318680" lon="-51.1718170">
    <ele>792.3</ele>
   </trkpt>
   <trkpt lat="-26.1318900" lon="-51.1717940">
    <ele>792.4</ele>
   </trkpt>
   <trkpt lat="-26.1318990" lon="-51.1717860">
    <ele>792.5</ele>
   </trkpt>
   <trkpt lat="-26.1319220" lon="-51.1717690">
    <ele>792.6</ele>
   </trkpt>
   <trkpt lat="-26.1319450" lon="-51.1717340">
    <ele>792.9</ele>
   </trkpt>
   <trkpt lat="-26.1319590" lon="-51.1717250">
    <ele>792.9</ele>
   </trkpt>
   <trkpt lat="-26.1319880" lon="-51.1717030">
    <ele>793.2</ele>
   </trkpt>
   <trkpt lat="-26.1319950" lon="-51.1716930">
    <ele>793.2</ele>
   </trkpt>
   <trkpt lat="-26.1320160" lon="-51.1716700">
    <ele>793.4</ele>
   </trkpt>
   <trkpt lat="-26.1320400" lon="-51.1716390">
    <ele>793.6</ele>
   </trkpt>
   <trkpt lat="-26.1320680" lon="-51.1716110">
    <ele>793.9</ele>
   </trkpt>
   <trkpt lat="-26.1320760" lon="-51.1716000">
    <ele>793.9</ele>
   </trkpt>
   <trkpt lat="-26.1320980" lon="-51.1715790">
    <ele>794.1</ele>
   </trkpt>
   <trkpt lat="-26.1321150" lon="-51.1715570">
    <ele>794.3</ele>
   </trkpt>
   <trkpt lat="-26.1321230" lon="-51.1715470">
    <ele>794.4</ele>
   </trkpt>
   <trkpt lat="-26.1321410" lon="-51.1715240">
    <ele>794.5</ele>
   </trkpt>
   <trkpt lat="-26.1321680" lon="-51.1715100">
    <ele>794.7</ele>
   </trkpt>
   <trkpt lat="-26.1321910" lon="-51.1714870">
    <ele>794.9</ele>
   </trkpt>
   <trkpt lat="-26.1322000" lon="-51.1714740">
    <ele>794.9</ele>
   </trkpt>
   <trkpt lat="-26.1322300" lon="-51.1714560">
    <ele>795.1</ele>
   </trkpt>
   <trkpt lat="-26.1322410" lon="-51.1714500">
    <ele>795.2</ele>
   </trkpt>
   <trkpt lat="-26.1322690" lon="-51.1714350">
    <ele>795.3</ele>
   </trkpt>
   <trkpt lat="-26.1322770" lon="-51.1714290">
    <ele>795.4</ele>
   </trkpt>
   <trkpt lat="-26.1323070" lon="-51.1714110">
    <ele>795.5</ele>
   </trkpt>
   <trkpt lat="-26.1323150" lon="-51.1714060">
    <ele>795.5</ele>
   </trkpt>
   <trkpt lat="-26.1323470" lon="-51.1713830">
    <ele>795.7</ele>
   </trkpt>
   <trkpt lat="-26.1323580" lon="-51.1713740">
    <ele>795.7</ele>
   </trkpt>
   <trkpt lat="-26.1323790" lon="-51.1713560">
    <ele>795.8</ele>
   </trkpt>
   <trkpt lat="-26.1324160" lon="-51.1713360">
    <ele>795.9</ele>
   </trkpt>
   <trkpt lat="-26.1324310" lon="-51.1713070">
    <ele>795.9</ele>
   </trkpt>
   <trkpt lat="-26.1324570" lon="-51.1712820">
    <ele>796.0</ele>
   </trkpt>
   <trkpt lat="-26.1324780" lon="-51.1712650">
    <ele>796.0</ele>
   </trkpt>
   <trkpt lat="-26.1324910" lon="-51.1712580">
    <ele>796.0</ele>
   </trkpt>
   <trkpt lat="-26.1325130" lon="-51.1712330">
    <ele>796.1</ele>
   </trkpt>
   <trkpt lat="-26.1325390" lon="-51.1712140">
    <ele>796.1</ele>
   </trkpt>
   <trkpt lat="-26.1325610" lon="-51.1711920">
    <ele>796.1</ele>
   </trkpt>
   <trkpt lat="-26.1325900" lon="-51.1711840">
    <ele>796.1</ele>
   </trkpt>
   <trkpt lat="-26.1326190" lon="-51.1711690">
    <ele>796.0</ele>
   </trkpt>
   <trkpt lat="-26.1326280" lon="-51.1711680">
    <ele>796.0</ele>
   </trkpt>
   <trkpt lat="-26.1326620" lon="-51.1711560">
    <ele>796.0</ele>
   </trkpt>
   <trkpt lat="-26.1326740" lon="-51.1711520">
    <ele>796.0</ele>
   </trkpt>
   <trkpt lat="-26.1327080" lon="-51.1711280">
    <ele>795.9</ele>
   </trkpt>
   <trkpt lat="-26.1327200" lon="-51.1711200">
    <ele>795.9</ele>
   </trkpt>
   <trkpt lat="-26.1327880" lon="-51.1710760">
    <ele>795.6</ele>
   </trkpt>
   <trkpt lat="-26.1328380" lon="-51.1710230">
    <ele>795.3</ele>
   </trkpt>
   <trkpt lat="-26.1328740" lon="-51.1709760">
    <ele>795.0</ele>
   </trkpt>
   <trkpt lat="-26.1329080" lon="-51.1709460">
    <ele>794.8</ele>
   </trkpt>
   <trkpt lat="-26.1329480" lon="-51.1709070">
    <ele>794.5</ele>
   </trkpt>
   <trkpt lat="-26.1329920" lon="-51.1708600">
    <ele>794.1</ele>
   </trkpt>
   <trkpt lat="-26.1330380" lon="-51.1708080">
    <ele>793.7</ele>
   </trkpt>
   <trkpt lat="-26.1330770" lon="-51.1707630">
    <ele>793.3</ele>
   </trkpt>
   <trkpt lat="-26.1331320" lon="-51.1707050">
    <ele>792.8</ele>
   </trkpt>
   <trkpt lat="-26.1331770" lon="-51.1706500">
    <ele>792.3</ele>
   </trkpt>
   <trkpt lat="-26.1332330" lon="-51.1705910">
    <ele>791.7</ele>
   </trkpt>
   <trkpt lat="-26.1332780" lon="-51.1705100">
    <ele>790.9</ele>
   </trkpt>
   <trkpt lat="-26.1333070" lon="-51.1704210">
    <ele>790.2</ele>
   </trkpt>
   <trkpt lat="-26.1333540" lon="-51.1703620">
    <ele>789.5</ele>
   </trkpt>
   <trkpt lat="-26.1334010" lon="-51.1702830">
    <ele>788.9</ele>
   </trkpt>
   <trkpt lat="-26.1334450" lon="-51.1702090">
    <ele>788.2</ele>
   </trkpt>
   <trkpt lat="-26.1334920" lon="-51.1701290">
    <ele>787.6</ele>
   </trkpt>
   <trkpt lat="-26.1335390" lon="-51.1700440">
    <ele>786.9</ele>
   </trkpt>
   <trkpt lat="-26.1335890" lon="-51.1699620">
    <ele>786.4</ele>
   </trkpt>
   <trkpt lat="-26.1336420" lon="-51.1698650">
    <ele>785.7</ele>
   </trkpt>
   <trkpt lat="-26.1336910" lon="-51.1697770">
    <ele>785.1</ele>
   </trkpt>
   <trkpt lat="-26.1337410" lon="-51.1696970">
    <ele>784.6</ele>
   </trkpt>
   <trkpt lat="-26.1337970" lon="-51.1696120">
    <ele>784.1</ele>
   </trkpt>
   <trkpt lat="-26.1338530" lon="-51.1695240">
    <ele>783.6</ele>
   </trkpt>
   <trkpt lat="-26.1339040" lon="-51.1694460">
    <ele>783.1</ele>
   </trkpt>
   <trkpt lat="-26.1339580" lon="-51.1693690">
    <ele>782.5</ele>
   </trkpt>
   <trkpt lat="-26.1340100" lon="-51.1692800">
    <ele>781.8</ele>
   </trkpt>
   <trkpt lat="-26.1340620" lon="-51.1691910">
    <ele>781.1</ele>
   </trkpt>
   <trkpt lat="-26.1341190" lon="-51.1690980">
    <ele>780.2</ele>
   </trkpt>
   <trkpt lat="-26.1341810" lon="-51.1690040">
    <ele>779.3</ele>
   </trkpt>
   <trkpt lat="-26.1342410" lon="-51.1689040">
    <ele>778.2</ele>
   </trkpt>
   <trkpt lat="-26.1343030" lon="-51.1688090">
    <ele>777.1</ele>
   </trkpt>
   <trkpt lat="-26.1343650" lon="-51.1687130">
    <ele>776.1</ele>
   </trkpt>
   <trkpt lat="-26.1344310" lon="-51.1686130">
    <ele>775.0</ele>
   </trkpt>
   <trkpt lat="-26.1344940" lon="-51.1685120">
    <ele>774.2</ele>
   </trkpt>
   <trkpt lat="-26.1345660" lon="-51.1684210">
    <ele>773.5</ele>
   </trkpt>
   <trkpt lat="-26.1346290" lon="-51.1683230">
    <ele>772.8</ele>
   </trkpt>
   <trkpt lat="-26.1346900" lon="-51.1682300">
    <ele>772.3</ele>
   </trkpt>
   <trkpt lat="-26.1347550" lon="-51.1681400">
    <ele>771.9</ele>
   </trkpt>
   <trkpt lat="-26.1348170" lon="-51.1680510">
    <ele>771.5</ele>
   </trkpt>
   <trkpt lat="-26.1348750" lon="-51.1679650">
    <ele>771.0</ele>
   </trkpt>
   <trkpt lat="-26.1349320" lon="-51.1678740">
    <ele>770.2</ele>
   </trkpt>
   <trkpt lat="-26.1349760" lon="-51.1677680">
    <ele>769.4</ele>
   </trkpt>
   <trkpt lat="-26.1350200" lon="-51.1676590">
    <ele>768.3</ele>
   </trkpt>
   <trkpt lat="-26.1350600" lon="-51.1675460">
    <ele>767.2</ele>
   </trkpt>
   <trkpt lat="-26.1351050" lon="-51.1674400">
    <ele>766.0</ele>
   </trkpt>
   <trkpt lat="-26.1351480" lon="-51.1673240">
    <ele>764.7</ele>
   </trkpt>
   <trkpt lat="-26.1351900" lon="-51.1672040">
    <ele>763.7</ele>
   </trkpt>
   <trkpt lat="-26.1352340" lon="-51.1670890">
    <ele>762.9</ele>
   </trkpt>
   <trkpt lat="-26.1352800" lon="-51.1669710">
    <ele>762.2</ele>
   </trkpt>
   <trkpt lat="-26.1353280" lon="-51.1668620">
    <ele>761.6</ele>
   </trkpt>
   <trkpt lat="-26.1353860" lon="-51.1667620">
    <ele>761.2</ele>
   </trkpt>
   <trkpt lat="-26.1354530" lon="-51.1666710">
    <ele>761.0</ele>
   </trkpt>
   <trkpt lat="-26.1355310" lon="-51.1665940">
    <ele>760.7</ele>
   </trkpt>
   <trkpt lat="-26.1356160" lon="-51.1665320">
    <ele>760.3</ele>
   </trkpt>
   <trkpt lat="-26.1357050" lon="-51.1664880">
    <ele>760.0</ele>
   </trkpt>
   <trkpt lat="-26.1357910" lon="-51.1664470">
    <ele>759.8</ele>
   </trkpt>
   <trkpt lat="-26.1358750" lon="-51.1664070">
    <ele>759.7</ele>
   </trkpt>
   <trkpt lat="-26.1359520" lon="-51.1663640">
    <ele>759.7</ele>
   </trkpt>
   <trkpt lat="-26.1360260" lon="-51.1663230">
    <ele>759.6</ele>
   </trkpt>
   <trkpt lat="-26.1360970" lon="-51.1662830">
    <ele>759.6</ele>
   </trkpt>
   <trkpt lat="-26.1362300" lon="-51.1662070">
    <ele>759.6</ele>
   </trkpt>
   <trkpt lat="-26.1362940" lon="-51.1661740">
    <ele>759.5</ele>
   </trkpt>
   <trkpt lat="-26.1363540" lon="-51.1661380">
    <ele>759.5</ele>
   </trkpt>
   <trkpt lat="-26.1364100" lon="-51.1661100">
    <ele>759.4</ele>
   </trkpt>
   <trkpt lat="-26.1364670" lon="-51.1660820">
    <ele>759.4</ele>
   </trkpt>
   <trkpt lat="-26.1365210" lon="-51.1660540">
    <ele>759.5</ele>
   </trkpt>
   <trkpt lat="-26.1365740" lon="-51.1660280">
    <ele>759.5</ele>
   </trkpt>
   <trkpt lat="-26.1366260" lon="-51.1659980">
    <ele>759.5</ele>
   </trkpt>
   <trkpt lat="-26.1366790" lon="-51.1659700">
    <ele>759.5</ele>
   </trkpt>
   <trkpt lat="-26.1367310" lon="-51.1659420">
    <ele>759.5</ele>
   </trkpt>
   <trkpt lat="-26.1367810" lon="-51.1659180">
    <ele>759.6</ele>
   </trkpt>
   <trkpt lat="-26.1368300" lon="-51.1658940">
    <ele>759.6</ele>
   </trkpt>
   <trkpt lat="-26.1368710" lon="-51.1658680">
    <ele>759.6</ele>
   </trkpt>
   <trkpt lat="-26.1369140" lon="-51.1658460">
    <ele>759.6</ele>
   </trkpt>
   <trkpt lat="-26.1369560" lon="-51.1658260">
    <ele>759.6</ele>
   </trkpt>
   <trkpt lat="-26.1369950" lon="-51.1658090">
    <ele>759.7</ele>
   </trkpt>
   <trkpt lat="-26.1370380" lon="-51.1658040">
    <ele>759.7</ele>
   </trkpt>
   <trkpt lat="-26.1370880" lon="-51.1658000">
    <ele>759.7</ele>
   </trkpt>
   <trkpt lat="-26.1371350" lon="-51.1657910">
    <ele>759.8</ele>
   </trkpt>
   <trkpt lat="-26.1371790" lon="-51.1657920">
    <ele>759.8</ele>
   </trkpt>
   <trkpt lat="-26.1372210" lon="-51.1657920">
    <ele>759.8</ele>
   </trkpt>
   <trkpt lat="-26.1372580" lon="-51.1657930">
    <ele>759.8</ele>
   </trkpt>
   <trkpt lat="-26.1372950" lon="-51.1657930">
    <ele>759.9</ele>
   </trkpt>
   <trkpt lat="-26.1373330" lon="-51.1657950">
    <ele>759.9</ele>
   </trkpt>
   <trkpt lat="-26.1373710" lon="-51.1658000">
    <ele>759.9</ele>
   </trkpt>
   <trkpt lat="-26.1374050" lon="-51.1658050">
    <ele>760.0</ele>
   </trkpt>
   <trkpt lat="-26.1374460" lon="-51.1658180">
    <ele>760.1</ele>
   </trkpt>
   <trkpt lat="-26.1374890" lon="-51.1658330">
    <ele>760.1</ele>
   </trkpt>
   <trkpt lat="-26.1375340" lon="-51.1658470">
    <ele>760.2</ele>
   </trkpt>
   <trkpt lat="-26.1375800" lon="-51.1658600">
    <ele>760.4</ele>
   </trkpt>
   <trkpt lat="-26.1376270" lon="-51.1658720">
    <ele>760.5</ele>
   </trkpt>
   <trkpt lat="-26.1376700" lon="-51.1658810">
    <ele>760.6</ele>
   </trkpt>
   <trkpt lat="-26.1377110" lon="-51.1658860">
    <ele>760.6</ele>
   </trkpt>
   <trkpt lat="-26.1377520" lon="-51.1658870">
    <ele>760.7</ele>
   </trkpt>
   <trkpt lat="-26.1377960" lon="-51.1658830">
    <ele>760.8</ele>
   </trkpt>
   <trkpt lat="-26.1378360" lon="-51.1658800">
    <ele>760.9</ele>
   </trkpt>
   <trkpt lat="-26.1378810" lon="-51.1658680">
    <ele>761.0</ele>
   </trkpt>
   <trkpt lat="-26.1379220" lon="-51.1658570">
    <ele>761.1</ele>
   </trkpt>
   <trkpt lat="-26.1379620" lon="-51.1658430">
    <ele>761.2</ele>
   </trkpt>
   <trkpt lat="-26.1380050" lon="-51.1658190">
    <ele>761.3</ele>
   </trkpt>
   <trkpt lat="-26.1380410" lon="-51.1657940">
    <ele>761.4</ele>
   </trkpt>
   <trkpt lat="-26.1380740" lon="-51.1657580">
    <ele>761.5</ele>
   </trkpt>
   <trkpt lat="-26.1381140" lon="-51.1657220">
    <ele>761.6</ele>
   </trkpt>
   <trkpt lat="-26.1381440" lon="-51.1656850">
    <ele>761.8</ele>
   </trkpt>
   <trkpt lat="-26.1381660" lon="-51.1656490">
    <ele>761.9</ele>
   </trkpt>
   <trkpt lat="-26.1381930" lon="-51.1656110">
    <ele>762.0</ele>
   </trkpt>
   <trkpt lat="-26.1382120" lon="-51.1655700">
    <ele>762.1</ele>
   </trkpt>
   <trkpt lat="-26.1382280" lon="-51.1655260">
    <ele>762.3</ele>
   </trkpt>
   <trkpt lat="-26.1382490" lon="-51.1654820">
    <ele>762.4</ele>
   </trkpt>
   <trkpt lat="-26.1382700" lon="-51.1654430">
    <ele>762.5</ele>
   </trkpt>
   <trkpt lat="-26.1382940" lon="-51.1654100">
    <ele>762.6</ele>
   </trkpt>
   <trkpt lat="-26.1383150" lon="-51.1653700">
    <ele>762.7</ele>
   </trkpt>
   <trkpt lat="-26.1383310" lon="-51.1653270">
    <ele>762.8</ele>
   </trkpt>
   <trkpt lat="-26.1383440" lon="-51.1652830">
    <ele>762.9</ele>
   </trkpt>
   <trkpt lat="-26.1383610" lon="-51.1652430">
    <ele>763.0</ele>
   </trkpt>
   <trkpt lat="-26.1383770" lon="-51.1652040">
    <ele>763.1</ele>
   </trkpt>
   <trkpt lat="-26.1383930" lon="-51.1651630">
    <ele>763.1</ele>
   </trkpt>
   <trkpt lat="-26.1384110" lon="-51.1651220">
    <ele>763.2</ele>
   </trkpt>
   <trkpt lat="-26.1384300" lon="-51.1650870">
    <ele>763.3</ele>
   </trkpt>
   <trkpt lat="-26.1384460" lon="-51.1650480">
    <ele>763.3</ele>
   </trkpt>
   <trkpt lat="-26.1384600" lon="-51.1650020">
    <ele>763.3</ele>
   </trkpt>
   <trkpt lat="-26.1384740" lon="-51.1649590">
    <ele>763.4</ele>
   </trkpt>
   <trkpt lat="-26.1384920" lon="-51.1649230">
    <ele>763.4</ele>
   </trkpt>
   <trkpt lat="-26.1385070" lon="-51.1648780">
    <ele>763.4</ele>
   </trkpt>
   <trkpt lat="-26.1385230" lon="-51.1648380">
    <ele>763.5</ele>
   </trkpt>
   <trkpt lat="-26.1385400" lon="-51.1648000">
    <ele>763.5</ele>
   </trkpt>
   <trkpt lat="-26.1385560" lon="-51.1647570">
    <ele>763.5</ele>
   </trkpt>
   <trkpt lat="-26.1385700" lon="-51.1647130">
    <ele>763.6</ele>
   </trkpt>
   <trkpt lat="-26.1385880" lon="-51.1646720">
    <ele>763.6</ele>
   </trkpt>
   <trkpt lat="-26.1385970" lon="-51.1646270">
    <ele>763.6</ele>
   </trkpt>
   <trkpt lat="-26.1386100" lon="-51.1645820">
    <ele>763.5</ele>
   </trkpt>
   <trkpt lat="-26.1386210" lon="-51.1645290">
    <ele>763.5</ele>
   </trkpt>
   <trkpt lat="-26.1386370" lon="-51.1644890">
    <ele>763.5</ele>
   </trkpt>
   <trkpt lat="-26.1386510" lon="-51.1644420">
    <ele>763.6</ele>
   </trkpt>
   <trkpt lat="-26.1386680" lon="-51.1643960">
    <ele>763.7</ele>
   </trkpt>
   <trkpt lat="-26.1386840" lon="-51.1643540">
    <ele>763.7</ele>
   </trkpt>
   <trkpt lat="-26.1386970" lon="-51.1643090">
    <ele>763.8</ele>
   </trkpt>
   <trkpt lat="-26.1387090" lon="-51.1642640">
    <ele>763.9</ele>
   </trkpt>
   <trkpt lat="-26.1387230" lon="-51.1642120">
    <ele>764.0</ele>
   </trkpt>
   <trkpt lat="-26.1387350" lon="-51.1641680">
    <ele>764.1</ele>
   </trkpt>
   <trkpt lat="-26.1387460" lon="-51.1641210">
    <ele>764.1</ele>
   </trkpt>
   <trkpt lat="-26.1387610" lon="-51.1640750">
    <ele>764.2</ele>
   </trkpt>
   <trkpt lat="-26.1387760" lon="-51.1640280">
    <ele>764.2</ele>
   </trkpt>
   <trkpt lat="-26.1387920" lon="-51.1639830">
    <ele>764.3</ele>
   </trkpt>
   <trkpt lat="-26.1388030" lon="-51.1639360">
    <ele>764.4</ele>
   </trkpt>
   <trkpt lat="-26.1388150" lon="-51.1638930">
    <ele>764.5</ele>
   </trkpt>
   <trkpt lat="-26.1388250" lon="-51.1638470">
    <ele>764.5</ele>
   </trkpt>
   <trkpt lat="-26.1388390" lon="-51.1638070">
    <ele>764.6</ele>
   </trkpt>
   <trkpt lat="-26.1388500" lon="-51.1637670">
    <ele>764.7</ele>
   </trkpt>
   <trkpt lat="-26.1388570" lon="-51.1637220">
    <ele>764.8</ele>
   </trkpt>
   <trkpt lat="-26.1388680" lon="-51.1636770">
    <ele>764.8</ele>
   </trkpt>
   <trkpt lat="-26.1388770" lon="-51.1636360">
    <ele>764.8</ele>
   </trkpt>
   <trkpt lat="-26.1388900" lon="-51.1635930">
    <ele>764.7</ele>
   </trkpt>
   <trkpt lat="-26.1389010" lon="-51.1635430">
    <ele>764.7</ele>
   </trkpt>
   <trkpt lat="-26.1389130" lon="-51.1634950">
    <ele>764.6</ele>
   </trkpt>
   <trkpt lat="-26.1389270" lon="-51.1634490">
    <ele>764.6</ele>
   </trkpt>
   <trkpt lat="-26.1389430" lon="-51.1634040">
    <ele>764.5</ele>
   </trkpt>
   <trkpt lat="-26.1389570" lon="-51.1633510">
    <ele>764.4</ele>
   </trkpt>
   <trkpt lat="-26.1389700" lon="-51.1633000">
    <ele>764.4</ele>
   </trkpt>
   <trkpt lat="-26.1389940" lon="-51.1632440">
    <ele>764.3</ele>
   </trkpt>
   <trkpt lat="-26.1390240" lon="-51.1631950">
    <ele>764.2</ele>
   </trkpt>
   <trkpt lat="-26.1390500" lon="-51.1631540">
    <ele>764.1</ele>
   </trkpt>
   <trkpt lat="-26.1390780" lon="-51.1631060">
    <ele>764.1</ele>
   </trkpt>
   <trkpt lat="-26.1391090" lon="-51.1630590">
    <ele>764.0</ele>
   </trkpt>
   <trkpt lat="-26.1391410" lon="-51.1630160">
    <ele>764.0</ele>
   </trkpt>
   <trkpt lat="-26.1391750" lon="-51.1629710">
    <ele>764.0</ele>
   </trkpt>
   <trkpt lat="-26.1392120" lon="-51.1629300">
    <ele>763.9</ele>
   </trkpt>
   <trkpt lat="-26.1392480" lon="-51.1628880">
    <ele>763.9</ele>
   </trkpt>
   <trkpt lat="-26.1392850" lon="-51.1628530">
    <ele>763.9</ele>
   </trkpt>
   <trkpt lat="-26.1393210" lon="-51.1628120">
    <ele>763.9</ele>
   </trkpt>
   <trkpt lat="-26.1393530" lon="-51.1627700">
    <ele>763.9</ele>
   </trkpt>
   <trkpt lat="-26.1393890" lon="-51.1627270">
    <ele>763.9</ele>
   </trkpt>
   <trkpt lat="-26.1394260" lon="-51.1626880">
    <ele>763.9</ele>
   </trkpt>
   <trkpt lat="-26.1394670" lon="-51.1626470">
    <ele>763.9</ele>
   </trkpt>
   <trkpt lat="-26.1395030" lon="-51.1626120">
    <ele>763.9</ele>
   </trkpt>
   <trkpt lat="-26.1395410" lon="-51.1625660">
    <ele>763.9</ele>
   </trkpt>
   <trkpt lat="-26.1395760" lon="-51.1625190">
    <ele>763.9</ele>
   </trkpt>
   <trkpt lat="-26.1396100" lon="-51.1624730">
    <ele>763.9</ele>
   </trkpt>
   <trkpt lat="-26.1396460" lon="-51.1624320">
    <ele>764.0</ele>
   </trkpt>
   <trkpt lat="-26.1396800" lon="-51.1623870">
    <ele>764.0</ele>
   </trkpt>
   <trkpt lat="-26.1397390" lon="-51.1623020">
    <ele>764.1</ele>
   </trkpt>
   <trkpt lat="-26.1397770" lon="-51.1622590">
    <ele>764.2</ele>
   </trkpt>
   <trkpt lat="-26.1398110" lon="-51.1622170">
    <ele>764.3</ele>
   </trkpt>
   <trkpt lat="-26.1398410" lon="-51.1621680">
    <ele>764.4</ele>
   </trkpt>
   <trkpt lat="-26.1398740" lon="-51.1621270">
    <ele>764.4</ele>
   </trkpt>
   <trkpt lat="-26.1399060" lon="-51.1620850">
    <ele>764.5</ele>
   </trkpt>
   <trkpt lat="-26.1399350" lon="-51.1620400">
    <ele>764.6</ele>
   </trkpt>
   <trkpt lat="-26.1399710" lon="-51.1619900">
    <ele>764.7</ele>
   </trkpt>
   <trkpt lat="-26.1400030" lon="-51.1619460">
    <ele>764.7</ele>
   </trkpt>
   <trkpt lat="-26.1400340" lon="-51.1618970">
    <ele>764.8</ele>
   </trkpt>
   <trkpt lat="-26.1400650" lon="-51.1618560">
    <ele>764.8</ele>
   </trkpt>
   <trkpt lat="-26.1400990" lon="-51.1618060">
    <ele>764.8</ele>
   </trkpt>
   <trkpt lat="-26.1401320" lon="-51.1617600">
    <ele>764.7</ele>
   </trkpt>
   <trkpt lat="-26.1401670" lon="-51.1617150">
    <ele>764.4</ele>
   </trkpt>
   <trkpt lat="-26.1402000" lon="-51.1616700">
    <ele>764.3</ele>
   </trkpt>
   <trkpt lat="-26.1402340" lon="-51.1616280">
    <ele>764.2</ele>
   </trkpt>
   <trkpt lat="-26.1402670" lon="-51.1615860">
    <ele>764.1</ele>
   </trkpt>
   <trkpt lat="-26.1403040" lon="-51.1615410">
    <ele>764.2</ele>
   </trkpt>
   <trkpt lat="-26.1403300" lon="-51.1614970">
    <ele>764.3</ele>
   </trkpt>
   <trkpt lat="-26.1403610" lon="-51.1614470">
    <ele>764.4</ele>
   </trkpt>
   <trkpt lat="-26.1403940" lon="-51.1614030">
    <ele>764.5</ele>
   </trkpt>
   <trkpt lat="-26.1404190" lon="-51.1613590">
    <ele>764.5</ele>
   </trkpt>
   <trkpt lat="-26.1404530" lon="-51.1613110">
    <ele>764.6</ele>
   </trkpt>
   <trkpt lat="-26.1404830" lon="-51.1612700">
    <ele>764.6</ele>
   </trkpt>
   <trkpt lat="-26.1405160" lon="-51.1612240">
    <ele>764.6</ele>
   </trkpt>
   <trkpt lat="-26.1405420" lon="-51.1611840">
    <ele>764.6</ele>
   </trkpt>
   <trkpt lat="-26.1405830" lon="-51.1611360">
    <ele>764.7</ele>
   </trkpt>
   <trkpt lat="-26.1406150" lon="-51.1610840">
    <ele>764.8</ele>
   </trkpt>
   <trkpt lat="-26.1406480" lon="-51.1610370">
    <ele>764.9</ele>
   </trkpt>
   <trkpt lat="-26.1406820" lon="-51.1609980">
    <ele>765.0</ele>
   </trkpt>
   <trkpt lat="-26.1407200" lon="-51.1609560">
    <ele>765.1</ele>
   </trkpt>
   <trkpt lat="-26.1407570" lon="-51.1609160">
    <ele>765.1</ele>
   </trkpt>
   <trkpt lat="-26.1407980" lon="-51.1608800">
    <ele>765.2</ele>
   </trkpt>
   <trkpt lat="-26.1408380" lon="-51.1608400">
    <ele>765.2</ele>
   </trkpt>
   <trkpt lat="-26.1408730" lon="-51.1608030">
    <ele>765.3</ele>
   </trkpt>
   <trkpt lat="-26.1409160" lon="-51.1607650">
    <ele>765.3</ele>
   </trkpt>
   <trkpt lat="-26.1409560" lon="-51.1607300">
    <ele>765.4</ele>
   </trkpt>
   <trkpt lat="-26.1410000" lon="-51.1606900">
    <ele>765.4</ele>
   </trkpt>
   <trkpt lat="-26.1410420" lon="-51.1606580">
    <ele>765.5</ele>
   </trkpt>
   <trkpt lat="-26.1410870" lon="-51.1606270">
    <ele>765.6</ele>
   </trkpt>
   <trkpt lat="-26.1411330" lon="-51.1605970">
    <ele>765.7</ele>
   </trkpt>
   <trkpt lat="-26.1411760" lon="-51.1605660">
    <ele>765.8</ele>
   </trkpt>
   <trkpt lat="-26.1412190" lon="-51.1605370">
    <ele>765.8</ele>
   </trkpt>
   <trkpt lat="-26.1412630" lon="-51.1605150">
    <ele>765.9</ele>
   </trkpt>
   <trkpt lat="-26.1413090" lon="-51.1604980">
    <ele>765.9</ele>
   </trkpt>
   <trkpt lat="-26.1413550" lon="-51.1604800">
    <ele>765.9</ele>
   </trkpt>
   <trkpt lat="-26.1414010" lon="-51.1604590">
    <ele>765.9</ele>
   </trkpt>
   <trkpt lat="-26.1414500" lon="-51.1604440">
    <ele>765.9</ele>
   </trkpt>
   <trkpt lat="-26.1414940" lon="-51.1604270">
    <ele>766.0</ele>
   </trkpt>
   <trkpt lat="-26.1415370" lon="-51.1604110">
    <ele>766.1</ele>
   </trkpt>
   <trkpt lat="-26.1415800" lon="-51.1603980">
    <ele>766.1</ele>
   </trkpt>
   <trkpt lat="-26.1416220" lon="-51.1603810">
    <ele>766.2</ele>
   </trkpt>
   <trkpt lat="-26.1416630" lon="-51.1603740">
    <ele>766.2</ele>
   </trkpt>
   <trkpt lat="-26.1417040" lon="-51.1603620">
    <ele>766.3</ele>
   </trkpt>
   <trkpt lat="-26.1417490" lon="-51.1603480">
    <ele>766.4</ele>
   </trkpt>
   <trkpt lat="-26.1417940" lon="-51.1603290">
    <ele>766.5</ele>
   </trkpt>
   <trkpt lat="-26.1418340" lon="-51.1603160">
    <ele>766.6</ele>
   </trkpt>
   <trkpt lat="-26.1418740" lon="-51.1603040">
    <ele>766.7</ele>
   </trkpt>
   <trkpt lat="-26.1419120" lon="-51.1602940">
    <ele>766.8</ele>
   </trkpt>
   <trkpt lat="-26.1419540" lon="-51.1602820">
    <ele>766.9</ele>
   </trkpt>
   <trkpt lat="-26.1419950" lon="-51.1602780">
    <ele>767.0</ele>
   </trkpt>
   <trkpt lat="-26.1420350" lon="-51.1602650">
    <ele>767.1</ele>
   </trkpt>
   <trkpt lat="-26.1420720" lon="-51.1602520">
    <ele>767.2</ele>
   </trkpt>
   <trkpt lat="-26.1421190" lon="-51.1602390">
    <ele>767.3</ele>
   </trkpt>
   <trkpt lat="-26.1421550" lon="-51.1602250">
    <ele>767.4</ele>
   </trkpt>
   <trkpt lat="-26.1421880" lon="-51.1602120">
    <ele>767.5</ele>
   </trkpt>
   <trkpt lat="-26.1422240" lon="-51.1602040">
    <ele>767.6</ele>
   </trkpt>
   <trkpt lat="-26.1422630" lon="-51.1601980">
    <ele>767.7</ele>
   </trkpt>
   <trkpt lat="-26.1423010" lon="-51.1601880">
    <ele>767.8</ele>
   </trkpt>
   <trkpt lat="-26.1423390" lon="-51.1601750">
    <ele>767.8</ele>
   </trkpt>
   <trkpt lat="-26.1423750" lon="-51.1601640">
    <ele>767.9</ele>
   </trkpt>
   <trkpt lat="-26.1424130" lon="-51.1601590">
    <ele>768.0</ele>
   </trkpt>
   <trkpt lat="-26.1424490" lon="-51.1601500">
    <ele>768.1</ele>
   </trkpt>
   <trkpt lat="-26.1424860" lon="-51.1601420">
    <ele>768.2</ele>
   </trkpt>
   <trkpt lat="-26.1425210" lon="-51.1601320">
    <ele>768.3</ele>
   </trkpt>
   <trkpt lat="-26.1425560" lon="-51.1601200">
    <ele>768.4</ele>
   </trkpt>
   <trkpt lat="-26.1425930" lon="-51.1601070">
    <ele>768.5</ele>
   </trkpt>
   <trkpt lat="-26.1426320" lon="-51.1600990">
    <ele>768.6</ele>
   </trkpt>
   <trkpt lat="-26.1426640" lon="-51.1600890">
    <ele>768.7</ele>
   </trkpt>
   <trkpt lat="-26.1426990" lon="-51.1600790">
    <ele>768.8</ele>
   </trkpt>
   <trkpt lat="-26.1427350" lon="-51.1600730">
    <ele>768.8</ele>
   </trkpt>
   <trkpt lat="-26.1427720" lon="-51.1600650">
    <ele>768.9</ele>
   </trkpt>
   <trkpt lat="-26.1428060" lon="-51.1600550">
    <ele>769.1</ele>
   </trkpt>
   <trkpt lat="-26.1428370" lon="-51.1600430">
    <ele>769.2</ele>
   </trkpt>
   <trkpt lat="-26.1428690" lon="-51.1600340">
    <ele>769.3</ele>
   </trkpt>
   <trkpt lat="-26.1428990" lon="-51.1600310">
    <ele>769.4</ele>
   </trkpt>
   <trkpt lat="-26.1429330" lon="-51.1600230">
    <ele>769.6</ele>
   </trkpt>
   <trkpt lat="-26.1429640" lon="-51.1600130">
    <ele>769.7</ele>
   </trkpt>
   <trkpt lat="-26.1429970" lon="-51.1600060">
    <ele>769.8</ele>
   </trkpt>
   <trkpt lat="-26.1430300" lon="-51.1599990">
    <ele>769.9</ele>
   </trkpt>
   <trkpt lat="-26.1430630" lon="-51.1599870">
    <ele>770.1</ele>
   </trkpt>
   <trkpt lat="-26.1430960" lon="-51.1599750">
    <ele>770.2</ele>
   </trkpt>
   <trkpt lat="-26.1431250" lon="-51.1599650">
    <ele>770.3</ele>
   </trkpt>
   <trkpt lat="-26.1431550" lon="-51.1599550">
    <ele>770.4</ele>
   </trkpt>
   <trkpt lat="-26.1431840" lon="-51.1599410">
    <ele>770.6</ele>
   </trkpt>
   <trkpt lat="-26.1432120" lon="-51.1599260">
    <ele>770.7</ele>
   </trkpt>
   <trkpt lat="-26.1432450" lon="-51.1599220">
    <ele>770.8</ele>
   </trkpt>
   <trkpt lat="-26.1432800" lon="-51.1599080">
    <ele>770.9</ele>
   </trkpt>
   <trkpt lat="-26.1433160" lon="-51.1598980">
    <ele>771.0</ele>
   </trkpt>
   <trkpt lat="-26.1433470" lon="-51.1598830">
    <ele>771.1</ele>
   </trkpt>
   <trkpt lat="-26.1433750" lon="-51.1598680">
    <ele>771.2</ele>
   </trkpt>
   <trkpt lat="-26.1434040" lon="-51.1598530">
    <ele>771.2</ele>
   </trkpt>
   <trkpt lat="-26.1434330" lon="-51.1598390">
    <ele>771.3</ele>
   </trkpt>
   <trkpt lat="-26.1434660" lon="-51.1598270">
    <ele>771.3</ele>
   </trkpt>
   <trkpt lat="-26.1435290" lon="-51.1597930">
    <ele>771.4</ele>
   </trkpt>
   <trkpt lat="-26.1435600" lon="-51.1597760">
    <ele>771.4</ele>
   </trkpt>
   <trkpt lat="-26.1435910" lon="-51.1597560">
    <ele>771.4</ele>
   </trkpt>
   <trkpt lat="-26.1436260" lon="-51.1597410">
    <ele>771.4</ele>
   </trkpt>
   <trkpt lat="-26.1436580" lon="-51.1597200">
    <ele>771.4</ele>
   </trkpt>
   <trkpt lat="-26.1436910" lon="-51.1596970">
    <ele>771.4</ele>
   </trkpt>
   <trkpt lat="-26.1437270" lon="-51.1596790">
    <ele>771.4</ele>
   </trkpt>
   <trkpt lat="-26.1437590" lon="-51.1596620">
    <ele>771.3</ele>
   </trkpt>
   <trkpt lat="-26.1437950" lon="-51.1596370">
    <ele>771.3</ele>
   </trkpt>
   <trkpt lat="-26.1438300" lon="-51.1596070">
    <ele>771.2</ele>
   </trkpt>
   <trkpt lat="-26.1438650" lon="-51.1595850">
    <ele>771.2</ele>
   </trkpt>
   <trkpt lat="-26.1439010" lon="-51.1595640">
    <ele>771.1</ele>
   </trkpt>
   <trkpt lat="-26.1439370" lon="-51.1595400">
    <ele>771.0</ele>
   </trkpt>
   <trkpt lat="-26.1439740" lon="-51.1595080">
    <ele>771.0</ele>
   </trkpt>
   <trkpt lat="-26.1440080" lon="-51.1594810">
    <ele>770.9</ele>
   </trkpt>
   <trkpt lat="-26.1440440" lon="-51.1594530">
    <ele>770.8</ele>
   </trkpt>
   <trkpt lat="-26.1440810" lon="-51.1594270">
    <ele>770.7</ele>
   </trkpt>
   <trkpt lat="-26.1441190" lon="-51.1594000">
    <ele>770.7</ele>
   </trkpt>
   <trkpt lat="-26.1441570" lon="-51.1593740">
    <ele>770.6</ele>
   </trkpt>
   <trkpt lat="-26.1441950" lon="-51.1593450">
    <ele>770.5</ele>
   </trkpt>
   <trkpt lat="-26.1442320" lon="-51.1593210">
    <ele>770.4</ele>
   </trkpt>
   <trkpt lat="-26.1442710" lon="-51.1592960">
    <ele>770.3</ele>
   </trkpt>
   <trkpt lat="-26.1443110" lon="-51.1592720">
    <ele>770.3</ele>
   </trkpt>
   <trkpt lat="-26.1443490" lon="-51.1592460">
    <ele>770.2</ele>
   </trkpt>
   <trkpt lat="-26.1443890" lon="-51.1592230">
    <ele>770.1</ele>
   </trkpt>
   <trkpt lat="-26.1444300" lon="-51.1591960">
    <ele>770.0</ele>
   </trkpt>
   <trkpt lat="-26.1444710" lon="-51.1591730">
    <ele>770.0</ele>
   </trkpt>
   <trkpt lat="-26.1445130" lon="-51.1591460">
    <ele>769.9</ele>
   </trkpt>
   <trkpt lat="-26.1445550" lon="-51.1591210">
    <ele>769.8</ele>
   </trkpt>
   <trkpt lat="-26.1445990" lon="-51.1591020">
    <ele>769.8</ele>
   </trkpt>
   <trkpt lat="-26.1446450" lon="-51.1590800">
    <ele>769.7</ele>
   </trkpt>
   <trkpt lat="-26.1446900" lon="-51.1590590">
    <ele>769.6</ele>
   </trkpt>
   <trkpt lat="-26.1447340" lon="-51.1590370">
    <ele>769.6</ele>
   </trkpt>
   <trkpt lat="-26.1447780" lon="-51.1590160">
    <ele>769.5</ele>
   </trkpt>
   <trkpt lat="-26.1448260" lon="-51.1590040">
    <ele>769.5</ele>
   </trkpt>
   <trkpt lat="-26.1448740" lon="-51.1589900">
    <ele>769.5</ele>
   </trkpt>
   <trkpt lat="-26.1449240" lon="-51.1589680">
    <ele>769.5</ele>
   </trkpt>
   <trkpt lat="-26.1449720" lon="-51.1589520">
    <ele>769.5</ele>
   </trkpt>
   <trkpt lat="-26.1450140" lon="-51.1589390">
    <ele>769.5</ele>
   </trkpt>
   <trkpt lat="-26.1450620" lon="-51.1589260">
    <ele>769.5</ele>
   </trkpt>
   <trkpt lat="-26.1451100" lon="-51.1589190">
    <ele>769.5</ele>
   </trkpt>
   <trkpt lat="-26.1451570" lon="-51.1589030">
    <ele>769.5</ele>
   </trkpt>
   <trkpt lat="-26.1452030" lon="-51.1588890">
    <ele>769.5</ele>
   </trkpt>
   <trkpt lat="-26.1452500" lon="-51.1588770">
    <ele>769.5</ele>
   </trkpt>
   <trkpt lat="-26.1452970" lon="-51.1588680">
    <ele>769.5</ele>
   </trkpt>
   <trkpt lat="-26.1453420" lon="-51.1588520">
    <ele>769.5</ele>
   </trkpt>
   <trkpt lat="-26.1453910" lon="-51.1588380">
    <ele>769.5</ele>
   </trkpt>
   <trkpt lat="-26.1454410" lon="-51.1588250">
    <ele>769.6</ele>
   </trkpt>
   <trkpt lat="-26.1454870" lon="-51.1588140">
    <ele>769.7</ele>
   </trkpt>
   <trkpt lat="-26.1455330" lon="-51.1588030">
    <ele>769.8</ele>
   </trkpt>
   <trkpt lat="-26.1455780" lon="-51.1587880">
    <ele>769.9</ele>
   </trkpt>
   <trkpt lat="-26.1456200" lon="-51.1587760">
    <ele>769.9</ele>
   </trkpt>
   <trkpt lat="-26.1456630" lon="-51.1587660">
    <ele>770.0</ele>
   </trkpt>
   <trkpt lat="-26.1457040" lon="-51.1587520">
    <ele>770.1</ele>
   </trkpt>
   <trkpt lat="-26.1457470" lon="-51.1587360">
    <ele>770.2</ele>
   </trkpt>
   <trkpt lat="-26.1457950" lon="-51.1587180">
    <ele>770.3</ele>
   </trkpt>
   <trkpt lat="-26.1458390" lon="-51.1587030">
    <ele>770.4</ele>
   </trkpt>
   <trkpt lat="-26.1458780" lon="-51.1586900">
    <ele>770.5</ele>
   </trkpt>
   <trkpt lat="-26.1459200" lon="-51.1586740">
    <ele>770.6</ele>
   </trkpt>
   <trkpt lat="-26.1459580" lon="-51.1586580">
    <ele>770.7</ele>
   </trkpt>
   <trkpt lat="-26.1459970" lon="-51.1586430">
    <ele>770.8</ele>
   </trkpt>
   <trkpt lat="-26.1460360" lon="-51.1586280">
    <ele>770.9</ele>
   </trkpt>
   <trkpt lat="-26.1460800" lon="-51.1586140">
    <ele>770.9</ele>
   </trkpt>
   <trkpt lat="-26.1461220" lon="-51.1586050">
    <ele>770.9</ele>
   </trkpt>
   <trkpt lat="-26.1461600" lon="-51.1585900">
    <ele>770.9</ele>
   </trkpt>
   <trkpt lat="-26.1461950" lon="-51.1585750">
    <ele>771.0</ele>
   </trkpt>
   <trkpt lat="-26.1462370" lon="-51.1585600">
    <ele>771.0</ele>
   </trkpt>
   <trkpt lat="-26.1462890" lon="-51.1585420">
    <ele>771.0</ele>
   </trkpt>
   <trkpt lat="-26.1463320" lon="-51.1585250">
    <ele>771.0</ele>
   </trkpt>
   <trkpt lat="-26.1463750" lon="-51.1585080">
    <ele>771.0</ele>
   </trkpt>
   <trkpt lat="-26.1464180" lon="-51.1584940">
    <ele>771.0</ele>
   </trkpt>
   <trkpt lat="-26.1464650" lon="-51.1584780">
    <ele>771.0</ele>
   </trkpt>
   <trkpt lat="-26.1465110" lon="-51.1584580">
    <ele>771.0</ele>
   </trkpt>
   <trkpt lat="-26.1465520" lon="-51.1584400">
    <ele>771.0</ele>
   </trkpt>
   <trkpt lat="-26.1465970" lon="-51.1584190">
    <ele>771.0</ele>
   </trkpt>
   <trkpt lat="-26.1466400" lon="-51.1584020">
    <ele>771.0</ele>
   </trkpt>
   <trkpt lat="-26.1466810" lon="-51.1583770">
    <ele>770.9</ele>
   </trkpt>
   <trkpt lat="-26.1467220" lon="-51.1583530">
    <ele>770.9</ele>
   </trkpt>
   <trkpt lat="-26.1467640" lon="-51.1583300">
    <ele>770.8</ele>
   </trkpt>
   <trkpt lat="-26.1468060" lon="-51.1583090">
    <ele>770.8</ele>
   </trkpt>
   <trkpt lat="-26.1468510" lon="-51.1582880">
    <ele>770.8</ele>
   </trkpt>
   <trkpt lat="-26.1468910" lon="-51.1582570">
    <ele>770.7</ele>
   </trkpt>
   <trkpt lat="-26.1469280" lon="-51.1582270">
    <ele>770.6</ele>
   </trkpt>
   <trkpt lat="-26.1469700" lon="-51.1581950">
    <ele>770.5</ele>
   </trkpt>
   <trkpt lat="-26.1470090" lon="-51.1581530">
    <ele>770.3</ele>
   </trkpt>
   <trkpt lat="-26.1470470" lon="-51.1581130">
    <ele>770.1</ele>
   </trkpt>
   <trkpt lat="-26.1470850" lon="-51.1580700">
    <ele>769.9</ele>
   </trkpt>
   <trkpt lat="-26.1471190" lon="-51.1580200">
    <ele>769.7</ele>
   </trkpt>
   <trkpt lat="-26.1471520" lon="-51.1579640">
    <ele>769.6</ele>
   </trkpt>
   <trkpt lat="-26.1471820" lon="-51.1579070">
    <ele>769.4</ele>
   </trkpt>
   <trkpt lat="-26.1472150" lon="-51.1578520">
    <ele>769.2</ele>
   </trkpt>
   <trkpt lat="-26.1472410" lon="-51.1577930">
    <ele>769.0</ele>
   </trkpt>
   <trkpt lat="-26.1472670" lon="-51.1577290">
    <ele>768.8</ele>
   </trkpt>
   <trkpt lat="-26.1472870" lon="-51.1576650">
    <ele>768.5</ele>
   </trkpt>
   <trkpt lat="-26.1473080" lon="-51.1576020">
    <ele>768.3</ele>
   </trkpt>
   <trkpt lat="-26.1473230" lon="-51.1575360">
    <ele>768.1</ele>
   </trkpt>
   <trkpt lat="-26.1473320" lon="-51.1574670">
    <ele>767.9</ele>
   </trkpt>
   <trkpt lat="-26.1473420" lon="-51.1574010">
    <ele>767.7</ele>
   </trkpt>
   <trkpt lat="-26.1473530" lon="-51.1573410">
    <ele>767.5</ele>
   </trkpt>
   <trkpt lat="-26.1473580" lon="-51.1572700">
    <ele>767.4</ele>
   </trkpt>
   <trkpt lat="-26.1473630" lon="-51.1572070">
    <ele>767.3</ele>
   </trkpt>
   <trkpt lat="-26.1473600" lon="-51.1571360">
    <ele>767.1</ele>
   </trkpt>
   <trkpt lat="-26.1473590" lon="-51.1570710">
    <ele>766.9</ele>
   </trkpt>
   <trkpt lat="-26.1473590" lon="-51.1570060">
    <ele>766.6</ele>
   </trkpt>
   <trkpt lat="-26.1473580" lon="-51.1569370">
    <ele>766.4</ele>
   </trkpt>
   <trkpt lat="-26.1473530" lon="-51.1568680">
    <ele>766.1</ele>
   </trkpt>
   <trkpt lat="-26.1473480" lon="-51.1567990">
    <ele>765.9</ele>
   </trkpt>
   <trkpt lat="-26.1473440" lon="-51.1567310">
    <ele>765.7</ele>
   </trkpt>
   <trkpt lat="-26.1473390" lon="-51.1566580">
    <ele>765.5</ele>
   </trkpt>
   <trkpt lat="-26.1473320" lon="-51.1565880">
    <ele>765.3</ele>
   </trkpt>
   <trkpt lat="-26.1473300" lon="-51.1565190">
    <ele>765.1</ele>
   </trkpt>
   <trkpt lat="-26.1473270" lon="-51.1564510">
    <ele>764.9</ele>
   </trkpt>
   <trkpt lat="-26.1473240" lon="-51.1563830">
    <ele>764.7</ele>
   </trkpt>
   <trkpt lat="-26.1473230" lon="-51.1563160">
    <ele>764.6</ele>
   </trkpt>
   <trkpt lat="-26.1473190" lon="-51.1562430">
    <ele>764.3</ele>
   </trkpt>
   <trkpt lat="-26.1473150" lon="-51.1561670">
    <ele>764.0</ele>
   </trkpt>
   <trkpt lat="-26.1473090" lon="-51.1560930">
    <ele>763.7</ele>
   </trkpt>
   <trkpt lat="-26.1473050" lon="-51.1560180">
    <ele>763.5</ele>
   </trkpt>
   <trkpt lat="-26.1473010" lon="-51.1559390">
    <ele>763.3</ele>
   </trkpt>
   <trkpt lat="-26.1472990" lon="-51.1558630">
    <ele>763.1</ele>
   </trkpt>
   <trkpt lat="-26.1472980" lon="-51.1557910">
    <ele>762.9</ele>
   </trkpt>
   <trkpt lat="-26.1472920" lon="-51.1557160">
    <ele>762.6</ele>
   </trkpt>
   <trkpt lat="-26.1472920" lon="-51.1556410">
    <ele>762.4</ele>
   </trkpt>
   <trkpt lat="-26.1472930" lon="-51.1555640">
    <ele>762.2</ele>
   </trkpt>
   <trkpt lat="-26.1472940" lon="-51.1554890">
    <ele>762.1</ele>
   </trkpt>
   <trkpt lat="-26.1473020" lon="-51.1554150">
    <ele>761.9</ele>
   </trkpt>
   <trkpt lat="-26.1473120" lon="-51.1553390">
    <ele>761.8</ele>
   </trkpt>
   <trkpt lat="-26.1473250" lon="-51.1552690">
    <ele>761.6</ele>
   </trkpt>
   <trkpt lat="-26.1473470" lon="-51.1552000">
    <ele>761.5</ele>
   </trkpt>
   <trkpt lat="-26.1473720" lon="-51.1551270">
    <ele>761.4</ele>
   </trkpt>
   <trkpt lat="-26.1473990" lon="-51.1550570">
    <ele>761.3</ele>
   </trkpt>
   <trkpt lat="-26.1474330" lon="-51.1549920">
    <ele>761.2</ele>
   </trkpt>
   <trkpt lat="-26.1474670" lon="-51.1549330">
    <ele>761.1</ele>
   </trkpt>
   <trkpt lat="-26.1475080" lon="-51.1548710">
    <ele>761.0</ele>
   </trkpt>
   <trkpt lat="-26.1475550" lon="-51.1548110">
    <ele>760.9</ele>
   </trkpt>
   <trkpt lat="-26.1476010" lon="-51.1547610">
    <ele>760.8</ele>
   </trkpt>
   <trkpt lat="-26.1476440" lon="-51.1547090">
    <ele>760.7</ele>
   </trkpt>
   <trkpt lat="-26.1476880" lon="-51.1546590">
    <ele>760.6</ele>
   </trkpt>
   <trkpt lat="-26.1477340" lon="-51.1546100">
    <ele>760.6</ele>
   </trkpt>
   <trkpt lat="-26.1477780" lon="-51.1545600">
    <ele>760.7</ele>
   </trkpt>
   <trkpt lat="-26.1478210" lon="-51.1545130">
    <ele>760.9</ele>
   </trkpt>
   <trkpt lat="-26.1478630" lon="-51.1544660">
    <ele>761.1</ele>
   </trkpt>
   <trkpt lat="-26.1479040" lon="-51.1544140">
    <ele>761.3</ele>
   </trkpt>
   <trkpt lat="-26.1479460" lon="-51.1543640">
    <ele>761.5</ele>
   </trkpt>
   <trkpt lat="-26.1479850" lon="-51.1543130">
    <ele>761.6</ele>
   </trkpt>
   <trkpt lat="-26.1480250" lon="-51.1542650">
    <ele>761.7</ele>
   </trkpt>
   <trkpt lat="-26.1480640" lon="-51.1542180">
    <ele>761.8</ele>
   </trkpt>
   <trkpt lat="-26.1481050" lon="-51.1541730">
    <ele>761.9</ele>
   </trkpt>
   <trkpt lat="-26.1481440" lon="-51.1541300">
    <ele>761.9</ele>
   </trkpt>
   <trkpt lat="-26.1481830" lon="-51.1540830">
    <ele>762.0</ele>
   </trkpt>
   <trkpt lat="-26.1482200" lon="-51.1540350">
    <ele>762.0</ele>
   </trkpt>
   <trkpt lat="-26.1482580" lon="-51.1539890">
    <ele>762.1</ele>
   </trkpt>
   <trkpt lat="-26.1482970" lon="-51.1539430">
    <ele>762.1</ele>
   </trkpt>
   <trkpt lat="-26.1483370" lon="-51.1538950">
    <ele>762.2</ele>
   </trkpt>
   <trkpt lat="-26.1483750" lon="-51.1538520">
    <ele>762.4</ele>
   </trkpt>
   <trkpt lat="-26.1484110" lon="-51.1538100">
    <ele>762.5</ele>
   </trkpt>
   <trkpt lat="-26.1484490" lon="-51.1537680">
    <ele>762.7</ele>
   </trkpt>
   <trkpt lat="-26.1484850" lon="-51.1537280">
    <ele>762.8</ele>
   </trkpt>
   <trkpt lat="-26.1485210" lon="-51.1536840">
    <ele>763.0</ele>
   </trkpt>
   <trkpt lat="-26.1485530" lon="-51.1536430">
    <ele>763.1</ele>
   </trkpt>
   <trkpt lat="-26.1485890" lon="-51.1536030">
    <ele>763.2</ele>
   </trkpt>
   <trkpt lat="-26.1486210" lon="-51.1535610">
    <ele>763.3</ele>
   </trkpt>
   <trkpt lat="-26.1486540" lon="-51.1535210">
    <ele>763.4</ele>
   </trkpt>
   <trkpt lat="-26.1486880" lon="-51.1534740">
    <ele>763.5</ele>
   </trkpt>
   <trkpt lat="-26.1487120" lon="-51.1534410">
    <ele>763.5</ele>
   </trkpt>
   <trkpt lat="-26.1487440" lon="-51.1534000">
    <ele>763.5</ele>
   </trkpt>
   <trkpt lat="-26.1487740" lon="-51.1533620">
    <ele>763.5</ele>
   </trkpt>
   <trkpt lat="-26.1487960" lon="-51.1533200">
    <ele>763.6</ele>
   </trkpt>
   <trkpt lat="-26.1488170" lon="-51.1532840">
    <ele>763.7</ele>
   </trkpt>
   <trkpt lat="-26.1488380" lon="-51.1532460">
    <ele>763.8</ele>
   </trkpt>
   <trkpt lat="-26.1488610" lon="-51.1531980">
    <ele>764.0</ele>
   </trkpt>
   <trkpt lat="-26.1488850" lon="-51.1531600">
    <ele>764.2</ele>
   </trkpt>
   <trkpt lat="-26.1489090" lon="-51.1531190">
    <ele>764.4</ele>
   </trkpt>
   <trkpt lat="-26.1489260" lon="-51.1530780">
    <ele>764.7</ele>
   </trkpt>
   <trkpt lat="-26.1489470" lon="-51.1530360">
    <ele>765.0</ele>
   </trkpt>
   <trkpt lat="-26.1489670" lon="-51.1529920">
    <ele>765.2</ele>
   </trkpt>
   <trkpt lat="-26.1489880" lon="-51.1529490">
    <ele>765.5</ele>
   </trkpt>
   <trkpt lat="-26.1490100" lon="-51.1529120">
    <ele>765.7</ele>
   </trkpt>
   <trkpt lat="-26.1490310" lon="-51.1528670">
    <ele>765.8</ele>
   </trkpt>
   <trkpt lat="-26.1490490" lon="-51.1528190">
    <ele>766.0</ele>
   </trkpt>
   <trkpt lat="-26.1490650" lon="-51.1527770">
    <ele>766.2</ele>
   </trkpt>
   <trkpt lat="-26.1490760" lon="-51.1527330">
    <ele>766.4</ele>
   </trkpt>
   <trkpt lat="-26.1490900" lon="-51.1526920">
    <ele>766.6</ele>
   </trkpt>
   <trkpt lat="-26.1491130" lon="-51.1526440">
    <ele>766.8</ele>
   </trkpt>
   <trkpt lat="-26.1491320" lon="-51.1526040">
    <ele>767.0</ele>
   </trkpt>
   <trkpt lat="-26.1491490" lon="-51.1525650">
    <ele>767.2</ele>
   </trkpt>
   <trkpt lat="-26.1491700" lon="-51.1525280">
    <ele>767.4</ele>
   </trkpt>
   <trkpt lat="-26.1491890" lon="-51.1524930">
    <ele>767.6</ele>
   </trkpt>
   <trkpt lat="-26.1492070" lon="-51.1524590">
    <ele>767.8</ele>
   </trkpt>
   <trkpt lat="-26.1492230" lon="-51.1524250">
    <ele>767.9</ele>
   </trkpt>
   <trkpt lat="-26.1492400" lon="-51.1523870">
    <ele>768.1</ele>
   </trkpt>
   <trkpt lat="-26.1492550" lon="-51.1523590">
    <ele>768.3</ele>
   </trkpt>
   <trkpt lat="-26.1492690" lon="-51.1523250">
    <ele>768.4</ele>
   </trkpt>
   <trkpt lat="-26.1492880" lon="-51.1522930">
    <ele>768.6</ele>
   </trkpt>
   <trkpt lat="-26.1493050" lon="-51.1522640">
    <ele>768.8</ele>
   </trkpt>
   <trkpt lat="-26.1493220" lon="-51.1522290">
    <ele>769.0</ele>
   </trkpt>
   <trkpt lat="-26.1493350" lon="-51.1521980">
    <ele>769.2</ele>
   </trkpt>
   <trkpt lat="-26.1493510" lon="-51.1521700">
    <ele>769.4</ele>
   </trkpt>
   <trkpt lat="-26.1493680" lon="-51.1521470">
    <ele>769.6</ele>
   </trkpt>
   <trkpt lat="-26.1493810" lon="-51.1521130">
    <ele>769.8</ele>
   </trkpt>
   <trkpt lat="-26.1493990" lon="-51.1520860">
    <ele>769.9</ele>
   </trkpt>
   <trkpt lat="-26.1494080" lon="-51.1520550">
    <ele>770.1</ele>
   </trkpt>
   <trkpt lat="-26.1494260" lon="-51.1520260">
    <ele>770.3</ele>
   </trkpt>
   <trkpt lat="-26.1494390" lon="-51.1520000">
    <ele>770.4</ele>
   </trkpt>
   <trkpt lat="-26.1494580" lon="-51.1519670">
    <ele>770.6</ele>
   </trkpt>
   <trkpt lat="-26.1494760" lon="-51.1519240">
    <ele>770.9</ele>
   </trkpt>
   <trkpt lat="-26.1494820" lon="-51.1519070">
    <ele>770.9</ele>
   </trkpt>
   <trkpt lat="-26.1494910" lon="-51.1518770">
    <ele>771.1</ele>
   </trkpt>
   <trkpt lat="-26.1495090" lon="-51.1518530">
    <ele>771.2</ele>
   </trkpt>
   <trkpt lat="-26.1495290" lon="-51.1518130">
    <ele>771.4</ele>
   </trkpt>
   <trkpt lat="-26.1495460" lon="-51.1517840">
    <ele>771.5</ele>
   </trkpt>
   <trkpt lat="-26.1495570" lon="-51.1517550">
    <ele>771.6</ele>
   </trkpt>
   <trkpt lat="-26.1495710" lon="-51.1517240">
    <ele>771.8</ele>
   </trkpt>
   <trkpt lat="-26.1495880" lon="-51.1516960">
    <ele>771.9</ele>
   </trkpt>
   <trkpt lat="-26.1496040" lon="-51.1516690">
    <ele>772.0</ele>
   </trkpt>
   <trkpt lat="-26.1496240" lon="-51.1516350">
    <ele>772.2</ele>
   </trkpt>
   <trkpt lat="-26.1496440" lon="-51.1516030">
    <ele>772.3</ele>
   </trkpt>
   <trkpt lat="-26.1496650" lon="-51.1515720">
    <ele>772.4</ele>
   </trkpt>
   <trkpt lat="-26.1496860" lon="-51.1515400">
    <ele>772.5</ele>
   </trkpt>
   <trkpt lat="-26.1497050" lon="-51.1515110">
    <ele>772.6</ele>
   </trkpt>
   <trkpt lat="-26.1497250" lon="-51.1514760">
    <ele>772.8</ele>
   </trkpt>
   <trkpt lat="-26.1497460" lon="-51.1514430">
    <ele>772.9</ele>
   </trkpt>
   <trkpt lat="-26.1497650" lon="-51.1514140">
    <ele>773.0</ele>
   </trkpt>
   <trkpt lat="-26.1497850" lon="-51.1513890">
    <ele>773.1</ele>
   </trkpt>
   <trkpt lat="-26.1497990" lon="-51.1513550">
    <ele>773.2</ele>
   </trkpt>
   <trkpt lat="-26.1498150" lon="-51.1513200">
    <ele>773.3</ele>
   </trkpt>
   <trkpt lat="-26.1498270" lon="-51.1512920">
    <ele>773.4</ele>
   </trkpt>
   <trkpt lat="-26.1498440" lon="-51.1512570">
    <ele>773.6</ele>
   </trkpt>
   <trkpt lat="-26.1498650" lon="-51.1512250">
    <ele>773.7</ele>
   </trkpt>
   <trkpt lat="-26.1498820" lon="-51.1511900">
    <ele>773.9</ele>
   </trkpt>
   <trkpt lat="-26.1499000" lon="-51.1511570">
    <ele>774.0</ele>
   </trkpt>
   <trkpt lat="-26.1499150" lon="-51.1511250">
    <ele>774.2</ele>
   </trkpt>
   <trkpt lat="-26.1499260" lon="-51.1510910">
    <ele>774.3</ele>
   </trkpt>
   <trkpt lat="-26.1499400" lon="-51.1510620">
    <ele>774.4</ele>
   </trkpt>
   <trkpt lat="-26.1499560" lon="-51.1510300">
    <ele>774.5</ele>
   </trkpt>
   <trkpt lat="-26.1499760" lon="-51.1509910">
    <ele>774.7</ele>
   </trkpt>
   <trkpt lat="-26.1499960" lon="-51.1509590">
    <ele>774.9</ele>
   </trkpt>
   <trkpt lat="-26.1500120" lon="-51.1509340">
    <ele>775.0</ele>
   </trkpt>
   <trkpt lat="-26.1500300" lon="-51.1509020">
    <ele>775.2</ele>
   </trkpt>
   <trkpt lat="-26.1500490" lon="-51.1508730">
    <ele>775.4</ele>
   </trkpt>
   <trkpt lat="-26.1500680" lon="-51.1508370">
    <ele>775.6</ele>
   </trkpt>
   <trkpt lat="-26.1500920" lon="-51.1508030">
    <ele>775.9</ele>
   </trkpt>
   <trkpt lat="-26.1501150" lon="-51.1507740">
    <ele>776.1</ele>
   </trkpt>
   <trkpt lat="-26.1501340" lon="-51.1507460">
    <ele>776.3</ele>
   </trkpt>
   <trkpt lat="-26.1501570" lon="-51.1507200">
    <ele>776.5</ele>
   </trkpt>
   <trkpt lat="-26.1501800" lon="-51.1506970">
    <ele>776.7</ele>
   </trkpt>
   <trkpt lat="-26.1502100" lon="-51.1506660">
    <ele>776.9</ele>
   </trkpt>
   <trkpt lat="-26.1502350" lon="-51.1506400">
    <ele>777.1</ele>
   </trkpt>
   <trkpt lat="-26.1502590" lon="-51.1506160">
    <ele>777.3</ele>
   </trkpt>
   <trkpt lat="-26.1502940" lon="-51.1505920">
    <ele>777.5</ele>
   </trkpt>
   <trkpt lat="-26.1503180" lon="-51.1505700">
    <ele>777.6</ele>
   </trkpt>
   <trkpt lat="-26.1503460" lon="-51.1505500">
    <ele>777.8</ele>
   </trkpt>
   <trkpt lat="-26.1503760" lon="-51.1505410">
    <ele>778.0</ele>
   </trkpt>
   <trkpt lat="-26.1504030" lon="-51.1505200">
    <ele>778.1</ele>
   </trkpt>
   <trkpt lat="-26.1504300" lon="-51.1505030">
    <ele>778.3</ele>
   </trkpt>
   <trkpt lat="-26.1504560" lon="-51.1504920">
    <ele>778.5</ele>
   </trkpt>
   <trkpt lat="-26.1504850" lon="-51.1504900">
    <ele>778.6</ele>
   </trkpt>
   <trkpt lat="-26.1505130" lon="-51.1504860">
    <ele>778.8</ele>
   </trkpt>
   <trkpt lat="-26.1505420" lon="-51.1504810">
    <ele>779.0</ele>
   </trkpt>
   <trkpt lat="-26.1505850" lon="-51.1504690">
    <ele>779.3</ele>
   </trkpt>
   <trkpt lat="-26.1506030" lon="-51.1504630">
    <ele>779.4</ele>
   </trkpt>
   <trkpt lat="-26.1506360" lon="-51.1504540">
    <ele>779.5</ele>
   </trkpt>
   <trkpt lat="-26.1506630" lon="-51.1504530">
    <ele>779.7</ele>
   </trkpt>
   <trkpt lat="-26.1506920" lon="-51.1504480">
    <ele>779.8</ele>
   </trkpt>
   <trkpt lat="-26.1507330" lon="-51.1504430">
    <ele>780.0</ele>
   </trkpt>
   <trkpt lat="-26.1507480" lon="-51.1504410">
    <ele>780.1</ele>
   </trkpt>
   <trkpt lat="-26.1507840" lon="-51.1504440">
    <ele>780.3</ele>
   </trkpt>
   <trkpt lat="-26.1507970" lon="-51.1504490">
    <ele>780.3</ele>
   </trkpt>
   <trkpt lat="-26.1508260" lon="-51.1504540">
    <ele>780.5</ele>
   </trkpt>
   <trkpt lat="-26.1508360" lon="-51.1504570">
    <ele>780.5</ele>
   </trkpt>
   <trkpt lat="-26.1508690" lon="-51.1504610">
    <ele>780.6</ele>
   </trkpt>
   <trkpt lat="-26.1508800" lon="-51.1504650">
    <ele>780.7</ele>
   </trkpt>
   <trkpt lat="-26.1509080" lon="-51.1504780">
    <ele>780.8</ele>
   </trkpt>
   <trkpt lat="-26.1509710" lon="-51.1504910">
    <ele>780.9</ele>
   </trkpt>
   <trkpt lat="-26.1510050" lon="-51.1504960">
    <ele>781.0</ele>
   </trkpt>
   <trkpt lat="-26.1510510" lon="-51.1504930">
    <ele>781.0</ele>
   </trkpt>
   <trkpt lat="-26.1511000" lon="-51.1504920">
    <ele>781.0</ele>
   </trkpt>
   <trkpt lat="-26.1511480" lon="-51.1504940">
    <ele>780.9</ele>
   </trkpt>
   <trkpt lat="-26.1511970" lon="-51.1504980">
    <ele>780.9</ele>
   </trkpt>
   <trkpt lat="-26.1512470" lon="-51.1504920">
    <ele>780.8</ele>
   </trkpt>
   <trkpt lat="-26.1512930" lon="-51.1504810">
    <ele>780.7</ele>
   </trkpt>
   <trkpt lat="-26.1513400" lon="-51.1504660">
    <ele>780.6</ele>
   </trkpt>
   <trkpt lat="-26.1513880" lon="-51.1504440">
    <ele>780.6</ele>
   </trkpt>
   <trkpt lat="-26.1514320" lon="-51.1504210">
    <ele>780.6</ele>
   </trkpt>
   <trkpt lat="-26.1514720" lon="-51.1503980">
    <ele>780.7</ele>
   </trkpt>
   <trkpt lat="-26.1515040" lon="-51.1503700">
    <ele>780.7</ele>
   </trkpt>
   <trkpt lat="-26.1515400" lon="-51.1503510">
    <ele>780.8</ele>
   </trkpt>
   <trkpt lat="-26.1515750" lon="-51.1503240">
    <ele>780.9</ele>
   </trkpt>
   <trkpt lat="-26.1516020" lon="-51.1502930">
    <ele>780.9</ele>
   </trkpt>
   <trkpt lat="-26.1516310" lon="-51.1502670">
    <ele>781.0</ele>
   </trkpt>
   <trkpt lat="-26.1516600" lon="-51.1502390">
    <ele>781.0</ele>
   </trkpt>
   <trkpt lat="-26.1516910" lon="-51.1502160">
    <ele>781.0</ele>
   </trkpt>
   <trkpt lat="-26.1517240" lon="-51.1501780">
    <ele>781.1</ele>
   </trkpt>
   <trkpt lat="-26.1517600" lon="-51.1501460">
    <ele>781.1</ele>
   </trkpt>
   <trkpt lat="-26.1517890" lon="-51.1501130">
    <ele>781.1</ele>
   </trkpt>
   <trkpt lat="-26.1518230" lon="-51.1500840">
    <ele>781.1</ele>
   </trkpt>
   <trkpt lat="-26.1518520" lon="-51.1500490">
    <ele>781.0</ele>
   </trkpt>
   <trkpt lat="-26.1518950" lon="-51.1500080">
    <ele>781.0</ele>
   </trkpt>
   <trkpt lat="-26.1519300" lon="-51.1499580">
    <ele>780.8</ele>
   </trkpt>
   <trkpt lat="-26.1519640" lon="-51.1499120">
    <ele>780.7</ele>
   </trkpt>
   <trkpt lat="-26.1519980" lon="-51.1498660">
    <ele>780.6</ele>
   </trkpt>
   <trkpt lat="-26.1520330" lon="-51.1498240">
    <ele>780.6</ele>
   </trkpt>
   <trkpt lat="-26.1520630" lon="-51.1497890">
    <ele>780.6</ele>
   </trkpt>
   <trkpt lat="-26.1520950" lon="-51.1497460">
    <ele>780.6</ele>
   </trkpt>
   <trkpt lat="-26.1521340" lon="-51.1497010">
    <ele>780.6</ele>
   </trkpt>
   <trkpt lat="-26.1521670" lon="-51.1496410">
    <ele>780.6</ele>
   </trkpt>
   <trkpt lat="-26.1521960" lon="-51.1495970">
    <ele>780.6</ele>
   </trkpt>
   <trkpt lat="-26.1522260" lon="-51.1495620">
    <ele>780.6</ele>
   </trkpt>
   <trkpt lat="-26.1522540" lon="-51.1495240">
    <ele>780.6</ele>
   </trkpt>
   <trkpt lat="-26.1522790" lon="-51.1494830">
    <ele>780.7</ele>
   </trkpt>
   <trkpt lat="-26.1523050" lon="-51.1494410">
    <ele>780.7</ele>
   </trkpt>
   <trkpt lat="-26.1523310" lon="-51.1494030">
    <ele>780.7</ele>
   </trkpt>
   <trkpt lat="-26.1523620" lon="-51.1493630">
    <ele>780.7</ele>
   </trkpt>
   <trkpt lat="-26.1523910" lon="-51.1493250">
    <ele>780.8</ele>
   </trkpt>
   <trkpt lat="-26.1524210" lon="-51.1492910">
    <ele>780.8</ele>
   </trkpt>
   <trkpt lat="-26.1524470" lon="-51.1492540">
    <ele>780.8</ele>
   </trkpt>
   <trkpt lat="-26.1524770" lon="-51.1492110">
    <ele>780.7</ele>
   </trkpt>
   <trkpt lat="-26.1525060" lon="-51.1491720">
    <ele>780.7</ele>
   </trkpt>
   <trkpt lat="-26.1525370" lon="-51.1491360">
    <ele>780.7</ele>
   </trkpt>
   <trkpt lat="-26.1525640" lon="-51.1490940">
    <ele>780.6</ele>
   </trkpt>
   <trkpt lat="-26.1525930" lon="-51.1490460">
    <ele>780.5</ele>
   </trkpt>
   <trkpt lat="-26.1526220" lon="-51.1490040">
    <ele>780.5</ele>
   </trkpt>
   <trkpt lat="-26.1526530" lon="-51.1489680">
    <ele>780.4</ele>
   </trkpt>
   <trkpt lat="-26.1526910" lon="-51.1489190">
    <ele>780.4</ele>
   </trkpt>
   <trkpt lat="-26.1527190" lon="-51.1488720">
    <ele>780.3</ele>
   </trkpt>
   <trkpt lat="-26.1527520" lon="-51.1488280">
    <ele>780.2</ele>
   </trkpt>
   <trkpt lat="-26.1527820" lon="-51.1487810">
    <ele>780.1</ele>
   </trkpt>
   <trkpt lat="-26.1528130" lon="-51.1487370">
    <ele>780.0</ele>
   </trkpt>
   <trkpt lat="-26.1528450" lon="-51.1486940">
    <ele>779.9</ele>
   </trkpt>
   <trkpt lat="-26.1528780" lon="-51.1486440">
    <ele>779.8</ele>
   </trkpt>
   <trkpt lat="-26.1529100" lon="-51.1485990">
    <ele>779.7</ele>
   </trkpt>
   <trkpt lat="-26.1529440" lon="-51.1485580">
    <ele>779.5</ele>
   </trkpt>
   <trkpt lat="-26.1529790" lon="-51.1485160">
    <ele>779.3</ele>
   </trkpt>
   <trkpt lat="-26.1530200" lon="-51.1484660">
    <ele>779.0</ele>
   </trkpt>
   <trkpt lat="-26.1530620" lon="-51.1484120">
    <ele>778.8</ele>
   </trkpt>
   <trkpt lat="-26.1531060" lon="-51.1483700">
    <ele>778.6</ele>
   </trkpt>
   <trkpt lat="-26.1531550" lon="-51.1483270">
    <ele>778.2</ele>
   </trkpt>
   <trkpt lat="-26.1532070" lon="-51.1482890">
    <ele>777.9</ele>
   </trkpt>
   <trkpt lat="-26.1532610" lon="-51.1482530">
    <ele>777.5</ele>
   </trkpt>
   <trkpt lat="-26.1533180" lon="-51.1482160">
    <ele>777.1</ele>
   </trkpt>
   <trkpt lat="-26.1533760" lon="-51.1481790">
    <ele>776.7</ele>
   </trkpt>
   <trkpt lat="-26.1534370" lon="-51.1481440">
    <ele>776.2</ele>
   </trkpt>
   <trkpt lat="-26.1535040" lon="-51.1481070">
    <ele>775.8</ele>
   </trkpt>
   <trkpt lat="-26.1535690" lon="-51.1480620">
    <ele>775.3</ele>
   </trkpt>
   <trkpt lat="-26.1536440" lon="-51.1480150">
    <ele>774.7</ele>
   </trkpt>
   <trkpt lat="-26.1537110" lon="-51.1479750">
    <ele>774.2</ele>
   </trkpt>
   <trkpt lat="-26.1537800" lon="-51.1479200">
    <ele>773.8</ele>
   </trkpt>
   <trkpt lat="-26.1538450" lon="-51.1478660">
    <ele>773.4</ele>
   </trkpt>
   <trkpt lat="-26.1539120" lon="-51.1478080">
    <ele>773.1</ele>
   </trkpt>
   <trkpt lat="-26.1539700" lon="-51.1477470">
    <ele>772.8</ele>
   </trkpt>
   <trkpt lat="-26.1540230" lon="-51.1476690">
    <ele>772.4</ele>
   </trkpt>
   <trkpt lat="-26.1540710" lon="-51.1476020">
    <ele>772.2</ele>
   </trkpt>
   <trkpt lat="-26.1541220" lon="-51.1475280">
    <ele>771.9</ele>
   </trkpt>
   <trkpt lat="-26.1541710" lon="-51.1474460">
    <ele>771.7</ele>
   </trkpt>
   <trkpt lat="-26.1542170" lon="-51.1473610">
    <ele>771.4</ele>
   </trkpt>
   <trkpt lat="-26.1542590" lon="-51.1472790">
    <ele>771.1</ele>
   </trkpt>
   <trkpt lat="-26.1543040" lon="-51.1472020">
    <ele>770.8</ele>
   </trkpt>
   <trkpt lat="-26.1543470" lon="-51.1471200">
    <ele>770.5</ele>
   </trkpt>
   <trkpt lat="-26.1543930" lon="-51.1470410">
    <ele>770.2</ele>
   </trkpt>
   <trkpt lat="-26.1544360" lon="-51.1469670">
    <ele>769.8</ele>
   </trkpt>
   <trkpt lat="-26.1544780" lon="-51.1468910">
    <ele>769.3</ele>
   </trkpt>
   <trkpt lat="-26.1545280" lon="-51.1468190">
    <ele>768.8</ele>
   </trkpt>
   <trkpt lat="-26.1545960" lon="-51.1467620">
    <ele>768.2</ele>
   </trkpt>
   <trkpt lat="-26.1546740" lon="-51.1467120">
    <ele>767.6</ele>
   </trkpt>
   <trkpt lat="-26.1547520" lon="-51.1466750">
    <ele>767.0</ele>
   </trkpt>
   <trkpt lat="-26.1548330" lon="-51.1466720">
    <ele>766.4</ele>
   </trkpt>
   <trkpt lat="-26.1549110" lon="-51.1467000">
    <ele>765.8</ele>
   </trkpt>
   <trkpt lat="-26.1549800" lon="-51.1467600">
    <ele>765.1</ele>
   </trkpt>
   <trkpt lat="-26.1550390" lon="-51.1468250">
    <ele>764.5</ele>
   </trkpt>
   <trkpt lat="-26.1550860" lon="-51.1468910">
    <ele>764.0</ele>
   </trkpt>
   <trkpt lat="-26.1551300" lon="-51.1469640">
    <ele>763.5</ele>
   </trkpt>
   <trkpt lat="-26.1551770" lon="-51.1470360">
    <ele>763.1</ele>
   </trkpt>
   <trkpt lat="-26.1552280" lon="-51.1471000">
    <ele>762.8</ele>
   </trkpt>
   <trkpt lat="-26.1553350" lon="-51.1472070">
    <ele>762.3</ele>
   </trkpt>
   <trkpt lat="-26.1553930" lon="-51.1472540">
    <ele>762.2</ele>
   </trkpt>
   <trkpt lat="-26.1554580" lon="-51.1472920">
    <ele>762.0</ele>
   </trkpt>
   <trkpt lat="-26.1555250" lon="-51.1473150">
    <ele>762.0</ele>
   </trkpt>
   <trkpt lat="-26.1555960" lon="-51.1473310">
    <ele>761.9</ele>
   </trkpt>
   <trkpt lat="-26.1556660" lon="-51.1473400">
    <ele>761.8</ele>
   </trkpt>
   <trkpt lat="-26.1557330" lon="-51.1473440">
    <ele>761.8</ele>
   </trkpt>
   <trkpt lat="-26.1557990" lon="-51.1473450">
    <ele>761.7</ele>
   </trkpt>
   <trkpt lat="-26.1558640" lon="-51.1473420">
    <ele>761.7</ele>
   </trkpt>
   <trkpt lat="-26.1559260" lon="-51.1473370">
    <ele>761.7</ele>
   </trkpt>
   <trkpt lat="-26.1559930" lon="-51.1473230">
    <ele>761.8</ele>
   </trkpt>
   <trkpt lat="-26.1560510" lon="-51.1473080">
    <ele>761.8</ele>
   </trkpt>
   <trkpt lat="-26.1561060" lon="-51.1472780">
    <ele>761.9</ele>
   </trkpt>
   <trkpt lat="-26.1561590" lon="-51.1472520">
    <ele>761.9</ele>
   </trkpt>
   <trkpt lat="-26.1562070" lon="-51.1472160">
    <ele>762.0</ele>
   </trkpt>
   <trkpt lat="-26.1562510" lon="-51.1471730">
    <ele>762.1</ele>
   </trkpt>
   <trkpt lat="-26.1562890" lon="-51.1471240">
    <ele>762.1</ele>
   </trkpt>
   <trkpt lat="-26.1563220" lon="-51.1470750">
    <ele>762.2</ele>
   </trkpt>
   <trkpt lat="-26.1563510" lon="-51.1470230">
    <ele>762.3</ele>
   </trkpt>
   <trkpt lat="-26.1563710" lon="-51.1469640">
    <ele>762.4</ele>
   </trkpt>
   <trkpt lat="-26.1563780" lon="-51.1469020">
    <ele>762.6</ele>
   </trkpt>
   <trkpt lat="-26.1563780" lon="-51.1468440">
    <ele>762.8</ele>
   </trkpt>
   <trkpt lat="-26.1563690" lon="-51.1467900">
    <ele>762.9</ele>
   </trkpt>
   <trkpt lat="-26.1563570" lon="-51.1467370">
    <ele>763.1</ele>
   </trkpt>
   <trkpt lat="-26.1563400" lon="-51.1466870">
    <ele>763.3</ele>
   </trkpt>
   <trkpt lat="-26.1563230" lon="-51.1466400">
    <ele>763.5</ele>
   </trkpt>
   <trkpt lat="-26.1563090" lon="-51.1465950">
    <ele>763.7</ele>
   </trkpt>
   <trkpt lat="-26.1562880" lon="-51.1465520">
    <ele>763.9</ele>
   </trkpt>
   <trkpt lat="-26.1562650" lon="-51.1465000">
    <ele>764.1</ele>
   </trkpt>
   <trkpt lat="-26.1562430" lon="-51.1464560">
    <ele>764.3</ele>
   </trkpt>
   <trkpt lat="-26.1562200" lon="-51.1464080">
    <ele>764.5</ele>
   </trkpt>
   <trkpt lat="-26.1561990" lon="-51.1463690">
    <ele>764.6</ele>
   </trkpt>
   <trkpt lat="-26.1561760" lon="-51.1463310">
    <ele>764.8</ele>
   </trkpt>
   <trkpt lat="-26.1561550" lon="-51.1462970">
    <ele>765.0</ele>
   </trkpt>
   <trkpt lat="-26.1561360" lon="-51.1462670">
    <ele>765.2</ele>
   </trkpt>
   <trkpt lat="-26.1561150" lon="-51.1462380">
    <ele>765.3</ele>
   </trkpt>
   <trkpt lat="-26.1560940" lon="-51.1461960">
    <ele>765.5</ele>
   </trkpt>
   <trkpt lat="-26.1560790" lon="-51.1461570">
    <ele>765.7</ele>
   </trkpt>
   <trkpt lat="-26.1560690" lon="-51.1461190">
    <ele>765.9</ele>
   </trkpt>
   <trkpt lat="-26.1560520" lon="-51.1460770">
    <ele>766.1</ele>
   </trkpt>
   <trkpt lat="-26.1560280" lon="-51.1460390">
    <ele>766.3</ele>
   </trkpt>
   <trkpt lat="-26.1560070" lon="-51.1460100">
    <ele>766.4</ele>
   </trkpt>
   <trkpt lat="-26.1559900" lon="-51.1459810">
    <ele>766.5</ele>
   </trkpt>
   <trkpt lat="-26.1559710" lon="-51.1459560">
    <ele>766.5</ele>
   </trkpt>
   <trkpt lat="-26.1559580" lon="-51.1459210">
    <ele>766.6</ele>
   </trkpt>
   <trkpt lat="-26.1559420" lon="-51.1458880">
    <ele>766.7</ele>
   </trkpt>
   <trkpt lat="-26.1559240" lon="-51.1458550">
    <ele>766.7</ele>
   </trkpt>
   <trkpt lat="-26.1559000" lon="-51.1458210">
    <ele>766.8</ele>
   </trkpt>
   <trkpt lat="-26.1558770" lon="-51.1457830">
    <ele>766.8</ele>
   </trkpt>
   <trkpt lat="-26.1558550" lon="-51.1457400">
    <ele>766.9</ele>
   </trkpt>
   <trkpt lat="-26.1558360" lon="-51.1456980">
    <ele>767.0</ele>
   </trkpt>
   <trkpt lat="-26.1558150" lon="-51.1456550">
    <ele>767.0</ele>
   </trkpt>
   <trkpt lat="-26.1557930" lon="-51.1456170">
    <ele>767.1</ele>
   </trkpt>
   <trkpt lat="-26.1557720" lon="-51.1455820">
    <ele>767.1</ele>
   </trkpt>
   <trkpt lat="-26.1557500" lon="-51.1455450">
    <ele>767.1</ele>
   </trkpt>
   <trkpt lat="-26.1557250" lon="-51.1455070">
    <ele>767.1</ele>
   </trkpt>
   <trkpt lat="-26.1557010" lon="-51.1454680">
    <ele>767.1</ele>
   </trkpt>
   <trkpt lat="-26.1556750" lon="-51.1454280">
    <ele>767.2</ele>
   </trkpt>
   <trkpt lat="-26.1556460" lon="-51.1453860">
    <ele>767.2</ele>
   </trkpt>
   <trkpt lat="-26.1556180" lon="-51.1453470">
    <ele>767.2</ele>
   </trkpt>
   <trkpt lat="-26.1555870" lon="-51.1453110">
    <ele>767.3</ele>
   </trkpt>
   <trkpt lat="-26.1555560" lon="-51.1452730">
    <ele>767.3</ele>
   </trkpt>
   <trkpt lat="-26.1555260" lon="-51.1452340">
    <ele>767.3</ele>
   </trkpt>
   <trkpt lat="-26.1554910" lon="-51.1451990">
    <ele>767.4</ele>
   </trkpt>
   <trkpt lat="-26.1554540" lon="-51.1451640">
    <ele>767.4</ele>
   </trkpt>
   <trkpt lat="-26.1554190" lon="-51.1451290">
    <ele>767.5</ele>
   </trkpt>
   <trkpt lat="-26.1553840" lon="-51.1450960">
    <ele>767.5</ele>
   </trkpt>
   <trkpt lat="-26.1553470" lon="-51.1450630">
    <ele>767.6</ele>
   </trkpt>
   <trkpt lat="-26.1553140" lon="-51.1450290">
    <ele>767.6</ele>
   </trkpt>
   <trkpt lat="-26.1552770" lon="-51.1449910">
    <ele>767.6</ele>
   </trkpt>
   <trkpt lat="-26.1552480" lon="-51.1449560">
    <ele>767.7</ele>
   </trkpt>
   <trkpt lat="-26.1552220" lon="-51.1449170">
    <ele>767.7</ele>
   </trkpt>
   <trkpt lat="-26.1551920" lon="-51.1448800">
    <ele>767.8</ele>
   </trkpt>
   <trkpt lat="-26.1551720" lon="-51.1448420">
    <ele>767.8</ele>
   </trkpt>
   <trkpt lat="-26.1551500" lon="-51.1448010">
    <ele>767.8</ele>
   </trkpt>
   <trkpt lat="-26.1551300" lon="-51.1447640">
    <ele>767.9</ele>
   </trkpt>
   <trkpt lat="-26.1551190" lon="-51.1447200">
    <ele>767.9</ele>
   </trkpt>
   <trkpt lat="-26.1551130" lon="-51.1446740">
    <ele>767.9</ele>
   </trkpt>
   <trkpt lat="-26.1551270" lon="-51.1446320">
    <ele>767.9</ele>
   </trkpt>
   <trkpt lat="-26.1551370" lon="-51.1445840">
    <ele>767.9</ele>
   </trkpt>
   <trkpt lat="-26.1551580" lon="-51.1445480">
    <ele>767.9</ele>
   </trkpt>
   <trkpt lat="-26.1551880" lon="-51.1445160">
    <ele>767.8</ele>
   </trkpt>
   <trkpt lat="-26.1552210" lon="-51.1444870">
    <ele>767.8</ele>
   </trkpt>
   <trkpt lat="-26.1552540" lon="-51.1444690">
    <ele>767.7</ele>
   </trkpt>
   <trkpt lat="-26.1552940" lon="-51.1444540">
    <ele>767.6</ele>
   </trkpt>
   <trkpt lat="-26.1553370" lon="-51.1444460">
    <ele>767.6</ele>
   </trkpt>
   <trkpt lat="-26.1553710" lon="-51.1444310">
    <ele>767.5</ele>
   </trkpt>
   <trkpt lat="-26.1554260" lon="-51.1444190">
    <ele>767.3</ele>
   </trkpt>
   <trkpt lat="-26.1554750" lon="-51.1444050">
    <ele>767.2</ele>
   </trkpt>
   <trkpt lat="-26.1555240" lon="-51.1443840">
    <ele>766.9</ele>
   </trkpt>
   <trkpt lat="-26.1555760" lon="-51.1443570">
    <ele>766.7</ele>
   </trkpt>
   <trkpt lat="-26.1556270" lon="-51.1443290">
    <ele>766.4</ele>
   </trkpt>
   <trkpt lat="-26.1556750" lon="-51.1443040">
    <ele>766.1</ele>
   </trkpt>
   <trkpt lat="-26.1557370" lon="-51.1442750">
    <ele>765.8</ele>
   </trkpt>
   <trkpt lat="-26.1557930" lon="-51.1442350">
    <ele>765.5</ele>
   </trkpt>
   <trkpt lat="-26.1558590" lon="-51.1441960">
    <ele>765.1</ele>
   </trkpt>
   <trkpt lat="-26.1559200" lon="-51.1441710">
    <ele>764.8</ele>
   </trkpt>
   <trkpt lat="-26.1559790" lon="-51.1441510">
    <ele>764.4</ele>
   </trkpt>
   <trkpt lat="-26.1560360" lon="-51.1441320">
    <ele>764.0</ele>
   </trkpt>
   <trkpt lat="-26.1561000" lon="-51.1441010">
    <ele>763.6</ele>
   </trkpt>
   <trkpt lat="-26.1561560" lon="-51.1440680">
    <ele>763.3</ele>
   </trkpt>
   <trkpt lat="-26.1562150" lon="-51.1440350">
    <ele>762.9</ele>
   </trkpt>
   <trkpt lat="-26.1562730" lon="-51.1439950">
    <ele>762.6</ele>
   </trkpt>
   <trkpt lat="-26.1563290" lon="-51.1439560">
    <ele>762.3</ele>
   </trkpt>
   <trkpt lat="-26.1563750" lon="-51.1439290">
    <ele>762.1</ele>
   </trkpt>
   <trkpt lat="-26.1564380" lon="-51.1438960">
    <ele>761.8</ele>
   </trkpt>
   <trkpt lat="-26.1565010" lon="-51.1438800">
    <ele>761.5</ele>
   </trkpt>
   <trkpt lat="-26.1565730" lon="-51.1438630">
    <ele>761.2</ele>
   </trkpt>
   <trkpt lat="-26.1566380" lon="-51.1438500">
    <ele>761.0</ele>
   </trkpt>
   <trkpt lat="-26.1566990" lon="-51.1438410">
    <ele>760.8</ele>
   </trkpt>
   <trkpt lat="-26.1567640" lon="-51.1438350">
    <ele>760.5</ele>
   </trkpt>
   <trkpt lat="-26.1568870" lon="-51.1437800">
    <ele>759.8</ele>
   </trkpt>
   <trkpt lat="-26.1569480" lon="-51.1437320">
    <ele>759.4</ele>
   </trkpt>
   <trkpt lat="-26.1570030" lon="-51.1436800">
    <ele>759.1</ele>
   </trkpt>
   <trkpt lat="-26.1570480" lon="-51.1436150">
    <ele>758.7</ele>
   </trkpt>
   <trkpt lat="-26.1570900" lon="-51.1435460">
    <ele>758.5</ele>
   </trkpt>
   <trkpt lat="-26.1571210" lon="-51.1434740">
    <ele>758.3</ele>
   </trkpt>
   <trkpt lat="-26.1571910" lon="-51.1433330">
    <ele>757.8</ele>
   </trkpt>
   <trkpt lat="-26.1572140" lon="-51.1432620">
    <ele>757.6</ele>
   </trkpt>
   <trkpt lat="-26.1572310" lon="-51.1431890">
    <ele>757.4</ele>
   </trkpt>
   <trkpt lat="-26.1572410" lon="-51.1431160">
    <ele>757.2</ele>
   </trkpt>
   <trkpt lat="-26.1572570" lon="-51.1430480">
    <ele>757.0</ele>
   </trkpt>
   <trkpt lat="-26.1572770" lon="-51.1429770">
    <ele>756.7</ele>
   </trkpt>
   <trkpt lat="-26.1573020" lon="-51.1429060">
    <ele>756.4</ele>
   </trkpt>
   <trkpt lat="-26.1573460" lon="-51.1428380">
    <ele>756.1</ele>
   </trkpt>
   <trkpt lat="-26.1573980" lon="-51.1427800">
    <ele>755.9</ele>
   </trkpt>
   <trkpt lat="-26.1574530" lon="-51.1427380">
    <ele>755.7</ele>
   </trkpt>
   <trkpt lat="-26.1575170" lon="-51.1427260">
    <ele>755.6</ele>
   </trkpt>
   <trkpt lat="-26.1575800" lon="-51.1427150">
    <ele>755.4</ele>
   </trkpt>
   <trkpt lat="-26.1576420" lon="-51.1427090">
    <ele>755.3</ele>
   </trkpt>
   <trkpt lat="-26.1577020" lon="-51.1427060">
    <ele>755.1</ele>
   </trkpt>
   <trkpt lat="-26.1577610" lon="-51.1427080">
    <ele>755.0</ele>
   </trkpt>
   <trkpt lat="-26.1578200" lon="-51.1427090">
    <ele>754.8</ele>
   </trkpt>
   <trkpt lat="-26.1578850" lon="-51.1427080">
    <ele>754.6</ele>
   </trkpt>
   <trkpt lat="-26.1579440" lon="-51.1427070">
    <ele>754.5</ele>
   </trkpt>
   <trkpt lat="-26.1580030" lon="-51.1427100">
    <ele>754.4</ele>
   </trkpt>
   <trkpt lat="-26.1580660" lon="-51.1427020">
    <ele>754.3</ele>
   </trkpt>
   <trkpt lat="-26.1581280" lon="-51.1427010">
    <ele>754.2</ele>
   </trkpt>
   <trkpt lat="-26.1581900" lon="-51.1426990">
    <ele>754.1</ele>
   </trkpt>
   <trkpt lat="-26.1582480" lon="-51.1426970">
    <ele>754.1</ele>
   </trkpt>
   <trkpt lat="-26.1583070" lon="-51.1426970">
    <ele>754.0</ele>
   </trkpt>
   <trkpt lat="-26.1584210" lon="-51.1426890">
    <ele>754.1</ele>
   </trkpt>
   <trkpt lat="-26.1584800" lon="-51.1426830">
    <ele>754.1</ele>
   </trkpt>
   <trkpt lat="-26.1585460" lon="-51.1426770">
    <ele>754.1</ele>
   </trkpt>
   <trkpt lat="-26.1586060" lon="-51.1426680">
    <ele>754.0</ele>
   </trkpt>
   <trkpt lat="-26.1586660" lon="-51.1426550">
    <ele>753.9</ele>
   </trkpt>
   <trkpt lat="-26.1587280" lon="-51.1426400">
    <ele>753.9</ele>
   </trkpt>
   <trkpt lat="-26.1587890" lon="-51.1426200">
    <ele>753.8</ele>
   </trkpt>
   <trkpt lat="-26.1588460" lon="-51.1425960">
    <ele>753.8</ele>
   </trkpt>
   <trkpt lat="-26.1588970" lon="-51.1425630">
    <ele>753.7</ele>
   </trkpt>
   <trkpt lat="-26.1589430" lon="-51.1425300">
    <ele>753.7</ele>
   </trkpt>
   <trkpt lat="-26.1589860" lon="-51.1424910">
    <ele>753.6</ele>
   </trkpt>
   <trkpt lat="-26.1590240" lon="-51.1424450">
    <ele>753.6</ele>
   </trkpt>
   <trkpt lat="-26.1590600" lon="-51.1423960">
    <ele>753.5</ele>
   </trkpt>
   <trkpt lat="-26.1590870" lon="-51.1423450">
    <ele>753.5</ele>
   </trkpt>
   <trkpt lat="-26.1591130" lon="-51.1422900">
    <ele>753.5</ele>
   </trkpt>
   <trkpt lat="-26.1591300" lon="-51.1422290">
    <ele>753.4</ele>
   </trkpt>
   <trkpt lat="-26.1591430" lon="-51.1421660">
    <ele>753.4</ele>
   </trkpt>
   <trkpt lat="-26.1591530" lon="-51.1421080">
    <ele>753.4</ele>
   </trkpt>
   <trkpt lat="-26.1591650" lon="-51.1420530">
    <ele>753.5</ele>
   </trkpt>
   <trkpt lat="-26.1591710" lon="-51.1419940">
    <ele>753.5</ele>
   </trkpt>
   <trkpt lat="-26.1591820" lon="-51.1419400">
    <ele>753.6</ele>
   </trkpt>
   <trkpt lat="-26.1591910" lon="-51.1418850">
    <ele>753.7</ele>
   </trkpt>
   <trkpt lat="-26.1591990" lon="-51.1418290">
    <ele>753.8</ele>
   </trkpt>
   <trkpt lat="-26.1592130" lon="-51.1417770">
    <ele>753.9</ele>
   </trkpt>
   <trkpt lat="-26.1592200" lon="-51.1417220">
    <ele>754.0</ele>
   </trkpt>
   <trkpt lat="-26.1592320" lon="-51.1416730">
    <ele>754.1</ele>
   </trkpt>
   <trkpt lat="-26.1592420" lon="-51.1416250">
    <ele>754.2</ele>
   </trkpt>
   <trkpt lat="-26.1592520" lon="-51.1415780">
    <ele>754.3</ele>
   </trkpt>
   <trkpt lat="-26.1592650" lon="-51.1415280">
    <ele>754.4</ele>
   </trkpt>
   <trkpt lat="-26.1592820" lon="-51.1414780">
    <ele>754.5</ele>
   </trkpt>
   <trkpt lat="-26.1593030" lon="-51.1414380">
    <ele>754.5</ele>
   </trkpt>
   <trkpt lat="-26.1593200" lon="-51.1413970">
    <ele>754.6</ele>
   </trkpt>
   <trkpt lat="-26.1593420" lon="-51.1413570">
    <ele>754.6</ele>
   </trkpt>
   <trkpt lat="-26.1593600" lon="-51.1413160">
    <ele>754.6</ele>
   </trkpt>
   <trkpt lat="-26.1593780" lon="-51.1412740">
    <ele>754.5</ele>
   </trkpt>
   <trkpt lat="-26.1593960" lon="-51.1412400">
    <ele>754.5</ele>
   </trkpt>
   <trkpt lat="-26.1594230" lon="-51.1412110">
    <ele>754.5</ele>
   </trkpt>
   <trkpt lat="-26.1594480" lon="-51.1411730">
    <ele>754.4</ele>
   </trkpt>
   <trkpt lat="-26.1594720" lon="-51.1411340">
    <ele>754.4</ele>
   </trkpt>
   <trkpt lat="-26.1594960" lon="-51.1410920">
    <ele>754.4</ele>
   </trkpt>
   <trkpt lat="-26.1595230" lon="-51.1410500">
    <ele>754.3</ele>
   </trkpt>
   <trkpt lat="-26.1595520" lon="-51.1410120">
    <ele>754.3</ele>
   </trkpt>
   <trkpt lat="-26.1595820" lon="-51.1409750">
    <ele>754.2</ele>
   </trkpt>
   <trkpt lat="-26.1596150" lon="-51.1409350">
    <ele>754.2</ele>
   </trkpt>
   <trkpt lat="-26.1596500" lon="-51.1408970">
    <ele>754.1</ele>
   </trkpt>
   <trkpt lat="-26.1596850" lon="-51.1408570">
    <ele>754.1</ele>
   </trkpt>
   <trkpt lat="-26.1597220" lon="-51.1408230">
    <ele>754.1</ele>
   </trkpt>
   <trkpt lat="-26.1597510" lon="-51.1407890">
    <ele>754.1</ele>
   </trkpt>
   <trkpt lat="-26.1597830" lon="-51.1407560">
    <ele>754.0</ele>
   </trkpt>
   <trkpt lat="-26.1598240" lon="-51.1407220">
    <ele>754.0</ele>
   </trkpt>
   <trkpt lat="-26.1598650" lon="-51.1406900">
    <ele>754.0</ele>
   </trkpt>
   <trkpt lat="-26.1599060" lon="-51.1406580">
    <ele>754.0</ele>
   </trkpt>
   <trkpt lat="-26.1599470" lon="-51.1406310">
    <ele>754.0</ele>
   </trkpt>
   <trkpt lat="-26.1599870" lon="-51.1406060">
    <ele>753.9</ele>
   </trkpt>
   <trkpt lat="-26.1600300" lon="-51.1405790">
    <ele>753.9</ele>
   </trkpt>
   <trkpt lat="-26.1600720" lon="-51.1405550">
    <ele>753.9</ele>
   </trkpt>
   <trkpt lat="-26.1601100" lon="-51.1405290">
    <ele>753.9</ele>
   </trkpt>
   <trkpt lat="-26.1601540" lon="-51.1405030">
    <ele>753.9</ele>
   </trkpt>
   <trkpt lat="-26.1601930" lon="-51.1404800">
    <ele>753.8</ele>
   </trkpt>
   <trkpt lat="-26.1602340" lon="-51.1404580">
    <ele>753.8</ele>
   </trkpt>
   <trkpt lat="-26.1602770" lon="-51.1404400">
    <ele>753.8</ele>
   </trkpt>
   <trkpt lat="-26.1603200" lon="-51.1404170">
    <ele>753.7</ele>
   </trkpt>
   <trkpt lat="-26.1603610" lon="-51.1403920">
    <ele>753.7</ele>
   </trkpt>
   <trkpt lat="-26.1604020" lon="-51.1403650">
    <ele>753.7</ele>
   </trkpt>
   <trkpt lat="-26.1604410" lon="-51.1403370">
    <ele>753.6</ele>
   </trkpt>
   <trkpt lat="-26.1604820" lon="-51.1403100">
    <ele>753.5</ele>
   </trkpt>
   <trkpt lat="-26.1605220" lon="-51.1402870">
    <ele>753.4</ele>
   </trkpt>
   <trkpt lat="-26.1605630" lon="-51.1402690">
    <ele>753.3</ele>
   </trkpt>
   <trkpt lat="-26.1606030" lon="-51.1402490">
    <ele>753.3</ele>
   </trkpt>
   <trkpt lat="-26.1606440" lon="-51.1402210">
    <ele>753.2</ele>
   </trkpt>
   <trkpt lat="-26.1606870" lon="-51.1402050">
    <ele>753.1</ele>
   </trkpt>
   <trkpt lat="-26.1607310" lon="-51.1401860">
    <ele>753.0</ele>
   </trkpt>
   <trkpt lat="-26.1607770" lon="-51.1401680">
    <ele>752.8</ele>
   </trkpt>
   <trkpt lat="-26.1608240" lon="-51.1401430">
    <ele>752.5</ele>
   </trkpt>
   <trkpt lat="-26.1608720" lon="-51.1401220">
    <ele>752.3</ele>
   </trkpt>
   <trkpt lat="-26.1609190" lon="-51.1400990">
    <ele>752.0</ele>
   </trkpt>
   <trkpt lat="-26.1609680" lon="-51.1400750">
    <ele>751.8</ele>
   </trkpt>
   <trkpt lat="-26.1610250" lon="-51.1400370">
    <ele>751.7</ele>
   </trkpt>
   <trkpt lat="-26.1610760" lon="-51.1400080">
    <ele>751.6</ele>
   </trkpt>
   <trkpt lat="-26.1611250" lon="-51.1399670">
    <ele>751.6</ele>
   </trkpt>
   <trkpt lat="-26.1611710" lon="-51.1399260">
    <ele>751.5</ele>
   </trkpt>
   <trkpt lat="-26.1612180" lon="-51.1398770">
    <ele>751.4</ele>
   </trkpt>
   <trkpt lat="-26.1612650" lon="-51.1398170">
    <ele>751.3</ele>
   </trkpt>
   <trkpt lat="-26.1613080" lon="-51.1397490">
    <ele>751.2</ele>
   </trkpt>
   <trkpt lat="-26.1613390" lon="-51.1396790">
    <ele>751.1</ele>
   </trkpt>
   <trkpt lat="-26.1613690" lon="-51.1396080">
    <ele>751.1</ele>
   </trkpt>
   <trkpt lat="-26.1613930" lon="-51.1395390">
    <ele>751.2</ele>
   </trkpt>
   <trkpt lat="-26.1614180" lon="-51.1394730">
    <ele>751.4</ele>
   </trkpt>
   <trkpt lat="-26.1614360" lon="-51.1394060">
    <ele>751.5</ele>
   </trkpt>
   <trkpt lat="-26.1614430" lon="-51.1393410">
    <ele>751.7</ele>
   </trkpt>
   <trkpt lat="-26.1614530" lon="-51.1392790">
    <ele>751.8</ele>
   </trkpt>
   <trkpt lat="-26.1614540" lon="-51.1392170">
    <ele>751.9</ele>
   </trkpt>
   <trkpt lat="-26.1614530" lon="-51.1391620">
    <ele>752.0</ele>
   </trkpt>
   <trkpt lat="-26.1614490" lon="-51.1391120">
    <ele>752.1</ele>
   </trkpt>
   <trkpt lat="-26.1614470" lon="-51.1390640">
    <ele>752.2</ele>
   </trkpt>
   <trkpt lat="-26.1614440" lon="-51.1390120">
    <ele>752.2</ele>
   </trkpt>
   <trkpt lat="-26.1614420" lon="-51.1389690">
    <ele>752.2</ele>
   </trkpt>
   <trkpt lat="-26.1614350" lon="-51.1389200">
    <ele>752.2</ele>
   </trkpt>
   <trkpt lat="-26.1614300" lon="-51.1388700">
    <ele>752.2</ele>
   </trkpt>
   <trkpt lat="-26.1614290" lon="-51.1388110">
    <ele>752.1</ele>
   </trkpt>
   <trkpt lat="-26.1614410" lon="-51.1387550">
    <ele>752.0</ele>
   </trkpt>
   <trkpt lat="-26.1614510" lon="-51.1386880">
    <ele>751.8</ele>
   </trkpt>
   <trkpt lat="-26.1614610" lon="-51.1386200">
    <ele>751.7</ele>
   </trkpt>
   <trkpt lat="-26.1614740" lon="-51.1385560">
    <ele>751.7</ele>
   </trkpt>
   <trkpt lat="-26.1614890" lon="-51.1384970">
    <ele>751.6</ele>
   </trkpt>
   <trkpt lat="-26.1615020" lon="-51.1384360">
    <ele>751.5</ele>
   </trkpt>
   <trkpt lat="-26.1615140" lon="-51.1383740">
    <ele>751.4</ele>
   </trkpt>
   <trkpt lat="-26.1615310" lon="-51.1383140">
    <ele>751.3</ele>
   </trkpt>
   <trkpt lat="-26.1615470" lon="-51.1382530">
    <ele>751.2</ele>
   </trkpt>
   <trkpt lat="-26.1615660" lon="-51.1381940">
    <ele>751.0</ele>
   </trkpt>
   <trkpt lat="-26.1615840" lon="-51.1381380">
    <ele>750.9</ele>
   </trkpt>
   <trkpt lat="-26.1616020" lon="-51.1380840">
    <ele>750.9</ele>
   </trkpt>
   <trkpt lat="-26.1616250" lon="-51.1380280">
    <ele>750.8</ele>
   </trkpt>
   <trkpt lat="-26.1616470" lon="-51.1379780">
    <ele>750.7</ele>
   </trkpt>
   <trkpt lat="-26.1616680" lon="-51.1379230">
    <ele>750.6</ele>
   </trkpt>
   <trkpt lat="-26.1616990" lon="-51.1378720">
    <ele>750.5</ele>
   </trkpt>
   <trkpt lat="-26.1617240" lon="-51.1378130">
    <ele>750.4</ele>
   </trkpt>
   <trkpt lat="-26.1617520" lon="-51.1377660">
    <ele>750.4</ele>
   </trkpt>
   <trkpt lat="-26.1617820" lon="-51.1377200">
    <ele>750.3</ele>
   </trkpt>
   <trkpt lat="-26.1618150" lon="-51.1376740">
    <ele>750.3</ele>
   </trkpt>
   <trkpt lat="-26.1618430" lon="-51.1376210">
    <ele>750.3</ele>
   </trkpt>
   <trkpt lat="-26.1618740" lon="-51.1375710">
    <ele>750.3</ele>
   </trkpt>
   <trkpt lat="-26.1619000" lon="-51.1375280">
    <ele>750.3</ele>
   </trkpt>
   <trkpt lat="-26.1619270" lon="-51.1374850">
    <ele>750.2</ele>
   </trkpt>
   <trkpt lat="-26.1619650" lon="-51.1374330">
    <ele>750.2</ele>
   </trkpt>
   <trkpt lat="-26.1619910" lon="-51.1373870">
    <ele>750.1</ele>
   </trkpt>
   <trkpt lat="-26.1620220" lon="-51.1373410">
    <ele>750.1</ele>
   </trkpt>
   <trkpt lat="-26.1620500" lon="-51.1372990">
    <ele>750.0</ele>
   </trkpt>
   <trkpt lat="-26.1620770" lon="-51.1372550">
    <ele>750.0</ele>
   </trkpt>
   <trkpt lat="-26.1621140" lon="-51.1372060">
    <ele>750.0</ele>
   </trkpt>
   <trkpt lat="-26.1621450" lon="-51.1371550">
    <ele>750.0</ele>
   </trkpt>
   <trkpt lat="-26.1621810" lon="-51.1371030">
    <ele>750.1</ele>
   </trkpt>
   <trkpt lat="-26.1622190" lon="-51.1370500">
    <ele>750.1</ele>
   </trkpt>
   <trkpt lat="-26.1622540" lon="-51.1369940">
    <ele>750.1</ele>
   </trkpt>
   <trkpt lat="-26.1622880" lon="-51.1369450">
    <ele>750.1</ele>
   </trkpt>
   <trkpt lat="-26.1623230" lon="-51.1368960">
    <ele>750.2</ele>
   </trkpt>
   <trkpt lat="-26.1623550" lon="-51.1368440">
    <ele>750.2</ele>
   </trkpt>
   <trkpt lat="-26.1623890" lon="-51.1367960">
    <ele>750.2</ele>
   </trkpt>
   <trkpt lat="-26.1624230" lon="-51.1367480">
    <ele>750.2</ele>
   </trkpt>
   <trkpt lat="-26.1624540" lon="-51.1366980">
    <ele>750.2</ele>
   </trkpt>
   <trkpt lat="-26.1624880" lon="-51.1366450">
    <ele>750.2</ele>
   </trkpt>
   <trkpt lat="-26.1625240" lon="-51.1365950">
    <ele>750.2</ele>
   </trkpt>
   <trkpt lat="-26.1625600" lon="-51.1365420">
    <ele>750.2</ele>
   </trkpt>
   <trkpt lat="-26.1625930" lon="-51.1364980">
    <ele>750.2</ele>
   </trkpt>
   <trkpt lat="-26.1626260" lon="-51.1364480">
    <ele>750.2</ele>
   </trkpt>
   <trkpt lat="-26.1626900" lon="-51.1363560">
    <ele>750.4</ele>
   </trkpt>
   <trkpt lat="-26.1627230" lon="-51.1363080">
    <ele>750.4</ele>
   </trkpt>
   <trkpt lat="-26.1627570" lon="-51.1362610">
    <ele>750.5</ele>
   </trkpt>
   <trkpt lat="-26.1627900" lon="-51.1362190">
    <ele>750.5</ele>
   </trkpt>
   <trkpt lat="-26.1628240" lon="-51.1361730">
    <ele>750.5</ele>
   </trkpt>
   <trkpt lat="-26.1628550" lon="-51.1361240">
    <ele>750.5</ele>
   </trkpt>
   <trkpt lat="-26.1628900" lon="-51.1360800">
    <ele>750.5</ele>
   </trkpt>
   <trkpt lat="-26.1629210" lon="-51.1360370">
    <ele>750.5</ele>
   </trkpt>
   <trkpt lat="-26.1629520" lon="-51.1359980">
    <ele>750.5</ele>
   </trkpt>
   <trkpt lat="-26.1629840" lon="-51.1359520">
    <ele>750.5</ele>
   </trkpt>
   <trkpt lat="-26.1630130" lon="-51.1359160">
    <ele>750.5</ele>
   </trkpt>
   <trkpt lat="-26.1630420" lon="-51.1358790">
    <ele>750.6</ele>
   </trkpt>
   <trkpt lat="-26.1630710" lon="-51.1358370">
    <ele>750.6</ele>
   </trkpt>
   <trkpt lat="-26.1631000" lon="-51.1357970">
    <ele>750.6</ele>
   </trkpt>
   <trkpt lat="-26.1631290" lon="-51.1357560">
    <ele>750.6</ele>
   </trkpt>
   <trkpt lat="-26.1631590" lon="-51.1357200">
    <ele>750.6</ele>
   </trkpt>
   <trkpt lat="-26.1631890" lon="-51.1356810">
    <ele>750.6</ele>
   </trkpt>
   <trkpt lat="-26.1632180" lon="-51.1356430">
    <ele>750.7</ele>
   </trkpt>
   <trkpt lat="-26.1632450" lon="-51.1356050">
    <ele>750.7</ele>
   </trkpt>
   <trkpt lat="-26.1632720" lon="-51.1355670">
    <ele>750.8</ele>
   </trkpt>
   <trkpt lat="-26.1632980" lon="-51.1355260">
    <ele>750.8</ele>
   </trkpt>
   <trkpt lat="-26.1633270" lon="-51.1354900">
    <ele>750.9</ele>
   </trkpt>
   <trkpt lat="-26.1633540" lon="-51.1354480">
    <ele>750.9</ele>
   </trkpt>
   <trkpt lat="-26.1633830" lon="-51.1354050">
    <ele>750.9</ele>
   </trkpt>
   <trkpt lat="-26.1634100" lon="-51.1353680">
    <ele>750.9</ele>
   </trkpt>
   <trkpt lat="-26.1634380" lon="-51.1353290">
    <ele>751.0</ele>
   </trkpt>
   <trkpt lat="-26.1634660" lon="-51.1352930">
    <ele>751.0</ele>
   </trkpt>
   <trkpt lat="-26.1634970" lon="-51.1352540">
    <ele>751.0</ele>
   </trkpt>
   <trkpt lat="-26.1635220" lon="-51.1352130">
    <ele>751.0</ele>
   </trkpt>
   <trkpt lat="-26.1635470" lon="-51.1351750">
    <ele>751.0</ele>
   </trkpt>
   <trkpt lat="-26.1635740" lon="-51.1351370">
    <ele>751.0</ele>
   </trkpt>
   <trkpt lat="-26.1635990" lon="-51.1351020">
    <ele>751.1</ele>
   </trkpt>
   <trkpt lat="-26.1636270" lon="-51.1350650">
    <ele>751.1</ele>
   </trkpt>
   <trkpt lat="-26.1636500" lon="-51.1350300">
    <ele>751.2</ele>
   </trkpt>
   <trkpt lat="-26.1636810" lon="-51.1349960">
    <ele>751.2</ele>
   </trkpt>
   <trkpt lat="-26.1637120" lon="-51.1349570">
    <ele>751.3</ele>
   </trkpt>
   <trkpt lat="-26.1637370" lon="-51.1349200">
    <ele>751.3</ele>
   </trkpt>
   <trkpt lat="-26.1637650" lon="-51.1348820">
    <ele>751.4</ele>
   </trkpt>
   <trkpt lat="-26.1637920" lon="-51.1348400">
    <ele>751.5</ele>
   </trkpt>
   <trkpt lat="-26.1638180" lon="-51.1348030">
    <ele>751.5</ele>
   </trkpt>
   <trkpt lat="-26.1638480" lon="-51.1347710">
    <ele>751.6</ele>
   </trkpt>
   <trkpt lat="-26.1638730" lon="-51.1347340">
    <ele>751.6</ele>
   </trkpt>
   <trkpt lat="-26.1638980" lon="-51.1346980">
    <ele>751.6</ele>
   </trkpt>
   <trkpt lat="-26.1639240" lon="-51.1346620">
    <ele>751.7</ele>
   </trkpt>
   <trkpt lat="-26.1639520" lon="-51.1346290">
    <ele>751.7</ele>
   </trkpt>
   <trkpt lat="-26.1639780" lon="-51.1345950">
    <ele>751.7</ele>
   </trkpt>
   <trkpt lat="-26.1640020" lon="-51.1345540">
    <ele>751.7</ele>
   </trkpt>
   <trkpt lat="-26.1640290" lon="-51.1345150">
    <ele>751.7</ele>
   </trkpt>
   <trkpt lat="-26.1640530" lon="-51.1344820">
    <ele>751.8</ele>
   </trkpt>
   <trkpt lat="-26.1640800" lon="-51.1344580">
    <ele>751.8</ele>
   </trkpt>
   <trkpt lat="-26.1641050" lon="-51.1344260">
    <ele>751.9</ele>
   </trkpt>
   <trkpt lat="-26.1641260" lon="-51.1343920">
    <ele>751.9</ele>
   </trkpt>
   <trkpt lat="-26.1641460" lon="-51.1343550">
    <ele>752.0</ele>
   </trkpt>
   <trkpt lat="-26.1641720" lon="-51.1343200">
    <ele>752.0</ele>
   </trkpt>
   <trkpt lat="-26.1641950" lon="-51.1342910">
    <ele>752.1</ele>
   </trkpt>
   <trkpt lat="-26.1642200" lon="-51.1342580">
    <ele>752.1</ele>
   </trkpt>
   <trkpt lat="-26.1642440" lon="-51.1342270">
    <ele>752.2</ele>
   </trkpt>
   <trkpt lat="-26.1642710" lon="-51.1341950">
    <ele>752.2</ele>
   </trkpt>
   <trkpt lat="-26.1642920" lon="-51.1341680">
    <ele>752.2</ele>
   </trkpt>
   <trkpt lat="-26.1643170" lon="-51.1341350">
    <ele>752.3</ele>
   </trkpt>
   <trkpt lat="-26.1643430" lon="-51.1341020">
    <ele>752.3</ele>
   </trkpt>
   <trkpt lat="-26.1643650" lon="-51.1340700">
    <ele>752.3</ele>
   </trkpt>
   <trkpt lat="-26.1643910" lon="-51.1340380">
    <ele>752.4</ele>
   </trkpt>
   <trkpt lat="-26.1644100" lon="-51.1340050">
    <ele>752.4</ele>
   </trkpt>
   <trkpt lat="-26.1644290" lon="-51.1339750">
    <ele>752.4</ele>
   </trkpt>
   <trkpt lat="-26.1644510" lon="-51.1339440">
    <ele>752.5</ele>
   </trkpt>
   <trkpt lat="-26.1644730" lon="-51.1339140">
    <ele>752.5</ele>
   </trkpt>
   <trkpt lat="-26.1644970" lon="-51.1338810">
    <ele>752.6</ele>
   </trkpt>
   <trkpt lat="-26.1645210" lon="-51.1338480">
    <ele>752.7</ele>
   </trkpt>
   <trkpt lat="-26.1645450" lon="-51.1338150">
    <ele>752.7</ele>
   </trkpt>
   <trkpt lat="-26.1645690" lon="-51.1337820">
    <ele>752.8</ele>
   </trkpt>
   <trkpt lat="-26.1645900" lon="-51.1337480">
    <ele>752.8</ele>
   </trkpt>
   <trkpt lat="-26.1646150" lon="-51.1337110">
    <ele>752.8</ele>
   </trkpt>
   <trkpt lat="-26.1646400" lon="-51.1336840">
    <ele>752.8</ele>
   </trkpt>
   <trkpt lat="-26.1646610" lon="-51.1336520">
    <ele>752.8</ele>
   </trkpt>
   <trkpt lat="-26.1646860" lon="-51.1336200">
    <ele>752.8</ele>
   </trkpt>
   <trkpt lat="-26.1647100" lon="-51.1335880">
    <ele>752.9</ele>
   </trkpt>
   <trkpt lat="-26.1647350" lon="-51.1335540">
    <ele>752.9</ele>
   </trkpt>
   <trkpt lat="-26.1647590" lon="-51.1335200">
    <ele>752.9</ele>
   </trkpt>
   <trkpt lat="-26.1647850" lon="-51.1334910">
    <ele>752.9</ele>
   </trkpt>
   <trkpt lat="-26.1648110" lon="-51.1334600">
    <ele>752.9</ele>
   </trkpt>
   <trkpt lat="-26.1648290" lon="-51.1334290">
    <ele>752.9</ele>
   </trkpt>
   <trkpt lat="-26.1648530" lon="-51.1333980">
    <ele>752.9</ele>
   </trkpt>
   <trkpt lat="-26.1648790" lon="-51.1333640">
    <ele>753.0</ele>
   </trkpt>
   <trkpt lat="-26.1649030" lon="-51.1333340">
    <ele>753.1</ele>
   </trkpt>
   <trkpt lat="-26.1649250" lon="-51.1333030">
    <ele>753.1</ele>
   </trkpt>
   <trkpt lat="-26.1649510" lon="-51.1332690">
    <ele>753.2</ele>
   </trkpt>
   <trkpt lat="-26.1649730" lon="-51.1332320">
    <ele>753.3</ele>
   </trkpt>
   <trkpt lat="-26.1649940" lon="-51.1331950">
    <ele>753.4</ele>
   </trkpt>
   <trkpt lat="-26.1650190" lon="-51.1331630">
    <ele>753.4</ele>
   </trkpt>
   <trkpt lat="-26.1650440" lon="-51.1331280">
    <ele>753.5</ele>
   </trkpt>
   <trkpt lat="-26.1650710" lon="-51.1330940">
    <ele>753.5</ele>
   </trkpt>
   <trkpt lat="-26.1650980" lon="-51.1330640">
    <ele>753.6</ele>
   </trkpt>
   <trkpt lat="-26.1651200" lon="-51.1330350">
    <ele>753.6</ele>
   </trkpt>
   <trkpt lat="-26.1651430" lon="-51.1329980">
    <ele>753.6</ele>
   </trkpt>
   <trkpt lat="-26.1651660" lon="-51.1329660">
    <ele>753.7</ele>
   </trkpt>
   <trkpt lat="-26.1651890" lon="-51.1329330">
    <ele>753.7</ele>
   </trkpt>
   <trkpt lat="-26.1652130" lon="-51.1328990">
    <ele>753.8</ele>
   </trkpt>
   <trkpt lat="-26.1652380" lon="-51.1328660">
    <ele>753.8</ele>
   </trkpt>
   <trkpt lat="-26.1652620" lon="-51.1328310">
    <ele>753.8</ele>
   </trkpt>
   <trkpt lat="-26.1652860" lon="-51.1327940">
    <ele>753.9</ele>
   </trkpt>
   <trkpt lat="-26.1653100" lon="-51.1327610">
    <ele>754.0</ele>
   </trkpt>
   <trkpt lat="-26.1653360" lon="-51.1327260">
    <ele>754.0</ele>
   </trkpt>
   <trkpt lat="-26.1653590" lon="-51.1326940">
    <ele>754.1</ele>
   </trkpt>
   <trkpt lat="-26.1653810" lon="-51.1326610">
    <ele>754.1</ele>
   </trkpt>
   <trkpt lat="-26.1654050" lon="-51.1326310">
    <ele>754.2</ele>
   </trkpt>
   <trkpt lat="-26.1654280" lon="-51.1325960">
    <ele>754.2</ele>
   </trkpt>
   <trkpt lat="-26.1654480" lon="-51.1325630">
    <ele>754.2</ele>
   </trkpt>
   <trkpt lat="-26.1654750" lon="-51.1325240">
    <ele>754.3</ele>
   </trkpt>
   <trkpt lat="-26.1655020" lon="-51.1324930">
    <ele>754.3</ele>
   </trkpt>
   <trkpt lat="-26.1655240" lon="-51.1324610">
    <ele>754.4</ele>
   </trkpt>
   <trkpt lat="-26.1655550" lon="-51.1324300">
    <ele>754.4</ele>
   </trkpt>
   <trkpt lat="-26.1655770" lon="-51.1323970">
    <ele>754.4</ele>
   </trkpt>
   <trkpt lat="-26.1656000" lon="-51.1323590">
    <ele>754.4</ele>
   </trkpt>
   <trkpt lat="-26.1656250" lon="-51.1323280">
    <ele>754.5</ele>
   </trkpt>
   <trkpt lat="-26.1656490" lon="-51.1322930">
    <ele>754.5</ele>
   </trkpt>
   <trkpt lat="-26.1656730" lon="-51.1322570">
    <ele>754.5</ele>
   </trkpt>
   <trkpt lat="-26.1656940" lon="-51.1322200">
    <ele>754.5</ele>
   </trkpt>
   <trkpt lat="-26.1657130" lon="-51.1321900">
    <ele>754.6</ele>
   </trkpt>
   <trkpt lat="-26.1657380" lon="-51.1321600">
    <ele>754.7</ele>
   </trkpt>
   <trkpt lat="-26.1657600" lon="-51.1321320">
    <ele>754.8</ele>
   </trkpt>
   <trkpt lat="-26.1657850" lon="-51.1321000">
    <ele>754.9</ele>
   </trkpt>
   <trkpt lat="-26.1658080" lon="-51.1320810">
    <ele>755.0</ele>
   </trkpt>
   <trkpt lat="-26.1658420" lon="-51.1320550">
    <ele>755.2</ele>
   </trkpt>
   <trkpt lat="-26.1658540" lon="-51.1320440">
    <ele>755.2</ele>
   </trkpt>
   <trkpt lat="-26.1658810" lon="-51.1320230">
    <ele>755.4</ele>
   </trkpt>
   <trkpt lat="-26.1659110" lon="-51.1320050">
    <ele>755.5</ele>
   </trkpt>
   <trkpt lat="-26.1659390" lon="-51.1319920">
    <ele>755.6</ele>
   </trkpt>
   <trkpt lat="-26.1659660" lon="-51.1319830">
    <ele>755.8</ele>
   </trkpt>
   <trkpt lat="-26.1659960" lon="-51.1319910">
    <ele>755.9</ele>
   </trkpt>
   <trkpt lat="-26.1660240" lon="-51.1319990">
    <ele>756.8</ele>
   </trkpt>
   <trkpt lat="-26.1660490" lon="-51.1320130">
    <ele>756.9</ele>
   </trkpt>
   <trkpt lat="-26.1660740" lon="-51.1320290">
    <ele>756.9</ele>
   </trkpt>
   <trkpt lat="-26.1661140" lon="-51.1320670">
    <ele>757.0</ele>
   </trkpt>
   <trkpt lat="-26.1661330" lon="-51.1320890">
    <ele>757.0</ele>
   </trkpt>
   <trkpt lat="-26.1661500" lon="-51.1321160">
    <ele>757.0</ele>
   </trkpt>
   <trkpt lat="-26.1661710" lon="-51.1321430">
    <ele>757.1</ele>
   </trkpt>
   <trkpt lat="-26.1661920" lon="-51.1321700">
    <ele>757.1</ele>
   </trkpt>
   <trkpt lat="-26.1662080" lon="-51.1322010">
    <ele>757.1</ele>
   </trkpt>
   <trkpt lat="-26.1662290" lon="-51.1322350">
    <ele>757.1</ele>
   </trkpt>
   <trkpt lat="-26.1662520" lon="-51.1322630">
    <ele>757.1</ele>
   </trkpt>
   <trkpt lat="-26.1662740" lon="-51.1322920">
    <ele>757.1</ele>
   </trkpt>
   <trkpt lat="-26.1662970" lon="-51.1323230">
    <ele>757.1</ele>
   </trkpt>
   <trkpt lat="-26.1663160" lon="-51.1323540">
    <ele>757.1</ele>
   </trkpt>
   <trkpt lat="-26.1663370" lon="-51.1323890">
    <ele>757.1</ele>
   </trkpt>
   <trkpt lat="-26.1663600" lon="-51.1324230">
    <ele>757.1</ele>
   </trkpt>
   <trkpt lat="-26.1663780" lon="-51.1324570">
    <ele>757.1</ele>
   </trkpt>
   <trkpt lat="-26.1664010" lon="-51.1324910">
    <ele>757.1</ele>
   </trkpt>
   <trkpt lat="-26.1664240" lon="-51.1325260">
    <ele>757.1</ele>
   </trkpt>
   <trkpt lat="-26.1664440" lon="-51.1325600">
    <ele>757.0</ele>
   </trkpt>
   <trkpt lat="-26.1664680" lon="-51.1325920">
    <ele>757.1</ele>
   </trkpt>
   <trkpt lat="-26.1664980" lon="-51.1326260">
    <ele>757.1</ele>
   </trkpt>
   <trkpt lat="-26.1665230" lon="-51.1326610">
    <ele>757.1</ele>
   </trkpt>
   <trkpt lat="-26.1665520" lon="-51.1326860">
    <ele>757.1</ele>
   </trkpt>
   <trkpt lat="-26.1665750" lon="-51.1327170">
    <ele>757.2</ele>
   </trkpt>
   <trkpt lat="-26.1665990" lon="-51.1327540">
    <ele>757.2</ele>
   </trkpt>
   <trkpt lat="-26.1666230" lon="-51.1327910">
    <ele>757.2</ele>
   </trkpt>
   <trkpt lat="-26.1666400" lon="-51.1328280">
    <ele>757.3</ele>
   </trkpt>
   <trkpt lat="-26.1666630" lon="-51.1328670">
    <ele>757.3</ele>
   </trkpt>
   <trkpt lat="-26.1666900" lon="-51.1329050">
    <ele>757.4</ele>
   </trkpt>
   <trkpt lat="-26.1667160" lon="-51.1329390">
    <ele>757.4</ele>
   </trkpt>
   <trkpt lat="-26.1667420" lon="-51.1329750">
    <ele>757.4</ele>
   </trkpt>
   <trkpt lat="-26.1667640" lon="-51.1330160">
    <ele>757.4</ele>
   </trkpt>
   <trkpt lat="-26.1667830" lon="-51.1330540">
    <ele>757.4</ele>
   </trkpt>
   <trkpt lat="-26.1668080" lon="-51.1330930">
    <ele>757.5</ele>
   </trkpt>
   <trkpt lat="-26.1668350" lon="-51.1331320">
    <ele>757.5</ele>
   </trkpt>
   <trkpt lat="-26.1668600" lon="-51.1331730">
    <ele>757.5</ele>
   </trkpt>
   <trkpt lat="-26.1668840" lon="-51.1332120">
    <ele>757.5</ele>
   </trkpt>
   <trkpt lat="-26.1669090" lon="-51.1332490">
    <ele>757.6</ele>
   </trkpt>
   <trkpt lat="-26.1669330" lon="-51.1332900">
    <ele>757.6</ele>
   </trkpt>
   <trkpt lat="-26.1669570" lon="-51.1333250">
    <ele>757.6</ele>
   </trkpt>
   <trkpt lat="-26.1669840" lon="-51.1333610">
    <ele>757.7</ele>
   </trkpt>
   <trkpt lat="-26.1670070" lon="-51.1333990">
    <ele>757.7</ele>
   </trkpt>
   <trkpt lat="-26.1670300" lon="-51.1334420">
    <ele>757.8</ele>
   </trkpt>
   <trkpt lat="-26.1670530" lon="-51.1334780">
    <ele>757.8</ele>
   </trkpt>
   <trkpt lat="-26.1670770" lon="-51.1335170">
    <ele>757.9</ele>
   </trkpt>
   <trkpt lat="-26.1671000" lon="-51.1335550">
    <ele>757.9</ele>
   </trkpt>
   <trkpt lat="-26.1671240" lon="-51.1335930">
    <ele>757.9</ele>
   </trkpt>
   <trkpt lat="-26.1671490" lon="-51.1336320">
    <ele>758.0</ele>
   </trkpt>
   <trkpt lat="-26.1671710" lon="-51.1336660">
    <ele>758.0</ele>
   </trkpt>
   <trkpt lat="-26.1671940" lon="-51.1336990">
    <ele>758.1</ele>
   </trkpt>
   <trkpt lat="-26.1672170" lon="-51.1337370">
    <ele>758.1</ele>
   </trkpt>
   <trkpt lat="-26.1672400" lon="-51.1337750">
    <ele>758.1</ele>
   </trkpt>
   <trkpt lat="-26.1672680" lon="-51.1338130">
    <ele>758.2</ele>
   </trkpt>
   <trkpt lat="-26.1672920" lon="-51.1338490">
    <ele>758.2</ele>
   </trkpt>
   <trkpt lat="-26.1673220" lon="-51.1338900">
    <ele>758.2</ele>
   </trkpt>
   <trkpt lat="-26.1673470" lon="-51.1339330">
    <ele>758.3</ele>
   </trkpt>
   <trkpt lat="-26.1673670" lon="-51.1339730">
    <ele>758.3</ele>
   </trkpt>
   <trkpt lat="-26.1673960" lon="-51.1340180">
    <ele>758.3</ele>
   </trkpt>
   <trkpt lat="-26.1674240" lon="-51.1340560">
    <ele>758.3</ele>
   </trkpt>
   <trkpt lat="-26.1674480" lon="-51.1340980">
    <ele>758.4</ele>
   </trkpt>
   <trkpt lat="-26.1674760" lon="-51.1341410">
    <ele>758.4</ele>
   </trkpt>
   <trkpt lat="-26.1675020" lon="-51.1341800">
    <ele>758.4</ele>
   </trkpt>
   <trkpt lat="-26.1675280" lon="-51.1342180">
    <ele>758.4</ele>
   </trkpt>
   <trkpt lat="-26.1675560" lon="-51.1342580">
    <ele>758.4</ele>
   </trkpt>
   <trkpt lat="-26.1675780" lon="-51.1343030">
    <ele>758.4</ele>
   </trkpt>
   <trkpt lat="-26.1675990" lon="-51.1343430">
    <ele>758.5</ele>
   </trkpt>
   <trkpt lat="-26.1676180" lon="-51.1343810">
    <ele>758.5</ele>
   </trkpt>
   <trkpt lat="-26.1676450" lon="-51.1344210">
    <ele>758.5</ele>
   </trkpt>
   <trkpt lat="-26.1676710" lon="-51.1344650">
    <ele>758.6</ele>
   </trkpt>
   <trkpt lat="-26.1676980" lon="-51.1345080">
    <ele>758.8</ele>
   </trkpt>
   <trkpt lat="-26.1677260" lon="-51.1345490">
    <ele>759.0</ele>
   </trkpt>
   <trkpt lat="-26.1677480" lon="-51.1345900">
    <ele>759.2</ele>
   </trkpt>
   <trkpt lat="-26.1677750" lon="-51.1346280">
    <ele>759.4</ele>
   </trkpt>
   <trkpt lat="-26.1678030" lon="-51.1346680">
    <ele>759.6</ele>
   </trkpt>
   <trkpt lat="-26.1678250" lon="-51.1347090">
    <ele>759.6</ele>
   </trkpt>
   <trkpt lat="-26.1678480" lon="-51.1347500">
    <ele>759.7</ele>
   </trkpt>
   <trkpt lat="-26.1678820" lon="-51.1347940">
    <ele>759.7</ele>
   </trkpt>
   <trkpt lat="-26.1679100" lon="-51.1348380">
    <ele>759.7</ele>
   </trkpt>
   <trkpt lat="-26.1679350" lon="-51.1348800">
    <ele>759.7</ele>
   </trkpt>
   <trkpt lat="-26.1679620" lon="-51.1349240">
    <ele>759.7</ele>
   </trkpt>
   <trkpt lat="-26.1679920" lon="-51.1349650">
    <ele>759.7</ele>
   </trkpt>
   <trkpt lat="-26.1680170" lon="-51.1350070">
    <ele>759.7</ele>
   </trkpt>
   <trkpt lat="-26.1680440" lon="-51.1350520">
    <ele>759.7</ele>
   </trkpt>
   <trkpt lat="-26.1680710" lon="-51.1350900">
    <ele>759.7</ele>
   </trkpt>
   <trkpt lat="-26.1680980" lon="-51.1351320">
    <ele>759.7</ele>
   </trkpt>
   <trkpt lat="-26.1681250" lon="-51.1351720">
    <ele>759.7</ele>
   </trkpt>
   <trkpt lat="-26.1681500" lon="-51.1352140">
    <ele>759.7</ele>
   </trkpt>
   <trkpt lat="-26.1681780" lon="-51.1352550">
    <ele>759.7</ele>
   </trkpt>
   <trkpt lat="-26.1682060" lon="-51.1352970">
    <ele>759.8</ele>
   </trkpt>
   <trkpt lat="-26.1682320" lon="-51.1353410">
    <ele>759.8</ele>
   </trkpt>
   <trkpt lat="-26.1682610" lon="-51.1353850">
    <ele>759.8</ele>
   </trkpt>
   <trkpt lat="-26.1682880" lon="-51.1354330">
    <ele>759.8</ele>
   </trkpt>
   <trkpt lat="-26.1683180" lon="-51.1354780">
    <ele>759.8</ele>
   </trkpt>
   <trkpt lat="-26.1683470" lon="-51.1355210">
    <ele>759.9</ele>
   </trkpt>
   <trkpt lat="-26.1683760" lon="-51.1355680">
    <ele>759.9</ele>
   </trkpt>
   <trkpt lat="-26.1684050" lon="-51.1356150">
    <ele>759.9</ele>
   </trkpt>
   <trkpt lat="-26.1684350" lon="-51.1356610">
    <ele>759.9</ele>
   </trkpt>
   <trkpt lat="-26.1684650" lon="-51.1357060">
    <ele>759.9</ele>
   </trkpt>
   <trkpt lat="-26.1685250" lon="-51.1358020">
    <ele>759.9</ele>
   </trkpt>
   <trkpt lat="-26.1685540" lon="-51.1358510">
    <ele>759.9</ele>
   </trkpt>
   <trkpt lat="-26.1685880" lon="-51.1359000">
    <ele>760.0</ele>
   </trkpt>
   <trkpt lat="-26.1686200" lon="-51.1359490">
    <ele>760.0</ele>
   </trkpt>
   <trkpt lat="-26.1686470" lon="-51.1360030">
    <ele>760.0</ele>
   </trkpt>
   <trkpt lat="-26.1686810" lon="-51.1360550">
    <ele>760.0</ele>
   </trkpt>
   <trkpt lat="-26.1687160" lon="-51.1361080">
    <ele>760.0</ele>
   </trkpt>
   <trkpt lat="-26.1687500" lon="-51.1361600">
    <ele>760.1</ele>
   </trkpt>
   <trkpt lat="-26.1687870" lon="-51.1362130">
    <ele>760.1</ele>
   </trkpt>
   <trkpt lat="-26.1688210" lon="-51.1362670">
    <ele>760.1</ele>
   </trkpt>
   <trkpt lat="-26.1688570" lon="-51.1363210">
    <ele>760.1</ele>
   </trkpt>
   <trkpt lat="-26.1688930" lon="-51.1363750">
    <ele>760.1</ele>
   </trkpt>
   <trkpt lat="-26.1689300" lon="-51.1364320">
    <ele>760.1</ele>
   </trkpt>
   <trkpt lat="-26.1689620" lon="-51.1364880">
    <ele>760.1</ele>
   </trkpt>
   <trkpt lat="-26.1689940" lon="-51.1365410">
    <ele>760.1</ele>
   </trkpt>
   <trkpt lat="-26.1690380" lon="-51.1366000">
    <ele>760.0</ele>
   </trkpt>
   <trkpt lat="-26.1690720" lon="-51.1366550">
    <ele>760.0</ele>
   </trkpt>
   <trkpt lat="-26.1691060" lon="-51.1367120">
    <ele>759.9</ele>
   </trkpt>
   <trkpt lat="-26.1691400" lon="-51.1367680">
    <ele>759.9</ele>
   </trkpt>
   <trkpt lat="-26.1691710" lon="-51.1368180">
    <ele>759.8</ele>
   </trkpt>
   <trkpt lat="-26.1692050" lon="-51.1368670">
    <ele>759.8</ele>
   </trkpt>
   <trkpt lat="-26.1692400" lon="-51.1369130">
    <ele>759.8</ele>
   </trkpt>
   <trkpt lat="-26.1692690" lon="-51.1369700">
    <ele>759.8</ele>
   </trkpt>
   <trkpt lat="-26.1693030" lon="-51.1370240">
    <ele>759.8</ele>
   </trkpt>
   <trkpt lat="-26.1693340" lon="-51.1370750">
    <ele>759.8</ele>
   </trkpt>
   <trkpt lat="-26.1693680" lon="-51.1371280">
    <ele>759.8</ele>
   </trkpt>
   <trkpt lat="-26.1694040" lon="-51.1371870">
    <ele>759.8</ele>
   </trkpt>
   <trkpt lat="-26.1694410" lon="-51.1372420">
    <ele>759.8</ele>
   </trkpt>
   <trkpt lat="-26.1694760" lon="-51.1372990">
    <ele>759.8</ele>
   </trkpt>
   <trkpt lat="-26.1695130" lon="-51.1373540">
    <ele>759.7</ele>
   </trkpt>
   <trkpt lat="-26.1695490" lon="-51.1374090">
    <ele>759.7</ele>
   </trkpt>
   <trkpt lat="-26.1695840" lon="-51.1374610">
    <ele>759.7</ele>
   </trkpt>
   <trkpt lat="-26.1696180" lon="-51.1375180">
    <ele>759.7</ele>
   </trkpt>
   <trkpt lat="-26.1696570" lon="-51.1375670">
    <ele>759.7</ele>
   </trkpt>
   <trkpt lat="-26.1696900" lon="-51.1376230">
    <ele>759.8</ele>
   </trkpt>
   <trkpt lat="-26.1697260" lon="-51.1376770">
    <ele>759.8</ele>
   </trkpt>
   <trkpt lat="-26.1697580" lon="-51.1377370">
    <ele>759.8</ele>
   </trkpt>
   <trkpt lat="-26.1697940" lon="-51.1377950">
    <ele>759.8</ele>
   </trkpt>
   <trkpt lat="-26.1698310" lon="-51.1378490">
    <ele>759.9</ele>
   </trkpt>
   <trkpt lat="-26.1698700" lon="-51.1379030">
    <ele>759.9</ele>
   </trkpt>
   <trkpt lat="-26.1699050" lon="-51.1379640">
    <ele>760.0</ele>
   </trkpt>
   <trkpt lat="-26.1699450" lon="-51.1380210">
    <ele>760.0</ele>
   </trkpt>
   <trkpt lat="-26.1699810" lon="-51.1380850">
    <ele>760.1</ele>
   </trkpt>
   <trkpt lat="-26.1700160" lon="-51.1381370">
    <ele>760.1</ele>
   </trkpt>
   <trkpt lat="-26.1700510" lon="-51.1381920">
    <ele>760.2</ele>
   </trkpt>
   <trkpt lat="-26.1700860" lon="-51.1382490">
    <ele>760.3</ele>
   </trkpt>
   <trkpt lat="-26.1701190" lon="-51.1383060">
    <ele>760.5</ele>
   </trkpt>
   <trkpt lat="-26.1701530" lon="-51.1383620">
    <ele>760.6</ele>
   </trkpt>
   <trkpt lat="-26.1701880" lon="-51.1384160">
    <ele>760.8</ele>
   </trkpt>
   <trkpt lat="-26.1702210" lon="-51.1384720">
    <ele>761.0</ele>
   </trkpt>
   <trkpt lat="-26.1702590" lon="-51.1385250">
    <ele>761.2</ele>
   </trkpt>
   <trkpt lat="-26.1702940" lon="-51.1385810">
    <ele>761.4</ele>
   </trkpt>
   <trkpt lat="-26.1703250" lon="-51.1386370">
    <ele>761.7</ele>
   </trkpt>
   <trkpt lat="-26.1703590" lon="-51.1386920">
    <ele>761.9</ele>
   </trkpt>
   <trkpt lat="-26.1703940" lon="-51.1387450">
    <ele>762.2</ele>
   </trkpt>
   <trkpt lat="-26.1704340" lon="-51.1388000">
    <ele>762.5</ele>
   </trkpt>
   <trkpt lat="-26.1704640" lon="-51.1388540">
    <ele>762.7</ele>
   </trkpt>
   <trkpt lat="-26.1705000" lon="-51.1389100">
    <ele>763.0</ele>
   </trkpt>
   <trkpt lat="-26.1705350" lon="-51.1389630">
    <ele>763.3</ele>
   </trkpt>
   <trkpt lat="-26.1705690" lon="-51.1390170">
    <ele>763.6</ele>
   </trkpt>
   <trkpt lat="-26.1706070" lon="-51.1390620">
    <ele>763.9</ele>
   </trkpt>
   <trkpt lat="-26.1706370" lon="-51.1391130">
    <ele>764.2</ele>
   </trkpt>
   <trkpt lat="-26.1706650" lon="-51.1391640">
    <ele>764.5</ele>
   </trkpt>
   <trkpt lat="-26.1706930" lon="-51.1392170">
    <ele>764.8</ele>
   </trkpt>
   <trkpt lat="-26.1707210" lon="-51.1392650">
    <ele>765.1</ele>
   </trkpt>
   <trkpt lat="-26.1707490" lon="-51.1393040">
    <ele>765.4</ele>
   </trkpt>
   <trkpt lat="-26.1707730" lon="-51.1393500">
    <ele>765.7</ele>
   </trkpt>
   <trkpt lat="-26.1707980" lon="-51.1393880">
    <ele>766.0</ele>
   </trkpt>
   <trkpt lat="-26.1708200" lon="-51.1394250">
    <ele>766.2</ele>
   </trkpt>
   <trkpt lat="-26.1708400" lon="-51.1394580">
    <ele>766.4</ele>
   </trkpt>
   <trkpt lat="-26.1708610" lon="-51.1394900">
    <ele>766.5</ele>
   </trkpt>
   <trkpt lat="-26.1708810" lon="-51.1395260">
    <ele>766.7</ele>
   </trkpt>
   <trkpt lat="-26.1709050" lon="-51.1395620">
    <ele>766.9</ele>
   </trkpt>
   <trkpt lat="-26.1709270" lon="-51.1396040">
    <ele>767.1</ele>
   </trkpt>
   <trkpt lat="-26.1709500" lon="-51.1396410">
    <ele>767.2</ele>
   </trkpt>
   <trkpt lat="-26.1709750" lon="-51.1396800">
    <ele>767.4</ele>
   </trkpt>
   <trkpt lat="-26.1709980" lon="-51.1397170">
    <ele>767.5</ele>
   </trkpt>
   <trkpt lat="-26.1710210" lon="-51.1397510">
    <ele>767.6</ele>
   </trkpt>
   <trkpt lat="-26.1710440" lon="-51.1397840">
    <ele>767.7</ele>
   </trkpt>
   <trkpt lat="-26.1710620" lon="-51.1398140">
    <ele>767.8</ele>
   </trkpt>
   <trkpt lat="-26.1710800" lon="-51.1398450">
    <ele>767.9</ele>
   </trkpt>
   <trkpt lat="-26.1710970" lon="-51.1398740">
    <ele>768.0</ele>
   </trkpt>
   <trkpt lat="-26.1711120" lon="-51.1399040">
    <ele>768.1</ele>
   </trkpt>
   <trkpt lat="-26.1711300" lon="-51.1399310">
    <ele>768.2</ele>
   </trkpt>
   <trkpt lat="-26.1711430" lon="-51.1399630">
    <ele>768.3</ele>
   </trkpt>
   <trkpt lat="-26.1711570" lon="-51.1400010">
    <ele>768.4</ele>
   </trkpt>
   <trkpt lat="-26.1711600" lon="-51.1400140">
    <ele>768.5</ele>
   </trkpt>
   <trkpt lat="-26.1711770" lon="-51.1400510">
    <ele>768.6</ele>
   </trkpt>
   <trkpt lat="-26.1711850" lon="-51.1400630">
    <ele>768.7</ele>
   </trkpt>
   <trkpt lat="-26.1712030" lon="-51.1400940">
    <ele>768.8</ele>
   </trkpt>
   <trkpt lat="-26.1712080" lon="-51.1401050">
    <ele>768.8</ele>
   </trkpt>
   <trkpt lat="-26.1712240" lon="-51.1401430">
    <ele>769.0</ele>
   </trkpt>
   <trkpt lat="-26.1712270" lon="-51.1401570">
    <ele>769.0</ele>
   </trkpt>
   <trkpt lat="-26.1712430" lon="-51.1401950">
    <ele>769.2</ele>
   </trkpt>
   <trkpt lat="-26.1712470" lon="-51.1402070">
    <ele>769.2</ele>
   </trkpt>
   <trkpt lat="-26.1712630" lon="-51.1402430">
    <ele>769.4</ele>
   </trkpt>
   <trkpt lat="-26.1712680" lon="-51.1402550">
    <ele>769.5</ele>
   </trkpt>
   <trkpt lat="-26.1712820" lon="-51.1402950">
    <ele>769.6</ele>
   </trkpt>
   <trkpt lat="-26.1712850" lon="-51.1403080">
    <ele>769.7</ele>
   </trkpt>
   <trkpt lat="-26.1712970" lon="-51.1403440">
    <ele>769.8</ele>
   </trkpt>
   <trkpt lat="-26.1713000" lon="-51.1403580">
    <ele>769.9</ele>
   </trkpt>
   <trkpt lat="-26.1713160" lon="-51.1403990">
    <ele>770.0</ele>
   </trkpt>
   <trkpt lat="-26.1713220" lon="-51.1404140">
    <ele>770.1</ele>
   </trkpt>
   <trkpt lat="-26.1713340" lon="-51.1404410">
    <ele>770.2</ele>
   </trkpt>
   <trkpt lat="-26.1713410" lon="-51.1404720">
    <ele>770.3</ele>
   </trkpt>
   <trkpt lat="-26.1713440" lon="-51.1405060">
    <ele>770.5</ele>
   </trkpt>
   <trkpt lat="-26.1713510" lon="-51.1405360">
    <ele>770.6</ele>
   </trkpt>
   <trkpt lat="-26.1713560" lon="-51.1405680">
    <ele>770.7</ele>
   </trkpt>
   <trkpt lat="-26.1713620" lon="-51.1405990">
    <ele>770.9</ele>
   </trkpt>
   <trkpt lat="-26.1713680" lon="-51.1406280">
    <ele>771.0</ele>
   </trkpt>
   <trkpt lat="-26.1713760" lon="-51.1406700">
    <ele>771.2</ele>
   </trkpt>
   <trkpt lat="-26.1713790" lon="-51.1406850">
    <ele>771.3</ele>
   </trkpt>
   <trkpt lat="-26.1713840" lon="-51.1407150">
    <ele>771.4</ele>
   </trkpt>
   <trkpt lat="-26.1713900" lon="-51.1407570">
    <ele>771.6</ele>
   </trkpt>
   <trkpt lat="-26.1713920" lon="-51.1407730">
    <ele>771.6</ele>
   </trkpt>
   <trkpt lat="-26.1713980" lon="-51.1408160">
    <ele>771.8</ele>
   </trkpt>
   <trkpt lat="-26.1713990" lon="-51.1408310">
    <ele>771.9</ele>
   </trkpt>
   <trkpt lat="-26.1714020" lon="-51.1408620">
    <ele>772.0</ele>
   </trkpt>
   <trkpt lat="-26.1714060" lon="-51.1409060">
    <ele>772.2</ele>
   </trkpt>
   <trkpt lat="-26.1714080" lon="-51.1409220">
    <ele>772.2</ele>
   </trkpt>
   <trkpt lat="-26.1714130" lon="-51.1409560">
    <ele>772.4</ele>
   </trkpt>
   <trkpt lat="-26.1714150" lon="-51.1409890">
    <ele>772.6</ele>
   </trkpt>
   <trkpt lat="-26.1714220" lon="-51.1410310">
    <ele>772.7</ele>
   </trkpt>
   <trkpt lat="-26.1714230" lon="-51.1410460">
    <ele>772.8</ele>
   </trkpt>
   <trkpt lat="-26.1714280" lon="-51.1410900">
    <ele>773.0</ele>
   </trkpt>
   <trkpt lat="-26.1714290" lon="-51.1411050">
    <ele>773.1</ele>
   </trkpt>
   <trkpt lat="-26.1714340" lon="-51.1411500">
    <ele>773.2</ele>
   </trkpt>
   <trkpt lat="-26.1714370" lon="-51.1411660">
    <ele>773.3</ele>
   </trkpt>
   <trkpt lat="-26.1714420" lon="-51.1412120">
    <ele>773.5</ele>
   </trkpt>
   <trkpt lat="-26.1714440" lon="-51.1412290">
    <ele>773.6</ele>
   </trkpt>
   <trkpt lat="-26.1714500" lon="-51.1412650">
    <ele>773.7</ele>
   </trkpt>
   <trkpt lat="-26.1714590" lon="-51.1412970">
    <ele>773.9</ele>
   </trkpt>
   <trkpt lat="-26.1714660" lon="-51.1413430">
    <ele>774.1</ele>
   </trkpt>
   <trkpt lat="-26.1714670" lon="-51.1413600">
    <ele>774.1</ele>
   </trkpt>
   <trkpt lat="-26.1714700" lon="-51.1413940">
    <ele>774.3</ele>
   </trkpt>
   <trkpt lat="-26.1714740" lon="-51.1414270">
    <ele>774.4</ele>
   </trkpt>
   <trkpt lat="-26.1714810" lon="-51.1414600">
    <ele>774.5</ele>
   </trkpt>
   <trkpt lat="-26.1714800" lon="-51.1414910">
    <ele>774.6</ele>
   </trkpt>
   <trkpt lat="-26.1714790" lon="-51.1415220">
    <ele>774.6</ele>
   </trkpt>
   <trkpt lat="-26.1714850" lon="-51.1415550">
    <ele>774.7</ele>
   </trkpt>
   <trkpt lat="-26.1714870" lon="-51.1415860">
    <ele>774.8</ele>
   </trkpt>
   <trkpt lat="-26.1714910" lon="-51.1416190">
    <ele>774.9</ele>
   </trkpt>
   <trkpt lat="-26.1714970" lon="-51.1416640">
    <ele>775.1</ele>
   </trkpt>
   <trkpt lat="-26.1715000" lon="-51.1416790">
    <ele>775.1</ele>
   </trkpt>
   <trkpt lat="-26.1715050" lon="-51.1417200">
    <ele>775.3</ele>
   </trkpt>
   <trkpt lat="-26.1715080" lon="-51.1417350">
    <ele>775.3</ele>
   </trkpt>
   <trkpt lat="-26.1715140" lon="-51.1417760">
    <ele>775.5</ele>
   </trkpt>
   <trkpt lat="-26.1715150" lon="-51.1417930">
    <ele>775.6</ele>
   </trkpt>
   <trkpt lat="-26.1715160" lon="-51.1418230">
    <ele>775.7</ele>
   </trkpt>
   <trkpt lat="-26.1715200" lon="-51.1418540">
    <ele>775.8</ele>
   </trkpt>
   <trkpt lat="-26.1715240" lon="-51.1418860">
    <ele>775.9</ele>
   </trkpt>
   <trkpt lat="-26.1715310" lon="-51.1419300">
    <ele>776.1</ele>
   </trkpt>
   <trkpt lat="-26.1715330" lon="-51.1419460">
    <ele>776.1</ele>
   </trkpt>
   <trkpt lat="-26.1715420" lon="-51.1419840">
    <ele>776.3</ele>
   </trkpt>
   <trkpt lat="-26.1715440" lon="-51.1419940">
    <ele>776.3</ele>
   </trkpt>
   <trkpt lat="-26.1715390" lon="-51.1420290">
    <ele>776.5</ele>
   </trkpt>
   <trkpt lat="-26.1715450" lon="-51.1420700">
    <ele>776.6</ele>
   </trkpt>
   <trkpt lat="-26.1715490" lon="-51.1420840">
    <ele>776.7</ele>
   </trkpt>
   <trkpt lat="-26.1715560" lon="-51.1421130">
    <ele>776.8</ele>
   </trkpt>
   <trkpt lat="-26.1715590" lon="-51.1421440">
    <ele>776.9</ele>
   </trkpt>
   <trkpt lat="-26.1715620" lon="-51.1421770">
    <ele>777.0</ele>
   </trkpt>
   <trkpt lat="-26.1715700" lon="-51.1422210">
    <ele>777.2</ele>
   </trkpt>
   <trkpt lat="-26.1715710" lon="-51.1422370">
    <ele>777.3</ele>
   </trkpt>
   <trkpt lat="-26.1715770" lon="-51.1422770">
    <ele>777.4</ele>
   </trkpt>
   <trkpt lat="-26.1715740" lon="-51.1422930">
    <ele>777.5</ele>
   </trkpt>
   <trkpt lat="-26.1715770" lon="-51.1423370">
    <ele>777.6</ele>
   </trkpt>
   <trkpt lat="-26.1715790" lon="-51.1423520">
    <ele>777.7</ele>
   </trkpt>
   <trkpt lat="-26.1715830" lon="-51.1423830">
    <ele>777.8</ele>
   </trkpt>
   <trkpt lat="-26.1715930" lon="-51.1424270">
    <ele>777.9</ele>
   </trkpt>
   <trkpt lat="-26.1715970" lon="-51.1424440">
    <ele>778.0</ele>
   </trkpt>
   <trkpt lat="-26.1716020" lon="-51.1424870">
    <ele>778.1</ele>
   </trkpt>
   <trkpt lat="-26.1716060" lon="-51.1425010">
    <ele>778.2</ele>
   </trkpt>
   <trkpt lat="-26.1716170" lon="-51.1425450">
    <ele>778.3</ele>
   </trkpt>
   <trkpt lat="-26.1716210" lon="-51.1425600">
    <ele>778.4</ele>
   </trkpt>
   <trkpt lat="-26.1716300" lon="-51.1426040">
    <ele>778.6</ele>
   </trkpt>
   <trkpt lat="-26.1716320" lon="-51.1426190">
    <ele>778.6</ele>
   </trkpt>
   <trkpt lat="-26.1716350" lon="-51.1426500">
    <ele>778.8</ele>
   </trkpt>
   <trkpt lat="-26.1716420" lon="-51.1426920">
    <ele>778.9</ele>
   </trkpt>
   <trkpt lat="-26.1716400" lon="-51.1427070">
    <ele>779.0</ele>
   </trkpt>
   <trkpt lat="-26.1716440" lon="-51.1427380">
    <ele>779.1</ele>
   </trkpt>
   <trkpt lat="-26.1716450" lon="-51.1427710">
    <ele>779.2</ele>
   </trkpt>
   <trkpt lat="-26.1716490" lon="-51.1428110">
    <ele>779.4</ele>
   </trkpt>
   <trkpt lat="-26.1716480" lon="-51.1428250">
    <ele>779.4</ele>
   </trkpt>
   <trkpt lat="-26.1716590" lon="-51.1428670">
    <ele>779.6</ele>
   </trkpt>
   <trkpt lat="-26.1716620" lon="-51.1428820">
    <ele>779.6</ele>
   </trkpt>
   <trkpt lat="-26.1716610" lon="-51.1429120">
    <ele>779.7</ele>
   </trkpt>
   <trkpt lat="-26.1716700" lon="-51.1429470">
    <ele>779.8</ele>
   </trkpt>
   <trkpt lat="-26.1716700" lon="-51.1429600">
    <ele>779.9</ele>
   </trkpt>
   <trkpt lat="-26.1716710" lon="-51.1429920">
    <ele>780.0</ele>
   </trkpt>
   <trkpt lat="-26.1716750" lon="-51.1430350">
    <ele>780.1</ele>
   </trkpt>
   <trkpt lat="-26.1716770" lon="-51.1430490">
    <ele>780.1</ele>
   </trkpt>
   <trkpt lat="-26.1716820" lon="-51.1430890">
    <ele>780.2</ele>
   </trkpt>
   <trkpt lat="-26.1716810" lon="-51.1431080">
    <ele>780.3</ele>
   </trkpt>
   <trkpt lat="-26.1716840" lon="-51.1431430">
    <ele>780.4</ele>
   </trkpt>
   <trkpt lat="-26.1716860" lon="-51.1431570">
    <ele>780.5</ele>
   </trkpt>
   <trkpt lat="-26.1716860" lon="-51.1431960">
    <ele>780.6</ele>
   </trkpt>
   <trkpt lat="-26.1716840" lon="-51.1432070">
    <ele>780.7</ele>
   </trkpt>
   <trkpt lat="-26.1716850" lon="-51.1432320">
    <ele>780.7</ele>
   </trkpt>
   <trkpt lat="-26.1716850" lon="-51.1432410">
    <ele>780.8</ele>
   </trkpt>
   <trkpt lat="-26.1716840" lon="-51.1432490">
    <ele>780.8</ele>
   </trkpt>
   <trkpt lat="-26.1716930" lon="-51.1432630">
    <ele>780.9</ele>
   </trkpt>
   <trkpt lat="-26.1717020" lon="-51.1432770">
    <ele>780.9</ele>
   </trkpt>
   <trkpt lat="-26.1717080" lon="-51.1432880">
    <ele>781.0</ele>
   </trkpt>
   <trkpt lat="-26.1717070" lon="-51.1432970">
    <ele>781.0</ele>
   </trkpt>
   <trkpt lat="-26.1717080" lon="-51.1433120">
    <ele>781.1</ele>
   </trkpt>
   <trkpt lat="-26.1717130" lon="-51.1433260">
    <ele>781.1</ele>
   </trkpt>
   <trkpt lat="-26.1717180" lon="-51.1433430">
    <ele>781.2</ele>
   </trkpt>
   <trkpt lat="-26.1717190" lon="-51.1433630">
    <ele>781.2</ele>
   </trkpt>
   <trkpt lat="-26.1717210" lon="-51.1433820">
    <ele>781.3</ele>
   </trkpt>
   <trkpt lat="-26.1717190" lon="-51.1433990">
    <ele>781.3</ele>
   </trkpt>
   <trkpt lat="-26.1717230" lon="-51.1434150">
    <ele>781.4</ele>
   </trkpt>
   <trkpt lat="-26.1717220" lon="-51.1434310">
    <ele>781.4</ele>
   </trkpt>
   <trkpt lat="-26.1717280" lon="-51.1434470">
    <ele>781.5</ele>
   </trkpt>
   <trkpt lat="-26.1717440" lon="-51.1434720">
    <ele>781.5</ele>
   </trkpt>
   <trkpt lat="-26.1717600" lon="-51.1435050">
    <ele>781.6</ele>
   </trkpt>
   <trkpt lat="-26.1717670" lon="-51.1435150">
    <ele>781.6</ele>
   </trkpt>
   <trkpt lat="-26.1717750" lon="-51.1435470">
    <ele>781.7</ele>
   </trkpt>
   <trkpt lat="-26.1717950" lon="-51.1435800">
    <ele>781.8</ele>
   </trkpt>
   <trkpt lat="-26.1718120" lon="-51.1436200">
    <ele>781.9</ele>
   </trkpt>
   <trkpt lat="-26.1718190" lon="-51.1436540">
    <ele>782.0</ele>
   </trkpt>
   <trkpt lat="-26.1718410" lon="-51.1436950">
    <ele>782.2</ele>
   </trkpt>
   <trkpt lat="-26.1718640" lon="-51.1437290">
    <ele>782.3</ele>
   </trkpt>
   <trkpt lat="-26.1718820" lon="-51.1437660">
    <ele>782.4</ele>
   </trkpt>
   <trkpt lat="-26.1719000" lon="-51.1437980">
    <ele>782.5</ele>
   </trkpt>
   <trkpt lat="-26.1719220" lon="-51.1438310">
    <ele>782.6</ele>
   </trkpt>
   <trkpt lat="-26.1719490" lon="-51.1438670">
    <ele>782.7</ele>
   </trkpt>
   <trkpt lat="-26.1719790" lon="-51.1438990">
    <ele>782.8</ele>
   </trkpt>
   <trkpt lat="-26.1720060" lon="-51.1439300">
    <ele>782.9</ele>
   </trkpt>
   <trkpt lat="-26.1720330" lon="-51.1439620">
    <ele>783.0</ele>
   </trkpt>
   <trkpt lat="-26.1720550" lon="-51.1439930">
    <ele>783.1</ele>
   </trkpt>
   <trkpt lat="-26.1720840" lon="-51.1440210">
    <ele>783.2</ele>
   </trkpt>
   <trkpt lat="-26.1721200" lon="-51.1440430">
    <ele>783.4</ele>
   </trkpt>
   <trkpt lat="-26.1721500" lon="-51.1440700">
    <ele>783.5</ele>
   </trkpt>
   <trkpt lat="-26.1721880" lon="-51.1440950">
    <ele>783.6</ele>
   </trkpt>
   <trkpt lat="-26.1722240" lon="-51.1441160">
    <ele>783.7</ele>
   </trkpt>
   <trkpt lat="-26.1722530" lon="-51.1441400">
    <ele>783.8</ele>
   </trkpt>
   <trkpt lat="-26.1722850" lon="-51.1441640">
    <ele>784.0</ele>
   </trkpt>
   <trkpt lat="-26.1723210" lon="-51.1441870">
    <ele>784.1</ele>
   </trkpt>
   <trkpt lat="-26.1723520" lon="-51.1442030">
    <ele>784.2</ele>
   </trkpt>
   <trkpt lat="-26.1723810" lon="-51.1442230">
    <ele>784.2</ele>
   </trkpt>
   <trkpt lat="-26.1724170" lon="-51.1442450">
    <ele>784.3</ele>
   </trkpt>
   <trkpt lat="-26.1724510" lon="-51.1442680">
    <ele>784.4</ele>
   </trkpt>
   <trkpt lat="-26.1724860" lon="-51.1442860">
    <ele>784.5</ele>
   </trkpt>
   <trkpt lat="-26.1725210" lon="-51.1443070">
    <ele>784.6</ele>
   </trkpt>
   <trkpt lat="-26.1725580" lon="-51.1443330">
    <ele>784.7</ele>
   </trkpt>
   <trkpt lat="-26.1725980" lon="-51.1443530">
    <ele>784.8</ele>
   </trkpt>
   <trkpt lat="-26.1726340" lon="-51.1443710">
    <ele>785.0</ele>
   </trkpt>
   <trkpt lat="-26.1726720" lon="-51.1443900">
    <ele>785.1</ele>
   </trkpt>
   <trkpt lat="-26.1727090" lon="-51.1444040">
    <ele>785.2</ele>
   </trkpt>
   <trkpt lat="-26.1727430" lon="-51.1444240">
    <ele>785.3</ele>
   </trkpt>
   <trkpt lat="-26.1727730" lon="-51.1444450">
    <ele>785.3</ele>
   </trkpt>
   <trkpt lat="-26.1728060" lon="-51.1444660">
    <ele>785.4</ele>
   </trkpt>
   <trkpt lat="-26.1728420" lon="-51.1444830">
    <ele>785.5</ele>
   </trkpt>
   <trkpt lat="-26.1728740" lon="-51.1444980">
    <ele>785.6</ele>
   </trkpt>
   <trkpt lat="-26.1729090" lon="-51.1445120">
    <ele>785.7</ele>
   </trkpt>
   <trkpt lat="-26.1729430" lon="-51.1445350">
    <ele>785.8</ele>
   </trkpt>
   <trkpt lat="-26.1729780" lon="-51.1445550">
    <ele>785.9</ele>
   </trkpt>
   <trkpt lat="-26.1730130" lon="-51.1445730">
    <ele>786.1</ele>
   </trkpt>
   <trkpt lat="-26.1730480" lon="-51.1445870">
    <ele>786.2</ele>
   </trkpt>
   <trkpt lat="-26.1730790" lon="-51.1446030">
    <ele>786.2</ele>
   </trkpt>
   <trkpt lat="-26.1731080" lon="-51.1446250">
    <ele>786.3</ele>
   </trkpt>
   <trkpt lat="-26.1731370" lon="-51.1446430">
    <ele>786.4</ele>
   </trkpt>
   <trkpt lat="-26.1731730" lon="-51.1446610">
    <ele>786.5</ele>
   </trkpt>
   <trkpt lat="-26.1732050" lon="-51.1446740">
    <ele>786.6</ele>
   </trkpt>
   <trkpt lat="-26.1732370" lon="-51.1446910">
    <ele>786.6</ele>
   </trkpt>
   <trkpt lat="-26.1732710" lon="-51.1447050">
    <ele>786.7</ele>
   </trkpt>
   <trkpt lat="-26.1733040" lon="-51.1447190">
    <ele>786.7</ele>
   </trkpt>
   <trkpt lat="-26.1733370" lon="-51.1447360">
    <ele>786.8</ele>
   </trkpt>
   <trkpt lat="-26.1733650" lon="-51.1447560">
    <ele>786.8</ele>
   </trkpt>
   <trkpt lat="-26.1733910" lon="-51.1447760">
    <ele>786.9</ele>
   </trkpt>
   <trkpt lat="-26.1734240" lon="-51.1447900">
    <ele>786.9</ele>
   </trkpt>
   <trkpt lat="-26.1734550" lon="-51.1448000">
    <ele>786.9</ele>
   </trkpt>
   <trkpt lat="-26.1734900" lon="-51.1448160">
    <ele>786.9</ele>
   </trkpt>
   <trkpt lat="-26.1735250" lon="-51.1448260">
    <ele>786.9</ele>
   </trkpt>
   <trkpt lat="-26.1735540" lon="-51.1448420">
    <ele>786.9</ele>
   </trkpt>
   <trkpt lat="-26.1735870" lon="-51.1448610">
    <ele>786.9</ele>
   </trkpt>
   <trkpt lat="-26.1736210" lon="-51.1448780">
    <ele>786.9</ele>
   </trkpt>
   <trkpt lat="-26.1736500" lon="-51.1448940">
    <ele>786.9</ele>
   </trkpt>
   <trkpt lat="-26.1736890" lon="-51.1449090">
    <ele>786.9</ele>
   </trkpt>
   <trkpt lat="-26.1737230" lon="-51.1449290">
    <ele>786.9</ele>
   </trkpt>
   <trkpt lat="-26.1737560" lon="-51.1449510">
    <ele>786.8</ele>
   </trkpt>
   <trkpt lat="-26.1737890" lon="-51.1449690">
    <ele>786.8</ele>
   </trkpt>
   <trkpt lat="-26.1738200" lon="-51.1449880">
    <ele>786.7</ele>
   </trkpt>
   <trkpt lat="-26.1738540" lon="-51.1450070">
    <ele>786.7</ele>
   </trkpt>
   <trkpt lat="-26.1738850" lon="-51.1450240">
    <ele>786.6</ele>
   </trkpt>
   <trkpt lat="-26.1739170" lon="-51.1450450">
    <ele>786.6</ele>
   </trkpt>
   <trkpt lat="-26.1739530" lon="-51.1450620">
    <ele>786.5</ele>
   </trkpt>
   <trkpt lat="-26.1739870" lon="-51.1450800">
    <ele>786.4</ele>
   </trkpt>
   <trkpt lat="-26.1740270" lon="-51.1451000">
    <ele>786.4</ele>
   </trkpt>
   <trkpt lat="-26.1740710" lon="-51.1451220">
    <ele>786.3</ele>
   </trkpt>
   <trkpt lat="-26.1741100" lon="-51.1451410">
    <ele>786.2</ele>
   </trkpt>
   <trkpt lat="-26.1741480" lon="-51.1451630">
    <ele>786.1</ele>
   </trkpt>
   <trkpt lat="-26.1741880" lon="-51.1451840">
    <ele>786.0</ele>
   </trkpt>
   <trkpt lat="-26.1742240" lon="-51.1452030">
    <ele>785.9</ele>
   </trkpt>
   <trkpt lat="-26.1742680" lon="-51.1452190">
    <ele>785.8</ele>
   </trkpt>
   <trkpt lat="-26.1743040" lon="-51.1452320">
    <ele>785.7</ele>
   </trkpt>
   <trkpt lat="-26.1743460" lon="-51.1452500">
    <ele>785.6</ele>
   </trkpt>
   <trkpt lat="-26.1743940" lon="-51.1452690">
    <ele>785.4</ele>
   </trkpt>
   <trkpt lat="-26.1744340" lon="-51.1452910">
    <ele>785.3</ele>
   </trkpt>
   <trkpt lat="-26.1744860" lon="-51.1453170">
    <ele>785.2</ele>
   </trkpt>
   <trkpt lat="-26.1745370" lon="-51.1453400">
    <ele>785.0</ele>
   </trkpt>
   <trkpt lat="-26.1745850" lon="-51.1453680">
    <ele>784.8</ele>
   </trkpt>
   <trkpt lat="-26.1746420" lon="-51.1453950">
    <ele>784.6</ele>
   </trkpt>
   <trkpt lat="-26.1747020" lon="-51.1454290">
    <ele>784.4</ele>
   </trkpt>
   <trkpt lat="-26.1747580" lon="-51.1454650">
    <ele>784.3</ele>
   </trkpt>
   <trkpt lat="-26.1748170" lon="-51.1454990">
    <ele>784.1</ele>
   </trkpt>
   <trkpt lat="-26.1748770" lon="-51.1455330">
    <ele>783.9</ele>
   </trkpt>
   <trkpt lat="-26.1749370" lon="-51.1455650">
    <ele>783.7</ele>
   </trkpt>
   <trkpt lat="-26.1750000" lon="-51.1455950">
    <ele>783.6</ele>
   </trkpt>
   <trkpt lat="-26.1750600" lon="-51.1456280">
    <ele>783.5</ele>
   </trkpt>
   <trkpt lat="-26.1751220" lon="-51.1456580">
    <ele>783.4</ele>
   </trkpt>
   <trkpt lat="-26.1751810" lon="-51.1456940">
    <ele>783.3</ele>
   </trkpt>
   <trkpt lat="-26.1752440" lon="-51.1457280">
    <ele>783.1</ele>
   </trkpt>
   <trkpt lat="-26.1753070" lon="-51.1457600">
    <ele>783.0</ele>
   </trkpt>
   <trkpt lat="-26.1753680" lon="-51.1457950">
    <ele>783.0</ele>
   </trkpt>
   <trkpt lat="-26.1754370" lon="-51.1458290">
    <ele>783.0</ele>
   </trkpt>
   <trkpt lat="-26.1755050" lon="-51.1458650">
    <ele>783.0</ele>
   </trkpt>
   <trkpt lat="-26.1755760" lon="-51.1459010">
    <ele>783.1</ele>
   </trkpt>
   <trkpt lat="-26.1756460" lon="-51.1459340">
    <ele>783.3</ele>
   </trkpt>
   <trkpt lat="-26.1757100" lon="-51.1459710">
    <ele>783.5</ele>
   </trkpt>
   <trkpt lat="-26.1757780" lon="-51.1460070">
    <ele>783.7</ele>
   </trkpt>
   <trkpt lat="-26.1758420" lon="-51.1460370">
    <ele>784.0</ele>
   </trkpt>
   <trkpt lat="-26.1759060" lon="-51.1460710">
    <ele>784.3</ele>
   </trkpt>
   <trkpt lat="-26.1759680" lon="-51.1461000">
    <ele>784.6</ele>
   </trkpt>
   <trkpt lat="-26.1760300" lon="-51.1461330">
    <ele>784.9</ele>
   </trkpt>
   <trkpt lat="-26.1760890" lon="-51.1461660">
    <ele>785.3</ele>
   </trkpt>
   <trkpt lat="-26.1761490" lon="-51.1461970">
    <ele>785.6</ele>
   </trkpt>
   <trkpt lat="-26.1762090" lon="-51.1462260">
    <ele>786.0</ele>
   </trkpt>
   <trkpt lat="-26.1762650" lon="-51.1462570">
    <ele>786.5</ele>
   </trkpt>
   <trkpt lat="-26.1763230" lon="-51.1462880">
    <ele>786.9</ele>
   </trkpt>
   <trkpt lat="-26.1763810" lon="-51.1463160">
    <ele>787.3</ele>
   </trkpt>
   <trkpt lat="-26.1764380" lon="-51.1463400">
    <ele>787.6</ele>
   </trkpt>
   <trkpt lat="-26.1764910" lon="-51.1463660">
    <ele>787.9</ele>
   </trkpt>
   <trkpt lat="-26.1765350" lon="-51.1463970">
    <ele>788.2</ele>
   </trkpt>
   <trkpt lat="-26.1765840" lon="-51.1464210">
    <ele>788.5</ele>
   </trkpt>
   <trkpt lat="-26.1766310" lon="-51.1464440">
    <ele>788.8</ele>
   </trkpt>
   <trkpt lat="-26.1766720" lon="-51.1464690">
    <ele>789.0</ele>
   </trkpt>
   <trkpt lat="-26.1767170" lon="-51.1464950">
    <ele>789.3</ele>
   </trkpt>
   <trkpt lat="-26.1767610" lon="-51.1465120">
    <ele>789.5</ele>
   </trkpt>
   <trkpt lat="-26.1768020" lon="-51.1465320">
    <ele>789.8</ele>
   </trkpt>
   <trkpt lat="-26.1768450" lon="-51.1465520">
    <ele>790.0</ele>
   </trkpt>
   <trkpt lat="-26.1768830" lon="-51.1465710">
    <ele>790.2</ele>
   </trkpt>
   <trkpt lat="-26.1769250" lon="-51.1465920">
    <ele>790.4</ele>
   </trkpt>
   <trkpt lat="-26.1769650" lon="-51.1466140">
    <ele>790.6</ele>
   </trkpt>
   <trkpt lat="-26.1770060" lon="-51.1466310">
    <ele>790.8</ele>
   </trkpt>
   <trkpt lat="-26.1770440" lon="-51.1466500">
    <ele>791.0</ele>
   </trkpt>
   <trkpt lat="-26.1770820" lon="-51.1466690">
    <ele>791.2</ele>
   </trkpt>
   <trkpt lat="-26.1771200" lon="-51.1466870">
    <ele>791.3</ele>
   </trkpt>
   <trkpt lat="-26.1771570" lon="-51.1467020">
    <ele>791.5</ele>
   </trkpt>
   <trkpt lat="-26.1771920" lon="-51.1467230">
    <ele>791.6</ele>
   </trkpt>
   <trkpt lat="-26.1772270" lon="-51.1467400">
    <ele>791.7</ele>
   </trkpt>
   <trkpt lat="-26.1772610" lon="-51.1467550">
    <ele>791.8</ele>
   </trkpt>
   <trkpt lat="-26.1772990" lon="-51.1467710">
    <ele>791.9</ele>
   </trkpt>
   <trkpt lat="-26.1773340" lon="-51.1467820">
    <ele>792.0</ele>
   </trkpt>
   <trkpt lat="-26.1773690" lon="-51.1467960">
    <ele>792.1</ele>
   </trkpt>
   <trkpt lat="-26.1774050" lon="-51.1468090">
    <ele>792.1</ele>
   </trkpt>
   <trkpt lat="-26.1774400" lon="-51.1468260">
    <ele>792.2</ele>
   </trkpt>
   <trkpt lat="-26.1774730" lon="-51.1468430">
    <ele>792.2</ele>
   </trkpt>
   <trkpt lat="-26.1775080" lon="-51.1468600">
    <ele>792.2</ele>
   </trkpt>
   <trkpt lat="-26.1775440" lon="-51.1468770">
    <ele>792.2</ele>
   </trkpt>
   <trkpt lat="-26.1775790" lon="-51.1468890">
    <ele>792.2</ele>
   </trkpt>
   <trkpt lat="-26.1776130" lon="-51.1469050">
    <ele>792.2</ele>
   </trkpt>
   <trkpt lat="-26.1776480" lon="-51.1469220">
    <ele>792.2</ele>
   </trkpt>
   <trkpt lat="-26.1776870" lon="-51.1469380">
    <ele>792.1</ele>
   </trkpt>
   <trkpt lat="-26.1777240" lon="-51.1469520">
    <ele>792.1</ele>
   </trkpt>
   <trkpt lat="-26.1777620" lon="-51.1469660">
    <ele>792.0</ele>
   </trkpt>
   <trkpt lat="-26.1778050" lon="-51.1469810">
    <ele>791.9</ele>
   </trkpt>
   <trkpt lat="-26.1778380" lon="-51.1469950">
    <ele>791.9</ele>
   </trkpt>
   <trkpt lat="-26.1778750" lon="-51.1470090">
    <ele>791.8</ele>
   </trkpt>
   <trkpt lat="-26.1779190" lon="-51.1470310">
    <ele>791.7</ele>
   </trkpt>
   <trkpt lat="-26.1779570" lon="-51.1470530">
    <ele>791.6</ele>
   </trkpt>
   <trkpt lat="-26.1780020" lon="-51.1470700">
    <ele>791.4</ele>
   </trkpt>
   <trkpt lat="-26.1780470" lon="-51.1470930">
    <ele>791.3</ele>
   </trkpt>
   <trkpt lat="-26.1780970" lon="-51.1471110">
    <ele>791.2</ele>
   </trkpt>
   <trkpt lat="-26.1781500" lon="-51.1471350">
    <ele>790.9</ele>
   </trkpt>
   <trkpt lat="-26.1782110" lon="-51.1471620">
    <ele>790.6</ele>
   </trkpt>
   <trkpt lat="-26.1782810" lon="-51.1471860">
    <ele>790.3</ele>
   </trkpt>
   <trkpt lat="-26.1783570" lon="-51.1472170">
    <ele>789.9</ele>
   </trkpt>
   <trkpt lat="-26.1784300" lon="-51.1472480">
    <ele>789.4</ele>
   </trkpt>
   <trkpt lat="-26.1785070" lon="-51.1472820">
    <ele>789.0</ele>
   </trkpt>
   <trkpt lat="-26.1785890" lon="-51.1473150">
    <ele>788.4</ele>
   </trkpt>
   <trkpt lat="-26.1786720" lon="-51.1473500">
    <ele>787.9</ele>
   </trkpt>
   <trkpt lat="-26.1787570" lon="-51.1473850">
    <ele>787.2</ele>
   </trkpt>
   <trkpt lat="-26.1788420" lon="-51.1474240">
    <ele>786.6</ele>
   </trkpt>
   <trkpt lat="-26.1789310" lon="-51.1474620">
    <ele>786.0</ele>
   </trkpt>
   <trkpt lat="-26.1790220" lon="-51.1475010">
    <ele>785.2</ele>
   </trkpt>
   <trkpt lat="-26.1791160" lon="-51.1475360">
    <ele>784.4</ele>
   </trkpt>
   <trkpt lat="-26.1792120" lon="-51.1475780">
    <ele>783.5</ele>
   </trkpt>
   <trkpt lat="-26.1793190" lon="-51.1476070">
    <ele>782.6</ele>
   </trkpt>
   <trkpt lat="-26.1794260" lon="-51.1476340">
    <ele>781.6</ele>
   </trkpt>
   <trkpt lat="-26.1795450" lon="-51.1476520">
    <ele>780.5</ele>
   </trkpt>
   <trkpt lat="-26.1796720" lon="-51.1476560">
    <ele>779.3</ele>
   </trkpt>
   <trkpt lat="-26.1797940" lon="-51.1476520">
    <ele>778.2</ele>
   </trkpt>
   <trkpt lat="-26.1799240" lon="-51.1476240">
    <ele>776.9</ele>
   </trkpt>
   <trkpt lat="-26.1800540" lon="-51.1475770">
    <ele>775.7</ele>
   </trkpt>
   <trkpt lat="-26.1801780" lon="-51.1475140">
    <ele>774.4</ele>
   </trkpt>
   <trkpt lat="-26.1802950" lon="-51.1474290">
    <ele>773.1</ele>
   </trkpt>
   <trkpt lat="-26.1804040" lon="-51.1473240">
    <ele>771.7</ele>
   </trkpt>
   <trkpt lat="-26.1804980" lon="-51.1472100">
    <ele>770.4</ele>
   </trkpt>
   <trkpt lat="-26.1805860" lon="-51.1470860">
    <ele>769.2</ele>
   </trkpt>
   <trkpt lat="-26.1806610" lon="-51.1469530">
    <ele>768.0</ele>
   </trkpt>
   <trkpt lat="-26.1807290" lon="-51.1468130">
    <ele>766.7</ele>
   </trkpt>
   <trkpt lat="-26.1807960" lon="-51.1466710">
    <ele>765.5</ele>
   </trkpt>
   <trkpt lat="-26.1808610" lon="-51.1465290">
    <ele>764.3</ele>
   </trkpt>
   <trkpt lat="-26.1809270" lon="-51.1463850">
    <ele>763.2</ele>
   </trkpt>
   <trkpt lat="-26.1809940" lon="-51.1462400">
    <ele>762.0</ele>
   </trkpt>
   <trkpt lat="-26.1810610" lon="-51.1460960">
    <ele>761.0</ele>
   </trkpt>
   <trkpt lat="-26.1811260" lon="-51.1459500">
    <ele>760.0</ele>
   </trkpt>
   <trkpt lat="-26.1811920" lon="-51.1458050">
    <ele>759.1</ele>
   </trkpt>
   <trkpt lat="-26.1812570" lon="-51.1456630">
    <ele>758.2</ele>
   </trkpt>
   <trkpt lat="-26.1813180" lon="-51.1455200">
    <ele>757.3</ele>
   </trkpt>
   <trkpt lat="-26.1813870" lon="-51.1453790">
    <ele>756.4</ele>
   </trkpt>
   <trkpt lat="-26.1814520" lon="-51.1452370">
    <ele>755.6</ele>
   </trkpt>
   <trkpt lat="-26.1815150" lon="-51.1450940">
    <ele>754.8</ele>
   </trkpt>
   <trkpt lat="-26.1815780" lon="-51.1449570">
    <ele>754.2</ele>
   </trkpt>
   <trkpt lat="-26.1816400" lon="-51.1448200">
    <ele>753.8</ele>
   </trkpt>
   <trkpt lat="-26.1817030" lon="-51.1446820">
    <ele>753.4</ele>
   </trkpt>
   <trkpt lat="-26.1817620" lon="-51.1445500">
    <ele>753.2</ele>
   </trkpt>
   <trkpt lat="-26.1818220" lon="-51.1444190">
    <ele>753.1</ele>
   </trkpt>
   <trkpt lat="-26.1818790" lon="-51.1442930">
    <ele>753.1</ele>
   </trkpt>
   <trkpt lat="-26.1819360" lon="-51.1441730">
    <ele>753.2</ele>
   </trkpt>
   <trkpt lat="-26.1819910" lon="-51.1440570">
    <ele>753.3</ele>
   </trkpt>
   <trkpt lat="-26.1820410" lon="-51.1439480">
    <ele>753.3</ele>
   </trkpt>
   <trkpt lat="-26.1820850" lon="-51.1438400">
    <ele>753.5</ele>
   </trkpt>
   <trkpt lat="-26.1821270" lon="-51.1437330">
    <ele>753.6</ele>
   </trkpt>
   <trkpt lat="-26.1821670" lon="-51.1436240">
    <ele>753.7</ele>
   </trkpt>
   <trkpt lat="-26.1822070" lon="-51.1435170">
    <ele>753.8</ele>
   </trkpt>
   <trkpt lat="-26.1822430" lon="-51.1434130">
    <ele>753.9</ele>
   </trkpt>
   <trkpt lat="-26.1822800" lon="-51.1433120">
    <ele>754.1</ele>
   </trkpt>
   <trkpt lat="-26.1823130" lon="-51.1432110">
    <ele>754.2</ele>
   </trkpt>
   <trkpt lat="-26.1823450" lon="-51.1431110">
    <ele>754.2</ele>
   </trkpt>
   <trkpt lat="-26.1823730" lon="-51.1430170">
    <ele>754.2</ele>
   </trkpt>
   <trkpt lat="-26.1824030" lon="-51.1429240">
    <ele>754.3</ele>
   </trkpt>
   <trkpt lat="-26.1824350" lon="-51.1428360">
    <ele>754.4</ele>
   </trkpt>
   <trkpt lat="-26.1824690" lon="-51.1427510">
    <ele>754.5</ele>
   </trkpt>
   <trkpt lat="-26.1824990" lon="-51.1426700">
    <ele>754.6</ele>
   </trkpt>
   <trkpt lat="-26.1825260" lon="-51.1425900">
    <ele>754.7</ele>
   </trkpt>
   <trkpt lat="-26.1825560" lon="-51.1425120">
    <ele>754.8</ele>
   </trkpt>
   <trkpt lat="-26.1825760" lon="-51.1424370">
    <ele>754.8</ele>
   </trkpt>
   <trkpt lat="-26.1825990" lon="-51.1423660">
    <ele>754.9</ele>
   </trkpt>
   <trkpt lat="-26.1826210" lon="-51.1422980">
    <ele>754.9</ele>
   </trkpt>
   <trkpt lat="-26.1826430" lon="-51.1422280">
    <ele>754.9</ele>
   </trkpt>
   <trkpt lat="-26.1826670" lon="-51.1421680">
    <ele>755.0</ele>
   </trkpt>
   <trkpt lat="-26.1826890" lon="-51.1421070">
    <ele>755.0</ele>
   </trkpt>
   <trkpt lat="-26.1827110" lon="-51.1420440">
    <ele>755.0</ele>
   </trkpt>
   <trkpt lat="-26.1827320" lon="-51.1419820">
    <ele>755.1</ele>
   </trkpt>
   <trkpt lat="-26.1827550" lon="-51.1419190">
    <ele>755.1</ele>
   </trkpt>
   <trkpt lat="-26.1827770" lon="-51.1418590">
    <ele>755.1</ele>
   </trkpt>
   <trkpt lat="-26.1828010" lon="-51.1417970">
    <ele>755.2</ele>
   </trkpt>
   <trkpt lat="-26.1828210" lon="-51.1417360">
    <ele>755.2</ele>
   </trkpt>
   <trkpt lat="-26.1828370" lon="-51.1416760">
    <ele>755.2</ele>
   </trkpt>
   <trkpt lat="-26.1828550" lon="-51.1416160">
    <ele>755.2</ele>
   </trkpt>
   <trkpt lat="-26.1828740" lon="-51.1415540">
    <ele>755.2</ele>
   </trkpt>
   <trkpt lat="-26.1828960" lon="-51.1414970">
    <ele>755.2</ele>
   </trkpt>
   <trkpt lat="-26.1829180" lon="-51.1414360">
    <ele>755.2</ele>
   </trkpt>
   <trkpt lat="-26.1829410" lon="-51.1413800">
    <ele>755.2</ele>
   </trkpt>
   <trkpt lat="-26.1829570" lon="-51.1413220">
    <ele>755.2</ele>
   </trkpt>
   <trkpt lat="-26.1829760" lon="-51.1412650">
    <ele>755.2</ele>
   </trkpt>
   <trkpt lat="-26.1829940" lon="-51.1412090">
    <ele>755.2</ele>
   </trkpt>
   <trkpt lat="-26.1830090" lon="-51.1411540">
    <ele>755.2</ele>
   </trkpt>
   <trkpt lat="-26.1830280" lon="-51.1411010">
    <ele>755.2</ele>
   </trkpt>
   <trkpt lat="-26.1830450" lon="-51.1410450">
    <ele>755.1</ele>
   </trkpt>
   <trkpt lat="-26.1830870" lon="-51.1409300">
    <ele>755.1</ele>
   </trkpt>
   <trkpt lat="-26.1831040" lon="-51.1408720">
    <ele>755.0</ele>
   </trkpt>
   <trkpt lat="-26.1831180" lon="-51.1408120">
    <ele>755.0</ele>
   </trkpt>
   <trkpt lat="-26.1831380" lon="-51.1407530">
    <ele>754.9</ele>
   </trkpt>
   <trkpt lat="-26.1831580" lon="-51.1406910">
    <ele>754.9</ele>
   </trkpt>
   <trkpt lat="-26.1831750" lon="-51.1406260">
    <ele>754.8</ele>
   </trkpt>
   <trkpt lat="-26.1831920" lon="-51.1405610">
    <ele>754.7</ele>
   </trkpt>
   <trkpt lat="-26.1832120" lon="-51.1404930">
    <ele>754.6</ele>
   </trkpt>
   <trkpt lat="-26.1832300" lon="-51.1404260">
    <ele>754.5</ele>
   </trkpt>
   <trkpt lat="-26.1832500" lon="-51.1403520">
    <ele>754.5</ele>
   </trkpt>
   <trkpt lat="-26.1832700" lon="-51.1402800">
    <ele>754.4</ele>
   </trkpt>
   <trkpt lat="-26.1832840" lon="-51.1402040">
    <ele>754.3</ele>
   </trkpt>
   <trkpt lat="-26.1833030" lon="-51.1401280">
    <ele>754.2</ele>
   </trkpt>
   <trkpt lat="-26.1833190" lon="-51.1400510">
    <ele>754.1</ele>
   </trkpt>
   <trkpt lat="-26.1833390" lon="-51.1399770">
    <ele>754.1</ele>
   </trkpt>
   <trkpt lat="-26.1833600" lon="-51.1399030">
    <ele>754.0</ele>
   </trkpt>
   <trkpt lat="-26.1833790" lon="-51.1398310">
    <ele>753.9</ele>
   </trkpt>
   <trkpt lat="-26.1834010" lon="-51.1397580">
    <ele>753.8</ele>
   </trkpt>
   <trkpt lat="-26.1834200" lon="-51.1396860">
    <ele>753.7</ele>
   </trkpt>
   <trkpt lat="-26.1834390" lon="-51.1396170">
    <ele>753.6</ele>
   </trkpt>
   <trkpt lat="-26.1834580" lon="-51.1395410">
    <ele>753.6</ele>
   </trkpt>
   <trkpt lat="-26.1834760" lon="-51.1394680">
    <ele>753.6</ele>
   </trkpt>
   <trkpt lat="-26.1834910" lon="-51.1393990">
    <ele>753.6</ele>
   </trkpt>
   <trkpt lat="-26.1835110" lon="-51.1393330">
    <ele>753.6</ele>
   </trkpt>
   <trkpt lat="-26.1835290" lon="-51.1392650">
    <ele>753.6</ele>
   </trkpt>
   <trkpt lat="-26.1835470" lon="-51.1392040">
    <ele>753.6</ele>
   </trkpt>
   <trkpt lat="-26.1835620" lon="-51.1391400">
    <ele>753.6</ele>
   </trkpt>
   <trkpt lat="-26.1835760" lon="-51.1390760">
    <ele>753.6</ele>
   </trkpt>
   <trkpt lat="-26.1835910" lon="-51.1390150">
    <ele>753.6</ele>
   </trkpt>
   <trkpt lat="-26.1836020" lon="-51.1389540">
    <ele>753.6</ele>
   </trkpt>
   <trkpt lat="-26.1836120" lon="-51.1388930">
    <ele>753.6</ele>
   </trkpt>
   <trkpt lat="-26.1836230" lon="-51.1388340">
    <ele>753.7</ele>
   </trkpt>
   <trkpt lat="-26.1836310" lon="-51.1387650">
    <ele>753.7</ele>
   </trkpt>
   <trkpt lat="-26.1836360" lon="-51.1387030">
    <ele>753.7</ele>
   </trkpt>
   <trkpt lat="-26.1836440" lon="-51.1386390">
    <ele>753.7</ele>
   </trkpt>
   <trkpt lat="-26.1836520" lon="-51.1385760">
    <ele>753.8</ele>
   </trkpt>
   <trkpt lat="-26.1836580" lon="-51.1385130">
    <ele>753.8</ele>
   </trkpt>
   <trkpt lat="-26.1836630" lon="-51.1384490">
    <ele>753.8</ele>
   </trkpt>
   <trkpt lat="-26.1836690" lon="-51.1383890">
    <ele>753.8</ele>
   </trkpt>
   <trkpt lat="-26.1836750" lon="-51.1383290">
    <ele>753.8</ele>
   </trkpt>
   <trkpt lat="-26.1836780" lon="-51.1382700">
    <ele>753.8</ele>
   </trkpt>
   <trkpt lat="-26.1836820" lon="-51.1382150">
    <ele>753.9</ele>
   </trkpt>
   <trkpt lat="-26.1836850" lon="-51.1381570">
    <ele>753.9</ele>
   </trkpt>
   <trkpt lat="-26.1836880" lon="-51.1380990">
    <ele>753.8</ele>
   </trkpt>
   <trkpt lat="-26.1836890" lon="-51.1380430">
    <ele>753.8</ele>
   </trkpt>
   <trkpt lat="-26.1836880" lon="-51.1379840">
    <ele>753.8</ele>
   </trkpt>
   <trkpt lat="-26.1836880" lon="-51.1379230">
    <ele>753.8</ele>
   </trkpt>
   <trkpt lat="-26.1836850" lon="-51.1378620">
    <ele>753.8</ele>
   </trkpt>
   <trkpt lat="-26.1836820" lon="-51.1378020">
    <ele>753.8</ele>
   </trkpt>
   <trkpt lat="-26.1836840" lon="-51.1377420">
    <ele>753.8</ele>
   </trkpt>
   <trkpt lat="-26.1836820" lon="-51.1376820">
    <ele>753.7</ele>
   </trkpt>
   <trkpt lat="-26.1836770" lon="-51.1376190">
    <ele>753.7</ele>
   </trkpt>
   <trkpt lat="-26.1836750" lon="-51.1375610">
    <ele>753.7</ele>
   </trkpt>
   <trkpt lat="-26.1836690" lon="-51.1374990">
    <ele>753.7</ele>
   </trkpt>
   <trkpt lat="-26.1836620" lon="-51.1374380">
    <ele>753.7</ele>
   </trkpt>
   <trkpt lat="-26.1836600" lon="-51.1373780">
    <ele>753.6</ele>
   </trkpt>
   <trkpt lat="-26.1836590" lon="-51.1373190">
    <ele>753.6</ele>
   </trkpt>
   <trkpt lat="-26.1836560" lon="-51.1372570">
    <ele>753.6</ele>
   </trkpt>
   <trkpt lat="-26.1836600" lon="-51.1372040">
    <ele>753.6</ele>
   </trkpt>
   <trkpt lat="-26.1836600" lon="-51.1371490">
    <ele>753.6</ele>
   </trkpt>
   <trkpt lat="-26.1836590" lon="-51.1370910">
    <ele>753.5</ele>
   </trkpt>
   <trkpt lat="-26.1836560" lon="-51.1370310">
    <ele>753.5</ele>
   </trkpt>
   <trkpt lat="-26.1836520" lon="-51.1369730">
    <ele>753.5</ele>
   </trkpt>
   <trkpt lat="-26.1836470" lon="-51.1369120">
    <ele>753.5</ele>
   </trkpt>
   <trkpt lat="-26.1836340" lon="-51.1368530">
    <ele>753.5</ele>
   </trkpt>
   <trkpt lat="-26.1836260" lon="-51.1367880">
    <ele>753.5</ele>
   </trkpt>
   <trkpt lat="-26.1836200" lon="-51.1367250">
    <ele>753.4</ele>
   </trkpt>
   <trkpt lat="-26.1836080" lon="-51.1366670">
    <ele>753.4</ele>
   </trkpt>
   <trkpt lat="-26.1836030" lon="-51.1366090">
    <ele>753.4</ele>
   </trkpt>
   <trkpt lat="-26.1835970" lon="-51.1365450">
    <ele>753.3</ele>
   </trkpt>
   <trkpt lat="-26.1835930" lon="-51.1364840">
    <ele>753.3</ele>
   </trkpt>
   <trkpt lat="-26.1835820" lon="-51.1364190">
    <ele>753.3</ele>
   </trkpt>
   <trkpt lat="-26.1835700" lon="-51.1363610">
    <ele>753.3</ele>
   </trkpt>
   <trkpt lat="-26.1835580" lon="-51.1362920">
    <ele>753.3</ele>
   </trkpt>
   <trkpt lat="-26.1835510" lon="-51.1362330">
    <ele>753.3</ele>
   </trkpt>
   <trkpt lat="-26.1835400" lon="-51.1361680">
    <ele>753.3</ele>
   </trkpt>
   <trkpt lat="-26.1835270" lon="-51.1361010">
    <ele>753.2</ele>
   </trkpt>
   <trkpt lat="-26.1835210" lon="-51.1360440">
    <ele>753.2</ele>
   </trkpt>
   <trkpt lat="-26.1835160" lon="-51.1359790">
    <ele>753.2</ele>
   </trkpt>
   <trkpt lat="-26.1835080" lon="-51.1359170">
    <ele>753.1</ele>
   </trkpt>
   <trkpt lat="-26.1834980" lon="-51.1358560">
    <ele>753.1</ele>
   </trkpt>
   <trkpt lat="-26.1834930" lon="-51.1357970">
    <ele>753.1</ele>
   </trkpt>
   <trkpt lat="-26.1834860" lon="-51.1357320">
    <ele>753.0</ele>
   </trkpt>
   <trkpt lat="-26.1834800" lon="-51.1356670">
    <ele>753.0</ele>
   </trkpt>
   <trkpt lat="-26.1834740" lon="-51.1356060">
    <ele>753.0</ele>
   </trkpt>
   <trkpt lat="-26.1834630" lon="-51.1355380">
    <ele>752.9</ele>
   </trkpt>
   <trkpt lat="-26.1834490" lon="-51.1354710">
    <ele>752.9</ele>
   </trkpt>
   <trkpt lat="-26.1834400" lon="-51.1354060">
    <ele>752.9</ele>
   </trkpt>
   <trkpt lat="-26.1834290" lon="-51.1353390">
    <ele>752.8</ele>
   </trkpt>
   <trkpt lat="-26.1834180" lon="-51.1352690">
    <ele>752.8</ele>
   </trkpt>
   <trkpt lat="-26.1834070" lon="-51.1351990">
    <ele>752.8</ele>
   </trkpt>
   <trkpt lat="-26.1833990" lon="-51.1351310">
    <ele>752.8</ele>
   </trkpt>
   <trkpt lat="-26.1833880" lon="-51.1350580">
    <ele>752.8</ele>
   </trkpt>
   <trkpt lat="-26.1833790" lon="-51.1349850">
    <ele>752.7</ele>
   </trkpt>
   <trkpt lat="-26.1833700" lon="-51.1349100">
    <ele>752.7</ele>
   </trkpt>
   <trkpt lat="-26.1833590" lon="-51.1348380">
    <ele>752.6</ele>
   </trkpt>
   <trkpt lat="-26.1833540" lon="-51.1347620">
    <ele>752.6</ele>
   </trkpt>
   <trkpt lat="-26.1833440" lon="-51.1346940">
    <ele>752.6</ele>
   </trkpt>
   <trkpt lat="-26.1833360" lon="-51.1346240">
    <ele>752.6</ele>
   </trkpt>
   <trkpt lat="-26.1833340" lon="-51.1345570">
    <ele>752.5</ele>
   </trkpt>
   <trkpt lat="-26.1833320" lon="-51.1344880">
    <ele>752.5</ele>
   </trkpt>
   <trkpt lat="-26.1833320" lon="-51.1344220">
    <ele>752.5</ele>
   </trkpt>
   <trkpt lat="-26.1833350" lon="-51.1343560">
    <ele>752.6</ele>
   </trkpt>
   <trkpt lat="-26.1833360" lon="-51.1342880">
    <ele>752.6</ele>
   </trkpt>
   <trkpt lat="-26.1833390" lon="-51.1342210">
    <ele>752.6</ele>
   </trkpt>
   <trkpt lat="-26.1833420" lon="-51.1341570">
    <ele>752.5</ele>
   </trkpt>
   <trkpt lat="-26.1833450" lon="-51.1340870">
    <ele>752.5</ele>
   </trkpt>
   <trkpt lat="-26.1833500" lon="-51.1340250">
    <ele>752.5</ele>
   </trkpt>
   <trkpt lat="-26.1833570" lon="-51.1339570">
    <ele>752.4</ele>
   </trkpt>
   <trkpt lat="-26.1833610" lon="-51.1338960">
    <ele>752.4</ele>
   </trkpt>
   <trkpt lat="-26.1833660" lon="-51.1338280">
    <ele>752.4</ele>
   </trkpt>
   <trkpt lat="-26.1833680" lon="-51.1337630">
    <ele>752.3</ele>
   </trkpt>
   <trkpt lat="-26.1833680" lon="-51.1336950">
    <ele>752.3</ele>
   </trkpt>
   <trkpt lat="-26.1833790" lon="-51.1336350">
    <ele>752.2</ele>
   </trkpt>
   <trkpt lat="-26.1833860" lon="-51.1335670">
    <ele>752.1</ele>
   </trkpt>
   <trkpt lat="-26.1833920" lon="-51.1335050">
    <ele>752.1</ele>
   </trkpt>
   <trkpt lat="-26.1833990" lon="-51.1334390">
    <ele>752.0</ele>
   </trkpt>
   <trkpt lat="-26.1834070" lon="-51.1333710">
    <ele>752.0</ele>
   </trkpt>
   <trkpt lat="-26.1834130" lon="-51.1333120">
    <ele>751.9</ele>
   </trkpt>
   <trkpt lat="-26.1834200" lon="-51.1332480">
    <ele>751.8</ele>
   </trkpt>
   <trkpt lat="-26.1834280" lon="-51.1331820">
    <ele>751.8</ele>
   </trkpt>
   <trkpt lat="-26.1834360" lon="-51.1331190">
    <ele>751.7</ele>
   </trkpt>
   <trkpt lat="-26.1834420" lon="-51.1330540">
    <ele>751.7</ele>
   </trkpt>
   <trkpt lat="-26.1834480" lon="-51.1329910">
    <ele>751.7</ele>
   </trkpt>
   <trkpt lat="-26.1834560" lon="-51.1329260">
    <ele>751.6</ele>
   </trkpt>
   <trkpt lat="-26.1834680" lon="-51.1327990">
    <ele>751.5</ele>
   </trkpt>
   <trkpt lat="-26.1834740" lon="-51.1327340">
    <ele>751.5</ele>
   </trkpt>
   <trkpt lat="-26.1834800" lon="-51.1326650">
    <ele>751.4</ele>
   </trkpt>
   <trkpt lat="-26.1834830" lon="-51.1325940">
    <ele>751.4</ele>
   </trkpt>
   <trkpt lat="-26.1834850" lon="-51.1325290">
    <ele>751.4</ele>
   </trkpt>
   <trkpt lat="-26.1834910" lon="-51.1324630">
    <ele>751.3</ele>
   </trkpt>
   <trkpt lat="-26.1835000" lon="-51.1323960">
    <ele>751.3</ele>
   </trkpt>
   <trkpt lat="-26.1835080" lon="-51.1323310">
    <ele>751.3</ele>
   </trkpt>
   <trkpt lat="-26.1835150" lon="-51.1322660">
    <ele>751.3</ele>
   </trkpt>
   <trkpt lat="-26.1835200" lon="-51.1322010">
    <ele>751.3</ele>
   </trkpt>
   <trkpt lat="-26.1835240" lon="-51.1321400">
    <ele>751.3</ele>
   </trkpt>
   <trkpt lat="-26.1835330" lon="-51.1320820">
    <ele>751.3</ele>
   </trkpt>
   <trkpt lat="-26.1835390" lon="-51.1320180">
    <ele>751.3</ele>
   </trkpt>
   <trkpt lat="-26.1835480" lon="-51.1319540">
    <ele>751.3</ele>
   </trkpt>
   <trkpt lat="-26.1835530" lon="-51.1318940">
    <ele>751.3</ele>
   </trkpt>
   <trkpt lat="-26.1835600" lon="-51.1318260">
    <ele>751.3</ele>
   </trkpt>
   <trkpt lat="-26.1835680" lon="-51.1317560">
    <ele>751.3</ele>
   </trkpt>
   <trkpt lat="-26.1835720" lon="-51.1316900">
    <ele>751.3</ele>
   </trkpt>
   <trkpt lat="-26.1835750" lon="-51.1316270">
    <ele>751.3</ele>
   </trkpt>
   <trkpt lat="-26.1835770" lon="-51.1315650">
    <ele>751.3</ele>
   </trkpt>
   <trkpt lat="-26.1835800" lon="-51.1314950">
    <ele>751.3</ele>
   </trkpt>
   <trkpt lat="-26.1835880" lon="-51.1314290">
    <ele>751.3</ele>
   </trkpt>
   <trkpt lat="-26.1835980" lon="-51.1313670">
    <ele>751.3</ele>
   </trkpt>
   <trkpt lat="-26.1836090" lon="-51.1313050">
    <ele>751.3</ele>
   </trkpt>
   <trkpt lat="-26.1836200" lon="-51.1312420">
    <ele>751.3</ele>
   </trkpt>
   <trkpt lat="-26.1836230" lon="-51.1311810">
    <ele>751.3</ele>
   </trkpt>
   <trkpt lat="-26.1836290" lon="-51.1311150">
    <ele>751.3</ele>
   </trkpt>
   <trkpt lat="-26.1836350" lon="-51.1310540">
    <ele>751.3</ele>
   </trkpt>
   <trkpt lat="-26.1836410" lon="-51.1309940">
    <ele>751.4</ele>
   </trkpt>
   <trkpt lat="-26.1836510" lon="-51.1309350">
    <ele>751.4</ele>
   </trkpt>
   <trkpt lat="-26.1836600" lon="-51.1308770">
    <ele>751.4</ele>
   </trkpt>
   <trkpt lat="-26.1836670" lon="-51.1308150">
    <ele>751.5</ele>
   </trkpt>
   <trkpt lat="-26.1836730" lon="-51.1307570">
    <ele>751.5</ele>
   </trkpt>
   <trkpt lat="-26.1836760" lon="-51.1306940">
    <ele>751.5</ele>
   </trkpt>
   <trkpt lat="-26.1836810" lon="-51.1306340">
    <ele>751.6</ele>
   </trkpt>
   <trkpt lat="-26.1836900" lon="-51.1305780">
    <ele>751.6</ele>
   </trkpt>
   <trkpt lat="-26.1836950" lon="-51.1305190">
    <ele>751.6</ele>
   </trkpt>
   <trkpt lat="-26.1836980" lon="-51.1304590">
    <ele>751.6</ele>
   </trkpt>
   <trkpt lat="-26.1837020" lon="-51.1303970">
    <ele>751.7</ele>
   </trkpt>
   <trkpt lat="-26.1837090" lon="-51.1303400">
    <ele>751.8</ele>
   </trkpt>
   <trkpt lat="-26.1837150" lon="-51.1302850">
    <ele>751.8</ele>
   </trkpt>
   <trkpt lat="-26.1837170" lon="-51.1302320">
    <ele>751.9</ele>
   </trkpt>
   <trkpt lat="-26.1837210" lon="-51.1301780">
    <ele>751.9</ele>
   </trkpt>
   <trkpt lat="-26.1837290" lon="-51.1301230">
    <ele>752.0</ele>
   </trkpt>
   <trkpt lat="-26.1837360" lon="-51.1300680">
    <ele>752.1</ele>
   </trkpt>
   <trkpt lat="-26.1837410" lon="-51.1300160">
    <ele>752.1</ele>
   </trkpt>
   <trkpt lat="-26.1837450" lon="-51.1299610">
    <ele>752.2</ele>
   </trkpt>
   <trkpt lat="-26.1837520" lon="-51.1299070">
    <ele>752.3</ele>
   </trkpt>
   <trkpt lat="-26.1837580" lon="-51.1298500">
    <ele>752.4</ele>
   </trkpt>
   <trkpt lat="-26.1837590" lon="-51.1298000">
    <ele>752.5</ele>
   </trkpt>
   <trkpt lat="-26.1837630" lon="-51.1297480">
    <ele>752.6</ele>
   </trkpt>
   <trkpt lat="-26.1837680" lon="-51.1296950">
    <ele>752.7</ele>
   </trkpt>
   <trkpt lat="-26.1837770" lon="-51.1296510">
    <ele>752.9</ele>
   </trkpt>
   <trkpt lat="-26.1837800" lon="-51.1296030">
    <ele>753.0</ele>
   </trkpt>
   <trkpt lat="-26.1837830" lon="-51.1295500">
    <ele>753.1</ele>
   </trkpt>
   <trkpt lat="-26.1837920" lon="-51.1295040">
    <ele>753.2</ele>
   </trkpt>
   <trkpt lat="-26.1837960" lon="-51.1294570">
    <ele>753.3</ele>
   </trkpt>
   <trkpt lat="-26.1838040" lon="-51.1294130">
    <ele>753.5</ele>
   </trkpt>
   <trkpt lat="-26.1838100" lon="-51.1293630">
    <ele>753.6</ele>
   </trkpt>
   <trkpt lat="-26.1838120" lon="-51.1293130">
    <ele>753.8</ele>
   </trkpt>
   <trkpt lat="-26.1838120" lon="-51.1292670">
    <ele>754.0</ele>
   </trkpt>
   <trkpt lat="-26.1838140" lon="-51.1292220">
    <ele>754.2</ele>
   </trkpt>
   <trkpt lat="-26.1838190" lon="-51.1291750">
    <ele>754.4</ele>
   </trkpt>
   <trkpt lat="-26.1838240" lon="-51.1291360">
    <ele>754.6</ele>
   </trkpt>
   <trkpt lat="-26.1838300" lon="-51.1290990">
    <ele>754.7</ele>
   </trkpt>
   <trkpt lat="-26.1838360" lon="-51.1290590">
    <ele>754.9</ele>
   </trkpt>
   <trkpt lat="-26.1838430" lon="-51.1290180">
    <ele>755.1</ele>
   </trkpt>
   <trkpt lat="-26.1838500" lon="-51.1289750">
    <ele>755.3</ele>
   </trkpt>
   <trkpt lat="-26.1838540" lon="-51.1289340">
    <ele>755.5</ele>
   </trkpt>
   <trkpt lat="-26.1838600" lon="-51.1288910">
    <ele>755.7</ele>
   </trkpt>
   <trkpt lat="-26.1838630" lon="-51.1288500">
    <ele>755.8</ele>
   </trkpt>
   <trkpt lat="-26.1838660" lon="-51.1288110">
    <ele>756.0</ele>
   </trkpt>
   <trkpt lat="-26.1838710" lon="-51.1287640">
    <ele>756.2</ele>
   </trkpt>
   <trkpt lat="-26.1838710" lon="-51.1287190">
    <ele>756.4</ele>
   </trkpt>
   <trkpt lat="-26.1838800" lon="-51.1286840">
    <ele>756.5</ele>
   </trkpt>
   <trkpt lat="-26.1838820" lon="-51.1286430">
    <ele>756.6</ele>
   </trkpt>
   <trkpt lat="-26.1838860" lon="-51.1286070">
    <ele>756.8</ele>
   </trkpt>
   <trkpt lat="-26.1838920" lon="-51.1285660">
    <ele>756.9</ele>
   </trkpt>
   <trkpt lat="-26.1838920" lon="-51.1285220">
    <ele>757.0</ele>
   </trkpt>
   <trkpt lat="-26.1838940" lon="-51.1284790">
    <ele>757.1</ele>
   </trkpt>
   <trkpt lat="-26.1839000" lon="-51.1284370">
    <ele>757.2</ele>
   </trkpt>
   <trkpt lat="-26.1839040" lon="-51.1283980">
    <ele>757.3</ele>
   </trkpt>
   <trkpt lat="-26.1839090" lon="-51.1283640">
    <ele>757.4</ele>
   </trkpt>
   <trkpt lat="-26.1839140" lon="-51.1283280">
    <ele>757.5</ele>
   </trkpt>
   <trkpt lat="-26.1839160" lon="-51.1282890">
    <ele>757.5</ele>
   </trkpt>
   <trkpt lat="-26.1839200" lon="-51.1282490">
    <ele>757.6</ele>
   </trkpt>
   <trkpt lat="-26.1839230" lon="-51.1282100">
    <ele>757.6</ele>
   </trkpt>
   <trkpt lat="-26.1839300" lon="-51.1281700">
    <ele>757.7</ele>
   </trkpt>
   <trkpt lat="-26.1839340" lon="-51.1281360">
    <ele>757.7</ele>
   </trkpt>
   <trkpt lat="-26.1839400" lon="-51.1280940">
    <ele>757.7</ele>
   </trkpt>
   <trkpt lat="-26.1839470" lon="-51.1280560">
    <ele>757.6</ele>
   </trkpt>
   <trkpt lat="-26.1839520" lon="-51.1280140">
    <ele>757.6</ele>
   </trkpt>
   <trkpt lat="-26.1839590" lon="-51.1279740">
    <ele>757.5</ele>
   </trkpt>
   <trkpt lat="-26.1839700" lon="-51.1279310">
    <ele>757.5</ele>
   </trkpt>
   <trkpt lat="-26.1839810" lon="-51.1278880">
    <ele>757.4</ele>
   </trkpt>
   <trkpt lat="-26.1839950" lon="-51.1278390">
    <ele>757.3</ele>
   </trkpt>
   <trkpt lat="-26.1840090" lon="-51.1277910">
    <ele>757.2</ele>
   </trkpt>
   <trkpt lat="-26.1840250" lon="-51.1277410">
    <ele>757.1</ele>
   </trkpt>
   <trkpt lat="-26.1840430" lon="-51.1276940">
    <ele>757.1</ele>
   </trkpt>
   <trkpt lat="-26.1840650" lon="-51.1276340">
    <ele>756.9</ele>
   </trkpt>
   <trkpt lat="-26.1840900" lon="-51.1275810">
    <ele>756.8</ele>
   </trkpt>
   <trkpt lat="-26.1841130" lon="-51.1275230">
    <ele>756.7</ele>
   </trkpt>
   <trkpt lat="-26.1841400" lon="-51.1274710">
    <ele>756.6</ele>
   </trkpt>
   <trkpt lat="-26.1841710" lon="-51.1274200">
    <ele>756.4</ele>
   </trkpt>
   <trkpt lat="-26.1842020" lon="-51.1273700">
    <ele>756.2</ele>
   </trkpt>
   <trkpt lat="-26.1842390" lon="-51.1273270">
    <ele>756.0</ele>
   </trkpt>
   <trkpt lat="-26.1842800" lon="-51.1272880">
    <ele>755.8</ele>
   </trkpt>
   <trkpt lat="-26.1843230" lon="-51.1272490">
    <ele>755.6</ele>
   </trkpt>
   <trkpt lat="-26.1843640" lon="-51.1272080">
    <ele>755.5</ele>
   </trkpt>
   <trkpt lat="-26.1844040" lon="-51.1271680">
    <ele>755.3</ele>
   </trkpt>
   <trkpt lat="-26.1844450" lon="-51.1271290">
    <ele>755.2</ele>
   </trkpt>
   <trkpt lat="-26.1844860" lon="-51.1270910">
    <ele>755.1</ele>
   </trkpt>
   <trkpt lat="-26.1845300" lon="-51.1270480">
    <ele>755.0</ele>
   </trkpt>
   <trkpt lat="-26.1845730" lon="-51.1270160">
    <ele>754.9</ele>
   </trkpt>
   <trkpt lat="-26.1846210" lon="-51.1269800">
    <ele>754.8</ele>
   </trkpt>
   <trkpt lat="-26.1846640" lon="-51.1269490">
    <ele>754.7</ele>
   </trkpt>
   <trkpt lat="-26.1847090" lon="-51.1269120">
    <ele>754.7</ele>
   </trkpt>
   <trkpt lat="-26.1847540" lon="-51.1268800">
    <ele>754.6</ele>
   </trkpt>
   <trkpt lat="-26.1847950" lon="-51.1268440">
    <ele>754.6</ele>
   </trkpt>
   <trkpt lat="-26.1848390" lon="-51.1268110">
    <ele>754.6</ele>
   </trkpt>
   <trkpt lat="-26.1848810" lon="-51.1267790">
    <ele>754.6</ele>
   </trkpt>
   <trkpt lat="-26.1849210" lon="-51.1267520">
    <ele>754.6</ele>
   </trkpt>
   <trkpt lat="-26.1849610" lon="-51.1267200">
    <ele>754.7</ele>
   </trkpt>
   <trkpt lat="-26.1850000" lon="-51.1266890">
    <ele>754.7</ele>
   </trkpt>
   <trkpt lat="-26.1850410" lon="-51.1266610">
    <ele>754.7</ele>
   </trkpt>
   <trkpt lat="-26.1851170" lon="-51.1266040">
    <ele>754.8</ele>
   </trkpt>
   <trkpt lat="-26.1851550" lon="-51.1265720">
    <ele>754.8</ele>
   </trkpt>
   <trkpt lat="-26.1851960" lon="-51.1265430">
    <ele>754.9</ele>
   </trkpt>
   <trkpt lat="-26.1852350" lon="-51.1265150">
    <ele>754.9</ele>
   </trkpt>
   <trkpt lat="-26.1852720" lon="-51.1264890">
    <ele>755.0</ele>
   </trkpt>
   <trkpt lat="-26.1853130" lon="-51.1264630">
    <ele>755.0</ele>
   </trkpt>
   <trkpt lat="-26.1853480" lon="-51.1264330">
    <ele>755.1</ele>
   </trkpt>
   <trkpt lat="-26.1853850" lon="-51.1264050">
    <ele>755.1</ele>
   </trkpt>
   <trkpt lat="-26.1854220" lon="-51.1263780">
    <ele>755.2</ele>
   </trkpt>
   <trkpt lat="-26.1854570" lon="-51.1263470">
    <ele>755.2</ele>
   </trkpt>
   <trkpt lat="-26.1854940" lon="-51.1263190">
    <ele>755.2</ele>
   </trkpt>
   <trkpt lat="-26.1855310" lon="-51.1262940">
    <ele>755.3</ele>
   </trkpt>
   <trkpt lat="-26.1855670" lon="-51.1262650">
    <ele>755.4</ele>
   </trkpt>
   <trkpt lat="-26.1856010" lon="-51.1262400">
    <ele>755.4</ele>
   </trkpt>
   <trkpt lat="-26.1856340" lon="-51.1262120">
    <ele>755.5</ele>
   </trkpt>
   <trkpt lat="-26.1856700" lon="-51.1261830">
    <ele>755.5</ele>
   </trkpt>
   <trkpt lat="-26.1857040" lon="-51.1261530">
    <ele>755.6</ele>
   </trkpt>
   <trkpt lat="-26.1857370" lon="-51.1261230">
    <ele>755.6</ele>
   </trkpt>
   <trkpt lat="-26.1857710" lon="-51.1260920">
    <ele>755.7</ele>
   </trkpt>
   <trkpt lat="-26.1858060" lon="-51.1260630">
    <ele>755.7</ele>
   </trkpt>
   <trkpt lat="-26.1858400" lon="-51.1260340">
    <ele>755.8</ele>
   </trkpt>
   <trkpt lat="-26.1858800" lon="-51.1260040">
    <ele>755.8</ele>
   </trkpt>
   <trkpt lat="-26.1859160" lon="-51.1259770">
    <ele>755.8</ele>
   </trkpt>
   <trkpt lat="-26.1859510" lon="-51.1259490">
    <ele>755.8</ele>
   </trkpt>
   <trkpt lat="-26.1859860" lon="-51.1259190">
    <ele>755.8</ele>
   </trkpt>
   <trkpt lat="-26.1860190" lon="-51.1258910">
    <ele>755.8</ele>
   </trkpt>
   <trkpt lat="-26.1860550" lon="-51.1258610">
    <ele>755.9</ele>
   </trkpt>
   <trkpt lat="-26.1860860" lon="-51.1258300">
    <ele>755.9</ele>
   </trkpt>
   <trkpt lat="-26.1861220" lon="-51.1258050">
    <ele>755.9</ele>
   </trkpt>
   <trkpt lat="-26.1861600" lon="-51.1257790">
    <ele>755.9</ele>
   </trkpt>
   <trkpt lat="-26.1861950" lon="-51.1257450">
    <ele>755.9</ele>
   </trkpt>
   <trkpt lat="-26.1862290" lon="-51.1257150">
    <ele>756.0</ele>
   </trkpt>
   <trkpt lat="-26.1862650" lon="-51.1256810">
    <ele>756.0</ele>
   </trkpt>
   <trkpt lat="-26.1863000" lon="-51.1256430">
    <ele>756.0</ele>
   </trkpt>
   <trkpt lat="-26.1863340" lon="-51.1256140">
    <ele>756.0</ele>
   </trkpt>
   <trkpt lat="-26.1863710" lon="-51.1255810">
    <ele>756.0</ele>
   </trkpt>
   <trkpt lat="-26.1864090" lon="-51.1255500">
    <ele>756.0</ele>
   </trkpt>
   <trkpt lat="-26.1864450" lon="-51.1255190">
    <ele>756.0</ele>
   </trkpt>
   <trkpt lat="-26.1864840" lon="-51.1254860">
    <ele>755.9</ele>
   </trkpt>
   <trkpt lat="-26.1865200" lon="-51.1254520">
    <ele>755.9</ele>
   </trkpt>
   <trkpt lat="-26.1865570" lon="-51.1254180">
    <ele>755.9</ele>
   </trkpt>
   <trkpt lat="-26.1865940" lon="-51.1253890">
    <ele>755.8</ele>
   </trkpt>
   <trkpt lat="-26.1866260" lon="-51.1253500">
    <ele>755.7</ele>
   </trkpt>
   <trkpt lat="-26.1866640" lon="-51.1253170">
    <ele>755.7</ele>
   </trkpt>
   <trkpt lat="-26.1867050" lon="-51.1252830">
    <ele>755.6</ele>
   </trkpt>
   <trkpt lat="-26.1867440" lon="-51.1252480">
    <ele>755.5</ele>
   </trkpt>
   <trkpt lat="-26.1867860" lon="-51.1252120">
    <ele>755.4</ele>
   </trkpt>
   <trkpt lat="-26.1868310" lon="-51.1251750">
    <ele>755.3</ele>
   </trkpt>
   <trkpt lat="-26.1868730" lon="-51.1251370">
    <ele>755.2</ele>
   </trkpt>
   <trkpt lat="-26.1869160" lon="-51.1250960">
    <ele>755.1</ele>
   </trkpt>
   <trkpt lat="-26.1869600" lon="-51.1250510">
    <ele>755.1</ele>
   </trkpt>
   <trkpt lat="-26.1870040" lon="-51.1250170">
    <ele>755.0</ele>
   </trkpt>
   <trkpt lat="-26.1870460" lon="-51.1249780">
    <ele>755.0</ele>
   </trkpt>
   <trkpt lat="-26.1870870" lon="-51.1249430">
    <ele>754.9</ele>
   </trkpt>
   <trkpt lat="-26.1871300" lon="-51.1249060">
    <ele>754.9</ele>
   </trkpt>
   <trkpt lat="-26.1871720" lon="-51.1248670">
    <ele>754.8</ele>
   </trkpt>
   <trkpt lat="-26.1872150" lon="-51.1248320">
    <ele>754.8</ele>
   </trkpt>
   <trkpt lat="-26.1872560" lon="-51.1247970">
    <ele>754.8</ele>
   </trkpt>
   <trkpt lat="-26.1872980" lon="-51.1247570">
    <ele>754.7</ele>
   </trkpt>
   <trkpt lat="-26.1873400" lon="-51.1247240">
    <ele>754.7</ele>
   </trkpt>
   <trkpt lat="-26.1873790" lon="-51.1246870">
    <ele>754.7</ele>
   </trkpt>
   <trkpt lat="-26.1874190" lon="-51.1246500">
    <ele>754.7</ele>
   </trkpt>
   <trkpt lat="-26.1874600" lon="-51.1246120">
    <ele>754.7</ele>
   </trkpt>
   <trkpt lat="-26.1875000" lon="-51.1245740">
    <ele>754.7</ele>
   </trkpt>
   <trkpt lat="-26.1875400" lon="-51.1245430">
    <ele>754.7</ele>
   </trkpt>
   <trkpt lat="-26.1875840" lon="-51.1245080">
    <ele>754.7</ele>
   </trkpt>
   <trkpt lat="-26.1876250" lon="-51.1244720">
    <ele>754.7</ele>
   </trkpt>
   <trkpt lat="-26.1876640" lon="-51.1244390">
    <ele>754.7</ele>
   </trkpt>
   <trkpt lat="-26.1877060" lon="-51.1244050">
    <ele>754.7</ele>
   </trkpt>
   <trkpt lat="-26.1877460" lon="-51.1243670">
    <ele>754.6</ele>
   </trkpt>
   <trkpt lat="-26.1877860" lon="-51.1243300">
    <ele>754.6</ele>
   </trkpt>
   <trkpt lat="-26.1878260" lon="-51.1242930">
    <ele>754.6</ele>
   </trkpt>
   <trkpt lat="-26.1878680" lon="-51.1242580">
    <ele>754.5</ele>
   </trkpt>
   <trkpt lat="-26.1879100" lon="-51.1242190">
    <ele>754.5</ele>
   </trkpt>
   <trkpt lat="-26.1879500" lon="-51.1241830">
    <ele>754.5</ele>
   </trkpt>
   <trkpt lat="-26.1879910" lon="-51.1241450">
    <ele>754.4</ele>
   </trkpt>
   <trkpt lat="-26.1880340" lon="-51.1241070">
    <ele>754.4</ele>
   </trkpt>
   <trkpt lat="-26.1880780" lon="-51.1240690">
    <ele>754.4</ele>
   </trkpt>
   <trkpt lat="-26.1881220" lon="-51.1240310">
    <ele>754.3</ele>
   </trkpt>
   <trkpt lat="-26.1881650" lon="-51.1239930">
    <ele>754.3</ele>
   </trkpt>
   <trkpt lat="-26.1882060" lon="-51.1239530">
    <ele>754.2</ele>
   </trkpt>
   <trkpt lat="-26.1882500" lon="-51.1239120">
    <ele>754.1</ele>
   </trkpt>
   <trkpt lat="-26.1882940" lon="-51.1238760">
    <ele>754.1</ele>
   </trkpt>
   <trkpt lat="-26.1883320" lon="-51.1238400">
    <ele>754.0</ele>
   </trkpt>
   <trkpt lat="-26.1883820" lon="-51.1237990">
    <ele>754.0</ele>
   </trkpt>
   <trkpt lat="-26.1884260" lon="-51.1237630">
    <ele>753.9</ele>
   </trkpt>
   <trkpt lat="-26.1884730" lon="-51.1237180">
    <ele>753.9</ele>
   </trkpt>
   <trkpt lat="-26.1885180" lon="-51.1236790">
    <ele>753.9</ele>
   </trkpt>
   <trkpt lat="-26.1885630" lon="-51.1236430">
    <ele>753.9</ele>
   </trkpt>
   <trkpt lat="-26.1886080" lon="-51.1236050">
    <ele>753.9</ele>
   </trkpt>
   <trkpt lat="-26.1886480" lon="-51.1235670">
    <ele>753.9</ele>
   </trkpt>
   <trkpt lat="-26.1886940" lon="-51.1235280">
    <ele>753.9</ele>
   </trkpt>
   <trkpt lat="-26.1887380" lon="-51.1234910">
    <ele>753.9</ele>
   </trkpt>
   <trkpt lat="-26.1887800" lon="-51.1234550">
    <ele>754.0</ele>
   </trkpt>
   <trkpt lat="-26.1888220" lon="-51.1234170">
    <ele>754.0</ele>
   </trkpt>
   <trkpt lat="-26.1888610" lon="-51.1233800">
    <ele>754.0</ele>
   </trkpt>
   <trkpt lat="-26.1889040" lon="-51.1233420">
    <ele>754.1</ele>
   </trkpt>
   <trkpt lat="-26.1889440" lon="-51.1233050">
    <ele>754.1</ele>
   </trkpt>
   <trkpt lat="-26.1889850" lon="-51.1232700">
    <ele>754.1</ele>
   </trkpt>
   <trkpt lat="-26.1890270" lon="-51.1232360">
    <ele>754.1</ele>
   </trkpt>
   <trkpt lat="-26.1890700" lon="-51.1231950">
    <ele>754.1</ele>
   </trkpt>
   <trkpt lat="-26.1891130" lon="-51.1231590">
    <ele>754.1</ele>
   </trkpt>
   <trkpt lat="-26.1891540" lon="-51.1231270">
    <ele>754.1</ele>
   </trkpt>
   <trkpt lat="-26.1891950" lon="-51.1230890">
    <ele>754.2</ele>
   </trkpt>
   <trkpt lat="-26.1892340" lon="-51.1230540">
    <ele>754.2</ele>
   </trkpt>
   <trkpt lat="-26.1892730" lon="-51.1230150">
    <ele>754.2</ele>
   </trkpt>
   <trkpt lat="-26.1893120" lon="-51.1229780">
    <ele>754.2</ele>
   </trkpt>
   <trkpt lat="-26.1893510" lon="-51.1229430">
    <ele>754.2</ele>
   </trkpt>
   <trkpt lat="-26.1893890" lon="-51.1229130">
    <ele>754.3</ele>
   </trkpt>
   <trkpt lat="-26.1894290" lon="-51.1228830">
    <ele>754.3</ele>
   </trkpt>
   <trkpt lat="-26.1894670" lon="-51.1228430">
    <ele>754.3</ele>
   </trkpt>
   <trkpt lat="-26.1895020" lon="-51.1228070">
    <ele>754.2</ele>
   </trkpt>
   <trkpt lat="-26.1895420" lon="-51.1227700">
    <ele>754.2</ele>
   </trkpt>
   <trkpt lat="-26.1895850" lon="-51.1227370">
    <ele>754.2</ele>
   </trkpt>
   <trkpt lat="-26.1896240" lon="-51.1227030">
    <ele>754.2</ele>
   </trkpt>
   <trkpt lat="-26.1896660" lon="-51.1226670">
    <ele>754.2</ele>
   </trkpt>
   <trkpt lat="-26.1897080" lon="-51.1226330">
    <ele>754.2</ele>
   </trkpt>
   <trkpt lat="-26.1897500" lon="-51.1225950">
    <ele>754.2</ele>
   </trkpt>
   <trkpt lat="-26.1897890" lon="-51.1225590">
    <ele>754.2</ele>
   </trkpt>
   <trkpt lat="-26.1898330" lon="-51.1225170">
    <ele>754.2</ele>
   </trkpt>
   <trkpt lat="-26.1898750" lon="-51.1224760">
    <ele>754.1</ele>
   </trkpt>
   <trkpt lat="-26.1899150" lon="-51.1224460">
    <ele>754.1</ele>
   </trkpt>
   <trkpt lat="-26.1899580" lon="-51.1224090">
    <ele>754.1</ele>
   </trkpt>
   <trkpt lat="-26.1899990" lon="-51.1223740">
    <ele>754.1</ele>
   </trkpt>
   <trkpt lat="-26.1900430" lon="-51.1223350">
    <ele>754.1</ele>
   </trkpt>
   <trkpt lat="-26.1900850" lon="-51.1222940">
    <ele>754.1</ele>
   </trkpt>
   <trkpt lat="-26.1901290" lon="-51.1222540">
    <ele>754.0</ele>
   </trkpt>
   <trkpt lat="-26.1901740" lon="-51.1222170">
    <ele>754.0</ele>
   </trkpt>
   <trkpt lat="-26.1902190" lon="-51.1221810">
    <ele>754.0</ele>
   </trkpt>
   <trkpt lat="-26.1902630" lon="-51.1221390">
    <ele>754.0</ele>
   </trkpt>
   <trkpt lat="-26.1903040" lon="-51.1221050">
    <ele>753.9</ele>
   </trkpt>
   <trkpt lat="-26.1903470" lon="-51.1220630">
    <ele>753.9</ele>
   </trkpt>
   <trkpt lat="-26.1903890" lon="-51.1220190">
    <ele>753.9</ele>
   </trkpt>
   <trkpt lat="-26.1904330" lon="-51.1219770">
    <ele>753.9</ele>
   </trkpt>
   <trkpt lat="-26.1904770" lon="-51.1219380">
    <ele>753.8</ele>
   </trkpt>
   <trkpt lat="-26.1905210" lon="-51.1219010">
    <ele>753.8</ele>
   </trkpt>
   <trkpt lat="-26.1905660" lon="-51.1218620">
    <ele>753.8</ele>
   </trkpt>
   <trkpt lat="-26.1906110" lon="-51.1218270">
    <ele>753.8</ele>
   </trkpt>
   <trkpt lat="-26.1906530" lon="-51.1217870">
    <ele>753.8</ele>
   </trkpt>
   <trkpt lat="-26.1906920" lon="-51.1217460">
    <ele>753.8</ele>
   </trkpt>
   <trkpt lat="-26.1907350" lon="-51.1217130">
    <ele>753.8</ele>
   </trkpt>
   <trkpt lat="-26.1907740" lon="-51.1216750">
    <ele>753.8</ele>
   </trkpt>
   <trkpt lat="-26.1908100" lon="-51.1216390">
    <ele>753.8</ele>
   </trkpt>
   <trkpt lat="-26.1908540" lon="-51.1216040">
    <ele>753.9</ele>
   </trkpt>
   <trkpt lat="-26.1908980" lon="-51.1215680">
    <ele>753.9</ele>
   </trkpt>
   <trkpt lat="-26.1909380" lon="-51.1215340">
    <ele>753.9</ele>
   </trkpt>
   <trkpt lat="-26.1909750" lon="-51.1214960">
    <ele>753.9</ele>
   </trkpt>
   <trkpt lat="-26.1910140" lon="-51.1214590">
    <ele>753.9</ele>
   </trkpt>
   <trkpt lat="-26.1910550" lon="-51.1214220">
    <ele>753.9</ele>
   </trkpt>
   <trkpt lat="-26.1910940" lon="-51.1213860">
    <ele>753.9</ele>
   </trkpt>
   <trkpt lat="-26.1911320" lon="-51.1213470">
    <ele>753.9</ele>
   </trkpt>
   <trkpt lat="-26.1911700" lon="-51.1213020">
    <ele>753.9</ele>
   </trkpt>
   <trkpt lat="-26.1912110" lon="-51.1212610">
    <ele>753.8</ele>
   </trkpt>
   <trkpt lat="-26.1912510" lon="-51.1212210">
    <ele>753.8</ele>
   </trkpt>
   <trkpt lat="-26.1912900" lon="-51.1211730">
    <ele>753.8</ele>
   </trkpt>
   <trkpt lat="-26.1913310" lon="-51.1211280">
    <ele>753.7</ele>
   </trkpt>
   <trkpt lat="-26.1913720" lon="-51.1210830">
    <ele>753.7</ele>
   </trkpt>
   <trkpt lat="-26.1914110" lon="-51.1210390">
    <ele>753.6</ele>
   </trkpt>
   <trkpt lat="-26.1914510" lon="-51.1209950">
    <ele>753.6</ele>
   </trkpt>
   <trkpt lat="-26.1914900" lon="-51.1209470">
    <ele>753.5</ele>
   </trkpt>
   <trkpt lat="-26.1915300" lon="-51.1209010">
    <ele>753.4</ele>
   </trkpt>
   <trkpt lat="-26.1915680" lon="-51.1208520">
    <ele>753.3</ele>
   </trkpt>
   <trkpt lat="-26.1916080" lon="-51.1208020">
    <ele>753.2</ele>
   </trkpt>
   <trkpt lat="-26.1916470" lon="-51.1207520">
    <ele>753.1</ele>
   </trkpt>
   <trkpt lat="-26.1916850" lon="-51.1206980">
    <ele>753.1</ele>
   </trkpt>
   <trkpt lat="-26.1917220" lon="-51.1206440">
    <ele>753.0</ele>
   </trkpt>
   <trkpt lat="-26.1917610" lon="-51.1205890">
    <ele>752.9</ele>
   </trkpt>
   <trkpt lat="-26.1918020" lon="-51.1205360">
    <ele>752.8</ele>
   </trkpt>
   <trkpt lat="-26.1918420" lon="-51.1204760">
    <ele>752.7</ele>
   </trkpt>
   <trkpt lat="-26.1918820" lon="-51.1204160">
    <ele>752.6</ele>
   </trkpt>
   <trkpt lat="-26.1919230" lon="-51.1203590">
    <ele>752.5</ele>
   </trkpt>
   <trkpt lat="-26.1919620" lon="-51.1203010">
    <ele>752.5</ele>
   </trkpt>
   <trkpt lat="-26.1920040" lon="-51.1202480">
    <ele>752.5</ele>
   </trkpt>
   <trkpt lat="-26.1920440" lon="-51.1201850">
    <ele>752.4</ele>
   </trkpt>
   <trkpt lat="-26.1920870" lon="-51.1201250">
    <ele>752.4</ele>
   </trkpt>
   <trkpt lat="-26.1921310" lon="-51.1200760">
    <ele>752.4</ele>
   </trkpt>
   <trkpt lat="-26.1921720" lon="-51.1200190">
    <ele>752.4</ele>
   </trkpt>
   <trkpt lat="-26.1922130" lon="-51.1199640">
    <ele>752.3</ele>
   </trkpt>
   <trkpt lat="-26.1922530" lon="-51.1199140">
    <ele>752.3</ele>
   </trkpt>
   <trkpt lat="-26.1922960" lon="-51.1198600">
    <ele>752.2</ele>
   </trkpt>
   <trkpt lat="-26.1923320" lon="-51.1198070">
    <ele>752.1</ele>
   </trkpt>
   <trkpt lat="-26.1923660" lon="-51.1197650">
    <ele>752.0</ele>
   </trkpt>
   <trkpt lat="-26.1924020" lon="-51.1197170">
    <ele>752.0</ele>
   </trkpt>
   <trkpt lat="-26.1924390" lon="-51.1196650">
    <ele>751.9</ele>
   </trkpt>
   <trkpt lat="-26.1924760" lon="-51.1196150">
    <ele>751.9</ele>
   </trkpt>
   <trkpt lat="-26.1925120" lon="-51.1195650">
    <ele>751.8</ele>
   </trkpt>
   <trkpt lat="-26.1925490" lon="-51.1195100">
    <ele>751.8</ele>
   </trkpt>
   <trkpt lat="-26.1925920" lon="-51.1194550">
    <ele>751.7</ele>
   </trkpt>
   <trkpt lat="-26.1926270" lon="-51.1194060">
    <ele>751.7</ele>
   </trkpt>
   <trkpt lat="-26.1926660" lon="-51.1193570">
    <ele>751.6</ele>
   </trkpt>
   <trkpt lat="-26.1927040" lon="-51.1193070">
    <ele>751.5</ele>
   </trkpt>
   <trkpt lat="-26.1927410" lon="-51.1192570">
    <ele>751.4</ele>
   </trkpt>
   <trkpt lat="-26.1927790" lon="-51.1192100">
    <ele>751.4</ele>
   </trkpt>
   <trkpt lat="-26.1928190" lon="-51.1191600">
    <ele>751.4</ele>
   </trkpt>
   <trkpt lat="-26.1928570" lon="-51.1191080">
    <ele>751.3</ele>
   </trkpt>
   <trkpt lat="-26.1928950" lon="-51.1190570">
    <ele>751.3</ele>
   </trkpt>
   <trkpt lat="-26.1929330" lon="-51.1190020">
    <ele>751.3</ele>
   </trkpt>
   <trkpt lat="-26.1929720" lon="-51.1189460">
    <ele>751.3</ele>
   </trkpt>
   <trkpt lat="-26.1930110" lon="-51.1188880">
    <ele>751.3</ele>
   </trkpt>
   <trkpt lat="-26.1930490" lon="-51.1188280">
    <ele>751.3</ele>
   </trkpt>
   <trkpt lat="-26.1930880" lon="-51.1187670">
    <ele>751.3</ele>
   </trkpt>
   <trkpt lat="-26.1931290" lon="-51.1187060">
    <ele>751.3</ele>
   </trkpt>
   <trkpt lat="-26.1931650" lon="-51.1186440">
    <ele>751.3</ele>
   </trkpt>
   <trkpt lat="-26.1932030" lon="-51.1185830">
    <ele>751.4</ele>
   </trkpt>
   <trkpt lat="-26.1932350" lon="-51.1185180">
    <ele>751.4</ele>
   </trkpt>
   <trkpt lat="-26.1932650" lon="-51.1184570">
    <ele>751.4</ele>
   </trkpt>
   <trkpt lat="-26.1932940" lon="-51.1183990">
    <ele>751.4</ele>
   </trkpt>
   <trkpt lat="-26.1933220" lon="-51.1183440">
    <ele>751.5</ele>
   </trkpt>
   <trkpt lat="-26.1933490" lon="-51.1182830">
    <ele>751.5</ele>
   </trkpt>
   <trkpt lat="-26.1933740" lon="-51.1182230">
    <ele>751.5</ele>
   </trkpt>
   <trkpt lat="-26.1933970" lon="-51.1181720">
    <ele>751.5</ele>
   </trkpt>
   <trkpt lat="-26.1934210" lon="-51.1181140">
    <ele>751.5</ele>
   </trkpt>
   <trkpt lat="-26.1934410" lon="-51.1180540">
    <ele>751.5</ele>
   </trkpt>
   <trkpt lat="-26.1934600" lon="-51.1179970">
    <ele>751.5</ele>
   </trkpt>
   <trkpt lat="-26.1934820" lon="-51.1179370">
    <ele>751.5</ele>
   </trkpt>
   <trkpt lat="-26.1935000" lon="-51.1178740">
    <ele>751.5</ele>
   </trkpt>
   <trkpt lat="-26.1935180" lon="-51.1178110">
    <ele>751.4</ele>
   </trkpt>
   <trkpt lat="-26.1935350" lon="-51.1177420">
    <ele>751.4</ele>
   </trkpt>
   <trkpt lat="-26.1935500" lon="-51.1176780">
    <ele>751.4</ele>
   </trkpt>
   <trkpt lat="-26.1935660" lon="-51.1176060">
    <ele>751.3</ele>
   </trkpt>
   <trkpt lat="-26.1935790" lon="-51.1175360">
    <ele>751.3</ele>
   </trkpt>
   <trkpt lat="-26.1935950" lon="-51.1174670">
    <ele>751.3</ele>
   </trkpt>
   <trkpt lat="-26.1936100" lon="-51.1173970">
    <ele>751.3</ele>
   </trkpt>
   <trkpt lat="-26.1936250" lon="-51.1173260">
    <ele>751.2</ele>
   </trkpt>
   <trkpt lat="-26.1936380" lon="-51.1172610">
    <ele>751.2</ele>
   </trkpt>
   <trkpt lat="-26.1936530" lon="-51.1171890">
    <ele>751.2</ele>
   </trkpt>
   <trkpt lat="-26.1936650" lon="-51.1171160">
    <ele>751.2</ele>
   </trkpt>
   <trkpt lat="-26.1936760" lon="-51.1170430">
    <ele>751.2</ele>
   </trkpt>
   <trkpt lat="-26.1936900" lon="-51.1169710">
    <ele>751.2</ele>
   </trkpt>
   <trkpt lat="-26.1937040" lon="-51.1168990">
    <ele>751.2</ele>
   </trkpt>
   <trkpt lat="-26.1937180" lon="-51.1168350">
    <ele>751.2</ele>
   </trkpt>
   <trkpt lat="-26.1937340" lon="-51.1167660">
    <ele>751.2</ele>
   </trkpt>
   <trkpt lat="-26.1937460" lon="-51.1166990">
    <ele>751.2</ele>
   </trkpt>
   <trkpt lat="-26.1937600" lon="-51.1166330">
    <ele>751.3</ele>
   </trkpt>
   <trkpt lat="-26.1937720" lon="-51.1165690">
    <ele>751.3</ele>
   </trkpt>
   <trkpt lat="-26.1937890" lon="-51.1165050">
    <ele>751.4</ele>
   </trkpt>
   <trkpt lat="-26.1938070" lon="-51.1164430">
    <ele>751.5</ele>
   </trkpt>
   <trkpt lat="-26.1938250" lon="-51.1163820">
    <ele>751.5</ele>
   </trkpt>
   <trkpt lat="-26.1938440" lon="-51.1163230">
    <ele>751.6</ele>
   </trkpt>
   <trkpt lat="-26.1938690" lon="-51.1162610">
    <ele>751.7</ele>
   </trkpt>
   <trkpt lat="-26.1938910" lon="-51.1161990">
    <ele>751.9</ele>
   </trkpt>
   <trkpt lat="-26.1939140" lon="-51.1161400">
    <ele>752.0</ele>
   </trkpt>
   <trkpt lat="-26.1939390" lon="-51.1160830">
    <ele>752.1</ele>
   </trkpt>
   <trkpt lat="-26.1939660" lon="-51.1160280">
    <ele>752.2</ele>
   </trkpt>
   <trkpt lat="-26.1939960" lon="-51.1159740">
    <ele>752.3</ele>
   </trkpt>
   <trkpt lat="-26.1940270" lon="-51.1159190">
    <ele>752.5</ele>
   </trkpt>
   <trkpt lat="-26.1940570" lon="-51.1158660">
    <ele>752.6</ele>
   </trkpt>
   <trkpt lat="-26.1940880" lon="-51.1158210">
    <ele>752.7</ele>
   </trkpt>
   <trkpt lat="-26.1941210" lon="-51.1157750">
    <ele>752.9</ele>
   </trkpt>
   <trkpt lat="-26.1941540" lon="-51.1157290">
    <ele>753.0</ele>
   </trkpt>
   <trkpt lat="-26.1941860" lon="-51.1156820">
    <ele>753.2</ele>
   </trkpt>
   <trkpt lat="-26.1942200" lon="-51.1156390">
    <ele>753.3</ele>
   </trkpt>
   <trkpt lat="-26.1942550" lon="-51.1156030">
    <ele>753.4</ele>
   </trkpt>
   <trkpt lat="-26.1942910" lon="-51.1155610">
    <ele>753.6</ele>
   </trkpt>
   <trkpt lat="-26.1943280" lon="-51.1155180">
    <ele>753.8</ele>
   </trkpt>
   <trkpt lat="-26.1943650" lon="-51.1154780">
    <ele>754.0</ele>
   </trkpt>
   <trkpt lat="-26.1944050" lon="-51.1154440">
    <ele>754.1</ele>
   </trkpt>
   <trkpt lat="-26.1944450" lon="-51.1154060">
    <ele>754.2</ele>
   </trkpt>
   <trkpt lat="-26.1944840" lon="-51.1153690">
    <ele>754.3</ele>
   </trkpt>
   <trkpt lat="-26.1945210" lon="-51.1153350">
    <ele>754.4</ele>
   </trkpt>
   <trkpt lat="-26.1945600" lon="-51.1152990">
    <ele>754.6</ele>
   </trkpt>
   <trkpt lat="-26.1945950" lon="-51.1152690">
    <ele>754.7</ele>
   </trkpt>
   <trkpt lat="-26.1946320" lon="-51.1152400">
    <ele>754.8</ele>
   </trkpt>
   <trkpt lat="-26.1946690" lon="-51.1152120">
    <ele>754.9</ele>
   </trkpt>
   <trkpt lat="-26.1947060" lon="-51.1151830">
    <ele>755.1</ele>
   </trkpt>
   <trkpt lat="-26.1947430" lon="-51.1151520">
    <ele>755.2</ele>
   </trkpt>
   <trkpt lat="-26.1947760" lon="-51.1151290">
    <ele>755.2</ele>
   </trkpt>
   <trkpt lat="-26.1948100" lon="-51.1151060">
    <ele>755.3</ele>
   </trkpt>
   <trkpt lat="-26.1948430" lon="-51.1150760">
    <ele>755.4</ele>
   </trkpt>
   <trkpt lat="-26.1948780" lon="-51.1150480">
    <ele>755.5</ele>
   </trkpt>
   <trkpt lat="-26.1949150" lon="-51.1150190">
    <ele>755.6</ele>
   </trkpt>
   <trkpt lat="-26.1949520" lon="-51.1149940">
    <ele>755.7</ele>
   </trkpt>
   <trkpt lat="-26.1949860" lon="-51.1149690">
    <ele>755.8</ele>
   </trkpt>
   <trkpt lat="-26.1950210" lon="-51.1149440">
    <ele>755.9</ele>
   </trkpt>
   <trkpt lat="-26.1950620" lon="-51.1149200">
    <ele>756.0</ele>
   </trkpt>
   <trkpt lat="-26.1951020" lon="-51.1148950">
    <ele>756.1</ele>
   </trkpt>
   <trkpt lat="-26.1951400" lon="-51.1148740">
    <ele>756.2</ele>
   </trkpt>
   <trkpt lat="-26.1951770" lon="-51.1148510">
    <ele>756.3</ele>
   </trkpt>
   <trkpt lat="-26.1952160" lon="-51.1148350">
    <ele>756.4</ele>
   </trkpt>
   <trkpt lat="-26.1952540" lon="-51.1148200">
    <ele>756.5</ele>
   </trkpt>
   <trkpt lat="-26.1952930" lon="-51.1148040">
    <ele>756.6</ele>
   </trkpt>
   <trkpt lat="-26.1953350" lon="-51.1147880">
    <ele>756.7</ele>
   </trkpt>
   <trkpt lat="-26.1953740" lon="-51.1147730">
    <ele>756.8</ele>
   </trkpt>
   <trkpt lat="-26.1954140" lon="-51.1147620">
    <ele>756.9</ele>
   </trkpt>
   <trkpt lat="-26.1954500" lon="-51.1147490">
    <ele>757.0</ele>
   </trkpt>
   <trkpt lat="-26.1954880" lon="-51.1147350">
    <ele>757.0</ele>
   </trkpt>
   <trkpt lat="-26.1955260" lon="-51.1147290">
    <ele>757.1</ele>
   </trkpt>
   <trkpt lat="-26.1955680" lon="-51.1147210">
    <ele>757.2</ele>
   </trkpt>
   <trkpt lat="-26.1956090" lon="-51.1147100">
    <ele>757.3</ele>
   </trkpt>
   <trkpt lat="-26.1956450" lon="-51.1147030">
    <ele>757.4</ele>
   </trkpt>
   <trkpt lat="-26.1956870" lon="-51.1146960">
    <ele>757.5</ele>
   </trkpt>
   <trkpt lat="-26.1957240" lon="-51.1146900">
    <ele>757.6</ele>
   </trkpt>
   <trkpt lat="-26.1957620" lon="-51.1146870">
    <ele>757.7</ele>
   </trkpt>
   <trkpt lat="-26.1958020" lon="-51.1146810">
    <ele>757.8</ele>
   </trkpt>
   <trkpt lat="-26.1958390" lon="-51.1146790">
    <ele>757.9</ele>
   </trkpt>
   <trkpt lat="-26.1958770" lon="-51.1146770">
    <ele>758.0</ele>
   </trkpt>
   <trkpt lat="-26.1959180" lon="-51.1146740">
    <ele>758.1</ele>
   </trkpt>
   <trkpt lat="-26.1959570" lon="-51.1146690">
    <ele>758.2</ele>
   </trkpt>
   <trkpt lat="-26.1959910" lon="-51.1146680">
    <ele>758.2</ele>
   </trkpt>
   <trkpt lat="-26.1960270" lon="-51.1146660">
    <ele>758.3</ele>
   </trkpt>
   <trkpt lat="-26.1960580" lon="-51.1146660">
    <ele>758.4</ele>
   </trkpt>
   <trkpt lat="-26.1960930" lon="-51.1146690">
    <ele>758.5</ele>
   </trkpt>
   <trkpt lat="-26.1961320" lon="-51.1146630">
    <ele>758.6</ele>
   </trkpt>
   <trkpt lat="-26.1961670" lon="-51.1146580">
    <ele>758.7</ele>
   </trkpt>
   <trkpt lat="-26.1962020" lon="-51.1146490">
    <ele>758.8</ele>
   </trkpt>
   <trkpt lat="-26.1962380" lon="-51.1146450">
    <ele>758.9</ele>
   </trkpt>
   <trkpt lat="-26.1962700" lon="-51.1146440">
    <ele>759.1</ele>
   </trkpt>
   <trkpt lat="-26.1963020" lon="-51.1146410">
    <ele>759.2</ele>
   </trkpt>
   <trkpt lat="-26.1963340" lon="-51.1146380">
    <ele>759.3</ele>
   </trkpt>
   <trkpt lat="-26.1963680" lon="-51.1146350">
    <ele>759.4</ele>
   </trkpt>
   <trkpt lat="-26.1964030" lon="-51.1146320">
    <ele>759.5</ele>
   </trkpt>
   <trkpt lat="-26.1964400" lon="-51.1146320">
    <ele>759.7</ele>
   </trkpt>
   <trkpt lat="-26.1964710" lon="-51.1146280">
    <ele>759.8</ele>
   </trkpt>
   <trkpt lat="-26.1965020" lon="-51.1146220">
    <ele>759.9</ele>
   </trkpt>
   <trkpt lat="-26.1965310" lon="-51.1146220">
    <ele>760.0</ele>
   </trkpt>
   <trkpt lat="-26.1965620" lon="-51.1146200">
    <ele>760.1</ele>
   </trkpt>
   <trkpt lat="-26.1965930" lon="-51.1146210">
    <ele>760.3</ele>
   </trkpt>
   <trkpt lat="-26.1966230" lon="-51.1146100">
    <ele>760.4</ele>
   </trkpt>
   <trkpt lat="-26.1966570" lon="-51.1146070">
    <ele>760.5</ele>
   </trkpt>
   <trkpt lat="-26.1966940" lon="-51.1145980">
    <ele>760.6</ele>
   </trkpt>
   <trkpt lat="-26.1967290" lon="-51.1145970">
    <ele>760.7</ele>
   </trkpt>
   <trkpt lat="-26.1967640" lon="-51.1145940">
    <ele>760.7</ele>
   </trkpt>
   <trkpt lat="-26.1968010" lon="-51.1145910">
    <ele>760.8</ele>
   </trkpt>
   <trkpt lat="-26.1968390" lon="-51.1145910">
    <ele>760.9</ele>
   </trkpt>
   <trkpt lat="-26.1968760" lon="-51.1145870">
    <ele>761.0</ele>
   </trkpt>
   <trkpt lat="-26.1969150" lon="-51.1145840">
    <ele>761.0</ele>
   </trkpt>
   <trkpt lat="-26.1969520" lon="-51.1145830">
    <ele>761.1</ele>
   </trkpt>
   <trkpt lat="-26.1969900" lon="-51.1145750">
    <ele>761.2</ele>
   </trkpt>
   <trkpt lat="-26.1970290" lon="-51.1145700">
    <ele>761.3</ele>
   </trkpt>
   <trkpt lat="-26.1970650" lon="-51.1145670">
    <ele>761.3</ele>
   </trkpt>
   <trkpt lat="-26.1971030" lon="-51.1145670">
    <ele>761.4</ele>
   </trkpt>
   <trkpt lat="-26.1971440" lon="-51.1145640">
    <ele>761.5</ele>
   </trkpt>
   <trkpt lat="-26.1971850" lon="-51.1145590">
    <ele>761.6</ele>
   </trkpt>
   <trkpt lat="-26.1972240" lon="-51.1145550">
    <ele>761.6</ele>
   </trkpt>
   <trkpt lat="-26.1972610" lon="-51.1145540">
    <ele>761.7</ele>
   </trkpt>
   <trkpt lat="-26.1972990" lon="-51.1145550">
    <ele>761.8</ele>
   </trkpt>
   <trkpt lat="-26.1973380" lon="-51.1145540">
    <ele>761.9</ele>
   </trkpt>
   <trkpt lat="-26.1973770" lon="-51.1145450">
    <ele>762.0</ele>
   </trkpt>
   <trkpt lat="-26.1974160" lon="-51.1145360">
    <ele>762.0</ele>
   </trkpt>
   <trkpt lat="-26.1974520" lon="-51.1145340">
    <ele>762.1</ele>
   </trkpt>
   <trkpt lat="-26.1974910" lon="-51.1145300">
    <ele>762.2</ele>
   </trkpt>
   <trkpt lat="-26.1975300" lon="-51.1145290">
    <ele>762.3</ele>
   </trkpt>
   <trkpt lat="-26.1975690" lon="-51.1145280">
    <ele>762.3</ele>
   </trkpt>
   <trkpt lat="-26.1976130" lon="-51.1145210">
    <ele>762.4</ele>
   </trkpt>
   <trkpt lat="-26.1976540" lon="-51.1145180">
    <ele>762.4</ele>
   </trkpt>
   <trkpt lat="-26.1976960" lon="-51.1145140">
    <ele>762.4</ele>
   </trkpt>
   <trkpt lat="-26.1977340" lon="-51.1145070">
    <ele>762.5</ele>
   </trkpt>
   <trkpt lat="-26.1977750" lon="-51.1144990">
    <ele>762.5</ele>
   </trkpt>
   <trkpt lat="-26.1978100" lon="-51.1144960">
    <ele>762.5</ele>
   </trkpt>
   <trkpt lat="-26.1978480" lon="-51.1144940">
    <ele>762.5</ele>
   </trkpt>
   <trkpt lat="-26.1978890" lon="-51.1144870">
    <ele>762.5</ele>
   </trkpt>
   <trkpt lat="-26.1979300" lon="-51.1144800">
    <ele>762.5</ele>
   </trkpt>
   <trkpt lat="-26.1979690" lon="-51.1144750">
    <ele>762.6</ele>
   </trkpt>
   <trkpt lat="-26.1980100" lon="-51.1144700">
    <ele>762.6</ele>
   </trkpt>
   <trkpt lat="-26.1980500" lon="-51.1144620">
    <ele>762.6</ele>
   </trkpt>
   <trkpt lat="-26.1980900" lon="-51.1144520">
    <ele>762.6</ele>
   </trkpt>
   <trkpt lat="-26.1981330" lon="-51.1144450">
    <ele>762.6</ele>
   </trkpt>
   <trkpt lat="-26.1981740" lon="-51.1144380">
    <ele>762.6</ele>
   </trkpt>
   <trkpt lat="-26.1982150" lon="-51.1144310">
    <ele>762.6</ele>
   </trkpt>
   <trkpt lat="-26.1982630" lon="-51.1144300">
    <ele>762.5</ele>
   </trkpt>
   <trkpt lat="-26.1983080" lon="-51.1144240">
    <ele>762.5</ele>
   </trkpt>
   <trkpt lat="-26.1983510" lon="-51.1144180">
    <ele>762.4</ele>
   </trkpt>
   <trkpt lat="-26.1983970" lon="-51.1144100">
    <ele>762.4</ele>
   </trkpt>
   <trkpt lat="-26.1984500" lon="-51.1144010">
    <ele>762.3</ele>
   </trkpt>
   <trkpt lat="-26.1985030" lon="-51.1143920">
    <ele>762.2</ele>
   </trkpt>
   <trkpt lat="-26.1985540" lon="-51.1143870">
    <ele>762.1</ele>
   </trkpt>
   <trkpt lat="-26.1986030" lon="-51.1143760">
    <ele>762.0</ele>
   </trkpt>
   <trkpt lat="-26.1986550" lon="-51.1143680">
    <ele>761.9</ele>
   </trkpt>
   <trkpt lat="-26.1987140" lon="-51.1143590">
    <ele>761.9</ele>
   </trkpt>
   <trkpt lat="-26.1987690" lon="-51.1143450">
    <ele>761.8</ele>
   </trkpt>
   <trkpt lat="-26.1988300" lon="-51.1143330">
    <ele>761.8</ele>
   </trkpt>
   <trkpt lat="-26.1988900" lon="-51.1143190">
    <ele>761.7</ele>
   </trkpt>
   <trkpt lat="-26.1989400" lon="-51.1143050">
    <ele>761.7</ele>
   </trkpt>
   <trkpt lat="-26.1989960" lon="-51.1142950">
    <ele>761.7</ele>
   </trkpt>
   <trkpt lat="-26.1990510" lon="-51.1142880">
    <ele>761.6</ele>
   </trkpt>
   <trkpt lat="-26.1991060" lon="-51.1142790">
    <ele>761.6</ele>
   </trkpt>
   <trkpt lat="-26.1991610" lon="-51.1142710">
    <ele>761.6</ele>
   </trkpt>
   <trkpt lat="-26.1992200" lon="-51.1142630">
    <ele>761.6</ele>
   </trkpt>
   <trkpt lat="-26.1992750" lon="-51.1142530">
    <ele>761.6</ele>
   </trkpt>
   <trkpt lat="-26.1993320" lon="-51.1142420">
    <ele>761.6</ele>
   </trkpt>
   <trkpt lat="-26.1993900" lon="-51.1142280">
    <ele>761.6</ele>
   </trkpt>
   <trkpt lat="-26.1994440" lon="-51.1142140">
    <ele>761.6</ele>
   </trkpt>
   <trkpt lat="-26.1995040" lon="-51.1142000">
    <ele>761.7</ele>
   </trkpt>
   <trkpt lat="-26.1995600" lon="-51.1141870">
    <ele>761.7</ele>
   </trkpt>
   <trkpt lat="-26.1996170" lon="-51.1141710">
    <ele>761.8</ele>
   </trkpt>
   <trkpt lat="-26.1996730" lon="-51.1141570">
    <ele>761.9</ele>
   </trkpt>
   <trkpt lat="-26.1997250" lon="-51.1141470">
    <ele>761.9</ele>
   </trkpt>
   <trkpt lat="-26.1997760" lon="-51.1141390">
    <ele>762.0</ele>
   </trkpt>
   <trkpt lat="-26.1998300" lon="-51.1141260">
    <ele>762.0</ele>
   </trkpt>
   <trkpt lat="-26.1998820" lon="-51.1141140">
    <ele>762.1</ele>
   </trkpt>
   <trkpt lat="-26.1999350" lon="-51.1141040">
    <ele>762.1</ele>
   </trkpt>
   <trkpt lat="-26.1999910" lon="-51.1140910">
    <ele>762.2</ele>
   </trkpt>
   <trkpt lat="-26.2000400" lon="-51.1140810">
    <ele>762.2</ele>
   </trkpt>
   <trkpt lat="-26.2000870" lon="-51.1140690">
    <ele>762.2</ele>
   </trkpt>
   <trkpt lat="-26.2001420" lon="-51.1140650">
    <ele>762.3</ele>
   </trkpt>
   <trkpt lat="-26.2001900" lon="-51.1140520">
    <ele>762.3</ele>
   </trkpt>
   <trkpt lat="-26.2002370" lon="-51.1140440">
    <ele>762.3</ele>
   </trkpt>
   <trkpt lat="-26.2002900" lon="-51.1140340">
    <ele>762.4</ele>
   </trkpt>
   <trkpt lat="-26.2003380" lon="-51.1140290">
    <ele>762.4</ele>
   </trkpt>
   <trkpt lat="-26.2003860" lon="-51.1140160">
    <ele>762.4</ele>
   </trkpt>
   <trkpt lat="-26.2004340" lon="-51.1140050">
    <ele>762.5</ele>
   </trkpt>
   <trkpt lat="-26.2004870" lon="-51.1140000">
    <ele>762.6</ele>
   </trkpt>
   <trkpt lat="-26.2005430" lon="-51.1139940">
    <ele>762.6</ele>
   </trkpt>
   <trkpt lat="-26.2006000" lon="-51.1139800">
    <ele>762.8</ele>
   </trkpt>
   <trkpt lat="-26.2006540" lon="-51.1139780">
    <ele>762.9</ele>
   </trkpt>
   <trkpt lat="-26.2007070" lon="-51.1139790">
    <ele>763.0</ele>
   </trkpt>
   <trkpt lat="-26.2007570" lon="-51.1139800">
    <ele>763.1</ele>
   </trkpt>
   <trkpt lat="-26.2008060" lon="-51.1139810">
    <ele>763.2</ele>
   </trkpt>
   <trkpt lat="-26.2008550" lon="-51.1139810">
    <ele>763.3</ele>
   </trkpt>
   <trkpt lat="-26.2009070" lon="-51.1139790">
    <ele>763.4</ele>
   </trkpt>
   <trkpt lat="-26.2009600" lon="-51.1139790">
    <ele>763.5</ele>
   </trkpt>
   <trkpt lat="-26.2010090" lon="-51.1139760">
    <ele>763.7</ele>
   </trkpt>
   <trkpt lat="-26.2010620" lon="-51.1139690">
    <ele>763.8</ele>
   </trkpt>
   <trkpt lat="-26.2011140" lon="-51.1139680">
    <ele>764.0</ele>
   </trkpt>
   <trkpt lat="-26.2011640" lon="-51.1139710">
    <ele>764.1</ele>
   </trkpt>
   <trkpt lat="-26.2012150" lon="-51.1139760">
    <ele>764.3</ele>
   </trkpt>
   <trkpt lat="-26.2012640" lon="-51.1139790">
    <ele>764.5</ele>
   </trkpt>
   <trkpt lat="-26.2013110" lon="-51.1139820">
    <ele>764.6</ele>
   </trkpt>
   <trkpt lat="-26.2013550" lon="-51.1139840">
    <ele>764.7</ele>
   </trkpt>
   <trkpt lat="-26.2014000" lon="-51.1139870">
    <ele>764.9</ele>
   </trkpt>
   <trkpt lat="-26.2014520" lon="-51.1139870">
    <ele>765.0</ele>
   </trkpt>
   <trkpt lat="-26.2015010" lon="-51.1139910">
    <ele>765.2</ele>
   </trkpt>
   <trkpt lat="-26.2015490" lon="-51.1139920">
    <ele>765.4</ele>
   </trkpt>
   <trkpt lat="-26.2015950" lon="-51.1139980">
    <ele>765.5</ele>
   </trkpt>
   <trkpt lat="-26.2016400" lon="-51.1139990">
    <ele>765.7</ele>
   </trkpt>
   <trkpt lat="-26.2016840" lon="-51.1140010">
    <ele>765.8</ele>
   </trkpt>
   <trkpt lat="-26.2017250" lon="-51.1140050">
    <ele>765.9</ele>
   </trkpt>
   <trkpt lat="-26.2017650" lon="-51.1140080">
    <ele>766.1</ele>
   </trkpt>
   <trkpt lat="-26.2018030" lon="-51.1140100">
    <ele>766.2</ele>
   </trkpt>
   <trkpt lat="-26.2018450" lon="-51.1140110">
    <ele>766.3</ele>
   </trkpt>
   <trkpt lat="-26.2018860" lon="-51.1140100">
    <ele>766.4</ele>
   </trkpt>
   <trkpt lat="-26.2019250" lon="-51.1140050">
    <ele>766.5</ele>
   </trkpt>
   <trkpt lat="-26.2019620" lon="-51.1140000">
    <ele>766.6</ele>
   </trkpt>
   <trkpt lat="-26.2019970" lon="-51.1139900">
    <ele>766.7</ele>
   </trkpt>
   <trkpt lat="-26.2020400" lon="-51.1139790">
    <ele>766.8</ele>
   </trkpt>
   <trkpt lat="-26.2020730" lon="-51.1139680">
    <ele>766.9</ele>
   </trkpt>
   <trkpt lat="-26.2021110" lon="-51.1139540">
    <ele>767.0</ele>
   </trkpt>
   <trkpt lat="-26.2021490" lon="-51.1139410">
    <ele>767.1</ele>
   </trkpt>
   <trkpt lat="-26.2021870" lon="-51.1139260">
    <ele>767.2</ele>
   </trkpt>
   <trkpt lat="-26.2022230" lon="-51.1139070">
    <ele>767.3</ele>
   </trkpt>
   <trkpt lat="-26.2022600" lon="-51.1138850">
    <ele>767.5</ele>
   </trkpt>
   <trkpt lat="-26.2022940" lon="-51.1138590">
    <ele>767.6</ele>
   </trkpt>
   <trkpt lat="-26.2023230" lon="-51.1138340">
    <ele>767.7</ele>
   </trkpt>
   <trkpt lat="-26.2023480" lon="-51.1138080">
    <ele>767.8</ele>
   </trkpt>
   <trkpt lat="-26.2023710" lon="-51.1137790">
    <ele>768.0</ele>
   </trkpt>
   <trkpt lat="-26.2023940" lon="-51.1137450">
    <ele>768.1</ele>
   </trkpt>
   <trkpt lat="-26.2024160" lon="-51.1137200">
    <ele>768.2</ele>
   </trkpt>
   <trkpt lat="-26.2024340" lon="-51.1136920">
    <ele>768.3</ele>
   </trkpt>
   <trkpt lat="-26.2024540" lon="-51.1136610">
    <ele>768.4</ele>
   </trkpt>
   <trkpt lat="-26.2024690" lon="-51.1136240">
    <ele>768.5</ele>
   </trkpt>
   <trkpt lat="-26.2024850" lon="-51.1135860">
    <ele>768.7</ele>
   </trkpt>
   <trkpt lat="-26.2025030" lon="-51.1135530">
    <ele>768.8</ele>
   </trkpt>
   <trkpt lat="-26.2025220" lon="-51.1135170">
    <ele>768.9</ele>
   </trkpt>
   <trkpt lat="-26.2025370" lon="-51.1134830">
    <ele>769.0</ele>
   </trkpt>
   <trkpt lat="-26.2025520" lon="-51.1134460">
    <ele>769.1</ele>
   </trkpt>
   <trkpt lat="-26.2025630" lon="-51.1134110">
    <ele>769.2</ele>
   </trkpt>
   <trkpt lat="-26.2025850" lon="-51.1133780">
    <ele>769.3</ele>
   </trkpt>
   <trkpt lat="-26.2026120" lon="-51.1133510">
    <ele>769.4</ele>
   </trkpt>
   <trkpt lat="-26.2026440" lon="-51.1133280">
    <ele>769.5</ele>
   </trkpt>
   <trkpt lat="-26.2026730" lon="-51.1133090">
    <ele>769.6</ele>
   </trkpt>
   <trkpt lat="-26.2027000" lon="-51.1132900">
    <ele>770.0</ele>
   </trkpt>
   <trkpt lat="-26.2027250" lon="-51.1132690">
    <ele>770.0</ele>
   </trkpt>
   <trkpt lat="-26.2027520" lon="-51.1132520">
    <ele>770.1</ele>
   </trkpt>
   <trkpt lat="-26.2027810" lon="-51.1132370">
    <ele>770.1</ele>
   </trkpt>
   <trkpt lat="-26.2028120" lon="-51.1132260">
    <ele>770.2</ele>
   </trkpt>
   <trkpt lat="-26.2028420" lon="-51.1132190">
    <ele>770.2</ele>
   </trkpt>
   <trkpt lat="-26.2028780" lon="-51.1132130">
    <ele>770.2</ele>
   </trkpt>
   <trkpt lat="-26.2029140" lon="-51.1132060">
    <ele>770.2</ele>
   </trkpt>
   <trkpt lat="-26.2029470" lon="-51.1132050">
    <ele>770.3</ele>
   </trkpt>
   <trkpt lat="-26.2029840" lon="-51.1132040">
    <ele>770.3</ele>
   </trkpt>
   <trkpt lat="-26.2030250" lon="-51.1132020">
    <ele>770.3</ele>
   </trkpt>
   <trkpt lat="-26.2030660" lon="-51.1131990">
    <ele>770.3</ele>
   </trkpt>
   <trkpt lat="-26.2031060" lon="-51.1131950">
    <ele>770.3</ele>
   </trkpt>
   <trkpt lat="-26.2031470" lon="-51.1131920">
    <ele>770.3</ele>
   </trkpt>
   <trkpt lat="-26.2031920" lon="-51.1131930">
    <ele>770.3</ele>
   </trkpt>
   <trkpt lat="-26.2032240" lon="-51.1131910">
    <ele>770.4</ele>
   </trkpt>
   <trkpt lat="-26.2032680" lon="-51.1131880">
    <ele>770.4</ele>
   </trkpt>
   <trkpt lat="-26.2033070" lon="-51.1131870">
    <ele>770.4</ele>
   </trkpt>
   <trkpt lat="-26.2033450" lon="-51.1131900">
    <ele>770.5</ele>
   </trkpt>
   <trkpt lat="-26.2033820" lon="-51.1131930">
    <ele>770.5</ele>
   </trkpt>
   <trkpt lat="-26.2034220" lon="-51.1131860">
    <ele>770.5</ele>
   </trkpt>
   <trkpt lat="-26.2034660" lon="-51.1131800">
    <ele>770.5</ele>
   </trkpt>
   <trkpt lat="-26.2035070" lon="-51.1131760">
    <ele>770.5</ele>
   </trkpt>
   <trkpt lat="-26.2035540" lon="-51.1131650">
    <ele>770.5</ele>
   </trkpt>
   <trkpt lat="-26.2036000" lon="-51.1131680">
    <ele>770.4</ele>
   </trkpt>
   <trkpt lat="-26.2036450" lon="-51.1131660">
    <ele>770.4</ele>
   </trkpt>
   <trkpt lat="-26.2036920" lon="-51.1131620">
    <ele>770.3</ele>
   </trkpt>
   <trkpt lat="-26.2037340" lon="-51.1131620">
    <ele>770.3</ele>
   </trkpt>
   <trkpt lat="-26.2037790" lon="-51.1131580">
    <ele>770.2</ele>
   </trkpt>
   <trkpt lat="-26.2038290" lon="-51.1131600">
    <ele>770.1</ele>
   </trkpt>
   <trkpt lat="-26.2038770" lon="-51.1131540">
    <ele>770.1</ele>
   </trkpt>
   <trkpt lat="-26.2039270" lon="-51.1131510">
    <ele>770.0</ele>
   </trkpt>
   <trkpt lat="-26.2039780" lon="-51.1131470">
    <ele>770.0</ele>
   </trkpt>
   <trkpt lat="-26.2040260" lon="-51.1131450">
    <ele>769.9</ele>
   </trkpt>
   <trkpt lat="-26.2040780" lon="-51.1131450">
    <ele>769.8</ele>
   </trkpt>
   <trkpt lat="-26.2041300" lon="-51.1131420">
    <ele>769.7</ele>
   </trkpt>
   <trkpt lat="-26.2041820" lon="-51.1131390">
    <ele>769.5</ele>
   </trkpt>
   <trkpt lat="-26.2042370" lon="-51.1131360">
    <ele>769.3</ele>
   </trkpt>
   <trkpt lat="-26.2042960" lon="-51.1131320">
    <ele>769.1</ele>
   </trkpt>
   <trkpt lat="-26.2043490" lon="-51.1131260">
    <ele>769.0</ele>
   </trkpt>
   <trkpt lat="-26.2044050" lon="-51.1131230">
    <ele>768.8</ele>
   </trkpt>
   <trkpt lat="-26.2044630" lon="-51.1131180">
    <ele>768.7</ele>
   </trkpt>
   <trkpt lat="-26.2045180" lon="-51.1131160">
    <ele>768.5</ele>
   </trkpt>
   <trkpt lat="-26.2045750" lon="-51.1131130">
    <ele>768.4</ele>
   </trkpt>
   <trkpt lat="-26.2046340" lon="-51.1131090">
    <ele>768.2</ele>
   </trkpt>
   <trkpt lat="-26.2046920" lon="-51.1131060">
    <ele>768.1</ele>
   </trkpt>
   <trkpt lat="-26.2047520" lon="-51.1131010">
    <ele>767.9</ele>
   </trkpt>
   <trkpt lat="-26.2048070" lon="-51.1130950">
    <ele>767.8</ele>
   </trkpt>
   <trkpt lat="-26.2048700" lon="-51.1130920">
    <ele>767.6</ele>
   </trkpt>
   <trkpt lat="-26.2049310" lon="-51.1130900">
    <ele>767.4</ele>
   </trkpt>
   <trkpt lat="-26.2049920" lon="-51.1130850">
    <ele>767.2</ele>
   </trkpt>
   <trkpt lat="-26.2050520" lon="-51.1130820">
    <ele>767.1</ele>
   </trkpt>
   <trkpt lat="-26.2051130" lon="-51.1130780">
    <ele>766.9</ele>
   </trkpt>
   <trkpt lat="-26.2051730" lon="-51.1130750">
    <ele>766.8</ele>
   </trkpt>
   <trkpt lat="-26.2052300" lon="-51.1130690">
    <ele>766.6</ele>
   </trkpt>
   <trkpt lat="-26.2052860" lon="-51.1130640">
    <ele>766.4</ele>
   </trkpt>
   <trkpt lat="-26.2053470" lon="-51.1130640">
    <ele>766.3</ele>
   </trkpt>
   <trkpt lat="-26.2054020" lon="-51.1130620">
    <ele>766.1</ele>
   </trkpt>
   <trkpt lat="-26.2054580" lon="-51.1130590">
    <ele>766.0</ele>
   </trkpt>
   <trkpt lat="-26.2055150" lon="-51.1130560">
    <ele>765.8</ele>
   </trkpt>
   <trkpt lat="-26.2055740" lon="-51.1130520">
    <ele>765.6</ele>
   </trkpt>
   <trkpt lat="-26.2056340" lon="-51.1130480">
    <ele>765.5</ele>
   </trkpt>
   <trkpt lat="-26.2056930" lon="-51.1130460">
    <ele>765.3</ele>
   </trkpt>
   <trkpt lat="-26.2057510" lon="-51.1130410">
    <ele>765.1</ele>
   </trkpt>
   <trkpt lat="-26.2058080" lon="-51.1130380">
    <ele>765.0</ele>
   </trkpt>
   <trkpt lat="-26.2058650" lon="-51.1130400">
    <ele>764.8</ele>
   </trkpt>
   <trkpt lat="-26.2059270" lon="-51.1130400">
    <ele>764.6</ele>
   </trkpt>
   <trkpt lat="-26.2059880" lon="-51.1130390">
    <ele>764.5</ele>
   </trkpt>
   <trkpt lat="-26.2060480" lon="-51.1130420">
    <ele>764.3</ele>
   </trkpt>
   <trkpt lat="-26.2061070" lon="-51.1130440">
    <ele>764.1</ele>
   </trkpt>
   <trkpt lat="-26.2061680" lon="-51.1130510">
    <ele>764.0</ele>
   </trkpt>
   <trkpt lat="-26.2062230" lon="-51.1130600">
    <ele>763.9</ele>
   </trkpt>
   <trkpt lat="-26.2062810" lon="-51.1130740">
    <ele>763.7</ele>
   </trkpt>
   <trkpt lat="-26.2063380" lon="-51.1130880">
    <ele>763.6</ele>
   </trkpt>
   <trkpt lat="-26.2063930" lon="-51.1131010">
    <ele>763.5</ele>
   </trkpt>
   <trkpt lat="-26.2064480" lon="-51.1131110">
    <ele>763.4</ele>
   </trkpt>
   <trkpt lat="-26.2065060" lon="-51.1131270">
    <ele>763.2</ele>
   </trkpt>
   <trkpt lat="-26.2065600" lon="-51.1131490">
    <ele>763.0</ele>
   </trkpt>
   <trkpt lat="-26.2066120" lon="-51.1131680">
    <ele>762.9</ele>
   </trkpt>
   <trkpt lat="-26.2066620" lon="-51.1131870">
    <ele>762.7</ele>
   </trkpt>
   <trkpt lat="-26.2067130" lon="-51.1132130">
    <ele>762.6</ele>
   </trkpt>
   <trkpt lat="-26.2067680" lon="-51.1132350">
    <ele>762.4</ele>
   </trkpt>
   <trkpt lat="-26.2068170" lon="-51.1132630">
    <ele>762.2</ele>
   </trkpt>
   <trkpt lat="-26.2068660" lon="-51.1132840">
    <ele>762.1</ele>
   </trkpt>
   <trkpt lat="-26.2069190" lon="-51.1133140">
    <ele>761.9</ele>
   </trkpt>
   <trkpt lat="-26.2069610" lon="-51.1133500">
    <ele>761.8</ele>
   </trkpt>
   <trkpt lat="-26.2070050" lon="-51.1133860">
    <ele>761.7</ele>
   </trkpt>
   <trkpt lat="-26.2070510" lon="-51.1134170">
    <ele>761.5</ele>
   </trkpt>
   <trkpt lat="-26.2071010" lon="-51.1134510">
    <ele>761.4</ele>
   </trkpt>
   <trkpt lat="-26.2071460" lon="-51.1134830">
    <ele>761.2</ele>
   </trkpt>
   <trkpt lat="-26.2071900" lon="-51.1135200">
    <ele>761.0</ele>
   </trkpt>
   <trkpt lat="-26.2072330" lon="-51.1135590">
    <ele>760.8</ele>
   </trkpt>
   <trkpt lat="-26.2072790" lon="-51.1135910">
    <ele>760.6</ele>
   </trkpt>
   <trkpt lat="-26.2073220" lon="-51.1136350">
    <ele>760.5</ele>
   </trkpt>
   <trkpt lat="-26.2073610" lon="-51.1136750">
    <ele>760.4</ele>
   </trkpt>
   <trkpt lat="-26.2074200" lon="-51.1137290">
    <ele>760.2</ele>
   </trkpt>
   <trkpt lat="-26.2074530" lon="-51.1137660">
    <ele>760.1</ele>
   </trkpt>
   <trkpt lat="-26.2074830" lon="-51.1138090">
    <ele>760.1</ele>
   </trkpt>
   <trkpt lat="-26.2075170" lon="-51.1138570">
    <ele>760.0</ele>
   </trkpt>
   <trkpt lat="-26.2075550" lon="-51.1139040">
    <ele>759.9</ele>
   </trkpt>
   <trkpt lat="-26.2075900" lon="-51.1139510">
    <ele>759.9</ele>
   </trkpt>
   <trkpt lat="-26.2076220" lon="-51.1140050">
    <ele>759.8</ele>
   </trkpt>
   <trkpt lat="-26.2076460" lon="-51.1140500">
    <ele>759.7</ele>
   </trkpt>
   <trkpt lat="-26.2076780" lon="-51.1141040">
    <ele>759.6</ele>
   </trkpt>
   <trkpt lat="-26.2077150" lon="-51.1141560">
    <ele>759.4</ele>
   </trkpt>
   <trkpt lat="-26.2077480" lon="-51.1142100">
    <ele>759.3</ele>
   </trkpt>
   <trkpt lat="-26.2077680" lon="-51.1142590">
    <ele>759.2</ele>
   </trkpt>
   <trkpt lat="-26.2077900" lon="-51.1143150">
    <ele>759.1</ele>
   </trkpt>
   <trkpt lat="-26.2078060" lon="-51.1143680">
    <ele>758.9</ele>
   </trkpt>
   <trkpt lat="-26.2078300" lon="-51.1144300">
    <ele>758.8</ele>
   </trkpt>
   <trkpt lat="-26.2078560" lon="-51.1144890">
    <ele>758.6</ele>
   </trkpt>
   <trkpt lat="-26.2078770" lon="-51.1145500">
    <ele>758.5</ele>
   </trkpt>
   <trkpt lat="-26.2078900" lon="-51.1146030">
    <ele>758.4</ele>
   </trkpt>
   <trkpt lat="-26.2079250" lon="-51.1146570">
    <ele>758.3</ele>
   </trkpt>
   <trkpt lat="-26.2079570" lon="-51.1147000">
    <ele>758.2</ele>
   </trkpt>
   <trkpt lat="-26.2080010" lon="-51.1147490">
    <ele>758.1</ele>
   </trkpt>
   <trkpt lat="-26.2080450" lon="-51.1147770">
    <ele>758.0</ele>
   </trkpt>
   <trkpt lat="-26.2080940" lon="-51.1147890">
    <ele>757.9</ele>
   </trkpt>
   <trkpt lat="-26.2081530" lon="-51.1147990">
    <ele>757.9</ele>
   </trkpt>
   <trkpt lat="-26.2082070" lon="-51.1148030">
    <ele>757.8</ele>
   </trkpt>
   <trkpt lat="-26.2082580" lon="-51.1147930">
    <ele>757.8</ele>
   </trkpt>
   <trkpt lat="-26.2083060" lon="-51.1147700">
    <ele>757.8</ele>
   </trkpt>
   <trkpt lat="-26.2083530" lon="-51.1147520">
    <ele>757.8</ele>
   </trkpt>
   <trkpt lat="-26.2083950" lon="-51.1147200">
    <ele>757.7</ele>
   </trkpt>
   <trkpt lat="-26.2084410" lon="-51.1147040">
    <ele>757.7</ele>
   </trkpt>
   <trkpt lat="-26.2084880" lon="-51.1146830">
    <ele>757.7</ele>
   </trkpt>
   <trkpt lat="-26.2085230" lon="-51.1146750">
    <ele>757.7</ele>
   </trkpt>
   <trkpt lat="-26.2085610" lon="-51.1146720">
    <ele>757.6</ele>
   </trkpt>
   <trkpt lat="-26.2086070" lon="-51.1146760">
    <ele>757.6</ele>
   </trkpt>
   <trkpt lat="-26.2086470" lon="-51.1146860">
    <ele>757.4</ele>
   </trkpt>
   <trkpt lat="-26.2086850" lon="-51.1147180">
    <ele>757.3</ele>
   </trkpt>
   <trkpt lat="-26.2087080" lon="-51.1147680">
    <ele>757.2</ele>
   </trkpt>
   <trkpt lat="-26.2087310" lon="-51.1148120">
    <ele>757.1</ele>
   </trkpt>
   <trkpt lat="-26.2087470" lon="-51.1148590">
    <ele>757.1</ele>
   </trkpt>
   <trkpt lat="-26.2087710" lon="-51.1149080">
    <ele>757.0</ele>
   </trkpt>
   <trkpt lat="-26.2087890" lon="-51.1149600">
    <ele>756.9</ele>
   </trkpt>
   <trkpt lat="-26.2088100" lon="-51.1150120">
    <ele>756.8</ele>
   </trkpt>
   <trkpt lat="-26.2088290" lon="-51.1150630">
    <ele>756.8</ele>
   </trkpt>
   <trkpt lat="-26.2088530" lon="-51.1151090">
    <ele>756.7</ele>
   </trkpt>
   <trkpt lat="-26.2088850" lon="-51.1151620">
    <ele>756.6</ele>
   </trkpt>
   <trkpt lat="-26.2089120" lon="-51.1152120">
    <ele>756.6</ele>
   </trkpt>
   <trkpt lat="-26.2089290" lon="-51.1152590">
    <ele>756.6</ele>
   </trkpt>
   <trkpt lat="-26.2089560" lon="-51.1153120">
    <ele>756.5</ele>
   </trkpt>
   <trkpt lat="-26.2089810" lon="-51.1153580">
    <ele>756.5</ele>
   </trkpt>
   <trkpt lat="-26.2090080" lon="-51.1154060">
    <ele>756.5</ele>
   </trkpt>
   <trkpt lat="-26.2090360" lon="-51.1154510">
    <ele>756.4</ele>
   </trkpt>
   <trkpt lat="-26.2090640" lon="-51.1154980">
    <ele>756.4</ele>
   </trkpt>
   <trkpt lat="-26.2090870" lon="-51.1155470">
    <ele>756.4</ele>
   </trkpt>
   <trkpt lat="-26.2091030" lon="-51.1155940">
    <ele>756.3</ele>
   </trkpt>
   <trkpt lat="-26.2091260" lon="-51.1156410">
    <ele>756.3</ele>
   </trkpt>
   <trkpt lat="-26.2091500" lon="-51.1156890">
    <ele>756.2</ele>
   </trkpt>
   <trkpt lat="-26.2091730" lon="-51.1157360">
    <ele>756.2</ele>
   </trkpt>
   <trkpt lat="-26.2091970" lon="-51.1157760">
    <ele>756.1</ele>
   </trkpt>
   <trkpt lat="-26.2092270" lon="-51.1158110">
    <ele>756.1</ele>
   </trkpt>
   <trkpt lat="-26.2092560" lon="-51.1158430">
    <ele>756.0</ele>
   </trkpt>
   <trkpt lat="-26.2092900" lon="-51.1158680">
    <ele>756.0</ele>
   </trkpt>
   <trkpt lat="-26.2093310" lon="-51.1158980">
    <ele>756.0</ele>
   </trkpt>
   <trkpt lat="-26.2093770" lon="-51.1159180">
    <ele>756.0</ele>
   </trkpt>
   <trkpt lat="-26.2094090" lon="-51.1159320">
    <ele>756.0</ele>
   </trkpt>
   <trkpt lat="-26.2094560" lon="-51.1159460">
    <ele>755.9</ele>
   </trkpt>
   <trkpt lat="-26.2095130" lon="-51.1159380">
    <ele>755.9</ele>
   </trkpt>
   <trkpt lat="-26.2095600" lon="-51.1159360">
    <ele>755.8</ele>
   </trkpt>
   <trkpt lat="-26.2096070" lon="-51.1159330">
    <ele>755.7</ele>
   </trkpt>
   <trkpt lat="-26.2096610" lon="-51.1159260">
    <ele>755.6</ele>
   </trkpt>
   <trkpt lat="-26.2097150" lon="-51.1159160">
    <ele>755.5</ele>
   </trkpt>
   <trkpt lat="-26.2097650" lon="-51.1159020">
    <ele>755.5</ele>
   </trkpt>
   <trkpt lat="-26.2098180" lon="-51.1158860">
    <ele>755.5</ele>
   </trkpt>
   <trkpt lat="-26.2098700" lon="-51.1158660">
    <ele>755.5</ele>
   </trkpt>
   <trkpt lat="-26.2099210" lon="-51.1158470">
    <ele>755.5</ele>
   </trkpt>
   <trkpt lat="-26.2099720" lon="-51.1158310">
    <ele>755.5</ele>
   </trkpt>
   <trkpt lat="-26.2100210" lon="-51.1158120">
    <ele>755.6</ele>
   </trkpt>
   <trkpt lat="-26.2100640" lon="-51.1157930">
    <ele>755.7</ele>
   </trkpt>
   <trkpt lat="-26.2101040" lon="-51.1157740">
    <ele>755.8</ele>
   </trkpt>
   <trkpt lat="-26.2101400" lon="-51.1157410">
    <ele>755.9</ele>
   </trkpt>
   <trkpt lat="-26.2101740" lon="-51.1157080">
    <ele>756.0</ele>
   </trkpt>
   <trkpt lat="-26.2102050" lon="-51.1156800">
    <ele>756.1</ele>
   </trkpt>
   <trkpt lat="-26.2102450" lon="-51.1156510">
    <ele>756.2</ele>
   </trkpt>
   <trkpt lat="-26.2102750" lon="-51.1156200">
    <ele>756.2</ele>
   </trkpt>
   <trkpt lat="-26.2103060" lon="-51.1155900">
    <ele>756.3</ele>
   </trkpt>
   <trkpt lat="-26.2103380" lon="-51.1155620">
    <ele>756.4</ele>
   </trkpt>
   <trkpt lat="-26.2103690" lon="-51.1155390">
    <ele>756.4</ele>
   </trkpt>
   <trkpt lat="-26.2104020" lon="-51.1155090">
    <ele>756.5</ele>
   </trkpt>
   <trkpt lat="-26.2104340" lon="-51.1154780">
    <ele>756.5</ele>
   </trkpt>
   <trkpt lat="-26.2104630" lon="-51.1154430">
    <ele>756.5</ele>
   </trkpt>
   <trkpt lat="-26.2104910" lon="-51.1154040">
    <ele>756.6</ele>
   </trkpt>
   <trkpt lat="-26.2105210" lon="-51.1153620">
    <ele>756.6</ele>
   </trkpt>
   <trkpt lat="-26.2105550" lon="-51.1153230">
    <ele>756.5</ele>
   </trkpt>
   <trkpt lat="-26.2105880" lon="-51.1152820">
    <ele>756.5</ele>
   </trkpt>
   <trkpt lat="-26.2106190" lon="-51.1152370">
    <ele>756.4</ele>
   </trkpt>
   <trkpt lat="-26.2106520" lon="-51.1151970">
    <ele>756.3</ele>
   </trkpt>
   <trkpt lat="-26.2106860" lon="-51.1151510">
    <ele>756.1</ele>
   </trkpt>
   <trkpt lat="-26.2107220" lon="-51.1150980">
    <ele>755.9</ele>
   </trkpt>
   <trkpt lat="-26.2107600" lon="-51.1150470">
    <ele>755.8</ele>
   </trkpt>
   <trkpt lat="-26.2107970" lon="-51.1149950">
    <ele>755.6</ele>
   </trkpt>
   <trkpt lat="-26.2108380" lon="-51.1149410">
    <ele>755.3</ele>
   </trkpt>
   <trkpt lat="-26.2108760" lon="-51.1148860">
    <ele>755.2</ele>
   </trkpt>
   <trkpt lat="-26.2109160" lon="-51.1148340">
    <ele>755.0</ele>
   </trkpt>
   <trkpt lat="-26.2109610" lon="-51.1147740">
    <ele>754.8</ele>
   </trkpt>
   <trkpt lat="-26.2110020" lon="-51.1147180">
    <ele>754.7</ele>
   </trkpt>
   <trkpt lat="-26.2110440" lon="-51.1146630">
    <ele>754.5</ele>
   </trkpt>
   <trkpt lat="-26.2110910" lon="-51.1146060">
    <ele>754.4</ele>
   </trkpt>
   <trkpt lat="-26.2111320" lon="-51.1145440">
    <ele>754.3</ele>
   </trkpt>
   <trkpt lat="-26.2111720" lon="-51.1144880">
    <ele>754.2</ele>
   </trkpt>
   <trkpt lat="-26.2112130" lon="-51.1144270">
    <ele>754.1</ele>
   </trkpt>
   <trkpt lat="-26.2112570" lon="-51.1143670">
    <ele>754.0</ele>
   </trkpt>
   <trkpt lat="-26.2113000" lon="-51.1143130">
    <ele>753.9</ele>
   </trkpt>
   <trkpt lat="-26.2113460" lon="-51.1142570">
    <ele>753.8</ele>
   </trkpt>
   <trkpt lat="-26.2113870" lon="-51.1141980">
    <ele>753.7</ele>
   </trkpt>
   <trkpt lat="-26.2114300" lon="-51.1141470">
    <ele>753.6</ele>
   </trkpt>
   <trkpt lat="-26.2114690" lon="-51.1140890">
    <ele>753.6</ele>
   </trkpt>
   <trkpt lat="-26.2115130" lon="-51.1140350">
    <ele>753.6</ele>
   </trkpt>
   <trkpt lat="-26.2115550" lon="-51.1139830">
    <ele>753.6</ele>
   </trkpt>
   <trkpt lat="-26.2115980" lon="-51.1139290">
    <ele>753.5</ele>
   </trkpt>
   <trkpt lat="-26.2116440" lon="-51.1138820">
    <ele>753.5</ele>
   </trkpt>
   <trkpt lat="-26.2116910" lon="-51.1138350">
    <ele>753.4</ele>
   </trkpt>
   <trkpt lat="-26.2117400" lon="-51.1137910">
    <ele>753.4</ele>
   </trkpt>
   <trkpt lat="-26.2117910" lon="-51.1137500">
    <ele>753.3</ele>
   </trkpt>
   <trkpt lat="-26.2118420" lon="-51.1137150">
    <ele>753.2</ele>
   </trkpt>
   <trkpt lat="-26.2118970" lon="-51.1136830">
    <ele>753.2</ele>
   </trkpt>
   <trkpt lat="-26.2119520" lon="-51.1136480">
    <ele>753.1</ele>
   </trkpt>
   <trkpt lat="-26.2120040" lon="-51.1136160">
    <ele>753.0</ele>
   </trkpt>
   <trkpt lat="-26.2120570" lon="-51.1135840">
    <ele>752.9</ele>
   </trkpt>
   <trkpt lat="-26.2121100" lon="-51.1135530">
    <ele>752.9</ele>
   </trkpt>
   <trkpt lat="-26.2121650" lon="-51.1135220">
    <ele>752.8</ele>
   </trkpt>
   <trkpt lat="-26.2122170" lon="-51.1134930">
    <ele>752.8</ele>
   </trkpt>
   <trkpt lat="-26.2122680" lon="-51.1134610">
    <ele>752.8</ele>
   </trkpt>
   <trkpt lat="-26.2123240" lon="-51.1134290">
    <ele>752.7</ele>
   </trkpt>
   <trkpt lat="-26.2123770" lon="-51.1133960">
    <ele>752.7</ele>
   </trkpt>
   <trkpt lat="-26.2124280" lon="-51.1133680">
    <ele>752.7</ele>
   </trkpt>
   <trkpt lat="-26.2124810" lon="-51.1133390">
    <ele>752.6</ele>
   </trkpt>
   <trkpt lat="-26.2125330" lon="-51.1133110">
    <ele>752.6</ele>
   </trkpt>
   <trkpt lat="-26.2125850" lon="-51.1132810">
    <ele>752.5</ele>
   </trkpt>
   <trkpt lat="-26.2126370" lon="-51.1132500">
    <ele>752.5</ele>
   </trkpt>
   <trkpt lat="-26.2126840" lon="-51.1132240">
    <ele>752.5</ele>
   </trkpt>
   <trkpt lat="-26.2127360" lon="-51.1131910">
    <ele>752.5</ele>
   </trkpt>
   <trkpt lat="-26.2127880" lon="-51.1131630">
    <ele>752.4</ele>
   </trkpt>
   <trkpt lat="-26.2128410" lon="-51.1131320">
    <ele>752.4</ele>
   </trkpt>
   <trkpt lat="-26.2128950" lon="-51.1131030">
    <ele>752.3</ele>
   </trkpt>
   <trkpt lat="-26.2129450" lon="-51.1130750">
    <ele>752.3</ele>
   </trkpt>
   <trkpt lat="-26.2129970" lon="-51.1130460">
    <ele>752.3</ele>
   </trkpt>
   <trkpt lat="-26.2130490" lon="-51.1130130">
    <ele>752.2</ele>
   </trkpt>
   <trkpt lat="-26.2131030" lon="-51.1129840">
    <ele>752.2</ele>
   </trkpt>
   <trkpt lat="-26.2131600" lon="-51.1129500">
    <ele>752.1</ele>
   </trkpt>
   <trkpt lat="-26.2132070" lon="-51.1129320">
    <ele>752.1</ele>
   </trkpt>
   <trkpt lat="-26.2132640" lon="-51.1129000">
    <ele>752.1</ele>
   </trkpt>
   <trkpt lat="-26.2133180" lon="-51.1128700">
    <ele>752.0</ele>
   </trkpt>
   <trkpt lat="-26.2133720" lon="-51.1128390">
    <ele>752.0</ele>
   </trkpt>
   <trkpt lat="-26.2134210" lon="-51.1128150">
    <ele>752.0</ele>
   </trkpt>
   <trkpt lat="-26.2134740" lon="-51.1127810">
    <ele>752.0</ele>
   </trkpt>
   <trkpt lat="-26.2135250" lon="-51.1127560">
    <ele>752.0</ele>
   </trkpt>
   <trkpt lat="-26.2135810" lon="-51.1127290">
    <ele>752.0</ele>
   </trkpt>
   <trkpt lat="-26.2136370" lon="-51.1127000">
    <ele>752.1</ele>
   </trkpt>
   <trkpt lat="-26.2136890" lon="-51.1126670">
    <ele>752.1</ele>
   </trkpt>
   <trkpt lat="-26.2137420" lon="-51.1126360">
    <ele>752.2</ele>
   </trkpt>
   <trkpt lat="-26.2137960" lon="-51.1126080">
    <ele>752.3</ele>
   </trkpt>
   <trkpt lat="-26.2138460" lon="-51.1125800">
    <ele>752.4</ele>
   </trkpt>
   <trkpt lat="-26.2138990" lon="-51.1125520">
    <ele>752.6</ele>
   </trkpt>
   <trkpt lat="-26.2139460" lon="-51.1125250">
    <ele>752.7</ele>
   </trkpt>
   <trkpt lat="-26.2139950" lon="-51.1124980">
    <ele>752.8</ele>
   </trkpt>
   <trkpt lat="-26.2140410" lon="-51.1124720">
    <ele>752.9</ele>
   </trkpt>
   <trkpt lat="-26.2140900" lon="-51.1124410">
    <ele>753.0</ele>
   </trkpt>
   <trkpt lat="-26.2141400" lon="-51.1124130">
    <ele>753.2</ele>
   </trkpt>
   <trkpt lat="-26.2141880" lon="-51.1123870">
    <ele>753.3</ele>
   </trkpt>
   <trkpt lat="-26.2142370" lon="-51.1123680">
    <ele>753.5</ele>
   </trkpt>
   <trkpt lat="-26.2142820" lon="-51.1123440">
    <ele>753.7</ele>
   </trkpt>
   <trkpt lat="-26.2143300" lon="-51.1123160">
    <ele>753.9</ele>
   </trkpt>
   <trkpt lat="-26.2143780" lon="-51.1122900">
    <ele>754.1</ele>
   </trkpt>
   <trkpt lat="-26.2144240" lon="-51.1122670">
    <ele>754.2</ele>
   </trkpt>
   <trkpt lat="-26.2144680" lon="-51.1122480">
    <ele>754.4</ele>
   </trkpt>
   <trkpt lat="-26.2145110" lon="-51.1122220">
    <ele>754.6</ele>
   </trkpt>
   <trkpt lat="-26.2145540" lon="-51.1121990">
    <ele>754.8</ele>
   </trkpt>
   <trkpt lat="-26.2146010" lon="-51.1121780">
    <ele>755.0</ele>
   </trkpt>
   <trkpt lat="-26.2146460" lon="-51.1121570">
    <ele>755.1</ele>
   </trkpt>
   <trkpt lat="-26.2146850" lon="-51.1121340">
    <ele>755.2</ele>
   </trkpt>
   <trkpt lat="-26.2147250" lon="-51.1121150">
    <ele>755.3</ele>
   </trkpt>
   <trkpt lat="-26.2147650" lon="-51.1120950">
    <ele>755.4</ele>
   </trkpt>
   <trkpt lat="-26.2148050" lon="-51.1120710">
    <ele>755.5</ele>
   </trkpt>
   <trkpt lat="-26.2148420" lon="-51.1120510">
    <ele>755.6</ele>
   </trkpt>
   <trkpt lat="-26.2148820" lon="-51.1120320">
    <ele>755.7</ele>
   </trkpt>
   <trkpt lat="-26.2149220" lon="-51.1120140">
    <ele>755.7</ele>
   </trkpt>
   <trkpt lat="-26.2149610" lon="-51.1119960">
    <ele>755.8</ele>
   </trkpt>
   <trkpt lat="-26.2149980" lon="-51.1119710">
    <ele>755.8</ele>
   </trkpt>
   <trkpt lat="-26.2150350" lon="-51.1119490">
    <ele>755.8</ele>
   </trkpt>
   <trkpt lat="-26.2150770" lon="-51.1119310">
    <ele>755.8</ele>
   </trkpt>
   <trkpt lat="-26.2151200" lon="-51.1119140">
    <ele>755.8</ele>
   </trkpt>
   <trkpt lat="-26.2151630" lon="-51.1118930">
    <ele>755.7</ele>
   </trkpt>
   <trkpt lat="-26.2152060" lon="-51.1118720">
    <ele>755.7</ele>
   </trkpt>
   <trkpt lat="-26.2152500" lon="-51.1118500">
    <ele>755.6</ele>
   </trkpt>
   <trkpt lat="-26.2152960" lon="-51.1118270">
    <ele>755.5</ele>
   </trkpt>
   <trkpt lat="-26.2153410" lon="-51.1118030">
    <ele>755.4</ele>
   </trkpt>
   <trkpt lat="-26.2153890" lon="-51.1117780">
    <ele>755.4</ele>
   </trkpt>
   <trkpt lat="-26.2154400" lon="-51.1117530">
    <ele>755.3</ele>
   </trkpt>
   <trkpt lat="-26.2154890" lon="-51.1117260">
    <ele>755.2</ele>
   </trkpt>
   <trkpt lat="-26.2155380" lon="-51.1117000">
    <ele>755.1</ele>
   </trkpt>
   <trkpt lat="-26.2155880" lon="-51.1116730">
    <ele>755.0</ele>
   </trkpt>
   <trkpt lat="-26.2156860" lon="-51.1116280">
    <ele>754.9</ele>
   </trkpt>
   <trkpt lat="-26.2157330" lon="-51.1116030">
    <ele>754.8</ele>
   </trkpt>
   <trkpt lat="-26.2157850" lon="-51.1115770">
    <ele>754.7</ele>
   </trkpt>
   <trkpt lat="-26.2158360" lon="-51.1115530">
    <ele>754.7</ele>
   </trkpt>
   <trkpt lat="-26.2158890" lon="-51.1115300">
    <ele>754.6</ele>
   </trkpt>
   <trkpt lat="-26.2159410" lon="-51.1115050">
    <ele>754.6</ele>
   </trkpt>
   <trkpt lat="-26.2159900" lon="-51.1114800">
    <ele>754.5</ele>
   </trkpt>
   <trkpt lat="-26.2160420" lon="-51.1114530">
    <ele>754.4</ele>
   </trkpt>
   <trkpt lat="-26.2160910" lon="-51.1114270">
    <ele>754.4</ele>
   </trkpt>
   <trkpt lat="-26.2161450" lon="-51.1113990">
    <ele>754.3</ele>
   </trkpt>
   <trkpt lat="-26.2161960" lon="-51.1113770">
    <ele>754.2</ele>
   </trkpt>
   <trkpt lat="-26.2162480" lon="-51.1113490">
    <ele>754.1</ele>
   </trkpt>
   <trkpt lat="-26.2162970" lon="-51.1113230">
    <ele>754.0</ele>
   </trkpt>
   <trkpt lat="-26.2163500" lon="-51.1112970">
    <ele>753.9</ele>
   </trkpt>
   <trkpt lat="-26.2164020" lon="-51.1112690">
    <ele>753.9</ele>
   </trkpt>
   <trkpt lat="-26.2164540" lon="-51.1112410">
    <ele>753.8</ele>
   </trkpt>
   <trkpt lat="-26.2165040" lon="-51.1112130">
    <ele>753.8</ele>
   </trkpt>
   <trkpt lat="-26.2165520" lon="-51.1111900">
    <ele>753.8</ele>
   </trkpt>
   <trkpt lat="-26.2166020" lon="-51.1111640">
    <ele>753.8</ele>
   </trkpt>
   <trkpt lat="-26.2166490" lon="-51.1111380">
    <ele>753.7</ele>
   </trkpt>
   <trkpt lat="-26.2166950" lon="-51.1111040">
    <ele>753.7</ele>
   </trkpt>
   <trkpt lat="-26.2167410" lon="-51.1110830">
    <ele>753.7</ele>
   </trkpt>
   <trkpt lat="-26.2167920" lon="-51.1110610">
    <ele>753.7</ele>
   </trkpt>
   <trkpt lat="-26.2168390" lon="-51.1110440">
    <ele>753.7</ele>
   </trkpt>
   <trkpt lat="-26.2168880" lon="-51.1110330">
    <ele>753.7</ele>
   </trkpt>
   <trkpt lat="-26.2169410" lon="-51.1110230">
    <ele>753.7</ele>
   </trkpt>
   <trkpt lat="-26.2169920" lon="-51.1110110">
    <ele>753.6</ele>
   </trkpt>
   <trkpt lat="-26.2170450" lon="-51.1109990">
    <ele>753.6</ele>
   </trkpt>
   <trkpt lat="-26.2170990" lon="-51.1109930">
    <ele>753.6</ele>
   </trkpt>
   <trkpt lat="-26.2171520" lon="-51.1109890">
    <ele>753.5</ele>
   </trkpt>
   <trkpt lat="-26.2172030" lon="-51.1109920">
    <ele>753.5</ele>
   </trkpt>
   <trkpt lat="-26.2172600" lon="-51.1109860">
    <ele>753.4</ele>
   </trkpt>
   <trkpt lat="-26.2173160" lon="-51.1109820">
    <ele>753.3</ele>
   </trkpt>
   <trkpt lat="-26.2173680" lon="-51.1109790">
    <ele>753.3</ele>
   </trkpt>
   <trkpt lat="-26.2174230" lon="-51.1109790">
    <ele>753.2</ele>
   </trkpt>
   <trkpt lat="-26.2174810" lon="-51.1109780">
    <ele>753.1</ele>
   </trkpt>
   <trkpt lat="-26.2175370" lon="-51.1109770">
    <ele>753.0</ele>
   </trkpt>
   <trkpt lat="-26.2175950" lon="-51.1109750">
    <ele>753.0</ele>
   </trkpt>
   <trkpt lat="-26.2176540" lon="-51.1109670">
    <ele>752.9</ele>
   </trkpt>
   <trkpt lat="-26.2177130" lon="-51.1109670">
    <ele>752.8</ele>
   </trkpt>
   <trkpt lat="-26.2177710" lon="-51.1109710">
    <ele>752.8</ele>
   </trkpt>
   <trkpt lat="-26.2178320" lon="-51.1109690">
    <ele>752.7</ele>
   </trkpt>
   <trkpt lat="-26.2178890" lon="-51.1109660">
    <ele>752.7</ele>
   </trkpt>
   <trkpt lat="-26.2179470" lon="-51.1109640">
    <ele>752.7</ele>
   </trkpt>
   <trkpt lat="-26.2180080" lon="-51.1109630">
    <ele>752.6</ele>
   </trkpt>
   <trkpt lat="-26.2180610" lon="-51.1109660">
    <ele>752.6</ele>
   </trkpt>
   <trkpt lat="-26.2181180" lon="-51.1109650">
    <ele>752.6</ele>
   </trkpt>
   <trkpt lat="-26.2181730" lon="-51.1109630">
    <ele>752.6</ele>
   </trkpt>
   <trkpt lat="-26.2182340" lon="-51.1109590">
    <ele>752.6</ele>
   </trkpt>
   <trkpt lat="-26.2182890" lon="-51.1109590">
    <ele>752.6</ele>
   </trkpt>
   <trkpt lat="-26.2183470" lon="-51.1109560">
    <ele>752.6</ele>
   </trkpt>
   <trkpt lat="-26.2183980" lon="-51.1109500">
    <ele>752.6</ele>
   </trkpt>
   <trkpt lat="-26.2184520" lon="-51.1109410">
    <ele>752.6</ele>
   </trkpt>
   <trkpt lat="-26.2185040" lon="-51.1109290">
    <ele>752.7</ele>
   </trkpt>
   <trkpt lat="-26.2185580" lon="-51.1109130">
    <ele>752.7</ele>
   </trkpt>
   <trkpt lat="-26.2186100" lon="-51.1108930">
    <ele>752.7</ele>
   </trkpt>
   <trkpt lat="-26.2186610" lon="-51.1108710">
    <ele>752.7</ele>
   </trkpt>
   <trkpt lat="-26.2187140" lon="-51.1108450">
    <ele>752.8</ele>
   </trkpt>
   <trkpt lat="-26.2187620" lon="-51.1108160">
    <ele>752.8</ele>
   </trkpt>
   <trkpt lat="-26.2188090" lon="-51.1107840">
    <ele>752.8</ele>
   </trkpt>
   <trkpt lat="-26.2188970" lon="-51.1107130">
    <ele>753.0</ele>
   </trkpt>
   <trkpt lat="-26.2189370" lon="-51.1106750">
    <ele>753.2</ele>
   </trkpt>
   <trkpt lat="-26.2189770" lon="-51.1106340">
    <ele>753.3</ele>
   </trkpt>
   <trkpt lat="-26.2190120" lon="-51.1105970">
    <ele>753.5</ele>
   </trkpt>
   <trkpt lat="-26.2190470" lon="-51.1105570">
    <ele>753.7</ele>
   </trkpt>
   <trkpt lat="-26.2190770" lon="-51.1105160">
    <ele>753.9</ele>
   </trkpt>
   <trkpt lat="-26.2191090" lon="-51.1104830">
    <ele>754.1</ele>
   </trkpt>
   <trkpt lat="-26.2191370" lon="-51.1104460">
    <ele>754.3</ele>
   </trkpt>
   <trkpt lat="-26.2191670" lon="-51.1104100">
    <ele>754.5</ele>
   </trkpt>
   <trkpt lat="-26.2191950" lon="-51.1103690">
    <ele>754.8</ele>
   </trkpt>
   <trkpt lat="-26.2192550" lon="-51.1103100">
    <ele>755.2</ele>
   </trkpt>
   <trkpt lat="-26.2192820" lon="-51.1102800">
    <ele>755.4</ele>
   </trkpt>
   <trkpt lat="-26.2193150" lon="-51.1102500">
    <ele>755.6</ele>
   </trkpt>
   <trkpt lat="-26.2193410" lon="-51.1102160">
    <ele>755.8</ele>
   </trkpt>
   <trkpt lat="-26.2193720" lon="-51.1101920">
    <ele>756.0</ele>
   </trkpt>
   <trkpt lat="-26.2193880" lon="-51.1101800">
    <ele>756.1</ele>
   </trkpt>
   <trkpt lat="-26.2194170" lon="-51.1101610">
    <ele>756.3</ele>
   </trkpt>
   <trkpt lat="-26.2194460" lon="-51.1101500">
    <ele>756.4</ele>
   </trkpt>
   <trkpt lat="-26.2194750" lon="-51.1101350">
    <ele>756.6</ele>
   </trkpt>
   <trkpt lat="-26.2195020" lon="-51.1101260">
    <ele>756.7</ele>
   </trkpt>
   <trkpt lat="-26.2195390" lon="-51.1101290">
    <ele>756.8</ele>
   </trkpt>
   <trkpt lat="-26.2195570" lon="-51.1101220">
    <ele>756.9</ele>
   </trkpt>
   <trkpt lat="-26.2195970" lon="-51.1101060">
    <ele>757.0</ele>
   </trkpt>
   <trkpt lat="-26.2196260" lon="-51.1100940">
    <ele>757.1</ele>
   </trkpt>
   <trkpt lat="-26.2196630" lon="-51.1100800">
    <ele>757.2</ele>
   </trkpt>
   <trkpt lat="-26.2196950" lon="-51.1100680">
    <ele>757.2</ele>
   </trkpt>
   <trkpt lat="-26.2197320" lon="-51.1100530">
    <ele>757.2</ele>
   </trkpt>
   <trkpt lat="-26.2197670" lon="-51.1100490">
    <ele>757.2</ele>
   </trkpt>
   <trkpt lat="-26.2198070" lon="-51.1100370">
    <ele>757.2</ele>
   </trkpt>
   <trkpt lat="-26.2198450" lon="-51.1100280">
    <ele>757.2</ele>
   </trkpt>
   <trkpt lat="-26.2198850" lon="-51.1100150">
    <ele>757.2</ele>
   </trkpt>
   <trkpt lat="-26.2199270" lon="-51.1100040">
    <ele>757.1</ele>
   </trkpt>
   <trkpt lat="-26.2199680" lon="-51.1099880">
    <ele>757.1</ele>
   </trkpt>
   <trkpt lat="-26.2200090" lon="-51.1099790">
    <ele>757.1</ele>
   </trkpt>
   <trkpt lat="-26.2200490" lon="-51.1099710">
    <ele>757.0</ele>
   </trkpt>
   <trkpt lat="-26.2200940" lon="-51.1099590">
    <ele>757.0</ele>
   </trkpt>
   <trkpt lat="-26.2201430" lon="-51.1099500">
    <ele>757.0</ele>
   </trkpt>
   <trkpt lat="-26.2201880" lon="-51.1099400">
    <ele>756.9</ele>
   </trkpt>
   <trkpt lat="-26.2202380" lon="-51.1099180">
    <ele>756.9</ele>
   </trkpt>
   <trkpt lat="-26.2202850" lon="-51.1099050">
    <ele>756.9</ele>
   </trkpt>
   <trkpt lat="-26.2203290" lon="-51.1098860">
    <ele>756.8</ele>
   </trkpt>
   <trkpt lat="-26.2203750" lon="-51.1098740">
    <ele>756.8</ele>
   </trkpt>
   <trkpt lat="-26.2204150" lon="-51.1098600">
    <ele>756.8</ele>
   </trkpt>
   <trkpt lat="-26.2204580" lon="-51.1098420">
    <ele>756.9</ele>
   </trkpt>
   <trkpt lat="-26.2205020" lon="-51.1098220">
    <ele>756.9</ele>
   </trkpt>
   <trkpt lat="-26.2205440" lon="-51.1097950">
    <ele>757.0</ele>
   </trkpt>
   <trkpt lat="-26.2205860" lon="-51.1097710">
    <ele>757.0</ele>
   </trkpt>
   <trkpt lat="-26.2206270" lon="-51.1097500">
    <ele>757.1</ele>
   </trkpt>
   <trkpt lat="-26.2206650" lon="-51.1097190">
    <ele>757.1</ele>
   </trkpt>
   <trkpt lat="-26.2207070" lon="-51.1096910">
    <ele>757.2</ele>
   </trkpt>
   <trkpt lat="-26.2207480" lon="-51.1096640">
    <ele>757.2</ele>
   </trkpt>
   <trkpt lat="-26.2207750" lon="-51.1096300">
    <ele>757.3</ele>
   </trkpt>
   <trkpt lat="-26.2208000" lon="-51.1095890">
    <ele>757.3</ele>
   </trkpt>
   <trkpt lat="-26.2208280" lon="-51.1095430">
    <ele>757.4</ele>
   </trkpt>
   <trkpt lat="-26.2208460" lon="-51.1095010">
    <ele>757.4</ele>
   </trkpt>
   <trkpt lat="-26.2208700" lon="-51.1094490">
    <ele>757.5</ele>
   </trkpt>
   <trkpt lat="-26.2208830" lon="-51.1094010">
    <ele>757.6</ele>
   </trkpt>
   <trkpt lat="-26.2208940" lon="-51.1093510">
    <ele>757.7</ele>
   </trkpt>
   <trkpt lat="-26.2208960" lon="-51.1093040">
    <ele>757.8</ele>
   </trkpt>
   <trkpt lat="-26.2209000" lon="-51.1092570">
    <ele>758.0</ele>
   </trkpt>
   <trkpt lat="-26.2208990" lon="-51.1092080">
    <ele>758.2</ele>
   </trkpt>
   <trkpt lat="-26.2209020" lon="-51.1091610">
    <ele>758.3</ele>
   </trkpt>
   <trkpt lat="-26.2208980" lon="-51.1091050">
    <ele>758.6</ele>
   </trkpt>
   <trkpt lat="-26.2208970" lon="-51.1090470">
    <ele>758.8</ele>
   </trkpt>
   <trkpt lat="-26.2208860" lon="-51.1089840">
    <ele>759.2</ele>
   </trkpt>
   <trkpt lat="-26.2208740" lon="-51.1089260">
    <ele>759.5</ele>
   </trkpt>
   <trkpt lat="-26.2208690" lon="-51.1088700">
    <ele>759.9</ele>
   </trkpt>
   <trkpt lat="-26.2208560" lon="-51.1088090">
    <ele>760.3</ele>
   </trkpt>
   <trkpt lat="-26.2208490" lon="-51.1087610">
    <ele>760.6</ele>
   </trkpt>
   <trkpt lat="-26.2208430" lon="-51.1087130">
    <ele>760.9</ele>
   </trkpt>
   <trkpt lat="-26.2208350" lon="-51.1086700">
    <ele>761.1</ele>
   </trkpt>
   <trkpt lat="-26.2208240" lon="-51.1086230">
    <ele>761.4</ele>
   </trkpt>
   <trkpt lat="-26.2207930" lon="-51.1085800">
    <ele>761.7</ele>
   </trkpt>
   <trkpt lat="-26.2207830" lon="-51.1085370">
    <ele>761.9</ele>
   </trkpt>
   <trkpt lat="-26.2207990" lon="-51.1084760">
    <ele>762.1</ele>
   </trkpt>
   <trkpt lat="-26.2208030" lon="-51.1084270">
    <ele>762.3</ele>
   </trkpt>
   <trkpt lat="-26.2208010" lon="-51.1083840">
    <ele>762.4</ele>
   </trkpt>
   <trkpt lat="-26.2207990" lon="-51.1083460">
    <ele>762.4</ele>
   </trkpt>
   <trkpt lat="-26.2208050" lon="-51.1083090">
    <ele>762.5</ele>
   </trkpt>
   <trkpt lat="-26.2208080" lon="-51.1082740">
    <ele>762.5</ele>
   </trkpt>
   <trkpt lat="-26.2208120" lon="-51.1082390">
    <ele>762.5</ele>
   </trkpt>
   <trkpt lat="-26.2208240" lon="-51.1082050">
    <ele>762.5</ele>
   </trkpt>
   <trkpt lat="-26.2208250" lon="-51.1081640">
    <ele>762.4</ele>
   </trkpt>
   <trkpt lat="-26.2208210" lon="-51.1081270">
    <ele>762.4</ele>
   </trkpt>
   <trkpt lat="-26.2208350" lon="-51.1080850">
    <ele>762.4</ele>
   </trkpt>
   <trkpt lat="-26.2208440" lon="-51.1080710">
    <ele>762.4</ele>
   </trkpt>
   <trkpt lat="-26.2208540" lon="-51.1080380">
    <ele>762.3</ele>
   </trkpt>
   <trkpt lat="-26.2208670" lon="-51.1080000">
    <ele>762.3</ele>
   </trkpt>
   <trkpt lat="-26.2208730" lon="-51.1079670">
    <ele>762.2</ele>
   </trkpt>
   <trkpt lat="-26.2208840" lon="-51.1079290">
    <ele>762.2</ele>
   </trkpt>
   <trkpt lat="-26.2208880" lon="-51.1078730">
    <ele>762.1</ele>
   </trkpt>
   <trkpt lat="-26.2208960" lon="-51.1078300">
    <ele>762.0</ele>
   </trkpt>
   <trkpt lat="-26.2209080" lon="-51.1077820">
    <ele>761.9</ele>
   </trkpt>
   <trkpt lat="-26.2209170" lon="-51.1077360">
    <ele>761.9</ele>
   </trkpt>
   <trkpt lat="-26.2209250" lon="-51.1076830">
    <ele>761.8</ele>
   </trkpt>
   <trkpt lat="-26.2209320" lon="-51.1076330">
    <ele>761.7</ele>
   </trkpt>
   <trkpt lat="-26.2209490" lon="-51.1075790">
    <ele>761.7</ele>
   </trkpt>
   <trkpt lat="-26.2209600" lon="-51.1075290">
    <ele>761.6</ele>
   </trkpt>
   <trkpt lat="-26.2209760" lon="-51.1074800">
    <ele>761.5</ele>
   </trkpt>
   <trkpt lat="-26.2209870" lon="-51.1074240">
    <ele>761.4</ele>
   </trkpt>
   <trkpt lat="-26.2210070" lon="-51.1073750">
    <ele>761.4</ele>
   </trkpt>
   <trkpt lat="-26.2210220" lon="-51.1073250">
    <ele>761.3</ele>
   </trkpt>
   <trkpt lat="-26.2210370" lon="-51.1072650">
    <ele>761.2</ele>
   </trkpt>
   <trkpt lat="-26.2210560" lon="-51.1072070">
    <ele>761.1</ele>
   </trkpt>
   <trkpt lat="-26.2210790" lon="-51.1071520">
    <ele>761.0</ele>
   </trkpt>
   <trkpt lat="-26.2211020" lon="-51.1070960">
    <ele>760.9</ele>
   </trkpt>
   <trkpt lat="-26.2211230" lon="-51.1070440">
    <ele>760.8</ele>
   </trkpt>
   <trkpt lat="-26.2211500" lon="-51.1069900">
    <ele>760.7</ele>
   </trkpt>
   <trkpt lat="-26.2211770" lon="-51.1069320">
    <ele>760.5</ele>
   </trkpt>
   <trkpt lat="-26.2212040" lon="-51.1068820">
    <ele>760.4</ele>
   </trkpt>
   <trkpt lat="-26.2212320" lon="-51.1068270">
    <ele>760.3</ele>
   </trkpt>
   <trkpt lat="-26.2212590" lon="-51.1067740">
    <ele>760.2</ele>
   </trkpt>
   <trkpt lat="-26.2212890" lon="-51.1067190">
    <ele>760.1</ele>
   </trkpt>
   <trkpt lat="-26.2213160" lon="-51.1066640">
    <ele>759.9</ele>
   </trkpt>
   <trkpt lat="-26.2213460" lon="-51.1066050">
    <ele>759.8</ele>
   </trkpt>
   <trkpt lat="-26.2213670" lon="-51.1065500">
    <ele>759.6</ele>
   </trkpt>
   <trkpt lat="-26.2213880" lon="-51.1064890">
    <ele>759.5</ele>
   </trkpt>
   <trkpt lat="-26.2214030" lon="-51.1064260">
    <ele>759.4</ele>
   </trkpt>
   <trkpt lat="-26.2214130" lon="-51.1063600">
    <ele>759.3</ele>
   </trkpt>
   <trkpt lat="-26.2214160" lon="-51.1062990">
    <ele>759.3</ele>
   </trkpt>
   <trkpt lat="-26.2214130" lon="-51.1062340">
    <ele>759.3</ele>
   </trkpt>
   <trkpt lat="-26.2214030" lon="-51.1061670">
    <ele>759.3</ele>
   </trkpt>
   <trkpt lat="-26.2213930" lon="-51.1061030">
    <ele>759.3</ele>
   </trkpt>
   <trkpt lat="-26.2213810" lon="-51.1060460">
    <ele>759.3</ele>
   </trkpt>
   <trkpt lat="-26.2213660" lon="-51.1059880">
    <ele>759.3</ele>
   </trkpt>
   <trkpt lat="-26.2213450" lon="-51.1059330">
    <ele>759.3</ele>
   </trkpt>
   <trkpt lat="-26.2213250" lon="-51.1058790">
    <ele>759.3</ele>
   </trkpt>
   <trkpt lat="-26.2213030" lon="-51.1058270">
    <ele>759.3</ele>
   </trkpt>
   <trkpt lat="-26.2212810" lon="-51.1057800">
    <ele>759.3</ele>
   </trkpt>
   <trkpt lat="-26.2212550" lon="-51.1057330">
    <ele>759.3</ele>
   </trkpt>
   <trkpt lat="-26.2212280" lon="-51.1056940">
    <ele>759.4</ele>
   </trkpt>
   <trkpt lat="-26.2212000" lon="-51.1056540">
    <ele>759.4</ele>
   </trkpt>
   <trkpt lat="-26.2211690" lon="-51.1056120">
    <ele>759.4</ele>
   </trkpt>
   <trkpt lat="-26.2211350" lon="-51.1055710">
    <ele>759.4</ele>
   </trkpt>
   <trkpt lat="-26.2210970" lon="-51.1055310">
    <ele>759.4</ele>
   </trkpt>
   <trkpt lat="-26.2210540" lon="-51.1054930">
    <ele>759.5</ele>
   </trkpt>
   <trkpt lat="-26.2210180" lon="-51.1054590">
    <ele>759.5</ele>
   </trkpt>
   <trkpt lat="-26.2209820" lon="-51.1054140">
    <ele>759.5</ele>
   </trkpt>
   <trkpt lat="-26.2209480" lon="-51.1053740">
    <ele>759.5</ele>
   </trkpt>
   <trkpt lat="-26.2209120" lon="-51.1053310">
    <ele>759.5</ele>
   </trkpt>
   <trkpt lat="-26.2208830" lon="-51.1052790">
    <ele>759.6</ele>
   </trkpt>
   <trkpt lat="-26.2208520" lon="-51.1052190">
    <ele>759.6</ele>
   </trkpt>
   <trkpt lat="-26.2208350" lon="-51.1051710">
    <ele>759.6</ele>
   </trkpt>
   <trkpt lat="-26.2208090" lon="-51.1051140">
    <ele>759.7</ele>
   </trkpt>
   <trkpt lat="-26.2207840" lon="-51.1050650">
    <ele>759.7</ele>
   </trkpt>
   <trkpt lat="-26.2207610" lon="-51.1050110">
    <ele>759.7</ele>
   </trkpt>
   <trkpt lat="-26.2207430" lon="-51.1049560">
    <ele>759.7</ele>
   </trkpt>
   <trkpt lat="-26.2207320" lon="-51.1049060">
    <ele>759.7</ele>
   </trkpt>
   <trkpt lat="-26.2207180" lon="-51.1048490">
    <ele>759.6</ele>
   </trkpt>
   <trkpt lat="-26.2207040" lon="-51.1047970">
    <ele>759.6</ele>
   </trkpt>
   <trkpt lat="-26.2206900" lon="-51.1047500">
    <ele>759.6</ele>
   </trkpt>
   <trkpt lat="-26.2206800" lon="-51.1047070">
    <ele>759.5</ele>
   </trkpt>
   <trkpt lat="-26.2206760" lon="-51.1046540">
    <ele>759.5</ele>
   </trkpt>
   <trkpt lat="-26.2206730" lon="-51.1046030">
    <ele>759.5</ele>
   </trkpt>
   <trkpt lat="-26.2206700" lon="-51.1045570">
    <ele>759.5</ele>
   </trkpt>
   <trkpt lat="-26.2206640" lon="-51.1045090">
    <ele>759.4</ele>
   </trkpt>
   <trkpt lat="-26.2206590" lon="-51.1044630">
    <ele>759.4</ele>
   </trkpt>
   <trkpt lat="-26.2206600" lon="-51.1044170">
    <ele>759.4</ele>
   </trkpt>
   <trkpt lat="-26.2206610" lon="-51.1043720">
    <ele>759.3</ele>
   </trkpt>
   <trkpt lat="-26.2206590" lon="-51.1043270">
    <ele>759.3</ele>
   </trkpt>
   <trkpt lat="-26.2206530" lon="-51.1042780">
    <ele>759.3</ele>
   </trkpt>
   <trkpt lat="-26.2206520" lon="-51.1042320">
    <ele>759.2</ele>
   </trkpt>
   <trkpt lat="-26.2206500" lon="-51.1041850">
    <ele>759.2</ele>
   </trkpt>
   <trkpt lat="-26.2206500" lon="-51.1041430">
    <ele>759.2</ele>
   </trkpt>
   <trkpt lat="-26.2206470" lon="-51.1041000">
    <ele>759.2</ele>
   </trkpt>
   <trkpt lat="-26.2206440" lon="-51.1040560">
    <ele>759.1</ele>
   </trkpt>
   <trkpt lat="-26.2206440" lon="-51.1040070">
    <ele>759.1</ele>
   </trkpt>
   <trkpt lat="-26.2206390" lon="-51.1039520">
    <ele>759.1</ele>
   </trkpt>
   <trkpt lat="-26.2206350" lon="-51.1039050">
    <ele>759.0</ele>
   </trkpt>
   <trkpt lat="-26.2206340" lon="-51.1038570">
    <ele>759.0</ele>
   </trkpt>
   <trkpt lat="-26.2206320" lon="-51.1038060">
    <ele>759.0</ele>
   </trkpt>
   <trkpt lat="-26.2206300" lon="-51.1037550">
    <ele>758.9</ele>
   </trkpt>
   <trkpt lat="-26.2206290" lon="-51.1037040">
    <ele>758.9</ele>
   </trkpt>
   <trkpt lat="-26.2206270" lon="-51.1036560">
    <ele>758.9</ele>
   </trkpt>
   <trkpt lat="-26.2206250" lon="-51.1036030">
    <ele>758.9</ele>
   </trkpt>
   <trkpt lat="-26.2206240" lon="-51.1035550">
    <ele>758.8</ele>
   </trkpt>
   <trkpt lat="-26.2206240" lon="-51.1035000">
    <ele>758.8</ele>
   </trkpt>
   <trkpt lat="-26.2206200" lon="-51.1034450">
    <ele>758.8</ele>
   </trkpt>
   <trkpt lat="-26.2206150" lon="-51.1033920">
    <ele>758.7</ele>
   </trkpt>
   <trkpt lat="-26.2206130" lon="-51.1033310">
    <ele>758.7</ele>
   </trkpt>
   <trkpt lat="-26.2206070" lon="-51.1032660">
    <ele>758.6</ele>
   </trkpt>
   <trkpt lat="-26.2206030" lon="-51.1032010">
    <ele>758.6</ele>
   </trkpt>
   <trkpt lat="-26.2205980" lon="-51.1031220">
    <ele>758.6</ele>
   </trkpt>
   <trkpt lat="-26.2205870" lon="-51.1030390">
    <ele>758.5</ele>
   </trkpt>
   <trkpt lat="-26.2205670" lon="-51.1029430">
    <ele>758.4</ele>
   </trkpt>
   <trkpt lat="-26.2205550" lon="-51.1028550">
    <ele>758.4</ele>
   </trkpt>
   <trkpt lat="-26.2205420" lon="-51.1027570">
    <ele>758.3</ele>
   </trkpt>
   <trkpt lat="-26.2205320" lon="-51.1026690">
    <ele>758.3</ele>
   </trkpt>
   <trkpt lat="-26.2205190" lon="-51.1025730">
    <ele>758.2</ele>
   </trkpt>
   <trkpt lat="-26.2204920" lon="-51.1023900">
    <ele>758.1</ele>
   </trkpt>
   <trkpt lat="-26.2204660" lon="-51.1022950">
    <ele>758.0</ele>
   </trkpt>
   <trkpt lat="-26.2204350" lon="-51.1021990">
    <ele>758.0</ele>
   </trkpt>
   <trkpt lat="-26.2203920" lon="-51.1021100">
    <ele>757.9</ele>
   </trkpt>
   <trkpt lat="-26.2203610" lon="-51.1020440">
    <ele>757.9</ele>
   </trkpt>
   <trkpt lat="-26.2203210" lon="-51.1019450">
    <ele>757.8</ele>
   </trkpt>
   <trkpt lat="-26.2202660" lon="-51.1018580">
    <ele>757.7</ele>
   </trkpt>
   <trkpt lat="-26.2202180" lon="-51.1017770">
    <ele>757.7</ele>
   </trkpt>
   <trkpt lat="-26.2201630" lon="-51.1017070">
    <ele>757.6</ele>
   </trkpt>
   <trkpt lat="-26.2201080" lon="-51.1016400">
    <ele>757.5</ele>
   </trkpt>
   <trkpt lat="-26.2200790" lon="-51.1015510">
    <ele>757.5</ele>
   </trkpt>
   <trkpt lat="-26.2200510" lon="-51.1014780">
    <ele>757.4</ele>
   </trkpt>
   <trkpt lat="-26.2199960" lon="-51.1014110">
    <ele>757.4</ele>
   </trkpt>
   <trkpt lat="-26.2199400" lon="-51.1013510">
    <ele>757.3</ele>
   </trkpt>
   <trkpt lat="-26.2198810" lon="-51.1013050">
    <ele>757.3</ele>
   </trkpt>
   <trkpt lat="-26.2198290" lon="-51.1012540">
    <ele>757.2</ele>
   </trkpt>
   <trkpt lat="-26.2197720" lon="-51.1012050">
    <ele>757.2</ele>
   </trkpt>
   <trkpt lat="-26.2197300" lon="-51.1011500">
    <ele>757.1</ele>
   </trkpt>
   <trkpt lat="-26.2196830" lon="-51.1011030">
    <ele>757.1</ele>
   </trkpt>
   <trkpt lat="-26.2196510" lon="-51.1010380">
    <ele>757.0</ele>
   </trkpt>
   <trkpt lat="-26.2196150" lon="-51.1009810">
    <ele>757.0</ele>
   </trkpt>
   <trkpt lat="-26.2195670" lon="-51.1009400">
    <ele>757.0</ele>
   </trkpt>
   <trkpt lat="-26.2195190" lon="-51.1008950">
    <ele>756.9</ele>
   </trkpt>
   <trkpt lat="-26.2194730" lon="-51.1008570">
    <ele>756.9</ele>
   </trkpt>
   <trkpt lat="-26.2194250" lon="-51.1008120">
    <ele>756.8</ele>
   </trkpt>
   <trkpt lat="-26.2193810" lon="-51.1007620">
    <ele>756.8</ele>
   </trkpt>
   <trkpt lat="-26.2193340" lon="-51.1007190">
    <ele>756.7</ele>
   </trkpt>
   <trkpt lat="-26.2192890" lon="-51.1006760">
    <ele>756.7</ele>
   </trkpt>
   <trkpt lat="-26.2192450" lon="-51.1006380">
    <ele>756.7</ele>
   </trkpt>
   <trkpt lat="-26.2192030" lon="-51.1005940">
    <ele>756.6</ele>
   </trkpt>
   <trkpt lat="-26.2191620" lon="-51.1005520">
    <ele>756.6</ele>
   </trkpt>
   <trkpt lat="-26.2191230" lon="-51.1005170">
    <ele>756.5</ele>
   </trkpt>
   <trkpt lat="-26.2190820" lon="-51.1004820">
    <ele>756.5</ele>
   </trkpt>
   <trkpt lat="-26.2190420" lon="-51.1004450">
    <ele>756.5</ele>
   </trkpt>
   <trkpt lat="-26.2190020" lon="-51.1004070">
    <ele>756.4</ele>
   </trkpt>
   <trkpt lat="-26.2189650" lon="-51.1003650">
    <ele>756.4</ele>
   </trkpt>
   <trkpt lat="-26.2189240" lon="-51.1003260">
    <ele>756.4</ele>
   </trkpt>
   <trkpt lat="-26.2188890" lon="-51.1002900">
    <ele>756.3</ele>
   </trkpt>
   <trkpt lat="-26.2188520" lon="-51.1002580">
    <ele>756.3</ele>
   </trkpt>
   <trkpt lat="-26.2188210" lon="-51.1002270">
    <ele>756.3</ele>
   </trkpt>
   <trkpt lat="-26.2187880" lon="-51.1001960">
    <ele>756.2</ele>
   </trkpt>
   <trkpt lat="-26.2187570" lon="-51.1001680">
    <ele>756.2</ele>
   </trkpt>
   <trkpt lat="-26.2187300" lon="-51.1001390">
    <ele>756.2</ele>
   </trkpt>
   <trkpt lat="-26.2187010" lon="-51.1001010">
    <ele>756.2</ele>
   </trkpt>
   <trkpt lat="-26.2186770" lon="-51.1000660">
    <ele>756.1</ele>
   </trkpt>
   <trkpt lat="-26.2186480" lon="-51.1000300">
    <ele>756.1</ele>
   </trkpt>
   <trkpt lat="-26.2186360" lon="-51.1000150">
    <ele>756.1</ele>
   </trkpt>
   <trkpt lat="-26.2186050" lon="-51.0999880">
    <ele>756.1</ele>
   </trkpt>
   <trkpt lat="-26.2185740" lon="-51.0999640">
    <ele>756.0</ele>
   </trkpt>
   <trkpt lat="-26.2185470" lon="-51.0999360">
    <ele>756.0</ele>
   </trkpt>
   <trkpt lat="-26.2185180" lon="-51.0999030">
    <ele>756.0</ele>
   </trkpt>
   <trkpt lat="-26.2184930" lon="-51.0998780">
    <ele>755.9</ele>
   </trkpt>
   <trkpt lat="-26.2184690" lon="-51.0998500">
    <ele>755.9</ele>
   </trkpt>
   <trkpt lat="-26.2184410" lon="-51.0998180">
    <ele>755.9</ele>
   </trkpt>
   <trkpt lat="-26.2184130" lon="-51.0997920">
    <ele>755.9</ele>
   </trkpt>
   <trkpt lat="-26.2183900" lon="-51.0997670">
    <ele>755.8</ele>
   </trkpt>
   <trkpt lat="-26.2183620" lon="-51.0997420">
    <ele>755.8</ele>
   </trkpt>
   <trkpt lat="-26.2183300" lon="-51.0997180">
    <ele>755.8</ele>
   </trkpt>
   <trkpt lat="-26.2183060" lon="-51.0996960">
    <ele>755.8</ele>
   </trkpt>
   <trkpt lat="-26.2182830" lon="-51.0996710">
    <ele>755.8</ele>
   </trkpt>
   <trkpt lat="-26.2182640" lon="-51.0996460">
    <ele>755.7</ele>
   </trkpt>
   <trkpt lat="-26.2182420" lon="-51.0996250">
    <ele>755.7</ele>
   </trkpt>
   <trkpt lat="-26.2182200" lon="-51.0995960">
    <ele>755.7</ele>
   </trkpt>
   <trkpt lat="-26.2181960" lon="-51.0995720">
    <ele>755.7</ele>
   </trkpt>
   <trkpt lat="-26.2181730" lon="-51.0995470">
    <ele>755.6</ele>
   </trkpt>
   <trkpt lat="-26.2181500" lon="-51.0995230">
    <ele>755.6</ele>
   </trkpt>
   <trkpt lat="-26.2181270" lon="-51.0995000">
    <ele>755.6</ele>
   </trkpt>
   <trkpt lat="-26.2181000" lon="-51.0994650">
    <ele>755.6</ele>
   </trkpt>
   <trkpt lat="-26.2180700" lon="-51.0994390">
    <ele>755.5</ele>
   </trkpt>
   <trkpt lat="-26.2180420" lon="-51.0994090">
    <ele>755.5</ele>
   </trkpt>
   <trkpt lat="-26.2180140" lon="-51.0993790">
    <ele>755.5</ele>
   </trkpt>
   <trkpt lat="-26.2179840" lon="-51.0993430">
    <ele>755.5</ele>
   </trkpt>
   <trkpt lat="-26.2179570" lon="-51.0993010">
    <ele>755.4</ele>
   </trkpt>
   <trkpt lat="-26.2179310" lon="-51.0992620">
    <ele>755.4</ele>
   </trkpt>
   <trkpt lat="-26.2178970" lon="-51.0992310">
    <ele>755.4</ele>
   </trkpt>
   <trkpt lat="-26.2178650" lon="-51.0991970">
    <ele>755.3</ele>
   </trkpt>
   <trkpt lat="-26.2178330" lon="-51.0991650">
    <ele>755.3</ele>
   </trkpt>
   <trkpt lat="-26.2178020" lon="-51.0991320">
    <ele>755.3</ele>
   </trkpt>
   <trkpt lat="-26.2177710" lon="-51.0990990">
    <ele>755.2</ele>
   </trkpt>
   <trkpt lat="-26.2177400" lon="-51.0990690">
    <ele>755.2</ele>
   </trkpt>
   <trkpt lat="-26.2177080" lon="-51.0990340">
    <ele>755.2</ele>
   </trkpt>
   <trkpt lat="-26.2176740" lon="-51.0990040">
    <ele>755.2</ele>
   </trkpt>
   <trkpt lat="-26.2176400" lon="-51.0989730">
    <ele>755.1</ele>
   </trkpt>
   <trkpt lat="-26.2176070" lon="-51.0989420">
    <ele>755.1</ele>
   </trkpt>
   <trkpt lat="-26.2175790" lon="-51.0989070">
    <ele>755.1</ele>
   </trkpt>
   <trkpt lat="-26.2175450" lon="-51.0988710">
    <ele>755.0</ele>
   </trkpt>
   <trkpt lat="-26.2175090" lon="-51.0988300">
    <ele>755.0</ele>
   </trkpt>
   <trkpt lat="-26.2174680" lon="-51.0987970">
    <ele>755.0</ele>
   </trkpt>
   <trkpt lat="-26.2174290" lon="-51.0987540">
    <ele>754.9</ele>
   </trkpt>
   <trkpt lat="-26.2173900" lon="-51.0987160">
    <ele>754.9</ele>
   </trkpt>
   <trkpt lat="-26.2173460" lon="-51.0986730">
    <ele>754.8</ele>
   </trkpt>
   <trkpt lat="-26.2173080" lon="-51.0986370">
    <ele>754.8</ele>
   </trkpt>
   <trkpt lat="-26.2172680" lon="-51.0985960">
    <ele>754.8</ele>
   </trkpt>
   <trkpt lat="-26.2172290" lon="-51.0985540">
    <ele>754.7</ele>
   </trkpt>
   <trkpt lat="-26.2171870" lon="-51.0985140">
    <ele>754.7</ele>
   </trkpt>
   <trkpt lat="-26.2171470" lon="-51.0984720">
    <ele>754.7</ele>
   </trkpt>
   <trkpt lat="-26.2171050" lon="-51.0984320">
    <ele>754.6</ele>
   </trkpt>
   <trkpt lat="-26.2170700" lon="-51.0983890">
    <ele>754.6</ele>
   </trkpt>
   <trkpt lat="-26.2170260" lon="-51.0983460">
    <ele>754.5</ele>
   </trkpt>
   <trkpt lat="-26.2169850" lon="-51.0983080">
    <ele>754.5</ele>
   </trkpt>
   <trkpt lat="-26.2169480" lon="-51.0982680">
    <ele>754.5</ele>
   </trkpt>
   <trkpt lat="-26.2169110" lon="-51.0982290">
    <ele>754.4</ele>
   </trkpt>
   <trkpt lat="-26.2168780" lon="-51.0981890">
    <ele>754.4</ele>
   </trkpt>
   <trkpt lat="-26.2168450" lon="-51.0981490">
    <ele>754.4</ele>
   </trkpt>
   <trkpt lat="-26.2168100" lon="-51.0981140">
    <ele>754.3</ele>
   </trkpt>
   <trkpt lat="-26.2167650" lon="-51.0980780">
    <ele>754.3</ele>
   </trkpt>
   <trkpt lat="-26.2167340" lon="-51.0980350">
    <ele>754.3</ele>
   </trkpt>
   <trkpt lat="-26.2166940" lon="-51.0979930">
    <ele>754.2</ele>
   </trkpt>
   <trkpt lat="-26.2166580" lon="-51.0979520">
    <ele>754.2</ele>
   </trkpt>
   <trkpt lat="-26.2166170" lon="-51.0979110">
    <ele>754.1</ele>
   </trkpt>
   <trkpt lat="-26.2165810" lon="-51.0978680">
    <ele>754.1</ele>
   </trkpt>
   <trkpt lat="-26.2165320" lon="-51.0978270">
    <ele>754.1</ele>
   </trkpt>
   <trkpt lat="-26.2164960" lon="-51.0977860">
    <ele>754.0</ele>
   </trkpt>
   <trkpt lat="-26.2164620" lon="-51.0977390">
    <ele>754.0</ele>
   </trkpt>
   <trkpt lat="-26.2164480" lon="-51.0976870">
    <ele>754.0</ele>
   </trkpt>
   <trkpt lat="-26.2164660" lon="-51.0976360">
    <ele>753.9</ele>
   </trkpt>
   <trkpt lat="-26.2164930" lon="-51.0976090">
    <ele>753.9</ele>
   </trkpt>
   <trkpt lat="-26.2165180" lon="-51.0975800">
    <ele>753.8</ele>
   </trkpt>
   <trkpt lat="-26.2165390" lon="-51.0975510">
    <ele>753.8</ele>
   </trkpt>
   <trkpt lat="-26.2165710" lon="-51.0975250">
    <ele>753.8</ele>
   </trkpt>
   <trkpt lat="-26.2165820" lon="-51.0975170">
    <ele>753.8</ele>
   </trkpt>
   <trkpt lat="-26.2166000" lon="-51.0975030">
    <ele>753.8</ele>
   </trkpt>
   <trkpt lat="-26.2166090" lon="-51.0975030">
    <ele>753.8</ele>
   </trkpt>
   <trkpt lat="-26.2166400" lon="-51.0974790">
    <ele>753.8</ele>
   </trkpt>
   <trkpt lat="-26.2166730" lon="-51.0974650">
    <ele>753.7</ele>
   </trkpt>
   <trkpt lat="-26.2167640" lon="-51.0974000">
    <ele>753.7</ele>
   </trkpt>
   <trkpt lat="-26.2168090" lon="-51.0973670">
    <ele>753.7</ele>
   </trkpt>
   <trkpt lat="-26.2168500" lon="-51.0973400">
    <ele>753.6</ele>
   </trkpt>
   <trkpt lat="-26.2168980" lon="-51.0973040">
    <ele>753.6</ele>
   </trkpt>
   <trkpt lat="-26.2169390" lon="-51.0972720">
    <ele>753.6</ele>
   </trkpt>
   <trkpt lat="-26.2169810" lon="-51.0972390">
    <ele>753.6</ele>
   </trkpt>
   <trkpt lat="-26.2170340" lon="-51.0971970">
    <ele>753.6</ele>
   </trkpt>
   <trkpt lat="-26.2170770" lon="-51.0971630">
    <ele>753.5</ele>
   </trkpt>
   <trkpt lat="-26.2171220" lon="-51.0971250">
    <ele>753.5</ele>
   </trkpt>
   <trkpt lat="-26.2171640" lon="-51.0970930">
    <ele>753.5</ele>
   </trkpt>
   <trkpt lat="-26.2172130" lon="-51.0970520">
    <ele>753.5</ele>
   </trkpt>
   <trkpt lat="-26.2172620" lon="-51.0970120">
    <ele>753.4</ele>
   </trkpt>
   <trkpt lat="-26.2173060" lon="-51.0969740">
    <ele>753.4</ele>
   </trkpt>
   <trkpt lat="-26.2173490" lon="-51.0969410">
    <ele>753.4</ele>
   </trkpt>
   <trkpt lat="-26.2173880" lon="-51.0969080">
    <ele>753.4</ele>
   </trkpt>
   <trkpt lat="-26.2174310" lon="-51.0968700">
    <ele>753.3</ele>
   </trkpt>
   <trkpt lat="-26.2174740" lon="-51.0968400">
    <ele>753.3</ele>
   </trkpt>
   <trkpt lat="-26.2175160" lon="-51.0968080">
    <ele>753.2</ele>
   </trkpt>
   <trkpt lat="-26.2175560" lon="-51.0967770">
    <ele>753.2</ele>
   </trkpt>
   <trkpt lat="-26.2175980" lon="-51.0967450">
    <ele>753.2</ele>
   </trkpt>
   <trkpt lat="-26.2176380" lon="-51.0967140">
    <ele>753.2</ele>
   </trkpt>
   <trkpt lat="-26.2176770" lon="-51.0966880">
    <ele>753.2</ele>
   </trkpt>
   <trkpt lat="-26.2177160" lon="-51.0966590">
    <ele>753.2</ele>
   </trkpt>
   <trkpt lat="-26.2177550" lon="-51.0966300">
    <ele>753.2</ele>
   </trkpt>
   <trkpt lat="-26.2177930" lon="-51.0966000">
    <ele>753.2</ele>
   </trkpt>
   <trkpt lat="-26.2178290" lon="-51.0965670">
    <ele>753.2</ele>
   </trkpt>
   <trkpt lat="-26.2178680" lon="-51.0965380">
    <ele>753.2</ele>
   </trkpt>
   <trkpt lat="-26.2179080" lon="-51.0965100">
    <ele>753.2</ele>
   </trkpt>
   <trkpt lat="-26.2179450" lon="-51.0964830">
    <ele>753.1</ele>
   </trkpt>
   <trkpt lat="-26.2179840" lon="-51.0964580">
    <ele>753.1</ele>
   </trkpt>
   <trkpt lat="-26.2180220" lon="-51.0964290">
    <ele>753.1</ele>
   </trkpt>
   <trkpt lat="-26.2180600" lon="-51.0964020">
    <ele>753.1</ele>
   </trkpt>
   <trkpt lat="-26.2181010" lon="-51.0963750">
    <ele>753.1</ele>
   </trkpt>
   <trkpt lat="-26.2181410" lon="-51.0963440">
    <ele>753.1</ele>
   </trkpt>
   <trkpt lat="-26.2181760" lon="-51.0963150">
    <ele>753.0</ele>
   </trkpt>
   <trkpt lat="-26.2182090" lon="-51.0962870">
    <ele>753.0</ele>
   </trkpt>
   <trkpt lat="-26.2182540" lon="-51.0962570">
    <ele>753.0</ele>
   </trkpt>
   <trkpt lat="-26.2182940" lon="-51.0962390">
    <ele>752.9</ele>
   </trkpt>
   <trkpt lat="-26.2183260" lon="-51.0962220">
    <ele>752.9</ele>
   </trkpt>
   <trkpt lat="-26.2183630" lon="-51.0961930">
    <ele>752.8</ele>
   </trkpt>
   <trkpt lat="-26.2183970" lon="-51.0961640">
    <ele>752.8</ele>
   </trkpt>
   <trkpt lat="-26.2184280" lon="-51.0961390">
    <ele>752.8</ele>
   </trkpt>
   <trkpt lat="-26.2184650" lon="-51.0961070">
    <ele>752.7</ele>
   </trkpt>
   <trkpt lat="-26.2184990" lon="-51.0960780">
    <ele>752.6</ele>
   </trkpt>
   <trkpt lat="-26.2185370" lon="-51.0960540">
    <ele>752.6</ele>
   </trkpt>
   <trkpt lat="-26.2185790" lon="-51.0960260">
    <ele>752.5</ele>
   </trkpt>
   <trkpt lat="-26.2186210" lon="-51.0959950">
    <ele>752.4</ele>
   </trkpt>
   <trkpt lat="-26.2186620" lon="-51.0959610">
    <ele>752.4</ele>
   </trkpt>
   <trkpt lat="-26.2187050" lon="-51.0959290">
    <ele>752.3</ele>
   </trkpt>
   <trkpt lat="-26.2187460" lon="-51.0958950">
    <ele>752.3</ele>
   </trkpt>
   <trkpt lat="-26.2187920" lon="-51.0958640">
    <ele>752.2</ele>
   </trkpt>
   <trkpt lat="-26.2188340" lon="-51.0958300">
    <ele>752.2</ele>
   </trkpt>
   <trkpt lat="-26.2188650" lon="-51.0957940">
    <ele>752.1</ele>
   </trkpt>
   <trkpt lat="-26.2189130" lon="-51.0957600">
    <ele>752.0</ele>
   </trkpt>
   <trkpt lat="-26.2189710" lon="-51.0957250">
    <ele>751.9</ele>
   </trkpt>
   <trkpt lat="-26.2190270" lon="-51.0956880">
    <ele>751.8</ele>
   </trkpt>
   <trkpt lat="-26.2190830" lon="-51.0956510">
    <ele>751.6</ele>
   </trkpt>
   <trkpt lat="-26.2191340" lon="-51.0956110">
    <ele>751.5</ele>
   </trkpt>
   <trkpt lat="-26.2191910" lon="-51.0955720">
    <ele>751.4</ele>
   </trkpt>
   <trkpt lat="-26.2192310" lon="-51.0955400">
    <ele>751.3</ele>
   </trkpt>
   <trkpt lat="-26.2192820" lon="-51.0954970">
    <ele>751.3</ele>
   </trkpt>
   <trkpt lat="-26.2193340" lon="-51.0954600">
    <ele>751.2</ele>
   </trkpt>
   <trkpt lat="-26.2193830" lon="-51.0954200">
    <ele>751.1</ele>
   </trkpt>
   <trkpt lat="-26.2194310" lon="-51.0953870">
    <ele>751.0</ele>
   </trkpt>
   <trkpt lat="-26.2194790" lon="-51.0953540">
    <ele>750.9</ele>
   </trkpt>
   <trkpt lat="-26.2195130" lon="-51.0953250">
    <ele>750.8</ele>
   </trkpt>
   <trkpt lat="-26.2195610" lon="-51.0952860">
    <ele>750.8</ele>
   </trkpt>
   <trkpt lat="-26.2196140" lon="-51.0952530">
    <ele>750.7</ele>
   </trkpt>
   <trkpt lat="-26.2196640" lon="-51.0952150">
    <ele>750.6</ele>
   </trkpt>
   <trkpt lat="-26.2197080" lon="-51.0951740">
    <ele>750.5</ele>
   </trkpt>
   <trkpt lat="-26.2197540" lon="-51.0951310">
    <ele>750.5</ele>
   </trkpt>
   <trkpt lat="-26.2198010" lon="-51.0950960">
    <ele>750.4</ele>
   </trkpt>
   <trkpt lat="-26.2198470" lon="-51.0950750">
    <ele>750.3</ele>
   </trkpt>
   <trkpt lat="-26.2198960" lon="-51.0950400">
    <ele>750.3</ele>
   </trkpt>
   <trkpt lat="-26.2199470" lon="-51.0950110">
    <ele>750.2</ele>
   </trkpt>
   <trkpt lat="-26.2199940" lon="-51.0949810">
    <ele>750.1</ele>
   </trkpt>
   <trkpt lat="-26.2200400" lon="-51.0949430">
    <ele>750.0</ele>
   </trkpt>
   <trkpt lat="-26.2200900" lon="-51.0949020">
    <ele>749.9</ele>
   </trkpt>
   <trkpt lat="-26.2201380" lon="-51.0948680">
    <ele>749.9</ele>
   </trkpt>
   <trkpt lat="-26.2201820" lon="-51.0948390">
    <ele>749.8</ele>
   </trkpt>
   <trkpt lat="-26.2202310" lon="-51.0948040">
    <ele>749.7</ele>
   </trkpt>
   <trkpt lat="-26.2202820" lon="-51.0947630">
    <ele>749.6</ele>
   </trkpt>
   <trkpt lat="-26.2203280" lon="-51.0947290">
    <ele>749.6</ele>
   </trkpt>
   <trkpt lat="-26.2203770" lon="-51.0946930">
    <ele>749.5</ele>
   </trkpt>
   <trkpt lat="-26.2204230" lon="-51.0946590">
    <ele>749.5</ele>
   </trkpt>
   <trkpt lat="-26.2204690" lon="-51.0946200">
    <ele>749.4</ele>
   </trkpt>
   <trkpt lat="-26.2205150" lon="-51.0945880">
    <ele>749.4</ele>
   </trkpt>
   <trkpt lat="-26.2205550" lon="-51.0945590">
    <ele>749.4</ele>
   </trkpt>
   <trkpt lat="-26.2205980" lon="-51.0945280">
    <ele>749.4</ele>
   </trkpt>
   <trkpt lat="-26.2206370" lon="-51.0944960">
    <ele>749.4</ele>
   </trkpt>
   <trkpt lat="-26.2206780" lon="-51.0944630">
    <ele>749.4</ele>
   </trkpt>
   <trkpt lat="-26.2207190" lon="-51.0944370">
    <ele>749.4</ele>
   </trkpt>
   <trkpt lat="-26.2207580" lon="-51.0944050">
    <ele>749.5</ele>
   </trkpt>
   <trkpt lat="-26.2207990" lon="-51.0943770">
    <ele>749.5</ele>
   </trkpt>
   <trkpt lat="-26.2208400" lon="-51.0943450">
    <ele>749.5</ele>
   </trkpt>
   <trkpt lat="-26.2208790" lon="-51.0943150">
    <ele>749.5</ele>
   </trkpt>
   <trkpt lat="-26.2209190" lon="-51.0942820">
    <ele>749.5</ele>
   </trkpt>
   <trkpt lat="-26.2209580" lon="-51.0942500">
    <ele>749.5</ele>
   </trkpt>
   <trkpt lat="-26.2209990" lon="-51.0942190">
    <ele>749.5</ele>
   </trkpt>
   <trkpt lat="-26.2210380" lon="-51.0941900">
    <ele>749.5</ele>
   </trkpt>
   <trkpt lat="-26.2210790" lon="-51.0941590">
    <ele>749.5</ele>
   </trkpt>
   <trkpt lat="-26.2211180" lon="-51.0941250">
    <ele>749.5</ele>
   </trkpt>
   <trkpt lat="-26.2211560" lon="-51.0940950">
    <ele>749.5</ele>
   </trkpt>
   <trkpt lat="-26.2212000" lon="-51.0940650">
    <ele>749.5</ele>
   </trkpt>
   <trkpt lat="-26.2212420" lon="-51.0940350">
    <ele>749.5</ele>
   </trkpt>
   <trkpt lat="-26.2212810" lon="-51.0940050">
    <ele>749.5</ele>
   </trkpt>
   <trkpt lat="-26.2213200" lon="-51.0939710">
    <ele>749.5</ele>
   </trkpt>
   <trkpt lat="-26.2213610" lon="-51.0939460">
    <ele>749.5</ele>
   </trkpt>
   <trkpt lat="-26.2214050" lon="-51.0939310">
    <ele>749.7</ele>
   </trkpt>
   <trkpt lat="-26.2214520" lon="-51.0939370">
    <ele>749.8</ele>
   </trkpt>
   <trkpt lat="-26.2214790" lon="-51.0939710">
    <ele>749.9</ele>
   </trkpt>
   <trkpt lat="-26.2214970" lon="-51.0940180">
    <ele>749.9</ele>
   </trkpt>
   <trkpt lat="-26.2215130" lon="-51.0940630">
    <ele>749.9</ele>
   </trkpt>
   <trkpt lat="-26.2215320" lon="-51.0941080">
    <ele>749.9</ele>
   </trkpt>
   <trkpt lat="-26.2215460" lon="-51.0941520">
    <ele>750.0</ele>
   </trkpt>
   <trkpt lat="-26.2215590" lon="-51.0941980">
    <ele>750.0</ele>
   </trkpt>
   <trkpt lat="-26.2215730" lon="-51.0942460">
    <ele>750.0</ele>
   </trkpt>
   <trkpt lat="-26.2215910" lon="-51.0942930">
    <ele>750.1</ele>
   </trkpt>
   <trkpt lat="-26.2216130" lon="-51.0943480">
    <ele>750.1</ele>
   </trkpt>
   <trkpt lat="-26.2216330" lon="-51.0943990">
    <ele>750.2</ele>
   </trkpt>
   <trkpt lat="-26.2216560" lon="-51.0944470">
    <ele>750.3</ele>
   </trkpt>
   <trkpt lat="-26.2216730" lon="-51.0945050">
    <ele>750.4</ele>
   </trkpt>
   <trkpt lat="-26.2216940" lon="-51.0945550">
    <ele>750.5</ele>
   </trkpt>
   <trkpt lat="-26.2217120" lon="-51.0946030">
    <ele>750.6</ele>
   </trkpt>
   <trkpt lat="-26.2217310" lon="-51.0946490">
    <ele>750.6</ele>
   </trkpt>
   <trkpt lat="-26.2217570" lon="-51.0947010">
    <ele>750.7</ele>
   </trkpt>
   <trkpt lat="-26.2217820" lon="-51.0947500">
    <ele>750.7</ele>
   </trkpt>
   <trkpt lat="-26.2218050" lon="-51.0947970">
    <ele>750.8</ele>
   </trkpt>
   <trkpt lat="-26.2218300" lon="-51.0948360">
    <ele>750.8</ele>
   </trkpt>
   <trkpt lat="-26.2218640" lon="-51.0948570">
    <ele>750.8</ele>
   </trkpt>
   <trkpt lat="-26.2219090" lon="-51.0948630">
    <ele>750.7</ele>
   </trkpt>
   <trkpt lat="-26.2219580" lon="-51.0948670">
    <ele>750.6</ele>
   </trkpt>
   <trkpt lat="-26.2219980" lon="-51.0948540">
    <ele>750.6</ele>
   </trkpt>
   <trkpt lat="-26.2220260" lon="-51.0948330">
    <ele>750.5</ele>
   </trkpt>
   <trkpt lat="-26.2220690" lon="-51.0948090">
    <ele>750.4</ele>
   </trkpt>
   <trkpt lat="-26.2220890" lon="-51.0947820">
    <ele>750.4</ele>
   </trkpt>
   <trkpt lat="-26.2221180" lon="-51.0947550">
    <ele>750.3</ele>
   </trkpt>
   <trkpt lat="-26.2221720" lon="-51.0947270">
    <ele>750.2</ele>
   </trkpt>
   <trkpt lat="-26.2222090" lon="-51.0947100">
    <ele>750.1</ele>
   </trkpt>
   <trkpt lat="-26.2222470" lon="-51.0946770">
    <ele>750.0</ele>
   </trkpt>
   <trkpt lat="-26.2222830" lon="-51.0946440">
    <ele>749.9</ele>
   </trkpt>
   <trkpt lat="-26.2223180" lon="-51.0946200">
    <ele>749.8</ele>
   </trkpt>
   <trkpt lat="-26.2223550" lon="-51.0945900">
    <ele>749.7</ele>
   </trkpt>
   <trkpt lat="-26.2223920" lon="-51.0945640">
    <ele>749.6</ele>
   </trkpt>
   <trkpt lat="-26.2224200" lon="-51.0945380">
    <ele>749.5</ele>
   </trkpt>
   <trkpt lat="-26.2224570" lon="-51.0945170">
    <ele>749.4</ele>
   </trkpt>
   <trkpt lat="-26.2224920" lon="-51.0944970">
    <ele>749.4</ele>
   </trkpt>
   <trkpt lat="-26.2225320" lon="-51.0944770">
    <ele>749.3</ele>
   </trkpt>
   <trkpt lat="-26.2225660" lon="-51.0944550">
    <ele>749.3</ele>
   </trkpt>
   <trkpt lat="-26.2226080" lon="-51.0944590">
    <ele>749.2</ele>
   </trkpt>
   <trkpt lat="-26.2226410" lon="-51.0944640">
    <ele>749.1</ele>
   </trkpt>
   <trkpt lat="-26.2226600" lon="-51.0944950">
    <ele>749.1</ele>
   </trkpt>
   <trkpt lat="-26.2226750" lon="-51.0945310">
    <ele>749.0</ele>
   </trkpt>
   <trkpt lat="-26.2226820" lon="-51.0945730">
    <ele>749.0</ele>
   </trkpt>
   <trkpt lat="-26.2226910" lon="-51.0946190">
    <ele>749.0</ele>
   </trkpt>
   <trkpt lat="-26.2227020" lon="-51.0946550">
    <ele>749.0</ele>
   </trkpt>
   <trkpt lat="-26.2227150" lon="-51.0946890">
    <ele>748.9</ele>
   </trkpt>
   <trkpt lat="-26.2227220" lon="-51.0947260">
    <ele>748.9</ele>
   </trkpt>
   <trkpt lat="-26.2227350" lon="-51.0947580">
    <ele>748.9</ele>
   </trkpt>
   <trkpt lat="-26.2227570" lon="-51.0948050">
    <ele>748.8</ele>
   </trkpt>
   <trkpt lat="-26.2227770" lon="-51.0948520">
    <ele>748.8</ele>
   </trkpt>
   <trkpt lat="-26.2227910" lon="-51.0948980">
    <ele>748.7</ele>
   </trkpt>
   <trkpt lat="-26.2228090" lon="-51.0949470">
    <ele>748.7</ele>
   </trkpt>
   <trkpt lat="-26.2228270" lon="-51.0949880">
    <ele>748.6</ele>
   </trkpt>
   <trkpt lat="-26.2228370" lon="-51.0950220">
    <ele>748.6</ele>
   </trkpt>
   <trkpt lat="-26.2228590" lon="-51.0950730">
    <ele>748.6</ele>
   </trkpt>
   <trkpt lat="-26.2228760" lon="-51.0951190">
    <ele>748.5</ele>
   </trkpt>
   <trkpt lat="-26.2228940" lon="-51.0951650">
    <ele>748.5</ele>
   </trkpt>
   <trkpt lat="-26.2229110" lon="-51.0952140">
    <ele>748.5</ele>
   </trkpt>
   <trkpt lat="-26.2229310" lon="-51.0952570">
    <ele>748.4</ele>
   </trkpt>
   <trkpt lat="-26.2229470" lon="-51.0952990">
    <ele>748.4</ele>
   </trkpt>
   <trkpt lat="-26.2229630" lon="-51.0953470">
    <ele>748.3</ele>
   </trkpt>
   <trkpt lat="-26.2229800" lon="-51.0953970">
    <ele>748.3</ele>
   </trkpt>
   <trkpt lat="-26.2229980" lon="-51.0954440">
    <ele>748.3</ele>
   </trkpt>
   <trkpt lat="-26.2230190" lon="-51.0954910">
    <ele>748.3</ele>
   </trkpt>
   <trkpt lat="-26.2230410" lon="-51.0955370">
    <ele>748.3</ele>
   </trkpt>
   <trkpt lat="-26.2230590" lon="-51.0955830">
    <ele>748.3</ele>
   </trkpt>
   <trkpt lat="-26.2230810" lon="-51.0956280">
    <ele>748.3</ele>
   </trkpt>
   <trkpt lat="-26.2230920" lon="-51.0956650">
    <ele>748.3</ele>
   </trkpt>
   <trkpt lat="-26.2231120" lon="-51.0957130">
    <ele>748.2</ele>
   </trkpt>
   <trkpt lat="-26.2231320" lon="-51.0957600">
    <ele>748.2</ele>
   </trkpt>
   <trkpt lat="-26.2231470" lon="-51.0958040">
    <ele>748.2</ele>
   </trkpt>
   <trkpt lat="-26.2231570" lon="-51.0958350">
    <ele>748.2</ele>
   </trkpt>
   <trkpt lat="-26.2231810" lon="-51.0958890">
    <ele>748.2</ele>
   </trkpt>
   <trkpt lat="-26.2232020" lon="-51.0959350">
    <ele>748.2</ele>
   </trkpt>
   <trkpt lat="-26.2232200" lon="-51.0959800">
    <ele>748.2</ele>
   </trkpt>
   <trkpt lat="-26.2232370" lon="-51.0960260">
    <ele>748.1</ele>
   </trkpt>
   <trkpt lat="-26.2232610" lon="-51.0960610">
    <ele>748.1</ele>
   </trkpt>
   <trkpt lat="-26.2232890" lon="-51.0960920">
    <ele>748.1</ele>
   </trkpt>
   <trkpt lat="-26.2233190" lon="-51.0961140">
    <ele>748.1</ele>
   </trkpt>
   <trkpt lat="-26.2233620" lon="-51.0961340">
    <ele>748.1</ele>
   </trkpt>
   <trkpt lat="-26.2234070" lon="-51.0961370">
    <ele>748.7</ele>
   </trkpt>
   <trkpt lat="-26.2234500" lon="-51.0961300">
    <ele>748.7</ele>
   </trkpt>
   <trkpt lat="-26.2234920" lon="-51.0961320">
    <ele>748.6</ele>
   </trkpt>
   <trkpt lat="-26.2235360" lon="-51.0961020">
    <ele>748.6</ele>
   </trkpt>
   <trkpt lat="-26.2235730" lon="-51.0960750">
    <ele>748.5</ele>
   </trkpt>
   <trkpt lat="-26.2236130" lon="-51.0960550">
    <ele>748.5</ele>
   </trkpt>
   <trkpt lat="-26.2236560" lon="-51.0960310">
    <ele>748.5</ele>
   </trkpt>
   <trkpt lat="-26.2236970" lon="-51.0960020">
    <ele>748.4</ele>
   </trkpt>
   <trkpt lat="-26.2237310" lon="-51.0959800">
    <ele>748.4</ele>
   </trkpt>
   <trkpt lat="-26.2237740" lon="-51.0959510">
    <ele>748.4</ele>
   </trkpt>
   <trkpt lat="-26.2238140" lon="-51.0959270">
    <ele>748.3</ele>
   </trkpt>
   <trkpt lat="-26.2238570" lon="-51.0959030">
    <ele>748.2</ele>
   </trkpt>
   <trkpt lat="-26.2238850" lon="-51.0958780">
    <ele>748.2</ele>
   </trkpt>
   <trkpt lat="-26.2239310" lon="-51.0958560">
    <ele>748.1</ele>
   </trkpt>
   <trkpt lat="-26.2239720" lon="-51.0958280">
    <ele>748.1</ele>
   </trkpt>
   <trkpt lat="-26.2240070" lon="-51.0958030">
    <ele>748.1</ele>
   </trkpt>
   <trkpt lat="-26.2240450" lon="-51.0957740">
    <ele>748.1</ele>
   </trkpt>
   <trkpt lat="-26.2240820" lon="-51.0957520">
    <ele>748.0</ele>
   </trkpt>
   <trkpt lat="-26.2241350" lon="-51.0957220">
    <ele>748.0</ele>
   </trkpt>
   <trkpt lat="-26.2241660" lon="-51.0956930">
    <ele>748.0</ele>
   </trkpt>
   <trkpt lat="-26.2242040" lon="-51.0956640">
    <ele>748.0</ele>
   </trkpt>
   <trkpt lat="-26.2242540" lon="-51.0956350">
    <ele>747.9</ele>
   </trkpt>
   <trkpt lat="-26.2242920" lon="-51.0956040">
    <ele>747.9</ele>
   </trkpt>
   <trkpt lat="-26.2243350" lon="-51.0955680">
    <ele>747.8</ele>
   </trkpt>
   <trkpt lat="-26.2243760" lon="-51.0955340">
    <ele>747.8</ele>
   </trkpt>
   <trkpt lat="-26.2244160" lon="-51.0955050">
    <ele>747.7</ele>
   </trkpt>
   <trkpt lat="-26.2244620" lon="-51.0954870">
    <ele>747.6</ele>
   </trkpt>
   <trkpt lat="-26.2245190" lon="-51.0954460">
    <ele>747.6</ele>
   </trkpt>
   <trkpt lat="-26.2245610" lon="-51.0954160">
    <ele>747.5</ele>
   </trkpt>
   <trkpt lat="-26.2246040" lon="-51.0953850">
    <ele>747.5</ele>
   </trkpt>
   <trkpt lat="-26.2246480" lon="-51.0953540">
    <ele>747.4</ele>
   </trkpt>
   <trkpt lat="-26.2246900" lon="-51.0953230">
    <ele>747.4</ele>
   </trkpt>
   <trkpt lat="-26.2247350" lon="-51.0952940">
    <ele>747.4</ele>
   </trkpt>
   <trkpt lat="-26.2247800" lon="-51.0952680">
    <ele>747.3</ele>
   </trkpt>
   <trkpt lat="-26.2248240" lon="-51.0952360">
    <ele>747.3</ele>
   </trkpt>
   <trkpt lat="-26.2248660" lon="-51.0952050">
    <ele>747.2</ele>
   </trkpt>
   <trkpt lat="-26.2249080" lon="-51.0951760">
    <ele>747.2</ele>
   </trkpt>
   <trkpt lat="-26.2249510" lon="-51.0951340">
    <ele>747.2</ele>
   </trkpt>
   <trkpt lat="-26.2249970" lon="-51.0950980">
    <ele>747.2</ele>
   </trkpt>
   <trkpt lat="-26.2250360" lon="-51.0950750">
    <ele>747.2</ele>
   </trkpt>
   <trkpt lat="-26.2250760" lon="-51.0950450">
    <ele>747.2</ele>
   </trkpt>
   <trkpt lat="-26.2251160" lon="-51.0950170">
    <ele>747.1</ele>
   </trkpt>
   <trkpt lat="-26.2251550" lon="-51.0949890">
    <ele>747.1</ele>
   </trkpt>
   <trkpt lat="-26.2251930" lon="-51.0949610">
    <ele>747.2</ele>
   </trkpt>
   <trkpt lat="-26.2252330" lon="-51.0949330">
    <ele>747.3</ele>
   </trkpt>
   <trkpt lat="-26.2252760" lon="-51.0949050">
    <ele>747.5</ele>
   </trkpt>
   <trkpt lat="-26.2253180" lon="-51.0948730">
    <ele>747.6</ele>
   </trkpt>
   <trkpt lat="-26.2253600" lon="-51.0948390">
    <ele>747.7</ele>
   </trkpt>
   <trkpt lat="-26.2254060" lon="-51.0948030">
    <ele>747.9</ele>
   </trkpt>
   <trkpt lat="-26.2254520" lon="-51.0947820">
    <ele>748.0</ele>
   </trkpt>
   <trkpt lat="-26.2254950" lon="-51.0947530">
    <ele>748.2</ele>
   </trkpt>
   <trkpt lat="-26.2255400" lon="-51.0947230">
    <ele>748.3</ele>
   </trkpt>
   <trkpt lat="-26.2255880" lon="-51.0946930">
    <ele>748.4</ele>
   </trkpt>
   <trkpt lat="-26.2256250" lon="-51.0946560">
    <ele>748.6</ele>
   </trkpt>
   <trkpt lat="-26.2256680" lon="-51.0946290">
    <ele>748.7</ele>
   </trkpt>
   <trkpt lat="-26.2257160" lon="-51.0945980">
    <ele>748.8</ele>
   </trkpt>
   <trkpt lat="-26.2257560" lon="-51.0945670">
    <ele>749.0</ele>
   </trkpt>
   <trkpt lat="-26.2258000" lon="-51.0945390">
    <ele>749.2</ele>
   </trkpt>
   <trkpt lat="-26.2258400" lon="-51.0945030">
    <ele>749.3</ele>
   </trkpt>
   <trkpt lat="-26.2258840" lon="-51.0944680">
    <ele>749.4</ele>
   </trkpt>
   <trkpt lat="-26.2259650" lon="-51.0944130">
    <ele>749.4</ele>
   </trkpt>
   <trkpt lat="-26.2260060" lon="-51.0943790">
    <ele>749.4</ele>
   </trkpt>
   <trkpt lat="-26.2260510" lon="-51.0943470">
    <ele>749.4</ele>
   </trkpt>
   <trkpt lat="-26.2260930" lon="-51.0943190">
    <ele>749.4</ele>
   </trkpt>
   <trkpt lat="-26.2261390" lon="-51.0942880">
    <ele>749.4</ele>
   </trkpt>
   <trkpt lat="-26.2261800" lon="-51.0942660">
    <ele>749.4</ele>
   </trkpt>
   <trkpt lat="-26.2262200" lon="-51.0942390">
    <ele>749.5</ele>
   </trkpt>
   <trkpt lat="-26.2262640" lon="-51.0942110">
    <ele>749.5</ele>
   </trkpt>
   <trkpt lat="-26.2263050" lon="-51.0941810">
    <ele>749.5</ele>
   </trkpt>
   <trkpt lat="-26.2263460" lon="-51.0941590">
    <ele>749.6</ele>
   </trkpt>
   <trkpt lat="-26.2263830" lon="-51.0941330">
    <ele>749.6</ele>
   </trkpt>
   <trkpt lat="-26.2264290" lon="-51.0941030">
    <ele>749.7</ele>
   </trkpt>
   <trkpt lat="-26.2264670" lon="-51.0940780">
    <ele>749.7</ele>
   </trkpt>
   <trkpt lat="-26.2265060" lon="-51.0940550">
    <ele>749.7</ele>
   </trkpt>
   <trkpt lat="-26.2265470" lon="-51.0940310">
    <ele>749.8</ele>
   </trkpt>
   <trkpt lat="-26.2265850" lon="-51.0940000">
    <ele>749.8</ele>
   </trkpt>
   <trkpt lat="-26.2266280" lon="-51.0939730">
    <ele>749.9</ele>
   </trkpt>
   <trkpt lat="-26.2266620" lon="-51.0939450">
    <ele>749.9</ele>
   </trkpt>
   <trkpt lat="-26.2266970" lon="-51.0939140">
    <ele>750.0</ele>
   </trkpt>
   <trkpt lat="-26.2267330" lon="-51.0938890">
    <ele>750.0</ele>
   </trkpt>
   <trkpt lat="-26.2267680" lon="-51.0938650">
    <ele>750.1</ele>
   </trkpt>
   <trkpt lat="-26.2268020" lon="-51.0938400">
    <ele>750.1</ele>
   </trkpt>
   <trkpt lat="-26.2268380" lon="-51.0938120">
    <ele>750.2</ele>
   </trkpt>
   <trkpt lat="-26.2268790" lon="-51.0937920">
    <ele>750.3</ele>
   </trkpt>
   <trkpt lat="-26.2269190" lon="-51.0937630">
    <ele>750.5</ele>
   </trkpt>
   <trkpt lat="-26.2269580" lon="-51.0937360">
    <ele>750.6</ele>
   </trkpt>
   <trkpt lat="-26.2269960" lon="-51.0937130">
    <ele>750.8</ele>
   </trkpt>
   <trkpt lat="-26.2270320" lon="-51.0936860">
    <ele>750.9</ele>
   </trkpt>
   <trkpt lat="-26.2270680" lon="-51.0936590">
    <ele>751.1</ele>
   </trkpt>
   <trkpt lat="-26.2271060" lon="-51.0936370">
    <ele>751.2</ele>
   </trkpt>
   <trkpt lat="-26.2271410" lon="-51.0936130">
    <ele>751.4</ele>
   </trkpt>
   <trkpt lat="-26.2271760" lon="-51.0935920">
    <ele>751.5</ele>
   </trkpt>
   <trkpt lat="-26.2272120" lon="-51.0935650">
    <ele>751.6</ele>
   </trkpt>
   <trkpt lat="-26.2272450" lon="-51.0935410">
    <ele>751.8</ele>
   </trkpt>
   <trkpt lat="-26.2272770" lon="-51.0935160">
    <ele>751.9</ele>
   </trkpt>
   <trkpt lat="-26.2273070" lon="-51.0934890">
    <ele>752.0</ele>
   </trkpt>
   <trkpt lat="-26.2273500" lon="-51.0934650">
    <ele>752.2</ele>
   </trkpt>
   <trkpt lat="-26.2273850" lon="-51.0934460">
    <ele>752.3</ele>
   </trkpt>
   <trkpt lat="-26.2274160" lon="-51.0934190">
    <ele>752.4</ele>
   </trkpt>
   <trkpt lat="-26.2274520" lon="-51.0933920">
    <ele>752.5</ele>
   </trkpt>
   <trkpt lat="-26.2274910" lon="-51.0933660">
    <ele>752.6</ele>
   </trkpt>
   <trkpt lat="-26.2275290" lon="-51.0933340">
    <ele>752.7</ele>
   </trkpt>
   <trkpt lat="-26.2275630" lon="-51.0933100">
    <ele>752.7</ele>
   </trkpt>
   <trkpt lat="-26.2275950" lon="-51.0932840">
    <ele>752.8</ele>
   </trkpt>
   <trkpt lat="-26.2276290" lon="-51.0932620">
    <ele>752.9</ele>
   </trkpt>
   <trkpt lat="-26.2276620" lon="-51.0932350">
    <ele>753.0</ele>
   </trkpt>
   <trkpt lat="-26.2276950" lon="-51.0932090">
    <ele>753.0</ele>
   </trkpt>
   <trkpt lat="-26.2277300" lon="-51.0931840">
    <ele>753.0</ele>
   </trkpt>
   <trkpt lat="-26.2277640" lon="-51.0931570">
    <ele>753.0</ele>
   </trkpt>
   <trkpt lat="-26.2277990" lon="-51.0931330">
    <ele>753.0</ele>
   </trkpt>
   <trkpt lat="-26.2278340" lon="-51.0931070">
    <ele>753.1</ele>
   </trkpt>
   <trkpt lat="-26.2278680" lon="-51.0930840">
    <ele>753.1</ele>
   </trkpt>
   <trkpt lat="-26.2279050" lon="-51.0930620">
    <ele>753.1</ele>
   </trkpt>
   <trkpt lat="-26.2279410" lon="-51.0930380">
    <ele>753.2</ele>
   </trkpt>
   <trkpt lat="-26.2279760" lon="-51.0930100">
    <ele>753.2</ele>
   </trkpt>
   <trkpt lat="-26.2280130" lon="-51.0929870">
    <ele>753.2</ele>
   </trkpt>
   <trkpt lat="-26.2280480" lon="-51.0929650">
    <ele>753.3</ele>
   </trkpt>
   <trkpt lat="-26.2280810" lon="-51.0929410">
    <ele>753.3</ele>
   </trkpt>
   <trkpt lat="-26.2281170" lon="-51.0929170">
    <ele>753.3</ele>
   </trkpt>
   <trkpt lat="-26.2281540" lon="-51.0928900">
    <ele>753.4</ele>
   </trkpt>
   <trkpt lat="-26.2281900" lon="-51.0928640">
    <ele>753.4</ele>
   </trkpt>
   <trkpt lat="-26.2282230" lon="-51.0928400">
    <ele>753.4</ele>
   </trkpt>
   <trkpt lat="-26.2282590" lon="-51.0928140">
    <ele>753.4</ele>
   </trkpt>
   <trkpt lat="-26.2282970" lon="-51.0927870">
    <ele>753.5</ele>
   </trkpt>
   <trkpt lat="-26.2283320" lon="-51.0927610">
    <ele>753.5</ele>
   </trkpt>
   <trkpt lat="-26.2283680" lon="-51.0927390">
    <ele>753.6</ele>
   </trkpt>
   <trkpt lat="-26.2284030" lon="-51.0927110">
    <ele>753.6</ele>
   </trkpt>
   <trkpt lat="-26.2284380" lon="-51.0926850">
    <ele>753.6</ele>
   </trkpt>
   <trkpt lat="-26.2284710" lon="-51.0926590">
    <ele>753.7</ele>
   </trkpt>
   <trkpt lat="-26.2285080" lon="-51.0926360">
    <ele>753.7</ele>
   </trkpt>
   <trkpt lat="-26.2285440" lon="-51.0926140">
    <ele>753.8</ele>
   </trkpt>
   <trkpt lat="-26.2285790" lon="-51.0925930">
    <ele>753.8</ele>
   </trkpt>
   <trkpt lat="-26.2286120" lon="-51.0925700">
    <ele>753.9</ele>
   </trkpt>
   <trkpt lat="-26.2286460" lon="-51.0925440">
    <ele>753.9</ele>
   </trkpt>
   <trkpt lat="-26.2286790" lon="-51.0925190">
    <ele>754.0</ele>
   </trkpt>
   <trkpt lat="-26.2287060" lon="-51.0924990">
    <ele>754.0</ele>
   </trkpt>
   <trkpt lat="-26.2287350" lon="-51.0924780">
    <ele>754.0</ele>
   </trkpt>
   <trkpt lat="-26.2287620" lon="-51.0924630">
    <ele>754.0</ele>
   </trkpt>
   <trkpt lat="-26.2287760" lon="-51.0924600">
    <ele>754.0</ele>
   </trkpt>
   <trkpt lat="-26.2287800" lon="-51.0924620">
    <ele>754.0</ele>
   </trkpt>
   <trkpt lat="-26.2287910" lon="-51.0924690">
    <ele>753.9</ele>
   </trkpt>
   <trkpt lat="-26.2288130" lon="-51.0925020">
    <ele>753.9</ele>
   </trkpt>
   <trkpt lat="-26.2288210" lon="-51.0925140">
    <ele>753.9</ele>
   </trkpt>
   <trkpt lat="-26.2288450" lon="-51.0925510">
    <ele>753.8</ele>
   </trkpt>
   <trkpt lat="-26.2288550" lon="-51.0925640">
    <ele>753.8</ele>
   </trkpt>
   <trkpt lat="-26.2288750" lon="-51.0925920">
    <ele>753.7</ele>
   </trkpt>
   <trkpt lat="-26.2288970" lon="-51.0926160">
    <ele>753.7</ele>
   </trkpt>
   <trkpt lat="-26.2289200" lon="-51.0926580">
    <ele>753.6</ele>
   </trkpt>
   <trkpt lat="-26.2289290" lon="-51.0926750">
    <ele>753.6</ele>
   </trkpt>
   <trkpt lat="-26.2289460" lon="-51.0927080">
    <ele>753.6</ele>
   </trkpt>
   <trkpt lat="-26.2289670" lon="-51.0927470">
    <ele>753.5</ele>
   </trkpt>
   <trkpt lat="-26.2289800" lon="-51.0927760">
    <ele>753.5</ele>
   </trkpt>
   <trkpt lat="-26.2290020" lon="-51.0928160">
    <ele>753.4</ele>
   </trkpt>
   <trkpt lat="-26.2290140" lon="-51.0928510">
    <ele>753.3</ele>
   </trkpt>
   <trkpt lat="-26.2290450" lon="-51.0928860">
    <ele>753.2</ele>
   </trkpt>
   <trkpt lat="-26.2290680" lon="-51.0929310">
    <ele>753.1</ele>
   </trkpt>
   <trkpt lat="-26.2290790" lon="-51.0929540">
    <ele>753.1</ele>
   </trkpt>
   <trkpt lat="-26.2291050" lon="-51.0929940">
    <ele>753.0</ele>
   </trkpt>
   <trkpt lat="-26.2291260" lon="-51.0930340">
    <ele>753.0</ele>
   </trkpt>
   <trkpt lat="-26.2291450" lon="-51.0930710">
    <ele>753.0</ele>
   </trkpt>
   <trkpt lat="-26.2291640" lon="-51.0931070">
    <ele>753.0</ele>
   </trkpt>
   <trkpt lat="-26.2291900" lon="-51.0931400">
    <ele>753.0</ele>
   </trkpt>
   <trkpt lat="-26.2292130" lon="-51.0931730">
    <ele>753.0</ele>
   </trkpt>
   <trkpt lat="-26.2292350" lon="-51.0932070">
    <ele>753.1</ele>
   </trkpt>
   <trkpt lat="-26.2292560" lon="-51.0932420">
    <ele>753.1</ele>
   </trkpt>
   <trkpt lat="-26.2292780" lon="-51.0932750">
    <ele>753.1</ele>
   </trkpt>
   <trkpt lat="-26.2293010" lon="-51.0933080">
    <ele>753.1</ele>
   </trkpt>
   <trkpt lat="-26.2293170" lon="-51.0933410">
    <ele>753.1</ele>
   </trkpt>
   <trkpt lat="-26.2293330" lon="-51.0933730">
    <ele>753.1</ele>
   </trkpt>
   <trkpt lat="-26.2293510" lon="-51.0933990">
    <ele>753.2</ele>
   </trkpt>
   <trkpt lat="-26.2293660" lon="-51.0934320">
    <ele>753.2</ele>
   </trkpt>
   <trkpt lat="-26.2293830" lon="-51.0934600">
    <ele>753.2</ele>
   </trkpt>
   <trkpt lat="-26.2293990" lon="-51.0934920">
    <ele>753.2</ele>
   </trkpt>
   <trkpt lat="-26.2294030" lon="-51.0934990">
    <ele>753.2</ele>
   </trkpt>
   <trkpt lat="-26.2294050" lon="-51.0934980">
    <ele>753.2</ele>
   </trkpt>
   <trkpt lat="-26.2294030" lon="-51.0934980">
    <ele>753.2</ele>
   </trkpt>
   <trkpt lat="-26.2294070" lon="-51.0934940">
    <ele>753.2</ele>
   </trkpt>
   <trkpt lat="-26.2294110" lon="-51.0934940">
    <ele>753.2</ele>
   </trkpt>
   <trkpt lat="-26.2294130" lon="-51.0935000">
    <ele>753.2</ele>
   </trkpt>
   <trkpt lat="-26.2294120" lon="-51.0934950">
    <ele>753.2</ele>
   </trkpt>
   <trkpt lat="-26.2294140" lon="-51.0934950">
    <ele>753.2</ele>
   </trkpt>
   <trkpt lat="-26.2294190" lon="-51.0935040">
    <ele>753.2</ele>
   </trkpt>
   <trkpt lat="-26.2294180" lon="-51.0935020">
    <ele>753.2</ele>
   </trkpt>
   <trkpt lat="-26.2294210" lon="-51.0935130">
    <ele>753.2</ele>
   </trkpt>
   <trkpt lat="-26.2293900" lon="-51.0935410">
    <ele>753.2</ele>
   </trkpt>
   <trkpt lat="-26.2293880" lon="-51.0935390">
    <ele>753.2</ele>
   </trkpt>
   <trkpt lat="-26.2293850" lon="-51.0935420">
    <ele>753.2</ele>
   </trkpt>
   <trkpt lat="-26.2293830" lon="-51.0935450">
    <ele>753.2</ele>
   </trkpt>
   <trkpt lat="-26.2293830" lon="-51.0935460">
    <ele>753.2</ele>
   </trkpt>
   <trkpt lat="-26.2293780" lon="-51.0935470">
    <ele>753.2</ele>
   </trkpt>
   <trkpt lat="-26.2293740" lon="-51.0935480">
    <ele>753.2</ele>
   </trkpt>
   <trkpt lat="-26.2293700" lon="-51.0935470">
    <ele>753.2</ele>
   </trkpt>
   <trkpt lat="-26.2293680" lon="-51.0935470">
    <ele>753.2</ele>
   </trkpt>
   <trkpt lat="-26.2293670" lon="-51.0935460">
    <ele>753.2</ele>
   </trkpt>
   <trkpt lat="-26.2293290" lon="-51.0935560">
    <ele>753.3</ele>
   </trkpt>
   <trkpt lat="-26.2293130" lon="-51.0935600">
    <ele>753.3</ele>
   </trkpt>
   <trkpt lat="-26.2292980" lon="-51.0935630">
    <ele>753.3</ele>
   </trkpt>
   <trkpt lat="-26.2292840" lon="-51.0935660">
    <ele>753.3</ele>
   </trkpt>
   <trkpt lat="-26.2292670" lon="-51.0935680">
    <ele>753.3</ele>
   </trkpt>
   <trkpt lat="-26.2292550" lon="-51.0935650">
    <ele>753.3</ele>
   </trkpt>
   <trkpt lat="-26.2292380" lon="-51.0935660">
    <ele>753.3</ele>
   </trkpt>
   <trkpt lat="-26.2292900" lon="-51.0935530">
    <ele>753.4</ele>
   </trkpt>
   <trkpt lat="-26.2293220" lon="-51.0935410">
    <ele>753.4</ele>
   </trkpt>
   <trkpt lat="-26.2293540" lon="-51.0935330">
    <ele>753.4</ele>
   </trkpt>
   <trkpt lat="-26.2293790" lon="-51.0935330">
    <ele>753.4</ele>
   </trkpt>
   <trkpt lat="-26.2293830" lon="-51.0935420">
    <ele>753.4</ele>
   </trkpt>
   <trkpt lat="-26.2293800" lon="-51.0935410">
    <ele>753.4</ele>
   </trkpt>
   <trkpt lat="-26.2293810" lon="-51.0935350">
    <ele>753.4</ele>
   </trkpt>
   <trkpt lat="-26.2293800" lon="-51.0935300">
    <ele>753.4</ele>
   </trkpt>
   <trkpt lat="-26.2293950" lon="-51.0935470">
    <ele>753.4</ele>
   </trkpt>
   <trkpt lat="-26.2295470" lon="-51.0938200">
    <ele>753.6</ele>
   </trkpt>
   <trkpt lat="-26.2295420" lon="-51.0938010">
    <ele>753.6</ele>
   </trkpt>
   <trkpt lat="-26.2295430" lon="-51.0938780">
    <ele>753.7</ele>
   </trkpt>
   <trkpt lat="-26.2297360" lon="-51.0942490">
    <ele>753.6</ele>
   </trkpt>
   <trkpt lat="-26.2297630" lon="-51.0943180">
    <ele>753.0</ele>
   </trkpt>
   <trkpt lat="-26.2297760" lon="-51.0943520">
    <ele>752.8</ele>
   </trkpt>
   <trkpt lat="-26.2297890" lon="-51.0943870">
    <ele>752.5</ele>
   </trkpt>
   <trkpt lat="-26.2289590" lon="-51.0937020">
    <ele>753.2</ele>
   </trkpt>
  </trkseg>
 </trk>
</gpx>
