<?xml version="1.0" encoding="UTF-8"?>
<gpx xmlns:xsi="http://www.w3.org/2001/XMLSchema-instance" xsi:schemaLocation="http://www.topografix.com/GPX/1/1 http://www.topografix.com/GPX/1/1/gpx.xsd" creator="StravaGPX" version="1.1" xmlns="http://www.topografix.com/GPX/1/1">
 <trk>
  <name>Giro com os brutos de União da vitória e Porto União</name>
  <type>cycling</type>
  <trkseg>
   <trkpt lat="-26.2519930" lon="-51.0814250">
    <ele>772.4</ele>
   </trkpt>
   <trkpt lat="-26.2520300" lon="-51.0813850">
    <ele>772.3</ele>
   </trkpt>
   <trkpt lat="-26.2520670" lon="-51.0813460">
    <ele>772.2</ele>
   </trkpt>
   <trkpt lat="-26.2521060" lon="-51.0813060">
    <ele>772.2</ele>
   </trkpt>
   <trkpt lat="-26.2521460" lon="-51.0812650">
    <ele>772.1</ele>
   </trkpt>
   <trkpt lat="-26.2521860" lon="-51.0812250">
    <ele>772.0</ele>
   </trkpt>
   <trkpt lat="-26.2522260" lon="-51.0811840">
    <ele>771.9</ele>
   </trkpt>
   <trkpt lat="-26.2522670" lon="-51.0811450">
    <ele>771.8</ele>
   </trkpt>
   <trkpt lat="-26.2523090" lon="-51.0811090">
    <ele>771.8</ele>
   </trkpt>
   <trkpt lat="-26.2523530" lon="-51.0810710">
    <ele>771.7</ele>
   </trkpt>
   <trkpt lat="-26.2523970" lon="-51.0810330">
    <ele>771.6</ele>
   </trkpt>
   <trkpt lat="-26.2524400" lon="-51.0809930">
    <ele>771.5</ele>
   </trkpt>
   <trkpt lat="-26.2524820" lon="-51.0809510">
    <ele>771.4</ele>
   </trkpt>
   <trkpt lat="-26.2525250" lon="-51.0809120">
    <ele>771.4</ele>
   </trkpt>
   <trkpt lat="-26.2525680" lon="-51.0808720">
    <ele>771.3</ele>
   </trkpt>
   <trkpt lat="-26.2526120" lon="-51.0808340">
    <ele>771.2</ele>
   </trkpt>
   <trkpt lat="-26.2526560" lon="-51.0807950">
    <ele>771.2</ele>
   </trkpt>
   <trkpt lat="-26.2526960" lon="-51.0807570">
    <ele>771.1</ele>
   </trkpt>
   <trkpt lat="-26.2527360" lon="-51.0807180">
    <ele>771.1</ele>
   </trkpt>
   <trkpt lat="-26.2527850" lon="-51.0806720">
    <ele>771.0</ele>
   </trkpt>
   <trkpt lat="-26.2528240" lon="-51.0806340">
    <ele>771.0</ele>
   </trkpt>
   <trkpt lat="-26.2528650" lon="-51.0805980">
    <ele>770.9</ele>
   </trkpt>
   <trkpt lat="-26.2529050" lon="-51.0805600">
    <ele>770.9</ele>
   </trkpt>
   <trkpt lat="-26.2529380" lon="-51.0805310">
    <ele>770.8</ele>
   </trkpt>
   <trkpt lat="-26.2529880" lon="-51.0804860">
    <ele>770.8</ele>
   </trkpt>
   <trkpt lat="-26.2530200" lon="-51.0804560">
    <ele>770.7</ele>
   </trkpt>
   <trkpt lat="-26.2530670" lon="-51.0804080">
    <ele>770.7</ele>
   </trkpt>
   <trkpt lat="-26.2531050" lon="-51.0803670">
    <ele>770.7</ele>
   </trkpt>
   <trkpt lat="-26.2531430" lon="-51.0803250">
    <ele>770.6</ele>
   </trkpt>
   <trkpt lat="-26.2531800" lon="-51.0802830">
    <ele>770.6</ele>
   </trkpt>
   <trkpt lat="-26.2532070" lon="-51.0802470">
    <ele>770.6</ele>
   </trkpt>
   <trkpt lat="-26.2532480" lon="-51.0801950">
    <ele>770.6</ele>
   </trkpt>
   <trkpt lat="-26.2532830" lon="-51.0801520">
    <ele>770.6</ele>
   </trkpt>
   <trkpt lat="-26.2533180" lon="-51.0801070">
    <ele>770.5</ele>
   </trkpt>
   <trkpt lat="-26.2533460" lon="-51.0800730">
    <ele>770.5</ele>
   </trkpt>
   <trkpt lat="-26.2533870" lon="-51.0800220">
    <ele>770.5</ele>
   </trkpt>
   <trkpt lat="-26.2534180" lon="-51.0799730">
    <ele>770.4</ele>
   </trkpt>
   <trkpt lat="-26.2534560" lon="-51.0799220">
    <ele>770.3</ele>
   </trkpt>
   <trkpt lat="-26.2534920" lon="-51.0798760">
    <ele>770.3</ele>
   </trkpt>
   <trkpt lat="-26.2535270" lon="-51.0798270">
    <ele>770.2</ele>
   </trkpt>
   <trkpt lat="-26.2535550" lon="-51.0797880">
    <ele>770.2</ele>
   </trkpt>
   <trkpt lat="-26.2535980" lon="-51.0797290">
    <ele>770.1</ele>
   </trkpt>
   <trkpt lat="-26.2536330" lon="-51.0796820">
    <ele>770.0</ele>
   </trkpt>
   <trkpt lat="-26.2536690" lon="-51.0796330">
    <ele>769.9</ele>
   </trkpt>
   <trkpt lat="-26.2537060" lon="-51.0795870">
    <ele>769.8</ele>
   </trkpt>
   <trkpt lat="-26.2537350" lon="-51.0795500">
    <ele>769.7</ele>
   </trkpt>
   <trkpt lat="-26.2537770" lon="-51.0794900">
    <ele>769.6</ele>
   </trkpt>
   <trkpt lat="-26.2538100" lon="-51.0794390">
    <ele>769.5</ele>
   </trkpt>
   <trkpt lat="-26.2538430" lon="-51.0793870">
    <ele>769.3</ele>
   </trkpt>
   <trkpt lat="-26.2538750" lon="-51.0793310">
    <ele>769.2</ele>
   </trkpt>
   <trkpt lat="-26.2539040" lon="-51.0792740">
    <ele>769.0</ele>
   </trkpt>
   <trkpt lat="-26.2539330" lon="-51.0792150">
    <ele>768.8</ele>
   </trkpt>
   <trkpt lat="-26.2539610" lon="-51.0791580">
    <ele>768.6</ele>
   </trkpt>
   <trkpt lat="-26.2539900" lon="-51.0790970">
    <ele>768.3</ele>
   </trkpt>
   <trkpt lat="-26.2540200" lon="-51.0790350">
    <ele>768.1</ele>
   </trkpt>
   <trkpt lat="-26.2540430" lon="-51.0789840">
    <ele>767.9</ele>
   </trkpt>
   <trkpt lat="-26.2540710" lon="-51.0789220">
    <ele>767.6</ele>
   </trkpt>
   <trkpt lat="-26.2541000" lon="-51.0788550">
    <ele>767.3</ele>
   </trkpt>
   <trkpt lat="-26.2541350" lon="-51.0787750">
    <ele>766.9</ele>
   </trkpt>
   <trkpt lat="-26.2541670" lon="-51.0787100">
    <ele>766.6</ele>
   </trkpt>
   <trkpt lat="-26.2541940" lon="-51.0786590">
    <ele>766.4</ele>
   </trkpt>
   <trkpt lat="-26.2542270" lon="-51.0785890">
    <ele>766.0</ele>
   </trkpt>
   <trkpt lat="-26.2542600" lon="-51.0785180">
    <ele>765.8</ele>
   </trkpt>
   <trkpt lat="-26.2542990" lon="-51.0784320">
    <ele>765.4</ele>
   </trkpt>
   <trkpt lat="-26.2543300" lon="-51.0783580">
    <ele>765.2</ele>
   </trkpt>
   <trkpt lat="-26.2543540" lon="-51.0782970">
    <ele>765.0</ele>
   </trkpt>
   <trkpt lat="-26.2543850" lon="-51.0782200">
    <ele>764.8</ele>
   </trkpt>
   <trkpt lat="-26.2544270" lon="-51.0781300">
    <ele>764.5</ele>
   </trkpt>
   <trkpt lat="-26.2544610" lon="-51.0780530">
    <ele>764.2</ele>
   </trkpt>
   <trkpt lat="-26.2544960" lon="-51.0779780">
    <ele>764.0</ele>
   </trkpt>
   <trkpt lat="-26.2545320" lon="-51.0779020">
    <ele>763.7</ele>
   </trkpt>
   <trkpt lat="-26.2545690" lon="-51.0778260">
    <ele>763.5</ele>
   </trkpt>
   <trkpt lat="-26.2546070" lon="-51.0777500">
    <ele>763.2</ele>
   </trkpt>
   <trkpt lat="-26.2546450" lon="-51.0776740">
    <ele>763.0</ele>
   </trkpt>
   <trkpt lat="-26.2546810" lon="-51.0775980">
    <ele>762.8</ele>
   </trkpt>
   <trkpt lat="-26.2547170" lon="-51.0775210">
    <ele>762.7</ele>
   </trkpt>
   <trkpt lat="-26.2547440" lon="-51.0774600">
    <ele>762.5</ele>
   </trkpt>
   <trkpt lat="-26.2547810" lon="-51.0773840">
    <ele>762.4</ele>
   </trkpt>
   <trkpt lat="-26.2548240" lon="-51.0772940">
    <ele>762.3</ele>
   </trkpt>
   <trkpt lat="-26.2548590" lon="-51.0772210">
    <ele>762.2</ele>
   </trkpt>
   <trkpt lat="-26.2548930" lon="-51.0771470">
    <ele>762.1</ele>
   </trkpt>
   <trkpt lat="-26.2549270" lon="-51.0770740">
    <ele>762.1</ele>
   </trkpt>
   <trkpt lat="-26.2549620" lon="-51.0770010">
    <ele>762.0</ele>
   </trkpt>
   <trkpt lat="-26.2549970" lon="-51.0769300">
    <ele>762.0</ele>
   </trkpt>
   <trkpt lat="-26.2550300" lon="-51.0768610">
    <ele>762.0</ele>
   </trkpt>
   <trkpt lat="-26.2550620" lon="-51.0767940">
    <ele>762.0</ele>
   </trkpt>
   <trkpt lat="-26.2550930" lon="-51.0767270">
    <ele>762.0</ele>
   </trkpt>
   <trkpt lat="-26.2551250" lon="-51.0766640">
    <ele>762.0</ele>
   </trkpt>
   <trkpt lat="-26.2551540" lon="-51.0765980">
    <ele>762.1</ele>
   </trkpt>
   <trkpt lat="-26.2551840" lon="-51.0765340">
    <ele>762.1</ele>
   </trkpt>
   <trkpt lat="-26.2552170" lon="-51.0764720">
    <ele>762.2</ele>
   </trkpt>
   <trkpt lat="-26.2552480" lon="-51.0764090">
    <ele>762.2</ele>
   </trkpt>
   <trkpt lat="-26.2552760" lon="-51.0763480">
    <ele>762.2</ele>
   </trkpt>
   <trkpt lat="-26.2553040" lon="-51.0762860">
    <ele>762.3</ele>
   </trkpt>
   <trkpt lat="-26.2553320" lon="-51.0762240">
    <ele>762.3</ele>
   </trkpt>
   <trkpt lat="-26.2553580" lon="-51.0761610">
    <ele>762.3</ele>
   </trkpt>
   <trkpt lat="-26.2553840" lon="-51.0761020">
    <ele>762.3</ele>
   </trkpt>
   <trkpt lat="-26.2554120" lon="-51.0760440">
    <ele>762.3</ele>
   </trkpt>
   <trkpt lat="-26.2554380" lon="-51.0759880">
    <ele>762.3</ele>
   </trkpt>
   <trkpt lat="-26.2554640" lon="-51.0759300">
    <ele>762.3</ele>
   </trkpt>
   <trkpt lat="-26.2554910" lon="-51.0758720">
    <ele>762.3</ele>
   </trkpt>
   <trkpt lat="-26.2555170" lon="-51.0758170">
    <ele>762.3</ele>
   </trkpt>
   <trkpt lat="-26.2555430" lon="-51.0757620">
    <ele>762.3</ele>
   </trkpt>
   <trkpt lat="-26.2555690" lon="-51.0757070">
    <ele>762.3</ele>
   </trkpt>
   <trkpt lat="-26.2555950" lon="-51.0756510">
    <ele>762.3</ele>
   </trkpt>
   <trkpt lat="-26.2556210" lon="-51.0755970">
    <ele>762.3</ele>
   </trkpt>
   <trkpt lat="-26.2556460" lon="-51.0755430">
    <ele>762.3</ele>
   </trkpt>
   <trkpt lat="-26.2556720" lon="-51.0754900">
    <ele>762.3</ele>
   </trkpt>
   <trkpt lat="-26.2556960" lon="-51.0754380">
    <ele>762.4</ele>
   </trkpt>
   <trkpt lat="-26.2557180" lon="-51.0753880">
    <ele>762.4</ele>
   </trkpt>
   <trkpt lat="-26.2557410" lon="-51.0753390">
    <ele>762.4</ele>
   </trkpt>
   <trkpt lat="-26.2557650" lon="-51.0752890">
    <ele>762.4</ele>
   </trkpt>
   <trkpt lat="-26.2557890" lon="-51.0752380">
    <ele>762.5</ele>
   </trkpt>
   <trkpt lat="-26.2558130" lon="-51.0751860">
    <ele>762.5</ele>
   </trkpt>
   <trkpt lat="-26.2558390" lon="-51.0751400">
    <ele>762.5</ele>
   </trkpt>
   <trkpt lat="-26.2558660" lon="-51.0750920">
    <ele>762.6</ele>
   </trkpt>
   <trkpt lat="-26.2558970" lon="-51.0750420">
    <ele>762.6</ele>
   </trkpt>
   <trkpt lat="-26.2559330" lon="-51.0750010">
    <ele>762.7</ele>
   </trkpt>
   <trkpt lat="-26.2559750" lon="-51.0749750">
    <ele>762.8</ele>
   </trkpt>
   <trkpt lat="-26.2560180" lon="-51.0749520">
    <ele>762.9</ele>
   </trkpt>
   <trkpt lat="-26.2560580" lon="-51.0749230">
    <ele>763.1</ele>
   </trkpt>
   <trkpt lat="-26.2560940" lon="-51.0748940">
    <ele>763.1</ele>
   </trkpt>
   <trkpt lat="-26.2561230" lon="-51.0748630">
    <ele>763.0</ele>
   </trkpt>
   <trkpt lat="-26.2561420" lon="-51.0748170">
    <ele>762.9</ele>
   </trkpt>
   <trkpt lat="-26.2561550" lon="-51.0747590">
    <ele>762.7</ele>
   </trkpt>
   <trkpt lat="-26.2561660" lon="-51.0746950">
    <ele>762.6</ele>
   </trkpt>
   <trkpt lat="-26.2561820" lon="-51.0746230">
    <ele>762.4</ele>
   </trkpt>
   <trkpt lat="-26.2562120" lon="-51.0745570">
    <ele>762.2</ele>
   </trkpt>
   <trkpt lat="-26.2562470" lon="-51.0745160">
    <ele>762.2</ele>
   </trkpt>
   <trkpt lat="-26.2563100" lon="-51.0744610">
    <ele>762.0</ele>
   </trkpt>
   <trkpt lat="-26.2563670" lon="-51.0744160">
    <ele>761.9</ele>
   </trkpt>
   <trkpt lat="-26.2564220" lon="-51.0743730">
    <ele>761.8</ele>
   </trkpt>
   <trkpt lat="-26.2564750" lon="-51.0743310">
    <ele>761.8</ele>
   </trkpt>
   <trkpt lat="-26.2565260" lon="-51.0742900">
    <ele>761.7</ele>
   </trkpt>
   <trkpt lat="-26.2565760" lon="-51.0742490">
    <ele>761.7</ele>
   </trkpt>
   <trkpt lat="-26.2566270" lon="-51.0742060">
    <ele>761.7</ele>
   </trkpt>
   <trkpt lat="-26.2566740" lon="-51.0741640">
    <ele>761.6</ele>
   </trkpt>
   <trkpt lat="-26.2567220" lon="-51.0741240">
    <ele>761.6</ele>
   </trkpt>
   <trkpt lat="-26.2567680" lon="-51.0740860">
    <ele>761.6</ele>
   </trkpt>
   <trkpt lat="-26.2568130" lon="-51.0740470">
    <ele>761.6</ele>
   </trkpt>
   <trkpt lat="-26.2568590" lon="-51.0740100">
    <ele>761.5</ele>
   </trkpt>
   <trkpt lat="-26.2569050" lon="-51.0739740">
    <ele>761.5</ele>
   </trkpt>
   <trkpt lat="-26.2569500" lon="-51.0739360">
    <ele>761.5</ele>
   </trkpt>
   <trkpt lat="-26.2569970" lon="-51.0738970">
    <ele>761.4</ele>
   </trkpt>
   <trkpt lat="-26.2570430" lon="-51.0738590">
    <ele>761.4</ele>
   </trkpt>
   <trkpt lat="-26.2570890" lon="-51.0738210">
    <ele>761.4</ele>
   </trkpt>
   <trkpt lat="-26.2571350" lon="-51.0737840">
    <ele>761.4</ele>
   </trkpt>
   <trkpt lat="-26.2571820" lon="-51.0737450">
    <ele>761.4</ele>
   </trkpt>
   <trkpt lat="-26.2572280" lon="-51.0737060">
    <ele>761.3</ele>
   </trkpt>
   <trkpt lat="-26.2572730" lon="-51.0736690">
    <ele>761.3</ele>
   </trkpt>
   <trkpt lat="-26.2573180" lon="-51.0736310">
    <ele>761.3</ele>
   </trkpt>
   <trkpt lat="-26.2573630" lon="-51.0735920">
    <ele>761.3</ele>
   </trkpt>
   <trkpt lat="-26.2574080" lon="-51.0735530">
    <ele>761.3</ele>
   </trkpt>
   <trkpt lat="-26.2574520" lon="-51.0735140">
    <ele>761.2</ele>
   </trkpt>
   <trkpt lat="-26.2574960" lon="-51.0734760">
    <ele>761.2</ele>
   </trkpt>
   <trkpt lat="-26.2575380" lon="-51.0734390">
    <ele>761.2</ele>
   </trkpt>
   <trkpt lat="-26.2575800" lon="-51.0734020">
    <ele>761.1</ele>
   </trkpt>
   <trkpt lat="-26.2576230" lon="-51.0733640">
    <ele>761.1</ele>
   </trkpt>
   <trkpt lat="-26.2576660" lon="-51.0733290">
    <ele>761.1</ele>
   </trkpt>
   <trkpt lat="-26.2577100" lon="-51.0732900">
    <ele>761.0</ele>
   </trkpt>
   <trkpt lat="-26.2577570" lon="-51.0732520">
    <ele>761.0</ele>
   </trkpt>
   <trkpt lat="-26.2578030" lon="-51.0732140">
    <ele>761.0</ele>
   </trkpt>
   <trkpt lat="-26.2578480" lon="-51.0731750">
    <ele>760.9</ele>
   </trkpt>
   <trkpt lat="-26.2578940" lon="-51.0731370">
    <ele>760.9</ele>
   </trkpt>
   <trkpt lat="-26.2579390" lon="-51.0731010">
    <ele>760.9</ele>
   </trkpt>
   <trkpt lat="-26.2579830" lon="-51.0730620">
    <ele>760.9</ele>
   </trkpt>
   <trkpt lat="-26.2580240" lon="-51.0730230">
    <ele>760.8</ele>
   </trkpt>
   <trkpt lat="-26.2580670" lon="-51.0729840">
    <ele>760.8</ele>
   </trkpt>
   <trkpt lat="-26.2581110" lon="-51.0729450">
    <ele>760.7</ele>
   </trkpt>
   <trkpt lat="-26.2581540" lon="-51.0729080">
    <ele>760.7</ele>
   </trkpt>
   <trkpt lat="-26.2581960" lon="-51.0728720">
    <ele>760.7</ele>
   </trkpt>
   <trkpt lat="-26.2582380" lon="-51.0728350">
    <ele>760.6</ele>
   </trkpt>
   <trkpt lat="-26.2582780" lon="-51.0727980">
    <ele>760.6</ele>
   </trkpt>
   <trkpt lat="-26.2583190" lon="-51.0727630">
    <ele>760.6</ele>
   </trkpt>
   <trkpt lat="-26.2583610" lon="-51.0727270">
    <ele>760.5</ele>
   </trkpt>
   <trkpt lat="-26.2584030" lon="-51.0726900">
    <ele>760.5</ele>
   </trkpt>
   <trkpt lat="-26.2584450" lon="-51.0726540">
    <ele>760.5</ele>
   </trkpt>
   <trkpt lat="-26.2584860" lon="-51.0726180">
    <ele>760.5</ele>
   </trkpt>
   <trkpt lat="-26.2585270" lon="-51.0725810">
    <ele>760.5</ele>
   </trkpt>
   <trkpt lat="-26.2585680" lon="-51.0725440">
    <ele>760.5</ele>
   </trkpt>
   <trkpt lat="-26.2586070" lon="-51.0725070">
    <ele>760.5</ele>
   </trkpt>
   <trkpt lat="-26.2586410" lon="-51.0724730">
    <ele>760.6</ele>
   </trkpt>
   <trkpt lat="-26.2586700" lon="-51.0724400">
    <ele>760.6</ele>
   </trkpt>
   <trkpt lat="-26.2587030" lon="-51.0724080">
    <ele>760.7</ele>
   </trkpt>
   <trkpt lat="-26.2587460" lon="-51.0723810">
    <ele>760.7</ele>
   </trkpt>
   <trkpt lat="-26.2587910" lon="-51.0723660">
    <ele>760.8</ele>
   </trkpt>
   <trkpt lat="-26.2588360" lon="-51.0723590">
    <ele>760.9</ele>
   </trkpt>
   <trkpt lat="-26.2588810" lon="-51.0723540">
    <ele>760.9</ele>
   </trkpt>
   <trkpt lat="-26.2589260" lon="-51.0723510">
    <ele>761.0</ele>
   </trkpt>
   <trkpt lat="-26.2589740" lon="-51.0723480">
    <ele>761.0</ele>
   </trkpt>
   <trkpt lat="-26.2590260" lon="-51.0723460">
    <ele>761.1</ele>
   </trkpt>
   <trkpt lat="-26.2590800" lon="-51.0723430">
    <ele>761.1</ele>
   </trkpt>
   <trkpt lat="-26.2591340" lon="-51.0723390">
    <ele>761.1</ele>
   </trkpt>
   <trkpt lat="-26.2591870" lon="-51.0723300">
    <ele>761.2</ele>
   </trkpt>
   <trkpt lat="-26.2592400" lon="-51.0723190">
    <ele>761.2</ele>
   </trkpt>
   <trkpt lat="-26.2592920" lon="-51.0723000">
    <ele>761.2</ele>
   </trkpt>
   <trkpt lat="-26.2593440" lon="-51.0722780">
    <ele>761.2</ele>
   </trkpt>
   <trkpt lat="-26.2593970" lon="-51.0722580">
    <ele>761.2</ele>
   </trkpt>
   <trkpt lat="-26.2594520" lon="-51.0722390">
    <ele>761.2</ele>
   </trkpt>
   <trkpt lat="-26.2595060" lon="-51.0722220">
    <ele>761.1</ele>
   </trkpt>
   <trkpt lat="-26.2595600" lon="-51.0722060">
    <ele>761.1</ele>
   </trkpt>
   <trkpt lat="-26.2596190" lon="-51.0721890">
    <ele>761.1</ele>
   </trkpt>
   <trkpt lat="-26.2596740" lon="-51.0721730">
    <ele>761.1</ele>
   </trkpt>
   <trkpt lat="-26.2597280" lon="-51.0721600">
    <ele>761.1</ele>
   </trkpt>
   <trkpt lat="-26.2597840" lon="-51.0721440">
    <ele>761.0</ele>
   </trkpt>
   <trkpt lat="-26.2598400" lon="-51.0721290">
    <ele>761.0</ele>
   </trkpt>
   <trkpt lat="-26.2598970" lon="-51.0721160">
    <ele>761.0</ele>
   </trkpt>
   <trkpt lat="-26.2599540" lon="-51.0721030">
    <ele>761.0</ele>
   </trkpt>
   <trkpt lat="-26.2600140" lon="-51.0720890">
    <ele>761.1</ele>
   </trkpt>
   <trkpt lat="-26.2600720" lon="-51.0720820">
    <ele>761.1</ele>
   </trkpt>
   <trkpt lat="-26.2601280" lon="-51.0720780">
    <ele>761.1</ele>
   </trkpt>
   <trkpt lat="-26.2601840" lon="-51.0720780">
    <ele>761.2</ele>
   </trkpt>
   <trkpt lat="-26.2602400" lon="-51.0720830">
    <ele>761.2</ele>
   </trkpt>
   <trkpt lat="-26.2602940" lon="-51.0720870">
    <ele>761.2</ele>
   </trkpt>
   <trkpt lat="-26.2603470" lon="-51.0720920">
    <ele>761.3</ele>
   </trkpt>
   <trkpt lat="-26.2604000" lon="-51.0720990">
    <ele>761.3</ele>
   </trkpt>
   <trkpt lat="-26.2604530" lon="-51.0721040">
    <ele>761.3</ele>
   </trkpt>
   <trkpt lat="-26.2605080" lon="-51.0721130">
    <ele>761.3</ele>
   </trkpt>
   <trkpt lat="-26.2605620" lon="-51.0721190">
    <ele>761.3</ele>
   </trkpt>
   <trkpt lat="-26.2606140" lon="-51.0721280">
    <ele>761.3</ele>
   </trkpt>
   <trkpt lat="-26.2606640" lon="-51.0721360">
    <ele>761.3</ele>
   </trkpt>
   <trkpt lat="-26.2607120" lon="-51.0721460">
    <ele>761.3</ele>
   </trkpt>
   <trkpt lat="-26.2607620" lon="-51.0721540">
    <ele>761.3</ele>
   </trkpt>
   <trkpt lat="-26.2608130" lon="-51.0721640">
    <ele>761.3</ele>
   </trkpt>
   <trkpt lat="-26.2608650" lon="-51.0721750">
    <ele>761.3</ele>
   </trkpt>
   <trkpt lat="-26.2609150" lon="-51.0721870">
    <ele>761.3</ele>
   </trkpt>
   <trkpt lat="-26.2609660" lon="-51.0722000">
    <ele>761.3</ele>
   </trkpt>
   <trkpt lat="-26.2610160" lon="-51.0722150">
    <ele>761.2</ele>
   </trkpt>
   <trkpt lat="-26.2610680" lon="-51.0722300">
    <ele>761.2</ele>
   </trkpt>
   <trkpt lat="-26.2611200" lon="-51.0722460">
    <ele>761.2</ele>
   </trkpt>
   <trkpt lat="-26.2611730" lon="-51.0722630">
    <ele>761.1</ele>
   </trkpt>
   <trkpt lat="-26.2612280" lon="-51.0722810">
    <ele>761.1</ele>
   </trkpt>
   <trkpt lat="-26.2612820" lon="-51.0723010">
    <ele>761.1</ele>
   </trkpt>
   <trkpt lat="-26.2613370" lon="-51.0723220">
    <ele>761.1</ele>
   </trkpt>
   <trkpt lat="-26.2613920" lon="-51.0723420">
    <ele>761.1</ele>
   </trkpt>
   <trkpt lat="-26.2614480" lon="-51.0723590">
    <ele>761.1</ele>
   </trkpt>
   <trkpt lat="-26.2615050" lon="-51.0723770">
    <ele>761.1</ele>
   </trkpt>
   <trkpt lat="-26.2615600" lon="-51.0723970">
    <ele>761.1</ele>
   </trkpt>
   <trkpt lat="-26.2616160" lon="-51.0724180">
    <ele>761.2</ele>
   </trkpt>
   <trkpt lat="-26.2616710" lon="-51.0724390">
    <ele>761.2</ele>
   </trkpt>
   <trkpt lat="-26.2617250" lon="-51.0724580">
    <ele>761.2</ele>
   </trkpt>
   <trkpt lat="-26.2617760" lon="-51.0724790">
    <ele>761.3</ele>
   </trkpt>
   <trkpt lat="-26.2618270" lon="-51.0724990">
    <ele>761.4</ele>
   </trkpt>
   <trkpt lat="-26.2618770" lon="-51.0725130">
    <ele>761.5</ele>
   </trkpt>
   <trkpt lat="-26.2619280" lon="-51.0725280">
    <ele>761.7</ele>
   </trkpt>
   <trkpt lat="-26.2619780" lon="-51.0725450">
    <ele>761.9</ele>
   </trkpt>
   <trkpt lat="-26.2620250" lon="-51.0725600">
    <ele>762.1</ele>
   </trkpt>
   <trkpt lat="-26.2620690" lon="-51.0725740">
    <ele>762.3</ele>
   </trkpt>
   <trkpt lat="-26.2621130" lon="-51.0725880">
    <ele>762.5</ele>
   </trkpt>
   <trkpt lat="-26.2621560" lon="-51.0726010">
    <ele>762.7</ele>
   </trkpt>
   <trkpt lat="-26.2621980" lon="-51.0726120">
    <ele>763.0</ele>
   </trkpt>
   <trkpt lat="-26.2622390" lon="-51.0726220">
    <ele>763.2</ele>
   </trkpt>
   <trkpt lat="-26.2622830" lon="-51.0726320">
    <ele>763.5</ele>
   </trkpt>
   <trkpt lat="-26.2623220" lon="-51.0726460">
    <ele>763.7</ele>
   </trkpt>
   <trkpt lat="-26.2623600" lon="-51.0726580">
    <ele>764.0</ele>
   </trkpt>
   <trkpt lat="-26.2623970" lon="-51.0726710">
    <ele>764.2</ele>
   </trkpt>
   <trkpt lat="-26.2624380" lon="-51.0726860">
    <ele>764.5</ele>
   </trkpt>
   <trkpt lat="-26.2624780" lon="-51.0727020">
    <ele>764.7</ele>
   </trkpt>
   <trkpt lat="-26.2625190" lon="-51.0727170">
    <ele>765.0</ele>
   </trkpt>
   <trkpt lat="-26.2625570" lon="-51.0727330">
    <ele>765.2</ele>
   </trkpt>
   <trkpt lat="-26.2625910" lon="-51.0727470">
    <ele>765.4</ele>
   </trkpt>
   <trkpt lat="-26.2626270" lon="-51.0727610">
    <ele>765.6</ele>
   </trkpt>
   <trkpt lat="-26.2626640" lon="-51.0727770">
    <ele>765.8</ele>
   </trkpt>
   <trkpt lat="-26.2627040" lon="-51.0727890">
    <ele>765.9</ele>
   </trkpt>
   <trkpt lat="-26.2627450" lon="-51.0728020">
    <ele>766.0</ele>
   </trkpt>
   <trkpt lat="-26.2627890" lon="-51.0728100">
    <ele>766.1</ele>
   </trkpt>
   <trkpt lat="-26.2628350" lon="-51.0728130">
    <ele>766.1</ele>
   </trkpt>
   <trkpt lat="-26.2628800" lon="-51.0728130">
    <ele>766.1</ele>
   </trkpt>
   <trkpt lat="-26.2629250" lon="-51.0728090">
    <ele>766.2</ele>
   </trkpt>
   <trkpt lat="-26.2629730" lon="-51.0728030">
    <ele>766.2</ele>
   </trkpt>
   <trkpt lat="-26.2630210" lon="-51.0727980">
    <ele>766.2</ele>
   </trkpt>
   <trkpt lat="-26.2630700" lon="-51.0727950">
    <ele>766.2</ele>
   </trkpt>
   <trkpt lat="-26.2631210" lon="-51.0727910">
    <ele>766.3</ele>
   </trkpt>
   <trkpt lat="-26.2631690" lon="-51.0727880">
    <ele>766.3</ele>
   </trkpt>
   <trkpt lat="-26.2632170" lon="-51.0727840">
    <ele>766.4</ele>
   </trkpt>
   <trkpt lat="-26.2632670" lon="-51.0727770">
    <ele>766.5</ele>
   </trkpt>
   <trkpt lat="-26.2633130" lon="-51.0727700">
    <ele>766.7</ele>
   </trkpt>
   <trkpt lat="-26.2633480" lon="-51.0727630">
    <ele>766.8</ele>
   </trkpt>
   <trkpt lat="-26.2633960" lon="-51.0727490">
    <ele>766.9</ele>
   </trkpt>
   <trkpt lat="-26.2634250" lon="-51.0727350">
    <ele>767.0</ele>
   </trkpt>
   <trkpt lat="-26.2634690" lon="-51.0727130">
    <ele>767.1</ele>
   </trkpt>
   <trkpt lat="-26.2635070" lon="-51.0726900">
    <ele>767.2</ele>
   </trkpt>
   <trkpt lat="-26.2635420" lon="-51.0726660">
    <ele>767.2</ele>
   </trkpt>
   <trkpt lat="-26.2635740" lon="-51.0726410">
    <ele>767.2</ele>
   </trkpt>
   <trkpt lat="-26.2636100" lon="-51.0726150">
    <ele>767.1</ele>
   </trkpt>
   <trkpt lat="-26.2636460" lon="-51.0725870">
    <ele>767.0</ele>
   </trkpt>
   <trkpt lat="-26.2636800" lon="-51.0725620">
    <ele>766.8</ele>
   </trkpt>
   <trkpt lat="-26.2637160" lon="-51.0725340">
    <ele>766.5</ele>
   </trkpt>
   <trkpt lat="-26.2637510" lon="-51.0725020">
    <ele>766.1</ele>
   </trkpt>
   <trkpt lat="-26.2638070" lon="-51.0724470">
    <ele>765.3</ele>
   </trkpt>
   <trkpt lat="-26.2638640" lon="-51.0723970">
    <ele>764.5</ele>
   </trkpt>
   <trkpt lat="-26.2639100" lon="-51.0723540">
    <ele>763.7</ele>
   </trkpt>
   <trkpt lat="-26.2639670" lon="-51.0722990">
    <ele>762.8</ele>
   </trkpt>
   <trkpt lat="-26.2640290" lon="-51.0722410">
    <ele>761.9</ele>
   </trkpt>
   <trkpt lat="-26.2641080" lon="-51.0721620">
    <ele>761.0</ele>
   </trkpt>
   <trkpt lat="-26.2641810" lon="-51.0720890">
    <ele>760.2</ele>
   </trkpt>
   <trkpt lat="-26.2642550" lon="-51.0720080">
    <ele>759.5</ele>
   </trkpt>
   <trkpt lat="-26.2643210" lon="-51.0719170">
    <ele>759.0</ele>
   </trkpt>
   <trkpt lat="-26.2643760" lon="-51.0718180">
    <ele>758.8</ele>
   </trkpt>
   <trkpt lat="-26.2644250" lon="-51.0717140">
    <ele>758.6</ele>
   </trkpt>
   <trkpt lat="-26.2644710" lon="-51.0716060">
    <ele>758.5</ele>
   </trkpt>
   <trkpt lat="-26.2645050" lon="-51.0715030">
    <ele>758.4</ele>
   </trkpt>
   <trkpt lat="-26.2645290" lon="-51.0713970">
    <ele>758.4</ele>
   </trkpt>
   <trkpt lat="-26.2645440" lon="-51.0712850">
    <ele>758.3</ele>
   </trkpt>
   <trkpt lat="-26.2645520" lon="-51.0711700">
    <ele>758.3</ele>
   </trkpt>
   <trkpt lat="-26.2645550" lon="-51.0710560">
    <ele>758.3</ele>
   </trkpt>
   <trkpt lat="-26.2645570" lon="-51.0709410">
    <ele>758.5</ele>
   </trkpt>
   <trkpt lat="-26.2645590" lon="-51.0708250">
    <ele>758.6</ele>
   </trkpt>
   <trkpt lat="-26.2645550" lon="-51.0707140">
    <ele>758.9</ele>
   </trkpt>
   <trkpt lat="-26.2645430" lon="-51.0706080">
    <ele>759.1</ele>
   </trkpt>
   <trkpt lat="-26.2645230" lon="-51.0705060">
    <ele>759.4</ele>
   </trkpt>
   <trkpt lat="-26.2644990" lon="-51.0704140">
    <ele>759.8</ele>
   </trkpt>
   <trkpt lat="-26.2644730" lon="-51.0703310">
    <ele>760.2</ele>
   </trkpt>
   <trkpt lat="-26.2644460" lon="-51.0702580">
    <ele>760.6</ele>
   </trkpt>
   <trkpt lat="-26.2644220" lon="-51.0701910">
    <ele>760.9</ele>
   </trkpt>
   <trkpt lat="-26.2643960" lon="-51.0701320">
    <ele>761.1</ele>
   </trkpt>
   <trkpt lat="-26.2643700" lon="-51.0700790">
    <ele>761.4</ele>
   </trkpt>
   <trkpt lat="-26.2643420" lon="-51.0700280">
    <ele>761.6</ele>
   </trkpt>
   <trkpt lat="-26.2643130" lon="-51.0699770">
    <ele>761.8</ele>
   </trkpt>
   <trkpt lat="-26.2642810" lon="-51.0699270">
    <ele>761.9</ele>
   </trkpt>
   <trkpt lat="-26.2642550" lon="-51.0698890">
    <ele>762.0</ele>
   </trkpt>
   <trkpt lat="-26.2642140" lon="-51.0698320">
    <ele>762.2</ele>
   </trkpt>
   <trkpt lat="-26.2641790" lon="-51.0697850">
    <ele>762.4</ele>
   </trkpt>
   <trkpt lat="-26.2641430" lon="-51.0697400">
    <ele>762.5</ele>
   </trkpt>
   <trkpt lat="-26.2641080" lon="-51.0696960">
    <ele>762.6</ele>
   </trkpt>
   <trkpt lat="-26.2640720" lon="-51.0696510">
    <ele>762.7</ele>
   </trkpt>
   <trkpt lat="-26.2640420" lon="-51.0696160">
    <ele>762.8</ele>
   </trkpt>
   <trkpt lat="-26.2639980" lon="-51.0695630">
    <ele>762.9</ele>
   </trkpt>
   <trkpt lat="-26.2639610" lon="-51.0695170">
    <ele>762.9</ele>
   </trkpt>
   <trkpt lat="-26.2639330" lon="-51.0694810">
    <ele>762.9</ele>
   </trkpt>
   <trkpt lat="-26.2638950" lon="-51.0694320">
    <ele>763.0</ele>
   </trkpt>
   <trkpt lat="-26.2638580" lon="-51.0693840">
    <ele>763.0</ele>
   </trkpt>
   <trkpt lat="-26.2638130" lon="-51.0693280">
    <ele>762.9</ele>
   </trkpt>
   <trkpt lat="-26.2637750" lon="-51.0692790">
    <ele>762.9</ele>
   </trkpt>
   <trkpt lat="-26.2637450" lon="-51.0692400">
    <ele>762.9</ele>
   </trkpt>
   <trkpt lat="-26.2637090" lon="-51.0691900">
    <ele>762.9</ele>
   </trkpt>
   <trkpt lat="-26.2636650" lon="-51.0691280">
    <ele>762.8</ele>
   </trkpt>
   <trkpt lat="-26.2636260" lon="-51.0690740">
    <ele>762.8</ele>
   </trkpt>
   <trkpt lat="-26.2635890" lon="-51.0690220">
    <ele>762.7</ele>
   </trkpt>
   <trkpt lat="-26.2635600" lon="-51.0689810">
    <ele>762.6</ele>
   </trkpt>
   <trkpt lat="-26.2635140" lon="-51.0689200">
    <ele>762.6</ele>
   </trkpt>
   <trkpt lat="-26.2634770" lon="-51.0688710">
    <ele>762.5</ele>
   </trkpt>
   <trkpt lat="-26.2634380" lon="-51.0688210">
    <ele>762.4</ele>
   </trkpt>
   <trkpt lat="-26.2634000" lon="-51.0687720">
    <ele>762.4</ele>
   </trkpt>
   <trkpt lat="-26.2633610" lon="-51.0687220">
    <ele>762.3</ele>
   </trkpt>
   <trkpt lat="-26.2633280" lon="-51.0686810">
    <ele>762.2</ele>
   </trkpt>
   <trkpt lat="-26.2632810" lon="-51.0686190">
    <ele>762.1</ele>
   </trkpt>
   <trkpt lat="-26.2632420" lon="-51.0685680">
    <ele>762.1</ele>
   </trkpt>
   <trkpt lat="-26.2632090" lon="-51.0685280">
    <ele>762.0</ele>
   </trkpt>
   <trkpt lat="-26.2631710" lon="-51.0684780">
    <ele>761.9</ele>
   </trkpt>
   <trkpt lat="-26.2631340" lon="-51.0684260">
    <ele>761.9</ele>
   </trkpt>
   <trkpt lat="-26.2630910" lon="-51.0683630">
    <ele>761.8</ele>
   </trkpt>
   <trkpt lat="-26.2630540" lon="-51.0683110">
    <ele>761.7</ele>
   </trkpt>
   <trkpt lat="-26.2630180" lon="-51.0682580">
    <ele>761.6</ele>
   </trkpt>
   <trkpt lat="-26.2629900" lon="-51.0682150">
    <ele>761.6</ele>
   </trkpt>
   <trkpt lat="-26.2629500" lon="-51.0681490">
    <ele>761.5</ele>
   </trkpt>
   <trkpt lat="-26.2629170" lon="-51.0680970">
    <ele>761.5</ele>
   </trkpt>
   <trkpt lat="-26.2628860" lon="-51.0680430">
    <ele>761.4</ele>
   </trkpt>
   <trkpt lat="-26.2628660" lon="-51.0679960">
    <ele>761.4</ele>
   </trkpt>
   <trkpt lat="-26.2628440" lon="-51.0679340">
    <ele>761.4</ele>
   </trkpt>
   <trkpt lat="-26.2628230" lon="-51.0678580">
    <ele>761.3</ele>
   </trkpt>
   <trkpt lat="-26.2628070" lon="-51.0677920">
    <ele>761.2</ele>
   </trkpt>
   <trkpt lat="-26.2627930" lon="-51.0677240">
    <ele>761.1</ele>
   </trkpt>
   <trkpt lat="-26.2627810" lon="-51.0676560">
    <ele>761.1</ele>
   </trkpt>
   <trkpt lat="-26.2627720" lon="-51.0676020">
    <ele>761.0</ele>
   </trkpt>
   <trkpt lat="-26.2627580" lon="-51.0675230">
    <ele>760.9</ele>
   </trkpt>
   <trkpt lat="-26.2627480" lon="-51.0674590">
    <ele>760.9</ele>
   </trkpt>
   <trkpt lat="-26.2627390" lon="-51.0673940">
    <ele>760.8</ele>
   </trkpt>
   <trkpt lat="-26.2627330" lon="-51.0673400">
    <ele>760.8</ele>
   </trkpt>
   <trkpt lat="-26.2627250" lon="-51.0672720">
    <ele>760.7</ele>
   </trkpt>
   <trkpt lat="-26.2627160" lon="-51.0671910">
    <ele>760.6</ele>
   </trkpt>
   <trkpt lat="-26.2627070" lon="-51.0671230">
    <ele>760.5</ele>
   </trkpt>
   <trkpt lat="-26.2626970" lon="-51.0670550">
    <ele>760.4</ele>
   </trkpt>
   <trkpt lat="-26.2626860" lon="-51.0669970">
    <ele>760.3</ele>
   </trkpt>
   <trkpt lat="-26.2626720" lon="-51.0669120">
    <ele>760.2</ele>
   </trkpt>
   <trkpt lat="-26.2626590" lon="-51.0668410">
    <ele>760.1</ele>
   </trkpt>
   <trkpt lat="-26.2626460" lon="-51.0667670">
    <ele>760.1</ele>
   </trkpt>
   <trkpt lat="-26.2626360" lon="-51.0666910">
    <ele>760.1</ele>
   </trkpt>
   <trkpt lat="-26.2626250" lon="-51.0666150">
    <ele>760.1</ele>
   </trkpt>
   <trkpt lat="-26.2626150" lon="-51.0665420">
    <ele>760.1</ele>
   </trkpt>
   <trkpt lat="-26.2626060" lon="-51.0664700">
    <ele>760.2</ele>
   </trkpt>
   <trkpt lat="-26.2625950" lon="-51.0663980">
    <ele>760.2</ele>
   </trkpt>
   <trkpt lat="-26.2625860" lon="-51.0663390">
    <ele>760.2</ele>
   </trkpt>
   <trkpt lat="-26.2625750" lon="-51.0662690">
    <ele>760.3</ele>
   </trkpt>
   <trkpt lat="-26.2625650" lon="-51.0662000">
    <ele>760.2</ele>
   </trkpt>
   <trkpt lat="-26.2625530" lon="-51.0661150">
    <ele>760.2</ele>
   </trkpt>
   <trkpt lat="-26.2625430" lon="-51.0660420">
    <ele>760.2</ele>
   </trkpt>
   <trkpt lat="-26.2625330" lon="-51.0659840">
    <ele>760.1</ele>
   </trkpt>
   <trkpt lat="-26.2625190" lon="-51.0658980">
    <ele>760.0</ele>
   </trkpt>
   <trkpt lat="-26.2625130" lon="-51.0658420">
    <ele>760.0</ele>
   </trkpt>
   <trkpt lat="-26.2625100" lon="-51.0657570">
    <ele>759.9</ele>
   </trkpt>
   <trkpt lat="-26.2625060" lon="-51.0656890">
    <ele>759.8</ele>
   </trkpt>
   <trkpt lat="-26.2624990" lon="-51.0656290">
    <ele>759.7</ele>
   </trkpt>
   <trkpt lat="-26.2624920" lon="-51.0655530">
    <ele>759.6</ele>
   </trkpt>
   <trkpt lat="-26.2624890" lon="-51.0654800">
    <ele>759.5</ele>
   </trkpt>
   <trkpt lat="-26.2624840" lon="-51.0653870">
    <ele>759.3</ele>
   </trkpt>
   <trkpt lat="-26.2624840" lon="-51.0653090">
    <ele>759.1</ele>
   </trkpt>
   <trkpt lat="-26.2624890" lon="-51.0652500">
    <ele>759.0</ele>
   </trkpt>
   <trkpt lat="-26.2624950" lon="-51.0651750">
    <ele>758.9</ele>
   </trkpt>
   <trkpt lat="-26.2625040" lon="-51.0651020">
    <ele>758.8</ele>
   </trkpt>
   <trkpt lat="-26.2625200" lon="-51.0650200">
    <ele>758.7</ele>
   </trkpt>
   <trkpt lat="-26.2625350" lon="-51.0649540">
    <ele>758.6</ele>
   </trkpt>
   <trkpt lat="-26.2625530" lon="-51.0648910">
    <ele>758.5</ele>
   </trkpt>
   <trkpt lat="-26.2625730" lon="-51.0648310">
    <ele>758.5</ele>
   </trkpt>
   <trkpt lat="-26.2625920" lon="-51.0647810">
    <ele>758.4</ele>
   </trkpt>
   <trkpt lat="-26.2626200" lon="-51.0647070">
    <ele>758.4</ele>
   </trkpt>
   <trkpt lat="-26.2626460" lon="-51.0646460">
    <ele>758.3</ele>
   </trkpt>
   <trkpt lat="-26.2626700" lon="-51.0645880">
    <ele>758.3</ele>
   </trkpt>
   <trkpt lat="-26.2626920" lon="-51.0645440">
    <ele>758.2</ele>
   </trkpt>
   <trkpt lat="-26.2627270" lon="-51.0644780">
    <ele>758.2</ele>
   </trkpt>
   <trkpt lat="-26.2627580" lon="-51.0644260">
    <ele>758.2</ele>
   </trkpt>
   <trkpt lat="-26.2627930" lon="-51.0643760">
    <ele>758.3</ele>
   </trkpt>
   <trkpt lat="-26.2628240" lon="-51.0643350">
    <ele>758.3</ele>
   </trkpt>
   <trkpt lat="-26.2628600" lon="-51.0642820">
    <ele>758.3</ele>
   </trkpt>
   <trkpt lat="-26.2629030" lon="-51.0642160">
    <ele>758.4</ele>
   </trkpt>
   <trkpt lat="-26.2629400" lon="-51.0641610">
    <ele>758.4</ele>
   </trkpt>
   <trkpt lat="-26.2629770" lon="-51.0641080">
    <ele>758.5</ele>
   </trkpt>
   <trkpt lat="-26.2630020" lon="-51.0640680">
    <ele>758.5</ele>
   </trkpt>
   <trkpt lat="-26.2630360" lon="-51.0640200">
    <ele>758.5</ele>
   </trkpt>
   <trkpt lat="-26.2630760" lon="-51.0639620">
    <ele>758.5</ele>
   </trkpt>
   <trkpt lat="-26.2631070" lon="-51.0639160">
    <ele>758.5</ele>
   </trkpt>
   <trkpt lat="-26.2631350" lon="-51.0638680">
    <ele>758.4</ele>
   </trkpt>
   <trkpt lat="-26.2631620" lon="-51.0638310">
    <ele>757.8</ele>
   </trkpt>
   <trkpt lat="-26.2631970" lon="-51.0637810">
    <ele>757.7</ele>
   </trkpt>
   <trkpt lat="-26.2632420" lon="-51.0637180">
    <ele>756.8</ele>
   </trkpt>
   <trkpt lat="-26.2632800" lon="-51.0636620">
    <ele>756.6</ele>
   </trkpt>
   <trkpt lat="-26.2633190" lon="-51.0636040">
    <ele>756.5</ele>
   </trkpt>
   <trkpt lat="-26.2633530" lon="-51.0635590">
    <ele>756.5</ele>
   </trkpt>
   <trkpt lat="-26.2633950" lon="-51.0635030">
    <ele>756.4</ele>
   </trkpt>
   <trkpt lat="-26.2634570" lon="-51.0634460">
    <ele>757.1</ele>
   </trkpt>
   <trkpt lat="-26.2635190" lon="-51.0634060">
    <ele>757.5</ele>
   </trkpt>
   <trkpt lat="-26.2635830" lon="-51.0633700">
    <ele>757.3</ele>
   </trkpt>
   <trkpt lat="-26.2636390" lon="-51.0633420">
    <ele>757.7</ele>
   </trkpt>
   <trkpt lat="-26.2637000" lon="-51.0633090">
    <ele>757.1</ele>
   </trkpt>
   <trkpt lat="-26.2637750" lon="-51.0632750">
    <ele>756.5</ele>
   </trkpt>
   <trkpt lat="-26.2638380" lon="-51.0632470">
    <ele>755.9</ele>
   </trkpt>
   <trkpt lat="-26.2638990" lon="-51.0632210">
    <ele>755.8</ele>
   </trkpt>
   <trkpt lat="-26.2639480" lon="-51.0632050">
    <ele>755.6</ele>
   </trkpt>
   <trkpt lat="-26.2640080" lon="-51.0631880">
    <ele>756.0</ele>
   </trkpt>
   <trkpt lat="-26.2640680" lon="-51.0631710">
    <ele>756.9</ele>
   </trkpt>
   <trkpt lat="-26.2641420" lon="-51.0631450">
    <ele>757.8</ele>
   </trkpt>
   <trkpt lat="-26.2642010" lon="-51.0631240">
    <ele>758.4</ele>
   </trkpt>
   <trkpt lat="-26.2642600" lon="-51.0631050">
    <ele>759.3</ele>
   </trkpt>
   <trkpt lat="-26.2643210" lon="-51.0630860">
    <ele>760.0</ele>
   </trkpt>
   <trkpt lat="-26.2643680" lon="-51.0630730">
    <ele>760.5</ele>
   </trkpt>
   <trkpt lat="-26.2644410" lon="-51.0630510">
    <ele>761.6</ele>
   </trkpt>
   <trkpt lat="-26.2645020" lon="-51.0630330">
    <ele>760.9</ele>
   </trkpt>
   <trkpt lat="-26.2645630" lon="-51.0630130">
    <ele>760.5</ele>
   </trkpt>
   <trkpt lat="-26.2646130" lon="-51.0629930">
    <ele>760.1</ele>
   </trkpt>
   <trkpt lat="-26.2646860" lon="-51.0629530">
    <ele>759.4</ele>
   </trkpt>
   <trkpt lat="-26.2647490" lon="-51.0629130">
    <ele>758.7</ele>
   </trkpt>
   <trkpt lat="-26.2648160" lon="-51.0628740">
    <ele>757.8</ele>
   </trkpt>
   <trkpt lat="-26.2648880" lon="-51.0628330">
    <ele>756.9</ele>
   </trkpt>
   <trkpt lat="-26.2649620" lon="-51.0627910">
    <ele>756.1</ele>
   </trkpt>
   <trkpt lat="-26.2650380" lon="-51.0627490">
    <ele>755.4</ele>
   </trkpt>
   <trkpt lat="-26.2651160" lon="-51.0627080">
    <ele>755.0</ele>
   </trkpt>
   <trkpt lat="-26.2651970" lon="-51.0626680">
    <ele>754.7</ele>
   </trkpt>
   <trkpt lat="-26.2652740" lon="-51.0626330">
    <ele>754.9</ele>
   </trkpt>
   <trkpt lat="-26.2653470" lon="-51.0626020">
    <ele>755.0</ele>
   </trkpt>
   <trkpt lat="-26.2654160" lon="-51.0625730">
    <ele>755.2</ele>
   </trkpt>
   <trkpt lat="-26.2654830" lon="-51.0625440">
    <ele>755.3</ele>
   </trkpt>
   <trkpt lat="-26.2655460" lon="-51.0625180">
    <ele>755.5</ele>
   </trkpt>
   <trkpt lat="-26.2655940" lon="-51.0624980">
    <ele>755.5</ele>
   </trkpt>
   <trkpt lat="-26.2656670" lon="-51.0624650">
    <ele>755.6</ele>
   </trkpt>
   <trkpt lat="-26.2657280" lon="-51.0624360">
    <ele>755.7</ele>
   </trkpt>
   <trkpt lat="-26.2657870" lon="-51.0624050">
    <ele>755.7</ele>
   </trkpt>
   <trkpt lat="-26.2658450" lon="-51.0623700">
    <ele>755.6</ele>
   </trkpt>
   <trkpt lat="-26.2659010" lon="-51.0623300">
    <ele>755.6</ele>
   </trkpt>
   <trkpt lat="-26.2659560" lon="-51.0622850">
    <ele>755.6</ele>
   </trkpt>
   <trkpt lat="-26.2660080" lon="-51.0622370">
    <ele>755.6</ele>
   </trkpt>
   <trkpt lat="-26.2660570" lon="-51.0621880">
    <ele>755.6</ele>
   </trkpt>
   <trkpt lat="-26.2661070" lon="-51.0621410">
    <ele>755.5</ele>
   </trkpt>
   <trkpt lat="-26.2661480" lon="-51.0621020">
    <ele>755.5</ele>
   </trkpt>
   <trkpt lat="-26.2662080" lon="-51.0620420">
    <ele>755.5</ele>
   </trkpt>
   <trkpt lat="-26.2662560" lon="-51.0619930">
    <ele>755.5</ele>
   </trkpt>
   <trkpt lat="-26.2663050" lon="-51.0619430">
    <ele>755.5</ele>
   </trkpt>
   <trkpt lat="-26.2663490" lon="-51.0619000">
    <ele>755.5</ele>
   </trkpt>
   <trkpt lat="-26.2664000" lon="-51.0618500">
    <ele>755.5</ele>
   </trkpt>
   <trkpt lat="-26.2664600" lon="-51.0617910">
    <ele>755.4</ele>
   </trkpt>
   <trkpt lat="-26.2665070" lon="-51.0617450">
    <ele>755.4</ele>
   </trkpt>
   <trkpt lat="-26.2665540" lon="-51.0616950">
    <ele>755.3</ele>
   </trkpt>
   <trkpt lat="-26.2665940" lon="-51.0616560">
    <ele>755.3</ele>
   </trkpt>
   <trkpt lat="-26.2666450" lon="-51.0616080">
    <ele>755.2</ele>
   </trkpt>
   <trkpt lat="-26.2666940" lon="-51.0615590">
    <ele>755.1</ele>
   </trkpt>
   <trkpt lat="-26.2667500" lon="-51.0614960">
    <ele>755.0</ele>
   </trkpt>
   <trkpt lat="-26.2667930" lon="-51.0614390">
    <ele>754.8</ele>
   </trkpt>
   <trkpt lat="-26.2668330" lon="-51.0613810">
    <ele>754.7</ele>
   </trkpt>
   <trkpt lat="-26.2668700" lon="-51.0613260">
    <ele>754.6</ele>
   </trkpt>
   <trkpt lat="-26.2668970" lon="-51.0612890">
    <ele>754.6</ele>
   </trkpt>
   <trkpt lat="-26.2669370" lon="-51.0612350">
    <ele>754.5</ele>
   </trkpt>
   <trkpt lat="-26.2669710" lon="-51.0611830">
    <ele>754.4</ele>
   </trkpt>
   <trkpt lat="-26.2670070" lon="-51.0611230">
    <ele>754.2</ele>
   </trkpt>
   <trkpt lat="-26.2670390" lon="-51.0610690">
    <ele>754.1</ele>
   </trkpt>
   <trkpt lat="-26.2670840" lon="-51.0609860">
    <ele>753.8</ele>
   </trkpt>
   <trkpt lat="-26.2671280" lon="-51.0609190">
    <ele>753.6</ele>
   </trkpt>
   <trkpt lat="-26.2671760" lon="-51.0608510">
    <ele>753.4</ele>
   </trkpt>
   <trkpt lat="-26.2672160" lon="-51.0607940">
    <ele>753.3</ele>
   </trkpt>
   <trkpt lat="-26.2672660" lon="-51.0607250">
    <ele>753.2</ele>
   </trkpt>
   <trkpt lat="-26.2673270" lon="-51.0606430">
    <ele>753.2</ele>
   </trkpt>
   <trkpt lat="-26.2673770" lon="-51.0605770">
    <ele>753.2</ele>
   </trkpt>
   <trkpt lat="-26.2674280" lon="-51.0605110">
    <ele>753.2</ele>
   </trkpt>
   <trkpt lat="-26.2674660" lon="-51.0604630">
    <ele>753.2</ele>
   </trkpt>
   <trkpt lat="-26.2675250" lon="-51.0603950">
    <ele>753.2</ele>
   </trkpt>
   <trkpt lat="-26.2675750" lon="-51.0603340">
    <ele>753.2</ele>
   </trkpt>
   <trkpt lat="-26.2676230" lon="-51.0602750">
    <ele>753.2</ele>
   </trkpt>
   <trkpt lat="-26.2676670" lon="-51.0602160">
    <ele>753.3</ele>
   </trkpt>
   <trkpt lat="-26.2677030" lon="-51.0601690">
    <ele>753.3</ele>
   </trkpt>
   <trkpt lat="-26.2677480" lon="-51.0601100">
    <ele>753.3</ele>
   </trkpt>
   <trkpt lat="-26.2678020" lon="-51.0600400">
    <ele>753.3</ele>
   </trkpt>
   <trkpt lat="-26.2678450" lon="-51.0599850">
    <ele>753.3</ele>
   </trkpt>
   <trkpt lat="-26.2678760" lon="-51.0599380">
    <ele>753.4</ele>
   </trkpt>
   <trkpt lat="-26.2679170" lon="-51.0598800">
    <ele>753.4</ele>
   </trkpt>
   <trkpt lat="-26.2679580" lon="-51.0598240">
    <ele>753.4</ele>
   </trkpt>
   <trkpt lat="-26.2680080" lon="-51.0597580">
    <ele>753.5</ele>
   </trkpt>
   <trkpt lat="-26.2680490" lon="-51.0597040">
    <ele>753.5</ele>
   </trkpt>
   <trkpt lat="-26.2680830" lon="-51.0596610">
    <ele>753.5</ele>
   </trkpt>
   <trkpt lat="-26.2681270" lon="-51.0596060">
    <ele>753.5</ele>
   </trkpt>
   <trkpt lat="-26.2681790" lon="-51.0595380">
    <ele>753.5</ele>
   </trkpt>
   <trkpt lat="-26.2682230" lon="-51.0594800">
    <ele>753.5</ele>
   </trkpt>
   <trkpt lat="-26.2682690" lon="-51.0594170">
    <ele>753.5</ele>
   </trkpt>
   <trkpt lat="-26.2683110" lon="-51.0593550">
    <ele>753.6</ele>
   </trkpt>
   <trkpt lat="-26.2683440" lon="-51.0593070">
    <ele>753.7</ele>
   </trkpt>
   <trkpt lat="-26.2683860" lon="-51.0592520">
    <ele>753.7</ele>
   </trkpt>
   <trkpt lat="-26.2684370" lon="-51.0591880">
    <ele>753.9</ele>
   </trkpt>
   <trkpt lat="-26.2684700" lon="-51.0591450">
    <ele>754.0</ele>
   </trkpt>
   <trkpt lat="-26.2685180" lon="-51.0590850">
    <ele>754.1</ele>
   </trkpt>
   <trkpt lat="-26.2685480" lon="-51.0590420">
    <ele>754.2</ele>
   </trkpt>
   <trkpt lat="-26.2685760" lon="-51.0589820">
    <ele>754.2</ele>
   </trkpt>
   <trkpt lat="-26.2685980" lon="-51.0589090">
    <ele>753.8</ele>
   </trkpt>
   <trkpt lat="-26.2686140" lon="-51.0588440">
    <ele>753.5</ele>
   </trkpt>
   <trkpt lat="-26.2686290" lon="-51.0587790">
    <ele>753.6</ele>
   </trkpt>
   <trkpt lat="-26.2686390" lon="-51.0587270">
    <ele>754.1</ele>
   </trkpt>
   <trkpt lat="-26.2686520" lon="-51.0586620">
    <ele>754.3</ele>
   </trkpt>
   <trkpt lat="-26.2686670" lon="-51.0585950">
    <ele>755.2</ele>
   </trkpt>
   <trkpt lat="-26.2686870" lon="-51.0585130">
    <ele>756.7</ele>
   </trkpt>
   <trkpt lat="-26.2687030" lon="-51.0584480">
    <ele>757.0</ele>
   </trkpt>
   <trkpt lat="-26.2687190" lon="-51.0583830">
    <ele>758.4</ele>
   </trkpt>
   <trkpt lat="-26.2687350" lon="-51.0583320">
    <ele>758.6</ele>
   </trkpt>
   <trkpt lat="-26.2687550" lon="-51.0582680">
    <ele>760.2</ele>
   </trkpt>
   <trkpt lat="-26.2687760" lon="-51.0581970">
    <ele>760.5</ele>
   </trkpt>
   <trkpt lat="-26.2687920" lon="-51.0581400">
    <ele>761.3</ele>
   </trkpt>
   <trkpt lat="-26.2688110" lon="-51.0580790">
    <ele>761.0</ele>
   </trkpt>
   <trkpt lat="-26.2688240" lon="-51.0580310">
    <ele>760.8</ele>
   </trkpt>
   <trkpt lat="-26.2688460" lon="-51.0579590">
    <ele>761.7</ele>
   </trkpt>
   <trkpt lat="-26.2688670" lon="-51.0578970">
    <ele>762.6</ele>
   </trkpt>
   <trkpt lat="-26.2688880" lon="-51.0578340">
    <ele>762.4</ele>
   </trkpt>
   <trkpt lat="-26.2689090" lon="-51.0577730">
    <ele>762.5</ele>
   </trkpt>
   <trkpt lat="-26.2689270" lon="-51.0577110">
    <ele>761.9</ele>
   </trkpt>
   <trkpt lat="-26.2689460" lon="-51.0576500">
    <ele>761.8</ele>
   </trkpt>
   <trkpt lat="-26.2689620" lon="-51.0575870">
    <ele>761.4</ele>
   </trkpt>
   <trkpt lat="-26.2689770" lon="-51.0575270">
    <ele>760.6</ele>
   </trkpt>
   <trkpt lat="-26.2689950" lon="-51.0574650">
    <ele>760.2</ele>
   </trkpt>
   <trkpt lat="-26.2690150" lon="-51.0574010">
    <ele>759.2</ele>
   </trkpt>
   <trkpt lat="-26.2690330" lon="-51.0573380">
    <ele>758.7</ele>
   </trkpt>
   <trkpt lat="-26.2690540" lon="-51.0572750">
    <ele>757.4</ele>
   </trkpt>
   <trkpt lat="-26.2690770" lon="-51.0572130">
    <ele>756.6</ele>
   </trkpt>
   <trkpt lat="-26.2691000" lon="-51.0571530">
    <ele>755.6</ele>
   </trkpt>
   <trkpt lat="-26.2691170" lon="-51.0570920">
    <ele>755.6</ele>
   </trkpt>
   <trkpt lat="-26.2691290" lon="-51.0570440">
    <ele>755.6</ele>
   </trkpt>
   <trkpt lat="-26.2691510" lon="-51.0569730">
    <ele>755.7</ele>
   </trkpt>
   <trkpt lat="-26.2691800" lon="-51.0569170">
    <ele>755.8</ele>
   </trkpt>
   <trkpt lat="-26.2692160" lon="-51.0568660">
    <ele>755.9</ele>
   </trkpt>
   <trkpt lat="-26.2692560" lon="-51.0568180">
    <ele>756.0</ele>
   </trkpt>
   <trkpt lat="-26.2692960" lon="-51.0567730">
    <ele>756.0</ele>
   </trkpt>
   <trkpt lat="-26.2693290" lon="-51.0567420">
    <ele>756.1</ele>
   </trkpt>
   <trkpt lat="-26.2693790" lon="-51.0566990">
    <ele>756.2</ele>
   </trkpt>
   <trkpt lat="-26.2694180" lon="-51.0566630">
    <ele>756.2</ele>
   </trkpt>
   <trkpt lat="-26.2694600" lon="-51.0566230">
    <ele>756.3</ele>
   </trkpt>
   <trkpt lat="-26.2695040" lon="-51.0565820">
    <ele>756.4</ele>
   </trkpt>
   <trkpt lat="-26.2695450" lon="-51.0565430">
    <ele>756.4</ele>
   </trkpt>
   <trkpt lat="-26.2695840" lon="-51.0565060">
    <ele>756.5</ele>
   </trkpt>
   <trkpt lat="-26.2696230" lon="-51.0564700">
    <ele>756.6</ele>
   </trkpt>
   <trkpt lat="-26.2696620" lon="-51.0564340">
    <ele>756.6</ele>
   </trkpt>
   <trkpt lat="-26.2697010" lon="-51.0563960">
    <ele>756.7</ele>
   </trkpt>
   <trkpt lat="-26.2697330" lon="-51.0563650">
    <ele>756.8</ele>
   </trkpt>
   <trkpt lat="-26.2697810" lon="-51.0563200">
    <ele>756.9</ele>
   </trkpt>
   <trkpt lat="-26.2698240" lon="-51.0562790">
    <ele>757.0</ele>
   </trkpt>
   <trkpt lat="-26.2698700" lon="-51.0562370">
    <ele>757.1</ele>
   </trkpt>
   <trkpt lat="-26.2699170" lon="-51.0561980">
    <ele>757.2</ele>
   </trkpt>
   <trkpt lat="-26.2699660" lon="-51.0561570">
    <ele>757.3</ele>
   </trkpt>
   <trkpt lat="-26.2700050" lon="-51.0561240">
    <ele>757.3</ele>
   </trkpt>
   <trkpt lat="-26.2700700" lon="-51.0560700">
    <ele>757.4</ele>
   </trkpt>
   <trkpt lat="-26.2701270" lon="-51.0560260">
    <ele>757.4</ele>
   </trkpt>
   <trkpt lat="-26.2701850" lon="-51.0559840">
    <ele>757.4</ele>
   </trkpt>
   <trkpt lat="-26.2702320" lon="-51.0559510">
    <ele>757.4</ele>
   </trkpt>
   <trkpt lat="-26.2703050" lon="-51.0559010">
    <ele>757.3</ele>
   </trkpt>
   <trkpt lat="-26.2703630" lon="-51.0558600">
    <ele>757.2</ele>
   </trkpt>
   <trkpt lat="-26.2704220" lon="-51.0558200">
    <ele>757.1</ele>
   </trkpt>
   <trkpt lat="-26.2704810" lon="-51.0557790">
    <ele>757.0</ele>
   </trkpt>
   <trkpt lat="-26.2705420" lon="-51.0557390">
    <ele>756.9</ele>
   </trkpt>
   <trkpt lat="-26.2706050" lon="-51.0556990">
    <ele>756.8</ele>
   </trkpt>
   <trkpt lat="-26.2706700" lon="-51.0556590">
    <ele>756.6</ele>
   </trkpt>
   <trkpt lat="-26.2707370" lon="-51.0556220">
    <ele>756.4</ele>
   </trkpt>
   <trkpt lat="-26.2708050" lon="-51.0555860">
    <ele>756.2</ele>
   </trkpt>
   <trkpt lat="-26.2708750" lon="-51.0555500">
    <ele>755.9</ele>
   </trkpt>
   <trkpt lat="-26.2709430" lon="-51.0555130">
    <ele>755.6</ele>
   </trkpt>
   <trkpt lat="-26.2710140" lon="-51.0554760">
    <ele>755.3</ele>
   </trkpt>
   <trkpt lat="-26.2710880" lon="-51.0554370">
    <ele>755.0</ele>
   </trkpt>
   <trkpt lat="-26.2711650" lon="-51.0553970">
    <ele>754.6</ele>
   </trkpt>
   <trkpt lat="-26.2712450" lon="-51.0553600">
    <ele>754.3</ele>
   </trkpt>
   <trkpt lat="-26.2713300" lon="-51.0553230">
    <ele>753.8</ele>
   </trkpt>
   <trkpt lat="-26.2714150" lon="-51.0552880">
    <ele>753.4</ele>
   </trkpt>
   <trkpt lat="-26.2715000" lon="-51.0552560">
    <ele>753.0</ele>
   </trkpt>
   <trkpt lat="-26.2715880" lon="-51.0552220">
    <ele>752.7</ele>
   </trkpt>
   <trkpt lat="-26.2716780" lon="-51.0551910">
    <ele>752.5</ele>
   </trkpt>
   <trkpt lat="-26.2717670" lon="-51.0551600">
    <ele>752.3</ele>
   </trkpt>
   <trkpt lat="-26.2718570" lon="-51.0551310">
    <ele>752.3</ele>
   </trkpt>
   <trkpt lat="-26.2719470" lon="-51.0551000">
    <ele>752.4</ele>
   </trkpt>
   <trkpt lat="-26.2720350" lon="-51.0550710">
    <ele>752.5</ele>
   </trkpt>
   <trkpt lat="-26.2721240" lon="-51.0550410">
    <ele>752.7</ele>
   </trkpt>
   <trkpt lat="-26.2722080" lon="-51.0550150">
    <ele>753.0</ele>
   </trkpt>
   <trkpt lat="-26.2722930" lon="-51.0549890">
    <ele>753.4</ele>
   </trkpt>
   <trkpt lat="-26.2723760" lon="-51.0549610">
    <ele>753.7</ele>
   </trkpt>
   <trkpt lat="-26.2724590" lon="-51.0549330">
    <ele>754.0</ele>
   </trkpt>
   <trkpt lat="-26.2725430" lon="-51.0549060">
    <ele>754.3</ele>
   </trkpt>
   <trkpt lat="-26.2726270" lon="-51.0548810">
    <ele>754.6</ele>
   </trkpt>
   <trkpt lat="-26.2727090" lon="-51.0548560">
    <ele>754.8</ele>
   </trkpt>
   <trkpt lat="-26.2727880" lon="-51.0548330">
    <ele>755.0</ele>
   </trkpt>
   <trkpt lat="-26.2728630" lon="-51.0548120">
    <ele>755.2</ele>
   </trkpt>
   <trkpt lat="-26.2729360" lon="-51.0547880">
    <ele>755.3</ele>
   </trkpt>
   <trkpt lat="-26.2730080" lon="-51.0547660">
    <ele>755.4</ele>
   </trkpt>
   <trkpt lat="-26.2730810" lon="-51.0547450">
    <ele>755.5</ele>
   </trkpt>
   <trkpt lat="-26.2731520" lon="-51.0547240">
    <ele>755.5</ele>
   </trkpt>
   <trkpt lat="-26.2732240" lon="-51.0547020">
    <ele>755.6</ele>
   </trkpt>
   <trkpt lat="-26.2732960" lon="-51.0546790">
    <ele>755.6</ele>
   </trkpt>
   <trkpt lat="-26.2733700" lon="-51.0546560">
    <ele>755.6</ele>
   </trkpt>
   <trkpt lat="-26.2734430" lon="-51.0546350">
    <ele>755.6</ele>
   </trkpt>
   <trkpt lat="-26.2735140" lon="-51.0546100">
    <ele>755.6</ele>
   </trkpt>
   <trkpt lat="-26.2735820" lon="-51.0545870">
    <ele>755.5</ele>
   </trkpt>
   <trkpt lat="-26.2736500" lon="-51.0545650">
    <ele>755.5</ele>
   </trkpt>
   <trkpt lat="-26.2737190" lon="-51.0545430">
    <ele>755.5</ele>
   </trkpt>
   <trkpt lat="-26.2737890" lon="-51.0545200">
    <ele>755.5</ele>
   </trkpt>
   <trkpt lat="-26.2738600" lon="-51.0544980">
    <ele>755.5</ele>
   </trkpt>
   <trkpt lat="-26.2739170" lon="-51.0544790">
    <ele>755.5</ele>
   </trkpt>
   <trkpt lat="-26.2740010" lon="-51.0544510">
    <ele>755.5</ele>
   </trkpt>
   <trkpt lat="-26.2740700" lon="-51.0544290">
    <ele>755.5</ele>
   </trkpt>
   <trkpt lat="-26.2741390" lon="-51.0544090">
    <ele>755.4</ele>
   </trkpt>
   <trkpt lat="-26.2742070" lon="-51.0543860">
    <ele>755.4</ele>
   </trkpt>
   <trkpt lat="-26.2742780" lon="-51.0543640">
    <ele>755.4</ele>
   </trkpt>
   <trkpt lat="-26.2743490" lon="-51.0543390">
    <ele>755.4</ele>
   </trkpt>
   <trkpt lat="-26.2744220" lon="-51.0543140">
    <ele>755.3</ele>
   </trkpt>
   <trkpt lat="-26.2744960" lon="-51.0542890">
    <ele>755.3</ele>
   </trkpt>
   <trkpt lat="-26.2745700" lon="-51.0542670">
    <ele>755.3</ele>
   </trkpt>
   <trkpt lat="-26.2746450" lon="-51.0542470">
    <ele>755.2</ele>
   </trkpt>
   <trkpt lat="-26.2747230" lon="-51.0542240">
    <ele>755.2</ele>
   </trkpt>
   <trkpt lat="-26.2748010" lon="-51.0541980">
    <ele>755.1</ele>
   </trkpt>
   <trkpt lat="-26.2748790" lon="-51.0541710">
    <ele>755.0</ele>
   </trkpt>
   <trkpt lat="-26.2749560" lon="-51.0541480">
    <ele>754.9</ele>
   </trkpt>
   <trkpt lat="-26.2750310" lon="-51.0541220">
    <ele>754.8</ele>
   </trkpt>
   <trkpt lat="-26.2751090" lon="-51.0540960">
    <ele>754.7</ele>
   </trkpt>
   <trkpt lat="-26.2751910" lon="-51.0540720">
    <ele>754.5</ele>
   </trkpt>
   <trkpt lat="-26.2752740" lon="-51.0540490">
    <ele>754.3</ele>
   </trkpt>
   <trkpt lat="-26.2753610" lon="-51.0540220">
    <ele>754.1</ele>
   </trkpt>
   <trkpt lat="-26.2754470" lon="-51.0539970">
    <ele>753.9</ele>
   </trkpt>
   <trkpt lat="-26.2755310" lon="-51.0539720">
    <ele>753.7</ele>
   </trkpt>
   <trkpt lat="-26.2756150" lon="-51.0539480">
    <ele>753.5</ele>
   </trkpt>
   <trkpt lat="-26.2756990" lon="-51.0539220">
    <ele>753.3</ele>
   </trkpt>
   <trkpt lat="-26.2757820" lon="-51.0538980">
    <ele>753.2</ele>
   </trkpt>
   <trkpt lat="-26.2758620" lon="-51.0538740">
    <ele>753.1</ele>
   </trkpt>
   <trkpt lat="-26.2759420" lon="-51.0538510">
    <ele>753.0</ele>
   </trkpt>
   <trkpt lat="-26.2760230" lon="-51.0538260">
    <ele>752.8</ele>
   </trkpt>
   <trkpt lat="-26.2761020" lon="-51.0538020">
    <ele>752.7</ele>
   </trkpt>
   <trkpt lat="-26.2761820" lon="-51.0537780">
    <ele>752.6</ele>
   </trkpt>
   <trkpt lat="-26.2762630" lon="-51.0537540">
    <ele>752.5</ele>
   </trkpt>
   <trkpt lat="-26.2763440" lon="-51.0537280">
    <ele>752.5</ele>
   </trkpt>
   <trkpt lat="-26.2764240" lon="-51.0537040">
    <ele>752.4</ele>
   </trkpt>
   <trkpt lat="-26.2765020" lon="-51.0536790">
    <ele>752.4</ele>
   </trkpt>
   <trkpt lat="-26.2765780" lon="-51.0536540">
    <ele>752.3</ele>
   </trkpt>
   <trkpt lat="-26.2766560" lon="-51.0536290">
    <ele>752.3</ele>
   </trkpt>
   <trkpt lat="-26.2767330" lon="-51.0536050">
    <ele>752.3</ele>
   </trkpt>
   <trkpt lat="-26.2768090" lon="-51.0535790">
    <ele>752.3</ele>
   </trkpt>
   <trkpt lat="-26.2768840" lon="-51.0535540">
    <ele>752.3</ele>
   </trkpt>
   <trkpt lat="-26.2769610" lon="-51.0535270">
    <ele>752.3</ele>
   </trkpt>
   <trkpt lat="-26.2770380" lon="-51.0535040">
    <ele>752.3</ele>
   </trkpt>
   <trkpt lat="-26.2771150" lon="-51.0534780">
    <ele>752.3</ele>
   </trkpt>
   <trkpt lat="-26.2771910" lon="-51.0534500">
    <ele>752.3</ele>
   </trkpt>
   <trkpt lat="-26.2772690" lon="-51.0534190">
    <ele>752.3</ele>
   </trkpt>
   <trkpt lat="-26.2773470" lon="-51.0533890">
    <ele>752.3</ele>
   </trkpt>
   <trkpt lat="-26.2774380" lon="-51.0533500">
    <ele>752.3</ele>
   </trkpt>
   <trkpt lat="-26.2774980" lon="-51.0533230">
    <ele>752.3</ele>
   </trkpt>
   <trkpt lat="-26.2775740" lon="-51.0532850">
    <ele>752.3</ele>
   </trkpt>
   <trkpt lat="-26.2776470" lon="-51.0532490">
    <ele>752.3</ele>
   </trkpt>
   <trkpt lat="-26.2777180" lon="-51.0532100">
    <ele>752.4</ele>
   </trkpt>
   <trkpt lat="-26.2777880" lon="-51.0531680">
    <ele>752.4</ele>
   </trkpt>
   <trkpt lat="-26.2778560" lon="-51.0531300">
    <ele>752.4</ele>
   </trkpt>
   <trkpt lat="-26.2779240" lon="-51.0530900">
    <ele>752.4</ele>
   </trkpt>
   <trkpt lat="-26.2779910" lon="-51.0530490">
    <ele>752.4</ele>
   </trkpt>
   <trkpt lat="-26.2780560" lon="-51.0530090">
    <ele>752.4</ele>
   </trkpt>
   <trkpt lat="-26.2781200" lon="-51.0529680">
    <ele>752.4</ele>
   </trkpt>
   <trkpt lat="-26.2781840" lon="-51.0529270">
    <ele>752.5</ele>
   </trkpt>
   <trkpt lat="-26.2782420" lon="-51.0528900">
    <ele>752.5</ele>
   </trkpt>
   <trkpt lat="-26.2782990" lon="-51.0528510">
    <ele>752.6</ele>
   </trkpt>
   <trkpt lat="-26.2783550" lon="-51.0528100">
    <ele>752.6</ele>
   </trkpt>
   <trkpt lat="-26.2784120" lon="-51.0527690">
    <ele>752.6</ele>
   </trkpt>
   <trkpt lat="-26.2784680" lon="-51.0527290">
    <ele>752.7</ele>
   </trkpt>
   <trkpt lat="-26.2785250" lon="-51.0526950">
    <ele>752.7</ele>
   </trkpt>
   <trkpt lat="-26.2785860" lon="-51.0526770">
    <ele>752.7</ele>
   </trkpt>
   <trkpt lat="-26.2786480" lon="-51.0526890">
    <ele>752.6</ele>
   </trkpt>
   <trkpt lat="-26.2787040" lon="-51.0527250">
    <ele>752.5</ele>
   </trkpt>
   <trkpt lat="-26.2787520" lon="-51.0527810">
    <ele>752.3</ele>
   </trkpt>
   <trkpt lat="-26.2787840" lon="-51.0528370">
    <ele>752.2</ele>
   </trkpt>
   <trkpt lat="-26.2788230" lon="-51.0529080">
    <ele>752.1</ele>
   </trkpt>
   <trkpt lat="-26.2788700" lon="-51.0529920">
    <ele>752.1</ele>
   </trkpt>
   <trkpt lat="-26.2789020" lon="-51.0530500">
    <ele>752.1</ele>
   </trkpt>
   <trkpt lat="-26.2789500" lon="-51.0531310">
    <ele>752.1</ele>
   </trkpt>
   <trkpt lat="-26.2789880" lon="-51.0531960">
    <ele>752.2</ele>
   </trkpt>
   <trkpt lat="-26.2790260" lon="-51.0532610">
    <ele>752.3</ele>
   </trkpt>
   <trkpt lat="-26.2790660" lon="-51.0533220">
    <ele>752.3</ele>
   </trkpt>
   <trkpt lat="-26.2791040" lon="-51.0533840">
    <ele>752.4</ele>
   </trkpt>
   <trkpt lat="-26.2791420" lon="-51.0534450">
    <ele>752.5</ele>
   </trkpt>
   <trkpt lat="-26.2791810" lon="-51.0535070">
    <ele>752.5</ele>
   </trkpt>
   <trkpt lat="-26.2792180" lon="-51.0535700">
    <ele>752.6</ele>
   </trkpt>
   <trkpt lat="-26.2792570" lon="-51.0536340">
    <ele>752.6</ele>
   </trkpt>
   <trkpt lat="-26.2792940" lon="-51.0536990">
    <ele>752.6</ele>
   </trkpt>
   <trkpt lat="-26.2793320" lon="-51.0537660">
    <ele>752.6</ele>
   </trkpt>
   <trkpt lat="-26.2793710" lon="-51.0538320">
    <ele>752.6</ele>
   </trkpt>
   <trkpt lat="-26.2794110" lon="-51.0538970">
    <ele>752.7</ele>
   </trkpt>
   <trkpt lat="-26.2794490" lon="-51.0539650">
    <ele>752.7</ele>
   </trkpt>
   <trkpt lat="-26.2794830" lon="-51.0540380">
    <ele>752.7</ele>
   </trkpt>
   <trkpt lat="-26.2795110" lon="-51.0541150">
    <ele>752.6</ele>
   </trkpt>
   <trkpt lat="-26.2795320" lon="-51.0541980">
    <ele>752.6</ele>
   </trkpt>
   <trkpt lat="-26.2795430" lon="-51.0542820">
    <ele>752.6</ele>
   </trkpt>
   <trkpt lat="-26.2795480" lon="-51.0543660">
    <ele>752.7</ele>
   </trkpt>
   <trkpt lat="-26.2795490" lon="-51.0544500">
    <ele>752.8</ele>
   </trkpt>
   <trkpt lat="-26.2795500" lon="-51.0545320">
    <ele>752.8</ele>
   </trkpt>
   <trkpt lat="-26.2795470" lon="-51.0546140">
    <ele>752.9</ele>
   </trkpt>
   <trkpt lat="-26.2795450" lon="-51.0546950">
    <ele>753.0</ele>
   </trkpt>
   <trkpt lat="-26.2795450" lon="-51.0547750">
    <ele>753.1</ele>
   </trkpt>
   <trkpt lat="-26.2795480" lon="-51.0548520">
    <ele>753.1</ele>
   </trkpt>
   <trkpt lat="-26.2795530" lon="-51.0549310">
    <ele>753.2</ele>
   </trkpt>
   <trkpt lat="-26.2795590" lon="-51.0550060">
    <ele>753.3</ele>
   </trkpt>
   <trkpt lat="-26.2795670" lon="-51.0550810">
    <ele>753.3</ele>
   </trkpt>
   <trkpt lat="-26.2795730" lon="-51.0551580">
    <ele>753.3</ele>
   </trkpt>
   <trkpt lat="-26.2795800" lon="-51.0552330">
    <ele>753.3</ele>
   </trkpt>
   <trkpt lat="-26.2795890" lon="-51.0553060">
    <ele>753.3</ele>
   </trkpt>
   <trkpt lat="-26.2796000" lon="-51.0553780">
    <ele>753.3</ele>
   </trkpt>
   <trkpt lat="-26.2796110" lon="-51.0554490">
    <ele>753.3</ele>
   </trkpt>
   <trkpt lat="-26.2796220" lon="-51.0555220">
    <ele>753.2</ele>
   </trkpt>
   <trkpt lat="-26.2796340" lon="-51.0555950">
    <ele>753.2</ele>
   </trkpt>
   <trkpt lat="-26.2796480" lon="-51.0556690">
    <ele>753.2</ele>
   </trkpt>
   <trkpt lat="-26.2796620" lon="-51.0557460">
    <ele>753.2</ele>
   </trkpt>
   <trkpt lat="-26.2796760" lon="-51.0558220">
    <ele>753.2</ele>
   </trkpt>
   <trkpt lat="-26.2796940" lon="-51.0558950">
    <ele>753.2</ele>
   </trkpt>
   <trkpt lat="-26.2797120" lon="-51.0559670">
    <ele>753.2</ele>
   </trkpt>
   <trkpt lat="-26.2797330" lon="-51.0560380">
    <ele>753.2</ele>
   </trkpt>
   <trkpt lat="-26.2797570" lon="-51.0561070">
    <ele>753.2</ele>
   </trkpt>
   <trkpt lat="-26.2797850" lon="-51.0561750">
    <ele>753.2</ele>
   </trkpt>
   <trkpt lat="-26.2798170" lon="-51.0562420">
    <ele>753.3</ele>
   </trkpt>
   <trkpt lat="-26.2798510" lon="-51.0563080">
    <ele>753.3</ele>
   </trkpt>
   <trkpt lat="-26.2798860" lon="-51.0563750">
    <ele>753.3</ele>
   </trkpt>
   <trkpt lat="-26.2799200" lon="-51.0564410">
    <ele>753.4</ele>
   </trkpt>
   <trkpt lat="-26.2799560" lon="-51.0565070">
    <ele>753.5</ele>
   </trkpt>
   <trkpt lat="-26.2799960" lon="-51.0565700">
    <ele>753.6</ele>
   </trkpt>
   <trkpt lat="-26.2800350" lon="-51.0566330">
    <ele>753.7</ele>
   </trkpt>
   <trkpt lat="-26.2800740" lon="-51.0566970">
    <ele>753.8</ele>
   </trkpt>
   <trkpt lat="-26.2801120" lon="-51.0567610">
    <ele>753.9</ele>
   </trkpt>
   <trkpt lat="-26.2801510" lon="-51.0568240">
    <ele>754.0</ele>
   </trkpt>
   <trkpt lat="-26.2801910" lon="-51.0568900">
    <ele>754.2</ele>
   </trkpt>
   <trkpt lat="-26.2802320" lon="-51.0569540">
    <ele>754.3</ele>
   </trkpt>
   <trkpt lat="-26.2802730" lon="-51.0570160">
    <ele>754.5</ele>
   </trkpt>
   <trkpt lat="-26.2803150" lon="-51.0570790">
    <ele>754.5</ele>
   </trkpt>
   <trkpt lat="-26.2803560" lon="-51.0571400">
    <ele>754.6</ele>
   </trkpt>
   <trkpt lat="-26.2803980" lon="-51.0572010">
    <ele>754.6</ele>
   </trkpt>
   <trkpt lat="-26.2804370" lon="-51.0572620">
    <ele>754.7</ele>
   </trkpt>
   <trkpt lat="-26.2804770" lon="-51.0573240">
    <ele>754.7</ele>
   </trkpt>
   <trkpt lat="-26.2805140" lon="-51.0573890">
    <ele>754.7</ele>
   </trkpt>
   <trkpt lat="-26.2805440" lon="-51.0574580">
    <ele>754.7</ele>
   </trkpt>
   <trkpt lat="-26.2805670" lon="-51.0575320">
    <ele>754.6</ele>
   </trkpt>
   <trkpt lat="-26.2805750" lon="-51.0576090">
    <ele>754.6</ele>
   </trkpt>
   <trkpt lat="-26.2805690" lon="-51.0576920">
    <ele>754.6</ele>
   </trkpt>
   <trkpt lat="-26.2805550" lon="-51.0577730">
    <ele>754.5</ele>
   </trkpt>
   <trkpt lat="-26.2805310" lon="-51.0578520">
    <ele>754.5</ele>
   </trkpt>
   <trkpt lat="-26.2805010" lon="-51.0579290">
    <ele>754.3</ele>
   </trkpt>
   <trkpt lat="-26.2804660" lon="-51.0580050">
    <ele>754.2</ele>
   </trkpt>
   <trkpt lat="-26.2804230" lon="-51.0580760">
    <ele>754.0</ele>
   </trkpt>
   <trkpt lat="-26.2803780" lon="-51.0581400">
    <ele>753.9</ele>
   </trkpt>
   <trkpt lat="-26.2803270" lon="-51.0582010">
    <ele>753.7</ele>
   </trkpt>
   <trkpt lat="-26.2802710" lon="-51.0582560">
    <ele>753.6</ele>
   </trkpt>
   <trkpt lat="-26.2802170" lon="-51.0583140">
    <ele>753.6</ele>
   </trkpt>
   <trkpt lat="-26.2801700" lon="-51.0583800">
    <ele>753.7</ele>
   </trkpt>
   <trkpt lat="-26.2801350" lon="-51.0584490">
    <ele>753.8</ele>
   </trkpt>
   <trkpt lat="-26.2801140" lon="-51.0585210">
    <ele>753.9</ele>
   </trkpt>
   <trkpt lat="-26.2801100" lon="-51.0585960">
    <ele>754.0</ele>
   </trkpt>
   <trkpt lat="-26.2801160" lon="-51.0586740">
    <ele>754.1</ele>
   </trkpt>
   <trkpt lat="-26.2801300" lon="-51.0587500">
    <ele>754.2</ele>
   </trkpt>
   <trkpt lat="-26.2801480" lon="-51.0588240">
    <ele>754.3</ele>
   </trkpt>
   <trkpt lat="-26.2801720" lon="-51.0588910">
    <ele>754.4</ele>
   </trkpt>
   <trkpt lat="-26.2802040" lon="-51.0589560">
    <ele>754.5</ele>
   </trkpt>
   <trkpt lat="-26.2802470" lon="-51.0590140">
    <ele>754.6</ele>
   </trkpt>
   <trkpt lat="-26.2802980" lon="-51.0590640">
    <ele>754.7</ele>
   </trkpt>
   <trkpt lat="-26.2803520" lon="-51.0591100">
    <ele>754.8</ele>
   </trkpt>
   <trkpt lat="-26.2804080" lon="-51.0591500">
    <ele>754.9</ele>
   </trkpt>
   <trkpt lat="-26.2804630" lon="-51.0591850">
    <ele>755.0</ele>
   </trkpt>
   <trkpt lat="-26.2805210" lon="-51.0592190">
    <ele>755.1</ele>
   </trkpt>
   <trkpt lat="-26.2805770" lon="-51.0592540">
    <ele>755.2</ele>
   </trkpt>
   <trkpt lat="-26.2806350" lon="-51.0592880">
    <ele>755.4</ele>
   </trkpt>
   <trkpt lat="-26.2806920" lon="-51.0593190">
    <ele>755.5</ele>
   </trkpt>
   <trkpt lat="-26.2807490" lon="-51.0593520">
    <ele>755.6</ele>
   </trkpt>
   <trkpt lat="-26.2808070" lon="-51.0593870">
    <ele>755.7</ele>
   </trkpt>
   <trkpt lat="-26.2808630" lon="-51.0594210">
    <ele>755.8</ele>
   </trkpt>
   <trkpt lat="-26.2809190" lon="-51.0594560">
    <ele>755.9</ele>
   </trkpt>
   <trkpt lat="-26.2809750" lon="-51.0594930">
    <ele>756.1</ele>
   </trkpt>
   <trkpt lat="-26.2810310" lon="-51.0595310">
    <ele>756.2</ele>
   </trkpt>
   <trkpt lat="-26.2810880" lon="-51.0595670">
    <ele>756.4</ele>
   </trkpt>
   <trkpt lat="-26.2811430" lon="-51.0596020">
    <ele>756.5</ele>
   </trkpt>
   <trkpt lat="-26.2811980" lon="-51.0596380">
    <ele>756.7</ele>
   </trkpt>
   <trkpt lat="-26.2812560" lon="-51.0596760">
    <ele>756.9</ele>
   </trkpt>
   <trkpt lat="-26.2813120" lon="-51.0597120">
    <ele>757.1</ele>
   </trkpt>
   <trkpt lat="-26.2813640" lon="-51.0597480">
    <ele>757.2</ele>
   </trkpt>
   <trkpt lat="-26.2814150" lon="-51.0597840">
    <ele>757.4</ele>
   </trkpt>
   <trkpt lat="-26.2814650" lon="-51.0598210">
    <ele>757.6</ele>
   </trkpt>
   <trkpt lat="-26.2815150" lon="-51.0598600">
    <ele>757.7</ele>
   </trkpt>
   <trkpt lat="-26.2815630" lon="-51.0599020">
    <ele>757.9</ele>
   </trkpt>
   <trkpt lat="-26.2816090" lon="-51.0599470">
    <ele>758.0</ele>
   </trkpt>
   <trkpt lat="-26.2816560" lon="-51.0599940">
    <ele>758.2</ele>
   </trkpt>
   <trkpt lat="-26.2816990" lon="-51.0600390">
    <ele>758.3</ele>
   </trkpt>
   <trkpt lat="-26.2817400" lon="-51.0600880">
    <ele>758.4</ele>
   </trkpt>
   <trkpt lat="-26.2817770" lon="-51.0601410">
    <ele>758.5</ele>
   </trkpt>
   <trkpt lat="-26.2818100" lon="-51.0602010">
    <ele>758.6</ele>
   </trkpt>
   <trkpt lat="-26.2818320" lon="-51.0602650">
    <ele>758.7</ele>
   </trkpt>
   <trkpt lat="-26.2818380" lon="-51.0603330">
    <ele>758.8</ele>
   </trkpt>
   <trkpt lat="-26.2818310" lon="-51.0604030">
    <ele>758.9</ele>
   </trkpt>
   <trkpt lat="-26.2818120" lon="-51.0604690">
    <ele>758.9</ele>
   </trkpt>
   <trkpt lat="-26.2817820" lon="-51.0605280">
    <ele>759.0</ele>
   </trkpt>
   <trkpt lat="-26.2817430" lon="-51.0605790">
    <ele>759.1</ele>
   </trkpt>
   <trkpt lat="-26.2817000" lon="-51.0606270">
    <ele>759.1</ele>
   </trkpt>
   <trkpt lat="-26.2816590" lon="-51.0606740">
    <ele>759.2</ele>
   </trkpt>
   <trkpt lat="-26.2816220" lon="-51.0607220">
    <ele>759.3</ele>
   </trkpt>
   <trkpt lat="-26.2815890" lon="-51.0607730">
    <ele>759.5</ele>
   </trkpt>
   <trkpt lat="-26.2815630" lon="-51.0608250">
    <ele>759.6</ele>
   </trkpt>
   <trkpt lat="-26.2815420" lon="-51.0608790">
    <ele>759.7</ele>
   </trkpt>
   <trkpt lat="-26.2815300" lon="-51.0609370">
    <ele>759.9</ele>
   </trkpt>
   <trkpt lat="-26.2815270" lon="-51.0609960">
    <ele>760.0</ele>
   </trkpt>
   <trkpt lat="-26.2815350" lon="-51.0610550">
    <ele>760.2</ele>
   </trkpt>
   <trkpt lat="-26.2815510" lon="-51.0611150">
    <ele>760.4</ele>
   </trkpt>
   <trkpt lat="-26.2815760" lon="-51.0611720">
    <ele>760.6</ele>
   </trkpt>
   <trkpt lat="-26.2816070" lon="-51.0612230">
    <ele>760.7</ele>
   </trkpt>
   <trkpt lat="-26.2816430" lon="-51.0612720">
    <ele>760.9</ele>
   </trkpt>
   <trkpt lat="-26.2816830" lon="-51.0613210">
    <ele>761.0</ele>
   </trkpt>
   <trkpt lat="-26.2817230" lon="-51.0613690">
    <ele>761.1</ele>
   </trkpt>
   <trkpt lat="-26.2817630" lon="-51.0614190">
    <ele>761.3</ele>
   </trkpt>
   <trkpt lat="-26.2818020" lon="-51.0614680">
    <ele>761.4</ele>
   </trkpt>
   <trkpt lat="-26.2818420" lon="-51.0615160">
    <ele>761.5</ele>
   </trkpt>
   <trkpt lat="-26.2818850" lon="-51.0615630">
    <ele>761.6</ele>
   </trkpt>
   <trkpt lat="-26.2819300" lon="-51.0616100">
    <ele>761.7</ele>
   </trkpt>
   <trkpt lat="-26.2819710" lon="-51.0616600">
    <ele>761.8</ele>
   </trkpt>
   <trkpt lat="-26.2820110" lon="-51.0617120">
    <ele>761.9</ele>
   </trkpt>
   <trkpt lat="-26.2820510" lon="-51.0617650">
    <ele>761.9</ele>
   </trkpt>
   <trkpt lat="-26.2820910" lon="-51.0618170">
    <ele>762.0</ele>
   </trkpt>
   <trkpt lat="-26.2821300" lon="-51.0618710">
    <ele>762.1</ele>
   </trkpt>
   <trkpt lat="-26.2821710" lon="-51.0619210">
    <ele>762.1</ele>
   </trkpt>
   <trkpt lat="-26.2822100" lon="-51.0619730">
    <ele>762.2</ele>
   </trkpt>
   <trkpt lat="-26.2822500" lon="-51.0620250">
    <ele>762.2</ele>
   </trkpt>
   <trkpt lat="-26.2822900" lon="-51.0620770">
    <ele>762.2</ele>
   </trkpt>
   <trkpt lat="-26.2823290" lon="-51.0621300">
    <ele>762.2</ele>
   </trkpt>
   <trkpt lat="-26.2823700" lon="-51.0621840">
    <ele>762.1</ele>
   </trkpt>
   <trkpt lat="-26.2824140" lon="-51.0622380">
    <ele>762.1</ele>
   </trkpt>
   <trkpt lat="-26.2824600" lon="-51.0622930">
    <ele>762.0</ele>
   </trkpt>
   <trkpt lat="-26.2825050" lon="-51.0623490">
    <ele>761.9</ele>
   </trkpt>
   <trkpt lat="-26.2825520" lon="-51.0624050">
    <ele>761.7</ele>
   </trkpt>
   <trkpt lat="-26.2826000" lon="-51.0624600">
    <ele>761.5</ele>
   </trkpt>
   <trkpt lat="-26.2826480" lon="-51.0625140">
    <ele>761.3</ele>
   </trkpt>
   <trkpt lat="-26.2826940" lon="-51.0625650">
    <ele>761.0</ele>
   </trkpt>
   <trkpt lat="-26.2827400" lon="-51.0626120">
    <ele>760.8</ele>
   </trkpt>
   <trkpt lat="-26.2827880" lon="-51.0626600">
    <ele>760.5</ele>
   </trkpt>
   <trkpt lat="-26.2828390" lon="-51.0627100">
    <ele>760.2</ele>
   </trkpt>
   <trkpt lat="-26.2828900" lon="-51.0627590">
    <ele>760.0</ele>
   </trkpt>
   <trkpt lat="-26.2829400" lon="-51.0628080">
    <ele>759.7</ele>
   </trkpt>
   <trkpt lat="-26.2829900" lon="-51.0628570">
    <ele>759.5</ele>
   </trkpt>
   <trkpt lat="-26.2830400" lon="-51.0629090">
    <ele>759.3</ele>
   </trkpt>
   <trkpt lat="-26.2830870" lon="-51.0629590">
    <ele>759.1</ele>
   </trkpt>
   <trkpt lat="-26.2831350" lon="-51.0630070">
    <ele>758.9</ele>
   </trkpt>
   <trkpt lat="-26.2831850" lon="-51.0630570">
    <ele>758.7</ele>
   </trkpt>
   <trkpt lat="-26.2832370" lon="-51.0631060">
    <ele>758.6</ele>
   </trkpt>
   <trkpt lat="-26.2832890" lon="-51.0631570">
    <ele>758.4</ele>
   </trkpt>
   <trkpt lat="-26.2833410" lon="-51.0632130">
    <ele>758.3</ele>
   </trkpt>
   <trkpt lat="-26.2833920" lon="-51.0632690">
    <ele>758.2</ele>
   </trkpt>
   <trkpt lat="-26.2834450" lon="-51.0633240">
    <ele>758.1</ele>
   </trkpt>
   <trkpt lat="-26.2834990" lon="-51.0633770">
    <ele>758.0</ele>
   </trkpt>
   <trkpt lat="-26.2835520" lon="-51.0634310">
    <ele>757.9</ele>
   </trkpt>
   <trkpt lat="-26.2836120" lon="-51.0634770">
    <ele>757.8</ele>
   </trkpt>
   <trkpt lat="-26.2836750" lon="-51.0635160">
    <ele>757.8</ele>
   </trkpt>
   <trkpt lat="-26.2837410" lon="-51.0635470">
    <ele>757.8</ele>
   </trkpt>
   <trkpt lat="-26.2838100" lon="-51.0635700">
    <ele>757.9</ele>
   </trkpt>
   <trkpt lat="-26.2838780" lon="-51.0635890">
    <ele>758.1</ele>
   </trkpt>
   <trkpt lat="-26.2839450" lon="-51.0636010">
    <ele>758.3</ele>
   </trkpt>
   <trkpt lat="-26.2840090" lon="-51.0636110">
    <ele>758.6</ele>
   </trkpt>
   <trkpt lat="-26.2840660" lon="-51.0636190">
    <ele>758.9</ele>
   </trkpt>
   <trkpt lat="-26.2841210" lon="-51.0636240">
    <ele>759.2</ele>
   </trkpt>
   <trkpt lat="-26.2841770" lon="-51.0636280">
    <ele>759.6</ele>
   </trkpt>
   <trkpt lat="-26.2842280" lon="-51.0636320">
    <ele>760.0</ele>
   </trkpt>
   <trkpt lat="-26.2842740" lon="-51.0636350">
    <ele>760.4</ele>
   </trkpt>
   <trkpt lat="-26.2843160" lon="-51.0636370">
    <ele>760.8</ele>
   </trkpt>
   <trkpt lat="-26.2843610" lon="-51.0636380">
    <ele>761.1</ele>
   </trkpt>
   <trkpt lat="-26.2844060" lon="-51.0636430">
    <ele>761.5</ele>
   </trkpt>
   <trkpt lat="-26.2844460" lon="-51.0636470">
    <ele>761.8</ele>
   </trkpt>
   <trkpt lat="-26.2844890" lon="-51.0636520">
    <ele>762.2</ele>
   </trkpt>
   <trkpt lat="-26.2845360" lon="-51.0636540">
    <ele>762.6</ele>
   </trkpt>
   <trkpt lat="-26.2845830" lon="-51.0636580">
    <ele>763.0</ele>
   </trkpt>
   <trkpt lat="-26.2846220" lon="-51.0636600">
    <ele>763.3</ele>
   </trkpt>
   <trkpt lat="-26.2846660" lon="-51.0636630">
    <ele>763.7</ele>
   </trkpt>
   <trkpt lat="-26.2847110" lon="-51.0636650">
    <ele>764.1</ele>
   </trkpt>
   <trkpt lat="-26.2847560" lon="-51.0636650">
    <ele>764.4</ele>
   </trkpt>
   <trkpt lat="-26.2847990" lon="-51.0636670">
    <ele>764.8</ele>
   </trkpt>
   <trkpt lat="-26.2848370" lon="-51.0636680">
    <ele>765.2</ele>
   </trkpt>
   <trkpt lat="-26.2848730" lon="-51.0636740">
    <ele>765.5</ele>
   </trkpt>
   <trkpt lat="-26.2849120" lon="-51.0636830">
    <ele>765.8</ele>
   </trkpt>
   <trkpt lat="-26.2849540" lon="-51.0636870">
    <ele>766.2</ele>
   </trkpt>
   <trkpt lat="-26.2850010" lon="-51.0636900">
    <ele>766.7</ele>
   </trkpt>
   <trkpt lat="-26.2850510" lon="-51.0636950">
    <ele>767.1</ele>
   </trkpt>
   <trkpt lat="-26.2851040" lon="-51.0637060">
    <ele>767.7</ele>
   </trkpt>
   <trkpt lat="-26.2851550" lon="-51.0637230">
    <ele>768.2</ele>
   </trkpt>
   <trkpt lat="-26.2852060" lon="-51.0637380">
    <ele>768.7</ele>
   </trkpt>
   <trkpt lat="-26.2852520" lon="-51.0637560">
    <ele>769.2</ele>
   </trkpt>
   <trkpt lat="-26.2852970" lon="-51.0637720">
    <ele>769.7</ele>
   </trkpt>
   <trkpt lat="-26.2853490" lon="-51.0637920">
    <ele>770.1</ele>
   </trkpt>
   <trkpt lat="-26.2854020" lon="-51.0638040">
    <ele>770.6</ele>
   </trkpt>
   <trkpt lat="-26.2854630" lon="-51.0638230">
    <ele>771.1</ele>
   </trkpt>
   <trkpt lat="-26.2855150" lon="-51.0638470">
    <ele>771.5</ele>
   </trkpt>
   <trkpt lat="-26.2855670" lon="-51.0638710">
    <ele>771.8</ele>
   </trkpt>
   <trkpt lat="-26.2856210" lon="-51.0638950">
    <ele>772.2</ele>
   </trkpt>
   <trkpt lat="-26.2856760" lon="-51.0639220">
    <ele>772.6</ele>
   </trkpt>
   <trkpt lat="-26.2857280" lon="-51.0639450">
    <ele>772.9</ele>
   </trkpt>
   <trkpt lat="-26.2857780" lon="-51.0639700">
    <ele>773.3</ele>
   </trkpt>
   <trkpt lat="-26.2858250" lon="-51.0640020">
    <ele>773.7</ele>
   </trkpt>
   <trkpt lat="-26.2858640" lon="-51.0640090">
    <ele>774.0</ele>
   </trkpt>
   <trkpt lat="-26.2858990" lon="-51.0640210">
    <ele>774.3</ele>
   </trkpt>
   <trkpt lat="-26.2859410" lon="-51.0640360">
    <ele>774.7</ele>
   </trkpt>
   <trkpt lat="-26.2859890" lon="-51.0640590">
    <ele>775.2</ele>
   </trkpt>
   <trkpt lat="-26.2860420" lon="-51.0640810">
    <ele>775.8</ele>
   </trkpt>
   <trkpt lat="-26.2861010" lon="-51.0641130">
    <ele>776.5</ele>
   </trkpt>
   <trkpt lat="-26.2861530" lon="-51.0641510">
    <ele>777.3</ele>
   </trkpt>
   <trkpt lat="-26.2861860" lon="-51.0641720">
    <ele>777.7</ele>
   </trkpt>
   <trkpt lat="-26.2862190" lon="-51.0641990">
    <ele>778.2</ele>
   </trkpt>
   <trkpt lat="-26.2862520" lon="-51.0642270">
    <ele>778.6</ele>
   </trkpt>
   <trkpt lat="-26.2862820" lon="-51.0642530">
    <ele>779.0</ele>
   </trkpt>
   <trkpt lat="-26.2862990" lon="-51.0642690">
    <ele>779.2</ele>
   </trkpt>
   <trkpt lat="-26.2863310" lon="-51.0643010">
    <ele>779.5</ele>
   </trkpt>
   <trkpt lat="-26.2863660" lon="-51.0643280">
    <ele>779.8</ele>
   </trkpt>
   <trkpt lat="-26.2863970" lon="-51.0643540">
    <ele>780.1</ele>
   </trkpt>
   <trkpt lat="-26.2864280" lon="-51.0643800">
    <ele>780.3</ele>
   </trkpt>
   <trkpt lat="-26.2864620" lon="-51.0644060">
    <ele>780.4</ele>
   </trkpt>
   <trkpt lat="-26.2864980" lon="-51.0644320">
    <ele>780.6</ele>
   </trkpt>
   <trkpt lat="-26.2865390" lon="-51.0644590">
    <ele>780.7</ele>
   </trkpt>
   <trkpt lat="-26.2865750" lon="-51.0644840">
    <ele>780.8</ele>
   </trkpt>
   <trkpt lat="-26.2866170" lon="-51.0645130">
    <ele>781.0</ele>
   </trkpt>
   <trkpt lat="-26.2866560" lon="-51.0645360">
    <ele>781.1</ele>
   </trkpt>
   <trkpt lat="-26.2867010" lon="-51.0645580">
    <ele>781.3</ele>
   </trkpt>
   <trkpt lat="-26.2867500" lon="-51.0645790">
    <ele>781.4</ele>
   </trkpt>
   <trkpt lat="-26.2867970" lon="-51.0645940">
    <ele>781.5</ele>
   </trkpt>
   <trkpt lat="-26.2868480" lon="-51.0646140">
    <ele>781.7</ele>
   </trkpt>
   <trkpt lat="-26.2869010" lon="-51.0646330">
    <ele>781.8</ele>
   </trkpt>
   <trkpt lat="-26.2869520" lon="-51.0646500">
    <ele>781.9</ele>
   </trkpt>
   <trkpt lat="-26.2870020" lon="-51.0646700">
    <ele>782.0</ele>
   </trkpt>
   <trkpt lat="-26.2870570" lon="-51.0646920">
    <ele>782.2</ele>
   </trkpt>
   <trkpt lat="-26.2871150" lon="-51.0647200">
    <ele>782.2</ele>
   </trkpt>
   <trkpt lat="-26.2871710" lon="-51.0647470">
    <ele>782.2</ele>
   </trkpt>
   <trkpt lat="-26.2872350" lon="-51.0647710">
    <ele>782.2</ele>
   </trkpt>
   <trkpt lat="-26.2872890" lon="-51.0647870">
    <ele>782.2</ele>
   </trkpt>
   <trkpt lat="-26.2873480" lon="-51.0648000">
    <ele>782.1</ele>
   </trkpt>
   <trkpt lat="-26.2874100" lon="-51.0648130">
    <ele>781.9</ele>
   </trkpt>
   <trkpt lat="-26.2874710" lon="-51.0648340">
    <ele>781.8</ele>
   </trkpt>
   <trkpt lat="-26.2875290" lon="-51.0648550">
    <ele>781.7</ele>
   </trkpt>
   <trkpt lat="-26.2875810" lon="-51.0648660">
    <ele>781.6</ele>
   </trkpt>
   <trkpt lat="-26.2876340" lon="-51.0648660">
    <ele>781.4</ele>
   </trkpt>
   <trkpt lat="-26.2877020" lon="-51.0648770">
    <ele>781.3</ele>
   </trkpt>
   <trkpt lat="-26.2877770" lon="-51.0648940">
    <ele>781.2</ele>
   </trkpt>
   <trkpt lat="-26.2878440" lon="-51.0648950">
    <ele>781.1</ele>
   </trkpt>
   <trkpt lat="-26.2879110" lon="-51.0648850">
    <ele>780.9</ele>
   </trkpt>
   <trkpt lat="-26.2879810" lon="-51.0648680">
    <ele>780.7</ele>
   </trkpt>
   <trkpt lat="-26.2880440" lon="-51.0648380">
    <ele>780.5</ele>
   </trkpt>
   <trkpt lat="-26.2880980" lon="-51.0647890">
    <ele>780.4</ele>
   </trkpt>
   <trkpt lat="-26.2881450" lon="-51.0647240">
    <ele>780.4</ele>
   </trkpt>
   <trkpt lat="-26.2881900" lon="-51.0646510">
    <ele>780.5</ele>
   </trkpt>
   <trkpt lat="-26.2882280" lon="-51.0645890">
    <ele>780.7</ele>
   </trkpt>
   <trkpt lat="-26.2882640" lon="-51.0645260">
    <ele>781.0</ele>
   </trkpt>
   <trkpt lat="-26.2882940" lon="-51.0644660">
    <ele>781.3</ele>
   </trkpt>
   <trkpt lat="-26.2883180" lon="-51.0644050">
    <ele>781.6</ele>
   </trkpt>
   <trkpt lat="-26.2883420" lon="-51.0643420">
    <ele>782.0</ele>
   </trkpt>
   <trkpt lat="-26.2883600" lon="-51.0642780">
    <ele>782.3</ele>
   </trkpt>
   <trkpt lat="-26.2883720" lon="-51.0642130">
    <ele>782.7</ele>
   </trkpt>
   <trkpt lat="-26.2883760" lon="-51.0641500">
    <ele>783.0</ele>
   </trkpt>
   <trkpt lat="-26.2883710" lon="-51.0640880">
    <ele>783.3</ele>
   </trkpt>
   <trkpt lat="-26.2883530" lon="-51.0640230">
    <ele>783.6</ele>
   </trkpt>
   <trkpt lat="-26.2883280" lon="-51.0639580">
    <ele>783.9</ele>
   </trkpt>
   <trkpt lat="-26.2882970" lon="-51.0638970">
    <ele>784.2</ele>
   </trkpt>
   <trkpt lat="-26.2882630" lon="-51.0638380">
    <ele>784.5</ele>
   </trkpt>
   <trkpt lat="-26.2882320" lon="-51.0637800">
    <ele>784.8</ele>
   </trkpt>
   <trkpt lat="-26.2882000" lon="-51.0637200">
    <ele>785.2</ele>
   </trkpt>
   <trkpt lat="-26.2881700" lon="-51.0636620">
    <ele>785.5</ele>
   </trkpt>
   <trkpt lat="-26.2881440" lon="-51.0636030">
    <ele>785.9</ele>
   </trkpt>
   <trkpt lat="-26.2881240" lon="-51.0635390">
    <ele>786.3</ele>
   </trkpt>
   <trkpt lat="-26.2881090" lon="-51.0634770">
    <ele>786.7</ele>
   </trkpt>
   <trkpt lat="-26.2881000" lon="-51.0634190">
    <ele>787.0</ele>
   </trkpt>
   <trkpt lat="-26.2880950" lon="-51.0633650">
    <ele>787.3</ele>
   </trkpt>
   <trkpt lat="-26.2880930" lon="-51.0633110">
    <ele>787.6</ele>
   </trkpt>
   <trkpt lat="-26.2880930" lon="-51.0632590">
    <ele>787.9</ele>
   </trkpt>
   <trkpt lat="-26.2880950" lon="-51.0632060">
    <ele>788.2</ele>
   </trkpt>
   <trkpt lat="-26.2881000" lon="-51.0631510">
    <ele>788.5</ele>
   </trkpt>
   <trkpt lat="-26.2881040" lon="-51.0630980">
    <ele>788.8</ele>
   </trkpt>
   <trkpt lat="-26.2881080" lon="-51.0630460">
    <ele>789.1</ele>
   </trkpt>
   <trkpt lat="-26.2881140" lon="-51.0629960">
    <ele>789.3</ele>
   </trkpt>
   <trkpt lat="-26.2881200" lon="-51.0629450">
    <ele>789.6</ele>
   </trkpt>
   <trkpt lat="-26.2881250" lon="-51.0628950">
    <ele>789.9</ele>
   </trkpt>
   <trkpt lat="-26.2881270" lon="-51.0628450">
    <ele>790.2</ele>
   </trkpt>
   <trkpt lat="-26.2881320" lon="-51.0627960">
    <ele>790.6</ele>
   </trkpt>
   <trkpt lat="-26.2881380" lon="-51.0627470">
    <ele>790.9</ele>
   </trkpt>
   <trkpt lat="-26.2881460" lon="-51.0626950">
    <ele>791.3</ele>
   </trkpt>
   <trkpt lat="-26.2881530" lon="-51.0626460">
    <ele>791.6</ele>
   </trkpt>
   <trkpt lat="-26.2881580" lon="-51.0625970">
    <ele>792.0</ele>
   </trkpt>
   <trkpt lat="-26.2881640" lon="-51.0625480">
    <ele>792.4</ele>
   </trkpt>
   <trkpt lat="-26.2881710" lon="-51.0625000">
    <ele>792.9</ele>
   </trkpt>
   <trkpt lat="-26.2881770" lon="-51.0624530">
    <ele>793.3</ele>
   </trkpt>
   <trkpt lat="-26.2881810" lon="-51.0624070">
    <ele>793.6</ele>
   </trkpt>
   <trkpt lat="-26.2881870" lon="-51.0623640">
    <ele>794.0</ele>
   </trkpt>
   <trkpt lat="-26.2881930" lon="-51.0623210">
    <ele>794.4</ele>
   </trkpt>
   <trkpt lat="-26.2881990" lon="-51.0622760">
    <ele>794.9</ele>
   </trkpt>
   <trkpt lat="-26.2882040" lon="-51.0622340">
    <ele>795.3</ele>
   </trkpt>
   <trkpt lat="-26.2882090" lon="-51.0621930">
    <ele>795.7</ele>
   </trkpt>
   <trkpt lat="-26.2882140" lon="-51.0621500">
    <ele>796.1</ele>
   </trkpt>
   <trkpt lat="-26.2882180" lon="-51.0621070">
    <ele>796.5</ele>
   </trkpt>
   <trkpt lat="-26.2882190" lon="-51.0620670">
    <ele>796.9</ele>
   </trkpt>
   <trkpt lat="-26.2882200" lon="-51.0620310">
    <ele>797.3</ele>
   </trkpt>
   <trkpt lat="-26.2882220" lon="-51.0619950">
    <ele>797.7</ele>
   </trkpt>
   <trkpt lat="-26.2882280" lon="-51.0619520">
    <ele>798.1</ele>
   </trkpt>
   <trkpt lat="-26.2882340" lon="-51.0619100">
    <ele>798.5</ele>
   </trkpt>
   <trkpt lat="-26.2882380" lon="-51.0618790">
    <ele>798.8</ele>
   </trkpt>
   <trkpt lat="-26.2882460" lon="-51.0618350">
    <ele>799.3</ele>
   </trkpt>
   <trkpt lat="-26.2882560" lon="-51.0618000">
    <ele>799.6</ele>
   </trkpt>
   <trkpt lat="-26.2882690" lon="-51.0617690">
    <ele>799.9</ele>
   </trkpt>
   <trkpt lat="-26.2882810" lon="-51.0617380">
    <ele>800.2</ele>
   </trkpt>
   <trkpt lat="-26.2882950" lon="-51.0617050">
    <ele>800.4</ele>
   </trkpt>
   <trkpt lat="-26.2883120" lon="-51.0616720">
    <ele>800.7</ele>
   </trkpt>
   <trkpt lat="-26.2883330" lon="-51.0616380">
    <ele>801.0</ele>
   </trkpt>
   <trkpt lat="-26.2883600" lon="-51.0616030">
    <ele>801.2</ele>
   </trkpt>
   <trkpt lat="-26.2883890" lon="-51.0615680">
    <ele>801.5</ele>
   </trkpt>
   <trkpt lat="-26.2884210" lon="-51.0615370">
    <ele>801.7</ele>
   </trkpt>
   <trkpt lat="-26.2884560" lon="-51.0615100">
    <ele>801.8</ele>
   </trkpt>
   <trkpt lat="-26.2884910" lon="-51.0614850">
    <ele>802.0</ele>
   </trkpt>
   <trkpt lat="-26.2885260" lon="-51.0614590">
    <ele>802.1</ele>
   </trkpt>
   <trkpt lat="-26.2885630" lon="-51.0614350">
    <ele>802.2</ele>
   </trkpt>
   <trkpt lat="-26.2886010" lon="-51.0614130">
    <ele>802.3</ele>
   </trkpt>
   <trkpt lat="-26.2886410" lon="-51.0613930">
    <ele>802.5</ele>
   </trkpt>
   <trkpt lat="-26.2886810" lon="-51.0613770">
    <ele>802.6</ele>
   </trkpt>
   <trkpt lat="-26.2887230" lon="-51.0613620">
    <ele>802.8</ele>
   </trkpt>
   <trkpt lat="-26.2887640" lon="-51.0613490">
    <ele>802.9</ele>
   </trkpt>
   <trkpt lat="-26.2888050" lon="-51.0613350">
    <ele>803.1</ele>
   </trkpt>
   <trkpt lat="-26.2888460" lon="-51.0613210">
    <ele>803.3</ele>
   </trkpt>
   <trkpt lat="-26.2888870" lon="-51.0613050">
    <ele>803.6</ele>
   </trkpt>
   <trkpt lat="-26.2889280" lon="-51.0612810">
    <ele>803.9</ele>
   </trkpt>
   <trkpt lat="-26.2889710" lon="-51.0612550">
    <ele>804.2</ele>
   </trkpt>
   <trkpt lat="-26.2890080" lon="-51.0612270">
    <ele>804.5</ele>
   </trkpt>
   <trkpt lat="-26.2890440" lon="-51.0611970">
    <ele>804.9</ele>
   </trkpt>
   <trkpt lat="-26.2890760" lon="-51.0611640">
    <ele>805.2</ele>
   </trkpt>
   <trkpt lat="-26.2891030" lon="-51.0611250">
    <ele>805.6</ele>
   </trkpt>
   <trkpt lat="-26.2891270" lon="-51.0610850">
    <ele>806.0</ele>
   </trkpt>
   <trkpt lat="-26.2891460" lon="-51.0610400">
    <ele>806.4</ele>
   </trkpt>
   <trkpt lat="-26.2891620" lon="-51.0609960">
    <ele>806.8</ele>
   </trkpt>
   <trkpt lat="-26.2891760" lon="-51.0609530">
    <ele>807.3</ele>
   </trkpt>
   <trkpt lat="-26.2891860" lon="-51.0609110">
    <ele>807.7</ele>
   </trkpt>
   <trkpt lat="-26.2891980" lon="-51.0608690">
    <ele>808.1</ele>
   </trkpt>
   <trkpt lat="-26.2892110" lon="-51.0608300">
    <ele>808.6</ele>
   </trkpt>
   <trkpt lat="-26.2892250" lon="-51.0607950">
    <ele>809.0</ele>
   </trkpt>
   <trkpt lat="-26.2892390" lon="-51.0607620">
    <ele>809.3</ele>
   </trkpt>
   <trkpt lat="-26.2892560" lon="-51.0607310">
    <ele>809.7</ele>
   </trkpt>
   <trkpt lat="-26.2892740" lon="-51.0607010">
    <ele>810.1</ele>
   </trkpt>
   <trkpt lat="-26.2892950" lon="-51.0606740">
    <ele>810.5</ele>
   </trkpt>
   <trkpt lat="-26.2893170" lon="-51.0606480">
    <ele>810.8</ele>
   </trkpt>
   <trkpt lat="-26.2893410" lon="-51.0606240">
    <ele>811.2</ele>
   </trkpt>
   <trkpt lat="-26.2893660" lon="-51.0605990">
    <ele>811.6</ele>
   </trkpt>
   <trkpt lat="-26.2893930" lon="-51.0605780">
    <ele>812.0</ele>
   </trkpt>
   <trkpt lat="-26.2894210" lon="-51.0605550">
    <ele>812.4</ele>
   </trkpt>
   <trkpt lat="-26.2894480" lon="-51.0605330">
    <ele>812.7</ele>
   </trkpt>
   <trkpt lat="-26.2894750" lon="-51.0605100">
    <ele>813.1</ele>
   </trkpt>
   <trkpt lat="-26.2895010" lon="-51.0604880">
    <ele>813.5</ele>
   </trkpt>
   <trkpt lat="-26.2895270" lon="-51.0604670">
    <ele>813.9</ele>
   </trkpt>
   <trkpt lat="-26.2895540" lon="-51.0604470">
    <ele>814.2</ele>
   </trkpt>
   <trkpt lat="-26.2895800" lon="-51.0604240">
    <ele>814.6</ele>
   </trkpt>
   <trkpt lat="-26.2896080" lon="-51.0603980">
    <ele>815.1</ele>
   </trkpt>
   <trkpt lat="-26.2896380" lon="-51.0603710">
    <ele>815.5</ele>
   </trkpt>
   <trkpt lat="-26.2896670" lon="-51.0603440">
    <ele>816.0</ele>
   </trkpt>
   <trkpt lat="-26.2896950" lon="-51.0603200">
    <ele>816.5</ele>
   </trkpt>
   <trkpt lat="-26.2897220" lon="-51.0602990">
    <ele>817.0</ele>
   </trkpt>
   <trkpt lat="-26.2897500" lon="-51.0602810">
    <ele>817.4</ele>
   </trkpt>
   <trkpt lat="-26.2897770" lon="-51.0602640">
    <ele>817.9</ele>
   </trkpt>
   <trkpt lat="-26.2898020" lon="-51.0602450">
    <ele>818.4</ele>
   </trkpt>
   <trkpt lat="-26.2898280" lon="-51.0602280">
    <ele>818.9</ele>
   </trkpt>
   <trkpt lat="-26.2898540" lon="-51.0602140">
    <ele>819.4</ele>
   </trkpt>
   <trkpt lat="-26.2898790" lon="-51.0602040">
    <ele>819.8</ele>
   </trkpt>
   <trkpt lat="-26.2899040" lon="-51.0601990">
    <ele>820.2</ele>
   </trkpt>
   <trkpt lat="-26.2899300" lon="-51.0601970">
    <ele>820.6</ele>
   </trkpt>
   <trkpt lat="-26.2899560" lon="-51.0602000">
    <ele>821.1</ele>
   </trkpt>
   <trkpt lat="-26.2899810" lon="-51.0602060">
    <ele>821.5</ele>
   </trkpt>
   <trkpt lat="-26.2900060" lon="-51.0602190">
    <ele>821.9</ele>
   </trkpt>
   <trkpt lat="-26.2900330" lon="-51.0602320">
    <ele>822.3</ele>
   </trkpt>
   <trkpt lat="-26.2900590" lon="-51.0602460">
    <ele>822.7</ele>
   </trkpt>
   <trkpt lat="-26.2900800" lon="-51.0602560">
    <ele>823.0</ele>
   </trkpt>
   <trkpt lat="-26.2901110" lon="-51.0602710">
    <ele>823.4</ele>
   </trkpt>
   <trkpt lat="-26.2901370" lon="-51.0602870">
    <ele>823.8</ele>
   </trkpt>
   <trkpt lat="-26.2901630" lon="-51.0603010">
    <ele>824.2</ele>
   </trkpt>
   <trkpt lat="-26.2901860" lon="-51.0603180">
    <ele>824.6</ele>
   </trkpt>
   <trkpt lat="-26.2902090" lon="-51.0603370">
    <ele>825.0</ele>
   </trkpt>
   <trkpt lat="-26.2902290" lon="-51.0603550">
    <ele>825.3</ele>
   </trkpt>
   <trkpt lat="-26.2902530" lon="-51.0603810">
    <ele>825.7</ele>
   </trkpt>
   <trkpt lat="-26.2902680" lon="-51.0604100">
    <ele>826.1</ele>
   </trkpt>
   <trkpt lat="-26.2902810" lon="-51.0604400">
    <ele>826.5</ele>
   </trkpt>
   <trkpt lat="-26.2902930" lon="-51.0604680">
    <ele>826.8</ele>
   </trkpt>
   <trkpt lat="-26.2903040" lon="-51.0605000">
    <ele>827.2</ele>
   </trkpt>
   <trkpt lat="-26.2903090" lon="-51.0605250">
    <ele>827.4</ele>
   </trkpt>
   <trkpt lat="-26.2903160" lon="-51.0605610">
    <ele>827.8</ele>
   </trkpt>
   <trkpt lat="-26.2903220" lon="-51.0605900">
    <ele>828.1</ele>
   </trkpt>
   <trkpt lat="-26.2903290" lon="-51.0606180">
    <ele>828.4</ele>
   </trkpt>
   <trkpt lat="-26.2903350" lon="-51.0606470">
    <ele>828.6</ele>
   </trkpt>
   <trkpt lat="-26.2903410" lon="-51.0606760">
    <ele>828.9</ele>
   </trkpt>
   <trkpt lat="-26.2903470" lon="-51.0607080">
    <ele>829.2</ele>
   </trkpt>
   <trkpt lat="-26.2903520" lon="-51.0607410">
    <ele>829.5</ele>
   </trkpt>
   <trkpt lat="-26.2903540" lon="-51.0607730">
    <ele>829.9</ele>
   </trkpt>
   <trkpt lat="-26.2903570" lon="-51.0608030">
    <ele>830.1</ele>
   </trkpt>
   <trkpt lat="-26.2903590" lon="-51.0608280">
    <ele>830.4</ele>
   </trkpt>
   <trkpt lat="-26.2903580" lon="-51.0608520">
    <ele>830.7</ele>
   </trkpt>
   <trkpt lat="-26.2903560" lon="-51.0608720">
    <ele>830.9</ele>
   </trkpt>
   <trkpt lat="-26.2903510" lon="-51.0608950">
    <ele>831.1</ele>
   </trkpt>
   <trkpt lat="-26.2903440" lon="-51.0609190">
    <ele>831.4</ele>
   </trkpt>
   <trkpt lat="-26.2903400" lon="-51.0609460">
    <ele>831.7</ele>
   </trkpt>
   <trkpt lat="-26.2903370" lon="-51.0609750">
    <ele>832.0</ele>
   </trkpt>
   <trkpt lat="-26.2903380" lon="-51.0610040">
    <ele>832.3</ele>
   </trkpt>
   <trkpt lat="-26.2903380" lon="-51.0610340">
    <ele>832.6</ele>
   </trkpt>
   <trkpt lat="-26.2903400" lon="-51.0610620">
    <ele>832.9</ele>
   </trkpt>
   <trkpt lat="-26.2903400" lon="-51.0610920">
    <ele>833.1</ele>
   </trkpt>
   <trkpt lat="-26.2903420" lon="-51.0611310">
    <ele>833.5</ele>
   </trkpt>
   <trkpt lat="-26.2903460" lon="-51.0611670">
    <ele>833.8</ele>
   </trkpt>
   <trkpt lat="-26.2903510" lon="-51.0611980">
    <ele>834.1</ele>
   </trkpt>
   <trkpt lat="-26.2903540" lon="-51.0612210">
    <ele>834.4</ele>
   </trkpt>
   <trkpt lat="-26.2903560" lon="-51.0612510">
    <ele>834.7</ele>
   </trkpt>
   <trkpt lat="-26.2903560" lon="-51.0612850">
    <ele>835.0</ele>
   </trkpt>
   <trkpt lat="-26.2903560" lon="-51.0613160">
    <ele>835.3</ele>
   </trkpt>
   <trkpt lat="-26.2903550" lon="-51.0613490">
    <ele>835.7</ele>
   </trkpt>
   <trkpt lat="-26.2903570" lon="-51.0613740">
    <ele>836.0</ele>
   </trkpt>
   <trkpt lat="-26.2903630" lon="-51.0614030">
    <ele>836.3</ele>
   </trkpt>
   <trkpt lat="-26.2903720" lon="-51.0614340">
    <ele>836.6</ele>
   </trkpt>
   <trkpt lat="-26.2903720" lon="-51.0614610">
    <ele>836.9</ele>
   </trkpt>
   <trkpt lat="-26.2903660" lon="-51.0614890">
    <ele>837.2</ele>
   </trkpt>
   <trkpt lat="-26.2903640" lon="-51.0615190">
    <ele>837.6</ele>
   </trkpt>
   <trkpt lat="-26.2903650" lon="-51.0615470">
    <ele>837.8</ele>
   </trkpt>
   <trkpt lat="-26.2903560" lon="-51.0615720">
    <ele>838.1</ele>
   </trkpt>
   <trkpt lat="-26.2903470" lon="-51.0616020">
    <ele>838.5</ele>
   </trkpt>
   <trkpt lat="-26.2903370" lon="-51.0616320">
    <ele>838.8</ele>
   </trkpt>
   <trkpt lat="-26.2903290" lon="-51.0616570">
    <ele>839.1</ele>
   </trkpt>
   <trkpt lat="-26.2903150" lon="-51.0616840">
    <ele>839.4</ele>
   </trkpt>
   <trkpt lat="-26.2903000" lon="-51.0617100">
    <ele>839.7</ele>
   </trkpt>
   <trkpt lat="-26.2902840" lon="-51.0617430">
    <ele>840.1</ele>
   </trkpt>
   <trkpt lat="-26.2902720" lon="-51.0617700">
    <ele>840.4</ele>
   </trkpt>
   <trkpt lat="-26.2902600" lon="-51.0617950">
    <ele>840.7</ele>
   </trkpt>
   <trkpt lat="-26.2902430" lon="-51.0618290">
    <ele>841.0</ele>
   </trkpt>
   <trkpt lat="-26.2902290" lon="-51.0618590">
    <ele>841.3</ele>
   </trkpt>
   <trkpt lat="-26.2902150" lon="-51.0618870">
    <ele>841.6</ele>
   </trkpt>
   <trkpt lat="-26.2902030" lon="-51.0619160">
    <ele>841.9</ele>
   </trkpt>
   <trkpt lat="-26.2901910" lon="-51.0619420">
    <ele>842.2</ele>
   </trkpt>
   <trkpt lat="-26.2901820" lon="-51.0619620">
    <ele>842.4</ele>
   </trkpt>
   <trkpt lat="-26.2901710" lon="-51.0619930">
    <ele>842.7</ele>
   </trkpt>
   <trkpt lat="-26.2901590" lon="-51.0620240">
    <ele>843.0</ele>
   </trkpt>
   <trkpt lat="-26.2901480" lon="-51.0620640">
    <ele>843.3</ele>
   </trkpt>
   <trkpt lat="-26.2901390" lon="-51.0621000">
    <ele>843.6</ele>
   </trkpt>
   <trkpt lat="-26.2901340" lon="-51.0621310">
    <ele>843.9</ele>
   </trkpt>
   <trkpt lat="-26.2901240" lon="-51.0621670">
    <ele>844.2</ele>
   </trkpt>
   <trkpt lat="-26.2901120" lon="-51.0622050">
    <ele>844.5</ele>
   </trkpt>
   <trkpt lat="-26.2901050" lon="-51.0622360">
    <ele>844.8</ele>
   </trkpt>
   <trkpt lat="-26.2901030" lon="-51.0622700">
    <ele>845.1</ele>
   </trkpt>
   <trkpt lat="-26.2901100" lon="-51.0623020">
    <ele>845.3</ele>
   </trkpt>
   <trkpt lat="-26.2901220" lon="-51.0623350">
    <ele>845.6</ele>
   </trkpt>
   <trkpt lat="-26.2901350" lon="-51.0623690">
    <ele>845.9</ele>
   </trkpt>
   <trkpt lat="-26.2901490" lon="-51.0624040">
    <ele>846.2</ele>
   </trkpt>
   <trkpt lat="-26.2901620" lon="-51.0624390">
    <ele>846.5</ele>
   </trkpt>
   <trkpt lat="-26.2901720" lon="-51.0624780">
    <ele>846.9</ele>
   </trkpt>
   <trkpt lat="-26.2901820" lon="-51.0625130">
    <ele>847.1</ele>
   </trkpt>
   <trkpt lat="-26.2902010" lon="-51.0625660">
    <ele>847.5</ele>
   </trkpt>
   <trkpt lat="-26.2902150" lon="-51.0626080">
    <ele>847.9</ele>
   </trkpt>
   <trkpt lat="-26.2902300" lon="-51.0626480">
    <ele>848.2</ele>
   </trkpt>
   <trkpt lat="-26.2902460" lon="-51.0626880">
    <ele>848.4</ele>
   </trkpt>
   <trkpt lat="-26.2902660" lon="-51.0627290">
    <ele>848.7</ele>
   </trkpt>
   <trkpt lat="-26.2902800" lon="-51.0627690">
    <ele>849.0</ele>
   </trkpt>
   <trkpt lat="-26.2902930" lon="-51.0628070">
    <ele>849.2</ele>
   </trkpt>
   <trkpt lat="-26.2903110" lon="-51.0628410">
    <ele>849.4</ele>
   </trkpt>
   <trkpt lat="-26.2903280" lon="-51.0628770">
    <ele>849.6</ele>
   </trkpt>
   <trkpt lat="-26.2903490" lon="-51.0629120">
    <ele>849.8</ele>
   </trkpt>
   <trkpt lat="-26.2903690" lon="-51.0629470">
    <ele>849.9</ele>
   </trkpt>
   <trkpt lat="-26.2903880" lon="-51.0629820">
    <ele>850.0</ele>
   </trkpt>
   <trkpt lat="-26.2904080" lon="-51.0630160">
    <ele>850.1</ele>
   </trkpt>
   <trkpt lat="-26.2904290" lon="-51.0630510">
    <ele>850.2</ele>
   </trkpt>
   <trkpt lat="-26.2904490" lon="-51.0630840">
    <ele>850.2</ele>
   </trkpt>
   <trkpt lat="-26.2904690" lon="-51.0631170">
    <ele>850.3</ele>
   </trkpt>
   <trkpt lat="-26.2904860" lon="-51.0631490">
    <ele>850.3</ele>
   </trkpt>
   <trkpt lat="-26.2905060" lon="-51.0631810">
    <ele>850.3</ele>
   </trkpt>
   <trkpt lat="-26.2905260" lon="-51.0632140">
    <ele>850.3</ele>
   </trkpt>
   <trkpt lat="-26.2905460" lon="-51.0632490">
    <ele>850.3</ele>
   </trkpt>
   <trkpt lat="-26.2905660" lon="-51.0632910">
    <ele>850.3</ele>
   </trkpt>
   <trkpt lat="-26.2905880" lon="-51.0633370">
    <ele>850.2</ele>
   </trkpt>
   <trkpt lat="-26.2906110" lon="-51.0633820">
    <ele>850.2</ele>
   </trkpt>
   <trkpt lat="-26.2906330" lon="-51.0634280">
    <ele>850.2</ele>
   </trkpt>
   <trkpt lat="-26.2906530" lon="-51.0634740">
    <ele>850.2</ele>
   </trkpt>
   <trkpt lat="-26.2906710" lon="-51.0635210">
    <ele>850.1</ele>
   </trkpt>
   <trkpt lat="-26.2906920" lon="-51.0635710">
    <ele>850.1</ele>
   </trkpt>
   <trkpt lat="-26.2907150" lon="-51.0636250">
    <ele>850.1</ele>
   </trkpt>
   <trkpt lat="-26.2907360" lon="-51.0636790">
    <ele>850.1</ele>
   </trkpt>
   <trkpt lat="-26.2907560" lon="-51.0637330">
    <ele>850.0</ele>
   </trkpt>
   <trkpt lat="-26.2907740" lon="-51.0637870">
    <ele>850.1</ele>
   </trkpt>
   <trkpt lat="-26.2907920" lon="-51.0638390">
    <ele>850.1</ele>
   </trkpt>
   <trkpt lat="-26.2908140" lon="-51.0638920">
    <ele>850.1</ele>
   </trkpt>
   <trkpt lat="-26.2908310" lon="-51.0639350">
    <ele>850.2</ele>
   </trkpt>
   <trkpt lat="-26.2908560" lon="-51.0639960">
    <ele>850.3</ele>
   </trkpt>
   <trkpt lat="-26.2908760" lon="-51.0640460">
    <ele>850.5</ele>
   </trkpt>
   <trkpt lat="-26.2908940" lon="-51.0640980">
    <ele>850.6</ele>
   </trkpt>
   <trkpt lat="-26.2909100" lon="-51.0641480">
    <ele>850.8</ele>
   </trkpt>
   <trkpt lat="-26.2909270" lon="-51.0642030">
    <ele>850.9</ele>
   </trkpt>
   <trkpt lat="-26.2909400" lon="-51.0642480">
    <ele>851.0</ele>
   </trkpt>
   <trkpt lat="-26.2909560" lon="-51.0643000">
    <ele>851.2</ele>
   </trkpt>
   <trkpt lat="-26.2909750" lon="-51.0643620">
    <ele>851.3</ele>
   </trkpt>
   <trkpt lat="-26.2909930" lon="-51.0644130">
    <ele>851.4</ele>
   </trkpt>
   <trkpt lat="-26.2910120" lon="-51.0644640">
    <ele>851.6</ele>
   </trkpt>
   <trkpt lat="-26.2910260" lon="-51.0645040">
    <ele>851.7</ele>
   </trkpt>
   <trkpt lat="-26.2910400" lon="-51.0645580">
    <ele>851.9</ele>
   </trkpt>
   <trkpt lat="-26.2910570" lon="-51.0646260">
    <ele>852.1</ele>
   </trkpt>
   <trkpt lat="-26.2910670" lon="-51.0646800">
    <ele>852.3</ele>
   </trkpt>
   <trkpt lat="-26.2910760" lon="-51.0647360">
    <ele>852.6</ele>
   </trkpt>
   <trkpt lat="-26.2910890" lon="-51.0647920">
    <ele>852.8</ele>
   </trkpt>
   <trkpt lat="-26.2911020" lon="-51.0648480">
    <ele>853.1</ele>
   </trkpt>
   <trkpt lat="-26.2911130" lon="-51.0649010">
    <ele>853.4</ele>
   </trkpt>
   <trkpt lat="-26.2911220" lon="-51.0649530">
    <ele>853.7</ele>
   </trkpt>
   <trkpt lat="-26.2911340" lon="-51.0650040">
    <ele>854.0</ele>
   </trkpt>
   <trkpt lat="-26.2911450" lon="-51.0650420">
    <ele>854.2</ele>
   </trkpt>
   <trkpt lat="-26.2911600" lon="-51.0650910">
    <ele>854.5</ele>
   </trkpt>
   <trkpt lat="-26.2911720" lon="-51.0651530">
    <ele>854.8</ele>
   </trkpt>
   <trkpt lat="-26.2911800" lon="-51.0652080">
    <ele>855.1</ele>
   </trkpt>
   <trkpt lat="-26.2911910" lon="-51.0652650">
    <ele>855.3</ele>
   </trkpt>
   <trkpt lat="-26.2912050" lon="-51.0653250">
    <ele>855.7</ele>
   </trkpt>
   <trkpt lat="-26.2912170" lon="-51.0653810">
    <ele>856.0</ele>
   </trkpt>
   <trkpt lat="-26.2912320" lon="-51.0654350">
    <ele>856.4</ele>
   </trkpt>
   <trkpt lat="-26.2912450" lon="-51.0654860">
    <ele>856.7</ele>
   </trkpt>
   <trkpt lat="-26.2912590" lon="-51.0655340">
    <ele>857.1</ele>
   </trkpt>
   <trkpt lat="-26.2912740" lon="-51.0655790">
    <ele>857.4</ele>
   </trkpt>
   <trkpt lat="-26.2912850" lon="-51.0656110">
    <ele>857.7</ele>
   </trkpt>
   <trkpt lat="-26.2913040" lon="-51.0656620">
    <ele>858.1</ele>
   </trkpt>
   <trkpt lat="-26.2913220" lon="-51.0657010">
    <ele>858.4</ele>
   </trkpt>
   <trkpt lat="-26.2913430" lon="-51.0657430">
    <ele>858.7</ele>
   </trkpt>
   <trkpt lat="-26.2913640" lon="-51.0657820">
    <ele>859.0</ele>
   </trkpt>
   <trkpt lat="-26.2913880" lon="-51.0658190">
    <ele>859.4</ele>
   </trkpt>
   <trkpt lat="-26.2914140" lon="-51.0658520">
    <ele>859.7</ele>
   </trkpt>
   <trkpt lat="-26.2914400" lon="-51.0658850">
    <ele>860.1</ele>
   </trkpt>
   <trkpt lat="-26.2914660" lon="-51.0659110">
    <ele>860.4</ele>
   </trkpt>
   <trkpt lat="-26.2914920" lon="-51.0659380">
    <ele>860.7</ele>
   </trkpt>
   <trkpt lat="-26.2915180" lon="-51.0659610">
    <ele>861.0</ele>
   </trkpt>
   <trkpt lat="-26.2915450" lon="-51.0659820">
    <ele>861.3</ele>
   </trkpt>
   <trkpt lat="-26.2915740" lon="-51.0660030">
    <ele>861.6</ele>
   </trkpt>
   <trkpt lat="-26.2916060" lon="-51.0660190">
    <ele>861.9</ele>
   </trkpt>
   <trkpt lat="-26.2916420" lon="-51.0660340">
    <ele>862.2</ele>
   </trkpt>
   <trkpt lat="-26.2916750" lon="-51.0660440">
    <ele>862.5</ele>
   </trkpt>
   <trkpt lat="-26.2917220" lon="-51.0660560">
    <ele>863.0</ele>
   </trkpt>
   <trkpt lat="-26.2917590" lon="-51.0660620">
    <ele>863.3</ele>
   </trkpt>
   <trkpt lat="-26.2917950" lon="-51.0660650">
    <ele>863.6</ele>
   </trkpt>
   <trkpt lat="-26.2918210" lon="-51.0660640">
    <ele>863.8</ele>
   </trkpt>
   <trkpt lat="-26.2918600" lon="-51.0660630">
    <ele>864.2</ele>
   </trkpt>
   <trkpt lat="-26.2918930" lon="-51.0660640">
    <ele>864.4</ele>
   </trkpt>
   <trkpt lat="-26.2919260" lon="-51.0660630">
    <ele>864.7</ele>
   </trkpt>
   <trkpt lat="-26.2919580" lon="-51.0660660">
    <ele>865.0</ele>
   </trkpt>
   <trkpt lat="-26.2919840" lon="-51.0660670">
    <ele>865.2</ele>
   </trkpt>
   <trkpt lat="-26.2920240" lon="-51.0660690">
    <ele>865.5</ele>
   </trkpt>
   <trkpt lat="-26.2920590" lon="-51.0660740">
    <ele>865.8</ele>
   </trkpt>
   <trkpt lat="-26.2920950" lon="-51.0660780">
    <ele>866.1</ele>
   </trkpt>
   <trkpt lat="-26.2921280" lon="-51.0660870">
    <ele>866.4</ele>
   </trkpt>
   <trkpt lat="-26.2921610" lon="-51.0660940">
    <ele>866.6</ele>
   </trkpt>
   <trkpt lat="-26.2921910" lon="-51.0661120">
    <ele>866.9</ele>
   </trkpt>
   <trkpt lat="-26.2922240" lon="-51.0661300">
    <ele>867.2</ele>
   </trkpt>
   <trkpt lat="-26.2922500" lon="-51.0661580">
    <ele>867.5</ele>
   </trkpt>
   <trkpt lat="-26.2922800" lon="-51.0661860">
    <ele>867.7</ele>
   </trkpt>
   <trkpt lat="-26.2923130" lon="-51.0662090">
    <ele>868.0</ele>
   </trkpt>
   <trkpt lat="-26.2923370" lon="-51.0662220">
    <ele>868.2</ele>
   </trkpt>
   <trkpt lat="-26.2923710" lon="-51.0662370">
    <ele>868.4</ele>
   </trkpt>
   <trkpt lat="-26.2924050" lon="-51.0662560">
    <ele>868.7</ele>
   </trkpt>
   <trkpt lat="-26.2924310" lon="-51.0662770">
    <ele>868.9</ele>
   </trkpt>
   <trkpt lat="-26.2924630" lon="-51.0663050">
    <ele>869.2</ele>
   </trkpt>
   <trkpt lat="-26.2924910" lon="-51.0663380">
    <ele>869.4</ele>
   </trkpt>
   <trkpt lat="-26.2925180" lon="-51.0663780">
    <ele>869.7</ele>
   </trkpt>
   <trkpt lat="-26.2925420" lon="-51.0664140">
    <ele>870.0</ele>
   </trkpt>
   <trkpt lat="-26.2925700" lon="-51.0664470">
    <ele>870.3</ele>
   </trkpt>
   <trkpt lat="-26.2925990" lon="-51.0664850">
    <ele>870.5</ele>
   </trkpt>
   <trkpt lat="-26.2926220" lon="-51.0665280">
    <ele>870.8</ele>
   </trkpt>
   <trkpt lat="-26.2926410" lon="-51.0665580">
    <ele>871.0</ele>
   </trkpt>
   <trkpt lat="-26.2926690" lon="-51.0666090">
    <ele>871.3</ele>
   </trkpt>
   <trkpt lat="-26.2926930" lon="-51.0666570">
    <ele>871.5</ele>
   </trkpt>
   <trkpt lat="-26.2927170" lon="-51.0666990">
    <ele>871.6</ele>
   </trkpt>
   <trkpt lat="-26.2927430" lon="-51.0667360">
    <ele>871.6</ele>
   </trkpt>
   <trkpt lat="-26.2927780" lon="-51.0667840">
    <ele>871.7</ele>
   </trkpt>
   <trkpt lat="-26.2928140" lon="-51.0668220">
    <ele>871.6</ele>
   </trkpt>
   <trkpt lat="-26.2928450" lon="-51.0668620">
    <ele>871.6</ele>
   </trkpt>
   <trkpt lat="-26.2928730" lon="-51.0669060">
    <ele>871.6</ele>
   </trkpt>
   <trkpt lat="-26.2929000" lon="-51.0669530">
    <ele>871.6</ele>
   </trkpt>
   <trkpt lat="-26.2929230" lon="-51.0669960">
    <ele>871.7</ele>
   </trkpt>
   <trkpt lat="-26.2929450" lon="-51.0670390">
    <ele>871.8</ele>
   </trkpt>
   <trkpt lat="-26.2929700" lon="-51.0670770">
    <ele>872.0</ele>
   </trkpt>
   <trkpt lat="-26.2929930" lon="-51.0671150">
    <ele>872.3</ele>
   </trkpt>
   <trkpt lat="-26.2930140" lon="-51.0671510">
    <ele>872.5</ele>
   </trkpt>
   <trkpt lat="-26.2930280" lon="-51.0671780">
    <ele>872.7</ele>
   </trkpt>
   <trkpt lat="-26.2930450" lon="-51.0672150">
    <ele>873.0</ele>
   </trkpt>
   <trkpt lat="-26.2930560" lon="-51.0672450">
    <ele>873.3</ele>
   </trkpt>
   <trkpt lat="-26.2930630" lon="-51.0672750">
    <ele>873.6</ele>
   </trkpt>
   <trkpt lat="-26.2930700" lon="-51.0673020">
    <ele>873.8</ele>
   </trkpt>
   <trkpt lat="-26.2930810" lon="-51.0673290">
    <ele>874.1</ele>
   </trkpt>
   <trkpt lat="-26.2930890" lon="-51.0673490">
    <ele>874.2</ele>
   </trkpt>
   <trkpt lat="-26.2931000" lon="-51.0673810">
    <ele>874.5</ele>
   </trkpt>
   <trkpt lat="-26.2931080" lon="-51.0674090">
    <ele>874.8</ele>
   </trkpt>
   <trkpt lat="-26.2931190" lon="-51.0674390">
    <ele>875.1</ele>
   </trkpt>
   <trkpt lat="-26.2931310" lon="-51.0674620">
    <ele>875.3</ele>
   </trkpt>
   <trkpt lat="-26.2931460" lon="-51.0674950">
    <ele>875.6</ele>
   </trkpt>
   <trkpt lat="-26.2931540" lon="-51.0675200">
    <ele>875.8</ele>
   </trkpt>
   <trkpt lat="-26.2931620" lon="-51.0675470">
    <ele>876.0</ele>
   </trkpt>
   <trkpt lat="-26.2931680" lon="-51.0675800">
    <ele>876.3</ele>
   </trkpt>
   <trkpt lat="-26.2931740" lon="-51.0676140">
    <ele>876.6</ele>
   </trkpt>
   <trkpt lat="-26.2931810" lon="-51.0676560">
    <ele>876.9</ele>
   </trkpt>
   <trkpt lat="-26.2931900" lon="-51.0676960">
    <ele>877.2</ele>
   </trkpt>
   <trkpt lat="-26.2932020" lon="-51.0677400">
    <ele>877.6</ele>
   </trkpt>
   <trkpt lat="-26.2932120" lon="-51.0677880">
    <ele>878.0</ele>
   </trkpt>
   <trkpt lat="-26.2932210" lon="-51.0678360">
    <ele>878.5</ele>
   </trkpt>
   <trkpt lat="-26.2932320" lon="-51.0678740">
    <ele>878.8</ele>
   </trkpt>
   <trkpt lat="-26.2932440" lon="-51.0679190">
    <ele>879.3</ele>
   </trkpt>
   <trkpt lat="-26.2932650" lon="-51.0679590">
    <ele>879.8</ele>
   </trkpt>
   <trkpt lat="-26.2932890" lon="-51.0679970">
    <ele>880.3</ele>
   </trkpt>
   <trkpt lat="-26.2933120" lon="-51.0680240">
    <ele>880.8</ele>
   </trkpt>
   <trkpt lat="-26.2933420" lon="-51.0680590">
    <ele>881.4</ele>
   </trkpt>
   <trkpt lat="-26.2933730" lon="-51.0680810">
    <ele>881.9</ele>
   </trkpt>
   <trkpt lat="-26.2934110" lon="-51.0680960">
    <ele>882.5</ele>
   </trkpt>
   <trkpt lat="-26.2934450" lon="-51.0681180">
    <ele>883.1</ele>
   </trkpt>
   <trkpt lat="-26.2934710" lon="-51.0681370">
    <ele>883.5</ele>
   </trkpt>
   <trkpt lat="-26.2934950" lon="-51.0681470">
    <ele>883.8</ele>
   </trkpt>
   <trkpt lat="-26.2935210" lon="-51.0681590">
    <ele>884.1</ele>
   </trkpt>
   <trkpt lat="-26.2935440" lon="-51.0681690">
    <ele>884.3</ele>
   </trkpt>
   <trkpt lat="-26.2935670" lon="-51.0681900">
    <ele>884.6</ele>
   </trkpt>
   <trkpt lat="-26.2935860" lon="-51.0682180">
    <ele>884.9</ele>
   </trkpt>
   <trkpt lat="-26.2936040" lon="-51.0682560">
    <ele>885.3</ele>
   </trkpt>
   <trkpt lat="-26.2936250" lon="-51.0682760">
    <ele>885.5</ele>
   </trkpt>
   <trkpt lat="-26.2936450" lon="-51.0682890">
    <ele>885.7</ele>
   </trkpt>
   <trkpt lat="-26.2936740" lon="-51.0682940">
    <ele>886.0</ele>
   </trkpt>
   <trkpt lat="-26.2937020" lon="-51.0682960">
    <ele>886.2</ele>
   </trkpt>
   <trkpt lat="-26.2937320" lon="-51.0682980">
    <ele>886.5</ele>
   </trkpt>
   <trkpt lat="-26.2937600" lon="-51.0683090">
    <ele>886.8</ele>
   </trkpt>
   <trkpt lat="-26.2937860" lon="-51.0683160">
    <ele>887.1</ele>
   </trkpt>
   <trkpt lat="-26.2938070" lon="-51.0683270">
    <ele>887.4</ele>
   </trkpt>
   <trkpt lat="-26.2938300" lon="-51.0683460">
    <ele>887.8</ele>
   </trkpt>
   <trkpt lat="-26.2938470" lon="-51.0683590">
    <ele>888.1</ele>
   </trkpt>
   <trkpt lat="-26.2938660" lon="-51.0683690">
    <ele>888.4</ele>
   </trkpt>
   <trkpt lat="-26.2939170" lon="-51.0683770">
    <ele>889.1</ele>
   </trkpt>
   <trkpt lat="-26.2939640" lon="-51.0683910">
    <ele>889.9</ele>
   </trkpt>
   <trkpt lat="-26.2939870" lon="-51.0683990">
    <ele>890.3</ele>
   </trkpt>
   <trkpt lat="-26.2940160" lon="-51.0684070">
    <ele>890.8</ele>
   </trkpt>
   <trkpt lat="-26.2940350" lon="-51.0684150">
    <ele>891.2</ele>
   </trkpt>
   <trkpt lat="-26.2940510" lon="-51.0684170">
    <ele>891.4</ele>
   </trkpt>
   <trkpt lat="-26.2940720" lon="-51.0684290">
    <ele>891.8</ele>
   </trkpt>
   <trkpt lat="-26.2940950" lon="-51.0684460">
    <ele>892.3</ele>
   </trkpt>
   <trkpt lat="-26.2941180" lon="-51.0684460">
    <ele>892.7</ele>
   </trkpt>
   <trkpt lat="-26.2941430" lon="-51.0684440">
    <ele>893.0</ele>
   </trkpt>
   <trkpt lat="-26.2941690" lon="-51.0684410">
    <ele>893.4</ele>
   </trkpt>
   <trkpt lat="-26.2941980" lon="-51.0684400">
    <ele>893.8</ele>
   </trkpt>
   <trkpt lat="-26.2942240" lon="-51.0684410">
    <ele>894.1</ele>
   </trkpt>
   <trkpt lat="-26.2942470" lon="-51.0684410">
    <ele>894.3</ele>
   </trkpt>
   <trkpt lat="-26.2942730" lon="-51.0684330">
    <ele>894.5</ele>
   </trkpt>
   <trkpt lat="-26.2942980" lon="-51.0684260">
    <ele>894.7</ele>
   </trkpt>
   <trkpt lat="-26.2943260" lon="-51.0684170">
    <ele>894.9</ele>
   </trkpt>
   <trkpt lat="-26.2943540" lon="-51.0684070">
    <ele>895.1</ele>
   </trkpt>
   <trkpt lat="-26.2943810" lon="-51.0683960">
    <ele>895.2</ele>
   </trkpt>
   <trkpt lat="-26.2944100" lon="-51.0683830">
    <ele>895.4</ele>
   </trkpt>
   <trkpt lat="-26.2944390" lon="-51.0683680">
    <ele>895.5</ele>
   </trkpt>
   <trkpt lat="-26.2944680" lon="-51.0683560">
    <ele>895.6</ele>
   </trkpt>
   <trkpt lat="-26.2944970" lon="-51.0683470">
    <ele>895.7</ele>
   </trkpt>
   <trkpt lat="-26.2945260" lon="-51.0683400">
    <ele>895.8</ele>
   </trkpt>
   <trkpt lat="-26.2945550" lon="-51.0683340">
    <ele>895.9</ele>
   </trkpt>
   <trkpt lat="-26.2945770" lon="-51.0683240">
    <ele>896.1</ele>
   </trkpt>
   <trkpt lat="-26.2946050" lon="-51.0683240">
    <ele>896.3</ele>
   </trkpt>
   <trkpt lat="-26.2946430" lon="-51.0683370">
    <ele>896.6</ele>
   </trkpt>
   <trkpt lat="-26.2946810" lon="-51.0683570">
    <ele>897.0</ele>
   </trkpt>
   <trkpt lat="-26.2947160" lon="-51.0683930">
    <ele>897.5</ele>
   </trkpt>
   <trkpt lat="-26.2947520" lon="-51.0684180">
    <ele>898.1</ele>
   </trkpt>
   <trkpt lat="-26.2947730" lon="-51.0684230">
    <ele>898.4</ele>
   </trkpt>
   <trkpt lat="-26.2947890" lon="-51.0684230">
    <ele>898.6</ele>
   </trkpt>
   <trkpt lat="-26.2948000" lon="-51.0684260">
    <ele>898.8</ele>
   </trkpt>
   <trkpt lat="-26.2948150" lon="-51.0684400">
    <ele>899.1</ele>
   </trkpt>
   <trkpt lat="-26.2948210" lon="-51.0684530">
    <ele>899.3</ele>
   </trkpt>
   <trkpt lat="-26.2948290" lon="-51.0684700">
    <ele>899.6</ele>
   </trkpt>
   <trkpt lat="-26.2948370" lon="-51.0684870">
    <ele>899.8</ele>
   </trkpt>
   <trkpt lat="-26.2948470" lon="-51.0685060">
    <ele>900.2</ele>
   </trkpt>
   <trkpt lat="-26.2948560" lon="-51.0685220">
    <ele>900.5</ele>
   </trkpt>
   <trkpt lat="-26.2948690" lon="-51.0685420">
    <ele>900.9</ele>
   </trkpt>
   <trkpt lat="-26.2948870" lon="-51.0685550">
    <ele>901.4</ele>
   </trkpt>
   <trkpt lat="-26.2949000" lon="-51.0685700">
    <ele>901.7</ele>
   </trkpt>
   <trkpt lat="-26.2949100" lon="-51.0685800">
    <ele>902.0</ele>
   </trkpt>
   <trkpt lat="-26.2949260" lon="-51.0685930">
    <ele>902.4</ele>
   </trkpt>
   <trkpt lat="-26.2949390" lon="-51.0686060">
    <ele>902.7</ele>
   </trkpt>
   <trkpt lat="-26.2949530" lon="-51.0686240">
    <ele>903.2</ele>
   </trkpt>
   <trkpt lat="-26.2949640" lon="-51.0686460">
    <ele>903.6</ele>
   </trkpt>
   <trkpt lat="-26.2949730" lon="-51.0686610">
    <ele>903.9</ele>
   </trkpt>
   <trkpt lat="-26.2949770" lon="-51.0686810">
    <ele>904.3</ele>
   </trkpt>
   <trkpt lat="-26.2949770" lon="-51.0687000">
    <ele>904.6</ele>
   </trkpt>
   <trkpt lat="-26.2949770" lon="-51.0687190">
    <ele>905.0</ele>
   </trkpt>
   <trkpt lat="-26.2949780" lon="-51.0687380">
    <ele>905.3</ele>
   </trkpt>
   <trkpt lat="-26.2949760" lon="-51.0687580">
    <ele>905.6</ele>
   </trkpt>
   <trkpt lat="-26.2949740" lon="-51.0687720">
    <ele>905.9</ele>
   </trkpt>
   <trkpt lat="-26.2949700" lon="-51.0687840">
    <ele>906.1</ele>
   </trkpt>
   <trkpt lat="-26.2949670" lon="-51.0687980">
    <ele>906.3</ele>
   </trkpt>
   <trkpt lat="-26.2949640" lon="-51.0688160">
    <ele>906.7</ele>
   </trkpt>
   <trkpt lat="-26.2949610" lon="-51.0688350">
    <ele>907.0</ele>
   </trkpt>
   <trkpt lat="-26.2949630" lon="-51.0688510">
    <ele>907.2</ele>
   </trkpt>
   <trkpt lat="-26.2949640" lon="-51.0688710">
    <ele>907.5</ele>
   </trkpt>
   <trkpt lat="-26.2949620" lon="-51.0688900">
    <ele>907.8</ele>
   </trkpt>
   <trkpt lat="-26.2949600" lon="-51.0689100">
    <ele>908.2</ele>
   </trkpt>
   <trkpt lat="-26.2949600" lon="-51.0689270">
    <ele>908.4</ele>
   </trkpt>
   <trkpt lat="-26.2949630" lon="-51.0689470">
    <ele>908.7</ele>
   </trkpt>
   <trkpt lat="-26.2949670" lon="-51.0689660">
    <ele>909.0</ele>
   </trkpt>
   <trkpt lat="-26.2949700" lon="-51.0689860">
    <ele>909.3</ele>
   </trkpt>
   <trkpt lat="-26.2949770" lon="-51.0690060">
    <ele>909.6</ele>
   </trkpt>
   <trkpt lat="-26.2949830" lon="-51.0690210">
    <ele>909.9</ele>
   </trkpt>
   <trkpt lat="-26.2949880" lon="-51.0690490">
    <ele>910.2</ele>
   </trkpt>
   <trkpt lat="-26.2949950" lon="-51.0690760">
    <ele>910.6</ele>
   </trkpt>
   <trkpt lat="-26.2950000" lon="-51.0691040">
    <ele>911.0</ele>
   </trkpt>
   <trkpt lat="-26.2950070" lon="-51.0691330">
    <ele>911.4</ele>
   </trkpt>
   <trkpt lat="-26.2950150" lon="-51.0691540">
    <ele>911.7</ele>
   </trkpt>
   <trkpt lat="-26.2950210" lon="-51.0691760">
    <ele>912.1</ele>
   </trkpt>
   <trkpt lat="-26.2950290" lon="-51.0692020">
    <ele>912.4</ele>
   </trkpt>
   <trkpt lat="-26.2950360" lon="-51.0692270">
    <ele>912.8</ele>
   </trkpt>
   <trkpt lat="-26.2950480" lon="-51.0692470">
    <ele>913.1</ele>
   </trkpt>
   <trkpt lat="-26.2950610" lon="-51.0692640">
    <ele>913.4</ele>
   </trkpt>
   <trkpt lat="-26.2950720" lon="-51.0692860">
    <ele>913.7</ele>
   </trkpt>
   <trkpt lat="-26.2950840" lon="-51.0693130">
    <ele>914.1</ele>
   </trkpt>
   <trkpt lat="-26.2950990" lon="-51.0693400">
    <ele>914.5</ele>
   </trkpt>
   <trkpt lat="-26.2951100" lon="-51.0693690">
    <ele>914.8</ele>
   </trkpt>
   <trkpt lat="-26.2951200" lon="-51.0693960">
    <ele>915.2</ele>
   </trkpt>
   <trkpt lat="-26.2951290" lon="-51.0694250">
    <ele>915.5</ele>
   </trkpt>
   <trkpt lat="-26.2951380" lon="-51.0694560">
    <ele>915.8</ele>
   </trkpt>
   <trkpt lat="-26.2951510" lon="-51.0694870">
    <ele>916.0</ele>
   </trkpt>
   <trkpt lat="-26.2951640" lon="-51.0695180">
    <ele>916.3</ele>
   </trkpt>
   <trkpt lat="-26.2951730" lon="-51.0695490">
    <ele>916.5</ele>
   </trkpt>
   <trkpt lat="-26.2951820" lon="-51.0695720">
    <ele>916.6</ele>
   </trkpt>
   <trkpt lat="-26.2951980" lon="-51.0696070">
    <ele>916.8</ele>
   </trkpt>
   <trkpt lat="-26.2952110" lon="-51.0696420">
    <ele>916.8</ele>
   </trkpt>
   <trkpt lat="-26.2952220" lon="-51.0696800">
    <ele>916.8</ele>
   </trkpt>
   <trkpt lat="-26.2952330" lon="-51.0697180">
    <ele>916.8</ele>
   </trkpt>
   <trkpt lat="-26.2952450" lon="-51.0697550">
    <ele>916.6</ele>
   </trkpt>
   <trkpt lat="-26.2952630" lon="-51.0698040">
    <ele>916.4</ele>
   </trkpt>
   <trkpt lat="-26.2952850" lon="-51.0698580">
    <ele>915.9</ele>
   </trkpt>
   <trkpt lat="-26.2953050" lon="-51.0699140">
    <ele>915.4</ele>
   </trkpt>
   <trkpt lat="-26.2953240" lon="-51.0699710">
    <ele>914.8</ele>
   </trkpt>
   <trkpt lat="-26.2953440" lon="-51.0700310">
    <ele>914.2</ele>
   </trkpt>
   <trkpt lat="-26.2953630" lon="-51.0700960">
    <ele>913.5</ele>
   </trkpt>
   <trkpt lat="-26.2953820" lon="-51.0701730">
    <ele>912.7</ele>
   </trkpt>
   <trkpt lat="-26.2954010" lon="-51.0702500">
    <ele>911.9</ele>
   </trkpt>
   <trkpt lat="-26.2954210" lon="-51.0703290">
    <ele>911.1</ele>
   </trkpt>
   <trkpt lat="-26.2954400" lon="-51.0704140">
    <ele>910.4</ele>
   </trkpt>
   <trkpt lat="-26.2954640" lon="-51.0705020">
    <ele>909.7</ele>
   </trkpt>
   <trkpt lat="-26.2954890" lon="-51.0705890">
    <ele>909.2</ele>
   </trkpt>
   <trkpt lat="-26.2955160" lon="-51.0706780">
    <ele>908.7</ele>
   </trkpt>
   <trkpt lat="-26.2955410" lon="-51.0707650">
    <ele>908.4</ele>
   </trkpt>
   <trkpt lat="-26.2955660" lon="-51.0708510">
    <ele>908.2</ele>
   </trkpt>
   <trkpt lat="-26.2955920" lon="-51.0709410">
    <ele>908.1</ele>
   </trkpt>
   <trkpt lat="-26.2956200" lon="-51.0710270">
    <ele>908.1</ele>
   </trkpt>
   <trkpt lat="-26.2956490" lon="-51.0711110">
    <ele>908.0</ele>
   </trkpt>
   <trkpt lat="-26.2956710" lon="-51.0711940">
    <ele>908.1</ele>
   </trkpt>
   <trkpt lat="-26.2956950" lon="-51.0712740">
    <ele>908.1</ele>
   </trkpt>
   <trkpt lat="-26.2957180" lon="-51.0713510">
    <ele>908.3</ele>
   </trkpt>
   <trkpt lat="-26.2957470" lon="-51.0714260">
    <ele>908.5</ele>
   </trkpt>
   <trkpt lat="-26.2957760" lon="-51.0715000">
    <ele>908.7</ele>
   </trkpt>
   <trkpt lat="-26.2958060" lon="-51.0715720">
    <ele>909.1</ele>
   </trkpt>
   <trkpt lat="-26.2958370" lon="-51.0716440">
    <ele>909.5</ele>
   </trkpt>
   <trkpt lat="-26.2958700" lon="-51.0717120">
    <ele>910.0</ele>
   </trkpt>
   <trkpt lat="-26.2959030" lon="-51.0717760">
    <ele>910.4</ele>
   </trkpt>
   <trkpt lat="-26.2959400" lon="-51.0718360">
    <ele>910.9</ele>
   </trkpt>
   <trkpt lat="-26.2959810" lon="-51.0718920">
    <ele>911.3</ele>
   </trkpt>
   <trkpt lat="-26.2960170" lon="-51.0719320">
    <ele>911.7</ele>
   </trkpt>
   <trkpt lat="-26.2960720" lon="-51.0719870">
    <ele>912.3</ele>
   </trkpt>
   <trkpt lat="-26.2961220" lon="-51.0720280">
    <ele>912.9</ele>
   </trkpt>
   <trkpt lat="-26.2961700" lon="-51.0720640">
    <ele>913.5</ele>
   </trkpt>
   <trkpt lat="-26.2962080" lon="-51.0720860">
    <ele>914.0</ele>
   </trkpt>
   <trkpt lat="-26.2962650" lon="-51.0721130">
    <ele>914.8</ele>
   </trkpt>
   <trkpt lat="-26.2963060" lon="-51.0721330">
    <ele>915.5</ele>
   </trkpt>
   <trkpt lat="-26.2963440" lon="-51.0721500">
    <ele>916.2</ele>
   </trkpt>
   <trkpt lat="-26.2963780" lon="-51.0721630">
    <ele>916.8</ele>
   </trkpt>
   <trkpt lat="-26.2964110" lon="-51.0721760">
    <ele>917.4</ele>
   </trkpt>
   <trkpt lat="-26.2964410" lon="-51.0721860">
    <ele>917.9</ele>
   </trkpt>
   <trkpt lat="-26.2964690" lon="-51.0721940">
    <ele>918.5</ele>
   </trkpt>
   <trkpt lat="-26.2964940" lon="-51.0722040">
    <ele>919.0</ele>
   </trkpt>
   <trkpt lat="-26.2965180" lon="-51.0722160">
    <ele>919.5</ele>
   </trkpt>
   <trkpt lat="-26.2965400" lon="-51.0722250">
    <ele>920.0</ele>
   </trkpt>
   <trkpt lat="-26.2965590" lon="-51.0722330">
    <ele>920.4</ele>
   </trkpt>
   <trkpt lat="-26.2965790" lon="-51.0722450">
    <ele>920.9</ele>
   </trkpt>
   <trkpt lat="-26.2965970" lon="-51.0722580">
    <ele>921.3</ele>
   </trkpt>
   <trkpt lat="-26.2966150" lon="-51.0722690">
    <ele>921.8</ele>
   </trkpt>
   <trkpt lat="-26.2966320" lon="-51.0722770">
    <ele>922.2</ele>
   </trkpt>
   <trkpt lat="-26.2966550" lon="-51.0722920">
    <ele>922.8</ele>
   </trkpt>
   <trkpt lat="-26.2966750" lon="-51.0723040">
    <ele>923.3</ele>
   </trkpt>
   <trkpt lat="-26.2966960" lon="-51.0723120">
    <ele>923.8</ele>
   </trkpt>
   <trkpt lat="-26.2967160" lon="-51.0723210">
    <ele>924.4</ele>
   </trkpt>
   <trkpt lat="-26.2967340" lon="-51.0723320">
    <ele>924.9</ele>
   </trkpt>
   <trkpt lat="-26.2967540" lon="-51.0723430">
    <ele>925.4</ele>
   </trkpt>
   <trkpt lat="-26.2967690" lon="-51.0723550">
    <ele>925.8</ele>
   </trkpt>
   <trkpt lat="-26.2967840" lon="-51.0723690">
    <ele>926.3</ele>
   </trkpt>
   <trkpt lat="-26.2967980" lon="-51.0723820">
    <ele>926.8</ele>
   </trkpt>
   <trkpt lat="-26.2968100" lon="-51.0723900">
    <ele>927.1</ele>
   </trkpt>
   <trkpt lat="-26.2968270" lon="-51.0724000">
    <ele>927.6</ele>
   </trkpt>
   <trkpt lat="-26.2968490" lon="-51.0724140">
    <ele>928.2</ele>
   </trkpt>
   <trkpt lat="-26.2968630" lon="-51.0724300">
    <ele>928.7</ele>
   </trkpt>
   <trkpt lat="-26.2968770" lon="-51.0724410">
    <ele>929.1</ele>
   </trkpt>
   <trkpt lat="-26.2968910" lon="-51.0724430">
    <ele>929.5</ele>
   </trkpt>
   <trkpt lat="-26.2969080" lon="-51.0724520">
    <ele>929.9</ele>
   </trkpt>
   <trkpt lat="-26.2969220" lon="-51.0724600">
    <ele>930.3</ele>
   </trkpt>
   <trkpt lat="-26.2969410" lon="-51.0724690">
    <ele>930.8</ele>
   </trkpt>
   <trkpt lat="-26.2969570" lon="-51.0724820">
    <ele>931.2</ele>
   </trkpt>
   <trkpt lat="-26.2969680" lon="-51.0724940">
    <ele>931.5</ele>
   </trkpt>
   <trkpt lat="-26.2969850" lon="-51.0725050">
    <ele>932.0</ele>
   </trkpt>
   <trkpt lat="-26.2970030" lon="-51.0725200">
    <ele>932.5</ele>
   </trkpt>
   <trkpt lat="-26.2970180" lon="-51.0725330">
    <ele>932.9</ele>
   </trkpt>
   <trkpt lat="-26.2970300" lon="-51.0725470">
    <ele>933.2</ele>
   </trkpt>
   <trkpt lat="-26.2970370" lon="-51.0725580">
    <ele>933.4</ele>
   </trkpt>
   <trkpt lat="-26.2970450" lon="-51.0725690">
    <ele>933.7</ele>
   </trkpt>
   <trkpt lat="-26.2970610" lon="-51.0725820">
    <ele>934.0</ele>
   </trkpt>
   <trkpt lat="-26.2970780" lon="-51.0725920">
    <ele>934.4</ele>
   </trkpt>
   <trkpt lat="-26.2970930" lon="-51.0726020">
    <ele>934.7</ele>
   </trkpt>
   <trkpt lat="-26.2971070" lon="-51.0726130">
    <ele>935.0</ele>
   </trkpt>
   <trkpt lat="-26.2971190" lon="-51.0726240">
    <ele>935.3</ele>
   </trkpt>
   <trkpt lat="-26.2971320" lon="-51.0726350">
    <ele>935.6</ele>
   </trkpt>
   <trkpt lat="-26.2971430" lon="-51.0726460">
    <ele>935.8</ele>
   </trkpt>
   <trkpt lat="-26.2971540" lon="-51.0726570">
    <ele>936.1</ele>
   </trkpt>
   <trkpt lat="-26.2971670" lon="-51.0726710">
    <ele>936.4</ele>
   </trkpt>
   <trkpt lat="-26.2971820" lon="-51.0726810">
    <ele>936.6</ele>
   </trkpt>
   <trkpt lat="-26.2972020" lon="-51.0726900">
    <ele>937.0</ele>
   </trkpt>
   <trkpt lat="-26.2972240" lon="-51.0727020">
    <ele>937.3</ele>
   </trkpt>
   <trkpt lat="-26.2972400" lon="-51.0727150">
    <ele>937.6</ele>
   </trkpt>
   <trkpt lat="-26.2972550" lon="-51.0727280">
    <ele>937.9</ele>
   </trkpt>
   <trkpt lat="-26.2972730" lon="-51.0727410">
    <ele>938.2</ele>
   </trkpt>
   <trkpt lat="-26.2972860" lon="-51.0727580">
    <ele>938.4</ele>
   </trkpt>
   <trkpt lat="-26.2973010" lon="-51.0727800">
    <ele>938.7</ele>
   </trkpt>
   <trkpt lat="-26.2973140" lon="-51.0728000">
    <ele>939.0</ele>
   </trkpt>
   <trkpt lat="-26.2973330" lon="-51.0728240">
    <ele>939.3</ele>
   </trkpt>
   <trkpt lat="-26.2973500" lon="-51.0728380">
    <ele>939.6</ele>
   </trkpt>
   <trkpt lat="-26.2973760" lon="-51.0728590">
    <ele>939.9</ele>
   </trkpt>
   <trkpt lat="-26.2974030" lon="-51.0728720">
    <ele>940.3</ele>
   </trkpt>
   <trkpt lat="-26.2974260" lon="-51.0728870">
    <ele>940.6</ele>
   </trkpt>
   <trkpt lat="-26.2974460" lon="-51.0729040">
    <ele>940.9</ele>
   </trkpt>
   <trkpt lat="-26.2974650" lon="-51.0729140">
    <ele>941.1</ele>
   </trkpt>
   <trkpt lat="-26.2974850" lon="-51.0729230">
    <ele>941.4</ele>
   </trkpt>
   <trkpt lat="-26.2975090" lon="-51.0729340">
    <ele>941.7</ele>
   </trkpt>
   <trkpt lat="-26.2975310" lon="-51.0729500">
    <ele>942.0</ele>
   </trkpt>
   <trkpt lat="-26.2975550" lon="-51.0729700">
    <ele>942.4</ele>
   </trkpt>
   <trkpt lat="-26.2975830" lon="-51.0729950">
    <ele>942.8</ele>
   </trkpt>
   <trkpt lat="-26.2976170" lon="-51.0730180">
    <ele>943.3</ele>
   </trkpt>
   <trkpt lat="-26.2976480" lon="-51.0730430">
    <ele>943.8</ele>
   </trkpt>
   <trkpt lat="-26.2976750" lon="-51.0730660">
    <ele>944.2</ele>
   </trkpt>
   <trkpt lat="-26.2977060" lon="-51.0730890">
    <ele>944.6</ele>
   </trkpt>
   <trkpt lat="-26.2977220" lon="-51.0731060">
    <ele>944.9</ele>
   </trkpt>
   <trkpt lat="-26.2977480" lon="-51.0731290">
    <ele>945.2</ele>
   </trkpt>
   <trkpt lat="-26.2977690" lon="-51.0731460">
    <ele>945.5</ele>
   </trkpt>
   <trkpt lat="-26.2977950" lon="-51.0731610">
    <ele>945.7</ele>
   </trkpt>
   <trkpt lat="-26.2978150" lon="-51.0731730">
    <ele>945.9</ele>
   </trkpt>
   <trkpt lat="-26.2978390" lon="-51.0731900">
    <ele>946.0</ele>
   </trkpt>
   <trkpt lat="-26.2978690" lon="-51.0732140">
    <ele>946.2</ele>
   </trkpt>
   <trkpt lat="-26.2978990" lon="-51.0732350">
    <ele>946.3</ele>
   </trkpt>
   <trkpt lat="-26.2979310" lon="-51.0732560">
    <ele>946.3</ele>
   </trkpt>
   <trkpt lat="-26.2979660" lon="-51.0732770">
    <ele>946.3</ele>
   </trkpt>
   <trkpt lat="-26.2979950" lon="-51.0732960">
    <ele>946.2</ele>
   </trkpt>
   <trkpt lat="-26.2980360" lon="-51.0733270">
    <ele>946.1</ele>
   </trkpt>
   <trkpt lat="-26.2980690" lon="-51.0733570">
    <ele>946.0</ele>
   </trkpt>
   <trkpt lat="-26.2981000" lon="-51.0733900">
    <ele>945.8</ele>
   </trkpt>
   <trkpt lat="-26.2981340" lon="-51.0734240">
    <ele>945.6</ele>
   </trkpt>
   <trkpt lat="-26.2981690" lon="-51.0734590">
    <ele>945.3</ele>
   </trkpt>
   <trkpt lat="-26.2982040" lon="-51.0734930">
    <ele>944.9</ele>
   </trkpt>
   <trkpt lat="-26.2982360" lon="-51.0735310">
    <ele>944.5</ele>
   </trkpt>
   <trkpt lat="-26.2982670" lon="-51.0735780">
    <ele>943.9</ele>
   </trkpt>
   <trkpt lat="-26.2983000" lon="-51.0736350">
    <ele>943.2</ele>
   </trkpt>
   <trkpt lat="-26.2983360" lon="-51.0736990">
    <ele>942.4</ele>
   </trkpt>
   <trkpt lat="-26.2983700" lon="-51.0737540">
    <ele>941.8</ele>
   </trkpt>
   <trkpt lat="-26.2984220" lon="-51.0738330">
    <ele>941.0</ele>
   </trkpt>
   <trkpt lat="-26.2984720" lon="-51.0738940">
    <ele>940.3</ele>
   </trkpt>
   <trkpt lat="-26.2985260" lon="-51.0739540">
    <ele>939.4</ele>
   </trkpt>
   <trkpt lat="-26.2985850" lon="-51.0740170">
    <ele>938.2</ele>
   </trkpt>
   <trkpt lat="-26.2986390" lon="-51.0740740">
    <ele>937.0</ele>
   </trkpt>
   <trkpt lat="-26.2987270" lon="-51.0741620">
    <ele>935.1</ele>
   </trkpt>
   <trkpt lat="-26.2988090" lon="-51.0742400">
    <ele>933.4</ele>
   </trkpt>
   <trkpt lat="-26.2988990" lon="-51.0743150">
    <ele>932.0</ele>
   </trkpt>
   <trkpt lat="-26.2989950" lon="-51.0743850">
    <ele>930.5</ele>
   </trkpt>
   <trkpt lat="-26.2990920" lon="-51.0744480">
    <ele>929.2</ele>
   </trkpt>
   <trkpt lat="-26.2991930" lon="-51.0745150">
    <ele>927.7</ele>
   </trkpt>
   <trkpt lat="-26.2992970" lon="-51.0745900">
    <ele>925.7</ele>
   </trkpt>
   <trkpt lat="-26.2994030" lon="-51.0746770">
    <ele>923.3</ele>
   </trkpt>
   <trkpt lat="-26.2994880" lon="-51.0747520">
    <ele>921.5</ele>
   </trkpt>
   <trkpt lat="-26.2995940" lon="-51.0748490">
    <ele>919.8</ele>
   </trkpt>
   <trkpt lat="-26.2997310" lon="-51.0749510">
    <ele>918.4</ele>
   </trkpt>
   <trkpt lat="-26.2998540" lon="-51.0750010">
    <ele>918.0</ele>
   </trkpt>
   <trkpt lat="-26.2999810" lon="-51.0750200">
    <ele>918.0</ele>
   </trkpt>
   <trkpt lat="-26.3000820" lon="-51.0750200">
    <ele>918.2</ele>
   </trkpt>
   <trkpt lat="-26.3002060" lon="-51.0750010">
    <ele>918.8</ele>
   </trkpt>
   <trkpt lat="-26.3003330" lon="-51.0749420">
    <ele>919.9</ele>
   </trkpt>
   <trkpt lat="-26.3003910" lon="-51.0748740">
    <ele>920.8</ele>
   </trkpt>
   <trkpt lat="-26.3004460" lon="-51.0747890">
    <ele>922.2</ele>
   </trkpt>
   <trkpt lat="-26.3004830" lon="-51.0747070">
    <ele>923.5</ele>
   </trkpt>
   <trkpt lat="-26.3004980" lon="-51.0746300">
    <ele>924.6</ele>
   </trkpt>
   <trkpt lat="-26.3005320" lon="-51.0745500">
    <ele>926.0</ele>
   </trkpt>
   <trkpt lat="-26.3005620" lon="-51.0745050">
    <ele>926.8</ele>
   </trkpt>
   <trkpt lat="-26.3006130" lon="-51.0744590">
    <ele>928.0</ele>
   </trkpt>
   <trkpt lat="-26.3006500" lon="-51.0744470">
    <ele>928.7</ele>
   </trkpt>
   <trkpt lat="-26.3006950" lon="-51.0744400">
    <ele>929.6</ele>
   </trkpt>
   <trkpt lat="-26.3007350" lon="-51.0744300">
    <ele>930.4</ele>
   </trkpt>
   <trkpt lat="-26.3007750" lon="-51.0744300">
    <ele>931.1</ele>
   </trkpt>
   <trkpt lat="-26.3008030" lon="-51.0744330">
    <ele>931.7</ele>
   </trkpt>
   <trkpt lat="-26.3008250" lon="-51.0744370">
    <ele>932.1</ele>
   </trkpt>
   <trkpt lat="-26.3008440" lon="-51.0744430">
    <ele>932.6</ele>
   </trkpt>
   <trkpt lat="-26.3008630" lon="-51.0744520">
    <ele>933.0</ele>
   </trkpt>
   <trkpt lat="-26.3008840" lon="-51.0744630">
    <ele>933.5</ele>
   </trkpt>
   <trkpt lat="-26.3009020" lon="-51.0744720">
    <ele>933.9</ele>
   </trkpt>
   <trkpt lat="-26.3009190" lon="-51.0744810">
    <ele>934.3</ele>
   </trkpt>
   <trkpt lat="-26.3009400" lon="-51.0744910">
    <ele>934.8</ele>
   </trkpt>
   <trkpt lat="-26.3009580" lon="-51.0745010">
    <ele>935.2</ele>
   </trkpt>
   <trkpt lat="-26.3009820" lon="-51.0745110">
    <ele>935.7</ele>
   </trkpt>
   <trkpt lat="-26.3010000" lon="-51.0745220">
    <ele>936.2</ele>
   </trkpt>
   <trkpt lat="-26.3010150" lon="-51.0745310">
    <ele>936.5</ele>
   </trkpt>
   <trkpt lat="-26.3010300" lon="-51.0745410">
    <ele>936.9</ele>
   </trkpt>
   <trkpt lat="-26.3010470" lon="-51.0745570">
    <ele>937.4</ele>
   </trkpt>
   <trkpt lat="-26.3010630" lon="-51.0745750">
    <ele>937.8</ele>
   </trkpt>
   <trkpt lat="-26.3010830" lon="-51.0745930">
    <ele>938.4</ele>
   </trkpt>
   <trkpt lat="-26.3010980" lon="-51.0745990">
    <ele>938.7</ele>
   </trkpt>
   <trkpt lat="-26.3011140" lon="-51.0746080">
    <ele>939.0</ele>
   </trkpt>
   <trkpt lat="-26.3011330" lon="-51.0746140">
    <ele>939.4</ele>
   </trkpt>
   <trkpt lat="-26.3011580" lon="-51.0746220">
    <ele>939.9</ele>
   </trkpt>
   <trkpt lat="-26.3011770" lon="-51.0746290">
    <ele>940.3</ele>
   </trkpt>
   <trkpt lat="-26.3011960" lon="-51.0746370">
    <ele>940.7</ele>
   </trkpt>
   <trkpt lat="-26.3012120" lon="-51.0746450">
    <ele>941.0</ele>
   </trkpt>
   <trkpt lat="-26.3012250" lon="-51.0746500">
    <ele>941.2</ele>
   </trkpt>
   <trkpt lat="-26.3012350" lon="-51.0746540">
    <ele>941.4</ele>
   </trkpt>
   <trkpt lat="-26.3012440" lon="-51.0746580">
    <ele>941.6</ele>
   </trkpt>
   <trkpt lat="-26.3012600" lon="-51.0746620">
    <ele>941.9</ele>
   </trkpt>
   <trkpt lat="-26.3012790" lon="-51.0746670">
    <ele>942.2</ele>
   </trkpt>
   <trkpt lat="-26.3012930" lon="-51.0746720">
    <ele>942.4</ele>
   </trkpt>
   <trkpt lat="-26.3013100" lon="-51.0746790">
    <ele>942.7</ele>
   </trkpt>
   <trkpt lat="-26.3013190" lon="-51.0746830">
    <ele>942.9</ele>
   </trkpt>
   <trkpt lat="-26.3013280" lon="-51.0746860">
    <ele>943.0</ele>
   </trkpt>
   <trkpt lat="-26.3013410" lon="-51.0746880">
    <ele>943.2</ele>
   </trkpt>
   <trkpt lat="-26.3013600" lon="-51.0746880">
    <ele>943.5</ele>
   </trkpt>
   <trkpt lat="-26.3013760" lon="-51.0746890">
    <ele>943.7</ele>
   </trkpt>
   <trkpt lat="-26.3013900" lon="-51.0746920">
    <ele>944.0</ele>
   </trkpt>
   <trkpt lat="-26.3014030" lon="-51.0746930">
    <ele>944.1</ele>
   </trkpt>
   <trkpt lat="-26.3014130" lon="-51.0746930">
    <ele>944.3</ele>
   </trkpt>
   <trkpt lat="-26.3014300" lon="-51.0746950">
    <ele>944.5</ele>
   </trkpt>
   <trkpt lat="-26.3014480" lon="-51.0747020">
    <ele>944.8</ele>
   </trkpt>
   <trkpt lat="-26.3014650" lon="-51.0747090">
    <ele>945.1</ele>
   </trkpt>
   <trkpt lat="-26.3014840" lon="-51.0747130">
    <ele>945.4</ele>
   </trkpt>
   <trkpt lat="-26.3015040" lon="-51.0747170">
    <ele>945.7</ele>
   </trkpt>
   <trkpt lat="-26.3015210" lon="-51.0747180">
    <ele>945.9</ele>
   </trkpt>
   <trkpt lat="-26.3015400" lon="-51.0747210">
    <ele>946.2</ele>
   </trkpt>
   <trkpt lat="-26.3015550" lon="-51.0747200">
    <ele>946.4</ele>
   </trkpt>
   <trkpt lat="-26.3015700" lon="-51.0747200">
    <ele>946.6</ele>
   </trkpt>
   <trkpt lat="-26.3015890" lon="-51.0747270">
    <ele>946.9</ele>
   </trkpt>
   <trkpt lat="-26.3016100" lon="-51.0747310">
    <ele>947.3</ele>
   </trkpt>
   <trkpt lat="-26.3016380" lon="-51.0747350">
    <ele>947.7</ele>
   </trkpt>
   <trkpt lat="-26.3016680" lon="-51.0747390">
    <ele>948.1</ele>
   </trkpt>
   <trkpt lat="-26.3016940" lon="-51.0747440">
    <ele>948.5</ele>
   </trkpt>
   <trkpt lat="-26.3017130" lon="-51.0747430">
    <ele>948.8</ele>
   </trkpt>
   <trkpt lat="-26.3017320" lon="-51.0747260">
    <ele>949.2</ele>
   </trkpt>
   <trkpt lat="-26.3017600" lon="-51.0747200">
    <ele>949.6</ele>
   </trkpt>
   <trkpt lat="-26.3017990" lon="-51.0747240">
    <ele>950.2</ele>
   </trkpt>
   <trkpt lat="-26.3018430" lon="-51.0747300">
    <ele>950.9</ele>
   </trkpt>
   <trkpt lat="-26.3018760" lon="-51.0747360">
    <ele>951.4</ele>
   </trkpt>
   <trkpt lat="-26.3019050" lon="-51.0747500">
    <ele>951.8</ele>
   </trkpt>
   <trkpt lat="-26.3019320" lon="-51.0747580">
    <ele>952.2</ele>
   </trkpt>
   <trkpt lat="-26.3019660" lon="-51.0747660">
    <ele>952.7</ele>
   </trkpt>
   <trkpt lat="-26.3019930" lon="-51.0747840">
    <ele>953.2</ele>
   </trkpt>
   <trkpt lat="-26.3020050" lon="-51.0748030">
    <ele>953.5</ele>
   </trkpt>
   <trkpt lat="-26.3020380" lon="-51.0748170">
    <ele>954.0</ele>
   </trkpt>
   <trkpt lat="-26.3020660" lon="-51.0748240">
    <ele>954.4</ele>
   </trkpt>
   <trkpt lat="-26.3020790" lon="-51.0748320">
    <ele>954.6</ele>
   </trkpt>
   <trkpt lat="-26.3020990" lon="-51.0748350">
    <ele>954.9</ele>
   </trkpt>
   <trkpt lat="-26.3021240" lon="-51.0748300">
    <ele>955.2</ele>
   </trkpt>
   <trkpt lat="-26.3021450" lon="-51.0748340">
    <ele>955.5</ele>
   </trkpt>
   <trkpt lat="-26.3021710" lon="-51.0748380">
    <ele>955.8</ele>
   </trkpt>
   <trkpt lat="-26.3021940" lon="-51.0748400">
    <ele>956.1</ele>
   </trkpt>
   <trkpt lat="-26.3022210" lon="-51.0748460">
    <ele>956.5</ele>
   </trkpt>
   <trkpt lat="-26.3022470" lon="-51.0748500">
    <ele>956.8</ele>
   </trkpt>
   <trkpt lat="-26.3022710" lon="-51.0748560">
    <ele>957.1</ele>
   </trkpt>
   <trkpt lat="-26.3023000" lon="-51.0748610">
    <ele>957.5</ele>
   </trkpt>
   <trkpt lat="-26.3023210" lon="-51.0748650">
    <ele>957.7</ele>
   </trkpt>
   <trkpt lat="-26.3023460" lon="-51.0748700">
    <ele>958.0</ele>
   </trkpt>
   <trkpt lat="-26.3023680" lon="-51.0748720">
    <ele>958.2</ele>
   </trkpt>
   <trkpt lat="-26.3023890" lon="-51.0748740">
    <ele>958.5</ele>
   </trkpt>
   <trkpt lat="-26.3024140" lon="-51.0748750">
    <ele>958.7</ele>
   </trkpt>
   <trkpt lat="-26.3024390" lon="-51.0748760">
    <ele>959.0</ele>
   </trkpt>
   <trkpt lat="-26.3024680" lon="-51.0748810">
    <ele>959.3</ele>
   </trkpt>
   <trkpt lat="-26.3024960" lon="-51.0748880">
    <ele>959.6</ele>
   </trkpt>
   <trkpt lat="-26.3025320" lon="-51.0748950">
    <ele>960.0</ele>
   </trkpt>
   <trkpt lat="-26.3025650" lon="-51.0748930">
    <ele>960.3</ele>
   </trkpt>
   <trkpt lat="-26.3026050" lon="-51.0748870">
    <ele>960.8</ele>
   </trkpt>
   <trkpt lat="-26.3026440" lon="-51.0748820">
    <ele>961.2</ele>
   </trkpt>
   <trkpt lat="-26.3026850" lon="-51.0748740">
    <ele>961.6</ele>
   </trkpt>
   <trkpt lat="-26.3027330" lon="-51.0748670">
    <ele>962.0</ele>
   </trkpt>
   <trkpt lat="-26.3027730" lon="-51.0748580">
    <ele>962.3</ele>
   </trkpt>
   <trkpt lat="-26.3028180" lon="-51.0748470">
    <ele>962.4</ele>
   </trkpt>
   <trkpt lat="-26.3028530" lon="-51.0748400">
    <ele>962.4</ele>
   </trkpt>
   <trkpt lat="-26.3028860" lon="-51.0748400">
    <ele>962.3</ele>
   </trkpt>
   <trkpt lat="-26.3029290" lon="-51.0748400">
    <ele>961.9</ele>
   </trkpt>
   <trkpt lat="-26.3029720" lon="-51.0748380">
    <ele>961.5</ele>
   </trkpt>
   <trkpt lat="-26.3030380" lon="-51.0748270">
    <ele>960.6</ele>
   </trkpt>
   <trkpt lat="-26.3031010" lon="-51.0748140">
    <ele>959.6</ele>
   </trkpt>
   <trkpt lat="-26.3031580" lon="-51.0747990">
    <ele>958.9</ele>
   </trkpt>
   <trkpt lat="-26.3032350" lon="-51.0747830">
    <ele>958.0</ele>
   </trkpt>
   <trkpt lat="-26.3033150" lon="-51.0747740">
    <ele>957.4</ele>
   </trkpt>
   <trkpt lat="-26.3034120" lon="-51.0747660">
    <ele>956.9</ele>
   </trkpt>
   <trkpt lat="-26.3034910" lon="-51.0747650">
    <ele>956.6</ele>
   </trkpt>
   <trkpt lat="-26.3035720" lon="-51.0747680">
    <ele>956.4</ele>
   </trkpt>
   <trkpt lat="-26.3036340" lon="-51.0747720">
    <ele>956.4</ele>
   </trkpt>
   <trkpt lat="-26.3037100" lon="-51.0747800">
    <ele>956.3</ele>
   </trkpt>
   <trkpt lat="-26.3037950" lon="-51.0747900">
    <ele>956.3</ele>
   </trkpt>
   <trkpt lat="-26.3038650" lon="-51.0748010">
    <ele>956.3</ele>
   </trkpt>
   <trkpt lat="-26.3039340" lon="-51.0748120">
    <ele>956.3</ele>
   </trkpt>
   <trkpt lat="-26.3039900" lon="-51.0748200">
    <ele>956.4</ele>
   </trkpt>
   <trkpt lat="-26.3040580" lon="-51.0748250">
    <ele>956.4</ele>
   </trkpt>
   <trkpt lat="-26.3041360" lon="-51.0748250">
    <ele>956.4</ele>
   </trkpt>
   <trkpt lat="-26.3042000" lon="-51.0748210">
    <ele>956.5</ele>
   </trkpt>
   <trkpt lat="-26.3042490" lon="-51.0748200">
    <ele>956.5</ele>
   </trkpt>
   <trkpt lat="-26.3043080" lon="-51.0748210">
    <ele>956.4</ele>
   </trkpt>
   <trkpt lat="-26.3043680" lon="-51.0748220">
    <ele>956.4</ele>
   </trkpt>
   <trkpt lat="-26.3044440" lon="-51.0748200">
    <ele>956.2</ele>
   </trkpt>
   <trkpt lat="-26.3044940" lon="-51.0748160">
    <ele>955.9</ele>
   </trkpt>
   <trkpt lat="-26.3045560" lon="-51.0748150">
    <ele>955.5</ele>
   </trkpt>
   <trkpt lat="-26.3046210" lon="-51.0748120">
    <ele>955.0</ele>
   </trkpt>
   <trkpt lat="-26.3046900" lon="-51.0748130">
    <ele>954.4</ele>
   </trkpt>
   <trkpt lat="-26.3047640" lon="-51.0748180">
    <ele>953.9</ele>
   </trkpt>
   <trkpt lat="-26.3048590" lon="-51.0748280">
    <ele>953.4</ele>
   </trkpt>
   <trkpt lat="-26.3049380" lon="-51.0748360">
    <ele>953.2</ele>
   </trkpt>
   <trkpt lat="-26.3050160" lon="-51.0748420">
    <ele>953.3</ele>
   </trkpt>
   <trkpt lat="-26.3050760" lon="-51.0748490">
    <ele>953.4</ele>
   </trkpt>
   <trkpt lat="-26.3051630" lon="-51.0748670">
    <ele>953.4</ele>
   </trkpt>
   <trkpt lat="-26.3052300" lon="-51.0748910">
    <ele>953.5</ele>
   </trkpt>
   <trkpt lat="-26.3052900" lon="-51.0749250">
    <ele>953.4</ele>
   </trkpt>
   <trkpt lat="-26.3053320" lon="-51.0749620">
    <ele>953.2</ele>
   </trkpt>
   <trkpt lat="-26.3053770" lon="-51.0750190">
    <ele>952.9</ele>
   </trkpt>
   <trkpt lat="-26.3054200" lon="-51.0750980">
    <ele>952.3</ele>
   </trkpt>
   <trkpt lat="-26.3054560" lon="-51.0751690">
    <ele>951.7</ele>
   </trkpt>
   <trkpt lat="-26.3054980" lon="-51.0752440">
    <ele>950.8</ele>
   </trkpt>
   <trkpt lat="-26.3055380" lon="-51.0753060">
    <ele>950.0</ele>
   </trkpt>
   <trkpt lat="-26.3055980" lon="-51.0753830">
    <ele>948.9</ele>
   </trkpt>
   <trkpt lat="-26.3056820" lon="-51.0754700">
    <ele>947.3</ele>
   </trkpt>
   <trkpt lat="-26.3057560" lon="-51.0755330">
    <ele>945.8</ele>
   </trkpt>
   <trkpt lat="-26.3058340" lon="-51.0755760">
    <ele>944.3</ele>
   </trkpt>
   <trkpt lat="-26.3059010" lon="-51.0755880">
    <ele>943.0</ele>
   </trkpt>
   <trkpt lat="-26.3059840" lon="-51.0755780">
    <ele>941.3</ele>
   </trkpt>
   <trkpt lat="-26.3060800" lon="-51.0755240">
    <ele>939.2</ele>
   </trkpt>
   <trkpt lat="-26.3061410" lon="-51.0754660">
    <ele>937.6</ele>
   </trkpt>
   <trkpt lat="-26.3062160" lon="-51.0753820">
    <ele>935.4</ele>
   </trkpt>
   <trkpt lat="-26.3062960" lon="-51.0753000">
    <ele>933.2</ele>
   </trkpt>
   <trkpt lat="-26.3063840" lon="-51.0752330">
    <ele>931.0</ele>
   </trkpt>
   <trkpt lat="-26.3064780" lon="-51.0751920">
    <ele>929.1</ele>
   </trkpt>
   <trkpt lat="-26.3066110" lon="-51.0751910">
    <ele>926.7</ele>
   </trkpt>
   <trkpt lat="-26.3067360" lon="-51.0751990">
    <ele>924.2</ele>
   </trkpt>
   <trkpt lat="-26.3068420" lon="-51.0752040">
    <ele>921.9</ele>
   </trkpt>
   <trkpt lat="-26.3069790" lon="-51.0751980">
    <ele>919.1</ele>
   </trkpt>
   <trkpt lat="-26.3071490" lon="-51.0751800">
    <ele>916.1</ele>
   </trkpt>
   <trkpt lat="-26.3072930" lon="-51.0751660">
    <ele>913.6</ele>
   </trkpt>
   <trkpt lat="-26.3074440" lon="-51.0751660">
    <ele>910.8</ele>
   </trkpt>
   <trkpt lat="-26.3075700" lon="-51.0751770">
    <ele>908.4</ele>
   </trkpt>
   <trkpt lat="-26.3077620" lon="-51.0751920">
    <ele>905.2</ele>
   </trkpt>
   <trkpt lat="-26.3079280" lon="-51.0751860">
    <ele>902.6</ele>
   </trkpt>
   <trkpt lat="-26.3080960" lon="-51.0751730">
    <ele>900.1</ele>
   </trkpt>
   <trkpt lat="-26.3082630" lon="-51.0751640">
    <ele>897.8</ele>
   </trkpt>
   <trkpt lat="-26.3084050" lon="-51.0751620">
    <ele>896.0</ele>
   </trkpt>
   <trkpt lat="-26.3085770" lon="-51.0751660">
    <ele>893.9</ele>
   </trkpt>
   <trkpt lat="-26.3087800" lon="-51.0751820">
    <ele>892.3</ele>
   </trkpt>
   <trkpt lat="-26.3089080" lon="-51.0752040">
    <ele>891.8</ele>
   </trkpt>
   <trkpt lat="-26.3090880" lon="-51.0752230">
    <ele>891.5</ele>
   </trkpt>
   <trkpt lat="-26.3092260" lon="-51.0752310">
    <ele>891.3</ele>
   </trkpt>
   <trkpt lat="-26.3093350" lon="-51.0752230">
    <ele>891.4</ele>
   </trkpt>
   <trkpt lat="-26.3094900" lon="-51.0751970">
    <ele>891.5</ele>
   </trkpt>
   <trkpt lat="-26.3096110" lon="-51.0751620">
    <ele>891.4</ele>
   </trkpt>
   <trkpt lat="-26.3097260" lon="-51.0751190">
    <ele>891.2</ele>
   </trkpt>
   <trkpt lat="-26.3098170" lon="-51.0750830">
    <ele>891.2</ele>
   </trkpt>
   <trkpt lat="-26.3099300" lon="-51.0750370">
    <ele>891.0</ele>
   </trkpt>
   <trkpt lat="-26.3100660" lon="-51.0749810">
    <ele>890.4</ele>
   </trkpt>
   <trkpt lat="-26.3101790" lon="-51.0749320">
    <ele>889.4</ele>
   </trkpt>
   <trkpt lat="-26.3102890" lon="-51.0748810">
    <ele>888.5</ele>
   </trkpt>
   <trkpt lat="-26.3103800" lon="-51.0748410">
    <ele>887.8</ele>
   </trkpt>
   <trkpt lat="-26.3104970" lon="-51.0747960">
    <ele>887.2</ele>
   </trkpt>
   <trkpt lat="-26.3106430" lon="-51.0747460">
    <ele>886.6</ele>
   </trkpt>
   <trkpt lat="-26.3107680" lon="-51.0747110">
    <ele>886.3</ele>
   </trkpt>
   <trkpt lat="-26.3108920" lon="-51.0746870">
    <ele>886.0</ele>
   </trkpt>
   <trkpt lat="-26.3109850" lon="-51.0746750">
    <ele>885.9</ele>
   </trkpt>
   <trkpt lat="-26.3110970" lon="-51.0746620">
    <ele>886.0</ele>
   </trkpt>
   <trkpt lat="-26.3112330" lon="-51.0746420">
    <ele>886.3</ele>
   </trkpt>
   <trkpt lat="-26.3113400" lon="-51.0746180">
    <ele>886.7</ele>
   </trkpt>
   <trkpt lat="-26.3114370" lon="-51.0745810">
    <ele>887.2</ele>
   </trkpt>
   <trkpt lat="-26.3114970" lon="-51.0745310">
    <ele>887.4</ele>
   </trkpt>
   <trkpt lat="-26.3115590" lon="-51.0744600">
    <ele>887.7</ele>
   </trkpt>
   <trkpt lat="-26.3116220" lon="-51.0743640">
    <ele>888.0</ele>
   </trkpt>
   <trkpt lat="-26.3116590" lon="-51.0742780">
    <ele>888.2</ele>
   </trkpt>
   <trkpt lat="-26.3116860" lon="-51.0741950">
    <ele>888.5</ele>
   </trkpt>
   <trkpt lat="-26.3117010" lon="-51.0741250">
    <ele>888.8</ele>
   </trkpt>
   <trkpt lat="-26.3116930" lon="-51.0740360">
    <ele>889.3</ele>
   </trkpt>
   <trkpt lat="-26.3116860" lon="-51.0739320">
    <ele>890.0</ele>
   </trkpt>
   <trkpt lat="-26.3116790" lon="-51.0738470">
    <ele>890.6</ele>
   </trkpt>
   <trkpt lat="-26.3116770" lon="-51.0737690">
    <ele>891.2</ele>
   </trkpt>
   <trkpt lat="-26.3116770" lon="-51.0737090">
    <ele>891.6</ele>
   </trkpt>
   <trkpt lat="-26.3116780" lon="-51.0736350">
    <ele>892.0</ele>
   </trkpt>
   <trkpt lat="-26.3116780" lon="-51.0735470">
    <ele>892.3</ele>
   </trkpt>
   <trkpt lat="-26.3116810" lon="-51.0734870">
    <ele>892.4</ele>
   </trkpt>
   <trkpt lat="-26.3116900" lon="-51.0734120">
    <ele>892.5</ele>
   </trkpt>
   <trkpt lat="-26.3117060" lon="-51.0733350">
    <ele>892.6</ele>
   </trkpt>
   <trkpt lat="-26.3117240" lon="-51.0732570">
    <ele>892.7</ele>
   </trkpt>
   <trkpt lat="-26.3117550" lon="-51.0731630">
    <ele>893.0</ele>
   </trkpt>
   <trkpt lat="-26.3117800" lon="-51.0731040">
    <ele>893.3</ele>
   </trkpt>
   <trkpt lat="-26.3118140" lon="-51.0730290">
    <ele>893.9</ele>
   </trkpt>
   <trkpt lat="-26.3118490" lon="-51.0729550">
    <ele>894.5</ele>
   </trkpt>
   <trkpt lat="-26.3118810" lon="-51.0728810">
    <ele>895.1</ele>
   </trkpt>
   <trkpt lat="-26.3119110" lon="-51.0728110">
    <ele>895.7</ele>
   </trkpt>
   <trkpt lat="-26.3119470" lon="-51.0727340">
    <ele>896.2</ele>
   </trkpt>
   <trkpt lat="-26.3119740" lon="-51.0726740">
    <ele>896.5</ele>
   </trkpt>
   <trkpt lat="-26.3119920" lon="-51.0726240">
    <ele>896.7</ele>
   </trkpt>
   <trkpt lat="-26.3120230" lon="-51.0725470">
    <ele>896.8</ele>
   </trkpt>
   <trkpt lat="-26.3120450" lon="-51.0724980">
    <ele>896.7</ele>
   </trkpt>
   <trkpt lat="-26.3120690" lon="-51.0724410">
    <ele>896.5</ele>
   </trkpt>
   <trkpt lat="-26.3120950" lon="-51.0723690">
    <ele>896.1</ele>
   </trkpt>
   <trkpt lat="-26.3121120" lon="-51.0723160">
    <ele>895.8</ele>
   </trkpt>
   <trkpt lat="-26.3121280" lon="-51.0722470">
    <ele>895.4</ele>
   </trkpt>
   <trkpt lat="-26.3121400" lon="-51.0721720">
    <ele>894.9</ele>
   </trkpt>
   <trkpt lat="-26.3121430" lon="-51.0720890">
    <ele>894.4</ele>
   </trkpt>
   <trkpt lat="-26.3121420" lon="-51.0719890">
    <ele>893.7</ele>
   </trkpt>
   <trkpt lat="-26.3121360" lon="-51.0719200">
    <ele>893.2</ele>
   </trkpt>
   <trkpt lat="-26.3121260" lon="-51.0718280">
    <ele>892.7</ele>
   </trkpt>
   <trkpt lat="-26.3121120" lon="-51.0717330">
    <ele>892.3</ele>
   </trkpt>
   <trkpt lat="-26.3120970" lon="-51.0716180">
    <ele>892.0</ele>
   </trkpt>
   <trkpt lat="-26.3120860" lon="-51.0715230">
    <ele>891.8</ele>
   </trkpt>
   <trkpt lat="-26.3120740" lon="-51.0714270">
    <ele>891.7</ele>
   </trkpt>
   <trkpt lat="-26.3120680" lon="-51.0713520">
    <ele>891.6</ele>
   </trkpt>
   <trkpt lat="-26.3120600" lon="-51.0712580">
    <ele>891.7</ele>
   </trkpt>
   <trkpt lat="-26.3120540" lon="-51.0711640">
    <ele>891.9</ele>
   </trkpt>
   <trkpt lat="-26.3120480" lon="-51.0710520">
    <ele>892.5</ele>
   </trkpt>
   <trkpt lat="-26.3120480" lon="-51.0709640">
    <ele>893.0</ele>
   </trkpt>
   <trkpt lat="-26.3120480" lon="-51.0708970">
    <ele>893.4</ele>
   </trkpt>
   <trkpt lat="-26.3120510" lon="-51.0708180">
    <ele>893.8</ele>
   </trkpt>
   <trkpt lat="-26.3120550" lon="-51.0707320">
    <ele>893.9</ele>
   </trkpt>
   <trkpt lat="-26.3120630" lon="-51.0706630">
    <ele>893.8</ele>
   </trkpt>
   <trkpt lat="-26.3120740" lon="-51.0705920">
    <ele>893.6</ele>
   </trkpt>
   <trkpt lat="-26.3120850" lon="-51.0705340">
    <ele>893.3</ele>
   </trkpt>
   <trkpt lat="-26.3120980" lon="-51.0704570">
    <ele>892.9</ele>
   </trkpt>
   <trkpt lat="-26.3121150" lon="-51.0703600">
    <ele>892.4</ele>
   </trkpt>
   <trkpt lat="-26.3121330" lon="-51.0702840">
    <ele>892.1</ele>
   </trkpt>
   <trkpt lat="-26.3121590" lon="-51.0702080">
    <ele>891.8</ele>
   </trkpt>
   <trkpt lat="-26.3121930" lon="-51.0701490">
    <ele>891.6</ele>
   </trkpt>
   <trkpt lat="-26.3122460" lon="-51.0700850">
    <ele>891.5</ele>
   </trkpt>
   <trkpt lat="-26.3123250" lon="-51.0700220">
    <ele>891.6</ele>
   </trkpt>
   <trkpt lat="-26.3123980" lon="-51.0699870">
    <ele>891.8</ele>
   </trkpt>
   <trkpt lat="-26.3124730" lon="-51.0699600">
    <ele>892.1</ele>
   </trkpt>
   <trkpt lat="-26.3125320" lon="-51.0699420">
    <ele>892.3</ele>
   </trkpt>
   <trkpt lat="-26.3126040" lon="-51.0699250">
    <ele>892.5</ele>
   </trkpt>
   <trkpt lat="-26.3126700" lon="-51.0699190">
    <ele>892.5</ele>
   </trkpt>
   <trkpt lat="-26.3127530" lon="-51.0699130">
    <ele>892.4</ele>
   </trkpt>
   <trkpt lat="-26.3128280" lon="-51.0699110">
    <ele>892.2</ele>
   </trkpt>
   <trkpt lat="-26.3128910" lon="-51.0699130">
    <ele>892.0</ele>
   </trkpt>
   <trkpt lat="-26.3129700" lon="-51.0699140">
    <ele>891.9</ele>
   </trkpt>
   <trkpt lat="-26.3130470" lon="-51.0699110">
    <ele>891.8</ele>
   </trkpt>
   <trkpt lat="-26.3131350" lon="-51.0699070">
    <ele>891.7</ele>
   </trkpt>
   <trkpt lat="-26.3132120" lon="-51.0699020">
    <ele>891.7</ele>
   </trkpt>
   <trkpt lat="-26.3132900" lon="-51.0698950">
    <ele>891.6</ele>
   </trkpt>
   <trkpt lat="-26.3133560" lon="-51.0698920">
    <ele>891.6</ele>
   </trkpt>
   <trkpt lat="-26.3134410" lon="-51.0698880">
    <ele>891.6</ele>
   </trkpt>
   <trkpt lat="-26.3135390" lon="-51.0698860">
    <ele>891.7</ele>
   </trkpt>
   <trkpt lat="-26.3136030" lon="-51.0698850">
    <ele>891.8</ele>
   </trkpt>
   <trkpt lat="-26.3136960" lon="-51.0698840">
    <ele>891.9</ele>
   </trkpt>
   <trkpt lat="-26.3137580" lon="-51.0698850">
    <ele>892.0</ele>
   </trkpt>
   <trkpt lat="-26.3138320" lon="-51.0698890">
    <ele>892.1</ele>
   </trkpt>
   <trkpt lat="-26.3139200" lon="-51.0699010">
    <ele>892.2</ele>
   </trkpt>
   <trkpt lat="-26.3139940" lon="-51.0699150">
    <ele>892.2</ele>
   </trkpt>
   <trkpt lat="-26.3140500" lon="-51.0699300">
    <ele>892.3</ele>
   </trkpt>
   <trkpt lat="-26.3141210" lon="-51.0699480">
    <ele>892.4</ele>
   </trkpt>
   <trkpt lat="-26.3141980" lon="-51.0699650">
    <ele>892.6</ele>
   </trkpt>
   <trkpt lat="-26.3142930" lon="-51.0699640">
    <ele>892.7</ele>
   </trkpt>
   <trkpt lat="-26.3143550" lon="-51.0699440">
    <ele>892.8</ele>
   </trkpt>
   <trkpt lat="-26.3144270" lon="-51.0699050">
    <ele>892.6</ele>
   </trkpt>
   <trkpt lat="-26.3144820" lon="-51.0698510">
    <ele>892.2</ele>
   </trkpt>
   <trkpt lat="-26.3145260" lon="-51.0697930">
    <ele>891.7</ele>
   </trkpt>
   <trkpt lat="-26.3145750" lon="-51.0697080">
    <ele>890.9</ele>
   </trkpt>
   <trkpt lat="-26.3146110" lon="-51.0696220">
    <ele>890.3</ele>
   </trkpt>
   <trkpt lat="-26.3146480" lon="-51.0695290">
    <ele>889.8</ele>
   </trkpt>
   <trkpt lat="-26.3146790" lon="-51.0694590">
    <ele>889.5</ele>
   </trkpt>
   <trkpt lat="-26.3147220" lon="-51.0693770">
    <ele>889.2</ele>
   </trkpt>
   <trkpt lat="-26.3147670" lon="-51.0693000">
    <ele>888.8</ele>
   </trkpt>
   <trkpt lat="-26.3148140" lon="-51.0692030">
    <ele>888.2</ele>
   </trkpt>
   <trkpt lat="-26.3148410" lon="-51.0691130">
    <ele>887.4</ele>
   </trkpt>
   <trkpt lat="-26.3148510" lon="-51.0690360">
    <ele>886.7</ele>
   </trkpt>
   <trkpt lat="-26.3148550" lon="-51.0689330">
    <ele>885.8</ele>
   </trkpt>
   <trkpt lat="-26.3148510" lon="-51.0688230">
    <ele>884.9</ele>
   </trkpt>
   <trkpt lat="-26.3148440" lon="-51.0686810">
    <ele>883.9</ele>
   </trkpt>
   <trkpt lat="-26.3148510" lon="-51.0685860">
    <ele>883.3</ele>
   </trkpt>
   <trkpt lat="-26.3148790" lon="-51.0684780">
    <ele>882.7</ele>
   </trkpt>
   <trkpt lat="-26.3149320" lon="-51.0683860">
    <ele>882.2</ele>
   </trkpt>
   <trkpt lat="-26.3150130" lon="-51.0683180">
    <ele>881.8</ele>
   </trkpt>
   <trkpt lat="-26.3151120" lon="-51.0682720">
    <ele>881.7</ele>
   </trkpt>
   <trkpt lat="-26.3152350" lon="-51.0682290">
    <ele>881.8</ele>
   </trkpt>
   <trkpt lat="-26.3153160" lon="-51.0681990">
    <ele>881.7</ele>
   </trkpt>
   <trkpt lat="-26.3154110" lon="-51.0681620">
    <ele>881.9</ele>
   </trkpt>
   <trkpt lat="-26.3155000" lon="-51.0681240">
    <ele>882.4</ele>
   </trkpt>
   <trkpt lat="-26.3155830" lon="-51.0680860">
    <ele>883.1</ele>
   </trkpt>
   <trkpt lat="-26.3156510" lon="-51.0680360">
    <ele>883.9</ele>
   </trkpt>
   <trkpt lat="-26.3157060" lon="-51.0679650">
    <ele>884.7</ele>
   </trkpt>
   <trkpt lat="-26.3157230" lon="-51.0679170">
    <ele>885.1</ele>
   </trkpt>
   <trkpt lat="-26.3157370" lon="-51.0678580">
    <ele>885.5</ele>
   </trkpt>
   <trkpt lat="-26.3157380" lon="-51.0678030">
    <ele>885.8</ele>
   </trkpt>
   <trkpt lat="-26.3157260" lon="-51.0677500">
    <ele>886.0</ele>
   </trkpt>
   <trkpt lat="-26.3157010" lon="-51.0677200">
    <ele>886.1</ele>
   </trkpt>
   <trkpt lat="-26.3156780" lon="-51.0677060">
    <ele>886.2</ele>
   </trkpt>
   <trkpt lat="-26.3156550" lon="-51.0676930">
    <ele>886.1</ele>
   </trkpt>
   <trkpt lat="-26.3156400" lon="-51.0676790">
    <ele>886.0</ele>
   </trkpt>
   <trkpt lat="-26.3156340" lon="-51.0676570">
    <ele>885.9</ele>
   </trkpt>
   <trkpt lat="-26.3156390" lon="-51.0676450">
    <ele>885.8</ele>
   </trkpt>
   <trkpt lat="-26.3156500" lon="-51.0676450">
    <ele>885.7</ele>
   </trkpt>
   <trkpt lat="-26.3156590" lon="-51.0676500">
    <ele>885.6</ele>
   </trkpt>
   <trkpt lat="-26.3156690" lon="-51.0676530">
    <ele>885.6</ele>
   </trkpt>
   <trkpt lat="-26.3156790" lon="-51.0676500">
    <ele>885.5</ele>
   </trkpt>
   <trkpt lat="-26.3156840" lon="-51.0676420">
    <ele>885.4</ele>
   </trkpt>
   <trkpt lat="-26.3156860" lon="-51.0676320">
    <ele>885.3</ele>
   </trkpt>
   <trkpt lat="-26.3156830" lon="-51.0676210">
    <ele>885.3</ele>
   </trkpt>
   <trkpt lat="-26.3156760" lon="-51.0676150">
    <ele>885.2</ele>
   </trkpt>
   <trkpt lat="-26.3156700" lon="-51.0676130">
    <ele>885.1</ele>
   </trkpt>
   <trkpt lat="-26.3156700" lon="-51.0676130">
    <ele>885.1</ele>
   </trkpt>
   <trkpt lat="-26.3156700" lon="-51.0676130">
    <ele>885.1</ele>
   </trkpt>
   <trkpt lat="-26.3156700" lon="-51.0676130">
    <ele>885.1</ele>
   </trkpt>
   <trkpt lat="-26.3156700" lon="-51.0676130">
    <ele>885.1</ele>
   </trkpt>
   <trkpt lat="-26.3156700" lon="-51.0676130">
    <ele>885.1</ele>
   </trkpt>
   <trkpt lat="-26.3156700" lon="-51.0676130">
    <ele>885.1</ele>
   </trkpt>
   <trkpt lat="-26.3156700" lon="-51.0676130">
    <ele>885.1</ele>
   </trkpt>
   <trkpt lat="-26.3156700" lon="-51.0676130">
    <ele>885.1</ele>
   </trkpt>
   <trkpt lat="-26.3156700" lon="-51.0676130">
    <ele>885.1</ele>
   </trkpt>
   <trkpt lat="-26.3156700" lon="-51.0676130">
    <ele>885.1</ele>
   </trkpt>
   <trkpt lat="-26.3156700" lon="-51.0676130">
    <ele>885.1</ele>
   </trkpt>
   <trkpt lat="-26.3156700" lon="-51.0676130">
    <ele>885.1</ele>
   </trkpt>
   <trkpt lat="-26.3156700" lon="-51.0676130">
    <ele>885.1</ele>
   </trkpt>
   <trkpt lat="-26.3156700" lon="-51.0676130">
    <ele>885.1</ele>
   </trkpt>
   <trkpt lat="-26.3156700" lon="-51.0676130">
    <ele>885.1</ele>
   </trkpt>
   <trkpt lat="-26.3156700" lon="-51.0676130">
    <ele>885.1</ele>
   </trkpt>
   <trkpt lat="-26.3156700" lon="-51.0676130">
    <ele>885.1</ele>
   </trkpt>
   <trkpt lat="-26.3156700" lon="-51.0676130">
    <ele>885.1</ele>
   </trkpt>
   <trkpt lat="-26.3156700" lon="-51.0676130">
    <ele>885.1</ele>
   </trkpt>
   <trkpt lat="-26.3156700" lon="-51.0676130">
    <ele>885.1</ele>
   </trkpt>
   <trkpt lat="-26.3156700" lon="-51.0676130">
    <ele>885.1</ele>
   </trkpt>
   <trkpt lat="-26.3156700" lon="-51.0676130">
    <ele>885.1</ele>
   </trkpt>
   <trkpt lat="-26.3156700" lon="-51.0676130">
    <ele>885.1</ele>
   </trkpt>
   <trkpt lat="-26.3156700" lon="-51.0676130">
    <ele>885.1</ele>
   </trkpt>
   <trkpt lat="-26.3156700" lon="-51.0676130">
    <ele>885.1</ele>
   </trkpt>
   <trkpt lat="-26.3156700" lon="-51.0676130">
    <ele>885.1</ele>
   </trkpt>
   <trkpt lat="-26.3156700" lon="-51.0676130">
    <ele>885.1</ele>
   </trkpt>
   <trkpt lat="-26.3156700" lon="-51.0676130">
    <ele>885.1</ele>
   </trkpt>
   <trkpt lat="-26.3156700" lon="-51.0676130">
    <ele>885.1</ele>
   </trkpt>
   <trkpt lat="-26.3156700" lon="-51.0676130">
    <ele>885.1</ele>
   </trkpt>
   <trkpt lat="-26.3156700" lon="-51.0676130">
    <ele>885.1</ele>
   </trkpt>
   <trkpt lat="-26.3156700" lon="-51.0676130">
    <ele>885.1</ele>
   </trkpt>
   <trkpt lat="-26.3156700" lon="-51.0676130">
    <ele>885.1</ele>
   </trkpt>
   <trkpt lat="-26.3156700" lon="-51.0676130">
    <ele>885.1</ele>
   </trkpt>
   <trkpt lat="-26.3156700" lon="-51.0676130">
    <ele>885.1</ele>
   </trkpt>
   <trkpt lat="-26.3156700" lon="-51.0676130">
    <ele>885.1</ele>
   </trkpt>
   <trkpt lat="-26.3156700" lon="-51.0676130">
    <ele>885.1</ele>
   </trkpt>
   <trkpt lat="-26.3156700" lon="-51.0676130">
    <ele>885.1</ele>
   </trkpt>
   <trkpt lat="-26.3156700" lon="-51.0676130">
    <ele>885.1</ele>
   </trkpt>
   <trkpt lat="-26.3156700" lon="-51.0676130">
    <ele>885.1</ele>
   </trkpt>
   <trkpt lat="-26.3156700" lon="-51.0676130">
    <ele>885.1</ele>
   </trkpt>
   <trkpt lat="-26.3156700" lon="-51.0676130">
    <ele>885.1</ele>
   </trkpt>
   <trkpt lat="-26.3156700" lon="-51.0676130">
    <ele>885.1</ele>
   </trkpt>
   <trkpt lat="-26.3156700" lon="-51.0676130">
    <ele>885.1</ele>
   </trkpt>
   <trkpt lat="-26.3156700" lon="-51.0676130">
    <ele>885.1</ele>
   </trkpt>
   <trkpt lat="-26.3156700" lon="-51.0676130">
    <ele>885.1</ele>
   </trkpt>
   <trkpt lat="-26.3156700" lon="-51.0676130">
    <ele>885.1</ele>
   </trkpt>
   <trkpt lat="-26.3156700" lon="-51.0676130">
    <ele>885.1</ele>
   </trkpt>
   <trkpt lat="-26.3156700" lon="-51.0676130">
    <ele>885.1</ele>
   </trkpt>
   <trkpt lat="-26.3156700" lon="-51.0676130">
    <ele>885.1</ele>
   </trkpt>
   <trkpt lat="-26.3156700" lon="-51.0676130">
    <ele>885.1</ele>
   </trkpt>
   <trkpt lat="-26.3156700" lon="-51.0676130">
    <ele>885.1</ele>
   </trkpt>
   <trkpt lat="-26.3156700" lon="-51.0676130">
    <ele>885.1</ele>
   </trkpt>
   <trkpt lat="-26.3156700" lon="-51.0676130">
    <ele>885.1</ele>
   </trkpt>
   <trkpt lat="-26.3156700" lon="-51.0676130">
    <ele>885.1</ele>
   </trkpt>
   <trkpt lat="-26.3156700" lon="-51.0676130">
    <ele>885.1</ele>
   </trkpt>
   <trkpt lat="-26.3156700" lon="-51.0676130">
    <ele>885.1</ele>
   </trkpt>
   <trkpt lat="-26.3156700" lon="-51.0676130">
    <ele>885.1</ele>
   </trkpt>
   <trkpt lat="-26.3156700" lon="-51.0676130">
    <ele>885.1</ele>
   </trkpt>
   <trkpt lat="-26.3156700" lon="-51.0676130">
    <ele>885.1</ele>
   </trkpt>
   <trkpt lat="-26.3156700" lon="-51.0676130">
    <ele>885.1</ele>
   </trkpt>
   <trkpt lat="-26.3156700" lon="-51.0676130">
    <ele>885.1</ele>
   </trkpt>
   <trkpt lat="-26.3156700" lon="-51.0676130">
    <ele>885.1</ele>
   </trkpt>
   <trkpt lat="-26.3156700" lon="-51.0676130">
    <ele>885.1</ele>
   </trkpt>
   <trkpt lat="-26.3156700" lon="-51.0676130">
    <ele>885.1</ele>
   </trkpt>
   <trkpt lat="-26.3156700" lon="-51.0676130">
    <ele>885.1</ele>
   </trkpt>
   <trkpt lat="-26.3156700" lon="-51.0676130">
    <ele>885.1</ele>
   </trkpt>
   <trkpt lat="-26.3156700" lon="-51.0676130">
    <ele>885.1</ele>
   </trkpt>
   <trkpt lat="-26.3156700" lon="-51.0676130">
    <ele>885.1</ele>
   </trkpt>
   <trkpt lat="-26.3156700" lon="-51.0676130">
    <ele>885.1</ele>
   </trkpt>
   <trkpt lat="-26.3156700" lon="-51.0676130">
    <ele>885.1</ele>
   </trkpt>
   <trkpt lat="-26.3156700" lon="-51.0676130">
    <ele>885.1</ele>
   </trkpt>
   <trkpt lat="-26.3156700" lon="-51.0676130">
    <ele>885.1</ele>
   </trkpt>
   <trkpt lat="-26.3156700" lon="-51.0676130">
    <ele>885.1</ele>
   </trkpt>
   <trkpt lat="-26.3156700" lon="-51.0676130">
    <ele>885.1</ele>
   </trkpt>
   <trkpt lat="-26.3156700" lon="-51.0676130">
    <ele>885.1</ele>
   </trkpt>
   <trkpt lat="-26.3156700" lon="-51.0676130">
    <ele>885.1</ele>
   </trkpt>
   <trkpt lat="-26.3156700" lon="-51.0676130">
    <ele>885.1</ele>
   </trkpt>
   <trkpt lat="-26.3156700" lon="-51.0676130">
    <ele>885.1</ele>
   </trkpt>
   <trkpt lat="-26.3156700" lon="-51.0676130">
    <ele>885.1</ele>
   </trkpt>
   <trkpt lat="-26.3156700" lon="-51.0676130">
    <ele>885.1</ele>
   </trkpt>
   <trkpt lat="-26.3156700" lon="-51.0676130">
    <ele>885.1</ele>
   </trkpt>
   <trkpt lat="-26.3156700" lon="-51.0676130">
    <ele>885.1</ele>
   </trkpt>
   <trkpt lat="-26.3156700" lon="-51.0676130">
    <ele>885.1</ele>
   </trkpt>
   <trkpt lat="-26.3156700" lon="-51.0676130">
    <ele>885.1</ele>
   </trkpt>
   <trkpt lat="-26.3156700" lon="-51.0676130">
    <ele>885.1</ele>
   </trkpt>
   <trkpt lat="-26.3156700" lon="-51.0676130">
    <ele>885.1</ele>
   </trkpt>
   <trkpt lat="-26.3156700" lon="-51.0676130">
    <ele>885.1</ele>
   </trkpt>
   <trkpt lat="-26.3156700" lon="-51.0676130">
    <ele>885.1</ele>
   </trkpt>
   <trkpt lat="-26.3156700" lon="-51.0676130">
    <ele>885.1</ele>
   </trkpt>
   <trkpt lat="-26.3156700" lon="-51.0676130">
    <ele>885.1</ele>
   </trkpt>
   <trkpt lat="-26.3156700" lon="-51.0676130">
    <ele>885.1</ele>
   </trkpt>
   <trkpt lat="-26.3156700" lon="-51.0676130">
    <ele>885.1</ele>
   </trkpt>
   <trkpt lat="-26.3156700" lon="-51.0676130">
    <ele>885.1</ele>
   </trkpt>
   <trkpt lat="-26.3156700" lon="-51.0676130">
    <ele>885.1</ele>
   </trkpt>
   <trkpt lat="-26.3156700" lon="-51.0676130">
    <ele>885.1</ele>
   </trkpt>
   <trkpt lat="-26.3156700" lon="-51.0676130">
    <ele>885.1</ele>
   </trkpt>
   <trkpt lat="-26.3156700" lon="-51.0676130">
    <ele>885.1</ele>
   </trkpt>
   <trkpt lat="-26.3156700" lon="-51.0676130">
    <ele>885.1</ele>
   </trkpt>
   <trkpt lat="-26.3156700" lon="-51.0676130">
    <ele>885.1</ele>
   </trkpt>
   <trkpt lat="-26.3156700" lon="-51.0676130">
    <ele>885.1</ele>
   </trkpt>
   <trkpt lat="-26.3156700" lon="-51.0676130">
    <ele>885.1</ele>
   </trkpt>
   <trkpt lat="-26.3156700" lon="-51.0676130">
    <ele>885.1</ele>
   </trkpt>
   <trkpt lat="-26.3156700" lon="-51.0676130">
    <ele>885.1</ele>
   </trkpt>
   <trkpt lat="-26.3156700" lon="-51.0676130">
    <ele>885.1</ele>
   </trkpt>
   <trkpt lat="-26.3156700" lon="-51.0676130">
    <ele>885.1</ele>
   </trkpt>
   <trkpt lat="-26.3156700" lon="-51.0676130">
    <ele>885.1</ele>
   </trkpt>
   <trkpt lat="-26.3156700" lon="-51.0676130">
    <ele>885.1</ele>
   </trkpt>
   <trkpt lat="-26.3156700" lon="-51.0676130">
    <ele>885.1</ele>
   </trkpt>
   <trkpt lat="-26.3156700" lon="-51.0676130">
    <ele>885.1</ele>
   </trkpt>
   <trkpt lat="-26.3156700" lon="-51.0676130">
    <ele>885.1</ele>
   </trkpt>
   <trkpt lat="-26.3156700" lon="-51.0676130">
    <ele>885.1</ele>
   </trkpt>
   <trkpt lat="-26.3156700" lon="-51.0676130">
    <ele>885.1</ele>
   </trkpt>
   <trkpt lat="-26.3156700" lon="-51.0676130">
    <ele>885.1</ele>
   </trkpt>
   <trkpt lat="-26.3156700" lon="-51.0676130">
    <ele>885.1</ele>
   </trkpt>
   <trkpt lat="-26.3156700" lon="-51.0676130">
    <ele>885.1</ele>
   </trkpt>
   <trkpt lat="-26.3156700" lon="-51.0676130">
    <ele>885.1</ele>
   </trkpt>
   <trkpt lat="-26.3156700" lon="-51.0676130">
    <ele>885.1</ele>
   </trkpt>
   <trkpt lat="-26.3156700" lon="-51.0676130">
    <ele>885.1</ele>
   </trkpt>
   <trkpt lat="-26.3156700" lon="-51.0676130">
    <ele>885.1</ele>
   </trkpt>
   <trkpt lat="-26.3156700" lon="-51.0676130">
    <ele>885.1</ele>
   </trkpt>
   <trkpt lat="-26.3156700" lon="-51.0676130">
    <ele>885.1</ele>
   </trkpt>
   <trkpt lat="-26.3156700" lon="-51.0676130">
    <ele>885.1</ele>
   </trkpt>
   <trkpt lat="-26.3156700" lon="-51.0676130">
    <ele>885.1</ele>
   </trkpt>
   <trkpt lat="-26.3156700" lon="-51.0676130">
    <ele>885.1</ele>
   </trkpt>
   <trkpt lat="-26.3156700" lon="-51.0676130">
    <ele>885.1</ele>
   </trkpt>
   <trkpt lat="-26.3156700" lon="-51.0676130">
    <ele>885.1</ele>
   </trkpt>
   <trkpt lat="-26.3156700" lon="-51.0676130">
    <ele>885.1</ele>
   </trkpt>
   <trkpt lat="-26.3156700" lon="-51.0676130">
    <ele>885.1</ele>
   </trkpt>
   <trkpt lat="-26.3156700" lon="-51.0676130">
    <ele>885.1</ele>
   </trkpt>
   <trkpt lat="-26.3156700" lon="-51.0676130">
    <ele>885.1</ele>
   </trkpt>
   <trkpt lat="-26.3156700" lon="-51.0676130">
    <ele>885.1</ele>
   </trkpt>
   <trkpt lat="-26.3156700" lon="-51.0676130">
    <ele>885.1</ele>
   </trkpt>
   <trkpt lat="-26.3156700" lon="-51.0676130">
    <ele>885.1</ele>
   </trkpt>
   <trkpt lat="-26.3156700" lon="-51.0676130">
    <ele>885.1</ele>
   </trkpt>
   <trkpt lat="-26.3156700" lon="-51.0676130">
    <ele>885.1</ele>
   </trkpt>
   <trkpt lat="-26.3156680" lon="-51.0676140">
    <ele>885.1</ele>
   </trkpt>
   <trkpt lat="-26.3156470" lon="-51.0676230">
    <ele>884.9</ele>
   </trkpt>
   <trkpt lat="-26.3156220" lon="-51.0676280">
    <ele>884.7</ele>
   </trkpt>
   <trkpt lat="-26.3155950" lon="-51.0676290">
    <ele>884.5</ele>
   </trkpt>
   <trkpt lat="-26.3155640" lon="-51.0676330">
    <ele>884.2</ele>
   </trkpt>
   <trkpt lat="-26.3155250" lon="-51.0676410">
    <ele>883.9</ele>
   </trkpt>
   <trkpt lat="-26.3154810" lon="-51.0676520">
    <ele>883.6</ele>
   </trkpt>
   <trkpt lat="-26.3154330" lon="-51.0676620">
    <ele>883.2</ele>
   </trkpt>
   <trkpt lat="-26.3153800" lon="-51.0676680">
    <ele>882.9</ele>
   </trkpt>
   <trkpt lat="-26.3153200" lon="-51.0676750">
    <ele>882.5</ele>
   </trkpt>
   <trkpt lat="-26.3152570" lon="-51.0676780">
    <ele>882.1</ele>
   </trkpt>
   <trkpt lat="-26.3151930" lon="-51.0676750">
    <ele>881.7</ele>
   </trkpt>
   <trkpt lat="-26.3151260" lon="-51.0676670">
    <ele>881.4</ele>
   </trkpt>
   <trkpt lat="-26.3150580" lon="-51.0676500">
    <ele>881.2</ele>
   </trkpt>
   <trkpt lat="-26.3149920" lon="-51.0676230">
    <ele>880.9</ele>
   </trkpt>
   <trkpt lat="-26.3149290" lon="-51.0675900">
    <ele>880.7</ele>
   </trkpt>
   <trkpt lat="-26.3148710" lon="-51.0675550">
    <ele>880.6</ele>
   </trkpt>
   <trkpt lat="-26.3148100" lon="-51.0675170">
    <ele>880.5</ele>
   </trkpt>
   <trkpt lat="-26.3147490" lon="-51.0674800">
    <ele>880.5</ele>
   </trkpt>
   <trkpt lat="-26.3146820" lon="-51.0674500">
    <ele>880.6</ele>
   </trkpt>
   <trkpt lat="-26.3146120" lon="-51.0674260">
    <ele>880.8</ele>
   </trkpt>
   <trkpt lat="-26.3145410" lon="-51.0674090">
    <ele>881.0</ele>
   </trkpt>
   <trkpt lat="-26.3144720" lon="-51.0673920">
    <ele>881.3</ele>
   </trkpt>
   <trkpt lat="-26.3144050" lon="-51.0673700">
    <ele>881.6</ele>
   </trkpt>
   <trkpt lat="-26.3143450" lon="-51.0673440">
    <ele>881.9</ele>
   </trkpt>
   <trkpt lat="-26.3142900" lon="-51.0673130">
    <ele>882.2</ele>
   </trkpt>
   <trkpt lat="-26.3142420" lon="-51.0672770">
    <ele>882.5</ele>
   </trkpt>
   <trkpt lat="-26.3141990" lon="-51.0672390">
    <ele>882.7</ele>
   </trkpt>
   <trkpt lat="-26.3141600" lon="-51.0671970">
    <ele>883.0</ele>
   </trkpt>
   <trkpt lat="-26.3141190" lon="-51.0671550">
    <ele>883.2</ele>
   </trkpt>
   <trkpt lat="-26.3140840" lon="-51.0671130">
    <ele>883.4</ele>
   </trkpt>
   <trkpt lat="-26.3140520" lon="-51.0670690">
    <ele>883.7</ele>
   </trkpt>
   <trkpt lat="-26.3140260" lon="-51.0670330">
    <ele>884.0</ele>
   </trkpt>
   <trkpt lat="-26.3139860" lon="-51.0669790">
    <ele>884.4</ele>
   </trkpt>
   <trkpt lat="-26.3139540" lon="-51.0669330">
    <ele>884.7</ele>
   </trkpt>
   <trkpt lat="-26.3139260" lon="-51.0668850">
    <ele>885.1</ele>
   </trkpt>
   <trkpt lat="-26.3139050" lon="-51.0668350">
    <ele>885.4</ele>
   </trkpt>
   <trkpt lat="-26.3138860" lon="-51.0667880">
    <ele>885.7</ele>
   </trkpt>
   <trkpt lat="-26.3138700" lon="-51.0667460">
    <ele>885.9</ele>
   </trkpt>
   <trkpt lat="-26.3138600" lon="-51.0667080">
    <ele>886.1</ele>
   </trkpt>
   <trkpt lat="-26.3138470" lon="-51.0666690">
    <ele>886.3</ele>
   </trkpt>
   <trkpt lat="-26.3138330" lon="-51.0666290">
    <ele>886.5</ele>
   </trkpt>
   <trkpt lat="-26.3138220" lon="-51.0665920">
    <ele>886.7</ele>
   </trkpt>
   <trkpt lat="-26.3138100" lon="-51.0665530">
    <ele>887.0</ele>
   </trkpt>
   <trkpt lat="-26.3137960" lon="-51.0665120">
    <ele>887.2</ele>
   </trkpt>
   <trkpt lat="-26.3137790" lon="-51.0664720">
    <ele>887.4</ele>
   </trkpt>
   <trkpt lat="-26.3137700" lon="-51.0664460">
    <ele>887.5</ele>
   </trkpt>
   <trkpt lat="-26.3137620" lon="-51.0664060">
    <ele>887.7</ele>
   </trkpt>
   <trkpt lat="-26.3137520" lon="-51.0663680">
    <ele>887.9</ele>
   </trkpt>
   <trkpt lat="-26.3137340" lon="-51.0663320">
    <ele>888.1</ele>
   </trkpt>
   <trkpt lat="-26.3137190" lon="-51.0662940">
    <ele>888.4</ele>
   </trkpt>
   <trkpt lat="-26.3137040" lon="-51.0662530">
    <ele>888.6</ele>
   </trkpt>
   <trkpt lat="-26.3136880" lon="-51.0662120">
    <ele>888.9</ele>
   </trkpt>
   <trkpt lat="-26.3136730" lon="-51.0661680">
    <ele>889.2</ele>
   </trkpt>
   <trkpt lat="-26.3136590" lon="-51.0661240">
    <ele>889.5</ele>
   </trkpt>
   <trkpt lat="-26.3136460" lon="-51.0660800">
    <ele>889.9</ele>
   </trkpt>
   <trkpt lat="-26.3136320" lon="-51.0660380">
    <ele>890.2</ele>
   </trkpt>
   <trkpt lat="-26.3136190" lon="-51.0659990">
    <ele>890.6</ele>
   </trkpt>
   <trkpt lat="-26.3136090" lon="-51.0659630">
    <ele>890.9</ele>
   </trkpt>
   <trkpt lat="-26.3136010" lon="-51.0659270">
    <ele>891.2</ele>
   </trkpt>
   <trkpt lat="-26.3135950" lon="-51.0658920">
    <ele>891.5</ele>
   </trkpt>
   <trkpt lat="-26.3135840" lon="-51.0658630">
    <ele>891.8</ele>
   </trkpt>
   <trkpt lat="-26.3135760" lon="-51.0658370">
    <ele>892.0</ele>
   </trkpt>
   <trkpt lat="-26.3135640" lon="-51.0658080">
    <ele>892.2</ele>
   </trkpt>
   <trkpt lat="-26.3135530" lon="-51.0657770">
    <ele>892.5</ele>
   </trkpt>
   <trkpt lat="-26.3135400" lon="-51.0657490">
    <ele>892.7</ele>
   </trkpt>
   <trkpt lat="-26.3135300" lon="-51.0657230">
    <ele>892.9</ele>
   </trkpt>
   <trkpt lat="-26.3135220" lon="-51.0656950">
    <ele>893.1</ele>
   </trkpt>
   <trkpt lat="-26.3135130" lon="-51.0656700">
    <ele>893.3</ele>
   </trkpt>
   <trkpt lat="-26.3135070" lon="-51.0656410">
    <ele>893.5</ele>
   </trkpt>
   <trkpt lat="-26.3134990" lon="-51.0656090">
    <ele>893.7</ele>
   </trkpt>
   <trkpt lat="-26.3134920" lon="-51.0655780">
    <ele>893.8</ele>
   </trkpt>
   <trkpt lat="-26.3134880" lon="-51.0655460">
    <ele>894.0</ele>
   </trkpt>
   <trkpt lat="-26.3134830" lon="-51.0655150">
    <ele>894.1</ele>
   </trkpt>
   <trkpt lat="-26.3134790" lon="-51.0654820">
    <ele>894.3</ele>
   </trkpt>
   <trkpt lat="-26.3134760" lon="-51.0654440">
    <ele>894.4</ele>
   </trkpt>
   <trkpt lat="-26.3134700" lon="-51.0654060">
    <ele>894.5</ele>
   </trkpt>
   <trkpt lat="-26.3134610" lon="-51.0653710">
    <ele>894.6</ele>
   </trkpt>
   <trkpt lat="-26.3134520" lon="-51.0653370">
    <ele>894.7</ele>
   </trkpt>
   <trkpt lat="-26.3134420" lon="-51.0653040">
    <ele>894.8</ele>
   </trkpt>
   <trkpt lat="-26.3134330" lon="-51.0652700">
    <ele>894.9</ele>
   </trkpt>
   <trkpt lat="-26.3134250" lon="-51.0652330">
    <ele>895.0</ele>
   </trkpt>
   <trkpt lat="-26.3134150" lon="-51.0651950">
    <ele>895.1</ele>
   </trkpt>
   <trkpt lat="-26.3134100" lon="-51.0651540">
    <ele>895.2</ele>
   </trkpt>
   <trkpt lat="-26.3134060" lon="-51.0651100">
    <ele>895.4</ele>
   </trkpt>
   <trkpt lat="-26.3134030" lon="-51.0650650">
    <ele>895.5</ele>
   </trkpt>
   <trkpt lat="-26.3133990" lon="-51.0650230">
    <ele>895.6</ele>
   </trkpt>
   <trkpt lat="-26.3133940" lon="-51.0649890">
    <ele>895.8</ele>
   </trkpt>
   <trkpt lat="-26.3133910" lon="-51.0649400">
    <ele>896.0</ele>
   </trkpt>
   <trkpt lat="-26.3133900" lon="-51.0648990">
    <ele>896.2</ele>
   </trkpt>
   <trkpt lat="-26.3133900" lon="-51.0648570">
    <ele>896.4</ele>
   </trkpt>
   <trkpt lat="-26.3133930" lon="-51.0648150">
    <ele>896.6</ele>
   </trkpt>
   <trkpt lat="-26.3133960" lon="-51.0647720">
    <ele>896.8</ele>
   </trkpt>
   <trkpt lat="-26.3134010" lon="-51.0647340">
    <ele>897.1</ele>
   </trkpt>
   <trkpt lat="-26.3134090" lon="-51.0646940">
    <ele>897.3</ele>
   </trkpt>
   <trkpt lat="-26.3134180" lon="-51.0646560">
    <ele>897.6</ele>
   </trkpt>
   <trkpt lat="-26.3134280" lon="-51.0646170">
    <ele>897.8</ele>
   </trkpt>
   <trkpt lat="-26.3134390" lon="-51.0645780">
    <ele>898.1</ele>
   </trkpt>
   <trkpt lat="-26.3134490" lon="-51.0645420">
    <ele>898.3</ele>
   </trkpt>
   <trkpt lat="-26.3134610" lon="-51.0645080">
    <ele>898.5</ele>
   </trkpt>
   <trkpt lat="-26.3134740" lon="-51.0644740">
    <ele>898.7</ele>
   </trkpt>
   <trkpt lat="-26.3134870" lon="-51.0644410">
    <ele>898.9</ele>
   </trkpt>
   <trkpt lat="-26.3135020" lon="-51.0644090">
    <ele>899.1</ele>
   </trkpt>
   <trkpt lat="-26.3135210" lon="-51.0643780">
    <ele>899.3</ele>
   </trkpt>
   <trkpt lat="-26.3135400" lon="-51.0643480">
    <ele>899.5</ele>
   </trkpt>
   <trkpt lat="-26.3135590" lon="-51.0643180">
    <ele>899.7</ele>
   </trkpt>
   <trkpt lat="-26.3135790" lon="-51.0642870">
    <ele>899.8</ele>
   </trkpt>
   <trkpt lat="-26.3136000" lon="-51.0642590">
    <ele>900.0</ele>
   </trkpt>
   <trkpt lat="-26.3136220" lon="-51.0642320">
    <ele>900.2</ele>
   </trkpt>
   <trkpt lat="-26.3136460" lon="-51.0642040">
    <ele>900.3</ele>
   </trkpt>
   <trkpt lat="-26.3136710" lon="-51.0641780">
    <ele>900.5</ele>
   </trkpt>
   <trkpt lat="-26.3136940" lon="-51.0641580">
    <ele>900.7</ele>
   </trkpt>
   <trkpt lat="-26.3137140" lon="-51.0641370">
    <ele>900.8</ele>
   </trkpt>
   <trkpt lat="-26.3137380" lon="-51.0641130">
    <ele>901.0</ele>
   </trkpt>
   <trkpt lat="-26.3137650" lon="-51.0640890">
    <ele>901.1</ele>
   </trkpt>
   <trkpt lat="-26.3137910" lon="-51.0640650">
    <ele>901.3</ele>
   </trkpt>
   <trkpt lat="-26.3138160" lon="-51.0640430">
    <ele>901.5</ele>
   </trkpt>
   <trkpt lat="-26.3138430" lon="-51.0640200">
    <ele>901.7</ele>
   </trkpt>
   <trkpt lat="-26.3138700" lon="-51.0639970">
    <ele>901.9</ele>
   </trkpt>
   <trkpt lat="-26.3138990" lon="-51.0639780">
    <ele>902.0</ele>
   </trkpt>
   <trkpt lat="-26.3139250" lon="-51.0639640">
    <ele>902.2</ele>
   </trkpt>
   <trkpt lat="-26.3139520" lon="-51.0639480">
    <ele>902.4</ele>
   </trkpt>
   <trkpt lat="-26.3139800" lon="-51.0639300">
    <ele>902.6</ele>
   </trkpt>
   <trkpt lat="-26.3140080" lon="-51.0639120">
    <ele>902.7</ele>
   </trkpt>
   <trkpt lat="-26.3140360" lon="-51.0638960">
    <ele>902.9</ele>
   </trkpt>
   <trkpt lat="-26.3140640" lon="-51.0638810">
    <ele>903.0</ele>
   </trkpt>
   <trkpt lat="-26.3140930" lon="-51.0638700">
    <ele>903.2</ele>
   </trkpt>
   <trkpt lat="-26.3141200" lon="-51.0638620">
    <ele>903.3</ele>
   </trkpt>
   <trkpt lat="-26.3141520" lon="-51.0638540">
    <ele>903.5</ele>
   </trkpt>
   <trkpt lat="-26.3141860" lon="-51.0638470">
    <ele>903.6</ele>
   </trkpt>
   <trkpt lat="-26.3142210" lon="-51.0638440">
    <ele>903.7</ele>
   </trkpt>
   <trkpt lat="-26.3142580" lon="-51.0638410">
    <ele>903.9</ele>
   </trkpt>
   <trkpt lat="-26.3142960" lon="-51.0638370">
    <ele>904.0</ele>
   </trkpt>
   <trkpt lat="-26.3143350" lon="-51.0638330">
    <ele>904.1</ele>
   </trkpt>
   <trkpt lat="-26.3143720" lon="-51.0638270">
    <ele>904.2</ele>
   </trkpt>
   <trkpt lat="-26.3144070" lon="-51.0638180">
    <ele>904.3</ele>
   </trkpt>
   <trkpt lat="-26.3144420" lon="-51.0638100">
    <ele>904.4</ele>
   </trkpt>
   <trkpt lat="-26.3144800" lon="-51.0637950">
    <ele>904.5</ele>
   </trkpt>
   <trkpt lat="-26.3145190" lon="-51.0637790">
    <ele>904.7</ele>
   </trkpt>
   <trkpt lat="-26.3145510" lon="-51.0637600">
    <ele>904.8</ele>
   </trkpt>
   <trkpt lat="-26.3145830" lon="-51.0637360">
    <ele>905.0</ele>
   </trkpt>
   <trkpt lat="-26.3146140" lon="-51.0637070">
    <ele>905.2</ele>
   </trkpt>
   <trkpt lat="-26.3146440" lon="-51.0636740">
    <ele>905.5</ele>
   </trkpt>
   <trkpt lat="-26.3146720" lon="-51.0636460">
    <ele>905.7</ele>
   </trkpt>
   <trkpt lat="-26.3147000" lon="-51.0636160">
    <ele>906.0</ele>
   </trkpt>
   <trkpt lat="-26.3147230" lon="-51.0635860">
    <ele>906.3</ele>
   </trkpt>
   <trkpt lat="-26.3147410" lon="-51.0635570">
    <ele>906.6</ele>
   </trkpt>
   <trkpt lat="-26.3147550" lon="-51.0635250">
    <ele>906.9</ele>
   </trkpt>
   <trkpt lat="-26.3147660" lon="-51.0634930">
    <ele>907.3</ele>
   </trkpt>
   <trkpt lat="-26.3147800" lon="-51.0634560">
    <ele>907.6</ele>
   </trkpt>
   <trkpt lat="-26.3147950" lon="-51.0634150">
    <ele>908.0</ele>
   </trkpt>
   <trkpt lat="-26.3148160" lon="-51.0633670">
    <ele>908.5</ele>
   </trkpt>
   <trkpt lat="-26.3148290" lon="-51.0633310">
    <ele>908.9</ele>
   </trkpt>
   <trkpt lat="-26.3148390" lon="-51.0632970">
    <ele>909.1</ele>
   </trkpt>
   <trkpt lat="-26.3148470" lon="-51.0632610">
    <ele>909.4</ele>
   </trkpt>
   <trkpt lat="-26.3148500" lon="-51.0632220">
    <ele>909.7</ele>
   </trkpt>
   <trkpt lat="-26.3148450" lon="-51.0631740">
    <ele>909.9</ele>
   </trkpt>
   <trkpt lat="-26.3148370" lon="-51.0631210">
    <ele>910.0</ele>
   </trkpt>
   <trkpt lat="-26.3148380" lon="-51.0630720">
    <ele>910.0</ele>
   </trkpt>
   <trkpt lat="-26.3148420" lon="-51.0630210">
    <ele>909.9</ele>
   </trkpt>
   <trkpt lat="-26.3148320" lon="-51.0629620">
    <ele>909.6</ele>
   </trkpt>
   <trkpt lat="-26.3148000" lon="-51.0628980">
    <ele>909.1</ele>
   </trkpt>
   <trkpt lat="-26.3147650" lon="-51.0628290">
    <ele>908.4</ele>
   </trkpt>
   <trkpt lat="-26.3147300" lon="-51.0627520">
    <ele>907.7</ele>
   </trkpt>
   <trkpt lat="-26.3146890" lon="-51.0626740">
    <ele>907.0</ele>
   </trkpt>
   <trkpt lat="-26.3146460" lon="-51.0625910">
    <ele>906.2</ele>
   </trkpt>
   <trkpt lat="-26.3145980" lon="-51.0625100">
    <ele>905.4</ele>
   </trkpt>
   <trkpt lat="-26.3145420" lon="-51.0624270">
    <ele>904.5</ele>
   </trkpt>
   <trkpt lat="-26.3144800" lon="-51.0623390">
    <ele>903.6</ele>
   </trkpt>
   <trkpt lat="-26.3144120" lon="-51.0622460">
    <ele>902.6</ele>
   </trkpt>
   <trkpt lat="-26.3143530" lon="-51.0621480">
    <ele>901.6</ele>
   </trkpt>
   <trkpt lat="-26.3143040" lon="-51.0620650">
    <ele>900.9</ele>
   </trkpt>
   <trkpt lat="-26.3142400" lon="-51.0619630">
    <ele>900.3</ele>
   </trkpt>
   <trkpt lat="-26.3141620" lon="-51.0618760">
    <ele>899.9</ele>
   </trkpt>
   <trkpt lat="-26.3140730" lon="-51.0618130">
    <ele>899.8</ele>
   </trkpt>
   <trkpt lat="-26.3139760" lon="-51.0617540">
    <ele>899.8</ele>
   </trkpt>
   <trkpt lat="-26.3138940" lon="-51.0616960">
    <ele>899.9</ele>
   </trkpt>
   <trkpt lat="-26.3138190" lon="-51.0616360">
    <ele>900.0</ele>
   </trkpt>
   <trkpt lat="-26.3137510" lon="-51.0615730">
    <ele>899.8</ele>
   </trkpt>
   <trkpt lat="-26.3136800" lon="-51.0615080">
    <ele>899.4</ele>
   </trkpt>
   <trkpt lat="-26.3136080" lon="-51.0614400">
    <ele>898.6</ele>
   </trkpt>
   <trkpt lat="-26.3135290" lon="-51.0613700">
    <ele>897.5</ele>
   </trkpt>
   <trkpt lat="-26.3134450" lon="-51.0613000">
    <ele>896.2</ele>
   </trkpt>
   <trkpt lat="-26.3133460" lon="-51.0612170">
    <ele>894.5</ele>
   </trkpt>
   <trkpt lat="-26.3132670" lon="-51.0611480">
    <ele>893.0</ele>
   </trkpt>
   <trkpt lat="-26.3131940" lon="-51.0610720">
    <ele>891.4</ele>
   </trkpt>
   <trkpt lat="-26.3131300" lon="-51.0609770">
    <ele>889.6</ele>
   </trkpt>
   <trkpt lat="-26.3130750" lon="-51.0608660">
    <ele>887.9</ele>
   </trkpt>
   <trkpt lat="-26.3130280" lon="-51.0607330">
    <ele>886.0</ele>
   </trkpt>
   <trkpt lat="-26.3129760" lon="-51.0605930">
    <ele>884.5</ele>
   </trkpt>
   <trkpt lat="-26.3129150" lon="-51.0604590">
    <ele>883.4</ele>
   </trkpt>
   <trkpt lat="-26.3128450" lon="-51.0603360">
    <ele>882.6</ele>
   </trkpt>
   <trkpt lat="-26.3127650" lon="-51.0602270">
    <ele>882.0</ele>
   </trkpt>
   <trkpt lat="-26.3126720" lon="-51.0601290">
    <ele>881.7</ele>
   </trkpt>
   <trkpt lat="-26.3125750" lon="-51.0600420">
    <ele>881.5</ele>
   </trkpt>
   <trkpt lat="-26.3124780" lon="-51.0599580">
    <ele>881.4</ele>
   </trkpt>
   <trkpt lat="-26.3123820" lon="-51.0598750">
    <ele>881.5</ele>
   </trkpt>
   <trkpt lat="-26.3122990" lon="-51.0597820">
    <ele>881.8</ele>
   </trkpt>
   <trkpt lat="-26.3122360" lon="-51.0596760">
    <ele>882.2</ele>
   </trkpt>
   <trkpt lat="-26.3121960" lon="-51.0595570">
    <ele>882.5</ele>
   </trkpt>
   <trkpt lat="-26.3121760" lon="-51.0594450">
    <ele>882.5</ele>
   </trkpt>
   <trkpt lat="-26.3121790" lon="-51.0593270">
    <ele>881.8</ele>
   </trkpt>
   <trkpt lat="-26.3122040" lon="-51.0592120">
    <ele>880.9</ele>
   </trkpt>
   <trkpt lat="-26.3122410" lon="-51.0590980">
    <ele>880.0</ele>
   </trkpt>
   <trkpt lat="-26.3122940" lon="-51.0589790">
    <ele>879.5</ele>
   </trkpt>
   <trkpt lat="-26.3123420" lon="-51.0588660">
    <ele>879.4</ele>
   </trkpt>
   <trkpt lat="-26.3123820" lon="-51.0587760">
    <ele>879.6</ele>
   </trkpt>
   <trkpt lat="-26.3124340" lon="-51.0586540">
    <ele>880.3</ele>
   </trkpt>
   <trkpt lat="-26.3124670" lon="-51.0585560">
    <ele>880.9</ele>
   </trkpt>
   <trkpt lat="-26.3124800" lon="-51.0584560">
    <ele>881.6</ele>
   </trkpt>
   <trkpt lat="-26.3124890" lon="-51.0583600">
    <ele>882.4</ele>
   </trkpt>
   <trkpt lat="-26.3124920" lon="-51.0582760">
    <ele>883.2</ele>
   </trkpt>
   <trkpt lat="-26.3124890" lon="-51.0582170">
    <ele>883.9</ele>
   </trkpt>
   <trkpt lat="-26.3124840" lon="-51.0581330">
    <ele>884.9</ele>
   </trkpt>
   <trkpt lat="-26.3124790" lon="-51.0580660">
    <ele>885.8</ele>
   </trkpt>
   <trkpt lat="-26.3124880" lon="-51.0579980">
    <ele>886.7</ele>
   </trkpt>
   <trkpt lat="-26.3125120" lon="-51.0579360">
    <ele>887.6</ele>
   </trkpt>
   <trkpt lat="-26.3125440" lon="-51.0578800">
    <ele>888.3</ele>
   </trkpt>
   <trkpt lat="-26.3125820" lon="-51.0578250">
    <ele>888.9</ele>
   </trkpt>
   <trkpt lat="-26.3126280" lon="-51.0577640">
    <ele>889.4</ele>
   </trkpt>
   <trkpt lat="-26.3126770" lon="-51.0576980">
    <ele>889.6</ele>
   </trkpt>
   <trkpt lat="-26.3127240" lon="-51.0576260">
    <ele>889.5</ele>
   </trkpt>
   <trkpt lat="-26.3127720" lon="-51.0575480">
    <ele>889.2</ele>
   </trkpt>
   <trkpt lat="-26.3128200" lon="-51.0574670">
    <ele>888.7</ele>
   </trkpt>
   <trkpt lat="-26.3128700" lon="-51.0573890">
    <ele>888.3</ele>
   </trkpt>
   <trkpt lat="-26.3129220" lon="-51.0573160">
    <ele>887.9</ele>
   </trkpt>
   <trkpt lat="-26.3129750" lon="-51.0572450">
    <ele>887.7</ele>
   </trkpt>
   <trkpt lat="-26.3130300" lon="-51.0571790">
    <ele>887.5</ele>
   </trkpt>
   <trkpt lat="-26.3130870" lon="-51.0571150">
    <ele>887.3</ele>
   </trkpt>
   <trkpt lat="-26.3131490" lon="-51.0570580">
    <ele>887.0</ele>
   </trkpt>
   <trkpt lat="-26.3132190" lon="-51.0570170">
    <ele>886.5</ele>
   </trkpt>
   <trkpt lat="-26.3132980" lon="-51.0569940">
    <ele>885.7</ele>
   </trkpt>
   <trkpt lat="-26.3133780" lon="-51.0569890">
    <ele>884.8</ele>
   </trkpt>
   <trkpt lat="-26.3134580" lon="-51.0570110">
    <ele>883.9</ele>
   </trkpt>
   <trkpt lat="-26.3135370" lon="-51.0570570">
    <ele>882.8</ele>
   </trkpt>
   <trkpt lat="-26.3136190" lon="-51.0571180">
    <ele>881.4</ele>
   </trkpt>
   <trkpt lat="-26.3137070" lon="-51.0571780">
    <ele>879.6</ele>
   </trkpt>
   <trkpt lat="-26.3138000" lon="-51.0572280">
    <ele>877.7</ele>
   </trkpt>
   <trkpt lat="-26.3139020" lon="-51.0572470">
    <ele>875.7</ele>
   </trkpt>
   <trkpt lat="-26.3140080" lon="-51.0572330">
    <ele>873.9</ele>
   </trkpt>
   <trkpt lat="-26.3141160" lon="-51.0571910">
    <ele>872.3</ele>
   </trkpt>
   <trkpt lat="-26.3142170" lon="-51.0571250">
    <ele>871.2</ele>
   </trkpt>
   <trkpt lat="-26.3143080" lon="-51.0570460">
    <ele>870.6</ele>
   </trkpt>
   <trkpt lat="-26.3143920" lon="-51.0569660">
    <ele>870.3</ele>
   </trkpt>
   <trkpt lat="-26.3144710" lon="-51.0568880">
    <ele>870.2</ele>
   </trkpt>
   <trkpt lat="-26.3145450" lon="-51.0568140">
    <ele>870.3</ele>
   </trkpt>
   <trkpt lat="-26.3146160" lon="-51.0567400">
    <ele>870.4</ele>
   </trkpt>
   <trkpt lat="-26.3146820" lon="-51.0566620">
    <ele>870.8</ele>
   </trkpt>
   <trkpt lat="-26.3147440" lon="-51.0565830">
    <ele>871.2</ele>
   </trkpt>
   <trkpt lat="-26.3148060" lon="-51.0565010">
    <ele>872.1</ele>
   </trkpt>
   <trkpt lat="-26.3148650" lon="-51.0564270">
    <ele>873.1</ele>
   </trkpt>
   <trkpt lat="-26.3149200" lon="-51.0563600">
    <ele>874.2</ele>
   </trkpt>
   <trkpt lat="-26.3149670" lon="-51.0562990">
    <ele>875.2</ele>
   </trkpt>
   <trkpt lat="-26.3150060" lon="-51.0562360">
    <ele>876.2</ele>
   </trkpt>
   <trkpt lat="-26.3150380" lon="-51.0561740">
    <ele>877.1</ele>
   </trkpt>
   <trkpt lat="-26.3150660" lon="-51.0561140">
    <ele>878.0</ele>
   </trkpt>
   <trkpt lat="-26.3150910" lon="-51.0560580">
    <ele>878.8</ele>
   </trkpt>
   <trkpt lat="-26.3151120" lon="-51.0560030">
    <ele>879.6</ele>
   </trkpt>
   <trkpt lat="-26.3151270" lon="-51.0559470">
    <ele>880.4</ele>
   </trkpt>
   <trkpt lat="-26.3151410" lon="-51.0558900">
    <ele>881.1</ele>
   </trkpt>
   <trkpt lat="-26.3151520" lon="-51.0558360">
    <ele>881.9</ele>
   </trkpt>
   <trkpt lat="-26.3151630" lon="-51.0557820">
    <ele>882.6</ele>
   </trkpt>
   <trkpt lat="-26.3151720" lon="-51.0557330">
    <ele>883.3</ele>
   </trkpt>
   <trkpt lat="-26.3151770" lon="-51.0556870">
    <ele>883.9</ele>
   </trkpt>
   <trkpt lat="-26.3151800" lon="-51.0556380">
    <ele>884.5</ele>
   </trkpt>
   <trkpt lat="-26.3151840" lon="-51.0555900">
    <ele>885.0</ele>
   </trkpt>
   <trkpt lat="-26.3151820" lon="-51.0555440">
    <ele>885.6</ele>
   </trkpt>
   <trkpt lat="-26.3151840" lon="-51.0555010">
    <ele>886.0</ele>
   </trkpt>
   <trkpt lat="-26.3151820" lon="-51.0554560">
    <ele>886.4</ele>
   </trkpt>
   <trkpt lat="-26.3151870" lon="-51.0554030">
    <ele>886.9</ele>
   </trkpt>
   <trkpt lat="-26.3152010" lon="-51.0553400">
    <ele>887.2</ele>
   </trkpt>
   <trkpt lat="-26.3152230" lon="-51.0552650">
    <ele>887.4</ele>
   </trkpt>
   <trkpt lat="-26.3152530" lon="-51.0551940">
    <ele>887.4</ele>
   </trkpt>
   <trkpt lat="-26.3152820" lon="-51.0551150">
    <ele>887.0</ele>
   </trkpt>
   <trkpt lat="-26.3153040" lon="-51.0550240">
    <ele>886.4</ele>
   </trkpt>
   <trkpt lat="-26.3153270" lon="-51.0549240">
    <ele>885.6</ele>
   </trkpt>
   <trkpt lat="-26.3153590" lon="-51.0548160">
    <ele>884.7</ele>
   </trkpt>
   <trkpt lat="-26.3154010" lon="-51.0546960">
    <ele>883.8</ele>
   </trkpt>
   <trkpt lat="-26.3154510" lon="-51.0545760">
    <ele>882.9</ele>
   </trkpt>
   <trkpt lat="-26.3154960" lon="-51.0544620">
    <ele>882.3</ele>
   </trkpt>
   <trkpt lat="-26.3155430" lon="-51.0543490">
    <ele>881.7</ele>
   </trkpt>
   <trkpt lat="-26.3155960" lon="-51.0542400">
    <ele>881.3</ele>
   </trkpt>
   <trkpt lat="-26.3156440" lon="-51.0541190">
    <ele>881.1</ele>
   </trkpt>
   <trkpt lat="-26.3156890" lon="-51.0540030">
    <ele>880.9</ele>
   </trkpt>
   <trkpt lat="-26.3157220" lon="-51.0538910">
    <ele>880.7</ele>
   </trkpt>
   <trkpt lat="-26.3157430" lon="-51.0537840">
    <ele>880.4</ele>
   </trkpt>
   <trkpt lat="-26.3157290" lon="-51.0536800">
    <ele>880.1</ele>
   </trkpt>
   <trkpt lat="-26.3156870" lon="-51.0535770">
    <ele>879.6</ele>
   </trkpt>
   <trkpt lat="-26.3156280" lon="-51.0534760">
    <ele>879.0</ele>
   </trkpt>
   <trkpt lat="-26.3155610" lon="-51.0533890">
    <ele>878.4</ele>
   </trkpt>
   <trkpt lat="-26.3154970" lon="-51.0532980">
    <ele>877.6</ele>
   </trkpt>
   <trkpt lat="-26.3154490" lon="-51.0532070">
    <ele>876.6</ele>
   </trkpt>
   <trkpt lat="-26.3154220" lon="-51.0531120">
    <ele>875.4</ele>
   </trkpt>
   <trkpt lat="-26.3154230" lon="-51.0530080">
    <ele>874.1</ele>
   </trkpt>
   <trkpt lat="-26.3154680" lon="-51.0529160">
    <ele>872.8</ele>
   </trkpt>
   <trkpt lat="-26.3155460" lon="-51.0528310">
    <ele>871.4</ele>
   </trkpt>
   <trkpt lat="-26.3156370" lon="-51.0527530">
    <ele>870.0</ele>
   </trkpt>
   <trkpt lat="-26.3157290" lon="-51.0526760">
    <ele>868.7</ele>
   </trkpt>
   <trkpt lat="-26.3158270" lon="-51.0526010">
    <ele>867.4</ele>
   </trkpt>
   <trkpt lat="-26.3159250" lon="-51.0525280">
    <ele>866.2</ele>
   </trkpt>
   <trkpt lat="-26.3160170" lon="-51.0524520">
    <ele>864.9</ele>
   </trkpt>
   <trkpt lat="-26.3161060" lon="-51.0523660">
    <ele>863.6</ele>
   </trkpt>
   <trkpt lat="-26.3161890" lon="-51.0522640">
    <ele>861.9</ele>
   </trkpt>
   <trkpt lat="-26.3162600" lon="-51.0521500">
    <ele>860.0</ele>
   </trkpt>
   <trkpt lat="-26.3163170" lon="-51.0520180">
    <ele>858.3</ele>
   </trkpt>
   <trkpt lat="-26.3163600" lon="-51.0518820">
    <ele>857.3</ele>
   </trkpt>
   <trkpt lat="-26.3163940" lon="-51.0517470">
    <ele>856.8</ele>
   </trkpt>
   <trkpt lat="-26.3164140" lon="-51.0516130">
    <ele>856.7</ele>
   </trkpt>
   <trkpt lat="-26.3164150" lon="-51.0514820">
    <ele>857.0</ele>
   </trkpt>
   <trkpt lat="-26.3163940" lon="-51.0513540">
    <ele>857.8</ele>
   </trkpt>
   <trkpt lat="-26.3163650" lon="-51.0512370">
    <ele>858.7</ele>
   </trkpt>
   <trkpt lat="-26.3163370" lon="-51.0511340">
    <ele>859.6</ele>
   </trkpt>
   <trkpt lat="-26.3163160" lon="-51.0510580">
    <ele>860.3</ele>
   </trkpt>
   <trkpt lat="-26.3162880" lon="-51.0509690">
    <ele>861.2</ele>
   </trkpt>
   <trkpt lat="-26.3162590" lon="-51.0508860">
    <ele>861.8</ele>
   </trkpt>
   <trkpt lat="-26.3162300" lon="-51.0508080">
    <ele>862.3</ele>
   </trkpt>
   <trkpt lat="-26.3162030" lon="-51.0507350">
    <ele>862.7</ele>
   </trkpt>
   <trkpt lat="-26.3161800" lon="-51.0506640">
    <ele>863.0</ele>
   </trkpt>
   <trkpt lat="-26.3161670" lon="-51.0505950">
    <ele>863.1</ele>
   </trkpt>
   <trkpt lat="-26.3161570" lon="-51.0505370">
    <ele>863.2</ele>
   </trkpt>
   <trkpt lat="-26.3161510" lon="-51.0504940">
    <ele>863.2</ele>
   </trkpt>
   <trkpt lat="-26.3161440" lon="-51.0504530">
    <ele>863.1</ele>
   </trkpt>
   <trkpt lat="-26.3161360" lon="-51.0504090">
    <ele>863.0</ele>
   </trkpt>
   <trkpt lat="-26.3161340" lon="-51.0503670">
    <ele>862.9</ele>
   </trkpt>
   <trkpt lat="-26.3161410" lon="-51.0503320">
    <ele>862.8</ele>
   </trkpt>
   <trkpt lat="-26.3161580" lon="-51.0503090">
    <ele>863.0</ele>
   </trkpt>
   <trkpt lat="-26.3161810" lon="-51.0503050">
    <ele>863.2</ele>
   </trkpt>
   <trkpt lat="-26.3162120" lon="-51.0503130">
    <ele>863.4</ele>
   </trkpt>
   <trkpt lat="-26.3162410" lon="-51.0503260">
    <ele>863.7</ele>
   </trkpt>
   <trkpt lat="-26.3162690" lon="-51.0503340">
    <ele>863.8</ele>
   </trkpt>
   <trkpt lat="-26.3163020" lon="-51.0503390">
    <ele>864.0</ele>
   </trkpt>
   <trkpt lat="-26.3163280" lon="-51.0503360">
    <ele>864.1</ele>
   </trkpt>
   <trkpt lat="-26.3163670" lon="-51.0503270">
    <ele>864.2</ele>
   </trkpt>
   <trkpt lat="-26.3163990" lon="-51.0503170">
    <ele>864.3</ele>
   </trkpt>
   <trkpt lat="-26.3164360" lon="-51.0503010">
    <ele>864.4</ele>
   </trkpt>
   <trkpt lat="-26.3164720" lon="-51.0502820">
    <ele>864.5</ele>
   </trkpt>
   <trkpt lat="-26.3165090" lon="-51.0502630">
    <ele>864.7</ele>
   </trkpt>
   <trkpt lat="-26.3165440" lon="-51.0502410">
    <ele>864.8</ele>
   </trkpt>
   <trkpt lat="-26.3165800" lon="-51.0502140">
    <ele>865.0</ele>
   </trkpt>
   <trkpt lat="-26.3166180" lon="-51.0501870">
    <ele>865.1</ele>
   </trkpt>
   <trkpt lat="-26.3166590" lon="-51.0501550">
    <ele>865.3</ele>
   </trkpt>
   <trkpt lat="-26.3167010" lon="-51.0501210">
    <ele>865.5</ele>
   </trkpt>
   <trkpt lat="-26.3167440" lon="-51.0500850">
    <ele>865.7</ele>
   </trkpt>
   <trkpt lat="-26.3167840" lon="-51.0500480">
    <ele>865.9</ele>
   </trkpt>
   <trkpt lat="-26.3168160" lon="-51.0500210">
    <ele>866.1</ele>
   </trkpt>
   <trkpt lat="-26.3168630" lon="-51.0499830">
    <ele>866.2</ele>
   </trkpt>
   <trkpt lat="-26.3169050" lon="-51.0499510">
    <ele>866.3</ele>
   </trkpt>
   <trkpt lat="-26.3169480" lon="-51.0499210">
    <ele>866.4</ele>
   </trkpt>
   <trkpt lat="-26.3169920" lon="-51.0498930">
    <ele>866.6</ele>
   </trkpt>
   <trkpt lat="-26.3170360" lon="-51.0498680">
    <ele>866.8</ele>
   </trkpt>
   <trkpt lat="-26.3170830" lon="-51.0498470">
    <ele>867.0</ele>
   </trkpt>
   <trkpt lat="-26.3171340" lon="-51.0498300">
    <ele>867.3</ele>
   </trkpt>
   <trkpt lat="-26.3171850" lon="-51.0498210">
    <ele>867.6</ele>
   </trkpt>
   <trkpt lat="-26.3172360" lon="-51.0498150">
    <ele>867.8</ele>
   </trkpt>
   <trkpt lat="-26.3172760" lon="-51.0498100">
    <ele>868.0</ele>
   </trkpt>
   <trkpt lat="-26.3173360" lon="-51.0498050">
    <ele>868.3</ele>
   </trkpt>
   <trkpt lat="-26.3173840" lon="-51.0497980">
    <ele>868.5</ele>
   </trkpt>
   <trkpt lat="-26.3174320" lon="-51.0497890">
    <ele>868.7</ele>
   </trkpt>
   <trkpt lat="-26.3174790" lon="-51.0497790">
    <ele>869.0</ele>
   </trkpt>
   <trkpt lat="-26.3175170" lon="-51.0497700">
    <ele>869.2</ele>
   </trkpt>
   <trkpt lat="-26.3175650" lon="-51.0497600">
    <ele>869.4</ele>
   </trkpt>
   <trkpt lat="-26.3176220" lon="-51.0497470">
    <ele>869.7</ele>
   </trkpt>
   <trkpt lat="-26.3176700" lon="-51.0497370">
    <ele>869.9</ele>
   </trkpt>
   <trkpt lat="-26.3177170" lon="-51.0497290">
    <ele>870.0</ele>
   </trkpt>
   <trkpt lat="-26.3177530" lon="-51.0497240">
    <ele>870.0</ele>
   </trkpt>
   <trkpt lat="-26.3178090" lon="-51.0497190">
    <ele>870.1</ele>
   </trkpt>
   <trkpt lat="-26.3178600" lon="-51.0497170">
    <ele>870.2</ele>
   </trkpt>
   <trkpt lat="-26.3179150" lon="-51.0497140">
    <ele>870.4</ele>
   </trkpt>
   <trkpt lat="-26.3179710" lon="-51.0497150">
    <ele>870.5</ele>
   </trkpt>
   <trkpt lat="-26.3180210" lon="-51.0497240">
    <ele>870.7</ele>
   </trkpt>
   <trkpt lat="-26.3180810" lon="-51.0497420">
    <ele>871.0</ele>
   </trkpt>
   <trkpt lat="-26.3181470" lon="-51.0497720">
    <ele>871.3</ele>
   </trkpt>
   <trkpt lat="-26.3181960" lon="-51.0498100">
    <ele>871.5</ele>
   </trkpt>
   <trkpt lat="-26.3182400" lon="-51.0498610">
    <ele>871.6</ele>
   </trkpt>
   <trkpt lat="-26.3182850" lon="-51.0499220">
    <ele>871.5</ele>
   </trkpt>
   <trkpt lat="-26.3183310" lon="-51.0499900">
    <ele>871.3</ele>
   </trkpt>
   <trkpt lat="-26.3183680" lon="-51.0500570">
    <ele>870.9</ele>
   </trkpt>
   <trkpt lat="-26.3184030" lon="-51.0501260">
    <ele>870.5</ele>
   </trkpt>
   <trkpt lat="-26.3184320" lon="-51.0501830">
    <ele>870.2</ele>
   </trkpt>
   <trkpt lat="-26.3184690" lon="-51.0502550">
    <ele>869.8</ele>
   </trkpt>
   <trkpt lat="-26.3185120" lon="-51.0503430">
    <ele>869.5</ele>
   </trkpt>
   <trkpt lat="-26.3185520" lon="-51.0504190">
    <ele>869.4</ele>
   </trkpt>
   <trkpt lat="-26.3185990" lon="-51.0504910">
    <ele>869.4</ele>
   </trkpt>
   <trkpt lat="-26.3186550" lon="-51.0505610">
    <ele>869.5</ele>
   </trkpt>
   <trkpt lat="-26.3187010" lon="-51.0506130">
    <ele>869.5</ele>
   </trkpt>
   <trkpt lat="-26.3187710" lon="-51.0506870">
    <ele>869.6</ele>
   </trkpt>
   <trkpt lat="-26.3188340" lon="-51.0507480">
    <ele>869.7</ele>
   </trkpt>
   <trkpt lat="-26.3188930" lon="-51.0508030">
    <ele>869.7</ele>
   </trkpt>
   <trkpt lat="-26.3189480" lon="-51.0508570">
    <ele>869.7</ele>
   </trkpt>
   <trkpt lat="-26.3190060" lon="-51.0509130">
    <ele>869.8</ele>
   </trkpt>
   <trkpt lat="-26.3190680" lon="-51.0509660">
    <ele>869.8</ele>
   </trkpt>
   <trkpt lat="-26.3191200" lon="-51.0510170">
    <ele>869.9</ele>
   </trkpt>
   <trkpt lat="-26.3191700" lon="-51.0510700">
    <ele>870.0</ele>
   </trkpt>
   <trkpt lat="-26.3192220" lon="-51.0511180">
    <ele>870.0</ele>
   </trkpt>
   <trkpt lat="-26.3192650" lon="-51.0511540">
    <ele>870.0</ele>
   </trkpt>
   <trkpt lat="-26.3193320" lon="-51.0512000">
    <ele>870.0</ele>
   </trkpt>
   <trkpt lat="-26.3193950" lon="-51.0512240">
    <ele>870.0</ele>
   </trkpt>
   <trkpt lat="-26.3194630" lon="-51.0512420">
    <ele>870.1</ele>
   </trkpt>
   <trkpt lat="-26.3195300" lon="-51.0512550">
    <ele>870.2</ele>
   </trkpt>
   <trkpt lat="-26.3195960" lon="-51.0512630">
    <ele>870.4</ele>
   </trkpt>
   <trkpt lat="-26.3196590" lon="-51.0512650">
    <ele>870.5</ele>
   </trkpt>
   <trkpt lat="-26.3197220" lon="-51.0512610">
    <ele>870.7</ele>
   </trkpt>
   <trkpt lat="-26.3197810" lon="-51.0512510">
    <ele>870.9</ele>
   </trkpt>
   <trkpt lat="-26.3198390" lon="-51.0512360">
    <ele>871.1</ele>
   </trkpt>
   <trkpt lat="-26.3198950" lon="-51.0512200">
    <ele>871.2</ele>
   </trkpt>
   <trkpt lat="-26.3199480" lon="-51.0512070">
    <ele>871.4</ele>
   </trkpt>
   <trkpt lat="-26.3199960" lon="-51.0511950">
    <ele>871.5</ele>
   </trkpt>
   <trkpt lat="-26.3200460" lon="-51.0511810">
    <ele>871.7</ele>
   </trkpt>
   <trkpt lat="-26.3200940" lon="-51.0511650">
    <ele>871.9</ele>
   </trkpt>
   <trkpt lat="-26.3201330" lon="-51.0511520">
    <ele>872.0</ele>
   </trkpt>
   <trkpt lat="-26.3201990" lon="-51.0511290">
    <ele>872.4</ele>
   </trkpt>
   <trkpt lat="-26.3202580" lon="-51.0511110">
    <ele>872.7</ele>
   </trkpt>
   <trkpt lat="-26.3203170" lon="-51.0510920">
    <ele>873.1</ele>
   </trkpt>
   <trkpt lat="-26.3203740" lon="-51.0510780">
    <ele>873.3</ele>
   </trkpt>
   <trkpt lat="-26.3204330" lon="-51.0510700">
    <ele>873.4</ele>
   </trkpt>
   <trkpt lat="-26.3204910" lon="-51.0510700">
    <ele>873.4</ele>
   </trkpt>
   <trkpt lat="-26.3205510" lon="-51.0510720">
    <ele>873.5</ele>
   </trkpt>
   <trkpt lat="-26.3206140" lon="-51.0510750">
    <ele>873.5</ele>
   </trkpt>
   <trkpt lat="-26.3206800" lon="-51.0510780">
    <ele>873.6</ele>
   </trkpt>
   <trkpt lat="-26.3207480" lon="-51.0510750">
    <ele>873.7</ele>
   </trkpt>
   <trkpt lat="-26.3208190" lon="-51.0510700">
    <ele>873.9</ele>
   </trkpt>
   <trkpt lat="-26.3208910" lon="-51.0510610">
    <ele>874.1</ele>
   </trkpt>
   <trkpt lat="-26.3209650" lon="-51.0510530">
    <ele>874.3</ele>
   </trkpt>
   <trkpt lat="-26.3210390" lon="-51.0510410">
    <ele>874.6</ele>
   </trkpt>
   <trkpt lat="-26.3211150" lon="-51.0510290">
    <ele>874.8</ele>
   </trkpt>
   <trkpt lat="-26.3211910" lon="-51.0510210">
    <ele>875.1</ele>
   </trkpt>
   <trkpt lat="-26.3212620" lon="-51.0510200">
    <ele>875.4</ele>
   </trkpt>
   <trkpt lat="-26.3213290" lon="-51.0510240">
    <ele>875.7</ele>
   </trkpt>
   <trkpt lat="-26.3213900" lon="-51.0510380">
    <ele>876.2</ele>
   </trkpt>
   <trkpt lat="-26.3214540" lon="-51.0510580">
    <ele>876.7</ele>
   </trkpt>
   <trkpt lat="-26.3215110" lon="-51.0510780">
    <ele>877.1</ele>
   </trkpt>
   <trkpt lat="-26.3215660" lon="-51.0511000">
    <ele>877.6</ele>
   </trkpt>
   <trkpt lat="-26.3216100" lon="-51.0511180">
    <ele>878.0</ele>
   </trkpt>
   <trkpt lat="-26.3216640" lon="-51.0511350">
    <ele>878.3</ele>
   </trkpt>
   <trkpt lat="-26.3217170" lon="-51.0511460">
    <ele>878.6</ele>
   </trkpt>
   <trkpt lat="-26.3217850" lon="-51.0511440">
    <ele>878.8</ele>
   </trkpt>
   <trkpt lat="-26.3218450" lon="-51.0511270">
    <ele>878.8</ele>
   </trkpt>
   <trkpt lat="-26.3219020" lon="-51.0511040">
    <ele>878.7</ele>
   </trkpt>
   <trkpt lat="-26.3219470" lon="-51.0510840">
    <ele>878.5</ele>
   </trkpt>
   <trkpt lat="-26.3220170" lon="-51.0510560">
    <ele>878.2</ele>
   </trkpt>
   <trkpt lat="-26.3220760" lon="-51.0510390">
    <ele>878.0</ele>
   </trkpt>
   <trkpt lat="-26.3221390" lon="-51.0510290">
    <ele>877.8</ele>
   </trkpt>
   <trkpt lat="-26.3222060" lon="-51.0510240">
    <ele>877.6</ele>
   </trkpt>
   <trkpt lat="-26.3222790" lon="-51.0510300">
    <ele>877.5</ele>
   </trkpt>
   <trkpt lat="-26.3223320" lon="-51.0510460">
    <ele>877.4</ele>
   </trkpt>
   <trkpt lat="-26.3223850" lon="-51.0510610">
    <ele>877.2</ele>
   </trkpt>
   <trkpt lat="-26.3224900" lon="-51.0510930">
    <ele>876.6</ele>
   </trkpt>
   <trkpt lat="-26.3225600" lon="-51.0511220">
    <ele>876.0</ele>
   </trkpt>
   <trkpt lat="-26.3226350" lon="-51.0511510">
    <ele>875.3</ele>
   </trkpt>
   <trkpt lat="-26.3227140" lon="-51.0511760">
    <ele>874.7</ele>
   </trkpt>
   <trkpt lat="-26.3227980" lon="-51.0511970">
    <ele>874.3</ele>
   </trkpt>
   <trkpt lat="-26.3228810" lon="-51.0512180">
    <ele>874.1</ele>
   </trkpt>
   <trkpt lat="-26.3229610" lon="-51.0512410">
    <ele>874.0</ele>
   </trkpt>
   <trkpt lat="-26.3230250" lon="-51.0512650">
    <ele>874.0</ele>
   </trkpt>
   <trkpt lat="-26.3231200" lon="-51.0513040">
    <ele>874.1</ele>
   </trkpt>
   <trkpt lat="-26.3231960" lon="-51.0513390">
    <ele>874.1</ele>
   </trkpt>
   <trkpt lat="-26.3232720" lon="-51.0513690">
    <ele>874.3</ele>
   </trkpt>
   <trkpt lat="-26.3233390" lon="-51.0513880">
    <ele>874.6</ele>
   </trkpt>
   <trkpt lat="-26.3234350" lon="-51.0514110">
    <ele>875.0</ele>
   </trkpt>
   <trkpt lat="-26.3235120" lon="-51.0514320">
    <ele>875.4</ele>
   </trkpt>
   <trkpt lat="-26.3235920" lon="-51.0514530">
    <ele>875.8</ele>
   </trkpt>
   <trkpt lat="-26.3236650" lon="-51.0514850">
    <ele>876.4</ele>
   </trkpt>
   <trkpt lat="-26.3237150" lon="-51.0515190">
    <ele>876.9</ele>
   </trkpt>
   <trkpt lat="-26.3237690" lon="-51.0515690">
    <ele>877.5</ele>
   </trkpt>
   <trkpt lat="-26.3238240" lon="-51.0516430">
    <ele>878.3</ele>
   </trkpt>
   <trkpt lat="-26.3238610" lon="-51.0517150">
    <ele>879.0</ele>
   </trkpt>
   <trkpt lat="-26.3238900" lon="-51.0517950">
    <ele>879.7</ele>
   </trkpt>
   <trkpt lat="-26.3239200" lon="-51.0518670">
    <ele>880.5</ele>
   </trkpt>
   <trkpt lat="-26.3239590" lon="-51.0519290">
    <ele>881.1</ele>
   </trkpt>
   <trkpt lat="-26.3240010" lon="-51.0519860">
    <ele>881.3</ele>
   </trkpt>
   <trkpt lat="-26.3240490" lon="-51.0520350">
    <ele>881.5</ele>
   </trkpt>
   <trkpt lat="-26.3241030" lon="-51.0520770">
    <ele>881.6</ele>
   </trkpt>
   <trkpt lat="-26.3241460" lon="-51.0521100">
    <ele>881.6</ele>
   </trkpt>
   <trkpt lat="-26.3242000" lon="-51.0521500">
    <ele>881.6</ele>
   </trkpt>
   <trkpt lat="-26.3242640" lon="-51.0521990">
    <ele>881.5</ele>
   </trkpt>
   <trkpt lat="-26.3243150" lon="-51.0522420">
    <ele>881.5</ele>
   </trkpt>
   <trkpt lat="-26.3243670" lon="-51.0522860">
    <ele>881.5</ele>
   </trkpt>
   <trkpt lat="-26.3244170" lon="-51.0523270">
    <ele>881.6</ele>
   </trkpt>
   <trkpt lat="-26.3244560" lon="-51.0523580">
    <ele>881.6</ele>
   </trkpt>
   <trkpt lat="-26.3245130" lon="-51.0524030">
    <ele>881.8</ele>
   </trkpt>
   <trkpt lat="-26.3245620" lon="-51.0524390">
    <ele>882.0</ele>
   </trkpt>
   <trkpt lat="-26.3246120" lon="-51.0524740">
    <ele>882.2</ele>
   </trkpt>
   <trkpt lat="-26.3246630" lon="-51.0525070">
    <ele>882.5</ele>
   </trkpt>
   <trkpt lat="-26.3247130" lon="-51.0525410">
    <ele>882.7</ele>
   </trkpt>
   <trkpt lat="-26.3247660" lon="-51.0525700">
    <ele>882.9</ele>
   </trkpt>
   <trkpt lat="-26.3248160" lon="-51.0525990">
    <ele>883.1</ele>
   </trkpt>
   <trkpt lat="-26.3248670" lon="-51.0526280">
    <ele>883.3</ele>
   </trkpt>
   <trkpt lat="-26.3249140" lon="-51.0526550">
    <ele>883.6</ele>
   </trkpt>
   <trkpt lat="-26.3249550" lon="-51.0526750">
    <ele>883.9</ele>
   </trkpt>
   <trkpt lat="-26.3250130" lon="-51.0527020">
    <ele>884.3</ele>
   </trkpt>
   <trkpt lat="-26.3250610" lon="-51.0527210">
    <ele>884.8</ele>
   </trkpt>
   <trkpt lat="-26.3251070" lon="-51.0527310">
    <ele>885.2</ele>
   </trkpt>
   <trkpt lat="-26.3251510" lon="-51.0527240">
    <ele>885.7</ele>
   </trkpt>
   <trkpt lat="-26.3251890" lon="-51.0527030">
    <ele>886.1</ele>
   </trkpt>
   <trkpt lat="-26.3252180" lon="-51.0526700">
    <ele>886.5</ele>
   </trkpt>
   <trkpt lat="-26.3252400" lon="-51.0526320">
    <ele>886.9</ele>
   </trkpt>
   <trkpt lat="-26.3252560" lon="-51.0525940">
    <ele>887.2</ele>
   </trkpt>
   <trkpt lat="-26.3252700" lon="-51.0525550">
    <ele>887.5</ele>
   </trkpt>
   <trkpt lat="-26.3252810" lon="-51.0525210">
    <ele>887.7</ele>
   </trkpt>
   <trkpt lat="-26.3252900" lon="-51.0524940">
    <ele>887.9</ele>
   </trkpt>
   <trkpt lat="-26.3252980" lon="-51.0524690">
    <ele>888.1</ele>
   </trkpt>
   <trkpt lat="-26.3253080" lon="-51.0524400">
    <ele>888.4</ele>
   </trkpt>
   <trkpt lat="-26.3253200" lon="-51.0524070">
    <ele>888.7</ele>
   </trkpt>
   <trkpt lat="-26.3253340" lon="-51.0523730">
    <ele>889.0</ele>
   </trkpt>
   <trkpt lat="-26.3253490" lon="-51.0523340">
    <ele>889.4</ele>
   </trkpt>
   <trkpt lat="-26.3253660" lon="-51.0522930">
    <ele>889.7</ele>
   </trkpt>
   <trkpt lat="-26.3253850" lon="-51.0522520">
    <ele>890.1</ele>
   </trkpt>
   <trkpt lat="-26.3254020" lon="-51.0522180">
    <ele>890.5</ele>
   </trkpt>
   <trkpt lat="-26.3254230" lon="-51.0521750">
    <ele>891.0</ele>
   </trkpt>
   <trkpt lat="-26.3254520" lon="-51.0521220">
    <ele>891.6</ele>
   </trkpt>
   <trkpt lat="-26.3254770" lon="-51.0520790">
    <ele>892.2</ele>
   </trkpt>
   <trkpt lat="-26.3254990" lon="-51.0520420">
    <ele>892.7</ele>
   </trkpt>
   <trkpt lat="-26.3255190" lon="-51.0520190">
    <ele>893.0</ele>
   </trkpt>
   <trkpt lat="-26.3255510" lon="-51.0519970">
    <ele>893.5</ele>
   </trkpt>
   <trkpt lat="-26.3255920" lon="-51.0519690">
    <ele>894.0</ele>
   </trkpt>
   <trkpt lat="-26.3256260" lon="-51.0519510">
    <ele>894.4</ele>
   </trkpt>
   <trkpt lat="-26.3256610" lon="-51.0519360">
    <ele>894.7</ele>
   </trkpt>
   <trkpt lat="-26.3256920" lon="-51.0519110">
    <ele>895.1</ele>
   </trkpt>
   <trkpt lat="-26.3257220" lon="-51.0518900">
    <ele>895.5</ele>
   </trkpt>
   <trkpt lat="-26.3257490" lon="-51.0518760">
    <ele>895.8</ele>
   </trkpt>
   <trkpt lat="-26.3257870" lon="-51.0518500">
    <ele>896.2</ele>
   </trkpt>
   <trkpt lat="-26.3258180" lon="-51.0518300">
    <ele>896.6</ele>
   </trkpt>
   <trkpt lat="-26.3258490" lon="-51.0518130">
    <ele>896.9</ele>
   </trkpt>
   <trkpt lat="-26.3258730" lon="-51.0518060">
    <ele>897.1</ele>
   </trkpt>
   <trkpt lat="-26.3259060" lon="-51.0517760">
    <ele>897.4</ele>
   </trkpt>
   <trkpt lat="-26.3259330" lon="-51.0517360">
    <ele>897.7</ele>
   </trkpt>
   <trkpt lat="-26.3259570" lon="-51.0516900">
    <ele>897.9</ele>
   </trkpt>
   <trkpt lat="-26.3259830" lon="-51.0516330">
    <ele>898.2</ele>
   </trkpt>
   <trkpt lat="-26.3259970" lon="-51.0515910">
    <ele>898.3</ele>
   </trkpt>
   <trkpt lat="-26.3260120" lon="-51.0515340">
    <ele>898.5</ele>
   </trkpt>
   <trkpt lat="-26.3260190" lon="-51.0514820">
    <ele>898.6</ele>
   </trkpt>
   <trkpt lat="-26.3260170" lon="-51.0514240">
    <ele>898.7</ele>
   </trkpt>
   <trkpt lat="-26.3260180" lon="-51.0513810">
    <ele>898.8</ele>
   </trkpt>
   <trkpt lat="-26.3260100" lon="-51.0513280">
    <ele>898.9</ele>
   </trkpt>
   <trkpt lat="-26.3259690" lon="-51.0512540">
    <ele>899.1</ele>
   </trkpt>
   <trkpt lat="-26.3259250" lon="-51.0511980">
    <ele>899.2</ele>
   </trkpt>
   <trkpt lat="-26.3258710" lon="-51.0511470">
    <ele>899.3</ele>
   </trkpt>
   <trkpt lat="-26.3258210" lon="-51.0511120">
    <ele>899.5</ele>
   </trkpt>
   <trkpt lat="-26.3257560" lon="-51.0510780">
    <ele>899.6</ele>
   </trkpt>
   <trkpt lat="-26.3256770" lon="-51.0510500">
    <ele>899.6</ele>
   </trkpt>
   <trkpt lat="-26.3256110" lon="-51.0510330">
    <ele>899.4</ele>
   </trkpt>
   <trkpt lat="-26.3255410" lon="-51.0510130">
    <ele>899.1</ele>
   </trkpt>
   <trkpt lat="-26.3254850" lon="-51.0509950">
    <ele>898.9</ele>
   </trkpt>
   <trkpt lat="-26.3254140" lon="-51.0509710">
    <ele>898.5</ele>
   </trkpt>
   <trkpt lat="-26.3253310" lon="-51.0509270">
    <ele>898.2</ele>
   </trkpt>
   <trkpt lat="-26.3252730" lon="-51.0508800">
    <ele>898.1</ele>
   </trkpt>
   <trkpt lat="-26.3252380" lon="-51.0508320">
    <ele>898.2</ele>
   </trkpt>
   <trkpt lat="-26.3252140" lon="-51.0507630">
    <ele>898.5</ele>
   </trkpt>
   <trkpt lat="-26.3252150" lon="-51.0507000">
    <ele>899.0</ele>
   </trkpt>
   <trkpt lat="-26.3252370" lon="-51.0506620">
    <ele>899.4</ele>
   </trkpt>
   <trkpt lat="-26.3252760" lon="-51.0506490">
    <ele>899.9</ele>
   </trkpt>
   <trkpt lat="-26.3253250" lon="-51.0506450">
    <ele>900.5</ele>
   </trkpt>
   <trkpt lat="-26.3253500" lon="-51.0506480">
    <ele>900.9</ele>
   </trkpt>
   <trkpt lat="-26.3253810" lon="-51.0506560">
    <ele>901.3</ele>
   </trkpt>
   <trkpt lat="-26.3254100" lon="-51.0506620">
    <ele>901.7</ele>
   </trkpt>
   <trkpt lat="-26.3254400" lon="-51.0506720">
    <ele>902.1</ele>
   </trkpt>
   <trkpt lat="-26.3254660" lon="-51.0506770">
    <ele>902.5</ele>
   </trkpt>
   <trkpt lat="-26.3254900" lon="-51.0506840">
    <ele>902.9</ele>
   </trkpt>
   <trkpt lat="-26.3255170" lon="-51.0506870">
    <ele>903.3</ele>
   </trkpt>
   <trkpt lat="-26.3255460" lon="-51.0506920">
    <ele>903.7</ele>
   </trkpt>
   <trkpt lat="-26.3255660" lon="-51.0506940">
    <ele>904.0</ele>
   </trkpt>
   <trkpt lat="-26.3255800" lon="-51.0506980">
    <ele>904.2</ele>
   </trkpt>
   <trkpt lat="-26.3255930" lon="-51.0507060">
    <ele>904.4</ele>
   </trkpt>
   <trkpt lat="-26.3256100" lon="-51.0507120">
    <ele>904.7</ele>
   </trkpt>
   <trkpt lat="-26.3256310" lon="-51.0507160">
    <ele>905.1</ele>
   </trkpt>
   <trkpt lat="-26.3256550" lon="-51.0507130">
    <ele>905.5</ele>
   </trkpt>
   <trkpt lat="-26.3256820" lon="-51.0507080">
    <ele>905.9</ele>
   </trkpt>
   <trkpt lat="-26.3257080" lon="-51.0507110">
    <ele>906.4</ele>
   </trkpt>
   <trkpt lat="-26.3257320" lon="-51.0507150">
    <ele>906.8</ele>
   </trkpt>
   <trkpt lat="-26.3257520" lon="-51.0507170">
    <ele>907.1</ele>
   </trkpt>
   <trkpt lat="-26.3257680" lon="-51.0507070">
    <ele>907.5</ele>
   </trkpt>
   <trkpt lat="-26.3257880" lon="-51.0506930">
    <ele>907.9</ele>
   </trkpt>
   <trkpt lat="-26.3258110" lon="-51.0506800">
    <ele>908.3</ele>
   </trkpt>
   <trkpt lat="-26.3258340" lon="-51.0506870">
    <ele>908.7</ele>
   </trkpt>
   <trkpt lat="-26.3258510" lon="-51.0506960">
    <ele>909.1</ele>
   </trkpt>
   <trkpt lat="-26.3258680" lon="-51.0506970">
    <ele>909.4</ele>
   </trkpt>
   <trkpt lat="-26.3258880" lon="-51.0506950">
    <ele>909.7</ele>
   </trkpt>
   <trkpt lat="-26.3259070" lon="-51.0506860">
    <ele>910.1</ele>
   </trkpt>
   <trkpt lat="-26.3259280" lon="-51.0506750">
    <ele>910.5</ele>
   </trkpt>
   <trkpt lat="-26.3259460" lon="-51.0506720">
    <ele>910.8</ele>
   </trkpt>
   <trkpt lat="-26.3259650" lon="-51.0506700">
    <ele>911.2</ele>
   </trkpt>
   <trkpt lat="-26.3259840" lon="-51.0506720">
    <ele>911.5</ele>
   </trkpt>
   <trkpt lat="-26.3259970" lon="-51.0506770">
    <ele>911.8</ele>
   </trkpt>
   <trkpt lat="-26.3260130" lon="-51.0506860">
    <ele>912.1</ele>
   </trkpt>
   <trkpt lat="-26.3260360" lon="-51.0507000">
    <ele>912.6</ele>
   </trkpt>
   <trkpt lat="-26.3260560" lon="-51.0507000">
    <ele>913.0</ele>
   </trkpt>
   <trkpt lat="-26.3260720" lon="-51.0506990">
    <ele>913.3</ele>
   </trkpt>
   <trkpt lat="-26.3260830" lon="-51.0506940">
    <ele>913.5</ele>
   </trkpt>
   <trkpt lat="-26.3260950" lon="-51.0507010">
    <ele>913.8</ele>
   </trkpt>
   <trkpt lat="-26.3261300" lon="-51.0507050">
    <ele>914.4</ele>
   </trkpt>
   <trkpt lat="-26.3261640" lon="-51.0507010">
    <ele>915.0</ele>
   </trkpt>
   <trkpt lat="-26.3261800" lon="-51.0506980">
    <ele>915.3</ele>
   </trkpt>
   <trkpt lat="-26.3261990" lon="-51.0507020">
    <ele>915.6</ele>
   </trkpt>
   <trkpt lat="-26.3262210" lon="-51.0506960">
    <ele>916.0</ele>
   </trkpt>
   <trkpt lat="-26.3262410" lon="-51.0506850">
    <ele>916.3</ele>
   </trkpt>
   <trkpt lat="-26.3262670" lon="-51.0506770">
    <ele>916.7</ele>
   </trkpt>
   <trkpt lat="-26.3262920" lon="-51.0506760">
    <ele>917.1</ele>
   </trkpt>
   <trkpt lat="-26.3263140" lon="-51.0506760">
    <ele>917.4</ele>
   </trkpt>
   <trkpt lat="-26.3263380" lon="-51.0506770">
    <ele>917.7</ele>
   </trkpt>
   <trkpt lat="-26.3263570" lon="-51.0506810">
    <ele>918.0</ele>
   </trkpt>
   <trkpt lat="-26.3263710" lon="-51.0507030">
    <ele>918.3</ele>
   </trkpt>
   <trkpt lat="-26.3263950" lon="-51.0507000">
    <ele>918.6</ele>
   </trkpt>
   <trkpt lat="-26.3264160" lon="-51.0507040">
    <ele>918.8</ele>
   </trkpt>
   <trkpt lat="-26.3264380" lon="-51.0507080">
    <ele>919.0</ele>
   </trkpt>
   <trkpt lat="-26.3264570" lon="-51.0507110">
    <ele>919.2</ele>
   </trkpt>
   <trkpt lat="-26.3264890" lon="-51.0507190">
    <ele>919.5</ele>
   </trkpt>
   <trkpt lat="-26.3265180" lon="-51.0507280">
    <ele>919.8</ele>
   </trkpt>
   <trkpt lat="-26.3265410" lon="-51.0507370">
    <ele>920.0</ele>
   </trkpt>
   <trkpt lat="-26.3265810" lon="-51.0507350">
    <ele>920.4</ele>
   </trkpt>
   <trkpt lat="-26.3266050" lon="-51.0507350">
    <ele>920.6</ele>
   </trkpt>
   <trkpt lat="-26.3266300" lon="-51.0507360">
    <ele>920.8</ele>
   </trkpt>
   <trkpt lat="-26.3266560" lon="-51.0507310">
    <ele>921.0</ele>
   </trkpt>
   <trkpt lat="-26.3266760" lon="-51.0507330">
    <ele>921.1</ele>
   </trkpt>
   <trkpt lat="-26.3266990" lon="-51.0507350">
    <ele>921.3</ele>
   </trkpt>
   <trkpt lat="-26.3267230" lon="-51.0507390">
    <ele>921.4</ele>
   </trkpt>
   <trkpt lat="-26.3267470" lon="-51.0507420">
    <ele>921.5</ele>
   </trkpt>
   <trkpt lat="-26.3267690" lon="-51.0507480">
    <ele>921.7</ele>
   </trkpt>
   <trkpt lat="-26.3267890" lon="-51.0507590">
    <ele>921.8</ele>
   </trkpt>
   <trkpt lat="-26.3268160" lon="-51.0507700">
    <ele>922.0</ele>
   </trkpt>
   <trkpt lat="-26.3268440" lon="-51.0507800">
    <ele>922.3</ele>
   </trkpt>
   <trkpt lat="-26.3268730" lon="-51.0507850">
    <ele>922.6</ele>
   </trkpt>
   <trkpt lat="-26.3269000" lon="-51.0507920">
    <ele>922.8</ele>
   </trkpt>
   <trkpt lat="-26.3269260" lon="-51.0508000">
    <ele>923.1</ele>
   </trkpt>
   <trkpt lat="-26.3269530" lon="-51.0508050">
    <ele>923.4</ele>
   </trkpt>
   <trkpt lat="-26.3269820" lon="-51.0508140">
    <ele>923.7</ele>
   </trkpt>
   <trkpt lat="-26.3270100" lon="-51.0508210">
    <ele>924.0</ele>
   </trkpt>
   <trkpt lat="-26.3270410" lon="-51.0508290">
    <ele>924.3</ele>
   </trkpt>
   <trkpt lat="-26.3270730" lon="-51.0508390">
    <ele>924.7</ele>
   </trkpt>
   <trkpt lat="-26.3271010" lon="-51.0508500">
    <ele>925.0</ele>
   </trkpt>
   <trkpt lat="-26.3271260" lon="-51.0508610">
    <ele>925.3</ele>
   </trkpt>
   <trkpt lat="-26.3271490" lon="-51.0508760">
    <ele>925.6</ele>
   </trkpt>
   <trkpt lat="-26.3271770" lon="-51.0508910">
    <ele>925.9</ele>
   </trkpt>
   <trkpt lat="-26.3271980" lon="-51.0509030">
    <ele>926.2</ele>
   </trkpt>
   <trkpt lat="-26.3272230" lon="-51.0509220">
    <ele>926.5</ele>
   </trkpt>
   <trkpt lat="-26.3272590" lon="-51.0509390">
    <ele>926.9</ele>
   </trkpt>
   <trkpt lat="-26.3272870" lon="-51.0509510">
    <ele>927.1</ele>
   </trkpt>
   <trkpt lat="-26.3273170" lon="-51.0509670">
    <ele>927.4</ele>
   </trkpt>
   <trkpt lat="-26.3273530" lon="-51.0509780">
    <ele>927.7</ele>
   </trkpt>
   <trkpt lat="-26.3273830" lon="-51.0509810">
    <ele>928.0</ele>
   </trkpt>
   <trkpt lat="-26.3274160" lon="-51.0509900">
    <ele>928.3</ele>
   </trkpt>
   <trkpt lat="-26.3274560" lon="-51.0509800">
    <ele>928.8</ele>
   </trkpt>
   <trkpt lat="-26.3274930" lon="-51.0509550">
    <ele>929.3</ele>
   </trkpt>
   <trkpt lat="-26.3275220" lon="-51.0509260">
    <ele>929.8</ele>
   </trkpt>
   <trkpt lat="-26.3275420" lon="-51.0509030">
    <ele>930.3</ele>
   </trkpt>
   <trkpt lat="-26.3275590" lon="-51.0508730">
    <ele>930.7</ele>
   </trkpt>
   <trkpt lat="-26.3275720" lon="-51.0508440">
    <ele>931.2</ele>
   </trkpt>
   <trkpt lat="-26.3275810" lon="-51.0508120">
    <ele>931.6</ele>
   </trkpt>
   <trkpt lat="-26.3275890" lon="-51.0507820">
    <ele>932.0</ele>
   </trkpt>
   <trkpt lat="-26.3276010" lon="-51.0507460">
    <ele>932.4</ele>
   </trkpt>
   <trkpt lat="-26.3276180" lon="-51.0507050">
    <ele>932.9</ele>
   </trkpt>
   <trkpt lat="-26.3276370" lon="-51.0506730">
    <ele>933.1</ele>
   </trkpt>
   <trkpt lat="-26.3276600" lon="-51.0506470">
    <ele>933.3</ele>
   </trkpt>
   <trkpt lat="-26.3276890" lon="-51.0506240">
    <ele>933.5</ele>
   </trkpt>
   <trkpt lat="-26.3277140" lon="-51.0506100">
    <ele>933.5</ele>
   </trkpt>
   <trkpt lat="-26.3277560" lon="-51.0505880">
    <ele>933.6</ele>
   </trkpt>
   <trkpt lat="-26.3277920" lon="-51.0505670">
    <ele>933.6</ele>
   </trkpt>
   <trkpt lat="-26.3278300" lon="-51.0505450">
    <ele>933.6</ele>
   </trkpt>
   <trkpt lat="-26.3278590" lon="-51.0505270">
    <ele>933.7</ele>
   </trkpt>
   <trkpt lat="-26.3279040" lon="-51.0505030">
    <ele>933.7</ele>
   </trkpt>
   <trkpt lat="-26.3279410" lon="-51.0504820">
    <ele>933.8</ele>
   </trkpt>
   <trkpt lat="-26.3279770" lon="-51.0504570">
    <ele>934.0</ele>
   </trkpt>
   <trkpt lat="-26.3280100" lon="-51.0504260">
    <ele>934.1</ele>
   </trkpt>
   <trkpt lat="-26.3280410" lon="-51.0503920">
    <ele>934.3</ele>
   </trkpt>
   <trkpt lat="-26.3280610" lon="-51.0503560">
    <ele>934.5</ele>
   </trkpt>
   <trkpt lat="-26.3280870" lon="-51.0502900">
    <ele>934.8</ele>
   </trkpt>
   <trkpt lat="-26.3281000" lon="-51.0502330">
    <ele>935.1</ele>
   </trkpt>
   <trkpt lat="-26.3281060" lon="-51.0501860">
    <ele>935.5</ele>
   </trkpt>
   <trkpt lat="-26.3281080" lon="-51.0501220">
    <ele>936.0</ele>
   </trkpt>
   <trkpt lat="-26.3281110" lon="-51.0500570">
    <ele>936.5</ele>
   </trkpt>
   <trkpt lat="-26.3281140" lon="-51.0499840">
    <ele>937.1</ele>
   </trkpt>
   <trkpt lat="-26.3281180" lon="-51.0499230">
    <ele>937.5</ele>
   </trkpt>
   <trkpt lat="-26.3281220" lon="-51.0498640">
    <ele>937.8</ele>
   </trkpt>
   <trkpt lat="-26.3281270" lon="-51.0498040">
    <ele>938.1</ele>
   </trkpt>
   <trkpt lat="-26.3281330" lon="-51.0497480">
    <ele>938.3</ele>
   </trkpt>
   <trkpt lat="-26.3281370" lon="-51.0496960">
    <ele>938.4</ele>
   </trkpt>
   <trkpt lat="-26.3281480" lon="-51.0496460">
    <ele>938.5</ele>
   </trkpt>
   <trkpt lat="-26.3281610" lon="-51.0496090">
    <ele>938.6</ele>
   </trkpt>
   <trkpt lat="-26.3281830" lon="-51.0495640">
    <ele>938.8</ele>
   </trkpt>
   <trkpt lat="-26.3282100" lon="-51.0495230">
    <ele>938.9</ele>
   </trkpt>
   <trkpt lat="-26.3282440" lon="-51.0494870">
    <ele>939.0</ele>
   </trkpt>
   <trkpt lat="-26.3282940" lon="-51.0494570">
    <ele>939.0</ele>
   </trkpt>
   <trkpt lat="-26.3283380" lon="-51.0494430">
    <ele>939.0</ele>
   </trkpt>
   <trkpt lat="-26.3283730" lon="-51.0494350">
    <ele>938.9</ele>
   </trkpt>
   <trkpt lat="-26.3284250" lon="-51.0494240">
    <ele>938.7</ele>
   </trkpt>
   <trkpt lat="-26.3284690" lon="-51.0494140">
    <ele>938.5</ele>
   </trkpt>
   <trkpt lat="-26.3285060" lon="-51.0494070">
    <ele>938.4</ele>
   </trkpt>
   <trkpt lat="-26.3285550" lon="-51.0494000">
    <ele>938.1</ele>
   </trkpt>
   <trkpt lat="-26.3286050" lon="-51.0493970">
    <ele>937.7</ele>
   </trkpt>
   <trkpt lat="-26.3286570" lon="-51.0493990">
    <ele>937.3</ele>
   </trkpt>
   <trkpt lat="-26.3287110" lon="-51.0494050">
    <ele>936.8</ele>
   </trkpt>
   <trkpt lat="-26.3287690" lon="-51.0494200">
    <ele>936.2</ele>
   </trkpt>
   <trkpt lat="-26.3288220" lon="-51.0494560">
    <ele>935.6</ele>
   </trkpt>
   <trkpt lat="-26.3288670" lon="-51.0495130">
    <ele>935.0</ele>
   </trkpt>
   <trkpt lat="-26.3289090" lon="-51.0495790">
    <ele>934.3</ele>
   </trkpt>
   <trkpt lat="-26.3289540" lon="-51.0496470">
    <ele>933.6</ele>
   </trkpt>
   <trkpt lat="-26.3290020" lon="-51.0497180">
    <ele>933.0</ele>
   </trkpt>
   <trkpt lat="-26.3290500" lon="-51.0497570">
    <ele>932.6</ele>
   </trkpt>
   <trkpt lat="-26.3290970" lon="-51.0497970">
    <ele>932.5</ele>
   </trkpt>
   <trkpt lat="-26.3291920" lon="-51.0498760">
    <ele>932.6</ele>
   </trkpt>
   <trkpt lat="-26.3292680" lon="-51.0498890">
    <ele>932.8</ele>
   </trkpt>
   <trkpt lat="-26.3293450" lon="-51.0498960">
    <ele>933.0</ele>
   </trkpt>
   <trkpt lat="-26.3294250" lon="-51.0499010">
    <ele>932.9</ele>
   </trkpt>
   <trkpt lat="-26.3295030" lon="-51.0499190">
    <ele>932.3</ele>
   </trkpt>
   <trkpt lat="-26.3295740" lon="-51.0499520">
    <ele>931.5</ele>
   </trkpt>
   <trkpt lat="-26.3296430" lon="-51.0500040">
    <ele>930.5</ele>
   </trkpt>
   <trkpt lat="-26.3297070" lon="-51.0500800">
    <ele>929.2</ele>
   </trkpt>
   <trkpt lat="-26.3297700" lon="-51.0501700">
    <ele>928.3</ele>
   </trkpt>
   <trkpt lat="-26.3298280" lon="-51.0502680">
    <ele>927.9</ele>
   </trkpt>
   <trkpt lat="-26.3298720" lon="-51.0503750">
    <ele>928.1</ele>
   </trkpt>
   <trkpt lat="-26.3299020" lon="-51.0504790">
    <ele>928.5</ele>
   </trkpt>
   <trkpt lat="-26.3299280" lon="-51.0505690">
    <ele>928.9</ele>
   </trkpt>
   <trkpt lat="-26.3299550" lon="-51.0506530">
    <ele>929.2</ele>
   </trkpt>
   <trkpt lat="-26.3299860" lon="-51.0507460">
    <ele>929.7</ele>
   </trkpt>
   <trkpt lat="-26.3300150" lon="-51.0508320">
    <ele>930.5</ele>
   </trkpt>
   <trkpt lat="-26.3300430" lon="-51.0509240">
    <ele>931.3</ele>
   </trkpt>
   <trkpt lat="-26.3300640" lon="-51.0510140">
    <ele>931.9</ele>
   </trkpt>
   <trkpt lat="-26.3300800" lon="-51.0510990">
    <ele>932.1</ele>
   </trkpt>
   <trkpt lat="-26.3300980" lon="-51.0511790">
    <ele>931.9</ele>
   </trkpt>
   <trkpt lat="-26.3301190" lon="-51.0512610">
    <ele>931.4</ele>
   </trkpt>
   <trkpt lat="-26.3301500" lon="-51.0513460">
    <ele>930.9</ele>
   </trkpt>
   <trkpt lat="-26.3301810" lon="-51.0514330">
    <ele>930.4</ele>
   </trkpt>
   <trkpt lat="-26.3302140" lon="-51.0515190">
    <ele>930.4</ele>
   </trkpt>
   <trkpt lat="-26.3302530" lon="-51.0516030">
    <ele>930.6</ele>
   </trkpt>
   <trkpt lat="-26.3302920" lon="-51.0516890">
    <ele>931.0</ele>
   </trkpt>
   <trkpt lat="-26.3303360" lon="-51.0517720">
    <ele>931.3</ele>
   </trkpt>
   <trkpt lat="-26.3303860" lon="-51.0518530">
    <ele>932.2</ele>
   </trkpt>
   <trkpt lat="-26.3304360" lon="-51.0519300">
    <ele>933.0</ele>
   </trkpt>
   <trkpt lat="-26.3304850" lon="-51.0520000">
    <ele>933.8</ele>
   </trkpt>
   <trkpt lat="-26.3305410" lon="-51.0520600">
    <ele>934.6</ele>
   </trkpt>
   <trkpt lat="-26.3306060" lon="-51.0521110">
    <ele>935.4</ele>
   </trkpt>
   <trkpt lat="-26.3306690" lon="-51.0521560">
    <ele>936.0</ele>
   </trkpt>
   <trkpt lat="-26.3307380" lon="-51.0521830">
    <ele>935.9</ele>
   </trkpt>
   <trkpt lat="-26.3308040" lon="-51.0522020">
    <ele>935.8</ele>
   </trkpt>
   <trkpt lat="-26.3308710" lon="-51.0522200">
    <ele>935.7</ele>
   </trkpt>
   <trkpt lat="-26.3309350" lon="-51.0522390">
    <ele>935.8</ele>
   </trkpt>
   <trkpt lat="-26.3310000" lon="-51.0522480">
    <ele>935.9</ele>
   </trkpt>
   <trkpt lat="-26.3310660" lon="-51.0522510">
    <ele>936.1</ele>
   </trkpt>
   <trkpt lat="-26.3311330" lon="-51.0522560">
    <ele>936.2</ele>
   </trkpt>
   <trkpt lat="-26.3312040" lon="-51.0522660">
    <ele>936.3</ele>
   </trkpt>
   <trkpt lat="-26.3312720" lon="-51.0522910">
    <ele>936.3</ele>
   </trkpt>
   <trkpt lat="-26.3313320" lon="-51.0523280">
    <ele>936.2</ele>
   </trkpt>
   <trkpt lat="-26.3313830" lon="-51.0523730">
    <ele>936.0</ele>
   </trkpt>
   <trkpt lat="-26.3314200" lon="-51.0524280">
    <ele>935.7</ele>
   </trkpt>
   <trkpt lat="-26.3314430" lon="-51.0524910">
    <ele>935.3</ele>
   </trkpt>
   <trkpt lat="-26.3314520" lon="-51.0525620">
    <ele>934.9</ele>
   </trkpt>
   <trkpt lat="-26.3314520" lon="-51.0526350">
    <ele>934.4</ele>
   </trkpt>
   <trkpt lat="-26.3314460" lon="-51.0527110">
    <ele>933.8</ele>
   </trkpt>
   <trkpt lat="-26.3314400" lon="-51.0527860">
    <ele>933.3</ele>
   </trkpt>
   <trkpt lat="-26.3314370" lon="-51.0528650">
    <ele>932.7</ele>
   </trkpt>
   <trkpt lat="-26.3314380" lon="-51.0529540">
    <ele>932.3</ele>
   </trkpt>
   <trkpt lat="-26.3314470" lon="-51.0530380">
    <ele>932.0</ele>
   </trkpt>
   <trkpt lat="-26.3314600" lon="-51.0531170">
    <ele>931.9</ele>
   </trkpt>
   <trkpt lat="-26.3314790" lon="-51.0532150">
    <ele>931.9</ele>
   </trkpt>
   <trkpt lat="-26.3314980" lon="-51.0533080">
    <ele>932.0</ele>
   </trkpt>
   <trkpt lat="-26.3315100" lon="-51.0533950">
    <ele>932.0</ele>
   </trkpt>
   <trkpt lat="-26.3315220" lon="-51.0534810">
    <ele>932.0</ele>
   </trkpt>
   <trkpt lat="-26.3315600" lon="-51.0535480">
    <ele>932.1</ele>
   </trkpt>
   <trkpt lat="-26.3316060" lon="-51.0535760">
    <ele>932.2</ele>
   </trkpt>
   <trkpt lat="-26.3316510" lon="-51.0536040">
    <ele>932.3</ele>
   </trkpt>
   <trkpt lat="-26.3317420" lon="-51.0536600">
    <ele>932.5</ele>
   </trkpt>
   <trkpt lat="-26.3318020" lon="-51.0536830">
    <ele>932.5</ele>
   </trkpt>
   <trkpt lat="-26.3318600" lon="-51.0536980">
    <ele>932.5</ele>
   </trkpt>
   <trkpt lat="-26.3319220" lon="-51.0536930">
    <ele>932.3</ele>
   </trkpt>
   <trkpt lat="-26.3319850" lon="-51.0536740">
    <ele>932.2</ele>
   </trkpt>
   <trkpt lat="-26.3320480" lon="-51.0536530">
    <ele>932.0</ele>
   </trkpt>
   <trkpt lat="-26.3321110" lon="-51.0536460">
    <ele>932.0</ele>
   </trkpt>
   <trkpt lat="-26.3321710" lon="-51.0536610">
    <ele>931.9</ele>
   </trkpt>
   <trkpt lat="-26.3322020" lon="-51.0536980">
    <ele>931.9</ele>
   </trkpt>
   <trkpt lat="-26.3322330" lon="-51.0537340">
    <ele>931.9</ele>
   </trkpt>
   <trkpt lat="-26.3322950" lon="-51.0538080">
    <ele>931.9</ele>
   </trkpt>
   <trkpt lat="-26.3323290" lon="-51.0538650">
    <ele>931.9</ele>
   </trkpt>
   <trkpt lat="-26.3323660" lon="-51.0539180">
    <ele>932.0</ele>
   </trkpt>
   <trkpt lat="-26.3324020" lon="-51.0539730">
    <ele>932.1</ele>
   </trkpt>
   <trkpt lat="-26.3324400" lon="-51.0540260">
    <ele>932.2</ele>
   </trkpt>
   <trkpt lat="-26.3324800" lon="-51.0540800">
    <ele>932.2</ele>
   </trkpt>
   <trkpt lat="-26.3325190" lon="-51.0541350">
    <ele>932.2</ele>
   </trkpt>
   <trkpt lat="-26.3325570" lon="-51.0541870">
    <ele>932.1</ele>
   </trkpt>
   <trkpt lat="-26.3325970" lon="-51.0542390">
    <ele>932.1</ele>
   </trkpt>
   <trkpt lat="-26.3326370" lon="-51.0542930">
    <ele>932.1</ele>
   </trkpt>
   <trkpt lat="-26.3326800" lon="-51.0543460">
    <ele>932.2</ele>
   </trkpt>
   <trkpt lat="-26.3327220" lon="-51.0543970">
    <ele>932.2</ele>
   </trkpt>
   <trkpt lat="-26.3327600" lon="-51.0544490">
    <ele>932.2</ele>
   </trkpt>
   <trkpt lat="-26.3328010" lon="-51.0545000">
    <ele>932.3</ele>
   </trkpt>
   <trkpt lat="-26.3328520" lon="-51.0545390">
    <ele>932.3</ele>
   </trkpt>
   <trkpt lat="-26.3329110" lon="-51.0545690">
    <ele>932.4</ele>
   </trkpt>
   <trkpt lat="-26.3329730" lon="-51.0545980">
    <ele>932.4</ele>
   </trkpt>
   <trkpt lat="-26.3330370" lon="-51.0546230">
    <ele>932.3</ele>
   </trkpt>
   <trkpt lat="-26.3330970" lon="-51.0546530">
    <ele>932.1</ele>
   </trkpt>
   <trkpt lat="-26.3331580" lon="-51.0546880">
    <ele>932.1</ele>
   </trkpt>
   <trkpt lat="-26.3332260" lon="-51.0547230">
    <ele>932.0</ele>
   </trkpt>
   <trkpt lat="-26.3332960" lon="-51.0547590">
    <ele>931.9</ele>
   </trkpt>
   <trkpt lat="-26.3333670" lon="-51.0547970">
    <ele>931.6</ele>
   </trkpt>
   <trkpt lat="-26.3334380" lon="-51.0548400">
    <ele>931.0</ele>
   </trkpt>
   <trkpt lat="-26.3335100" lon="-51.0548910">
    <ele>930.0</ele>
   </trkpt>
   <trkpt lat="-26.3335860" lon="-51.0549490">
    <ele>928.9</ele>
   </trkpt>
   <trkpt lat="-26.3336620" lon="-51.0550070">
    <ele>927.5</ele>
   </trkpt>
   <trkpt lat="-26.3337350" lon="-51.0550700">
    <ele>926.2</ele>
   </trkpt>
   <trkpt lat="-26.3337960" lon="-51.0551450">
    <ele>925.1</ele>
   </trkpt>
   <trkpt lat="-26.3338450" lon="-51.0552340">
    <ele>923.9</ele>
   </trkpt>
   <trkpt lat="-26.3338890" lon="-51.0553260">
    <ele>923.0</ele>
   </trkpt>
   <trkpt lat="-26.3339350" lon="-51.0554000">
    <ele>922.3</ele>
   </trkpt>
   <trkpt lat="-26.3339860" lon="-51.0554540">
    <ele>921.6</ele>
   </trkpt>
   <trkpt lat="-26.3340380" lon="-51.0554910">
    <ele>920.8</ele>
   </trkpt>
   <trkpt lat="-26.3340880" lon="-51.0555120">
    <ele>919.9</ele>
   </trkpt>
   <trkpt lat="-26.3341330" lon="-51.0555140">
    <ele>919.2</ele>
   </trkpt>
   <trkpt lat="-26.3341720" lon="-51.0554990">
    <ele>918.4</ele>
   </trkpt>
   <trkpt lat="-26.3342000" lon="-51.0554660">
    <ele>917.6</ele>
   </trkpt>
   <trkpt lat="-26.3342240" lon="-51.0554160">
    <ele>916.5</ele>
   </trkpt>
   <trkpt lat="-26.3342510" lon="-51.0553480">
    <ele>915.3</ele>
   </trkpt>
   <trkpt lat="-26.3342820" lon="-51.0552720">
    <ele>914.0</ele>
   </trkpt>
   <trkpt lat="-26.3343160" lon="-51.0552070">
    <ele>912.8</ele>
   </trkpt>
   <trkpt lat="-26.3343620" lon="-51.0551650">
    <ele>911.7</ele>
   </trkpt>
   <trkpt lat="-26.3344070" lon="-51.0551730">
    <ele>910.7</ele>
   </trkpt>
   <trkpt lat="-26.3344520" lon="-51.0551800">
    <ele>909.8</ele>
   </trkpt>
   <trkpt lat="-26.3345420" lon="-51.0551960">
    <ele>908.0</ele>
   </trkpt>
   <trkpt lat="-26.3346130" lon="-51.0552230">
    <ele>906.6</ele>
   </trkpt>
   <trkpt lat="-26.3346790" lon="-51.0552290">
    <ele>905.3</ele>
   </trkpt>
   <trkpt lat="-26.3347360" lon="-51.0552090">
    <ele>904.2</ele>
   </trkpt>
   <trkpt lat="-26.3347880" lon="-51.0551480">
    <ele>902.6</ele>
   </trkpt>
   <trkpt lat="-26.3348130" lon="-51.0551030">
    <ele>901.7</ele>
   </trkpt>
   <trkpt lat="-26.3348340" lon="-51.0550440">
    <ele>900.5</ele>
   </trkpt>
   <trkpt lat="-26.3348470" lon="-51.0549700">
    <ele>899.3</ele>
   </trkpt>
   <trkpt lat="-26.3348550" lon="-51.0548890">
    <ele>897.9</ele>
   </trkpt>
   <trkpt lat="-26.3348690" lon="-51.0548140">
    <ele>896.4</ele>
   </trkpt>
   <trkpt lat="-26.3348960" lon="-51.0547400">
    <ele>895.0</ele>
   </trkpt>
   <trkpt lat="-26.3349670" lon="-51.0546630">
    <ele>892.9</ele>
   </trkpt>
   <trkpt lat="-26.3350560" lon="-51.0545690">
    <ele>889.8</ele>
   </trkpt>
   <trkpt lat="-26.3351580" lon="-51.0544900">
    <ele>887.7</ele>
   </trkpt>
   <trkpt lat="-26.3352680" lon="-51.0544400">
    <ele>886.3</ele>
   </trkpt>
   <trkpt lat="-26.3353680" lon="-51.0544180">
    <ele>885.0</ele>
   </trkpt>
   <trkpt lat="-26.3354650" lon="-51.0544310">
    <ele>884.0</ele>
   </trkpt>
   <trkpt lat="-26.3355580" lon="-51.0544780">
    <ele>883.1</ele>
   </trkpt>
   <trkpt lat="-26.3356390" lon="-51.0545430">
    <ele>882.3</ele>
   </trkpt>
   <trkpt lat="-26.3357140" lon="-51.0546150">
    <ele>881.6</ele>
   </trkpt>
   <trkpt lat="-26.3357740" lon="-51.0546970">
    <ele>881.3</ele>
   </trkpt>
   <trkpt lat="-26.3358170" lon="-51.0547920">
    <ele>881.1</ele>
   </trkpt>
   <trkpt lat="-26.3358480" lon="-51.0548960">
    <ele>880.8</ele>
   </trkpt>
   <trkpt lat="-26.3358880" lon="-51.0550070">
    <ele>880.2</ele>
   </trkpt>
   <trkpt lat="-26.3359280" lon="-51.0551150">
    <ele>879.6</ele>
   </trkpt>
   <trkpt lat="-26.3359560" lon="-51.0552290">
    <ele>879.1</ele>
   </trkpt>
   <trkpt lat="-26.3359830" lon="-51.0553450">
    <ele>878.9</ele>
   </trkpt>
   <trkpt lat="-26.3360120" lon="-51.0554630">
    <ele>878.7</ele>
   </trkpt>
   <trkpt lat="-26.3360400" lon="-51.0555830">
    <ele>878.7</ele>
   </trkpt>
   <trkpt lat="-26.3360610" lon="-51.0557000">
    <ele>878.2</ele>
   </trkpt>
   <trkpt lat="-26.3360720" lon="-51.0558160">
    <ele>877.4</ele>
   </trkpt>
   <trkpt lat="-26.3360860" lon="-51.0559330">
    <ele>876.4</ele>
   </trkpt>
   <trkpt lat="-26.3361190" lon="-51.0560430">
    <ele>875.8</ele>
   </trkpt>
   <trkpt lat="-26.3361620" lon="-51.0561570">
    <ele>875.5</ele>
   </trkpt>
   <trkpt lat="-26.3362000" lon="-51.0562660">
    <ele>875.9</ele>
   </trkpt>
   <trkpt lat="-26.3362190" lon="-51.0563650">
    <ele>876.6</ele>
   </trkpt>
   <trkpt lat="-26.3362310" lon="-51.0564600">
    <ele>877.6</ele>
   </trkpt>
   <trkpt lat="-26.3362560" lon="-51.0565380">
    <ele>878.2</ele>
   </trkpt>
   <trkpt lat="-26.3363000" lon="-51.0566030">
    <ele>878.7</ele>
   </trkpt>
   <trkpt lat="-26.3363520" lon="-51.0566610">
    <ele>879.0</ele>
   </trkpt>
   <trkpt lat="-26.3364130" lon="-51.0567090">
    <ele>879.3</ele>
   </trkpt>
   <trkpt lat="-26.3364790" lon="-51.0567590">
    <ele>879.5</ele>
   </trkpt>
   <trkpt lat="-26.3365530" lon="-51.0568200">
    <ele>879.8</ele>
   </trkpt>
   <trkpt lat="-26.3366340" lon="-51.0568910">
    <ele>880.1</ele>
   </trkpt>
   <trkpt lat="-26.3366970" lon="-51.0569640">
    <ele>880.2</ele>
   </trkpt>
   <trkpt lat="-26.3367590" lon="-51.0570440">
    <ele>880.4</ele>
   </trkpt>
   <trkpt lat="-26.3368130" lon="-51.0571230">
    <ele>880.5</ele>
   </trkpt>
   <trkpt lat="-26.3368670" lon="-51.0572010">
    <ele>880.7</ele>
   </trkpt>
   <trkpt lat="-26.3369290" lon="-51.0572800">
    <ele>880.6</ele>
   </trkpt>
   <trkpt lat="-26.3369900" lon="-51.0573490">
    <ele>880.3</ele>
   </trkpt>
   <trkpt lat="-26.3370510" lon="-51.0574180">
    <ele>879.6</ele>
   </trkpt>
   <trkpt lat="-26.3371120" lon="-51.0574920">
    <ele>878.7</ele>
   </trkpt>
   <trkpt lat="-26.3371810" lon="-51.0575700">
    <ele>878.0</ele>
   </trkpt>
   <trkpt lat="-26.3372580" lon="-51.0576480">
    <ele>877.6</ele>
   </trkpt>
   <trkpt lat="-26.3373290" lon="-51.0577310">
    <ele>877.2</ele>
   </trkpt>
   <trkpt lat="-26.3373880" lon="-51.0578160">
    <ele>876.8</ele>
   </trkpt>
   <trkpt lat="-26.3374380" lon="-51.0578970">
    <ele>876.4</ele>
   </trkpt>
   <trkpt lat="-26.3374850" lon="-51.0579800">
    <ele>875.6</ele>
   </trkpt>
   <trkpt lat="-26.3375290" lon="-51.0580630">
    <ele>874.6</ele>
   </trkpt>
   <trkpt lat="-26.3375730" lon="-51.0581470">
    <ele>873.4</ele>
   </trkpt>
   <trkpt lat="-26.3376250" lon="-51.0582380">
    <ele>872.6</ele>
   </trkpt>
   <trkpt lat="-26.3376820" lon="-51.0583270">
    <ele>872.0</ele>
   </trkpt>
   <trkpt lat="-26.3377420" lon="-51.0584260">
    <ele>870.8</ele>
   </trkpt>
   <trkpt lat="-26.3378150" lon="-51.0585150">
    <ele>869.6</ele>
   </trkpt>
   <trkpt lat="-26.3379070" lon="-51.0585960">
    <ele>868.3</ele>
   </trkpt>
   <trkpt lat="-26.3379690" lon="-51.0586260">
    <ele>867.5</ele>
   </trkpt>
   <trkpt lat="-26.3380450" lon="-51.0586410">
    <ele>866.4</ele>
   </trkpt>
   <trkpt lat="-26.3381150" lon="-51.0586320">
    <ele>865.3</ele>
   </trkpt>
   <trkpt lat="-26.3381810" lon="-51.0586010">
    <ele>864.3</ele>
   </trkpt>
   <trkpt lat="-26.3382370" lon="-51.0585310">
    <ele>862.9</ele>
   </trkpt>
   <trkpt lat="-26.3382850" lon="-51.0584540">
    <ele>861.5</ele>
   </trkpt>
   <trkpt lat="-26.3383410" lon="-51.0583790">
    <ele>860.5</ele>
   </trkpt>
   <trkpt lat="-26.3384030" lon="-51.0583110">
    <ele>859.7</ele>
   </trkpt>
   <trkpt lat="-26.3384700" lon="-51.0582540">
    <ele>859.1</ele>
   </trkpt>
   <trkpt lat="-26.3385400" lon="-51.0582100">
    <ele>858.4</ele>
   </trkpt>
   <trkpt lat="-26.3386150" lon="-51.0581820">
    <ele>857.6</ele>
   </trkpt>
   <trkpt lat="-26.3386710" lon="-51.0581890">
    <ele>857.0</ele>
   </trkpt>
   <trkpt lat="-26.3387280" lon="-51.0581970">
    <ele>856.4</ele>
   </trkpt>
   <trkpt lat="-26.3388400" lon="-51.0582120">
    <ele>855.0</ele>
   </trkpt>
   <trkpt lat="-26.3389110" lon="-51.0582460">
    <ele>853.9</ele>
   </trkpt>
   <trkpt lat="-26.3389740" lon="-51.0582880">
    <ele>852.9</ele>
   </trkpt>
   <trkpt lat="-26.3390260" lon="-51.0583370">
    <ele>852.3</ele>
   </trkpt>
   <trkpt lat="-26.3390650" lon="-51.0583910">
    <ele>851.9</ele>
   </trkpt>
   <trkpt lat="-26.3391120" lon="-51.0584520">
    <ele>851.3</ele>
   </trkpt>
   <trkpt lat="-26.3391690" lon="-51.0585010">
    <ele>850.6</ele>
   </trkpt>
   <trkpt lat="-26.3392300" lon="-51.0585340">
    <ele>849.8</ele>
   </trkpt>
   <trkpt lat="-26.3392820" lon="-51.0585380">
    <ele>848.8</ele>
   </trkpt>
   <trkpt lat="-26.3393240" lon="-51.0585260">
    <ele>847.9</ele>
   </trkpt>
   <trkpt lat="-26.3393590" lon="-51.0584900">
    <ele>846.7</ele>
   </trkpt>
   <trkpt lat="-26.3393900" lon="-51.0584410">
    <ele>845.3</ele>
   </trkpt>
   <trkpt lat="-26.3394240" lon="-51.0583670">
    <ele>843.5</ele>
   </trkpt>
   <trkpt lat="-26.3394370" lon="-51.0582560">
    <ele>841.3</ele>
   </trkpt>
   <trkpt lat="-26.3394500" lon="-51.0581390">
    <ele>839.2</ele>
   </trkpt>
   <trkpt lat="-26.3394500" lon="-51.0580090">
    <ele>837.3</ele>
   </trkpt>
   <trkpt lat="-26.3394610" lon="-51.0578790">
    <ele>835.3</ele>
   </trkpt>
   <trkpt lat="-26.3394780" lon="-51.0577560">
    <ele>833.6</ele>
   </trkpt>
   <trkpt lat="-26.3395000" lon="-51.0576490">
    <ele>832.8</ele>
   </trkpt>
   <trkpt lat="-26.3395360" lon="-51.0575420">
    <ele>832.4</ele>
   </trkpt>
   <trkpt lat="-26.3395830" lon="-51.0574390">
    <ele>831.9</ele>
   </trkpt>
   <trkpt lat="-26.3396390" lon="-51.0573470">
    <ele>831.4</ele>
   </trkpt>
   <trkpt lat="-26.3396970" lon="-51.0572620">
    <ele>831.1</ele>
   </trkpt>
   <trkpt lat="-26.3397500" lon="-51.0571900">
    <ele>831.0</ele>
   </trkpt>
   <trkpt lat="-26.3397940" lon="-51.0571360">
    <ele>830.9</ele>
   </trkpt>
   <trkpt lat="-26.3398150" lon="-51.0571020">
    <ele>830.9</ele>
   </trkpt>
   <trkpt lat="-26.3398210" lon="-51.0570780">
    <ele>831.0</ele>
   </trkpt>
   <trkpt lat="-26.3398240" lon="-51.0570570">
    <ele>831.2</ele>
   </trkpt>
   <trkpt lat="-26.3398200" lon="-51.0570340">
    <ele>831.4</ele>
   </trkpt>
   <trkpt lat="-26.3398110" lon="-51.0570200">
    <ele>831.5</ele>
   </trkpt>
   <trkpt lat="-26.3397960" lon="-51.0570220">
    <ele>831.6</ele>
   </trkpt>
   <trkpt lat="-26.3397910" lon="-51.0570320">
    <ele>831.7</ele>
   </trkpt>
   <trkpt lat="-26.3398010" lon="-51.0570450">
    <ele>831.8</ele>
   </trkpt>
   <trkpt lat="-26.3398120" lon="-51.0570550">
    <ele>831.9</ele>
   </trkpt>
   <trkpt lat="-26.3398200" lon="-51.0570670">
    <ele>832.0</ele>
   </trkpt>
   <trkpt lat="-26.3398270" lon="-51.0570800">
    <ele>832.1</ele>
   </trkpt>
   <trkpt lat="-26.3398300" lon="-51.0570860">
    <ele>832.2</ele>
   </trkpt>
   <trkpt lat="-26.3398300" lon="-51.0570860">
    <ele>832.2</ele>
   </trkpt>
   <trkpt lat="-26.3398300" lon="-51.0570860">
    <ele>832.2</ele>
   </trkpt>
   <trkpt lat="-26.3398300" lon="-51.0570860">
    <ele>832.2</ele>
   </trkpt>
   <trkpt lat="-26.3398300" lon="-51.0570860">
    <ele>832.2</ele>
   </trkpt>
   <trkpt lat="-26.3398300" lon="-51.0570860">
    <ele>832.2</ele>
   </trkpt>
   <trkpt lat="-26.3398300" lon="-51.0570860">
    <ele>832.2</ele>
   </trkpt>
   <trkpt lat="-26.3398300" lon="-51.0570860">
    <ele>832.2</ele>
   </trkpt>
   <trkpt lat="-26.3398300" lon="-51.0570860">
    <ele>832.2</ele>
   </trkpt>
   <trkpt lat="-26.3398300" lon="-51.0570860">
    <ele>832.2</ele>
   </trkpt>
   <trkpt lat="-26.3398300" lon="-51.0570860">
    <ele>832.2</ele>
   </trkpt>
   <trkpt lat="-26.3398300" lon="-51.0570860">
    <ele>832.2</ele>
   </trkpt>
   <trkpt lat="-26.3398300" lon="-51.0570860">
    <ele>832.2</ele>
   </trkpt>
   <trkpt lat="-26.3398300" lon="-51.0570860">
    <ele>832.2</ele>
   </trkpt>
   <trkpt lat="-26.3398300" lon="-51.0570860">
    <ele>832.2</ele>
   </trkpt>
   <trkpt lat="-26.3398300" lon="-51.0570860">
    <ele>832.2</ele>
   </trkpt>
   <trkpt lat="-26.3398300" lon="-51.0570860">
    <ele>832.2</ele>
   </trkpt>
   <trkpt lat="-26.3398300" lon="-51.0570860">
    <ele>832.2</ele>
   </trkpt>
   <trkpt lat="-26.3398300" lon="-51.0570860">
    <ele>832.2</ele>
   </trkpt>
   <trkpt lat="-26.3398300" lon="-51.0570860">
    <ele>832.2</ele>
   </trkpt>
   <trkpt lat="-26.3398300" lon="-51.0570860">
    <ele>832.2</ele>
   </trkpt>
   <trkpt lat="-26.3398300" lon="-51.0570860">
    <ele>832.2</ele>
   </trkpt>
   <trkpt lat="-26.3398300" lon="-51.0570860">
    <ele>832.2</ele>
   </trkpt>
   <trkpt lat="-26.3398300" lon="-51.0570860">
    <ele>832.2</ele>
   </trkpt>
   <trkpt lat="-26.3398300" lon="-51.0570860">
    <ele>832.2</ele>
   </trkpt>
   <trkpt lat="-26.3398300" lon="-51.0570860">
    <ele>832.2</ele>
   </trkpt>
   <trkpt lat="-26.3398300" lon="-51.0570860">
    <ele>832.2</ele>
   </trkpt>
   <trkpt lat="-26.3398300" lon="-51.0570860">
    <ele>832.2</ele>
   </trkpt>
   <trkpt lat="-26.3398300" lon="-51.0570860">
    <ele>832.2</ele>
   </trkpt>
   <trkpt lat="-26.3398300" lon="-51.0570860">
    <ele>832.2</ele>
   </trkpt>
   <trkpt lat="-26.3398300" lon="-51.0570860">
    <ele>832.2</ele>
   </trkpt>
   <trkpt lat="-26.3398300" lon="-51.0570860">
    <ele>832.2</ele>
   </trkpt>
   <trkpt lat="-26.3398300" lon="-51.0570860">
    <ele>832.2</ele>
   </trkpt>
   <trkpt lat="-26.3398300" lon="-51.0570860">
    <ele>832.2</ele>
   </trkpt>
   <trkpt lat="-26.3398300" lon="-51.0570860">
    <ele>832.2</ele>
   </trkpt>
   <trkpt lat="-26.3398300" lon="-51.0570860">
    <ele>832.2</ele>
   </trkpt>
   <trkpt lat="-26.3398300" lon="-51.0570860">
    <ele>832.2</ele>
   </trkpt>
   <trkpt lat="-26.3398300" lon="-51.0570860">
    <ele>832.2</ele>
   </trkpt>
   <trkpt lat="-26.3398300" lon="-51.0570860">
    <ele>832.2</ele>
   </trkpt>
   <trkpt lat="-26.3398300" lon="-51.0570860">
    <ele>832.2</ele>
   </trkpt>
   <trkpt lat="-26.3398300" lon="-51.0570860">
    <ele>832.2</ele>
   </trkpt>
   <trkpt lat="-26.3398300" lon="-51.0570860">
    <ele>832.2</ele>
   </trkpt>
   <trkpt lat="-26.3398300" lon="-51.0570860">
    <ele>832.2</ele>
   </trkpt>
   <trkpt lat="-26.3398300" lon="-51.0570860">
    <ele>832.2</ele>
   </trkpt>
   <trkpt lat="-26.3398300" lon="-51.0570860">
    <ele>832.2</ele>
   </trkpt>
   <trkpt lat="-26.3398300" lon="-51.0570860">
    <ele>832.2</ele>
   </trkpt>
   <trkpt lat="-26.3398300" lon="-51.0570860">
    <ele>832.2</ele>
   </trkpt>
   <trkpt lat="-26.3398300" lon="-51.0570860">
    <ele>832.2</ele>
   </trkpt>
   <trkpt lat="-26.3398300" lon="-51.0570860">
    <ele>832.2</ele>
   </trkpt>
   <trkpt lat="-26.3398300" lon="-51.0570860">
    <ele>832.2</ele>
   </trkpt>
   <trkpt lat="-26.3398300" lon="-51.0570860">
    <ele>832.2</ele>
   </trkpt>
   <trkpt lat="-26.3398300" lon="-51.0570860">
    <ele>832.2</ele>
   </trkpt>
   <trkpt lat="-26.3398300" lon="-51.0570860">
    <ele>832.2</ele>
   </trkpt>
   <trkpt lat="-26.3398300" lon="-51.0570860">
    <ele>832.2</ele>
   </trkpt>
   <trkpt lat="-26.3398300" lon="-51.0570860">
    <ele>832.2</ele>
   </trkpt>
   <trkpt lat="-26.3398300" lon="-51.0570860">
    <ele>832.2</ele>
   </trkpt>
   <trkpt lat="-26.3398300" lon="-51.0570860">
    <ele>832.2</ele>
   </trkpt>
   <trkpt lat="-26.3398300" lon="-51.0570860">
    <ele>832.2</ele>
   </trkpt>
   <trkpt lat="-26.3398300" lon="-51.0570860">
    <ele>832.2</ele>
   </trkpt>
   <trkpt lat="-26.3398300" lon="-51.0570860">
    <ele>832.2</ele>
   </trkpt>
   <trkpt lat="-26.3398300" lon="-51.0570860">
    <ele>832.2</ele>
   </trkpt>
   <trkpt lat="-26.3398300" lon="-51.0570860">
    <ele>832.2</ele>
   </trkpt>
   <trkpt lat="-26.3398300" lon="-51.0570860">
    <ele>832.2</ele>
   </trkpt>
   <trkpt lat="-26.3398300" lon="-51.0570870">
    <ele>832.2</ele>
   </trkpt>
   <trkpt lat="-26.3398340" lon="-51.0570880">
    <ele>832.2</ele>
   </trkpt>
   <trkpt lat="-26.3398340" lon="-51.0570880">
    <ele>832.2</ele>
   </trkpt>
   <trkpt lat="-26.3398340" lon="-51.0570880">
    <ele>832.2</ele>
   </trkpt>
   <trkpt lat="-26.3398340" lon="-51.0570880">
    <ele>832.2</ele>
   </trkpt>
   <trkpt lat="-26.3398340" lon="-51.0570880">
    <ele>832.2</ele>
   </trkpt>
   <trkpt lat="-26.3398340" lon="-51.0570880">
    <ele>832.2</ele>
   </trkpt>
   <trkpt lat="-26.3398340" lon="-51.0570880">
    <ele>832.2</ele>
   </trkpt>
   <trkpt lat="-26.3398340" lon="-51.0570880">
    <ele>832.2</ele>
   </trkpt>
   <trkpt lat="-26.3398340" lon="-51.0570880">
    <ele>832.2</ele>
   </trkpt>
   <trkpt lat="-26.3398340" lon="-51.0570880">
    <ele>832.2</ele>
   </trkpt>
   <trkpt lat="-26.3398340" lon="-51.0570880">
    <ele>832.2</ele>
   </trkpt>
   <trkpt lat="-26.3398340" lon="-51.0570880">
    <ele>832.2</ele>
   </trkpt>
   <trkpt lat="-26.3398340" lon="-51.0570880">
    <ele>832.2</ele>
   </trkpt>
   <trkpt lat="-26.3398340" lon="-51.0570890">
    <ele>832.2</ele>
   </trkpt>
   <trkpt lat="-26.3398340" lon="-51.0570940">
    <ele>832.3</ele>
   </trkpt>
   <trkpt lat="-26.3398370" lon="-51.0570940">
    <ele>832.3</ele>
   </trkpt>
   <trkpt lat="-26.3398390" lon="-51.0570950">
    <ele>832.3</ele>
   </trkpt>
   <trkpt lat="-26.3398420" lon="-51.0570960">
    <ele>832.3</ele>
   </trkpt>
   <trkpt lat="-26.3398420" lon="-51.0570960">
    <ele>832.3</ele>
   </trkpt>
   <trkpt lat="-26.3398420" lon="-51.0570960">
    <ele>832.3</ele>
   </trkpt>
   <trkpt lat="-26.3398420" lon="-51.0570960">
    <ele>832.3</ele>
   </trkpt>
   <trkpt lat="-26.3398420" lon="-51.0570960">
    <ele>832.3</ele>
   </trkpt>
   <trkpt lat="-26.3398420" lon="-51.0570960">
    <ele>832.3</ele>
   </trkpt>
   <trkpt lat="-26.3398420" lon="-51.0570960">
    <ele>832.3</ele>
   </trkpt>
   <trkpt lat="-26.3398420" lon="-51.0570960">
    <ele>832.3</ele>
   </trkpt>
   <trkpt lat="-26.3398420" lon="-51.0570960">
    <ele>832.3</ele>
   </trkpt>
   <trkpt lat="-26.3398420" lon="-51.0570960">
    <ele>832.3</ele>
   </trkpt>
   <trkpt lat="-26.3398420" lon="-51.0570960">
    <ele>832.3</ele>
   </trkpt>
   <trkpt lat="-26.3398420" lon="-51.0570960">
    <ele>832.3</ele>
   </trkpt>
   <trkpt lat="-26.3398420" lon="-51.0570960">
    <ele>832.3</ele>
   </trkpt>
   <trkpt lat="-26.3398420" lon="-51.0570960">
    <ele>832.3</ele>
   </trkpt>
   <trkpt lat="-26.3398420" lon="-51.0570960">
    <ele>832.3</ele>
   </trkpt>
   <trkpt lat="-26.3398420" lon="-51.0570960">
    <ele>832.3</ele>
   </trkpt>
   <trkpt lat="-26.3398420" lon="-51.0570960">
    <ele>832.3</ele>
   </trkpt>
   <trkpt lat="-26.3398420" lon="-51.0570960">
    <ele>832.3</ele>
   </trkpt>
   <trkpt lat="-26.3398420" lon="-51.0570960">
    <ele>832.3</ele>
   </trkpt>
   <trkpt lat="-26.3398420" lon="-51.0570960">
    <ele>832.3</ele>
   </trkpt>
   <trkpt lat="-26.3398420" lon="-51.0570960">
    <ele>832.3</ele>
   </trkpt>
   <trkpt lat="-26.3398420" lon="-51.0570960">
    <ele>832.3</ele>
   </trkpt>
   <trkpt lat="-26.3398420" lon="-51.0570960">
    <ele>832.3</ele>
   </trkpt>
   <trkpt lat="-26.3398420" lon="-51.0570960">
    <ele>832.3</ele>
   </trkpt>
   <trkpt lat="-26.3398420" lon="-51.0570960">
    <ele>832.3</ele>
   </trkpt>
   <trkpt lat="-26.3398420" lon="-51.0570960">
    <ele>832.3</ele>
   </trkpt>
   <trkpt lat="-26.3398420" lon="-51.0570960">
    <ele>832.3</ele>
   </trkpt>
   <trkpt lat="-26.3398420" lon="-51.0570960">
    <ele>832.3</ele>
   </trkpt>
   <trkpt lat="-26.3398420" lon="-51.0570960">
    <ele>832.3</ele>
   </trkpt>
   <trkpt lat="-26.3398420" lon="-51.0570960">
    <ele>832.3</ele>
   </trkpt>
   <trkpt lat="-26.3398420" lon="-51.0570960">
    <ele>832.3</ele>
   </trkpt>
   <trkpt lat="-26.3398420" lon="-51.0570960">
    <ele>832.3</ele>
   </trkpt>
   <trkpt lat="-26.3398420" lon="-51.0570960">
    <ele>832.3</ele>
   </trkpt>
   <trkpt lat="-26.3398420" lon="-51.0570960">
    <ele>832.3</ele>
   </trkpt>
   <trkpt lat="-26.3398420" lon="-51.0570960">
    <ele>832.3</ele>
   </trkpt>
   <trkpt lat="-26.3398420" lon="-51.0570960">
    <ele>832.3</ele>
   </trkpt>
   <trkpt lat="-26.3398420" lon="-51.0570960">
    <ele>832.3</ele>
   </trkpt>
   <trkpt lat="-26.3398420" lon="-51.0570960">
    <ele>832.3</ele>
   </trkpt>
   <trkpt lat="-26.3398420" lon="-51.0570960">
    <ele>832.3</ele>
   </trkpt>
   <trkpt lat="-26.3398420" lon="-51.0570960">
    <ele>832.3</ele>
   </trkpt>
   <trkpt lat="-26.3398420" lon="-51.0570960">
    <ele>832.3</ele>
   </trkpt>
   <trkpt lat="-26.3398420" lon="-51.0570960">
    <ele>832.3</ele>
   </trkpt>
   <trkpt lat="-26.3398420" lon="-51.0570960">
    <ele>832.3</ele>
   </trkpt>
   <trkpt lat="-26.3398420" lon="-51.0570960">
    <ele>832.3</ele>
   </trkpt>
   <trkpt lat="-26.3398420" lon="-51.0570960">
    <ele>832.3</ele>
   </trkpt>
   <trkpt lat="-26.3398420" lon="-51.0570960">
    <ele>832.3</ele>
   </trkpt>
   <trkpt lat="-26.3398420" lon="-51.0570960">
    <ele>832.3</ele>
   </trkpt>
   <trkpt lat="-26.3398420" lon="-51.0570960">
    <ele>832.3</ele>
   </trkpt>
   <trkpt lat="-26.3398420" lon="-51.0570960">
    <ele>832.3</ele>
   </trkpt>
   <trkpt lat="-26.3398420" lon="-51.0570960">
    <ele>832.3</ele>
   </trkpt>
   <trkpt lat="-26.3398420" lon="-51.0570960">
    <ele>832.3</ele>
   </trkpt>
   <trkpt lat="-26.3398420" lon="-51.0570960">
    <ele>832.3</ele>
   </trkpt>
   <trkpt lat="-26.3398420" lon="-51.0570960">
    <ele>832.3</ele>
   </trkpt>
   <trkpt lat="-26.3398420" lon="-51.0570960">
    <ele>832.3</ele>
   </trkpt>
   <trkpt lat="-26.3398420" lon="-51.0570960">
    <ele>832.3</ele>
   </trkpt>
   <trkpt lat="-26.3398420" lon="-51.0570960">
    <ele>832.3</ele>
   </trkpt>
   <trkpt lat="-26.3398420" lon="-51.0570960">
    <ele>832.3</ele>
   </trkpt>
   <trkpt lat="-26.3398420" lon="-51.0570960">
    <ele>832.3</ele>
   </trkpt>
   <trkpt lat="-26.3398420" lon="-51.0570960">
    <ele>832.3</ele>
   </trkpt>
   <trkpt lat="-26.3398420" lon="-51.0570960">
    <ele>832.3</ele>
   </trkpt>
   <trkpt lat="-26.3398420" lon="-51.0570960">
    <ele>832.3</ele>
   </trkpt>
   <trkpt lat="-26.3398420" lon="-51.0570960">
    <ele>832.3</ele>
   </trkpt>
   <trkpt lat="-26.3398420" lon="-51.0570960">
    <ele>832.3</ele>
   </trkpt>
   <trkpt lat="-26.3398420" lon="-51.0570960">
    <ele>832.3</ele>
   </trkpt>
   <trkpt lat="-26.3398420" lon="-51.0570960">
    <ele>832.3</ele>
   </trkpt>
   <trkpt lat="-26.3398420" lon="-51.0570960">
    <ele>832.3</ele>
   </trkpt>
   <trkpt lat="-26.3398420" lon="-51.0570960">
    <ele>832.3</ele>
   </trkpt>
   <trkpt lat="-26.3398420" lon="-51.0570960">
    <ele>832.3</ele>
   </trkpt>
   <trkpt lat="-26.3398420" lon="-51.0570960">
    <ele>832.3</ele>
   </trkpt>
   <trkpt lat="-26.3398420" lon="-51.0570960">
    <ele>832.3</ele>
   </trkpt>
   <trkpt lat="-26.3398420" lon="-51.0570960">
    <ele>832.3</ele>
   </trkpt>
   <trkpt lat="-26.3398420" lon="-51.0570960">
    <ele>832.3</ele>
   </trkpt>
   <trkpt lat="-26.3398420" lon="-51.0570960">
    <ele>832.3</ele>
   </trkpt>
   <trkpt lat="-26.3398420" lon="-51.0570960">
    <ele>832.3</ele>
   </trkpt>
   <trkpt lat="-26.3398420" lon="-51.0570960">
    <ele>832.3</ele>
   </trkpt>
   <trkpt lat="-26.3398420" lon="-51.0570960">
    <ele>832.3</ele>
   </trkpt>
   <trkpt lat="-26.3398420" lon="-51.0570960">
    <ele>832.3</ele>
   </trkpt>
   <trkpt lat="-26.3398420" lon="-51.0570960">
    <ele>832.3</ele>
   </trkpt>
   <trkpt lat="-26.3398420" lon="-51.0570960">
    <ele>832.3</ele>
   </trkpt>
   <trkpt lat="-26.3398420" lon="-51.0570960">
    <ele>832.3</ele>
   </trkpt>
   <trkpt lat="-26.3398420" lon="-51.0570960">
    <ele>832.3</ele>
   </trkpt>
   <trkpt lat="-26.3398420" lon="-51.0570960">
    <ele>832.3</ele>
   </trkpt>
   <trkpt lat="-26.3398420" lon="-51.0570960">
    <ele>832.3</ele>
   </trkpt>
   <trkpt lat="-26.3398420" lon="-51.0570960">
    <ele>832.3</ele>
   </trkpt>
   <trkpt lat="-26.3398420" lon="-51.0570960">
    <ele>832.3</ele>
   </trkpt>
   <trkpt lat="-26.3398420" lon="-51.0570960">
    <ele>832.3</ele>
   </trkpt>
   <trkpt lat="-26.3398420" lon="-51.0570960">
    <ele>832.3</ele>
   </trkpt>
   <trkpt lat="-26.3398420" lon="-51.0570960">
    <ele>832.3</ele>
   </trkpt>
   <trkpt lat="-26.3398420" lon="-51.0570960">
    <ele>832.3</ele>
   </trkpt>
   <trkpt lat="-26.3398420" lon="-51.0570960">
    <ele>832.3</ele>
   </trkpt>
   <trkpt lat="-26.3398420" lon="-51.0570960">
    <ele>832.3</ele>
   </trkpt>
   <trkpt lat="-26.3398420" lon="-51.0570960">
    <ele>832.3</ele>
   </trkpt>
   <trkpt lat="-26.3398420" lon="-51.0570960">
    <ele>832.3</ele>
   </trkpt>
   <trkpt lat="-26.3398420" lon="-51.0570960">
    <ele>832.3</ele>
   </trkpt>
   <trkpt lat="-26.3398420" lon="-51.0570960">
    <ele>832.3</ele>
   </trkpt>
   <trkpt lat="-26.3398420" lon="-51.0570960">
    <ele>832.3</ele>
   </trkpt>
   <trkpt lat="-26.3398420" lon="-51.0570960">
    <ele>832.3</ele>
   </trkpt>
   <trkpt lat="-26.3398420" lon="-51.0570960">
    <ele>832.3</ele>
   </trkpt>
   <trkpt lat="-26.3398420" lon="-51.0570960">
    <ele>832.3</ele>
   </trkpt>
   <trkpt lat="-26.3398420" lon="-51.0570960">
    <ele>832.3</ele>
   </trkpt>
   <trkpt lat="-26.3398420" lon="-51.0570960">
    <ele>832.3</ele>
   </trkpt>
   <trkpt lat="-26.3398420" lon="-51.0570960">
    <ele>832.3</ele>
   </trkpt>
   <trkpt lat="-26.3398420" lon="-51.0570960">
    <ele>832.3</ele>
   </trkpt>
   <trkpt lat="-26.3398420" lon="-51.0570960">
    <ele>832.3</ele>
   </trkpt>
   <trkpt lat="-26.3398420" lon="-51.0570960">
    <ele>832.3</ele>
   </trkpt>
   <trkpt lat="-26.3398420" lon="-51.0570960">
    <ele>832.3</ele>
   </trkpt>
   <trkpt lat="-26.3398420" lon="-51.0570960">
    <ele>832.3</ele>
   </trkpt>
   <trkpt lat="-26.3398420" lon="-51.0570960">
    <ele>832.3</ele>
   </trkpt>
   <trkpt lat="-26.3398420" lon="-51.0570960">
    <ele>832.3</ele>
   </trkpt>
   <trkpt lat="-26.3398420" lon="-51.0570960">
    <ele>832.3</ele>
   </trkpt>
   <trkpt lat="-26.3398420" lon="-51.0570960">
    <ele>832.3</ele>
   </trkpt>
   <trkpt lat="-26.3398420" lon="-51.0570960">
    <ele>832.3</ele>
   </trkpt>
   <trkpt lat="-26.3398440" lon="-51.0570970">
    <ele>832.3</ele>
   </trkpt>
   <trkpt lat="-26.3398570" lon="-51.0571110">
    <ele>832.5</ele>
   </trkpt>
   <trkpt lat="-26.3398690" lon="-51.0571240">
    <ele>832.6</ele>
   </trkpt>
   <trkpt lat="-26.3398830" lon="-51.0571450">
    <ele>832.8</ele>
   </trkpt>
   <trkpt lat="-26.3398930" lon="-51.0571670">
    <ele>833.0</ele>
   </trkpt>
   <trkpt lat="-26.3399050" lon="-51.0571950">
    <ele>833.2</ele>
   </trkpt>
   <trkpt lat="-26.3399190" lon="-51.0572190">
    <ele>833.4</ele>
   </trkpt>
   <trkpt lat="-26.3399370" lon="-51.0572380">
    <ele>833.6</ele>
   </trkpt>
   <trkpt lat="-26.3399560" lon="-51.0572640">
    <ele>833.9</ele>
   </trkpt>
   <trkpt lat="-26.3399770" lon="-51.0572890">
    <ele>834.1</ele>
   </trkpt>
   <trkpt lat="-26.3399940" lon="-51.0573150">
    <ele>834.3</ele>
   </trkpt>
   <trkpt lat="-26.3400150" lon="-51.0573420">
    <ele>834.6</ele>
   </trkpt>
   <trkpt lat="-26.3400360" lon="-51.0573700">
    <ele>834.9</ele>
   </trkpt>
   <trkpt lat="-26.3400560" lon="-51.0574010">
    <ele>835.2</ele>
   </trkpt>
   <trkpt lat="-26.3400750" lon="-51.0574300">
    <ele>835.5</ele>
   </trkpt>
   <trkpt lat="-26.3400950" lon="-51.0574610">
    <ele>835.8</ele>
   </trkpt>
   <trkpt lat="-26.3401170" lon="-51.0574930">
    <ele>836.1</ele>
   </trkpt>
   <trkpt lat="-26.3401380" lon="-51.0575230">
    <ele>836.4</ele>
   </trkpt>
   <trkpt lat="-26.3401610" lon="-51.0575530">
    <ele>836.7</ele>
   </trkpt>
   <trkpt lat="-26.3401830" lon="-51.0575850">
    <ele>837.0</ele>
   </trkpt>
   <trkpt lat="-26.3402040" lon="-51.0576170">
    <ele>837.3</ele>
   </trkpt>
   <trkpt lat="-26.3402250" lon="-51.0576500">
    <ele>837.6</ele>
   </trkpt>
   <trkpt lat="-26.3402480" lon="-51.0576830">
    <ele>838.0</ele>
   </trkpt>
   <trkpt lat="-26.3402710" lon="-51.0577120">
    <ele>838.2</ele>
   </trkpt>
   <trkpt lat="-26.3402990" lon="-51.0577480">
    <ele>838.6</ele>
   </trkpt>
   <trkpt lat="-26.3403220" lon="-51.0577850">
    <ele>838.9</ele>
   </trkpt>
   <trkpt lat="-26.3403460" lon="-51.0578190">
    <ele>839.3</ele>
   </trkpt>
   <trkpt lat="-26.3403720" lon="-51.0578490">
    <ele>839.6</ele>
   </trkpt>
   <trkpt lat="-26.3403990" lon="-51.0578810">
    <ele>839.9</ele>
   </trkpt>
   <trkpt lat="-26.3404220" lon="-51.0579140">
    <ele>840.2</ele>
   </trkpt>
   <trkpt lat="-26.3404460" lon="-51.0579510">
    <ele>840.6</ele>
   </trkpt>
   <trkpt lat="-26.3404730" lon="-51.0579870">
    <ele>840.9</ele>
   </trkpt>
   <trkpt lat="-26.3405020" lon="-51.0580170">
    <ele>841.2</ele>
   </trkpt>
   <trkpt lat="-26.3405330" lon="-51.0580510">
    <ele>841.5</ele>
   </trkpt>
   <trkpt lat="-26.3405680" lon="-51.0580870">
    <ele>841.9</ele>
   </trkpt>
   <trkpt lat="-26.3405920" lon="-51.0581170">
    <ele>842.2</ele>
   </trkpt>
   <trkpt lat="-26.3406140" lon="-51.0581470">
    <ele>842.5</ele>
   </trkpt>
   <trkpt lat="-26.3406360" lon="-51.0581760">
    <ele>842.8</ele>
   </trkpt>
   <trkpt lat="-26.3406570" lon="-51.0582130">
    <ele>843.1</ele>
   </trkpt>
   <trkpt lat="-26.3406790" lon="-51.0582490">
    <ele>843.4</ele>
   </trkpt>
   <trkpt lat="-26.3407010" lon="-51.0582820">
    <ele>843.7</ele>
   </trkpt>
   <trkpt lat="-26.3407250" lon="-51.0583150">
    <ele>843.9</ele>
   </trkpt>
   <trkpt lat="-26.3407490" lon="-51.0583500">
    <ele>844.3</ele>
   </trkpt>
   <trkpt lat="-26.3407720" lon="-51.0583810">
    <ele>844.5</ele>
   </trkpt>
   <trkpt lat="-26.3407910" lon="-51.0584130">
    <ele>844.8</ele>
   </trkpt>
   <trkpt lat="-26.3408120" lon="-51.0584490">
    <ele>845.1</ele>
   </trkpt>
   <trkpt lat="-26.3408330" lon="-51.0584790">
    <ele>845.4</ele>
   </trkpt>
   <trkpt lat="-26.3408540" lon="-51.0585070">
    <ele>845.6</ele>
   </trkpt>
   <trkpt lat="-26.3408750" lon="-51.0585340">
    <ele>845.9</ele>
   </trkpt>
   <trkpt lat="-26.3408920" lon="-51.0585590">
    <ele>846.1</ele>
   </trkpt>
   <trkpt lat="-26.3409090" lon="-51.0585830">
    <ele>846.3</ele>
   </trkpt>
   <trkpt lat="-26.3409240" lon="-51.0586060">
    <ele>846.5</ele>
   </trkpt>
   <trkpt lat="-26.3409400" lon="-51.0586250">
    <ele>846.6</ele>
   </trkpt>
   <trkpt lat="-26.3409550" lon="-51.0586390">
    <ele>846.8</ele>
   </trkpt>
   <trkpt lat="-26.3409700" lon="-51.0586540">
    <ele>846.9</ele>
   </trkpt>
   <trkpt lat="-26.3409840" lon="-51.0586730">
    <ele>847.1</ele>
   </trkpt>
   <trkpt lat="-26.3409990" lon="-51.0586890">
    <ele>847.3</ele>
   </trkpt>
   <trkpt lat="-26.3410130" lon="-51.0587030">
    <ele>847.4</ele>
   </trkpt>
   <trkpt lat="-26.3410270" lon="-51.0587180">
    <ele>847.6</ele>
   </trkpt>
   <trkpt lat="-26.3410410" lon="-51.0587330">
    <ele>847.7</ele>
   </trkpt>
   <trkpt lat="-26.3410530" lon="-51.0587480">
    <ele>847.8</ele>
   </trkpt>
   <trkpt lat="-26.3410660" lon="-51.0587630">
    <ele>848.0</ele>
   </trkpt>
   <trkpt lat="-26.3410790" lon="-51.0587790">
    <ele>848.1</ele>
   </trkpt>
   <trkpt lat="-26.3410900" lon="-51.0587960">
    <ele>848.2</ele>
   </trkpt>
   <trkpt lat="-26.3411000" lon="-51.0588110">
    <ele>848.4</ele>
   </trkpt>
   <trkpt lat="-26.3411110" lon="-51.0588240">
    <ele>848.5</ele>
   </trkpt>
   <trkpt lat="-26.3411200" lon="-51.0588360">
    <ele>848.6</ele>
   </trkpt>
   <trkpt lat="-26.3411310" lon="-51.0588480">
    <ele>848.7</ele>
   </trkpt>
   <trkpt lat="-26.3411420" lon="-51.0588630">
    <ele>848.8</ele>
   </trkpt>
   <trkpt lat="-26.3411530" lon="-51.0588790">
    <ele>848.9</ele>
   </trkpt>
   <trkpt lat="-26.3411610" lon="-51.0588940">
    <ele>849.1</ele>
   </trkpt>
   <trkpt lat="-26.3411660" lon="-51.0589100">
    <ele>849.2</ele>
   </trkpt>
   <trkpt lat="-26.3411720" lon="-51.0589260">
    <ele>849.3</ele>
   </trkpt>
   <trkpt lat="-26.3411830" lon="-51.0589430">
    <ele>849.4</ele>
   </trkpt>
   <trkpt lat="-26.3411980" lon="-51.0589610">
    <ele>849.6</ele>
   </trkpt>
   <trkpt lat="-26.3412140" lon="-51.0589800">
    <ele>849.7</ele>
   </trkpt>
   <trkpt lat="-26.3412260" lon="-51.0589970">
    <ele>849.9</ele>
   </trkpt>
   <trkpt lat="-26.3412360" lon="-51.0590140">
    <ele>850.0</ele>
   </trkpt>
   <trkpt lat="-26.3412490" lon="-51.0590300">
    <ele>850.1</ele>
   </trkpt>
   <trkpt lat="-26.3412640" lon="-51.0590470">
    <ele>850.3</ele>
   </trkpt>
   <trkpt lat="-26.3412780" lon="-51.0590630">
    <ele>850.4</ele>
   </trkpt>
   <trkpt lat="-26.3412920" lon="-51.0590770">
    <ele>850.5</ele>
   </trkpt>
   <trkpt lat="-26.3413060" lon="-51.0590900">
    <ele>850.7</ele>
   </trkpt>
   <trkpt lat="-26.3413200" lon="-51.0591050">
    <ele>850.8</ele>
   </trkpt>
   <trkpt lat="-26.3413320" lon="-51.0591210">
    <ele>850.9</ele>
   </trkpt>
   <trkpt lat="-26.3413450" lon="-51.0591420">
    <ele>851.0</ele>
   </trkpt>
   <trkpt lat="-26.3413610" lon="-51.0591600">
    <ele>851.2</ele>
   </trkpt>
   <trkpt lat="-26.3413730" lon="-51.0591770">
    <ele>851.3</ele>
   </trkpt>
   <trkpt lat="-26.3413850" lon="-51.0591950">
    <ele>851.4</ele>
   </trkpt>
   <trkpt lat="-26.3413960" lon="-51.0592150">
    <ele>851.6</ele>
   </trkpt>
   <trkpt lat="-26.3414070" lon="-51.0592310">
    <ele>851.7</ele>
   </trkpt>
   <trkpt lat="-26.3414160" lon="-51.0592430">
    <ele>851.8</ele>
   </trkpt>
   <trkpt lat="-26.3414280" lon="-51.0592660">
    <ele>851.9</ele>
   </trkpt>
   <trkpt lat="-26.3414430" lon="-51.0592860">
    <ele>852.0</ele>
   </trkpt>
   <trkpt lat="-26.3414570" lon="-51.0593070">
    <ele>852.2</ele>
   </trkpt>
   <trkpt lat="-26.3414670" lon="-51.0593220">
    <ele>852.3</ele>
   </trkpt>
   <trkpt lat="-26.3414790" lon="-51.0593410">
    <ele>852.4</ele>
   </trkpt>
   <trkpt lat="-26.3414930" lon="-51.0593590">
    <ele>852.5</ele>
   </trkpt>
   <trkpt lat="-26.3415070" lon="-51.0593800">
    <ele>852.6</ele>
   </trkpt>
   <trkpt lat="-26.3415200" lon="-51.0594010">
    <ele>852.7</ele>
   </trkpt>
   <trkpt lat="-26.3415320" lon="-51.0594210">
    <ele>852.8</ele>
   </trkpt>
   <trkpt lat="-26.3415440" lon="-51.0594410">
    <ele>853.0</ele>
   </trkpt>
   <trkpt lat="-26.3415580" lon="-51.0594650">
    <ele>853.1</ele>
   </trkpt>
   <trkpt lat="-26.3415740" lon="-51.0594850">
    <ele>853.2</ele>
   </trkpt>
   <trkpt lat="-26.3415870" lon="-51.0595010">
    <ele>853.3</ele>
   </trkpt>
   <trkpt lat="-26.3416000" lon="-51.0595130">
    <ele>853.4</ele>
   </trkpt>
   <trkpt lat="-26.3416160" lon="-51.0595290">
    <ele>853.5</ele>
   </trkpt>
   <trkpt lat="-26.3416320" lon="-51.0595490">
    <ele>853.6</ele>
   </trkpt>
   <trkpt lat="-26.3416510" lon="-51.0595670">
    <ele>853.7</ele>
   </trkpt>
   <trkpt lat="-26.3416730" lon="-51.0595820">
    <ele>853.8</ele>
   </trkpt>
   <trkpt lat="-26.3416890" lon="-51.0596010">
    <ele>853.9</ele>
   </trkpt>
   <trkpt lat="-26.3417050" lon="-51.0596230">
    <ele>854.1</ele>
   </trkpt>
   <trkpt lat="-26.3417190" lon="-51.0596460">
    <ele>854.2</ele>
   </trkpt>
   <trkpt lat="-26.3417360" lon="-51.0596710">
    <ele>854.3</ele>
   </trkpt>
   <trkpt lat="-26.3417510" lon="-51.0596890">
    <ele>854.4</ele>
   </trkpt>
   <trkpt lat="-26.3417670" lon="-51.0597090">
    <ele>854.5</ele>
   </trkpt>
   <trkpt lat="-26.3417820" lon="-51.0597280">
    <ele>854.6</ele>
   </trkpt>
   <trkpt lat="-26.3417980" lon="-51.0597490">
    <ele>854.7</ele>
   </trkpt>
   <trkpt lat="-26.3418150" lon="-51.0597720">
    <ele>854.8</ele>
   </trkpt>
   <trkpt lat="-26.3418290" lon="-51.0597930">
    <ele>854.9</ele>
   </trkpt>
   <trkpt lat="-26.3418430" lon="-51.0598130">
    <ele>855.0</ele>
   </trkpt>
   <trkpt lat="-26.3418580" lon="-51.0598350">
    <ele>855.1</ele>
   </trkpt>
   <trkpt lat="-26.3418750" lon="-51.0598590">
    <ele>855.2</ele>
   </trkpt>
   <trkpt lat="-26.3418930" lon="-51.0598800">
    <ele>855.3</ele>
   </trkpt>
   <trkpt lat="-26.3419110" lon="-51.0599000">
    <ele>855.4</ele>
   </trkpt>
   <trkpt lat="-26.3419300" lon="-51.0599210">
    <ele>855.5</ele>
   </trkpt>
   <trkpt lat="-26.3419480" lon="-51.0599420">
    <ele>855.6</ele>
   </trkpt>
   <trkpt lat="-26.3419670" lon="-51.0599640">
    <ele>855.7</ele>
   </trkpt>
   <trkpt lat="-26.3419830" lon="-51.0599840">
    <ele>855.8</ele>
   </trkpt>
   <trkpt lat="-26.3420010" lon="-51.0600020">
    <ele>855.9</ele>
   </trkpt>
   <trkpt lat="-26.3420170" lon="-51.0600220">
    <ele>856.0</ele>
   </trkpt>
   <trkpt lat="-26.3420340" lon="-51.0600430">
    <ele>856.1</ele>
   </trkpt>
   <trkpt lat="-26.3420560" lon="-51.0600620">
    <ele>856.2</ele>
   </trkpt>
   <trkpt lat="-26.3420770" lon="-51.0600810">
    <ele>856.3</ele>
   </trkpt>
   <trkpt lat="-26.3420970" lon="-51.0600990">
    <ele>856.4</ele>
   </trkpt>
   <trkpt lat="-26.3421190" lon="-51.0601150">
    <ele>856.5</ele>
   </trkpt>
   <trkpt lat="-26.3421420" lon="-51.0601320">
    <ele>856.6</ele>
   </trkpt>
   <trkpt lat="-26.3421650" lon="-51.0601460">
    <ele>856.7</ele>
   </trkpt>
   <trkpt lat="-26.3421880" lon="-51.0601610">
    <ele>856.8</ele>
   </trkpt>
   <trkpt lat="-26.3422120" lon="-51.0601780">
    <ele>856.9</ele>
   </trkpt>
   <trkpt lat="-26.3422340" lon="-51.0601970">
    <ele>857.0</ele>
   </trkpt>
   <trkpt lat="-26.3422600" lon="-51.0602120">
    <ele>857.1</ele>
   </trkpt>
   <trkpt lat="-26.3422840" lon="-51.0602280">
    <ele>857.2</ele>
   </trkpt>
   <trkpt lat="-26.3423080" lon="-51.0602420">
    <ele>857.3</ele>
   </trkpt>
   <trkpt lat="-26.3423300" lon="-51.0602560">
    <ele>857.4</ele>
   </trkpt>
   <trkpt lat="-26.3423560" lon="-51.0602710">
    <ele>857.5</ele>
   </trkpt>
   <trkpt lat="-26.3423820" lon="-51.0602840">
    <ele>857.6</ele>
   </trkpt>
   <trkpt lat="-26.3424080" lon="-51.0602960">
    <ele>857.7</ele>
   </trkpt>
   <trkpt lat="-26.3424340" lon="-51.0603090">
    <ele>857.8</ele>
   </trkpt>
   <trkpt lat="-26.3424600" lon="-51.0603220">
    <ele>857.9</ele>
   </trkpt>
   <trkpt lat="-26.3424870" lon="-51.0603330">
    <ele>858.0</ele>
   </trkpt>
   <trkpt lat="-26.3425120" lon="-51.0603440">
    <ele>858.1</ele>
   </trkpt>
   <trkpt lat="-26.3425390" lon="-51.0603530">
    <ele>858.2</ele>
   </trkpt>
   <trkpt lat="-26.3425660" lon="-51.0603610">
    <ele>858.3</ele>
   </trkpt>
   <trkpt lat="-26.3425930" lon="-51.0603700">
    <ele>858.4</ele>
   </trkpt>
   <trkpt lat="-26.3426220" lon="-51.0603780">
    <ele>858.5</ele>
   </trkpt>
   <trkpt lat="-26.3426510" lon="-51.0603860">
    <ele>858.6</ele>
   </trkpt>
   <trkpt lat="-26.3426800" lon="-51.0603920">
    <ele>858.7</ele>
   </trkpt>
   <trkpt lat="-26.3427070" lon="-51.0603980">
    <ele>858.8</ele>
   </trkpt>
   <trkpt lat="-26.3427320" lon="-51.0604050">
    <ele>858.9</ele>
   </trkpt>
   <trkpt lat="-26.3427560" lon="-51.0604120">
    <ele>859.0</ele>
   </trkpt>
   <trkpt lat="-26.3427800" lon="-51.0604170">
    <ele>859.1</ele>
   </trkpt>
   <trkpt lat="-26.3428060" lon="-51.0604210">
    <ele>859.1</ele>
   </trkpt>
   <trkpt lat="-26.3428330" lon="-51.0604210">
    <ele>859.2</ele>
   </trkpt>
   <trkpt lat="-26.3428590" lon="-51.0604190">
    <ele>859.3</ele>
   </trkpt>
   <trkpt lat="-26.3428890" lon="-51.0604200">
    <ele>859.4</ele>
   </trkpt>
   <trkpt lat="-26.3429200" lon="-51.0604250">
    <ele>859.5</ele>
   </trkpt>
   <trkpt lat="-26.3429480" lon="-51.0604300">
    <ele>859.6</ele>
   </trkpt>
   <trkpt lat="-26.3429770" lon="-51.0604310">
    <ele>859.7</ele>
   </trkpt>
   <trkpt lat="-26.3430060" lon="-51.0604350">
    <ele>859.8</ele>
   </trkpt>
   <trkpt lat="-26.3430350" lon="-51.0604390">
    <ele>859.9</ele>
   </trkpt>
   <trkpt lat="-26.3430600" lon="-51.0604420">
    <ele>860.0</ele>
   </trkpt>
   <trkpt lat="-26.3430810" lon="-51.0604420">
    <ele>860.0</ele>
   </trkpt>
   <trkpt lat="-26.3431050" lon="-51.0604460">
    <ele>860.1</ele>
   </trkpt>
   <trkpt lat="-26.3431350" lon="-51.0604530">
    <ele>860.2</ele>
   </trkpt>
   <trkpt lat="-26.3431660" lon="-51.0604630">
    <ele>860.3</ele>
   </trkpt>
   <trkpt lat="-26.3431970" lon="-51.0604720">
    <ele>860.4</ele>
   </trkpt>
   <trkpt lat="-26.3432260" lon="-51.0604760">
    <ele>860.5</ele>
   </trkpt>
   <trkpt lat="-26.3432550" lon="-51.0604800">
    <ele>860.5</ele>
   </trkpt>
   <trkpt lat="-26.3432840" lon="-51.0604870">
    <ele>860.6</ele>
   </trkpt>
   <trkpt lat="-26.3433150" lon="-51.0604970">
    <ele>860.7</ele>
   </trkpt>
   <trkpt lat="-26.3433440" lon="-51.0605090">
    <ele>860.8</ele>
   </trkpt>
   <trkpt lat="-26.3433740" lon="-51.0605180">
    <ele>860.8</ele>
   </trkpt>
   <trkpt lat="-26.3434030" lon="-51.0605240">
    <ele>860.9</ele>
   </trkpt>
   <trkpt lat="-26.3434320" lon="-51.0605310">
    <ele>861.0</ele>
   </trkpt>
   <trkpt lat="-26.3434630" lon="-51.0605370">
    <ele>861.0</ele>
   </trkpt>
   <trkpt lat="-26.3434910" lon="-51.0605450">
    <ele>861.1</ele>
   </trkpt>
   <trkpt lat="-26.3435220" lon="-51.0605580">
    <ele>861.2</ele>
   </trkpt>
   <trkpt lat="-26.3435530" lon="-51.0605720">
    <ele>861.3</ele>
   </trkpt>
   <trkpt lat="-26.3435860" lon="-51.0605770">
    <ele>861.4</ele>
   </trkpt>
   <trkpt lat="-26.3436190" lon="-51.0605850">
    <ele>861.4</ele>
   </trkpt>
   <trkpt lat="-26.3436530" lon="-51.0605870">
    <ele>861.5</ele>
   </trkpt>
   <trkpt lat="-26.3436850" lon="-51.0605910">
    <ele>861.6</ele>
   </trkpt>
   <trkpt lat="-26.3437170" lon="-51.0605960">
    <ele>861.7</ele>
   </trkpt>
   <trkpt lat="-26.3437450" lon="-51.0606020">
    <ele>861.7</ele>
   </trkpt>
   <trkpt lat="-26.3437710" lon="-51.0606120">
    <ele>861.8</ele>
   </trkpt>
   <trkpt lat="-26.3438010" lon="-51.0606190">
    <ele>861.9</ele>
   </trkpt>
   <trkpt lat="-26.3438340" lon="-51.0606260">
    <ele>862.0</ele>
   </trkpt>
   <trkpt lat="-26.3438670" lon="-51.0606320">
    <ele>862.1</ele>
   </trkpt>
   <trkpt lat="-26.3439000" lon="-51.0606360">
    <ele>862.1</ele>
   </trkpt>
   <trkpt lat="-26.3439290" lon="-51.0606420">
    <ele>862.2</ele>
   </trkpt>
   <trkpt lat="-26.3439520" lon="-51.0606540">
    <ele>862.3</ele>
   </trkpt>
   <trkpt lat="-26.3439740" lon="-51.0606610">
    <ele>862.3</ele>
   </trkpt>
   <trkpt lat="-26.3439990" lon="-51.0606730">
    <ele>862.4</ele>
   </trkpt>
   <trkpt lat="-26.3440270" lon="-51.0606810">
    <ele>862.5</ele>
   </trkpt>
   <trkpt lat="-26.3440560" lon="-51.0606900">
    <ele>862.5</ele>
   </trkpt>
   <trkpt lat="-26.3440870" lon="-51.0606990">
    <ele>862.6</ele>
   </trkpt>
   <trkpt lat="-26.3441180" lon="-51.0607030">
    <ele>862.7</ele>
   </trkpt>
   <trkpt lat="-26.3441490" lon="-51.0607130">
    <ele>862.7</ele>
   </trkpt>
   <trkpt lat="-26.3441830" lon="-51.0607200">
    <ele>862.8</ele>
   </trkpt>
   <trkpt lat="-26.3442180" lon="-51.0607280">
    <ele>862.9</ele>
   </trkpt>
   <trkpt lat="-26.3442440" lon="-51.0607380">
    <ele>863.0</ele>
   </trkpt>
   <trkpt lat="-26.3442760" lon="-51.0607490">
    <ele>863.0</ele>
   </trkpt>
   <trkpt lat="-26.3443160" lon="-51.0607620">
    <ele>863.1</ele>
   </trkpt>
   <trkpt lat="-26.3443560" lon="-51.0607730">
    <ele>863.1</ele>
   </trkpt>
   <trkpt lat="-26.3443930" lon="-51.0607850">
    <ele>863.2</ele>
   </trkpt>
   <trkpt lat="-26.3444260" lon="-51.0607980">
    <ele>863.2</ele>
   </trkpt>
   <trkpt lat="-26.3444620" lon="-51.0608060">
    <ele>863.3</ele>
   </trkpt>
   <trkpt lat="-26.3445000" lon="-51.0608170">
    <ele>863.3</ele>
   </trkpt>
   <trkpt lat="-26.3445320" lon="-51.0608240">
    <ele>863.3</ele>
   </trkpt>
   <trkpt lat="-26.3445600" lon="-51.0608340">
    <ele>863.4</ele>
   </trkpt>
   <trkpt lat="-26.3445880" lon="-51.0608450">
    <ele>863.4</ele>
   </trkpt>
   <trkpt lat="-26.3446170" lon="-51.0608580">
    <ele>863.4</ele>
   </trkpt>
   <trkpt lat="-26.3446470" lon="-51.0608720">
    <ele>863.4</ele>
   </trkpt>
   <trkpt lat="-26.3446770" lon="-51.0608850">
    <ele>863.4</ele>
   </trkpt>
   <trkpt lat="-26.3447060" lon="-51.0608960">
    <ele>863.4</ele>
   </trkpt>
   <trkpt lat="-26.3447340" lon="-51.0609100">
    <ele>863.5</ele>
   </trkpt>
   <trkpt lat="-26.3447630" lon="-51.0609250">
    <ele>863.5</ele>
   </trkpt>
   <trkpt lat="-26.3447900" lon="-51.0609400">
    <ele>863.5</ele>
   </trkpt>
   <trkpt lat="-26.3448180" lon="-51.0609570">
    <ele>863.5</ele>
   </trkpt>
   <trkpt lat="-26.3448450" lon="-51.0609730">
    <ele>863.5</ele>
   </trkpt>
   <trkpt lat="-26.3448720" lon="-51.0609900">
    <ele>863.6</ele>
   </trkpt>
   <trkpt lat="-26.3448970" lon="-51.0610100">
    <ele>863.6</ele>
   </trkpt>
   <trkpt lat="-26.3449240" lon="-51.0610310">
    <ele>863.5</ele>
   </trkpt>
   <trkpt lat="-26.3449530" lon="-51.0610520">
    <ele>863.5</ele>
   </trkpt>
   <trkpt lat="-26.3449830" lon="-51.0610740">
    <ele>863.5</ele>
   </trkpt>
   <trkpt lat="-26.3450060" lon="-51.0610950">
    <ele>863.5</ele>
   </trkpt>
   <trkpt lat="-26.3450370" lon="-51.0611270">
    <ele>863.5</ele>
   </trkpt>
   <trkpt lat="-26.3450610" lon="-51.0611560">
    <ele>863.5</ele>
   </trkpt>
   <trkpt lat="-26.3450870" lon="-51.0611820">
    <ele>863.5</ele>
   </trkpt>
   <trkpt lat="-26.3451130" lon="-51.0612120">
    <ele>863.5</ele>
   </trkpt>
   <trkpt lat="-26.3451380" lon="-51.0612420">
    <ele>863.4</ele>
   </trkpt>
   <trkpt lat="-26.3451620" lon="-51.0612710">
    <ele>863.4</ele>
   </trkpt>
   <trkpt lat="-26.3451810" lon="-51.0613020">
    <ele>863.3</ele>
   </trkpt>
   <trkpt lat="-26.3452030" lon="-51.0613350">
    <ele>863.3</ele>
   </trkpt>
   <trkpt lat="-26.3452230" lon="-51.0613700">
    <ele>863.2</ele>
   </trkpt>
   <trkpt lat="-26.3452410" lon="-51.0613990">
    <ele>863.2</ele>
   </trkpt>
   <trkpt lat="-26.3452680" lon="-51.0614400">
    <ele>863.1</ele>
   </trkpt>
   <trkpt lat="-26.3452910" lon="-51.0614730">
    <ele>863.1</ele>
   </trkpt>
   <trkpt lat="-26.3453120" lon="-51.0615060">
    <ele>863.0</ele>
   </trkpt>
   <trkpt lat="-26.3453280" lon="-51.0615340">
    <ele>862.9</ele>
   </trkpt>
   <trkpt lat="-26.3453520" lon="-51.0615790">
    <ele>862.8</ele>
   </trkpt>
   <trkpt lat="-26.3453730" lon="-51.0616170">
    <ele>862.7</ele>
   </trkpt>
   <trkpt lat="-26.3453960" lon="-51.0616540">
    <ele>862.6</ele>
   </trkpt>
   <trkpt lat="-26.3454140" lon="-51.0616850">
    <ele>862.5</ele>
   </trkpt>
   <trkpt lat="-26.3454360" lon="-51.0617250">
    <ele>862.4</ele>
   </trkpt>
   <trkpt lat="-26.3454630" lon="-51.0617640">
    <ele>862.3</ele>
   </trkpt>
   <trkpt lat="-26.3454910" lon="-51.0618170">
    <ele>862.1</ele>
   </trkpt>
   <trkpt lat="-26.3455110" lon="-51.0618630">
    <ele>861.9</ele>
   </trkpt>
   <trkpt lat="-26.3455340" lon="-51.0619090">
    <ele>861.8</ele>
   </trkpt>
   <trkpt lat="-26.3455540" lon="-51.0619490">
    <ele>861.6</ele>
   </trkpt>
   <trkpt lat="-26.3455810" lon="-51.0619990">
    <ele>861.4</ele>
   </trkpt>
   <trkpt lat="-26.3456130" lon="-51.0620560">
    <ele>861.1</ele>
   </trkpt>
   <trkpt lat="-26.3456330" lon="-51.0620970">
    <ele>860.9</ele>
   </trkpt>
   <trkpt lat="-26.3456640" lon="-51.0621600">
    <ele>860.6</ele>
   </trkpt>
   <trkpt lat="-26.3456940" lon="-51.0622100">
    <ele>860.4</ele>
   </trkpt>
   <trkpt lat="-26.3457210" lon="-51.0622620">
    <ele>860.1</ele>
   </trkpt>
   <trkpt lat="-26.3457480" lon="-51.0623180">
    <ele>859.8</ele>
   </trkpt>
   <trkpt lat="-26.3457760" lon="-51.0623760">
    <ele>859.4</ele>
   </trkpt>
   <trkpt lat="-26.3458050" lon="-51.0624360">
    <ele>859.1</ele>
   </trkpt>
   <trkpt lat="-26.3458370" lon="-51.0624980">
    <ele>858.7</ele>
   </trkpt>
   <trkpt lat="-26.3458710" lon="-51.0625610">
    <ele>858.4</ele>
   </trkpt>
   <trkpt lat="-26.3459050" lon="-51.0626270">
    <ele>858.0</ele>
   </trkpt>
   <trkpt lat="-26.3459380" lon="-51.0626970">
    <ele>857.6</ele>
   </trkpt>
   <trkpt lat="-26.3459660" lon="-51.0627550">
    <ele>857.3</ele>
   </trkpt>
   <trkpt lat="-26.3460120" lon="-51.0628470">
    <ele>856.8</ele>
   </trkpt>
   <trkpt lat="-26.3460480" lon="-51.0629270">
    <ele>856.3</ele>
   </trkpt>
   <trkpt lat="-26.3460860" lon="-51.0630070">
    <ele>855.9</ele>
   </trkpt>
   <trkpt lat="-26.3461230" lon="-51.0630860">
    <ele>855.5</ele>
   </trkpt>
   <trkpt lat="-26.3461560" lon="-51.0631640">
    <ele>855.1</ele>
   </trkpt>
   <trkpt lat="-26.3461840" lon="-51.0632210">
    <ele>854.8</ele>
   </trkpt>
   <trkpt lat="-26.3462290" lon="-51.0633090">
    <ele>854.3</ele>
   </trkpt>
   <trkpt lat="-26.3462710" lon="-51.0633820">
    <ele>853.8</ele>
   </trkpt>
   <trkpt lat="-26.3463200" lon="-51.0634540">
    <ele>853.4</ele>
   </trkpt>
   <trkpt lat="-26.3463710" lon="-51.0635270">
    <ele>852.9</ele>
   </trkpt>
   <trkpt lat="-26.3464270" lon="-51.0635980">
    <ele>852.4</ele>
   </trkpt>
   <trkpt lat="-26.3464880" lon="-51.0636660">
    <ele>852.0</ele>
   </trkpt>
   <trkpt lat="-26.3465580" lon="-51.0637250">
    <ele>851.6</ele>
   </trkpt>
   <trkpt lat="-26.3466280" lon="-51.0637810">
    <ele>851.2</ele>
   </trkpt>
   <trkpt lat="-26.3467070" lon="-51.0638320">
    <ele>850.8</ele>
   </trkpt>
   <trkpt lat="-26.3467880" lon="-51.0638770">
    <ele>850.4</ele>
   </trkpt>
   <trkpt lat="-26.3468700" lon="-51.0639110">
    <ele>850.0</ele>
   </trkpt>
   <trkpt lat="-26.3469560" lon="-51.0639350">
    <ele>849.6</ele>
   </trkpt>
   <trkpt lat="-26.3470270" lon="-51.0639500">
    <ele>849.2</ele>
   </trkpt>
   <trkpt lat="-26.3471340" lon="-51.0639640">
    <ele>848.6</ele>
   </trkpt>
   <trkpt lat="-26.3472250" lon="-51.0639650">
    <ele>848.1</ele>
   </trkpt>
   <trkpt lat="-26.3473110" lon="-51.0639570">
    <ele>847.6</ele>
   </trkpt>
   <trkpt lat="-26.3473990" lon="-51.0639380">
    <ele>847.0</ele>
   </trkpt>
   <trkpt lat="-26.3474720" lon="-51.0639140">
    <ele>846.6</ele>
   </trkpt>
   <trkpt lat="-26.3475630" lon="-51.0638770">
    <ele>846.0</ele>
   </trkpt>
   <trkpt lat="-26.3476510" lon="-51.0638390">
    <ele>845.4</ele>
   </trkpt>
   <trkpt lat="-26.3477410" lon="-51.0638000">
    <ele>844.9</ele>
   </trkpt>
   <trkpt lat="-26.3478310" lon="-51.0637600">
    <ele>844.3</ele>
   </trkpt>
   <trkpt lat="-26.3479210" lon="-51.0637260">
    <ele>843.8</ele>
   </trkpt>
   <trkpt lat="-26.3480150" lon="-51.0636970">
    <ele>843.3</ele>
   </trkpt>
   <trkpt lat="-26.3481120" lon="-51.0636680">
    <ele>842.8</ele>
   </trkpt>
   <trkpt lat="-26.3482100" lon="-51.0636520">
    <ele>842.3</ele>
   </trkpt>
   <trkpt lat="-26.3483110" lon="-51.0636450">
    <ele>841.8</ele>
   </trkpt>
   <trkpt lat="-26.3484130" lon="-51.0636510">
    <ele>841.4</ele>
   </trkpt>
   <trkpt lat="-26.3485130" lon="-51.0636660">
    <ele>840.9</ele>
   </trkpt>
   <trkpt lat="-26.3486110" lon="-51.0636920">
    <ele>840.5</ele>
   </trkpt>
   <trkpt lat="-26.3487060" lon="-51.0637250">
    <ele>840.1</ele>
   </trkpt>
   <trkpt lat="-26.3487980" lon="-51.0637730">
    <ele>839.7</ele>
   </trkpt>
   <trkpt lat="-26.3488880" lon="-51.0638240">
    <ele>839.3</ele>
   </trkpt>
   <trkpt lat="-26.3489720" lon="-51.0638860">
    <ele>838.9</ele>
   </trkpt>
   <trkpt lat="-26.3490530" lon="-51.0639490">
    <ele>838.5</ele>
   </trkpt>
   <trkpt lat="-26.3491310" lon="-51.0640150">
    <ele>838.1</ele>
   </trkpt>
   <trkpt lat="-26.3492060" lon="-51.0640790">
    <ele>837.7</ele>
   </trkpt>
   <trkpt lat="-26.3492820" lon="-51.0641390">
    <ele>837.3</ele>
   </trkpt>
   <trkpt lat="-26.3493590" lon="-51.0641960">
    <ele>836.9</ele>
   </trkpt>
   <trkpt lat="-26.3494190" lon="-51.0642280">
    <ele>836.6</ele>
   </trkpt>
   <trkpt lat="-26.3494790" lon="-51.0642590">
    <ele>836.3</ele>
   </trkpt>
   <trkpt lat="-26.3495980" lon="-51.0643230">
    <ele>835.6</ele>
   </trkpt>
   <trkpt lat="-26.3496790" lon="-51.0643560">
    <ele>835.2</ele>
   </trkpt>
   <trkpt lat="-26.3497610" lon="-51.0643830">
    <ele>834.8</ele>
   </trkpt>
   <trkpt lat="-26.3498450" lon="-51.0644060">
    <ele>834.5</ele>
   </trkpt>
   <trkpt lat="-26.3499280" lon="-51.0644280">
    <ele>834.2</ele>
   </trkpt>
   <trkpt lat="-26.3500080" lon="-51.0644500">
    <ele>833.9</ele>
   </trkpt>
   <trkpt lat="-26.3500900" lon="-51.0644700">
    <ele>833.6</ele>
   </trkpt>
   <trkpt lat="-26.3501490" lon="-51.0644840">
    <ele>833.5</ele>
   </trkpt>
   <trkpt lat="-26.3502070" lon="-51.0644980">
    <ele>833.3</ele>
   </trkpt>
   <trkpt lat="-26.3503240" lon="-51.0645260">
    <ele>833.1</ele>
   </trkpt>
   <trkpt lat="-26.3504020" lon="-51.0645420">
    <ele>833.0</ele>
   </trkpt>
   <trkpt lat="-26.3504760" lon="-51.0645600">
    <ele>833.0</ele>
   </trkpt>
   <trkpt lat="-26.3505520" lon="-51.0645780">
    <ele>833.0</ele>
   </trkpt>
   <trkpt lat="-26.3506270" lon="-51.0645920">
    <ele>833.0</ele>
   </trkpt>
   <trkpt lat="-26.3506990" lon="-51.0646060">
    <ele>833.1</ele>
   </trkpt>
   <trkpt lat="-26.3507700" lon="-51.0646220">
    <ele>833.1</ele>
   </trkpt>
   <trkpt lat="-26.3508390" lon="-51.0646390">
    <ele>833.1</ele>
   </trkpt>
   <trkpt lat="-26.3509070" lon="-51.0646550">
    <ele>833.2</ele>
   </trkpt>
   <trkpt lat="-26.3509730" lon="-51.0646700">
    <ele>833.2</ele>
   </trkpt>
   <trkpt lat="-26.3510360" lon="-51.0646840">
    <ele>833.3</ele>
   </trkpt>
   <trkpt lat="-26.3510990" lon="-51.0647000">
    <ele>833.3</ele>
   </trkpt>
   <trkpt lat="-26.3511620" lon="-51.0647170">
    <ele>833.4</ele>
   </trkpt>
   <trkpt lat="-26.3512230" lon="-51.0647320">
    <ele>833.5</ele>
   </trkpt>
   <trkpt lat="-26.3512810" lon="-51.0647450">
    <ele>833.5</ele>
   </trkpt>
   <trkpt lat="-26.3513390" lon="-51.0647510">
    <ele>833.6</ele>
   </trkpt>
   <trkpt lat="-26.3514080" lon="-51.0647510">
    <ele>833.6</ele>
   </trkpt>
   <trkpt lat="-26.3514650" lon="-51.0647570">
    <ele>833.6</ele>
   </trkpt>
   <trkpt lat="-26.3515200" lon="-51.0647670">
    <ele>833.7</ele>
   </trkpt>
   <trkpt lat="-26.3515730" lon="-51.0647770">
    <ele>833.7</ele>
   </trkpt>
   <trkpt lat="-26.3516220" lon="-51.0647860">
    <ele>833.8</ele>
   </trkpt>
   <trkpt lat="-26.3516590" lon="-51.0647850">
    <ele>833.8</ele>
   </trkpt>
   <trkpt lat="-26.3517080" lon="-51.0647610">
    <ele>834.1</ele>
   </trkpt>
   <trkpt lat="-26.3517370" lon="-51.0647320">
    <ele>834.3</ele>
   </trkpt>
   <trkpt lat="-26.3517740" lon="-51.0646840">
    <ele>834.7</ele>
   </trkpt>
   <trkpt lat="-26.3518020" lon="-51.0646390">
    <ele>835.0</ele>
   </trkpt>
   <trkpt lat="-26.3518290" lon="-51.0645970">
    <ele>835.4</ele>
   </trkpt>
   <trkpt lat="-26.3518500" lon="-51.0645620">
    <ele>835.6</ele>
   </trkpt>
   <trkpt lat="-26.3518780" lon="-51.0645200">
    <ele>835.9</ele>
   </trkpt>
   <trkpt lat="-26.3519130" lon="-51.0644720">
    <ele>836.3</ele>
   </trkpt>
   <trkpt lat="-26.3519410" lon="-51.0644310">
    <ele>836.5</ele>
   </trkpt>
   <trkpt lat="-26.3519720" lon="-51.0643910">
    <ele>836.8</ele>
   </trkpt>
   <trkpt lat="-26.3519980" lon="-51.0643600">
    <ele>836.9</ele>
   </trkpt>
   <trkpt lat="-26.3520280" lon="-51.0643220">
    <ele>837.1</ele>
   </trkpt>
   <trkpt lat="-26.3520620" lon="-51.0642760">
    <ele>837.3</ele>
   </trkpt>
   <trkpt lat="-26.3520920" lon="-51.0642340">
    <ele>837.4</ele>
   </trkpt>
   <trkpt lat="-26.3521220" lon="-51.0641900">
    <ele>837.5</ele>
   </trkpt>
   <trkpt lat="-26.3521460" lon="-51.0641480">
    <ele>837.5</ele>
   </trkpt>
   <trkpt lat="-26.3521600" lon="-51.0641180">
    <ele>837.5</ele>
   </trkpt>
   <trkpt lat="-26.3521800" lon="-51.0640620">
    <ele>837.4</ele>
   </trkpt>
   <trkpt lat="-26.3521980" lon="-51.0640020">
    <ele>837.3</ele>
   </trkpt>
   <trkpt lat="-26.3522160" lon="-51.0639430">
    <ele>837.1</ele>
   </trkpt>
   <trkpt lat="-26.3522340" lon="-51.0638760">
    <ele>837.0</ele>
   </trkpt>
   <trkpt lat="-26.3522460" lon="-51.0638030">
    <ele>836.7</ele>
   </trkpt>
   <trkpt lat="-26.3522600" lon="-51.0637010">
    <ele>836.4</ele>
   </trkpt>
   <trkpt lat="-26.3522580" lon="-51.0635930">
    <ele>836.2</ele>
   </trkpt>
   <trkpt lat="-26.3522540" lon="-51.0635220">
    <ele>836.1</ele>
   </trkpt>
   <trkpt lat="-26.3522450" lon="-51.0634330">
    <ele>836.2</ele>
   </trkpt>
   <trkpt lat="-26.3522370" lon="-51.0633460">
    <ele>836.4</ele>
   </trkpt>
   <trkpt lat="-26.3522170" lon="-51.0632730">
    <ele>836.6</ele>
   </trkpt>
   <trkpt lat="-26.3521830" lon="-51.0632020">
    <ele>836.9</ele>
   </trkpt>
   <trkpt lat="-26.3521420" lon="-51.0631410">
    <ele>836.8</ele>
   </trkpt>
   <trkpt lat="-26.3520960" lon="-51.0630790">
    <ele>836.3</ele>
   </trkpt>
   <trkpt lat="-26.3520330" lon="-51.0630090">
    <ele>835.6</ele>
   </trkpt>
   <trkpt lat="-26.3519900" lon="-51.0629590">
    <ele>835.2</ele>
   </trkpt>
   <trkpt lat="-26.3519350" lon="-51.0629000">
    <ele>834.8</ele>
   </trkpt>
   <trkpt lat="-26.3518720" lon="-51.0628300">
    <ele>834.3</ele>
   </trkpt>
   <trkpt lat="-26.3518180" lon="-51.0627670">
    <ele>834.0</ele>
   </trkpt>
   <trkpt lat="-26.3517700" lon="-51.0627020">
    <ele>833.8</ele>
   </trkpt>
   <trkpt lat="-26.3517260" lon="-51.0626410">
    <ele>833.6</ele>
   </trkpt>
   <trkpt lat="-26.3516970" lon="-51.0625860">
    <ele>833.5</ele>
   </trkpt>
   <trkpt lat="-26.3516610" lon="-51.0625110">
    <ele>833.3</ele>
   </trkpt>
   <trkpt lat="-26.3516340" lon="-51.0624460">
    <ele>833.0</ele>
   </trkpt>
   <trkpt lat="-26.3516040" lon="-51.0623820">
    <ele>832.5</ele>
   </trkpt>
   <trkpt lat="-26.3515820" lon="-51.0623330">
    <ele>832.0</ele>
   </trkpt>
   <trkpt lat="-26.3515570" lon="-51.0622560">
    <ele>831.2</ele>
   </trkpt>
   <trkpt lat="-26.3515400" lon="-51.0621860">
    <ele>830.5</ele>
   </trkpt>
   <trkpt lat="-26.3515340" lon="-51.0621030">
    <ele>829.6</ele>
   </trkpt>
   <trkpt lat="-26.3515400" lon="-51.0620080">
    <ele>828.6</ele>
   </trkpt>
   <trkpt lat="-26.3515500" lon="-51.0619090">
    <ele>827.6</ele>
   </trkpt>
   <trkpt lat="-26.3515630" lon="-51.0618300">
    <ele>827.0</ele>
   </trkpt>
   <trkpt lat="-26.3515830" lon="-51.0617160">
    <ele>826.3</ele>
   </trkpt>
   <trkpt lat="-26.3516010" lon="-51.0616250">
    <ele>825.9</ele>
   </trkpt>
   <trkpt lat="-26.3516210" lon="-51.0615400">
    <ele>825.3</ele>
   </trkpt>
   <trkpt lat="-26.3516380" lon="-51.0614730">
    <ele>824.5</ele>
   </trkpt>
   <trkpt lat="-26.3516580" lon="-51.0613870">
    <ele>823.7</ele>
   </trkpt>
   <trkpt lat="-26.3516780" lon="-51.0612940">
    <ele>823.1</ele>
   </trkpt>
   <trkpt lat="-26.3516940" lon="-51.0612200">
    <ele>823.0</ele>
   </trkpt>
   <trkpt lat="-26.3517150" lon="-51.0611500">
    <ele>823.1</ele>
   </trkpt>
   <trkpt lat="-26.3517310" lon="-51.0610940">
    <ele>823.2</ele>
   </trkpt>
   <trkpt lat="-26.3517510" lon="-51.0610230">
    <ele>823.5</ele>
   </trkpt>
   <trkpt lat="-26.3517720" lon="-51.0609470">
    <ele>823.9</ele>
   </trkpt>
   <trkpt lat="-26.3517890" lon="-51.0608830">
    <ele>824.5</ele>
   </trkpt>
   <trkpt lat="-26.3518000" lon="-51.0608330">
    <ele>825.0</ele>
   </trkpt>
   <trkpt lat="-26.3518110" lon="-51.0607850">
    <ele>825.5</ele>
   </trkpt>
   <trkpt lat="-26.3518190" lon="-51.0607520">
    <ele>825.9</ele>
   </trkpt>
   <trkpt lat="-26.3518460" lon="-51.0607000">
    <ele>826.7</ele>
   </trkpt>
   <trkpt lat="-26.3518540" lon="-51.0606650">
    <ele>827.3</ele>
   </trkpt>
   <trkpt lat="-26.3518580" lon="-51.0606360">
    <ele>827.7</ele>
   </trkpt>
   <trkpt lat="-26.3518630" lon="-51.0606040">
    <ele>828.1</ele>
   </trkpt>
   <trkpt lat="-26.3518740" lon="-51.0605680">
    <ele>828.6</ele>
   </trkpt>
   <trkpt lat="-26.3518870" lon="-51.0605320">
    <ele>829.2</ele>
   </trkpt>
   <trkpt lat="-26.3519010" lon="-51.0604990">
    <ele>829.6</ele>
   </trkpt>
   <trkpt lat="-26.3519120" lon="-51.0604740">
    <ele>829.9</ele>
   </trkpt>
   <trkpt lat="-26.3519250" lon="-51.0604320">
    <ele>830.4</ele>
   </trkpt>
   <trkpt lat="-26.3519350" lon="-51.0604040">
    <ele>830.7</ele>
   </trkpt>
   <trkpt lat="-26.3519540" lon="-51.0603590">
    <ele>831.0</ele>
   </trkpt>
   <trkpt lat="-26.3519700" lon="-51.0603210">
    <ele>831.2</ele>
   </trkpt>
   <trkpt lat="-26.3519900" lon="-51.0602780">
    <ele>831.3</ele>
   </trkpt>
   <trkpt lat="-26.3520100" lon="-51.0602260">
    <ele>831.4</ele>
   </trkpt>
   <trkpt lat="-26.3520210" lon="-51.0601680">
    <ele>831.3</ele>
   </trkpt>
   <trkpt lat="-26.3520230" lon="-51.0601080">
    <ele>831.3</ele>
   </trkpt>
   <trkpt lat="-26.3520340" lon="-51.0600440">
    <ele>831.3</ele>
   </trkpt>
   <trkpt lat="-26.3520600" lon="-51.0599750">
    <ele>831.3</ele>
   </trkpt>
   <trkpt lat="-26.3520630" lon="-51.0599290">
    <ele>831.4</ele>
   </trkpt>
   <trkpt lat="-26.3520640" lon="-51.0598620">
    <ele>831.5</ele>
   </trkpt>
   <trkpt lat="-26.3520610" lon="-51.0598030">
    <ele>831.6</ele>
   </trkpt>
   <trkpt lat="-26.3520510" lon="-51.0597410">
    <ele>831.8</ele>
   </trkpt>
   <trkpt lat="-26.3520460" lon="-51.0596950">
    <ele>832.0</ele>
   </trkpt>
   <trkpt lat="-26.3520540" lon="-51.0596300">
    <ele>832.3</ele>
   </trkpt>
   <trkpt lat="-26.3520670" lon="-51.0595840">
    <ele>832.5</ele>
   </trkpt>
   <trkpt lat="-26.3520860" lon="-51.0595410">
    <ele>832.8</ele>
   </trkpt>
   <trkpt lat="-26.3521000" lon="-51.0595020">
    <ele>833.1</ele>
   </trkpt>
   <trkpt lat="-26.3520920" lon="-51.0594610">
    <ele>833.4</ele>
   </trkpt>
   <trkpt lat="-26.3520960" lon="-51.0594110">
    <ele>833.7</ele>
   </trkpt>
   <trkpt lat="-26.3521070" lon="-51.0593570">
    <ele>834.1</ele>
   </trkpt>
   <trkpt lat="-26.3521070" lon="-51.0593160">
    <ele>834.3</ele>
   </trkpt>
   <trkpt lat="-26.3521160" lon="-51.0592680">
    <ele>834.6</ele>
   </trkpt>
   <trkpt lat="-26.3521240" lon="-51.0592350">
    <ele>834.8</ele>
   </trkpt>
   <trkpt lat="-26.3521330" lon="-51.0592120">
    <ele>834.9</ele>
   </trkpt>
   <trkpt lat="-26.3521480" lon="-51.0591630">
    <ele>835.1</ele>
   </trkpt>
   <trkpt lat="-26.3521370" lon="-51.0591180">
    <ele>835.3</ele>
   </trkpt>
   <trkpt lat="-26.3521220" lon="-51.0590710">
    <ele>835.5</ele>
   </trkpt>
   <trkpt lat="-26.3521320" lon="-51.0590250">
    <ele>835.6</ele>
   </trkpt>
   <trkpt lat="-26.3521380" lon="-51.0589820">
    <ele>835.8</ele>
   </trkpt>
   <trkpt lat="-26.3521430" lon="-51.0589400">
    <ele>835.8</ele>
   </trkpt>
   <trkpt lat="-26.3521560" lon="-51.0588940">
    <ele>835.9</ele>
   </trkpt>
   <trkpt lat="-26.3521660" lon="-51.0588550">
    <ele>835.9</ele>
   </trkpt>
   <trkpt lat="-26.3521790" lon="-51.0588080">
    <ele>835.9</ele>
   </trkpt>
   <trkpt lat="-26.3521840" lon="-51.0587730">
    <ele>835.9</ele>
   </trkpt>
   <trkpt lat="-26.3521940" lon="-51.0587390">
    <ele>835.8</ele>
   </trkpt>
   <trkpt lat="-26.3522040" lon="-51.0587000">
    <ele>835.8</ele>
   </trkpt>
   <trkpt lat="-26.3522130" lon="-51.0586610">
    <ele>835.8</ele>
   </trkpt>
   <trkpt lat="-26.3522290" lon="-51.0586070">
    <ele>835.8</ele>
   </trkpt>
   <trkpt lat="-26.3522360" lon="-51.0585630">
    <ele>835.9</ele>
   </trkpt>
   <trkpt lat="-26.3522440" lon="-51.0585190">
    <ele>835.9</ele>
   </trkpt>
   <trkpt lat="-26.3522510" lon="-51.0584770">
    <ele>836.0</ele>
   </trkpt>
   <trkpt lat="-26.3522610" lon="-51.0584350">
    <ele>836.1</ele>
   </trkpt>
   <trkpt lat="-26.3522720" lon="-51.0583970">
    <ele>836.2</ele>
   </trkpt>
   <trkpt lat="-26.3522830" lon="-51.0583610">
    <ele>836.2</ele>
   </trkpt>
   <trkpt lat="-26.3522950" lon="-51.0583210">
    <ele>836.3</ele>
   </trkpt>
   <trkpt lat="-26.3523050" lon="-51.0582850">
    <ele>836.4</ele>
   </trkpt>
   <trkpt lat="-26.3523140" lon="-51.0582490">
    <ele>836.4</ele>
   </trkpt>
   <trkpt lat="-26.3523240" lon="-51.0582080">
    <ele>836.5</ele>
   </trkpt>
   <trkpt lat="-26.3523370" lon="-51.0581660">
    <ele>836.5</ele>
   </trkpt>
   <trkpt lat="-26.3523530" lon="-51.0581210">
    <ele>836.5</ele>
   </trkpt>
   <trkpt lat="-26.3523630" lon="-51.0580700">
    <ele>836.5</ele>
   </trkpt>
   <trkpt lat="-26.3523740" lon="-51.0580330">
    <ele>836.5</ele>
   </trkpt>
   <trkpt lat="-26.3523890" lon="-51.0579790">
    <ele>836.4</ele>
   </trkpt>
   <trkpt lat="-26.3523980" lon="-51.0579320">
    <ele>836.3</ele>
   </trkpt>
   <trkpt lat="-26.3524070" lon="-51.0578870">
    <ele>836.2</ele>
   </trkpt>
   <trkpt lat="-26.3524180" lon="-51.0578440">
    <ele>836.1</ele>
   </trkpt>
   <trkpt lat="-26.3524250" lon="-51.0578080">
    <ele>836.1</ele>
   </trkpt>
   <trkpt lat="-26.3524350" lon="-51.0577500">
    <ele>836.0</ele>
   </trkpt>
   <trkpt lat="-26.3524510" lon="-51.0576860">
    <ele>836.0</ele>
   </trkpt>
   <trkpt lat="-26.3524620" lon="-51.0576340">
    <ele>836.0</ele>
   </trkpt>
   <trkpt lat="-26.3524650" lon="-51.0575840">
    <ele>836.1</ele>
   </trkpt>
   <trkpt lat="-26.3524720" lon="-51.0575360">
    <ele>836.2</ele>
   </trkpt>
   <trkpt lat="-26.3524840" lon="-51.0574780">
    <ele>836.3</ele>
   </trkpt>
   <trkpt lat="-26.3524970" lon="-51.0574150">
    <ele>836.4</ele>
   </trkpt>
   <trkpt lat="-26.3525140" lon="-51.0573530">
    <ele>836.7</ele>
   </trkpt>
   <trkpt lat="-26.3525340" lon="-51.0572950">
    <ele>837.1</ele>
   </trkpt>
   <trkpt lat="-26.3525550" lon="-51.0572430">
    <ele>837.5</ele>
   </trkpt>
   <trkpt lat="-26.3525720" lon="-51.0572010">
    <ele>837.8</ele>
   </trkpt>
   <trkpt lat="-26.3525870" lon="-51.0571630">
    <ele>838.1</ele>
   </trkpt>
   <trkpt lat="-26.3526090" lon="-51.0571290">
    <ele>838.4</ele>
   </trkpt>
   <trkpt lat="-26.3526310" lon="-51.0570970">
    <ele>838.7</ele>
   </trkpt>
   <trkpt lat="-26.3526400" lon="-51.0570710">
    <ele>838.9</ele>
   </trkpt>
   <trkpt lat="-26.3526570" lon="-51.0570450">
    <ele>839.1</ele>
   </trkpt>
   <trkpt lat="-26.3526970" lon="-51.0569990">
    <ele>839.4</ele>
   </trkpt>
   <trkpt lat="-26.3527340" lon="-51.0569780">
    <ele>839.7</ele>
   </trkpt>
   <trkpt lat="-26.3527510" lon="-51.0569580">
    <ele>839.8</ele>
   </trkpt>
   <trkpt lat="-26.3527690" lon="-51.0569320">
    <ele>839.9</ele>
   </trkpt>
   <trkpt lat="-26.3527870" lon="-51.0569160">
    <ele>840.0</ele>
   </trkpt>
   <trkpt lat="-26.3528050" lon="-51.0568960">
    <ele>840.1</ele>
   </trkpt>
   <trkpt lat="-26.3528200" lon="-51.0568810">
    <ele>840.2</ele>
   </trkpt>
   <trkpt lat="-26.3528390" lon="-51.0568680">
    <ele>840.3</ele>
   </trkpt>
   <trkpt lat="-26.3528630" lon="-51.0568470">
    <ele>840.4</ele>
   </trkpt>
   <trkpt lat="-26.3528870" lon="-51.0568250">
    <ele>840.5</ele>
   </trkpt>
   <trkpt lat="-26.3529100" lon="-51.0567990">
    <ele>840.6</ele>
   </trkpt>
   <trkpt lat="-26.3529260" lon="-51.0567780">
    <ele>840.6</ele>
   </trkpt>
   <trkpt lat="-26.3529510" lon="-51.0567470">
    <ele>840.7</ele>
   </trkpt>
   <trkpt lat="-26.3529710" lon="-51.0567260">
    <ele>840.8</ele>
   </trkpt>
   <trkpt lat="-26.3529860" lon="-51.0567030">
    <ele>840.9</ele>
   </trkpt>
   <trkpt lat="-26.3529970" lon="-51.0566800">
    <ele>840.9</ele>
   </trkpt>
   <trkpt lat="-26.3530080" lon="-51.0566540">
    <ele>841.0</ele>
   </trkpt>
   <trkpt lat="-26.3530250" lon="-51.0566230">
    <ele>841.1</ele>
   </trkpt>
   <trkpt lat="-26.3530420" lon="-51.0565780">
    <ele>841.2</ele>
   </trkpt>
   <trkpt lat="-26.3530540" lon="-51.0565470">
    <ele>841.2</ele>
   </trkpt>
   <trkpt lat="-26.3530670" lon="-51.0565070">
    <ele>841.3</ele>
   </trkpt>
   <trkpt lat="-26.3530800" lon="-51.0564690">
    <ele>841.4</ele>
   </trkpt>
   <trkpt lat="-26.3530970" lon="-51.0564370">
    <ele>841.4</ele>
   </trkpt>
   <trkpt lat="-26.3531160" lon="-51.0563970">
    <ele>841.5</ele>
   </trkpt>
   <trkpt lat="-26.3531390" lon="-51.0563490">
    <ele>841.6</ele>
   </trkpt>
   <trkpt lat="-26.3531600" lon="-51.0562950">
    <ele>841.8</ele>
   </trkpt>
   <trkpt lat="-26.3531700" lon="-51.0562520">
    <ele>841.9</ele>
   </trkpt>
   <trkpt lat="-26.3531850" lon="-51.0562050">
    <ele>842.0</ele>
   </trkpt>
   <trkpt lat="-26.3531910" lon="-51.0561640">
    <ele>842.1</ele>
   </trkpt>
   <trkpt lat="-26.3531990" lon="-51.0561190">
    <ele>842.2</ele>
   </trkpt>
   <trkpt lat="-26.3532050" lon="-51.0560780">
    <ele>842.3</ele>
   </trkpt>
   <trkpt lat="-26.3532100" lon="-51.0560270">
    <ele>842.5</ele>
   </trkpt>
   <trkpt lat="-26.3532090" lon="-51.0559750">
    <ele>842.7</ele>
   </trkpt>
   <trkpt lat="-26.3532040" lon="-51.0559210">
    <ele>842.9</ele>
   </trkpt>
   <trkpt lat="-26.3532030" lon="-51.0558790">
    <ele>843.1</ele>
   </trkpt>
   <trkpt lat="-26.3532030" lon="-51.0558400">
    <ele>843.3</ele>
   </trkpt>
   <trkpt lat="-26.3532080" lon="-51.0557950">
    <ele>843.5</ele>
   </trkpt>
   <trkpt lat="-26.3532140" lon="-51.0557580">
    <ele>843.7</ele>
   </trkpt>
   <trkpt lat="-26.3532240" lon="-51.0557030">
    <ele>844.1</ele>
   </trkpt>
   <trkpt lat="-26.3532350" lon="-51.0556570">
    <ele>844.5</ele>
   </trkpt>
   <trkpt lat="-26.3532410" lon="-51.0556150">
    <ele>844.8</ele>
   </trkpt>
   <trkpt lat="-26.3532400" lon="-51.0555830">
    <ele>845.0</ele>
   </trkpt>
   <trkpt lat="-26.3532470" lon="-51.0555420">
    <ele>845.4</ele>
   </trkpt>
   <trkpt lat="-26.3532560" lon="-51.0555070">
    <ele>845.7</ele>
   </trkpt>
   <trkpt lat="-26.3532650" lon="-51.0554680">
    <ele>846.0</ele>
   </trkpt>
   <trkpt lat="-26.3532710" lon="-51.0554410">
    <ele>846.2</ele>
   </trkpt>
   <trkpt lat="-26.3532870" lon="-51.0554050">
    <ele>846.5</ele>
   </trkpt>
   <trkpt lat="-26.3533040" lon="-51.0553730">
    <ele>846.8</ele>
   </trkpt>
   <trkpt lat="-26.3533220" lon="-51.0553370">
    <ele>847.0</ele>
   </trkpt>
   <trkpt lat="-26.3533390" lon="-51.0553030">
    <ele>847.2</ele>
   </trkpt>
   <trkpt lat="-26.3533580" lon="-51.0552710">
    <ele>847.4</ele>
   </trkpt>
   <trkpt lat="-26.3533800" lon="-51.0552410">
    <ele>847.6</ele>
   </trkpt>
   <trkpt lat="-26.3534060" lon="-51.0552170">
    <ele>847.8</ele>
   </trkpt>
   <trkpt lat="-26.3534340" lon="-51.0551920">
    <ele>847.9</ele>
   </trkpt>
   <trkpt lat="-26.3534580" lon="-51.0551710">
    <ele>848.1</ele>
   </trkpt>
   <trkpt lat="-26.3534870" lon="-51.0551430">
    <ele>848.2</ele>
   </trkpt>
   <trkpt lat="-26.3535160" lon="-51.0551150">
    <ele>848.4</ele>
   </trkpt>
   <trkpt lat="-26.3535440" lon="-51.0550880">
    <ele>848.5</ele>
   </trkpt>
   <trkpt lat="-26.3535680" lon="-51.0550590">
    <ele>848.6</ele>
   </trkpt>
   <trkpt lat="-26.3535910" lon="-51.0550310">
    <ele>848.8</ele>
   </trkpt>
   <trkpt lat="-26.3536100" lon="-51.0549990">
    <ele>848.9</ele>
   </trkpt>
   <trkpt lat="-26.3536280" lon="-51.0549640">
    <ele>849.0</ele>
   </trkpt>
   <trkpt lat="-26.3536430" lon="-51.0549290">
    <ele>849.2</ele>
   </trkpt>
   <trkpt lat="-26.3536560" lon="-51.0548920">
    <ele>849.3</ele>
   </trkpt>
   <trkpt lat="-26.3536690" lon="-51.0548490">
    <ele>849.4</ele>
   </trkpt>
   <trkpt lat="-26.3536760" lon="-51.0548160">
    <ele>849.5</ele>
   </trkpt>
   <trkpt lat="-26.3536830" lon="-51.0547750">
    <ele>849.6</ele>
   </trkpt>
   <trkpt lat="-26.3536870" lon="-51.0547270">
    <ele>849.8</ele>
   </trkpt>
   <trkpt lat="-26.3536850" lon="-51.0546950">
    <ele>849.9</ele>
   </trkpt>
   <trkpt lat="-26.3536790" lon="-51.0546460">
    <ele>850.0</ele>
   </trkpt>
   <trkpt lat="-26.3536700" lon="-51.0546090">
    <ele>850.2</ele>
   </trkpt>
   <trkpt lat="-26.3536600" lon="-51.0545750">
    <ele>850.4</ele>
   </trkpt>
   <trkpt lat="-26.3536450" lon="-51.0545500">
    <ele>850.5</ele>
   </trkpt>
   <trkpt lat="-26.3536340" lon="-51.0545240">
    <ele>850.7</ele>
   </trkpt>
   <trkpt lat="-26.3536260" lon="-51.0545000">
    <ele>850.8</ele>
   </trkpt>
   <trkpt lat="-26.3536150" lon="-51.0544770">
    <ele>851.0</ele>
   </trkpt>
   <trkpt lat="-26.3536030" lon="-51.0544550">
    <ele>851.1</ele>
   </trkpt>
   <trkpt lat="-26.3535900" lon="-51.0544330">
    <ele>851.3</ele>
   </trkpt>
   <trkpt lat="-26.3535770" lon="-51.0544050">
    <ele>851.4</ele>
   </trkpt>
   <trkpt lat="-26.3535610" lon="-51.0543750">
    <ele>851.7</ele>
   </trkpt>
   <trkpt lat="-26.3535400" lon="-51.0543570">
    <ele>851.8</ele>
   </trkpt>
   <trkpt lat="-26.3535120" lon="-51.0543380">
    <ele>852.0</ele>
   </trkpt>
   <trkpt lat="-26.3534840" lon="-51.0543120">
    <ele>852.3</ele>
   </trkpt>
   <trkpt lat="-26.3534630" lon="-51.0542920">
    <ele>852.6</ele>
   </trkpt>
   <trkpt lat="-26.3534410" lon="-51.0542730">
    <ele>852.8</ele>
   </trkpt>
   <trkpt lat="-26.3534150" lon="-51.0542580">
    <ele>853.1</ele>
   </trkpt>
   <trkpt lat="-26.3533910" lon="-51.0542480">
    <ele>853.4</ele>
   </trkpt>
   <trkpt lat="-26.3533630" lon="-51.0542350">
    <ele>853.7</ele>
   </trkpt>
   <trkpt lat="-26.3533350" lon="-51.0542250">
    <ele>854.1</ele>
   </trkpt>
   <trkpt lat="-26.3533030" lon="-51.0542170">
    <ele>854.4</ele>
   </trkpt>
   <trkpt lat="-26.3532640" lon="-51.0541840">
    <ele>855.0</ele>
   </trkpt>
   <trkpt lat="-26.3532370" lon="-51.0541390">
    <ele>855.6</ele>
   </trkpt>
   <trkpt lat="-26.3532140" lon="-51.0541080">
    <ele>856.0</ele>
   </trkpt>
   <trkpt lat="-26.3531720" lon="-51.0540790">
    <ele>856.6</ele>
   </trkpt>
   <trkpt lat="-26.3531390" lon="-51.0540640">
    <ele>857.1</ele>
   </trkpt>
   <trkpt lat="-26.3531160" lon="-51.0540530">
    <ele>857.4</ele>
   </trkpt>
   <trkpt lat="-26.3530950" lon="-51.0540270">
    <ele>857.8</ele>
   </trkpt>
   <trkpt lat="-26.3530730" lon="-51.0540190">
    <ele>858.1</ele>
   </trkpt>
   <trkpt lat="-26.3530510" lon="-51.0540110">
    <ele>858.4</ele>
   </trkpt>
   <trkpt lat="-26.3530270" lon="-51.0540030">
    <ele>858.8</ele>
   </trkpt>
   <trkpt lat="-26.3530090" lon="-51.0539930">
    <ele>859.0</ele>
   </trkpt>
   <trkpt lat="-26.3529900" lon="-51.0539840">
    <ele>859.3</ele>
   </trkpt>
   <trkpt lat="-26.3529640" lon="-51.0539710">
    <ele>859.6</ele>
   </trkpt>
   <trkpt lat="-26.3529310" lon="-51.0539620">
    <ele>860.1</ele>
   </trkpt>
   <trkpt lat="-26.3528940" lon="-51.0539540">
    <ele>860.5</ele>
   </trkpt>
   <trkpt lat="-26.3528630" lon="-51.0539420">
    <ele>861.0</ele>
   </trkpt>
   <trkpt lat="-26.3528330" lon="-51.0539340">
    <ele>861.3</ele>
   </trkpt>
   <trkpt lat="-26.3528100" lon="-51.0539200">
    <ele>861.7</ele>
   </trkpt>
   <trkpt lat="-26.3527840" lon="-51.0539110">
    <ele>862.0</ele>
   </trkpt>
   <trkpt lat="-26.3527600" lon="-51.0539020">
    <ele>862.3</ele>
   </trkpt>
   <trkpt lat="-26.3527230" lon="-51.0538990">
    <ele>862.7</ele>
   </trkpt>
   <trkpt lat="-26.3527070" lon="-51.0538900">
    <ele>862.9</ele>
   </trkpt>
   <trkpt lat="-26.3526850" lon="-51.0538710">
    <ele>863.2</ele>
   </trkpt>
   <trkpt lat="-26.3526600" lon="-51.0538520">
    <ele>863.6</ele>
   </trkpt>
   <trkpt lat="-26.3526330" lon="-51.0538320">
    <ele>863.9</ele>
   </trkpt>
   <trkpt lat="-26.3526120" lon="-51.0538220">
    <ele>864.2</ele>
   </trkpt>
   <trkpt lat="-26.3525960" lon="-51.0537980">
    <ele>864.4</ele>
   </trkpt>
   <trkpt lat="-26.3525920" lon="-51.0537810">
    <ele>864.6</ele>
   </trkpt>
   <trkpt lat="-26.3525760" lon="-51.0537530">
    <ele>864.9</ele>
   </trkpt>
   <trkpt lat="-26.3525630" lon="-51.0537200">
    <ele>865.2</ele>
   </trkpt>
   <trkpt lat="-26.3525700" lon="-51.0536890">
    <ele>865.6</ele>
   </trkpt>
   <trkpt lat="-26.3525690" lon="-51.0536660">
    <ele>865.8</ele>
   </trkpt>
   <trkpt lat="-26.3525680" lon="-51.0536460">
    <ele>866.0</ele>
   </trkpt>
   <trkpt lat="-26.3525690" lon="-51.0536260">
    <ele>866.3</ele>
   </trkpt>
   <trkpt lat="-26.3525720" lon="-51.0535980">
    <ele>866.6</ele>
   </trkpt>
   <trkpt lat="-26.3525780" lon="-51.0535700">
    <ele>867.0</ele>
   </trkpt>
   <trkpt lat="-26.3525870" lon="-51.0535450">
    <ele>867.3</ele>
   </trkpt>
   <trkpt lat="-26.3525940" lon="-51.0535290">
    <ele>867.5</ele>
   </trkpt>
   <trkpt lat="-26.3526040" lon="-51.0535010">
    <ele>868.2</ele>
   </trkpt>
   <trkpt lat="-26.3526150" lon="-51.0534790">
    <ele>868.6</ele>
   </trkpt>
   <trkpt lat="-26.3526260" lon="-51.0534630">
    <ele>868.9</ele>
   </trkpt>
   <trkpt lat="-26.3526360" lon="-51.0534450">
    <ele>869.2</ele>
   </trkpt>
   <trkpt lat="-26.3526450" lon="-51.0534210">
    <ele>869.5</ele>
   </trkpt>
   <trkpt lat="-26.3526490" lon="-51.0534040">
    <ele>869.8</ele>
   </trkpt>
   <trkpt lat="-26.3526560" lon="-51.0533920">
    <ele>870.0</ele>
   </trkpt>
   <trkpt lat="-26.3526640" lon="-51.0533850">
    <ele>870.2</ele>
   </trkpt>
   <trkpt lat="-26.3526700" lon="-51.0533800">
    <ele>870.3</ele>
   </trkpt>
   <trkpt lat="-26.3526820" lon="-51.0533710">
    <ele>870.6</ele>
   </trkpt>
   <trkpt lat="-26.3526940" lon="-51.0533630">
    <ele>870.8</ele>
   </trkpt>
   <trkpt lat="-26.3527050" lon="-51.0533530">
    <ele>871.1</ele>
   </trkpt>
   <trkpt lat="-26.3527190" lon="-51.0533440">
    <ele>871.4</ele>
   </trkpt>
   <trkpt lat="-26.3527310" lon="-51.0533390">
    <ele>871.7</ele>
   </trkpt>
   <trkpt lat="-26.3527440" lon="-51.0533350">
    <ele>871.9</ele>
   </trkpt>
   <trkpt lat="-26.3527580" lon="-51.0533340">
    <ele>872.2</ele>
   </trkpt>
   <trkpt lat="-26.3527720" lon="-51.0533310">
    <ele>872.5</ele>
   </trkpt>
   <trkpt lat="-26.3527870" lon="-51.0533290">
    <ele>872.8</ele>
   </trkpt>
   <trkpt lat="-26.3527990" lon="-51.0533300">
    <ele>873.1</ele>
   </trkpt>
   <trkpt lat="-26.3528130" lon="-51.0533310">
    <ele>873.3</ele>
   </trkpt>
   <trkpt lat="-26.3528310" lon="-51.0533270">
    <ele>873.7</ele>
   </trkpt>
   <trkpt lat="-26.3528460" lon="-51.0533270">
    <ele>874.0</ele>
   </trkpt>
   <trkpt lat="-26.3528610" lon="-51.0533290">
    <ele>874.3</ele>
   </trkpt>
   <trkpt lat="-26.3528750" lon="-51.0533300">
    <ele>874.6</ele>
   </trkpt>
   <trkpt lat="-26.3528910" lon="-51.0533380">
    <ele>874.9</ele>
   </trkpt>
   <trkpt lat="-26.3529050" lon="-51.0533510">
    <ele>875.3</ele>
   </trkpt>
   <trkpt lat="-26.3529170" lon="-51.0533620">
    <ele>875.6</ele>
   </trkpt>
   <trkpt lat="-26.3529300" lon="-51.0533730">
    <ele>875.9</ele>
   </trkpt>
   <trkpt lat="-26.3529320" lon="-51.0533750">
    <ele>875.9</ele>
   </trkpt>
   <trkpt lat="-26.3529460" lon="-51.0533590">
    <ele>876.3</ele>
   </trkpt>
   <trkpt lat="-26.3529800" lon="-51.0533450">
    <ele>876.9</ele>
   </trkpt>
   <trkpt lat="-26.3530280" lon="-51.0533280">
    <ele>877.7</ele>
   </trkpt>
   <trkpt lat="-26.3530500" lon="-51.0533190">
    <ele>878.0</ele>
   </trkpt>
   <trkpt lat="-26.3530710" lon="-51.0533020">
    <ele>878.3</ele>
   </trkpt>
   <trkpt lat="-26.3530900" lon="-51.0532850">
    <ele>878.6</ele>
   </trkpt>
   <trkpt lat="-26.3531130" lon="-51.0532630">
    <ele>879.0</ele>
   </trkpt>
   <trkpt lat="-26.3531440" lon="-51.0532520">
    <ele>879.3</ele>
   </trkpt>
   <trkpt lat="-26.3531720" lon="-51.0532310">
    <ele>879.6</ele>
   </trkpt>
   <trkpt lat="-26.3532020" lon="-51.0532210">
    <ele>879.9</ele>
   </trkpt>
   <trkpt lat="-26.3532340" lon="-51.0532110">
    <ele>880.2</ele>
   </trkpt>
   <trkpt lat="-26.3532690" lon="-51.0531830">
    <ele>880.6</ele>
   </trkpt>
   <trkpt lat="-26.3533050" lon="-51.0531750">
    <ele>880.9</ele>
   </trkpt>
   <trkpt lat="-26.3533390" lon="-51.0531680">
    <ele>881.1</ele>
   </trkpt>
   <trkpt lat="-26.3533720" lon="-51.0531620">
    <ele>881.3</ele>
   </trkpt>
   <trkpt lat="-26.3533940" lon="-51.0531560">
    <ele>881.5</ele>
   </trkpt>
   <trkpt lat="-26.3534210" lon="-51.0531470">
    <ele>881.7</ele>
   </trkpt>
   <trkpt lat="-26.3534500" lon="-51.0531410">
    <ele>881.9</ele>
   </trkpt>
   <trkpt lat="-26.3534840" lon="-51.0531260">
    <ele>882.1</ele>
   </trkpt>
   <trkpt lat="-26.3535110" lon="-51.0531070">
    <ele>882.4</ele>
   </trkpt>
   <trkpt lat="-26.3535380" lon="-51.0530830">
    <ele>882.6</ele>
   </trkpt>
   <trkpt lat="-26.3535670" lon="-51.0530720">
    <ele>882.9</ele>
   </trkpt>
   <trkpt lat="-26.3535970" lon="-51.0530830">
    <ele>883.1</ele>
   </trkpt>
   <trkpt lat="-26.3536250" lon="-51.0530880">
    <ele>883.3</ele>
   </trkpt>
   <trkpt lat="-26.3536530" lon="-51.0531080">
    <ele>883.6</ele>
   </trkpt>
   <trkpt lat="-26.3536870" lon="-51.0531140">
    <ele>883.9</ele>
   </trkpt>
   <trkpt lat="-26.3537190" lon="-51.0531060">
    <ele>884.2</ele>
   </trkpt>
   <trkpt lat="-26.3537400" lon="-51.0531070">
    <ele>884.3</ele>
   </trkpt>
   <trkpt lat="-26.3537620" lon="-51.0531030">
    <ele>884.5</ele>
   </trkpt>
   <trkpt lat="-26.3537930" lon="-51.0530950">
    <ele>884.8</ele>
   </trkpt>
   <trkpt lat="-26.3538230" lon="-51.0530900">
    <ele>885.1</ele>
   </trkpt>
   <trkpt lat="-26.3538550" lon="-51.0530990">
    <ele>885.4</ele>
   </trkpt>
   <trkpt lat="-26.3538910" lon="-51.0530950">
    <ele>885.7</ele>
   </trkpt>
   <trkpt lat="-26.3539270" lon="-51.0530950">
    <ele>886.1</ele>
   </trkpt>
   <trkpt lat="-26.3539560" lon="-51.0530940">
    <ele>886.4</ele>
   </trkpt>
   <trkpt lat="-26.3539780" lon="-51.0530940">
    <ele>886.7</ele>
   </trkpt>
   <trkpt lat="-26.3540050" lon="-51.0530860">
    <ele>887.0</ele>
   </trkpt>
   <trkpt lat="-26.3540280" lon="-51.0530820">
    <ele>887.3</ele>
   </trkpt>
   <trkpt lat="-26.3540510" lon="-51.0530740">
    <ele>887.6</ele>
   </trkpt>
   <trkpt lat="-26.3540830" lon="-51.0530660">
    <ele>888.0</ele>
   </trkpt>
   <trkpt lat="-26.3541120" lon="-51.0530620">
    <ele>888.3</ele>
   </trkpt>
   <trkpt lat="-26.3541370" lon="-51.0530730">
    <ele>888.7</ele>
   </trkpt>
   <trkpt lat="-26.3541670" lon="-51.0530870">
    <ele>889.0</ele>
   </trkpt>
   <trkpt lat="-26.3541970" lon="-51.0530930">
    <ele>889.4</ele>
   </trkpt>
   <trkpt lat="-26.3542220" lon="-51.0531040">
    <ele>889.7</ele>
   </trkpt>
   <trkpt lat="-26.3542440" lon="-51.0531100">
    <ele>889.9</ele>
   </trkpt>
   <trkpt lat="-26.3542670" lon="-51.0531180">
    <ele>890.1</ele>
   </trkpt>
   <trkpt lat="-26.3542920" lon="-51.0531260">
    <ele>890.2</ele>
   </trkpt>
   <trkpt lat="-26.3543150" lon="-51.0531340">
    <ele>890.4</ele>
   </trkpt>
   <trkpt lat="-26.3543360" lon="-51.0531410">
    <ele>890.5</ele>
   </trkpt>
   <trkpt lat="-26.3543600" lon="-51.0531480">
    <ele>890.5</ele>
   </trkpt>
   <trkpt lat="-26.3543830" lon="-51.0531540">
    <ele>890.6</ele>
   </trkpt>
   <trkpt lat="-26.3544060" lon="-51.0531600">
    <ele>890.6</ele>
   </trkpt>
   <trkpt lat="-26.3544340" lon="-51.0531660">
    <ele>890.6</ele>
   </trkpt>
   <trkpt lat="-26.3544650" lon="-51.0531710">
    <ele>890.6</ele>
   </trkpt>
   <trkpt lat="-26.3544940" lon="-51.0531750">
    <ele>890.6</ele>
   </trkpt>
   <trkpt lat="-26.3545370" lon="-51.0531750">
    <ele>890.5</ele>
   </trkpt>
   <trkpt lat="-26.3545940" lon="-51.0531790">
    <ele>890.5</ele>
   </trkpt>
   <trkpt lat="-26.3546420" lon="-51.0531820">
    <ele>890.5</ele>
   </trkpt>
   <trkpt lat="-26.3546870" lon="-51.0531850">
    <ele>890.5</ele>
   </trkpt>
   <trkpt lat="-26.3547230" lon="-51.0531830">
    <ele>890.6</ele>
   </trkpt>
   <trkpt lat="-26.3547750" lon="-51.0531800">
    <ele>890.7</ele>
   </trkpt>
   <trkpt lat="-26.3548190" lon="-51.0531730">
    <ele>890.9</ele>
   </trkpt>
   <trkpt lat="-26.3548620" lon="-51.0531690">
    <ele>891.1</ele>
   </trkpt>
   <trkpt lat="-26.3549030" lon="-51.0531630">
    <ele>891.2</ele>
   </trkpt>
   <trkpt lat="-26.3549450" lon="-51.0531600">
    <ele>891.4</ele>
   </trkpt>
   <trkpt lat="-26.3549890" lon="-51.0531580">
    <ele>891.5</ele>
   </trkpt>
   <trkpt lat="-26.3550350" lon="-51.0531550">
    <ele>891.5</ele>
   </trkpt>
   <trkpt lat="-26.3550840" lon="-51.0531510">
    <ele>891.5</ele>
   </trkpt>
   <trkpt lat="-26.3551330" lon="-51.0531510">
    <ele>891.5</ele>
   </trkpt>
   <trkpt lat="-26.3551840" lon="-51.0531520">
    <ele>891.4</ele>
   </trkpt>
   <trkpt lat="-26.3552320" lon="-51.0531530">
    <ele>891.5</ele>
   </trkpt>
   <trkpt lat="-26.3552840" lon="-51.0531540">
    <ele>891.6</ele>
   </trkpt>
   <trkpt lat="-26.3553340" lon="-51.0531580">
    <ele>891.7</ele>
   </trkpt>
   <trkpt lat="-26.3553800" lon="-51.0531660">
    <ele>892.0</ele>
   </trkpt>
   <trkpt lat="-26.3554270" lon="-51.0531800">
    <ele>892.3</ele>
   </trkpt>
   <trkpt lat="-26.3554720" lon="-51.0531940">
    <ele>892.5</ele>
   </trkpt>
   <trkpt lat="-26.3555170" lon="-51.0532070">
    <ele>892.8</ele>
   </trkpt>
   <trkpt lat="-26.3555610" lon="-51.0532170">
    <ele>893.0</ele>
   </trkpt>
   <trkpt lat="-26.3556030" lon="-51.0532250">
    <ele>893.2</ele>
   </trkpt>
   <trkpt lat="-26.3556420" lon="-51.0532300">
    <ele>893.4</ele>
   </trkpt>
   <trkpt lat="-26.3556770" lon="-51.0532330">
    <ele>893.6</ele>
   </trkpt>
   <trkpt lat="-26.3557110" lon="-51.0532360">
    <ele>893.8</ele>
   </trkpt>
   <trkpt lat="-26.3557470" lon="-51.0532380">
    <ele>894.0</ele>
   </trkpt>
   <trkpt lat="-26.3557860" lon="-51.0532340">
    <ele>894.2</ele>
   </trkpt>
   <trkpt lat="-26.3558220" lon="-51.0532280">
    <ele>894.3</ele>
   </trkpt>
   <trkpt lat="-26.3558560" lon="-51.0532240">
    <ele>894.5</ele>
   </trkpt>
   <trkpt lat="-26.3558880" lon="-51.0532210">
    <ele>894.6</ele>
   </trkpt>
   <trkpt lat="-26.3559220" lon="-51.0532180">
    <ele>894.8</ele>
   </trkpt>
   <trkpt lat="-26.3559580" lon="-51.0532130">
    <ele>894.9</ele>
   </trkpt>
   <trkpt lat="-26.3559950" lon="-51.0532060">
    <ele>895.0</ele>
   </trkpt>
   <trkpt lat="-26.3560330" lon="-51.0532050">
    <ele>895.2</ele>
   </trkpt>
   <trkpt lat="-26.3560690" lon="-51.0532020">
    <ele>895.3</ele>
   </trkpt>
   <trkpt lat="-26.3561060" lon="-51.0531960">
    <ele>895.5</ele>
   </trkpt>
   <trkpt lat="-26.3561400" lon="-51.0531900">
    <ele>895.6</ele>
   </trkpt>
   <trkpt lat="-26.3561870" lon="-51.0531800">
    <ele>895.8</ele>
   </trkpt>
   <trkpt lat="-26.3562220" lon="-51.0531740">
    <ele>896.0</ele>
   </trkpt>
   <trkpt lat="-26.3562590" lon="-51.0531720">
    <ele>896.2</ele>
   </trkpt>
   <trkpt lat="-26.3562980" lon="-51.0531650">
    <ele>896.5</ele>
   </trkpt>
   <trkpt lat="-26.3563410" lon="-51.0531520">
    <ele>896.8</ele>
   </trkpt>
   <trkpt lat="-26.3563810" lon="-51.0531440">
    <ele>897.0</ele>
   </trkpt>
   <trkpt lat="-26.3564220" lon="-51.0531360">
    <ele>897.3</ele>
   </trkpt>
   <trkpt lat="-26.3564590" lon="-51.0531310">
    <ele>897.6</ele>
   </trkpt>
   <trkpt lat="-26.3564980" lon="-51.0531200">
    <ele>897.9</ele>
   </trkpt>
   <trkpt lat="-26.3565370" lon="-51.0531050">
    <ele>898.2</ele>
   </trkpt>
   <trkpt lat="-26.3565780" lon="-51.0530930">
    <ele>898.6</ele>
   </trkpt>
   <trkpt lat="-26.3566200" lon="-51.0530820">
    <ele>899.1</ele>
   </trkpt>
   <trkpt lat="-26.3566580" lon="-51.0530670">
    <ele>899.5</ele>
   </trkpt>
   <trkpt lat="-26.3566930" lon="-51.0530570">
    <ele>899.9</ele>
   </trkpt>
   <trkpt lat="-26.3567290" lon="-51.0530460">
    <ele>900.4</ele>
   </trkpt>
   <trkpt lat="-26.3567650" lon="-51.0530380">
    <ele>900.9</ele>
   </trkpt>
   <trkpt lat="-26.3568000" lon="-51.0530320">
    <ele>901.4</ele>
   </trkpt>
   <trkpt lat="-26.3568380" lon="-51.0530260">
    <ele>901.9</ele>
   </trkpt>
   <trkpt lat="-26.3568820" lon="-51.0530120">
    <ele>902.5</ele>
   </trkpt>
   <trkpt lat="-26.3569290" lon="-51.0529990">
    <ele>903.1</ele>
   </trkpt>
   <trkpt lat="-26.3569690" lon="-51.0529790">
    <ele>903.5</ele>
   </trkpt>
   <trkpt lat="-26.3569970" lon="-51.0529690">
    <ele>903.9</ele>
   </trkpt>
   <trkpt lat="-26.3570380" lon="-51.0529600">
    <ele>904.3</ele>
   </trkpt>
   <trkpt lat="-26.3570770" lon="-51.0529580">
    <ele>904.6</ele>
   </trkpt>
   <trkpt lat="-26.3571220" lon="-51.0529450">
    <ele>905.0</ele>
   </trkpt>
   <trkpt lat="-26.3571600" lon="-51.0529280">
    <ele>905.3</ele>
   </trkpt>
   <trkpt lat="-26.3572140" lon="-51.0529020">
    <ele>905.7</ele>
   </trkpt>
   <trkpt lat="-26.3572630" lon="-51.0528830">
    <ele>906.0</ele>
   </trkpt>
   <trkpt lat="-26.3573160" lon="-51.0528620">
    <ele>906.3</ele>
   </trkpt>
   <trkpt lat="-26.3573580" lon="-51.0528510">
    <ele>906.5</ele>
   </trkpt>
   <trkpt lat="-26.3573990" lon="-51.0528500">
    <ele>906.7</ele>
   </trkpt>
   <trkpt lat="-26.3574620" lon="-51.0528310">
    <ele>907.0</ele>
   </trkpt>
   <trkpt lat="-26.3575150" lon="-51.0528250">
    <ele>907.1</ele>
   </trkpt>
   <trkpt lat="-26.3575660" lon="-51.0528290">
    <ele>907.2</ele>
   </trkpt>
   <trkpt lat="-26.3576160" lon="-51.0528380">
    <ele>907.4</ele>
   </trkpt>
   <trkpt lat="-26.3576610" lon="-51.0528490">
    <ele>907.6</ele>
   </trkpt>
   <trkpt lat="-26.3577090" lon="-51.0528610">
    <ele>908.0</ele>
   </trkpt>
   <trkpt lat="-26.3577520" lon="-51.0528720">
    <ele>908.3</ele>
   </trkpt>
   <trkpt lat="-26.3577940" lon="-51.0528800">
    <ele>908.7</ele>
   </trkpt>
   <trkpt lat="-26.3578360" lon="-51.0528870">
    <ele>909.1</ele>
   </trkpt>
   <trkpt lat="-26.3578700" lon="-51.0528860">
    <ele>909.5</ele>
   </trkpt>
   <trkpt lat="-26.3579250" lon="-51.0528800">
    <ele>909.9</ele>
   </trkpt>
   <trkpt lat="-26.3579710" lon="-51.0528800">
    <ele>910.3</ele>
   </trkpt>
   <trkpt lat="-26.3580120" lon="-51.0528860">
    <ele>910.6</ele>
   </trkpt>
   <trkpt lat="-26.3580420" lon="-51.0528890">
    <ele>910.8</ele>
   </trkpt>
   <trkpt lat="-26.3580760" lon="-51.0528900">
    <ele>910.9</ele>
   </trkpt>
   <trkpt lat="-26.3581080" lon="-51.0528990">
    <ele>911.1</ele>
   </trkpt>
   <trkpt lat="-26.3581460" lon="-51.0529170">
    <ele>911.3</ele>
   </trkpt>
   <trkpt lat="-26.3581800" lon="-51.0529410">
    <ele>911.4</ele>
   </trkpt>
   <trkpt lat="-26.3582100" lon="-51.0529680">
    <ele>911.6</ele>
   </trkpt>
   <trkpt lat="-26.3582440" lon="-51.0530040">
    <ele>911.7</ele>
   </trkpt>
   <trkpt lat="-26.3582760" lon="-51.0530410">
    <ele>911.9</ele>
   </trkpt>
   <trkpt lat="-26.3582990" lon="-51.0530780">
    <ele>912.0</ele>
   </trkpt>
   <trkpt lat="-26.3583220" lon="-51.0531130">
    <ele>912.1</ele>
   </trkpt>
   <trkpt lat="-26.3583460" lon="-51.0531510">
    <ele>912.3</ele>
   </trkpt>
   <trkpt lat="-26.3583690" lon="-51.0531930">
    <ele>912.4</ele>
   </trkpt>
   <trkpt lat="-26.3583890" lon="-51.0532430">
    <ele>912.6</ele>
   </trkpt>
   <trkpt lat="-26.3584040" lon="-51.0532750">
    <ele>912.7</ele>
   </trkpt>
   <trkpt lat="-26.3584180" lon="-51.0532980">
    <ele>912.8</ele>
   </trkpt>
   <trkpt lat="-26.3584300" lon="-51.0533200">
    <ele>912.9</ele>
   </trkpt>
   <trkpt lat="-26.3584500" lon="-51.0533610">
    <ele>913.1</ele>
   </trkpt>
   <trkpt lat="-26.3584700" lon="-51.0533930">
    <ele>913.2</ele>
   </trkpt>
   <trkpt lat="-26.3584900" lon="-51.0534230">
    <ele>913.4</ele>
   </trkpt>
   <trkpt lat="-26.3585150" lon="-51.0534540">
    <ele>913.6</ele>
   </trkpt>
   <trkpt lat="-26.3585430" lon="-51.0534950">
    <ele>913.9</ele>
   </trkpt>
   <trkpt lat="-26.3585660" lon="-51.0535340">
    <ele>914.3</ele>
   </trkpt>
   <trkpt lat="-26.3585890" lon="-51.0535760">
    <ele>914.6</ele>
   </trkpt>
   <trkpt lat="-26.3586040" lon="-51.0535960">
    <ele>914.8</ele>
   </trkpt>
   <trkpt lat="-26.3586180" lon="-51.0536180">
    <ele>915.1</ele>
   </trkpt>
   <trkpt lat="-26.3586320" lon="-51.0536430">
    <ele>915.4</ele>
   </trkpt>
   <trkpt lat="-26.3586440" lon="-51.0536660">
    <ele>915.6</ele>
   </trkpt>
   <trkpt lat="-26.3586460" lon="-51.0536960">
    <ele>915.9</ele>
   </trkpt>
   <trkpt lat="-26.3586540" lon="-51.0537300">
    <ele>916.2</ele>
   </trkpt>
   <trkpt lat="-26.3586570" lon="-51.0537560">
    <ele>916.4</ele>
   </trkpt>
   <trkpt lat="-26.3586640" lon="-51.0537800">
    <ele>916.6</ele>
   </trkpt>
   <trkpt lat="-26.3586620" lon="-51.0538030">
    <ele>916.8</ele>
   </trkpt>
   <trkpt lat="-26.3586570" lon="-51.0538280">
    <ele>917.0</ele>
   </trkpt>
   <trkpt lat="-26.3586500" lon="-51.0538540">
    <ele>917.3</ele>
   </trkpt>
   <trkpt lat="-26.3586440" lon="-51.0538850">
    <ele>917.5</ele>
   </trkpt>
   <trkpt lat="-26.3586330" lon="-51.0539190">
    <ele>917.8</ele>
   </trkpt>
   <trkpt lat="-26.3586230" lon="-51.0539480">
    <ele>918.0</ele>
   </trkpt>
   <trkpt lat="-26.3586110" lon="-51.0539800">
    <ele>918.2</ele>
   </trkpt>
   <trkpt lat="-26.3585970" lon="-51.0540170">
    <ele>918.5</ele>
   </trkpt>
   <trkpt lat="-26.3585810" lon="-51.0540460">
    <ele>918.7</ele>
   </trkpt>
   <trkpt lat="-26.3585700" lon="-51.0540690">
    <ele>918.8</ele>
   </trkpt>
   <trkpt lat="-26.3585510" lon="-51.0541030">
    <ele>918.9</ele>
   </trkpt>
   <trkpt lat="-26.3585350" lon="-51.0541310">
    <ele>919.1</ele>
   </trkpt>
   <trkpt lat="-26.3585180" lon="-51.0541620">
    <ele>919.2</ele>
   </trkpt>
   <trkpt lat="-26.3585060" lon="-51.0541860">
    <ele>919.2</ele>
   </trkpt>
   <trkpt lat="-26.3584870" lon="-51.0542210">
    <ele>919.3</ele>
   </trkpt>
   <trkpt lat="-26.3584760" lon="-51.0542470">
    <ele>919.4</ele>
   </trkpt>
   <trkpt lat="-26.3584610" lon="-51.0542850">
    <ele>919.5</ele>
   </trkpt>
   <trkpt lat="-26.3584480" lon="-51.0543170">
    <ele>919.5</ele>
   </trkpt>
   <trkpt lat="-26.3584370" lon="-51.0543500">
    <ele>919.6</ele>
   </trkpt>
   <trkpt lat="-26.3584280" lon="-51.0543770">
    <ele>919.6</ele>
   </trkpt>
   <trkpt lat="-26.3584170" lon="-51.0544180">
    <ele>919.7</ele>
   </trkpt>
   <trkpt lat="-26.3584110" lon="-51.0544520">
    <ele>919.8</ele>
   </trkpt>
   <trkpt lat="-26.3584070" lon="-51.0544870">
    <ele>919.8</ele>
   </trkpt>
   <trkpt lat="-26.3584040" lon="-51.0545240">
    <ele>919.9</ele>
   </trkpt>
   <trkpt lat="-26.3584020" lon="-51.0545610">
    <ele>919.9</ele>
   </trkpt>
   <trkpt lat="-26.3584020" lon="-51.0545980">
    <ele>920.0</ele>
   </trkpt>
   <trkpt lat="-26.3584060" lon="-51.0546340">
    <ele>920.1</ele>
   </trkpt>
   <trkpt lat="-26.3584080" lon="-51.0546680">
    <ele>920.2</ele>
   </trkpt>
   <trkpt lat="-26.3584120" lon="-51.0547010">
    <ele>920.3</ele>
   </trkpt>
   <trkpt lat="-26.3584200" lon="-51.0547370">
    <ele>920.5</ele>
   </trkpt>
   <trkpt lat="-26.3584300" lon="-51.0547730">
    <ele>920.6</ele>
   </trkpt>
   <trkpt lat="-26.3584430" lon="-51.0548060">
    <ele>920.8</ele>
   </trkpt>
   <trkpt lat="-26.3584580" lon="-51.0548320">
    <ele>921.0</ele>
   </trkpt>
   <trkpt lat="-26.3584740" lon="-51.0548570">
    <ele>921.2</ele>
   </trkpt>
   <trkpt lat="-26.3584870" lon="-51.0548750">
    <ele>921.4</ele>
   </trkpt>
   <trkpt lat="-26.3585090" lon="-51.0549000">
    <ele>921.7</ele>
   </trkpt>
   <trkpt lat="-26.3585300" lon="-51.0549200">
    <ele>921.9</ele>
   </trkpt>
   <trkpt lat="-26.3585500" lon="-51.0549380">
    <ele>922.2</ele>
   </trkpt>
   <trkpt lat="-26.3585680" lon="-51.0549530">
    <ele>922.5</ele>
   </trkpt>
   <trkpt lat="-26.3585860" lon="-51.0549660">
    <ele>922.7</ele>
   </trkpt>
   <trkpt lat="-26.3586020" lon="-51.0549750">
    <ele>923.0</ele>
   </trkpt>
   <trkpt lat="-26.3586190" lon="-51.0549750">
    <ele>923.2</ele>
   </trkpt>
   <trkpt lat="-26.3586370" lon="-51.0549740">
    <ele>923.5</ele>
   </trkpt>
   <trkpt lat="-26.3586530" lon="-51.0549740">
    <ele>923.7</ele>
   </trkpt>
   <trkpt lat="-26.3586700" lon="-51.0549740">
    <ele>924.0</ele>
   </trkpt>
   <trkpt lat="-26.3586900" lon="-51.0549730">
    <ele>924.3</ele>
   </trkpt>
   <trkpt lat="-26.3587090" lon="-51.0549730">
    <ele>924.6</ele>
   </trkpt>
   <trkpt lat="-26.3587330" lon="-51.0549710">
    <ele>925.0</ele>
   </trkpt>
   <trkpt lat="-26.3587550" lon="-51.0549670">
    <ele>925.4</ele>
   </trkpt>
   <trkpt lat="-26.3587750" lon="-51.0549650">
    <ele>925.7</ele>
   </trkpt>
   <trkpt lat="-26.3587910" lon="-51.0549640">
    <ele>926.0</ele>
   </trkpt>
   <trkpt lat="-26.3588060" lon="-51.0549600">
    <ele>926.2</ele>
   </trkpt>
   <trkpt lat="-26.3588260" lon="-51.0549450">
    <ele>926.6</ele>
   </trkpt>
   <trkpt lat="-26.3588460" lon="-51.0549270">
    <ele>927.1</ele>
   </trkpt>
   <trkpt lat="-26.3588640" lon="-51.0549190">
    <ele>927.4</ele>
   </trkpt>
   <trkpt lat="-26.3588840" lon="-51.0549200">
    <ele>927.7</ele>
   </trkpt>
   <trkpt lat="-26.3589060" lon="-51.0549160">
    <ele>928.0</ele>
   </trkpt>
   <trkpt lat="-26.3589230" lon="-51.0549050">
    <ele>928.3</ele>
   </trkpt>
   <trkpt lat="-26.3589420" lon="-51.0549060">
    <ele>928.6</ele>
   </trkpt>
   <trkpt lat="-26.3589600" lon="-51.0548950">
    <ele>928.9</ele>
   </trkpt>
   <trkpt lat="-26.3589810" lon="-51.0548860">
    <ele>929.2</ele>
   </trkpt>
   <trkpt lat="-26.3590010" lon="-51.0548800">
    <ele>929.5</ele>
   </trkpt>
   <trkpt lat="-26.3590210" lon="-51.0548710">
    <ele>929.7</ele>
   </trkpt>
   <trkpt lat="-26.3590330" lon="-51.0548630">
    <ele>929.9</ele>
   </trkpt>
   <trkpt lat="-26.3590440" lon="-51.0548580">
    <ele>930.0</ele>
   </trkpt>
   <trkpt lat="-26.3590630" lon="-51.0548480">
    <ele>930.3</ele>
   </trkpt>
   <trkpt lat="-26.3590860" lon="-51.0548260">
    <ele>930.7</ele>
   </trkpt>
   <trkpt lat="-26.3591080" lon="-51.0548070">
    <ele>931.0</ele>
   </trkpt>
   <trkpt lat="-26.3591250" lon="-51.0547990">
    <ele>931.2</ele>
   </trkpt>
   <trkpt lat="-26.3591420" lon="-51.0547820">
    <ele>931.5</ele>
   </trkpt>
   <trkpt lat="-26.3591540" lon="-51.0547700">
    <ele>931.7</ele>
   </trkpt>
   <trkpt lat="-26.3591540" lon="-51.0547700">
    <ele>931.7</ele>
   </trkpt>
   <trkpt lat="-26.3591770" lon="-51.0547450">
    <ele>932.1</ele>
   </trkpt>
   <trkpt lat="-26.3591970" lon="-51.0547410">
    <ele>932.3</ele>
   </trkpt>
   <trkpt lat="-26.3592130" lon="-51.0547250">
    <ele>932.6</ele>
   </trkpt>
   <trkpt lat="-26.3592290" lon="-51.0547080">
    <ele>932.9</ele>
   </trkpt>
   <trkpt lat="-26.3592430" lon="-51.0546960">
    <ele>933.2</ele>
   </trkpt>
   <trkpt lat="-26.3592640" lon="-51.0546790">
    <ele>933.5</ele>
   </trkpt>
   <trkpt lat="-26.3592820" lon="-51.0546690">
    <ele>933.8</ele>
   </trkpt>
   <trkpt lat="-26.3592980" lon="-51.0546570">
    <ele>934.1</ele>
   </trkpt>
   <trkpt lat="-26.3593220" lon="-51.0546360">
    <ele>934.5</ele>
   </trkpt>
   <trkpt lat="-26.3593380" lon="-51.0546220">
    <ele>934.8</ele>
   </trkpt>
   <trkpt lat="-26.3593590" lon="-51.0546020">
    <ele>935.2</ele>
   </trkpt>
   <trkpt lat="-26.3593780" lon="-51.0545920">
    <ele>935.5</ele>
   </trkpt>
   <trkpt lat="-26.3593940" lon="-51.0545820">
    <ele>935.8</ele>
   </trkpt>
   <trkpt lat="-26.3594190" lon="-51.0545640">
    <ele>936.2</ele>
   </trkpt>
   <trkpt lat="-26.3594400" lon="-51.0545530">
    <ele>936.5</ele>
   </trkpt>
   <trkpt lat="-26.3594570" lon="-51.0545380">
    <ele>936.9</ele>
   </trkpt>
   <trkpt lat="-26.3594810" lon="-51.0545220">
    <ele>937.3</ele>
   </trkpt>
   <trkpt lat="-26.3594970" lon="-51.0545140">
    <ele>937.5</ele>
   </trkpt>
   <trkpt lat="-26.3595170" lon="-51.0545000">
    <ele>937.9</ele>
   </trkpt>
   <trkpt lat="-26.3595380" lon="-51.0544820">
    <ele>938.3</ele>
   </trkpt>
   <trkpt lat="-26.3595550" lon="-51.0544700">
    <ele>938.6</ele>
   </trkpt>
   <trkpt lat="-26.3595740" lon="-51.0544550">
    <ele>938.9</ele>
   </trkpt>
   <trkpt lat="-26.3595910" lon="-51.0544390">
    <ele>939.2</ele>
   </trkpt>
   <trkpt lat="-26.3596120" lon="-51.0544230">
    <ele>939.6</ele>
   </trkpt>
   <trkpt lat="-26.3596330" lon="-51.0544110">
    <ele>939.9</ele>
   </trkpt>
   <trkpt lat="-26.3596550" lon="-51.0544000">
    <ele>940.2</ele>
   </trkpt>
   <trkpt lat="-26.3596820" lon="-51.0543870">
    <ele>940.6</ele>
   </trkpt>
   <trkpt lat="-26.3596990" lon="-51.0543780">
    <ele>940.8</ele>
   </trkpt>
   <trkpt lat="-26.3597200" lon="-51.0543670">
    <ele>941.1</ele>
   </trkpt>
   <trkpt lat="-26.3597420" lon="-51.0543550">
    <ele>941.4</ele>
   </trkpt>
   <trkpt lat="-26.3597640" lon="-51.0543450">
    <ele>941.7</ele>
   </trkpt>
   <trkpt lat="-26.3597910" lon="-51.0543330">
    <ele>942.0</ele>
   </trkpt>
   <trkpt lat="-26.3598140" lon="-51.0543280">
    <ele>942.3</ele>
   </trkpt>
   <trkpt lat="-26.3598340" lon="-51.0543210">
    <ele>942.5</ele>
   </trkpt>
   <trkpt lat="-26.3598600" lon="-51.0543120">
    <ele>942.8</ele>
   </trkpt>
   <trkpt lat="-26.3598830" lon="-51.0543070">
    <ele>943.1</ele>
   </trkpt>
   <trkpt lat="-26.3599090" lon="-51.0542980">
    <ele>943.3</ele>
   </trkpt>
   <trkpt lat="-26.3599310" lon="-51.0542920">
    <ele>943.5</ele>
   </trkpt>
   <trkpt lat="-26.3599510" lon="-51.0542890">
    <ele>943.7</ele>
   </trkpt>
   <trkpt lat="-26.3599800" lon="-51.0542840">
    <ele>943.9</ele>
   </trkpt>
   <trkpt lat="-26.3600140" lon="-51.0542820">
    <ele>944.2</ele>
   </trkpt>
   <trkpt lat="-26.3600420" lon="-51.0542890">
    <ele>944.4</ele>
   </trkpt>
   <trkpt lat="-26.3600710" lon="-51.0543030">
    <ele>944.7</ele>
   </trkpt>
   <trkpt lat="-26.3600950" lon="-51.0543110">
    <ele>944.8</ele>
   </trkpt>
   <trkpt lat="-26.3601240" lon="-51.0543180">
    <ele>945.0</ele>
   </trkpt>
   <trkpt lat="-26.3601550" lon="-51.0543270">
    <ele>945.3</ele>
   </trkpt>
   <trkpt lat="-26.3601910" lon="-51.0543430">
    <ele>945.5</ele>
   </trkpt>
   <trkpt lat="-26.3602220" lon="-51.0543560">
    <ele>945.8</ele>
   </trkpt>
   <trkpt lat="-26.3602520" lon="-51.0543670">
    <ele>946.0</ele>
   </trkpt>
   <trkpt lat="-26.3602740" lon="-51.0543760">
    <ele>946.1</ele>
   </trkpt>
   <trkpt lat="-26.3603100" lon="-51.0543890">
    <ele>946.4</ele>
   </trkpt>
   <trkpt lat="-26.3603440" lon="-51.0544030">
    <ele>946.6</ele>
   </trkpt>
   <trkpt lat="-26.3603820" lon="-51.0544130">
    <ele>946.8</ele>
   </trkpt>
   <trkpt lat="-26.3604190" lon="-51.0544220">
    <ele>947.0</ele>
   </trkpt>
   <trkpt lat="-26.3604510" lon="-51.0544270">
    <ele>947.1</ele>
   </trkpt>
   <trkpt lat="-26.3604920" lon="-51.0544410">
    <ele>947.3</ele>
   </trkpt>
   <trkpt lat="-26.3605290" lon="-51.0544460">
    <ele>947.5</ele>
   </trkpt>
   <trkpt lat="-26.3605680" lon="-51.0544560">
    <ele>947.7</ele>
   </trkpt>
   <trkpt lat="-26.3605970" lon="-51.0544630">
    <ele>947.9</ele>
   </trkpt>
   <trkpt lat="-26.3606240" lon="-51.0544660">
    <ele>948.0</ele>
   </trkpt>
   <trkpt lat="-26.3606480" lon="-51.0544710">
    <ele>948.1</ele>
   </trkpt>
   <trkpt lat="-26.3606840" lon="-51.0544830">
    <ele>948.3</ele>
   </trkpt>
   <trkpt lat="-26.3607300" lon="-51.0544850">
    <ele>948.5</ele>
   </trkpt>
   <trkpt lat="-26.3607660" lon="-51.0544870">
    <ele>948.7</ele>
   </trkpt>
   <trkpt lat="-26.3607990" lon="-51.0544900">
    <ele>948.9</ele>
   </trkpt>
   <trkpt lat="-26.3608340" lon="-51.0544810">
    <ele>949.0</ele>
   </trkpt>
   <trkpt lat="-26.3608740" lon="-51.0544840">
    <ele>949.2</ele>
   </trkpt>
   <trkpt lat="-26.3609170" lon="-51.0544870">
    <ele>949.5</ele>
   </trkpt>
   <trkpt lat="-26.3609530" lon="-51.0544920">
    <ele>949.6</ele>
   </trkpt>
   <trkpt lat="-26.3609920" lon="-51.0544990">
    <ele>949.8</ele>
   </trkpt>
   <trkpt lat="-26.3610300" lon="-51.0545080">
    <ele>950.0</ele>
   </trkpt>
   <trkpt lat="-26.3610590" lon="-51.0545200">
    <ele>950.1</ele>
   </trkpt>
   <trkpt lat="-26.3611030" lon="-51.0545260">
    <ele>950.3</ele>
   </trkpt>
   <trkpt lat="-26.3611420" lon="-51.0545320">
    <ele>950.5</ele>
   </trkpt>
   <trkpt lat="-26.3611830" lon="-51.0545520">
    <ele>950.7</ele>
   </trkpt>
   <trkpt lat="-26.3612230" lon="-51.0545670">
    <ele>950.9</ele>
   </trkpt>
   <trkpt lat="-26.3612620" lon="-51.0545780">
    <ele>951.1</ele>
   </trkpt>
   <trkpt lat="-26.3613010" lon="-51.0545920">
    <ele>951.3</ele>
   </trkpt>
   <trkpt lat="-26.3613390" lon="-51.0546040">
    <ele>951.5</ele>
   </trkpt>
   <trkpt lat="-26.3613740" lon="-51.0546170">
    <ele>951.7</ele>
   </trkpt>
   <trkpt lat="-26.3614120" lon="-51.0546320">
    <ele>951.9</ele>
   </trkpt>
   <trkpt lat="-26.3614480" lon="-51.0546490">
    <ele>952.1</ele>
   </trkpt>
   <trkpt lat="-26.3614840" lon="-51.0546650">
    <ele>952.3</ele>
   </trkpt>
   <trkpt lat="-26.3615210" lon="-51.0546820">
    <ele>952.6</ele>
   </trkpt>
   <trkpt lat="-26.3615580" lon="-51.0547060">
    <ele>952.8</ele>
   </trkpt>
   <trkpt lat="-26.3615950" lon="-51.0547320">
    <ele>953.0</ele>
   </trkpt>
   <trkpt lat="-26.3616260" lon="-51.0547510">
    <ele>953.2</ele>
   </trkpt>
   <trkpt lat="-26.3616710" lon="-51.0547810">
    <ele>953.4</ele>
   </trkpt>
   <trkpt lat="-26.3617000" lon="-51.0548050">
    <ele>953.5</ele>
   </trkpt>
   <trkpt lat="-26.3617360" lon="-51.0548320">
    <ele>953.6</ele>
   </trkpt>
   <trkpt lat="-26.3617670" lon="-51.0548570">
    <ele>953.5</ele>
   </trkpt>
   <trkpt lat="-26.3618000" lon="-51.0548810">
    <ele>953.3</ele>
   </trkpt>
   <trkpt lat="-26.3618320" lon="-51.0549050">
    <ele>953.1</ele>
   </trkpt>
   <trkpt lat="-26.3618690" lon="-51.0549330">
    <ele>952.6</ele>
   </trkpt>
   <trkpt lat="-26.3619170" lon="-51.0549620">
    <ele>952.0</ele>
   </trkpt>
   <trkpt lat="-26.3619720" lon="-51.0549880">
    <ele>951.4</ele>
   </trkpt>
   <trkpt lat="-26.3620370" lon="-51.0550110">
    <ele>950.6</ele>
   </trkpt>
   <trkpt lat="-26.3621060" lon="-51.0550290">
    <ele>950.0</ele>
   </trkpt>
   <trkpt lat="-26.3621770" lon="-51.0550400">
    <ele>949.4</ele>
   </trkpt>
   <trkpt lat="-26.3622470" lon="-51.0550510">
    <ele>949.0</ele>
   </trkpt>
   <trkpt lat="-26.3623150" lon="-51.0550630">
    <ele>948.6</ele>
   </trkpt>
   <trkpt lat="-26.3623860" lon="-51.0550700">
    <ele>948.2</ele>
   </trkpt>
   <trkpt lat="-26.3624620" lon="-51.0550670">
    <ele>947.8</ele>
   </trkpt>
   <trkpt lat="-26.3625450" lon="-51.0550590">
    <ele>947.3</ele>
   </trkpt>
   <trkpt lat="-26.3626350" lon="-51.0550560">
    <ele>946.9</ele>
   </trkpt>
   <trkpt lat="-26.3627220" lon="-51.0550620">
    <ele>946.5</ele>
   </trkpt>
   <trkpt lat="-26.3628070" lon="-51.0550660">
    <ele>946.2</ele>
   </trkpt>
   <trkpt lat="-26.3628920" lon="-51.0550740">
    <ele>946.0</ele>
   </trkpt>
   <trkpt lat="-26.3629750" lon="-51.0550840">
    <ele>945.8</ele>
   </trkpt>
   <trkpt lat="-26.3630770" lon="-51.0550950">
    <ele>945.6</ele>
   </trkpt>
   <trkpt lat="-26.3631650" lon="-51.0551010">
    <ele>945.5</ele>
   </trkpt>
   <trkpt lat="-26.3632540" lon="-51.0551040">
    <ele>945.4</ele>
   </trkpt>
   <trkpt lat="-26.3633460" lon="-51.0551040">
    <ele>945.3</ele>
   </trkpt>
   <trkpt lat="-26.3634400" lon="-51.0551140">
    <ele>945.0</ele>
   </trkpt>
   <trkpt lat="-26.3635360" lon="-51.0551330">
    <ele>944.5</ele>
   </trkpt>
   <trkpt lat="-26.3636330" lon="-51.0551650">
    <ele>943.9</ele>
   </trkpt>
   <trkpt lat="-26.3637270" lon="-51.0552120">
    <ele>943.4</ele>
   </trkpt>
   <trkpt lat="-26.3638190" lon="-51.0552660">
    <ele>943.1</ele>
   </trkpt>
   <trkpt lat="-26.3639050" lon="-51.0553290">
    <ele>943.1</ele>
   </trkpt>
   <trkpt lat="-26.3639910" lon="-51.0553890">
    <ele>943.3</ele>
   </trkpt>
   <trkpt lat="-26.3640800" lon="-51.0554460">
    <ele>943.4</ele>
   </trkpt>
   <trkpt lat="-26.3641660" lon="-51.0555060">
    <ele>943.7</ele>
   </trkpt>
   <trkpt lat="-26.3642510" lon="-51.0555650">
    <ele>944.0</ele>
   </trkpt>
   <trkpt lat="-26.3643350" lon="-51.0556230">
    <ele>944.5</ele>
   </trkpt>
   <trkpt lat="-26.3644180" lon="-51.0556810">
    <ele>945.0</ele>
   </trkpt>
   <trkpt lat="-26.3644990" lon="-51.0557390">
    <ele>945.4</ele>
   </trkpt>
   <trkpt lat="-26.3645770" lon="-51.0557920">
    <ele>945.5</ele>
   </trkpt>
   <trkpt lat="-26.3646540" lon="-51.0558480">
    <ele>945.4</ele>
   </trkpt>
   <trkpt lat="-26.3647350" lon="-51.0559070">
    <ele>945.0</ele>
   </trkpt>
   <trkpt lat="-26.3648130" lon="-51.0559660">
    <ele>944.4</ele>
   </trkpt>
   <trkpt lat="-26.3648930" lon="-51.0560310">
    <ele>943.7</ele>
   </trkpt>
   <trkpt lat="-26.3649720" lon="-51.0561020">
    <ele>943.0</ele>
   </trkpt>
   <trkpt lat="-26.3650500" lon="-51.0561790">
    <ele>942.4</ele>
   </trkpt>
   <trkpt lat="-26.3651270" lon="-51.0562610">
    <ele>942.1</ele>
   </trkpt>
   <trkpt lat="-26.3652070" lon="-51.0563400">
    <ele>941.9</ele>
   </trkpt>
   <trkpt lat="-26.3652860" lon="-51.0564180">
    <ele>942.0</ele>
   </trkpt>
   <trkpt lat="-26.3653630" lon="-51.0564940">
    <ele>942.1</ele>
   </trkpt>
   <trkpt lat="-26.3654340" lon="-51.0565670">
    <ele>942.5</ele>
   </trkpt>
   <trkpt lat="-26.3655020" lon="-51.0566370">
    <ele>942.9</ele>
   </trkpt>
   <trkpt lat="-26.3655670" lon="-51.0567030">
    <ele>943.4</ele>
   </trkpt>
   <trkpt lat="-26.3656270" lon="-51.0567690">
    <ele>944.0</ele>
   </trkpt>
   <trkpt lat="-26.3656840" lon="-51.0568270">
    <ele>944.6</ele>
   </trkpt>
   <trkpt lat="-26.3657420" lon="-51.0568680">
    <ele>945.1</ele>
   </trkpt>
   <trkpt lat="-26.3658080" lon="-51.0568920">
    <ele>945.6</ele>
   </trkpt>
   <trkpt lat="-26.3658780" lon="-51.0568980">
    <ele>945.9</ele>
   </trkpt>
   <trkpt lat="-26.3659520" lon="-51.0568850">
    <ele>946.2</ele>
   </trkpt>
   <trkpt lat="-26.3660270" lon="-51.0568580">
    <ele>946.4</ele>
   </trkpt>
   <trkpt lat="-26.3661020" lon="-51.0568240">
    <ele>946.5</ele>
   </trkpt>
   <trkpt lat="-26.3661740" lon="-51.0567850">
    <ele>946.6</ele>
   </trkpt>
   <trkpt lat="-26.3662420" lon="-51.0567440">
    <ele>946.6</ele>
   </trkpt>
   <trkpt lat="-26.3663060" lon="-51.0567030">
    <ele>946.5</ele>
   </trkpt>
   <trkpt lat="-26.3663670" lon="-51.0566590">
    <ele>946.4</ele>
   </trkpt>
   <trkpt lat="-26.3664270" lon="-51.0566140">
    <ele>946.2</ele>
   </trkpt>
   <trkpt lat="-26.3664880" lon="-51.0565700">
    <ele>945.9</ele>
   </trkpt>
   <trkpt lat="-26.3665500" lon="-51.0565250">
    <ele>945.4</ele>
   </trkpt>
   <trkpt lat="-26.3666160" lon="-51.0564830">
    <ele>944.8</ele>
   </trkpt>
   <trkpt lat="-26.3666870" lon="-51.0564400">
    <ele>944.1</ele>
   </trkpt>
   <trkpt lat="-26.3667590" lon="-51.0563880">
    <ele>943.3</ele>
   </trkpt>
   <trkpt lat="-26.3668280" lon="-51.0563210">
    <ele>942.2</ele>
   </trkpt>
   <trkpt lat="-26.3668960" lon="-51.0562360">
    <ele>941.0</ele>
   </trkpt>
   <trkpt lat="-26.3669490" lon="-51.0561320">
    <ele>939.7</ele>
   </trkpt>
   <trkpt lat="-26.3669940" lon="-51.0560150">
    <ele>938.2</ele>
   </trkpt>
   <trkpt lat="-26.3670420" lon="-51.0558910">
    <ele>936.7</ele>
   </trkpt>
   <trkpt lat="-26.3670950" lon="-51.0557670">
    <ele>935.3</ele>
   </trkpt>
   <trkpt lat="-26.3671620" lon="-51.0556490">
    <ele>934.0</ele>
   </trkpt>
   <trkpt lat="-26.3672430" lon="-51.0555350">
    <ele>932.8</ele>
   </trkpt>
   <trkpt lat="-26.3673320" lon="-51.0554290">
    <ele>931.7</ele>
   </trkpt>
   <trkpt lat="-26.3674250" lon="-51.0553330">
    <ele>930.5</ele>
   </trkpt>
   <trkpt lat="-26.3675220" lon="-51.0552400">
    <ele>929.5</ele>
   </trkpt>
   <trkpt lat="-26.3676210" lon="-51.0551560">
    <ele>928.6</ele>
   </trkpt>
   <trkpt lat="-26.3677180" lon="-51.0550770">
    <ele>928.0</ele>
   </trkpt>
   <trkpt lat="-26.3678120" lon="-51.0549880">
    <ele>927.5</ele>
   </trkpt>
   <trkpt lat="-26.3679000" lon="-51.0548960">
    <ele>927.1</ele>
   </trkpt>
   <trkpt lat="-26.3679860" lon="-51.0547980">
    <ele>926.8</ele>
   </trkpt>
   <trkpt lat="-26.3680670" lon="-51.0546880">
    <ele>926.8</ele>
   </trkpt>
   <trkpt lat="-26.3681340" lon="-51.0545700">
    <ele>927.2</ele>
   </trkpt>
   <trkpt lat="-26.3681890" lon="-51.0544480">
    <ele>928.0</ele>
   </trkpt>
   <trkpt lat="-26.3682280" lon="-51.0543310">
    <ele>929.0</ele>
   </trkpt>
   <trkpt lat="-26.3682640" lon="-51.0542190">
    <ele>929.8</ele>
   </trkpt>
   <trkpt lat="-26.3683020" lon="-51.0541100">
    <ele>930.1</ele>
   </trkpt>
   <trkpt lat="-26.3683460" lon="-51.0540100">
    <ele>930.3</ele>
   </trkpt>
   <trkpt lat="-26.3684010" lon="-51.0539270">
    <ele>930.3</ele>
   </trkpt>
   <trkpt lat="-26.3684680" lon="-51.0538640">
    <ele>930.2</ele>
   </trkpt>
   <trkpt lat="-26.3685480" lon="-51.0538200">
    <ele>929.8</ele>
   </trkpt>
   <trkpt lat="-26.3686360" lon="-51.0537970">
    <ele>929.4</ele>
   </trkpt>
   <trkpt lat="-26.3687290" lon="-51.0537820">
    <ele>929.0</ele>
   </trkpt>
   <trkpt lat="-26.3688280" lon="-51.0537770">
    <ele>928.8</ele>
   </trkpt>
   <trkpt lat="-26.3689240" lon="-51.0537900">
    <ele>928.8</ele>
   </trkpt>
   <trkpt lat="-26.3690120" lon="-51.0538170">
    <ele>929.0</ele>
   </trkpt>
   <trkpt lat="-26.3690970" lon="-51.0538550">
    <ele>929.1</ele>
   </trkpt>
   <trkpt lat="-26.3691790" lon="-51.0538880">
    <ele>929.0</ele>
   </trkpt>
   <trkpt lat="-26.3692610" lon="-51.0539100">
    <ele>928.6</ele>
   </trkpt>
   <trkpt lat="-26.3693450" lon="-51.0539310">
    <ele>927.9</ele>
   </trkpt>
   <trkpt lat="-26.3694370" lon="-51.0539560">
    <ele>926.8</ele>
   </trkpt>
   <trkpt lat="-26.3695360" lon="-51.0539770">
    <ele>925.5</ele>
   </trkpt>
   <trkpt lat="-26.3696360" lon="-51.0539840">
    <ele>923.9</ele>
   </trkpt>
   <trkpt lat="-26.3697390" lon="-51.0539800">
    <ele>922.3</ele>
   </trkpt>
   <trkpt lat="-26.3698410" lon="-51.0539620">
    <ele>920.6</ele>
   </trkpt>
   <trkpt lat="-26.3699450" lon="-51.0539190">
    <ele>918.9</ele>
   </trkpt>
   <trkpt lat="-26.3700460" lon="-51.0538580">
    <ele>916.8</ele>
   </trkpt>
   <trkpt lat="-26.3701370" lon="-51.0537850">
    <ele>914.7</ele>
   </trkpt>
   <trkpt lat="-26.3702230" lon="-51.0537040">
    <ele>912.8</ele>
   </trkpt>
   <trkpt lat="-26.3703070" lon="-51.0536190">
    <ele>911.0</ele>
   </trkpt>
   <trkpt lat="-26.3703920" lon="-51.0535250">
    <ele>909.0</ele>
   </trkpt>
   <trkpt lat="-26.3704770" lon="-51.0534270">
    <ele>907.0</ele>
   </trkpt>
   <trkpt lat="-26.3705620" lon="-51.0533290">
    <ele>905.1</ele>
   </trkpt>
   <trkpt lat="-26.3706470" lon="-51.0532310">
    <ele>903.5</ele>
   </trkpt>
   <trkpt lat="-26.3707320" lon="-51.0531290">
    <ele>901.9</ele>
   </trkpt>
   <trkpt lat="-26.3708120" lon="-51.0530190">
    <ele>900.4</ele>
   </trkpt>
   <trkpt lat="-26.3708830" lon="-51.0529000">
    <ele>899.1</ele>
   </trkpt>
   <trkpt lat="-26.3709500" lon="-51.0527810">
    <ele>898.5</ele>
   </trkpt>
   <trkpt lat="-26.3710160" lon="-51.0526760">
    <ele>898.2</ele>
   </trkpt>
   <trkpt lat="-26.3710800" lon="-51.0525920">
    <ele>898.1</ele>
   </trkpt>
   <trkpt lat="-26.3711440" lon="-51.0525340">
    <ele>898.1</ele>
   </trkpt>
   <trkpt lat="-26.3712160" lon="-51.0525170">
    <ele>898.2</ele>
   </trkpt>
   <trkpt lat="-26.3712850" lon="-51.0525390">
    <ele>898.3</ele>
   </trkpt>
   <trkpt lat="-26.3713440" lon="-51.0525820">
    <ele>898.4</ele>
   </trkpt>
   <trkpt lat="-26.3713950" lon="-51.0526360">
    <ele>898.6</ele>
   </trkpt>
   <trkpt lat="-26.3714430" lon="-51.0526910">
    <ele>899.0</ele>
   </trkpt>
   <trkpt lat="-26.3714870" lon="-51.0527510">
    <ele>899.7</ele>
   </trkpt>
   <trkpt lat="-26.3715270" lon="-51.0528080">
    <ele>900.6</ele>
   </trkpt>
   <trkpt lat="-26.3715660" lon="-51.0528570">
    <ele>901.6</ele>
   </trkpt>
   <trkpt lat="-26.3716080" lon="-51.0529000">
    <ele>902.6</ele>
   </trkpt>
   <trkpt lat="-26.3716490" lon="-51.0529400">
    <ele>903.7</ele>
   </trkpt>
   <trkpt lat="-26.3716860" lon="-51.0529760">
    <ele>904.7</ele>
   </trkpt>
   <trkpt lat="-26.3717180" lon="-51.0530060">
    <ele>905.6</ele>
   </trkpt>
   <trkpt lat="-26.3717510" lon="-51.0530300">
    <ele>906.4</ele>
   </trkpt>
   <trkpt lat="-26.3717810" lon="-51.0530540">
    <ele>907.2</ele>
   </trkpt>
   <trkpt lat="-26.3718080" lon="-51.0530760">
    <ele>907.9</ele>
   </trkpt>
   <trkpt lat="-26.3718390" lon="-51.0530940">
    <ele>908.7</ele>
   </trkpt>
   <trkpt lat="-26.3718690" lon="-51.0531120">
    <ele>909.4</ele>
   </trkpt>
   <trkpt lat="-26.3718990" lon="-51.0531170">
    <ele>910.1</ele>
   </trkpt>
   <trkpt lat="-26.3719260" lon="-51.0531170">
    <ele>910.7</ele>
   </trkpt>
   <trkpt lat="-26.3719470" lon="-51.0531120">
    <ele>911.1</ele>
   </trkpt>
   <trkpt lat="-26.3719660" lon="-51.0531030">
    <ele>911.6</ele>
   </trkpt>
   <trkpt lat="-26.3719850" lon="-51.0530950">
    <ele>912.0</ele>
   </trkpt>
   <trkpt lat="-26.3720070" lon="-51.0530850">
    <ele>912.5</ele>
   </trkpt>
   <trkpt lat="-26.3720310" lon="-51.0530680">
    <ele>913.2</ele>
   </trkpt>
   <trkpt lat="-26.3720480" lon="-51.0530540">
    <ele>913.6</ele>
   </trkpt>
   <trkpt lat="-26.3720650" lon="-51.0530410">
    <ele>914.0</ele>
   </trkpt>
   <trkpt lat="-26.3720820" lon="-51.0530280">
    <ele>914.5</ele>
   </trkpt>
   <trkpt lat="-26.3720940" lon="-51.0530170">
    <ele>914.8</ele>
   </trkpt>
   <trkpt lat="-26.3721050" lon="-51.0530080">
    <ele>915.1</ele>
   </trkpt>
   <trkpt lat="-26.3721210" lon="-51.0530040">
    <ele>915.4</ele>
   </trkpt>
   <trkpt lat="-26.3721350" lon="-51.0530010">
    <ele>915.6</ele>
   </trkpt>
   <trkpt lat="-26.3721540" lon="-51.0529950">
    <ele>916.0</ele>
   </trkpt>
   <trkpt lat="-26.3721740" lon="-51.0529840">
    <ele>916.4</ele>
   </trkpt>
   <trkpt lat="-26.3721920" lon="-51.0529730">
    <ele>916.8</ele>
   </trkpt>
   <trkpt lat="-26.3722120" lon="-51.0529680">
    <ele>917.1</ele>
   </trkpt>
   <trkpt lat="-26.3722330" lon="-51.0529650">
    <ele>917.4</ele>
   </trkpt>
   <trkpt lat="-26.3722510" lon="-51.0529620">
    <ele>917.7</ele>
   </trkpt>
   <trkpt lat="-26.3722680" lon="-51.0529590">
    <ele>917.9</ele>
   </trkpt>
   <trkpt lat="-26.3722860" lon="-51.0529610">
    <ele>918.2</ele>
   </trkpt>
   <trkpt lat="-26.3723060" lon="-51.0529680">
    <ele>918.5</ele>
   </trkpt>
   <trkpt lat="-26.3723300" lon="-51.0529780">
    <ele>918.8</ele>
   </trkpt>
   <trkpt lat="-26.3723500" lon="-51.0529930">
    <ele>919.1</ele>
   </trkpt>
   <trkpt lat="-26.3723710" lon="-51.0530100">
    <ele>919.4</ele>
   </trkpt>
   <trkpt lat="-26.3723930" lon="-51.0530290">
    <ele>919.8</ele>
   </trkpt>
   <trkpt lat="-26.3724130" lon="-51.0530520">
    <ele>920.1</ele>
   </trkpt>
   <trkpt lat="-26.3724300" lon="-51.0530740">
    <ele>920.3</ele>
   </trkpt>
   <trkpt lat="-26.3724470" lon="-51.0530970">
    <ele>920.6</ele>
   </trkpt>
   <trkpt lat="-26.3724630" lon="-51.0531220">
    <ele>920.8</ele>
   </trkpt>
   <trkpt lat="-26.3724790" lon="-51.0531460">
    <ele>921.0</ele>
   </trkpt>
   <trkpt lat="-26.3724950" lon="-51.0531720">
    <ele>921.1</ele>
   </trkpt>
   <trkpt lat="-26.3725170" lon="-51.0532020">
    <ele>921.3</ele>
   </trkpt>
   <trkpt lat="-26.3725390" lon="-51.0532340">
    <ele>921.4</ele>
   </trkpt>
   <trkpt lat="-26.3725600" lon="-51.0532650">
    <ele>921.5</ele>
   </trkpt>
   <trkpt lat="-26.3725800" lon="-51.0532930">
    <ele>921.5</ele>
   </trkpt>
   <trkpt lat="-26.3726010" lon="-51.0533200">
    <ele>921.6</ele>
   </trkpt>
   <trkpt lat="-26.3726220" lon="-51.0533470">
    <ele>921.7</ele>
   </trkpt>
   <trkpt lat="-26.3726420" lon="-51.0533750">
    <ele>921.7</ele>
   </trkpt>
   <trkpt lat="-26.3726630" lon="-51.0534050">
    <ele>921.9</ele>
   </trkpt>
   <trkpt lat="-26.3726840" lon="-51.0534310">
    <ele>922.0</ele>
   </trkpt>
   <trkpt lat="-26.3727050" lon="-51.0534590">
    <ele>922.1</ele>
   </trkpt>
   <trkpt lat="-26.3727250" lon="-51.0534860">
    <ele>922.3</ele>
   </trkpt>
   <trkpt lat="-26.3727480" lon="-51.0535140">
    <ele>922.5</ele>
   </trkpt>
   <trkpt lat="-26.3727740" lon="-51.0535460">
    <ele>922.7</ele>
   </trkpt>
   <trkpt lat="-26.3728020" lon="-51.0535780">
    <ele>922.9</ele>
   </trkpt>
   <trkpt lat="-26.3728270" lon="-51.0536070">
    <ele>923.1</ele>
   </trkpt>
   <trkpt lat="-26.3728490" lon="-51.0536370">
    <ele>923.3</ele>
   </trkpt>
   <trkpt lat="-26.3728670" lon="-51.0536710">
    <ele>923.5</ele>
   </trkpt>
   <trkpt lat="-26.3728810" lon="-51.0537050">
    <ele>923.7</ele>
   </trkpt>
   <trkpt lat="-26.3728960" lon="-51.0537400">
    <ele>924.0</ele>
   </trkpt>
   <trkpt lat="-26.3729090" lon="-51.0537760">
    <ele>924.3</ele>
   </trkpt>
   <trkpt lat="-26.3729190" lon="-51.0538120">
    <ele>924.6</ele>
   </trkpt>
   <trkpt lat="-26.3729280" lon="-51.0538460">
    <ele>924.9</ele>
   </trkpt>
   <trkpt lat="-26.3729360" lon="-51.0538810">
    <ele>925.2</ele>
   </trkpt>
   <trkpt lat="-26.3729410" lon="-51.0539160">
    <ele>925.5</ele>
   </trkpt>
   <trkpt lat="-26.3729440" lon="-51.0539470">
    <ele>925.7</ele>
   </trkpt>
   <trkpt lat="-26.3729460" lon="-51.0539810">
    <ele>926.0</ele>
   </trkpt>
   <trkpt lat="-26.3729480" lon="-51.0540140">
    <ele>926.3</ele>
   </trkpt>
   <trkpt lat="-26.3729540" lon="-51.0540510">
    <ele>926.6</ele>
   </trkpt>
   <trkpt lat="-26.3729670" lon="-51.0540930">
    <ele>927.0</ele>
   </trkpt>
   <trkpt lat="-26.3729820" lon="-51.0541360">
    <ele>927.4</ele>
   </trkpt>
   <trkpt lat="-26.3730010" lon="-51.0541740">
    <ele>927.8</ele>
   </trkpt>
   <trkpt lat="-26.3730250" lon="-51.0542050">
    <ele>928.1</ele>
   </trkpt>
   <trkpt lat="-26.3730500" lon="-51.0542320">
    <ele>928.4</ele>
   </trkpt>
   <trkpt lat="-26.3730730" lon="-51.0542540">
    <ele>928.7</ele>
   </trkpt>
   <trkpt lat="-26.3730970" lon="-51.0542770">
    <ele>929.0</ele>
   </trkpt>
   <trkpt lat="-26.3731230" lon="-51.0542940">
    <ele>929.3</ele>
   </trkpt>
   <trkpt lat="-26.3731480" lon="-51.0543040">
    <ele>929.5</ele>
   </trkpt>
   <trkpt lat="-26.3731710" lon="-51.0543130">
    <ele>929.7</ele>
   </trkpt>
   <trkpt lat="-26.3731930" lon="-51.0543220">
    <ele>929.9</ele>
   </trkpt>
   <trkpt lat="-26.3732170" lon="-51.0543260">
    <ele>930.1</ele>
   </trkpt>
   <trkpt lat="-26.3732410" lon="-51.0543290">
    <ele>930.4</ele>
   </trkpt>
   <trkpt lat="-26.3732640" lon="-51.0543340">
    <ele>930.6</ele>
   </trkpt>
   <trkpt lat="-26.3732850" lon="-51.0543430">
    <ele>930.8</ele>
   </trkpt>
   <trkpt lat="-26.3733040" lon="-51.0543540">
    <ele>931.0</ele>
   </trkpt>
   <trkpt lat="-26.3733240" lon="-51.0543660">
    <ele>931.2</ele>
   </trkpt>
   <trkpt lat="-26.3733460" lon="-51.0543740">
    <ele>931.4</ele>
   </trkpt>
   <trkpt lat="-26.3733710" lon="-51.0543810">
    <ele>931.7</ele>
   </trkpt>
   <trkpt lat="-26.3733950" lon="-51.0543870">
    <ele>932.0</ele>
   </trkpt>
   <trkpt lat="-26.3734190" lon="-51.0543910">
    <ele>932.3</ele>
   </trkpt>
   <trkpt lat="-26.3734440" lon="-51.0543950">
    <ele>932.6</ele>
   </trkpt>
   <trkpt lat="-26.3734650" lon="-51.0543980">
    <ele>932.8</ele>
   </trkpt>
   <trkpt lat="-26.3734840" lon="-51.0544030">
    <ele>933.1</ele>
   </trkpt>
   <trkpt lat="-26.3735070" lon="-51.0544040">
    <ele>933.4</ele>
   </trkpt>
   <trkpt lat="-26.3735290" lon="-51.0544030">
    <ele>933.7</ele>
   </trkpt>
   <trkpt lat="-26.3735500" lon="-51.0544040">
    <ele>934.0</ele>
   </trkpt>
   <trkpt lat="-26.3735710" lon="-51.0544050">
    <ele>934.4</ele>
   </trkpt>
   <trkpt lat="-26.3735950" lon="-51.0544040">
    <ele>934.7</ele>
   </trkpt>
   <trkpt lat="-26.3736200" lon="-51.0544010">
    <ele>935.1</ele>
   </trkpt>
   <trkpt lat="-26.3736410" lon="-51.0544000">
    <ele>935.4</ele>
   </trkpt>
   <trkpt lat="-26.3736630" lon="-51.0543950">
    <ele>935.6</ele>
   </trkpt>
   <trkpt lat="-26.3736840" lon="-51.0543980">
    <ele>935.9</ele>
   </trkpt>
   <trkpt lat="-26.3737060" lon="-51.0544010">
    <ele>936.2</ele>
   </trkpt>
   <trkpt lat="-26.3737280" lon="-51.0544000">
    <ele>936.5</ele>
   </trkpt>
   <trkpt lat="-26.3737520" lon="-51.0544010">
    <ele>936.8</ele>
   </trkpt>
   <trkpt lat="-26.3737750" lon="-51.0544050">
    <ele>937.1</ele>
   </trkpt>
   <trkpt lat="-26.3738010" lon="-51.0544110">
    <ele>937.4</ele>
   </trkpt>
   <trkpt lat="-26.3738270" lon="-51.0544130">
    <ele>937.7</ele>
   </trkpt>
   <trkpt lat="-26.3738570" lon="-51.0544070">
    <ele>938.1</ele>
   </trkpt>
   <trkpt lat="-26.3738840" lon="-51.0544080">
    <ele>938.4</ele>
   </trkpt>
   <trkpt lat="-26.3739170" lon="-51.0544090">
    <ele>938.8</ele>
   </trkpt>
   <trkpt lat="-26.3739540" lon="-51.0544090">
    <ele>939.3</ele>
   </trkpt>
   <trkpt lat="-26.3739960" lon="-51.0544080">
    <ele>939.8</ele>
   </trkpt>
   <trkpt lat="-26.3740310" lon="-51.0544080">
    <ele>940.2</ele>
   </trkpt>
   <trkpt lat="-26.3740600" lon="-51.0544040">
    <ele>940.6</ele>
   </trkpt>
   <trkpt lat="-26.3740850" lon="-51.0544030">
    <ele>940.9</ele>
   </trkpt>
   <trkpt lat="-26.3741140" lon="-51.0543930">
    <ele>941.2</ele>
   </trkpt>
   <trkpt lat="-26.3741420" lon="-51.0543840">
    <ele>941.5</ele>
   </trkpt>
   <trkpt lat="-26.3741680" lon="-51.0543820">
    <ele>941.8</ele>
   </trkpt>
   <trkpt lat="-26.3741930" lon="-51.0543830">
    <ele>942.0</ele>
   </trkpt>
   <trkpt lat="-26.3742210" lon="-51.0543850">
    <ele>942.3</ele>
   </trkpt>
   <trkpt lat="-26.3742540" lon="-51.0543810">
    <ele>942.5</ele>
   </trkpt>
   <trkpt lat="-26.3742890" lon="-51.0543800">
    <ele>942.7</ele>
   </trkpt>
   <trkpt lat="-26.3743230" lon="-51.0543800">
    <ele>942.8</ele>
   </trkpt>
   <trkpt lat="-26.3743560" lon="-51.0543790">
    <ele>942.8</ele>
   </trkpt>
   <trkpt lat="-26.3743950" lon="-51.0543750">
    <ele>942.7</ele>
   </trkpt>
   <trkpt lat="-26.3744340" lon="-51.0543710">
    <ele>942.5</ele>
   </trkpt>
   <trkpt lat="-26.3744730" lon="-51.0543660">
    <ele>942.2</ele>
   </trkpt>
   <trkpt lat="-26.3745160" lon="-51.0543600">
    <ele>941.8</ele>
   </trkpt>
   <trkpt lat="-26.3745620" lon="-51.0543590">
    <ele>941.2</ele>
   </trkpt>
   <trkpt lat="-26.3746120" lon="-51.0543560">
    <ele>940.7</ele>
   </trkpt>
   <trkpt lat="-26.3746710" lon="-51.0543520">
    <ele>939.9</ele>
   </trkpt>
   <trkpt lat="-26.3747390" lon="-51.0543470">
    <ele>939.0</ele>
   </trkpt>
   <trkpt lat="-26.3748160" lon="-51.0543430">
    <ele>937.9</ele>
   </trkpt>
   <trkpt lat="-26.3749000" lon="-51.0543420">
    <ele>936.5</ele>
   </trkpt>
   <trkpt lat="-26.3749950" lon="-51.0543460">
    <ele>934.8</ele>
   </trkpt>
   <trkpt lat="-26.3750980" lon="-51.0543520">
    <ele>933.0</ele>
   </trkpt>
   <trkpt lat="-26.3752010" lon="-51.0543500">
    <ele>931.2</ele>
   </trkpt>
   <trkpt lat="-26.3753050" lon="-51.0543300">
    <ele>929.5</ele>
   </trkpt>
   <trkpt lat="-26.3754100" lon="-51.0542880">
    <ele>928.0</ele>
   </trkpt>
   <trkpt lat="-26.3755100" lon="-51.0542290">
    <ele>926.9</ele>
   </trkpt>
   <trkpt lat="-26.3756000" lon="-51.0541540">
    <ele>925.8</ele>
   </trkpt>
   <trkpt lat="-26.3756730" lon="-51.0540700">
    <ele>924.8</ele>
   </trkpt>
   <trkpt lat="-26.3757200" lon="-51.0539770">
    <ele>923.9</ele>
   </trkpt>
   <trkpt lat="-26.3757470" lon="-51.0538670">
    <ele>922.8</ele>
   </trkpt>
   <trkpt lat="-26.3757680" lon="-51.0537520">
    <ele>921.4</ele>
   </trkpt>
   <trkpt lat="-26.3758070" lon="-51.0536410">
    <ele>919.7</ele>
   </trkpt>
   <trkpt lat="-26.3758650" lon="-51.0535280">
    <ele>917.6</ele>
   </trkpt>
   <trkpt lat="-26.3759360" lon="-51.0534140">
    <ele>915.2</ele>
   </trkpt>
   <trkpt lat="-26.3760220" lon="-51.0533010">
    <ele>912.6</ele>
   </trkpt>
   <trkpt lat="-26.3761140" lon="-51.0532070">
    <ele>910.4</ele>
   </trkpt>
   <trkpt lat="-26.3762170" lon="-51.0531220">
    <ele>908.7</ele>
   </trkpt>
   <trkpt lat="-26.3763290" lon="-51.0530480">
    <ele>907.2</ele>
   </trkpt>
   <trkpt lat="-26.3764490" lon="-51.0529750">
    <ele>905.2</ele>
   </trkpt>
   <trkpt lat="-26.3765620" lon="-51.0528910">
    <ele>903.2</ele>
   </trkpt>
   <trkpt lat="-26.3766660" lon="-51.0527930">
    <ele>901.7</ele>
   </trkpt>
   <trkpt lat="-26.3767600" lon="-51.0526820">
    <ele>900.6</ele>
   </trkpt>
   <trkpt lat="-26.3768520" lon="-51.0525700">
    <ele>899.7</ele>
   </trkpt>
   <trkpt lat="-26.3769440" lon="-51.0524660">
    <ele>899.2</ele>
   </trkpt>
   <trkpt lat="-26.3770410" lon="-51.0523750">
    <ele>899.2</ele>
   </trkpt>
   <trkpt lat="-26.3771420" lon="-51.0522980">
    <ele>899.6</ele>
   </trkpt>
   <trkpt lat="-26.3772380" lon="-51.0522300">
    <ele>900.2</ele>
   </trkpt>
   <trkpt lat="-26.3773270" lon="-51.0521660">
    <ele>901.0</ele>
   </trkpt>
   <trkpt lat="-26.3774110" lon="-51.0521050">
    <ele>901.7</ele>
   </trkpt>
   <trkpt lat="-26.3774970" lon="-51.0520560">
    <ele>902.2</ele>
   </trkpt>
   <trkpt lat="-26.3775840" lon="-51.0520260">
    <ele>902.6</ele>
   </trkpt>
   <trkpt lat="-26.3776730" lon="-51.0520180">
    <ele>903.1</ele>
   </trkpt>
   <trkpt lat="-26.3777600" lon="-51.0520200">
    <ele>903.9</ele>
   </trkpt>
   <trkpt lat="-26.3778430" lon="-51.0520350">
    <ele>904.6</ele>
   </trkpt>
   <trkpt lat="-26.3779200" lon="-51.0520400">
    <ele>905.2</ele>
   </trkpt>
   <trkpt lat="-26.3779910" lon="-51.0520350">
    <ele>905.9</ele>
   </trkpt>
   <trkpt lat="-26.3780550" lon="-51.0520190">
    <ele>906.7</ele>
   </trkpt>
   <trkpt lat="-26.3781100" lon="-51.0519940">
    <ele>907.4</ele>
   </trkpt>
   <trkpt lat="-26.3781600" lon="-51.0519590">
    <ele>908.0</ele>
   </trkpt>
   <trkpt lat="-26.3782050" lon="-51.0519190">
    <ele>908.4</ele>
   </trkpt>
   <trkpt lat="-26.3782480" lon="-51.0518770">
    <ele>908.7</ele>
   </trkpt>
   <trkpt lat="-26.3782880" lon="-51.0518340">
    <ele>908.9</ele>
   </trkpt>
   <trkpt lat="-26.3783280" lon="-51.0517900">
    <ele>908.9</ele>
   </trkpt>
   <trkpt lat="-26.3783700" lon="-51.0517460">
    <ele>908.8</ele>
   </trkpt>
   <trkpt lat="-26.3784100" lon="-51.0517010">
    <ele>908.7</ele>
   </trkpt>
   <trkpt lat="-26.3784460" lon="-51.0516500">
    <ele>908.6</ele>
   </trkpt>
   <trkpt lat="-26.3784810" lon="-51.0515950">
    <ele>908.6</ele>
   </trkpt>
   <trkpt lat="-26.3785140" lon="-51.0515380">
    <ele>908.7</ele>
   </trkpt>
   <trkpt lat="-26.3785500" lon="-51.0514770">
    <ele>908.9</ele>
   </trkpt>
   <trkpt lat="-26.3785850" lon="-51.0514110">
    <ele>909.1</ele>
   </trkpt>
   <trkpt lat="-26.3786150" lon="-51.0513370">
    <ele>909.5</ele>
   </trkpt>
   <trkpt lat="-26.3786380" lon="-51.0512570">
    <ele>910.0</ele>
   </trkpt>
   <trkpt lat="-26.3786530" lon="-51.0511760">
    <ele>910.6</ele>
   </trkpt>
   <trkpt lat="-26.3786640" lon="-51.0510950">
    <ele>911.3</ele>
   </trkpt>
   <trkpt lat="-26.3786720" lon="-51.0510190">
    <ele>912.0</ele>
   </trkpt>
   <trkpt lat="-26.3786780" lon="-51.0509470">
    <ele>912.5</ele>
   </trkpt>
   <trkpt lat="-26.3786820" lon="-51.0508750">
    <ele>912.9</ele>
   </trkpt>
   <trkpt lat="-26.3786890" lon="-51.0508020">
    <ele>913.2</ele>
   </trkpt>
   <trkpt lat="-26.3787020" lon="-51.0507320">
    <ele>913.3</ele>
   </trkpt>
   <trkpt lat="-26.3787190" lon="-51.0506640">
    <ele>913.4</ele>
   </trkpt>
   <trkpt lat="-26.3787380" lon="-51.0505990">
    <ele>913.4</ele>
   </trkpt>
   <trkpt lat="-26.3787590" lon="-51.0505340">
    <ele>913.3</ele>
   </trkpt>
   <trkpt lat="-26.3787820" lon="-51.0504680">
    <ele>913.1</ele>
   </trkpt>
   <trkpt lat="-26.3788060" lon="-51.0503990">
    <ele>912.9</ele>
   </trkpt>
   <trkpt lat="-26.3788290" lon="-51.0503300">
    <ele>912.5</ele>
   </trkpt>
   <trkpt lat="-26.3788520" lon="-51.0502600">
    <ele>912.0</ele>
   </trkpt>
   <trkpt lat="-26.3788780" lon="-51.0501900">
    <ele>911.5</ele>
   </trkpt>
   <trkpt lat="-26.3789030" lon="-51.0501150">
    <ele>911.0</ele>
   </trkpt>
   <trkpt lat="-26.3789280" lon="-51.0500360">
    <ele>910.6</ele>
   </trkpt>
   <trkpt lat="-26.3789520" lon="-51.0499550">
    <ele>910.2</ele>
   </trkpt>
   <trkpt lat="-26.3789780" lon="-51.0498810">
    <ele>910.0</ele>
   </trkpt>
   <trkpt lat="-26.3790030" lon="-51.0498100">
    <ele>909.8</ele>
   </trkpt>
   <trkpt lat="-26.3790250" lon="-51.0497400">
    <ele>909.8</ele>
   </trkpt>
   <trkpt lat="-26.3790470" lon="-51.0496710">
    <ele>909.8</ele>
   </trkpt>
   <trkpt lat="-26.3790730" lon="-51.0496030">
    <ele>909.9</ele>
   </trkpt>
   <trkpt lat="-26.3790990" lon="-51.0495340">
    <ele>910.0</ele>
   </trkpt>
   <trkpt lat="-26.3791220" lon="-51.0494660">
    <ele>910.1</ele>
   </trkpt>
   <trkpt lat="-26.3791440" lon="-51.0494020">
    <ele>910.2</ele>
   </trkpt>
   <trkpt lat="-26.3791720" lon="-51.0493430">
    <ele>910.3</ele>
   </trkpt>
   <trkpt lat="-26.3792050" lon="-51.0492910">
    <ele>910.3</ele>
   </trkpt>
   <trkpt lat="-26.3792490" lon="-51.0492440">
    <ele>910.3</ele>
   </trkpt>
   <trkpt lat="-26.3793030" lon="-51.0492020">
    <ele>910.1</ele>
   </trkpt>
   <trkpt lat="-26.3793620" lon="-51.0491590">
    <ele>909.9</ele>
   </trkpt>
   <trkpt lat="-26.3794220" lon="-51.0491210">
    <ele>909.7</ele>
   </trkpt>
   <trkpt lat="-26.3794850" lon="-51.0490810">
    <ele>909.4</ele>
   </trkpt>
   <trkpt lat="-26.3795470" lon="-51.0490350">
    <ele>909.0</ele>
   </trkpt>
   <trkpt lat="-26.3796070" lon="-51.0489800">
    <ele>908.4</ele>
   </trkpt>
   <trkpt lat="-26.3796720" lon="-51.0489250">
    <ele>907.7</ele>
   </trkpt>
   <trkpt lat="-26.3797440" lon="-51.0488640">
    <ele>906.6</ele>
   </trkpt>
   <trkpt lat="-26.3798270" lon="-51.0488100">
    <ele>905.4</ele>
   </trkpt>
   <trkpt lat="-26.3799210" lon="-51.0487760">
    <ele>904.0</ele>
   </trkpt>
   <trkpt lat="-26.3800230" lon="-51.0487630">
    <ele>902.5</ele>
   </trkpt>
   <trkpt lat="-26.3801260" lon="-51.0487660">
    <ele>901.0</ele>
   </trkpt>
   <trkpt lat="-26.3802210" lon="-51.0487870">
    <ele>899.6</ele>
   </trkpt>
   <trkpt lat="-26.3803050" lon="-51.0488280">
    <ele>898.4</ele>
   </trkpt>
   <trkpt lat="-26.3803820" lon="-51.0488900">
    <ele>897.2</ele>
   </trkpt>
   <trkpt lat="-26.3804550" lon="-51.0489730">
    <ele>895.8</ele>
   </trkpt>
   <trkpt lat="-26.3805240" lon="-51.0490660">
    <ele>894.5</ele>
   </trkpt>
   <trkpt lat="-26.3805860" lon="-51.0491660">
    <ele>893.5</ele>
   </trkpt>
   <trkpt lat="-26.3806460" lon="-51.0492640">
    <ele>892.5</ele>
   </trkpt>
   <trkpt lat="-26.3807020" lon="-51.0493530">
    <ele>891.7</ele>
   </trkpt>
   <trkpt lat="-26.3807460" lon="-51.0494350">
    <ele>891.1</ele>
   </trkpt>
   <trkpt lat="-26.3807770" lon="-51.0495330">
    <ele>890.2</ele>
   </trkpt>
   <trkpt lat="-26.3807790" lon="-51.0496470">
    <ele>889.0</ele>
   </trkpt>
   <trkpt lat="-26.3807480" lon="-51.0497650">
    <ele>887.7</ele>
   </trkpt>
   <trkpt lat="-26.3807160" lon="-51.0498770">
    <ele>886.6</ele>
   </trkpt>
   <trkpt lat="-26.3806810" lon="-51.0499860">
    <ele>885.8</ele>
   </trkpt>
   <trkpt lat="-26.3806440" lon="-51.0500930">
    <ele>885.0</ele>
   </trkpt>
   <trkpt lat="-26.3806120" lon="-51.0501870">
    <ele>884.3</ele>
   </trkpt>
   <trkpt lat="-26.3805830" lon="-51.0502800">
    <ele>883.6</ele>
   </trkpt>
   <trkpt lat="-26.3805570" lon="-51.0503730">
    <ele>883.0</ele>
   </trkpt>
   <trkpt lat="-26.3805450" lon="-51.0504660">
    <ele>882.5</ele>
   </trkpt>
   <trkpt lat="-26.3805550" lon="-51.0505570">
    <ele>882.1</ele>
   </trkpt>
   <trkpt lat="-26.3805850" lon="-51.0506360">
    <ele>881.9</ele>
   </trkpt>
   <trkpt lat="-26.3806350" lon="-51.0506890">
    <ele>881.9</ele>
   </trkpt>
   <trkpt lat="-26.3806920" lon="-51.0507270">
    <ele>881.9</ele>
   </trkpt>
   <trkpt lat="-26.3807510" lon="-51.0507580">
    <ele>881.5</ele>
   </trkpt>
   <trkpt lat="-26.3808110" lon="-51.0507910">
    <ele>881.1</ele>
   </trkpt>
   <trkpt lat="-26.3808750" lon="-51.0508310">
    <ele>880.8</ele>
   </trkpt>
   <trkpt lat="-26.3809330" lon="-51.0508750">
    <ele>880.6</ele>
   </trkpt>
   <trkpt lat="-26.3809920" lon="-51.0509150">
    <ele>880.4</ele>
   </trkpt>
   <trkpt lat="-26.3810520" lon="-51.0509520">
    <ele>880.4</ele>
   </trkpt>
   <trkpt lat="-26.3811150" lon="-51.0509860">
    <ele>880.4</ele>
   </trkpt>
   <trkpt lat="-26.3811740" lon="-51.0510200">
    <ele>880.5</ele>
   </trkpt>
   <trkpt lat="-26.3812320" lon="-51.0510510">
    <ele>880.6</ele>
   </trkpt>
   <trkpt lat="-26.3812920" lon="-51.0510790">
    <ele>880.6</ele>
   </trkpt>
   <trkpt lat="-26.3813520" lon="-51.0511080">
    <ele>880.7</ele>
   </trkpt>
   <trkpt lat="-26.3814120" lon="-51.0511370">
    <ele>880.7</ele>
   </trkpt>
   <trkpt lat="-26.3814740" lon="-51.0511660">
    <ele>880.8</ele>
   </trkpt>
   <trkpt lat="-26.3815360" lon="-51.0511950">
    <ele>880.8</ele>
   </trkpt>
   <trkpt lat="-26.3815970" lon="-51.0512240">
    <ele>880.9</ele>
   </trkpt>
   <trkpt lat="-26.3816570" lon="-51.0512550">
    <ele>880.9</ele>
   </trkpt>
   <trkpt lat="-26.3817160" lon="-51.0512830">
    <ele>880.9</ele>
   </trkpt>
   <trkpt lat="-26.3817750" lon="-51.0513140">
    <ele>880.9</ele>
   </trkpt>
   <trkpt lat="-26.3818370" lon="-51.0513450">
    <ele>880.8</ele>
   </trkpt>
   <trkpt lat="-26.3818990" lon="-51.0513760">
    <ele>880.8</ele>
   </trkpt>
   <trkpt lat="-26.3819630" lon="-51.0514090">
    <ele>880.9</ele>
   </trkpt>
   <trkpt lat="-26.3820250" lon="-51.0514470">
    <ele>881.0</ele>
   </trkpt>
   <trkpt lat="-26.3820840" lon="-51.0514920">
    <ele>881.2</ele>
   </trkpt>
   <trkpt lat="-26.3821390" lon="-51.0515480">
    <ele>881.5</ele>
   </trkpt>
   <trkpt lat="-26.3821840" lon="-51.0516140">
    <ele>881.8</ele>
   </trkpt>
   <trkpt lat="-26.3822180" lon="-51.0516870">
    <ele>882.0</ele>
   </trkpt>
   <trkpt lat="-26.3822430" lon="-51.0517610">
    <ele>882.3</ele>
   </trkpt>
   <trkpt lat="-26.3822630" lon="-51.0518300">
    <ele>882.5</ele>
   </trkpt>
   <trkpt lat="-26.3822780" lon="-51.0518910">
    <ele>882.6</ele>
   </trkpt>
   <trkpt lat="-26.3822940" lon="-51.0519500">
    <ele>882.7</ele>
   </trkpt>
   <trkpt lat="-26.3823090" lon="-51.0520070">
    <ele>882.8</ele>
   </trkpt>
   <trkpt lat="-26.3823200" lon="-51.0520640">
    <ele>882.8</ele>
   </trkpt>
   <trkpt lat="-26.3823300" lon="-51.0521190">
    <ele>883.0</ele>
   </trkpt>
   <trkpt lat="-26.3823390" lon="-51.0521740">
    <ele>883.1</ele>
   </trkpt>
   <trkpt lat="-26.3823450" lon="-51.0522280">
    <ele>883.3</ele>
   </trkpt>
   <trkpt lat="-26.3823490" lon="-51.0522830">
    <ele>883.6</ele>
   </trkpt>
   <trkpt lat="-26.3823530" lon="-51.0523320">
    <ele>883.8</ele>
   </trkpt>
   <trkpt lat="-26.3823580" lon="-51.0523810">
    <ele>884.1</ele>
   </trkpt>
   <trkpt lat="-26.3823650" lon="-51.0524270">
    <ele>884.3</ele>
   </trkpt>
   <trkpt lat="-26.3823710" lon="-51.0524700">
    <ele>884.6</ele>
   </trkpt>
   <trkpt lat="-26.3823830" lon="-51.0525110">
    <ele>884.8</ele>
   </trkpt>
   <trkpt lat="-26.3823950" lon="-51.0525530">
    <ele>885.0</ele>
   </trkpt>
   <trkpt lat="-26.3824080" lon="-51.0525900">
    <ele>885.1</ele>
   </trkpt>
   <trkpt lat="-26.3824210" lon="-51.0526270">
    <ele>885.2</ele>
   </trkpt>
   <trkpt lat="-26.3824330" lon="-51.0526620">
    <ele>885.2</ele>
   </trkpt>
   <trkpt lat="-26.3824440" lon="-51.0526960">
    <ele>885.1</ele>
   </trkpt>
   <trkpt lat="-26.3824550" lon="-51.0527280">
    <ele>885.0</ele>
   </trkpt>
   <trkpt lat="-26.3824690" lon="-51.0527660">
    <ele>884.8</ele>
   </trkpt>
   <trkpt lat="-26.3824870" lon="-51.0528090">
    <ele>884.4</ele>
   </trkpt>
   <trkpt lat="-26.3825030" lon="-51.0528660">
    <ele>884.0</ele>
   </trkpt>
   <trkpt lat="-26.3825150" lon="-51.0529270">
    <ele>883.6</ele>
   </trkpt>
   <trkpt lat="-26.3825270" lon="-51.0529930">
    <ele>883.2</ele>
   </trkpt>
   <trkpt lat="-26.3825340" lon="-51.0530600">
    <ele>882.9</ele>
   </trkpt>
   <trkpt lat="-26.3825340" lon="-51.0531270">
    <ele>882.7</ele>
   </trkpt>
   <trkpt lat="-26.3825310" lon="-51.0531900">
    <ele>882.6</ele>
   </trkpt>
   <trkpt lat="-26.3825240" lon="-51.0532460">
    <ele>882.6</ele>
   </trkpt>
   <trkpt lat="-26.3825140" lon="-51.0532940">
    <ele>882.7</ele>
   </trkpt>
   <trkpt lat="-26.3825030" lon="-51.0533350">
    <ele>882.7</ele>
   </trkpt>
   <trkpt lat="-26.3824950" lon="-51.0533750">
    <ele>882.9</ele>
   </trkpt>
   <trkpt lat="-26.3824850" lon="-51.0534120">
    <ele>883.0</ele>
   </trkpt>
   <trkpt lat="-26.3824720" lon="-51.0534470">
    <ele>883.1</ele>
   </trkpt>
   <trkpt lat="-26.3824580" lon="-51.0534850">
    <ele>883.2</ele>
   </trkpt>
   <trkpt lat="-26.3824490" lon="-51.0535220">
    <ele>883.3</ele>
   </trkpt>
   <trkpt lat="-26.3824440" lon="-51.0535500">
    <ele>883.4</ele>
   </trkpt>
   <trkpt lat="-26.3824390" lon="-51.0535730">
    <ele>883.4</ele>
   </trkpt>
   <trkpt lat="-26.3824360" lon="-51.0535910">
    <ele>883.5</ele>
   </trkpt>
   <trkpt lat="-26.3824280" lon="-51.0536130">
    <ele>883.5</ele>
   </trkpt>
   <trkpt lat="-26.3824130" lon="-51.0536390">
    <ele>883.5</ele>
   </trkpt>
   <trkpt lat="-26.3823940" lon="-51.0536730">
    <ele>883.5</ele>
   </trkpt>
   <trkpt lat="-26.3823740" lon="-51.0537200">
    <ele>883.5</ele>
   </trkpt>
   <trkpt lat="-26.3823550" lon="-51.0537720">
    <ele>883.4</ele>
   </trkpt>
   <trkpt lat="-26.3823220" lon="-51.0538450">
    <ele>883.4</ele>
   </trkpt>
   <trkpt lat="-26.3822890" lon="-51.0539170">
    <ele>883.3</ele>
   </trkpt>
   <trkpt lat="-26.3822640" lon="-51.0539790">
    <ele>883.3</ele>
   </trkpt>
   <trkpt lat="-26.3822390" lon="-51.0540440">
    <ele>883.3</ele>
   </trkpt>
   <trkpt lat="-26.3822170" lon="-51.0540890">
    <ele>883.3</ele>
   </trkpt>
   <trkpt lat="-26.3821860" lon="-51.0541370">
    <ele>883.3</ele>
   </trkpt>
   <trkpt lat="-26.3821490" lon="-51.0541910">
    <ele>883.3</ele>
   </trkpt>
   <trkpt lat="-26.3821240" lon="-51.0542220">
    <ele>883.2</ele>
   </trkpt>
   <trkpt lat="-26.3821040" lon="-51.0542460">
    <ele>883.1</ele>
   </trkpt>
   <trkpt lat="-26.3820760" lon="-51.0542820">
    <ele>883.0</ele>
   </trkpt>
   <trkpt lat="-26.3820650" lon="-51.0543290">
    <ele>882.8</ele>
   </trkpt>
   <trkpt lat="-26.3820510" lon="-51.0543590">
    <ele>882.6</ele>
   </trkpt>
   <trkpt lat="-26.3820160" lon="-51.0544170">
    <ele>882.2</ele>
   </trkpt>
   <trkpt lat="-26.3819640" lon="-51.0545180">
    <ele>881.6</ele>
   </trkpt>
   <trkpt lat="-26.3819150" lon="-51.0546000">
    <ele>881.0</ele>
   </trkpt>
   <trkpt lat="-26.3818870" lon="-51.0546640">
    <ele>880.6</ele>
   </trkpt>
   <trkpt lat="-26.3818630" lon="-51.0547170">
    <ele>880.2</ele>
   </trkpt>
   <trkpt lat="-26.3818310" lon="-51.0547740">
    <ele>879.9</ele>
   </trkpt>
   <trkpt lat="-26.3817940" lon="-51.0548320">
    <ele>879.5</ele>
   </trkpt>
   <trkpt lat="-26.3817560" lon="-51.0548960">
    <ele>879.2</ele>
   </trkpt>
   <trkpt lat="-26.3817180" lon="-51.0549530">
    <ele>879.1</ele>
   </trkpt>
   <trkpt lat="-26.3816750" lon="-51.0550080">
    <ele>879.0</ele>
   </trkpt>
   <trkpt lat="-26.3816370" lon="-51.0550530">
    <ele>879.0</ele>
   </trkpt>
   <trkpt lat="-26.3816120" lon="-51.0550990">
    <ele>879.1</ele>
   </trkpt>
   <trkpt lat="-26.3815700" lon="-51.0551470">
    <ele>879.2</ele>
   </trkpt>
   <trkpt lat="-26.3815060" lon="-51.0552090">
    <ele>879.4</ele>
   </trkpt>
   <trkpt lat="-26.3814540" lon="-51.0552640">
    <ele>879.6</ele>
   </trkpt>
   <trkpt lat="-26.3813980" lon="-51.0553130">
    <ele>879.9</ele>
   </trkpt>
   <trkpt lat="-26.3813560" lon="-51.0553500">
    <ele>880.1</ele>
   </trkpt>
   <trkpt lat="-26.3813180" lon="-51.0553810">
    <ele>880.3</ele>
   </trkpt>
   <trkpt lat="-26.3812850" lon="-51.0554070">
    <ele>880.5</ele>
   </trkpt>
   <trkpt lat="-26.3812560" lon="-51.0554290">
    <ele>880.6</ele>
   </trkpt>
   <trkpt lat="-26.3812250" lon="-51.0554650">
    <ele>880.8</ele>
   </trkpt>
   <trkpt lat="-26.3811920" lon="-51.0555100">
    <ele>881.1</ele>
   </trkpt>
   <trkpt lat="-26.3811620" lon="-51.0555660">
    <ele>881.4</ele>
   </trkpt>
   <trkpt lat="-26.3811370" lon="-51.0556100">
    <ele>881.7</ele>
   </trkpt>
   <trkpt lat="-26.3811100" lon="-51.0556590">
    <ele>882.1</ele>
   </trkpt>
   <trkpt lat="-26.3810890" lon="-51.0557070">
    <ele>882.4</ele>
   </trkpt>
   <trkpt lat="-26.3810720" lon="-51.0557520">
    <ele>882.7</ele>
   </trkpt>
   <trkpt lat="-26.3810590" lon="-51.0558000">
    <ele>883.0</ele>
   </trkpt>
   <trkpt lat="-26.3810490" lon="-51.0558460">
    <ele>883.2</ele>
   </trkpt>
   <trkpt lat="-26.3810380" lon="-51.0558910">
    <ele>883.3</ele>
   </trkpt>
   <trkpt lat="-26.3810290" lon="-51.0559350">
    <ele>883.4</ele>
   </trkpt>
   <trkpt lat="-26.3810260" lon="-51.0559770">
    <ele>883.4</ele>
   </trkpt>
   <trkpt lat="-26.3810220" lon="-51.0560210">
    <ele>883.4</ele>
   </trkpt>
   <trkpt lat="-26.3810240" lon="-51.0560700">
    <ele>883.3</ele>
   </trkpt>
   <trkpt lat="-26.3810290" lon="-51.0561240">
    <ele>883.2</ele>
   </trkpt>
   <trkpt lat="-26.3810370" lon="-51.0561740">
    <ele>883.0</ele>
   </trkpt>
   <trkpt lat="-26.3810410" lon="-51.0562420">
    <ele>882.9</ele>
   </trkpt>
   <trkpt lat="-26.3810420" lon="-51.0562870">
    <ele>882.8</ele>
   </trkpt>
   <trkpt lat="-26.3810430" lon="-51.0563430">
    <ele>882.7</ele>
   </trkpt>
   <trkpt lat="-26.3810420" lon="-51.0563980">
    <ele>882.7</ele>
   </trkpt>
   <trkpt lat="-26.3810400" lon="-51.0564580">
    <ele>882.6</ele>
   </trkpt>
   <trkpt lat="-26.3810350" lon="-51.0565160">
    <ele>882.6</ele>
   </trkpt>
   <trkpt lat="-26.3810250" lon="-51.0565740">
    <ele>882.7</ele>
   </trkpt>
   <trkpt lat="-26.3810130" lon="-51.0566310">
    <ele>882.8</ele>
   </trkpt>
   <trkpt lat="-26.3809960" lon="-51.0566880">
    <ele>882.9</ele>
   </trkpt>
   <trkpt lat="-26.3809750" lon="-51.0567420">
    <ele>883.0</ele>
   </trkpt>
   <trkpt lat="-26.3809530" lon="-51.0567920">
    <ele>883.2</ele>
   </trkpt>
   <trkpt lat="-26.3809300" lon="-51.0568380">
    <ele>883.3</ele>
   </trkpt>
   <trkpt lat="-26.3809070" lon="-51.0568850">
    <ele>883.5</ele>
   </trkpt>
   <trkpt lat="-26.3808810" lon="-51.0569330">
    <ele>883.7</ele>
   </trkpt>
   <trkpt lat="-26.3808530" lon="-51.0569800">
    <ele>883.9</ele>
   </trkpt>
   <trkpt lat="-26.3808260" lon="-51.0570250">
    <ele>884.2</ele>
   </trkpt>
   <trkpt lat="-26.3808000" lon="-51.0570720">
    <ele>884.5</ele>
   </trkpt>
   <trkpt lat="-26.3807740" lon="-51.0571160">
    <ele>884.8</ele>
   </trkpt>
   <trkpt lat="-26.3807500" lon="-51.0571580">
    <ele>885.1</ele>
   </trkpt>
   <trkpt lat="-26.3807250" lon="-51.0572010">
    <ele>885.4</ele>
   </trkpt>
   <trkpt lat="-26.3807040" lon="-51.0572460">
    <ele>885.6</ele>
   </trkpt>
   <trkpt lat="-26.3806870" lon="-51.0572890">
    <ele>885.9</ele>
   </trkpt>
   <trkpt lat="-26.3806730" lon="-51.0573320">
    <ele>886.0</ele>
   </trkpt>
   <trkpt lat="-26.3806610" lon="-51.0573750">
    <ele>886.2</ele>
   </trkpt>
   <trkpt lat="-26.3806460" lon="-51.0574200">
    <ele>886.3</ele>
   </trkpt>
   <trkpt lat="-26.3806340" lon="-51.0574640">
    <ele>886.3</ele>
   </trkpt>
   <trkpt lat="-26.3806210" lon="-51.0575100">
    <ele>886.4</ele>
   </trkpt>
   <trkpt lat="-26.3806070" lon="-51.0575600">
    <ele>886.4</ele>
   </trkpt>
   <trkpt lat="-26.3805960" lon="-51.0576100">
    <ele>886.4</ele>
   </trkpt>
   <trkpt lat="-26.3805840" lon="-51.0576620">
    <ele>886.3</ele>
   </trkpt>
   <trkpt lat="-26.3805720" lon="-51.0577150">
    <ele>886.3</ele>
   </trkpt>
   <trkpt lat="-26.3805610" lon="-51.0577720">
    <ele>886.2</ele>
   </trkpt>
   <trkpt lat="-26.3805500" lon="-51.0578270">
    <ele>886.2</ele>
   </trkpt>
   <trkpt lat="-26.3805380" lon="-51.0578820">
    <ele>886.2</ele>
   </trkpt>
   <trkpt lat="-26.3805240" lon="-51.0579390">
    <ele>886.2</ele>
   </trkpt>
   <trkpt lat="-26.3805110" lon="-51.0579930">
    <ele>886.2</ele>
   </trkpt>
   <trkpt lat="-26.3804960" lon="-51.0580480">
    <ele>886.3</ele>
   </trkpt>
   <trkpt lat="-26.3804790" lon="-51.0581160">
    <ele>886.4</ele>
   </trkpt>
   <trkpt lat="-26.3804660" lon="-51.0581610">
    <ele>886.5</ele>
   </trkpt>
   <trkpt lat="-26.3804540" lon="-51.0582160">
    <ele>886.5</ele>
   </trkpt>
   <trkpt lat="-26.3804410" lon="-51.0582680">
    <ele>886.6</ele>
   </trkpt>
   <trkpt lat="-26.3804290" lon="-51.0583210">
    <ele>886.7</ele>
   </trkpt>
   <trkpt lat="-26.3804170" lon="-51.0583740">
    <ele>886.7</ele>
   </trkpt>
   <trkpt lat="-26.3804060" lon="-51.0584260">
    <ele>886.7</ele>
   </trkpt>
   <trkpt lat="-26.3803940" lon="-51.0584820">
    <ele>886.7</ele>
   </trkpt>
   <trkpt lat="-26.3803820" lon="-51.0585380">
    <ele>886.7</ele>
   </trkpt>
   <trkpt lat="-26.3803700" lon="-51.0585930">
    <ele>886.6</ele>
   </trkpt>
   <trkpt lat="-26.3803570" lon="-51.0586450">
    <ele>886.6</ele>
   </trkpt>
   <trkpt lat="-26.3803430" lon="-51.0586960">
    <ele>886.6</ele>
   </trkpt>
   <trkpt lat="-26.3803300" lon="-51.0587470">
    <ele>886.6</ele>
   </trkpt>
   <trkpt lat="-26.3803190" lon="-51.0588000">
    <ele>886.6</ele>
   </trkpt>
   <trkpt lat="-26.3803080" lon="-51.0588520">
    <ele>886.6</ele>
   </trkpt>
   <trkpt lat="-26.3802970" lon="-51.0589030">
    <ele>886.7</ele>
   </trkpt>
   <trkpt lat="-26.3802850" lon="-51.0589520">
    <ele>886.8</ele>
   </trkpt>
   <trkpt lat="-26.3802670" lon="-51.0590040">
    <ele>886.9</ele>
   </trkpt>
   <trkpt lat="-26.3802490" lon="-51.0590520">
    <ele>887.1</ele>
   </trkpt>
   <trkpt lat="-26.3802360" lon="-51.0591000">
    <ele>887.2</ele>
   </trkpt>
   <trkpt lat="-26.3802210" lon="-51.0591460">
    <ele>887.3</ele>
   </trkpt>
   <trkpt lat="-26.3802090" lon="-51.0591920">
    <ele>887.5</ele>
   </trkpt>
   <trkpt lat="-26.3801960" lon="-51.0592390">
    <ele>887.6</ele>
   </trkpt>
   <trkpt lat="-26.3801830" lon="-51.0592840">
    <ele>887.8</ele>
   </trkpt>
   <trkpt lat="-26.3801710" lon="-51.0593260">
    <ele>888.0</ele>
   </trkpt>
   <trkpt lat="-26.3801610" lon="-51.0593650">
    <ele>888.1</ele>
   </trkpt>
   <trkpt lat="-26.3801520" lon="-51.0594040">
    <ele>888.3</ele>
   </trkpt>
   <trkpt lat="-26.3801400" lon="-51.0594450">
    <ele>888.5</ele>
   </trkpt>
   <trkpt lat="-26.3801310" lon="-51.0594870">
    <ele>888.7</ele>
   </trkpt>
   <trkpt lat="-26.3801220" lon="-51.0595270">
    <ele>888.9</ele>
   </trkpt>
   <trkpt lat="-26.3801110" lon="-51.0595670">
    <ele>889.1</ele>
   </trkpt>
   <trkpt lat="-26.3801040" lon="-51.0596060">
    <ele>889.3</ele>
   </trkpt>
   <trkpt lat="-26.3800950" lon="-51.0596420">
    <ele>889.5</ele>
   </trkpt>
   <trkpt lat="-26.3800880" lon="-51.0596800">
    <ele>889.8</ele>
   </trkpt>
   <trkpt lat="-26.3800820" lon="-51.0597180">
    <ele>890.0</ele>
   </trkpt>
   <trkpt lat="-26.3800780" lon="-51.0597580">
    <ele>890.2</ele>
   </trkpt>
   <trkpt lat="-26.3800770" lon="-51.0597970">
    <ele>890.5</ele>
   </trkpt>
   <trkpt lat="-26.3800760" lon="-51.0598400">
    <ele>890.7</ele>
   </trkpt>
   <trkpt lat="-26.3800750" lon="-51.0598820">
    <ele>891.0</ele>
   </trkpt>
   <trkpt lat="-26.3800780" lon="-51.0599200">
    <ele>891.2</ele>
   </trkpt>
   <trkpt lat="-26.3800830" lon="-51.0599590">
    <ele>891.5</ele>
   </trkpt>
   <trkpt lat="-26.3800870" lon="-51.0599950">
    <ele>891.8</ele>
   </trkpt>
   <trkpt lat="-26.3800920" lon="-51.0600280">
    <ele>892.0</ele>
   </trkpt>
   <trkpt lat="-26.3800970" lon="-51.0600610">
    <ele>892.3</ele>
   </trkpt>
   <trkpt lat="-26.3801030" lon="-51.0600940">
    <ele>892.6</ele>
   </trkpt>
   <trkpt lat="-26.3801100" lon="-51.0601250">
    <ele>892.8</ele>
   </trkpt>
   <trkpt lat="-26.3801200" lon="-51.0601550">
    <ele>893.1</ele>
   </trkpt>
   <trkpt lat="-26.3801300" lon="-51.0601900">
    <ele>893.4</ele>
   </trkpt>
   <trkpt lat="-26.3801410" lon="-51.0602240">
    <ele>893.7</ele>
   </trkpt>
   <trkpt lat="-26.3801500" lon="-51.0602560">
    <ele>894.0</ele>
   </trkpt>
   <trkpt lat="-26.3801600" lon="-51.0602890">
    <ele>894.3</ele>
   </trkpt>
   <trkpt lat="-26.3801730" lon="-51.0603240">
    <ele>894.7</ele>
   </trkpt>
   <trkpt lat="-26.3801880" lon="-51.0603570">
    <ele>895.0</ele>
   </trkpt>
   <trkpt lat="-26.3802020" lon="-51.0603880">
    <ele>895.4</ele>
   </trkpt>
   <trkpt lat="-26.3802150" lon="-51.0604210">
    <ele>895.7</ele>
   </trkpt>
   <trkpt lat="-26.3802270" lon="-51.0604540">
    <ele>896.1</ele>
   </trkpt>
   <trkpt lat="-26.3802440" lon="-51.0604840">
    <ele>896.4</ele>
   </trkpt>
   <trkpt lat="-26.3802590" lon="-51.0605150">
    <ele>896.7</ele>
   </trkpt>
   <trkpt lat="-26.3802740" lon="-51.0605440">
    <ele>897.0</ele>
   </trkpt>
   <trkpt lat="-26.3802920" lon="-51.0605720">
    <ele>897.3</ele>
   </trkpt>
   <trkpt lat="-26.3803120" lon="-51.0606000">
    <ele>897.6</ele>
   </trkpt>
   <trkpt lat="-26.3803340" lon="-51.0606270">
    <ele>897.9</ele>
   </trkpt>
   <trkpt lat="-26.3803560" lon="-51.0606530">
    <ele>898.3</ele>
   </trkpt>
   <trkpt lat="-26.3803830" lon="-51.0606780">
    <ele>898.6</ele>
   </trkpt>
   <trkpt lat="-26.3804100" lon="-51.0606980">
    <ele>898.9</ele>
   </trkpt>
   <trkpt lat="-26.3804420" lon="-51.0607180">
    <ele>899.3</ele>
   </trkpt>
   <trkpt lat="-26.3804730" lon="-51.0607370">
    <ele>899.7</ele>
   </trkpt>
   <trkpt lat="-26.3805030" lon="-51.0607540">
    <ele>900.0</ele>
   </trkpt>
   <trkpt lat="-26.3805280" lon="-51.0607710">
    <ele>900.4</ele>
   </trkpt>
   <trkpt lat="-26.3805550" lon="-51.0607870">
    <ele>900.7</ele>
   </trkpt>
   <trkpt lat="-26.3805850" lon="-51.0608000">
    <ele>901.0</ele>
   </trkpt>
   <trkpt lat="-26.3806160" lon="-51.0608120">
    <ele>901.3</ele>
   </trkpt>
   <trkpt lat="-26.3806510" lon="-51.0608240">
    <ele>901.6</ele>
   </trkpt>
   <trkpt lat="-26.3806840" lon="-51.0608370">
    <ele>901.9</ele>
   </trkpt>
   <trkpt lat="-26.3807190" lon="-51.0608510">
    <ele>902.2</ele>
   </trkpt>
   <trkpt lat="-26.3807520" lon="-51.0608620">
    <ele>902.5</ele>
   </trkpt>
   <trkpt lat="-26.3807830" lon="-51.0608750">
    <ele>902.6</ele>
   </trkpt>
   <trkpt lat="-26.3808100" lon="-51.0608910">
    <ele>902.7</ele>
   </trkpt>
   <trkpt lat="-26.3808380" lon="-51.0609060">
    <ele>902.8</ele>
   </trkpt>
   <trkpt lat="-26.3808690" lon="-51.0609210">
    <ele>902.8</ele>
   </trkpt>
   <trkpt lat="-26.3809060" lon="-51.0609360">
    <ele>902.7</ele>
   </trkpt>
   <trkpt lat="-26.3809480" lon="-51.0609550">
    <ele>902.4</ele>
   </trkpt>
   <trkpt lat="-26.3809900" lon="-51.0609730">
    <ele>902.0</ele>
   </trkpt>
   <trkpt lat="-26.3810350" lon="-51.0609910">
    <ele>901.6</ele>
   </trkpt>
   <trkpt lat="-26.3810810" lon="-51.0610140">
    <ele>901.0</ele>
   </trkpt>
   <trkpt lat="-26.3811370" lon="-51.0610340">
    <ele>900.3</ele>
   </trkpt>
   <trkpt lat="-26.3812000" lon="-51.0610570">
    <ele>899.5</ele>
   </trkpt>
   <trkpt lat="-26.3812670" lon="-51.0610790">
    <ele>898.7</ele>
   </trkpt>
   <trkpt lat="-26.3813340" lon="-51.0611050">
    <ele>897.9</ele>
   </trkpt>
   <trkpt lat="-26.3814050" lon="-51.0611430">
    <ele>896.9</ele>
   </trkpt>
   <trkpt lat="-26.3814800" lon="-51.0612080">
    <ele>895.9</ele>
   </trkpt>
   <trkpt lat="-26.3815750" lon="-51.0612670">
    <ele>894.7</ele>
   </trkpt>
   <trkpt lat="-26.3816470" lon="-51.0613310">
    <ele>893.9</ele>
   </trkpt>
   <trkpt lat="-26.3817150" lon="-51.0614090">
    <ele>893.2</ele>
   </trkpt>
   <trkpt lat="-26.3817760" lon="-51.0615000">
    <ele>892.5</ele>
   </trkpt>
   <trkpt lat="-26.3818140" lon="-51.0615950">
    <ele>892.0</ele>
   </trkpt>
   <trkpt lat="-26.3818310" lon="-51.0616990">
    <ele>891.7</ele>
   </trkpt>
   <trkpt lat="-26.3818330" lon="-51.0618060">
    <ele>891.3</ele>
   </trkpt>
   <trkpt lat="-26.3818250" lon="-51.0619120">
    <ele>891.0</ele>
   </trkpt>
   <trkpt lat="-26.3818150" lon="-51.0620180">
    <ele>890.7</ele>
   </trkpt>
   <trkpt lat="-26.3818020" lon="-51.0621210">
    <ele>890.4</ele>
   </trkpt>
   <trkpt lat="-26.3817920" lon="-51.0622250">
    <ele>889.9</ele>
   </trkpt>
   <trkpt lat="-26.3817850" lon="-51.0623290">
    <ele>889.4</ele>
   </trkpt>
   <trkpt lat="-26.3817830" lon="-51.0624320">
    <ele>888.7</ele>
   </trkpt>
   <trkpt lat="-26.3817860" lon="-51.0625320">
    <ele>887.7</ele>
   </trkpt>
   <trkpt lat="-26.3817920" lon="-51.0626380">
    <ele>886.5</ele>
   </trkpt>
   <trkpt lat="-26.3818010" lon="-51.0627480">
    <ele>885.5</ele>
   </trkpt>
   <trkpt lat="-26.3818100" lon="-51.0628650">
    <ele>884.5</ele>
   </trkpt>
   <trkpt lat="-26.3818160" lon="-51.0629860">
    <ele>883.6</ele>
   </trkpt>
   <trkpt lat="-26.3818230" lon="-51.0631070">
    <ele>882.7</ele>
   </trkpt>
   <trkpt lat="-26.3818280" lon="-51.0632300">
    <ele>881.9</ele>
   </trkpt>
   <trkpt lat="-26.3818310" lon="-51.0633520">
    <ele>881.3</ele>
   </trkpt>
   <trkpt lat="-26.3818320" lon="-51.0634740">
    <ele>880.8</ele>
   </trkpt>
   <trkpt lat="-26.3818310" lon="-51.0635970">
    <ele>880.2</ele>
   </trkpt>
   <trkpt lat="-26.3818290" lon="-51.0637170">
    <ele>879.8</ele>
   </trkpt>
   <trkpt lat="-26.3818250" lon="-51.0638370">
    <ele>879.4</ele>
   </trkpt>
   <trkpt lat="-26.3818160" lon="-51.0639560">
    <ele>879.1</ele>
   </trkpt>
   <trkpt lat="-26.3818040" lon="-51.0640750">
    <ele>878.7</ele>
   </trkpt>
   <trkpt lat="-26.3817840" lon="-51.0641900">
    <ele>878.5</ele>
   </trkpt>
   <trkpt lat="-26.3817570" lon="-51.0643210">
    <ele>878.5</ele>
   </trkpt>
   <trkpt lat="-26.3817320" lon="-51.0644050">
    <ele>878.5</ele>
   </trkpt>
   <trkpt lat="-26.3816950" lon="-51.0645010">
    <ele>878.1</ele>
   </trkpt>
   <trkpt lat="-26.3816520" lon="-51.0645930">
    <ele>877.8</ele>
   </trkpt>
   <trkpt lat="-26.3816040" lon="-51.0646850">
    <ele>877.6</ele>
   </trkpt>
   <trkpt lat="-26.3815550" lon="-51.0647630">
    <ele>877.6</ele>
   </trkpt>
   <trkpt lat="-26.3815080" lon="-51.0648380">
    <ele>877.8</ele>
   </trkpt>
   <trkpt lat="-26.3814610" lon="-51.0649110">
    <ele>878.3</ele>
   </trkpt>
   <trkpt lat="-26.3814150" lon="-51.0649820">
    <ele>879.7</ele>
   </trkpt>
   <trkpt lat="-26.3813830" lon="-51.0650490">
    <ele>881.0</ele>
   </trkpt>
   <trkpt lat="-26.3813560" lon="-51.0651130">
    <ele>882.3</ele>
   </trkpt>
   <trkpt lat="-26.3813460" lon="-51.0651680">
    <ele>883.3</ele>
   </trkpt>
   <trkpt lat="-26.3813440" lon="-51.0652130">
    <ele>884.1</ele>
   </trkpt>
   <trkpt lat="-26.3813470" lon="-51.0652530">
    <ele>884.8</ele>
   </trkpt>
   <trkpt lat="-26.3813530" lon="-51.0652850">
    <ele>885.4</ele>
   </trkpt>
   <trkpt lat="-26.3813600" lon="-51.0653120">
    <ele>885.9</ele>
   </trkpt>
   <trkpt lat="-26.3813720" lon="-51.0653330">
    <ele>886.4</ele>
   </trkpt>
   <trkpt lat="-26.3813920" lon="-51.0653550">
    <ele>887.0</ele>
   </trkpt>
   <trkpt lat="-26.3814130" lon="-51.0653770">
    <ele>887.5</ele>
   </trkpt>
   <trkpt lat="-26.3814350" lon="-51.0654010">
    <ele>888.1</ele>
   </trkpt>
   <trkpt lat="-26.3814610" lon="-51.0654250">
    <ele>888.8</ele>
   </trkpt>
   <trkpt lat="-26.3814810" lon="-51.0654300">
    <ele>889.1</ele>
   </trkpt>
   <trkpt lat="-26.3814970" lon="-51.0654410">
    <ele>889.4</ele>
   </trkpt>
   <trkpt lat="-26.3815200" lon="-51.0654470">
    <ele>889.8</ele>
   </trkpt>
   <trkpt lat="-26.3815430" lon="-51.0654540">
    <ele>890.1</ele>
   </trkpt>
   <trkpt lat="-26.3815670" lon="-51.0654620">
    <ele>890.5</ele>
   </trkpt>
   <trkpt lat="-26.3815940" lon="-51.0654710">
    <ele>890.9</ele>
   </trkpt>
   <trkpt lat="-26.3816240" lon="-51.0654800">
    <ele>891.3</ele>
   </trkpt>
   <trkpt lat="-26.3816560" lon="-51.0654970">
    <ele>891.7</ele>
   </trkpt>
   <trkpt lat="-26.3816900" lon="-51.0655300">
    <ele>892.3</ele>
   </trkpt>
   <trkpt lat="-26.3817220" lon="-51.0655510">
    <ele>892.7</ele>
   </trkpt>
   <trkpt lat="-26.3817550" lon="-51.0655530">
    <ele>893.1</ele>
   </trkpt>
   <trkpt lat="-26.3817910" lon="-51.0655570">
    <ele>893.4</ele>
   </trkpt>
   <trkpt lat="-26.3818280" lon="-51.0655670">
    <ele>893.8</ele>
   </trkpt>
   <trkpt lat="-26.3818570" lon="-51.0655730">
    <ele>894.0</ele>
   </trkpt>
   <trkpt lat="-26.3818870" lon="-51.0655810">
    <ele>894.3</ele>
   </trkpt>
   <trkpt lat="-26.3819190" lon="-51.0656010">
    <ele>894.6</ele>
   </trkpt>
   <trkpt lat="-26.3819500" lon="-51.0656300">
    <ele>895.0</ele>
   </trkpt>
   <trkpt lat="-26.3819870" lon="-51.0656440">
    <ele>895.3</ele>
   </trkpt>
   <trkpt lat="-26.3820100" lon="-51.0656690">
    <ele>895.5</ele>
   </trkpt>
   <trkpt lat="-26.3820360" lon="-51.0656990">
    <ele>895.8</ele>
   </trkpt>
   <trkpt lat="-26.3820690" lon="-51.0657290">
    <ele>896.1</ele>
   </trkpt>
   <trkpt lat="-26.3820990" lon="-51.0657590">
    <ele>896.4</ele>
   </trkpt>
   <trkpt lat="-26.3821100" lon="-51.0657890">
    <ele>896.6</ele>
   </trkpt>
   <trkpt lat="-26.3821170" lon="-51.0658150">
    <ele>896.8</ele>
   </trkpt>
   <trkpt lat="-26.3821210" lon="-51.0658400">
    <ele>897.0</ele>
   </trkpt>
   <trkpt lat="-26.3821200" lon="-51.0658580">
    <ele>897.1</ele>
   </trkpt>
   <trkpt lat="-26.3821240" lon="-51.0658810">
    <ele>897.2</ele>
   </trkpt>
   <trkpt lat="-26.3821240" lon="-51.0659150">
    <ele>897.4</ele>
   </trkpt>
   <trkpt lat="-26.3821250" lon="-51.0659240">
    <ele>897.5</ele>
   </trkpt>
   <trkpt lat="-26.3821220" lon="-51.0659390">
    <ele>897.6</ele>
   </trkpt>
   <trkpt lat="-26.3821200" lon="-51.0659720">
    <ele>897.7</ele>
   </trkpt>
   <trkpt lat="-26.3821170" lon="-51.0660080">
    <ele>897.9</ele>
   </trkpt>
   <trkpt lat="-26.3821140" lon="-51.0660400">
    <ele>898.1</ele>
   </trkpt>
   <trkpt lat="-26.3821190" lon="-51.0660690">
    <ele>898.3</ele>
   </trkpt>
   <trkpt lat="-26.3821240" lon="-51.0661010">
    <ele>898.5</ele>
   </trkpt>
   <trkpt lat="-26.3821310" lon="-51.0661360">
    <ele>898.7</ele>
   </trkpt>
   <trkpt lat="-26.3821410" lon="-51.0661620">
    <ele>898.9</ele>
   </trkpt>
   <trkpt lat="-26.3821470" lon="-51.0661890">
    <ele>899.1</ele>
   </trkpt>
   <trkpt lat="-26.3821490" lon="-51.0662130">
    <ele>899.3</ele>
   </trkpt>
   <trkpt lat="-26.3821390" lon="-51.0662370">
    <ele>899.5</ele>
   </trkpt>
   <trkpt lat="-26.3821360" lon="-51.0662570">
    <ele>899.7</ele>
   </trkpt>
   <trkpt lat="-26.3821360" lon="-51.0662900">
    <ele>899.9</ele>
   </trkpt>
   <trkpt lat="-26.3821260" lon="-51.0663430">
    <ele>900.4</ele>
   </trkpt>
   <trkpt lat="-26.3821230" lon="-51.0663780">
    <ele>900.7</ele>
   </trkpt>
   <trkpt lat="-26.3821250" lon="-51.0664080">
    <ele>900.9</ele>
   </trkpt>
   <trkpt lat="-26.3821260" lon="-51.0664330">
    <ele>901.2</ele>
   </trkpt>
   <trkpt lat="-26.3821360" lon="-51.0664580">
    <ele>901.4</ele>
   </trkpt>
   <trkpt lat="-26.3821390" lon="-51.0664850">
    <ele>901.7</ele>
   </trkpt>
   <trkpt lat="-26.3821310" lon="-51.0665040">
    <ele>901.9</ele>
   </trkpt>
   <trkpt lat="-26.3821110" lon="-51.0665160">
    <ele>902.1</ele>
   </trkpt>
   <trkpt lat="-26.3820920" lon="-51.0665500">
    <ele>902.5</ele>
   </trkpt>
   <trkpt lat="-26.3820870" lon="-51.0665730">
    <ele>902.7</ele>
   </trkpt>
   <trkpt lat="-26.3820940" lon="-51.0666010">
    <ele>902.9</ele>
   </trkpt>
   <trkpt lat="-26.3820950" lon="-51.0666320">
    <ele>903.2</ele>
   </trkpt>
   <trkpt lat="-26.3820880" lon="-51.0666670">
    <ele>903.6</ele>
   </trkpt>
   <trkpt lat="-26.3820830" lon="-51.0667150">
    <ele>904.0</ele>
   </trkpt>
   <trkpt lat="-26.3820910" lon="-51.0667500">
    <ele>904.4</ele>
   </trkpt>
   <trkpt lat="-26.3820880" lon="-51.0667860">
    <ele>904.7</ele>
   </trkpt>
   <trkpt lat="-26.3820800" lon="-51.0668170">
    <ele>905.0</ele>
   </trkpt>
   <trkpt lat="-26.3820810" lon="-51.0668230">
    <ele>905.1</ele>
   </trkpt>
   <trkpt lat="-26.3820660" lon="-51.0668580">
    <ele>905.5</ele>
   </trkpt>
   <trkpt lat="-26.3820630" lon="-51.0668940">
    <ele>905.8</ele>
   </trkpt>
   <trkpt lat="-26.3820550" lon="-51.0669390">
    <ele>906.2</ele>
   </trkpt>
   <trkpt lat="-26.3820600" lon="-51.0669780">
    <ele>906.6</ele>
   </trkpt>
   <trkpt lat="-26.3820630" lon="-51.0670120">
    <ele>907.0</ele>
   </trkpt>
   <trkpt lat="-26.3820600" lon="-51.0670510">
    <ele>907.3</ele>
   </trkpt>
   <trkpt lat="-26.3820500" lon="-51.0670920">
    <ele>907.7</ele>
   </trkpt>
   <trkpt lat="-26.3820460" lon="-51.0671280">
    <ele>908.1</ele>
   </trkpt>
   <trkpt lat="-26.3820470" lon="-51.0671670">
    <ele>908.5</ele>
   </trkpt>
   <trkpt lat="-26.3820470" lon="-51.0671880">
    <ele>908.7</ele>
   </trkpt>
   <trkpt lat="-26.3820370" lon="-51.0672180">
    <ele>909.1</ele>
   </trkpt>
   <trkpt lat="-26.3820400" lon="-51.0672400">
    <ele>909.4</ele>
   </trkpt>
   <trkpt lat="-26.3820490" lon="-51.0672620">
    <ele>909.7</ele>
   </trkpt>
   <trkpt lat="-26.3820540" lon="-51.0672860">
    <ele>910.0</ele>
   </trkpt>
   <trkpt lat="-26.3820770" lon="-51.0673240">
    <ele>910.5</ele>
   </trkpt>
   <trkpt lat="-26.3820850" lon="-51.0673510">
    <ele>910.9</ele>
   </trkpt>
   <trkpt lat="-26.3820980" lon="-51.0673730">
    <ele>911.2</ele>
   </trkpt>
   <trkpt lat="-26.3821020" lon="-51.0673980">
    <ele>911.5</ele>
   </trkpt>
   <trkpt lat="-26.3821030" lon="-51.0674320">
    <ele>912.0</ele>
   </trkpt>
   <trkpt lat="-26.3821130" lon="-51.0674580">
    <ele>912.3</ele>
   </trkpt>
   <trkpt lat="-26.3821280" lon="-51.0674830">
    <ele>912.7</ele>
   </trkpt>
   <trkpt lat="-26.3821320" lon="-51.0675110">
    <ele>913.0</ele>
   </trkpt>
   <trkpt lat="-26.3821450" lon="-51.0675410">
    <ele>913.4</ele>
   </trkpt>
   <trkpt lat="-26.3821500" lon="-51.0675780">
    <ele>913.9</ele>
   </trkpt>
   <trkpt lat="-26.3821560" lon="-51.0676200">
    <ele>914.4</ele>
   </trkpt>
   <trkpt lat="-26.3821650" lon="-51.0676520">
    <ele>914.8</ele>
   </trkpt>
   <trkpt lat="-26.3821770" lon="-51.0676960">
    <ele>915.3</ele>
   </trkpt>
   <trkpt lat="-26.3821850" lon="-51.0677360">
    <ele>915.7</ele>
   </trkpt>
   <trkpt lat="-26.3821800" lon="-51.0677730">
    <ele>916.2</ele>
   </trkpt>
   <trkpt lat="-26.3821410" lon="-51.0678180">
    <ele>916.9</ele>
   </trkpt>
   <trkpt lat="-26.3821340" lon="-51.0678360">
    <ele>917.1</ele>
   </trkpt>
   <trkpt lat="-26.3821270" lon="-51.0678770">
    <ele>917.6</ele>
   </trkpt>
   <trkpt lat="-26.3821230" lon="-51.0679180">
    <ele>918.1</ele>
   </trkpt>
   <trkpt lat="-26.3821180" lon="-51.0679490">
    <ele>918.5</ele>
   </trkpt>
   <trkpt lat="-26.3821110" lon="-51.0679820">
    <ele>918.9</ele>
   </trkpt>
   <trkpt lat="-26.3821010" lon="-51.0680180">
    <ele>919.3</ele>
   </trkpt>
   <trkpt lat="-26.3820910" lon="-51.0680480">
    <ele>919.7</ele>
   </trkpt>
   <trkpt lat="-26.3820850" lon="-51.0680730">
    <ele>920.0</ele>
   </trkpt>
   <trkpt lat="-26.3820830" lon="-51.0680990">
    <ele>920.3</ele>
   </trkpt>
   <trkpt lat="-26.3820800" lon="-51.0681120">
    <ele>920.5</ele>
   </trkpt>
   <trkpt lat="-26.3820810" lon="-51.0681320">
    <ele>920.7</ele>
   </trkpt>
   <trkpt lat="-26.3820850" lon="-51.0681700">
    <ele>921.2</ele>
   </trkpt>
   <trkpt lat="-26.3820930" lon="-51.0682110">
    <ele>921.7</ele>
   </trkpt>
   <trkpt lat="-26.3821070" lon="-51.0682330">
    <ele>922.1</ele>
   </trkpt>
   <trkpt lat="-26.3821030" lon="-51.0682660">
    <ele>922.5</ele>
   </trkpt>
   <trkpt lat="-26.3821010" lon="-51.0682960">
    <ele>922.9</ele>
   </trkpt>
   <trkpt lat="-26.3821000" lon="-51.0683170">
    <ele>923.1</ele>
   </trkpt>
   <trkpt lat="-26.3821050" lon="-51.0683280">
    <ele>923.3</ele>
   </trkpt>
   <trkpt lat="-26.3821090" lon="-51.0683510">
    <ele>923.6</ele>
   </trkpt>
   <trkpt lat="-26.3821120" lon="-51.0683740">
    <ele>923.8</ele>
   </trkpt>
   <trkpt lat="-26.3821190" lon="-51.0683950">
    <ele>924.1</ele>
   </trkpt>
   <trkpt lat="-26.3821160" lon="-51.0684250">
    <ele>924.5</ele>
   </trkpt>
   <trkpt lat="-26.3821150" lon="-51.0684660">
    <ele>924.9</ele>
   </trkpt>
   <trkpt lat="-26.3821150" lon="-51.0685280">
    <ele>925.7</ele>
   </trkpt>
   <trkpt lat="-26.3821320" lon="-51.0685870">
    <ele>926.4</ele>
   </trkpt>
   <trkpt lat="-26.3821510" lon="-51.0686250">
    <ele>926.9</ele>
   </trkpt>
   <trkpt lat="-26.3821610" lon="-51.0686610">
    <ele>927.3</ele>
   </trkpt>
   <trkpt lat="-26.3821740" lon="-51.0686900">
    <ele>927.7</ele>
   </trkpt>
   <trkpt lat="-26.3821860" lon="-51.0687280">
    <ele>928.1</ele>
   </trkpt>
   <trkpt lat="-26.3822030" lon="-51.0687740">
    <ele>928.6</ele>
   </trkpt>
   <trkpt lat="-26.3822330" lon="-51.0687890">
    <ele>929.0</ele>
   </trkpt>
   <trkpt lat="-26.3822630" lon="-51.0688000">
    <ele>929.4</ele>
   </trkpt>
   <trkpt lat="-26.3822860" lon="-51.0688170">
    <ele>929.7</ele>
   </trkpt>
   <trkpt lat="-26.3822980" lon="-51.0688330">
    <ele>929.9</ele>
   </trkpt>
   <trkpt lat="-26.3823160" lon="-51.0688440">
    <ele>930.1</ele>
   </trkpt>
   <trkpt lat="-26.3823280" lon="-51.0688650">
    <ele>930.3</ele>
   </trkpt>
   <trkpt lat="-26.3823380" lon="-51.0688880">
    <ele>930.6</ele>
   </trkpt>
   <trkpt lat="-26.3823510" lon="-51.0689080">
    <ele>930.8</ele>
   </trkpt>
   <trkpt lat="-26.3823700" lon="-51.0689340">
    <ele>931.2</ele>
   </trkpt>
   <trkpt lat="-26.3823830" lon="-51.0689550">
    <ele>931.4</ele>
   </trkpt>
   <trkpt lat="-26.3823930" lon="-51.0689770">
    <ele>931.7</ele>
   </trkpt>
   <trkpt lat="-26.3824060" lon="-51.0690010">
    <ele>932.0</ele>
   </trkpt>
   <trkpt lat="-26.3824160" lon="-51.0690170">
    <ele>932.2</ele>
   </trkpt>
   <trkpt lat="-26.3824250" lon="-51.0690370">
    <ele>932.4</ele>
   </trkpt>
   <trkpt lat="-26.3824370" lon="-51.0690610">
    <ele>932.7</ele>
   </trkpt>
   <trkpt lat="-26.3824510" lon="-51.0690830">
    <ele>933.0</ele>
   </trkpt>
   <trkpt lat="-26.3824690" lon="-51.0691060">
    <ele>933.4</ele>
   </trkpt>
   <trkpt lat="-26.3824900" lon="-51.0691330">
    <ele>933.8</ele>
   </trkpt>
   <trkpt lat="-26.3825040" lon="-51.0691560">
    <ele>934.1</ele>
   </trkpt>
   <trkpt lat="-26.3825160" lon="-51.0691750">
    <ele>934.3</ele>
   </trkpt>
   <trkpt lat="-26.3825290" lon="-51.0691910">
    <ele>934.6</ele>
   </trkpt>
   <trkpt lat="-26.3825440" lon="-51.0692070">
    <ele>934.8</ele>
   </trkpt>
   <trkpt lat="-26.3825590" lon="-51.0692200">
    <ele>935.1</ele>
   </trkpt>
   <trkpt lat="-26.3825720" lon="-51.0692350">
    <ele>935.3</ele>
   </trkpt>
   <trkpt lat="-26.3825810" lon="-51.0692540">
    <ele>935.6</ele>
   </trkpt>
   <trkpt lat="-26.3825930" lon="-51.0692770">
    <ele>935.9</ele>
   </trkpt>
   <trkpt lat="-26.3826040" lon="-51.0692990">
    <ele>936.2</ele>
   </trkpt>
   <trkpt lat="-26.3826160" lon="-51.0693240">
    <ele>936.5</ele>
   </trkpt>
   <trkpt lat="-26.3826280" lon="-51.0693490">
    <ele>936.9</ele>
   </trkpt>
   <trkpt lat="-26.3826450" lon="-51.0693720">
    <ele>937.3</ele>
   </trkpt>
   <trkpt lat="-26.3826570" lon="-51.0693930">
    <ele>937.6</ele>
   </trkpt>
   <trkpt lat="-26.3826690" lon="-51.0694180">
    <ele>938.0</ele>
   </trkpt>
   <trkpt lat="-26.3826830" lon="-51.0694440">
    <ele>938.4</ele>
   </trkpt>
   <trkpt lat="-26.3827010" lon="-51.0694770">
    <ele>939.0</ele>
   </trkpt>
   <trkpt lat="-26.3827210" lon="-51.0695030">
    <ele>939.4</ele>
   </trkpt>
   <trkpt lat="-26.3827410" lon="-51.0695230">
    <ele>939.8</ele>
   </trkpt>
   <trkpt lat="-26.3827560" lon="-51.0695450">
    <ele>940.2</ele>
   </trkpt>
   <trkpt lat="-26.3827630" lon="-51.0695720">
    <ele>940.6</ele>
   </trkpt>
   <trkpt lat="-26.3827810" lon="-51.0696000">
    <ele>941.1</ele>
   </trkpt>
   <trkpt lat="-26.3827990" lon="-51.0696200">
    <ele>941.5</ele>
   </trkpt>
   <trkpt lat="-26.3828110" lon="-51.0696390">
    <ele>941.8</ele>
   </trkpt>
   <trkpt lat="-26.3828260" lon="-51.0696520">
    <ele>942.1</ele>
   </trkpt>
   <trkpt lat="-26.3828420" lon="-51.0696650">
    <ele>942.4</ele>
   </trkpt>
   <trkpt lat="-26.3828560" lon="-51.0696830">
    <ele>942.7</ele>
   </trkpt>
   <trkpt lat="-26.3828640" lon="-51.0697040">
    <ele>943.0</ele>
   </trkpt>
   <trkpt lat="-26.3828740" lon="-51.0697230">
    <ele>943.3</ele>
   </trkpt>
   <trkpt lat="-26.3828860" lon="-51.0697420">
    <ele>943.6</ele>
   </trkpt>
   <trkpt lat="-26.3829000" lon="-51.0697650">
    <ele>943.9</ele>
   </trkpt>
   <trkpt lat="-26.3829190" lon="-51.0697850">
    <ele>944.3</ele>
   </trkpt>
   <trkpt lat="-26.3829310" lon="-51.0698090">
    <ele>944.6</ele>
   </trkpt>
   <trkpt lat="-26.3829470" lon="-51.0698340">
    <ele>945.0</ele>
   </trkpt>
   <trkpt lat="-26.3829640" lon="-51.0698570">
    <ele>945.3</ele>
   </trkpt>
   <trkpt lat="-26.3829770" lon="-51.0698790">
    <ele>945.7</ele>
   </trkpt>
   <trkpt lat="-26.3829920" lon="-51.0698990">
    <ele>946.0</ele>
   </trkpt>
   <trkpt lat="-26.3830060" lon="-51.0699190">
    <ele>946.3</ele>
   </trkpt>
   <trkpt lat="-26.3830190" lon="-51.0699390">
    <ele>946.6</ele>
   </trkpt>
   <trkpt lat="-26.3830270" lon="-51.0699560">
    <ele>946.8</ele>
   </trkpt>
   <trkpt lat="-26.3830340" lon="-51.0699710">
    <ele>947.0</ele>
   </trkpt>
   <trkpt lat="-26.3830430" lon="-51.0699900">
    <ele>947.3</ele>
   </trkpt>
   <trkpt lat="-26.3830490" lon="-51.0700110">
    <ele>947.6</ele>
   </trkpt>
   <trkpt lat="-26.3830560" lon="-51.0700360">
    <ele>947.9</ele>
   </trkpt>
   <trkpt lat="-26.3830590" lon="-51.0700570">
    <ele>948.2</ele>
   </trkpt>
   <trkpt lat="-26.3830650" lon="-51.0700820">
    <ele>948.5</ele>
   </trkpt>
   <trkpt lat="-26.3830640" lon="-51.0701080">
    <ele>948.8</ele>
   </trkpt>
   <trkpt lat="-26.3830620" lon="-51.0701350">
    <ele>949.1</ele>
   </trkpt>
   <trkpt lat="-26.3830610" lon="-51.0701600">
    <ele>949.4</ele>
   </trkpt>
   <trkpt lat="-26.3830580" lon="-51.0701860">
    <ele>949.7</ele>
   </trkpt>
   <trkpt lat="-26.3830540" lon="-51.0702190">
    <ele>950.1</ele>
   </trkpt>
   <trkpt lat="-26.3830460" lon="-51.0702500">
    <ele>950.4</ele>
   </trkpt>
   <trkpt lat="-26.3830340" lon="-51.0702790">
    <ele>950.6</ele>
   </trkpt>
   <trkpt lat="-26.3830170" lon="-51.0703080">
    <ele>950.9</ele>
   </trkpt>
   <trkpt lat="-26.3829970" lon="-51.0703490">
    <ele>951.1</ele>
   </trkpt>
   <trkpt lat="-26.3829790" lon="-51.0703880">
    <ele>951.3</ele>
   </trkpt>
   <trkpt lat="-26.3829610" lon="-51.0704310">
    <ele>951.3</ele>
   </trkpt>
   <trkpt lat="-26.3829360" lon="-51.0704810">
    <ele>951.4</ele>
   </trkpt>
   <trkpt lat="-26.3829210" lon="-51.0705140">
    <ele>951.4</ele>
   </trkpt>
   <trkpt lat="-26.3829110" lon="-51.0705410">
    <ele>951.4</ele>
   </trkpt>
   <trkpt lat="-26.3828990" lon="-51.0705780">
    <ele>951.4</ele>
   </trkpt>
   <trkpt lat="-26.3828770" lon="-51.0706250">
    <ele>951.4</ele>
   </trkpt>
   <trkpt lat="-26.3828640" lon="-51.0706740">
    <ele>951.5</ele>
   </trkpt>
   <trkpt lat="-26.3828590" lon="-51.0707220">
    <ele>951.7</ele>
   </trkpt>
   <trkpt lat="-26.3828620" lon="-51.0707570">
    <ele>951.9</ele>
   </trkpt>
   <trkpt lat="-26.3828690" lon="-51.0707780">
    <ele>952.0</ele>
   </trkpt>
   <trkpt lat="-26.3828760" lon="-51.0708070">
    <ele>952.2</ele>
   </trkpt>
   <trkpt lat="-26.3828740" lon="-51.0708370">
    <ele>952.3</ele>
   </trkpt>
   <trkpt lat="-26.3828730" lon="-51.0708670">
    <ele>952.4</ele>
   </trkpt>
   <trkpt lat="-26.3828730" lon="-51.0709060">
    <ele>952.5</ele>
   </trkpt>
   <trkpt lat="-26.3828720" lon="-51.0709390">
    <ele>952.6</ele>
   </trkpt>
   <trkpt lat="-26.3828710" lon="-51.0709730">
    <ele>952.7</ele>
   </trkpt>
   <trkpt lat="-26.3828660" lon="-51.0710100">
    <ele>952.9</ele>
   </trkpt>
   <trkpt lat="-26.3828610" lon="-51.0710460">
    <ele>953.0</ele>
   </trkpt>
   <trkpt lat="-26.3828580" lon="-51.0710820">
    <ele>953.2</ele>
   </trkpt>
   <trkpt lat="-26.3828570" lon="-51.0711220">
    <ele>953.3</ele>
   </trkpt>
   <trkpt lat="-26.3828540" lon="-51.0711610">
    <ele>953.5</ele>
   </trkpt>
   <trkpt lat="-26.3828460" lon="-51.0712010">
    <ele>953.8</ele>
   </trkpt>
   <trkpt lat="-26.3828360" lon="-51.0712460">
    <ele>954.1</ele>
   </trkpt>
   <trkpt lat="-26.3828280" lon="-51.0712940">
    <ele>954.4</ele>
   </trkpt>
   <trkpt lat="-26.3828180" lon="-51.0713430">
    <ele>954.8</ele>
   </trkpt>
   <trkpt lat="-26.3828080" lon="-51.0713900">
    <ele>955.1</ele>
   </trkpt>
   <trkpt lat="-26.3828030" lon="-51.0714360">
    <ele>955.4</ele>
   </trkpt>
   <trkpt lat="-26.3827990" lon="-51.0714820">
    <ele>955.6</ele>
   </trkpt>
   <trkpt lat="-26.3827970" lon="-51.0715290">
    <ele>955.8</ele>
   </trkpt>
   <trkpt lat="-26.3827950" lon="-51.0715860">
    <ele>956.1</ele>
   </trkpt>
   <trkpt lat="-26.3827940" lon="-51.0716360">
    <ele>956.2</ele>
   </trkpt>
   <trkpt lat="-26.3827930" lon="-51.0716820">
    <ele>956.3</ele>
   </trkpt>
   <trkpt lat="-26.3827920" lon="-51.0717210">
    <ele>956.4</ele>
   </trkpt>
   <trkpt lat="-26.3827870" lon="-51.0717610">
    <ele>956.5</ele>
   </trkpt>
   <trkpt lat="-26.3827840" lon="-51.0718130">
    <ele>956.6</ele>
   </trkpt>
   <trkpt lat="-26.3827910" lon="-51.0718660">
    <ele>956.7</ele>
   </trkpt>
   <trkpt lat="-26.3827980" lon="-51.0719180">
    <ele>956.8</ele>
   </trkpt>
   <trkpt lat="-26.3828030" lon="-51.0719820">
    <ele>956.9</ele>
   </trkpt>
   <trkpt lat="-26.3828030" lon="-51.0720390">
    <ele>957.0</ele>
   </trkpt>
   <trkpt lat="-26.3827960" lon="-51.0721050">
    <ele>957.3</ele>
   </trkpt>
   <trkpt lat="-26.3827970" lon="-51.0721660">
    <ele>957.6</ele>
   </trkpt>
   <trkpt lat="-26.3828060" lon="-51.0722230">
    <ele>957.9</ele>
   </trkpt>
   <trkpt lat="-26.3828100" lon="-51.0722680">
    <ele>958.2</ele>
   </trkpt>
   <trkpt lat="-26.3828180" lon="-51.0723050">
    <ele>958.5</ele>
   </trkpt>
   <trkpt lat="-26.3828230" lon="-51.0723540">
    <ele>958.9</ele>
   </trkpt>
   <trkpt lat="-26.3828210" lon="-51.0724160">
    <ele>959.4</ele>
   </trkpt>
   <trkpt lat="-26.3828220" lon="-51.0724780">
    <ele>959.8</ele>
   </trkpt>
   <trkpt lat="-26.3828240" lon="-51.0725550">
    <ele>960.4</ele>
   </trkpt>
   <trkpt lat="-26.3828280" lon="-51.0726300">
    <ele>960.9</ele>
   </trkpt>
   <trkpt lat="-26.3828240" lon="-51.0726900">
    <ele>961.3</ele>
   </trkpt>
   <trkpt lat="-26.3828210" lon="-51.0727370">
    <ele>961.6</ele>
   </trkpt>
   <trkpt lat="-26.3828340" lon="-51.0727730">
    <ele>961.8</ele>
   </trkpt>
   <trkpt lat="-26.3828320" lon="-51.0728120">
    <ele>962.0</ele>
   </trkpt>
   <trkpt lat="-26.3828300" lon="-51.0728390">
    <ele>962.2</ele>
   </trkpt>
   <trkpt lat="-26.3828270" lon="-51.0728750">
    <ele>962.4</ele>
   </trkpt>
   <trkpt lat="-26.3828300" lon="-51.0729090">
    <ele>962.5</ele>
   </trkpt>
   <trkpt lat="-26.3828360" lon="-51.0729440">
    <ele>962.6</ele>
   </trkpt>
   <trkpt lat="-26.3828420" lon="-51.0729860">
    <ele>962.8</ele>
   </trkpt>
   <trkpt lat="-26.3828490" lon="-51.0730270">
    <ele>962.9</ele>
   </trkpt>
   <trkpt lat="-26.3828520" lon="-51.0730710">
    <ele>963.1</ele>
   </trkpt>
   <trkpt lat="-26.3828610" lon="-51.0731030">
    <ele>963.1</ele>
   </trkpt>
   <trkpt lat="-26.3828630" lon="-51.0731360">
    <ele>963.2</ele>
   </trkpt>
   <trkpt lat="-26.3828720" lon="-51.0731830">
    <ele>963.3</ele>
   </trkpt>
   <trkpt lat="-26.3828850" lon="-51.0732210">
    <ele>963.4</ele>
   </trkpt>
   <trkpt lat="-26.3828860" lon="-51.0732640">
    <ele>963.5</ele>
   </trkpt>
   <trkpt lat="-26.3828820" lon="-51.0733070">
    <ele>963.6</ele>
   </trkpt>
   <trkpt lat="-26.3828810" lon="-51.0733690">
    <ele>963.8</ele>
   </trkpt>
   <trkpt lat="-26.3828680" lon="-51.0734300">
    <ele>963.9</ele>
   </trkpt>
   <trkpt lat="-26.3828570" lon="-51.0734690">
    <ele>964.0</ele>
   </trkpt>
   <trkpt lat="-26.3828510" lon="-51.0735130">
    <ele>964.1</ele>
   </trkpt>
   <trkpt lat="-26.3828430" lon="-51.0735700">
    <ele>964.2</ele>
   </trkpt>
   <trkpt lat="-26.3828360" lon="-51.0736240">
    <ele>964.4</ele>
   </trkpt>
   <trkpt lat="-26.3828230" lon="-51.0736710">
    <ele>964.5</ele>
   </trkpt>
   <trkpt lat="-26.3828050" lon="-51.0737160">
    <ele>964.6</ele>
   </trkpt>
   <trkpt lat="-26.3827950" lon="-51.0737630">
    <ele>964.8</ele>
   </trkpt>
   <trkpt lat="-26.3827920" lon="-51.0738040">
    <ele>965.0</ele>
   </trkpt>
   <trkpt lat="-26.3827860" lon="-51.0738530">
    <ele>965.2</ele>
   </trkpt>
   <trkpt lat="-26.3827730" lon="-51.0738870">
    <ele>965.4</ele>
   </trkpt>
   <trkpt lat="-26.3827540" lon="-51.0739250">
    <ele>965.6</ele>
   </trkpt>
   <trkpt lat="-26.3827380" lon="-51.0739550">
    <ele>965.7</ele>
   </trkpt>
   <trkpt lat="-26.3827210" lon="-51.0739800">
    <ele>965.9</ele>
   </trkpt>
   <trkpt lat="-26.3826990" lon="-51.0740040">
    <ele>966.1</ele>
   </trkpt>
   <trkpt lat="-26.3826780" lon="-51.0740310">
    <ele>966.3</ele>
   </trkpt>
   <trkpt lat="-26.3826620" lon="-51.0740630">
    <ele>966.5</ele>
   </trkpt>
   <trkpt lat="-26.3826510" lon="-51.0740950">
    <ele>966.7</ele>
   </trkpt>
   <trkpt lat="-26.3826400" lon="-51.0741220">
    <ele>966.9</ele>
   </trkpt>
   <trkpt lat="-26.3826340" lon="-51.0741450">
    <ele>967.1</ele>
   </trkpt>
   <trkpt lat="-26.3826330" lon="-51.0741690">
    <ele>967.3</ele>
   </trkpt>
   <trkpt lat="-26.3826300" lon="-51.0741900">
    <ele>967.4</ele>
   </trkpt>
   <trkpt lat="-26.3826320" lon="-51.0742050">
    <ele>967.5</ele>
   </trkpt>
   <trkpt lat="-26.3826350" lon="-51.0742220">
    <ele>967.6</ele>
   </trkpt>
   <trkpt lat="-26.3826370" lon="-51.0742450">
    <ele>967.8</ele>
   </trkpt>
   <trkpt lat="-26.3826360" lon="-51.0742720">
    <ele>968.0</ele>
   </trkpt>
   <trkpt lat="-26.3826380" lon="-51.0742970">
    <ele>968.2</ele>
   </trkpt>
   <trkpt lat="-26.3826410" lon="-51.0743260">
    <ele>968.5</ele>
   </trkpt>
   <trkpt lat="-26.3826450" lon="-51.0743540">
    <ele>968.7</ele>
   </trkpt>
   <trkpt lat="-26.3826480" lon="-51.0743840">
    <ele>969.0</ele>
   </trkpt>
   <trkpt lat="-26.3826490" lon="-51.0744090">
    <ele>969.2</ele>
   </trkpt>
   <trkpt lat="-26.3826500" lon="-51.0744350">
    <ele>969.4</ele>
   </trkpt>
   <trkpt lat="-26.3826520" lon="-51.0744620">
    <ele>969.7</ele>
   </trkpt>
   <trkpt lat="-26.3826600" lon="-51.0744960">
    <ele>970.1</ele>
   </trkpt>
   <trkpt lat="-26.3826720" lon="-51.0745320">
    <ele>970.5</ele>
   </trkpt>
   <trkpt lat="-26.3826740" lon="-51.0745620">
    <ele>970.8</ele>
   </trkpt>
   <trkpt lat="-26.3826740" lon="-51.0745820">
    <ele>971.0</ele>
   </trkpt>
   <trkpt lat="-26.3826790" lon="-51.0746030">
    <ele>971.2</ele>
   </trkpt>
   <trkpt lat="-26.3826800" lon="-51.0746280">
    <ele>971.5</ele>
   </trkpt>
   <trkpt lat="-26.3826770" lon="-51.0746560">
    <ele>971.8</ele>
   </trkpt>
   <trkpt lat="-26.3826770" lon="-51.0746900">
    <ele>972.1</ele>
   </trkpt>
   <trkpt lat="-26.3826730" lon="-51.0747280">
    <ele>972.5</ele>
   </trkpt>
   <trkpt lat="-26.3826770" lon="-51.0747660">
    <ele>972.9</ele>
   </trkpt>
   <trkpt lat="-26.3826860" lon="-51.0748070">
    <ele>973.3</ele>
   </trkpt>
   <trkpt lat="-26.3826870" lon="-51.0748380">
    <ele>973.6</ele>
   </trkpt>
   <trkpt lat="-26.3826800" lon="-51.0748740">
    <ele>974.0</ele>
   </trkpt>
   <trkpt lat="-26.3826730" lon="-51.0749080">
    <ele>974.4</ele>
   </trkpt>
   <trkpt lat="-26.3826720" lon="-51.0749370">
    <ele>974.7</ele>
   </trkpt>
   <trkpt lat="-26.3826750" lon="-51.0749650">
    <ele>975.0</ele>
   </trkpt>
   <trkpt lat="-26.3826870" lon="-51.0749990">
    <ele>975.4</ele>
   </trkpt>
   <trkpt lat="-26.3826990" lon="-51.0750230">
    <ele>975.7</ele>
   </trkpt>
   <trkpt lat="-26.3827200" lon="-51.0750530">
    <ele>976.1</ele>
   </trkpt>
   <trkpt lat="-26.3827390" lon="-51.0750780">
    <ele>976.4</ele>
   </trkpt>
   <trkpt lat="-26.3827630" lon="-51.0751100">
    <ele>976.8</ele>
   </trkpt>
   <trkpt lat="-26.3827850" lon="-51.0751710">
    <ele>977.4</ele>
   </trkpt>
   <trkpt lat="-26.3828060" lon="-51.0752230">
    <ele>977.9</ele>
   </trkpt>
   <trkpt lat="-26.3828190" lon="-51.0752720">
    <ele>978.3</ele>
   </trkpt>
   <trkpt lat="-26.3828260" lon="-51.0753450">
    <ele>978.9</ele>
   </trkpt>
   <trkpt lat="-26.3828440" lon="-51.0753980">
    <ele>979.3</ele>
   </trkpt>
   <trkpt lat="-26.3828660" lon="-51.0754390">
    <ele>979.7</ele>
   </trkpt>
   <trkpt lat="-26.3828860" lon="-51.0754680">
    <ele>980.0</ele>
   </trkpt>
   <trkpt lat="-26.3829070" lon="-51.0754980">
    <ele>980.4</ele>
   </trkpt>
   <trkpt lat="-26.3829240" lon="-51.0755190">
    <ele>980.6</ele>
   </trkpt>
   <trkpt lat="-26.3829390" lon="-51.0755400">
    <ele>980.9</ele>
   </trkpt>
   <trkpt lat="-26.3829530" lon="-51.0755650">
    <ele>981.1</ele>
   </trkpt>
   <trkpt lat="-26.3829780" lon="-51.0755830">
    <ele>981.4</ele>
   </trkpt>
   <trkpt lat="-26.3830050" lon="-51.0755900">
    <ele>981.7</ele>
   </trkpt>
   <trkpt lat="-26.3830170" lon="-51.0755970">
    <ele>981.9</ele>
   </trkpt>
   <trkpt lat="-26.3830280" lon="-51.0756120">
    <ele>982.0</ele>
   </trkpt>
   <trkpt lat="-26.3830500" lon="-51.0756340">
    <ele>982.4</ele>
   </trkpt>
   <trkpt lat="-26.3830640" lon="-51.0756530">
    <ele>982.6</ele>
   </trkpt>
   <trkpt lat="-26.3830770" lon="-51.0756710">
    <ele>982.8</ele>
   </trkpt>
   <trkpt lat="-26.3830890" lon="-51.0756890">
    <ele>983.1</ele>
   </trkpt>
   <trkpt lat="-26.3831010" lon="-51.0757130">
    <ele>983.4</ele>
   </trkpt>
   <trkpt lat="-26.3831150" lon="-51.0757370">
    <ele>983.7</ele>
   </trkpt>
   <trkpt lat="-26.3831300" lon="-51.0757530">
    <ele>984.0</ele>
   </trkpt>
   <trkpt lat="-26.3831510" lon="-51.0757610">
    <ele>984.3</ele>
   </trkpt>
   <trkpt lat="-26.3831760" lon="-51.0757700">
    <ele>984.6</ele>
   </trkpt>
   <trkpt lat="-26.3831930" lon="-51.0757820">
    <ele>984.9</ele>
   </trkpt>
   <trkpt lat="-26.3832080" lon="-51.0757960">
    <ele>985.1</ele>
   </trkpt>
   <trkpt lat="-26.3832220" lon="-51.0758150">
    <ele>985.4</ele>
   </trkpt>
   <trkpt lat="-26.3832420" lon="-51.0758370">
    <ele>985.8</ele>
   </trkpt>
   <trkpt lat="-26.3832540" lon="-51.0758640">
    <ele>986.1</ele>
   </trkpt>
   <trkpt lat="-26.3832610" lon="-51.0758910">
    <ele>986.5</ele>
   </trkpt>
   <trkpt lat="-26.3832680" lon="-51.0759130">
    <ele>986.7</ele>
   </trkpt>
   <trkpt lat="-26.3832780" lon="-51.0759350">
    <ele>987.0</ele>
   </trkpt>
   <trkpt lat="-26.3832850" lon="-51.0759720">
    <ele>987.4</ele>
   </trkpt>
   <trkpt lat="-26.3832890" lon="-51.0760110">
    <ele>987.9</ele>
   </trkpt>
   <trkpt lat="-26.3832850" lon="-51.0760520">
    <ele>988.4</ele>
   </trkpt>
   <trkpt lat="-26.3832810" lon="-51.0760960">
    <ele>988.9</ele>
   </trkpt>
   <trkpt lat="-26.3832760" lon="-51.0761460">
    <ele>989.4</ele>
   </trkpt>
   <trkpt lat="-26.3832720" lon="-51.0761840">
    <ele>989.9</ele>
   </trkpt>
   <trkpt lat="-26.3832590" lon="-51.0762320">
    <ele>990.4</ele>
   </trkpt>
   <trkpt lat="-26.3832440" lon="-51.0762730">
    <ele>990.9</ele>
   </trkpt>
   <trkpt lat="-26.3832430" lon="-51.0763150">
    <ele>991.3</ele>
   </trkpt>
   <trkpt lat="-26.3832430" lon="-51.0763540">
    <ele>991.6</ele>
   </trkpt>
   <trkpt lat="-26.3832400" lon="-51.0764040">
    <ele>991.9</ele>
   </trkpt>
   <trkpt lat="-26.3832210" lon="-51.0764380">
    <ele>992.2</ele>
   </trkpt>
   <trkpt lat="-26.3831910" lon="-51.0764730">
    <ele>992.4</ele>
   </trkpt>
   <trkpt lat="-26.3831470" lon="-51.0765080">
    <ele>992.5</ele>
   </trkpt>
   <trkpt lat="-26.3831080" lon="-51.0765260">
    <ele>992.6</ele>
   </trkpt>
   <trkpt lat="-26.3830700" lon="-51.0765320">
    <ele>992.6</ele>
   </trkpt>
   <trkpt lat="-26.3830350" lon="-51.0765460">
    <ele>992.7</ele>
   </trkpt>
   <trkpt lat="-26.3830040" lon="-51.0765560">
    <ele>992.7</ele>
   </trkpt>
   <trkpt lat="-26.3829750" lon="-51.0765620">
    <ele>992.8</ele>
   </trkpt>
   <trkpt lat="-26.3829460" lon="-51.0765660">
    <ele>992.8</ele>
   </trkpt>
   <trkpt lat="-26.3829160" lon="-51.0765700">
    <ele>992.9</ele>
   </trkpt>
   <trkpt lat="-26.3828850" lon="-51.0765740">
    <ele>992.9</ele>
   </trkpt>
   <trkpt lat="-26.3828510" lon="-51.0765800">
    <ele>993.0</ele>
   </trkpt>
   <trkpt lat="-26.3828180" lon="-51.0765900">
    <ele>993.0</ele>
   </trkpt>
   <trkpt lat="-26.3827880" lon="-51.0765990">
    <ele>993.1</ele>
   </trkpt>
   <trkpt lat="-26.3827540" lon="-51.0766110">
    <ele>993.1</ele>
   </trkpt>
   <trkpt lat="-26.3827180" lon="-51.0766220">
    <ele>993.2</ele>
   </trkpt>
   <trkpt lat="-26.3826870" lon="-51.0766290">
    <ele>993.2</ele>
   </trkpt>
   <trkpt lat="-26.3826600" lon="-51.0766370">
    <ele>993.3</ele>
   </trkpt>
   <trkpt lat="-26.3826270" lon="-51.0766510">
    <ele>993.3</ele>
   </trkpt>
   <trkpt lat="-26.3825950" lon="-51.0766640">
    <ele>993.4</ele>
   </trkpt>
   <trkpt lat="-26.3825640" lon="-51.0766770">
    <ele>993.4</ele>
   </trkpt>
   <trkpt lat="-26.3825310" lon="-51.0766900">
    <ele>993.5</ele>
   </trkpt>
   <trkpt lat="-26.3824920" lon="-51.0767050">
    <ele>993.5</ele>
   </trkpt>
   <trkpt lat="-26.3824610" lon="-51.0767220">
    <ele>993.6</ele>
   </trkpt>
   <trkpt lat="-26.3824320" lon="-51.0767360">
    <ele>993.7</ele>
   </trkpt>
   <trkpt lat="-26.3823990" lon="-51.0767500">
    <ele>993.8</ele>
   </trkpt>
   <trkpt lat="-26.3823620" lon="-51.0767700">
    <ele>993.9</ele>
   </trkpt>
   <trkpt lat="-26.3823160" lon="-51.0767980">
    <ele>994.1</ele>
   </trkpt>
   <trkpt lat="-26.3822550" lon="-51.0768370">
    <ele>994.4</ele>
   </trkpt>
   <trkpt lat="-26.3822010" lon="-51.0768690">
    <ele>994.7</ele>
   </trkpt>
   <trkpt lat="-26.3821540" lon="-51.0768990">
    <ele>995.0</ele>
   </trkpt>
   <trkpt lat="-26.3821120" lon="-51.0769280">
    <ele>995.3</ele>
   </trkpt>
   <trkpt lat="-26.3820750" lon="-51.0769580">
    <ele>995.5</ele>
   </trkpt>
   <trkpt lat="-26.3820330" lon="-51.0769940">
    <ele>995.9</ele>
   </trkpt>
   <trkpt lat="-26.3819800" lon="-51.0770390">
    <ele>996.4</ele>
   </trkpt>
   <trkpt lat="-26.3819350" lon="-51.0770820">
    <ele>996.8</ele>
   </trkpt>
   <trkpt lat="-26.3818910" lon="-51.0771120">
    <ele>997.2</ele>
   </trkpt>
   <trkpt lat="-26.3818530" lon="-51.0771350">
    <ele>997.6</ele>
   </trkpt>
   <trkpt lat="-26.3818080" lon="-51.0771550">
    <ele>998.0</ele>
   </trkpt>
   <trkpt lat="-26.3817600" lon="-51.0771760">
    <ele>998.4</ele>
   </trkpt>
   <trkpt lat="-26.3817100" lon="-51.0772010">
    <ele>998.8</ele>
   </trkpt>
   <trkpt lat="-26.3816600" lon="-51.0772250">
    <ele>999.1</ele>
   </trkpt>
   <trkpt lat="-26.3816150" lon="-51.0772470">
    <ele>999.4</ele>
   </trkpt>
   <trkpt lat="-26.3815640" lon="-51.0772730">
    <ele>999.6</ele>
   </trkpt>
   <trkpt lat="-26.3815150" lon="-51.0773080">
    <ele>999.8</ele>
   </trkpt>
   <trkpt lat="-26.3814740" lon="-51.0773440">
    <ele>999.8</ele>
   </trkpt>
   <trkpt lat="-26.3814260" lon="-51.0773780">
    <ele>999.8</ele>
   </trkpt>
   <trkpt lat="-26.3813750" lon="-51.0774110">
    <ele>999.7</ele>
   </trkpt>
   <trkpt lat="-26.3813240" lon="-51.0774500">
    <ele>999.5</ele>
   </trkpt>
   <trkpt lat="-26.3812750" lon="-51.0774910">
    <ele>999.3</ele>
   </trkpt>
   <trkpt lat="-26.3812390" lon="-51.0775340">
    <ele>999.2</ele>
   </trkpt>
   <trkpt lat="-26.3812030" lon="-51.0775820">
    <ele>999.0</ele>
   </trkpt>
   <trkpt lat="-26.3811730" lon="-51.0776370">
    <ele>998.8</ele>
   </trkpt>
   <trkpt lat="-26.3811360" lon="-51.0776940">
    <ele>998.6</ele>
   </trkpt>
   <trkpt lat="-26.3811120" lon="-51.0777510">
    <ele>998.4</ele>
   </trkpt>
   <trkpt lat="-26.3810930" lon="-51.0778030">
    <ele>998.3</ele>
   </trkpt>
   <trkpt lat="-26.3810760" lon="-51.0778560">
    <ele>998.1</ele>
   </trkpt>
   <trkpt lat="-26.3810620" lon="-51.0779100">
    <ele>997.8</ele>
   </trkpt>
   <trkpt lat="-26.3810490" lon="-51.0779670">
    <ele>997.5</ele>
   </trkpt>
   <trkpt lat="-26.3810360" lon="-51.0780250">
    <ele>997.1</ele>
   </trkpt>
   <trkpt lat="-26.3810190" lon="-51.0780890">
    <ele>996.5</ele>
   </trkpt>
   <trkpt lat="-26.3810000" lon="-51.0781560">
    <ele>995.9</ele>
   </trkpt>
   <trkpt lat="-26.3809780" lon="-51.0782200">
    <ele>995.3</ele>
   </trkpt>
   <trkpt lat="-26.3809530" lon="-51.0782810">
    <ele>994.7</ele>
   </trkpt>
   <trkpt lat="-26.3809290" lon="-51.0783400">
    <ele>994.2</ele>
   </trkpt>
   <trkpt lat="-26.3809040" lon="-51.0783970">
    <ele>993.7</ele>
   </trkpt>
   <trkpt lat="-26.3808770" lon="-51.0784530">
    <ele>993.2</ele>
   </trkpt>
   <trkpt lat="-26.3808470" lon="-51.0785050">
    <ele>992.7</ele>
   </trkpt>
   <trkpt lat="-26.3808130" lon="-51.0785490">
    <ele>992.2</ele>
   </trkpt>
   <trkpt lat="-26.3807740" lon="-51.0785790">
    <ele>991.7</ele>
   </trkpt>
   <trkpt lat="-26.3807290" lon="-51.0785960">
    <ele>991.3</ele>
   </trkpt>
   <trkpt lat="-26.3806750" lon="-51.0786020">
    <ele>990.9</ele>
   </trkpt>
   <trkpt lat="-26.3806080" lon="-51.0785960">
    <ele>990.5</ele>
   </trkpt>
   <trkpt lat="-26.3805370" lon="-51.0785800">
    <ele>990.1</ele>
   </trkpt>
   <trkpt lat="-26.3804620" lon="-51.0785630">
    <ele>989.6</ele>
   </trkpt>
   <trkpt lat="-26.3803840" lon="-51.0785430">
    <ele>989.1</ele>
   </trkpt>
   <trkpt lat="-26.3803070" lon="-51.0785170">
    <ele>988.6</ele>
   </trkpt>
   <trkpt lat="-26.3802300" lon="-51.0784910">
    <ele>988.1</ele>
   </trkpt>
   <trkpt lat="-26.3801510" lon="-51.0784640">
    <ele>987.5</ele>
   </trkpt>
   <trkpt lat="-26.3800650" lon="-51.0784390">
    <ele>986.9</ele>
   </trkpt>
   <trkpt lat="-26.3799710" lon="-51.0784180">
    <ele>986.2</ele>
   </trkpt>
   <trkpt lat="-26.3798720" lon="-51.0783960">
    <ele>985.4</ele>
   </trkpt>
   <trkpt lat="-26.3797780" lon="-51.0783680">
    <ele>984.6</ele>
   </trkpt>
   <trkpt lat="-26.3796790" lon="-51.0783400">
    <ele>983.8</ele>
   </trkpt>
   <trkpt lat="-26.3795750" lon="-51.0783090">
    <ele>982.9</ele>
   </trkpt>
   <trkpt lat="-26.3794730" lon="-51.0782720">
    <ele>982.1</ele>
   </trkpt>
   <trkpt lat="-26.3793690" lon="-51.0782310">
    <ele>981.2</ele>
   </trkpt>
   <trkpt lat="-26.3792640" lon="-51.0781990">
    <ele>980.3</ele>
   </trkpt>
   <trkpt lat="-26.3791550" lon="-51.0781700">
    <ele>979.3</ele>
   </trkpt>
   <trkpt lat="-26.3790370" lon="-51.0781570">
    <ele>978.2</ele>
   </trkpt>
   <trkpt lat="-26.3789150" lon="-51.0781650">
    <ele>977.1</ele>
   </trkpt>
   <trkpt lat="-26.3787870" lon="-51.0781930">
    <ele>975.9</ele>
   </trkpt>
   <trkpt lat="-26.3786660" lon="-51.0782270">
    <ele>974.9</ele>
   </trkpt>
   <trkpt lat="-26.3785430" lon="-51.0782780">
    <ele>973.7</ele>
   </trkpt>
   <trkpt lat="-26.3784200" lon="-51.0783390">
    <ele>972.6</ele>
   </trkpt>
   <trkpt lat="-26.3782940" lon="-51.0783960">
    <ele>971.3</ele>
   </trkpt>
   <trkpt lat="-26.3781620" lon="-51.0784430">
    <ele>970.0</ele>
   </trkpt>
   <trkpt lat="-26.3780200" lon="-51.0784850">
    <ele>968.6</ele>
   </trkpt>
   <trkpt lat="-26.3778750" lon="-51.0785150">
    <ele>967.4</ele>
   </trkpt>
   <trkpt lat="-26.3777250" lon="-51.0785270">
    <ele>966.0</ele>
   </trkpt>
   <trkpt lat="-26.3775790" lon="-51.0785100">
    <ele>964.7</ele>
   </trkpt>
   <trkpt lat="-26.3774270" lon="-51.0784750">
    <ele>963.3</ele>
   </trkpt>
   <trkpt lat="-26.3772750" lon="-51.0784560">
    <ele>962.0</ele>
   </trkpt>
   <trkpt lat="-26.3771260" lon="-51.0784420">
    <ele>960.9</ele>
   </trkpt>
   <trkpt lat="-26.3769820" lon="-51.0784340">
    <ele>960.0</ele>
   </trkpt>
   <trkpt lat="-26.3768410" lon="-51.0784440">
    <ele>959.7</ele>
   </trkpt>
   <trkpt lat="-26.3767020" lon="-51.0784640">
    <ele>959.5</ele>
   </trkpt>
   <trkpt lat="-26.3765650" lon="-51.0784920">
    <ele>959.4</ele>
   </trkpt>
   <trkpt lat="-26.3764320" lon="-51.0785280">
    <ele>959.4</ele>
   </trkpt>
   <trkpt lat="-26.3763050" lon="-51.0785690">
    <ele>959.6</ele>
   </trkpt>
   <trkpt lat="-26.3761800" lon="-51.0786150">
    <ele>959.8</ele>
   </trkpt>
   <trkpt lat="-26.3760590" lon="-51.0786630">
    <ele>959.9</ele>
   </trkpt>
   <trkpt lat="-26.3759400" lon="-51.0787110">
    <ele>960.1</ele>
   </trkpt>
   <trkpt lat="-26.3758220" lon="-51.0787590">
    <ele>960.1</ele>
   </trkpt>
   <trkpt lat="-26.3757070" lon="-51.0788060">
    <ele>960.1</ele>
   </trkpt>
   <trkpt lat="-26.3755950" lon="-51.0788510">
    <ele>960.1</ele>
   </trkpt>
   <trkpt lat="-26.3754860" lon="-51.0788940">
    <ele>960.0</ele>
   </trkpt>
   <trkpt lat="-26.3753770" lon="-51.0789350">
    <ele>959.9</ele>
   </trkpt>
   <trkpt lat="-26.3752720" lon="-51.0789730">
    <ele>959.9</ele>
   </trkpt>
   <trkpt lat="-26.3751720" lon="-51.0790100">
    <ele>959.9</ele>
   </trkpt>
   <trkpt lat="-26.3750770" lon="-51.0790470">
    <ele>959.9</ele>
   </trkpt>
   <trkpt lat="-26.3749850" lon="-51.0790830">
    <ele>959.9</ele>
   </trkpt>
   <trkpt lat="-26.3748970" lon="-51.0791240">
    <ele>959.9</ele>
   </trkpt>
   <trkpt lat="-26.3748120" lon="-51.0791640">
    <ele>959.8</ele>
   </trkpt>
   <trkpt lat="-26.3747260" lon="-51.0792020">
    <ele>959.8</ele>
   </trkpt>
   <trkpt lat="-26.3746410" lon="-51.0792370">
    <ele>959.8</ele>
   </trkpt>
   <trkpt lat="-26.3745580" lon="-51.0792680">
    <ele>959.7</ele>
   </trkpt>
   <trkpt lat="-26.3744780" lon="-51.0792960">
    <ele>959.7</ele>
   </trkpt>
   <trkpt lat="-26.3744020" lon="-51.0793240">
    <ele>959.6</ele>
   </trkpt>
   <trkpt lat="-26.3743270" lon="-51.0793500">
    <ele>959.6</ele>
   </trkpt>
   <trkpt lat="-26.3742550" lon="-51.0793760">
    <ele>959.6</ele>
   </trkpt>
   <trkpt lat="-26.3741830" lon="-51.0794000">
    <ele>959.5</ele>
   </trkpt>
   <trkpt lat="-26.3741120" lon="-51.0794240">
    <ele>959.5</ele>
   </trkpt>
   <trkpt lat="-26.3740410" lon="-51.0794500">
    <ele>959.5</ele>
   </trkpt>
   <trkpt lat="-26.3739720" lon="-51.0794760">
    <ele>959.5</ele>
   </trkpt>
   <trkpt lat="-26.3739040" lon="-51.0795010">
    <ele>959.5</ele>
   </trkpt>
   <trkpt lat="-26.3738360" lon="-51.0795270">
    <ele>959.5</ele>
   </trkpt>
   <trkpt lat="-26.3737680" lon="-51.0795510">
    <ele>959.4</ele>
   </trkpt>
   <trkpt lat="-26.3737030" lon="-51.0795720">
    <ele>959.4</ele>
   </trkpt>
   <trkpt lat="-26.3736370" lon="-51.0795960">
    <ele>959.4</ele>
   </trkpt>
   <trkpt lat="-26.3735730" lon="-51.0796180">
    <ele>959.4</ele>
   </trkpt>
   <trkpt lat="-26.3735090" lon="-51.0796410">
    <ele>959.4</ele>
   </trkpt>
   <trkpt lat="-26.3734430" lon="-51.0796610">
    <ele>959.4</ele>
   </trkpt>
   <trkpt lat="-26.3733760" lon="-51.0796790">
    <ele>959.3</ele>
   </trkpt>
   <trkpt lat="-26.3733100" lon="-51.0796950">
    <ele>959.3</ele>
   </trkpt>
   <trkpt lat="-26.3732450" lon="-51.0797080">
    <ele>959.3</ele>
   </trkpt>
   <trkpt lat="-26.3731820" lon="-51.0797170">
    <ele>959.2</ele>
   </trkpt>
   <trkpt lat="-26.3731200" lon="-51.0797210">
    <ele>959.1</ele>
   </trkpt>
   <trkpt lat="-26.3730620" lon="-51.0797200">
    <ele>959.1</ele>
   </trkpt>
   <trkpt lat="-26.3730050" lon="-51.0797150">
    <ele>959.0</ele>
   </trkpt>
   <trkpt lat="-26.3729500" lon="-51.0797040">
    <ele>959.0</ele>
   </trkpt>
   <trkpt lat="-26.3728960" lon="-51.0796910">
    <ele>959.0</ele>
   </trkpt>
   <trkpt lat="-26.3728450" lon="-51.0796760">
    <ele>959.0</ele>
   </trkpt>
   <trkpt lat="-26.3727980" lon="-51.0796600">
    <ele>959.1</ele>
   </trkpt>
   <trkpt lat="-26.3727530" lon="-51.0796450">
    <ele>959.2</ele>
   </trkpt>
   <trkpt lat="-26.3727090" lon="-51.0796280">
    <ele>959.2</ele>
   </trkpt>
   <trkpt lat="-26.3726640" lon="-51.0796100">
    <ele>959.3</ele>
   </trkpt>
   <trkpt lat="-26.3726230" lon="-51.0795890">
    <ele>959.4</ele>
   </trkpt>
   <trkpt lat="-26.3725850" lon="-51.0795680">
    <ele>959.5</ele>
   </trkpt>
   <trkpt lat="-26.3725510" lon="-51.0795440">
    <ele>959.5</ele>
   </trkpt>
   <trkpt lat="-26.3725190" lon="-51.0795260">
    <ele>959.5</ele>
   </trkpt>
   <trkpt lat="-26.3724950" lon="-51.0795250">
    <ele>959.4</ele>
   </trkpt>
   <trkpt lat="-26.3724800" lon="-51.0795450">
    <ele>959.4</ele>
   </trkpt>
   <trkpt lat="-26.3724720" lon="-51.0795660">
    <ele>959.3</ele>
   </trkpt>
   <trkpt lat="-26.3724670" lon="-51.0795790">
    <ele>959.3</ele>
   </trkpt>
   <trkpt lat="-26.3724620" lon="-51.0795870">
    <ele>959.3</ele>
   </trkpt>
   <trkpt lat="-26.3724580" lon="-51.0795920">
    <ele>959.2</ele>
   </trkpt>
   <trkpt lat="-26.3724550" lon="-51.0796010">
    <ele>959.2</ele>
   </trkpt>
   <trkpt lat="-26.3724520" lon="-51.0796120">
    <ele>959.2</ele>
   </trkpt>
   <trkpt lat="-26.3724520" lon="-51.0796190">
    <ele>959.2</ele>
   </trkpt>
   <trkpt lat="-26.3724500" lon="-51.0796280">
    <ele>959.1</ele>
   </trkpt>
   <trkpt lat="-26.3724470" lon="-51.0796360">
    <ele>959.1</ele>
   </trkpt>
   <trkpt lat="-26.3724430" lon="-51.0796450">
    <ele>959.1</ele>
   </trkpt>
   <trkpt lat="-26.3724400" lon="-51.0796530">
    <ele>959.0</ele>
   </trkpt>
   <trkpt lat="-26.3724370" lon="-51.0796550">
    <ele>959.0</ele>
   </trkpt>
   <trkpt lat="-26.3724370" lon="-51.0796550">
    <ele>959.0</ele>
   </trkpt>
   <trkpt lat="-26.3724370" lon="-51.0796550">
    <ele>959.0</ele>
   </trkpt>
   <trkpt lat="-26.3724370" lon="-51.0796550">
    <ele>959.0</ele>
   </trkpt>
   <trkpt lat="-26.3724370" lon="-51.0796550">
    <ele>959.0</ele>
   </trkpt>
   <trkpt lat="-26.3724370" lon="-51.0796550">
    <ele>959.0</ele>
   </trkpt>
   <trkpt lat="-26.3724370" lon="-51.0796550">
    <ele>959.0</ele>
   </trkpt>
   <trkpt lat="-26.3724370" lon="-51.0796550">
    <ele>959.0</ele>
   </trkpt>
   <trkpt lat="-26.3724370" lon="-51.0796550">
    <ele>959.0</ele>
   </trkpt>
   <trkpt lat="-26.3724370" lon="-51.0796550">
    <ele>959.0</ele>
   </trkpt>
   <trkpt lat="-26.3724370" lon="-51.0796550">
    <ele>959.0</ele>
   </trkpt>
   <trkpt lat="-26.3724370" lon="-51.0796550">
    <ele>959.0</ele>
   </trkpt>
   <trkpt lat="-26.3724370" lon="-51.0796550">
    <ele>959.0</ele>
   </trkpt>
   <trkpt lat="-26.3724370" lon="-51.0796550">
    <ele>959.0</ele>
   </trkpt>
   <trkpt lat="-26.3724370" lon="-51.0796550">
    <ele>959.0</ele>
   </trkpt>
   <trkpt lat="-26.3724370" lon="-51.0796550">
    <ele>959.0</ele>
   </trkpt>
   <trkpt lat="-26.3724370" lon="-51.0796550">
    <ele>959.0</ele>
   </trkpt>
   <trkpt lat="-26.3724370" lon="-51.0796550">
    <ele>959.0</ele>
   </trkpt>
   <trkpt lat="-26.3724370" lon="-51.0796550">
    <ele>959.0</ele>
   </trkpt>
   <trkpt lat="-26.3724370" lon="-51.0796550">
    <ele>959.0</ele>
   </trkpt>
   <trkpt lat="-26.3724370" lon="-51.0796550">
    <ele>959.0</ele>
   </trkpt>
   <trkpt lat="-26.3724370" lon="-51.0796550">
    <ele>959.0</ele>
   </trkpt>
   <trkpt lat="-26.3724370" lon="-51.0796550">
    <ele>959.0</ele>
   </trkpt>
   <trkpt lat="-26.3724370" lon="-51.0796550">
    <ele>959.0</ele>
   </trkpt>
   <trkpt lat="-26.3724370" lon="-51.0796550">
    <ele>959.0</ele>
   </trkpt>
   <trkpt lat="-26.3724370" lon="-51.0796550">
    <ele>959.0</ele>
   </trkpt>
   <trkpt lat="-26.3724370" lon="-51.0796550">
    <ele>959.0</ele>
   </trkpt>
   <trkpt lat="-26.3724370" lon="-51.0796550">
    <ele>959.0</ele>
   </trkpt>
   <trkpt lat="-26.3724370" lon="-51.0796550">
    <ele>959.0</ele>
   </trkpt>
   <trkpt lat="-26.3724370" lon="-51.0796550">
    <ele>959.0</ele>
   </trkpt>
   <trkpt lat="-26.3724370" lon="-51.0796550">
    <ele>959.0</ele>
   </trkpt>
   <trkpt lat="-26.3724370" lon="-51.0796550">
    <ele>959.0</ele>
   </trkpt>
   <trkpt lat="-26.3724370" lon="-51.0796550">
    <ele>959.0</ele>
   </trkpt>
   <trkpt lat="-26.3724370" lon="-51.0796550">
    <ele>959.0</ele>
   </trkpt>
   <trkpt lat="-26.3724370" lon="-51.0796550">
    <ele>959.0</ele>
   </trkpt>
   <trkpt lat="-26.3724370" lon="-51.0796550">
    <ele>959.0</ele>
   </trkpt>
   <trkpt lat="-26.3724370" lon="-51.0796550">
    <ele>959.0</ele>
   </trkpt>
   <trkpt lat="-26.3724370" lon="-51.0796550">
    <ele>959.0</ele>
   </trkpt>
   <trkpt lat="-26.3724370" lon="-51.0796550">
    <ele>959.0</ele>
   </trkpt>
   <trkpt lat="-26.3724370" lon="-51.0796550">
    <ele>959.0</ele>
   </trkpt>
   <trkpt lat="-26.3724370" lon="-51.0796550">
    <ele>959.0</ele>
   </trkpt>
   <trkpt lat="-26.3724370" lon="-51.0796550">
    <ele>959.0</ele>
   </trkpt>
   <trkpt lat="-26.3724370" lon="-51.0796550">
    <ele>959.0</ele>
   </trkpt>
   <trkpt lat="-26.3724370" lon="-51.0796550">
    <ele>959.0</ele>
   </trkpt>
   <trkpt lat="-26.3724370" lon="-51.0796550">
    <ele>959.0</ele>
   </trkpt>
   <trkpt lat="-26.3724370" lon="-51.0796550">
    <ele>959.0</ele>
   </trkpt>
   <trkpt lat="-26.3724370" lon="-51.0796550">
    <ele>959.0</ele>
   </trkpt>
   <trkpt lat="-26.3724370" lon="-51.0796550">
    <ele>959.0</ele>
   </trkpt>
   <trkpt lat="-26.3724370" lon="-51.0796550">
    <ele>959.0</ele>
   </trkpt>
   <trkpt lat="-26.3724370" lon="-51.0796550">
    <ele>959.0</ele>
   </trkpt>
   <trkpt lat="-26.3724370" lon="-51.0796550">
    <ele>959.0</ele>
   </trkpt>
   <trkpt lat="-26.3724370" lon="-51.0796550">
    <ele>959.0</ele>
   </trkpt>
   <trkpt lat="-26.3724370" lon="-51.0796550">
    <ele>959.0</ele>
   </trkpt>
   <trkpt lat="-26.3724370" lon="-51.0796550">
    <ele>959.0</ele>
   </trkpt>
   <trkpt lat="-26.3724370" lon="-51.0796550">
    <ele>959.0</ele>
   </trkpt>
   <trkpt lat="-26.3724370" lon="-51.0796550">
    <ele>959.0</ele>
   </trkpt>
   <trkpt lat="-26.3724370" lon="-51.0796550">
    <ele>959.0</ele>
   </trkpt>
   <trkpt lat="-26.3724370" lon="-51.0796550">
    <ele>959.0</ele>
   </trkpt>
   <trkpt lat="-26.3724370" lon="-51.0796550">
    <ele>959.0</ele>
   </trkpt>
   <trkpt lat="-26.3724370" lon="-51.0796550">
    <ele>959.0</ele>
   </trkpt>
   <trkpt lat="-26.3724370" lon="-51.0796550">
    <ele>959.0</ele>
   </trkpt>
   <trkpt lat="-26.3724370" lon="-51.0796550">
    <ele>959.0</ele>
   </trkpt>
   <trkpt lat="-26.3724370" lon="-51.0796550">
    <ele>959.0</ele>
   </trkpt>
   <trkpt lat="-26.3724370" lon="-51.0796550">
    <ele>959.0</ele>
   </trkpt>
   <trkpt lat="-26.3724370" lon="-51.0796550">
    <ele>959.0</ele>
   </trkpt>
   <trkpt lat="-26.3724370" lon="-51.0796550">
    <ele>959.0</ele>
   </trkpt>
   <trkpt lat="-26.3724370" lon="-51.0796550">
    <ele>959.0</ele>
   </trkpt>
   <trkpt lat="-26.3724370" lon="-51.0796550">
    <ele>959.0</ele>
   </trkpt>
   <trkpt lat="-26.3724370" lon="-51.0796550">
    <ele>959.0</ele>
   </trkpt>
   <trkpt lat="-26.3724370" lon="-51.0796550">
    <ele>959.0</ele>
   </trkpt>
   <trkpt lat="-26.3724370" lon="-51.0796550">
    <ele>959.0</ele>
   </trkpt>
   <trkpt lat="-26.3724370" lon="-51.0796550">
    <ele>959.0</ele>
   </trkpt>
   <trkpt lat="-26.3724370" lon="-51.0796550">
    <ele>959.0</ele>
   </trkpt>
   <trkpt lat="-26.3724370" lon="-51.0796550">
    <ele>959.0</ele>
   </trkpt>
   <trkpt lat="-26.3724370" lon="-51.0796550">
    <ele>959.0</ele>
   </trkpt>
   <trkpt lat="-26.3724370" lon="-51.0796550">
    <ele>959.0</ele>
   </trkpt>
   <trkpt lat="-26.3724370" lon="-51.0796550">
    <ele>959.0</ele>
   </trkpt>
   <trkpt lat="-26.3724370" lon="-51.0796550">
    <ele>959.0</ele>
   </trkpt>
   <trkpt lat="-26.3724370" lon="-51.0796550">
    <ele>959.0</ele>
   </trkpt>
   <trkpt lat="-26.3724370" lon="-51.0796550">
    <ele>959.0</ele>
   </trkpt>
   <trkpt lat="-26.3724370" lon="-51.0796550">
    <ele>959.0</ele>
   </trkpt>
   <trkpt lat="-26.3724370" lon="-51.0796550">
    <ele>959.0</ele>
   </trkpt>
   <trkpt lat="-26.3724370" lon="-51.0796550">
    <ele>959.0</ele>
   </trkpt>
   <trkpt lat="-26.3724370" lon="-51.0796550">
    <ele>959.0</ele>
   </trkpt>
   <trkpt lat="-26.3724370" lon="-51.0796550">
    <ele>959.0</ele>
   </trkpt>
   <trkpt lat="-26.3724370" lon="-51.0796550">
    <ele>959.0</ele>
   </trkpt>
   <trkpt lat="-26.3724370" lon="-51.0796550">
    <ele>959.0</ele>
   </trkpt>
   <trkpt lat="-26.3724370" lon="-51.0796550">
    <ele>959.0</ele>
   </trkpt>
   <trkpt lat="-26.3724370" lon="-51.0796550">
    <ele>959.0</ele>
   </trkpt>
   <trkpt lat="-26.3724370" lon="-51.0796550">
    <ele>959.0</ele>
   </trkpt>
   <trkpt lat="-26.3724370" lon="-51.0796550">
    <ele>959.0</ele>
   </trkpt>
   <trkpt lat="-26.3724370" lon="-51.0796550">
    <ele>959.0</ele>
   </trkpt>
   <trkpt lat="-26.3724370" lon="-51.0796550">
    <ele>959.0</ele>
   </trkpt>
   <trkpt lat="-26.3724370" lon="-51.0796550">
    <ele>959.0</ele>
   </trkpt>
   <trkpt lat="-26.3724370" lon="-51.0796550">
    <ele>959.0</ele>
   </trkpt>
   <trkpt lat="-26.3724370" lon="-51.0796550">
    <ele>959.0</ele>
   </trkpt>
   <trkpt lat="-26.3724370" lon="-51.0796550">
    <ele>959.0</ele>
   </trkpt>
   <trkpt lat="-26.3724370" lon="-51.0796550">
    <ele>959.0</ele>
   </trkpt>
   <trkpt lat="-26.3724370" lon="-51.0796550">
    <ele>959.0</ele>
   </trkpt>
   <trkpt lat="-26.3724370" lon="-51.0796550">
    <ele>959.0</ele>
   </trkpt>
   <trkpt lat="-26.3724370" lon="-51.0796550">
    <ele>959.0</ele>
   </trkpt>
   <trkpt lat="-26.3724370" lon="-51.0796550">
    <ele>959.0</ele>
   </trkpt>
   <trkpt lat="-26.3724370" lon="-51.0796550">
    <ele>959.0</ele>
   </trkpt>
   <trkpt lat="-26.3724370" lon="-51.0796550">
    <ele>959.0</ele>
   </trkpt>
   <trkpt lat="-26.3724370" lon="-51.0796550">
    <ele>959.0</ele>
   </trkpt>
   <trkpt lat="-26.3724370" lon="-51.0796550">
    <ele>959.0</ele>
   </trkpt>
   <trkpt lat="-26.3724370" lon="-51.0796550">
    <ele>959.0</ele>
   </trkpt>
   <trkpt lat="-26.3724370" lon="-51.0796550">
    <ele>959.0</ele>
   </trkpt>
   <trkpt lat="-26.3724370" lon="-51.0796550">
    <ele>959.0</ele>
   </trkpt>
   <trkpt lat="-26.3724370" lon="-51.0796550">
    <ele>959.0</ele>
   </trkpt>
   <trkpt lat="-26.3724370" lon="-51.0796550">
    <ele>959.0</ele>
   </trkpt>
   <trkpt lat="-26.3724370" lon="-51.0796550">
    <ele>959.0</ele>
   </trkpt>
   <trkpt lat="-26.3724370" lon="-51.0796550">
    <ele>959.0</ele>
   </trkpt>
   <trkpt lat="-26.3724370" lon="-51.0796550">
    <ele>959.0</ele>
   </trkpt>
   <trkpt lat="-26.3724370" lon="-51.0796550">
    <ele>959.0</ele>
   </trkpt>
   <trkpt lat="-26.3724370" lon="-51.0796550">
    <ele>959.0</ele>
   </trkpt>
   <trkpt lat="-26.3724370" lon="-51.0796550">
    <ele>959.0</ele>
   </trkpt>
   <trkpt lat="-26.3724370" lon="-51.0796550">
    <ele>959.0</ele>
   </trkpt>
   <trkpt lat="-26.3724370" lon="-51.0796550">
    <ele>959.0</ele>
   </trkpt>
   <trkpt lat="-26.3724370" lon="-51.0796550">
    <ele>959.0</ele>
   </trkpt>
   <trkpt lat="-26.3724370" lon="-51.0796550">
    <ele>959.0</ele>
   </trkpt>
   <trkpt lat="-26.3724370" lon="-51.0796550">
    <ele>959.0</ele>
   </trkpt>
   <trkpt lat="-26.3724370" lon="-51.0796550">
    <ele>959.0</ele>
   </trkpt>
   <trkpt lat="-26.3724370" lon="-51.0796550">
    <ele>959.0</ele>
   </trkpt>
   <trkpt lat="-26.3724370" lon="-51.0796550">
    <ele>959.0</ele>
   </trkpt>
   <trkpt lat="-26.3724370" lon="-51.0796550">
    <ele>959.0</ele>
   </trkpt>
   <trkpt lat="-26.3724370" lon="-51.0796550">
    <ele>959.0</ele>
   </trkpt>
   <trkpt lat="-26.3724370" lon="-51.0796550">
    <ele>959.0</ele>
   </trkpt>
   <trkpt lat="-26.3724370" lon="-51.0796550">
    <ele>959.0</ele>
   </trkpt>
   <trkpt lat="-26.3724370" lon="-51.0796550">
    <ele>959.0</ele>
   </trkpt>
   <trkpt lat="-26.3724370" lon="-51.0796550">
    <ele>959.0</ele>
   </trkpt>
   <trkpt lat="-26.3724370" lon="-51.0796550">
    <ele>959.0</ele>
   </trkpt>
   <trkpt lat="-26.3724370" lon="-51.0796550">
    <ele>959.0</ele>
   </trkpt>
   <trkpt lat="-26.3724370" lon="-51.0796550">
    <ele>959.0</ele>
   </trkpt>
   <trkpt lat="-26.3724370" lon="-51.0796550">
    <ele>959.0</ele>
   </trkpt>
   <trkpt lat="-26.3724370" lon="-51.0796550">
    <ele>959.0</ele>
   </trkpt>
   <trkpt lat="-26.3724370" lon="-51.0796550">
    <ele>959.0</ele>
   </trkpt>
   <trkpt lat="-26.3724370" lon="-51.0796550">
    <ele>959.0</ele>
   </trkpt>
   <trkpt lat="-26.3724370" lon="-51.0796550">
    <ele>959.0</ele>
   </trkpt>
   <trkpt lat="-26.3724370" lon="-51.0796550">
    <ele>959.0</ele>
   </trkpt>
   <trkpt lat="-26.3724370" lon="-51.0796550">
    <ele>959.0</ele>
   </trkpt>
   <trkpt lat="-26.3724370" lon="-51.0796550">
    <ele>959.0</ele>
   </trkpt>
   <trkpt lat="-26.3724370" lon="-51.0796550">
    <ele>959.0</ele>
   </trkpt>
   <trkpt lat="-26.3724370" lon="-51.0796550">
    <ele>959.0</ele>
   </trkpt>
   <trkpt lat="-26.3724370" lon="-51.0796550">
    <ele>959.0</ele>
   </trkpt>
   <trkpt lat="-26.3724370" lon="-51.0796550">
    <ele>959.0</ele>
   </trkpt>
   <trkpt lat="-26.3724370" lon="-51.0796550">
    <ele>959.0</ele>
   </trkpt>
   <trkpt lat="-26.3724370" lon="-51.0796550">
    <ele>959.0</ele>
   </trkpt>
   <trkpt lat="-26.3724370" lon="-51.0796550">
    <ele>959.0</ele>
   </trkpt>
   <trkpt lat="-26.3724370" lon="-51.0796550">
    <ele>959.0</ele>
   </trkpt>
   <trkpt lat="-26.3724370" lon="-51.0796550">
    <ele>959.0</ele>
   </trkpt>
   <trkpt lat="-26.3724370" lon="-51.0796550">
    <ele>959.0</ele>
   </trkpt>
   <trkpt lat="-26.3724370" lon="-51.0796550">
    <ele>959.0</ele>
   </trkpt>
   <trkpt lat="-26.3724370" lon="-51.0796550">
    <ele>959.0</ele>
   </trkpt>
   <trkpt lat="-26.3724370" lon="-51.0796550">
    <ele>959.0</ele>
   </trkpt>
   <trkpt lat="-26.3724370" lon="-51.0796550">
    <ele>959.0</ele>
   </trkpt>
   <trkpt lat="-26.3724370" lon="-51.0796550">
    <ele>959.0</ele>
   </trkpt>
   <trkpt lat="-26.3724370" lon="-51.0796550">
    <ele>959.0</ele>
   </trkpt>
   <trkpt lat="-26.3724370" lon="-51.0796550">
    <ele>959.0</ele>
   </trkpt>
   <trkpt lat="-26.3724370" lon="-51.0796550">
    <ele>959.0</ele>
   </trkpt>
   <trkpt lat="-26.3724370" lon="-51.0796550">
    <ele>959.0</ele>
   </trkpt>
   <trkpt lat="-26.3724370" lon="-51.0796550">
    <ele>959.0</ele>
   </trkpt>
   <trkpt lat="-26.3724370" lon="-51.0796550">
    <ele>959.0</ele>
   </trkpt>
   <trkpt lat="-26.3724370" lon="-51.0796550">
    <ele>959.0</ele>
   </trkpt>
   <trkpt lat="-26.3724370" lon="-51.0796550">
    <ele>959.0</ele>
   </trkpt>
   <trkpt lat="-26.3724370" lon="-51.0796550">
    <ele>959.0</ele>
   </trkpt>
   <trkpt lat="-26.3724370" lon="-51.0796550">
    <ele>959.0</ele>
   </trkpt>
   <trkpt lat="-26.3724370" lon="-51.0796550">
    <ele>959.0</ele>
   </trkpt>
   <trkpt lat="-26.3724370" lon="-51.0796550">
    <ele>959.0</ele>
   </trkpt>
   <trkpt lat="-26.3724370" lon="-51.0796550">
    <ele>959.0</ele>
   </trkpt>
   <trkpt lat="-26.3724370" lon="-51.0796550">
    <ele>959.0</ele>
   </trkpt>
   <trkpt lat="-26.3724370" lon="-51.0796550">
    <ele>959.0</ele>
   </trkpt>
   <trkpt lat="-26.3724370" lon="-51.0796550">
    <ele>959.0</ele>
   </trkpt>
   <trkpt lat="-26.3724370" lon="-51.0796550">
    <ele>959.0</ele>
   </trkpt>
   <trkpt lat="-26.3724370" lon="-51.0796550">
    <ele>959.0</ele>
   </trkpt>
   <trkpt lat="-26.3724370" lon="-51.0796550">
    <ele>959.0</ele>
   </trkpt>
   <trkpt lat="-26.3724370" lon="-51.0796550">
    <ele>959.0</ele>
   </trkpt>
   <trkpt lat="-26.3724370" lon="-51.0796550">
    <ele>959.0</ele>
   </trkpt>
   <trkpt lat="-26.3724370" lon="-51.0796550">
    <ele>959.0</ele>
   </trkpt>
   <trkpt lat="-26.3724370" lon="-51.0796550">
    <ele>959.0</ele>
   </trkpt>
   <trkpt lat="-26.3724370" lon="-51.0796550">
    <ele>959.0</ele>
   </trkpt>
   <trkpt lat="-26.3724370" lon="-51.0796550">
    <ele>959.0</ele>
   </trkpt>
   <trkpt lat="-26.3724370" lon="-51.0796550">
    <ele>959.0</ele>
   </trkpt>
   <trkpt lat="-26.3724370" lon="-51.0796550">
    <ele>959.0</ele>
   </trkpt>
   <trkpt lat="-26.3724370" lon="-51.0796550">
    <ele>959.0</ele>
   </trkpt>
   <trkpt lat="-26.3724370" lon="-51.0796550">
    <ele>959.0</ele>
   </trkpt>
   <trkpt lat="-26.3724370" lon="-51.0796550">
    <ele>959.0</ele>
   </trkpt>
   <trkpt lat="-26.3724370" lon="-51.0796550">
    <ele>959.0</ele>
   </trkpt>
   <trkpt lat="-26.3724370" lon="-51.0796550">
    <ele>959.0</ele>
   </trkpt>
   <trkpt lat="-26.3724370" lon="-51.0796550">
    <ele>959.0</ele>
   </trkpt>
   <trkpt lat="-26.3724370" lon="-51.0796550">
    <ele>959.0</ele>
   </trkpt>
   <trkpt lat="-26.3724370" lon="-51.0796550">
    <ele>959.0</ele>
   </trkpt>
   <trkpt lat="-26.3724370" lon="-51.0796550">
    <ele>959.0</ele>
   </trkpt>
   <trkpt lat="-26.3724370" lon="-51.0796550">
    <ele>959.0</ele>
   </trkpt>
   <trkpt lat="-26.3724370" lon="-51.0796550">
    <ele>959.0</ele>
   </trkpt>
   <trkpt lat="-26.3724370" lon="-51.0796550">
    <ele>959.0</ele>
   </trkpt>
   <trkpt lat="-26.3724370" lon="-51.0796550">
    <ele>959.0</ele>
   </trkpt>
   <trkpt lat="-26.3724370" lon="-51.0796550">
    <ele>959.0</ele>
   </trkpt>
   <trkpt lat="-26.3724370" lon="-51.0796550">
    <ele>959.0</ele>
   </trkpt>
   <trkpt lat="-26.3724370" lon="-51.0796550">
    <ele>959.0</ele>
   </trkpt>
   <trkpt lat="-26.3724370" lon="-51.0796550">
    <ele>959.0</ele>
   </trkpt>
   <trkpt lat="-26.3724370" lon="-51.0796550">
    <ele>959.0</ele>
   </trkpt>
   <trkpt lat="-26.3724370" lon="-51.0796550">
    <ele>959.0</ele>
   </trkpt>
   <trkpt lat="-26.3724370" lon="-51.0796550">
    <ele>959.0</ele>
   </trkpt>
   <trkpt lat="-26.3724370" lon="-51.0796550">
    <ele>959.0</ele>
   </trkpt>
   <trkpt lat="-26.3724370" lon="-51.0796550">
    <ele>959.0</ele>
   </trkpt>
   <trkpt lat="-26.3724370" lon="-51.0796550">
    <ele>959.0</ele>
   </trkpt>
   <trkpt lat="-26.3724370" lon="-51.0796550">
    <ele>959.0</ele>
   </trkpt>
   <trkpt lat="-26.3724370" lon="-51.0796550">
    <ele>959.0</ele>
   </trkpt>
   <trkpt lat="-26.3724370" lon="-51.0796550">
    <ele>959.0</ele>
   </trkpt>
   <trkpt lat="-26.3724370" lon="-51.0796550">
    <ele>959.0</ele>
   </trkpt>
   <trkpt lat="-26.3724370" lon="-51.0796550">
    <ele>959.0</ele>
   </trkpt>
   <trkpt lat="-26.3724370" lon="-51.0796550">
    <ele>959.0</ele>
   </trkpt>
   <trkpt lat="-26.3724370" lon="-51.0796550">
    <ele>959.0</ele>
   </trkpt>
   <trkpt lat="-26.3724370" lon="-51.0796550">
    <ele>959.0</ele>
   </trkpt>
   <trkpt lat="-26.3724370" lon="-51.0796550">
    <ele>959.0</ele>
   </trkpt>
   <trkpt lat="-26.3724370" lon="-51.0796550">
    <ele>959.0</ele>
   </trkpt>
   <trkpt lat="-26.3724370" lon="-51.0796550">
    <ele>959.0</ele>
   </trkpt>
   <trkpt lat="-26.3724370" lon="-51.0796550">
    <ele>959.0</ele>
   </trkpt>
   <trkpt lat="-26.3724370" lon="-51.0796550">
    <ele>959.0</ele>
   </trkpt>
   <trkpt lat="-26.3724370" lon="-51.0796550">
    <ele>959.0</ele>
   </trkpt>
   <trkpt lat="-26.3724370" lon="-51.0796550">
    <ele>959.0</ele>
   </trkpt>
   <trkpt lat="-26.3724370" lon="-51.0796550">
    <ele>959.0</ele>
   </trkpt>
   <trkpt lat="-26.3724370" lon="-51.0796550">
    <ele>959.0</ele>
   </trkpt>
   <trkpt lat="-26.3724370" lon="-51.0796550">
    <ele>959.0</ele>
   </trkpt>
   <trkpt lat="-26.3724370" lon="-51.0796550">
    <ele>959.0</ele>
   </trkpt>
   <trkpt lat="-26.3724370" lon="-51.0796550">
    <ele>959.0</ele>
   </trkpt>
   <trkpt lat="-26.3724370" lon="-51.0796550">
    <ele>959.0</ele>
   </trkpt>
   <trkpt lat="-26.3724370" lon="-51.0796550">
    <ele>959.0</ele>
   </trkpt>
   <trkpt lat="-26.3724370" lon="-51.0796550">
    <ele>959.0</ele>
   </trkpt>
   <trkpt lat="-26.3724370" lon="-51.0796550">
    <ele>959.0</ele>
   </trkpt>
   <trkpt lat="-26.3724370" lon="-51.0796550">
    <ele>959.0</ele>
   </trkpt>
   <trkpt lat="-26.3724370" lon="-51.0796550">
    <ele>959.0</ele>
   </trkpt>
   <trkpt lat="-26.3724370" lon="-51.0796550">
    <ele>959.0</ele>
   </trkpt>
   <trkpt lat="-26.3724370" lon="-51.0796550">
    <ele>959.0</ele>
   </trkpt>
   <trkpt lat="-26.3724370" lon="-51.0796550">
    <ele>959.0</ele>
   </trkpt>
   <trkpt lat="-26.3724370" lon="-51.0796550">
    <ele>959.0</ele>
   </trkpt>
   <trkpt lat="-26.3724370" lon="-51.0796550">
    <ele>959.0</ele>
   </trkpt>
   <trkpt lat="-26.3724370" lon="-51.0796550">
    <ele>959.0</ele>
   </trkpt>
   <trkpt lat="-26.3724370" lon="-51.0796550">
    <ele>959.0</ele>
   </trkpt>
   <trkpt lat="-26.3724370" lon="-51.0796550">
    <ele>959.0</ele>
   </trkpt>
   <trkpt lat="-26.3724370" lon="-51.0796550">
    <ele>959.0</ele>
   </trkpt>
   <trkpt lat="-26.3724370" lon="-51.0796550">
    <ele>959.0</ele>
   </trkpt>
   <trkpt lat="-26.3724370" lon="-51.0796550">
    <ele>959.0</ele>
   </trkpt>
   <trkpt lat="-26.3724370" lon="-51.0796550">
    <ele>959.0</ele>
   </trkpt>
   <trkpt lat="-26.3724370" lon="-51.0796550">
    <ele>959.0</ele>
   </trkpt>
   <trkpt lat="-26.3724380" lon="-51.0796580">
    <ele>959.0</ele>
   </trkpt>
   <trkpt lat="-26.3724440" lon="-51.0796850">
    <ele>958.9</ele>
   </trkpt>
   <trkpt lat="-26.3724500" lon="-51.0797230">
    <ele>958.8</ele>
   </trkpt>
   <trkpt lat="-26.3724550" lon="-51.0797530">
    <ele>958.7</ele>
   </trkpt>
   <trkpt lat="-26.3724640" lon="-51.0797990">
    <ele>958.5</ele>
   </trkpt>
   <trkpt lat="-26.3724710" lon="-51.0798370">
    <ele>958.4</ele>
   </trkpt>
   <trkpt lat="-26.3724790" lon="-51.0798890">
    <ele>958.2</ele>
   </trkpt>
   <trkpt lat="-26.3724900" lon="-51.0799490">
    <ele>958.1</ele>
   </trkpt>
   <trkpt lat="-26.3725040" lon="-51.0800110">
    <ele>957.9</ele>
   </trkpt>
   <trkpt lat="-26.3725270" lon="-51.0800900">
    <ele>957.0</ele>
   </trkpt>
   <trkpt lat="-26.3725430" lon="-51.0801450">
    <ele>956.5</ele>
   </trkpt>
   <trkpt lat="-26.3725660" lon="-51.0802160">
    <ele>955.8</ele>
   </trkpt>
   <trkpt lat="-26.3725900" lon="-51.0802900">
    <ele>955.1</ele>
   </trkpt>
   <trkpt lat="-26.3726120" lon="-51.0803670">
    <ele>954.3</ele>
   </trkpt>
   <trkpt lat="-26.3726380" lon="-51.0804670">
    <ele>953.3</ele>
   </trkpt>
   <trkpt lat="-26.3726550" lon="-51.0805380">
    <ele>952.7</ele>
   </trkpt>
   <trkpt lat="-26.3726790" lon="-51.0806280">
    <ele>952.0</ele>
   </trkpt>
   <trkpt lat="-26.3727090" lon="-51.0807400">
    <ele>951.3</ele>
   </trkpt>
   <trkpt lat="-26.3727330" lon="-51.0808320">
    <ele>951.1</ele>
   </trkpt>
   <trkpt lat="-26.3727540" lon="-51.0809030">
    <ele>951.1</ele>
   </trkpt>
   <trkpt lat="-26.3727760" lon="-51.0809930">
    <ele>951.3</ele>
   </trkpt>
   <trkpt lat="-26.3727990" lon="-51.0810800">
    <ele>951.7</ele>
   </trkpt>
   <trkpt lat="-26.3728280" lon="-51.0811770">
    <ele>952.3</ele>
   </trkpt>
   <trkpt lat="-26.3728500" lon="-51.0812550">
    <ele>952.8</ele>
   </trkpt>
   <trkpt lat="-26.3728670" lon="-51.0813160">
    <ele>953.3</ele>
   </trkpt>
   <trkpt lat="-26.3728860" lon="-51.0813850">
    <ele>953.9</ele>
   </trkpt>
   <trkpt lat="-26.3729070" lon="-51.0814480">
    <ele>954.5</ele>
   </trkpt>
   <trkpt lat="-26.3729290" lon="-51.0815130">
    <ele>955.2</ele>
   </trkpt>
   <trkpt lat="-26.3729480" lon="-51.0815770">
    <ele>955.9</ele>
   </trkpt>
   <trkpt lat="-26.3729680" lon="-51.0816370">
    <ele>956.6</ele>
   </trkpt>
   <trkpt lat="-26.3729820" lon="-51.0816970">
    <ele>957.2</ele>
   </trkpt>
   <trkpt lat="-26.3730000" lon="-51.0817530">
    <ele>957.9</ele>
   </trkpt>
   <trkpt lat="-26.3730190" lon="-51.0818080">
    <ele>958.5</ele>
   </trkpt>
   <trkpt lat="-26.3730410" lon="-51.0818740">
    <ele>959.3</ele>
   </trkpt>
   <trkpt lat="-26.3730580" lon="-51.0819160">
    <ele>959.8</ele>
   </trkpt>
   <trkpt lat="-26.3730780" lon="-51.0819660">
    <ele>960.4</ele>
   </trkpt>
   <trkpt lat="-26.3730960" lon="-51.0820150">
    <ele>960.9</ele>
   </trkpt>
   <trkpt lat="-26.3731120" lon="-51.0820630">
    <ele>961.3</ele>
   </trkpt>
   <trkpt lat="-26.3731310" lon="-51.0821180">
    <ele>961.8</ele>
   </trkpt>
   <trkpt lat="-26.3731450" lon="-51.0821650">
    <ele>962.1</ele>
   </trkpt>
   <trkpt lat="-26.3731550" lon="-51.0822020">
    <ele>962.3</ele>
   </trkpt>
   <trkpt lat="-26.3731700" lon="-51.0822510">
    <ele>962.6</ele>
   </trkpt>
   <trkpt lat="-26.3731840" lon="-51.0822990">
    <ele>962.8</ele>
   </trkpt>
   <trkpt lat="-26.3732020" lon="-51.0823530">
    <ele>963.0</ele>
   </trkpt>
   <trkpt lat="-26.3732140" lon="-51.0823870">
    <ele>963.2</ele>
   </trkpt>
   <trkpt lat="-26.3732260" lon="-51.0824310">
    <ele>963.3</ele>
   </trkpt>
   <trkpt lat="-26.3732400" lon="-51.0824810">
    <ele>963.6</ele>
   </trkpt>
   <trkpt lat="-26.3732490" lon="-51.0825150">
    <ele>963.7</ele>
   </trkpt>
   <trkpt lat="-26.3732630" lon="-51.0825580">
    <ele>963.9</ele>
   </trkpt>
   <trkpt lat="-26.3732760" lon="-51.0826010">
    <ele>964.0</ele>
   </trkpt>
   <trkpt lat="-26.3732910" lon="-51.0826440">
    <ele>964.2</ele>
   </trkpt>
   <trkpt lat="-26.3733030" lon="-51.0826870">
    <ele>964.3</ele>
   </trkpt>
   <trkpt lat="-26.3733180" lon="-51.0827330">
    <ele>964.5</ele>
   </trkpt>
   <trkpt lat="-26.3733380" lon="-51.0827870">
    <ele>964.6</ele>
   </trkpt>
   <trkpt lat="-26.3733530" lon="-51.0828230">
    <ele>964.7</ele>
   </trkpt>
   <trkpt lat="-26.3733700" lon="-51.0828660">
    <ele>964.8</ele>
   </trkpt>
   <trkpt lat="-26.3733830" lon="-51.0829080">
    <ele>964.9</ele>
   </trkpt>
   <trkpt lat="-26.3733970" lon="-51.0829440">
    <ele>965.0</ele>
   </trkpt>
   <trkpt lat="-26.3734140" lon="-51.0829890">
    <ele>965.1</ele>
   </trkpt>
   <trkpt lat="-26.3734220" lon="-51.0830210">
    <ele>965.1</ele>
   </trkpt>
   <trkpt lat="-26.3734340" lon="-51.0830600">
    <ele>965.0</ele>
   </trkpt>
   <trkpt lat="-26.3734450" lon="-51.0830990">
    <ele>964.9</ele>
   </trkpt>
   <trkpt lat="-26.3734640" lon="-51.0831420">
    <ele>964.7</ele>
   </trkpt>
   <trkpt lat="-26.3734720" lon="-51.0831720">
    <ele>964.5</ele>
   </trkpt>
   <trkpt lat="-26.3734810" lon="-51.0832170">
    <ele>964.2</ele>
   </trkpt>
   <trkpt lat="-26.3734890" lon="-51.0832650">
    <ele>963.7</ele>
   </trkpt>
   <trkpt lat="-26.3735000" lon="-51.0833190">
    <ele>963.1</ele>
   </trkpt>
   <trkpt lat="-26.3735140" lon="-51.0834010">
    <ele>962.0</ele>
   </trkpt>
   <trkpt lat="-26.3735280" lon="-51.0834670">
    <ele>961.3</ele>
   </trkpt>
   <trkpt lat="-26.3735470" lon="-51.0835540">
    <ele>960.3</ele>
   </trkpt>
   <trkpt lat="-26.3735680" lon="-51.0836430">
    <ele>959.9</ele>
   </trkpt>
   <trkpt lat="-26.3735910" lon="-51.0837350">
    <ele>959.6</ele>
   </trkpt>
   <trkpt lat="-26.3736230" lon="-51.0838430">
    <ele>959.3</ele>
   </trkpt>
   <trkpt lat="-26.3736430" lon="-51.0839150">
    <ele>959.2</ele>
   </trkpt>
   <trkpt lat="-26.3736680" lon="-51.0840030">
    <ele>959.2</ele>
   </trkpt>
   <trkpt lat="-26.3736940" lon="-51.0840900">
    <ele>959.2</ele>
   </trkpt>
   <trkpt lat="-26.3737180" lon="-51.0841730">
    <ele>959.2</ele>
   </trkpt>
   <trkpt lat="-26.3737410" lon="-51.0842540">
    <ele>959.3</ele>
   </trkpt>
   <trkpt lat="-26.3737670" lon="-51.0843290">
    <ele>959.4</ele>
   </trkpt>
   <trkpt lat="-26.3737940" lon="-51.0843970">
    <ele>959.6</ele>
   </trkpt>
   <trkpt lat="-26.3738230" lon="-51.0844600">
    <ele>959.7</ele>
   </trkpt>
   <trkpt lat="-26.3738460" lon="-51.0845200">
    <ele>959.8</ele>
   </trkpt>
   <trkpt lat="-26.3738710" lon="-51.0845890">
    <ele>959.8</ele>
   </trkpt>
   <trkpt lat="-26.3738920" lon="-51.0846500">
    <ele>959.7</ele>
   </trkpt>
   <trkpt lat="-26.3739120" lon="-51.0847010">
    <ele>959.7</ele>
   </trkpt>
   <trkpt lat="-26.3739390" lon="-51.0847780">
    <ele>959.6</ele>
   </trkpt>
   <trkpt lat="-26.3739570" lon="-51.0848320">
    <ele>959.5</ele>
   </trkpt>
   <trkpt lat="-26.3739840" lon="-51.0849070">
    <ele>959.5</ele>
   </trkpt>
   <trkpt lat="-26.3740060" lon="-51.0849580">
    <ele>959.5</ele>
   </trkpt>
   <trkpt lat="-26.3740310" lon="-51.0850180">
    <ele>959.6</ele>
   </trkpt>
   <trkpt lat="-26.3740520" lon="-51.0850780">
    <ele>959.6</ele>
   </trkpt>
   <trkpt lat="-26.3740690" lon="-51.0851390">
    <ele>959.7</ele>
   </trkpt>
   <trkpt lat="-26.3740850" lon="-51.0852010">
    <ele>959.8</ele>
   </trkpt>
   <trkpt lat="-26.3741020" lon="-51.0852600">
    <ele>959.9</ele>
   </trkpt>
   <trkpt lat="-26.3741200" lon="-51.0853160">
    <ele>959.9</ele>
   </trkpt>
   <trkpt lat="-26.3741380" lon="-51.0853720">
    <ele>959.9</ele>
   </trkpt>
   <trkpt lat="-26.3741590" lon="-51.0854310">
    <ele>959.8</ele>
   </trkpt>
   <trkpt lat="-26.3741850" lon="-51.0855050">
    <ele>959.6</ele>
   </trkpt>
   <trkpt lat="-26.3742040" lon="-51.0855570">
    <ele>959.5</ele>
   </trkpt>
   <trkpt lat="-26.3742260" lon="-51.0856230">
    <ele>959.4</ele>
   </trkpt>
   <trkpt lat="-26.3742480" lon="-51.0856910">
    <ele>959.3</ele>
   </trkpt>
   <trkpt lat="-26.3742660" lon="-51.0857550">
    <ele>959.4</ele>
   </trkpt>
   <trkpt lat="-26.3742840" lon="-51.0858170">
    <ele>959.5</ele>
   </trkpt>
   <trkpt lat="-26.3743020" lon="-51.0858760">
    <ele>959.5</ele>
   </trkpt>
   <trkpt lat="-26.3743170" lon="-51.0859340">
    <ele>959.6</ele>
   </trkpt>
   <trkpt lat="-26.3743340" lon="-51.0859940">
    <ele>959.7</ele>
   </trkpt>
   <trkpt lat="-26.3743510" lon="-51.0860490">
    <ele>959.7</ele>
   </trkpt>
   <trkpt lat="-26.3743680" lon="-51.0861060">
    <ele>959.8</ele>
   </trkpt>
   <trkpt lat="-26.3743870" lon="-51.0861630">
    <ele>959.9</ele>
   </trkpt>
   <trkpt lat="-26.3744040" lon="-51.0862190">
    <ele>959.9</ele>
   </trkpt>
   <trkpt lat="-26.3744210" lon="-51.0862750">
    <ele>959.9</ele>
   </trkpt>
   <trkpt lat="-26.3744390" lon="-51.0863310">
    <ele>960.0</ele>
   </trkpt>
   <trkpt lat="-26.3744590" lon="-51.0863890">
    <ele>960.0</ele>
   </trkpt>
   <trkpt lat="-26.3744780" lon="-51.0864460">
    <ele>959.9</ele>
   </trkpt>
   <trkpt lat="-26.3744980" lon="-51.0865010">
    <ele>959.9</ele>
   </trkpt>
   <trkpt lat="-26.3745150" lon="-51.0865580">
    <ele>959.9</ele>
   </trkpt>
   <trkpt lat="-26.3745320" lon="-51.0866140">
    <ele>959.9</ele>
   </trkpt>
   <trkpt lat="-26.3745510" lon="-51.0866710">
    <ele>960.0</ele>
   </trkpt>
   <trkpt lat="-26.3745700" lon="-51.0867270">
    <ele>960.1</ele>
   </trkpt>
   <trkpt lat="-26.3745880" lon="-51.0867840">
    <ele>960.1</ele>
   </trkpt>
   <trkpt lat="-26.3746060" lon="-51.0868400">
    <ele>960.2</ele>
   </trkpt>
   <trkpt lat="-26.3746240" lon="-51.0868980">
    <ele>960.3</ele>
   </trkpt>
   <trkpt lat="-26.3746420" lon="-51.0869580">
    <ele>960.5</ele>
   </trkpt>
   <trkpt lat="-26.3746630" lon="-51.0870280">
    <ele>960.7</ele>
   </trkpt>
   <trkpt lat="-26.3746800" lon="-51.0870840">
    <ele>960.9</ele>
   </trkpt>
   <trkpt lat="-26.3746930" lon="-51.0871270">
    <ele>961.0</ele>
   </trkpt>
   <trkpt lat="-26.3747110" lon="-51.0871780">
    <ele>961.1</ele>
   </trkpt>
   <trkpt lat="-26.3747270" lon="-51.0872310">
    <ele>961.2</ele>
   </trkpt>
   <trkpt lat="-26.3747430" lon="-51.0872940">
    <ele>961.3</ele>
   </trkpt>
   <trkpt lat="-26.3747570" lon="-51.0873480">
    <ele>961.4</ele>
   </trkpt>
   <trkpt lat="-26.3747670" lon="-51.0873920">
    <ele>961.5</ele>
   </trkpt>
   <trkpt lat="-26.3747810" lon="-51.0874500">
    <ele>961.5</ele>
   </trkpt>
   <trkpt lat="-26.3747930" lon="-51.0875040">
    <ele>961.6</ele>
   </trkpt>
   <trkpt lat="-26.3748090" lon="-51.0875710">
    <ele>961.7</ele>
   </trkpt>
   <trkpt lat="-26.3748200" lon="-51.0876190">
    <ele>961.7</ele>
   </trkpt>
   <trkpt lat="-26.3748330" lon="-51.0876780">
    <ele>961.8</ele>
   </trkpt>
   <trkpt lat="-26.3748460" lon="-51.0877360">
    <ele>961.9</ele>
   </trkpt>
   <trkpt lat="-26.3748590" lon="-51.0877930">
    <ele>962.0</ele>
   </trkpt>
   <trkpt lat="-26.3748750" lon="-51.0878490">
    <ele>962.1</ele>
   </trkpt>
   <trkpt lat="-26.3748910" lon="-51.0879140">
    <ele>962.4</ele>
   </trkpt>
   <trkpt lat="-26.3749020" lon="-51.0879580">
    <ele>962.6</ele>
   </trkpt>
   <trkpt lat="-26.3749150" lon="-51.0880120">
    <ele>962.9</ele>
   </trkpt>
   <trkpt lat="-26.3749290" lon="-51.0880670">
    <ele>963.3</ele>
   </trkpt>
   <trkpt lat="-26.3749430" lon="-51.0881210">
    <ele>963.7</ele>
   </trkpt>
   <trkpt lat="-26.3749590" lon="-51.0881810">
    <ele>964.2</ele>
   </trkpt>
   <trkpt lat="-26.3749700" lon="-51.0882200">
    <ele>964.5</ele>
   </trkpt>
   <trkpt lat="-26.3749820" lon="-51.0882670">
    <ele>965.0</ele>
   </trkpt>
   <trkpt lat="-26.3749940" lon="-51.0883120">
    <ele>965.4</ele>
   </trkpt>
   <trkpt lat="-26.3750050" lon="-51.0883540">
    <ele>965.8</ele>
   </trkpt>
   <trkpt lat="-26.3750180" lon="-51.0884030">
    <ele>966.2</ele>
   </trkpt>
   <trkpt lat="-26.3750300" lon="-51.0884410">
    <ele>966.6</ele>
   </trkpt>
   <trkpt lat="-26.3750390" lon="-51.0884760">
    <ele>966.9</ele>
   </trkpt>
   <trkpt lat="-26.3750490" lon="-51.0885030">
    <ele>967.1</ele>
   </trkpt>
   <trkpt lat="-26.3750600" lon="-51.0885380">
    <ele>967.4</ele>
   </trkpt>
   <trkpt lat="-26.3750720" lon="-51.0885740">
    <ele>967.7</ele>
   </trkpt>
   <trkpt lat="-26.3750880" lon="-51.0886160">
    <ele>968.1</ele>
   </trkpt>
   <trkpt lat="-26.3751050" lon="-51.0886520">
    <ele>968.4</ele>
   </trkpt>
   <trkpt lat="-26.3751220" lon="-51.0886870">
    <ele>968.8</ele>
   </trkpt>
   <trkpt lat="-26.3751360" lon="-51.0887130">
    <ele>969.0</ele>
   </trkpt>
   <trkpt lat="-26.3751530" lon="-51.0887460">
    <ele>969.4</ele>
   </trkpt>
   <trkpt lat="-26.3751730" lon="-51.0887850">
    <ele>969.8</ele>
   </trkpt>
   <trkpt lat="-26.3751860" lon="-51.0888190">
    <ele>970.1</ele>
   </trkpt>
   <trkpt lat="-26.3751970" lon="-51.0888540">
    <ele>970.5</ele>
   </trkpt>
   <trkpt lat="-26.3752050" lon="-51.0888820">
    <ele>970.7</ele>
   </trkpt>
   <trkpt lat="-26.3752180" lon="-51.0889150">
    <ele>971.0</ele>
   </trkpt>
   <trkpt lat="-26.3752310" lon="-51.0889470">
    <ele>971.3</ele>
   </trkpt>
   <trkpt lat="-26.3752510" lon="-51.0889820">
    <ele>971.7</ele>
   </trkpt>
   <trkpt lat="-26.3752640" lon="-51.0890100">
    <ele>971.9</ele>
   </trkpt>
   <trkpt lat="-26.3752770" lon="-51.0890410">
    <ele>972.2</ele>
   </trkpt>
   <trkpt lat="-26.3752880" lon="-51.0890650">
    <ele>972.4</ele>
   </trkpt>
   <trkpt lat="-26.3753040" lon="-51.0890940">
    <ele>972.7</ele>
   </trkpt>
   <trkpt lat="-26.3753230" lon="-51.0891320">
    <ele>973.1</ele>
   </trkpt>
   <trkpt lat="-26.3753330" lon="-51.0891670">
    <ele>973.4</ele>
   </trkpt>
   <trkpt lat="-26.3753390" lon="-51.0892060">
    <ele>973.8</ele>
   </trkpt>
   <trkpt lat="-26.3753490" lon="-51.0892340">
    <ele>974.0</ele>
   </trkpt>
   <trkpt lat="-26.3753620" lon="-51.0892700">
    <ele>974.4</ele>
   </trkpt>
   <trkpt lat="-26.3753730" lon="-51.0893110">
    <ele>974.8</ele>
   </trkpt>
   <trkpt lat="-26.3753800" lon="-51.0893440">
    <ele>975.2</ele>
   </trkpt>
   <trkpt lat="-26.3753810" lon="-51.0893790">
    <ele>975.5</ele>
   </trkpt>
   <trkpt lat="-26.3753860" lon="-51.0894050">
    <ele>975.8</ele>
   </trkpt>
   <trkpt lat="-26.3753980" lon="-51.0894440">
    <ele>976.2</ele>
   </trkpt>
   <trkpt lat="-26.3754070" lon="-51.0894770">
    <ele>976.5</ele>
   </trkpt>
   <trkpt lat="-26.3754170" lon="-51.0895080">
    <ele>976.7</ele>
   </trkpt>
   <trkpt lat="-26.3754270" lon="-51.0895400">
    <ele>976.9</ele>
   </trkpt>
   <trkpt lat="-26.3754370" lon="-51.0895640">
    <ele>977.1</ele>
   </trkpt>
   <trkpt lat="-26.3754480" lon="-51.0895980">
    <ele>977.2</ele>
   </trkpt>
   <trkpt lat="-26.3754550" lon="-51.0896250">
    <ele>977.3</ele>
   </trkpt>
   <trkpt lat="-26.3754600" lon="-51.0896500">
    <ele>977.4</ele>
   </trkpt>
   <trkpt lat="-26.3754650" lon="-51.0896730">
    <ele>977.4</ele>
   </trkpt>
   <trkpt lat="-26.3754760" lon="-51.0896950">
    <ele>977.4</ele>
   </trkpt>
   <trkpt lat="-26.3754860" lon="-51.0897120">
    <ele>977.3</ele>
   </trkpt>
   <trkpt lat="-26.3755000" lon="-51.0897410">
    <ele>977.1</ele>
   </trkpt>
   <trkpt lat="-26.3755120" lon="-51.0897680">
    <ele>976.8</ele>
   </trkpt>
   <trkpt lat="-26.3755230" lon="-51.0897980">
    <ele>976.5</ele>
   </trkpt>
   <trkpt lat="-26.3755330" lon="-51.0898240">
    <ele>976.2</ele>
   </trkpt>
   <trkpt lat="-26.3755450" lon="-51.0898590">
    <ele>975.8</ele>
   </trkpt>
   <trkpt lat="-26.3755650" lon="-51.0899060">
    <ele>975.2</ele>
   </trkpt>
   <trkpt lat="-26.3755860" lon="-51.0899600">
    <ele>974.5</ele>
   </trkpt>
   <trkpt lat="-26.3756120" lon="-51.0900250">
    <ele>973.6</ele>
   </trkpt>
   <trkpt lat="-26.3756360" lon="-51.0900870">
    <ele>972.8</ele>
   </trkpt>
   <trkpt lat="-26.3756750" lon="-51.0901910">
    <ele>971.7</ele>
   </trkpt>
   <trkpt lat="-26.3757100" lon="-51.0902820">
    <ele>970.8</ele>
   </trkpt>
   <trkpt lat="-26.3757450" lon="-51.0903770">
    <ele>970.0</ele>
   </trkpt>
   <trkpt lat="-26.3757800" lon="-51.0904720">
    <ele>969.2</ele>
   </trkpt>
   <trkpt lat="-26.3758060" lon="-51.0905500">
    <ele>968.5</ele>
   </trkpt>
   <trkpt lat="-26.3758350" lon="-51.0906490">
    <ele>967.4</ele>
   </trkpt>
   <trkpt lat="-26.3758740" lon="-51.0907750">
    <ele>965.6</ele>
   </trkpt>
   <trkpt lat="-26.3759060" lon="-51.0908930">
    <ele>963.8</ele>
   </trkpt>
   <trkpt lat="-26.3759370" lon="-51.0910230">
    <ele>962.0</ele>
   </trkpt>
   <trkpt lat="-26.3759660" lon="-51.0911590">
    <ele>960.4</ele>
   </trkpt>
   <trkpt lat="-26.3759870" lon="-51.0912710">
    <ele>959.4</ele>
   </trkpt>
   <trkpt lat="-26.3760180" lon="-51.0914340">
    <ele>958.4</ele>
   </trkpt>
   <trkpt lat="-26.3760520" lon="-51.0915680">
    <ele>957.6</ele>
   </trkpt>
   <trkpt lat="-26.3760760" lon="-51.0916710">
    <ele>957.1</ele>
   </trkpt>
   <trkpt lat="-26.3761130" lon="-51.0917960">
    <ele>956.7</ele>
   </trkpt>
   <trkpt lat="-26.3761510" lon="-51.0919430">
    <ele>956.3</ele>
   </trkpt>
   <trkpt lat="-26.3761820" lon="-51.0920620">
    <ele>956.0</ele>
   </trkpt>
   <trkpt lat="-26.3762160" lon="-51.0921790">
    <ele>955.8</ele>
   </trkpt>
   <trkpt lat="-26.3762470" lon="-51.0922950">
    <ele>955.8</ele>
   </trkpt>
   <trkpt lat="-26.3762690" lon="-51.0923840">
    <ele>956.0</ele>
   </trkpt>
   <trkpt lat="-26.3762880" lon="-51.0924960">
    <ele>956.4</ele>
   </trkpt>
   <trkpt lat="-26.3763080" lon="-51.0926170">
    <ele>957.0</ele>
   </trkpt>
   <trkpt lat="-26.3763190" lon="-51.0927070">
    <ele>957.5</ele>
   </trkpt>
   <trkpt lat="-26.3763230" lon="-51.0927920">
    <ele>957.9</ele>
   </trkpt>
   <trkpt lat="-26.3763300" lon="-51.0928520">
    <ele>958.1</ele>
   </trkpt>
   <trkpt lat="-26.3763370" lon="-51.0929220">
    <ele>958.3</ele>
   </trkpt>
   <trkpt lat="-26.3763430" lon="-51.0930080">
    <ele>958.2</ele>
   </trkpt>
   <trkpt lat="-26.3763440" lon="-51.0930760">
    <ele>957.9</ele>
   </trkpt>
   <trkpt lat="-26.3763450" lon="-51.0931440">
    <ele>957.3</ele>
   </trkpt>
   <trkpt lat="-26.3763440" lon="-51.0932040">
    <ele>956.8</ele>
   </trkpt>
   <trkpt lat="-26.3763500" lon="-51.0933030">
    <ele>955.8</ele>
   </trkpt>
   <trkpt lat="-26.3763660" lon="-51.0933750">
    <ele>955.2</ele>
   </trkpt>
   <trkpt lat="-26.3763940" lon="-51.0934870">
    <ele>954.4</ele>
   </trkpt>
   <trkpt lat="-26.3764170" lon="-51.0935650">
    <ele>954.1</ele>
   </trkpt>
   <trkpt lat="-26.3764470" lon="-51.0936630">
    <ele>953.7</ele>
   </trkpt>
   <trkpt lat="-26.3764800" lon="-51.0937630">
    <ele>953.4</ele>
   </trkpt>
   <trkpt lat="-26.3765120" lon="-51.0938620">
    <ele>953.2</ele>
   </trkpt>
   <trkpt lat="-26.3765390" lon="-51.0939610">
    <ele>953.1</ele>
   </trkpt>
   <trkpt lat="-26.3765700" lon="-51.0940760">
    <ele>953.0</ele>
   </trkpt>
   <trkpt lat="-26.3765970" lon="-51.0941490">
    <ele>953.0</ele>
   </trkpt>
   <trkpt lat="-26.3766280" lon="-51.0942380">
    <ele>952.9</ele>
   </trkpt>
   <trkpt lat="-26.3766600" lon="-51.0943410">
    <ele>952.6</ele>
   </trkpt>
   <trkpt lat="-26.3766840" lon="-51.0944270">
    <ele>952.4</ele>
   </trkpt>
   <trkpt lat="-26.3767090" lon="-51.0945100">
    <ele>952.1</ele>
   </trkpt>
   <trkpt lat="-26.3767360" lon="-51.0945950">
    <ele>951.9</ele>
   </trkpt>
   <trkpt lat="-26.3767580" lon="-51.0946650">
    <ele>951.9</ele>
   </trkpt>
   <trkpt lat="-26.3767970" lon="-51.0947690">
    <ele>951.9</ele>
   </trkpt>
   <trkpt lat="-26.3768350" lon="-51.0948530">
    <ele>952.0</ele>
   </trkpt>
   <trkpt lat="-26.3768730" lon="-51.0949340">
    <ele>952.1</ele>
   </trkpt>
   <trkpt lat="-26.3769120" lon="-51.0950120">
    <ele>952.4</ele>
   </trkpt>
   <trkpt lat="-26.3769440" lon="-51.0950740">
    <ele>952.6</ele>
   </trkpt>
   <trkpt lat="-26.3769880" lon="-51.0951460">
    <ele>953.0</ele>
   </trkpt>
   <trkpt lat="-26.3770390" lon="-51.0952250">
    <ele>953.4</ele>
   </trkpt>
   <trkpt lat="-26.3770820" lon="-51.0952870">
    <ele>953.7</ele>
   </trkpt>
   <trkpt lat="-26.3771220" lon="-51.0953450">
    <ele>953.8</ele>
   </trkpt>
   <trkpt lat="-26.3771450" lon="-51.0953940">
    <ele>953.9</ele>
   </trkpt>
   <trkpt lat="-26.3771690" lon="-51.0954580">
    <ele>953.9</ele>
   </trkpt>
   <trkpt lat="-26.3771920" lon="-51.0955230">
    <ele>953.9</ele>
   </trkpt>
   <trkpt lat="-26.3772130" lon="-51.0956080">
    <ele>953.9</ele>
   </trkpt>
   <trkpt lat="-26.3772370" lon="-51.0956800">
    <ele>953.9</ele>
   </trkpt>
   <trkpt lat="-26.3772610" lon="-51.0957540">
    <ele>953.9</ele>
   </trkpt>
   <trkpt lat="-26.3772800" lon="-51.0958150">
    <ele>953.9</ele>
   </trkpt>
   <trkpt lat="-26.3773060" lon="-51.0958900">
    <ele>954.0</ele>
   </trkpt>
   <trkpt lat="-26.3773320" lon="-51.0959640">
    <ele>954.0</ele>
   </trkpt>
   <trkpt lat="-26.3773640" lon="-51.0960510">
    <ele>954.0</ele>
   </trkpt>
   <trkpt lat="-26.3773870" lon="-51.0961080">
    <ele>953.8</ele>
   </trkpt>
   <trkpt lat="-26.3774170" lon="-51.0961770">
    <ele>953.6</ele>
   </trkpt>
   <trkpt lat="-26.3774540" lon="-51.0962620">
    <ele>953.3</ele>
   </trkpt>
   <trkpt lat="-26.3774880" lon="-51.0963370">
    <ele>953.1</ele>
   </trkpt>
   <trkpt lat="-26.3775260" lon="-51.0964130">
    <ele>952.9</ele>
   </trkpt>
   <trkpt lat="-26.3775610" lon="-51.0964720">
    <ele>952.7</ele>
   </trkpt>
   <trkpt lat="-26.3775990" lon="-51.0965460">
    <ele>952.4</ele>
   </trkpt>
   <trkpt lat="-26.3776300" lon="-51.0966240">
    <ele>951.9</ele>
   </trkpt>
   <trkpt lat="-26.3776620" lon="-51.0967230">
    <ele>951.4</ele>
   </trkpt>
   <trkpt lat="-26.3776840" lon="-51.0968170">
    <ele>950.9</ele>
   </trkpt>
   <trkpt lat="-26.3776960" lon="-51.0968980">
    <ele>950.6</ele>
   </trkpt>
   <trkpt lat="-26.3777040" lon="-51.0970040">
    <ele>950.3</ele>
   </trkpt>
   <trkpt lat="-26.3777030" lon="-51.0971090">
    <ele>950.2</ele>
   </trkpt>
   <trkpt lat="-26.3776940" lon="-51.0972330">
    <ele>950.1</ele>
   </trkpt>
   <trkpt lat="-26.3776790" lon="-51.0973280">
    <ele>950.1</ele>
   </trkpt>
   <trkpt lat="-26.3776550" lon="-51.0974170">
    <ele>950.0</ele>
   </trkpt>
   <trkpt lat="-26.3776280" lon="-51.0974870">
    <ele>949.9</ele>
   </trkpt>
   <trkpt lat="-26.3775930" lon="-51.0975720">
    <ele>949.7</ele>
   </trkpt>
   <trkpt lat="-26.3775470" lon="-51.0976680">
    <ele>949.2</ele>
   </trkpt>
   <trkpt lat="-26.3775080" lon="-51.0977420">
    <ele>948.7</ele>
   </trkpt>
   <trkpt lat="-26.3774640" lon="-51.0978110">
    <ele>948.1</ele>
   </trkpt>
   <trkpt lat="-26.3774180" lon="-51.0978680">
    <ele>947.5</ele>
   </trkpt>
   <trkpt lat="-26.3773530" lon="-51.0979420">
    <ele>946.8</ele>
   </trkpt>
   <trkpt lat="-26.3772730" lon="-51.0980330">
    <ele>946.2</ele>
   </trkpt>
   <trkpt lat="-26.3772110" lon="-51.0981220">
    <ele>945.6</ele>
   </trkpt>
   <trkpt lat="-26.3771710" lon="-51.0982010">
    <ele>945.3</ele>
   </trkpt>
   <trkpt lat="-26.3771330" lon="-51.0983080">
    <ele>944.8</ele>
   </trkpt>
   <trkpt lat="-26.3771090" lon="-51.0984160">
    <ele>944.2</ele>
   </trkpt>
   <trkpt lat="-26.3770840" lon="-51.0985270">
    <ele>943.3</ele>
   </trkpt>
   <trkpt lat="-26.3770460" lon="-51.0986330">
    <ele>942.1</ele>
   </trkpt>
   <trkpt lat="-26.3769910" lon="-51.0987340">
    <ele>940.7</ele>
   </trkpt>
   <trkpt lat="-26.3769190" lon="-51.0988270">
    <ele>939.1</ele>
   </trkpt>
   <trkpt lat="-26.3768410" lon="-51.0989130">
    <ele>937.5</ele>
   </trkpt>
   <trkpt lat="-26.3767490" lon="-51.0989980">
    <ele>935.6</ele>
   </trkpt>
   <trkpt lat="-26.3766490" lon="-51.0990880">
    <ele>933.4</ele>
   </trkpt>
   <trkpt lat="-26.3765320" lon="-51.0992070">
    <ele>931.5</ele>
   </trkpt>
   <trkpt lat="-26.3764500" lon="-51.0992870">
    <ele>930.6</ele>
   </trkpt>
   <trkpt lat="-26.3763480" lon="-51.0993720">
    <ele>929.6</ele>
   </trkpt>
   <trkpt lat="-26.3762260" lon="-51.0994590">
    <ele>928.3</ele>
   </trkpt>
   <trkpt lat="-26.3761520" lon="-51.0995070">
    <ele>927.3</ele>
   </trkpt>
   <trkpt lat="-26.3760560" lon="-51.0995920">
    <ele>925.4</ele>
   </trkpt>
   <trkpt lat="-26.3760010" lon="-51.0996660">
    <ele>924.0</ele>
   </trkpt>
   <trkpt lat="-26.3759550" lon="-51.0997700">
    <ele>922.1</ele>
   </trkpt>
   <trkpt lat="-26.3759380" lon="-51.0998850">
    <ele>920.2</ele>
   </trkpt>
   <trkpt lat="-26.3759410" lon="-51.1000130">
    <ele>918.0</ele>
   </trkpt>
   <trkpt lat="-26.3759580" lon="-51.1001800">
    <ele>915.3</ele>
   </trkpt>
   <trkpt lat="-26.3759730" lon="-51.1003020">
    <ele>913.6</ele>
   </trkpt>
   <trkpt lat="-26.3759950" lon="-51.1004550">
    <ele>911.6</ele>
   </trkpt>
   <trkpt lat="-26.3760280" lon="-51.1006380">
    <ele>910.3</ele>
   </trkpt>
   <trkpt lat="-26.3760570" lon="-51.1007960">
    <ele>910.1</ele>
   </trkpt>
   <trkpt lat="-26.3760730" lon="-51.1009150">
    <ele>910.2</ele>
   </trkpt>
   <trkpt lat="-26.3760840" lon="-51.1010590">
    <ele>910.3</ele>
   </trkpt>
   <trkpt lat="-26.3760820" lon="-51.1011960">
    <ele>910.3</ele>
   </trkpt>
   <trkpt lat="-26.3760650" lon="-51.1013540">
    <ele>909.9</ele>
   </trkpt>
   <trkpt lat="-26.3760450" lon="-51.1014810">
    <ele>909.4</ele>
   </trkpt>
   <trkpt lat="-26.3760300" lon="-51.1016050">
    <ele>908.9</ele>
   </trkpt>
   <trkpt lat="-26.3760220" lon="-51.1017060">
    <ele>908.6</ele>
   </trkpt>
   <trkpt lat="-26.3760120" lon="-51.1018280">
    <ele>908.2</ele>
   </trkpt>
   <trkpt lat="-26.3760020" lon="-51.1019720">
    <ele>907.7</ele>
   </trkpt>
   <trkpt lat="-26.3759940" lon="-51.1020710">
    <ele>907.5</ele>
   </trkpt>
   <trkpt lat="-26.3759820" lon="-51.1021930">
    <ele>907.3</ele>
   </trkpt>
   <trkpt lat="-26.3759710" lon="-51.1023140">
    <ele>907.2</ele>
   </trkpt>
   <trkpt lat="-26.3759580" lon="-51.1024340">
    <ele>907.1</ele>
   </trkpt>
   <trkpt lat="-26.3759400" lon="-51.1025480">
    <ele>906.9</ele>
   </trkpt>
   <trkpt lat="-26.3759160" lon="-51.1026570">
    <ele>906.5</ele>
   </trkpt>
   <trkpt lat="-26.3758820" lon="-51.1027650">
    <ele>906.1</ele>
   </trkpt>
   <trkpt lat="-26.3758320" lon="-51.1028640">
    <ele>905.6</ele>
   </trkpt>
   <trkpt lat="-26.3757600" lon="-51.1029500">
    <ele>904.9</ele>
   </trkpt>
   <trkpt lat="-26.3756810" lon="-51.1030190">
    <ele>904.4</ele>
   </trkpt>
   <trkpt lat="-26.3755890" lon="-51.1030740">
    <ele>904.2</ele>
   </trkpt>
   <trkpt lat="-26.3754940" lon="-51.1031160">
    <ele>904.2</ele>
   </trkpt>
   <trkpt lat="-26.3753990" lon="-51.1031550">
    <ele>904.4</ele>
   </trkpt>
   <trkpt lat="-26.3753090" lon="-51.1032010">
    <ele>904.8</ele>
   </trkpt>
   <trkpt lat="-26.3752280" lon="-51.1032450">
    <ele>905.2</ele>
   </trkpt>
   <trkpt lat="-26.3751500" lon="-51.1032920">
    <ele>905.8</ele>
   </trkpt>
   <trkpt lat="-26.3750800" lon="-51.1033420">
    <ele>906.3</ele>
   </trkpt>
   <trkpt lat="-26.3750170" lon="-51.1033950">
    <ele>906.4</ele>
   </trkpt>
   <trkpt lat="-26.3749600" lon="-51.1034460">
    <ele>906.5</ele>
   </trkpt>
   <trkpt lat="-26.3749040" lon="-51.1035120">
    <ele>907.7</ele>
   </trkpt>
   <trkpt lat="-26.3748730" lon="-51.1035720">
    <ele>908.4</ele>
   </trkpt>
   <trkpt lat="-26.3748620" lon="-51.1036210">
    <ele>908.9</ele>
   </trkpt>
   <trkpt lat="-26.3748660" lon="-51.1036630">
    <ele>909.4</ele>
   </trkpt>
   <trkpt lat="-26.3748790" lon="-51.1037070">
    <ele>909.8</ele>
   </trkpt>
   <trkpt lat="-26.3749010" lon="-51.1037400">
    <ele>910.2</ele>
   </trkpt>
   <trkpt lat="-26.3749280" lon="-51.1037720">
    <ele>910.6</ele>
   </trkpt>
   <trkpt lat="-26.3749480" lon="-51.1037910">
    <ele>910.8</ele>
   </trkpt>
   <trkpt lat="-26.3749730" lon="-51.1038140">
    <ele>911.1</ele>
   </trkpt>
   <trkpt lat="-26.3749970" lon="-51.1038370">
    <ele>911.4</ele>
   </trkpt>
   <trkpt lat="-26.3750210" lon="-51.1038720">
    <ele>911.7</ele>
   </trkpt>
   <trkpt lat="-26.3750450" lon="-51.1039020">
    <ele>912.0</ele>
   </trkpt>
   <trkpt lat="-26.3750650" lon="-51.1039270">
    <ele>912.3</ele>
   </trkpt>
   <trkpt lat="-26.3750870" lon="-51.1039580">
    <ele>912.6</ele>
   </trkpt>
   <trkpt lat="-26.3751080" lon="-51.1039950">
    <ele>912.9</ele>
   </trkpt>
   <trkpt lat="-26.3751310" lon="-51.1040240">
    <ele>913.1</ele>
   </trkpt>
   <trkpt lat="-26.3751490" lon="-51.1040510">
    <ele>913.4</ele>
   </trkpt>
   <trkpt lat="-26.3751640" lon="-51.1040770">
    <ele>913.5</ele>
   </trkpt>
   <trkpt lat="-26.3751780" lon="-51.1041100">
    <ele>913.7</ele>
   </trkpt>
   <trkpt lat="-26.3751960" lon="-51.1041470">
    <ele>913.9</ele>
   </trkpt>
   <trkpt lat="-26.3752270" lon="-51.1042000">
    <ele>914.1</ele>
   </trkpt>
   <trkpt lat="-26.3752620" lon="-51.1042480">
    <ele>914.3</ele>
   </trkpt>
   <trkpt lat="-26.3753020" lon="-51.1042960">
    <ele>914.4</ele>
   </trkpt>
   <trkpt lat="-26.3753310" lon="-51.1043350">
    <ele>914.5</ele>
   </trkpt>
   <trkpt lat="-26.3753620" lon="-51.1043820">
    <ele>914.5</ele>
   </trkpt>
   <trkpt lat="-26.3754000" lon="-51.1044370">
    <ele>914.6</ele>
   </trkpt>
   <trkpt lat="-26.3754370" lon="-51.1044810">
    <ele>914.7</ele>
   </trkpt>
   <trkpt lat="-26.3754740" lon="-51.1045290">
    <ele>914.8</ele>
   </trkpt>
   <trkpt lat="-26.3755070" lon="-51.1045610">
    <ele>914.8</ele>
   </trkpt>
   <trkpt lat="-26.3755490" lon="-51.1046050">
    <ele>914.8</ele>
   </trkpt>
   <trkpt lat="-26.3755770" lon="-51.1046400">
    <ele>914.8</ele>
   </trkpt>
   <trkpt lat="-26.3756100" lon="-51.1046830">
    <ele>914.7</ele>
   </trkpt>
   <trkpt lat="-26.3756440" lon="-51.1047370">
    <ele>914.5</ele>
   </trkpt>
   <trkpt lat="-26.3756720" lon="-51.1047920">
    <ele>914.2</ele>
   </trkpt>
   <trkpt lat="-26.3756860" lon="-51.1048600">
    <ele>913.6</ele>
   </trkpt>
   <trkpt lat="-26.3756790" lon="-51.1049290">
    <ele>913.1</ele>
   </trkpt>
   <trkpt lat="-26.3756480" lon="-51.1049950">
    <ele>912.7</ele>
   </trkpt>
   <trkpt lat="-26.3755880" lon="-51.1050500">
    <ele>912.4</ele>
   </trkpt>
   <trkpt lat="-26.3755260" lon="-51.1050780">
    <ele>912.3</ele>
   </trkpt>
   <trkpt lat="-26.3754300" lon="-51.1050880">
    <ele>913.2</ele>
   </trkpt>
   <trkpt lat="-26.3753490" lon="-51.1050910">
    <ele>914.2</ele>
   </trkpt>
   <trkpt lat="-26.3752850" lon="-51.1051020">
    <ele>914.9</ele>
   </trkpt>
   <trkpt lat="-26.3752420" lon="-51.1051300">
    <ele>915.4</ele>
   </trkpt>
   <trkpt lat="-26.3752060" lon="-51.1051670">
    <ele>915.9</ele>
   </trkpt>
   <trkpt lat="-26.3751650" lon="-51.1052220">
    <ele>916.4</ele>
   </trkpt>
   <trkpt lat="-26.3751250" lon="-51.1052860">
    <ele>917.0</ele>
   </trkpt>
   <trkpt lat="-26.3750980" lon="-51.1053360">
    <ele>917.4</ele>
   </trkpt>
   <trkpt lat="-26.3750710" lon="-51.1053860">
    <ele>917.8</ele>
   </trkpt>
   <trkpt lat="-26.3750510" lon="-51.1054240">
    <ele>918.3</ele>
   </trkpt>
   <trkpt lat="-26.3750280" lon="-51.1054680">
    <ele>918.9</ele>
   </trkpt>
   <trkpt lat="-26.3750020" lon="-51.1055100">
    <ele>919.5</ele>
   </trkpt>
   <trkpt lat="-26.3749790" lon="-51.1055420">
    <ele>920.0</ele>
   </trkpt>
   <trkpt lat="-26.3749570" lon="-51.1055720">
    <ele>920.5</ele>
   </trkpt>
   <trkpt lat="-26.3749340" lon="-51.1055950">
    <ele>921.0</ele>
   </trkpt>
   <trkpt lat="-26.3748980" lon="-51.1056270">
    <ele>921.6</ele>
   </trkpt>
   <trkpt lat="-26.3748710" lon="-51.1056530">
    <ele>922.1</ele>
   </trkpt>
   <trkpt lat="-26.3748450" lon="-51.1056790">
    <ele>922.5</ele>
   </trkpt>
   <trkpt lat="-26.3748200" lon="-51.1057080">
    <ele>922.9</ele>
   </trkpt>
   <trkpt lat="-26.3748020" lon="-51.1057310">
    <ele>923.1</ele>
   </trkpt>
   <trkpt lat="-26.3747850" lon="-51.1057610">
    <ele>923.4</ele>
   </trkpt>
   <trkpt lat="-26.3747630" lon="-51.1058020">
    <ele>923.7</ele>
   </trkpt>
   <trkpt lat="-26.3747440" lon="-51.1058430">
    <ele>923.9</ele>
   </trkpt>
   <trkpt lat="-26.3747250" lon="-51.1058900">
    <ele>924.0</ele>
   </trkpt>
   <trkpt lat="-26.3747120" lon="-51.1059300">
    <ele>924.1</ele>
   </trkpt>
   <trkpt lat="-26.3746950" lon="-51.1059820">
    <ele>924.1</ele>
   </trkpt>
   <trkpt lat="-26.3746700" lon="-51.1060430">
    <ele>924.1</ele>
   </trkpt>
   <trkpt lat="-26.3746430" lon="-51.1060920">
    <ele>924.1</ele>
   </trkpt>
   <trkpt lat="-26.3746130" lon="-51.1061370">
    <ele>924.1</ele>
   </trkpt>
   <trkpt lat="-26.3745870" lon="-51.1061710">
    <ele>924.1</ele>
   </trkpt>
   <trkpt lat="-26.3745490" lon="-51.1062090">
    <ele>924.1</ele>
   </trkpt>
   <trkpt lat="-26.3744940" lon="-51.1062470">
    <ele>924.1</ele>
   </trkpt>
   <trkpt lat="-26.3744450" lon="-51.1062750">
    <ele>924.2</ele>
   </trkpt>
   <trkpt lat="-26.3743940" lon="-51.1062980">
    <ele>924.3</ele>
   </trkpt>
   <trkpt lat="-26.3743520" lon="-51.1063150">
    <ele>924.4</ele>
   </trkpt>
   <trkpt lat="-26.3742990" lon="-51.1063360">
    <ele>924.5</ele>
   </trkpt>
   <trkpt lat="-26.3742380" lon="-51.1063650">
    <ele>924.7</ele>
   </trkpt>
   <trkpt lat="-26.3741860" lon="-51.1063940">
    <ele>924.9</ele>
   </trkpt>
   <trkpt lat="-26.3741340" lon="-51.1064310">
    <ele>925.1</ele>
   </trkpt>
   <trkpt lat="-26.3740940" lon="-51.1064640">
    <ele>925.4</ele>
   </trkpt>
   <trkpt lat="-26.3740480" lon="-51.1065110">
    <ele>925.7</ele>
   </trkpt>
   <trkpt lat="-26.3739960" lon="-51.1065680">
    <ele>926.2</ele>
   </trkpt>
   <trkpt lat="-26.3739590" lon="-51.1066140">
    <ele>926.6</ele>
   </trkpt>
   <trkpt lat="-26.3739220" lon="-51.1066580">
    <ele>927.0</ele>
   </trkpt>
   <trkpt lat="-26.3738910" lon="-51.1066940">
    <ele>927.3</ele>
   </trkpt>
   <trkpt lat="-26.3738500" lon="-51.1067390">
    <ele>927.7</ele>
   </trkpt>
   <trkpt lat="-26.3738020" lon="-51.1067960">
    <ele>928.4</ele>
   </trkpt>
   <trkpt lat="-26.3737660" lon="-51.1068460">
    <ele>929.0</ele>
   </trkpt>
   <trkpt lat="-26.3737330" lon="-51.1068980">
    <ele>929.5</ele>
   </trkpt>
   <trkpt lat="-26.3737090" lon="-51.1069370">
    <ele>929.7</ele>
   </trkpt>
   <trkpt lat="-26.3736780" lon="-51.1069960">
    <ele>929.9</ele>
   </trkpt>
   <trkpt lat="-26.3736540" lon="-51.1070430">
    <ele>929.8</ele>
   </trkpt>
   <trkpt lat="-26.3736300" lon="-51.1070940">
    <ele>929.7</ele>
   </trkpt>
   <trkpt lat="-26.3736020" lon="-51.1071460">
    <ele>929.3</ele>
   </trkpt>
   <trkpt lat="-26.3735700" lon="-51.1072040">
    <ele>928.9</ele>
   </trkpt>
   <trkpt lat="-26.3735390" lon="-51.1072670">
    <ele>928.5</ele>
   </trkpt>
   <trkpt lat="-26.3735060" lon="-51.1073380">
    <ele>928.1</ele>
   </trkpt>
   <trkpt lat="-26.3734680" lon="-51.1074120">
    <ele>927.7</ele>
   </trkpt>
   <trkpt lat="-26.3734280" lon="-51.1074870">
    <ele>927.4</ele>
   </trkpt>
   <trkpt lat="-26.3733950" lon="-51.1075490">
    <ele>927.2</ele>
   </trkpt>
   <trkpt lat="-26.3733480" lon="-51.1076400">
    <ele>926.9</ele>
   </trkpt>
   <trkpt lat="-26.3733090" lon="-51.1077160">
    <ele>926.7</ele>
   </trkpt>
   <trkpt lat="-26.3732690" lon="-51.1077920">
    <ele>926.5</ele>
   </trkpt>
   <trkpt lat="-26.3732340" lon="-51.1078540">
    <ele>926.3</ele>
   </trkpt>
   <trkpt lat="-26.3731920" lon="-51.1079310">
    <ele>926.2</ele>
   </trkpt>
   <trkpt lat="-26.3731410" lon="-51.1080210">
    <ele>926.0</ele>
   </trkpt>
   <trkpt lat="-26.3731000" lon="-51.1080960">
    <ele>926.0</ele>
   </trkpt>
   <trkpt lat="-26.3730610" lon="-51.1081760">
    <ele>926.0</ele>
   </trkpt>
   <trkpt lat="-26.3730320" lon="-51.1082420">
    <ele>926.1</ele>
   </trkpt>
   <trkpt lat="-26.3729970" lon="-51.1083190">
    <ele>926.1</ele>
   </trkpt>
   <trkpt lat="-26.3729540" lon="-51.1084070">
    <ele>926.3</ele>
   </trkpt>
   <trkpt lat="-26.3729200" lon="-51.1084780">
    <ele>926.5</ele>
   </trkpt>
   <trkpt lat="-26.3728860" lon="-51.1085470">
    <ele>926.8</ele>
   </trkpt>
   <trkpt lat="-26.3728510" lon="-51.1086150">
    <ele>927.0</ele>
   </trkpt>
   <trkpt lat="-26.3728250" lon="-51.1086700">
    <ele>927.2</ele>
   </trkpt>
   <trkpt lat="-26.3727900" lon="-51.1087500">
    <ele>927.4</ele>
   </trkpt>
   <trkpt lat="-26.3727690" lon="-51.1088090">
    <ele>927.5</ele>
   </trkpt>
   <trkpt lat="-26.3727440" lon="-51.1088650">
    <ele>927.5</ele>
   </trkpt>
   <trkpt lat="-26.3727070" lon="-51.1089220">
    <ele>927.4</ele>
   </trkpt>
   <trkpt lat="-26.3726620" lon="-51.1089800">
    <ele>927.2</ele>
   </trkpt>
   <trkpt lat="-26.3726120" lon="-51.1090440">
    <ele>927.1</ele>
   </trkpt>
   <trkpt lat="-26.3725660" lon="-51.1091110">
    <ele>927.1</ele>
   </trkpt>
   <trkpt lat="-26.3725310" lon="-51.1091610">
    <ele>927.2</ele>
   </trkpt>
   <trkpt lat="-26.3724810" lon="-51.1092390">
    <ele>927.5</ele>
   </trkpt>
   <trkpt lat="-26.3724480" lon="-51.1092900">
    <ele>927.8</ele>
   </trkpt>
   <trkpt lat="-26.3724000" lon="-51.1093660">
    <ele>928.2</ele>
   </trkpt>
   <trkpt lat="-26.3723630" lon="-51.1094220">
    <ele>928.4</ele>
   </trkpt>
   <trkpt lat="-26.3723350" lon="-51.1094650">
    <ele>928.3</ele>
   </trkpt>
   <trkpt lat="-26.3723040" lon="-51.1095150">
    <ele>927.9</ele>
   </trkpt>
   <trkpt lat="-26.3722630" lon="-51.1095800">
    <ele>927.0</ele>
   </trkpt>
   <trkpt lat="-26.3722240" lon="-51.1096380">
    <ele>926.1</ele>
   </trkpt>
   <trkpt lat="-26.3721820" lon="-51.1097030">
    <ele>925.0</ele>
   </trkpt>
   <trkpt lat="-26.3721450" lon="-51.1097620">
    <ele>924.3</ele>
   </trkpt>
   <trkpt lat="-26.3720970" lon="-51.1098420">
    <ele>923.7</ele>
   </trkpt>
   <trkpt lat="-26.3720380" lon="-51.1099410">
    <ele>923.3</ele>
   </trkpt>
   <trkpt lat="-26.3719910" lon="-51.1100290">
    <ele>923.4</ele>
   </trkpt>
   <trkpt lat="-26.3719510" lon="-51.1101180">
    <ele>923.7</ele>
   </trkpt>
   <trkpt lat="-26.3719150" lon="-51.1102080">
    <ele>924.3</ele>
   </trkpt>
   <trkpt lat="-26.3718920" lon="-51.1102710">
    <ele>924.8</ele>
   </trkpt>
   <trkpt lat="-26.3718540" lon="-51.1103570">
    <ele>925.8</ele>
   </trkpt>
   <trkpt lat="-26.3718140" lon="-51.1104150">
    <ele>926.6</ele>
   </trkpt>
   <trkpt lat="-26.3717710" lon="-51.1104650">
    <ele>927.4</ele>
   </trkpt>
   <trkpt lat="-26.3717350" lon="-51.1105020">
    <ele>928.0</ele>
   </trkpt>
   <trkpt lat="-26.3716940" lon="-51.1105450">
    <ele>928.7</ele>
   </trkpt>
   <trkpt lat="-26.3716450" lon="-51.1105930">
    <ele>929.5</ele>
   </trkpt>
   <trkpt lat="-26.3716090" lon="-51.1106320">
    <ele>930.1</ele>
   </trkpt>
   <trkpt lat="-26.3715730" lon="-51.1106720">
    <ele>930.7</ele>
   </trkpt>
   <trkpt lat="-26.3715350" lon="-51.1107120">
    <ele>931.2</ele>
   </trkpt>
   <trkpt lat="-26.3714990" lon="-51.1107520">
    <ele>931.7</ele>
   </trkpt>
   <trkpt lat="-26.3714670" lon="-51.1107970">
    <ele>932.2</ele>
   </trkpt>
   <trkpt lat="-26.3714360" lon="-51.1108460">
    <ele>932.6</ele>
   </trkpt>
   <trkpt lat="-26.3714090" lon="-51.1108930">
    <ele>932.9</ele>
   </trkpt>
   <trkpt lat="-26.3713940" lon="-51.1109320">
    <ele>933.1</ele>
   </trkpt>
   <trkpt lat="-26.3713780" lon="-51.1109940">
    <ele>933.3</ele>
   </trkpt>
   <trkpt lat="-26.3713640" lon="-51.1110480">
    <ele>933.5</ele>
   </trkpt>
   <trkpt lat="-26.3713500" lon="-51.1111050">
    <ele>933.6</ele>
   </trkpt>
   <trkpt lat="-26.3713390" lon="-51.1111500">
    <ele>933.7</ele>
   </trkpt>
   <trkpt lat="-26.3713240" lon="-51.1112090">
    <ele>933.8</ele>
   </trkpt>
   <trkpt lat="-26.3713080" lon="-51.1112810">
    <ele>934.0</ele>
   </trkpt>
   <trkpt lat="-26.3712940" lon="-51.1113420">
    <ele>934.3</ele>
   </trkpt>
   <trkpt lat="-26.3712810" lon="-51.1114030">
    <ele>934.6</ele>
   </trkpt>
   <trkpt lat="-26.3712680" lon="-51.1114640">
    <ele>934.9</ele>
   </trkpt>
   <trkpt lat="-26.3712530" lon="-51.1115250">
    <ele>935.3</ele>
   </trkpt>
   <trkpt lat="-26.3712370" lon="-51.1115860">
    <ele>935.7</ele>
   </trkpt>
   <trkpt lat="-26.3712180" lon="-51.1116460">
    <ele>936.2</ele>
   </trkpt>
   <trkpt lat="-26.3712000" lon="-51.1117070">
    <ele>936.7</ele>
   </trkpt>
   <trkpt lat="-26.3711860" lon="-51.1117560">
    <ele>937.2</ele>
   </trkpt>
   <trkpt lat="-26.3711700" lon="-51.1118150">
    <ele>937.8</ele>
   </trkpt>
   <trkpt lat="-26.3711530" lon="-51.1118850">
    <ele>938.7</ele>
   </trkpt>
   <trkpt lat="-26.3711380" lon="-51.1119370">
    <ele>939.5</ele>
   </trkpt>
   <trkpt lat="-26.3711300" lon="-51.1119760">
    <ele>940.1</ele>
   </trkpt>
   <trkpt lat="-26.3711190" lon="-51.1120270">
    <ele>940.9</ele>
   </trkpt>
   <trkpt lat="-26.3711080" lon="-51.1120770">
    <ele>941.6</ele>
   </trkpt>
   <trkpt lat="-26.3710960" lon="-51.1121370">
    <ele>942.5</ele>
   </trkpt>
   <trkpt lat="-26.3710920" lon="-51.1121770">
    <ele>943.0</ele>
   </trkpt>
   <trkpt lat="-26.3710860" lon="-51.1122410">
    <ele>943.8</ele>
   </trkpt>
   <trkpt lat="-26.3710810" lon="-51.1122820">
    <ele>944.4</ele>
   </trkpt>
   <trkpt lat="-26.3710730" lon="-51.1123350">
    <ele>945.1</ele>
   </trkpt>
   <trkpt lat="-26.3710670" lon="-51.1124000">
    <ele>946.0</ele>
   </trkpt>
   <trkpt lat="-26.3710630" lon="-51.1124570">
    <ele>946.7</ele>
   </trkpt>
   <trkpt lat="-26.3710560" lon="-51.1125130">
    <ele>947.3</ele>
   </trkpt>
   <trkpt lat="-26.3710470" lon="-51.1125720">
    <ele>947.9</ele>
   </trkpt>
   <trkpt lat="-26.3710390" lon="-51.1126250">
    <ele>948.4</ele>
   </trkpt>
   <trkpt lat="-26.3710320" lon="-51.1126750">
    <ele>948.7</ele>
   </trkpt>
   <trkpt lat="-26.3710240" lon="-51.1127250">
    <ele>948.9</ele>
   </trkpt>
   <trkpt lat="-26.3710140" lon="-51.1127730">
    <ele>949.0</ele>
   </trkpt>
   <trkpt lat="-26.3710040" lon="-51.1128210">
    <ele>949.1</ele>
   </trkpt>
   <trkpt lat="-26.3709970" lon="-51.1128700">
    <ele>949.0</ele>
   </trkpt>
   <trkpt lat="-26.3709920" lon="-51.1129230">
    <ele>948.9</ele>
   </trkpt>
   <trkpt lat="-26.3709830" lon="-51.1129780">
    <ele>948.7</ele>
   </trkpt>
   <trkpt lat="-26.3709730" lon="-51.1130360">
    <ele>948.5</ele>
   </trkpt>
   <trkpt lat="-26.3709660" lon="-51.1130960">
    <ele>948.3</ele>
   </trkpt>
   <trkpt lat="-26.3709600" lon="-51.1131580">
    <ele>948.1</ele>
   </trkpt>
   <trkpt lat="-26.3709510" lon="-51.1132200">
    <ele>947.9</ele>
   </trkpt>
   <trkpt lat="-26.3709380" lon="-51.1132830">
    <ele>947.5</ele>
   </trkpt>
   <trkpt lat="-26.3709250" lon="-51.1133480">
    <ele>947.1</ele>
   </trkpt>
   <trkpt lat="-26.3709120" lon="-51.1134170">
    <ele>946.6</ele>
   </trkpt>
   <trkpt lat="-26.3709000" lon="-51.1134900">
    <ele>946.0</ele>
   </trkpt>
   <trkpt lat="-26.3708880" lon="-51.1135680">
    <ele>945.5</ele>
   </trkpt>
   <trkpt lat="-26.3708770" lon="-51.1136480">
    <ele>944.9</ele>
   </trkpt>
   <trkpt lat="-26.3708650" lon="-51.1137290">
    <ele>944.4</ele>
   </trkpt>
   <trkpt lat="-26.3708570" lon="-51.1137950">
    <ele>944.0</ele>
   </trkpt>
   <trkpt lat="-26.3708460" lon="-51.1138940">
    <ele>943.5</ele>
   </trkpt>
   <trkpt lat="-26.3708390" lon="-51.1139780">
    <ele>943.2</ele>
   </trkpt>
   <trkpt lat="-26.3708300" lon="-51.1140620">
    <ele>942.8</ele>
   </trkpt>
   <trkpt lat="-26.3708220" lon="-51.1141480">
    <ele>942.6</ele>
   </trkpt>
   <trkpt lat="-26.3708110" lon="-51.1142340">
    <ele>942.4</ele>
   </trkpt>
   <trkpt lat="-26.3708010" lon="-51.1143020">
    <ele>942.2</ele>
   </trkpt>
   <trkpt lat="-26.3707750" lon="-51.1143980">
    <ele>942.1</ele>
   </trkpt>
   <trkpt lat="-26.3707460" lon="-51.1144770">
    <ele>941.9</ele>
   </trkpt>
   <trkpt lat="-26.3707140" lon="-51.1145550">
    <ele>941.8</ele>
   </trkpt>
   <trkpt lat="-26.3706760" lon="-51.1146280">
    <ele>941.7</ele>
   </trkpt>
   <trkpt lat="-26.3706290" lon="-51.1146950">
    <ele>941.7</ele>
   </trkpt>
   <trkpt lat="-26.3705800" lon="-51.1147590">
    <ele>941.8</ele>
   </trkpt>
   <trkpt lat="-26.3705320" lon="-51.1148220">
    <ele>942.0</ele>
   </trkpt>
   <trkpt lat="-26.3704890" lon="-51.1148840">
    <ele>942.2</ele>
   </trkpt>
   <trkpt lat="-26.3704490" lon="-51.1149500">
    <ele>942.5</ele>
   </trkpt>
   <trkpt lat="-26.3704150" lon="-51.1150190">
    <ele>942.8</ele>
   </trkpt>
   <trkpt lat="-26.3703890" lon="-51.1150870">
    <ele>943.0</ele>
   </trkpt>
   <trkpt lat="-26.3703640" lon="-51.1151530">
    <ele>943.2</ele>
   </trkpt>
   <trkpt lat="-26.3703380" lon="-51.1152170">
    <ele>943.4</ele>
   </trkpt>
   <trkpt lat="-26.3703140" lon="-51.1152700">
    <ele>943.5</ele>
   </trkpt>
   <trkpt lat="-26.3702660" lon="-51.1153470">
    <ele>943.8</ele>
   </trkpt>
   <trkpt lat="-26.3702170" lon="-51.1154080">
    <ele>944.1</ele>
   </trkpt>
   <trkpt lat="-26.3701650" lon="-51.1154620">
    <ele>944.4</ele>
   </trkpt>
   <trkpt lat="-26.3701130" lon="-51.1155100">
    <ele>944.8</ele>
   </trkpt>
   <trkpt lat="-26.3700570" lon="-51.1155550">
    <ele>945.3</ele>
   </trkpt>
   <trkpt lat="-26.3700020" lon="-51.1155910">
    <ele>945.7</ele>
   </trkpt>
   <trkpt lat="-26.3699510" lon="-51.1156220">
    <ele>946.2</ele>
   </trkpt>
   <trkpt lat="-26.3699010" lon="-51.1156500">
    <ele>946.7</ele>
   </trkpt>
   <trkpt lat="-26.3698540" lon="-51.1156810">
    <ele>947.2</ele>
   </trkpt>
   <trkpt lat="-26.3698210" lon="-51.1157060">
    <ele>947.6</ele>
   </trkpt>
   <trkpt lat="-26.3697770" lon="-51.1157550">
    <ele>948.2</ele>
   </trkpt>
   <trkpt lat="-26.3697450" lon="-51.1158070">
    <ele>948.7</ele>
   </trkpt>
   <trkpt lat="-26.3697190" lon="-51.1158670">
    <ele>949.3</ele>
   </trkpt>
   <trkpt lat="-26.3696940" lon="-51.1159310">
    <ele>949.7</ele>
   </trkpt>
   <trkpt lat="-26.3696760" lon="-51.1159960">
    <ele>950.1</ele>
   </trkpt>
   <trkpt lat="-26.3696660" lon="-51.1160620">
    <ele>949.8</ele>
   </trkpt>
   <trkpt lat="-26.3696570" lon="-51.1161270">
    <ele>949.3</ele>
   </trkpt>
   <trkpt lat="-26.3696520" lon="-51.1162000">
    <ele>948.8</ele>
   </trkpt>
   <trkpt lat="-26.3696530" lon="-51.1162650">
    <ele>948.3</ele>
   </trkpt>
   <trkpt lat="-26.3696590" lon="-51.1163700">
    <ele>947.6</ele>
   </trkpt>
   <trkpt lat="-26.3696690" lon="-51.1164630">
    <ele>947.0</ele>
   </trkpt>
   <trkpt lat="-26.3696760" lon="-51.1165530">
    <ele>946.6</ele>
   </trkpt>
   <trkpt lat="-26.3696790" lon="-51.1166440">
    <ele>946.4</ele>
   </trkpt>
   <trkpt lat="-26.3696790" lon="-51.1167400">
    <ele>946.1</ele>
   </trkpt>
   <trkpt lat="-26.3696720" lon="-51.1168350">
    <ele>945.9</ele>
   </trkpt>
   <trkpt lat="-26.3696610" lon="-51.1169300">
    <ele>945.5</ele>
   </trkpt>
   <trkpt lat="-26.3696500" lon="-51.1170270">
    <ele>945.0</ele>
   </trkpt>
   <trkpt lat="-26.3696340" lon="-51.1171280">
    <ele>944.5</ele>
   </trkpt>
   <trkpt lat="-26.3696170" lon="-51.1172080">
    <ele>944.2</ele>
   </trkpt>
   <trkpt lat="-26.3695900" lon="-51.1173280">
    <ele>943.9</ele>
   </trkpt>
   <trkpt lat="-26.3695670" lon="-51.1174250">
    <ele>943.7</ele>
   </trkpt>
   <trkpt lat="-26.3695440" lon="-51.1175200">
    <ele>943.7</ele>
   </trkpt>
   <trkpt lat="-26.3695260" lon="-51.1175930">
    <ele>943.6</ele>
   </trkpt>
   <trkpt lat="-26.3695020" lon="-51.1176850">
    <ele>943.6</ele>
   </trkpt>
   <trkpt lat="-26.3694770" lon="-51.1177790">
    <ele>943.7</ele>
   </trkpt>
   <trkpt lat="-26.3694530" lon="-51.1178750">
    <ele>943.8</ele>
   </trkpt>
   <trkpt lat="-26.3694280" lon="-51.1179730">
    <ele>943.9</ele>
   </trkpt>
   <trkpt lat="-26.3694020" lon="-51.1180690">
    <ele>944.0</ele>
   </trkpt>
   <trkpt lat="-26.3693680" lon="-51.1181840">
    <ele>944.3</ele>
   </trkpt>
   <trkpt lat="-26.3693380" lon="-51.1182820">
    <ele>944.6</ele>
   </trkpt>
   <trkpt lat="-26.3693090" lon="-51.1183770">
    <ele>945.0</ele>
   </trkpt>
   <trkpt lat="-26.3692830" lon="-51.1184670">
    <ele>945.2</ele>
   </trkpt>
   <trkpt lat="-26.3692600" lon="-51.1185500">
    <ele>945.3</ele>
   </trkpt>
   <trkpt lat="-26.3692360" lon="-51.1186300">
    <ele>945.3</ele>
   </trkpt>
   <trkpt lat="-26.3692100" lon="-51.1187100">
    <ele>945.1</ele>
   </trkpt>
   <trkpt lat="-26.3691810" lon="-51.1187940">
    <ele>944.9</ele>
   </trkpt>
   <trkpt lat="-26.3691530" lon="-51.1188800">
    <ele>944.6</ele>
   </trkpt>
   <trkpt lat="-26.3691250" lon="-51.1189660">
    <ele>944.4</ele>
   </trkpt>
   <trkpt lat="-26.3690930" lon="-51.1190490">
    <ele>944.4</ele>
   </trkpt>
   <trkpt lat="-26.3690560" lon="-51.1191290">
    <ele>944.4</ele>
   </trkpt>
   <trkpt lat="-26.3690170" lon="-51.1192090">
    <ele>944.4</ele>
   </trkpt>
   <trkpt lat="-26.3689790" lon="-51.1192860">
    <ele>944.4</ele>
   </trkpt>
   <trkpt lat="-26.3689390" lon="-51.1193590">
    <ele>944.5</ele>
   </trkpt>
   <trkpt lat="-26.3688990" lon="-51.1194210">
    <ele>944.8</ele>
   </trkpt>
   <trkpt lat="-26.3688650" lon="-51.1194780">
    <ele>945.1</ele>
   </trkpt>
   <trkpt lat="-26.3688350" lon="-51.1195320">
    <ele>945.3</ele>
   </trkpt>
   <trkpt lat="-26.3688060" lon="-51.1195840">
    <ele>945.4</ele>
   </trkpt>
   <trkpt lat="-26.3687820" lon="-51.1196230">
    <ele>945.5</ele>
   </trkpt>
   <trkpt lat="-26.3687530" lon="-51.1196730">
    <ele>945.5</ele>
   </trkpt>
   <trkpt lat="-26.3687130" lon="-51.1197370">
    <ele>945.6</ele>
   </trkpt>
   <trkpt lat="-26.3686740" lon="-51.1197940">
    <ele>945.7</ele>
   </trkpt>
   <trkpt lat="-26.3686420" lon="-51.1198390">
    <ele>945.8</ele>
   </trkpt>
   <trkpt lat="-26.3685910" lon="-51.1199040">
    <ele>946.1</ele>
   </trkpt>
   <trkpt lat="-26.3685590" lon="-51.1199430">
    <ele>946.4</ele>
   </trkpt>
   <trkpt lat="-26.3685220" lon="-51.1199870">
    <ele>946.8</ele>
   </trkpt>
   <trkpt lat="-26.3684820" lon="-51.1200320">
    <ele>947.3</ele>
   </trkpt>
   <trkpt lat="-26.3684510" lon="-51.1200660">
    <ele>947.7</ele>
   </trkpt>
   <trkpt lat="-26.3684270" lon="-51.1200940">
    <ele>948.1</ele>
   </trkpt>
   <trkpt lat="-26.3683980" lon="-51.1201280">
    <ele>948.5</ele>
   </trkpt>
   <trkpt lat="-26.3683670" lon="-51.1201600">
    <ele>949.0</ele>
   </trkpt>
   <trkpt lat="-26.3683330" lon="-51.1201980">
    <ele>949.6</ele>
   </trkpt>
   <trkpt lat="-26.3682910" lon="-51.1202440">
    <ele>950.1</ele>
   </trkpt>
   <trkpt lat="-26.3682660" lon="-51.1202720">
    <ele>950.4</ele>
   </trkpt>
   <trkpt lat="-26.3682330" lon="-51.1203060">
    <ele>950.7</ele>
   </trkpt>
   <trkpt lat="-26.3682000" lon="-51.1203450">
    <ele>950.9</ele>
   </trkpt>
   <trkpt lat="-26.3681650" lon="-51.1203850">
    <ele>951.1</ele>
   </trkpt>
   <trkpt lat="-26.3681310" lon="-51.1204260">
    <ele>951.4</ele>
   </trkpt>
   <trkpt lat="-26.3680950" lon="-51.1204690">
    <ele>951.6</ele>
   </trkpt>
   <trkpt lat="-26.3680640" lon="-51.1205180">
    <ele>951.9</ele>
   </trkpt>
   <trkpt lat="-26.3680320" lon="-51.1205710">
    <ele>952.1</ele>
   </trkpt>
   <trkpt lat="-26.3680070" lon="-51.1206190">
    <ele>952.4</ele>
   </trkpt>
   <trkpt lat="-26.3679830" lon="-51.1206740">
    <ele>952.7</ele>
   </trkpt>
   <trkpt lat="-26.3679740" lon="-51.1207120">
    <ele>953.0</ele>
   </trkpt>
   <trkpt lat="-26.3679680" lon="-51.1207520">
    <ele>953.3</ele>
   </trkpt>
   <trkpt lat="-26.3679620" lon="-51.1207860">
    <ele>953.5</ele>
   </trkpt>
   <trkpt lat="-26.3679560" lon="-51.1208240">
    <ele>953.8</ele>
   </trkpt>
   <trkpt lat="-26.3679510" lon="-51.1208590">
    <ele>954.0</ele>
   </trkpt>
   <trkpt lat="-26.3679430" lon="-51.1208890">
    <ele>954.3</ele>
   </trkpt>
   <trkpt lat="-26.3679410" lon="-51.1209250">
    <ele>954.5</ele>
   </trkpt>
   <trkpt lat="-26.3679450" lon="-51.1209570">
    <ele>954.8</ele>
   </trkpt>
   <trkpt lat="-26.3679480" lon="-51.1210080">
    <ele>955.3</ele>
   </trkpt>
   <trkpt lat="-26.3679480" lon="-51.1210530">
    <ele>955.7</ele>
   </trkpt>
   <trkpt lat="-26.3679510" lon="-51.1211690">
    <ele>956.7</ele>
   </trkpt>
   <trkpt lat="-26.3679600" lon="-51.1212300">
    <ele>957.2</ele>
   </trkpt>
   <trkpt lat="-26.3679690" lon="-51.1212670">
    <ele>957.5</ele>
   </trkpt>
   <trkpt lat="-26.3679830" lon="-51.1213170">
    <ele>957.8</ele>
   </trkpt>
   <trkpt lat="-26.3680050" lon="-51.1213900">
    <ele>958.3</ele>
   </trkpt>
   <trkpt lat="-26.3680240" lon="-51.1214780">
    <ele>958.7</ele>
   </trkpt>
   <trkpt lat="-26.3680390" lon="-51.1215430">
    <ele>959.0</ele>
   </trkpt>
   <trkpt lat="-26.3680640" lon="-51.1215940">
    <ele>959.1</ele>
   </trkpt>
   <trkpt lat="-26.3680810" lon="-51.1216480">
    <ele>959.3</ele>
   </trkpt>
   <trkpt lat="-26.3681020" lon="-51.1217090">
    <ele>959.4</ele>
   </trkpt>
   <trkpt lat="-26.3681320" lon="-51.1217770">
    <ele>959.6</ele>
   </trkpt>
   <trkpt lat="-26.3681560" lon="-51.1218330">
    <ele>959.6</ele>
   </trkpt>
   <trkpt lat="-26.3681790" lon="-51.1218830">
    <ele>959.7</ele>
   </trkpt>
   <trkpt lat="-26.3681900" lon="-51.1219360">
    <ele>959.7</ele>
   </trkpt>
   <trkpt lat="-26.3681980" lon="-51.1219780">
    <ele>959.8</ele>
   </trkpt>
   <trkpt lat="-26.3682110" lon="-51.1220140">
    <ele>959.7</ele>
   </trkpt>
   <trkpt lat="-26.3682240" lon="-51.1220530">
    <ele>959.7</ele>
   </trkpt>
   <trkpt lat="-26.3682300" lon="-51.1220930">
    <ele>959.6</ele>
   </trkpt>
   <trkpt lat="-26.3682530" lon="-51.1221360">
    <ele>959.4</ele>
   </trkpt>
   <trkpt lat="-26.3682670" lon="-51.1221790">
    <ele>959.2</ele>
   </trkpt>
   <trkpt lat="-26.3682870" lon="-51.1222360">
    <ele>958.9</ele>
   </trkpt>
   <trkpt lat="-26.3683060" lon="-51.1222730">
    <ele>958.7</ele>
   </trkpt>
   <trkpt lat="-26.3683280" lon="-51.1223190">
    <ele>958.4</ele>
   </trkpt>
   <trkpt lat="-26.3683450" lon="-51.1223660">
    <ele>958.1</ele>
   </trkpt>
   <trkpt lat="-26.3683640" lon="-51.1224230">
    <ele>957.7</ele>
   </trkpt>
   <trkpt lat="-26.3683870" lon="-51.1224900">
    <ele>957.2</ele>
   </trkpt>
   <trkpt lat="-26.3684170" lon="-51.1225690">
    <ele>956.5</ele>
   </trkpt>
   <trkpt lat="-26.3684610" lon="-51.1226620">
    <ele>955.8</ele>
   </trkpt>
   <trkpt lat="-26.3685040" lon="-51.1227540">
    <ele>955.2</ele>
   </trkpt>
   <trkpt lat="-26.3685320" lon="-51.1228420">
    <ele>954.8</ele>
   </trkpt>
   <trkpt lat="-26.3685530" lon="-51.1229300">
    <ele>954.4</ele>
   </trkpt>
   <trkpt lat="-26.3685740" lon="-51.1230150">
    <ele>953.8</ele>
   </trkpt>
   <trkpt lat="-26.3686020" lon="-51.1230980">
    <ele>953.3</ele>
   </trkpt>
   <trkpt lat="-26.3686190" lon="-51.1231940">
    <ele>952.8</ele>
   </trkpt>
   <trkpt lat="-26.3686310" lon="-51.1233280">
    <ele>952.2</ele>
   </trkpt>
   <trkpt lat="-26.3686240" lon="-51.1234180">
    <ele>951.9</ele>
   </trkpt>
   <trkpt lat="-26.3686210" lon="-51.1234940">
    <ele>951.8</ele>
   </trkpt>
   <trkpt lat="-26.3686170" lon="-51.1235750">
    <ele>951.7</ele>
   </trkpt>
   <trkpt lat="-26.3686110" lon="-51.1236650">
    <ele>951.7</ele>
   </trkpt>
   <trkpt lat="-26.3686270" lon="-51.1237370">
    <ele>951.4</ele>
   </trkpt>
   <trkpt lat="-26.3686430" lon="-51.1238090">
    <ele>951.0</ele>
   </trkpt>
   <trkpt lat="-26.3686700" lon="-51.1238890">
    <ele>950.3</ele>
   </trkpt>
   <trkpt lat="-26.3687030" lon="-51.1239870">
    <ele>949.0</ele>
   </trkpt>
   <trkpt lat="-26.3687460" lon="-51.1241010">
    <ele>947.1</ele>
   </trkpt>
   <trkpt lat="-26.3688040" lon="-51.1242160">
    <ele>945.2</ele>
   </trkpt>
   <trkpt lat="-26.3688760" lon="-51.1243670">
    <ele>942.9</ele>
   </trkpt>
   <trkpt lat="-26.3689360" lon="-51.1245090">
    <ele>941.5</ele>
   </trkpt>
   <trkpt lat="-26.3689860" lon="-51.1246360">
    <ele>940.5</ele>
   </trkpt>
   <trkpt lat="-26.3690390" lon="-51.1247840">
    <ele>939.8</ele>
   </trkpt>
   <trkpt lat="-26.3690950" lon="-51.1249290">
    <ele>939.5</ele>
   </trkpt>
   <trkpt lat="-26.3691610" lon="-51.1250930">
    <ele>939.7</ele>
   </trkpt>
   <trkpt lat="-26.3692060" lon="-51.1252270">
    <ele>939.7</ele>
   </trkpt>
   <trkpt lat="-26.3692490" lon="-51.1253320">
    <ele>939.5</ele>
   </trkpt>
   <trkpt lat="-26.3693130" lon="-51.1254700">
    <ele>939.1</ele>
   </trkpt>
   <trkpt lat="-26.3693710" lon="-51.1255800">
    <ele>938.9</ele>
   </trkpt>
   <trkpt lat="-26.3694320" lon="-51.1256940">
    <ele>938.9</ele>
   </trkpt>
   <trkpt lat="-26.3694670" lon="-51.1257920">
    <ele>939.0</ele>
   </trkpt>
   <trkpt lat="-26.3695200" lon="-51.1259210">
    <ele>938.9</ele>
   </trkpt>
   <trkpt lat="-26.3695500" lon="-51.1260040">
    <ele>938.7</ele>
   </trkpt>
   <trkpt lat="-26.3695840" lon="-51.1261110">
    <ele>938.4</ele>
   </trkpt>
   <trkpt lat="-26.3696240" lon="-51.1262400">
    <ele>938.3</ele>
   </trkpt>
   <trkpt lat="-26.3696560" lon="-51.1263460">
    <ele>938.4</ele>
   </trkpt>
   <trkpt lat="-26.3696920" lon="-51.1264530">
    <ele>938.7</ele>
   </trkpt>
   <trkpt lat="-26.3697250" lon="-51.1265550">
    <ele>939.2</ele>
   </trkpt>
   <trkpt lat="-26.3697590" lon="-51.1266320">
    <ele>939.7</ele>
   </trkpt>
   <trkpt lat="-26.3698040" lon="-51.1267250">
    <ele>940.5</ele>
   </trkpt>
   <trkpt lat="-26.3698570" lon="-51.1268320">
    <ele>941.5</ele>
   </trkpt>
   <trkpt lat="-26.3698970" lon="-51.1268970">
    <ele>942.0</ele>
   </trkpt>
   <trkpt lat="-26.3699450" lon="-51.1269730">
    <ele>942.5</ele>
   </trkpt>
   <trkpt lat="-26.3699890" lon="-51.1270450">
    <ele>942.8</ele>
   </trkpt>
   <trkpt lat="-26.3700300" lon="-51.1271110">
    <ele>942.8</ele>
   </trkpt>
   <trkpt lat="-26.3700860" lon="-51.1271900">
    <ele>942.8</ele>
   </trkpt>
   <trkpt lat="-26.3701310" lon="-51.1272460">
    <ele>942.8</ele>
   </trkpt>
   <trkpt lat="-26.3701850" lon="-51.1273160">
    <ele>942.8</ele>
   </trkpt>
   <trkpt lat="-26.3702390" lon="-51.1273840">
    <ele>942.8</ele>
   </trkpt>
   <trkpt lat="-26.3702960" lon="-51.1274670">
    <ele>942.9</ele>
   </trkpt>
   <trkpt lat="-26.3703400" lon="-51.1275420">
    <ele>942.9</ele>
   </trkpt>
   <trkpt lat="-26.3703720" lon="-51.1276050">
    <ele>943.0</ele>
   </trkpt>
   <trkpt lat="-26.3704080" lon="-51.1276860">
    <ele>943.0</ele>
   </trkpt>
   <trkpt lat="-26.3704370" lon="-51.1277690">
    <ele>943.0</ele>
   </trkpt>
   <trkpt lat="-26.3704510" lon="-51.1278770">
    <ele>943.1</ele>
   </trkpt>
   <trkpt lat="-26.3704340" lon="-51.1279630">
    <ele>943.1</ele>
   </trkpt>
   <trkpt lat="-26.3704080" lon="-51.1280420">
    <ele>943.0</ele>
   </trkpt>
   <trkpt lat="-26.3703750" lon="-51.1280940">
    <ele>943.0</ele>
   </trkpt>
   <trkpt lat="-26.3703260" lon="-51.1281550">
    <ele>943.1</ele>
   </trkpt>
   <trkpt lat="-26.3702620" lon="-51.1282250">
    <ele>943.2</ele>
   </trkpt>
   <trkpt lat="-26.3702230" lon="-51.1282720">
    <ele>943.3</ele>
   </trkpt>
   <trkpt lat="-26.3701810" lon="-51.1283350">
    <ele>943.5</ele>
   </trkpt>
   <trkpt lat="-26.3701470" lon="-51.1284030">
    <ele>943.7</ele>
   </trkpt>
   <trkpt lat="-26.3701190" lon="-51.1284760">
    <ele>944.0</ele>
   </trkpt>
   <trkpt lat="-26.3700930" lon="-51.1285640">
    <ele>944.3</ele>
   </trkpt>
   <trkpt lat="-26.3700780" lon="-51.1286370">
    <ele>944.7</ele>
   </trkpt>
   <trkpt lat="-26.3700630" lon="-51.1287100">
    <ele>945.2</ele>
   </trkpt>
   <trkpt lat="-26.3700500" lon="-51.1287730">
    <ele>945.6</ele>
   </trkpt>
   <trkpt lat="-26.3700370" lon="-51.1288490">
    <ele>946.1</ele>
   </trkpt>
   <trkpt lat="-26.3700200" lon="-51.1289350">
    <ele>946.6</ele>
   </trkpt>
   <trkpt lat="-26.3700060" lon="-51.1289990">
    <ele>946.9</ele>
   </trkpt>
   <trkpt lat="-26.3699900" lon="-51.1290580">
    <ele>947.2</ele>
   </trkpt>
   <trkpt lat="-26.3699770" lon="-51.1291080">
    <ele>947.3</ele>
   </trkpt>
   <trkpt lat="-26.3699600" lon="-51.1291870">
    <ele>947.3</ele>
   </trkpt>
   <trkpt lat="-26.3699510" lon="-51.1292470">
    <ele>947.2</ele>
   </trkpt>
   <trkpt lat="-26.3699400" lon="-51.1293250">
    <ele>947.0</ele>
   </trkpt>
   <trkpt lat="-26.3699250" lon="-51.1294080">
    <ele>946.8</ele>
   </trkpt>
   <trkpt lat="-26.3699000" lon="-51.1294900">
    <ele>946.6</ele>
   </trkpt>
   <trkpt lat="-26.3698640" lon="-51.1295630">
    <ele>946.6</ele>
   </trkpt>
   <trkpt lat="-26.3698170" lon="-51.1296260">
    <ele>946.7</ele>
   </trkpt>
   <trkpt lat="-26.3697600" lon="-51.1296730">
    <ele>946.9</ele>
   </trkpt>
   <trkpt lat="-26.3696960" lon="-51.1297020">
    <ele>947.1</ele>
   </trkpt>
   <trkpt lat="-26.3696300" lon="-51.1297230">
    <ele>947.4</ele>
   </trkpt>
   <trkpt lat="-26.3695700" lon="-51.1297490">
    <ele>947.6</ele>
   </trkpt>
   <trkpt lat="-26.3695190" lon="-51.1297850">
    <ele>947.8</ele>
   </trkpt>
   <trkpt lat="-26.3694780" lon="-51.1298320">
    <ele>948.0</ele>
   </trkpt>
   <trkpt lat="-26.3694470" lon="-51.1298860">
    <ele>948.2</ele>
   </trkpt>
   <trkpt lat="-26.3694320" lon="-51.1299440">
    <ele>948.4</ele>
   </trkpt>
   <trkpt lat="-26.3694290" lon="-51.1300080">
    <ele>948.5</ele>
   </trkpt>
   <trkpt lat="-26.3694350" lon="-51.1300690">
    <ele>948.5</ele>
   </trkpt>
   <trkpt lat="-26.3694500" lon="-51.1301220">
    <ele>948.4</ele>
   </trkpt>
   <trkpt lat="-26.3694710" lon="-51.1301720">
    <ele>948.2</ele>
   </trkpt>
   <trkpt lat="-26.3694950" lon="-51.1302160">
    <ele>947.9</ele>
   </trkpt>
   <trkpt lat="-26.3695230" lon="-51.1302570">
    <ele>947.6</ele>
   </trkpt>
   <trkpt lat="-26.3695550" lon="-51.1303040">
    <ele>947.2</ele>
   </trkpt>
   <trkpt lat="-26.3695800" lon="-51.1303650">
    <ele>946.8</ele>
   </trkpt>
   <trkpt lat="-26.3695930" lon="-51.1304360">
    <ele>946.5</ele>
   </trkpt>
   <trkpt lat="-26.3696010" lon="-51.1305160">
    <ele>946.2</ele>
   </trkpt>
   <trkpt lat="-26.3695990" lon="-51.1306020">
    <ele>946.0</ele>
   </trkpt>
   <trkpt lat="-26.3695900" lon="-51.1306840">
    <ele>946.0</ele>
   </trkpt>
   <trkpt lat="-26.3695720" lon="-51.1307680">
    <ele>946.0</ele>
   </trkpt>
   <trkpt lat="-26.3695410" lon="-51.1308610">
    <ele>946.1</ele>
   </trkpt>
   <trkpt lat="-26.3695010" lon="-51.1309330">
    <ele>946.3</ele>
   </trkpt>
   <trkpt lat="-26.3694620" lon="-51.1309830">
    <ele>946.5</ele>
   </trkpt>
   <trkpt lat="-26.3693950" lon="-51.1310430">
    <ele>946.9</ele>
   </trkpt>
   <trkpt lat="-26.3693430" lon="-51.1310810">
    <ele>947.2</ele>
   </trkpt>
   <trkpt lat="-26.3692610" lon="-51.1311280">
    <ele>947.0</ele>
   </trkpt>
   <trkpt lat="-26.3691970" lon="-51.1311490">
    <ele>947.2</ele>
   </trkpt>
   <trkpt lat="-26.3691220" lon="-51.1311680">
    <ele>948.2</ele>
   </trkpt>
   <trkpt lat="-26.3690570" lon="-51.1311750">
    <ele>949.1</ele>
   </trkpt>
   <trkpt lat="-26.3689970" lon="-51.1311770">
    <ele>949.9</ele>
   </trkpt>
   <trkpt lat="-26.3689440" lon="-51.1311720">
    <ele>950.7</ele>
   </trkpt>
   <trkpt lat="-26.3688980" lon="-51.1311660">
    <ele>951.3</ele>
   </trkpt>
   <trkpt lat="-26.3688570" lon="-51.1311620">
    <ele>951.8</ele>
   </trkpt>
   <trkpt lat="-26.3688210" lon="-51.1311590">
    <ele>952.3</ele>
   </trkpt>
   <trkpt lat="-26.3687870" lon="-51.1311610">
    <ele>952.8</ele>
   </trkpt>
   <trkpt lat="-26.3687540" lon="-51.1311660">
    <ele>953.2</ele>
   </trkpt>
   <trkpt lat="-26.3687250" lon="-51.1311740">
    <ele>953.6</ele>
   </trkpt>
   <trkpt lat="-26.3686980" lon="-51.1311840">
    <ele>954.0</ele>
   </trkpt>
   <trkpt lat="-26.3686710" lon="-51.1311960">
    <ele>954.4</ele>
   </trkpt>
   <trkpt lat="-26.3686420" lon="-51.1312100">
    <ele>954.9</ele>
   </trkpt>
   <trkpt lat="-26.3686050" lon="-51.1312290">
    <ele>955.4</ele>
   </trkpt>
   <trkpt lat="-26.3685780" lon="-51.1312470">
    <ele>955.7</ele>
   </trkpt>
   <trkpt lat="-26.3685570" lon="-51.1312660">
    <ele>956.0</ele>
   </trkpt>
   <trkpt lat="-26.3685290" lon="-51.1312890">
    <ele>956.4</ele>
   </trkpt>
   <trkpt lat="-26.3685030" lon="-51.1313120">
    <ele>956.7</ele>
   </trkpt>
   <trkpt lat="-26.3684780" lon="-51.1313420">
    <ele>957.1</ele>
   </trkpt>
   <trkpt lat="-26.3684540" lon="-51.1313720">
    <ele>957.5</ele>
   </trkpt>
   <trkpt lat="-26.3684340" lon="-51.1313950">
    <ele>957.8</ele>
   </trkpt>
   <trkpt lat="-26.3684160" lon="-51.1314180">
    <ele>958.1</ele>
   </trkpt>
   <trkpt lat="-26.3683970" lon="-51.1314430">
    <ele>958.4</ele>
   </trkpt>
   <trkpt lat="-26.3683750" lon="-51.1314710">
    <ele>958.8</ele>
   </trkpt>
   <trkpt lat="-26.3683570" lon="-51.1314930">
    <ele>959.1</ele>
   </trkpt>
   <trkpt lat="-26.3683410" lon="-51.1315110">
    <ele>959.3</ele>
   </trkpt>
   <trkpt lat="-26.3683220" lon="-51.1315330">
    <ele>959.6</ele>
   </trkpt>
   <trkpt lat="-26.3683080" lon="-51.1315500">
    <ele>959.8</ele>
   </trkpt>
   <trkpt lat="-26.3682970" lon="-51.1315660">
    <ele>960.0</ele>
   </trkpt>
   <trkpt lat="-26.3682850" lon="-51.1315820">
    <ele>960.2</ele>
   </trkpt>
   <trkpt lat="-26.3682700" lon="-51.1316000">
    <ele>960.5</ele>
   </trkpt>
   <trkpt lat="-26.3682540" lon="-51.1316150">
    <ele>960.7</ele>
   </trkpt>
   <trkpt lat="-26.3682360" lon="-51.1316320">
    <ele>961.0</ele>
   </trkpt>
   <trkpt lat="-26.3682150" lon="-51.1316490">
    <ele>961.3</ele>
   </trkpt>
   <trkpt lat="-26.3681880" lon="-51.1316710">
    <ele>961.6</ele>
   </trkpt>
   <trkpt lat="-26.3681660" lon="-51.1316940">
    <ele>962.0</ele>
   </trkpt>
   <trkpt lat="-26.3681500" lon="-51.1317050">
    <ele>962.2</ele>
   </trkpt>
   <trkpt lat="-26.3681260" lon="-51.1317290">
    <ele>962.6</ele>
   </trkpt>
   <trkpt lat="-26.3680990" lon="-51.1317570">
    <ele>962.9</ele>
   </trkpt>
   <trkpt lat="-26.3680800" lon="-51.1317830">
    <ele>963.3</ele>
   </trkpt>
   <trkpt lat="-26.3680610" lon="-51.1318100">
    <ele>963.6</ele>
   </trkpt>
   <trkpt lat="-26.3680470" lon="-51.1318300">
    <ele>963.8</ele>
   </trkpt>
   <trkpt lat="-26.3680310" lon="-51.1318510">
    <ele>964.1</ele>
   </trkpt>
   <trkpt lat="-26.3680170" lon="-51.1318720">
    <ele>964.3</ele>
   </trkpt>
   <trkpt lat="-26.3679960" lon="-51.1318940">
    <ele>964.7</ele>
   </trkpt>
   <trkpt lat="-26.3679720" lon="-51.1319170">
    <ele>965.0</ele>
   </trkpt>
   <trkpt lat="-26.3679490" lon="-51.1319450">
    <ele>965.4</ele>
   </trkpt>
   <trkpt lat="-26.3679250" lon="-51.1319640">
    <ele>965.7</ele>
   </trkpt>
   <trkpt lat="-26.3678930" lon="-51.1319860">
    <ele>966.1</ele>
   </trkpt>
   <trkpt lat="-26.3678610" lon="-51.1320070">
    <ele>966.5</ele>
   </trkpt>
   <trkpt lat="-26.3678370" lon="-51.1320190">
    <ele>966.8</ele>
   </trkpt>
   <trkpt lat="-26.3677940" lon="-51.1320410">
    <ele>967.3</ele>
   </trkpt>
   <trkpt lat="-26.3677500" lon="-51.1320590">
    <ele>967.9</ele>
   </trkpt>
   <trkpt lat="-26.3677190" lon="-51.1320640">
    <ele>968.2</ele>
   </trkpt>
   <trkpt lat="-26.3676690" lon="-51.1320720">
    <ele>968.8</ele>
   </trkpt>
   <trkpt lat="-26.3676320" lon="-51.1320700">
    <ele>969.3</ele>
   </trkpt>
   <trkpt lat="-26.3676040" lon="-51.1320640">
    <ele>969.7</ele>
   </trkpt>
   <trkpt lat="-26.3675890" lon="-51.1320530">
    <ele>969.9</ele>
   </trkpt>
   <trkpt lat="-26.3675670" lon="-51.1320390">
    <ele>970.2</ele>
   </trkpt>
   <trkpt lat="-26.3675510" lon="-51.1320230">
    <ele>970.5</ele>
   </trkpt>
   <trkpt lat="-26.3675350" lon="-51.1320060">
    <ele>970.8</ele>
   </trkpt>
   <trkpt lat="-26.3675340" lon="-51.1319870">
    <ele>971.0</ele>
   </trkpt>
   <trkpt lat="-26.3675330" lon="-51.1319740">
    <ele>971.2</ele>
   </trkpt>
   <trkpt lat="-26.3675320" lon="-51.1319550">
    <ele>971.4</ele>
   </trkpt>
   <trkpt lat="-26.3675300" lon="-51.1319370">
    <ele>971.7</ele>
   </trkpt>
   <trkpt lat="-26.3675290" lon="-51.1319240">
    <ele>971.8</ele>
   </trkpt>
   <trkpt lat="-26.3675320" lon="-51.1319080">
    <ele>972.0</ele>
   </trkpt>
   <trkpt lat="-26.3675360" lon="-51.1318940">
    <ele>972.2</ele>
   </trkpt>
   <trkpt lat="-26.3675460" lon="-51.1318750">
    <ele>972.5</ele>
   </trkpt>
   <trkpt lat="-26.3675510" lon="-51.1318590">
    <ele>972.7</ele>
   </trkpt>
   <trkpt lat="-26.3675590" lon="-51.1318390">
    <ele>973.0</ele>
   </trkpt>
   <trkpt lat="-26.3675640" lon="-51.1318120">
    <ele>973.3</ele>
   </trkpt>
   <trkpt lat="-26.3675700" lon="-51.1317920">
    <ele>973.6</ele>
   </trkpt>
   <trkpt lat="-26.3675810" lon="-51.1317710">
    <ele>973.9</ele>
   </trkpt>
   <trkpt lat="-26.3675960" lon="-51.1317570">
    <ele>974.1</ele>
   </trkpt>
   <trkpt lat="-26.3676110" lon="-51.1317400">
    <ele>974.4</ele>
   </trkpt>
   <trkpt lat="-26.3676240" lon="-51.1317230">
    <ele>974.7</ele>
   </trkpt>
   <trkpt lat="-26.3676390" lon="-51.1317110">
    <ele>974.9</ele>
   </trkpt>
   <trkpt lat="-26.3676550" lon="-51.1316980">
    <ele>975.2</ele>
   </trkpt>
   <trkpt lat="-26.3676730" lon="-51.1316760">
    <ele>975.5</ele>
   </trkpt>
   <trkpt lat="-26.3676910" lon="-51.1316640">
    <ele>975.8</ele>
   </trkpt>
   <trkpt lat="-26.3677030" lon="-51.1316530">
    <ele>976.0</ele>
   </trkpt>
   <trkpt lat="-26.3677230" lon="-51.1316330">
    <ele>976.4</ele>
   </trkpt>
   <trkpt lat="-26.3677420" lon="-51.1316080">
    <ele>976.8</ele>
   </trkpt>
   <trkpt lat="-26.3677440" lon="-51.1315790">
    <ele>977.2</ele>
   </trkpt>
   <trkpt lat="-26.3677610" lon="-51.1315490">
    <ele>977.6</ele>
   </trkpt>
   <trkpt lat="-26.3677680" lon="-51.1315220">
    <ele>978.0</ele>
   </trkpt>
   <trkpt lat="-26.3677810" lon="-51.1314980">
    <ele>978.3</ele>
   </trkpt>
   <trkpt lat="-26.3677900" lon="-51.1314680">
    <ele>978.7</ele>
   </trkpt>
   <trkpt lat="-26.3678050" lon="-51.1314300">
    <ele>979.2</ele>
   </trkpt>
   <trkpt lat="-26.3678220" lon="-51.1314030">
    <ele>979.6</ele>
   </trkpt>
   <trkpt lat="-26.3678230" lon="-51.1313890">
    <ele>979.8</ele>
   </trkpt>
   <trkpt lat="-26.3678270" lon="-51.1313610">
    <ele>980.1</ele>
   </trkpt>
   <trkpt lat="-26.3678290" lon="-51.1313280">
    <ele>980.4</ele>
   </trkpt>
   <trkpt lat="-26.3678380" lon="-51.1312990">
    <ele>980.7</ele>
   </trkpt>
   <trkpt lat="-26.3678560" lon="-51.1312670">
    <ele>981.1</ele>
   </trkpt>
   <trkpt lat="-26.3678750" lon="-51.1312370">
    <ele>981.4</ele>
   </trkpt>
   <trkpt lat="-26.3678850" lon="-51.1312070">
    <ele>981.7</ele>
   </trkpt>
   <trkpt lat="-26.3678850" lon="-51.1311720">
    <ele>982.0</ele>
   </trkpt>
   <trkpt lat="-26.3678770" lon="-51.1311350">
    <ele>982.4</ele>
   </trkpt>
   <trkpt lat="-26.3678910" lon="-51.1310990">
    <ele>982.7</ele>
   </trkpt>
   <trkpt lat="-26.3679040" lon="-51.1310640">
    <ele>983.0</ele>
   </trkpt>
   <trkpt lat="-26.3679160" lon="-51.1310490">
    <ele>983.2</ele>
   </trkpt>
   <trkpt lat="-26.3679300" lon="-51.1310210">
    <ele>983.5</ele>
   </trkpt>
   <trkpt lat="-26.3679480" lon="-51.1309980">
    <ele>983.8</ele>
   </trkpt>
   <trkpt lat="-26.3679720" lon="-51.1309740">
    <ele>984.1</ele>
   </trkpt>
   <trkpt lat="-26.3679760" lon="-51.1309470">
    <ele>984.4</ele>
   </trkpt>
   <trkpt lat="-26.3679780" lon="-51.1309160">
    <ele>984.7</ele>
   </trkpt>
   <trkpt lat="-26.3679980" lon="-51.1308790">
    <ele>985.2</ele>
   </trkpt>
   <trkpt lat="-26.3679940" lon="-51.1308480">
    <ele>985.4</ele>
   </trkpt>
   <trkpt lat="-26.3679810" lon="-51.1308170">
    <ele>985.7</ele>
   </trkpt>
   <trkpt lat="-26.3679910" lon="-51.1307900">
    <ele>985.9</ele>
   </trkpt>
   <trkpt lat="-26.3679980" lon="-51.1307570">
    <ele>986.1</ele>
   </trkpt>
   <trkpt lat="-26.3680040" lon="-51.1307240">
    <ele>986.3</ele>
   </trkpt>
   <trkpt lat="-26.3679860" lon="-51.1306930">
    <ele>986.5</ele>
   </trkpt>
   <trkpt lat="-26.3679620" lon="-51.1306550">
    <ele>986.8</ele>
   </trkpt>
   <trkpt lat="-26.3679260" lon="-51.1306140">
    <ele>987.2</ele>
   </trkpt>
   <trkpt lat="-26.3678960" lon="-51.1305750">
    <ele>987.5</ele>
   </trkpt>
   <trkpt lat="-26.3678820" lon="-51.1305340">
    <ele>987.8</ele>
   </trkpt>
   <trkpt lat="-26.3678620" lon="-51.1305030">
    <ele>988.1</ele>
   </trkpt>
   <trkpt lat="-26.3678380" lon="-51.1304770">
    <ele>988.4</ele>
   </trkpt>
   <trkpt lat="-26.3678120" lon="-51.1304610">
    <ele>988.6</ele>
   </trkpt>
   <trkpt lat="-26.3677690" lon="-51.1304540">
    <ele>989.0</ele>
   </trkpt>
   <trkpt lat="-26.3677550" lon="-51.1304320">
    <ele>989.3</ele>
   </trkpt>
   <trkpt lat="-26.3677290" lon="-51.1304300">
    <ele>989.6</ele>
   </trkpt>
   <trkpt lat="-26.3677130" lon="-51.1304210">
    <ele>989.8</ele>
   </trkpt>
   <trkpt lat="-26.3676960" lon="-51.1304100">
    <ele>990.1</ele>
   </trkpt>
   <trkpt lat="-26.3676780" lon="-51.1304000">
    <ele>990.3</ele>
   </trkpt>
   <trkpt lat="-26.3676600" lon="-51.1303940">
    <ele>990.6</ele>
   </trkpt>
   <trkpt lat="-26.3676440" lon="-51.1303840">
    <ele>990.9</ele>
   </trkpt>
   <trkpt lat="-26.3676220" lon="-51.1303810">
    <ele>991.3</ele>
   </trkpt>
   <trkpt lat="-26.3675980" lon="-51.1303810">
    <ele>991.6</ele>
   </trkpt>
   <trkpt lat="-26.3675750" lon="-51.1303790">
    <ele>992.0</ele>
   </trkpt>
   <trkpt lat="-26.3675500" lon="-51.1303770">
    <ele>992.4</ele>
   </trkpt>
   <trkpt lat="-26.3675310" lon="-51.1303730">
    <ele>992.7</ele>
   </trkpt>
   <trkpt lat="-26.3675150" lon="-51.1303670">
    <ele>993.0</ele>
   </trkpt>
   <trkpt lat="-26.3674970" lon="-51.1303580">
    <ele>993.3</ele>
   </trkpt>
   <trkpt lat="-26.3674780" lon="-51.1303450">
    <ele>993.7</ele>
   </trkpt>
   <trkpt lat="-26.3674530" lon="-51.1303320">
    <ele>994.2</ele>
   </trkpt>
   <trkpt lat="-26.3674320" lon="-51.1303240">
    <ele>994.6</ele>
   </trkpt>
   <trkpt lat="-26.3674110" lon="-51.1303210">
    <ele>995.0</ele>
   </trkpt>
   <trkpt lat="-26.3673940" lon="-51.1303180">
    <ele>995.4</ele>
   </trkpt>
   <trkpt lat="-26.3673760" lon="-51.1303170">
    <ele>995.7</ele>
   </trkpt>
   <trkpt lat="-26.3673540" lon="-51.1303150">
    <ele>996.2</ele>
   </trkpt>
   <trkpt lat="-26.3673330" lon="-51.1303170">
    <ele>996.6</ele>
   </trkpt>
   <trkpt lat="-26.3673200" lon="-51.1303190">
    <ele>996.9</ele>
   </trkpt>
   <trkpt lat="-26.3673030" lon="-51.1303190">
    <ele>997.2</ele>
   </trkpt>
   <trkpt lat="-26.3672780" lon="-51.1303180">
    <ele>997.8</ele>
   </trkpt>
   <trkpt lat="-26.3672620" lon="-51.1303190">
    <ele>998.1</ele>
   </trkpt>
   <trkpt lat="-26.3672460" lon="-51.1303240">
    <ele>998.4</ele>
   </trkpt>
   <trkpt lat="-26.3672290" lon="-51.1303310">
    <ele>998.8</ele>
   </trkpt>
   <trkpt lat="-26.3672100" lon="-51.1303410">
    <ele>999.2</ele>
   </trkpt>
   <trkpt lat="-26.3671910" lon="-51.1303520">
    <ele>999.6</ele>
   </trkpt>
   <trkpt lat="-26.3671730" lon="-51.1303670">
    <ele>1000.0</ele>
   </trkpt>
   <trkpt lat="-26.3671530" lon="-51.1303820">
    <ele>1000.5</ele>
   </trkpt>
   <trkpt lat="-26.3671360" lon="-51.1303970">
    <ele>1000.8</ele>
   </trkpt>
   <trkpt lat="-26.3671210" lon="-51.1304100">
    <ele>1001.2</ele>
   </trkpt>
   <trkpt lat="-26.3671090" lon="-51.1304220">
    <ele>1001.4</ele>
   </trkpt>
   <trkpt lat="-26.3670970" lon="-51.1304400">
    <ele>1001.8</ele>
   </trkpt>
   <trkpt lat="-26.3670830" lon="-51.1304580">
    <ele>1002.1</ele>
   </trkpt>
   <trkpt lat="-26.3670710" lon="-51.1304770">
    <ele>1002.4</ele>
   </trkpt>
   <trkpt lat="-26.3670610" lon="-51.1304980">
    <ele>1002.6</ele>
   </trkpt>
   <trkpt lat="-26.3670510" lon="-51.1305190">
    <ele>1002.9</ele>
   </trkpt>
   <trkpt lat="-26.3670430" lon="-51.1305440">
    <ele>1003.1</ele>
   </trkpt>
   <trkpt lat="-26.3670380" lon="-51.1305660">
    <ele>1003.3</ele>
   </trkpt>
   <trkpt lat="-26.3670330" lon="-51.1305870">
    <ele>1003.5</ele>
   </trkpt>
   <trkpt lat="-26.3670270" lon="-51.1306100">
    <ele>1003.7</ele>
   </trkpt>
   <trkpt lat="-26.3670190" lon="-51.1306310">
    <ele>1003.8</ele>
   </trkpt>
   <trkpt lat="-26.3670110" lon="-51.1306480">
    <ele>1004.0</ele>
   </trkpt>
   <trkpt lat="-26.3670060" lon="-51.1306660">
    <ele>1004.1</ele>
   </trkpt>
   <trkpt lat="-26.3670030" lon="-51.1306870">
    <ele>1004.3</ele>
   </trkpt>
   <trkpt lat="-26.3670000" lon="-51.1307080">
    <ele>1004.4</ele>
   </trkpt>
   <trkpt lat="-26.3669940" lon="-51.1307310">
    <ele>1004.6</ele>
   </trkpt>
   <trkpt lat="-26.3669900" lon="-51.1307520">
    <ele>1004.7</ele>
   </trkpt>
   <trkpt lat="-26.3669840" lon="-51.1307750">
    <ele>1004.9</ele>
   </trkpt>
   <trkpt lat="-26.3669780" lon="-51.1307930">
    <ele>1005.0</ele>
   </trkpt>
   <trkpt lat="-26.3669720" lon="-51.1308090">
    <ele>1005.1</ele>
   </trkpt>
   <trkpt lat="-26.3669650" lon="-51.1308280">
    <ele>1005.3</ele>
   </trkpt>
   <trkpt lat="-26.3669590" lon="-51.1308440">
    <ele>1005.4</ele>
   </trkpt>
   <trkpt lat="-26.3669530" lon="-51.1308570">
    <ele>1005.5</ele>
   </trkpt>
   <trkpt lat="-26.3669470" lon="-51.1308700">
    <ele>1005.5</ele>
   </trkpt>
   <trkpt lat="-26.3669450" lon="-51.1308830">
    <ele>1005.6</ele>
   </trkpt>
   <trkpt lat="-26.3669420" lon="-51.1308980">
    <ele>1005.7</ele>
   </trkpt>
   <trkpt lat="-26.3669370" lon="-51.1309120">
    <ele>1005.8</ele>
   </trkpt>
   <trkpt lat="-26.3669290" lon="-51.1309260">
    <ele>1006.0</ele>
   </trkpt>
   <trkpt lat="-26.3669210" lon="-51.1309400">
    <ele>1006.1</ele>
   </trkpt>
   <trkpt lat="-26.3669120" lon="-51.1309570">
    <ele>1006.3</ele>
   </trkpt>
   <trkpt lat="-26.3669040" lon="-51.1309730">
    <ele>1006.4</ele>
   </trkpt>
   <trkpt lat="-26.3668960" lon="-51.1309920">
    <ele>1006.6</ele>
   </trkpt>
   <trkpt lat="-26.3668920" lon="-51.1310040">
    <ele>1006.8</ele>
   </trkpt>
   <trkpt lat="-26.3668860" lon="-51.1310200">
    <ele>1006.9</ele>
   </trkpt>
   <trkpt lat="-26.3668770" lon="-51.1310360">
    <ele>1007.2</ele>
   </trkpt>
   <trkpt lat="-26.3668650" lon="-51.1310530">
    <ele>1007.4</ele>
   </trkpt>
   <trkpt lat="-26.3668550" lon="-51.1310690">
    <ele>1007.7</ele>
   </trkpt>
   <trkpt lat="-26.3668450" lon="-51.1310870">
    <ele>1007.9</ele>
   </trkpt>
   <trkpt lat="-26.3668330" lon="-51.1311010">
    <ele>1008.2</ele>
   </trkpt>
   <trkpt lat="-26.3668220" lon="-51.1311210">
    <ele>1008.5</ele>
   </trkpt>
   <trkpt lat="-26.3668090" lon="-51.1311420">
    <ele>1008.8</ele>
   </trkpt>
   <trkpt lat="-26.3667960" lon="-51.1311640">
    <ele>1009.1</ele>
   </trkpt>
   <trkpt lat="-26.3667790" lon="-51.1311830">
    <ele>1009.4</ele>
   </trkpt>
   <trkpt lat="-26.3667680" lon="-51.1312000">
    <ele>1009.6</ele>
   </trkpt>
   <trkpt lat="-26.3667570" lon="-51.1312170">
    <ele>1009.9</ele>
   </trkpt>
   <trkpt lat="-26.3667480" lon="-51.1312290">
    <ele>1010.0</ele>
   </trkpt>
   <trkpt lat="-26.3667350" lon="-51.1312430">
    <ele>1010.3</ele>
   </trkpt>
   <trkpt lat="-26.3667260" lon="-51.1312560">
    <ele>1010.4</ele>
   </trkpt>
   <trkpt lat="-26.3667140" lon="-51.1312710">
    <ele>1010.7</ele>
   </trkpt>
   <trkpt lat="-26.3667000" lon="-51.1312860">
    <ele>1010.9</ele>
   </trkpt>
   <trkpt lat="-26.3666870" lon="-51.1313050">
    <ele>1011.2</ele>
   </trkpt>
   <trkpt lat="-26.3666770" lon="-51.1313300">
    <ele>1011.5</ele>
   </trkpt>
   <trkpt lat="-26.3666620" lon="-51.1313470">
    <ele>1011.8</ele>
   </trkpt>
   <trkpt lat="-26.3666460" lon="-51.1313640">
    <ele>1012.2</ele>
   </trkpt>
   <trkpt lat="-26.3666330" lon="-51.1313850">
    <ele>1012.6</ele>
   </trkpt>
   <trkpt lat="-26.3666170" lon="-51.1314080">
    <ele>1013.0</ele>
   </trkpt>
   <trkpt lat="-26.3666010" lon="-51.1314300">
    <ele>1013.5</ele>
   </trkpt>
   <trkpt lat="-26.3665830" lon="-51.1314500">
    <ele>1013.9</ele>
   </trkpt>
   <trkpt lat="-26.3665710" lon="-51.1314690">
    <ele>1014.2</ele>
   </trkpt>
   <trkpt lat="-26.3665590" lon="-51.1314830">
    <ele>1014.5</ele>
   </trkpt>
   <trkpt lat="-26.3665470" lon="-51.1314950">
    <ele>1014.8</ele>
   </trkpt>
   <trkpt lat="-26.3665350" lon="-51.1315090">
    <ele>1015.0</ele>
   </trkpt>
   <trkpt lat="-26.3665260" lon="-51.1315270">
    <ele>1015.3</ele>
   </trkpt>
   <trkpt lat="-26.3665170" lon="-51.1315480">
    <ele>1015.5</ele>
   </trkpt>
   <trkpt lat="-26.3665050" lon="-51.1315720">
    <ele>1015.8</ele>
   </trkpt>
   <trkpt lat="-26.3664910" lon="-51.1315910">
    <ele>1016.0</ele>
   </trkpt>
   <trkpt lat="-26.3664790" lon="-51.1316120">
    <ele>1016.3</ele>
   </trkpt>
   <trkpt lat="-26.3664650" lon="-51.1316340">
    <ele>1016.5</ele>
   </trkpt>
   <trkpt lat="-26.3664550" lon="-51.1316520">
    <ele>1016.6</ele>
   </trkpt>
   <trkpt lat="-26.3664470" lon="-51.1316670">
    <ele>1016.8</ele>
   </trkpt>
   <trkpt lat="-26.3664400" lon="-51.1316820">
    <ele>1016.9</ele>
   </trkpt>
   <trkpt lat="-26.3664320" lon="-51.1317000">
    <ele>1017.0</ele>
   </trkpt>
   <trkpt lat="-26.3664220" lon="-51.1317180">
    <ele>1017.1</ele>
   </trkpt>
   <trkpt lat="-26.3664100" lon="-51.1317400">
    <ele>1017.3</ele>
   </trkpt>
   <trkpt lat="-26.3663990" lon="-51.1317590">
    <ele>1017.4</ele>
   </trkpt>
   <trkpt lat="-26.3663850" lon="-51.1317760">
    <ele>1017.6</ele>
   </trkpt>
   <trkpt lat="-26.3663670" lon="-51.1317950">
    <ele>1017.7</ele>
   </trkpt>
   <trkpt lat="-26.3663550" lon="-51.1318140">
    <ele>1017.8</ele>
   </trkpt>
   <trkpt lat="-26.3663400" lon="-51.1318350">
    <ele>1018.0</ele>
   </trkpt>
   <trkpt lat="-26.3663240" lon="-51.1318560">
    <ele>1018.1</ele>
   </trkpt>
   <trkpt lat="-26.3663060" lon="-51.1318820">
    <ele>1018.3</ele>
   </trkpt>
   <trkpt lat="-26.3662890" lon="-51.1319040">
    <ele>1018.5</ele>
   </trkpt>
   <trkpt lat="-26.3662670" lon="-51.1319280">
    <ele>1018.7</ele>
   </trkpt>
   <trkpt lat="-26.3662490" lon="-51.1319520">
    <ele>1018.9</ele>
   </trkpt>
   <trkpt lat="-26.3662320" lon="-51.1319740">
    <ele>1019.0</ele>
   </trkpt>
   <trkpt lat="-26.3662150" lon="-51.1319970">
    <ele>1019.3</ele>
   </trkpt>
   <trkpt lat="-26.3661980" lon="-51.1320190">
    <ele>1019.5</ele>
   </trkpt>
   <trkpt lat="-26.3661800" lon="-51.1320410">
    <ele>1019.7</ele>
   </trkpt>
   <trkpt lat="-26.3661640" lon="-51.1320660">
    <ele>1020.0</ele>
   </trkpt>
   <trkpt lat="-26.3661440" lon="-51.1320940">
    <ele>1020.3</ele>
   </trkpt>
   <trkpt lat="-26.3661270" lon="-51.1321220">
    <ele>1020.6</ele>
   </trkpt>
   <trkpt lat="-26.3661130" lon="-51.1321490">
    <ele>1020.8</ele>
   </trkpt>
   <trkpt lat="-26.3660970" lon="-51.1321710">
    <ele>1021.1</ele>
   </trkpt>
   <trkpt lat="-26.3660850" lon="-51.1321900">
    <ele>1021.3</ele>
   </trkpt>
   <trkpt lat="-26.3660750" lon="-51.1322140">
    <ele>1021.5</ele>
   </trkpt>
   <trkpt lat="-26.3660630" lon="-51.1322390">
    <ele>1021.7</ele>
   </trkpt>
   <trkpt lat="-26.3660490" lon="-51.1322580">
    <ele>1021.9</ele>
   </trkpt>
   <trkpt lat="-26.3660390" lon="-51.1322760">
    <ele>1022.1</ele>
   </trkpt>
   <trkpt lat="-26.3660270" lon="-51.1322920">
    <ele>1022.3</ele>
   </trkpt>
   <trkpt lat="-26.3660150" lon="-51.1323080">
    <ele>1022.4</ele>
   </trkpt>
   <trkpt lat="-26.3660020" lon="-51.1323240">
    <ele>1022.6</ele>
   </trkpt>
   <trkpt lat="-26.3659940" lon="-51.1323440">
    <ele>1022.7</ele>
   </trkpt>
   <trkpt lat="-26.3659850" lon="-51.1323630">
    <ele>1022.8</ele>
   </trkpt>
   <trkpt lat="-26.3659720" lon="-51.1323860">
    <ele>1023.0</ele>
   </trkpt>
   <trkpt lat="-26.3659610" lon="-51.1324060">
    <ele>1023.1</ele>
   </trkpt>
   <trkpt lat="-26.3659510" lon="-51.1324290">
    <ele>1023.2</ele>
   </trkpt>
   <trkpt lat="-26.3659390" lon="-51.1324490">
    <ele>1023.2</ele>
   </trkpt>
   <trkpt lat="-26.3659260" lon="-51.1324680">
    <ele>1023.3</ele>
   </trkpt>
   <trkpt lat="-26.3659110" lon="-51.1324920">
    <ele>1023.3</ele>
   </trkpt>
   <trkpt lat="-26.3658940" lon="-51.1325170">
    <ele>1023.4</ele>
   </trkpt>
   <trkpt lat="-26.3658750" lon="-51.1325450">
    <ele>1023.4</ele>
   </trkpt>
   <trkpt lat="-26.3658530" lon="-51.1325730">
    <ele>1023.4</ele>
   </trkpt>
   <trkpt lat="-26.3658330" lon="-51.1326060">
    <ele>1023.4</ele>
   </trkpt>
   <trkpt lat="-26.3658140" lon="-51.1326340">
    <ele>1023.4</ele>
   </trkpt>
   <trkpt lat="-26.3657910" lon="-51.1326690">
    <ele>1023.4</ele>
   </trkpt>
   <trkpt lat="-26.3657710" lon="-51.1327070">
    <ele>1023.4</ele>
   </trkpt>
   <trkpt lat="-26.3657510" lon="-51.1327540">
    <ele>1023.5</ele>
   </trkpt>
   <trkpt lat="-26.3657320" lon="-51.1327980">
    <ele>1023.6</ele>
   </trkpt>
   <trkpt lat="-26.3657120" lon="-51.1328480">
    <ele>1023.7</ele>
   </trkpt>
   <trkpt lat="-26.3656950" lon="-51.1329010">
    <ele>1023.8</ele>
   </trkpt>
   <trkpt lat="-26.3656750" lon="-51.1329430">
    <ele>1024.0</ele>
   </trkpt>
   <trkpt lat="-26.3656600" lon="-51.1329850">
    <ele>1024.1</ele>
   </trkpt>
   <trkpt lat="-26.3656470" lon="-51.1330330">
    <ele>1024.3</ele>
   </trkpt>
   <trkpt lat="-26.3656320" lon="-51.1330800">
    <ele>1024.5</ele>
   </trkpt>
   <trkpt lat="-26.3656190" lon="-51.1331300">
    <ele>1024.5</ele>
   </trkpt>
   <trkpt lat="-26.3656100" lon="-51.1331690">
    <ele>1024.5</ele>
   </trkpt>
   <trkpt lat="-26.3655990" lon="-51.1332050">
    <ele>1024.4</ele>
   </trkpt>
   <trkpt lat="-26.3655910" lon="-51.1332550">
    <ele>1024.2</ele>
   </trkpt>
   <trkpt lat="-26.3655820" lon="-51.1332950">
    <ele>1023.9</ele>
   </trkpt>
   <trkpt lat="-26.3655720" lon="-51.1333440">
    <ele>1023.6</ele>
   </trkpt>
   <trkpt lat="-26.3655550" lon="-51.1333980">
    <ele>1023.2</ele>
   </trkpt>
   <trkpt lat="-26.3655270" lon="-51.1334490">
    <ele>1022.8</ele>
   </trkpt>
   <trkpt lat="-26.3654990" lon="-51.1335040">
    <ele>1022.5</ele>
   </trkpt>
   <trkpt lat="-26.3654730" lon="-51.1335620">
    <ele>1022.3</ele>
   </trkpt>
   <trkpt lat="-26.3654440" lon="-51.1336270">
    <ele>1022.1</ele>
   </trkpt>
   <trkpt lat="-26.3654250" lon="-51.1336940">
    <ele>1022.0</ele>
   </trkpt>
   <trkpt lat="-26.3654020" lon="-51.1337570">
    <ele>1021.9</ele>
   </trkpt>
   <trkpt lat="-26.3653780" lon="-51.1338090">
    <ele>1021.8</ele>
   </trkpt>
   <trkpt lat="-26.3653480" lon="-51.1338570">
    <ele>1021.7</ele>
   </trkpt>
   <trkpt lat="-26.3653120" lon="-51.1339130">
    <ele>1021.6</ele>
   </trkpt>
   <trkpt lat="-26.3652700" lon="-51.1339640">
    <ele>1021.5</ele>
   </trkpt>
   <trkpt lat="-26.3652230" lon="-51.1340140">
    <ele>1021.4</ele>
   </trkpt>
   <trkpt lat="-26.3651800" lon="-51.1340640">
    <ele>1021.3</ele>
   </trkpt>
   <trkpt lat="-26.3651360" lon="-51.1341090">
    <ele>1021.4</ele>
   </trkpt>
   <trkpt lat="-26.3650940" lon="-51.1341510">
    <ele>1021.5</ele>
   </trkpt>
   <trkpt lat="-26.3650520" lon="-51.1341910">
    <ele>1021.6</ele>
   </trkpt>
   <trkpt lat="-26.3650120" lon="-51.1342290">
    <ele>1021.7</ele>
   </trkpt>
   <trkpt lat="-26.3649750" lon="-51.1342600">
    <ele>1021.8</ele>
   </trkpt>
   <trkpt lat="-26.3649340" lon="-51.1342850">
    <ele>1021.8</ele>
   </trkpt>
   <trkpt lat="-26.3648910" lon="-51.1343070">
    <ele>1021.8</ele>
   </trkpt>
   <trkpt lat="-26.3648460" lon="-51.1343290">
    <ele>1021.8</ele>
   </trkpt>
   <trkpt lat="-26.3647920" lon="-51.1343500">
    <ele>1021.7</ele>
   </trkpt>
   <trkpt lat="-26.3647370" lon="-51.1343670">
    <ele>1021.6</ele>
   </trkpt>
   <trkpt lat="-26.3646840" lon="-51.1343870">
    <ele>1021.6</ele>
   </trkpt>
   <trkpt lat="-26.3646340" lon="-51.1344130">
    <ele>1021.6</ele>
   </trkpt>
   <trkpt lat="-26.3645840" lon="-51.1344440">
    <ele>1021.7</ele>
   </trkpt>
   <trkpt lat="-26.3645360" lon="-51.1344780">
    <ele>1021.9</ele>
   </trkpt>
   <trkpt lat="-26.3644900" lon="-51.1345080">
    <ele>1022.2</ele>
   </trkpt>
   <trkpt lat="-26.3644480" lon="-51.1345330">
    <ele>1022.4</ele>
   </trkpt>
   <trkpt lat="-26.3644110" lon="-51.1345590">
    <ele>1022.6</ele>
   </trkpt>
   <trkpt lat="-26.3643760" lon="-51.1345850">
    <ele>1022.8</ele>
   </trkpt>
   <trkpt lat="-26.3643390" lon="-51.1346090">
    <ele>1023.0</ele>
   </trkpt>
   <trkpt lat="-26.3643020" lon="-51.1346310">
    <ele>1023.2</ele>
   </trkpt>
   <trkpt lat="-26.3642650" lon="-51.1346500">
    <ele>1023.3</ele>
   </trkpt>
   <trkpt lat="-26.3642270" lon="-51.1346670">
    <ele>1023.5</ele>
   </trkpt>
   <trkpt lat="-26.3641870" lon="-51.1346850">
    <ele>1023.7</ele>
   </trkpt>
   <trkpt lat="-26.3641440" lon="-51.1347020">
    <ele>1023.9</ele>
   </trkpt>
   <trkpt lat="-26.3641010" lon="-51.1347190">
    <ele>1024.1</ele>
   </trkpt>
   <trkpt lat="-26.3640590" lon="-51.1347340">
    <ele>1024.3</ele>
   </trkpt>
   <trkpt lat="-26.3640180" lon="-51.1347490">
    <ele>1024.5</ele>
   </trkpt>
   <trkpt lat="-26.3639780" lon="-51.1347620">
    <ele>1024.7</ele>
   </trkpt>
   <trkpt lat="-26.3639370" lon="-51.1347750">
    <ele>1025.0</ele>
   </trkpt>
   <trkpt lat="-26.3638950" lon="-51.1347900">
    <ele>1025.3</ele>
   </trkpt>
   <trkpt lat="-26.3638520" lon="-51.1348080">
    <ele>1025.5</ele>
   </trkpt>
   <trkpt lat="-26.3638080" lon="-51.1348240">
    <ele>1025.8</ele>
   </trkpt>
   <trkpt lat="-26.3637650" lon="-51.1348400">
    <ele>1026.2</ele>
   </trkpt>
   <trkpt lat="-26.3637230" lon="-51.1348530">
    <ele>1026.5</ele>
   </trkpt>
   <trkpt lat="-26.3636810" lon="-51.1348650">
    <ele>1026.8</ele>
   </trkpt>
   <trkpt lat="-26.3636390" lon="-51.1348780">
    <ele>1027.2</ele>
   </trkpt>
   <trkpt lat="-26.3635990" lon="-51.1348860">
    <ele>1027.6</ele>
   </trkpt>
   <trkpt lat="-26.3635620" lon="-51.1348950">
    <ele>1027.9</ele>
   </trkpt>
   <trkpt lat="-26.3635250" lon="-51.1349020">
    <ele>1028.3</ele>
   </trkpt>
   <trkpt lat="-26.3634880" lon="-51.1349050">
    <ele>1028.6</ele>
   </trkpt>
   <trkpt lat="-26.3634540" lon="-51.1349080">
    <ele>1028.9</ele>
   </trkpt>
   <trkpt lat="-26.3634160" lon="-51.1349130">
    <ele>1029.3</ele>
   </trkpt>
   <trkpt lat="-26.3633790" lon="-51.1349190">
    <ele>1029.6</ele>
   </trkpt>
   <trkpt lat="-26.3633430" lon="-51.1349240">
    <ele>1029.9</ele>
   </trkpt>
   <trkpt lat="-26.3633070" lon="-51.1349320">
    <ele>1030.2</ele>
   </trkpt>
   <trkpt lat="-26.3632750" lon="-51.1349400">
    <ele>1030.4</ele>
   </trkpt>
   <trkpt lat="-26.3632420" lon="-51.1349430">
    <ele>1030.6</ele>
   </trkpt>
   <trkpt lat="-26.3632090" lon="-51.1349440">
    <ele>1030.9</ele>
   </trkpt>
   <trkpt lat="-26.3631760" lon="-51.1349450">
    <ele>1031.1</ele>
   </trkpt>
   <trkpt lat="-26.3631430" lon="-51.1349460">
    <ele>1031.3</ele>
   </trkpt>
   <trkpt lat="-26.3631100" lon="-51.1349470">
    <ele>1031.6</ele>
   </trkpt>
   <trkpt lat="-26.3630790" lon="-51.1349490">
    <ele>1031.8</ele>
   </trkpt>
   <trkpt lat="-26.3630450" lon="-51.1349560">
    <ele>1032.1</ele>
   </trkpt>
   <trkpt lat="-26.3630100" lon="-51.1349690">
    <ele>1032.4</ele>
   </trkpt>
   <trkpt lat="-26.3629770" lon="-51.1349790">
    <ele>1032.6</ele>
   </trkpt>
   <trkpt lat="-26.3629440" lon="-51.1349950">
    <ele>1033.0</ele>
   </trkpt>
   <trkpt lat="-26.3629100" lon="-51.1350120">
    <ele>1033.3</ele>
   </trkpt>
   <trkpt lat="-26.3628800" lon="-51.1350310">
    <ele>1033.6</ele>
   </trkpt>
   <trkpt lat="-26.3628540" lon="-51.1350500">
    <ele>1033.9</ele>
   </trkpt>
   <trkpt lat="-26.3628270" lon="-51.1350680">
    <ele>1034.2</ele>
   </trkpt>
   <trkpt lat="-26.3628020" lon="-51.1350870">
    <ele>1034.6</ele>
   </trkpt>
   <trkpt lat="-26.3627800" lon="-51.1351020">
    <ele>1034.8</ele>
   </trkpt>
   <trkpt lat="-26.3627590" lon="-51.1351170">
    <ele>1035.1</ele>
   </trkpt>
   <trkpt lat="-26.3627420" lon="-51.1351330">
    <ele>1035.4</ele>
   </trkpt>
   <trkpt lat="-26.3627250" lon="-51.1351490">
    <ele>1035.7</ele>
   </trkpt>
   <trkpt lat="-26.3627030" lon="-51.1351660">
    <ele>1036.0</ele>
   </trkpt>
   <trkpt lat="-26.3626810" lon="-51.1351830">
    <ele>1036.3</ele>
   </trkpt>
   <trkpt lat="-26.3626560" lon="-51.1352010">
    <ele>1036.7</ele>
   </trkpt>
   <trkpt lat="-26.3626310" lon="-51.1352200">
    <ele>1037.1</ele>
   </trkpt>
   <trkpt lat="-26.3626040" lon="-51.1352350">
    <ele>1037.4</ele>
   </trkpt>
   <trkpt lat="-26.3625800" lon="-51.1352470">
    <ele>1037.7</ele>
   </trkpt>
   <trkpt lat="-26.3625610" lon="-51.1352540">
    <ele>1037.8</ele>
   </trkpt>
   <trkpt lat="-26.3625390" lon="-51.1352610">
    <ele>1038.0</ele>
   </trkpt>
   <trkpt lat="-26.3625170" lon="-51.1352670">
    <ele>1038.2</ele>
   </trkpt>
   <trkpt lat="-26.3624930" lon="-51.1352710">
    <ele>1038.3</ele>
   </trkpt>
   <trkpt lat="-26.3624720" lon="-51.1352730">
    <ele>1038.4</ele>
   </trkpt>
   <trkpt lat="-26.3624560" lon="-51.1352750">
    <ele>1038.5</ele>
   </trkpt>
   <trkpt lat="-26.3624470" lon="-51.1352810">
    <ele>1038.5</ele>
   </trkpt>
   <trkpt lat="-26.3624440" lon="-51.1352910">
    <ele>1038.5</ele>
   </trkpt>
   <trkpt lat="-26.3624480" lon="-51.1353060">
    <ele>1038.6</ele>
   </trkpt>
   <trkpt lat="-26.3624530" lon="-51.1353160">
    <ele>1038.6</ele>
   </trkpt>
   <trkpt lat="-26.3624610" lon="-51.1353200">
    <ele>1038.6</ele>
   </trkpt>
   <trkpt lat="-26.3624670" lon="-51.1353110">
    <ele>1038.6</ele>
   </trkpt>
   <trkpt lat="-26.3624670" lon="-51.1353040">
    <ele>1038.6</ele>
   </trkpt>
   <trkpt lat="-26.3624640" lon="-51.1352970">
    <ele>1038.6</ele>
   </trkpt>
   <trkpt lat="-26.3624600" lon="-51.1352880">
    <ele>1038.6</ele>
   </trkpt>
   <trkpt lat="-26.3624610" lon="-51.1352830">
    <ele>1038.6</ele>
   </trkpt>
   <trkpt lat="-26.3624610" lon="-51.1352830">
    <ele>1038.6</ele>
   </trkpt>
   <trkpt lat="-26.3624610" lon="-51.1352830">
    <ele>1038.6</ele>
   </trkpt>
   <trkpt lat="-26.3624610" lon="-51.1352830">
    <ele>1038.6</ele>
   </trkpt>
   <trkpt lat="-26.3624610" lon="-51.1352830">
    <ele>1038.6</ele>
   </trkpt>
   <trkpt lat="-26.3624610" lon="-51.1352830">
    <ele>1038.6</ele>
   </trkpt>
   <trkpt lat="-26.3624610" lon="-51.1352830">
    <ele>1038.6</ele>
   </trkpt>
   <trkpt lat="-26.3624610" lon="-51.1352830">
    <ele>1038.6</ele>
   </trkpt>
   <trkpt lat="-26.3624610" lon="-51.1352830">
    <ele>1038.6</ele>
   </trkpt>
   <trkpt lat="-26.3624610" lon="-51.1352830">
    <ele>1038.6</ele>
   </trkpt>
   <trkpt lat="-26.3624610" lon="-51.1352830">
    <ele>1038.6</ele>
   </trkpt>
   <trkpt lat="-26.3624610" lon="-51.1352830">
    <ele>1038.6</ele>
   </trkpt>
   <trkpt lat="-26.3624610" lon="-51.1352830">
    <ele>1038.6</ele>
   </trkpt>
   <trkpt lat="-26.3624610" lon="-51.1352830">
    <ele>1038.6</ele>
   </trkpt>
   <trkpt lat="-26.3624610" lon="-51.1352830">
    <ele>1038.6</ele>
   </trkpt>
   <trkpt lat="-26.3624610" lon="-51.1352830">
    <ele>1038.6</ele>
   </trkpt>
   <trkpt lat="-26.3624610" lon="-51.1352830">
    <ele>1038.6</ele>
   </trkpt>
   <trkpt lat="-26.3624610" lon="-51.1352830">
    <ele>1038.6</ele>
   </trkpt>
   <trkpt lat="-26.3624610" lon="-51.1352830">
    <ele>1038.6</ele>
   </trkpt>
   <trkpt lat="-26.3624610" lon="-51.1352830">
    <ele>1038.6</ele>
   </trkpt>
   <trkpt lat="-26.3624610" lon="-51.1352830">
    <ele>1038.6</ele>
   </trkpt>
   <trkpt lat="-26.3624610" lon="-51.1352830">
    <ele>1038.6</ele>
   </trkpt>
   <trkpt lat="-26.3624610" lon="-51.1352830">
    <ele>1038.6</ele>
   </trkpt>
   <trkpt lat="-26.3624610" lon="-51.1352830">
    <ele>1038.6</ele>
   </trkpt>
   <trkpt lat="-26.3624610" lon="-51.1352830">
    <ele>1038.6</ele>
   </trkpt>
   <trkpt lat="-26.3624610" lon="-51.1352830">
    <ele>1038.6</ele>
   </trkpt>
   <trkpt lat="-26.3624610" lon="-51.1352830">
    <ele>1038.6</ele>
   </trkpt>
   <trkpt lat="-26.3624610" lon="-51.1352830">
    <ele>1038.6</ele>
   </trkpt>
   <trkpt lat="-26.3624610" lon="-51.1352830">
    <ele>1038.6</ele>
   </trkpt>
   <trkpt lat="-26.3624610" lon="-51.1352830">
    <ele>1038.6</ele>
   </trkpt>
   <trkpt lat="-26.3624610" lon="-51.1352830">
    <ele>1038.6</ele>
   </trkpt>
   <trkpt lat="-26.3624610" lon="-51.1352830">
    <ele>1038.6</ele>
   </trkpt>
   <trkpt lat="-26.3624610" lon="-51.1352830">
    <ele>1038.6</ele>
   </trkpt>
   <trkpt lat="-26.3624610" lon="-51.1352830">
    <ele>1038.6</ele>
   </trkpt>
   <trkpt lat="-26.3624610" lon="-51.1352830">
    <ele>1038.6</ele>
   </trkpt>
   <trkpt lat="-26.3624610" lon="-51.1352830">
    <ele>1038.6</ele>
   </trkpt>
   <trkpt lat="-26.3624610" lon="-51.1352830">
    <ele>1038.6</ele>
   </trkpt>
   <trkpt lat="-26.3624610" lon="-51.1352830">
    <ele>1038.6</ele>
   </trkpt>
   <trkpt lat="-26.3624610" lon="-51.1352830">
    <ele>1038.6</ele>
   </trkpt>
   <trkpt lat="-26.3624610" lon="-51.1352830">
    <ele>1038.6</ele>
   </trkpt>
   <trkpt lat="-26.3624610" lon="-51.1352830">
    <ele>1038.6</ele>
   </trkpt>
   <trkpt lat="-26.3624610" lon="-51.1352830">
    <ele>1038.6</ele>
   </trkpt>
   <trkpt lat="-26.3624610" lon="-51.1352830">
    <ele>1038.6</ele>
   </trkpt>
   <trkpt lat="-26.3624610" lon="-51.1352830">
    <ele>1038.6</ele>
   </trkpt>
   <trkpt lat="-26.3624610" lon="-51.1352830">
    <ele>1038.6</ele>
   </trkpt>
   <trkpt lat="-26.3624610" lon="-51.1352830">
    <ele>1038.6</ele>
   </trkpt>
   <trkpt lat="-26.3624610" lon="-51.1352830">
    <ele>1038.6</ele>
   </trkpt>
   <trkpt lat="-26.3624610" lon="-51.1352830">
    <ele>1038.6</ele>
   </trkpt>
   <trkpt lat="-26.3624610" lon="-51.1352830">
    <ele>1038.6</ele>
   </trkpt>
   <trkpt lat="-26.3624610" lon="-51.1352830">
    <ele>1038.6</ele>
   </trkpt>
   <trkpt lat="-26.3624610" lon="-51.1352830">
    <ele>1038.6</ele>
   </trkpt>
   <trkpt lat="-26.3624610" lon="-51.1352830">
    <ele>1038.6</ele>
   </trkpt>
   <trkpt lat="-26.3624610" lon="-51.1352830">
    <ele>1038.6</ele>
   </trkpt>
   <trkpt lat="-26.3624610" lon="-51.1352830">
    <ele>1038.6</ele>
   </trkpt>
   <trkpt lat="-26.3624610" lon="-51.1352830">
    <ele>1038.6</ele>
   </trkpt>
   <trkpt lat="-26.3624610" lon="-51.1352830">
    <ele>1038.6</ele>
   </trkpt>
   <trkpt lat="-26.3624610" lon="-51.1352830">
    <ele>1038.6</ele>
   </trkpt>
   <trkpt lat="-26.3624610" lon="-51.1352830">
    <ele>1038.6</ele>
   </trkpt>
   <trkpt lat="-26.3624610" lon="-51.1352830">
    <ele>1038.6</ele>
   </trkpt>
   <trkpt lat="-26.3624610" lon="-51.1352830">
    <ele>1038.6</ele>
   </trkpt>
   <trkpt lat="-26.3624610" lon="-51.1352830">
    <ele>1038.6</ele>
   </trkpt>
   <trkpt lat="-26.3624610" lon="-51.1352830">
    <ele>1038.6</ele>
   </trkpt>
   <trkpt lat="-26.3624610" lon="-51.1352830">
    <ele>1038.6</ele>
   </trkpt>
   <trkpt lat="-26.3624610" lon="-51.1352830">
    <ele>1038.6</ele>
   </trkpt>
   <trkpt lat="-26.3624610" lon="-51.1352830">
    <ele>1038.6</ele>
   </trkpt>
   <trkpt lat="-26.3624610" lon="-51.1352830">
    <ele>1038.6</ele>
   </trkpt>
   <trkpt lat="-26.3624610" lon="-51.1352830">
    <ele>1038.6</ele>
   </trkpt>
   <trkpt lat="-26.3624610" lon="-51.1352830">
    <ele>1038.6</ele>
   </trkpt>
   <trkpt lat="-26.3624610" lon="-51.1352830">
    <ele>1038.6</ele>
   </trkpt>
   <trkpt lat="-26.3624610" lon="-51.1352830">
    <ele>1038.6</ele>
   </trkpt>
   <trkpt lat="-26.3624610" lon="-51.1352830">
    <ele>1038.6</ele>
   </trkpt>
   <trkpt lat="-26.3624610" lon="-51.1352830">
    <ele>1038.6</ele>
   </trkpt>
   <trkpt lat="-26.3624610" lon="-51.1352830">
    <ele>1038.6</ele>
   </trkpt>
   <trkpt lat="-26.3624610" lon="-51.1352830">
    <ele>1038.6</ele>
   </trkpt>
   <trkpt lat="-26.3624610" lon="-51.1352830">
    <ele>1038.6</ele>
   </trkpt>
   <trkpt lat="-26.3624610" lon="-51.1352830">
    <ele>1038.6</ele>
   </trkpt>
   <trkpt lat="-26.3624610" lon="-51.1352830">
    <ele>1038.6</ele>
   </trkpt>
   <trkpt lat="-26.3624610" lon="-51.1352830">
    <ele>1038.6</ele>
   </trkpt>
   <trkpt lat="-26.3624610" lon="-51.1352830">
    <ele>1038.6</ele>
   </trkpt>
   <trkpt lat="-26.3624610" lon="-51.1352830">
    <ele>1038.6</ele>
   </trkpt>
   <trkpt lat="-26.3624610" lon="-51.1352830">
    <ele>1038.6</ele>
   </trkpt>
   <trkpt lat="-26.3624610" lon="-51.1352830">
    <ele>1038.6</ele>
   </trkpt>
   <trkpt lat="-26.3624610" lon="-51.1352830">
    <ele>1038.6</ele>
   </trkpt>
   <trkpt lat="-26.3624610" lon="-51.1352830">
    <ele>1038.6</ele>
   </trkpt>
   <trkpt lat="-26.3624610" lon="-51.1352830">
    <ele>1038.6</ele>
   </trkpt>
   <trkpt lat="-26.3624610" lon="-51.1352830">
    <ele>1038.6</ele>
   </trkpt>
   <trkpt lat="-26.3624610" lon="-51.1352830">
    <ele>1038.6</ele>
   </trkpt>
   <trkpt lat="-26.3624610" lon="-51.1352830">
    <ele>1038.6</ele>
   </trkpt>
   <trkpt lat="-26.3624610" lon="-51.1352830">
    <ele>1038.6</ele>
   </trkpt>
   <trkpt lat="-26.3624610" lon="-51.1352830">
    <ele>1038.6</ele>
   </trkpt>
   <trkpt lat="-26.3624610" lon="-51.1352830">
    <ele>1038.6</ele>
   </trkpt>
   <trkpt lat="-26.3624610" lon="-51.1352830">
    <ele>1038.6</ele>
   </trkpt>
   <trkpt lat="-26.3624600" lon="-51.1352820">
    <ele>1038.6</ele>
   </trkpt>
   <trkpt lat="-26.3624450" lon="-51.1352700">
    <ele>1038.6</ele>
   </trkpt>
   <trkpt lat="-26.3624310" lon="-51.1352540">
    <ele>1038.6</ele>
   </trkpt>
   <trkpt lat="-26.3624170" lon="-51.1352360">
    <ele>1038.6</ele>
   </trkpt>
   <trkpt lat="-26.3623980" lon="-51.1352080">
    <ele>1038.6</ele>
   </trkpt>
   <trkpt lat="-26.3623780" lon="-51.1351770">
    <ele>1038.5</ele>
   </trkpt>
   <trkpt lat="-26.3623570" lon="-51.1351430">
    <ele>1038.5</ele>
   </trkpt>
   <trkpt lat="-26.3623340" lon="-51.1351040">
    <ele>1038.5</ele>
   </trkpt>
   <trkpt lat="-26.3623060" lon="-51.1350630">
    <ele>1038.5</ele>
   </trkpt>
   <trkpt lat="-26.3622760" lon="-51.1350190">
    <ele>1038.5</ele>
   </trkpt>
   <trkpt lat="-26.3622540" lon="-51.1349680">
    <ele>1038.5</ele>
   </trkpt>
   <trkpt lat="-26.3622310" lon="-51.1349200">
    <ele>1038.5</ele>
   </trkpt>
   <trkpt lat="-26.3622040" lon="-51.1348720">
    <ele>1038.5</ele>
   </trkpt>
   <trkpt lat="-26.3621740" lon="-51.1348250">
    <ele>1038.6</ele>
   </trkpt>
   <trkpt lat="-26.3621440" lon="-51.1347790">
    <ele>1038.6</ele>
   </trkpt>
   <trkpt lat="-26.3621150" lon="-51.1347300">
    <ele>1038.6</ele>
   </trkpt>
   <trkpt lat="-26.3620830" lon="-51.1346840">
    <ele>1038.6</ele>
   </trkpt>
   <trkpt lat="-26.3620530" lon="-51.1346350">
    <ele>1038.6</ele>
   </trkpt>
   <trkpt lat="-26.3620190" lon="-51.1345890">
    <ele>1038.6</ele>
   </trkpt>
   <trkpt lat="-26.3619830" lon="-51.1345450">
    <ele>1038.6</ele>
   </trkpt>
   <trkpt lat="-26.3619410" lon="-51.1345050">
    <ele>1038.6</ele>
   </trkpt>
   <trkpt lat="-26.3618990" lon="-51.1344670">
    <ele>1038.6</ele>
   </trkpt>
   <trkpt lat="-26.3618590" lon="-51.1344320">
    <ele>1038.6</ele>
   </trkpt>
   <trkpt lat="-26.3618110" lon="-51.1343930">
    <ele>1038.6</ele>
   </trkpt>
   <trkpt lat="-26.3617810" lon="-51.1343670">
    <ele>1038.6</ele>
   </trkpt>
   <trkpt lat="-26.3617440" lon="-51.1343400">
    <ele>1038.7</ele>
   </trkpt>
   <trkpt lat="-26.3617040" lon="-51.1343180">
    <ele>1038.7</ele>
   </trkpt>
   <trkpt lat="-26.3616580" lon="-51.1342960">
    <ele>1038.8</ele>
   </trkpt>
   <trkpt lat="-26.3616180" lon="-51.1342800">
    <ele>1038.9</ele>
   </trkpt>
   <trkpt lat="-26.3615760" lon="-51.1342690">
    <ele>1039.0</ele>
   </trkpt>
   <trkpt lat="-26.3615420" lon="-51.1342600">
    <ele>1039.0</ele>
   </trkpt>
   <trkpt lat="-26.3615030" lon="-51.1342460">
    <ele>1039.1</ele>
   </trkpt>
   <trkpt lat="-26.3614630" lon="-51.1342330">
    <ele>1039.2</ele>
   </trkpt>
   <trkpt lat="-26.3614180" lon="-51.1342220">
    <ele>1039.3</ele>
   </trkpt>
   <trkpt lat="-26.3613790" lon="-51.1342140">
    <ele>1039.4</ele>
   </trkpt>
   <trkpt lat="-26.3613480" lon="-51.1342080">
    <ele>1039.5</ele>
   </trkpt>
   <trkpt lat="-26.3613080" lon="-51.1342030">
    <ele>1039.7</ele>
   </trkpt>
   <trkpt lat="-26.3612700" lon="-51.1341980">
    <ele>1039.8</ele>
   </trkpt>
   <trkpt lat="-26.3612230" lon="-51.1341950">
    <ele>1039.9</ele>
   </trkpt>
   <trkpt lat="-26.3611820" lon="-51.1341960">
    <ele>1040.0</ele>
   </trkpt>
   <trkpt lat="-26.3611510" lon="-51.1341970">
    <ele>1040.1</ele>
   </trkpt>
   <trkpt lat="-26.3611080" lon="-51.1341970">
    <ele>1040.2</ele>
   </trkpt>
   <trkpt lat="-26.3610670" lon="-51.1342000">
    <ele>1040.4</ele>
   </trkpt>
   <trkpt lat="-26.3610200" lon="-51.1342080">
    <ele>1040.5</ele>
   </trkpt>
   <trkpt lat="-26.3609820" lon="-51.1342170">
    <ele>1040.6</ele>
   </trkpt>
   <trkpt lat="-26.3609420" lon="-51.1342270">
    <ele>1040.7</ele>
   </trkpt>
   <trkpt lat="-26.3609110" lon="-51.1342320">
    <ele>1040.8</ele>
   </trkpt>
   <trkpt lat="-26.3608730" lon="-51.1342400">
    <ele>1040.9</ele>
   </trkpt>
   <trkpt lat="-26.3608350" lon="-51.1342480">
    <ele>1041.0</ele>
   </trkpt>
   <trkpt lat="-26.3607970" lon="-51.1342610">
    <ele>1041.0</ele>
   </trkpt>
   <trkpt lat="-26.3607600" lon="-51.1342780">
    <ele>1041.1</ele>
   </trkpt>
   <trkpt lat="-26.3607210" lon="-51.1342960">
    <ele>1041.2</ele>
   </trkpt>
   <trkpt lat="-26.3606830" lon="-51.1343130">
    <ele>1041.2</ele>
   </trkpt>
   <trkpt lat="-26.3606440" lon="-51.1343270">
    <ele>1041.3</ele>
   </trkpt>
   <trkpt lat="-26.3605960" lon="-51.1343460">
    <ele>1041.3</ele>
   </trkpt>
   <trkpt lat="-26.3605530" lon="-51.1343600">
    <ele>1041.4</ele>
   </trkpt>
   <trkpt lat="-26.3605090" lon="-51.1343750">
    <ele>1041.4</ele>
   </trkpt>
   <trkpt lat="-26.3604640" lon="-51.1343920">
    <ele>1041.5</ele>
   </trkpt>
   <trkpt lat="-26.3604280" lon="-51.1344060">
    <ele>1041.5</ele>
   </trkpt>
   <trkpt lat="-26.3603730" lon="-51.1344290">
    <ele>1041.6</ele>
   </trkpt>
   <trkpt lat="-26.3603240" lon="-51.1344480">
    <ele>1041.7</ele>
   </trkpt>
   <trkpt lat="-26.3602730" lon="-51.1344710">
    <ele>1041.8</ele>
   </trkpt>
   <trkpt lat="-26.3602220" lon="-51.1344890">
    <ele>1041.9</ele>
   </trkpt>
   <trkpt lat="-26.3601690" lon="-51.1345020">
    <ele>1041.9</ele>
   </trkpt>
   <trkpt lat="-26.3601130" lon="-51.1345140">
    <ele>1041.9</ele>
   </trkpt>
   <trkpt lat="-26.3600570" lon="-51.1345180">
    <ele>1041.9</ele>
   </trkpt>
   <trkpt lat="-26.3600020" lon="-51.1345200">
    <ele>1042.0</ele>
   </trkpt>
   <trkpt lat="-26.3599420" lon="-51.1345240">
    <ele>1042.0</ele>
   </trkpt>
   <trkpt lat="-26.3598820" lon="-51.1345240">
    <ele>1042.0</ele>
   </trkpt>
   <trkpt lat="-26.3598340" lon="-51.1345230">
    <ele>1042.0</ele>
   </trkpt>
   <trkpt lat="-26.3597650" lon="-51.1345190">
    <ele>1042.1</ele>
   </trkpt>
   <trkpt lat="-26.3597080" lon="-51.1345100">
    <ele>1042.1</ele>
   </trkpt>
   <trkpt lat="-26.3596530" lon="-51.1344930">
    <ele>1042.0</ele>
   </trkpt>
   <trkpt lat="-26.3596010" lon="-51.1344720">
    <ele>1042.0</ele>
   </trkpt>
   <trkpt lat="-26.3595510" lon="-51.1344440">
    <ele>1042.0</ele>
   </trkpt>
   <trkpt lat="-26.3595020" lon="-51.1344150">
    <ele>1042.0</ele>
   </trkpt>
   <trkpt lat="-26.3594490" lon="-51.1343830">
    <ele>1042.0</ele>
   </trkpt>
   <trkpt lat="-26.3593960" lon="-51.1343480">
    <ele>1042.1</ele>
   </trkpt>
   <trkpt lat="-26.3593420" lon="-51.1343150">
    <ele>1042.2</ele>
   </trkpt>
   <trkpt lat="-26.3592910" lon="-51.1342860">
    <ele>1042.4</ele>
   </trkpt>
   <trkpt lat="-26.3592300" lon="-51.1342600">
    <ele>1042.7</ele>
   </trkpt>
   <trkpt lat="-26.3591750" lon="-51.1342340">
    <ele>1043.0</ele>
   </trkpt>
   <trkpt lat="-26.3591180" lon="-51.1342070">
    <ele>1043.3</ele>
   </trkpt>
   <trkpt lat="-26.3590650" lon="-51.1341880">
    <ele>1043.7</ele>
   </trkpt>
   <trkpt lat="-26.3590090" lon="-51.1341720">
    <ele>1044.0</ele>
   </trkpt>
   <trkpt lat="-26.3589550" lon="-51.1341610">
    <ele>1044.4</ele>
   </trkpt>
   <trkpt lat="-26.3589010" lon="-51.1341570">
    <ele>1044.7</ele>
   </trkpt>
   <trkpt lat="-26.3588430" lon="-51.1341570">
    <ele>1044.9</ele>
   </trkpt>
   <trkpt lat="-26.3587900" lon="-51.1341580">
    <ele>1045.1</ele>
   </trkpt>
   <trkpt lat="-26.3587430" lon="-51.1341520">
    <ele>1045.2</ele>
   </trkpt>
   <trkpt lat="-26.3586930" lon="-51.1341510">
    <ele>1045.3</ele>
   </trkpt>
   <trkpt lat="-26.3586530" lon="-51.1341490">
    <ele>1045.3</ele>
   </trkpt>
   <trkpt lat="-26.3585880" lon="-51.1341550">
    <ele>1045.3</ele>
   </trkpt>
   <trkpt lat="-26.3585420" lon="-51.1341590">
    <ele>1045.3</ele>
   </trkpt>
   <trkpt lat="-26.3584840" lon="-51.1341710">
    <ele>1045.2</ele>
   </trkpt>
   <trkpt lat="-26.3584260" lon="-51.1341850">
    <ele>1045.3</ele>
   </trkpt>
   <trkpt lat="-26.3583670" lon="-51.1342040">
    <ele>1045.3</ele>
   </trkpt>
   <trkpt lat="-26.3583140" lon="-51.1342280">
    <ele>1045.3</ele>
   </trkpt>
   <trkpt lat="-26.3582620" lon="-51.1342540">
    <ele>1045.3</ele>
   </trkpt>
   <trkpt lat="-26.3582090" lon="-51.1342800">
    <ele>1045.2</ele>
   </trkpt>
   <trkpt lat="-26.3581600" lon="-51.1343080">
    <ele>1045.0</ele>
   </trkpt>
   <trkpt lat="-26.3581130" lon="-51.1343430">
    <ele>1044.6</ele>
   </trkpt>
   <trkpt lat="-26.3580630" lon="-51.1343840">
    <ele>1044.1</ele>
   </trkpt>
   <trkpt lat="-26.3580110" lon="-51.1344290">
    <ele>1043.6</ele>
   </trkpt>
   <trkpt lat="-26.3579530" lon="-51.1344820">
    <ele>1043.0</ele>
   </trkpt>
   <trkpt lat="-26.3578920" lon="-51.1345440">
    <ele>1042.4</ele>
   </trkpt>
   <trkpt lat="-26.3578350" lon="-51.1346090">
    <ele>1042.0</ele>
   </trkpt>
   <trkpt lat="-26.3577790" lon="-51.1346770">
    <ele>1041.7</ele>
   </trkpt>
   <trkpt lat="-26.3577280" lon="-51.1347450">
    <ele>1041.4</ele>
   </trkpt>
   <trkpt lat="-26.3576740" lon="-51.1348100">
    <ele>1041.1</ele>
   </trkpt>
   <trkpt lat="-26.3576180" lon="-51.1348740">
    <ele>1040.8</ele>
   </trkpt>
   <trkpt lat="-26.3575610" lon="-51.1349360">
    <ele>1040.5</ele>
   </trkpt>
   <trkpt lat="-26.3575020" lon="-51.1349930">
    <ele>1040.4</ele>
   </trkpt>
   <trkpt lat="-26.3574380" lon="-51.1350420">
    <ele>1040.2</ele>
   </trkpt>
   <trkpt lat="-26.3573730" lon="-51.1350800">
    <ele>1040.1</ele>
   </trkpt>
   <trkpt lat="-26.3573050" lon="-51.1351110">
    <ele>1040.1</ele>
   </trkpt>
   <trkpt lat="-26.3572370" lon="-51.1351370">
    <ele>1040.0</ele>
   </trkpt>
   <trkpt lat="-26.3571660" lon="-51.1351560">
    <ele>1039.9</ele>
   </trkpt>
   <trkpt lat="-26.3570950" lon="-51.1351770">
    <ele>1039.8</ele>
   </trkpt>
   <trkpt lat="-26.3570240" lon="-51.1351940">
    <ele>1039.7</ele>
   </trkpt>
   <trkpt lat="-26.3569550" lon="-51.1352020">
    <ele>1039.6</ele>
   </trkpt>
   <trkpt lat="-26.3568830" lon="-51.1352030">
    <ele>1039.5</ele>
   </trkpt>
   <trkpt lat="-26.3568130" lon="-51.1351990">
    <ele>1039.4</ele>
   </trkpt>
   <trkpt lat="-26.3567440" lon="-51.1351880">
    <ele>1039.4</ele>
   </trkpt>
   <trkpt lat="-26.3566770" lon="-51.1351750">
    <ele>1039.3</ele>
   </trkpt>
   <trkpt lat="-26.3566090" lon="-51.1351620">
    <ele>1039.3</ele>
   </trkpt>
   <trkpt lat="-26.3565400" lon="-51.1351490">
    <ele>1039.3</ele>
   </trkpt>
   <trkpt lat="-26.3564710" lon="-51.1351390">
    <ele>1039.2</ele>
   </trkpt>
   <trkpt lat="-26.3564060" lon="-51.1351290">
    <ele>1039.1</ele>
   </trkpt>
   <trkpt lat="-26.3563400" lon="-51.1351210">
    <ele>1039.0</ele>
   </trkpt>
   <trkpt lat="-26.3562730" lon="-51.1351110">
    <ele>1038.8</ele>
   </trkpt>
   <trkpt lat="-26.3562070" lon="-51.1351010">
    <ele>1038.6</ele>
   </trkpt>
   <trkpt lat="-26.3561420" lon="-51.1350930">
    <ele>1038.4</ele>
   </trkpt>
   <trkpt lat="-26.3560790" lon="-51.1350850">
    <ele>1038.2</ele>
   </trkpt>
   <trkpt lat="-26.3560160" lon="-51.1350770">
    <ele>1038.0</ele>
   </trkpt>
   <trkpt lat="-26.3559550" lon="-51.1350670">
    <ele>1037.9</ele>
   </trkpt>
   <trkpt lat="-26.3558940" lon="-51.1350590">
    <ele>1037.8</ele>
   </trkpt>
   <trkpt lat="-26.3558300" lon="-51.1350500">
    <ele>1037.7</ele>
   </trkpt>
   <trkpt lat="-26.3557660" lon="-51.1350390">
    <ele>1037.7</ele>
   </trkpt>
   <trkpt lat="-26.3557020" lon="-51.1350270">
    <ele>1037.6</ele>
   </trkpt>
   <trkpt lat="-26.3556400" lon="-51.1350140">
    <ele>1037.6</ele>
   </trkpt>
   <trkpt lat="-26.3555800" lon="-51.1349970">
    <ele>1037.6</ele>
   </trkpt>
   <trkpt lat="-26.3555210" lon="-51.1349810">
    <ele>1037.7</ele>
   </trkpt>
   <trkpt lat="-26.3554670" lon="-51.1349600">
    <ele>1037.7</ele>
   </trkpt>
   <trkpt lat="-26.3554130" lon="-51.1349330">
    <ele>1037.8</ele>
   </trkpt>
   <trkpt lat="-26.3553560" lon="-51.1349040">
    <ele>1037.7</ele>
   </trkpt>
   <trkpt lat="-26.3553020" lon="-51.1348690">
    <ele>1037.6</ele>
   </trkpt>
   <trkpt lat="-26.3552510" lon="-51.1348290">
    <ele>1037.5</ele>
   </trkpt>
   <trkpt lat="-26.3552000" lon="-51.1347900">
    <ele>1037.4</ele>
   </trkpt>
   <trkpt lat="-26.3551490" lon="-51.1347470">
    <ele>1037.3</ele>
   </trkpt>
   <trkpt lat="-26.3550990" lon="-51.1347020">
    <ele>1037.3</ele>
   </trkpt>
   <trkpt lat="-26.3550510" lon="-51.1346540">
    <ele>1037.2</ele>
   </trkpt>
   <trkpt lat="-26.3550000" lon="-51.1346060">
    <ele>1037.2</ele>
   </trkpt>
   <trkpt lat="-26.3549520" lon="-51.1345560">
    <ele>1037.1</ele>
   </trkpt>
   <trkpt lat="-26.3549060" lon="-51.1345010">
    <ele>1037.1</ele>
   </trkpt>
   <trkpt lat="-26.3548640" lon="-51.1344470">
    <ele>1037.1</ele>
   </trkpt>
   <trkpt lat="-26.3548210" lon="-51.1343920">
    <ele>1037.1</ele>
   </trkpt>
   <trkpt lat="-26.3547850" lon="-51.1343350">
    <ele>1037.2</ele>
   </trkpt>
   <trkpt lat="-26.3547520" lon="-51.1342770">
    <ele>1037.2</ele>
   </trkpt>
   <trkpt lat="-26.3547230" lon="-51.1342120">
    <ele>1037.3</ele>
   </trkpt>
   <trkpt lat="-26.3546980" lon="-51.1341470">
    <ele>1037.5</ele>
   </trkpt>
   <trkpt lat="-26.3546760" lon="-51.1340810">
    <ele>1037.7</ele>
   </trkpt>
   <trkpt lat="-26.3546590" lon="-51.1340150">
    <ele>1037.9</ele>
   </trkpt>
   <trkpt lat="-26.3546450" lon="-51.1339500">
    <ele>1038.0</ele>
   </trkpt>
   <trkpt lat="-26.3546330" lon="-51.1338860">
    <ele>1038.2</ele>
   </trkpt>
   <trkpt lat="-26.3546210" lon="-51.1338220">
    <ele>1038.4</ele>
   </trkpt>
   <trkpt lat="-26.3546110" lon="-51.1337580">
    <ele>1038.6</ele>
   </trkpt>
   <trkpt lat="-26.3546030" lon="-51.1336940">
    <ele>1038.7</ele>
   </trkpt>
   <trkpt lat="-26.3545930" lon="-51.1336160">
    <ele>1038.9</ele>
   </trkpt>
   <trkpt lat="-26.3545850" lon="-51.1335630">
    <ele>1039.1</ele>
   </trkpt>
   <trkpt lat="-26.3545750" lon="-51.1334980">
    <ele>1039.2</ele>
   </trkpt>
   <trkpt lat="-26.3545660" lon="-51.1334360">
    <ele>1039.4</ele>
   </trkpt>
   <trkpt lat="-26.3545580" lon="-51.1333620">
    <ele>1039.6</ele>
   </trkpt>
   <trkpt lat="-26.3545520" lon="-51.1333010">
    <ele>1039.8</ele>
   </trkpt>
   <trkpt lat="-26.3545450" lon="-51.1332390">
    <ele>1039.9</ele>
   </trkpt>
   <trkpt lat="-26.3545370" lon="-51.1331770">
    <ele>1040.0</ele>
   </trkpt>
   <trkpt lat="-26.3545260" lon="-51.1331130">
    <ele>1040.2</ele>
   </trkpt>
   <trkpt lat="-26.3545170" lon="-51.1330520">
    <ele>1040.3</ele>
   </trkpt>
   <trkpt lat="-26.3545090" lon="-51.1330010">
    <ele>1040.4</ele>
   </trkpt>
   <trkpt lat="-26.3545060" lon="-51.1329380">
    <ele>1040.5</ele>
   </trkpt>
   <trkpt lat="-26.3545020" lon="-51.1328750">
    <ele>1040.6</ele>
   </trkpt>
   <trkpt lat="-26.3545000" lon="-51.1328110">
    <ele>1040.8</ele>
   </trkpt>
   <trkpt lat="-26.3544920" lon="-51.1327460">
    <ele>1040.9</ele>
   </trkpt>
   <trkpt lat="-26.3544820" lon="-51.1326840">
    <ele>1041.0</ele>
   </trkpt>
   <trkpt lat="-26.3544730" lon="-51.1326260">
    <ele>1041.2</ele>
   </trkpt>
   <trkpt lat="-26.3544670" lon="-51.1325710">
    <ele>1041.3</ele>
   </trkpt>
   <trkpt lat="-26.3544700" lon="-51.1325130">
    <ele>1041.4</ele>
   </trkpt>
   <trkpt lat="-26.3544690" lon="-51.1324540">
    <ele>1041.6</ele>
   </trkpt>
   <trkpt lat="-26.3544640" lon="-51.1323850">
    <ele>1041.7</ele>
   </trkpt>
   <trkpt lat="-26.3544580" lon="-51.1323360">
    <ele>1041.8</ele>
   </trkpt>
   <trkpt lat="-26.3544540" lon="-51.1322770">
    <ele>1041.9</ele>
   </trkpt>
   <trkpt lat="-26.3544510" lon="-51.1322180">
    <ele>1042.1</ele>
   </trkpt>
   <trkpt lat="-26.3544440" lon="-51.1321570">
    <ele>1042.2</ele>
   </trkpt>
   <trkpt lat="-26.3544400" lon="-51.1320920">
    <ele>1042.3</ele>
   </trkpt>
   <trkpt lat="-26.3544320" lon="-51.1320260">
    <ele>1042.5</ele>
   </trkpt>
   <trkpt lat="-26.3544220" lon="-51.1319640">
    <ele>1042.6</ele>
   </trkpt>
   <trkpt lat="-26.3544160" lon="-51.1319020">
    <ele>1042.8</ele>
   </trkpt>
   <trkpt lat="-26.3544120" lon="-51.1318340">
    <ele>1042.9</ele>
   </trkpt>
   <trkpt lat="-26.3544090" lon="-51.1317690">
    <ele>1043.0</ele>
   </trkpt>
   <trkpt lat="-26.3544070" lon="-51.1316900">
    <ele>1043.1</ele>
   </trkpt>
   <trkpt lat="-26.3544080" lon="-51.1316240">
    <ele>1043.2</ele>
   </trkpt>
   <trkpt lat="-26.3544010" lon="-51.1315700">
    <ele>1043.4</ele>
   </trkpt>
   <trkpt lat="-26.3544060" lon="-51.1315050">
    <ele>1043.5</ele>
   </trkpt>
   <trkpt lat="-26.3544130" lon="-51.1314410">
    <ele>1043.7</ele>
   </trkpt>
   <trkpt lat="-26.3544210" lon="-51.1313740">
    <ele>1043.9</ele>
   </trkpt>
   <trkpt lat="-26.3544340" lon="-51.1313100">
    <ele>1044.0</ele>
   </trkpt>
   <trkpt lat="-26.3544510" lon="-51.1312390">
    <ele>1044.2</ele>
   </trkpt>
   <trkpt lat="-26.3544710" lon="-51.1311730">
    <ele>1044.4</ele>
   </trkpt>
   <trkpt lat="-26.3544950" lon="-51.1311110">
    <ele>1044.6</ele>
   </trkpt>
   <trkpt lat="-26.3545280" lon="-51.1310380">
    <ele>1044.8</ele>
   </trkpt>
   <trkpt lat="-26.3545540" lon="-51.1309890">
    <ele>1045.0</ele>
   </trkpt>
   <trkpt lat="-26.3545950" lon="-51.1309220">
    <ele>1045.3</ele>
   </trkpt>
   <trkpt lat="-26.3546280" lon="-51.1308800">
    <ele>1045.5</ele>
   </trkpt>
   <trkpt lat="-26.3546730" lon="-51.1308310">
    <ele>1045.8</ele>
   </trkpt>
   <trkpt lat="-26.3547200" lon="-51.1307840">
    <ele>1046.1</ele>
   </trkpt>
   <trkpt lat="-26.3547740" lon="-51.1307280">
    <ele>1046.4</ele>
   </trkpt>
   <trkpt lat="-26.3548140" lon="-51.1306810">
    <ele>1046.6</ele>
   </trkpt>
   <trkpt lat="-26.3548540" lon="-51.1306380">
    <ele>1046.9</ele>
   </trkpt>
   <trkpt lat="-26.3548960" lon="-51.1305930">
    <ele>1047.1</ele>
   </trkpt>
   <trkpt lat="-26.3549280" lon="-51.1305590">
    <ele>1047.3</ele>
   </trkpt>
   <trkpt lat="-26.3549720" lon="-51.1305110">
    <ele>1047.5</ele>
   </trkpt>
   <trkpt lat="-26.3550240" lon="-51.1304560">
    <ele>1047.8</ele>
   </trkpt>
   <trkpt lat="-26.3550690" lon="-51.1304120">
    <ele>1048.0</ele>
   </trkpt>
   <trkpt lat="-26.3551040" lon="-51.1303770">
    <ele>1048.2</ele>
   </trkpt>
   <trkpt lat="-26.3551590" lon="-51.1303260">
    <ele>1048.5</ele>
   </trkpt>
   <trkpt lat="-26.3551970" lon="-51.1302900">
    <ele>1048.6</ele>
   </trkpt>
   <trkpt lat="-26.3552550" lon="-51.1302390">
    <ele>1048.9</ele>
   </trkpt>
   <trkpt lat="-26.3552970" lon="-51.1302090">
    <ele>1049.0</ele>
   </trkpt>
   <trkpt lat="-26.3553500" lon="-51.1301730">
    <ele>1049.1</ele>
   </trkpt>
   <trkpt lat="-26.3554020" lon="-51.1301330">
    <ele>1049.3</ele>
   </trkpt>
   <trkpt lat="-26.3554540" lon="-51.1300950">
    <ele>1049.4</ele>
   </trkpt>
   <trkpt lat="-26.3555110" lon="-51.1300560">
    <ele>1049.6</ele>
   </trkpt>
   <trkpt lat="-26.3555690" lon="-51.1300210">
    <ele>1049.8</ele>
   </trkpt>
   <trkpt lat="-26.3556220" lon="-51.1299940">
    <ele>1050.0</ele>
   </trkpt>
   <trkpt lat="-26.3556740" lon="-51.1299730">
    <ele>1050.1</ele>
   </trkpt>
   <trkpt lat="-26.3557280" lon="-51.1299540">
    <ele>1050.3</ele>
   </trkpt>
   <trkpt lat="-26.3557830" lon="-51.1299440">
    <ele>1050.5</ele>
   </trkpt>
   <trkpt lat="-26.3558510" lon="-51.1299360">
    <ele>1050.7</ele>
   </trkpt>
   <trkpt lat="-26.3559020" lon="-51.1299370">
    <ele>1050.8</ele>
   </trkpt>
   <trkpt lat="-26.3559630" lon="-51.1299410">
    <ele>1051.0</ele>
   </trkpt>
   <trkpt lat="-26.3560220" lon="-51.1299440">
    <ele>1051.2</ele>
   </trkpt>
   <trkpt lat="-26.3560820" lon="-51.1299470">
    <ele>1051.4</ele>
   </trkpt>
   <trkpt lat="-26.3561400" lon="-51.1299530">
    <ele>1051.5</ele>
   </trkpt>
   <trkpt lat="-26.3562030" lon="-51.1299580">
    <ele>1051.7</ele>
   </trkpt>
   <trkpt lat="-26.3562650" lon="-51.1299650">
    <ele>1051.9</ele>
   </trkpt>
   <trkpt lat="-26.3563250" lon="-51.1299730">
    <ele>1052.0</ele>
   </trkpt>
   <trkpt lat="-26.3563860" lon="-51.1299770">
    <ele>1052.2</ele>
   </trkpt>
   <trkpt lat="-26.3564480" lon="-51.1299800">
    <ele>1052.3</ele>
   </trkpt>
   <trkpt lat="-26.3565120" lon="-51.1299860">
    <ele>1052.5</ele>
   </trkpt>
   <trkpt lat="-26.3565750" lon="-51.1299910">
    <ele>1052.7</ele>
   </trkpt>
   <trkpt lat="-26.3566370" lon="-51.1299980">
    <ele>1052.9</ele>
   </trkpt>
   <trkpt lat="-26.3567000" lon="-51.1299990">
    <ele>1053.1</ele>
   </trkpt>
   <trkpt lat="-26.3567620" lon="-51.1300000">
    <ele>1053.3</ele>
   </trkpt>
   <trkpt lat="-26.3568220" lon="-51.1299980">
    <ele>1053.6</ele>
   </trkpt>
   <trkpt lat="-26.3568800" lon="-51.1299940">
    <ele>1053.8</ele>
   </trkpt>
   <trkpt lat="-26.3569380" lon="-51.1299860">
    <ele>1054.1</ele>
   </trkpt>
   <trkpt lat="-26.3569970" lon="-51.1299820">
    <ele>1054.3</ele>
   </trkpt>
   <trkpt lat="-26.3570560" lon="-51.1299760">
    <ele>1054.6</ele>
   </trkpt>
   <trkpt lat="-26.3571140" lon="-51.1299660">
    <ele>1054.9</ele>
   </trkpt>
   <trkpt lat="-26.3571700" lon="-51.1299500">
    <ele>1055.2</ele>
   </trkpt>
   <trkpt lat="-26.3572220" lon="-51.1299330">
    <ele>1055.5</ele>
   </trkpt>
   <trkpt lat="-26.3572690" lon="-51.1299120">
    <ele>1055.7</ele>
   </trkpt>
   <trkpt lat="-26.3573150" lon="-51.1298830">
    <ele>1056.0</ele>
   </trkpt>
   <trkpt lat="-26.3573620" lon="-51.1298510">
    <ele>1056.3</ele>
   </trkpt>
   <trkpt lat="-26.3574090" lon="-51.1298140">
    <ele>1056.5</ele>
   </trkpt>
   <trkpt lat="-26.3574560" lon="-51.1297740">
    <ele>1056.7</ele>
   </trkpt>
   <trkpt lat="-26.3575040" lon="-51.1297290">
    <ele>1056.9</ele>
   </trkpt>
   <trkpt lat="-26.3575450" lon="-51.1296800">
    <ele>1057.1</ele>
   </trkpt>
   <trkpt lat="-26.3575820" lon="-51.1296300">
    <ele>1057.2</ele>
   </trkpt>
   <trkpt lat="-26.3576130" lon="-51.1295730">
    <ele>1057.3</ele>
   </trkpt>
   <trkpt lat="-26.3576400" lon="-51.1295070">
    <ele>1057.5</ele>
   </trkpt>
   <trkpt lat="-26.3576660" lon="-51.1294410">
    <ele>1057.6</ele>
   </trkpt>
   <trkpt lat="-26.3576900" lon="-51.1293730">
    <ele>1057.7</ele>
   </trkpt>
   <trkpt lat="-26.3577060" lon="-51.1293030">
    <ele>1057.9</ele>
   </trkpt>
   <trkpt lat="-26.3577220" lon="-51.1292330">
    <ele>1058.0</ele>
   </trkpt>
   <trkpt lat="-26.3577390" lon="-51.1291660">
    <ele>1058.2</ele>
   </trkpt>
   <trkpt lat="-26.3577570" lon="-51.1290960">
    <ele>1058.3</ele>
   </trkpt>
   <trkpt lat="-26.3577770" lon="-51.1290220">
    <ele>1058.4</ele>
   </trkpt>
   <trkpt lat="-26.3578000" lon="-51.1289380">
    <ele>1058.5</ele>
   </trkpt>
   <trkpt lat="-26.3578140" lon="-51.1288810">
    <ele>1058.5</ele>
   </trkpt>
   <trkpt lat="-26.3578240" lon="-51.1288150">
    <ele>1058.5</ele>
   </trkpt>
   <trkpt lat="-26.3578390" lon="-51.1287510">
    <ele>1058.6</ele>
   </trkpt>
   <trkpt lat="-26.3578670" lon="-51.1286780">
    <ele>1058.6</ele>
   </trkpt>
   <trkpt lat="-26.3578950" lon="-51.1286090">
    <ele>1058.6</ele>
   </trkpt>
   <trkpt lat="-26.3579280" lon="-51.1285350">
    <ele>1058.6</ele>
   </trkpt>
   <trkpt lat="-26.3579640" lon="-51.1284640">
    <ele>1058.5</ele>
   </trkpt>
   <trkpt lat="-26.3580000" lon="-51.1283960">
    <ele>1058.5</ele>
   </trkpt>
   <trkpt lat="-26.3580410" lon="-51.1283280">
    <ele>1058.5</ele>
   </trkpt>
   <trkpt lat="-26.3580700" lon="-51.1282760">
    <ele>1058.5</ele>
   </trkpt>
   <trkpt lat="-26.3580990" lon="-51.1282230">
    <ele>1058.5</ele>
   </trkpt>
   <trkpt lat="-26.3581560" lon="-51.1281180">
    <ele>1058.6</ele>
   </trkpt>
   <trkpt lat="-26.3581910" lon="-51.1280490">
    <ele>1058.6</ele>
   </trkpt>
   <trkpt lat="-26.3582240" lon="-51.1279800">
    <ele>1058.7</ele>
   </trkpt>
   <trkpt lat="-26.3582520" lon="-51.1279090">
    <ele>1058.7</ele>
   </trkpt>
   <trkpt lat="-26.3582870" lon="-51.1278220">
    <ele>1058.8</ele>
   </trkpt>
   <trkpt lat="-26.3583070" lon="-51.1277630">
    <ele>1058.9</ele>
   </trkpt>
   <trkpt lat="-26.3583310" lon="-51.1276900">
    <ele>1058.9</ele>
   </trkpt>
   <trkpt lat="-26.3583530" lon="-51.1276110">
    <ele>1059.0</ele>
   </trkpt>
   <trkpt lat="-26.3583700" lon="-51.1275300">
    <ele>1059.0</ele>
   </trkpt>
   <trkpt lat="-26.3583800" lon="-51.1274470">
    <ele>1059.1</ele>
   </trkpt>
   <trkpt lat="-26.3583820" lon="-51.1273660">
    <ele>1059.1</ele>
   </trkpt>
   <trkpt lat="-26.3583770" lon="-51.1272880">
    <ele>1059.0</ele>
   </trkpt>
   <trkpt lat="-26.3583690" lon="-51.1272050">
    <ele>1058.9</ele>
   </trkpt>
   <trkpt lat="-26.3583610" lon="-51.1271230">
    <ele>1058.8</ele>
   </trkpt>
   <trkpt lat="-26.3583500" lon="-51.1270370">
    <ele>1058.7</ele>
   </trkpt>
   <trkpt lat="-26.3583400" lon="-51.1269550">
    <ele>1058.6</ele>
   </trkpt>
   <trkpt lat="-26.3583230" lon="-51.1268770">
    <ele>1058.5</ele>
   </trkpt>
   <trkpt lat="-26.3583000" lon="-51.1267950">
    <ele>1058.4</ele>
   </trkpt>
   <trkpt lat="-26.3582840" lon="-51.1267060">
    <ele>1058.3</ele>
   </trkpt>
   <trkpt lat="-26.3582830" lon="-51.1266080">
    <ele>1058.2</ele>
   </trkpt>
   <trkpt lat="-26.3582730" lon="-51.1264930">
    <ele>1058.3</ele>
   </trkpt>
   <trkpt lat="-26.3582620" lon="-51.1264230">
    <ele>1058.3</ele>
   </trkpt>
   <trkpt lat="-26.3582430" lon="-51.1263240">
    <ele>1058.4</ele>
   </trkpt>
   <trkpt lat="-26.3582170" lon="-51.1262270">
    <ele>1058.5</ele>
   </trkpt>
   <trkpt lat="-26.3581800" lon="-51.1261340">
    <ele>1058.6</ele>
   </trkpt>
   <trkpt lat="-26.3581440" lon="-51.1260340">
    <ele>1058.7</ele>
   </trkpt>
   <trkpt lat="-26.3581210" lon="-51.1259660">
    <ele>1058.8</ele>
   </trkpt>
   <trkpt lat="-26.3580950" lon="-51.1258820">
    <ele>1058.8</ele>
   </trkpt>
   <trkpt lat="-26.3580510" lon="-51.1258080">
    <ele>1058.9</ele>
   </trkpt>
   <trkpt lat="-26.3580010" lon="-51.1257350">
    <ele>1059.0</ele>
   </trkpt>
   <trkpt lat="-26.3579440" lon="-51.1256670">
    <ele>1058.9</ele>
   </trkpt>
   <trkpt lat="-26.3578770" lon="-51.1256060">
    <ele>1058.8</ele>
   </trkpt>
   <trkpt lat="-26.3578000" lon="-51.1255530">
    <ele>1058.5</ele>
   </trkpt>
   <trkpt lat="-26.3577200" lon="-51.1255070">
    <ele>1058.2</ele>
   </trkpt>
   <trkpt lat="-26.3576390" lon="-51.1254640">
    <ele>1057.7</ele>
   </trkpt>
   <trkpt lat="-26.3575590" lon="-51.1254130">
    <ele>1057.2</ele>
   </trkpt>
   <trkpt lat="-26.3574770" lon="-51.1253560">
    <ele>1056.8</ele>
   </trkpt>
   <trkpt lat="-26.3573930" lon="-51.1252900">
    <ele>1056.4</ele>
   </trkpt>
   <trkpt lat="-26.3573140" lon="-51.1252180">
    <ele>1056.1</ele>
   </trkpt>
   <trkpt lat="-26.3572400" lon="-51.1251370">
    <ele>1055.9</ele>
   </trkpt>
   <trkpt lat="-26.3571640" lon="-51.1250570">
    <ele>1055.7</ele>
   </trkpt>
   <trkpt lat="-26.3570900" lon="-51.1249780">
    <ele>1055.6</ele>
   </trkpt>
   <trkpt lat="-26.3570140" lon="-51.1249030">
    <ele>1055.5</ele>
   </trkpt>
   <trkpt lat="-26.3569310" lon="-51.1248360">
    <ele>1055.4</ele>
   </trkpt>
   <trkpt lat="-26.3568380" lon="-51.1247840">
    <ele>1055.3</ele>
   </trkpt>
   <trkpt lat="-26.3567490" lon="-51.1247390">
    <ele>1055.1</ele>
   </trkpt>
   <trkpt lat="-26.3566580" lon="-51.1247080">
    <ele>1054.9</ele>
   </trkpt>
   <trkpt lat="-26.3565610" lon="-51.1246870">
    <ele>1054.7</ele>
   </trkpt>
   <trkpt lat="-26.3564610" lon="-51.1246740">
    <ele>1054.5</ele>
   </trkpt>
   <trkpt lat="-26.3563590" lon="-51.1246700">
    <ele>1054.4</ele>
   </trkpt>
   <trkpt lat="-26.3562570" lon="-51.1246690">
    <ele>1054.3</ele>
   </trkpt>
   <trkpt lat="-26.3561560" lon="-51.1246670">
    <ele>1054.4</ele>
   </trkpt>
   <trkpt lat="-26.3560560" lon="-51.1246670">
    <ele>1054.5</ele>
   </trkpt>
   <trkpt lat="-26.3559610" lon="-51.1246630">
    <ele>1054.6</ele>
   </trkpt>
   <trkpt lat="-26.3558680" lon="-51.1246600">
    <ele>1054.7</ele>
   </trkpt>
   <trkpt lat="-26.3557760" lon="-51.1246590">
    <ele>1054.7</ele>
   </trkpt>
   <trkpt lat="-26.3556820" lon="-51.1246580">
    <ele>1054.9</ele>
   </trkpt>
   <trkpt lat="-26.3555850" lon="-51.1246580">
    <ele>1055.0</ele>
   </trkpt>
   <trkpt lat="-26.3554870" lon="-51.1246590">
    <ele>1055.0</ele>
   </trkpt>
   <trkpt lat="-26.3553900" lon="-51.1246630">
    <ele>1055.1</ele>
   </trkpt>
   <trkpt lat="-26.3552750" lon="-51.1246600">
    <ele>1055.2</ele>
   </trkpt>
   <trkpt lat="-26.3551810" lon="-51.1246650">
    <ele>1055.3</ele>
   </trkpt>
   <trkpt lat="-26.3551050" lon="-51.1246720">
    <ele>1055.4</ele>
   </trkpt>
   <trkpt lat="-26.3550110" lon="-51.1246780">
    <ele>1055.6</ele>
   </trkpt>
   <trkpt lat="-26.3549190" lon="-51.1246850">
    <ele>1055.7</ele>
   </trkpt>
   <trkpt lat="-26.3548250" lon="-51.1246960">
    <ele>1055.9</ele>
   </trkpt>
   <trkpt lat="-26.3547320" lon="-51.1247050">
    <ele>1056.0</ele>
   </trkpt>
   <trkpt lat="-26.3546380" lon="-51.1247110">
    <ele>1056.1</ele>
   </trkpt>
   <trkpt lat="-26.3545470" lon="-51.1247170">
    <ele>1056.2</ele>
   </trkpt>
   <trkpt lat="-26.3544540" lon="-51.1247250">
    <ele>1056.3</ele>
   </trkpt>
   <trkpt lat="-26.3543550" lon="-51.1247340">
    <ele>1056.4</ele>
   </trkpt>
   <trkpt lat="-26.3542550" lon="-51.1247380">
    <ele>1056.4</ele>
   </trkpt>
   <trkpt lat="-26.3541350" lon="-51.1247370">
    <ele>1056.5</ele>
   </trkpt>
   <trkpt lat="-26.3540560" lon="-51.1247270">
    <ele>1056.5</ele>
   </trkpt>
   <trkpt lat="-26.3539620" lon="-51.1247150">
    <ele>1056.5</ele>
   </trkpt>
   <trkpt lat="-26.3538680" lon="-51.1247010">
    <ele>1056.5</ele>
   </trkpt>
   <trkpt lat="-26.3537740" lon="-51.1246800">
    <ele>1056.5</ele>
   </trkpt>
   <trkpt lat="-26.3536710" lon="-51.1246520">
    <ele>1056.5</ele>
   </trkpt>
   <trkpt lat="-26.3536020" lon="-51.1246400">
    <ele>1056.5</ele>
   </trkpt>
   <trkpt lat="-26.3535130" lon="-51.1246200">
    <ele>1056.5</ele>
   </trkpt>
   <trkpt lat="-26.3534190" lon="-51.1246090">
    <ele>1056.5</ele>
   </trkpt>
   <trkpt lat="-26.3533220" lon="-51.1246110">
    <ele>1056.5</ele>
   </trkpt>
   <trkpt lat="-26.3532250" lon="-51.1246150">
    <ele>1056.5</ele>
   </trkpt>
   <trkpt lat="-26.3531250" lon="-51.1246240">
    <ele>1056.5</ele>
   </trkpt>
   <trkpt lat="-26.3530240" lon="-51.1246380">
    <ele>1056.5</ele>
   </trkpt>
   <trkpt lat="-26.3529260" lon="-51.1246560">
    <ele>1056.5</ele>
   </trkpt>
   <trkpt lat="-26.3528300" lon="-51.1246750">
    <ele>1056.5</ele>
   </trkpt>
   <trkpt lat="-26.3527340" lon="-51.1246960">
    <ele>1056.4</ele>
   </trkpt>
   <trkpt lat="-26.3526370" lon="-51.1247210">
    <ele>1056.4</ele>
   </trkpt>
   <trkpt lat="-26.3525400" lon="-51.1247440">
    <ele>1056.2</ele>
   </trkpt>
   <trkpt lat="-26.3524410" lon="-51.1247580">
    <ele>1056.0</ele>
   </trkpt>
   <trkpt lat="-26.3523370" lon="-51.1247600">
    <ele>1055.8</ele>
   </trkpt>
   <trkpt lat="-26.3522340" lon="-51.1247540">
    <ele>1055.7</ele>
   </trkpt>
   <trkpt lat="-26.3521340" lon="-51.1247300">
    <ele>1055.8</ele>
   </trkpt>
   <trkpt lat="-26.3520340" lon="-51.1246930">
    <ele>1056.3</ele>
   </trkpt>
   <trkpt lat="-26.3519400" lon="-51.1246410">
    <ele>1056.9</ele>
   </trkpt>
   <trkpt lat="-26.3518420" lon="-51.1245690">
    <ele>1057.8</ele>
   </trkpt>
   <trkpt lat="-26.3517750" lon="-51.1245060">
    <ele>1058.4</ele>
   </trkpt>
   <trkpt lat="-26.3517140" lon="-51.1244410">
    <ele>1058.8</ele>
   </trkpt>
   <trkpt lat="-26.3516690" lon="-51.1243900">
    <ele>1059.1</ele>
   </trkpt>
   <trkpt lat="-26.3516170" lon="-51.1243220">
    <ele>1059.5</ele>
   </trkpt>
   <trkpt lat="-26.3515620" lon="-51.1242430">
    <ele>1059.8</ele>
   </trkpt>
   <trkpt lat="-26.3515230" lon="-51.1241770">
    <ele>1060.0</ele>
   </trkpt>
   <trkpt lat="-26.3515010" lon="-51.1241220">
    <ele>1060.1</ele>
   </trkpt>
   <trkpt lat="-26.3514650" lon="-51.1240540">
    <ele>1060.3</ele>
   </trkpt>
   <trkpt lat="-26.3514290" lon="-51.1239860">
    <ele>1060.4</ele>
   </trkpt>
   <trkpt lat="-26.3513920" lon="-51.1239160">
    <ele>1060.5</ele>
   </trkpt>
   <trkpt lat="-26.3513350" lon="-51.1238310">
    <ele>1060.6</ele>
   </trkpt>
   <trkpt lat="-26.3512850" lon="-51.1237650">
    <ele>1060.8</ele>
   </trkpt>
   <trkpt lat="-26.3512490" lon="-51.1237140">
    <ele>1061.0</ele>
   </trkpt>
   <trkpt lat="-26.3511990" lon="-51.1236450">
    <ele>1061.1</ele>
   </trkpt>
   <trkpt lat="-26.3511550" lon="-51.1235680">
    <ele>1061.2</ele>
   </trkpt>
   <trkpt lat="-26.3511000" lon="-51.1234830">
    <ele>1061.3</ele>
   </trkpt>
   <trkpt lat="-26.3510550" lon="-51.1234050">
    <ele>1061.5</ele>
   </trkpt>
   <trkpt lat="-26.3510070" lon="-51.1233330">
    <ele>1061.6</ele>
   </trkpt>
   <trkpt lat="-26.3509600" lon="-51.1232660">
    <ele>1061.7</ele>
   </trkpt>
   <trkpt lat="-26.3509130" lon="-51.1231950">
    <ele>1061.8</ele>
   </trkpt>
   <trkpt lat="-26.3508550" lon="-51.1231100">
    <ele>1061.9</ele>
   </trkpt>
   <trkpt lat="-26.3508020" lon="-51.1230400">
    <ele>1062.0</ele>
   </trkpt>
   <trkpt lat="-26.3507650" lon="-51.1229800">
    <ele>1062.0</ele>
   </trkpt>
   <trkpt lat="-26.3507220" lon="-51.1229050">
    <ele>1062.2</ele>
   </trkpt>
   <trkpt lat="-26.3506790" lon="-51.1228340">
    <ele>1062.3</ele>
   </trkpt>
   <trkpt lat="-26.3506300" lon="-51.1227490">
    <ele>1062.4</ele>
   </trkpt>
   <trkpt lat="-26.3505890" lon="-51.1226780">
    <ele>1062.5</ele>
   </trkpt>
   <trkpt lat="-26.3505590" lon="-51.1226180">
    <ele>1062.6</ele>
   </trkpt>
   <trkpt lat="-26.3505280" lon="-51.1225390">
    <ele>1062.8</ele>
   </trkpt>
   <trkpt lat="-26.3505000" lon="-51.1224570">
    <ele>1062.9</ele>
   </trkpt>
   <trkpt lat="-26.3504700" lon="-51.1223560">
    <ele>1063.1</ele>
   </trkpt>
   <trkpt lat="-26.3504600" lon="-51.1222870">
    <ele>1063.2</ele>
   </trkpt>
   <trkpt lat="-26.3504470" lon="-51.1222060">
    <ele>1063.3</ele>
   </trkpt>
   <trkpt lat="-26.3504390" lon="-51.1221210">
    <ele>1063.5</ele>
   </trkpt>
   <trkpt lat="-26.3504370" lon="-51.1220350">
    <ele>1063.6</ele>
   </trkpt>
   <trkpt lat="-26.3504460" lon="-51.1219310">
    <ele>1063.8</ele>
   </trkpt>
   <trkpt lat="-26.3504630" lon="-51.1218580">
    <ele>1064.0</ele>
   </trkpt>
   <trkpt lat="-26.3504840" lon="-51.1217680">
    <ele>1064.3</ele>
   </trkpt>
   <trkpt lat="-26.3505030" lon="-51.1216820">
    <ele>1064.6</ele>
   </trkpt>
   <trkpt lat="-26.3505220" lon="-51.1216000">
    <ele>1064.9</ele>
   </trkpt>
   <trkpt lat="-26.3505390" lon="-51.1215210">
    <ele>1065.2</ele>
   </trkpt>
   <trkpt lat="-26.3505550" lon="-51.1214420">
    <ele>1065.5</ele>
   </trkpt>
   <trkpt lat="-26.3505630" lon="-51.1213650">
    <ele>1065.7</ele>
   </trkpt>
   <trkpt lat="-26.3505690" lon="-51.1212850">
    <ele>1065.9</ele>
   </trkpt>
   <trkpt lat="-26.3505700" lon="-51.1212040">
    <ele>1066.0</ele>
   </trkpt>
   <trkpt lat="-26.3505680" lon="-51.1211280">
    <ele>1066.2</ele>
   </trkpt>
   <trkpt lat="-26.3505630" lon="-51.1210510">
    <ele>1066.3</ele>
   </trkpt>
   <trkpt lat="-26.3505520" lon="-51.1209740">
    <ele>1066.3</ele>
   </trkpt>
   <trkpt lat="-26.3505260" lon="-51.1208910">
    <ele>1066.4</ele>
   </trkpt>
   <trkpt lat="-26.3504920" lon="-51.1208060">
    <ele>1066.5</ele>
   </trkpt>
   <trkpt lat="-26.3504470" lon="-51.1207230">
    <ele>1066.5</ele>
   </trkpt>
   <trkpt lat="-26.3504040" lon="-51.1206440">
    <ele>1066.6</ele>
   </trkpt>
   <trkpt lat="-26.3503580" lon="-51.1205630">
    <ele>1066.7</ele>
   </trkpt>
   <trkpt lat="-26.3503100" lon="-51.1204820">
    <ele>1066.7</ele>
   </trkpt>
   <trkpt lat="-26.3502580" lon="-51.1204010">
    <ele>1066.8</ele>
   </trkpt>
   <trkpt lat="-26.3502100" lon="-51.1203280">
    <ele>1066.8</ele>
   </trkpt>
   <trkpt lat="-26.3501630" lon="-51.1202490">
    <ele>1066.9</ele>
   </trkpt>
   <trkpt lat="-26.3501180" lon="-51.1201690">
    <ele>1066.9</ele>
   </trkpt>
   <trkpt lat="-26.3500710" lon="-51.1200900">
    <ele>1067.0</ele>
   </trkpt>
   <trkpt lat="-26.3500230" lon="-51.1200060">
    <ele>1067.2</ele>
   </trkpt>
   <trkpt lat="-26.3499820" lon="-51.1199250">
    <ele>1067.3</ele>
   </trkpt>
   <trkpt lat="-26.3499410" lon="-51.1198480">
    <ele>1067.4</ele>
   </trkpt>
   <trkpt lat="-26.3498880" lon="-51.1197730">
    <ele>1067.5</ele>
   </trkpt>
   <trkpt lat="-26.3498260" lon="-51.1196930">
    <ele>1067.6</ele>
   </trkpt>
   <trkpt lat="-26.3497760" lon="-51.1196150">
    <ele>1067.7</ele>
   </trkpt>
   <trkpt lat="-26.3497280" lon="-51.1195450">
    <ele>1067.8</ele>
   </trkpt>
   <trkpt lat="-26.3496810" lon="-51.1194740">
    <ele>1067.8</ele>
   </trkpt>
   <trkpt lat="-26.3496310" lon="-51.1194030">
    <ele>1067.8</ele>
   </trkpt>
   <trkpt lat="-26.3495830" lon="-51.1193320">
    <ele>1067.9</ele>
   </trkpt>
   <trkpt lat="-26.3495380" lon="-51.1192600">
    <ele>1067.9</ele>
   </trkpt>
   <trkpt lat="-26.3494930" lon="-51.1191840">
    <ele>1068.0</ele>
   </trkpt>
   <trkpt lat="-26.3494450" lon="-51.1191060">
    <ele>1068.0</ele>
   </trkpt>
   <trkpt lat="-26.3493980" lon="-51.1190280">
    <ele>1068.1</ele>
   </trkpt>
   <trkpt lat="-26.3493480" lon="-51.1189500">
    <ele>1068.2</ele>
   </trkpt>
   <trkpt lat="-26.3492970" lon="-51.1188770">
    <ele>1068.3</ele>
   </trkpt>
   <trkpt lat="-26.3492490" lon="-51.1188040">
    <ele>1068.4</ele>
   </trkpt>
   <trkpt lat="-26.3492120" lon="-51.1187260">
    <ele>1068.5</ele>
   </trkpt>
   <trkpt lat="-26.3491770" lon="-51.1186460">
    <ele>1068.6</ele>
   </trkpt>
   <trkpt lat="-26.3491350" lon="-51.1185520">
    <ele>1068.6</ele>
   </trkpt>
   <trkpt lat="-26.3491040" lon="-51.1184890">
    <ele>1068.7</ele>
   </trkpt>
   <trkpt lat="-26.3490660" lon="-51.1184100">
    <ele>1068.7</ele>
   </trkpt>
   <trkpt lat="-26.3490250" lon="-51.1183320">
    <ele>1068.8</ele>
   </trkpt>
   <trkpt lat="-26.3489910" lon="-51.1182570">
    <ele>1068.8</ele>
   </trkpt>
   <trkpt lat="-26.3489580" lon="-51.1181640">
    <ele>1068.9</ele>
   </trkpt>
   <trkpt lat="-26.3489360" lon="-51.1181000">
    <ele>1068.9</ele>
   </trkpt>
   <trkpt lat="-26.3489080" lon="-51.1180190">
    <ele>1068.8</ele>
   </trkpt>
   <trkpt lat="-26.3488770" lon="-51.1179360">
    <ele>1068.8</ele>
   </trkpt>
   <trkpt lat="-26.3488520" lon="-51.1178520">
    <ele>1068.8</ele>
   </trkpt>
   <trkpt lat="-26.3488210" lon="-51.1177640">
    <ele>1068.7</ele>
   </trkpt>
   <trkpt lat="-26.3487930" lon="-51.1176740">
    <ele>1068.7</ele>
   </trkpt>
   <trkpt lat="-26.3487650" lon="-51.1175840">
    <ele>1068.8</ele>
   </trkpt>
   <trkpt lat="-26.3487390" lon="-51.1174940">
    <ele>1068.8</ele>
   </trkpt>
   <trkpt lat="-26.3487180" lon="-51.1174000">
    <ele>1068.9</ele>
   </trkpt>
   <trkpt lat="-26.3487010" lon="-51.1173060">
    <ele>1068.9</ele>
   </trkpt>
   <trkpt lat="-26.3486840" lon="-51.1172130">
    <ele>1068.8</ele>
   </trkpt>
   <trkpt lat="-26.3486710" lon="-51.1171170">
    <ele>1068.7</ele>
   </trkpt>
   <trkpt lat="-26.3486600" lon="-51.1170200">
    <ele>1068.7</ele>
   </trkpt>
   <trkpt lat="-26.3486570" lon="-51.1169230">
    <ele>1068.6</ele>
   </trkpt>
   <trkpt lat="-26.3486640" lon="-51.1168290">
    <ele>1068.6</ele>
   </trkpt>
   <trkpt lat="-26.3486780" lon="-51.1167360">
    <ele>1068.6</ele>
   </trkpt>
   <trkpt lat="-26.3487010" lon="-51.1166450">
    <ele>1068.7</ele>
   </trkpt>
   <trkpt lat="-26.3487240" lon="-51.1165550">
    <ele>1068.7</ele>
   </trkpt>
   <trkpt lat="-26.3487450" lon="-51.1164670">
    <ele>1068.8</ele>
   </trkpt>
   <trkpt lat="-26.3487650" lon="-51.1163790">
    <ele>1068.8</ele>
   </trkpt>
   <trkpt lat="-26.3487780" lon="-51.1162920">
    <ele>1068.8</ele>
   </trkpt>
   <trkpt lat="-26.3487890" lon="-51.1161970">
    <ele>1068.9</ele>
   </trkpt>
   <trkpt lat="-26.3487900" lon="-51.1161000">
    <ele>1069.0</ele>
   </trkpt>
   <trkpt lat="-26.3487810" lon="-51.1160040">
    <ele>1069.1</ele>
   </trkpt>
   <trkpt lat="-26.3487680" lon="-51.1159070">
    <ele>1069.2</ele>
   </trkpt>
   <trkpt lat="-26.3487490" lon="-51.1158100">
    <ele>1069.3</ele>
   </trkpt>
   <trkpt lat="-26.3487270" lon="-51.1157140">
    <ele>1069.5</ele>
   </trkpt>
   <trkpt lat="-26.3487050" lon="-51.1156260">
    <ele>1069.7</ele>
   </trkpt>
   <trkpt lat="-26.3486820" lon="-51.1155450">
    <ele>1069.9</ele>
   </trkpt>
   <trkpt lat="-26.3486560" lon="-51.1154660">
    <ele>1070.1</ele>
   </trkpt>
   <trkpt lat="-26.3486220" lon="-51.1153880">
    <ele>1070.3</ele>
   </trkpt>
   <trkpt lat="-26.3485780" lon="-51.1153120">
    <ele>1070.5</ele>
   </trkpt>
   <trkpt lat="-26.3485330" lon="-51.1152350">
    <ele>1070.6</ele>
   </trkpt>
   <trkpt lat="-26.3484950" lon="-51.1151620">
    <ele>1070.8</ele>
   </trkpt>
   <trkpt lat="-26.3484390" lon="-51.1150770">
    <ele>1071.1</ele>
   </trkpt>
   <trkpt lat="-26.3484020" lon="-51.1150180">
    <ele>1071.3</ele>
   </trkpt>
   <trkpt lat="-26.3483560" lon="-51.1149430">
    <ele>1071.5</ele>
   </trkpt>
   <trkpt lat="-26.3483130" lon="-51.1148650">
    <ele>1071.7</ele>
   </trkpt>
   <trkpt lat="-26.3482710" lon="-51.1147850">
    <ele>1071.9</ele>
   </trkpt>
   <trkpt lat="-26.3482320" lon="-51.1147090">
    <ele>1072.1</ele>
   </trkpt>
   <trkpt lat="-26.3481870" lon="-51.1146380">
    <ele>1072.2</ele>
   </trkpt>
   <trkpt lat="-26.3481450" lon="-51.1145690">
    <ele>1072.4</ele>
   </trkpt>
   <trkpt lat="-26.3481020" lon="-51.1144990">
    <ele>1072.5</ele>
   </trkpt>
   <trkpt lat="-26.3480610" lon="-51.1144260">
    <ele>1072.5</ele>
   </trkpt>
   <trkpt lat="-26.3480190" lon="-51.1143530">
    <ele>1072.6</ele>
   </trkpt>
   <trkpt lat="-26.3479740" lon="-51.1142820">
    <ele>1072.6</ele>
   </trkpt>
   <trkpt lat="-26.3479270" lon="-51.1142120">
    <ele>1072.6</ele>
   </trkpt>
   <trkpt lat="-26.3478790" lon="-51.1141360">
    <ele>1072.7</ele>
   </trkpt>
   <trkpt lat="-26.3478330" lon="-51.1140630">
    <ele>1072.8</ele>
   </trkpt>
   <trkpt lat="-26.3477890" lon="-51.1139910">
    <ele>1072.9</ele>
   </trkpt>
   <trkpt lat="-26.3477450" lon="-51.1139240">
    <ele>1073.0</ele>
   </trkpt>
   <trkpt lat="-26.3476900" lon="-51.1138380">
    <ele>1073.2</ele>
   </trkpt>
   <trkpt lat="-26.3476500" lon="-51.1137820">
    <ele>1073.3</ele>
   </trkpt>
   <trkpt lat="-26.3476030" lon="-51.1137080">
    <ele>1073.6</ele>
   </trkpt>
   <trkpt lat="-26.3475550" lon="-51.1136360">
    <ele>1073.9</ele>
   </trkpt>
   <trkpt lat="-26.3475110" lon="-51.1135660">
    <ele>1074.2</ele>
   </trkpt>
   <trkpt lat="-26.3474670" lon="-51.1134870">
    <ele>1074.5</ele>
   </trkpt>
   <trkpt lat="-26.3474390" lon="-51.1134340">
    <ele>1074.7</ele>
   </trkpt>
   <trkpt lat="-26.3473970" lon="-51.1133700">
    <ele>1074.9</ele>
   </trkpt>
   <trkpt lat="-26.3473570" lon="-51.1133070">
    <ele>1075.0</ele>
   </trkpt>
   <trkpt lat="-26.3473140" lon="-51.1132440">
    <ele>1075.1</ele>
   </trkpt>
   <trkpt lat="-26.3472660" lon="-51.1131820">
    <ele>1075.2</ele>
   </trkpt>
   <trkpt lat="-26.3472160" lon="-51.1131190">
    <ele>1075.3</ele>
   </trkpt>
   <trkpt lat="-26.3471670" lon="-51.1130580">
    <ele>1075.4</ele>
   </trkpt>
   <trkpt lat="-26.3471170" lon="-51.1130040">
    <ele>1075.5</ele>
   </trkpt>
   <trkpt lat="-26.3470630" lon="-51.1129580">
    <ele>1075.7</ele>
   </trkpt>
   <trkpt lat="-26.3470090" lon="-51.1129180">
    <ele>1075.8</ele>
   </trkpt>
   <trkpt lat="-26.3469560" lon="-51.1128810">
    <ele>1075.9</ele>
   </trkpt>
   <trkpt lat="-26.3469030" lon="-51.1128450">
    <ele>1076.1</ele>
   </trkpt>
   <trkpt lat="-26.3468490" lon="-51.1128050">
    <ele>1076.2</ele>
   </trkpt>
   <trkpt lat="-26.3467800" lon="-51.1127680">
    <ele>1076.4</ele>
   </trkpt>
   <trkpt lat="-26.3467100" lon="-51.1127320">
    <ele>1076.6</ele>
   </trkpt>
   <trkpt lat="-26.3466350" lon="-51.1126920">
    <ele>1076.7</ele>
   </trkpt>
   <trkpt lat="-26.3465630" lon="-51.1126520">
    <ele>1076.9</ele>
   </trkpt>
   <trkpt lat="-26.3464910" lon="-51.1126140">
    <ele>1077.1</ele>
   </trkpt>
   <trkpt lat="-26.3464220" lon="-51.1125730">
    <ele>1077.2</ele>
   </trkpt>
   <trkpt lat="-26.3463540" lon="-51.1125260">
    <ele>1077.3</ele>
   </trkpt>
   <trkpt lat="-26.3462850" lon="-51.1124750">
    <ele>1077.5</ele>
   </trkpt>
   <trkpt lat="-26.3462210" lon="-51.1124230">
    <ele>1077.7</ele>
   </trkpt>
   <trkpt lat="-26.3461680" lon="-51.1123700">
    <ele>1077.8</ele>
   </trkpt>
   <trkpt lat="-26.3461180" lon="-51.1123130">
    <ele>1078.0</ele>
   </trkpt>
   <trkpt lat="-26.3460660" lon="-51.1122520">
    <ele>1078.2</ele>
   </trkpt>
   <trkpt lat="-26.3460100" lon="-51.1121730">
    <ele>1078.4</ele>
   </trkpt>
   <trkpt lat="-26.3459670" lon="-51.1121310">
    <ele>1078.6</ele>
   </trkpt>
   <trkpt lat="-26.3459200" lon="-51.1120750">
    <ele>1078.8</ele>
   </trkpt>
   <trkpt lat="-26.3458750" lon="-51.1120180">
    <ele>1079.0</ele>
   </trkpt>
   <trkpt lat="-26.3458330" lon="-51.1119640">
    <ele>1079.2</ele>
   </trkpt>
   <trkpt lat="-26.3457770" lon="-51.1118990">
    <ele>1079.3</ele>
   </trkpt>
   <trkpt lat="-26.3457400" lon="-51.1118590">
    <ele>1079.5</ele>
   </trkpt>
   <trkpt lat="-26.3456960" lon="-51.1118110">
    <ele>1079.6</ele>
   </trkpt>
   <trkpt lat="-26.3456520" lon="-51.1117630">
    <ele>1079.8</ele>
   </trkpt>
   <trkpt lat="-26.3456100" lon="-51.1117190">
    <ele>1080.0</ele>
   </trkpt>
   <trkpt lat="-26.3455680" lon="-51.1116760">
    <ele>1080.2</ele>
   </trkpt>
   <trkpt lat="-26.3455230" lon="-51.1116350">
    <ele>1080.3</ele>
   </trkpt>
   <trkpt lat="-26.3454720" lon="-51.1115960">
    <ele>1080.5</ele>
   </trkpt>
   <trkpt lat="-26.3454200" lon="-51.1115600">
    <ele>1080.7</ele>
   </trkpt>
   <trkpt lat="-26.3453670" lon="-51.1115300">
    <ele>1080.8</ele>
   </trkpt>
   <trkpt lat="-26.3453160" lon="-51.1115010">
    <ele>1080.8</ele>
   </trkpt>
   <trkpt lat="-26.3452610" lon="-51.1114680">
    <ele>1080.8</ele>
   </trkpt>
   <trkpt lat="-26.3452020" lon="-51.1114380">
    <ele>1080.8</ele>
   </trkpt>
   <trkpt lat="-26.3451410" lon="-51.1114070">
    <ele>1080.8</ele>
   </trkpt>
   <trkpt lat="-26.3450780" lon="-51.1113780">
    <ele>1080.7</ele>
   </trkpt>
   <trkpt lat="-26.3450150" lon="-51.1113460">
    <ele>1080.7</ele>
   </trkpt>
   <trkpt lat="-26.3449530" lon="-51.1113170">
    <ele>1080.7</ele>
   </trkpt>
   <trkpt lat="-26.3448910" lon="-51.1112910">
    <ele>1080.7</ele>
   </trkpt>
   <trkpt lat="-26.3448280" lon="-51.1112720">
    <ele>1080.7</ele>
   </trkpt>
   <trkpt lat="-26.3447630" lon="-51.1112580">
    <ele>1080.7</ele>
   </trkpt>
   <trkpt lat="-26.3447000" lon="-51.1112490">
    <ele>1080.7</ele>
   </trkpt>
   <trkpt lat="-26.3446340" lon="-51.1112430">
    <ele>1080.6</ele>
   </trkpt>
   <trkpt lat="-26.3445680" lon="-51.1112420">
    <ele>1080.5</ele>
   </trkpt>
   <trkpt lat="-26.3445010" lon="-51.1112460">
    <ele>1080.4</ele>
   </trkpt>
   <trkpt lat="-26.3444280" lon="-51.1112520">
    <ele>1080.3</ele>
   </trkpt>
   <trkpt lat="-26.3443530" lon="-51.1112620">
    <ele>1080.3</ele>
   </trkpt>
   <trkpt lat="-26.3442770" lon="-51.1112670">
    <ele>1080.2</ele>
   </trkpt>
   <trkpt lat="-26.3441990" lon="-51.1112720">
    <ele>1080.1</ele>
   </trkpt>
   <trkpt lat="-26.3441220" lon="-51.1112740">
    <ele>1080.1</ele>
   </trkpt>
   <trkpt lat="-26.3440440" lon="-51.1112720">
    <ele>1080.0</ele>
   </trkpt>
   <trkpt lat="-26.3439650" lon="-51.1112690">
    <ele>1080.0</ele>
   </trkpt>
   <trkpt lat="-26.3438840" lon="-51.1112660">
    <ele>1080.0</ele>
   </trkpt>
   <trkpt lat="-26.3438020" lon="-51.1112620">
    <ele>1080.1</ele>
   </trkpt>
   <trkpt lat="-26.3437200" lon="-51.1112590">
    <ele>1080.2</ele>
   </trkpt>
   <trkpt lat="-26.3436380" lon="-51.1112560">
    <ele>1080.3</ele>
   </trkpt>
   <trkpt lat="-26.3435580" lon="-51.1112560">
    <ele>1080.4</ele>
   </trkpt>
   <trkpt lat="-26.3434780" lon="-51.1112570">
    <ele>1080.5</ele>
   </trkpt>
   <trkpt lat="-26.3434020" lon="-51.1112570">
    <ele>1080.6</ele>
   </trkpt>
   <trkpt lat="-26.3433260" lon="-51.1112640">
    <ele>1080.6</ele>
   </trkpt>
   <trkpt lat="-26.3432500" lon="-51.1112740">
    <ele>1080.6</ele>
   </trkpt>
   <trkpt lat="-26.3431730" lon="-51.1112880">
    <ele>1080.6</ele>
   </trkpt>
   <trkpt lat="-26.3430950" lon="-51.1113020">
    <ele>1080.6</ele>
   </trkpt>
   <trkpt lat="-26.3430190" lon="-51.1113200">
    <ele>1080.7</ele>
   </trkpt>
   <trkpt lat="-26.3429440" lon="-51.1113370">
    <ele>1080.8</ele>
   </trkpt>
   <trkpt lat="-26.3428690" lon="-51.1113550">
    <ele>1080.8</ele>
   </trkpt>
   <trkpt lat="-26.3427930" lon="-51.1113730">
    <ele>1080.9</ele>
   </trkpt>
   <trkpt lat="-26.3427190" lon="-51.1113900">
    <ele>1080.9</ele>
   </trkpt>
   <trkpt lat="-26.3426460" lon="-51.1114060">
    <ele>1080.9</ele>
   </trkpt>
   <trkpt lat="-26.3425730" lon="-51.1114200">
    <ele>1080.9</ele>
   </trkpt>
   <trkpt lat="-26.3424980" lon="-51.1114280">
    <ele>1080.9</ele>
   </trkpt>
   <trkpt lat="-26.3424210" lon="-51.1114350">
    <ele>1081.0</ele>
   </trkpt>
   <trkpt lat="-26.3423410" lon="-51.1114390">
    <ele>1081.1</ele>
   </trkpt>
   <trkpt lat="-26.3422610" lon="-51.1114420">
    <ele>1081.2</ele>
   </trkpt>
   <trkpt lat="-26.3421830" lon="-51.1114420">
    <ele>1081.3</ele>
   </trkpt>
   <trkpt lat="-26.3421060" lon="-51.1114410">
    <ele>1081.5</ele>
   </trkpt>
   <trkpt lat="-26.3420310" lon="-51.1114380">
    <ele>1081.5</ele>
   </trkpt>
   <trkpt lat="-26.3419550" lon="-51.1114320">
    <ele>1081.6</ele>
   </trkpt>
   <trkpt lat="-26.3418790" lon="-51.1114260">
    <ele>1081.6</ele>
   </trkpt>
   <trkpt lat="-26.3418050" lon="-51.1114130">
    <ele>1081.6</ele>
   </trkpt>
   <trkpt lat="-26.3417310" lon="-51.1113970">
    <ele>1081.6</ele>
   </trkpt>
   <trkpt lat="-26.3416590" lon="-51.1113780">
    <ele>1081.7</ele>
   </trkpt>
   <trkpt lat="-26.3415880" lon="-51.1113560">
    <ele>1081.8</ele>
   </trkpt>
   <trkpt lat="-26.3415180" lon="-51.1113320">
    <ele>1081.9</ele>
   </trkpt>
   <trkpt lat="-26.3414510" lon="-51.1113040">
    <ele>1082.0</ele>
   </trkpt>
   <trkpt lat="-26.3413820" lon="-51.1112730">
    <ele>1082.0</ele>
   </trkpt>
   <trkpt lat="-26.3413170" lon="-51.1112400">
    <ele>1082.0</ele>
   </trkpt>
   <trkpt lat="-26.3412520" lon="-51.1112060">
    <ele>1082.0</ele>
   </trkpt>
   <trkpt lat="-26.3411900" lon="-51.1111720">
    <ele>1082.0</ele>
   </trkpt>
   <trkpt lat="-26.3411170" lon="-51.1111310">
    <ele>1082.0</ele>
   </trkpt>
   <trkpt lat="-26.3410530" lon="-51.1110930">
    <ele>1082.0</ele>
   </trkpt>
   <trkpt lat="-26.3410020" lon="-51.1110600">
    <ele>1082.0</ele>
   </trkpt>
   <trkpt lat="-26.3409320" lon="-51.1110190">
    <ele>1082.0</ele>
   </trkpt>
   <trkpt lat="-26.3408650" lon="-51.1109770">
    <ele>1082.1</ele>
   </trkpt>
   <trkpt lat="-26.3408000" lon="-51.1109390">
    <ele>1082.1</ele>
   </trkpt>
   <trkpt lat="-26.3407280" lon="-51.1109030">
    <ele>1082.2</ele>
   </trkpt>
   <trkpt lat="-26.3406580" lon="-51.1108710">
    <ele>1082.3</ele>
   </trkpt>
   <trkpt lat="-26.3405890" lon="-51.1108400">
    <ele>1082.4</ele>
   </trkpt>
   <trkpt lat="-26.3405070" lon="-51.1108020">
    <ele>1082.5</ele>
   </trkpt>
   <trkpt lat="-26.3404400" lon="-51.1107710">
    <ele>1082.6</ele>
   </trkpt>
   <trkpt lat="-26.3403710" lon="-51.1107420">
    <ele>1082.7</ele>
   </trkpt>
   <trkpt lat="-26.3403150" lon="-51.1107210">
    <ele>1082.8</ele>
   </trkpt>
   <trkpt lat="-26.3402460" lon="-51.1106960">
    <ele>1082.9</ele>
   </trkpt>
   <trkpt lat="-26.3401770" lon="-51.1106690">
    <ele>1082.9</ele>
   </trkpt>
   <trkpt lat="-26.3401050" lon="-51.1106440">
    <ele>1083.0</ele>
   </trkpt>
   <trkpt lat="-26.3400180" lon="-51.1106190">
    <ele>1083.1</ele>
   </trkpt>
   <trkpt lat="-26.3399590" lon="-51.1106080">
    <ele>1083.1</ele>
   </trkpt>
   <trkpt lat="-26.3398830" lon="-51.1105930">
    <ele>1083.2</ele>
   </trkpt>
   <trkpt lat="-26.3398060" lon="-51.1105820">
    <ele>1083.3</ele>
   </trkpt>
   <trkpt lat="-26.3397300" lon="-51.1105740">
    <ele>1083.3</ele>
   </trkpt>
   <trkpt lat="-26.3396570" lon="-51.1105680">
    <ele>1083.3</ele>
   </trkpt>
   <trkpt lat="-26.3395870" lon="-51.1105610">
    <ele>1083.4</ele>
   </trkpt>
   <trkpt lat="-26.3395160" lon="-51.1105550">
    <ele>1083.4</ele>
   </trkpt>
   <trkpt lat="-26.3394410" lon="-51.1105480">
    <ele>1083.4</ele>
   </trkpt>
   <trkpt lat="-26.3393620" lon="-51.1105420">
    <ele>1083.4</ele>
   </trkpt>
   <trkpt lat="-26.3392630" lon="-51.1105380">
    <ele>1083.4</ele>
   </trkpt>
   <trkpt lat="-26.3391970" lon="-51.1105330">
    <ele>1083.4</ele>
   </trkpt>
   <trkpt lat="-26.3391200" lon="-51.1105280">
    <ele>1083.4</ele>
   </trkpt>
   <trkpt lat="-26.3390450" lon="-51.1105290">
    <ele>1083.4</ele>
   </trkpt>
   <trkpt lat="-26.3389690" lon="-51.1105260">
    <ele>1083.5</ele>
   </trkpt>
   <trkpt lat="-26.3388930" lon="-51.1105230">
    <ele>1083.6</ele>
   </trkpt>
   <trkpt lat="-26.3388150" lon="-51.1105220">
    <ele>1083.7</ele>
   </trkpt>
   <trkpt lat="-26.3387370" lon="-51.1105200">
    <ele>1083.8</ele>
   </trkpt>
   <trkpt lat="-26.3386640" lon="-51.1105180">
    <ele>1083.9</ele>
   </trkpt>
   <trkpt lat="-26.3385880" lon="-51.1105140">
    <ele>1084.0</ele>
   </trkpt>
   <trkpt lat="-26.3385090" lon="-51.1105090">
    <ele>1084.0</ele>
   </trkpt>
   <trkpt lat="-26.3384270" lon="-51.1105090">
    <ele>1083.9</ele>
   </trkpt>
   <trkpt lat="-26.3383450" lon="-51.1105070">
    <ele>1083.9</ele>
   </trkpt>
   <trkpt lat="-26.3382600" lon="-51.1105020">
    <ele>1083.8</ele>
   </trkpt>
   <trkpt lat="-26.3381760" lon="-51.1104970">
    <ele>1083.7</ele>
   </trkpt>
   <trkpt lat="-26.3380920" lon="-51.1104910">
    <ele>1083.7</ele>
   </trkpt>
   <trkpt lat="-26.3380080" lon="-51.1104810">
    <ele>1083.6</ele>
   </trkpt>
   <trkpt lat="-26.3379260" lon="-51.1104710">
    <ele>1083.6</ele>
   </trkpt>
   <trkpt lat="-26.3378410" lon="-51.1104590">
    <ele>1083.5</ele>
   </trkpt>
   <trkpt lat="-26.3377580" lon="-51.1104470">
    <ele>1083.5</ele>
   </trkpt>
   <trkpt lat="-26.3376780" lon="-51.1104280">
    <ele>1083.5</ele>
   </trkpt>
   <trkpt lat="-26.3375830" lon="-51.1103950">
    <ele>1083.5</ele>
   </trkpt>
   <trkpt lat="-26.3375220" lon="-51.1103660">
    <ele>1083.4</ele>
   </trkpt>
   <trkpt lat="-26.3374530" lon="-51.1103280">
    <ele>1083.4</ele>
   </trkpt>
   <trkpt lat="-26.3373870" lon="-51.1102850">
    <ele>1083.4</ele>
   </trkpt>
   <trkpt lat="-26.3373280" lon="-51.1102340">
    <ele>1083.4</ele>
   </trkpt>
   <trkpt lat="-26.3372590" lon="-51.1101730">
    <ele>1083.4</ele>
   </trkpt>
   <trkpt lat="-26.3372180" lon="-51.1101300">
    <ele>1083.4</ele>
   </trkpt>
   <trkpt lat="-26.3371740" lon="-51.1100750">
    <ele>1083.4</ele>
   </trkpt>
   <trkpt lat="-26.3371330" lon="-51.1100200">
    <ele>1083.5</ele>
   </trkpt>
   <trkpt lat="-26.3370960" lon="-51.1099650">
    <ele>1083.5</ele>
   </trkpt>
   <trkpt lat="-26.3370530" lon="-51.1098980">
    <ele>1083.5</ele>
   </trkpt>
   <trkpt lat="-26.3370270" lon="-51.1098520">
    <ele>1083.5</ele>
   </trkpt>
   <trkpt lat="-26.3369950" lon="-51.1097960">
    <ele>1083.5</ele>
   </trkpt>
   <trkpt lat="-26.3369600" lon="-51.1097390">
    <ele>1083.5</ele>
   </trkpt>
   <trkpt lat="-26.3369230" lon="-51.1096810">
    <ele>1083.5</ele>
   </trkpt>
   <trkpt lat="-26.3368830" lon="-51.1096210">
    <ele>1083.5</ele>
   </trkpt>
   <trkpt lat="-26.3368460" lon="-51.1095610">
    <ele>1083.5</ele>
   </trkpt>
   <trkpt lat="-26.3368140" lon="-51.1095000">
    <ele>1083.6</ele>
   </trkpt>
   <trkpt lat="-26.3367790" lon="-51.1094360">
    <ele>1083.6</ele>
   </trkpt>
   <trkpt lat="-26.3367360" lon="-51.1093650">
    <ele>1083.7</ele>
   </trkpt>
   <trkpt lat="-26.3367060" lon="-51.1093050">
    <ele>1083.7</ele>
   </trkpt>
   <trkpt lat="-26.3366770" lon="-51.1092430">
    <ele>1083.8</ele>
   </trkpt>
   <trkpt lat="-26.3366500" lon="-51.1091900">
    <ele>1083.8</ele>
   </trkpt>
   <trkpt lat="-26.3366200" lon="-51.1091200">
    <ele>1083.9</ele>
   </trkpt>
   <trkpt lat="-26.3365930" lon="-51.1090460">
    <ele>1084.0</ele>
   </trkpt>
   <trkpt lat="-26.3365740" lon="-51.1089680">
    <ele>1084.2</ele>
   </trkpt>
   <trkpt lat="-26.3365620" lon="-51.1088880">
    <ele>1084.3</ele>
   </trkpt>
   <trkpt lat="-26.3365590" lon="-51.1088080">
    <ele>1084.4</ele>
   </trkpt>
   <trkpt lat="-26.3365580" lon="-51.1087290">
    <ele>1084.5</ele>
   </trkpt>
   <trkpt lat="-26.3365580" lon="-51.1086490">
    <ele>1084.6</ele>
   </trkpt>
   <trkpt lat="-26.3365570" lon="-51.1085710">
    <ele>1084.6</ele>
   </trkpt>
   <trkpt lat="-26.3365630" lon="-51.1084770">
    <ele>1084.7</ele>
   </trkpt>
   <trkpt lat="-26.3365700" lon="-51.1084140">
    <ele>1084.8</ele>
   </trkpt>
   <trkpt lat="-26.3365790" lon="-51.1083330">
    <ele>1084.8</ele>
   </trkpt>
   <trkpt lat="-26.3365920" lon="-51.1082490">
    <ele>1084.9</ele>
   </trkpt>
   <trkpt lat="-26.3366090" lon="-51.1081690">
    <ele>1085.0</ele>
   </trkpt>
   <trkpt lat="-26.3366320" lon="-51.1080870">
    <ele>1085.0</ele>
   </trkpt>
   <trkpt lat="-26.3366530" lon="-51.1080010">
    <ele>1085.1</ele>
   </trkpt>
   <trkpt lat="-26.3366790" lon="-51.1079170">
    <ele>1085.2</ele>
   </trkpt>
   <trkpt lat="-26.3367130" lon="-51.1078310">
    <ele>1085.2</ele>
   </trkpt>
   <trkpt lat="-26.3367420" lon="-51.1077490">
    <ele>1085.3</ele>
   </trkpt>
   <trkpt lat="-26.3367670" lon="-51.1076530">
    <ele>1085.2</ele>
   </trkpt>
   <trkpt lat="-26.3367850" lon="-51.1075720">
    <ele>1085.2</ele>
   </trkpt>
   <trkpt lat="-26.3367970" lon="-51.1075070">
    <ele>1085.2</ele>
   </trkpt>
   <trkpt lat="-26.3368060" lon="-51.1074070">
    <ele>1085.1</ele>
   </trkpt>
   <trkpt lat="-26.3368080" lon="-51.1073220">
    <ele>1085.0</ele>
   </trkpt>
   <trkpt lat="-26.3368060" lon="-51.1072380">
    <ele>1085.0</ele>
   </trkpt>
   <trkpt lat="-26.3367990" lon="-51.1071560">
    <ele>1084.9</ele>
   </trkpt>
   <trkpt lat="-26.3367880" lon="-51.1070920">
    <ele>1084.9</ele>
   </trkpt>
   <trkpt lat="-26.3367700" lon="-51.1069950">
    <ele>1084.8</ele>
   </trkpt>
   <trkpt lat="-26.3367570" lon="-51.1069290">
    <ele>1084.8</ele>
   </trkpt>
   <trkpt lat="-26.3367390" lon="-51.1068510">
    <ele>1084.7</ele>
   </trkpt>
   <trkpt lat="-26.3367150" lon="-51.1067590">
    <ele>1084.7</ele>
   </trkpt>
   <trkpt lat="-26.3366960" lon="-51.1066830">
    <ele>1084.7</ele>
   </trkpt>
   <trkpt lat="-26.3366800" lon="-51.1066050">
    <ele>1084.7</ele>
   </trkpt>
   <trkpt lat="-26.3366640" lon="-51.1065470">
    <ele>1084.7</ele>
   </trkpt>
   <trkpt lat="-26.3366360" lon="-51.1064610">
    <ele>1084.8</ele>
   </trkpt>
   <trkpt lat="-26.3366180" lon="-51.1063860">
    <ele>1084.8</ele>
   </trkpt>
   <trkpt lat="-26.3366010" lon="-51.1063130">
    <ele>1084.8</ele>
   </trkpt>
   <trkpt lat="-26.3365890" lon="-51.1062440">
    <ele>1084.8</ele>
   </trkpt>
   <trkpt lat="-26.3365750" lon="-51.1061740">
    <ele>1084.9</ele>
   </trkpt>
   <trkpt lat="-26.3365590" lon="-51.1060970">
    <ele>1084.9</ele>
   </trkpt>
   <trkpt lat="-26.3365380" lon="-51.1060140">
    <ele>1084.8</ele>
   </trkpt>
   <trkpt lat="-26.3365190" lon="-51.1059290">
    <ele>1084.7</ele>
   </trkpt>
   <trkpt lat="-26.3365080" lon="-51.1058590">
    <ele>1084.6</ele>
   </trkpt>
   <trkpt lat="-26.3364890" lon="-51.1057550">
    <ele>1084.5</ele>
   </trkpt>
   <trkpt lat="-26.3364810" lon="-51.1056690">
    <ele>1084.4</ele>
   </trkpt>
   <trkpt lat="-26.3364760" lon="-51.1055810">
    <ele>1084.3</ele>
   </trkpt>
   <trkpt lat="-26.3364720" lon="-51.1054930">
    <ele>1084.3</ele>
   </trkpt>
   <trkpt lat="-26.3364670" lon="-51.1054060">
    <ele>1084.2</ele>
   </trkpt>
   <trkpt lat="-26.3364610" lon="-51.1053180">
    <ele>1084.2</ele>
   </trkpt>
   <trkpt lat="-26.3364540" lon="-51.1052320">
    <ele>1084.1</ele>
   </trkpt>
   <trkpt lat="-26.3364470" lon="-51.1051470">
    <ele>1084.1</ele>
   </trkpt>
   <trkpt lat="-26.3364410" lon="-51.1050640">
    <ele>1084.1</ele>
   </trkpt>
   <trkpt lat="-26.3364330" lon="-51.1049830">
    <ele>1084.2</ele>
   </trkpt>
   <trkpt lat="-26.3364240" lon="-51.1049190">
    <ele>1084.2</ele>
   </trkpt>
   <trkpt lat="-26.3364040" lon="-51.1048220">
    <ele>1084.3</ele>
   </trkpt>
   <trkpt lat="-26.3363820" lon="-51.1047450">
    <ele>1084.3</ele>
   </trkpt>
   <trkpt lat="-26.3363580" lon="-51.1046680">
    <ele>1084.4</ele>
   </trkpt>
   <trkpt lat="-26.3363240" lon="-51.1045900">
    <ele>1084.5</ele>
   </trkpt>
   <trkpt lat="-26.3362810" lon="-51.1045130">
    <ele>1084.5</ele>
   </trkpt>
   <trkpt lat="-26.3362330" lon="-51.1044380">
    <ele>1084.5</ele>
   </trkpt>
   <trkpt lat="-26.3361760" lon="-51.1043680">
    <ele>1084.5</ele>
   </trkpt>
   <trkpt lat="-26.3361120" lon="-51.1043060">
    <ele>1084.3</ele>
   </trkpt>
   <trkpt lat="-26.3360610" lon="-51.1042620">
    <ele>1084.2</ele>
   </trkpt>
   <trkpt lat="-26.3359950" lon="-51.1042110">
    <ele>1084.1</ele>
   </trkpt>
   <trkpt lat="-26.3359190" lon="-51.1041630">
    <ele>1084.0</ele>
   </trkpt>
   <trkpt lat="-26.3358380" lon="-51.1041170">
    <ele>1083.8</ele>
   </trkpt>
   <trkpt lat="-26.3357550" lon="-51.1040730">
    <ele>1083.7</ele>
   </trkpt>
   <trkpt lat="-26.3356770" lon="-51.1040290">
    <ele>1083.6</ele>
   </trkpt>
   <trkpt lat="-26.3355980" lon="-51.1039890">
    <ele>1083.6</ele>
   </trkpt>
   <trkpt lat="-26.3355180" lon="-51.1039530">
    <ele>1083.5</ele>
   </trkpt>
   <trkpt lat="-26.3354380" lon="-51.1039220">
    <ele>1083.4</ele>
   </trkpt>
   <trkpt lat="-26.3353600" lon="-51.1038950">
    <ele>1083.3</ele>
   </trkpt>
   <trkpt lat="-26.3352790" lon="-51.1038740">
    <ele>1083.2</ele>
   </trkpt>
   <trkpt lat="-26.3351950" lon="-51.1038570">
    <ele>1083.0</ele>
   </trkpt>
   <trkpt lat="-26.3351080" lon="-51.1038480">
    <ele>1082.8</ele>
   </trkpt>
   <trkpt lat="-26.3350170" lon="-51.1038470">
    <ele>1082.6</ele>
   </trkpt>
   <trkpt lat="-26.3349270" lon="-51.1038510">
    <ele>1082.4</ele>
   </trkpt>
   <trkpt lat="-26.3348350" lon="-51.1038600">
    <ele>1082.2</ele>
   </trkpt>
   <trkpt lat="-26.3347440" lon="-51.1038700">
    <ele>1081.9</ele>
   </trkpt>
   <trkpt lat="-26.3346520" lon="-51.1038820">
    <ele>1081.7</ele>
   </trkpt>
   <trkpt lat="-26.3345600" lon="-51.1038920">
    <ele>1081.4</ele>
   </trkpt>
   <trkpt lat="-26.3344670" lon="-51.1039020">
    <ele>1081.2</ele>
   </trkpt>
   <trkpt lat="-26.3343720" lon="-51.1039120">
    <ele>1081.0</ele>
   </trkpt>
   <trkpt lat="-26.3342770" lon="-51.1039230">
    <ele>1080.7</ele>
   </trkpt>
   <trkpt lat="-26.3341850" lon="-51.1039350">
    <ele>1080.5</ele>
   </trkpt>
   <trkpt lat="-26.3340890" lon="-51.1039520">
    <ele>1080.2</ele>
   </trkpt>
   <trkpt lat="-26.3339940" lon="-51.1039680">
    <ele>1080.0</ele>
   </trkpt>
   <trkpt lat="-26.3338990" lon="-51.1039820">
    <ele>1079.8</ele>
   </trkpt>
   <trkpt lat="-26.3338090" lon="-51.1039950">
    <ele>1079.7</ele>
   </trkpt>
   <trkpt lat="-26.3337230" lon="-51.1040090">
    <ele>1079.6</ele>
   </trkpt>
   <trkpt lat="-26.3336300" lon="-51.1040240">
    <ele>1079.4</ele>
   </trkpt>
   <trkpt lat="-26.3335410" lon="-51.1040500">
    <ele>1079.2</ele>
   </trkpt>
   <trkpt lat="-26.3334550" lon="-51.1040800">
    <ele>1078.9</ele>
   </trkpt>
   <trkpt lat="-26.3333690" lon="-51.1041060">
    <ele>1078.6</ele>
   </trkpt>
   <trkpt lat="-26.3332790" lon="-51.1041220">
    <ele>1078.3</ele>
   </trkpt>
   <trkpt lat="-26.3331860" lon="-51.1041420">
    <ele>1077.9</ele>
   </trkpt>
   <trkpt lat="-26.3330940" lon="-51.1041620">
    <ele>1077.6</ele>
   </trkpt>
   <trkpt lat="-26.3329990" lon="-51.1041800">
    <ele>1077.3</ele>
   </trkpt>
   <trkpt lat="-26.3329010" lon="-51.1041990">
    <ele>1077.0</ele>
   </trkpt>
   <trkpt lat="-26.3328110" lon="-51.1042140">
    <ele>1076.7</ele>
   </trkpt>
   <trkpt lat="-26.3327290" lon="-51.1042210">
    <ele>1076.5</ele>
   </trkpt>
   <trkpt lat="-26.3326470" lon="-51.1042160">
    <ele>1076.2</ele>
   </trkpt>
   <trkpt lat="-26.3325560" lon="-51.1041950">
    <ele>1076.0</ele>
   </trkpt>
   <trkpt lat="-26.3324600" lon="-51.1041590">
    <ele>1075.7</ele>
   </trkpt>
   <trkpt lat="-26.3323650" lon="-51.1041100">
    <ele>1075.4</ele>
   </trkpt>
   <trkpt lat="-26.3322770" lon="-51.1040490">
    <ele>1075.1</ele>
   </trkpt>
   <trkpt lat="-26.3322000" lon="-51.1039820">
    <ele>1074.8</ele>
   </trkpt>
   <trkpt lat="-26.3321200" lon="-51.1039080">
    <ele>1074.5</ele>
   </trkpt>
   <trkpt lat="-26.3320380" lon="-51.1038250">
    <ele>1074.3</ele>
   </trkpt>
   <trkpt lat="-26.3319520" lon="-51.1037410">
    <ele>1074.0</ele>
   </trkpt>
   <trkpt lat="-26.3318730" lon="-51.1036580">
    <ele>1073.8</ele>
   </trkpt>
   <trkpt lat="-26.3317890" lon="-51.1035780">
    <ele>1073.5</ele>
   </trkpt>
   <trkpt lat="-26.3317040" lon="-51.1035070">
    <ele>1073.1</ele>
   </trkpt>
   <trkpt lat="-26.3316180" lon="-51.1034470">
    <ele>1072.7</ele>
   </trkpt>
   <trkpt lat="-26.3315270" lon="-51.1033930">
    <ele>1072.3</ele>
   </trkpt>
   <trkpt lat="-26.3314320" lon="-51.1033490">
    <ele>1071.9</ele>
   </trkpt>
   <trkpt lat="-26.3313370" lon="-51.1033090">
    <ele>1071.5</ele>
   </trkpt>
   <trkpt lat="-26.3312390" lon="-51.1032690">
    <ele>1071.1</ele>
   </trkpt>
   <trkpt lat="-26.3311340" lon="-51.1032290">
    <ele>1070.8</ele>
   </trkpt>
   <trkpt lat="-26.3310270" lon="-51.1031810">
    <ele>1070.5</ele>
   </trkpt>
   <trkpt lat="-26.3309130" lon="-51.1031330">
    <ele>1070.1</ele>
   </trkpt>
   <trkpt lat="-26.3308200" lon="-51.1030860">
    <ele>1069.8</ele>
   </trkpt>
   <trkpt lat="-26.3307220" lon="-51.1030450">
    <ele>1069.6</ele>
   </trkpt>
   <trkpt lat="-26.3306250" lon="-51.1030090">
    <ele>1069.3</ele>
   </trkpt>
   <trkpt lat="-26.3305300" lon="-51.1029790">
    <ele>1069.1</ele>
   </trkpt>
   <trkpt lat="-26.3304320" lon="-51.1029560">
    <ele>1068.8</ele>
   </trkpt>
   <trkpt lat="-26.3303340" lon="-51.1029440">
    <ele>1068.5</ele>
   </trkpt>
   <trkpt lat="-26.3302330" lon="-51.1029330">
    <ele>1068.1</ele>
   </trkpt>
   <trkpt lat="-26.3301320" lon="-51.1029210">
    <ele>1067.8</ele>
   </trkpt>
   <trkpt lat="-26.3300310" lon="-51.1029080">
    <ele>1067.5</ele>
   </trkpt>
   <trkpt lat="-26.3299290" lon="-51.1028940">
    <ele>1067.3</ele>
   </trkpt>
   <trkpt lat="-26.3298230" lon="-51.1028820">
    <ele>1067.0</ele>
   </trkpt>
   <trkpt lat="-26.3297200" lon="-51.1028680">
    <ele>1066.8</ele>
   </trkpt>
   <trkpt lat="-26.3296150" lon="-51.1028540">
    <ele>1066.5</ele>
   </trkpt>
   <trkpt lat="-26.3295130" lon="-51.1028440">
    <ele>1066.2</ele>
   </trkpt>
   <trkpt lat="-26.3294110" lon="-51.1028380">
    <ele>1065.9</ele>
   </trkpt>
   <trkpt lat="-26.3293090" lon="-51.1028400">
    <ele>1065.6</ele>
   </trkpt>
   <trkpt lat="-26.3291870" lon="-51.1028510">
    <ele>1065.3</ele>
   </trkpt>
   <trkpt lat="-26.3291040" lon="-51.1028640">
    <ele>1065.1</ele>
   </trkpt>
   <trkpt lat="-26.3290020" lon="-51.1028820">
    <ele>1064.8</ele>
   </trkpt>
   <trkpt lat="-26.3289050" lon="-51.1029040">
    <ele>1064.5</ele>
   </trkpt>
   <trkpt lat="-26.3288100" lon="-51.1029300">
    <ele>1064.2</ele>
   </trkpt>
   <trkpt lat="-26.3287140" lon="-51.1029600">
    <ele>1063.8</ele>
   </trkpt>
   <trkpt lat="-26.3286200" lon="-51.1029980">
    <ele>1063.5</ele>
   </trkpt>
   <trkpt lat="-26.3285130" lon="-51.1030460">
    <ele>1063.1</ele>
   </trkpt>
   <trkpt lat="-26.3284390" lon="-51.1030730">
    <ele>1062.8</ele>
   </trkpt>
   <trkpt lat="-26.3283440" lon="-51.1031040">
    <ele>1062.4</ele>
   </trkpt>
   <trkpt lat="-26.3282420" lon="-51.1031300">
    <ele>1062.0</ele>
   </trkpt>
   <trkpt lat="-26.3281410" lon="-51.1031480">
    <ele>1061.6</ele>
   </trkpt>
   <trkpt lat="-26.3280400" lon="-51.1031530">
    <ele>1061.2</ele>
   </trkpt>
   <trkpt lat="-26.3279390" lon="-51.1031470">
    <ele>1061.0</ele>
   </trkpt>
   <trkpt lat="-26.3278460" lon="-51.1031260">
    <ele>1060.9</ele>
   </trkpt>
   <trkpt lat="-26.3277570" lon="-51.1030980">
    <ele>1060.7</ele>
   </trkpt>
   <trkpt lat="-26.3276740" lon="-51.1030660">
    <ele>1060.7</ele>
   </trkpt>
   <trkpt lat="-26.3275910" lon="-51.1030330">
    <ele>1060.6</ele>
   </trkpt>
   <trkpt lat="-26.3275090" lon="-51.1030000">
    <ele>1060.5</ele>
   </trkpt>
   <trkpt lat="-26.3274270" lon="-51.1029690">
    <ele>1060.3</ele>
   </trkpt>
   <trkpt lat="-26.3273540" lon="-51.1029350">
    <ele>1060.1</ele>
   </trkpt>
   <trkpt lat="-26.3272820" lon="-51.1028980">
    <ele>1060.0</ele>
   </trkpt>
   <trkpt lat="-26.3272080" lon="-51.1028550">
    <ele>1059.7</ele>
   </trkpt>
   <trkpt lat="-26.3271300" lon="-51.1028050">
    <ele>1059.5</ele>
   </trkpt>
   <trkpt lat="-26.3270560" lon="-51.1027530">
    <ele>1059.2</ele>
   </trkpt>
   <trkpt lat="-26.3269880" lon="-51.1026910">
    <ele>1058.9</ele>
   </trkpt>
   <trkpt lat="-26.3269220" lon="-51.1026150">
    <ele>1058.7</ele>
   </trkpt>
   <trkpt lat="-26.3268630" lon="-51.1025290">
    <ele>1058.5</ele>
   </trkpt>
   <trkpt lat="-26.3267920" lon="-51.1024240">
    <ele>1058.2</ele>
   </trkpt>
   <trkpt lat="-26.3267510" lon="-51.1023520">
    <ele>1058.0</ele>
   </trkpt>
   <trkpt lat="-26.3266990" lon="-51.1022630">
    <ele>1057.8</ele>
   </trkpt>
   <trkpt lat="-26.3266330" lon="-51.1021750">
    <ele>1057.5</ele>
   </trkpt>
   <trkpt lat="-26.3265730" lon="-51.1020860">
    <ele>1057.2</ele>
   </trkpt>
   <trkpt lat="-26.3265030" lon="-51.1019980">
    <ele>1056.8</ele>
   </trkpt>
   <trkpt lat="-26.3264300" lon="-51.1019130">
    <ele>1056.4</ele>
   </trkpt>
   <trkpt lat="-26.3263660" lon="-51.1018270">
    <ele>1056.2</ele>
   </trkpt>
   <trkpt lat="-26.3263120" lon="-51.1017380">
    <ele>1056.1</ele>
   </trkpt>
   <trkpt lat="-26.3262600" lon="-51.1016510">
    <ele>1056.0</ele>
   </trkpt>
   <trkpt lat="-26.3262100" lon="-51.1015650">
    <ele>1055.9</ele>
   </trkpt>
   <trkpt lat="-26.3261590" lon="-51.1014790">
    <ele>1055.7</ele>
   </trkpt>
   <trkpt lat="-26.3261060" lon="-51.1013900">
    <ele>1055.4</ele>
   </trkpt>
   <trkpt lat="-26.3260510" lon="-51.1012910">
    <ele>1055.0</ele>
   </trkpt>
   <trkpt lat="-26.3259940" lon="-51.1011970">
    <ele>1054.6</ele>
   </trkpt>
   <trkpt lat="-26.3259460" lon="-51.1011020">
    <ele>1054.3</ele>
   </trkpt>
   <trkpt lat="-26.3259120" lon="-51.1010000">
    <ele>1053.9</ele>
   </trkpt>
   <trkpt lat="-26.3258680" lon="-51.1009030">
    <ele>1053.6</ele>
   </trkpt>
   <trkpt lat="-26.3258350" lon="-51.1008050">
    <ele>1053.3</ele>
   </trkpt>
   <trkpt lat="-26.3257960" lon="-51.1007030">
    <ele>1052.9</ele>
   </trkpt>
   <trkpt lat="-26.3257640" lon="-51.1005940">
    <ele>1052.6</ele>
   </trkpt>
   <trkpt lat="-26.3257440" lon="-51.1004850">
    <ele>1052.4</ele>
   </trkpt>
   <trkpt lat="-26.3257380" lon="-51.1003730">
    <ele>1052.1</ele>
   </trkpt>
   <trkpt lat="-26.3257450" lon="-51.1002620">
    <ele>1051.8</ele>
   </trkpt>
   <trkpt lat="-26.3257660" lon="-51.1001540">
    <ele>1051.5</ele>
   </trkpt>
   <trkpt lat="-26.3257990" lon="-51.1000440">
    <ele>1051.2</ele>
   </trkpt>
   <trkpt lat="-26.3258330" lon="-51.0999130">
    <ele>1050.9</ele>
   </trkpt>
   <trkpt lat="-26.3258600" lon="-51.0998280">
    <ele>1050.7</ele>
   </trkpt>
   <trkpt lat="-26.3259040" lon="-51.0997230">
    <ele>1050.4</ele>
   </trkpt>
   <trkpt lat="-26.3259530" lon="-51.0996190">
    <ele>1050.1</ele>
   </trkpt>
   <trkpt lat="-26.3260120" lon="-51.0995140">
    <ele>1049.7</ele>
   </trkpt>
   <trkpt lat="-26.3260720" lon="-51.0994120">
    <ele>1049.4</ele>
   </trkpt>
   <trkpt lat="-26.3261380" lon="-51.0993110">
    <ele>1049.1</ele>
   </trkpt>
   <trkpt lat="-26.3262030" lon="-51.0992080">
    <ele>1048.9</ele>
   </trkpt>
   <trkpt lat="-26.3262720" lon="-51.0991070">
    <ele>1048.6</ele>
   </trkpt>
   <trkpt lat="-26.3263480" lon="-51.0989910">
    <ele>1048.3</ele>
   </trkpt>
   <trkpt lat="-26.3264120" lon="-51.0988930">
    <ele>1048.0</ele>
   </trkpt>
   <trkpt lat="-26.3264770" lon="-51.0987930">
    <ele>1047.8</ele>
   </trkpt>
   <trkpt lat="-26.3265300" lon="-51.0987160">
    <ele>1047.6</ele>
   </trkpt>
   <trkpt lat="-26.3265970" lon="-51.0986220">
    <ele>1047.3</ele>
   </trkpt>
   <trkpt lat="-26.3266620" lon="-51.0985320">
    <ele>1047.0</ele>
   </trkpt>
   <trkpt lat="-26.3267290" lon="-51.0984430">
    <ele>1046.7</ele>
   </trkpt>
   <trkpt lat="-26.3268020" lon="-51.0983560">
    <ele>1046.4</ele>
   </trkpt>
   <trkpt lat="-26.3268780" lon="-51.0982730">
    <ele>1046.1</ele>
   </trkpt>
   <trkpt lat="-26.3269570" lon="-51.0981950">
    <ele>1045.8</ele>
   </trkpt>
   <trkpt lat="-26.3270330" lon="-51.0981180">
    <ele>1045.6</ele>
   </trkpt>
   <trkpt lat="-26.3271070" lon="-51.0980420">
    <ele>1045.5</ele>
   </trkpt>
   <trkpt lat="-26.3271770" lon="-51.0979620">
    <ele>1045.3</ele>
   </trkpt>
   <trkpt lat="-26.3272320" lon="-51.0978780">
    <ele>1045.0</ele>
   </trkpt>
   <trkpt lat="-26.3272780" lon="-51.0977940">
    <ele>1044.8</ele>
   </trkpt>
   <trkpt lat="-26.3273180" lon="-51.0977050">
    <ele>1044.5</ele>
   </trkpt>
   <trkpt lat="-26.3273510" lon="-51.0976110">
    <ele>1044.3</ele>
   </trkpt>
   <trkpt lat="-26.3273760" lon="-51.0975130">
    <ele>1044.1</ele>
   </trkpt>
   <trkpt lat="-26.3273910" lon="-51.0974140">
    <ele>1043.8</ele>
   </trkpt>
   <trkpt lat="-26.3273970" lon="-51.0973120">
    <ele>1043.6</ele>
   </trkpt>
   <trkpt lat="-26.3273950" lon="-51.0972090">
    <ele>1043.4</ele>
   </trkpt>
   <trkpt lat="-26.3273870" lon="-51.0971050">
    <ele>1043.1</ele>
   </trkpt>
   <trkpt lat="-26.3273760" lon="-51.0970050">
    <ele>1042.9</ele>
   </trkpt>
   <trkpt lat="-26.3273610" lon="-51.0969050">
    <ele>1042.6</ele>
   </trkpt>
   <trkpt lat="-26.3273450" lon="-51.0968070">
    <ele>1042.3</ele>
   </trkpt>
   <trkpt lat="-26.3273300" lon="-51.0967060">
    <ele>1042.0</ele>
   </trkpt>
   <trkpt lat="-26.3273160" lon="-51.0966040">
    <ele>1041.8</ele>
   </trkpt>
   <trkpt lat="-26.3273000" lon="-51.0965010">
    <ele>1041.6</ele>
   </trkpt>
   <trkpt lat="-26.3272840" lon="-51.0963990">
    <ele>1041.4</ele>
   </trkpt>
   <trkpt lat="-26.3272680" lon="-51.0962980">
    <ele>1041.2</ele>
   </trkpt>
   <trkpt lat="-26.3272550" lon="-51.0961970">
    <ele>1041.0</ele>
   </trkpt>
   <trkpt lat="-26.3272390" lon="-51.0960950">
    <ele>1040.8</ele>
   </trkpt>
   <trkpt lat="-26.3272200" lon="-51.0959930">
    <ele>1040.6</ele>
   </trkpt>
   <trkpt lat="-26.3272020" lon="-51.0958900">
    <ele>1040.3</ele>
   </trkpt>
   <trkpt lat="-26.3271860" lon="-51.0958120">
    <ele>1040.1</ele>
   </trkpt>
   <trkpt lat="-26.3271700" lon="-51.0957330">
    <ele>1040.0</ele>
   </trkpt>
   <trkpt lat="-26.3271370" lon="-51.0955770">
    <ele>1039.6</ele>
   </trkpt>
   <trkpt lat="-26.3271140" lon="-51.0954700">
    <ele>1039.3</ele>
   </trkpt>
   <trkpt lat="-26.3270910" lon="-51.0953620">
    <ele>1039.0</ele>
   </trkpt>
   <trkpt lat="-26.3270710" lon="-51.0952530">
    <ele>1038.7</ele>
   </trkpt>
   <trkpt lat="-26.3270560" lon="-51.0951460">
    <ele>1038.4</ele>
   </trkpt>
   <trkpt lat="-26.3270430" lon="-51.0950370">
    <ele>1038.1</ele>
   </trkpt>
   <trkpt lat="-26.3270250" lon="-51.0949260">
    <ele>1037.7</ele>
   </trkpt>
   <trkpt lat="-26.3270060" lon="-51.0948170">
    <ele>1037.4</ele>
   </trkpt>
   <trkpt lat="-26.3269890" lon="-51.0947110">
    <ele>1037.0</ele>
   </trkpt>
   <trkpt lat="-26.3269500" lon="-51.0946080">
    <ele>1036.6</ele>
   </trkpt>
   <trkpt lat="-26.3269000" lon="-51.0945070">
    <ele>1036.2</ele>
   </trkpt>
   <trkpt lat="-26.3268400" lon="-51.0944000">
    <ele>1035.7</ele>
   </trkpt>
   <trkpt lat="-26.3267810" lon="-51.0942900">
    <ele>1035.2</ele>
   </trkpt>
   <trkpt lat="-26.3267280" lon="-51.0941760">
    <ele>1034.8</ele>
   </trkpt>
   <trkpt lat="-26.3266770" lon="-51.0940590">
    <ele>1034.5</ele>
   </trkpt>
   <trkpt lat="-26.3266330" lon="-51.0939400">
    <ele>1034.2</ele>
   </trkpt>
   <trkpt lat="-26.3265940" lon="-51.0938240">
    <ele>1033.9</ele>
   </trkpt>
   <trkpt lat="-26.3265610" lon="-51.0937050">
    <ele>1033.5</ele>
   </trkpt>
   <trkpt lat="-26.3265250" lon="-51.0935860">
    <ele>1033.2</ele>
   </trkpt>
   <trkpt lat="-26.3264810" lon="-51.0934710">
    <ele>1032.8</ele>
   </trkpt>
   <trkpt lat="-26.3264240" lon="-51.0933600">
    <ele>1032.5</ele>
   </trkpt>
   <trkpt lat="-26.3263590" lon="-51.0932580">
    <ele>1032.1</ele>
   </trkpt>
   <trkpt lat="-26.3262860" lon="-51.0931630">
    <ele>1031.7</ele>
   </trkpt>
   <trkpt lat="-26.3262010" lon="-51.0930810">
    <ele>1031.3</ele>
   </trkpt>
   <trkpt lat="-26.3261030" lon="-51.0930160">
    <ele>1030.8</ele>
   </trkpt>
   <trkpt lat="-26.3260030" lon="-51.0929620">
    <ele>1030.4</ele>
   </trkpt>
   <trkpt lat="-26.3258990" lon="-51.0929160">
    <ele>1030.0</ele>
   </trkpt>
   <trkpt lat="-26.3257890" lon="-51.0928800">
    <ele>1029.5</ele>
   </trkpt>
   <trkpt lat="-26.3256760" lon="-51.0928520">
    <ele>1029.1</ele>
   </trkpt>
   <trkpt lat="-26.3255630" lon="-51.0928270">
    <ele>1028.7</ele>
   </trkpt>
   <trkpt lat="-26.3254520" lon="-51.0928000">
    <ele>1028.4</ele>
   </trkpt>
   <trkpt lat="-26.3253400" lon="-51.0927720">
    <ele>1028.0</ele>
   </trkpt>
   <trkpt lat="-26.3252230" lon="-51.0927460">
    <ele>1027.7</ele>
   </trkpt>
   <trkpt lat="-26.3251140" lon="-51.0927230">
    <ele>1027.4</ele>
   </trkpt>
   <trkpt lat="-26.3250080" lon="-51.0926990">
    <ele>1027.2</ele>
   </trkpt>
   <trkpt lat="-26.3249000" lon="-51.0926730">
    <ele>1026.9</ele>
   </trkpt>
   <trkpt lat="-26.3247950" lon="-51.0926430">
    <ele>1026.7</ele>
   </trkpt>
   <trkpt lat="-26.3246950" lon="-51.0926060">
    <ele>1026.5</ele>
   </trkpt>
   <trkpt lat="-26.3245970" lon="-51.0925580">
    <ele>1026.2</ele>
   </trkpt>
   <trkpt lat="-26.3245050" lon="-51.0924990">
    <ele>1025.8</ele>
   </trkpt>
   <trkpt lat="-26.3244210" lon="-51.0924330">
    <ele>1025.4</ele>
   </trkpt>
   <trkpt lat="-26.3243410" lon="-51.0923510">
    <ele>1025.1</ele>
   </trkpt>
   <trkpt lat="-26.3242660" lon="-51.0922640">
    <ele>1024.8</ele>
   </trkpt>
   <trkpt lat="-26.3242010" lon="-51.0921680">
    <ele>1024.5</ele>
   </trkpt>
   <trkpt lat="-26.3241440" lon="-51.0920660">
    <ele>1024.2</ele>
   </trkpt>
   <trkpt lat="-26.3240990" lon="-51.0919610">
    <ele>1023.9</ele>
   </trkpt>
   <trkpt lat="-26.3240640" lon="-51.0918520">
    <ele>1023.5</ele>
   </trkpt>
   <trkpt lat="-26.3240300" lon="-51.0917410">
    <ele>1023.1</ele>
   </trkpt>
   <trkpt lat="-26.3239980" lon="-51.0916290">
    <ele>1022.6</ele>
   </trkpt>
   <trkpt lat="-26.3239680" lon="-51.0915140">
    <ele>1022.3</ele>
   </trkpt>
   <trkpt lat="-26.3239350" lon="-51.0914020">
    <ele>1022.2</ele>
   </trkpt>
   <trkpt lat="-26.3238960" lon="-51.0912960">
    <ele>1022.1</ele>
   </trkpt>
   <trkpt lat="-26.3238480" lon="-51.0911960">
    <ele>1022.0</ele>
   </trkpt>
   <trkpt lat="-26.3237870" lon="-51.0911040">
    <ele>1021.9</ele>
   </trkpt>
   <trkpt lat="-26.3237220" lon="-51.0910230">
    <ele>1021.7</ele>
   </trkpt>
   <trkpt lat="-26.3236510" lon="-51.0909490">
    <ele>1021.3</ele>
   </trkpt>
   <trkpt lat="-26.3235700" lon="-51.0908840">
    <ele>1020.8</ele>
   </trkpt>
   <trkpt lat="-26.3234810" lon="-51.0908280">
    <ele>1020.4</ele>
   </trkpt>
   <trkpt lat="-26.3233850" lon="-51.0907800">
    <ele>1020.0</ele>
   </trkpt>
   <trkpt lat="-26.3232870" lon="-51.0907440">
    <ele>1019.7</ele>
   </trkpt>
   <trkpt lat="-26.3231880" lon="-51.0907230">
    <ele>1019.4</ele>
   </trkpt>
   <trkpt lat="-26.3230890" lon="-51.0907140">
    <ele>1019.0</ele>
   </trkpt>
   <trkpt lat="-26.3229890" lon="-51.0907170">
    <ele>1018.6</ele>
   </trkpt>
   <trkpt lat="-26.3228890" lon="-51.0907220">
    <ele>1018.2</ele>
   </trkpt>
   <trkpt lat="-26.3227890" lon="-51.0907230">
    <ele>1017.8</ele>
   </trkpt>
   <trkpt lat="-26.3226860" lon="-51.0907150">
    <ele>1017.4</ele>
   </trkpt>
   <trkpt lat="-26.3225860" lon="-51.0906960">
    <ele>1017.0</ele>
   </trkpt>
   <trkpt lat="-26.3224900" lon="-51.0906680">
    <ele>1016.6</ele>
   </trkpt>
   <trkpt lat="-26.3224030" lon="-51.0906230">
    <ele>1016.2</ele>
   </trkpt>
   <trkpt lat="-26.3223300" lon="-51.0905630">
    <ele>1015.9</ele>
   </trkpt>
   <trkpt lat="-26.3222420" lon="-51.0904770">
    <ele>1015.7</ele>
   </trkpt>
   <trkpt lat="-26.3221850" lon="-51.0904130">
    <ele>1015.6</ele>
   </trkpt>
   <trkpt lat="-26.3221190" lon="-51.0903300">
    <ele>1015.6</ele>
   </trkpt>
   <trkpt lat="-26.3220550" lon="-51.0902470">
    <ele>1015.5</ele>
   </trkpt>
   <trkpt lat="-26.3219910" lon="-51.0901650">
    <ele>1015.4</ele>
   </trkpt>
   <trkpt lat="-26.3219330" lon="-51.0900840">
    <ele>1015.3</ele>
   </trkpt>
   <trkpt lat="-26.3218750" lon="-51.0900070">
    <ele>1015.1</ele>
   </trkpt>
   <trkpt lat="-26.3218160" lon="-51.0899240">
    <ele>1014.9</ele>
   </trkpt>
   <trkpt lat="-26.3217560" lon="-51.0898390">
    <ele>1014.7</ele>
   </trkpt>
   <trkpt lat="-26.3216930" lon="-51.0897540">
    <ele>1014.5</ele>
   </trkpt>
   <trkpt lat="-26.3216260" lon="-51.0896720">
    <ele>1014.3</ele>
   </trkpt>
   <trkpt lat="-26.3215540" lon="-51.0895970">
    <ele>1014.1</ele>
   </trkpt>
   <trkpt lat="-26.3214740" lon="-51.0895280">
    <ele>1013.9</ele>
   </trkpt>
   <trkpt lat="-26.3213860" lon="-51.0894690">
    <ele>1013.7</ele>
   </trkpt>
   <trkpt lat="-26.3212900" lon="-51.0894210">
    <ele>1013.4</ele>
   </trkpt>
   <trkpt lat="-26.3211870" lon="-51.0893840">
    <ele>1013.1</ele>
   </trkpt>
   <trkpt lat="-26.3210820" lon="-51.0893580">
    <ele>1012.7</ele>
   </trkpt>
   <trkpt lat="-26.3209730" lon="-51.0893500">
    <ele>1012.3</ele>
   </trkpt>
   <trkpt lat="-26.3208640" lon="-51.0893560">
    <ele>1011.9</ele>
   </trkpt>
   <trkpt lat="-26.3207580" lon="-51.0893820">
    <ele>1011.6</ele>
   </trkpt>
   <trkpt lat="-26.3206560" lon="-51.0894220">
    <ele>1011.3</ele>
   </trkpt>
   <trkpt lat="-26.3205600" lon="-51.0894700">
    <ele>1010.9</ele>
   </trkpt>
   <trkpt lat="-26.3204690" lon="-51.0895290">
    <ele>1010.4</ele>
   </trkpt>
   <trkpt lat="-26.3203810" lon="-51.0896000">
    <ele>1009.9</ele>
   </trkpt>
   <trkpt lat="-26.3203000" lon="-51.0896830">
    <ele>1009.3</ele>
   </trkpt>
   <trkpt lat="-26.3202290" lon="-51.0897760">
    <ele>1008.6</ele>
   </trkpt>
   <trkpt lat="-26.3201660" lon="-51.0898780">
    <ele>1008.1</ele>
   </trkpt>
   <trkpt lat="-26.3201100" lon="-51.0899880">
    <ele>1007.6</ele>
   </trkpt>
   <trkpt lat="-26.3200650" lon="-51.0901000">
    <ele>1007.2</ele>
   </trkpt>
   <trkpt lat="-26.3200380" lon="-51.0902160">
    <ele>1006.9</ele>
   </trkpt>
   <trkpt lat="-26.3200250" lon="-51.0903320">
    <ele>1006.7</ele>
   </trkpt>
   <trkpt lat="-26.3200130" lon="-51.0904500">
    <ele>1006.5</ele>
   </trkpt>
   <trkpt lat="-26.3200010" lon="-51.0905740">
    <ele>1006.4</ele>
   </trkpt>
   <trkpt lat="-26.3199760" lon="-51.0906960">
    <ele>1006.2</ele>
   </trkpt>
   <trkpt lat="-26.3199410" lon="-51.0908040">
    <ele>1006.1</ele>
   </trkpt>
   <trkpt lat="-26.3199000" lon="-51.0909100">
    <ele>1005.9</ele>
   </trkpt>
   <trkpt lat="-26.3198540" lon="-51.0910120">
    <ele>1005.6</ele>
   </trkpt>
   <trkpt lat="-26.3197990" lon="-51.0911050">
    <ele>1005.2</ele>
   </trkpt>
   <trkpt lat="-26.3197420" lon="-51.0911900">
    <ele>1004.8</ele>
   </trkpt>
   <trkpt lat="-26.3196830" lon="-51.0912690">
    <ele>1004.4</ele>
   </trkpt>
   <trkpt lat="-26.3196180" lon="-51.0913460">
    <ele>1004.0</ele>
   </trkpt>
   <trkpt lat="-26.3195520" lon="-51.0914180">
    <ele>1003.7</ele>
   </trkpt>
   <trkpt lat="-26.3194820" lon="-51.0914850">
    <ele>1003.3</ele>
   </trkpt>
   <trkpt lat="-26.3194120" lon="-51.0915530">
    <ele>1003.0</ele>
   </trkpt>
   <trkpt lat="-26.3193430" lon="-51.0916220">
    <ele>1002.7</ele>
   </trkpt>
   <trkpt lat="-26.3192750" lon="-51.0917030">
    <ele>1002.3</ele>
   </trkpt>
   <trkpt lat="-26.3192060" lon="-51.0917810">
    <ele>1002.0</ele>
   </trkpt>
   <trkpt lat="-26.3191330" lon="-51.0918560">
    <ele>1001.7</ele>
   </trkpt>
   <trkpt lat="-26.3190610" lon="-51.0919290">
    <ele>1001.5</ele>
   </trkpt>
   <trkpt lat="-26.3189880" lon="-51.0920000">
    <ele>1001.3</ele>
   </trkpt>
   <trkpt lat="-26.3189130" lon="-51.0920700">
    <ele>1001.1</ele>
   </trkpt>
   <trkpt lat="-26.3188370" lon="-51.0921380">
    <ele>1001.0</ele>
   </trkpt>
   <trkpt lat="-26.3187670" lon="-51.0922060">
    <ele>1000.8</ele>
   </trkpt>
   <trkpt lat="-26.3186990" lon="-51.0922750">
    <ele>1000.6</ele>
   </trkpt>
   <trkpt lat="-26.3186320" lon="-51.0923440">
    <ele>1000.5</ele>
   </trkpt>
   <trkpt lat="-26.3185580" lon="-51.0924140">
    <ele>1000.3</ele>
   </trkpt>
   <trkpt lat="-26.3184850" lon="-51.0924830">
    <ele>1000.1</ele>
   </trkpt>
   <trkpt lat="-26.3184120" lon="-51.0925510">
    <ele>999.9</ele>
   </trkpt>
   <trkpt lat="-26.3183400" lon="-51.0926150">
    <ele>999.7</ele>
   </trkpt>
   <trkpt lat="-26.3182680" lon="-51.0926770">
    <ele>999.4</ele>
   </trkpt>
   <trkpt lat="-26.3181890" lon="-51.0927300">
    <ele>999.0</ele>
   </trkpt>
   <trkpt lat="-26.3181000" lon="-51.0927770">
    <ele>998.7</ele>
   </trkpt>
   <trkpt lat="-26.3180030" lon="-51.0928140">
    <ele>998.3</ele>
   </trkpt>
   <trkpt lat="-26.3179010" lon="-51.0928360">
    <ele>997.9</ele>
   </trkpt>
   <trkpt lat="-26.3177950" lon="-51.0928460">
    <ele>997.5</ele>
   </trkpt>
   <trkpt lat="-26.3176880" lon="-51.0928460">
    <ele>997.0</ele>
   </trkpt>
   <trkpt lat="-26.3175840" lon="-51.0928370">
    <ele>996.6</ele>
   </trkpt>
   <trkpt lat="-26.3174830" lon="-51.0928170">
    <ele>996.1</ele>
   </trkpt>
   <trkpt lat="-26.3173870" lon="-51.0927910">
    <ele>995.6</ele>
   </trkpt>
   <trkpt lat="-26.3172930" lon="-51.0927600">
    <ele>995.1</ele>
   </trkpt>
   <trkpt lat="-26.3172040" lon="-51.0927210">
    <ele>994.6</ele>
   </trkpt>
   <trkpt lat="-26.3171100" lon="-51.0926650">
    <ele>994.1</ele>
   </trkpt>
   <trkpt lat="-26.3170110" lon="-51.0925910">
    <ele>993.6</ele>
   </trkpt>
   <trkpt lat="-26.3169180" lon="-51.0925060">
    <ele>993.2</ele>
   </trkpt>
   <trkpt lat="-26.3168440" lon="-51.0924080">
    <ele>992.8</ele>
   </trkpt>
   <trkpt lat="-26.3167820" lon="-51.0923020">
    <ele>992.5</ele>
   </trkpt>
   <trkpt lat="-26.3167260" lon="-51.0921900">
    <ele>992.1</ele>
   </trkpt>
   <trkpt lat="-26.3166690" lon="-51.0920640">
    <ele>991.9</ele>
   </trkpt>
   <trkpt lat="-26.3166250" lon="-51.0919510">
    <ele>991.7</ele>
   </trkpt>
   <trkpt lat="-26.3165810" lon="-51.0918390">
    <ele>991.6</ele>
   </trkpt>
   <trkpt lat="-26.3165360" lon="-51.0917370">
    <ele>991.5</ele>
   </trkpt>
   <trkpt lat="-26.3164730" lon="-51.0916460">
    <ele>991.2</ele>
   </trkpt>
   <trkpt lat="-26.3164030" lon="-51.0915540">
    <ele>990.9</ele>
   </trkpt>
   <trkpt lat="-26.3163280" lon="-51.0914680">
    <ele>990.5</ele>
   </trkpt>
   <trkpt lat="-26.3162440" lon="-51.0913970">
    <ele>990.1</ele>
   </trkpt>
   <trkpt lat="-26.3161560" lon="-51.0913360">
    <ele>989.6</ele>
   </trkpt>
   <trkpt lat="-26.3160560" lon="-51.0912820">
    <ele>989.0</ele>
   </trkpt>
   <trkpt lat="-26.3159500" lon="-51.0912460">
    <ele>988.5</ele>
   </trkpt>
   <trkpt lat="-26.3158400" lon="-51.0912260">
    <ele>988.1</ele>
   </trkpt>
   <trkpt lat="-26.3157240" lon="-51.0912250">
    <ele>987.8</ele>
   </trkpt>
   <trkpt lat="-26.3156090" lon="-51.0912280">
    <ele>987.5</ele>
   </trkpt>
   <trkpt lat="-26.3155000" lon="-51.0912320">
    <ele>987.2</ele>
   </trkpt>
   <trkpt lat="-26.3153900" lon="-51.0912470">
    <ele>986.9</ele>
   </trkpt>
   <trkpt lat="-26.3152830" lon="-51.0912620">
    <ele>986.7</ele>
   </trkpt>
   <trkpt lat="-26.3151760" lon="-51.0912670">
    <ele>986.3</ele>
   </trkpt>
   <trkpt lat="-26.3150740" lon="-51.0912720">
    <ele>985.9</ele>
   </trkpt>
   <trkpt lat="-26.3149680" lon="-51.0912690">
    <ele>985.5</ele>
   </trkpt>
   <trkpt lat="-26.3148630" lon="-51.0912600">
    <ele>985.1</ele>
   </trkpt>
   <trkpt lat="-26.3147550" lon="-51.0912430">
    <ele>984.7</ele>
   </trkpt>
   <trkpt lat="-26.3146500" lon="-51.0912170">
    <ele>984.4</ele>
   </trkpt>
   <trkpt lat="-26.3145500" lon="-51.0911730">
    <ele>984.1</ele>
   </trkpt>
   <trkpt lat="-26.3144530" lon="-51.0911170">
    <ele>983.7</ele>
   </trkpt>
   <trkpt lat="-26.3143590" lon="-51.0910530">
    <ele>983.3</ele>
   </trkpt>
   <trkpt lat="-26.3142700" lon="-51.0909870">
    <ele>982.9</ele>
   </trkpt>
   <trkpt lat="-26.3141820" lon="-51.0909210">
    <ele>982.5</ele>
   </trkpt>
   <trkpt lat="-26.3140910" lon="-51.0908560">
    <ele>982.2</ele>
   </trkpt>
   <trkpt lat="-26.3140000" lon="-51.0907920">
    <ele>981.9</ele>
   </trkpt>
   <trkpt lat="-26.3139150" lon="-51.0907260">
    <ele>981.6</ele>
   </trkpt>
   <trkpt lat="-26.3138280" lon="-51.0906570">
    <ele>981.3</ele>
   </trkpt>
   <trkpt lat="-26.3137410" lon="-51.0905890">
    <ele>980.9</ele>
   </trkpt>
   <trkpt lat="-26.3136480" lon="-51.0905160">
    <ele>980.5</ele>
   </trkpt>
   <trkpt lat="-26.3135590" lon="-51.0904390">
    <ele>980.1</ele>
   </trkpt>
   <trkpt lat="-26.3134760" lon="-51.0903600">
    <ele>979.7</ele>
   </trkpt>
   <trkpt lat="-26.3133920" lon="-51.0902800">
    <ele>979.3</ele>
   </trkpt>
   <trkpt lat="-26.3133240" lon="-51.0901830">
    <ele>978.9</ele>
   </trkpt>
   <trkpt lat="-26.3132640" lon="-51.0900770">
    <ele>978.6</ele>
   </trkpt>
   <trkpt lat="-26.3132100" lon="-51.0899650">
    <ele>978.4</ele>
   </trkpt>
   <trkpt lat="-26.3131620" lon="-51.0898510">
    <ele>978.2</ele>
   </trkpt>
   <trkpt lat="-26.3131120" lon="-51.0897450">
    <ele>978.0</ele>
   </trkpt>
   <trkpt lat="-26.3130590" lon="-51.0896400">
    <ele>977.8</ele>
   </trkpt>
   <trkpt lat="-26.3130030" lon="-51.0895440">
    <ele>977.6</ele>
   </trkpt>
   <trkpt lat="-26.3129430" lon="-51.0894480">
    <ele>977.4</ele>
   </trkpt>
   <trkpt lat="-26.3128710" lon="-51.0893630">
    <ele>977.1</ele>
   </trkpt>
   <trkpt lat="-26.3127880" lon="-51.0892890">
    <ele>976.8</ele>
   </trkpt>
   <trkpt lat="-26.3126950" lon="-51.0892310">
    <ele>976.3</ele>
   </trkpt>
   <trkpt lat="-26.3125900" lon="-51.0891850">
    <ele>975.8</ele>
   </trkpt>
   <trkpt lat="-26.3124820" lon="-51.0891460">
    <ele>975.4</ele>
   </trkpt>
   <trkpt lat="-26.3123740" lon="-51.0891160">
    <ele>974.9</ele>
   </trkpt>
   <trkpt lat="-26.3122630" lon="-51.0890910">
    <ele>974.5</ele>
   </trkpt>
   <trkpt lat="-26.3121510" lon="-51.0890670">
    <ele>974.1</ele>
   </trkpt>
   <trkpt lat="-26.3120370" lon="-51.0890430">
    <ele>973.8</ele>
   </trkpt>
   <trkpt lat="-26.3119300" lon="-51.0890120">
    <ele>973.6</ele>
   </trkpt>
   <trkpt lat="-26.3118290" lon="-51.0889730">
    <ele>973.4</ele>
   </trkpt>
   <trkpt lat="-26.3117320" lon="-51.0889290">
    <ele>973.3</ele>
   </trkpt>
   <trkpt lat="-26.3116590" lon="-51.0888860">
    <ele>973.2</ele>
   </trkpt>
   <trkpt lat="-26.3115520" lon="-51.0888200">
    <ele>973.2</ele>
   </trkpt>
   <trkpt lat="-26.3114640" lon="-51.0887720">
    <ele>973.2</ele>
   </trkpt>
   <trkpt lat="-26.3113770" lon="-51.0887310">
    <ele>973.0</ele>
   </trkpt>
   <trkpt lat="-26.3112860" lon="-51.0887020">
    <ele>972.7</ele>
   </trkpt>
   <trkpt lat="-26.3111910" lon="-51.0886850">
    <ele>972.4</ele>
   </trkpt>
   <trkpt lat="-26.3110980" lon="-51.0886720">
    <ele>972.0</ele>
   </trkpt>
   <trkpt lat="-26.3110070" lon="-51.0886710">
    <ele>971.5</ele>
   </trkpt>
   <trkpt lat="-26.3109130" lon="-51.0886810">
    <ele>971.1</ele>
   </trkpt>
   <trkpt lat="-26.3108200" lon="-51.0887020">
    <ele>970.8</ele>
   </trkpt>
   <trkpt lat="-26.3107330" lon="-51.0887310">
    <ele>970.5</ele>
   </trkpt>
   <trkpt lat="-26.3106430" lon="-51.0887680">
    <ele>970.2</ele>
   </trkpt>
   <trkpt lat="-26.3105540" lon="-51.0888220">
    <ele>969.9</ele>
   </trkpt>
   <trkpt lat="-26.3104720" lon="-51.0888880">
    <ele>969.6</ele>
   </trkpt>
   <trkpt lat="-26.3103950" lon="-51.0889640">
    <ele>969.4</ele>
   </trkpt>
   <trkpt lat="-26.3103240" lon="-51.0890460">
    <ele>969.1</ele>
   </trkpt>
   <trkpt lat="-26.3102640" lon="-51.0891320">
    <ele>968.7</ele>
   </trkpt>
   <trkpt lat="-26.3102080" lon="-51.0892260">
    <ele>968.4</ele>
   </trkpt>
   <trkpt lat="-26.3101550" lon="-51.0893290">
    <ele>968.0</ele>
   </trkpt>
   <trkpt lat="-26.3101050" lon="-51.0894350">
    <ele>967.7</ele>
   </trkpt>
   <trkpt lat="-26.3100520" lon="-51.0895400">
    <ele>967.5</ele>
   </trkpt>
   <trkpt lat="-26.3100040" lon="-51.0896460">
    <ele>967.3</ele>
   </trkpt>
   <trkpt lat="-26.3099620" lon="-51.0897560">
    <ele>967.1</ele>
   </trkpt>
   <trkpt lat="-26.3099260" lon="-51.0898660">
    <ele>967.0</ele>
   </trkpt>
   <trkpt lat="-26.3099100" lon="-51.0899600">
    <ele>966.9</ele>
   </trkpt>
   <trkpt lat="-26.3098980" lon="-51.0901030">
    <ele>966.5</ele>
   </trkpt>
   <trkpt lat="-26.3098900" lon="-51.0902250">
    <ele>966.1</ele>
   </trkpt>
   <trkpt lat="-26.3098830" lon="-51.0903480">
    <ele>965.6</ele>
   </trkpt>
   <trkpt lat="-26.3098760" lon="-51.0904680">
    <ele>965.3</ele>
   </trkpt>
   <trkpt lat="-26.3098680" lon="-51.0905940">
    <ele>965.0</ele>
   </trkpt>
   <trkpt lat="-26.3098580" lon="-51.0907180">
    <ele>964.7</ele>
   </trkpt>
   <trkpt lat="-26.3098450" lon="-51.0908400">
    <ele>964.5</ele>
   </trkpt>
   <trkpt lat="-26.3098320" lon="-51.0909590">
    <ele>964.3</ele>
   </trkpt>
   <trkpt lat="-26.3098240" lon="-51.0910770">
    <ele>964.1</ele>
   </trkpt>
   <trkpt lat="-26.3098110" lon="-51.0911950">
    <ele>963.9</ele>
   </trkpt>
   <trkpt lat="-26.3097950" lon="-51.0913140">
    <ele>963.7</ele>
   </trkpt>
   <trkpt lat="-26.3097870" lon="-51.0914340">
    <ele>963.4</ele>
   </trkpt>
   <trkpt lat="-26.3097930" lon="-51.0915520">
    <ele>963.1</ele>
   </trkpt>
   <trkpt lat="-26.3098120" lon="-51.0916680">
    <ele>962.9</ele>
   </trkpt>
   <trkpt lat="-26.3098380" lon="-51.0917820">
    <ele>962.8</ele>
   </trkpt>
   <trkpt lat="-26.3098640" lon="-51.0918690">
    <ele>962.8</ele>
   </trkpt>
   <trkpt lat="-26.3099170" lon="-51.0919950">
    <ele>962.9</ele>
   </trkpt>
   <trkpt lat="-26.3099720" lon="-51.0920960">
    <ele>963.0</ele>
   </trkpt>
   <trkpt lat="-26.3100190" lon="-51.0921910">
    <ele>963.0</ele>
   </trkpt>
   <trkpt lat="-26.3100690" lon="-51.0922710">
    <ele>962.9</ele>
   </trkpt>
   <trkpt lat="-26.3101340" lon="-51.0923340">
    <ele>962.6</ele>
   </trkpt>
   <trkpt lat="-26.3102080" lon="-51.0923920">
    <ele>962.3</ele>
   </trkpt>
   <trkpt lat="-26.3102890" lon="-51.0924480">
    <ele>961.9</ele>
   </trkpt>
   <trkpt lat="-26.3103760" lon="-51.0925040">
    <ele>961.4</ele>
   </trkpt>
   <trkpt lat="-26.3104600" lon="-51.0925630">
    <ele>961.0</ele>
   </trkpt>
   <trkpt lat="-26.3105450" lon="-51.0926260">
    <ele>960.6</ele>
   </trkpt>
   <trkpt lat="-26.3106260" lon="-51.0926960">
    <ele>960.2</ele>
   </trkpt>
   <trkpt lat="-26.3107020" lon="-51.0927720">
    <ele>959.7</ele>
   </trkpt>
   <trkpt lat="-26.3107790" lon="-51.0928560">
    <ele>959.3</ele>
   </trkpt>
   <trkpt lat="-26.3108470" lon="-51.0929510">
    <ele>958.8</ele>
   </trkpt>
   <trkpt lat="-26.3109070" lon="-51.0930530">
    <ele>958.3</ele>
   </trkpt>
   <trkpt lat="-26.3109580" lon="-51.0931590">
    <ele>957.8</ele>
   </trkpt>
   <trkpt lat="-26.3109960" lon="-51.0932700">
    <ele>957.5</ele>
   </trkpt>
   <trkpt lat="-26.3110150" lon="-51.0933870">
    <ele>957.3</ele>
   </trkpt>
   <trkpt lat="-26.3110200" lon="-51.0935020">
    <ele>957.1</ele>
   </trkpt>
   <trkpt lat="-26.3110160" lon="-51.0936140">
    <ele>957.1</ele>
   </trkpt>
   <trkpt lat="-26.3110080" lon="-51.0937210">
    <ele>957.0</ele>
   </trkpt>
   <trkpt lat="-26.3109970" lon="-51.0938230">
    <ele>956.8</ele>
   </trkpt>
   <trkpt lat="-26.3109840" lon="-51.0939250">
    <ele>956.6</ele>
   </trkpt>
   <trkpt lat="-26.3109620" lon="-51.0940260">
    <ele>956.4</ele>
   </trkpt>
   <trkpt lat="-26.3109390" lon="-51.0941320">
    <ele>956.2</ele>
   </trkpt>
   <trkpt lat="-26.3109170" lon="-51.0942410">
    <ele>956.0</ele>
   </trkpt>
   <trkpt lat="-26.3108980" lon="-51.0943490">
    <ele>955.9</ele>
   </trkpt>
   <trkpt lat="-26.3108810" lon="-51.0944590">
    <ele>955.8</ele>
   </trkpt>
   <trkpt lat="-26.3108640" lon="-51.0945680">
    <ele>955.7</ele>
   </trkpt>
   <trkpt lat="-26.3108430" lon="-51.0946760">
    <ele>955.6</ele>
   </trkpt>
   <trkpt lat="-26.3108250" lon="-51.0947810">
    <ele>955.5</ele>
   </trkpt>
   <trkpt lat="-26.3108060" lon="-51.0948880">
    <ele>955.3</ele>
   </trkpt>
   <trkpt lat="-26.3107870" lon="-51.0950000">
    <ele>955.1</ele>
   </trkpt>
   <trkpt lat="-26.3107620" lon="-51.0951130">
    <ele>954.8</ele>
   </trkpt>
   <trkpt lat="-26.3107400" lon="-51.0952250">
    <ele>954.5</ele>
   </trkpt>
   <trkpt lat="-26.3107160" lon="-51.0953390">
    <ele>954.3</ele>
   </trkpt>
   <trkpt lat="-26.3106830" lon="-51.0954560">
    <ele>954.0</ele>
   </trkpt>
   <trkpt lat="-26.3106520" lon="-51.0955700">
    <ele>953.7</ele>
   </trkpt>
   <trkpt lat="-26.3106230" lon="-51.0956780">
    <ele>953.4</ele>
   </trkpt>
   <trkpt lat="-26.3105860" lon="-51.0957840">
    <ele>953.0</ele>
   </trkpt>
   <trkpt lat="-26.3105450" lon="-51.0958950">
    <ele>952.6</ele>
   </trkpt>
   <trkpt lat="-26.3105020" lon="-51.0960030">
    <ele>952.3</ele>
   </trkpt>
   <trkpt lat="-26.3104590" lon="-51.0961090">
    <ele>952.0</ele>
   </trkpt>
   <trkpt lat="-26.3104140" lon="-51.0962140">
    <ele>951.6</ele>
   </trkpt>
   <trkpt lat="-26.3103660" lon="-51.0963170">
    <ele>951.4</ele>
   </trkpt>
   <trkpt lat="-26.3103190" lon="-51.0964200">
    <ele>951.1</ele>
   </trkpt>
   <trkpt lat="-26.3102750" lon="-51.0965230">
    <ele>950.9</ele>
   </trkpt>
   <trkpt lat="-26.3102340" lon="-51.0966240">
    <ele>950.6</ele>
   </trkpt>
   <trkpt lat="-26.3101960" lon="-51.0967280">
    <ele>950.4</ele>
   </trkpt>
   <trkpt lat="-26.3101620" lon="-51.0968350">
    <ele>950.1</ele>
   </trkpt>
   <trkpt lat="-26.3101340" lon="-51.0969440">
    <ele>949.9</ele>
   </trkpt>
   <trkpt lat="-26.3101150" lon="-51.0970520">
    <ele>949.7</ele>
   </trkpt>
   <trkpt lat="-26.3101000" lon="-51.0971640">
    <ele>949.5</ele>
   </trkpt>
   <trkpt lat="-26.3100850" lon="-51.0972780">
    <ele>949.3</ele>
   </trkpt>
   <trkpt lat="-26.3100720" lon="-51.0973900">
    <ele>949.1</ele>
   </trkpt>
   <trkpt lat="-26.3100620" lon="-51.0975050">
    <ele>948.9</ele>
   </trkpt>
   <trkpt lat="-26.3100520" lon="-51.0976180">
    <ele>948.6</ele>
   </trkpt>
   <trkpt lat="-26.3100360" lon="-51.0977270">
    <ele>948.3</ele>
   </trkpt>
   <trkpt lat="-26.3100150" lon="-51.0978390">
    <ele>948.0</ele>
   </trkpt>
   <trkpt lat="-26.3099850" lon="-51.0979500">
    <ele>947.6</ele>
   </trkpt>
   <trkpt lat="-26.3099480" lon="-51.0980560">
    <ele>947.3</ele>
   </trkpt>
   <trkpt lat="-26.3099010" lon="-51.0981570">
    <ele>947.0</ele>
   </trkpt>
   <trkpt lat="-26.3098450" lon="-51.0982500">
    <ele>946.7</ele>
   </trkpt>
   <trkpt lat="-26.3097840" lon="-51.0983410">
    <ele>946.6</ele>
   </trkpt>
   <trkpt lat="-26.3097190" lon="-51.0984270">
    <ele>946.5</ele>
   </trkpt>
   <trkpt lat="-26.3096490" lon="-51.0985010">
    <ele>946.5</ele>
   </trkpt>
   <trkpt lat="-26.3095720" lon="-51.0985620">
    <ele>946.4</ele>
   </trkpt>
   <trkpt lat="-26.3095000" lon="-51.0986130">
    <ele>946.3</ele>
   </trkpt>
   <trkpt lat="-26.3094210" lon="-51.0986590">
    <ele>946.0</ele>
   </trkpt>
   <trkpt lat="-26.3093400" lon="-51.0986980">
    <ele>945.7</ele>
   </trkpt>
   <trkpt lat="-26.3092540" lon="-51.0987400">
    <ele>945.2</ele>
   </trkpt>
   <trkpt lat="-26.3091600" lon="-51.0987710">
    <ele>944.8</ele>
   </trkpt>
   <trkpt lat="-26.3090640" lon="-51.0987970">
    <ele>944.3</ele>
   </trkpt>
   <trkpt lat="-26.3089670" lon="-51.0988190">
    <ele>943.8</ele>
   </trkpt>
   <trkpt lat="-26.3088660" lon="-51.0988260">
    <ele>943.4</ele>
   </trkpt>
   <trkpt lat="-26.3087600" lon="-51.0988200">
    <ele>943.1</ele>
   </trkpt>
   <trkpt lat="-26.3086570" lon="-51.0988030">
    <ele>942.9</ele>
   </trkpt>
   <trkpt lat="-26.3085540" lon="-51.0987720">
    <ele>942.8</ele>
   </trkpt>
   <trkpt lat="-26.3084620" lon="-51.0987290">
    <ele>942.8</ele>
   </trkpt>
   <trkpt lat="-26.3083750" lon="-51.0986780">
    <ele>942.7</ele>
   </trkpt>
   <trkpt lat="-26.3082950" lon="-51.0986180">
    <ele>942.7</ele>
   </trkpt>
   <trkpt lat="-26.3082300" lon="-51.0985500">
    <ele>942.6</ele>
   </trkpt>
   <trkpt lat="-26.3081760" lon="-51.0984700">
    <ele>942.5</ele>
   </trkpt>
   <trkpt lat="-26.3081240" lon="-51.0983860">
    <ele>942.3</ele>
   </trkpt>
   <trkpt lat="-26.3080810" lon="-51.0982910">
    <ele>942.1</ele>
   </trkpt>
   <trkpt lat="-26.3080380" lon="-51.0981870">
    <ele>941.7</ele>
   </trkpt>
   <trkpt lat="-26.3080070" lon="-51.0980800">
    <ele>941.4</ele>
   </trkpt>
   <trkpt lat="-26.3079770" lon="-51.0979680">
    <ele>941.0</ele>
   </trkpt>
   <trkpt lat="-26.3079480" lon="-51.0978550">
    <ele>940.6</ele>
   </trkpt>
   <trkpt lat="-26.3079240" lon="-51.0977430">
    <ele>940.3</ele>
   </trkpt>
   <trkpt lat="-26.3078890" lon="-51.0976270">
    <ele>940.0</ele>
   </trkpt>
   <trkpt lat="-26.3078590" lon="-51.0975150">
    <ele>939.7</ele>
   </trkpt>
   <trkpt lat="-26.3078310" lon="-51.0974020">
    <ele>939.6</ele>
   </trkpt>
   <trkpt lat="-26.3077870" lon="-51.0972700">
    <ele>939.5</ele>
   </trkpt>
   <trkpt lat="-26.3077450" lon="-51.0971880">
    <ele>939.4</ele>
   </trkpt>
   <trkpt lat="-26.3076840" lon="-51.0970970">
    <ele>939.3</ele>
   </trkpt>
   <trkpt lat="-26.3076170" lon="-51.0970090">
    <ele>939.3</ele>
   </trkpt>
   <trkpt lat="-26.3075490" lon="-51.0969250">
    <ele>939.4</ele>
   </trkpt>
   <trkpt lat="-26.3074820" lon="-51.0968400">
    <ele>939.5</ele>
   </trkpt>
   <trkpt lat="-26.3074180" lon="-51.0967510">
    <ele>939.9</ele>
   </trkpt>
   <trkpt lat="-26.3073630" lon="-51.0966560">
    <ele>940.3</ele>
   </trkpt>
   <trkpt lat="-26.3073210" lon="-51.0965630">
    <ele>940.8</ele>
   </trkpt>
   <trkpt lat="-26.3072850" lon="-51.0964710">
    <ele>941.0</ele>
   </trkpt>
   <trkpt lat="-26.3072550" lon="-51.0963840">
    <ele>941.1</ele>
   </trkpt>
   <trkpt lat="-26.3072260" lon="-51.0963020">
    <ele>941.0</ele>
   </trkpt>
   <trkpt lat="-26.3071810" lon="-51.0962180">
    <ele>940.8</ele>
   </trkpt>
   <trkpt lat="-26.3071230" lon="-51.0961420">
    <ele>940.8</ele>
   </trkpt>
   <trkpt lat="-26.3070560" lon="-51.0960750">
    <ele>940.8</ele>
   </trkpt>
   <trkpt lat="-26.3069800" lon="-51.0960200">
    <ele>941.0</ele>
   </trkpt>
   <trkpt lat="-26.3069030" lon="-51.0959770">
    <ele>941.2</ele>
   </trkpt>
   <trkpt lat="-26.3068250" lon="-51.0959440">
    <ele>941.4</ele>
   </trkpt>
   <trkpt lat="-26.3067450" lon="-51.0959200">
    <ele>941.4</ele>
   </trkpt>
   <trkpt lat="-26.3066640" lon="-51.0959060">
    <ele>941.2</ele>
   </trkpt>
   <trkpt lat="-26.3065840" lon="-51.0959000">
    <ele>940.9</ele>
   </trkpt>
   <trkpt lat="-26.3065020" lon="-51.0959040">
    <ele>940.4</ele>
   </trkpt>
   <trkpt lat="-26.3064170" lon="-51.0959140">
    <ele>939.7</ele>
   </trkpt>
   <trkpt lat="-26.3063290" lon="-51.0959220">
    <ele>939.0</ele>
   </trkpt>
   <trkpt lat="-26.3062350" lon="-51.0959310">
    <ele>938.1</ele>
   </trkpt>
   <trkpt lat="-26.3061390" lon="-51.0959380">
    <ele>937.2</ele>
   </trkpt>
   <trkpt lat="-26.3060400" lon="-51.0959380">
    <ele>936.3</ele>
   </trkpt>
   <trkpt lat="-26.3059360" lon="-51.0959270">
    <ele>935.7</ele>
   </trkpt>
   <trkpt lat="-26.3058360" lon="-51.0959010">
    <ele>935.4</ele>
   </trkpt>
   <trkpt lat="-26.3057420" lon="-51.0958600">
    <ele>935.1</ele>
   </trkpt>
   <trkpt lat="-26.3056490" lon="-51.0958110">
    <ele>934.9</ele>
   </trkpt>
   <trkpt lat="-26.3055560" lon="-51.0957730">
    <ele>934.7</ele>
   </trkpt>
   <trkpt lat="-26.3054600" lon="-51.0957500">
    <ele>934.5</ele>
   </trkpt>
   <trkpt lat="-26.3053650" lon="-51.0957520">
    <ele>934.3</ele>
   </trkpt>
   <trkpt lat="-26.3052710" lon="-51.0957720">
    <ele>934.1</ele>
   </trkpt>
   <trkpt lat="-26.3051770" lon="-51.0958080">
    <ele>933.8</ele>
   </trkpt>
   <trkpt lat="-26.3050890" lon="-51.0958570">
    <ele>933.5</ele>
   </trkpt>
   <trkpt lat="-26.3050070" lon="-51.0959180">
    <ele>933.2</ele>
   </trkpt>
   <trkpt lat="-26.3049300" lon="-51.0959840">
    <ele>932.9</ele>
   </trkpt>
   <trkpt lat="-26.3048560" lon="-51.0960540">
    <ele>932.6</ele>
   </trkpt>
   <trkpt lat="-26.3047830" lon="-51.0961280">
    <ele>932.3</ele>
   </trkpt>
   <trkpt lat="-26.3047130" lon="-51.0962070">
    <ele>932.0</ele>
   </trkpt>
   <trkpt lat="-26.3046490" lon="-51.0962910">
    <ele>931.7</ele>
   </trkpt>
   <trkpt lat="-26.3045830" lon="-51.0963750">
    <ele>931.5</ele>
   </trkpt>
   <trkpt lat="-26.3045180" lon="-51.0964640">
    <ele>931.2</ele>
   </trkpt>
   <trkpt lat="-26.3044550" lon="-51.0965550">
    <ele>930.9</ele>
   </trkpt>
   <trkpt lat="-26.3043910" lon="-51.0966440">
    <ele>930.6</ele>
   </trkpt>
   <trkpt lat="-26.3043290" lon="-51.0967360">
    <ele>930.4</ele>
   </trkpt>
   <trkpt lat="-26.3042620" lon="-51.0968250">
    <ele>930.1</ele>
   </trkpt>
   <trkpt lat="-26.3041980" lon="-51.0969140">
    <ele>929.9</ele>
   </trkpt>
   <trkpt lat="-26.3041360" lon="-51.0970040">
    <ele>929.7</ele>
   </trkpt>
   <trkpt lat="-26.3040690" lon="-51.0970920">
    <ele>929.5</ele>
   </trkpt>
   <trkpt lat="-26.3039970" lon="-51.0971790">
    <ele>929.2</ele>
   </trkpt>
   <trkpt lat="-26.3039210" lon="-51.0972620">
    <ele>929.0</ele>
   </trkpt>
   <trkpt lat="-26.3038460" lon="-51.0973440">
    <ele>928.8</ele>
   </trkpt>
   <trkpt lat="-26.3037730" lon="-51.0974230">
    <ele>928.5</ele>
   </trkpt>
   <trkpt lat="-26.3037030" lon="-51.0975020">
    <ele>928.2</ele>
   </trkpt>
   <trkpt lat="-26.3036330" lon="-51.0975790">
    <ele>927.8</ele>
   </trkpt>
   <trkpt lat="-26.3035620" lon="-51.0976560">
    <ele>927.4</ele>
   </trkpt>
   <trkpt lat="-26.3034920" lon="-51.0977390">
    <ele>927.0</ele>
   </trkpt>
   <trkpt lat="-26.3034240" lon="-51.0978250">
    <ele>926.6</ele>
   </trkpt>
   <trkpt lat="-26.3033500" lon="-51.0979120">
    <ele>926.2</ele>
   </trkpt>
   <trkpt lat="-26.3032710" lon="-51.0979890">
    <ele>925.8</ele>
   </trkpt>
   <trkpt lat="-26.3031860" lon="-51.0980620">
    <ele>925.4</ele>
   </trkpt>
   <trkpt lat="-26.3030920" lon="-51.0981280">
    <ele>925.0</ele>
   </trkpt>
   <trkpt lat="-26.3029900" lon="-51.0981820">
    <ele>924.6</ele>
   </trkpt>
   <trkpt lat="-26.3028930" lon="-51.0982220">
    <ele>924.3</ele>
   </trkpt>
   <trkpt lat="-26.3027900" lon="-51.0982380">
    <ele>924.1</ele>
   </trkpt>
   <trkpt lat="-26.3026880" lon="-51.0982420">
    <ele>924.0</ele>
   </trkpt>
   <trkpt lat="-26.3025870" lon="-51.0982360">
    <ele>923.8</ele>
   </trkpt>
   <trkpt lat="-26.3024780" lon="-51.0982150">
    <ele>923.6</ele>
   </trkpt>
   <trkpt lat="-26.3023660" lon="-51.0981870">
    <ele>923.4</ele>
   </trkpt>
   <trkpt lat="-26.3022630" lon="-51.0981640">
    <ele>923.1</ele>
   </trkpt>
   <trkpt lat="-26.3021620" lon="-51.0981440">
    <ele>922.6</ele>
   </trkpt>
   <trkpt lat="-26.3020590" lon="-51.0981270">
    <ele>922.1</ele>
   </trkpt>
   <trkpt lat="-26.3019550" lon="-51.0981130">
    <ele>921.6</ele>
   </trkpt>
   <trkpt lat="-26.3018480" lon="-51.0980940">
    <ele>921.2</ele>
   </trkpt>
   <trkpt lat="-26.3017380" lon="-51.0980760">
    <ele>920.8</ele>
   </trkpt>
   <trkpt lat="-26.3016320" lon="-51.0980620">
    <ele>920.3</ele>
   </trkpt>
   <trkpt lat="-26.3015280" lon="-51.0980510">
    <ele>920.0</ele>
   </trkpt>
   <trkpt lat="-26.3014260" lon="-51.0980370">
    <ele>919.7</ele>
   </trkpt>
   <trkpt lat="-26.3013220" lon="-51.0980220">
    <ele>919.4</ele>
   </trkpt>
   <trkpt lat="-26.3012240" lon="-51.0980120">
    <ele>919.1</ele>
   </trkpt>
   <trkpt lat="-26.3011300" lon="-51.0980130">
    <ele>918.8</ele>
   </trkpt>
   <trkpt lat="-26.3010340" lon="-51.0980200">
    <ele>918.4</ele>
   </trkpt>
   <trkpt lat="-26.3009370" lon="-51.0980340">
    <ele>918.0</ele>
   </trkpt>
   <trkpt lat="-26.3008370" lon="-51.0980620">
    <ele>917.6</ele>
   </trkpt>
   <trkpt lat="-26.3007370" lon="-51.0981010">
    <ele>917.3</ele>
   </trkpt>
   <trkpt lat="-26.3006400" lon="-51.0981360">
    <ele>917.0</ele>
   </trkpt>
   <trkpt lat="-26.3005450" lon="-51.0981710">
    <ele>916.7</ele>
   </trkpt>
   <trkpt lat="-26.3004490" lon="-51.0982100">
    <ele>916.5</ele>
   </trkpt>
   <trkpt lat="-26.3003520" lon="-51.0982480">
    <ele>916.3</ele>
   </trkpt>
   <trkpt lat="-26.3002570" lon="-51.0982800">
    <ele>916.1</ele>
   </trkpt>
   <trkpt lat="-26.3001610" lon="-51.0983110">
    <ele>915.9</ele>
   </trkpt>
   <trkpt lat="-26.3000660" lon="-51.0983340">
    <ele>915.7</ele>
   </trkpt>
   <trkpt lat="-26.2999690" lon="-51.0983550">
    <ele>915.4</ele>
   </trkpt>
   <trkpt lat="-26.2998740" lon="-51.0983650">
    <ele>915.1</ele>
   </trkpt>
   <trkpt lat="-26.2997760" lon="-51.0983670">
    <ele>914.8</ele>
   </trkpt>
   <trkpt lat="-26.2996790" lon="-51.0983690">
    <ele>914.4</ele>
   </trkpt>
   <trkpt lat="-26.2995840" lon="-51.0983680">
    <ele>914.2</ele>
   </trkpt>
   <trkpt lat="-26.2994920" lon="-51.0983620">
    <ele>914.0</ele>
   </trkpt>
   <trkpt lat="-26.2994040" lon="-51.0983500">
    <ele>913.8</ele>
   </trkpt>
   <trkpt lat="-26.2993190" lon="-51.0983370">
    <ele>913.6</ele>
   </trkpt>
   <trkpt lat="-26.2992320" lon="-51.0983270">
    <ele>913.5</ele>
   </trkpt>
   <trkpt lat="-26.2991450" lon="-51.0983180">
    <ele>913.3</ele>
   </trkpt>
   <trkpt lat="-26.2990600" lon="-51.0983110">
    <ele>913.2</ele>
   </trkpt>
   <trkpt lat="-26.2989740" lon="-51.0983050">
    <ele>912.9</ele>
   </trkpt>
   <trkpt lat="-26.2988860" lon="-51.0983020">
    <ele>912.7</ele>
   </trkpt>
   <trkpt lat="-26.2987970" lon="-51.0983000">
    <ele>912.3</ele>
   </trkpt>
   <trkpt lat="-26.2987050" lon="-51.0983010">
    <ele>911.8</ele>
   </trkpt>
   <trkpt lat="-26.2986080" lon="-51.0983080">
    <ele>911.3</ele>
   </trkpt>
   <trkpt lat="-26.2985080" lon="-51.0983190">
    <ele>910.9</ele>
   </trkpt>
   <trkpt lat="-26.2984070" lon="-51.0983370">
    <ele>910.5</ele>
   </trkpt>
   <trkpt lat="-26.2983070" lon="-51.0983550">
    <ele>910.2</ele>
   </trkpt>
   <trkpt lat="-26.2982070" lon="-51.0983710">
    <ele>910.0</ele>
   </trkpt>
   <trkpt lat="-26.2981040" lon="-51.0983860">
    <ele>909.8</ele>
   </trkpt>
   <trkpt lat="-26.2980030" lon="-51.0984020">
    <ele>909.7</ele>
   </trkpt>
   <trkpt lat="-26.2979040" lon="-51.0984190">
    <ele>909.6</ele>
   </trkpt>
   <trkpt lat="-26.2978090" lon="-51.0984380">
    <ele>909.5</ele>
   </trkpt>
   <trkpt lat="-26.2977110" lon="-51.0984600">
    <ele>909.3</ele>
   </trkpt>
   <trkpt lat="-26.2976120" lon="-51.0984800">
    <ele>909.1</ele>
   </trkpt>
   <trkpt lat="-26.2975140" lon="-51.0985000">
    <ele>908.9</ele>
   </trkpt>
   <trkpt lat="-26.2974180" lon="-51.0985210">
    <ele>908.7</ele>
   </trkpt>
   <trkpt lat="-26.2973180" lon="-51.0985490">
    <ele>908.4</ele>
   </trkpt>
   <trkpt lat="-26.2972180" lon="-51.0985810">
    <ele>908.1</ele>
   </trkpt>
   <trkpt lat="-26.2971170" lon="-51.0986180">
    <ele>907.7</ele>
   </trkpt>
   <trkpt lat="-26.2970180" lon="-51.0986580">
    <ele>907.3</ele>
   </trkpt>
   <trkpt lat="-26.2969200" lon="-51.0987040">
    <ele>906.9</ele>
   </trkpt>
   <trkpt lat="-26.2968210" lon="-51.0987520">
    <ele>906.5</ele>
   </trkpt>
   <trkpt lat="-26.2967240" lon="-51.0988010">
    <ele>906.2</ele>
   </trkpt>
   <trkpt lat="-26.2966270" lon="-51.0988550">
    <ele>905.8</ele>
   </trkpt>
   <trkpt lat="-26.2965300" lon="-51.0989100">
    <ele>905.5</ele>
   </trkpt>
   <trkpt lat="-26.2964340" lon="-51.0989600">
    <ele>905.3</ele>
   </trkpt>
   <trkpt lat="-26.2963390" lon="-51.0990130">
    <ele>905.0</ele>
   </trkpt>
   <trkpt lat="-26.2962440" lon="-51.0990660">
    <ele>904.8</ele>
   </trkpt>
   <trkpt lat="-26.2961530" lon="-51.0991160">
    <ele>904.6</ele>
   </trkpt>
   <trkpt lat="-26.2960630" lon="-51.0991660">
    <ele>904.3</ele>
   </trkpt>
   <trkpt lat="-26.2959730" lon="-51.0992110">
    <ele>904.0</ele>
   </trkpt>
   <trkpt lat="-26.2958830" lon="-51.0992600">
    <ele>903.7</ele>
   </trkpt>
   <trkpt lat="-26.2957930" lon="-51.0993120">
    <ele>903.4</ele>
   </trkpt>
   <trkpt lat="-26.2957000" lon="-51.0993680">
    <ele>903.0</ele>
   </trkpt>
   <trkpt lat="-26.2956060" lon="-51.0994180">
    <ele>902.7</ele>
   </trkpt>
   <trkpt lat="-26.2955120" lon="-51.0994630">
    <ele>902.4</ele>
   </trkpt>
   <trkpt lat="-26.2954140" lon="-51.0995020">
    <ele>902.0</ele>
   </trkpt>
   <trkpt lat="-26.2953090" lon="-51.0995270">
    <ele>901.8</ele>
   </trkpt>
   <trkpt lat="-26.2952090" lon="-51.0995390">
    <ele>901.5</ele>
   </trkpt>
   <trkpt lat="-26.2951120" lon="-51.0995410">
    <ele>901.3</ele>
   </trkpt>
   <trkpt lat="-26.2950110" lon="-51.0995330">
    <ele>901.0</ele>
   </trkpt>
   <trkpt lat="-26.2949090" lon="-51.0995240">
    <ele>900.8</ele>
   </trkpt>
   <trkpt lat="-26.2948060" lon="-51.0995130">
    <ele>900.6</ele>
   </trkpt>
   <trkpt lat="-26.2947050" lon="-51.0994990">
    <ele>900.4</ele>
   </trkpt>
   <trkpt lat="-26.2946060" lon="-51.0994870">
    <ele>900.3</ele>
   </trkpt>
   <trkpt lat="-26.2945080" lon="-51.0994790">
    <ele>900.1</ele>
   </trkpt>
   <trkpt lat="-26.2944100" lon="-51.0994830">
    <ele>900.0</ele>
   </trkpt>
   <trkpt lat="-26.2943130" lon="-51.0995030">
    <ele>899.8</ele>
   </trkpt>
   <trkpt lat="-26.2942190" lon="-51.0995380">
    <ele>899.6</ele>
   </trkpt>
   <trkpt lat="-26.2941260" lon="-51.0995830">
    <ele>899.4</ele>
   </trkpt>
   <trkpt lat="-26.2940380" lon="-51.0996380">
    <ele>899.3</ele>
   </trkpt>
   <trkpt lat="-26.2939580" lon="-51.0997000">
    <ele>899.1</ele>
   </trkpt>
   <trkpt lat="-26.2938790" lon="-51.0997660">
    <ele>899.0</ele>
   </trkpt>
   <trkpt lat="-26.2938070" lon="-51.0998400">
    <ele>898.8</ele>
   </trkpt>
   <trkpt lat="-26.2937410" lon="-51.0999190">
    <ele>898.6</ele>
   </trkpt>
   <trkpt lat="-26.2936770" lon="-51.0999980">
    <ele>898.3</ele>
   </trkpt>
   <trkpt lat="-26.2936110" lon="-51.1000750">
    <ele>898.0</ele>
   </trkpt>
   <trkpt lat="-26.2935430" lon="-51.1001490">
    <ele>897.8</ele>
   </trkpt>
   <trkpt lat="-26.2934730" lon="-51.1002210">
    <ele>897.4</ele>
   </trkpt>
   <trkpt lat="-26.2933850" lon="-51.1003030">
    <ele>897.1</ele>
   </trkpt>
   <trkpt lat="-26.2933230" lon="-51.1003580">
    <ele>896.9</ele>
   </trkpt>
   <trkpt lat="-26.2932420" lon="-51.1004200">
    <ele>896.6</ele>
   </trkpt>
   <trkpt lat="-26.2931570" lon="-51.1004710">
    <ele>896.4</ele>
   </trkpt>
   <trkpt lat="-26.2930650" lon="-51.1005080">
    <ele>896.2</ele>
   </trkpt>
   <trkpt lat="-26.2929710" lon="-51.1005350">
    <ele>896.0</ele>
   </trkpt>
   <trkpt lat="-26.2928750" lon="-51.1005510">
    <ele>895.8</ele>
   </trkpt>
   <trkpt lat="-26.2927860" lon="-51.1005600">
    <ele>895.7</ele>
   </trkpt>
   <trkpt lat="-26.2926940" lon="-51.1005590">
    <ele>895.5</ele>
   </trkpt>
   <trkpt lat="-26.2926030" lon="-51.1005520">
    <ele>895.4</ele>
   </trkpt>
   <trkpt lat="-26.2925130" lon="-51.1005430">
    <ele>895.3</ele>
   </trkpt>
   <trkpt lat="-26.2924210" lon="-51.1005330">
    <ele>895.2</ele>
   </trkpt>
   <trkpt lat="-26.2923310" lon="-51.1005250">
    <ele>895.2</ele>
   </trkpt>
   <trkpt lat="-26.2922390" lon="-51.1005200">
    <ele>895.1</ele>
   </trkpt>
   <trkpt lat="-26.2921470" lon="-51.1005130">
    <ele>895.0</ele>
   </trkpt>
   <trkpt lat="-26.2920530" lon="-51.1005030">
    <ele>894.7</ele>
   </trkpt>
   <trkpt lat="-26.2919580" lon="-51.1004930">
    <ele>894.4</ele>
   </trkpt>
   <trkpt lat="-26.2918630" lon="-51.1004890">
    <ele>894.1</ele>
   </trkpt>
   <trkpt lat="-26.2917700" lon="-51.1004900">
    <ele>893.8</ele>
   </trkpt>
   <trkpt lat="-26.2916720" lon="-51.1004990">
    <ele>893.6</ele>
   </trkpt>
   <trkpt lat="-26.2915770" lon="-51.1005190">
    <ele>893.3</ele>
   </trkpt>
   <trkpt lat="-26.2914860" lon="-51.1005470">
    <ele>893.1</ele>
   </trkpt>
   <trkpt lat="-26.2914000" lon="-51.1005810">
    <ele>892.8</ele>
   </trkpt>
   <trkpt lat="-26.2913140" lon="-51.1006210">
    <ele>892.4</ele>
   </trkpt>
   <trkpt lat="-26.2912250" lon="-51.1006580">
    <ele>891.7</ele>
   </trkpt>
   <trkpt lat="-26.2911330" lon="-51.1006820">
    <ele>890.5</ele>
   </trkpt>
   <trkpt lat="-26.2910320" lon="-51.1006890">
    <ele>889.0</ele>
   </trkpt>
   <trkpt lat="-26.2909250" lon="-51.1006780">
    <ele>887.3</ele>
   </trkpt>
   <trkpt lat="-26.2908080" lon="-51.1006630">
    <ele>885.4</ele>
   </trkpt>
   <trkpt lat="-26.2906850" lon="-51.1006440">
    <ele>883.4</ele>
   </trkpt>
   <trkpt lat="-26.2905580" lon="-51.1006230">
    <ele>881.4</ele>
   </trkpt>
   <trkpt lat="-26.2904240" lon="-51.1006050">
    <ele>879.5</ele>
   </trkpt>
   <trkpt lat="-26.2902900" lon="-51.1005910">
    <ele>878.2</ele>
   </trkpt>
   <trkpt lat="-26.2901630" lon="-51.1005810">
    <ele>877.0</ele>
   </trkpt>
   <trkpt lat="-26.2900450" lon="-51.1005750">
    <ele>876.1</ele>
   </trkpt>
   <trkpt lat="-26.2899360" lon="-51.1005890">
    <ele>875.3</ele>
   </trkpt>
   <trkpt lat="-26.2898390" lon="-51.1006290">
    <ele>874.6</ele>
   </trkpt>
   <trkpt lat="-26.2897580" lon="-51.1006970">
    <ele>873.6</ele>
   </trkpt>
   <trkpt lat="-26.2897050" lon="-51.1007820">
    <ele>872.5</ele>
   </trkpt>
   <trkpt lat="-26.2896650" lon="-51.1008870">
    <ele>871.1</ele>
   </trkpt>
   <trkpt lat="-26.2896390" lon="-51.1010060">
    <ele>869.3</ele>
   </trkpt>
   <trkpt lat="-26.2896160" lon="-51.1011330">
    <ele>867.0</ele>
   </trkpt>
   <trkpt lat="-26.2895970" lon="-51.1012650">
    <ele>864.6</ele>
   </trkpt>
   <trkpt lat="-26.2895740" lon="-51.1014000">
    <ele>862.4</ele>
   </trkpt>
   <trkpt lat="-26.2895450" lon="-51.1015370">
    <ele>860.2</ele>
   </trkpt>
   <trkpt lat="-26.2895150" lon="-51.1016760">
    <ele>858.1</ele>
   </trkpt>
   <trkpt lat="-26.2894800" lon="-51.1018120">
    <ele>856.2</ele>
   </trkpt>
   <trkpt lat="-26.2894450" lon="-51.1019460">
    <ele>854.5</ele>
   </trkpt>
   <trkpt lat="-26.2894080" lon="-51.1020730">
    <ele>852.9</ele>
   </trkpt>
   <trkpt lat="-26.2893600" lon="-51.1021870">
    <ele>851.3</ele>
   </trkpt>
   <trkpt lat="-26.2892990" lon="-51.1022970">
    <ele>849.5</ele>
   </trkpt>
   <trkpt lat="-26.2892250" lon="-51.1023870">
    <ele>847.4</ele>
   </trkpt>
   <trkpt lat="-26.2891410" lon="-51.1024550">
    <ele>845.2</ele>
   </trkpt>
   <trkpt lat="-26.2890540" lon="-51.1025040">
    <ele>843.4</ele>
   </trkpt>
   <trkpt lat="-26.2889460" lon="-51.1025280">
    <ele>841.5</ele>
   </trkpt>
   <trkpt lat="-26.2888270" lon="-51.1025390">
    <ele>839.5</ele>
   </trkpt>
   <trkpt lat="-26.2887030" lon="-51.1025480">
    <ele>837.6</ele>
   </trkpt>
   <trkpt lat="-26.2885750" lon="-51.1025560">
    <ele>835.9</ele>
   </trkpt>
   <trkpt lat="-26.2884420" lon="-51.1025680">
    <ele>834.5</ele>
   </trkpt>
   <trkpt lat="-26.2883100" lon="-51.1025900">
    <ele>833.3</ele>
   </trkpt>
   <trkpt lat="-26.2881810" lon="-51.1026240">
    <ele>832.3</ele>
   </trkpt>
   <trkpt lat="-26.2880530" lon="-51.1026620">
    <ele>831.5</ele>
   </trkpt>
   <trkpt lat="-26.2879320" lon="-51.1027040">
    <ele>830.9</ele>
   </trkpt>
   <trkpt lat="-26.2878140" lon="-51.1027510">
    <ele>830.4</ele>
   </trkpt>
   <trkpt lat="-26.2876990" lon="-51.1027980">
    <ele>829.9</ele>
   </trkpt>
   <trkpt lat="-26.2875900" lon="-51.1028470">
    <ele>829.6</ele>
   </trkpt>
   <trkpt lat="-26.2874790" lon="-51.1028920">
    <ele>829.5</ele>
   </trkpt>
   <trkpt lat="-26.2873690" lon="-51.1029290">
    <ele>829.5</ele>
   </trkpt>
   <trkpt lat="-26.2872610" lon="-51.1029520">
    <ele>829.5</ele>
   </trkpt>
   <trkpt lat="-26.2871600" lon="-51.1029680">
    <ele>829.6</ele>
   </trkpt>
   <trkpt lat="-26.2870610" lon="-51.1029680">
    <ele>829.6</ele>
   </trkpt>
   <trkpt lat="-26.2869620" lon="-51.1029490">
    <ele>829.7</ele>
   </trkpt>
   <trkpt lat="-26.2868740" lon="-51.1029140">
    <ele>829.9</ele>
   </trkpt>
   <trkpt lat="-26.2867850" lon="-51.1028660">
    <ele>830.1</ele>
   </trkpt>
   <trkpt lat="-26.2866990" lon="-51.1028160">
    <ele>830.4</ele>
   </trkpt>
   <trkpt lat="-26.2866210" lon="-51.1027690">
    <ele>830.8</ele>
   </trkpt>
   <trkpt lat="-26.2865460" lon="-51.1027190">
    <ele>831.3</ele>
   </trkpt>
   <trkpt lat="-26.2864830" lon="-51.1026680">
    <ele>831.7</ele>
   </trkpt>
   <trkpt lat="-26.2864340" lon="-51.1026060">
    <ele>831.9</ele>
   </trkpt>
   <trkpt lat="-26.2863900" lon="-51.1025430">
    <ele>832.1</ele>
   </trkpt>
   <trkpt lat="-26.2863560" lon="-51.1024860">
    <ele>832.2</ele>
   </trkpt>
   <trkpt lat="-26.2863270" lon="-51.1024280">
    <ele>832.3</ele>
   </trkpt>
   <trkpt lat="-26.2862950" lon="-51.1023710">
    <ele>832.4</ele>
   </trkpt>
   <trkpt lat="-26.2862580" lon="-51.1023140">
    <ele>832.5</ele>
   </trkpt>
   <trkpt lat="-26.2862160" lon="-51.1022590">
    <ele>832.5</ele>
   </trkpt>
   <trkpt lat="-26.2861730" lon="-51.1022040">
    <ele>832.6</ele>
   </trkpt>
   <trkpt lat="-26.2861280" lon="-51.1021470">
    <ele>832.7</ele>
   </trkpt>
   <trkpt lat="-26.2860800" lon="-51.1020930">
    <ele>832.7</ele>
   </trkpt>
   <trkpt lat="-26.2860250" lon="-51.1020470">
    <ele>832.7</ele>
   </trkpt>
   <trkpt lat="-26.2859660" lon="-51.1020080">
    <ele>832.7</ele>
   </trkpt>
   <trkpt lat="-26.2859010" lon="-51.1019700">
    <ele>832.7</ele>
   </trkpt>
   <trkpt lat="-26.2858350" lon="-51.1019400">
    <ele>832.8</ele>
   </trkpt>
   <trkpt lat="-26.2857680" lon="-51.1019160">
    <ele>832.8</ele>
   </trkpt>
   <trkpt lat="-26.2857010" lon="-51.1018940">
    <ele>832.8</ele>
   </trkpt>
   <trkpt lat="-26.2856350" lon="-51.1018810">
    <ele>832.8</ele>
   </trkpt>
   <trkpt lat="-26.2855700" lon="-51.1018720">
    <ele>832.8</ele>
   </trkpt>
   <trkpt lat="-26.2855050" lon="-51.1018680">
    <ele>832.7</ele>
   </trkpt>
   <trkpt lat="-26.2854370" lon="-51.1018730">
    <ele>832.7</ele>
   </trkpt>
   <trkpt lat="-26.2853640" lon="-51.1018880">
    <ele>832.6</ele>
   </trkpt>
   <trkpt lat="-26.2852920" lon="-51.1019090">
    <ele>832.6</ele>
   </trkpt>
   <trkpt lat="-26.2852200" lon="-51.1019360">
    <ele>832.6</ele>
   </trkpt>
   <trkpt lat="-26.2851490" lon="-51.1019680">
    <ele>832.6</ele>
   </trkpt>
   <trkpt lat="-26.2850810" lon="-51.1020010">
    <ele>832.7</ele>
   </trkpt>
   <trkpt lat="-26.2850180" lon="-51.1020360">
    <ele>832.7</ele>
   </trkpt>
   <trkpt lat="-26.2849560" lon="-51.1020730">
    <ele>832.7</ele>
   </trkpt>
   <trkpt lat="-26.2848960" lon="-51.1021120">
    <ele>832.8</ele>
   </trkpt>
   <trkpt lat="-26.2848340" lon="-51.1021510">
    <ele>832.8</ele>
   </trkpt>
   <trkpt lat="-26.2847700" lon="-51.1021890">
    <ele>832.8</ele>
   </trkpt>
   <trkpt lat="-26.2847060" lon="-51.1022210">
    <ele>832.8</ele>
   </trkpt>
   <trkpt lat="-26.2846420" lon="-51.1022590">
    <ele>832.8</ele>
   </trkpt>
   <trkpt lat="-26.2845770" lon="-51.1022990">
    <ele>832.8</ele>
   </trkpt>
   <trkpt lat="-26.2845130" lon="-51.1023370">
    <ele>832.8</ele>
   </trkpt>
   <trkpt lat="-26.2844540" lon="-51.1023750">
    <ele>832.8</ele>
   </trkpt>
   <trkpt lat="-26.2843880" lon="-51.1023980">
    <ele>832.7</ele>
   </trkpt>
   <trkpt lat="-26.2843170" lon="-51.1024320">
    <ele>832.6</ele>
   </trkpt>
   <trkpt lat="-26.2842460" lon="-51.1024620">
    <ele>832.5</ele>
   </trkpt>
   <trkpt lat="-26.2841870" lon="-51.1024960">
    <ele>832.5</ele>
   </trkpt>
   <trkpt lat="-26.2841320" lon="-51.1025320">
    <ele>832.4</ele>
   </trkpt>
   <trkpt lat="-26.2840720" lon="-51.1025710">
    <ele>832.2</ele>
   </trkpt>
   <trkpt lat="-26.2840130" lon="-51.1026090">
    <ele>832.1</ele>
   </trkpt>
   <trkpt lat="-26.2839360" lon="-51.1026430">
    <ele>831.8</ele>
   </trkpt>
   <trkpt lat="-26.2838670" lon="-51.1026810">
    <ele>831.6</ele>
   </trkpt>
   <trkpt lat="-26.2838010" lon="-51.1027240">
    <ele>831.4</ele>
   </trkpt>
   <trkpt lat="-26.2837360" lon="-51.1027690">
    <ele>831.2</ele>
   </trkpt>
   <trkpt lat="-26.2836770" lon="-51.1028200">
    <ele>831.1</ele>
   </trkpt>
   <trkpt lat="-26.2836180" lon="-51.1028670">
    <ele>831.0</ele>
   </trkpt>
   <trkpt lat="-26.2835490" lon="-51.1029090">
    <ele>830.9</ele>
   </trkpt>
   <trkpt lat="-26.2834800" lon="-51.1029480">
    <ele>830.9</ele>
   </trkpt>
   <trkpt lat="-26.2834180" lon="-51.1029880">
    <ele>830.8</ele>
   </trkpt>
   <trkpt lat="-26.2833640" lon="-51.1030320">
    <ele>830.8</ele>
   </trkpt>
   <trkpt lat="-26.2833150" lon="-51.1030790">
    <ele>830.7</ele>
   </trkpt>
   <trkpt lat="-26.2832610" lon="-51.1031220">
    <ele>830.7</ele>
   </trkpt>
   <trkpt lat="-26.2832040" lon="-51.1031670">
    <ele>830.6</ele>
   </trkpt>
   <trkpt lat="-26.2831490" lon="-51.1032100">
    <ele>830.6</ele>
   </trkpt>
   <trkpt lat="-26.2830920" lon="-51.1032440">
    <ele>830.5</ele>
   </trkpt>
   <trkpt lat="-26.2830320" lon="-51.1032660">
    <ele>830.4</ele>
   </trkpt>
   <trkpt lat="-26.2829640" lon="-51.1032780">
    <ele>830.3</ele>
   </trkpt>
   <trkpt lat="-26.2829000" lon="-51.1032850">
    <ele>830.3</ele>
   </trkpt>
   <trkpt lat="-26.2828350" lon="-51.1032900">
    <ele>830.2</ele>
   </trkpt>
   <trkpt lat="-26.2827750" lon="-51.1032820">
    <ele>830.1</ele>
   </trkpt>
   <trkpt lat="-26.2827170" lon="-51.1032740">
    <ele>829.9</ele>
   </trkpt>
   <trkpt lat="-26.2826660" lon="-51.1032590">
    <ele>829.8</ele>
   </trkpt>
   <trkpt lat="-26.2826170" lon="-51.1032290">
    <ele>829.6</ele>
   </trkpt>
   <trkpt lat="-26.2825670" lon="-51.1031990">
    <ele>829.3</ele>
   </trkpt>
   <trkpt lat="-26.2824930" lon="-51.1031580">
    <ele>828.9</ele>
   </trkpt>
   <trkpt lat="-26.2824280" lon="-51.1031180">
    <ele>828.6</ele>
   </trkpt>
   <trkpt lat="-26.2823680" lon="-51.1030650">
    <ele>828.2</ele>
   </trkpt>
   <trkpt lat="-26.2823210" lon="-51.1029980">
    <ele>827.9</ele>
   </trkpt>
   <trkpt lat="-26.2822770" lon="-51.1029240">
    <ele>827.6</ele>
   </trkpt>
   <trkpt lat="-26.2822350" lon="-51.1028480">
    <ele>827.3</ele>
   </trkpt>
   <trkpt lat="-26.2821930" lon="-51.1027650">
    <ele>826.9</ele>
   </trkpt>
   <trkpt lat="-26.2821510" lon="-51.1026810">
    <ele>826.6</ele>
   </trkpt>
   <trkpt lat="-26.2821030" lon="-51.1025950">
    <ele>826.3</ele>
   </trkpt>
   <trkpt lat="-26.2820570" lon="-51.1025120">
    <ele>826.0</ele>
   </trkpt>
   <trkpt lat="-26.2820060" lon="-51.1024330">
    <ele>825.7</ele>
   </trkpt>
   <trkpt lat="-26.2819530" lon="-51.1023460">
    <ele>825.4</ele>
   </trkpt>
   <trkpt lat="-26.2819020" lon="-51.1022620">
    <ele>825.1</ele>
   </trkpt>
   <trkpt lat="-26.2818330" lon="-51.1021900">
    <ele>824.8</ele>
   </trkpt>
   <trkpt lat="-26.2817560" lon="-51.1021330">
    <ele>824.5</ele>
   </trkpt>
   <trkpt lat="-26.2816820" lon="-51.1020770">
    <ele>824.3</ele>
   </trkpt>
   <trkpt lat="-26.2816120" lon="-51.1020300">
    <ele>824.1</ele>
   </trkpt>
   <trkpt lat="-26.2815430" lon="-51.1019880">
    <ele>823.9</ele>
   </trkpt>
   <trkpt lat="-26.2814580" lon="-51.1019480">
    <ele>823.7</ele>
   </trkpt>
   <trkpt lat="-26.2813780" lon="-51.1019080">
    <ele>823.6</ele>
   </trkpt>
   <trkpt lat="-26.2813020" lon="-51.1018780">
    <ele>823.4</ele>
   </trkpt>
   <trkpt lat="-26.2812170" lon="-51.1018580">
    <ele>823.3</ele>
   </trkpt>
   <trkpt lat="-26.2811340" lon="-51.1018430">
    <ele>823.1</ele>
   </trkpt>
   <trkpt lat="-26.2810450" lon="-51.1018180">
    <ele>822.9</ele>
   </trkpt>
   <trkpt lat="-26.2809610" lon="-51.1017930">
    <ele>822.8</ele>
   </trkpt>
   <trkpt lat="-26.2808830" lon="-51.1017780">
    <ele>822.7</ele>
   </trkpt>
   <trkpt lat="-26.2808180" lon="-51.1017580">
    <ele>822.6</ele>
   </trkpt>
   <trkpt lat="-26.2807620" lon="-51.1017310">
    <ele>822.4</ele>
   </trkpt>
   <trkpt lat="-26.2807020" lon="-51.1016990">
    <ele>822.3</ele>
   </trkpt>
   <trkpt lat="-26.2806520" lon="-51.1016720">
    <ele>822.1</ele>
   </trkpt>
   <trkpt lat="-26.2805660" lon="-51.1016270">
    <ele>821.8</ele>
   </trkpt>
   <trkpt lat="-26.2804920" lon="-51.1015850">
    <ele>821.5</ele>
   </trkpt>
   <trkpt lat="-26.2804300" lon="-51.1015440">
    <ele>821.3</ele>
   </trkpt>
   <trkpt lat="-26.2803710" lon="-51.1015030">
    <ele>821.1</ele>
   </trkpt>
   <trkpt lat="-26.2803130" lon="-51.1014590">
    <ele>820.9</ele>
   </trkpt>
   <trkpt lat="-26.2802480" lon="-51.1014130">
    <ele>820.6</ele>
   </trkpt>
   <trkpt lat="-26.2801790" lon="-51.1013800">
    <ele>820.4</ele>
   </trkpt>
   <trkpt lat="-26.2801080" lon="-51.1013520">
    <ele>820.1</ele>
   </trkpt>
   <trkpt lat="-26.2800350" lon="-51.1013340">
    <ele>819.9</ele>
   </trkpt>
   <trkpt lat="-26.2799580" lon="-51.1013270">
    <ele>819.7</ele>
   </trkpt>
   <trkpt lat="-26.2798820" lon="-51.1013270">
    <ele>819.6</ele>
   </trkpt>
   <trkpt lat="-26.2798060" lon="-51.1013350">
    <ele>819.5</ele>
   </trkpt>
   <trkpt lat="-26.2797300" lon="-51.1013500">
    <ele>819.5</ele>
   </trkpt>
   <trkpt lat="-26.2796510" lon="-51.1013690">
    <ele>819.4</ele>
   </trkpt>
   <trkpt lat="-26.2795730" lon="-51.1013880">
    <ele>819.5</ele>
   </trkpt>
   <trkpt lat="-26.2794950" lon="-51.1014140">
    <ele>819.6</ele>
   </trkpt>
   <trkpt lat="-26.2794210" lon="-51.1014460">
    <ele>819.7</ele>
   </trkpt>
   <trkpt lat="-26.2793480" lon="-51.1014750">
    <ele>819.8</ele>
   </trkpt>
   <trkpt lat="-26.2792740" lon="-51.1015030">
    <ele>819.9</ele>
   </trkpt>
   <trkpt lat="-26.2792030" lon="-51.1015310">
    <ele>820.0</ele>
   </trkpt>
   <trkpt lat="-26.2791370" lon="-51.1015620">
    <ele>820.0</ele>
   </trkpt>
   <trkpt lat="-26.2790690" lon="-51.1015940">
    <ele>820.0</ele>
   </trkpt>
   <trkpt lat="-26.2789950" lon="-51.1016220">
    <ele>819.9</ele>
   </trkpt>
   <trkpt lat="-26.2789190" lon="-51.1016490">
    <ele>819.8</ele>
   </trkpt>
   <trkpt lat="-26.2788480" lon="-51.1016780">
    <ele>819.6</ele>
   </trkpt>
   <trkpt lat="-26.2787780" lon="-51.1016970">
    <ele>819.5</ele>
   </trkpt>
   <trkpt lat="-26.2787040" lon="-51.1017020">
    <ele>819.3</ele>
   </trkpt>
   <trkpt lat="-26.2786440" lon="-51.1017000">
    <ele>819.2</ele>
   </trkpt>
   <trkpt lat="-26.2785610" lon="-51.1016880">
    <ele>819.0</ele>
   </trkpt>
   <trkpt lat="-26.2784920" lon="-51.1016650">
    <ele>818.9</ele>
   </trkpt>
   <trkpt lat="-26.2784230" lon="-51.1016380">
    <ele>818.7</ele>
   </trkpt>
   <trkpt lat="-26.2783570" lon="-51.1016090">
    <ele>818.6</ele>
   </trkpt>
   <trkpt lat="-26.2782950" lon="-51.1015660">
    <ele>818.4</ele>
   </trkpt>
   <trkpt lat="-26.2782350" lon="-51.1015260">
    <ele>818.2</ele>
   </trkpt>
   <trkpt lat="-26.2781760" lon="-51.1014830">
    <ele>818.0</ele>
   </trkpt>
   <trkpt lat="-26.2781180" lon="-51.1014410">
    <ele>817.8</ele>
   </trkpt>
   <trkpt lat="-26.2780590" lon="-51.1013970">
    <ele>817.7</ele>
   </trkpt>
   <trkpt lat="-26.2779960" lon="-51.1013560">
    <ele>817.5</ele>
   </trkpt>
   <trkpt lat="-26.2779330" lon="-51.1013160">
    <ele>817.2</ele>
   </trkpt>
   <trkpt lat="-26.2778710" lon="-51.1012760">
    <ele>817.0</ele>
   </trkpt>
   <trkpt lat="-26.2778110" lon="-51.1012320">
    <ele>816.8</ele>
   </trkpt>
   <trkpt lat="-26.2777530" lon="-51.1011850">
    <ele>816.6</ele>
   </trkpt>
   <trkpt lat="-26.2776960" lon="-51.1011420">
    <ele>816.4</ele>
   </trkpt>
   <trkpt lat="-26.2776420" lon="-51.1010930">
    <ele>816.2</ele>
   </trkpt>
   <trkpt lat="-26.2775850" lon="-51.1010440">
    <ele>816.0</ele>
   </trkpt>
   <trkpt lat="-26.2775260" lon="-51.1009950">
    <ele>815.8</ele>
   </trkpt>
   <trkpt lat="-26.2774640" lon="-51.1009450">
    <ele>815.6</ele>
   </trkpt>
   <trkpt lat="-26.2774050" lon="-51.1008870">
    <ele>815.2</ele>
   </trkpt>
   <trkpt lat="-26.2773500" lon="-51.1008250">
    <ele>814.9</ele>
   </trkpt>
   <trkpt lat="-26.2772990" lon="-51.1007620">
    <ele>814.5</ele>
   </trkpt>
   <trkpt lat="-26.2772460" lon="-51.1006970">
    <ele>814.2</ele>
   </trkpt>
   <trkpt lat="-26.2771890" lon="-51.1006380">
    <ele>813.8</ele>
   </trkpt>
   <trkpt lat="-26.2771290" lon="-51.1005910">
    <ele>813.6</ele>
   </trkpt>
   <trkpt lat="-26.2770720" lon="-51.1005570">
    <ele>813.4</ele>
   </trkpt>
   <trkpt lat="-26.2770110" lon="-51.1005440">
    <ele>813.4</ele>
   </trkpt>
   <trkpt lat="-26.2769430" lon="-51.1005560">
    <ele>813.4</ele>
   </trkpt>
   <trkpt lat="-26.2768710" lon="-51.1005790">
    <ele>813.4</ele>
   </trkpt>
   <trkpt lat="-26.2767950" lon="-51.1006030">
    <ele>813.5</ele>
   </trkpt>
   <trkpt lat="-26.2767150" lon="-51.1006260">
    <ele>813.5</ele>
   </trkpt>
   <trkpt lat="-26.2766400" lon="-51.1006500">
    <ele>813.4</ele>
   </trkpt>
   <trkpt lat="-26.2765640" lon="-51.1006730">
    <ele>813.2</ele>
   </trkpt>
   <trkpt lat="-26.2764850" lon="-51.1006860">
    <ele>813.0</ele>
   </trkpt>
   <trkpt lat="-26.2763940" lon="-51.1006910">
    <ele>812.8</ele>
   </trkpt>
   <trkpt lat="-26.2763100" lon="-51.1006780">
    <ele>812.7</ele>
   </trkpt>
   <trkpt lat="-26.2762320" lon="-51.1006620">
    <ele>812.5</ele>
   </trkpt>
   <trkpt lat="-26.2761610" lon="-51.1006360">
    <ele>812.3</ele>
   </trkpt>
   <trkpt lat="-26.2760920" lon="-51.1005880">
    <ele>812.1</ele>
   </trkpt>
   <trkpt lat="-26.2760270" lon="-51.1005310">
    <ele>811.8</ele>
   </trkpt>
   <trkpt lat="-26.2759590" lon="-51.1004750">
    <ele>811.6</ele>
   </trkpt>
   <trkpt lat="-26.2758940" lon="-51.1004170">
    <ele>811.3</ele>
   </trkpt>
   <trkpt lat="-26.2758400" lon="-51.1003570">
    <ele>811.1</ele>
   </trkpt>
   <trkpt lat="-26.2757860" lon="-51.1002850">
    <ele>810.8</ele>
   </trkpt>
   <trkpt lat="-26.2757460" lon="-51.1002080">
    <ele>810.5</ele>
   </trkpt>
   <trkpt lat="-26.2757080" lon="-51.1001190">
    <ele>810.3</ele>
   </trkpt>
   <trkpt lat="-26.2756750" lon="-51.1000360">
    <ele>810.1</ele>
   </trkpt>
   <trkpt lat="-26.2756400" lon="-51.0999640">
    <ele>810.0</ele>
   </trkpt>
   <trkpt lat="-26.2755960" lon="-51.0998980">
    <ele>809.9</ele>
   </trkpt>
   <trkpt lat="-26.2755650" lon="-51.0998230">
    <ele>809.7</ele>
   </trkpt>
   <trkpt lat="-26.2755400" lon="-51.0997520">
    <ele>809.6</ele>
   </trkpt>
   <trkpt lat="-26.2755160" lon="-51.0996770">
    <ele>809.5</ele>
   </trkpt>
   <trkpt lat="-26.2754960" lon="-51.0996070">
    <ele>809.4</ele>
   </trkpt>
   <trkpt lat="-26.2754590" lon="-51.0995430">
    <ele>809.2</ele>
   </trkpt>
   <trkpt lat="-26.2754160" lon="-51.0994800">
    <ele>809.0</ele>
   </trkpt>
   <trkpt lat="-26.2753690" lon="-51.0994160">
    <ele>808.8</ele>
   </trkpt>
   <trkpt lat="-26.2753210" lon="-51.0993510">
    <ele>808.6</ele>
   </trkpt>
   <trkpt lat="-26.2752680" lon="-51.0992910">
    <ele>808.3</ele>
   </trkpt>
   <trkpt lat="-26.2752110" lon="-51.0992360">
    <ele>808.0</ele>
   </trkpt>
   <trkpt lat="-26.2751500" lon="-51.0991870">
    <ele>807.8</ele>
   </trkpt>
   <trkpt lat="-26.2750840" lon="-51.0991440">
    <ele>807.5</ele>
   </trkpt>
   <trkpt lat="-26.2750190" lon="-51.0991080">
    <ele>807.3</ele>
   </trkpt>
   <trkpt lat="-26.2749540" lon="-51.0990780">
    <ele>807.2</ele>
   </trkpt>
   <trkpt lat="-26.2748850" lon="-51.0990590">
    <ele>807.1</ele>
   </trkpt>
   <trkpt lat="-26.2748120" lon="-51.0990560">
    <ele>806.9</ele>
   </trkpt>
   <trkpt lat="-26.2747380" lon="-51.0990580">
    <ele>806.8</ele>
   </trkpt>
   <trkpt lat="-26.2746620" lon="-51.0990590">
    <ele>806.6</ele>
   </trkpt>
   <trkpt lat="-26.2745830" lon="-51.0990630">
    <ele>806.4</ele>
   </trkpt>
   <trkpt lat="-26.2745050" lon="-51.0990690">
    <ele>806.2</ele>
   </trkpt>
   <trkpt lat="-26.2744240" lon="-51.0990770">
    <ele>806.1</ele>
   </trkpt>
   <trkpt lat="-26.2743470" lon="-51.0990800">
    <ele>806.0</ele>
   </trkpt>
   <trkpt lat="-26.2742670" lon="-51.0990810">
    <ele>805.8</ele>
   </trkpt>
   <trkpt lat="-26.2741890" lon="-51.0990790">
    <ele>805.6</ele>
   </trkpt>
   <trkpt lat="-26.2741140" lon="-51.0990780">
    <ele>805.4</ele>
   </trkpt>
   <trkpt lat="-26.2740410" lon="-51.0990840">
    <ele>805.2</ele>
   </trkpt>
   <trkpt lat="-26.2739680" lon="-51.0990940">
    <ele>805.0</ele>
   </trkpt>
   <trkpt lat="-26.2738950" lon="-51.0991080">
    <ele>804.8</ele>
   </trkpt>
   <trkpt lat="-26.2738280" lon="-51.0991300">
    <ele>804.7</ele>
   </trkpt>
  </trkseg>
 </trk>
</gpx>
